PROBE,symbol=1,argument_limit=1,no_wine=1,no_guest_execution=1
MODE,control,call=0,arg=0,rc=-1
ROW,control,32,ADDS,0,0000000000000000,000000000000000f,000000000000000f,0000000000000000,1,0
ROW,control,32,SUBS,0,0000000000000000,000000000000000f,00000000fffffff1,0000000080000000,0,1
ROW,control,32,CMP,0,0000000000000000,000000000000000f,00000000fffffff1,0000000080000000,0,1
ROW,control,32,CMN,0,0000000000000000,000000000000000f,000000000000000f,0000000000000000,1,0
ROW,control,32,ANDS,0,0000000000000000,000000000000000f,0000000000000000,0000000040000000,1,-1
ROW,control,32,ADDS,1,0000000000000001,0000000080000000,0000000080000001,0000000080000000,0,0
ROW,control,32,SUBS,1,0000000000000001,0000000080000000,0000000080000001,0000000090000000,0,0
ROW,control,32,CMP,1,0000000000000001,0000000080000000,0000000080000001,0000000090000000,0,0
ROW,control,32,CMN,1,0000000000000001,0000000080000000,0000000080000001,0000000080000000,0,0
ROW,control,32,ANDS,1,0000000000000001,0000000080000000,0000000000000000,0000000040000000,1,-1
ROW,control,32,ADDS,2,0000000000000002,0000000000000007,0000000000000009,0000000000000000,1,0
ROW,control,32,SUBS,2,0000000000000002,0000000000000007,00000000fffffffb,0000000080000000,0,1
ROW,control,32,CMP,2,0000000000000002,0000000000000007,00000000fffffffb,0000000080000000,0,1
ROW,control,32,CMN,2,0000000000000002,0000000000000007,0000000000000009,0000000000000000,1,0
ROW,control,32,ANDS,2,0000000000000002,0000000000000007,0000000000000002,0000000000000000,0,-1
ROW,control,32,ADDS,3,0000000000000003,00000000000000ff,0000000000000102,0000000000000000,0,1
ROW,control,32,SUBS,3,0000000000000003,00000000000000ff,00000000ffffff04,0000000080000000,0,1
ROW,control,32,CMP,3,0000000000000003,00000000000000ff,00000000ffffff04,0000000080000000,0,1
ROW,control,32,CMN,3,0000000000000003,00000000000000ff,0000000000000102,0000000000000000,0,1
ROW,control,32,ANDS,3,0000000000000003,00000000000000ff,0000000000000003,0000000000000000,1,-1
ROW,control,32,ADDS,4,0000000000000007,0000000000000002,0000000000000009,0000000000000000,1,0
ROW,control,32,SUBS,4,0000000000000007,0000000000000002,0000000000000005,0000000020000000,1,0
ROW,control,32,CMP,4,0000000000000007,0000000000000002,0000000000000005,0000000020000000,1,0
ROW,control,32,CMN,4,0000000000000007,0000000000000002,0000000000000009,0000000000000000,1,0
ROW,control,32,ANDS,4,0000000000000007,0000000000000002,0000000000000002,0000000000000000,0,-1
ROW,control,32,ADDS,5,0000000000000008,000000000000007f,0000000000000087,0000000000000000,1,1
ROW,control,32,SUBS,5,0000000000000008,000000000000007f,00000000ffffff89,0000000080000000,0,1
ROW,control,32,CMP,5,0000000000000008,000000000000007f,00000000ffffff89,0000000080000000,0,1
ROW,control,32,CMN,5,0000000000000008,000000000000007f,0000000000000087,0000000000000000,1,1
ROW,control,32,ANDS,5,0000000000000008,000000000000007f,0000000000000008,0000000000000000,0,-1
ROW,control,32,ADDS,6,000000000000000f,0000000000000000,000000000000000f,0000000000000000,1,0
ROW,control,32,SUBS,6,000000000000000f,0000000000000000,000000000000000f,0000000020000000,1,0
ROW,control,32,CMP,6,000000000000000f,0000000000000000,000000000000000f,0000000020000000,1,0
ROW,control,32,CMN,6,000000000000000f,0000000000000000,000000000000000f,0000000000000000,1,0
ROW,control,32,ANDS,6,000000000000000f,0000000000000000,0000000000000000,0000000040000000,1,-1
ROW,control,32,ADDS,7,0000000000000010,0000000000000010,0000000000000020,0000000000000000,0,0
ROW,control,32,SUBS,7,0000000000000010,0000000000000010,0000000000000000,0000000060000000,1,0
ROW,control,32,CMP,7,0000000000000010,0000000000000010,0000000000000000,0000000060000000,1,0
ROW,control,32,CMN,7,0000000000000010,0000000000000010,0000000000000020,0000000000000000,0,0
ROW,control,32,ANDS,7,0000000000000010,0000000000000010,0000000000000010,0000000000000000,0,-1
ROW,control,32,ADDS,8,000000000000001f,00000000ffffffff,000000000000001e,0000000020000000,1,1
ROW,control,32,SUBS,8,000000000000001f,00000000ffffffff,0000000000000020,0000000000000000,0,0
ROW,control,32,CMP,8,000000000000001f,00000000ffffffff,0000000000000020,0000000000000000,0,0
ROW,control,32,CMN,8,000000000000001f,00000000ffffffff,000000000000001e,0000000020000000,1,1
ROW,control,32,ANDS,8,000000000000001f,00000000ffffffff,000000000000001f,0000000000000000,0,-1
ROW,control,32,ADDS,9,000000000000007f,0000000000000008,0000000000000087,0000000000000000,1,1
ROW,control,32,SUBS,9,000000000000007f,0000000000000008,0000000000000077,0000000020000000,1,0
ROW,control,32,CMP,9,000000000000007f,0000000000000008,0000000000000077,0000000020000000,1,0
ROW,control,32,CMN,9,000000000000007f,0000000000000008,0000000000000087,0000000000000000,1,1
ROW,control,32,ANDS,9,000000000000007f,0000000000000008,0000000000000008,0000000000000000,0,-1
ROW,control,32,ADDS,10,0000000000000080,000000007fffffff,000000008000007f,0000000090000000,0,0
ROW,control,32,SUBS,10,0000000000000080,000000007fffffff,0000000080000081,0000000080000000,1,1
ROW,control,32,CMP,10,0000000000000080,000000007fffffff,0000000080000081,0000000080000000,1,1
ROW,control,32,CMN,10,0000000000000080,000000007fffffff,000000008000007f,0000000090000000,0,0
ROW,control,32,ANDS,10,0000000000000080,000000007fffffff,0000000000000080,0000000000000000,0,-1
ROW,control,32,ADDS,11,00000000000000ff,0000000000000003,0000000000000102,0000000000000000,0,1
ROW,control,32,SUBS,11,00000000000000ff,0000000000000003,00000000000000fc,0000000020000000,1,0
ROW,control,32,CMP,11,00000000000000ff,0000000000000003,00000000000000fc,0000000020000000,1,0
ROW,control,32,CMN,11,00000000000000ff,0000000000000003,0000000000000102,0000000000000000,0,1
ROW,control,32,ANDS,11,00000000000000ff,0000000000000003,0000000000000003,0000000000000000,1,-1
ROW,control,32,ADDS,12,000000007fffffff,0000000000000080,000000008000007f,0000000090000000,0,0
ROW,control,32,SUBS,12,000000007fffffff,0000000000000080,000000007fffff7f,0000000020000000,0,0
ROW,control,32,CMP,12,000000007fffffff,0000000000000080,000000007fffff7f,0000000020000000,0,0
ROW,control,32,CMN,12,000000007fffffff,0000000000000080,000000008000007f,0000000090000000,0,0
ROW,control,32,ANDS,12,000000007fffffff,0000000000000080,0000000000000080,0000000000000000,0,-1
ROW,control,32,ADDS,13,0000000080000000,0000000000000001,0000000080000001,0000000080000000,0,0
ROW,control,32,SUBS,13,0000000080000000,0000000000000001,000000007fffffff,0000000030000000,1,1
ROW,control,32,CMP,13,0000000080000000,0000000000000001,000000007fffffff,0000000030000000,1,1
ROW,control,32,CMN,13,0000000080000000,0000000000000001,0000000080000001,0000000080000000,0,0
ROW,control,32,ANDS,13,0000000080000000,0000000000000001,0000000000000000,0000000040000000,1,-1
ROW,control,32,ADDS,14,00000000ffffffff,000000000000001f,000000000000001e,0000000020000000,1,1
ROW,control,32,SUBS,14,00000000ffffffff,000000000000001f,00000000ffffffe0,00000000a0000000,0,0
ROW,control,32,CMP,14,00000000ffffffff,000000000000001f,00000000ffffffe0,00000000a0000000,0,0
ROW,control,32,CMN,14,00000000ffffffff,000000000000001f,000000000000001e,0000000020000000,1,1
ROW,control,32,ANDS,14,00000000ffffffff,000000000000001f,000000000000001f,0000000000000000,0,-1
ROW,control,32,ADDS,15,00000000ffffffff,00000000ffffffff,00000000fffffffe,00000000a0000000,0,1
ROW,control,32,SUBS,15,00000000ffffffff,00000000ffffffff,0000000000000000,0000000060000000,1,0
ROW,control,32,CMP,15,00000000ffffffff,00000000ffffffff,0000000000000000,0000000060000000,1,0
ROW,control,32,CMN,15,00000000ffffffff,00000000ffffffff,00000000fffffffe,00000000a0000000,0,1
ROW,control,32,ANDS,15,00000000ffffffff,00000000ffffffff,00000000ffffffff,0000000080000000,1,-1
ROW,control,32,ADDS,16,00000000ba779207,0000000015e97b6c,00000000d0610d73,0000000080000000,0,1
ROW,control,32,SUBS,16,00000000ba779207,0000000015e97b6c,00000000a48e169b,00000000a0000000,0,1
ROW,control,32,CMP,16,00000000ba779207,0000000015e97b6c,00000000a48e169b,00000000a0000000,0,1
ROW,control,32,CMN,16,00000000ba779207,0000000015e97b6c,00000000d0610d73,0000000080000000,0,1
ROW,control,32,ANDS,16,00000000ba779207,0000000015e97b6c,0000000010611204,0000000000000000,0,-1
ROW,control,32,ADDS,17,000000002ee37363,0000000001e83091,0000000030cba3f4,0000000000000000,0,0
ROW,control,32,SUBS,17,000000002ee37363,0000000001e83091,000000002cfb42d2,0000000020000000,1,0
ROW,control,32,CMP,17,000000002ee37363,0000000001e83091,000000002cfb42d2,0000000020000000,1,0
ROW,control,32,CMN,17,000000002ee37363,0000000001e83091,0000000030cba3f4,0000000000000000,0,0
ROW,control,32,ANDS,17,000000002ee37363,0000000001e83091,0000000000e03001,0000000000000000,0,-1
ROW,control,32,ADDS,18,000000000955f032,00000000f92f0f6c,000000000284ff9e,0000000020000000,0,0
ROW,control,32,SUBS,18,000000000955f032,00000000f92f0f6c,000000001026e0c6,0000000000000000,1,1
ROW,control,32,CMP,18,000000000955f032,00000000f92f0f6c,000000001026e0c6,0000000000000000,1,1
ROW,control,32,CMN,18,000000000955f032,00000000f92f0f6c,000000000284ff9e,0000000020000000,0,0
ROW,control,32,ANDS,18,000000000955f032,00000000f92f0f6c,0000000009050020,0000000000000000,0,-1
ROW,control,32,ADDS,19,00000000ef431a44,00000000457bff71,0000000034bf19b5,0000000020000000,0,0
ROW,control,32,SUBS,19,00000000ef431a44,00000000457bff71,00000000a9c71ad3,00000000a0000000,0,0
ROW,control,32,CMP,19,00000000ef431a44,00000000457bff71,00000000a9c71ad3,00000000a0000000,0,0
ROW,control,32,CMN,19,00000000ef431a44,00000000457bff71,0000000034bf19b5,0000000020000000,0,0
ROW,control,32,ANDS,19,00000000ef431a44,00000000457bff71,0000000045431a40,0000000000000000,0,-1
ROW,control,32,ADDS,20,000000004816818c,00000000f7f4f4be,00000000400b764a,0000000020000000,0,1
ROW,control,32,SUBS,20,000000004816818c,00000000f7f4f4be,0000000050218cce,0000000000000000,0,1
ROW,control,32,CMP,20,000000004816818c,00000000f7f4f4be,0000000050218cce,0000000000000000,0,1
ROW,control,32,CMN,20,000000004816818c,00000000f7f4f4be,00000000400b764a,0000000020000000,0,1
ROW,control,32,ANDS,20,000000004816818c,00000000f7f4f4be,000000004014808c,0000000000000000,0,-1
ROW,control,32,ADDS,21,00000000b7e825c7,00000000c9f46231,0000000081dc87f8,00000000a0000000,0,0
ROW,control,32,SUBS,21,00000000b7e825c7,00000000c9f46231,00000000edf3c396,0000000080000000,1,0
ROW,control,32,CMP,21,00000000b7e825c7,00000000c9f46231,00000000edf3c396,0000000080000000,1,0
ROW,control,32,CMN,21,00000000b7e825c7,00000000c9f46231,0000000081dc87f8,00000000a0000000,0,0
ROW,control,32,ANDS,21,00000000b7e825c7,00000000c9f46231,0000000081e02001,0000000080000000,0,-1
ROW,control,32,ADDS,22,00000000d4d60e0a,00000000bea7e5b7,00000000937df3c1,00000000a0000000,0,1
ROW,control,32,SUBS,22,00000000d4d60e0a,00000000bea7e5b7,00000000162e2853,0000000020000000,1,0
ROW,control,32,CMP,22,00000000d4d60e0a,00000000bea7e5b7,00000000162e2853,0000000020000000,1,0
ROW,control,32,CMN,22,00000000d4d60e0a,00000000bea7e5b7,00000000937df3c1,00000000a0000000,0,1
ROW,control,32,ANDS,22,00000000d4d60e0a,00000000bea7e5b7,0000000094860402,0000000080000000,0,-1
ROW,control,32,ADDS,23,000000001b0181d6,000000008a6d2936,00000000a56eab0c,0000000080000000,1,0
ROW,control,32,SUBS,23,000000001b0181d6,000000008a6d2936,00000000909458a0,0000000090000000,1,0
ROW,control,32,CMP,23,000000001b0181d6,000000008a6d2936,00000000909458a0,0000000090000000,1,0
ROW,control,32,CMN,23,000000001b0181d6,000000008a6d2936,00000000a56eab0c,0000000080000000,1,0
ROW,control,32,ANDS,23,000000001b0181d6,000000008a6d2936,000000000a010116,0000000000000000,0,-1
ROW,control,32,ADDS,24,0000000000a81e44,00000000bc3eab52,00000000bce6c996,0000000080000000,1,0
ROW,control,32,SUBS,24,0000000000a81e44,00000000bc3eab52,00000000446972f2,0000000000000000,0,0
ROW,control,32,CMP,24,0000000000a81e44,00000000bc3eab52,00000000446972f2,0000000000000000,0,0
ROW,control,32,CMN,24,0000000000a81e44,00000000bc3eab52,00000000bce6c996,0000000080000000,1,0
ROW,control,32,ANDS,24,0000000000a81e44,00000000bc3eab52,0000000000280a40,0000000000000000,0,-1
ROW,control,32,ADDS,25,00000000f0c7b709,00000000e4347c74,00000000d4fc337d,00000000a0000000,1,0
ROW,control,32,SUBS,25,00000000f0c7b709,00000000e4347c74,000000000c933a95,0000000020000000,1,0
ROW,control,32,CMP,25,00000000f0c7b709,00000000e4347c74,000000000c933a95,0000000020000000,1,0
ROW,control,32,CMN,25,00000000f0c7b709,00000000e4347c74,00000000d4fc337d,00000000a0000000,1,0
ROW,control,32,ANDS,25,00000000f0c7b709,00000000e4347c74,00000000e0043400,0000000080000000,1,-1
ROW,control,32,ADDS,26,000000000f554dda,0000000062de412b,0000000072338f05,0000000000000000,1,1
ROW,control,32,SUBS,26,000000000f554dda,0000000062de412b,00000000ac770caf,0000000080000000,1,1
ROW,control,32,CMP,26,000000000f554dda,0000000062de412b,00000000ac770caf,0000000080000000,1,1
ROW,control,32,CMN,26,000000000f554dda,0000000062de412b,0000000072338f05,0000000000000000,1,1
ROW,control,32,ANDS,26,000000000f554dda,0000000062de412b,000000000254410a,0000000000000000,1,-1
ROW,control,32,ADDS,27,000000005981068a,00000000e5b467f9,000000003f356e83,0000000020000000,0,1
ROW,control,32,SUBS,27,000000005981068a,00000000e5b467f9,0000000073cc9e91,0000000000000000,0,0
ROW,control,32,CMP,27,000000005981068a,00000000e5b467f9,0000000073cc9e91,0000000000000000,0,0
ROW,control,32,CMN,27,000000005981068a,00000000e5b467f9,000000003f356e83,0000000020000000,0,1
ROW,control,32,ANDS,27,000000005981068a,00000000e5b467f9,0000000041800688,0000000000000000,1,-1
ROW,control,32,ADDS,28,00000000d49f146c,000000008bbed782,00000000605debee,0000000030000000,1,0
ROW,control,32,SUBS,28,00000000d49f146c,000000008bbed782,0000000048e03cea,0000000020000000,0,0
ROW,control,32,CMP,28,00000000d49f146c,000000008bbed782,0000000048e03cea,0000000020000000,0,0
ROW,control,32,CMN,28,00000000d49f146c,000000008bbed782,00000000605debee,0000000030000000,1,0
ROW,control,32,ANDS,28,00000000d49f146c,000000008bbed782,00000000809e1400,0000000080000000,1,-1
ROW,control,32,ADDS,29,000000008801cf70,00000000f0fa7f73,0000000078fc4ee3,0000000030000000,0,0
ROW,control,32,SUBS,29,000000008801cf70,00000000f0fa7f73,0000000097074ffd,0000000080000000,0,1
ROW,control,32,CMP,29,000000008801cf70,00000000f0fa7f73,0000000097074ffd,0000000080000000,0,1
ROW,control,32,CMN,29,000000008801cf70,00000000f0fa7f73,0000000078fc4ee3,0000000030000000,0,0
ROW,control,32,ANDS,29,000000008801cf70,00000000f0fa7f73,0000000080004f70,0000000080000000,0,-1
ROW,control,32,ADDS,30,00000000f2720dce,00000000e9285e98,00000000db9a6c66,00000000a0000000,1,1
ROW,control,32,SUBS,30,00000000f2720dce,00000000e9285e98,000000000949af36,0000000020000000,1,0
ROW,control,32,CMP,30,00000000f2720dce,00000000e9285e98,000000000949af36,0000000020000000,1,0
ROW,control,32,CMN,30,00000000f2720dce,00000000e9285e98,00000000db9a6c66,00000000a0000000,1,1
ROW,control,32,ANDS,30,00000000f2720dce,00000000e9285e98,00000000e0200c88,0000000080000000,1,-1
ROW,control,32,ADDS,31,00000000879feaea,00000000138fedbe,000000009b2fd8a8,0000000080000000,0,1
ROW,control,32,SUBS,31,00000000879feaea,00000000138fedbe,00000000740ffd2c,0000000030000000,0,1
ROW,control,32,CMP,31,00000000879feaea,00000000138fedbe,00000000740ffd2c,0000000030000000,0,1
ROW,control,32,CMN,31,00000000879feaea,00000000138fedbe,000000009b2fd8a8,0000000080000000,0,1
ROW,control,32,ANDS,31,00000000879feaea,00000000138fedbe,00000000038fe8aa,0000000000000000,1,-1
ROW,control,32,ADDS,32,00000000b54e2401,000000008bdbd015,000000004129f416,0000000030000000,0,0
ROW,control,32,SUBS,32,00000000b54e2401,000000008bdbd015,00000000297253ec,0000000020000000,0,1
ROW,control,32,CMP,32,00000000b54e2401,000000008bdbd015,00000000297253ec,0000000020000000,0,1
ROW,control,32,CMN,32,00000000b54e2401,000000008bdbd015,000000004129f416,0000000030000000,0,0
ROW,control,32,ANDS,32,00000000b54e2401,000000008bdbd015,00000000814a0001,0000000080000000,0,-1
ROW,control,32,ADDS,33,00000000be2218a8,0000000093c72543,0000000051e93deb,0000000030000000,1,0
ROW,control,32,SUBS,33,00000000be2218a8,0000000093c72543,000000002a5af365,0000000020000000,1,0
ROW,control,32,CMP,33,00000000be2218a8,0000000093c72543,000000002a5af365,0000000020000000,1,0
ROW,control,32,CMN,33,00000000be2218a8,0000000093c72543,0000000051e93deb,0000000030000000,1,0
ROW,control,32,ANDS,33,00000000be2218a8,0000000093c72543,0000000092020000,0000000080000000,1,-1
ROW,control,32,ADDS,34,00000000d9d4a40d,000000003260d9d0,000000000c357ddd,0000000020000000,1,0
ROW,control,32,SUBS,34,00000000d9d4a40d,000000003260d9d0,00000000a773ca3d,00000000a0000000,0,0
ROW,control,32,CMP,34,00000000d9d4a40d,000000003260d9d0,00000000a773ca3d,00000000a0000000,0,0
ROW,control,32,CMN,34,00000000d9d4a40d,000000003260d9d0,000000000c357ddd,0000000020000000,1,0
ROW,control,32,ANDS,34,00000000d9d4a40d,000000003260d9d0,0000000010408000,0000000000000000,1,-1
ROW,control,32,ADDS,35,00000000dfaab05b,00000000a345fe83,0000000082f0aede,00000000a0000000,1,0
ROW,control,32,SUBS,35,00000000dfaab05b,00000000a345fe83,000000003c64b1d8,0000000020000000,1,0
ROW,control,32,CMP,35,00000000dfaab05b,00000000a345fe83,000000003c64b1d8,0000000020000000,1,0
ROW,control,32,CMN,35,00000000dfaab05b,00000000a345fe83,0000000082f0aede,00000000a0000000,1,0
ROW,control,32,ANDS,35,00000000dfaab05b,00000000a345fe83,000000008300b003,0000000080000000,1,-1
ROW,control,32,ADDS,36,000000000724ba1b,00000000efea98e8,00000000f70f5303,0000000080000000,1,1
ROW,control,32,SUBS,36,000000000724ba1b,00000000efea98e8,00000000173a2133,0000000000000000,1,0
ROW,control,32,CMP,36,000000000724ba1b,00000000efea98e8,00000000173a2133,0000000000000000,1,0
ROW,control,32,CMN,36,000000000724ba1b,00000000efea98e8,00000000f70f5303,0000000080000000,1,1
ROW,control,32,ANDS,36,000000000724ba1b,00000000efea98e8,0000000007209808,0000000000000000,0,-1
ROW,control,32,ADDS,37,000000007c8da907,00000000627bf59e,00000000df099ea5,0000000090000000,1,1
ROW,control,32,SUBS,37,000000007c8da907,00000000627bf59e,000000001a11b369,0000000020000000,1,1
ROW,control,32,CMP,37,000000007c8da907,00000000627bf59e,000000001a11b369,0000000020000000,1,1
ROW,control,32,CMN,37,000000007c8da907,00000000627bf59e,00000000df099ea5,0000000090000000,1,1
ROW,control,32,ANDS,37,000000007c8da907,00000000627bf59e,000000006009a106,0000000000000000,1,-1
ROW,control,32,ADDS,38,0000000016b47eb0,0000000069c6b7f2,00000000807b36a2,0000000090000000,0,0
ROW,control,32,SUBS,38,0000000016b47eb0,0000000069c6b7f2,00000000acedc6be,0000000080000000,1,1
ROW,control,32,CMP,38,0000000016b47eb0,0000000069c6b7f2,00000000acedc6be,0000000080000000,1,1
ROW,control,32,CMN,38,0000000016b47eb0,0000000069c6b7f2,00000000807b36a2,0000000090000000,0,0
ROW,control,32,ANDS,38,0000000016b47eb0,0000000069c6b7f2,00000000008436b0,0000000000000000,0,-1
ROW,control,32,ADDS,39,00000000e3ccdeec,0000000024164931,0000000007e3281d,0000000020000000,1,0
ROW,control,32,SUBS,39,00000000e3ccdeec,0000000024164931,00000000bfb695bb,00000000a0000000,1,0
ROW,control,32,CMP,39,00000000e3ccdeec,0000000024164931,00000000bfb695bb,00000000a0000000,1,0
ROW,control,32,CMN,39,00000000e3ccdeec,0000000024164931,0000000007e3281d,0000000020000000,1,0
ROW,control,32,ANDS,39,00000000e3ccdeec,0000000024164931,0000000020044820,0000000000000000,0,-1
ROW,control,32,ADDS,40,000000000ca19112,000000009152575b,000000009df3e86d,0000000080000000,0,0
ROW,control,32,SUBS,40,000000000ca19112,000000009152575b,000000007b4f39b7,0000000000000000,1,1
ROW,control,32,CMP,40,000000000ca19112,000000009152575b,000000007b4f39b7,0000000000000000,1,1
ROW,control,32,CMN,40,000000000ca19112,000000009152575b,000000009df3e86d,0000000080000000,0,0
ROW,control,32,ANDS,40,000000000ca19112,000000009152575b,0000000000001112,0000000000000000,1,-1
ROW,control,32,ADDS,41,00000000a93bc949,0000000045b4c6be,00000000eef09007,0000000080000000,0,1
ROW,control,32,SUBS,41,00000000a93bc949,0000000045b4c6be,000000006387028b,0000000030000000,1,1
ROW,control,32,CMP,41,00000000a93bc949,0000000045b4c6be,000000006387028b,0000000030000000,1,1
ROW,control,32,CMN,41,00000000a93bc949,0000000045b4c6be,00000000eef09007,0000000080000000,0,1
ROW,control,32,ANDS,41,00000000a93bc949,0000000045b4c6be,000000000130c008,0000000000000000,0,-1
ROW,control,32,ADDS,42,000000002feb6e95,00000000dc5bbde3,000000000c472c78,0000000020000000,1,0
ROW,control,32,SUBS,42,000000002feb6e95,00000000dc5bbde3,00000000538fb0b2,0000000000000000,1,0
ROW,control,32,CMP,42,000000002feb6e95,00000000dc5bbde3,00000000538fb0b2,0000000000000000,1,0
ROW,control,32,CMN,42,000000002feb6e95,00000000dc5bbde3,000000000c472c78,0000000020000000,1,0
ROW,control,32,ANDS,42,000000002feb6e95,00000000dc5bbde3,000000000c4b2c81,0000000000000000,1,-1
ROW,control,32,ADDS,43,00000000eb4fef88,00000000a812dea1,000000009362ce29,00000000a0000000,0,0
ROW,control,32,SUBS,43,00000000eb4fef88,00000000a812dea1,00000000433d10e7,0000000020000000,1,0
ROW,control,32,CMP,43,00000000eb4fef88,00000000a812dea1,00000000433d10e7,0000000020000000,1,0
ROW,control,32,CMN,43,00000000eb4fef88,00000000a812dea1,000000009362ce29,00000000a0000000,0,0
ROW,control,32,ANDS,43,00000000eb4fef88,00000000a812dea1,00000000a802ce80,0000000080000000,0,-1
ROW,control,32,ADDS,44,00000000299a5453,00000000ef37d1dc,0000000018d2262f,0000000020000000,0,0
ROW,control,32,SUBS,44,00000000299a5453,00000000ef37d1dc,000000003a628277,0000000000000000,1,1
ROW,control,32,CMP,44,00000000299a5453,00000000ef37d1dc,000000003a628277,0000000000000000,1,1
ROW,control,32,CMN,44,00000000299a5453,00000000ef37d1dc,0000000018d2262f,0000000020000000,0,0
ROW,control,32,ANDS,44,00000000299a5453,00000000ef37d1dc,0000000029125050,0000000000000000,1,-1
ROW,control,32,ADDS,45,000000008cc04ad6,00000000996df051,00000000262e3b27,0000000030000000,1,0
ROW,control,32,SUBS,45,000000008cc04ad6,00000000996df051,00000000f3525a85,0000000080000000,0,0
ROW,control,32,CMP,45,000000008cc04ad6,00000000996df051,00000000f3525a85,0000000080000000,0,0
ROW,control,32,CMN,45,000000008cc04ad6,00000000996df051,00000000262e3b27,0000000030000000,1,0
ROW,control,32,ANDS,45,000000008cc04ad6,00000000996df051,0000000088404050,0000000080000000,1,-1
ROW,control,32,ADDS,46,000000002e223007,00000000556a6437,00000000838c943e,0000000090000000,0,0
ROW,control,32,SUBS,46,000000002e223007,00000000556a6437,00000000d8b7cbd0,0000000080000000,0,0
ROW,control,32,CMP,46,000000002e223007,00000000556a6437,00000000d8b7cbd0,0000000080000000,0,0
ROW,control,32,CMN,46,000000002e223007,00000000556a6437,00000000838c943e,0000000090000000,0,0
ROW,control,32,ANDS,46,000000002e223007,00000000556a6437,0000000004222007,0000000000000000,0,-1
ROW,control,32,ADDS,47,00000000597cdb85,0000000043eec108,000000009d6b9c8d,0000000090000000,1,0
ROW,control,32,SUBS,47,00000000597cdb85,0000000043eec108,00000000158e1a7d,0000000020000000,1,1
ROW,control,32,CMP,47,00000000597cdb85,0000000043eec108,00000000158e1a7d,0000000020000000,1,1
ROW,control,32,CMN,47,00000000597cdb85,0000000043eec108,000000009d6b9c8d,0000000090000000,1,0
ROW,control,32,ANDS,47,00000000597cdb85,0000000043eec108,00000000416cc100,0000000000000000,1,-1
ROW,control,32,ADDS,48,00000000f607ff23,00000000d7ae9dd7,00000000cdb69cfa,00000000a0000000,1,0
ROW,control,32,SUBS,48,00000000f607ff23,00000000d7ae9dd7,000000001e59614c,0000000020000000,0,1
ROW,control,32,CMP,48,00000000f607ff23,00000000d7ae9dd7,000000001e59614c,0000000020000000,0,1
ROW,control,32,CMN,48,00000000f607ff23,00000000d7ae9dd7,00000000cdb69cfa,00000000a0000000,1,0
ROW,control,32,ANDS,48,00000000f607ff23,00000000d7ae9dd7,00000000d6069d03,0000000080000000,1,-1
ROW,control,32,ADDS,49,00000000edc2a958,00000000b1a96a71,000000009f6c13c9,00000000a0000000,1,0
ROW,control,32,SUBS,49,00000000edc2a958,00000000b1a96a71,000000003c193ee7,0000000020000000,1,0
ROW,control,32,CMP,49,00000000edc2a958,00000000b1a96a71,000000003c193ee7,0000000020000000,1,0
ROW,control,32,CMN,49,00000000edc2a958,00000000b1a96a71,000000009f6c13c9,00000000a0000000,1,0
ROW,control,32,ANDS,49,00000000edc2a958,00000000b1a96a71,00000000a1802850,0000000080000000,1,-1
ROW,control,32,ADDS,50,0000000012d354cb,00000000bb01ee14,00000000cdd542df,0000000080000000,0,0
ROW,control,32,SUBS,50,0000000012d354cb,00000000bb01ee14,0000000057d166b7,0000000000000000,1,0
ROW,control,32,CMP,50,0000000012d354cb,00000000bb01ee14,0000000057d166b7,0000000000000000,1,0
ROW,control,32,CMN,50,0000000012d354cb,00000000bb01ee14,00000000cdd542df,0000000080000000,0,0
ROW,control,32,ANDS,50,0000000012d354cb,00000000bb01ee14,0000000012014400,0000000000000000,1,-1
ROW,control,32,ADDS,51,000000004e874068,00000000ea34e97f,0000000038bc29e7,0000000020000000,1,1
ROW,control,32,SUBS,51,000000004e874068,00000000ea34e97f,00000000645256e9,0000000000000000,0,1
ROW,control,32,CMP,51,000000004e874068,00000000ea34e97f,00000000645256e9,0000000000000000,0,1
ROW,control,32,CMN,51,000000004e874068,00000000ea34e97f,0000000038bc29e7,0000000020000000,1,1
ROW,control,32,ANDS,51,000000004e874068,00000000ea34e97f,000000004a044068,0000000000000000,0,-1
ROW,control,32,ADDS,52,0000000007b4404a,0000000037332480,000000003ee764ca,0000000000000000,1,0
ROW,control,32,SUBS,52,0000000007b4404a,0000000037332480,00000000d0811bca,0000000080000000,1,0
ROW,control,32,CMP,52,0000000007b4404a,0000000037332480,00000000d0811bca,0000000080000000,1,0
ROW,control,32,CMN,52,0000000007b4404a,0000000037332480,000000003ee764ca,0000000000000000,1,0
ROW,control,32,ANDS,52,0000000007b4404a,0000000037332480,0000000007300000,0000000000000000,1,-1
ROW,control,32,ADDS,53,0000000060206f76,00000000416764a8,00000000a187d41e,0000000090000000,1,0
ROW,control,32,SUBS,53,0000000060206f76,00000000416764a8,000000001eb90ace,0000000020000000,0,1
ROW,control,32,CMP,53,0000000060206f76,00000000416764a8,000000001eb90ace,0000000020000000,0,1
ROW,control,32,CMN,53,0000000060206f76,00000000416764a8,00000000a187d41e,0000000090000000,1,0
ROW,control,32,ANDS,53,0000000060206f76,00000000416764a8,0000000040206420,0000000000000000,0,-1
ROW,control,32,ADDS,54,00000000e9d3f375,00000000c64e3969,00000000b0222cde,00000000a0000000,1,0
ROW,control,32,SUBS,54,00000000e9d3f375,00000000c64e3969,000000002385ba0c,0000000020000000,1,1
ROW,control,32,CMP,54,00000000e9d3f375,00000000c64e3969,000000002385ba0c,0000000020000000,1,1
ROW,control,32,CMN,54,00000000e9d3f375,00000000c64e3969,00000000b0222cde,00000000a0000000,1,0
ROW,control,32,ANDS,54,00000000e9d3f375,00000000c64e3969,00000000c0423161,0000000080000000,0,-1
ROW,control,32,ADDS,55,00000000349f331c,000000008c16ea32,00000000c0b61d4e,0000000080000000,1,0
ROW,control,32,SUBS,55,00000000349f331c,000000008c16ea32,00000000a88848ea,0000000090000000,0,0
ROW,control,32,CMP,55,00000000349f331c,000000008c16ea32,00000000a88848ea,0000000090000000,0,0
ROW,control,32,CMN,55,00000000349f331c,000000008c16ea32,00000000c0b61d4e,0000000080000000,1,0
ROW,control,32,ANDS,55,00000000349f331c,000000008c16ea32,0000000004162210,0000000000000000,0,-1
ROW,control,32,ADDS,56,00000000ff7b2147,00000000856af5a4,0000000084e616eb,00000000a0000000,1,0
ROW,control,32,SUBS,56,00000000ff7b2147,00000000856af5a4,000000007a102ba3,0000000020000000,1,0
ROW,control,32,CMP,56,00000000ff7b2147,00000000856af5a4,000000007a102ba3,0000000020000000,1,0
ROW,control,32,CMN,56,00000000ff7b2147,00000000856af5a4,0000000084e616eb,00000000a0000000,1,0
ROW,control,32,ANDS,56,00000000ff7b2147,00000000856af5a4,00000000856a2104,0000000080000000,0,-1
ROW,control,32,ADDS,57,00000000850f2a31,0000000032b2a7e7,00000000b7c1d218,0000000080000000,1,0
ROW,control,32,SUBS,57,00000000850f2a31,0000000032b2a7e7,00000000525c824a,0000000030000000,0,1
ROW,control,32,CMP,57,00000000850f2a31,0000000032b2a7e7,00000000525c824a,0000000030000000,0,1
ROW,control,32,CMN,57,00000000850f2a31,0000000032b2a7e7,00000000b7c1d218,0000000080000000,1,0
ROW,control,32,ANDS,57,00000000850f2a31,0000000032b2a7e7,0000000000022221,0000000000000000,1,-1
ROW,control,32,ADDS,58,00000000b0085fd2,00000000dec50480,000000008ecd6452,00000000a0000000,0,0
ROW,control,32,SUBS,58,00000000b0085fd2,00000000dec50480,00000000d1435b52,0000000080000000,0,0
ROW,control,32,CMP,58,00000000b0085fd2,00000000dec50480,00000000d1435b52,0000000080000000,0,0
ROW,control,32,CMN,58,00000000b0085fd2,00000000dec50480,000000008ecd6452,00000000a0000000,0,0
ROW,control,32,ANDS,58,00000000b0085fd2,00000000dec50480,0000000090000480,0000000080000000,0,-1
ROW,control,32,ADDS,59,0000000030d2b83c,0000000044306401,0000000075031c3d,0000000000000000,0,0
ROW,control,32,SUBS,59,0000000030d2b83c,0000000044306401,00000000eca2543b,0000000080000000,0,0
ROW,control,32,CMP,59,0000000030d2b83c,0000000044306401,00000000eca2543b,0000000080000000,0,0
ROW,control,32,CMN,59,0000000030d2b83c,0000000044306401,0000000075031c3d,0000000000000000,0,0
ROW,control,32,ANDS,59,0000000030d2b83c,0000000044306401,0000000000102000,0000000000000000,1,-1
ROW,control,32,ADDS,60,0000000091997767,000000002485f666,00000000b61f6dcd,0000000080000000,0,0
ROW,control,32,SUBS,60,0000000091997767,000000002485f666,000000006d138101,0000000030000000,0,0
ROW,control,32,CMP,60,0000000091997767,000000002485f666,000000006d138101,0000000030000000,0,0
ROW,control,32,CMN,60,0000000091997767,000000002485f666,00000000b61f6dcd,0000000080000000,0,0
ROW,control,32,ANDS,60,0000000091997767,000000002485f666,0000000000817666,0000000000000000,1,-1
ROW,control,32,ADDS,61,0000000001eaa631,0000000067cb9788,0000000069b63db9,0000000000000000,0,0
ROW,control,32,SUBS,61,0000000001eaa631,0000000067cb9788,000000009a1f0ea9,0000000080000000,1,1
ROW,control,32,CMP,61,0000000001eaa631,0000000067cb9788,000000009a1f0ea9,0000000080000000,1,1
ROW,control,32,CMN,61,0000000001eaa631,0000000067cb9788,0000000069b63db9,0000000000000000,0,0
ROW,control,32,ANDS,61,0000000001eaa631,0000000067cb9788,0000000001ca8600,0000000000000000,1,-1
ROW,control,32,ADDS,62,00000000a8a70bea,00000000cead92ab,0000000077549e95,0000000030000000,1,1
ROW,control,32,SUBS,62,00000000a8a70bea,00000000cead92ab,00000000d9f9793f,0000000080000000,1,1
ROW,control,32,CMP,62,00000000a8a70bea,00000000cead92ab,00000000d9f9793f,0000000080000000,1,1
ROW,control,32,CMN,62,00000000a8a70bea,00000000cead92ab,0000000077549e95,0000000030000000,1,1
ROW,control,32,ANDS,62,00000000a8a70bea,00000000cead92ab,0000000088a502aa,0000000080000000,1,-1
ROW,control,32,ADDS,63,00000000acc47e35,00000000e11c7f00,000000008de0fd35,00000000a0000000,1,0
ROW,control,32,SUBS,63,00000000acc47e35,00000000e11c7f00,00000000cba7ff35,0000000080000000,1,0
ROW,control,32,CMP,63,00000000acc47e35,00000000e11c7f00,00000000cba7ff35,0000000080000000,1,0
ROW,control,32,CMN,63,00000000acc47e35,00000000e11c7f00,000000008de0fd35,00000000a0000000,1,0
ROW,control,32,ANDS,63,00000000acc47e35,00000000e11c7f00,00000000a0047e00,0000000080000000,1,-1
ROW,control,64,ADDS,0,0000000000000000,000000000000000f,000000000000000f,0000000000000000,1,0
ROW,control,64,SUBS,0,0000000000000000,000000000000000f,fffffffffffffff1,0000000080000000,0,1
ROW,control,64,CMP,0,0000000000000000,000000000000000f,fffffffffffffff1,0000000080000000,0,1
ROW,control,64,CMN,0,0000000000000000,000000000000000f,000000000000000f,0000000000000000,1,0
ROW,control,64,ANDS,0,0000000000000000,000000000000000f,0000000000000000,0000000040000000,1,-1
ROW,control,64,ADDS,1,0000000000000001,0000000080000000,0000000080000001,0000000000000000,0,0
ROW,control,64,SUBS,1,0000000000000001,0000000080000000,ffffffff80000001,0000000080000000,0,0
ROW,control,64,CMP,1,0000000000000001,0000000080000000,ffffffff80000001,0000000080000000,0,0
ROW,control,64,CMN,1,0000000000000001,0000000080000000,0000000080000001,0000000000000000,0,0
ROW,control,64,ANDS,1,0000000000000001,0000000080000000,0000000000000000,0000000040000000,1,-1
ROW,control,64,ADDS,2,0000000000000002,0000000000000007,0000000000000009,0000000000000000,1,0
ROW,control,64,SUBS,2,0000000000000002,0000000000000007,fffffffffffffffb,0000000080000000,0,1
ROW,control,64,CMP,2,0000000000000002,0000000000000007,fffffffffffffffb,0000000080000000,0,1
ROW,control,64,CMN,2,0000000000000002,0000000000000007,0000000000000009,0000000000000000,1,0
ROW,control,64,ANDS,2,0000000000000002,0000000000000007,0000000000000002,0000000000000000,0,-1
ROW,control,64,ADDS,3,0000000000000003,00000000000000ff,0000000000000102,0000000000000000,0,1
ROW,control,64,SUBS,3,0000000000000003,00000000000000ff,ffffffffffffff04,0000000080000000,0,1
ROW,control,64,CMP,3,0000000000000003,00000000000000ff,ffffffffffffff04,0000000080000000,0,1
ROW,control,64,CMN,3,0000000000000003,00000000000000ff,0000000000000102,0000000000000000,0,1
ROW,control,64,ANDS,3,0000000000000003,00000000000000ff,0000000000000003,0000000000000000,1,-1
ROW,control,64,ADDS,4,0000000000000007,0000000000000002,0000000000000009,0000000000000000,1,0
ROW,control,64,SUBS,4,0000000000000007,0000000000000002,0000000000000005,0000000020000000,1,0
ROW,control,64,CMP,4,0000000000000007,0000000000000002,0000000000000005,0000000020000000,1,0
ROW,control,64,CMN,4,0000000000000007,0000000000000002,0000000000000009,0000000000000000,1,0
ROW,control,64,ANDS,4,0000000000000007,0000000000000002,0000000000000002,0000000000000000,0,-1
ROW,control,64,ADDS,5,0000000000000008,000000000000007f,0000000000000087,0000000000000000,1,1
ROW,control,64,SUBS,5,0000000000000008,000000000000007f,ffffffffffffff89,0000000080000000,0,1
ROW,control,64,CMP,5,0000000000000008,000000000000007f,ffffffffffffff89,0000000080000000,0,1
ROW,control,64,CMN,5,0000000000000008,000000000000007f,0000000000000087,0000000000000000,1,1
ROW,control,64,ANDS,5,0000000000000008,000000000000007f,0000000000000008,0000000000000000,0,-1
ROW,control,64,ADDS,6,000000000000000f,0000000000000000,000000000000000f,0000000000000000,1,0
ROW,control,64,SUBS,6,000000000000000f,0000000000000000,000000000000000f,0000000020000000,1,0
ROW,control,64,CMP,6,000000000000000f,0000000000000000,000000000000000f,0000000020000000,1,0
ROW,control,64,CMN,6,000000000000000f,0000000000000000,000000000000000f,0000000000000000,1,0
ROW,control,64,ANDS,6,000000000000000f,0000000000000000,0000000000000000,0000000040000000,1,-1
ROW,control,64,ADDS,7,0000000000000010,0000000000000010,0000000000000020,0000000000000000,0,0
ROW,control,64,SUBS,7,0000000000000010,0000000000000010,0000000000000000,0000000060000000,1,0
ROW,control,64,CMP,7,0000000000000010,0000000000000010,0000000000000000,0000000060000000,1,0
ROW,control,64,CMN,7,0000000000000010,0000000000000010,0000000000000020,0000000000000000,0,0
ROW,control,64,ANDS,7,0000000000000010,0000000000000010,0000000000000010,0000000000000000,0,-1
ROW,control,64,ADDS,8,000000000000001f,00000000ffffffff,000000010000001e,0000000000000000,1,1
ROW,control,64,SUBS,8,000000000000001f,00000000ffffffff,ffffffff00000020,0000000080000000,0,0
ROW,control,64,CMP,8,000000000000001f,00000000ffffffff,ffffffff00000020,0000000080000000,0,0
ROW,control,64,CMN,8,000000000000001f,00000000ffffffff,000000010000001e,0000000000000000,1,1
ROW,control,64,ANDS,8,000000000000001f,00000000ffffffff,000000000000001f,0000000000000000,0,-1
ROW,control,64,ADDS,9,000000000000007f,0000000000000008,0000000000000087,0000000000000000,1,1
ROW,control,64,SUBS,9,000000000000007f,0000000000000008,0000000000000077,0000000020000000,1,0
ROW,control,64,CMP,9,000000000000007f,0000000000000008,0000000000000077,0000000020000000,1,0
ROW,control,64,CMN,9,000000000000007f,0000000000000008,0000000000000087,0000000000000000,1,1
ROW,control,64,ANDS,9,000000000000007f,0000000000000008,0000000000000008,0000000000000000,0,-1
ROW,control,64,ADDS,10,0000000000000080,000000007fffffff,000000008000007f,0000000000000000,0,0
ROW,control,64,SUBS,10,0000000000000080,000000007fffffff,ffffffff80000081,0000000080000000,1,1
ROW,control,64,CMP,10,0000000000000080,000000007fffffff,ffffffff80000081,0000000080000000,1,1
ROW,control,64,CMN,10,0000000000000080,000000007fffffff,000000008000007f,0000000000000000,0,0
ROW,control,64,ANDS,10,0000000000000080,000000007fffffff,0000000000000080,0000000000000000,0,-1
ROW,control,64,ADDS,11,00000000000000ff,0000000000000003,0000000000000102,0000000000000000,0,1
ROW,control,64,SUBS,11,00000000000000ff,0000000000000003,00000000000000fc,0000000020000000,1,0
ROW,control,64,CMP,11,00000000000000ff,0000000000000003,00000000000000fc,0000000020000000,1,0
ROW,control,64,CMN,11,00000000000000ff,0000000000000003,0000000000000102,0000000000000000,0,1
ROW,control,64,ANDS,11,00000000000000ff,0000000000000003,0000000000000003,0000000000000000,1,-1
ROW,control,64,ADDS,12,000000007fffffff,0000000000000080,000000008000007f,0000000000000000,0,0
ROW,control,64,SUBS,12,000000007fffffff,0000000000000080,000000007fffff7f,0000000020000000,0,0
ROW,control,64,CMP,12,000000007fffffff,0000000000000080,000000007fffff7f,0000000020000000,0,0
ROW,control,64,CMN,12,000000007fffffff,0000000000000080,000000008000007f,0000000000000000,0,0
ROW,control,64,ANDS,12,000000007fffffff,0000000000000080,0000000000000080,0000000000000000,0,-1
ROW,control,64,ADDS,13,0000000080000000,0000000000000001,0000000080000001,0000000000000000,0,0
ROW,control,64,SUBS,13,0000000080000000,0000000000000001,000000007fffffff,0000000020000000,1,1
ROW,control,64,CMP,13,0000000080000000,0000000000000001,000000007fffffff,0000000020000000,1,1
ROW,control,64,CMN,13,0000000080000000,0000000000000001,0000000080000001,0000000000000000,0,0
ROW,control,64,ANDS,13,0000000080000000,0000000000000001,0000000000000000,0000000040000000,1,-1
ROW,control,64,ADDS,14,00000000ffffffff,000000000000001f,000000010000001e,0000000000000000,1,1
ROW,control,64,SUBS,14,00000000ffffffff,000000000000001f,00000000ffffffe0,0000000020000000,0,0
ROW,control,64,CMP,14,00000000ffffffff,000000000000001f,00000000ffffffe0,0000000020000000,0,0
ROW,control,64,CMN,14,00000000ffffffff,000000000000001f,000000010000001e,0000000000000000,1,1
ROW,control,64,ANDS,14,00000000ffffffff,000000000000001f,000000000000001f,0000000000000000,0,-1
ROW,control,64,ADDS,15,ffffffffffffffff,ffffffffffffffff,fffffffffffffffe,00000000a0000000,0,1
ROW,control,64,SUBS,15,ffffffffffffffff,ffffffffffffffff,0000000000000000,0000000060000000,1,0
ROW,control,64,CMP,15,ffffffffffffffff,ffffffffffffffff,0000000000000000,0000000060000000,1,0
ROW,control,64,CMN,15,ffffffffffffffff,ffffffffffffffff,fffffffffffffffe,00000000a0000000,0,1
ROW,control,64,ANDS,15,ffffffffffffffff,ffffffffffffffff,ffffffffffffffff,0000000080000000,1,-1
ROW,control,64,ADDS,16,5de186dcba779207,aea0b05615e97b6c,0c823732d0610d73,0000000020000000,0,1
ROW,control,64,SUBS,16,5de186dcba779207,aea0b05615e97b6c,af40d686a48e169b,0000000090000000,0,1
ROW,control,64,CMP,16,5de186dcba779207,aea0b05615e97b6c,af40d686a48e169b,0000000090000000,0,1
ROW,control,64,CMN,16,5de186dcba779207,aea0b05615e97b6c,0c823732d0610d73,0000000020000000,0,1
ROW,control,64,ANDS,16,5de186dcba779207,aea0b05615e97b6c,0ca0805410611204,0000000000000000,0,-1
ROW,control,64,ADDS,17,808475f02ee37363,66bbe75c01e83091,e7405d4c30cba3f4,0000000080000000,0,0
ROW,control,64,SUBS,17,808475f02ee37363,66bbe75c01e83091,19c88e942cfb42d2,0000000030000000,1,0
ROW,control,64,CMP,17,808475f02ee37363,66bbe75c01e83091,19c88e942cfb42d2,0000000030000000,1,0
ROW,control,64,CMN,17,808475f02ee37363,66bbe75c01e83091,e7405d4c30cba3f4,0000000080000000,0,0
ROW,control,64,ANDS,17,808475f02ee37363,66bbe75c01e83091,0080655000e03001,0000000000000000,0,-1
ROW,control,64,ADDS,18,1120b3d00955f032,4eff0b08f92f0f6c,601fbed90284ff9e,0000000000000000,0,0
ROW,control,64,SUBS,18,1120b3d00955f032,4eff0b08f92f0f6c,c221a8c71026e0c6,0000000080000000,1,1
ROW,control,64,CMP,18,1120b3d00955f032,4eff0b08f92f0f6c,c221a8c71026e0c6,0000000080000000,1,1
ROW,control,64,CMN,18,1120b3d00955f032,4eff0b08f92f0f6c,601fbed90284ff9e,0000000000000000,0,0
ROW,control,64,ANDS,18,1120b3d00955f032,4eff0b08f92f0f6c,0020030009050020,0000000000000000,0,-1
ROW,control,64,ADDS,19,bc4075f2ef431a44,dabe0bd2457bff71,96fe81c534bf19b5,00000000a0000000,0,0
ROW,control,64,SUBS,19,bc4075f2ef431a44,dabe0bd2457bff71,e1826a20a9c71ad3,0000000080000000,0,0
ROW,control,64,CMP,19,bc4075f2ef431a44,dabe0bd2457bff71,e1826a20a9c71ad3,0000000080000000,0,0
ROW,control,64,CMN,19,bc4075f2ef431a44,dabe0bd2457bff71,96fe81c534bf19b5,00000000a0000000,0,0
ROW,control,64,ANDS,19,bc4075f2ef431a44,dabe0bd2457bff71,980001d245431a40,0000000080000000,0,-1
ROW,control,64,ADDS,20,362259904816818c,4b1bbcd2f7f4f4be,813e1663400b764a,0000000090000000,0,1
ROW,control,64,SUBS,20,362259904816818c,4b1bbcd2f7f4f4be,eb069cbd50218cce,0000000080000000,0,1
ROW,control,64,CMP,20,362259904816818c,4b1bbcd2f7f4f4be,eb069cbd50218cce,0000000080000000,0,1
ROW,control,64,CMN,20,362259904816818c,4b1bbcd2f7f4f4be,813e1663400b764a,0000000090000000,0,1
ROW,control,64,ANDS,20,362259904816818c,4b1bbcd2f7f4f4be,020218904014808c,0000000000000000,0,-1
ROW,control,64,ADDS,21,06ca0a95b7e825c7,730543a4c9f46231,79cf4e3a81dc87f8,0000000000000000,0,0
ROW,control,64,SUBS,21,06ca0a95b7e825c7,730543a4c9f46231,93c4c6f0edf3c396,0000000080000000,1,0
ROW,control,64,CMP,21,06ca0a95b7e825c7,730543a4c9f46231,93c4c6f0edf3c396,0000000080000000,1,0
ROW,control,64,CMN,21,06ca0a95b7e825c7,730543a4c9f46231,79cf4e3a81dc87f8,0000000000000000,0,0
ROW,control,64,ANDS,21,06ca0a95b7e825c7,730543a4c9f46231,0200028481e02001,0000000000000000,0,-1
ROW,control,64,ADDS,22,c80de0f9d4d60e0a,2a8e80d0bea7e5b7,f29c61ca937df3c1,0000000080000000,0,1
ROW,control,64,SUBS,22,c80de0f9d4d60e0a,2a8e80d0bea7e5b7,9d7f6029162e2853,00000000a0000000,1,0
ROW,control,64,CMP,22,c80de0f9d4d60e0a,2a8e80d0bea7e5b7,9d7f6029162e2853,00000000a0000000,1,0
ROW,control,64,CMN,22,c80de0f9d4d60e0a,2a8e80d0bea7e5b7,f29c61ca937df3c1,0000000080000000,0,1
ROW,control,64,ANDS,22,c80de0f9d4d60e0a,2a8e80d0bea7e5b7,080c80d094860402,0000000000000000,0,-1
ROW,control,64,ADDS,23,e8d7da001b0181d6,02f590758a6d2936,ebcd6a75a56eab0c,0000000080000000,1,0
ROW,control,64,SUBS,23,e8d7da001b0181d6,02f590758a6d2936,e5e2498a909458a0,00000000a0000000,1,0
ROW,control,64,CMP,23,e8d7da001b0181d6,02f590758a6d2936,e5e2498a909458a0,00000000a0000000,1,0
ROW,control,64,CMN,23,e8d7da001b0181d6,02f590758a6d2936,ebcd6a75a56eab0c,0000000080000000,1,0
ROW,control,64,ANDS,23,e8d7da001b0181d6,02f590758a6d2936,00d590000a010116,0000000000000000,0,-1
ROW,control,64,ADDS,24,aac8c00000a81e44,28bf8a80bc3eab52,d3884a80bce6c996,0000000080000000,1,0
ROW,control,64,SUBS,24,aac8c00000a81e44,28bf8a80bc3eab52,8209357f446972f2,00000000a0000000,0,0
ROW,control,64,CMP,24,aac8c00000a81e44,28bf8a80bc3eab52,8209357f446972f2,00000000a0000000,0,0
ROW,control,64,CMN,24,aac8c00000a81e44,28bf8a80bc3eab52,d3884a80bce6c996,0000000080000000,1,0
ROW,control,64,ANDS,24,aac8c00000a81e44,28bf8a80bc3eab52,2888800000280a40,0000000000000000,0,-1
ROW,control,64,ADDS,25,a208c12cf0c7b709,1882c195e4347c74,ba8b82c2d4fc337d,0000000080000000,1,0
ROW,control,64,SUBS,25,a208c12cf0c7b709,1882c195e4347c74,8985ff970c933a95,00000000a0000000,1,0
ROW,control,64,CMP,25,a208c12cf0c7b709,1882c195e4347c74,8985ff970c933a95,00000000a0000000,1,0
ROW,control,64,CMN,25,a208c12cf0c7b709,1882c195e4347c74,ba8b82c2d4fc337d,0000000080000000,1,0
ROW,control,64,ANDS,25,a208c12cf0c7b709,1882c195e4347c74,0000c104e0043400,0000000000000000,1,-1
ROW,control,64,ADDS,26,c3b7f4e80f554dda,b4dc9bd462de412b,789490bc72338f05,0000000030000000,1,1
ROW,control,64,SUBS,26,c3b7f4e80f554dda,b4dc9bd462de412b,0edb5913ac770caf,0000000020000000,1,1
ROW,control,64,CMP,26,c3b7f4e80f554dda,b4dc9bd462de412b,0edb5913ac770caf,0000000020000000,1,1
ROW,control,64,CMN,26,c3b7f4e80f554dda,b4dc9bd462de412b,789490bc72338f05,0000000030000000,1,1
ROW,control,64,ANDS,26,c3b7f4e80f554dda,b4dc9bd462de412b,809490c00254410a,0000000080000000,1,-1
ROW,control,64,ADDS,27,974e35325981068a,d1b89df7e5b467f9,6906d32a3f356e83,0000000030000000,0,1
ROW,control,64,SUBS,27,974e35325981068a,d1b89df7e5b467f9,c595973a73cc9e91,0000000080000000,0,0
ROW,control,64,CMP,27,974e35325981068a,d1b89df7e5b467f9,c595973a73cc9e91,0000000080000000,0,0
ROW,control,64,CMN,27,974e35325981068a,d1b89df7e5b467f9,6906d32a3f356e83,0000000030000000,0,1
ROW,control,64,ANDS,27,974e35325981068a,d1b89df7e5b467f9,9108153241800688,0000000080000000,1,-1
ROW,control,64,ADDS,28,905c768ad49f146c,ca87cb278bbed782,5ae441b2605debee,0000000030000000,1,0
ROW,control,64,SUBS,28,905c768ad49f146c,ca87cb278bbed782,c5d4ab6348e03cea,0000000080000000,0,0
ROW,control,64,CMP,28,905c768ad49f146c,ca87cb278bbed782,c5d4ab6348e03cea,0000000080000000,0,0
ROW,control,64,CMN,28,905c768ad49f146c,ca87cb278bbed782,5ae441b2605debee,0000000030000000,1,0
ROW,control,64,ANDS,28,905c768ad49f146c,ca87cb278bbed782,80044202809e1400,0000000080000000,1,-1
ROW,control,64,ADDS,29,bb7b49ab8801cf70,b41d1166f0fa7f73,6f985b1278fc4ee3,0000000030000000,0,0
ROW,control,64,SUBS,29,bb7b49ab8801cf70,b41d1166f0fa7f73,075e384497074ffd,0000000020000000,0,1
ROW,control,64,CMP,29,bb7b49ab8801cf70,b41d1166f0fa7f73,075e384497074ffd,0000000020000000,0,1
ROW,control,64,CMN,29,bb7b49ab8801cf70,b41d1166f0fa7f73,6f985b1278fc4ee3,0000000030000000,0,0
ROW,control,64,ANDS,29,bb7b49ab8801cf70,b41d1166f0fa7f73,b019012280004f70,0000000080000000,0,-1
ROW,control,64,ADDS,30,a8ee577af2720dce,3fadb6bde9285e98,e89c0e38db9a6c66,0000000080000000,1,1
ROW,control,64,SUBS,30,a8ee577af2720dce,3fadb6bde9285e98,6940a0bd0949af36,0000000030000000,1,0
ROW,control,64,CMP,30,a8ee577af2720dce,3fadb6bde9285e98,6940a0bd0949af36,0000000030000000,1,0
ROW,control,64,CMN,30,a8ee577af2720dce,3fadb6bde9285e98,e89c0e38db9a6c66,0000000080000000,1,1
ROW,control,64,ANDS,30,a8ee577af2720dce,3fadb6bde9285e98,28ac1638e0200c88,0000000000000000,1,-1
ROW,control,64,ADDS,31,d7599677879feaea,abf42acc138fedbe,834dc1439b2fd8a8,00000000a0000000,0,1
ROW,control,64,SUBS,31,d7599677879feaea,abf42acc138fedbe,2b656bab740ffd2c,0000000020000000,0,1
ROW,control,64,CMP,31,d7599677879feaea,abf42acc138fedbe,2b656bab740ffd2c,0000000020000000,0,1
ROW,control,64,CMN,31,d7599677879feaea,abf42acc138fedbe,834dc1439b2fd8a8,00000000a0000000,0,1
ROW,control,64,ANDS,31,d7599677879feaea,abf42acc138fedbe,83500244038fe8aa,0000000080000000,1,-1
ROW,control,64,ADDS,32,eaeb7f27b54e2401,96403e918bdbd015,812bbdb94129f416,00000000a0000000,0,0
ROW,control,64,SUBS,32,eaeb7f27b54e2401,96403e918bdbd015,54ab4096297253ec,0000000020000000,0,1
ROW,control,64,CMP,32,eaeb7f27b54e2401,96403e918bdbd015,54ab4096297253ec,0000000020000000,0,1
ROW,control,64,CMN,32,eaeb7f27b54e2401,96403e918bdbd015,812bbdb94129f416,00000000a0000000,0,0
ROW,control,64,ANDS,32,eaeb7f27b54e2401,96403e918bdbd015,82403e01814a0001,0000000080000000,0,-1
ROW,control,64,ADDS,33,2c0e0fedbe2218a8,740b401493c72543,a019500251e93deb,0000000090000000,1,0
ROW,control,64,SUBS,33,2c0e0fedbe2218a8,740b401493c72543,b802cfd92a5af365,0000000080000000,1,0
ROW,control,64,CMP,33,2c0e0fedbe2218a8,740b401493c72543,b802cfd92a5af365,0000000080000000,1,0
ROW,control,64,CMN,33,2c0e0fedbe2218a8,740b401493c72543,a019500251e93deb,0000000090000000,1,0
ROW,control,64,ANDS,33,2c0e0fedbe2218a8,740b401493c72543,240a000492020000,0000000000000000,1,-1
ROW,control,64,ADDS,34,89242d2dd9d4a40d,8e48a85c3260d9d0,176cd58a0c357ddd,0000000030000000,1,0
ROW,control,64,SUBS,34,89242d2dd9d4a40d,8e48a85c3260d9d0,fadb84d1a773ca3d,0000000080000000,0,0
ROW,control,64,CMP,34,89242d2dd9d4a40d,8e48a85c3260d9d0,fadb84d1a773ca3d,0000000080000000,0,0
ROW,control,64,CMN,34,89242d2dd9d4a40d,8e48a85c3260d9d0,176cd58a0c357ddd,0000000030000000,1,0
ROW,control,64,ANDS,34,89242d2dd9d4a40d,8e48a85c3260d9d0,8800280c10408000,0000000080000000,1,-1
ROW,control,64,ADDS,35,4d5cb825dfaab05b,b24ce50ea345fe83,ffa99d3482f0aede,0000000080000000,1,0
ROW,control,64,SUBS,35,4d5cb825dfaab05b,b24ce50ea345fe83,9b0fd3173c64b1d8,0000000090000000,1,0
ROW,control,64,CMP,35,4d5cb825dfaab05b,b24ce50ea345fe83,9b0fd3173c64b1d8,0000000090000000,1,0
ROW,control,64,CMN,35,4d5cb825dfaab05b,b24ce50ea345fe83,ffa99d3482f0aede,0000000080000000,1,0
ROW,control,64,ANDS,35,4d5cb825dfaab05b,b24ce50ea345fe83,004ca0048300b003,0000000000000000,1,-1
ROW,control,64,ADDS,36,e9b316290724ba1b,03ef5b87efea98e8,eda271b0f70f5303,0000000080000000,1,1
ROW,control,64,SUBS,36,e9b316290724ba1b,03ef5b87efea98e8,e5c3baa1173a2133,00000000a0000000,1,0
ROW,control,64,CMP,36,e9b316290724ba1b,03ef5b87efea98e8,e5c3baa1173a2133,00000000a0000000,1,0
ROW,control,64,CMN,36,e9b316290724ba1b,03ef5b87efea98e8,eda271b0f70f5303,0000000080000000,1,1
ROW,control,64,ANDS,36,e9b316290724ba1b,03ef5b87efea98e8,01a3120107209808,0000000000000000,0,-1
ROW,control,64,ADDS,37,c7ab56057c8da907,e85c7afb627bf59e,b007d100df099ea5,00000000a0000000,1,1
ROW,control,64,SUBS,37,c7ab56057c8da907,e85c7afb627bf59e,df4edb0a1a11b369,0000000080000000,1,1
ROW,control,64,CMP,37,c7ab56057c8da907,e85c7afb627bf59e,df4edb0a1a11b369,0000000080000000,1,1
ROW,control,64,CMN,37,c7ab56057c8da907,e85c7afb627bf59e,b007d100df099ea5,00000000a0000000,1,1
ROW,control,64,ANDS,37,c7ab56057c8da907,e85c7afb627bf59e,c00852016009a106,0000000080000000,1,-1
ROW,control,64,ADDS,38,eb01cfaf16b47eb0,8d9bd6ca69c6b7f2,789da679807b36a2,0000000030000000,0,0
ROW,control,64,SUBS,38,eb01cfaf16b47eb0,8d9bd6ca69c6b7f2,5d65f8e4acedc6be,0000000020000000,1,1
ROW,control,64,CMP,38,eb01cfaf16b47eb0,8d9bd6ca69c6b7f2,5d65f8e4acedc6be,0000000020000000,1,1
ROW,control,64,CMN,38,eb01cfaf16b47eb0,8d9bd6ca69c6b7f2,789da679807b36a2,0000000030000000,0,0
ROW,control,64,ANDS,38,eb01cfaf16b47eb0,8d9bd6ca69c6b7f2,8901c68a008436b0,0000000080000000,0,-1
ROW,control,64,ADDS,39,ce6a57a6e3ccdeec,3d3f9d6d24164931,0ba9f51407e3281d,0000000020000000,1,0
ROW,control,64,SUBS,39,ce6a57a6e3ccdeec,3d3f9d6d24164931,912aba39bfb695bb,00000000a0000000,1,0
ROW,control,64,CMP,39,ce6a57a6e3ccdeec,3d3f9d6d24164931,912aba39bfb695bb,00000000a0000000,1,0
ROW,control,64,CMN,39,ce6a57a6e3ccdeec,3d3f9d6d24164931,0ba9f51407e3281d,0000000020000000,1,0
ROW,control,64,ANDS,39,ce6a57a6e3ccdeec,3d3f9d6d24164931,0c2a152420044820,0000000000000000,0,-1
ROW,control,64,ADDS,40,369eae0b0ca19112,6a0c02bb9152575b,a0aab0c69df3e86d,0000000090000000,0,0
ROW,control,64,SUBS,40,369eae0b0ca19112,6a0c02bb9152575b,cc92ab4f7b4f39b7,0000000080000000,1,1
ROW,control,64,CMP,40,369eae0b0ca19112,6a0c02bb9152575b,cc92ab4f7b4f39b7,0000000080000000,1,1
ROW,control,64,CMN,40,369eae0b0ca19112,6a0c02bb9152575b,a0aab0c69df3e86d,0000000090000000,0,0
ROW,control,64,ANDS,40,369eae0b0ca19112,6a0c02bb9152575b,220c020b00001112,0000000000000000,1,-1
ROW,control,64,ADDS,41,118e846ea93bc949,ad4f6e1945b4c6be,beddf287eef09007,0000000080000000,0,1
ROW,control,64,SUBS,41,118e846ea93bc949,ad4f6e1945b4c6be,643f16556387028b,0000000000000000,1,1
ROW,control,64,CMP,41,118e846ea93bc949,ad4f6e1945b4c6be,643f16556387028b,0000000000000000,1,1
ROW,control,64,CMN,41,118e846ea93bc949,ad4f6e1945b4c6be,beddf287eef09007,0000000080000000,0,1
ROW,control,64,ANDS,41,118e846ea93bc949,ad4f6e1945b4c6be,010e04080130c008,0000000000000000,0,-1
ROW,control,64,ADDS,42,bdd732262feb6e95,325c64dbdc5bbde3,f03397020c472c78,0000000080000000,1,0
ROW,control,64,SUBS,42,bdd732262feb6e95,325c64dbdc5bbde3,8b7acd4a538fb0b2,00000000a0000000,1,0
ROW,control,64,CMP,42,bdd732262feb6e95,325c64dbdc5bbde3,8b7acd4a538fb0b2,00000000a0000000,1,0
ROW,control,64,CMN,42,bdd732262feb6e95,325c64dbdc5bbde3,f03397020c472c78,0000000080000000,1,0
ROW,control,64,ANDS,42,bdd732262feb6e95,325c64dbdc5bbde3,305420020c4b2c81,0000000000000000,1,-1
ROW,control,64,ADDS,43,ba69ec90eb4fef88,e6877908a812dea1,a0f165999362ce29,00000000a0000000,0,0
ROW,control,64,SUBS,43,ba69ec90eb4fef88,e6877908a812dea1,d3e27388433d10e7,0000000080000000,1,0
ROW,control,64,CMP,43,ba69ec90eb4fef88,e6877908a812dea1,d3e27388433d10e7,0000000080000000,1,0
ROW,control,64,CMN,43,ba69ec90eb4fef88,e6877908a812dea1,a0f165999362ce29,00000000a0000000,0,0
ROW,control,64,ANDS,43,ba69ec90eb4fef88,e6877908a812dea1,a2016800a802ce80,0000000080000000,0,-1
ROW,control,64,ADDS,44,fb452912299a5453,b6e5f089ef37d1dc,b22b199c18d2262f,00000000a0000000,0,0
ROW,control,64,SUBS,44,fb452912299a5453,b6e5f089ef37d1dc,445f38883a628277,0000000020000000,1,1
ROW,control,64,CMP,44,fb452912299a5453,b6e5f089ef37d1dc,445f38883a628277,0000000020000000,1,1
ROW,control,64,CMN,44,fb452912299a5453,b6e5f089ef37d1dc,b22b199c18d2262f,00000000a0000000,0,0
ROW,control,64,ANDS,44,fb452912299a5453,b6e5f089ef37d1dc,b245200029125050,0000000080000000,1,-1
ROW,control,64,ADDS,45,f7e9f3f88cc04ad6,aafb638a996df051,a2e55783262e3b27,00000000a0000000,1,0
ROW,control,64,SUBS,45,f7e9f3f88cc04ad6,aafb638a996df051,4cee906df3525a85,0000000020000000,0,0
ROW,control,64,CMP,45,f7e9f3f88cc04ad6,aafb638a996df051,4cee906df3525a85,0000000020000000,0,0
ROW,control,64,CMN,45,f7e9f3f88cc04ad6,aafb638a996df051,a2e55783262e3b27,00000000a0000000,1,0
ROW,control,64,ANDS,45,f7e9f3f88cc04ad6,aafb638a996df051,a2e9638888404050,0000000080000000,1,-1
ROW,control,64,ADDS,46,baee56f32e223007,aab6e406556a6437,65a53af9838c943e,0000000030000000,0,0
ROW,control,64,SUBS,46,baee56f32e223007,aab6e406556a6437,103772ecd8b7cbd0,0000000020000000,0,0
ROW,control,64,CMP,46,baee56f32e223007,aab6e406556a6437,103772ecd8b7cbd0,0000000020000000,0,0
ROW,control,64,CMN,46,baee56f32e223007,aab6e406556a6437,65a53af9838c943e,0000000030000000,0,0
ROW,control,64,ANDS,46,baee56f32e223007,aab6e406556a6437,aaa6440204222007,0000000080000000,0,-1
ROW,control,64,ADDS,47,7bb3c45c597cdb85,6855ce5643eec108,e40992b29d6b9c8d,0000000090000000,1,0
ROW,control,64,SUBS,47,7bb3c45c597cdb85,6855ce5643eec108,135df606158e1a7d,0000000020000000,1,1
ROW,control,64,CMP,47,7bb3c45c597cdb85,6855ce5643eec108,135df606158e1a7d,0000000020000000,1,1
ROW,control,64,CMN,47,7bb3c45c597cdb85,6855ce5643eec108,e40992b29d6b9c8d,0000000090000000,1,0
ROW,control,64,ANDS,47,7bb3c45c597cdb85,6855ce5643eec108,6811c454416cc100,0000000000000000,1,-1
ROW,control,64,ADDS,48,040a2076f607ff23,596cb256d7ae9dd7,5d76d2cdcdb69cfa,0000000000000000,1,0
ROW,control,64,SUBS,48,040a2076f607ff23,596cb256d7ae9dd7,aa9d6e201e59614c,0000000080000000,0,1
ROW,control,64,CMP,48,040a2076f607ff23,596cb256d7ae9dd7,aa9d6e201e59614c,0000000080000000,0,1
ROW,control,64,CMN,48,040a2076f607ff23,596cb256d7ae9dd7,5d76d2cdcdb69cfa,0000000000000000,1,0
ROW,control,64,ANDS,48,040a2076f607ff23,596cb256d7ae9dd7,00082056d6069d03,0000000000000000,1,-1
ROW,control,64,ADDS,49,1c4a97a6edc2a958,35e76b2eb1a96a71,523202d59f6c13c9,0000000000000000,1,0
ROW,control,64,SUBS,49,1c4a97a6edc2a958,35e76b2eb1a96a71,e6632c783c193ee7,0000000080000000,1,0
ROW,control,64,CMP,49,1c4a97a6edc2a958,35e76b2eb1a96a71,e6632c783c193ee7,0000000080000000,1,0
ROW,control,64,CMN,49,1c4a97a6edc2a958,35e76b2eb1a96a71,523202d59f6c13c9,0000000000000000,1,0
ROW,control,64,ANDS,49,1c4a97a6edc2a958,35e76b2eb1a96a71,14420326a1802850,0000000000000000,1,-1
ROW,control,64,ADDS,50,bb0802c412d354cb,3d8af2aebb01ee14,f892f572cdd542df,0000000080000000,0,0
ROW,control,64,SUBS,50,bb0802c412d354cb,3d8af2aebb01ee14,7d7d101557d166b7,0000000030000000,1,0
ROW,control,64,CMP,50,bb0802c412d354cb,3d8af2aebb01ee14,7d7d101557d166b7,0000000030000000,1,0
ROW,control,64,CMN,50,bb0802c412d354cb,3d8af2aebb01ee14,f892f572cdd542df,0000000080000000,0,0
ROW,control,64,ANDS,50,bb0802c412d354cb,3d8af2aebb01ee14,3908028412014400,0000000000000000,1,-1
ROW,control,64,ADDS,51,5ddad83b4e874068,23a09496ea34e97f,817b6cd238bc29e7,0000000090000000,1,1
ROW,control,64,SUBS,51,5ddad83b4e874068,23a09496ea34e97f,3a3a43a4645256e9,0000000020000000,0,1
ROW,control,64,CMP,51,5ddad83b4e874068,23a09496ea34e97f,3a3a43a4645256e9,0000000020000000,0,1
ROW,control,64,CMN,51,5ddad83b4e874068,23a09496ea34e97f,817b6cd238bc29e7,0000000090000000,1,1
ROW,control,64,ANDS,51,5ddad83b4e874068,23a09496ea34e97f,018090124a044068,0000000000000000,0,-1
ROW,control,64,ADDS,52,f9b44ecd07b4404a,2ac8b3c337332480,247d02903ee764ca,0000000020000000,1,0
ROW,control,64,SUBS,52,f9b44ecd07b4404a,2ac8b3c337332480,ceeb9b09d0811bca,00000000a0000000,1,0
ROW,control,64,CMP,52,f9b44ecd07b4404a,2ac8b3c337332480,ceeb9b09d0811bca,00000000a0000000,1,0
ROW,control,64,CMN,52,f9b44ecd07b4404a,2ac8b3c337332480,247d02903ee764ca,0000000020000000,1,0
ROW,control,64,ANDS,52,f9b44ecd07b4404a,2ac8b3c337332480,288002c107300000,0000000000000000,1,-1
ROW,control,64,ADDS,53,c85e84f460206f76,f8c632ff416764a8,c124b7f3a187d41e,00000000a0000000,1,0
ROW,control,64,SUBS,53,c85e84f460206f76,f8c632ff416764a8,cf9851f51eb90ace,0000000080000000,0,1
ROW,control,64,CMP,53,c85e84f460206f76,f8c632ff416764a8,cf9851f51eb90ace,0000000080000000,0,1
ROW,control,64,CMN,53,c85e84f460206f76,f8c632ff416764a8,c124b7f3a187d41e,00000000a0000000,1,0
ROW,control,64,ANDS,53,c85e84f460206f76,f8c632ff416764a8,c84600f440206420,0000000080000000,0,-1
ROW,control,64,ADDS,54,bc46b610e9d3f375,b2d51ec8c64e3969,6f1bd4d9b0222cde,0000000030000000,1,0
ROW,control,64,SUBS,54,bc46b610e9d3f375,b2d51ec8c64e3969,097197482385ba0c,0000000020000000,1,1
ROW,control,64,CMP,54,bc46b610e9d3f375,b2d51ec8c64e3969,097197482385ba0c,0000000020000000,1,1
ROW,control,64,CMN,54,bc46b610e9d3f375,b2d51ec8c64e3969,6f1bd4d9b0222cde,0000000030000000,1,0
ROW,control,64,ANDS,54,bc46b610e9d3f375,b2d51ec8c64e3969,b0441600c0423161,0000000080000000,0,-1
ROW,control,64,ADDS,55,6e1351b2349f331c,f40299ce8c16ea32,6215eb80c0b61d4e,0000000020000000,1,0
ROW,control,64,SUBS,55,6e1351b2349f331c,f40299ce8c16ea32,7a10b7e3a88848ea,0000000000000000,0,0
ROW,control,64,CMP,55,6e1351b2349f331c,f40299ce8c16ea32,7a10b7e3a88848ea,0000000000000000,0,0
ROW,control,64,CMN,55,6e1351b2349f331c,f40299ce8c16ea32,6215eb80c0b61d4e,0000000020000000,1,0
ROW,control,64,ANDS,55,6e1351b2349f331c,f40299ce8c16ea32,6402118204162210,0000000000000000,0,-1
ROW,control,64,ADDS,56,9d189ecfff7b2147,4d1c44a4856af5a4,ea34e37484e616eb,0000000080000000,1,0
ROW,control,64,SUBS,56,9d189ecfff7b2147,4d1c44a4856af5a4,4ffc5a2b7a102ba3,0000000030000000,1,0
ROW,control,64,CMP,56,9d189ecfff7b2147,4d1c44a4856af5a4,4ffc5a2b7a102ba3,0000000030000000,1,0
ROW,control,64,CMN,56,9d189ecfff7b2147,4d1c44a4856af5a4,ea34e37484e616eb,0000000080000000,1,0
ROW,control,64,ANDS,56,9d189ecfff7b2147,4d1c44a4856af5a4,0d180484856a2104,0000000000000000,0,-1
ROW,control,64,ADDS,57,36057413850f2a31,90ef8da332b2a7e7,c6f501b6b7c1d218,0000000080000000,1,0
ROW,control,64,SUBS,57,36057413850f2a31,90ef8da332b2a7e7,a515e670525c824a,0000000090000000,0,1
ROW,control,64,CMP,57,36057413850f2a31,90ef8da332b2a7e7,a515e670525c824a,0000000090000000,0,1
ROW,control,64,CMN,57,36057413850f2a31,90ef8da332b2a7e7,c6f501b6b7c1d218,0000000080000000,1,0
ROW,control,64,ANDS,57,36057413850f2a31,90ef8da332b2a7e7,1005040300022221,0000000000000000,1,-1
ROW,control,64,ADDS,58,7daf7bd7b0085fd2,fba1c308dec50480,79513ee08ecd6452,0000000020000000,0,0
ROW,control,64,SUBS,58,7daf7bd7b0085fd2,fba1c308dec50480,820db8ced1435b52,0000000090000000,0,0
ROW,control,64,CMP,58,7daf7bd7b0085fd2,fba1c308dec50480,820db8ced1435b52,0000000090000000,0,0
ROW,control,64,CMN,58,7daf7bd7b0085fd2,fba1c308dec50480,79513ee08ecd6452,0000000020000000,0,0
ROW,control,64,ANDS,58,7daf7bd7b0085fd2,fba1c308dec50480,79a1430090000480,0000000000000000,0,-1
ROW,control,64,ADDS,59,9691c38b30d2b83c,96a2c66144306401,2d3489ec75031c3d,0000000030000000,0,0
ROW,control,64,SUBS,59,9691c38b30d2b83c,96a2c66144306401,ffeefd29eca2543b,0000000080000000,0,0
ROW,control,64,CMP,59,9691c38b30d2b83c,96a2c66144306401,ffeefd29eca2543b,0000000080000000,0,0
ROW,control,64,CMN,59,9691c38b30d2b83c,96a2c66144306401,2d3489ec75031c3d,0000000030000000,0,0
ROW,control,64,ANDS,59,9691c38b30d2b83c,96a2c66144306401,9680c20100102000,0000000080000000,1,-1
ROW,control,64,ADDS,60,bb0af0f391997767,746c9d6c2485f666,2f778e5fb61f6dcd,0000000020000000,0,0
ROW,control,64,SUBS,60,bb0af0f391997767,746c9d6c2485f666,469e53876d138101,0000000030000000,0,0
ROW,control,64,CMP,60,bb0af0f391997767,746c9d6c2485f666,469e53876d138101,0000000030000000,0,0
ROW,control,64,CMN,60,bb0af0f391997767,746c9d6c2485f666,2f778e5fb61f6dcd,0000000020000000,0,0
ROW,control,64,ANDS,60,bb0af0f391997767,746c9d6c2485f666,3008906000817666,0000000000000000,1,-1
ROW,control,64,ADDS,61,417ffd1301eaa631,3c59c8e067cb9788,7dd9c5f369b63db9,0000000000000000,0,0
ROW,control,64,SUBS,61,417ffd1301eaa631,3c59c8e067cb9788,052634329a1f0ea9,0000000020000000,1,1
ROW,control,64,CMP,61,417ffd1301eaa631,3c59c8e067cb9788,052634329a1f0ea9,0000000020000000,1,1
ROW,control,64,CMN,61,417ffd1301eaa631,3c59c8e067cb9788,7dd9c5f369b63db9,0000000000000000,0,0
ROW,control,64,ANDS,61,417ffd1301eaa631,3c59c8e067cb9788,0059c80001ca8600,0000000000000000,1,-1
ROW,control,64,ADDS,62,322f69afa8a70bea,653c0bfecead92ab,976b75ae77549e95,0000000090000000,1,1
ROW,control,64,SUBS,62,322f69afa8a70bea,653c0bfecead92ab,ccf35db0d9f9793f,0000000080000000,1,1
ROW,control,64,CMP,62,322f69afa8a70bea,653c0bfecead92ab,ccf35db0d9f9793f,0000000080000000,1,1
ROW,control,64,CMN,62,322f69afa8a70bea,653c0bfecead92ab,976b75ae77549e95,0000000090000000,1,1
ROW,control,64,ANDS,62,322f69afa8a70bea,653c0bfecead92ab,202c09ae88a502aa,0000000000000000,1,-1
ROW,control,64,ADDS,63,8c741196acc47e35,911b6c48e11c7f00,1d8f7ddf8de0fd35,0000000030000000,1,0
ROW,control,64,SUBS,63,8c741196acc47e35,911b6c48e11c7f00,fb58a54dcba7ff35,0000000080000000,1,0
ROW,control,64,CMP,63,8c741196acc47e35,911b6c48e11c7f00,fb58a54dcba7ff35,0000000080000000,1,0
ROW,control,64,CMN,63,8c741196acc47e35,911b6c48e11c7f00,1d8f7ddf8de0fd35,0000000030000000,1,0
ROW,control,64,ANDS,63,8c741196acc47e35,911b6c48e11c7f00,80100000a0047e00,0000000080000000,1,-1
WRITE,control,0,00000000a0000000,00000000a0000000
WRITE,control,1,00000000a4000000,00000000a0000000
WRITE,control,2,00000000a8000000,00000000a0000000
WRITE,control,3,00000000ac000000,00000000a0000000
YIELD,control,10000,7500,7500,0,0000000060000000,0,7
MODE,compat1,call=1,arg=1,rc=0
ROW,compat1,32,ADDS,0,0000000000000000,000000000000000f,000000000000000f,0000000004000000,1,0
ROW,compat1,32,SUBS,0,0000000000000000,000000000000000f,00000000fffffff1,0000000088000000,0,1
ROW,compat1,32,CMP,0,0000000000000000,000000000000000f,00000000fffffff1,0000000088000000,0,1
ROW,compat1,32,CMN,0,0000000000000000,000000000000000f,000000000000000f,0000000004000000,1,0
ROW,compat1,32,ANDS,0,0000000000000000,000000000000000f,0000000000000000,0000000044000000,1,-1
ROW,compat1,32,ADDS,1,0000000000000001,0000000080000000,0000000080000001,0000000080000000,0,0
ROW,compat1,32,SUBS,1,0000000000000001,0000000080000000,0000000080000001,0000000090000000,0,0
ROW,compat1,32,CMP,1,0000000000000001,0000000080000000,0000000080000001,0000000090000000,0,0
ROW,compat1,32,CMN,1,0000000000000001,0000000080000000,0000000080000001,0000000080000000,0,0
ROW,compat1,32,ANDS,1,0000000000000001,0000000080000000,0000000000000000,0000000044000000,1,-1
ROW,compat1,32,ADDS,2,0000000000000002,0000000000000007,0000000000000009,0000000004000000,1,0
ROW,compat1,32,SUBS,2,0000000000000002,0000000000000007,00000000fffffffb,0000000088000000,0,1
ROW,compat1,32,CMP,2,0000000000000002,0000000000000007,00000000fffffffb,0000000088000000,0,1
ROW,compat1,32,CMN,2,0000000000000002,0000000000000007,0000000000000009,0000000004000000,1,0
ROW,compat1,32,ANDS,2,0000000000000002,0000000000000007,0000000000000002,0000000000000000,0,-1
ROW,compat1,32,ADDS,3,0000000000000003,00000000000000ff,0000000000000102,0000000008000000,0,1
ROW,compat1,32,SUBS,3,0000000000000003,00000000000000ff,00000000ffffff04,0000000088000000,0,1
ROW,compat1,32,CMP,3,0000000000000003,00000000000000ff,00000000ffffff04,0000000088000000,0,1
ROW,compat1,32,CMN,3,0000000000000003,00000000000000ff,0000000000000102,0000000008000000,0,1
ROW,compat1,32,ANDS,3,0000000000000003,00000000000000ff,0000000000000003,0000000004000000,1,-1
ROW,compat1,32,ADDS,4,0000000000000007,0000000000000002,0000000000000009,0000000004000000,1,0
ROW,compat1,32,SUBS,4,0000000000000007,0000000000000002,0000000000000005,0000000024000000,1,0
ROW,compat1,32,CMP,4,0000000000000007,0000000000000002,0000000000000005,0000000024000000,1,0
ROW,compat1,32,CMN,4,0000000000000007,0000000000000002,0000000000000009,0000000004000000,1,0
ROW,compat1,32,ANDS,4,0000000000000007,0000000000000002,0000000000000002,0000000000000000,0,-1
ROW,compat1,32,ADDS,5,0000000000000008,000000000000007f,0000000000000087,000000000c000000,1,1
ROW,compat1,32,SUBS,5,0000000000000008,000000000000007f,00000000ffffff89,0000000088000000,0,1
ROW,compat1,32,CMP,5,0000000000000008,000000000000007f,00000000ffffff89,0000000088000000,0,1
ROW,compat1,32,CMN,5,0000000000000008,000000000000007f,0000000000000087,000000000c000000,1,1
ROW,compat1,32,ANDS,5,0000000000000008,000000000000007f,0000000000000008,0000000000000000,0,-1
ROW,compat1,32,ADDS,6,000000000000000f,0000000000000000,000000000000000f,0000000004000000,1,0
ROW,compat1,32,SUBS,6,000000000000000f,0000000000000000,000000000000000f,0000000024000000,1,0
ROW,compat1,32,CMP,6,000000000000000f,0000000000000000,000000000000000f,0000000024000000,1,0
ROW,compat1,32,CMN,6,000000000000000f,0000000000000000,000000000000000f,0000000004000000,1,0
ROW,compat1,32,ANDS,6,000000000000000f,0000000000000000,0000000000000000,0000000044000000,1,-1
ROW,compat1,32,ADDS,7,0000000000000010,0000000000000010,0000000000000020,0000000000000000,0,0
ROW,compat1,32,SUBS,7,0000000000000010,0000000000000010,0000000000000000,0000000064000000,1,0
ROW,compat1,32,CMP,7,0000000000000010,0000000000000010,0000000000000000,0000000064000000,1,0
ROW,compat1,32,CMN,7,0000000000000010,0000000000000010,0000000000000020,0000000000000000,0,0
ROW,compat1,32,ANDS,7,0000000000000010,0000000000000010,0000000000000010,0000000000000000,0,-1
ROW,compat1,32,ADDS,8,000000000000001f,00000000ffffffff,000000000000001e,000000002c000000,1,1
ROW,compat1,32,SUBS,8,000000000000001f,00000000ffffffff,0000000000000020,0000000000000000,0,0
ROW,compat1,32,CMP,8,000000000000001f,00000000ffffffff,0000000000000020,0000000000000000,0,0
ROW,compat1,32,CMN,8,000000000000001f,00000000ffffffff,000000000000001e,000000002c000000,1,1
ROW,compat1,32,ANDS,8,000000000000001f,00000000ffffffff,000000000000001f,0000000000000000,0,-1
ROW,compat1,32,ADDS,9,000000000000007f,0000000000000008,0000000000000087,000000000c000000,1,1
ROW,compat1,32,SUBS,9,000000000000007f,0000000000000008,0000000000000077,0000000024000000,1,0
ROW,compat1,32,CMP,9,000000000000007f,0000000000000008,0000000000000077,0000000024000000,1,0
ROW,compat1,32,CMN,9,000000000000007f,0000000000000008,0000000000000087,000000000c000000,1,1
ROW,compat1,32,ANDS,9,000000000000007f,0000000000000008,0000000000000008,0000000000000000,0,-1
ROW,compat1,32,ADDS,10,0000000000000080,000000007fffffff,000000008000007f,0000000090000000,0,0
ROW,compat1,32,SUBS,10,0000000000000080,000000007fffffff,0000000080000081,000000008c000000,1,1
ROW,compat1,32,CMP,10,0000000000000080,000000007fffffff,0000000080000081,000000008c000000,1,1
ROW,compat1,32,CMN,10,0000000000000080,000000007fffffff,000000008000007f,0000000090000000,0,0
ROW,compat1,32,ANDS,10,0000000000000080,000000007fffffff,0000000000000080,0000000000000000,0,-1
ROW,compat1,32,ADDS,11,00000000000000ff,0000000000000003,0000000000000102,0000000008000000,0,1
ROW,compat1,32,SUBS,11,00000000000000ff,0000000000000003,00000000000000fc,0000000024000000,1,0
ROW,compat1,32,CMP,11,00000000000000ff,0000000000000003,00000000000000fc,0000000024000000,1,0
ROW,compat1,32,CMN,11,00000000000000ff,0000000000000003,0000000000000102,0000000008000000,0,1
ROW,compat1,32,ANDS,11,00000000000000ff,0000000000000003,0000000000000003,0000000004000000,1,-1
ROW,compat1,32,ADDS,12,000000007fffffff,0000000000000080,000000008000007f,0000000090000000,0,0
ROW,compat1,32,SUBS,12,000000007fffffff,0000000000000080,000000007fffff7f,0000000020000000,0,0
ROW,compat1,32,CMP,12,000000007fffffff,0000000000000080,000000007fffff7f,0000000020000000,0,0
ROW,compat1,32,CMN,12,000000007fffffff,0000000000000080,000000008000007f,0000000090000000,0,0
ROW,compat1,32,ANDS,12,000000007fffffff,0000000000000080,0000000000000080,0000000000000000,0,-1
ROW,compat1,32,ADDS,13,0000000080000000,0000000000000001,0000000080000001,0000000080000000,0,0
ROW,compat1,32,SUBS,13,0000000080000000,0000000000000001,000000007fffffff,000000003c000000,1,1
ROW,compat1,32,CMP,13,0000000080000000,0000000000000001,000000007fffffff,000000003c000000,1,1
ROW,compat1,32,CMN,13,0000000080000000,0000000000000001,0000000080000001,0000000080000000,0,0
ROW,compat1,32,ANDS,13,0000000080000000,0000000000000001,0000000000000000,0000000044000000,1,-1
ROW,compat1,32,ADDS,14,00000000ffffffff,000000000000001f,000000000000001e,000000002c000000,1,1
ROW,compat1,32,SUBS,14,00000000ffffffff,000000000000001f,00000000ffffffe0,00000000a0000000,0,0
ROW,compat1,32,CMP,14,00000000ffffffff,000000000000001f,00000000ffffffe0,00000000a0000000,0,0
ROW,compat1,32,CMN,14,00000000ffffffff,000000000000001f,000000000000001e,000000002c000000,1,1
ROW,compat1,32,ANDS,14,00000000ffffffff,000000000000001f,000000000000001f,0000000000000000,0,-1
ROW,compat1,32,ADDS,15,00000000ffffffff,00000000ffffffff,00000000fffffffe,00000000a8000000,0,1
ROW,compat1,32,SUBS,15,00000000ffffffff,00000000ffffffff,0000000000000000,0000000064000000,1,0
ROW,compat1,32,CMP,15,00000000ffffffff,00000000ffffffff,0000000000000000,0000000064000000,1,0
ROW,compat1,32,CMN,15,00000000ffffffff,00000000ffffffff,00000000fffffffe,00000000a8000000,0,1
ROW,compat1,32,ANDS,15,00000000ffffffff,00000000ffffffff,00000000ffffffff,0000000084000000,1,-1
ROW,compat1,32,ADDS,16,00000000ba779207,0000000015e97b6c,00000000d0610d73,0000000088000000,0,1
ROW,compat1,32,SUBS,16,00000000ba779207,0000000015e97b6c,00000000a48e169b,00000000a8000000,0,1
ROW,compat1,32,CMP,16,00000000ba779207,0000000015e97b6c,00000000a48e169b,00000000a8000000,0,1
ROW,compat1,32,CMN,16,00000000ba779207,0000000015e97b6c,00000000d0610d73,0000000088000000,0,1
ROW,compat1,32,ANDS,16,00000000ba779207,0000000015e97b6c,0000000010611204,0000000000000000,0,-1
ROW,compat1,32,ADDS,17,000000002ee37363,0000000001e83091,0000000030cba3f4,0000000000000000,0,0
ROW,compat1,32,SUBS,17,000000002ee37363,0000000001e83091,000000002cfb42d2,0000000024000000,1,0
ROW,compat1,32,CMP,17,000000002ee37363,0000000001e83091,000000002cfb42d2,0000000024000000,1,0
ROW,compat1,32,CMN,17,000000002ee37363,0000000001e83091,0000000030cba3f4,0000000000000000,0,0
ROW,compat1,32,ANDS,17,000000002ee37363,0000000001e83091,0000000000e03001,0000000000000000,0,-1
ROW,compat1,32,ADDS,18,000000000955f032,00000000f92f0f6c,000000000284ff9e,0000000020000000,0,0
ROW,compat1,32,SUBS,18,000000000955f032,00000000f92f0f6c,000000001026e0c6,000000000c000000,1,1
ROW,compat1,32,CMP,18,000000000955f032,00000000f92f0f6c,000000001026e0c6,000000000c000000,1,1
ROW,compat1,32,CMN,18,000000000955f032,00000000f92f0f6c,000000000284ff9e,0000000020000000,0,0
ROW,compat1,32,ANDS,18,000000000955f032,00000000f92f0f6c,0000000009050020,0000000000000000,0,-1
ROW,compat1,32,ADDS,19,00000000ef431a44,00000000457bff71,0000000034bf19b5,0000000020000000,0,0
ROW,compat1,32,SUBS,19,00000000ef431a44,00000000457bff71,00000000a9c71ad3,00000000a0000000,0,0
ROW,compat1,32,CMP,19,00000000ef431a44,00000000457bff71,00000000a9c71ad3,00000000a0000000,0,0
ROW,compat1,32,CMN,19,00000000ef431a44,00000000457bff71,0000000034bf19b5,0000000020000000,0,0
ROW,compat1,32,ANDS,19,00000000ef431a44,00000000457bff71,0000000045431a40,0000000000000000,0,-1
ROW,compat1,32,ADDS,20,000000004816818c,00000000f7f4f4be,00000000400b764a,0000000028000000,0,1
ROW,compat1,32,SUBS,20,000000004816818c,00000000f7f4f4be,0000000050218cce,0000000008000000,0,1
ROW,compat1,32,CMP,20,000000004816818c,00000000f7f4f4be,0000000050218cce,0000000008000000,0,1
ROW,compat1,32,CMN,20,000000004816818c,00000000f7f4f4be,00000000400b764a,0000000028000000,0,1
ROW,compat1,32,ANDS,20,000000004816818c,00000000f7f4f4be,000000004014808c,0000000000000000,0,-1
ROW,compat1,32,ADDS,21,00000000b7e825c7,00000000c9f46231,0000000081dc87f8,00000000a0000000,0,0
ROW,compat1,32,SUBS,21,00000000b7e825c7,00000000c9f46231,00000000edf3c396,0000000084000000,1,0
ROW,compat1,32,CMP,21,00000000b7e825c7,00000000c9f46231,00000000edf3c396,0000000084000000,1,0
ROW,compat1,32,CMN,21,00000000b7e825c7,00000000c9f46231,0000000081dc87f8,00000000a0000000,0,0
ROW,compat1,32,ANDS,21,00000000b7e825c7,00000000c9f46231,0000000081e02001,0000000080000000,0,-1
ROW,compat1,32,ADDS,22,00000000d4d60e0a,00000000bea7e5b7,00000000937df3c1,00000000a8000000,0,1
ROW,compat1,32,SUBS,22,00000000d4d60e0a,00000000bea7e5b7,00000000162e2853,0000000024000000,1,0
ROW,compat1,32,CMP,22,00000000d4d60e0a,00000000bea7e5b7,00000000162e2853,0000000024000000,1,0
ROW,compat1,32,CMN,22,00000000d4d60e0a,00000000bea7e5b7,00000000937df3c1,00000000a8000000,0,1
ROW,compat1,32,ANDS,22,00000000d4d60e0a,00000000bea7e5b7,0000000094860402,0000000080000000,0,-1
ROW,compat1,32,ADDS,23,000000001b0181d6,000000008a6d2936,00000000a56eab0c,0000000084000000,1,0
ROW,compat1,32,SUBS,23,000000001b0181d6,000000008a6d2936,00000000909458a0,0000000094000000,1,0
ROW,compat1,32,CMP,23,000000001b0181d6,000000008a6d2936,00000000909458a0,0000000094000000,1,0
ROW,compat1,32,CMN,23,000000001b0181d6,000000008a6d2936,00000000a56eab0c,0000000084000000,1,0
ROW,compat1,32,ANDS,23,000000001b0181d6,000000008a6d2936,000000000a010116,0000000000000000,0,-1
ROW,compat1,32,ADDS,24,0000000000a81e44,00000000bc3eab52,00000000bce6c996,0000000084000000,1,0
ROW,compat1,32,SUBS,24,0000000000a81e44,00000000bc3eab52,00000000446972f2,0000000000000000,0,0
ROW,compat1,32,CMP,24,0000000000a81e44,00000000bc3eab52,00000000446972f2,0000000000000000,0,0
ROW,compat1,32,CMN,24,0000000000a81e44,00000000bc3eab52,00000000bce6c996,0000000084000000,1,0
ROW,compat1,32,ANDS,24,0000000000a81e44,00000000bc3eab52,0000000000280a40,0000000000000000,0,-1
ROW,compat1,32,ADDS,25,00000000f0c7b709,00000000e4347c74,00000000d4fc337d,00000000a4000000,1,0
ROW,compat1,32,SUBS,25,00000000f0c7b709,00000000e4347c74,000000000c933a95,0000000024000000,1,0
ROW,compat1,32,CMP,25,00000000f0c7b709,00000000e4347c74,000000000c933a95,0000000024000000,1,0
ROW,compat1,32,CMN,25,00000000f0c7b709,00000000e4347c74,00000000d4fc337d,00000000a4000000,1,0
ROW,compat1,32,ANDS,25,00000000f0c7b709,00000000e4347c74,00000000e0043400,0000000084000000,1,-1
ROW,compat1,32,ADDS,26,000000000f554dda,0000000062de412b,0000000072338f05,000000000c000000,1,1
ROW,compat1,32,SUBS,26,000000000f554dda,0000000062de412b,00000000ac770caf,000000008c000000,1,1
ROW,compat1,32,CMP,26,000000000f554dda,0000000062de412b,00000000ac770caf,000000008c000000,1,1
ROW,compat1,32,CMN,26,000000000f554dda,0000000062de412b,0000000072338f05,000000000c000000,1,1
ROW,compat1,32,ANDS,26,000000000f554dda,0000000062de412b,000000000254410a,0000000004000000,1,-1
ROW,compat1,32,ADDS,27,000000005981068a,00000000e5b467f9,000000003f356e83,0000000028000000,0,1
ROW,compat1,32,SUBS,27,000000005981068a,00000000e5b467f9,0000000073cc9e91,0000000000000000,0,0
ROW,compat1,32,CMP,27,000000005981068a,00000000e5b467f9,0000000073cc9e91,0000000000000000,0,0
ROW,compat1,32,CMN,27,000000005981068a,00000000e5b467f9,000000003f356e83,0000000028000000,0,1
ROW,compat1,32,ANDS,27,000000005981068a,00000000e5b467f9,0000000041800688,0000000004000000,1,-1
ROW,compat1,32,ADDS,28,00000000d49f146c,000000008bbed782,00000000605debee,0000000034000000,1,0
ROW,compat1,32,SUBS,28,00000000d49f146c,000000008bbed782,0000000048e03cea,0000000020000000,0,0
ROW,compat1,32,CMP,28,00000000d49f146c,000000008bbed782,0000000048e03cea,0000000020000000,0,0
ROW,compat1,32,CMN,28,00000000d49f146c,000000008bbed782,00000000605debee,0000000034000000,1,0
ROW,compat1,32,ANDS,28,00000000d49f146c,000000008bbed782,00000000809e1400,0000000084000000,1,-1
ROW,compat1,32,ADDS,29,000000008801cf70,00000000f0fa7f73,0000000078fc4ee3,0000000030000000,0,0
ROW,compat1,32,SUBS,29,000000008801cf70,00000000f0fa7f73,0000000097074ffd,0000000088000000,0,1
ROW,compat1,32,CMP,29,000000008801cf70,00000000f0fa7f73,0000000097074ffd,0000000088000000,0,1
ROW,compat1,32,CMN,29,000000008801cf70,00000000f0fa7f73,0000000078fc4ee3,0000000030000000,0,0
ROW,compat1,32,ANDS,29,000000008801cf70,00000000f0fa7f73,0000000080004f70,0000000080000000,0,-1
ROW,compat1,32,ADDS,30,00000000f2720dce,00000000e9285e98,00000000db9a6c66,00000000ac000000,1,1
ROW,compat1,32,SUBS,30,00000000f2720dce,00000000e9285e98,000000000949af36,0000000024000000,1,0
ROW,compat1,32,CMP,30,00000000f2720dce,00000000e9285e98,000000000949af36,0000000024000000,1,0
ROW,compat1,32,CMN,30,00000000f2720dce,00000000e9285e98,00000000db9a6c66,00000000ac000000,1,1
ROW,compat1,32,ANDS,30,00000000f2720dce,00000000e9285e98,00000000e0200c88,0000000084000000,1,-1
ROW,compat1,32,ADDS,31,00000000879feaea,00000000138fedbe,000000009b2fd8a8,0000000088000000,0,1
ROW,compat1,32,SUBS,31,00000000879feaea,00000000138fedbe,00000000740ffd2c,0000000038000000,0,1
ROW,compat1,32,CMP,31,00000000879feaea,00000000138fedbe,00000000740ffd2c,0000000038000000,0,1
ROW,compat1,32,CMN,31,00000000879feaea,00000000138fedbe,000000009b2fd8a8,0000000088000000,0,1
ROW,compat1,32,ANDS,31,00000000879feaea,00000000138fedbe,00000000038fe8aa,0000000004000000,1,-1
ROW,compat1,32,ADDS,32,00000000b54e2401,000000008bdbd015,000000004129f416,0000000030000000,0,0
ROW,compat1,32,SUBS,32,00000000b54e2401,000000008bdbd015,00000000297253ec,0000000028000000,0,1
ROW,compat1,32,CMP,32,00000000b54e2401,000000008bdbd015,00000000297253ec,0000000028000000,0,1
ROW,compat1,32,CMN,32,00000000b54e2401,000000008bdbd015,000000004129f416,0000000030000000,0,0
ROW,compat1,32,ANDS,32,00000000b54e2401,000000008bdbd015,00000000814a0001,0000000080000000,0,-1
ROW,compat1,32,ADDS,33,00000000be2218a8,0000000093c72543,0000000051e93deb,0000000034000000,1,0
ROW,compat1,32,SUBS,33,00000000be2218a8,0000000093c72543,000000002a5af365,0000000024000000,1,0
ROW,compat1,32,CMP,33,00000000be2218a8,0000000093c72543,000000002a5af365,0000000024000000,1,0
ROW,compat1,32,CMN,33,00000000be2218a8,0000000093c72543,0000000051e93deb,0000000034000000,1,0
ROW,compat1,32,ANDS,33,00000000be2218a8,0000000093c72543,0000000092020000,0000000084000000,1,-1
ROW,compat1,32,ADDS,34,00000000d9d4a40d,000000003260d9d0,000000000c357ddd,0000000024000000,1,0
ROW,compat1,32,SUBS,34,00000000d9d4a40d,000000003260d9d0,00000000a773ca3d,00000000a0000000,0,0
ROW,compat1,32,CMP,34,00000000d9d4a40d,000000003260d9d0,00000000a773ca3d,00000000a0000000,0,0
ROW,compat1,32,CMN,34,00000000d9d4a40d,000000003260d9d0,000000000c357ddd,0000000024000000,1,0
ROW,compat1,32,ANDS,34,00000000d9d4a40d,000000003260d9d0,0000000010408000,0000000004000000,1,-1
ROW,compat1,32,ADDS,35,00000000dfaab05b,00000000a345fe83,0000000082f0aede,00000000a4000000,1,0
ROW,compat1,32,SUBS,35,00000000dfaab05b,00000000a345fe83,000000003c64b1d8,0000000024000000,1,0
ROW,compat1,32,CMP,35,00000000dfaab05b,00000000a345fe83,000000003c64b1d8,0000000024000000,1,0
ROW,compat1,32,CMN,35,00000000dfaab05b,00000000a345fe83,0000000082f0aede,00000000a4000000,1,0
ROW,compat1,32,ANDS,35,00000000dfaab05b,00000000a345fe83,000000008300b003,0000000084000000,1,-1
ROW,compat1,32,ADDS,36,000000000724ba1b,00000000efea98e8,00000000f70f5303,000000008c000000,1,1
ROW,compat1,32,SUBS,36,000000000724ba1b,00000000efea98e8,00000000173a2133,0000000004000000,1,0
ROW,compat1,32,CMP,36,000000000724ba1b,00000000efea98e8,00000000173a2133,0000000004000000,1,0
ROW,compat1,32,CMN,36,000000000724ba1b,00000000efea98e8,00000000f70f5303,000000008c000000,1,1
ROW,compat1,32,ANDS,36,000000000724ba1b,00000000efea98e8,0000000007209808,0000000000000000,0,-1
ROW,compat1,32,ADDS,37,000000007c8da907,00000000627bf59e,00000000df099ea5,000000009c000000,1,1
ROW,compat1,32,SUBS,37,000000007c8da907,00000000627bf59e,000000001a11b369,000000002c000000,1,1
ROW,compat1,32,CMP,37,000000007c8da907,00000000627bf59e,000000001a11b369,000000002c000000,1,1
ROW,compat1,32,CMN,37,000000007c8da907,00000000627bf59e,00000000df099ea5,000000009c000000,1,1
ROW,compat1,32,ANDS,37,000000007c8da907,00000000627bf59e,000000006009a106,0000000004000000,1,-1
ROW,compat1,32,ADDS,38,0000000016b47eb0,0000000069c6b7f2,00000000807b36a2,0000000090000000,0,0
ROW,compat1,32,SUBS,38,0000000016b47eb0,0000000069c6b7f2,00000000acedc6be,000000008c000000,1,1
ROW,compat1,32,CMP,38,0000000016b47eb0,0000000069c6b7f2,00000000acedc6be,000000008c000000,1,1
ROW,compat1,32,CMN,38,0000000016b47eb0,0000000069c6b7f2,00000000807b36a2,0000000090000000,0,0
ROW,compat1,32,ANDS,38,0000000016b47eb0,0000000069c6b7f2,00000000008436b0,0000000000000000,0,-1
ROW,compat1,32,ADDS,39,00000000e3ccdeec,0000000024164931,0000000007e3281d,0000000024000000,1,0
ROW,compat1,32,SUBS,39,00000000e3ccdeec,0000000024164931,00000000bfb695bb,00000000a4000000,1,0
ROW,compat1,32,CMP,39,00000000e3ccdeec,0000000024164931,00000000bfb695bb,00000000a4000000,1,0
ROW,compat1,32,CMN,39,00000000e3ccdeec,0000000024164931,0000000007e3281d,0000000024000000,1,0
ROW,compat1,32,ANDS,39,00000000e3ccdeec,0000000024164931,0000000020044820,0000000000000000,0,-1
ROW,compat1,32,ADDS,40,000000000ca19112,000000009152575b,000000009df3e86d,0000000080000000,0,0
ROW,compat1,32,SUBS,40,000000000ca19112,000000009152575b,000000007b4f39b7,000000000c000000,1,1
ROW,compat1,32,CMP,40,000000000ca19112,000000009152575b,000000007b4f39b7,000000000c000000,1,1
ROW,compat1,32,CMN,40,000000000ca19112,000000009152575b,000000009df3e86d,0000000080000000,0,0
ROW,compat1,32,ANDS,40,000000000ca19112,000000009152575b,0000000000001112,0000000004000000,1,-1
ROW,compat1,32,ADDS,41,00000000a93bc949,0000000045b4c6be,00000000eef09007,0000000088000000,0,1
ROW,compat1,32,SUBS,41,00000000a93bc949,0000000045b4c6be,000000006387028b,000000003c000000,1,1
ROW,compat1,32,CMP,41,00000000a93bc949,0000000045b4c6be,000000006387028b,000000003c000000,1,1
ROW,compat1,32,CMN,41,00000000a93bc949,0000000045b4c6be,00000000eef09007,0000000088000000,0,1
ROW,compat1,32,ANDS,41,00000000a93bc949,0000000045b4c6be,000000000130c008,0000000000000000,0,-1
ROW,compat1,32,ADDS,42,000000002feb6e95,00000000dc5bbde3,000000000c472c78,0000000024000000,1,0
ROW,compat1,32,SUBS,42,000000002feb6e95,00000000dc5bbde3,00000000538fb0b2,0000000004000000,1,0
ROW,compat1,32,CMP,42,000000002feb6e95,00000000dc5bbde3,00000000538fb0b2,0000000004000000,1,0
ROW,compat1,32,CMN,42,000000002feb6e95,00000000dc5bbde3,000000000c472c78,0000000024000000,1,0
ROW,compat1,32,ANDS,42,000000002feb6e95,00000000dc5bbde3,000000000c4b2c81,0000000004000000,1,-1
ROW,compat1,32,ADDS,43,00000000eb4fef88,00000000a812dea1,000000009362ce29,00000000a0000000,0,0
ROW,compat1,32,SUBS,43,00000000eb4fef88,00000000a812dea1,00000000433d10e7,0000000024000000,1,0
ROW,compat1,32,CMP,43,00000000eb4fef88,00000000a812dea1,00000000433d10e7,0000000024000000,1,0
ROW,compat1,32,CMN,43,00000000eb4fef88,00000000a812dea1,000000009362ce29,00000000a0000000,0,0
ROW,compat1,32,ANDS,43,00000000eb4fef88,00000000a812dea1,00000000a802ce80,0000000080000000,0,-1
ROW,compat1,32,ADDS,44,00000000299a5453,00000000ef37d1dc,0000000018d2262f,0000000020000000,0,0
ROW,compat1,32,SUBS,44,00000000299a5453,00000000ef37d1dc,000000003a628277,000000000c000000,1,1
ROW,compat1,32,CMP,44,00000000299a5453,00000000ef37d1dc,000000003a628277,000000000c000000,1,1
ROW,compat1,32,CMN,44,00000000299a5453,00000000ef37d1dc,0000000018d2262f,0000000020000000,0,0
ROW,compat1,32,ANDS,44,00000000299a5453,00000000ef37d1dc,0000000029125050,0000000004000000,1,-1
ROW,compat1,32,ADDS,45,000000008cc04ad6,00000000996df051,00000000262e3b27,0000000034000000,1,0
ROW,compat1,32,SUBS,45,000000008cc04ad6,00000000996df051,00000000f3525a85,0000000080000000,0,0
ROW,compat1,32,CMP,45,000000008cc04ad6,00000000996df051,00000000f3525a85,0000000080000000,0,0
ROW,compat1,32,CMN,45,000000008cc04ad6,00000000996df051,00000000262e3b27,0000000034000000,1,0
ROW,compat1,32,ANDS,45,000000008cc04ad6,00000000996df051,0000000088404050,0000000084000000,1,-1
ROW,compat1,32,ADDS,46,000000002e223007,00000000556a6437,00000000838c943e,0000000090000000,0,0
ROW,compat1,32,SUBS,46,000000002e223007,00000000556a6437,00000000d8b7cbd0,0000000080000000,0,0
ROW,compat1,32,CMP,46,000000002e223007,00000000556a6437,00000000d8b7cbd0,0000000080000000,0,0
ROW,compat1,32,CMN,46,000000002e223007,00000000556a6437,00000000838c943e,0000000090000000,0,0
ROW,compat1,32,ANDS,46,000000002e223007,00000000556a6437,0000000004222007,0000000000000000,0,-1
ROW,compat1,32,ADDS,47,00000000597cdb85,0000000043eec108,000000009d6b9c8d,0000000094000000,1,0
ROW,compat1,32,SUBS,47,00000000597cdb85,0000000043eec108,00000000158e1a7d,000000002c000000,1,1
ROW,compat1,32,CMP,47,00000000597cdb85,0000000043eec108,00000000158e1a7d,000000002c000000,1,1
ROW,compat1,32,CMN,47,00000000597cdb85,0000000043eec108,000000009d6b9c8d,0000000094000000,1,0
ROW,compat1,32,ANDS,47,00000000597cdb85,0000000043eec108,00000000416cc100,0000000004000000,1,-1
ROW,compat1,32,ADDS,48,00000000f607ff23,00000000d7ae9dd7,00000000cdb69cfa,00000000a4000000,1,0
ROW,compat1,32,SUBS,48,00000000f607ff23,00000000d7ae9dd7,000000001e59614c,0000000028000000,0,1
ROW,compat1,32,CMP,48,00000000f607ff23,00000000d7ae9dd7,000000001e59614c,0000000028000000,0,1
ROW,compat1,32,CMN,48,00000000f607ff23,00000000d7ae9dd7,00000000cdb69cfa,00000000a4000000,1,0
ROW,compat1,32,ANDS,48,00000000f607ff23,00000000d7ae9dd7,00000000d6069d03,0000000084000000,1,-1
ROW,compat1,32,ADDS,49,00000000edc2a958,00000000b1a96a71,000000009f6c13c9,00000000a4000000,1,0
ROW,compat1,32,SUBS,49,00000000edc2a958,00000000b1a96a71,000000003c193ee7,0000000024000000,1,0
ROW,compat1,32,CMP,49,00000000edc2a958,00000000b1a96a71,000000003c193ee7,0000000024000000,1,0
ROW,compat1,32,CMN,49,00000000edc2a958,00000000b1a96a71,000000009f6c13c9,00000000a4000000,1,0
ROW,compat1,32,ANDS,49,00000000edc2a958,00000000b1a96a71,00000000a1802850,0000000084000000,1,-1
ROW,compat1,32,ADDS,50,0000000012d354cb,00000000bb01ee14,00000000cdd542df,0000000080000000,0,0
ROW,compat1,32,SUBS,50,0000000012d354cb,00000000bb01ee14,0000000057d166b7,0000000004000000,1,0
ROW,compat1,32,CMP,50,0000000012d354cb,00000000bb01ee14,0000000057d166b7,0000000004000000,1,0
ROW,compat1,32,CMN,50,0000000012d354cb,00000000bb01ee14,00000000cdd542df,0000000080000000,0,0
ROW,compat1,32,ANDS,50,0000000012d354cb,00000000bb01ee14,0000000012014400,0000000004000000,1,-1
ROW,compat1,32,ADDS,51,000000004e874068,00000000ea34e97f,0000000038bc29e7,000000002c000000,1,1
ROW,compat1,32,SUBS,51,000000004e874068,00000000ea34e97f,00000000645256e9,0000000008000000,0,1
ROW,compat1,32,CMP,51,000000004e874068,00000000ea34e97f,00000000645256e9,0000000008000000,0,1
ROW,compat1,32,CMN,51,000000004e874068,00000000ea34e97f,0000000038bc29e7,000000002c000000,1,1
ROW,compat1,32,ANDS,51,000000004e874068,00000000ea34e97f,000000004a044068,0000000000000000,0,-1
ROW,compat1,32,ADDS,52,0000000007b4404a,0000000037332480,000000003ee764ca,0000000004000000,1,0
ROW,compat1,32,SUBS,52,0000000007b4404a,0000000037332480,00000000d0811bca,0000000084000000,1,0
ROW,compat1,32,CMP,52,0000000007b4404a,0000000037332480,00000000d0811bca,0000000084000000,1,0
ROW,compat1,32,CMN,52,0000000007b4404a,0000000037332480,000000003ee764ca,0000000004000000,1,0
ROW,compat1,32,ANDS,52,0000000007b4404a,0000000037332480,0000000007300000,0000000004000000,1,-1
ROW,compat1,32,ADDS,53,0000000060206f76,00000000416764a8,00000000a187d41e,0000000094000000,1,0
ROW,compat1,32,SUBS,53,0000000060206f76,00000000416764a8,000000001eb90ace,0000000028000000,0,1
ROW,compat1,32,CMP,53,0000000060206f76,00000000416764a8,000000001eb90ace,0000000028000000,0,1
ROW,compat1,32,CMN,53,0000000060206f76,00000000416764a8,00000000a187d41e,0000000094000000,1,0
ROW,compat1,32,ANDS,53,0000000060206f76,00000000416764a8,0000000040206420,0000000000000000,0,-1
ROW,compat1,32,ADDS,54,00000000e9d3f375,00000000c64e3969,00000000b0222cde,00000000a4000000,1,0
ROW,compat1,32,SUBS,54,00000000e9d3f375,00000000c64e3969,000000002385ba0c,000000002c000000,1,1
ROW,compat1,32,CMP,54,00000000e9d3f375,00000000c64e3969,000000002385ba0c,000000002c000000,1,1
ROW,compat1,32,CMN,54,00000000e9d3f375,00000000c64e3969,00000000b0222cde,00000000a4000000,1,0
ROW,compat1,32,ANDS,54,00000000e9d3f375,00000000c64e3969,00000000c0423161,0000000080000000,0,-1
ROW,compat1,32,ADDS,55,00000000349f331c,000000008c16ea32,00000000c0b61d4e,0000000084000000,1,0
ROW,compat1,32,SUBS,55,00000000349f331c,000000008c16ea32,00000000a88848ea,0000000090000000,0,0
ROW,compat1,32,CMP,55,00000000349f331c,000000008c16ea32,00000000a88848ea,0000000090000000,0,0
ROW,compat1,32,CMN,55,00000000349f331c,000000008c16ea32,00000000c0b61d4e,0000000084000000,1,0
ROW,compat1,32,ANDS,55,00000000349f331c,000000008c16ea32,0000000004162210,0000000000000000,0,-1
ROW,compat1,32,ADDS,56,00000000ff7b2147,00000000856af5a4,0000000084e616eb,00000000a4000000,1,0
ROW,compat1,32,SUBS,56,00000000ff7b2147,00000000856af5a4,000000007a102ba3,0000000024000000,1,0
ROW,compat1,32,CMP,56,00000000ff7b2147,00000000856af5a4,000000007a102ba3,0000000024000000,1,0
ROW,compat1,32,CMN,56,00000000ff7b2147,00000000856af5a4,0000000084e616eb,00000000a4000000,1,0
ROW,compat1,32,ANDS,56,00000000ff7b2147,00000000856af5a4,00000000856a2104,0000000080000000,0,-1
ROW,compat1,32,ADDS,57,00000000850f2a31,0000000032b2a7e7,00000000b7c1d218,0000000084000000,1,0
ROW,compat1,32,SUBS,57,00000000850f2a31,0000000032b2a7e7,00000000525c824a,0000000038000000,0,1
ROW,compat1,32,CMP,57,00000000850f2a31,0000000032b2a7e7,00000000525c824a,0000000038000000,0,1
ROW,compat1,32,CMN,57,00000000850f2a31,0000000032b2a7e7,00000000b7c1d218,0000000084000000,1,0
ROW,compat1,32,ANDS,57,00000000850f2a31,0000000032b2a7e7,0000000000022221,0000000004000000,1,-1
ROW,compat1,32,ADDS,58,00000000b0085fd2,00000000dec50480,000000008ecd6452,00000000a0000000,0,0
ROW,compat1,32,SUBS,58,00000000b0085fd2,00000000dec50480,00000000d1435b52,0000000080000000,0,0
ROW,compat1,32,CMP,58,00000000b0085fd2,00000000dec50480,00000000d1435b52,0000000080000000,0,0
ROW,compat1,32,CMN,58,00000000b0085fd2,00000000dec50480,000000008ecd6452,00000000a0000000,0,0
ROW,compat1,32,ANDS,58,00000000b0085fd2,00000000dec50480,0000000090000480,0000000080000000,0,-1
ROW,compat1,32,ADDS,59,0000000030d2b83c,0000000044306401,0000000075031c3d,0000000000000000,0,0
ROW,compat1,32,SUBS,59,0000000030d2b83c,0000000044306401,00000000eca2543b,0000000080000000,0,0
ROW,compat1,32,CMP,59,0000000030d2b83c,0000000044306401,00000000eca2543b,0000000080000000,0,0
ROW,compat1,32,CMN,59,0000000030d2b83c,0000000044306401,0000000075031c3d,0000000000000000,0,0
ROW,compat1,32,ANDS,59,0000000030d2b83c,0000000044306401,0000000000102000,0000000004000000,1,-1
ROW,compat1,32,ADDS,60,0000000091997767,000000002485f666,00000000b61f6dcd,0000000080000000,0,0
ROW,compat1,32,SUBS,60,0000000091997767,000000002485f666,000000006d138101,0000000030000000,0,0
ROW,compat1,32,CMP,60,0000000091997767,000000002485f666,000000006d138101,0000000030000000,0,0
ROW,compat1,32,CMN,60,0000000091997767,000000002485f666,00000000b61f6dcd,0000000080000000,0,0
ROW,compat1,32,ANDS,60,0000000091997767,000000002485f666,0000000000817666,0000000004000000,1,-1
ROW,compat1,32,ADDS,61,0000000001eaa631,0000000067cb9788,0000000069b63db9,0000000000000000,0,0
ROW,compat1,32,SUBS,61,0000000001eaa631,0000000067cb9788,000000009a1f0ea9,000000008c000000,1,1
ROW,compat1,32,CMP,61,0000000001eaa631,0000000067cb9788,000000009a1f0ea9,000000008c000000,1,1
ROW,compat1,32,CMN,61,0000000001eaa631,0000000067cb9788,0000000069b63db9,0000000000000000,0,0
ROW,compat1,32,ANDS,61,0000000001eaa631,0000000067cb9788,0000000001ca8600,0000000004000000,1,-1
ROW,compat1,32,ADDS,62,00000000a8a70bea,00000000cead92ab,0000000077549e95,000000003c000000,1,1
ROW,compat1,32,SUBS,62,00000000a8a70bea,00000000cead92ab,00000000d9f9793f,000000008c000000,1,1
ROW,compat1,32,CMP,62,00000000a8a70bea,00000000cead92ab,00000000d9f9793f,000000008c000000,1,1
ROW,compat1,32,CMN,62,00000000a8a70bea,00000000cead92ab,0000000077549e95,000000003c000000,1,1
ROW,compat1,32,ANDS,62,00000000a8a70bea,00000000cead92ab,0000000088a502aa,0000000084000000,1,-1
ROW,compat1,32,ADDS,63,00000000acc47e35,00000000e11c7f00,000000008de0fd35,00000000a4000000,1,0
ROW,compat1,32,SUBS,63,00000000acc47e35,00000000e11c7f00,00000000cba7ff35,0000000084000000,1,0
ROW,compat1,32,CMP,63,00000000acc47e35,00000000e11c7f00,00000000cba7ff35,0000000084000000,1,0
ROW,compat1,32,CMN,63,00000000acc47e35,00000000e11c7f00,000000008de0fd35,00000000a4000000,1,0
ROW,compat1,32,ANDS,63,00000000acc47e35,00000000e11c7f00,00000000a0047e00,0000000084000000,1,-1
ROW,compat1,64,ADDS,0,0000000000000000,000000000000000f,000000000000000f,0000000004000000,1,0
ROW,compat1,64,SUBS,0,0000000000000000,000000000000000f,fffffffffffffff1,0000000088000000,0,1
ROW,compat1,64,CMP,0,0000000000000000,000000000000000f,fffffffffffffff1,0000000088000000,0,1
ROW,compat1,64,CMN,0,0000000000000000,000000000000000f,000000000000000f,0000000004000000,1,0
ROW,compat1,64,ANDS,0,0000000000000000,000000000000000f,0000000000000000,0000000044000000,1,-1
ROW,compat1,64,ADDS,1,0000000000000001,0000000080000000,0000000080000001,0000000000000000,0,0
ROW,compat1,64,SUBS,1,0000000000000001,0000000080000000,ffffffff80000001,0000000080000000,0,0
ROW,compat1,64,CMP,1,0000000000000001,0000000080000000,ffffffff80000001,0000000080000000,0,0
ROW,compat1,64,CMN,1,0000000000000001,0000000080000000,0000000080000001,0000000000000000,0,0
ROW,compat1,64,ANDS,1,0000000000000001,0000000080000000,0000000000000000,0000000044000000,1,-1
ROW,compat1,64,ADDS,2,0000000000000002,0000000000000007,0000000000000009,0000000004000000,1,0
ROW,compat1,64,SUBS,2,0000000000000002,0000000000000007,fffffffffffffffb,0000000088000000,0,1
ROW,compat1,64,CMP,2,0000000000000002,0000000000000007,fffffffffffffffb,0000000088000000,0,1
ROW,compat1,64,CMN,2,0000000000000002,0000000000000007,0000000000000009,0000000004000000,1,0
ROW,compat1,64,ANDS,2,0000000000000002,0000000000000007,0000000000000002,0000000000000000,0,-1
ROW,compat1,64,ADDS,3,0000000000000003,00000000000000ff,0000000000000102,0000000008000000,0,1
ROW,compat1,64,SUBS,3,0000000000000003,00000000000000ff,ffffffffffffff04,0000000088000000,0,1
ROW,compat1,64,CMP,3,0000000000000003,00000000000000ff,ffffffffffffff04,0000000088000000,0,1
ROW,compat1,64,CMN,3,0000000000000003,00000000000000ff,0000000000000102,0000000008000000,0,1
ROW,compat1,64,ANDS,3,0000000000000003,00000000000000ff,0000000000000003,0000000004000000,1,-1
ROW,compat1,64,ADDS,4,0000000000000007,0000000000000002,0000000000000009,0000000004000000,1,0
ROW,compat1,64,SUBS,4,0000000000000007,0000000000000002,0000000000000005,0000000024000000,1,0
ROW,compat1,64,CMP,4,0000000000000007,0000000000000002,0000000000000005,0000000024000000,1,0
ROW,compat1,64,CMN,4,0000000000000007,0000000000000002,0000000000000009,0000000004000000,1,0
ROW,compat1,64,ANDS,4,0000000000000007,0000000000000002,0000000000000002,0000000000000000,0,-1
ROW,compat1,64,ADDS,5,0000000000000008,000000000000007f,0000000000000087,000000000c000000,1,1
ROW,compat1,64,SUBS,5,0000000000000008,000000000000007f,ffffffffffffff89,0000000088000000,0,1
ROW,compat1,64,CMP,5,0000000000000008,000000000000007f,ffffffffffffff89,0000000088000000,0,1
ROW,compat1,64,CMN,5,0000000000000008,000000000000007f,0000000000000087,000000000c000000,1,1
ROW,compat1,64,ANDS,5,0000000000000008,000000000000007f,0000000000000008,0000000000000000,0,-1
ROW,compat1,64,ADDS,6,000000000000000f,0000000000000000,000000000000000f,0000000004000000,1,0
ROW,compat1,64,SUBS,6,000000000000000f,0000000000000000,000000000000000f,0000000024000000,1,0
ROW,compat1,64,CMP,6,000000000000000f,0000000000000000,000000000000000f,0000000024000000,1,0
ROW,compat1,64,CMN,6,000000000000000f,0000000000000000,000000000000000f,0000000004000000,1,0
ROW,compat1,64,ANDS,6,000000000000000f,0000000000000000,0000000000000000,0000000044000000,1,-1
ROW,compat1,64,ADDS,7,0000000000000010,0000000000000010,0000000000000020,0000000000000000,0,0
ROW,compat1,64,SUBS,7,0000000000000010,0000000000000010,0000000000000000,0000000064000000,1,0
ROW,compat1,64,CMP,7,0000000000000010,0000000000000010,0000000000000000,0000000064000000,1,0
ROW,compat1,64,CMN,7,0000000000000010,0000000000000010,0000000000000020,0000000000000000,0,0
ROW,compat1,64,ANDS,7,0000000000000010,0000000000000010,0000000000000010,0000000000000000,0,-1
ROW,compat1,64,ADDS,8,000000000000001f,00000000ffffffff,000000010000001e,000000000c000000,1,1
ROW,compat1,64,SUBS,8,000000000000001f,00000000ffffffff,ffffffff00000020,0000000080000000,0,0
ROW,compat1,64,CMP,8,000000000000001f,00000000ffffffff,ffffffff00000020,0000000080000000,0,0
ROW,compat1,64,CMN,8,000000000000001f,00000000ffffffff,000000010000001e,000000000c000000,1,1
ROW,compat1,64,ANDS,8,000000000000001f,00000000ffffffff,000000000000001f,0000000000000000,0,-1
ROW,compat1,64,ADDS,9,000000000000007f,0000000000000008,0000000000000087,000000000c000000,1,1
ROW,compat1,64,SUBS,9,000000000000007f,0000000000000008,0000000000000077,0000000024000000,1,0
ROW,compat1,64,CMP,9,000000000000007f,0000000000000008,0000000000000077,0000000024000000,1,0
ROW,compat1,64,CMN,9,000000000000007f,0000000000000008,0000000000000087,000000000c000000,1,1
ROW,compat1,64,ANDS,9,000000000000007f,0000000000000008,0000000000000008,0000000000000000,0,-1
ROW,compat1,64,ADDS,10,0000000000000080,000000007fffffff,000000008000007f,0000000000000000,0,0
ROW,compat1,64,SUBS,10,0000000000000080,000000007fffffff,ffffffff80000081,000000008c000000,1,1
ROW,compat1,64,CMP,10,0000000000000080,000000007fffffff,ffffffff80000081,000000008c000000,1,1
ROW,compat1,64,CMN,10,0000000000000080,000000007fffffff,000000008000007f,0000000000000000,0,0
ROW,compat1,64,ANDS,10,0000000000000080,000000007fffffff,0000000000000080,0000000000000000,0,-1
ROW,compat1,64,ADDS,11,00000000000000ff,0000000000000003,0000000000000102,0000000008000000,0,1
ROW,compat1,64,SUBS,11,00000000000000ff,0000000000000003,00000000000000fc,0000000024000000,1,0
ROW,compat1,64,CMP,11,00000000000000ff,0000000000000003,00000000000000fc,0000000024000000,1,0
ROW,compat1,64,CMN,11,00000000000000ff,0000000000000003,0000000000000102,0000000008000000,0,1
ROW,compat1,64,ANDS,11,00000000000000ff,0000000000000003,0000000000000003,0000000004000000,1,-1
ROW,compat1,64,ADDS,12,000000007fffffff,0000000000000080,000000008000007f,0000000000000000,0,0
ROW,compat1,64,SUBS,12,000000007fffffff,0000000000000080,000000007fffff7f,0000000020000000,0,0
ROW,compat1,64,CMP,12,000000007fffffff,0000000000000080,000000007fffff7f,0000000020000000,0,0
ROW,compat1,64,CMN,12,000000007fffffff,0000000000000080,000000008000007f,0000000000000000,0,0
ROW,compat1,64,ANDS,12,000000007fffffff,0000000000000080,0000000000000080,0000000000000000,0,-1
ROW,compat1,64,ADDS,13,0000000080000000,0000000000000001,0000000080000001,0000000000000000,0,0
ROW,compat1,64,SUBS,13,0000000080000000,0000000000000001,000000007fffffff,000000002c000000,1,1
ROW,compat1,64,CMP,13,0000000080000000,0000000000000001,000000007fffffff,000000002c000000,1,1
ROW,compat1,64,CMN,13,0000000080000000,0000000000000001,0000000080000001,0000000000000000,0,0
ROW,compat1,64,ANDS,13,0000000080000000,0000000000000001,0000000000000000,0000000044000000,1,-1
ROW,compat1,64,ADDS,14,00000000ffffffff,000000000000001f,000000010000001e,000000000c000000,1,1
ROW,compat1,64,SUBS,14,00000000ffffffff,000000000000001f,00000000ffffffe0,0000000020000000,0,0
ROW,compat1,64,CMP,14,00000000ffffffff,000000000000001f,00000000ffffffe0,0000000020000000,0,0
ROW,compat1,64,CMN,14,00000000ffffffff,000000000000001f,000000010000001e,000000000c000000,1,1
ROW,compat1,64,ANDS,14,00000000ffffffff,000000000000001f,000000000000001f,0000000000000000,0,-1
ROW,compat1,64,ADDS,15,ffffffffffffffff,ffffffffffffffff,fffffffffffffffe,00000000a8000000,0,1
ROW,compat1,64,SUBS,15,ffffffffffffffff,ffffffffffffffff,0000000000000000,0000000064000000,1,0
ROW,compat1,64,CMP,15,ffffffffffffffff,ffffffffffffffff,0000000000000000,0000000064000000,1,0
ROW,compat1,64,CMN,15,ffffffffffffffff,ffffffffffffffff,fffffffffffffffe,00000000a8000000,0,1
ROW,compat1,64,ANDS,15,ffffffffffffffff,ffffffffffffffff,ffffffffffffffff,0000000084000000,1,-1
ROW,compat1,64,ADDS,16,5de186dcba779207,aea0b05615e97b6c,0c823732d0610d73,0000000028000000,0,1
ROW,compat1,64,SUBS,16,5de186dcba779207,aea0b05615e97b6c,af40d686a48e169b,0000000098000000,0,1
ROW,compat1,64,CMP,16,5de186dcba779207,aea0b05615e97b6c,af40d686a48e169b,0000000098000000,0,1
ROW,compat1,64,CMN,16,5de186dcba779207,aea0b05615e97b6c,0c823732d0610d73,0000000028000000,0,1
ROW,compat1,64,ANDS,16,5de186dcba779207,aea0b05615e97b6c,0ca0805410611204,0000000000000000,0,-1
ROW,compat1,64,ADDS,17,808475f02ee37363,66bbe75c01e83091,e7405d4c30cba3f4,0000000080000000,0,0
ROW,compat1,64,SUBS,17,808475f02ee37363,66bbe75c01e83091,19c88e942cfb42d2,0000000034000000,1,0
ROW,compat1,64,CMP,17,808475f02ee37363,66bbe75c01e83091,19c88e942cfb42d2,0000000034000000,1,0
ROW,compat1,64,CMN,17,808475f02ee37363,66bbe75c01e83091,e7405d4c30cba3f4,0000000080000000,0,0
ROW,compat1,64,ANDS,17,808475f02ee37363,66bbe75c01e83091,0080655000e03001,0000000000000000,0,-1
ROW,compat1,64,ADDS,18,1120b3d00955f032,4eff0b08f92f0f6c,601fbed90284ff9e,0000000000000000,0,0
ROW,compat1,64,SUBS,18,1120b3d00955f032,4eff0b08f92f0f6c,c221a8c71026e0c6,000000008c000000,1,1
ROW,compat1,64,CMP,18,1120b3d00955f032,4eff0b08f92f0f6c,c221a8c71026e0c6,000000008c000000,1,1
ROW,compat1,64,CMN,18,1120b3d00955f032,4eff0b08f92f0f6c,601fbed90284ff9e,0000000000000000,0,0
ROW,compat1,64,ANDS,18,1120b3d00955f032,4eff0b08f92f0f6c,0020030009050020,0000000000000000,0,-1
ROW,compat1,64,ADDS,19,bc4075f2ef431a44,dabe0bd2457bff71,96fe81c534bf19b5,00000000a0000000,0,0
ROW,compat1,64,SUBS,19,bc4075f2ef431a44,dabe0bd2457bff71,e1826a20a9c71ad3,0000000080000000,0,0
ROW,compat1,64,CMP,19,bc4075f2ef431a44,dabe0bd2457bff71,e1826a20a9c71ad3,0000000080000000,0,0
ROW,compat1,64,CMN,19,bc4075f2ef431a44,dabe0bd2457bff71,96fe81c534bf19b5,00000000a0000000,0,0
ROW,compat1,64,ANDS,19,bc4075f2ef431a44,dabe0bd2457bff71,980001d245431a40,0000000080000000,0,-1
ROW,compat1,64,ADDS,20,362259904816818c,4b1bbcd2f7f4f4be,813e1663400b764a,0000000098000000,0,1
ROW,compat1,64,SUBS,20,362259904816818c,4b1bbcd2f7f4f4be,eb069cbd50218cce,0000000088000000,0,1
ROW,compat1,64,CMP,20,362259904816818c,4b1bbcd2f7f4f4be,eb069cbd50218cce,0000000088000000,0,1
ROW,compat1,64,CMN,20,362259904816818c,4b1bbcd2f7f4f4be,813e1663400b764a,0000000098000000,0,1
ROW,compat1,64,ANDS,20,362259904816818c,4b1bbcd2f7f4f4be,020218904014808c,0000000000000000,0,-1
ROW,compat1,64,ADDS,21,06ca0a95b7e825c7,730543a4c9f46231,79cf4e3a81dc87f8,0000000000000000,0,0
ROW,compat1,64,SUBS,21,06ca0a95b7e825c7,730543a4c9f46231,93c4c6f0edf3c396,0000000084000000,1,0
ROW,compat1,64,CMP,21,06ca0a95b7e825c7,730543a4c9f46231,93c4c6f0edf3c396,0000000084000000,1,0
ROW,compat1,64,CMN,21,06ca0a95b7e825c7,730543a4c9f46231,79cf4e3a81dc87f8,0000000000000000,0,0
ROW,compat1,64,ANDS,21,06ca0a95b7e825c7,730543a4c9f46231,0200028481e02001,0000000000000000,0,-1
ROW,compat1,64,ADDS,22,c80de0f9d4d60e0a,2a8e80d0bea7e5b7,f29c61ca937df3c1,0000000088000000,0,1
ROW,compat1,64,SUBS,22,c80de0f9d4d60e0a,2a8e80d0bea7e5b7,9d7f6029162e2853,00000000a4000000,1,0
ROW,compat1,64,CMP,22,c80de0f9d4d60e0a,2a8e80d0bea7e5b7,9d7f6029162e2853,00000000a4000000,1,0
ROW,compat1,64,CMN,22,c80de0f9d4d60e0a,2a8e80d0bea7e5b7,f29c61ca937df3c1,0000000088000000,0,1
ROW,compat1,64,ANDS,22,c80de0f9d4d60e0a,2a8e80d0bea7e5b7,080c80d094860402,0000000000000000,0,-1
ROW,compat1,64,ADDS,23,e8d7da001b0181d6,02f590758a6d2936,ebcd6a75a56eab0c,0000000084000000,1,0
ROW,compat1,64,SUBS,23,e8d7da001b0181d6,02f590758a6d2936,e5e2498a909458a0,00000000a4000000,1,0
ROW,compat1,64,CMP,23,e8d7da001b0181d6,02f590758a6d2936,e5e2498a909458a0,00000000a4000000,1,0
ROW,compat1,64,CMN,23,e8d7da001b0181d6,02f590758a6d2936,ebcd6a75a56eab0c,0000000084000000,1,0
ROW,compat1,64,ANDS,23,e8d7da001b0181d6,02f590758a6d2936,00d590000a010116,0000000000000000,0,-1
ROW,compat1,64,ADDS,24,aac8c00000a81e44,28bf8a80bc3eab52,d3884a80bce6c996,0000000084000000,1,0
ROW,compat1,64,SUBS,24,aac8c00000a81e44,28bf8a80bc3eab52,8209357f446972f2,00000000a0000000,0,0
ROW,compat1,64,CMP,24,aac8c00000a81e44,28bf8a80bc3eab52,8209357f446972f2,00000000a0000000,0,0
ROW,compat1,64,CMN,24,aac8c00000a81e44,28bf8a80bc3eab52,d3884a80bce6c996,0000000084000000,1,0
ROW,compat1,64,ANDS,24,aac8c00000a81e44,28bf8a80bc3eab52,2888800000280a40,0000000000000000,0,-1
ROW,compat1,64,ADDS,25,a208c12cf0c7b709,1882c195e4347c74,ba8b82c2d4fc337d,0000000084000000,1,0
ROW,compat1,64,SUBS,25,a208c12cf0c7b709,1882c195e4347c74,8985ff970c933a95,00000000a4000000,1,0
ROW,compat1,64,CMP,25,a208c12cf0c7b709,1882c195e4347c74,8985ff970c933a95,00000000a4000000,1,0
ROW,compat1,64,CMN,25,a208c12cf0c7b709,1882c195e4347c74,ba8b82c2d4fc337d,0000000084000000,1,0
ROW,compat1,64,ANDS,25,a208c12cf0c7b709,1882c195e4347c74,0000c104e0043400,0000000004000000,1,-1
ROW,compat1,64,ADDS,26,c3b7f4e80f554dda,b4dc9bd462de412b,789490bc72338f05,000000003c000000,1,1
ROW,compat1,64,SUBS,26,c3b7f4e80f554dda,b4dc9bd462de412b,0edb5913ac770caf,000000002c000000,1,1
ROW,compat1,64,CMP,26,c3b7f4e80f554dda,b4dc9bd462de412b,0edb5913ac770caf,000000002c000000,1,1
ROW,compat1,64,CMN,26,c3b7f4e80f554dda,b4dc9bd462de412b,789490bc72338f05,000000003c000000,1,1
ROW,compat1,64,ANDS,26,c3b7f4e80f554dda,b4dc9bd462de412b,809490c00254410a,0000000084000000,1,-1
ROW,compat1,64,ADDS,27,974e35325981068a,d1b89df7e5b467f9,6906d32a3f356e83,0000000038000000,0,1
ROW,compat1,64,SUBS,27,974e35325981068a,d1b89df7e5b467f9,c595973a73cc9e91,0000000080000000,0,0
ROW,compat1,64,CMP,27,974e35325981068a,d1b89df7e5b467f9,c595973a73cc9e91,0000000080000000,0,0
ROW,compat1,64,CMN,27,974e35325981068a,d1b89df7e5b467f9,6906d32a3f356e83,0000000038000000,0,1
ROW,compat1,64,ANDS,27,974e35325981068a,d1b89df7e5b467f9,9108153241800688,0000000084000000,1,-1
ROW,compat1,64,ADDS,28,905c768ad49f146c,ca87cb278bbed782,5ae441b2605debee,0000000034000000,1,0
ROW,compat1,64,SUBS,28,905c768ad49f146c,ca87cb278bbed782,c5d4ab6348e03cea,0000000080000000,0,0
ROW,compat1,64,CMP,28,905c768ad49f146c,ca87cb278bbed782,c5d4ab6348e03cea,0000000080000000,0,0
ROW,compat1,64,CMN,28,905c768ad49f146c,ca87cb278bbed782,5ae441b2605debee,0000000034000000,1,0
ROW,compat1,64,ANDS,28,905c768ad49f146c,ca87cb278bbed782,80044202809e1400,0000000084000000,1,-1
ROW,compat1,64,ADDS,29,bb7b49ab8801cf70,b41d1166f0fa7f73,6f985b1278fc4ee3,0000000030000000,0,0
ROW,compat1,64,SUBS,29,bb7b49ab8801cf70,b41d1166f0fa7f73,075e384497074ffd,0000000028000000,0,1
ROW,compat1,64,CMP,29,bb7b49ab8801cf70,b41d1166f0fa7f73,075e384497074ffd,0000000028000000,0,1
ROW,compat1,64,CMN,29,bb7b49ab8801cf70,b41d1166f0fa7f73,6f985b1278fc4ee3,0000000030000000,0,0
ROW,compat1,64,ANDS,29,bb7b49ab8801cf70,b41d1166f0fa7f73,b019012280004f70,0000000080000000,0,-1
ROW,compat1,64,ADDS,30,a8ee577af2720dce,3fadb6bde9285e98,e89c0e38db9a6c66,000000008c000000,1,1
ROW,compat1,64,SUBS,30,a8ee577af2720dce,3fadb6bde9285e98,6940a0bd0949af36,0000000034000000,1,0
ROW,compat1,64,CMP,30,a8ee577af2720dce,3fadb6bde9285e98,6940a0bd0949af36,0000000034000000,1,0
ROW,compat1,64,CMN,30,a8ee577af2720dce,3fadb6bde9285e98,e89c0e38db9a6c66,000000008c000000,1,1
ROW,compat1,64,ANDS,30,a8ee577af2720dce,3fadb6bde9285e98,28ac1638e0200c88,0000000004000000,1,-1
ROW,compat1,64,ADDS,31,d7599677879feaea,abf42acc138fedbe,834dc1439b2fd8a8,00000000a8000000,0,1
ROW,compat1,64,SUBS,31,d7599677879feaea,abf42acc138fedbe,2b656bab740ffd2c,0000000028000000,0,1
ROW,compat1,64,CMP,31,d7599677879feaea,abf42acc138fedbe,2b656bab740ffd2c,0000000028000000,0,1
ROW,compat1,64,CMN,31,d7599677879feaea,abf42acc138fedbe,834dc1439b2fd8a8,00000000a8000000,0,1
ROW,compat1,64,ANDS,31,d7599677879feaea,abf42acc138fedbe,83500244038fe8aa,0000000084000000,1,-1
ROW,compat1,64,ADDS,32,eaeb7f27b54e2401,96403e918bdbd015,812bbdb94129f416,00000000a0000000,0,0
ROW,compat1,64,SUBS,32,eaeb7f27b54e2401,96403e918bdbd015,54ab4096297253ec,0000000028000000,0,1
ROW,compat1,64,CMP,32,eaeb7f27b54e2401,96403e918bdbd015,54ab4096297253ec,0000000028000000,0,1
ROW,compat1,64,CMN,32,eaeb7f27b54e2401,96403e918bdbd015,812bbdb94129f416,00000000a0000000,0,0
ROW,compat1,64,ANDS,32,eaeb7f27b54e2401,96403e918bdbd015,82403e01814a0001,0000000080000000,0,-1
ROW,compat1,64,ADDS,33,2c0e0fedbe2218a8,740b401493c72543,a019500251e93deb,0000000094000000,1,0
ROW,compat1,64,SUBS,33,2c0e0fedbe2218a8,740b401493c72543,b802cfd92a5af365,0000000084000000,1,0
ROW,compat1,64,CMP,33,2c0e0fedbe2218a8,740b401493c72543,b802cfd92a5af365,0000000084000000,1,0
ROW,compat1,64,CMN,33,2c0e0fedbe2218a8,740b401493c72543,a019500251e93deb,0000000094000000,1,0
ROW,compat1,64,ANDS,33,2c0e0fedbe2218a8,740b401493c72543,240a000492020000,0000000004000000,1,-1
ROW,compat1,64,ADDS,34,89242d2dd9d4a40d,8e48a85c3260d9d0,176cd58a0c357ddd,0000000034000000,1,0
ROW,compat1,64,SUBS,34,89242d2dd9d4a40d,8e48a85c3260d9d0,fadb84d1a773ca3d,0000000080000000,0,0
ROW,compat1,64,CMP,34,89242d2dd9d4a40d,8e48a85c3260d9d0,fadb84d1a773ca3d,0000000080000000,0,0
ROW,compat1,64,CMN,34,89242d2dd9d4a40d,8e48a85c3260d9d0,176cd58a0c357ddd,0000000034000000,1,0
ROW,compat1,64,ANDS,34,89242d2dd9d4a40d,8e48a85c3260d9d0,8800280c10408000,0000000084000000,1,-1
ROW,compat1,64,ADDS,35,4d5cb825dfaab05b,b24ce50ea345fe83,ffa99d3482f0aede,0000000084000000,1,0
ROW,compat1,64,SUBS,35,4d5cb825dfaab05b,b24ce50ea345fe83,9b0fd3173c64b1d8,0000000094000000,1,0
ROW,compat1,64,CMP,35,4d5cb825dfaab05b,b24ce50ea345fe83,9b0fd3173c64b1d8,0000000094000000,1,0
ROW,compat1,64,CMN,35,4d5cb825dfaab05b,b24ce50ea345fe83,ffa99d3482f0aede,0000000084000000,1,0
ROW,compat1,64,ANDS,35,4d5cb825dfaab05b,b24ce50ea345fe83,004ca0048300b003,0000000004000000,1,-1
ROW,compat1,64,ADDS,36,e9b316290724ba1b,03ef5b87efea98e8,eda271b0f70f5303,000000008c000000,1,1
ROW,compat1,64,SUBS,36,e9b316290724ba1b,03ef5b87efea98e8,e5c3baa1173a2133,00000000a4000000,1,0
ROW,compat1,64,CMP,36,e9b316290724ba1b,03ef5b87efea98e8,e5c3baa1173a2133,00000000a4000000,1,0
ROW,compat1,64,CMN,36,e9b316290724ba1b,03ef5b87efea98e8,eda271b0f70f5303,000000008c000000,1,1
ROW,compat1,64,ANDS,36,e9b316290724ba1b,03ef5b87efea98e8,01a3120107209808,0000000000000000,0,-1
ROW,compat1,64,ADDS,37,c7ab56057c8da907,e85c7afb627bf59e,b007d100df099ea5,00000000ac000000,1,1
ROW,compat1,64,SUBS,37,c7ab56057c8da907,e85c7afb627bf59e,df4edb0a1a11b369,000000008c000000,1,1
ROW,compat1,64,CMP,37,c7ab56057c8da907,e85c7afb627bf59e,df4edb0a1a11b369,000000008c000000,1,1
ROW,compat1,64,CMN,37,c7ab56057c8da907,e85c7afb627bf59e,b007d100df099ea5,00000000ac000000,1,1
ROW,compat1,64,ANDS,37,c7ab56057c8da907,e85c7afb627bf59e,c00852016009a106,0000000084000000,1,-1
ROW,compat1,64,ADDS,38,eb01cfaf16b47eb0,8d9bd6ca69c6b7f2,789da679807b36a2,0000000030000000,0,0
ROW,compat1,64,SUBS,38,eb01cfaf16b47eb0,8d9bd6ca69c6b7f2,5d65f8e4acedc6be,000000002c000000,1,1
ROW,compat1,64,CMP,38,eb01cfaf16b47eb0,8d9bd6ca69c6b7f2,5d65f8e4acedc6be,000000002c000000,1,1
ROW,compat1,64,CMN,38,eb01cfaf16b47eb0,8d9bd6ca69c6b7f2,789da679807b36a2,0000000030000000,0,0
ROW,compat1,64,ANDS,38,eb01cfaf16b47eb0,8d9bd6ca69c6b7f2,8901c68a008436b0,0000000080000000,0,-1
ROW,compat1,64,ADDS,39,ce6a57a6e3ccdeec,3d3f9d6d24164931,0ba9f51407e3281d,0000000024000000,1,0
ROW,compat1,64,SUBS,39,ce6a57a6e3ccdeec,3d3f9d6d24164931,912aba39bfb695bb,00000000a4000000,1,0
ROW,compat1,64,CMP,39,ce6a57a6e3ccdeec,3d3f9d6d24164931,912aba39bfb695bb,00000000a4000000,1,0
ROW,compat1,64,CMN,39,ce6a57a6e3ccdeec,3d3f9d6d24164931,0ba9f51407e3281d,0000000024000000,1,0
ROW,compat1,64,ANDS,39,ce6a57a6e3ccdeec,3d3f9d6d24164931,0c2a152420044820,0000000000000000,0,-1
ROW,compat1,64,ADDS,40,369eae0b0ca19112,6a0c02bb9152575b,a0aab0c69df3e86d,0000000090000000,0,0
ROW,compat1,64,SUBS,40,369eae0b0ca19112,6a0c02bb9152575b,cc92ab4f7b4f39b7,000000008c000000,1,1
ROW,compat1,64,CMP,40,369eae0b0ca19112,6a0c02bb9152575b,cc92ab4f7b4f39b7,000000008c000000,1,1
ROW,compat1,64,CMN,40,369eae0b0ca19112,6a0c02bb9152575b,a0aab0c69df3e86d,0000000090000000,0,0
ROW,compat1,64,ANDS,40,369eae0b0ca19112,6a0c02bb9152575b,220c020b00001112,0000000004000000,1,-1
ROW,compat1,64,ADDS,41,118e846ea93bc949,ad4f6e1945b4c6be,beddf287eef09007,0000000088000000,0,1
ROW,compat1,64,SUBS,41,118e846ea93bc949,ad4f6e1945b4c6be,643f16556387028b,000000000c000000,1,1
ROW,compat1,64,CMP,41,118e846ea93bc949,ad4f6e1945b4c6be,643f16556387028b,000000000c000000,1,1
ROW,compat1,64,CMN,41,118e846ea93bc949,ad4f6e1945b4c6be,beddf287eef09007,0000000088000000,0,1
ROW,compat1,64,ANDS,41,118e846ea93bc949,ad4f6e1945b4c6be,010e04080130c008,0000000000000000,0,-1
ROW,compat1,64,ADDS,42,bdd732262feb6e95,325c64dbdc5bbde3,f03397020c472c78,0000000084000000,1,0
ROW,compat1,64,SUBS,42,bdd732262feb6e95,325c64dbdc5bbde3,8b7acd4a538fb0b2,00000000a4000000,1,0
ROW,compat1,64,CMP,42,bdd732262feb6e95,325c64dbdc5bbde3,8b7acd4a538fb0b2,00000000a4000000,1,0
ROW,compat1,64,CMN,42,bdd732262feb6e95,325c64dbdc5bbde3,f03397020c472c78,0000000084000000,1,0
ROW,compat1,64,ANDS,42,bdd732262feb6e95,325c64dbdc5bbde3,305420020c4b2c81,0000000004000000,1,-1
ROW,compat1,64,ADDS,43,ba69ec90eb4fef88,e6877908a812dea1,a0f165999362ce29,00000000a0000000,0,0
ROW,compat1,64,SUBS,43,ba69ec90eb4fef88,e6877908a812dea1,d3e27388433d10e7,0000000084000000,1,0
ROW,compat1,64,CMP,43,ba69ec90eb4fef88,e6877908a812dea1,d3e27388433d10e7,0000000084000000,1,0
ROW,compat1,64,CMN,43,ba69ec90eb4fef88,e6877908a812dea1,a0f165999362ce29,00000000a0000000,0,0
ROW,compat1,64,ANDS,43,ba69ec90eb4fef88,e6877908a812dea1,a2016800a802ce80,0000000080000000,0,-1
ROW,compat1,64,ADDS,44,fb452912299a5453,b6e5f089ef37d1dc,b22b199c18d2262f,00000000a0000000,0,0
ROW,compat1,64,SUBS,44,fb452912299a5453,b6e5f089ef37d1dc,445f38883a628277,000000002c000000,1,1
ROW,compat1,64,CMP,44,fb452912299a5453,b6e5f089ef37d1dc,445f38883a628277,000000002c000000,1,1
ROW,compat1,64,CMN,44,fb452912299a5453,b6e5f089ef37d1dc,b22b199c18d2262f,00000000a0000000,0,0
ROW,compat1,64,ANDS,44,fb452912299a5453,b6e5f089ef37d1dc,b245200029125050,0000000084000000,1,-1
ROW,compat1,64,ADDS,45,f7e9f3f88cc04ad6,aafb638a996df051,a2e55783262e3b27,00000000a4000000,1,0
ROW,compat1,64,SUBS,45,f7e9f3f88cc04ad6,aafb638a996df051,4cee906df3525a85,0000000020000000,0,0
ROW,compat1,64,CMP,45,f7e9f3f88cc04ad6,aafb638a996df051,4cee906df3525a85,0000000020000000,0,0
ROW,compat1,64,CMN,45,f7e9f3f88cc04ad6,aafb638a996df051,a2e55783262e3b27,00000000a4000000,1,0
ROW,compat1,64,ANDS,45,f7e9f3f88cc04ad6,aafb638a996df051,a2e9638888404050,0000000084000000,1,-1
ROW,compat1,64,ADDS,46,baee56f32e223007,aab6e406556a6437,65a53af9838c943e,0000000030000000,0,0
ROW,compat1,64,SUBS,46,baee56f32e223007,aab6e406556a6437,103772ecd8b7cbd0,0000000020000000,0,0
ROW,compat1,64,CMP,46,baee56f32e223007,aab6e406556a6437,103772ecd8b7cbd0,0000000020000000,0,0
ROW,compat1,64,CMN,46,baee56f32e223007,aab6e406556a6437,65a53af9838c943e,0000000030000000,0,0
ROW,compat1,64,ANDS,46,baee56f32e223007,aab6e406556a6437,aaa6440204222007,0000000080000000,0,-1
ROW,compat1,64,ADDS,47,7bb3c45c597cdb85,6855ce5643eec108,e40992b29d6b9c8d,0000000094000000,1,0
ROW,compat1,64,SUBS,47,7bb3c45c597cdb85,6855ce5643eec108,135df606158e1a7d,000000002c000000,1,1
ROW,compat1,64,CMP,47,7bb3c45c597cdb85,6855ce5643eec108,135df606158e1a7d,000000002c000000,1,1
ROW,compat1,64,CMN,47,7bb3c45c597cdb85,6855ce5643eec108,e40992b29d6b9c8d,0000000094000000,1,0
ROW,compat1,64,ANDS,47,7bb3c45c597cdb85,6855ce5643eec108,6811c454416cc100,0000000004000000,1,-1
ROW,compat1,64,ADDS,48,040a2076f607ff23,596cb256d7ae9dd7,5d76d2cdcdb69cfa,0000000004000000,1,0
ROW,compat1,64,SUBS,48,040a2076f607ff23,596cb256d7ae9dd7,aa9d6e201e59614c,0000000088000000,0,1
ROW,compat1,64,CMP,48,040a2076f607ff23,596cb256d7ae9dd7,aa9d6e201e59614c,0000000088000000,0,1
ROW,compat1,64,CMN,48,040a2076f607ff23,596cb256d7ae9dd7,5d76d2cdcdb69cfa,0000000004000000,1,0
ROW,compat1,64,ANDS,48,040a2076f607ff23,596cb256d7ae9dd7,00082056d6069d03,0000000004000000,1,-1
ROW,compat1,64,ADDS,49,1c4a97a6edc2a958,35e76b2eb1a96a71,523202d59f6c13c9,0000000004000000,1,0
ROW,compat1,64,SUBS,49,1c4a97a6edc2a958,35e76b2eb1a96a71,e6632c783c193ee7,0000000084000000,1,0
ROW,compat1,64,CMP,49,1c4a97a6edc2a958,35e76b2eb1a96a71,e6632c783c193ee7,0000000084000000,1,0
ROW,compat1,64,CMN,49,1c4a97a6edc2a958,35e76b2eb1a96a71,523202d59f6c13c9,0000000004000000,1,0
ROW,compat1,64,ANDS,49,1c4a97a6edc2a958,35e76b2eb1a96a71,14420326a1802850,0000000004000000,1,-1
ROW,compat1,64,ADDS,50,bb0802c412d354cb,3d8af2aebb01ee14,f892f572cdd542df,0000000080000000,0,0
ROW,compat1,64,SUBS,50,bb0802c412d354cb,3d8af2aebb01ee14,7d7d101557d166b7,0000000034000000,1,0
ROW,compat1,64,CMP,50,bb0802c412d354cb,3d8af2aebb01ee14,7d7d101557d166b7,0000000034000000,1,0
ROW,compat1,64,CMN,50,bb0802c412d354cb,3d8af2aebb01ee14,f892f572cdd542df,0000000080000000,0,0
ROW,compat1,64,ANDS,50,bb0802c412d354cb,3d8af2aebb01ee14,3908028412014400,0000000004000000,1,-1
ROW,compat1,64,ADDS,51,5ddad83b4e874068,23a09496ea34e97f,817b6cd238bc29e7,000000009c000000,1,1
ROW,compat1,64,SUBS,51,5ddad83b4e874068,23a09496ea34e97f,3a3a43a4645256e9,0000000028000000,0,1
ROW,compat1,64,CMP,51,5ddad83b4e874068,23a09496ea34e97f,3a3a43a4645256e9,0000000028000000,0,1
ROW,compat1,64,CMN,51,5ddad83b4e874068,23a09496ea34e97f,817b6cd238bc29e7,000000009c000000,1,1
ROW,compat1,64,ANDS,51,5ddad83b4e874068,23a09496ea34e97f,018090124a044068,0000000000000000,0,-1
ROW,compat1,64,ADDS,52,f9b44ecd07b4404a,2ac8b3c337332480,247d02903ee764ca,0000000024000000,1,0
ROW,compat1,64,SUBS,52,f9b44ecd07b4404a,2ac8b3c337332480,ceeb9b09d0811bca,00000000a4000000,1,0
ROW,compat1,64,CMP,52,f9b44ecd07b4404a,2ac8b3c337332480,ceeb9b09d0811bca,00000000a4000000,1,0
ROW,compat1,64,CMN,52,f9b44ecd07b4404a,2ac8b3c337332480,247d02903ee764ca,0000000024000000,1,0
ROW,compat1,64,ANDS,52,f9b44ecd07b4404a,2ac8b3c337332480,288002c107300000,0000000004000000,1,-1
ROW,compat1,64,ADDS,53,c85e84f460206f76,f8c632ff416764a8,c124b7f3a187d41e,00000000a4000000,1,0
ROW,compat1,64,SUBS,53,c85e84f460206f76,f8c632ff416764a8,cf9851f51eb90ace,0000000088000000,0,1
ROW,compat1,64,CMP,53,c85e84f460206f76,f8c632ff416764a8,cf9851f51eb90ace,0000000088000000,0,1
ROW,compat1,64,CMN,53,c85e84f460206f76,f8c632ff416764a8,c124b7f3a187d41e,00000000a4000000,1,0
ROW,compat1,64,ANDS,53,c85e84f460206f76,f8c632ff416764a8,c84600f440206420,0000000080000000,0,-1
ROW,compat1,64,ADDS,54,bc46b610e9d3f375,b2d51ec8c64e3969,6f1bd4d9b0222cde,0000000034000000,1,0
ROW,compat1,64,SUBS,54,bc46b610e9d3f375,b2d51ec8c64e3969,097197482385ba0c,000000002c000000,1,1
ROW,compat1,64,CMP,54,bc46b610e9d3f375,b2d51ec8c64e3969,097197482385ba0c,000000002c000000,1,1
ROW,compat1,64,CMN,54,bc46b610e9d3f375,b2d51ec8c64e3969,6f1bd4d9b0222cde,0000000034000000,1,0
ROW,compat1,64,ANDS,54,bc46b610e9d3f375,b2d51ec8c64e3969,b0441600c0423161,0000000080000000,0,-1
ROW,compat1,64,ADDS,55,6e1351b2349f331c,f40299ce8c16ea32,6215eb80c0b61d4e,0000000024000000,1,0
ROW,compat1,64,SUBS,55,6e1351b2349f331c,f40299ce8c16ea32,7a10b7e3a88848ea,0000000000000000,0,0
ROW,compat1,64,CMP,55,6e1351b2349f331c,f40299ce8c16ea32,7a10b7e3a88848ea,0000000000000000,0,0
ROW,compat1,64,CMN,55,6e1351b2349f331c,f40299ce8c16ea32,6215eb80c0b61d4e,0000000024000000,1,0
ROW,compat1,64,ANDS,55,6e1351b2349f331c,f40299ce8c16ea32,6402118204162210,0000000000000000,0,-1
ROW,compat1,64,ADDS,56,9d189ecfff7b2147,4d1c44a4856af5a4,ea34e37484e616eb,0000000084000000,1,0
ROW,compat1,64,SUBS,56,9d189ecfff7b2147,4d1c44a4856af5a4,4ffc5a2b7a102ba3,0000000034000000,1,0
ROW,compat1,64,CMP,56,9d189ecfff7b2147,4d1c44a4856af5a4,4ffc5a2b7a102ba3,0000000034000000,1,0
ROW,compat1,64,CMN,56,9d189ecfff7b2147,4d1c44a4856af5a4,ea34e37484e616eb,0000000084000000,1,0
ROW,compat1,64,ANDS,56,9d189ecfff7b2147,4d1c44a4856af5a4,0d180484856a2104,0000000000000000,0,-1
ROW,compat1,64,ADDS,57,36057413850f2a31,90ef8da332b2a7e7,c6f501b6b7c1d218,0000000084000000,1,0
ROW,compat1,64,SUBS,57,36057413850f2a31,90ef8da332b2a7e7,a515e670525c824a,0000000098000000,0,1
ROW,compat1,64,CMP,57,36057413850f2a31,90ef8da332b2a7e7,a515e670525c824a,0000000098000000,0,1
ROW,compat1,64,CMN,57,36057413850f2a31,90ef8da332b2a7e7,c6f501b6b7c1d218,0000000084000000,1,0
ROW,compat1,64,ANDS,57,36057413850f2a31,90ef8da332b2a7e7,1005040300022221,0000000004000000,1,-1
ROW,compat1,64,ADDS,58,7daf7bd7b0085fd2,fba1c308dec50480,79513ee08ecd6452,0000000020000000,0,0
ROW,compat1,64,SUBS,58,7daf7bd7b0085fd2,fba1c308dec50480,820db8ced1435b52,0000000090000000,0,0
ROW,compat1,64,CMP,58,7daf7bd7b0085fd2,fba1c308dec50480,820db8ced1435b52,0000000090000000,0,0
ROW,compat1,64,CMN,58,7daf7bd7b0085fd2,fba1c308dec50480,79513ee08ecd6452,0000000020000000,0,0
ROW,compat1,64,ANDS,58,7daf7bd7b0085fd2,fba1c308dec50480,79a1430090000480,0000000000000000,0,-1
ROW,compat1,64,ADDS,59,9691c38b30d2b83c,96a2c66144306401,2d3489ec75031c3d,0000000030000000,0,0
ROW,compat1,64,SUBS,59,9691c38b30d2b83c,96a2c66144306401,ffeefd29eca2543b,0000000080000000,0,0
ROW,compat1,64,CMP,59,9691c38b30d2b83c,96a2c66144306401,ffeefd29eca2543b,0000000080000000,0,0
ROW,compat1,64,CMN,59,9691c38b30d2b83c,96a2c66144306401,2d3489ec75031c3d,0000000030000000,0,0
ROW,compat1,64,ANDS,59,9691c38b30d2b83c,96a2c66144306401,9680c20100102000,0000000084000000,1,-1
ROW,compat1,64,ADDS,60,bb0af0f391997767,746c9d6c2485f666,2f778e5fb61f6dcd,0000000020000000,0,0
ROW,compat1,64,SUBS,60,bb0af0f391997767,746c9d6c2485f666,469e53876d138101,0000000030000000,0,0
ROW,compat1,64,CMP,60,bb0af0f391997767,746c9d6c2485f666,469e53876d138101,0000000030000000,0,0
ROW,compat1,64,CMN,60,bb0af0f391997767,746c9d6c2485f666,2f778e5fb61f6dcd,0000000020000000,0,0
ROW,compat1,64,ANDS,60,bb0af0f391997767,746c9d6c2485f666,3008906000817666,0000000004000000,1,-1
ROW,compat1,64,ADDS,61,417ffd1301eaa631,3c59c8e067cb9788,7dd9c5f369b63db9,0000000000000000,0,0
ROW,compat1,64,SUBS,61,417ffd1301eaa631,3c59c8e067cb9788,052634329a1f0ea9,000000002c000000,1,1
ROW,compat1,64,CMP,61,417ffd1301eaa631,3c59c8e067cb9788,052634329a1f0ea9,000000002c000000,1,1
ROW,compat1,64,CMN,61,417ffd1301eaa631,3c59c8e067cb9788,7dd9c5f369b63db9,0000000000000000,0,0
ROW,compat1,64,ANDS,61,417ffd1301eaa631,3c59c8e067cb9788,0059c80001ca8600,0000000004000000,1,-1
ROW,compat1,64,ADDS,62,322f69afa8a70bea,653c0bfecead92ab,976b75ae77549e95,000000009c000000,1,1
ROW,compat1,64,SUBS,62,322f69afa8a70bea,653c0bfecead92ab,ccf35db0d9f9793f,000000008c000000,1,1
ROW,compat1,64,CMP,62,322f69afa8a70bea,653c0bfecead92ab,ccf35db0d9f9793f,000000008c000000,1,1
ROW,compat1,64,CMN,62,322f69afa8a70bea,653c0bfecead92ab,976b75ae77549e95,000000009c000000,1,1
ROW,compat1,64,ANDS,62,322f69afa8a70bea,653c0bfecead92ab,202c09ae88a502aa,0000000004000000,1,-1
ROW,compat1,64,ADDS,63,8c741196acc47e35,911b6c48e11c7f00,1d8f7ddf8de0fd35,0000000034000000,1,0
ROW,compat1,64,SUBS,63,8c741196acc47e35,911b6c48e11c7f00,fb58a54dcba7ff35,0000000084000000,1,0
ROW,compat1,64,CMP,63,8c741196acc47e35,911b6c48e11c7f00,fb58a54dcba7ff35,0000000084000000,1,0
ROW,compat1,64,CMN,63,8c741196acc47e35,911b6c48e11c7f00,1d8f7ddf8de0fd35,0000000034000000,1,0
ROW,compat1,64,ANDS,63,8c741196acc47e35,911b6c48e11c7f00,80100000a0047e00,0000000084000000,1,-1
WRITE,compat1,0,00000000a0000000,00000000a0000000
WRITE,compat1,1,00000000a4000000,00000000a4000000
WRITE,compat1,2,00000000a8000000,00000000a8000000
WRITE,compat1,3,00000000ac000000,00000000ac000000
YIELD,compat1,10000,0,7500,0,0000000064000000,0,4
