operation,pc,rc,class,count,examples_saved
FABS,24,0,value_diff,0,0
FABS,24,0,exception_flags_diff,6218,20
FABS,24,0,nan_result,4058,20
FABS,24,0,outside_target_exponent,4146,20
FABS,24,0,target_subnormal_result,4146,20
FABS,24,0,fprem_C2_partial,0,0
FABS,24,0,unsupported_candidate,0,0
FABS,24,0,input_signaling_NaN,2072,20
FABS,24,0,nan_sign_diff,0,0
FABS,24,0,nan_quiet_bit_diff,0,0
FABS,24,0,nan_payload_diff,0,0
FABS,24,0,B_expansion_changed_encoding,2072,20
FABS,24,0,rflags_difference,0,0
FABS,24,0,loadstore80_changed,0,0
FABS,24,0,quotient_zero_condition_flags_diff,0,0
FABS,24,0,native_memory_bits_diff,0,0
FABS,24,0,other_value_diff,0,0
FABS,24,1,value_diff,0,0
FABS,24,1,exception_flags_diff,6218,20
FABS,24,1,nan_result,4058,20
FABS,24,1,outside_target_exponent,4146,20
FABS,24,1,target_subnormal_result,4146,20
FABS,24,1,fprem_C2_partial,0,0
FABS,24,1,unsupported_candidate,0,0
FABS,24,1,input_signaling_NaN,2072,20
FABS,24,1,nan_sign_diff,0,0
FABS,24,1,nan_quiet_bit_diff,0,0
FABS,24,1,nan_payload_diff,0,0
FABS,24,1,B_expansion_changed_encoding,2072,20
FABS,24,1,rflags_difference,0,0
FABS,24,1,loadstore80_changed,0,0
FABS,24,1,quotient_zero_condition_flags_diff,0,0
FABS,24,1,native_memory_bits_diff,0,0
FABS,24,1,other_value_diff,0,0
FABS,24,2,value_diff,0,0
FABS,24,2,exception_flags_diff,6218,20
FABS,24,2,nan_result,4058,20
FABS,24,2,outside_target_exponent,4146,20
FABS,24,2,target_subnormal_result,4146,20
FABS,24,2,fprem_C2_partial,0,0
FABS,24,2,unsupported_candidate,0,0
FABS,24,2,input_signaling_NaN,2072,20
FABS,24,2,nan_sign_diff,0,0
FABS,24,2,nan_quiet_bit_diff,0,0
FABS,24,2,nan_payload_diff,0,0
FABS,24,2,B_expansion_changed_encoding,2072,20
FABS,24,2,rflags_difference,0,0
FABS,24,2,loadstore80_changed,0,0
FABS,24,2,quotient_zero_condition_flags_diff,0,0
FABS,24,2,native_memory_bits_diff,0,0
FABS,24,2,other_value_diff,0,0
FABS,24,3,value_diff,0,0
FABS,24,3,exception_flags_diff,6218,20
FABS,24,3,nan_result,4058,20
FABS,24,3,outside_target_exponent,4146,20
FABS,24,3,target_subnormal_result,4146,20
FABS,24,3,fprem_C2_partial,0,0
FABS,24,3,unsupported_candidate,0,0
FABS,24,3,input_signaling_NaN,2072,20
FABS,24,3,nan_sign_diff,0,0
FABS,24,3,nan_quiet_bit_diff,0,0
FABS,24,3,nan_payload_diff,0,0
FABS,24,3,B_expansion_changed_encoding,2072,20
FABS,24,3,rflags_difference,0,0
FABS,24,3,loadstore80_changed,0,0
FABS,24,3,quotient_zero_condition_flags_diff,0,0
FABS,24,3,native_memory_bits_diff,0,0
FABS,24,3,other_value_diff,0,0
FABS,53,0,value_diff,0,0
FABS,53,0,exception_flags_diff,992,20
FABS,53,0,nan_result,652,20
FABS,53,0,outside_target_exponent,663,20
FABS,53,0,target_subnormal_result,663,20
FABS,53,0,fprem_C2_partial,0,0
FABS,53,0,unsupported_candidate,0,0
FABS,53,0,input_signaling_NaN,329,20
FABS,53,0,nan_sign_diff,0,0
FABS,53,0,nan_quiet_bit_diff,0,0
FABS,53,0,nan_payload_diff,0,0
FABS,53,0,B_expansion_changed_encoding,329,20
FABS,53,0,rflags_difference,0,0
FABS,53,0,loadstore80_changed,0,0
FABS,53,0,quotient_zero_condition_flags_diff,0,0
FABS,53,0,native_memory_bits_diff,0,0
FABS,53,0,other_value_diff,0,0
FABS,53,1,value_diff,0,0
FABS,53,1,exception_flags_diff,992,20
FABS,53,1,nan_result,652,20
FABS,53,1,outside_target_exponent,663,20
FABS,53,1,target_subnormal_result,663,20
FABS,53,1,fprem_C2_partial,0,0
FABS,53,1,unsupported_candidate,0,0
FABS,53,1,input_signaling_NaN,329,20
FABS,53,1,nan_sign_diff,0,0
FABS,53,1,nan_quiet_bit_diff,0,0
FABS,53,1,nan_payload_diff,0,0
FABS,53,1,B_expansion_changed_encoding,329,20
FABS,53,1,rflags_difference,0,0
FABS,53,1,loadstore80_changed,0,0
FABS,53,1,quotient_zero_condition_flags_diff,0,0
FABS,53,1,native_memory_bits_diff,0,0
FABS,53,1,other_value_diff,0,0
FABS,53,2,value_diff,0,0
FABS,53,2,exception_flags_diff,992,20
FABS,53,2,nan_result,652,20
FABS,53,2,outside_target_exponent,663,20
FABS,53,2,target_subnormal_result,663,20
FABS,53,2,fprem_C2_partial,0,0
FABS,53,2,unsupported_candidate,0,0
FABS,53,2,input_signaling_NaN,329,20
FABS,53,2,nan_sign_diff,0,0
FABS,53,2,nan_quiet_bit_diff,0,0
FABS,53,2,nan_payload_diff,0,0
FABS,53,2,B_expansion_changed_encoding,329,20
FABS,53,2,rflags_difference,0,0
FABS,53,2,loadstore80_changed,0,0
FABS,53,2,quotient_zero_condition_flags_diff,0,0
FABS,53,2,native_memory_bits_diff,0,0
FABS,53,2,other_value_diff,0,0
FABS,53,3,value_diff,0,0
FABS,53,3,exception_flags_diff,992,20
FABS,53,3,nan_result,652,20
FABS,53,3,outside_target_exponent,663,20
FABS,53,3,target_subnormal_result,663,20
FABS,53,3,fprem_C2_partial,0,0
FABS,53,3,unsupported_candidate,0,0
FABS,53,3,input_signaling_NaN,329,20
FABS,53,3,nan_sign_diff,0,0
FABS,53,3,nan_quiet_bit_diff,0,0
FABS,53,3,nan_payload_diff,0,0
FABS,53,3,B_expansion_changed_encoding,329,20
FABS,53,3,rflags_difference,0,0
FABS,53,3,loadstore80_changed,0,0
FABS,53,3,quotient_zero_condition_flags_diff,0,0
FABS,53,3,native_memory_bits_diff,0,0
FABS,53,3,other_value_diff,0,0
FABS,64,0,value_diff,0,0
FABS,64,0,exception_flags_diff,992,20
FABS,64,0,nan_result,652,20
FABS,64,0,outside_target_exponent,663,20
FABS,64,0,target_subnormal_result,663,20
FABS,64,0,fprem_C2_partial,0,0
FABS,64,0,unsupported_candidate,0,0
FABS,64,0,input_signaling_NaN,329,20
FABS,64,0,nan_sign_diff,0,0
FABS,64,0,nan_quiet_bit_diff,0,0
FABS,64,0,nan_payload_diff,0,0
FABS,64,0,B_expansion_changed_encoding,329,20
FABS,64,0,rflags_difference,0,0
FABS,64,0,loadstore80_changed,0,0
FABS,64,0,quotient_zero_condition_flags_diff,0,0
FABS,64,0,native_memory_bits_diff,0,0
FABS,64,0,other_value_diff,0,0
FABS,64,1,value_diff,0,0
FABS,64,1,exception_flags_diff,992,20
FABS,64,1,nan_result,652,20
FABS,64,1,outside_target_exponent,663,20
FABS,64,1,target_subnormal_result,663,20
FABS,64,1,fprem_C2_partial,0,0
FABS,64,1,unsupported_candidate,0,0
FABS,64,1,input_signaling_NaN,329,20
FABS,64,1,nan_sign_diff,0,0
FABS,64,1,nan_quiet_bit_diff,0,0
FABS,64,1,nan_payload_diff,0,0
FABS,64,1,B_expansion_changed_encoding,329,20
FABS,64,1,rflags_difference,0,0
FABS,64,1,loadstore80_changed,0,0
FABS,64,1,quotient_zero_condition_flags_diff,0,0
FABS,64,1,native_memory_bits_diff,0,0
FABS,64,1,other_value_diff,0,0
FABS,64,2,value_diff,0,0
FABS,64,2,exception_flags_diff,992,20
FABS,64,2,nan_result,652,20
FABS,64,2,outside_target_exponent,663,20
FABS,64,2,target_subnormal_result,663,20
FABS,64,2,fprem_C2_partial,0,0
FABS,64,2,unsupported_candidate,0,0
FABS,64,2,input_signaling_NaN,329,20
FABS,64,2,nan_sign_diff,0,0
FABS,64,2,nan_quiet_bit_diff,0,0
FABS,64,2,nan_payload_diff,0,0
FABS,64,2,B_expansion_changed_encoding,329,20
FABS,64,2,rflags_difference,0,0
FABS,64,2,loadstore80_changed,0,0
FABS,64,2,quotient_zero_condition_flags_diff,0,0
FABS,64,2,native_memory_bits_diff,0,0
FABS,64,2,other_value_diff,0,0
FABS,64,3,value_diff,0,0
FABS,64,3,exception_flags_diff,992,20
FABS,64,3,nan_result,652,20
FABS,64,3,outside_target_exponent,663,20
FABS,64,3,target_subnormal_result,663,20
FABS,64,3,fprem_C2_partial,0,0
FABS,64,3,unsupported_candidate,0,0
FABS,64,3,input_signaling_NaN,329,20
FABS,64,3,nan_sign_diff,0,0
FABS,64,3,nan_quiet_bit_diff,0,0
FABS,64,3,nan_payload_diff,0,0
FABS,64,3,B_expansion_changed_encoding,329,20
FABS,64,3,rflags_difference,0,0
FABS,64,3,loadstore80_changed,0,0
FABS,64,3,quotient_zero_condition_flags_diff,0,0
FABS,64,3,native_memory_bits_diff,0,0
FABS,64,3,other_value_diff,0,0
FCHS,24,0,value_diff,0,0
FCHS,24,0,exception_flags_diff,6102,20
FCHS,24,0,nan_result,3987,20
FCHS,24,0,outside_target_exponent,4117,20
FCHS,24,0,target_subnormal_result,4117,20
FCHS,24,0,fprem_C2_partial,0,0
FCHS,24,0,unsupported_candidate,0,0
FCHS,24,0,input_signaling_NaN,1985,20
FCHS,24,0,nan_sign_diff,0,0
FCHS,24,0,nan_quiet_bit_diff,0,0
FCHS,24,0,nan_payload_diff,0,0
FCHS,24,0,B_expansion_changed_encoding,1985,20
FCHS,24,0,rflags_difference,0,0
FCHS,24,0,loadstore80_changed,0,0
FCHS,24,0,quotient_zero_condition_flags_diff,0,0
FCHS,24,0,native_memory_bits_diff,0,0
FCHS,24,0,other_value_diff,0,0
FCHS,24,1,value_diff,0,0
FCHS,24,1,exception_flags_diff,6102,20
FCHS,24,1,nan_result,3987,20
FCHS,24,1,outside_target_exponent,4117,20
FCHS,24,1,target_subnormal_result,4117,20
FCHS,24,1,fprem_C2_partial,0,0
FCHS,24,1,unsupported_candidate,0,0
FCHS,24,1,input_signaling_NaN,1985,20
FCHS,24,1,nan_sign_diff,0,0
FCHS,24,1,nan_quiet_bit_diff,0,0
FCHS,24,1,nan_payload_diff,0,0
FCHS,24,1,B_expansion_changed_encoding,1985,20
FCHS,24,1,rflags_difference,0,0
FCHS,24,1,loadstore80_changed,0,0
FCHS,24,1,quotient_zero_condition_flags_diff,0,0
FCHS,24,1,native_memory_bits_diff,0,0
FCHS,24,1,other_value_diff,0,0
FCHS,24,2,value_diff,0,0
FCHS,24,2,exception_flags_diff,6102,20
FCHS,24,2,nan_result,3987,20
FCHS,24,2,outside_target_exponent,4117,20
FCHS,24,2,target_subnormal_result,4117,20
FCHS,24,2,fprem_C2_partial,0,0
FCHS,24,2,unsupported_candidate,0,0
FCHS,24,2,input_signaling_NaN,1985,20
FCHS,24,2,nan_sign_diff,0,0
FCHS,24,2,nan_quiet_bit_diff,0,0
FCHS,24,2,nan_payload_diff,0,0
FCHS,24,2,B_expansion_changed_encoding,1985,20
FCHS,24,2,rflags_difference,0,0
FCHS,24,2,loadstore80_changed,0,0
FCHS,24,2,quotient_zero_condition_flags_diff,0,0
FCHS,24,2,native_memory_bits_diff,0,0
FCHS,24,2,other_value_diff,0,0
FCHS,24,3,value_diff,0,0
FCHS,24,3,exception_flags_diff,6102,20
FCHS,24,3,nan_result,3987,20
FCHS,24,3,outside_target_exponent,4117,20
FCHS,24,3,target_subnormal_result,4117,20
FCHS,24,3,fprem_C2_partial,0,0
FCHS,24,3,unsupported_candidate,0,0
FCHS,24,3,input_signaling_NaN,1985,20
FCHS,24,3,nan_sign_diff,0,0
FCHS,24,3,nan_quiet_bit_diff,0,0
FCHS,24,3,nan_payload_diff,0,0
FCHS,24,3,B_expansion_changed_encoding,1985,20
FCHS,24,3,rflags_difference,0,0
FCHS,24,3,loadstore80_changed,0,0
FCHS,24,3,quotient_zero_condition_flags_diff,0,0
FCHS,24,3,native_memory_bits_diff,0,0
FCHS,24,3,other_value_diff,0,0
FCHS,53,0,value_diff,0,0
FCHS,53,0,exception_flags_diff,995,20
FCHS,53,0,nan_result,657,20
FCHS,53,0,outside_target_exponent,681,20
FCHS,53,0,target_subnormal_result,681,20
FCHS,53,0,fprem_C2_partial,0,0
FCHS,53,0,unsupported_candidate,0,0
FCHS,53,0,input_signaling_NaN,314,20
FCHS,53,0,nan_sign_diff,0,0
FCHS,53,0,nan_quiet_bit_diff,0,0
FCHS,53,0,nan_payload_diff,0,0
FCHS,53,0,B_expansion_changed_encoding,314,20
FCHS,53,0,rflags_difference,0,0
FCHS,53,0,loadstore80_changed,0,0
FCHS,53,0,quotient_zero_condition_flags_diff,0,0
FCHS,53,0,native_memory_bits_diff,0,0
FCHS,53,0,other_value_diff,0,0
FCHS,53,1,value_diff,0,0
FCHS,53,1,exception_flags_diff,995,20
FCHS,53,1,nan_result,657,20
FCHS,53,1,outside_target_exponent,681,20
FCHS,53,1,target_subnormal_result,681,20
FCHS,53,1,fprem_C2_partial,0,0
FCHS,53,1,unsupported_candidate,0,0
FCHS,53,1,input_signaling_NaN,314,20
FCHS,53,1,nan_sign_diff,0,0
FCHS,53,1,nan_quiet_bit_diff,0,0
FCHS,53,1,nan_payload_diff,0,0
FCHS,53,1,B_expansion_changed_encoding,314,20
FCHS,53,1,rflags_difference,0,0
FCHS,53,1,loadstore80_changed,0,0
FCHS,53,1,quotient_zero_condition_flags_diff,0,0
FCHS,53,1,native_memory_bits_diff,0,0
FCHS,53,1,other_value_diff,0,0
FCHS,53,2,value_diff,0,0
FCHS,53,2,exception_flags_diff,995,20
FCHS,53,2,nan_result,657,20
FCHS,53,2,outside_target_exponent,681,20
FCHS,53,2,target_subnormal_result,681,20
FCHS,53,2,fprem_C2_partial,0,0
FCHS,53,2,unsupported_candidate,0,0
FCHS,53,2,input_signaling_NaN,314,20
FCHS,53,2,nan_sign_diff,0,0
FCHS,53,2,nan_quiet_bit_diff,0,0
FCHS,53,2,nan_payload_diff,0,0
FCHS,53,2,B_expansion_changed_encoding,314,20
FCHS,53,2,rflags_difference,0,0
FCHS,53,2,loadstore80_changed,0,0
FCHS,53,2,quotient_zero_condition_flags_diff,0,0
FCHS,53,2,native_memory_bits_diff,0,0
FCHS,53,2,other_value_diff,0,0
FCHS,53,3,value_diff,0,0
FCHS,53,3,exception_flags_diff,995,20
FCHS,53,3,nan_result,657,20
FCHS,53,3,outside_target_exponent,681,20
FCHS,53,3,target_subnormal_result,681,20
FCHS,53,3,fprem_C2_partial,0,0
FCHS,53,3,unsupported_candidate,0,0
FCHS,53,3,input_signaling_NaN,314,20
FCHS,53,3,nan_sign_diff,0,0
FCHS,53,3,nan_quiet_bit_diff,0,0
FCHS,53,3,nan_payload_diff,0,0
FCHS,53,3,B_expansion_changed_encoding,314,20
FCHS,53,3,rflags_difference,0,0
FCHS,53,3,loadstore80_changed,0,0
FCHS,53,3,quotient_zero_condition_flags_diff,0,0
FCHS,53,3,native_memory_bits_diff,0,0
FCHS,53,3,other_value_diff,0,0
FCHS,64,0,value_diff,0,0
FCHS,64,0,exception_flags_diff,995,20
FCHS,64,0,nan_result,657,20
FCHS,64,0,outside_target_exponent,681,20
FCHS,64,0,target_subnormal_result,681,20
FCHS,64,0,fprem_C2_partial,0,0
FCHS,64,0,unsupported_candidate,0,0
FCHS,64,0,input_signaling_NaN,314,20
FCHS,64,0,nan_sign_diff,0,0
FCHS,64,0,nan_quiet_bit_diff,0,0
FCHS,64,0,nan_payload_diff,0,0
FCHS,64,0,B_expansion_changed_encoding,314,20
FCHS,64,0,rflags_difference,0,0
FCHS,64,0,loadstore80_changed,0,0
FCHS,64,0,quotient_zero_condition_flags_diff,0,0
FCHS,64,0,native_memory_bits_diff,0,0
FCHS,64,0,other_value_diff,0,0
FCHS,64,1,value_diff,0,0
FCHS,64,1,exception_flags_diff,995,20
FCHS,64,1,nan_result,657,20
FCHS,64,1,outside_target_exponent,681,20
FCHS,64,1,target_subnormal_result,681,20
FCHS,64,1,fprem_C2_partial,0,0
FCHS,64,1,unsupported_candidate,0,0
FCHS,64,1,input_signaling_NaN,314,20
FCHS,64,1,nan_sign_diff,0,0
FCHS,64,1,nan_quiet_bit_diff,0,0
FCHS,64,1,nan_payload_diff,0,0
FCHS,64,1,B_expansion_changed_encoding,314,20
FCHS,64,1,rflags_difference,0,0
FCHS,64,1,loadstore80_changed,0,0
FCHS,64,1,quotient_zero_condition_flags_diff,0,0
FCHS,64,1,native_memory_bits_diff,0,0
FCHS,64,1,other_value_diff,0,0
FCHS,64,2,value_diff,0,0
FCHS,64,2,exception_flags_diff,995,20
FCHS,64,2,nan_result,657,20
FCHS,64,2,outside_target_exponent,681,20
FCHS,64,2,target_subnormal_result,681,20
FCHS,64,2,fprem_C2_partial,0,0
FCHS,64,2,unsupported_candidate,0,0
FCHS,64,2,input_signaling_NaN,314,20
FCHS,64,2,nan_sign_diff,0,0
FCHS,64,2,nan_quiet_bit_diff,0,0
FCHS,64,2,nan_payload_diff,0,0
FCHS,64,2,B_expansion_changed_encoding,314,20
FCHS,64,2,rflags_difference,0,0
FCHS,64,2,loadstore80_changed,0,0
FCHS,64,2,quotient_zero_condition_flags_diff,0,0
FCHS,64,2,native_memory_bits_diff,0,0
FCHS,64,2,other_value_diff,0,0
FCHS,64,3,value_diff,0,0
FCHS,64,3,exception_flags_diff,995,20
FCHS,64,3,nan_result,657,20
FCHS,64,3,outside_target_exponent,681,20
FCHS,64,3,target_subnormal_result,681,20
FCHS,64,3,fprem_C2_partial,0,0
FCHS,64,3,unsupported_candidate,0,0
FCHS,64,3,input_signaling_NaN,314,20
FCHS,64,3,nan_sign_diff,0,0
FCHS,64,3,nan_quiet_bit_diff,0,0
FCHS,64,3,nan_payload_diff,0,0
FCHS,64,3,B_expansion_changed_encoding,314,20
FCHS,64,3,rflags_difference,0,0
FCHS,64,3,loadstore80_changed,0,0
FCHS,64,3,quotient_zero_condition_flags_diff,0,0
FCHS,64,3,native_memory_bits_diff,0,0
FCHS,64,3,other_value_diff,0,0
FRNDINT,24,0,value_diff,0,0
FRNDINT,24,0,exception_flags_diff,4258,20
FRNDINT,24,0,nan_result,4056,20
FRNDINT,24,0,outside_target_exponent,0,0
FRNDINT,24,0,target_subnormal_result,0,0
FRNDINT,24,0,fprem_C2_partial,0,0
FRNDINT,24,0,unsupported_candidate,4179,20
FRNDINT,24,0,input_signaling_NaN,2011,20
FRNDINT,24,0,nan_sign_diff,0,0
FRNDINT,24,0,nan_quiet_bit_diff,0,0
FRNDINT,24,0,nan_payload_diff,0,0
FRNDINT,24,0,B_expansion_changed_encoding,0,0
FRNDINT,24,0,rflags_difference,0,0
FRNDINT,24,0,loadstore80_changed,0,0
FRNDINT,24,0,quotient_zero_condition_flags_diff,0,0
FRNDINT,24,0,native_memory_bits_diff,0,0
FRNDINT,24,0,other_value_diff,0,0
FRNDINT,24,1,value_diff,0,0
FRNDINT,24,1,exception_flags_diff,4258,20
FRNDINT,24,1,nan_result,4056,20
FRNDINT,24,1,outside_target_exponent,0,0
FRNDINT,24,1,target_subnormal_result,0,0
FRNDINT,24,1,fprem_C2_partial,0,0
FRNDINT,24,1,unsupported_candidate,4179,20
FRNDINT,24,1,input_signaling_NaN,2011,20
FRNDINT,24,1,nan_sign_diff,0,0
FRNDINT,24,1,nan_quiet_bit_diff,0,0
FRNDINT,24,1,nan_payload_diff,0,0
FRNDINT,24,1,B_expansion_changed_encoding,0,0
FRNDINT,24,1,rflags_difference,0,0
FRNDINT,24,1,loadstore80_changed,0,0
FRNDINT,24,1,quotient_zero_condition_flags_diff,0,0
FRNDINT,24,1,native_memory_bits_diff,0,0
FRNDINT,24,1,other_value_diff,0,0
FRNDINT,24,2,value_diff,0,0
FRNDINT,24,2,exception_flags_diff,4258,20
FRNDINT,24,2,nan_result,4056,20
FRNDINT,24,2,outside_target_exponent,0,0
FRNDINT,24,2,target_subnormal_result,0,0
FRNDINT,24,2,fprem_C2_partial,0,0
FRNDINT,24,2,unsupported_candidate,4179,20
FRNDINT,24,2,input_signaling_NaN,2011,20
FRNDINT,24,2,nan_sign_diff,0,0
FRNDINT,24,2,nan_quiet_bit_diff,0,0
FRNDINT,24,2,nan_payload_diff,0,0
FRNDINT,24,2,B_expansion_changed_encoding,0,0
FRNDINT,24,2,rflags_difference,0,0
FRNDINT,24,2,loadstore80_changed,0,0
FRNDINT,24,2,quotient_zero_condition_flags_diff,0,0
FRNDINT,24,2,native_memory_bits_diff,0,0
FRNDINT,24,2,other_value_diff,0,0
FRNDINT,24,3,value_diff,0,0
FRNDINT,24,3,exception_flags_diff,4258,20
FRNDINT,24,3,nan_result,4056,20
FRNDINT,24,3,outside_target_exponent,0,0
FRNDINT,24,3,target_subnormal_result,0,0
FRNDINT,24,3,fprem_C2_partial,0,0
FRNDINT,24,3,unsupported_candidate,4179,20
FRNDINT,24,3,input_signaling_NaN,2011,20
FRNDINT,24,3,nan_sign_diff,0,0
FRNDINT,24,3,nan_quiet_bit_diff,0,0
FRNDINT,24,3,nan_payload_diff,0,0
FRNDINT,24,3,B_expansion_changed_encoding,0,0
FRNDINT,24,3,rflags_difference,0,0
FRNDINT,24,3,loadstore80_changed,0,0
FRNDINT,24,3,quotient_zero_condition_flags_diff,0,0
FRNDINT,24,3,native_memory_bits_diff,0,0
FRNDINT,24,3,other_value_diff,0,0
FRNDINT,53,0,value_diff,0,0
FRNDINT,53,0,exception_flags_diff,638,20
FRNDINT,53,0,nan_result,637,20
FRNDINT,53,0,outside_target_exponent,0,0
FRNDINT,53,0,target_subnormal_result,0,0
FRNDINT,53,0,fprem_C2_partial,0,0
FRNDINT,53,0,unsupported_candidate,719,20
FRNDINT,53,0,input_signaling_NaN,302,20
FRNDINT,53,0,nan_sign_diff,0,0
FRNDINT,53,0,nan_quiet_bit_diff,0,0
FRNDINT,53,0,nan_payload_diff,0,0
FRNDINT,53,0,B_expansion_changed_encoding,0,0
FRNDINT,53,0,rflags_difference,0,0
FRNDINT,53,0,loadstore80_changed,0,0
FRNDINT,53,0,quotient_zero_condition_flags_diff,0,0
FRNDINT,53,0,native_memory_bits_diff,0,0
FRNDINT,53,0,other_value_diff,0,0
FRNDINT,53,1,value_diff,0,0
FRNDINT,53,1,exception_flags_diff,638,20
FRNDINT,53,1,nan_result,637,20
FRNDINT,53,1,outside_target_exponent,0,0
FRNDINT,53,1,target_subnormal_result,0,0
FRNDINT,53,1,fprem_C2_partial,0,0
FRNDINT,53,1,unsupported_candidate,719,20
FRNDINT,53,1,input_signaling_NaN,302,20
FRNDINT,53,1,nan_sign_diff,0,0
FRNDINT,53,1,nan_quiet_bit_diff,0,0
FRNDINT,53,1,nan_payload_diff,0,0
FRNDINT,53,1,B_expansion_changed_encoding,0,0
FRNDINT,53,1,rflags_difference,0,0
FRNDINT,53,1,loadstore80_changed,0,0
FRNDINT,53,1,quotient_zero_condition_flags_diff,0,0
FRNDINT,53,1,native_memory_bits_diff,0,0
FRNDINT,53,1,other_value_diff,0,0
FRNDINT,53,2,value_diff,0,0
FRNDINT,53,2,exception_flags_diff,638,20
FRNDINT,53,2,nan_result,637,20
FRNDINT,53,2,outside_target_exponent,0,0
FRNDINT,53,2,target_subnormal_result,0,0
FRNDINT,53,2,fprem_C2_partial,0,0
FRNDINT,53,2,unsupported_candidate,719,20
FRNDINT,53,2,input_signaling_NaN,302,20
FRNDINT,53,2,nan_sign_diff,0,0
FRNDINT,53,2,nan_quiet_bit_diff,0,0
FRNDINT,53,2,nan_payload_diff,0,0
FRNDINT,53,2,B_expansion_changed_encoding,0,0
FRNDINT,53,2,rflags_difference,0,0
FRNDINT,53,2,loadstore80_changed,0,0
FRNDINT,53,2,quotient_zero_condition_flags_diff,0,0
FRNDINT,53,2,native_memory_bits_diff,0,0
FRNDINT,53,2,other_value_diff,0,0
FRNDINT,53,3,value_diff,0,0
FRNDINT,53,3,exception_flags_diff,638,20
FRNDINT,53,3,nan_result,637,20
FRNDINT,53,3,outside_target_exponent,0,0
FRNDINT,53,3,target_subnormal_result,0,0
FRNDINT,53,3,fprem_C2_partial,0,0
FRNDINT,53,3,unsupported_candidate,719,20
FRNDINT,53,3,input_signaling_NaN,302,20
FRNDINT,53,3,nan_sign_diff,0,0
FRNDINT,53,3,nan_quiet_bit_diff,0,0
FRNDINT,53,3,nan_payload_diff,0,0
FRNDINT,53,3,B_expansion_changed_encoding,0,0
FRNDINT,53,3,rflags_difference,0,0
FRNDINT,53,3,loadstore80_changed,0,0
FRNDINT,53,3,quotient_zero_condition_flags_diff,0,0
FRNDINT,53,3,native_memory_bits_diff,0,0
FRNDINT,53,3,other_value_diff,0,0
FRNDINT,64,0,value_diff,0,0
FRNDINT,64,0,exception_flags_diff,638,20
FRNDINT,64,0,nan_result,637,20
FRNDINT,64,0,outside_target_exponent,0,0
FRNDINT,64,0,target_subnormal_result,0,0
FRNDINT,64,0,fprem_C2_partial,0,0
FRNDINT,64,0,unsupported_candidate,719,20
FRNDINT,64,0,input_signaling_NaN,302,20
FRNDINT,64,0,nan_sign_diff,0,0
FRNDINT,64,0,nan_quiet_bit_diff,0,0
FRNDINT,64,0,nan_payload_diff,0,0
FRNDINT,64,0,B_expansion_changed_encoding,0,0
FRNDINT,64,0,rflags_difference,0,0
FRNDINT,64,0,loadstore80_changed,0,0
FRNDINT,64,0,quotient_zero_condition_flags_diff,0,0
FRNDINT,64,0,native_memory_bits_diff,0,0
FRNDINT,64,0,other_value_diff,0,0
FRNDINT,64,1,value_diff,0,0
FRNDINT,64,1,exception_flags_diff,638,20
FRNDINT,64,1,nan_result,637,20
FRNDINT,64,1,outside_target_exponent,0,0
FRNDINT,64,1,target_subnormal_result,0,0
FRNDINT,64,1,fprem_C2_partial,0,0
FRNDINT,64,1,unsupported_candidate,719,20
FRNDINT,64,1,input_signaling_NaN,302,20
FRNDINT,64,1,nan_sign_diff,0,0
FRNDINT,64,1,nan_quiet_bit_diff,0,0
FRNDINT,64,1,nan_payload_diff,0,0
FRNDINT,64,1,B_expansion_changed_encoding,0,0
FRNDINT,64,1,rflags_difference,0,0
FRNDINT,64,1,loadstore80_changed,0,0
FRNDINT,64,1,quotient_zero_condition_flags_diff,0,0
FRNDINT,64,1,native_memory_bits_diff,0,0
FRNDINT,64,1,other_value_diff,0,0
FRNDINT,64,2,value_diff,0,0
FRNDINT,64,2,exception_flags_diff,638,20
FRNDINT,64,2,nan_result,637,20
FRNDINT,64,2,outside_target_exponent,0,0
FRNDINT,64,2,target_subnormal_result,0,0
FRNDINT,64,2,fprem_C2_partial,0,0
FRNDINT,64,2,unsupported_candidate,719,20
FRNDINT,64,2,input_signaling_NaN,302,20
FRNDINT,64,2,nan_sign_diff,0,0
FRNDINT,64,2,nan_quiet_bit_diff,0,0
FRNDINT,64,2,nan_payload_diff,0,0
FRNDINT,64,2,B_expansion_changed_encoding,0,0
FRNDINT,64,2,rflags_difference,0,0
FRNDINT,64,2,loadstore80_changed,0,0
FRNDINT,64,2,quotient_zero_condition_flags_diff,0,0
FRNDINT,64,2,native_memory_bits_diff,0,0
FRNDINT,64,2,other_value_diff,0,0
FRNDINT,64,3,value_diff,0,0
FRNDINT,64,3,exception_flags_diff,638,20
FRNDINT,64,3,nan_result,637,20
FRNDINT,64,3,outside_target_exponent,0,0
FRNDINT,64,3,target_subnormal_result,0,0
FRNDINT,64,3,fprem_C2_partial,0,0
FRNDINT,64,3,unsupported_candidate,719,20
FRNDINT,64,3,input_signaling_NaN,302,20
FRNDINT,64,3,nan_sign_diff,0,0
FRNDINT,64,3,nan_quiet_bit_diff,0,0
FRNDINT,64,3,nan_payload_diff,0,0
FRNDINT,64,3,B_expansion_changed_encoding,0,0
FRNDINT,64,3,rflags_difference,0,0
FRNDINT,64,3,loadstore80_changed,0,0
FRNDINT,64,3,quotient_zero_condition_flags_diff,0,0
FRNDINT,64,3,native_memory_bits_diff,0,0
FRNDINT,64,3,other_value_diff,0,0
FRNDINT_SSE41,24,0,value_diff,0,0
FRNDINT_SSE41,24,0,exception_flags_diff,4258,20
FRNDINT_SSE41,24,0,nan_result,4056,20
FRNDINT_SSE41,24,0,outside_target_exponent,0,0
FRNDINT_SSE41,24,0,target_subnormal_result,0,0
FRNDINT_SSE41,24,0,fprem_C2_partial,0,0
FRNDINT_SSE41,24,0,unsupported_candidate,0,0
FRNDINT_SSE41,24,0,input_signaling_NaN,2011,20
FRNDINT_SSE41,24,0,nan_sign_diff,0,0
FRNDINT_SSE41,24,0,nan_quiet_bit_diff,0,0
FRNDINT_SSE41,24,0,nan_payload_diff,0,0
FRNDINT_SSE41,24,0,B_expansion_changed_encoding,0,0
FRNDINT_SSE41,24,0,rflags_difference,0,0
FRNDINT_SSE41,24,0,loadstore80_changed,0,0
FRNDINT_SSE41,24,0,quotient_zero_condition_flags_diff,0,0
FRNDINT_SSE41,24,0,native_memory_bits_diff,0,0
FRNDINT_SSE41,24,0,other_value_diff,0,0
FRNDINT_SSE41,24,1,value_diff,0,0
FRNDINT_SSE41,24,1,exception_flags_diff,4258,20
FRNDINT_SSE41,24,1,nan_result,4056,20
FRNDINT_SSE41,24,1,outside_target_exponent,0,0
FRNDINT_SSE41,24,1,target_subnormal_result,0,0
FRNDINT_SSE41,24,1,fprem_C2_partial,0,0
FRNDINT_SSE41,24,1,unsupported_candidate,0,0
FRNDINT_SSE41,24,1,input_signaling_NaN,2011,20
FRNDINT_SSE41,24,1,nan_sign_diff,0,0
FRNDINT_SSE41,24,1,nan_quiet_bit_diff,0,0
FRNDINT_SSE41,24,1,nan_payload_diff,0,0
FRNDINT_SSE41,24,1,B_expansion_changed_encoding,0,0
FRNDINT_SSE41,24,1,rflags_difference,0,0
FRNDINT_SSE41,24,1,loadstore80_changed,0,0
FRNDINT_SSE41,24,1,quotient_zero_condition_flags_diff,0,0
FRNDINT_SSE41,24,1,native_memory_bits_diff,0,0
FRNDINT_SSE41,24,1,other_value_diff,0,0
FRNDINT_SSE41,24,2,value_diff,0,0
FRNDINT_SSE41,24,2,exception_flags_diff,4258,20
FRNDINT_SSE41,24,2,nan_result,4056,20
FRNDINT_SSE41,24,2,outside_target_exponent,0,0
FRNDINT_SSE41,24,2,target_subnormal_result,0,0
FRNDINT_SSE41,24,2,fprem_C2_partial,0,0
FRNDINT_SSE41,24,2,unsupported_candidate,0,0
FRNDINT_SSE41,24,2,input_signaling_NaN,2011,20
FRNDINT_SSE41,24,2,nan_sign_diff,0,0
FRNDINT_SSE41,24,2,nan_quiet_bit_diff,0,0
FRNDINT_SSE41,24,2,nan_payload_diff,0,0
FRNDINT_SSE41,24,2,B_expansion_changed_encoding,0,0
FRNDINT_SSE41,24,2,rflags_difference,0,0
FRNDINT_SSE41,24,2,loadstore80_changed,0,0
FRNDINT_SSE41,24,2,quotient_zero_condition_flags_diff,0,0
FRNDINT_SSE41,24,2,native_memory_bits_diff,0,0
FRNDINT_SSE41,24,2,other_value_diff,0,0
FRNDINT_SSE41,24,3,value_diff,0,0
FRNDINT_SSE41,24,3,exception_flags_diff,4258,20
FRNDINT_SSE41,24,3,nan_result,4056,20
FRNDINT_SSE41,24,3,outside_target_exponent,0,0
FRNDINT_SSE41,24,3,target_subnormal_result,0,0
FRNDINT_SSE41,24,3,fprem_C2_partial,0,0
FRNDINT_SSE41,24,3,unsupported_candidate,0,0
FRNDINT_SSE41,24,3,input_signaling_NaN,2011,20
FRNDINT_SSE41,24,3,nan_sign_diff,0,0
FRNDINT_SSE41,24,3,nan_quiet_bit_diff,0,0
FRNDINT_SSE41,24,3,nan_payload_diff,0,0
FRNDINT_SSE41,24,3,B_expansion_changed_encoding,0,0
FRNDINT_SSE41,24,3,rflags_difference,0,0
FRNDINT_SSE41,24,3,loadstore80_changed,0,0
FRNDINT_SSE41,24,3,quotient_zero_condition_flags_diff,0,0
FRNDINT_SSE41,24,3,native_memory_bits_diff,0,0
FRNDINT_SSE41,24,3,other_value_diff,0,0
FRNDINT_SSE41,53,0,value_diff,0,0
FRNDINT_SSE41,53,0,exception_flags_diff,638,20
FRNDINT_SSE41,53,0,nan_result,637,20
FRNDINT_SSE41,53,0,outside_target_exponent,0,0
FRNDINT_SSE41,53,0,target_subnormal_result,0,0
FRNDINT_SSE41,53,0,fprem_C2_partial,0,0
FRNDINT_SSE41,53,0,unsupported_candidate,0,0
FRNDINT_SSE41,53,0,input_signaling_NaN,302,20
FRNDINT_SSE41,53,0,nan_sign_diff,0,0
FRNDINT_SSE41,53,0,nan_quiet_bit_diff,0,0
FRNDINT_SSE41,53,0,nan_payload_diff,0,0
FRNDINT_SSE41,53,0,B_expansion_changed_encoding,0,0
FRNDINT_SSE41,53,0,rflags_difference,0,0
FRNDINT_SSE41,53,0,loadstore80_changed,0,0
FRNDINT_SSE41,53,0,quotient_zero_condition_flags_diff,0,0
FRNDINT_SSE41,53,0,native_memory_bits_diff,0,0
FRNDINT_SSE41,53,0,other_value_diff,0,0
FRNDINT_SSE41,53,1,value_diff,0,0
FRNDINT_SSE41,53,1,exception_flags_diff,638,20
FRNDINT_SSE41,53,1,nan_result,637,20
FRNDINT_SSE41,53,1,outside_target_exponent,0,0
FRNDINT_SSE41,53,1,target_subnormal_result,0,0
FRNDINT_SSE41,53,1,fprem_C2_partial,0,0
FRNDINT_SSE41,53,1,unsupported_candidate,0,0
FRNDINT_SSE41,53,1,input_signaling_NaN,302,20
FRNDINT_SSE41,53,1,nan_sign_diff,0,0
FRNDINT_SSE41,53,1,nan_quiet_bit_diff,0,0
FRNDINT_SSE41,53,1,nan_payload_diff,0,0
FRNDINT_SSE41,53,1,B_expansion_changed_encoding,0,0
FRNDINT_SSE41,53,1,rflags_difference,0,0
FRNDINT_SSE41,53,1,loadstore80_changed,0,0
FRNDINT_SSE41,53,1,quotient_zero_condition_flags_diff,0,0
FRNDINT_SSE41,53,1,native_memory_bits_diff,0,0
FRNDINT_SSE41,53,1,other_value_diff,0,0
FRNDINT_SSE41,53,2,value_diff,0,0
FRNDINT_SSE41,53,2,exception_flags_diff,638,20
FRNDINT_SSE41,53,2,nan_result,637,20
FRNDINT_SSE41,53,2,outside_target_exponent,0,0
FRNDINT_SSE41,53,2,target_subnormal_result,0,0
FRNDINT_SSE41,53,2,fprem_C2_partial,0,0
FRNDINT_SSE41,53,2,unsupported_candidate,0,0
FRNDINT_SSE41,53,2,input_signaling_NaN,302,20
FRNDINT_SSE41,53,2,nan_sign_diff,0,0
FRNDINT_SSE41,53,2,nan_quiet_bit_diff,0,0
FRNDINT_SSE41,53,2,nan_payload_diff,0,0
FRNDINT_SSE41,53,2,B_expansion_changed_encoding,0,0
FRNDINT_SSE41,53,2,rflags_difference,0,0
FRNDINT_SSE41,53,2,loadstore80_changed,0,0
FRNDINT_SSE41,53,2,quotient_zero_condition_flags_diff,0,0
FRNDINT_SSE41,53,2,native_memory_bits_diff,0,0
FRNDINT_SSE41,53,2,other_value_diff,0,0
FRNDINT_SSE41,53,3,value_diff,0,0
FRNDINT_SSE41,53,3,exception_flags_diff,638,20
FRNDINT_SSE41,53,3,nan_result,637,20
FRNDINT_SSE41,53,3,outside_target_exponent,0,0
FRNDINT_SSE41,53,3,target_subnormal_result,0,0
FRNDINT_SSE41,53,3,fprem_C2_partial,0,0
FRNDINT_SSE41,53,3,unsupported_candidate,0,0
FRNDINT_SSE41,53,3,input_signaling_NaN,302,20
FRNDINT_SSE41,53,3,nan_sign_diff,0,0
FRNDINT_SSE41,53,3,nan_quiet_bit_diff,0,0
FRNDINT_SSE41,53,3,nan_payload_diff,0,0
FRNDINT_SSE41,53,3,B_expansion_changed_encoding,0,0
FRNDINT_SSE41,53,3,rflags_difference,0,0
FRNDINT_SSE41,53,3,loadstore80_changed,0,0
FRNDINT_SSE41,53,3,quotient_zero_condition_flags_diff,0,0
FRNDINT_SSE41,53,3,native_memory_bits_diff,0,0
FRNDINT_SSE41,53,3,other_value_diff,0,0
FRNDINT_SSE41,64,0,value_diff,0,0
FRNDINT_SSE41,64,0,exception_flags_diff,638,20
FRNDINT_SSE41,64,0,nan_result,637,20
FRNDINT_SSE41,64,0,outside_target_exponent,0,0
FRNDINT_SSE41,64,0,target_subnormal_result,0,0
FRNDINT_SSE41,64,0,fprem_C2_partial,0,0
FRNDINT_SSE41,64,0,unsupported_candidate,0,0
FRNDINT_SSE41,64,0,input_signaling_NaN,302,20
FRNDINT_SSE41,64,0,nan_sign_diff,0,0
FRNDINT_SSE41,64,0,nan_quiet_bit_diff,0,0
FRNDINT_SSE41,64,0,nan_payload_diff,0,0
FRNDINT_SSE41,64,0,B_expansion_changed_encoding,0,0
FRNDINT_SSE41,64,0,rflags_difference,0,0
FRNDINT_SSE41,64,0,loadstore80_changed,0,0
FRNDINT_SSE41,64,0,quotient_zero_condition_flags_diff,0,0
FRNDINT_SSE41,64,0,native_memory_bits_diff,0,0
FRNDINT_SSE41,64,0,other_value_diff,0,0
FRNDINT_SSE41,64,1,value_diff,0,0
FRNDINT_SSE41,64,1,exception_flags_diff,638,20
FRNDINT_SSE41,64,1,nan_result,637,20
FRNDINT_SSE41,64,1,outside_target_exponent,0,0
FRNDINT_SSE41,64,1,target_subnormal_result,0,0
FRNDINT_SSE41,64,1,fprem_C2_partial,0,0
FRNDINT_SSE41,64,1,unsupported_candidate,0,0
FRNDINT_SSE41,64,1,input_signaling_NaN,302,20
FRNDINT_SSE41,64,1,nan_sign_diff,0,0
FRNDINT_SSE41,64,1,nan_quiet_bit_diff,0,0
FRNDINT_SSE41,64,1,nan_payload_diff,0,0
FRNDINT_SSE41,64,1,B_expansion_changed_encoding,0,0
FRNDINT_SSE41,64,1,rflags_difference,0,0
FRNDINT_SSE41,64,1,loadstore80_changed,0,0
FRNDINT_SSE41,64,1,quotient_zero_condition_flags_diff,0,0
FRNDINT_SSE41,64,1,native_memory_bits_diff,0,0
FRNDINT_SSE41,64,1,other_value_diff,0,0
FRNDINT_SSE41,64,2,value_diff,0,0
FRNDINT_SSE41,64,2,exception_flags_diff,638,20
FRNDINT_SSE41,64,2,nan_result,637,20
FRNDINT_SSE41,64,2,outside_target_exponent,0,0
FRNDINT_SSE41,64,2,target_subnormal_result,0,0
FRNDINT_SSE41,64,2,fprem_C2_partial,0,0
FRNDINT_SSE41,64,2,unsupported_candidate,0,0
FRNDINT_SSE41,64,2,input_signaling_NaN,302,20
FRNDINT_SSE41,64,2,nan_sign_diff,0,0
FRNDINT_SSE41,64,2,nan_quiet_bit_diff,0,0
FRNDINT_SSE41,64,2,nan_payload_diff,0,0
FRNDINT_SSE41,64,2,B_expansion_changed_encoding,0,0
FRNDINT_SSE41,64,2,rflags_difference,0,0
FRNDINT_SSE41,64,2,loadstore80_changed,0,0
FRNDINT_SSE41,64,2,quotient_zero_condition_flags_diff,0,0
FRNDINT_SSE41,64,2,native_memory_bits_diff,0,0
FRNDINT_SSE41,64,2,other_value_diff,0,0
FRNDINT_SSE41,64,3,value_diff,0,0
FRNDINT_SSE41,64,3,exception_flags_diff,638,20
FRNDINT_SSE41,64,3,nan_result,637,20
FRNDINT_SSE41,64,3,outside_target_exponent,0,0
FRNDINT_SSE41,64,3,target_subnormal_result,0,0
FRNDINT_SSE41,64,3,fprem_C2_partial,0,0
FRNDINT_SSE41,64,3,unsupported_candidate,0,0
FRNDINT_SSE41,64,3,input_signaling_NaN,302,20
FRNDINT_SSE41,64,3,nan_sign_diff,0,0
FRNDINT_SSE41,64,3,nan_quiet_bit_diff,0,0
FRNDINT_SSE41,64,3,nan_payload_diff,0,0
FRNDINT_SSE41,64,3,B_expansion_changed_encoding,0,0
FRNDINT_SSE41,64,3,rflags_difference,0,0
FRNDINT_SSE41,64,3,loadstore80_changed,0,0
FRNDINT_SSE41,64,3,quotient_zero_condition_flags_diff,0,0
FRNDINT_SSE41,64,3,native_memory_bits_diff,0,0
FRNDINT_SSE41,64,3,other_value_diff,0,0
FSCALE,24,0,value_diff,0,0
FSCALE,24,0,exception_flags_diff,3945,20
FSCALE,24,0,nan_result,8023,20
FSCALE,24,0,outside_target_exponent,31026,20
FSCALE,24,0,target_subnormal_result,2932,20
FSCALE,24,0,fprem_C2_partial,0,0
FSCALE,24,0,unsupported_candidate,487820,20
FSCALE,24,0,input_signaling_NaN,4020,20
FSCALE,24,0,nan_sign_diff,0,0
FSCALE,24,0,nan_quiet_bit_diff,0,0
FSCALE,24,0,nan_payload_diff,0,0
FSCALE,24,0,B_expansion_changed_encoding,0,0
FSCALE,24,0,rflags_difference,0,0
FSCALE,24,0,loadstore80_changed,0,0
FSCALE,24,0,quotient_zero_condition_flags_diff,0,0
FSCALE,24,0,native_memory_bits_diff,0,0
FSCALE,24,0,other_value_diff,0,0
FSCALE,24,1,value_diff,0,0
FSCALE,24,1,exception_flags_diff,3945,20
FSCALE,24,1,nan_result,8023,20
FSCALE,24,1,outside_target_exponent,142216,20
FSCALE,24,1,target_subnormal_result,2932,20
FSCALE,24,1,fprem_C2_partial,0,0
FSCALE,24,1,unsupported_candidate,487820,20
FSCALE,24,1,input_signaling_NaN,4020,20
FSCALE,24,1,nan_sign_diff,0,0
FSCALE,24,1,nan_quiet_bit_diff,0,0
FSCALE,24,1,nan_payload_diff,0,0
FSCALE,24,1,B_expansion_changed_encoding,0,0
FSCALE,24,1,rflags_difference,0,0
FSCALE,24,1,loadstore80_changed,0,0
FSCALE,24,1,quotient_zero_condition_flags_diff,0,0
FSCALE,24,1,native_memory_bits_diff,0,0
FSCALE,24,1,other_value_diff,0,0
FSCALE,24,2,value_diff,0,0
FSCALE,24,2,exception_flags_diff,3945,20
FSCALE,24,2,nan_result,8023,20
FSCALE,24,2,outside_target_exponent,142343,20
FSCALE,24,2,target_subnormal_result,2932,20
FSCALE,24,2,fprem_C2_partial,0,0
FSCALE,24,2,unsupported_candidate,487820,20
FSCALE,24,2,input_signaling_NaN,4020,20
FSCALE,24,2,nan_sign_diff,0,0
FSCALE,24,2,nan_quiet_bit_diff,0,0
FSCALE,24,2,nan_payload_diff,0,0
FSCALE,24,2,B_expansion_changed_encoding,0,0
FSCALE,24,2,rflags_difference,0,0
FSCALE,24,2,loadstore80_changed,0,0
FSCALE,24,2,quotient_zero_condition_flags_diff,0,0
FSCALE,24,2,native_memory_bits_diff,0,0
FSCALE,24,2,other_value_diff,0,0
FSCALE,24,3,value_diff,0,0
FSCALE,24,3,exception_flags_diff,3945,20
FSCALE,24,3,nan_result,8023,20
FSCALE,24,3,outside_target_exponent,253533,20
FSCALE,24,3,target_subnormal_result,2932,20
FSCALE,24,3,fprem_C2_partial,0,0
FSCALE,24,3,unsupported_candidate,487820,20
FSCALE,24,3,input_signaling_NaN,4020,20
FSCALE,24,3,nan_sign_diff,0,0
FSCALE,24,3,nan_quiet_bit_diff,0,0
FSCALE,24,3,nan_payload_diff,0,0
FSCALE,24,3,B_expansion_changed_encoding,0,0
FSCALE,24,3,rflags_difference,0,0
FSCALE,24,3,loadstore80_changed,0,0
FSCALE,24,3,quotient_zero_condition_flags_diff,0,0
FSCALE,24,3,native_memory_bits_diff,0,0
FSCALE,24,3,other_value_diff,0,0
FSCALE,53,0,value_diff,0,0
FSCALE,53,0,exception_flags_diff,634,20
FSCALE,53,0,nan_result,1276,20
FSCALE,53,0,outside_target_exponent,2474,20
FSCALE,53,0,target_subnormal_result,347,20
FSCALE,53,0,fprem_C2_partial,0,0
FSCALE,53,0,unsupported_candidate,499272,20
FSCALE,53,0,input_signaling_NaN,615,20
FSCALE,53,0,nan_sign_diff,0,0
FSCALE,53,0,nan_quiet_bit_diff,0,0
FSCALE,53,0,nan_payload_diff,0,0
FSCALE,53,0,B_expansion_changed_encoding,0,0
FSCALE,53,0,rflags_difference,0,0
FSCALE,53,0,loadstore80_changed,0,0
FSCALE,53,0,quotient_zero_condition_flags_diff,0,0
FSCALE,53,0,native_memory_bits_diff,0,0
FSCALE,53,0,other_value_diff,0,0
FSCALE,53,1,value_diff,0,0
FSCALE,53,1,exception_flags_diff,634,20
FSCALE,53,1,nan_result,1276,20
FSCALE,53,1,outside_target_exponent,125458,20
FSCALE,53,1,target_subnormal_result,347,20
FSCALE,53,1,fprem_C2_partial,0,0
FSCALE,53,1,unsupported_candidate,499272,20
FSCALE,53,1,input_signaling_NaN,615,20
FSCALE,53,1,nan_sign_diff,0,0
FSCALE,53,1,nan_quiet_bit_diff,0,0
FSCALE,53,1,nan_payload_diff,0,0
FSCALE,53,1,B_expansion_changed_encoding,0,0
FSCALE,53,1,rflags_difference,0,0
FSCALE,53,1,loadstore80_changed,0,0
FSCALE,53,1,quotient_zero_condition_flags_diff,0,0
FSCALE,53,1,native_memory_bits_diff,0,0
FSCALE,53,1,other_value_diff,0,0
FSCALE,53,2,value_diff,0,0
FSCALE,53,2,exception_flags_diff,634,20
FSCALE,53,2,nan_result,1276,20
FSCALE,53,2,outside_target_exponent,125986,20
FSCALE,53,2,target_subnormal_result,347,20
FSCALE,53,2,fprem_C2_partial,0,0
FSCALE,53,2,unsupported_candidate,499272,20
FSCALE,53,2,input_signaling_NaN,615,20
FSCALE,53,2,nan_sign_diff,0,0
FSCALE,53,2,nan_quiet_bit_diff,0,0
FSCALE,53,2,nan_payload_diff,0,0
FSCALE,53,2,B_expansion_changed_encoding,0,0
FSCALE,53,2,rflags_difference,0,0
FSCALE,53,2,loadstore80_changed,0,0
FSCALE,53,2,quotient_zero_condition_flags_diff,0,0
FSCALE,53,2,native_memory_bits_diff,0,0
FSCALE,53,2,other_value_diff,0,0
FSCALE,53,3,value_diff,0,0
FSCALE,53,3,exception_flags_diff,634,20
FSCALE,53,3,nan_result,1276,20
FSCALE,53,3,outside_target_exponent,248970,20
FSCALE,53,3,target_subnormal_result,347,20
FSCALE,53,3,fprem_C2_partial,0,0
FSCALE,53,3,unsupported_candidate,499272,20
FSCALE,53,3,input_signaling_NaN,615,20
FSCALE,53,3,nan_sign_diff,0,0
FSCALE,53,3,nan_quiet_bit_diff,0,0
FSCALE,53,3,nan_payload_diff,0,0
FSCALE,53,3,B_expansion_changed_encoding,0,0
FSCALE,53,3,rflags_difference,0,0
FSCALE,53,3,loadstore80_changed,0,0
FSCALE,53,3,quotient_zero_condition_flags_diff,0,0
FSCALE,53,3,native_memory_bits_diff,0,0
FSCALE,53,3,other_value_diff,0,0
FSCALE,64,0,value_diff,0,0
FSCALE,64,0,exception_flags_diff,634,20
FSCALE,64,0,nan_result,1276,20
FSCALE,64,0,outside_target_exponent,2474,20
FSCALE,64,0,target_subnormal_result,347,20
FSCALE,64,0,fprem_C2_partial,0,0
FSCALE,64,0,unsupported_candidate,499272,20
FSCALE,64,0,input_signaling_NaN,615,20
FSCALE,64,0,nan_sign_diff,0,0
FSCALE,64,0,nan_quiet_bit_diff,0,0
FSCALE,64,0,nan_payload_diff,0,0
FSCALE,64,0,B_expansion_changed_encoding,0,0
FSCALE,64,0,rflags_difference,0,0
FSCALE,64,0,loadstore80_changed,0,0
FSCALE,64,0,quotient_zero_condition_flags_diff,0,0
FSCALE,64,0,native_memory_bits_diff,0,0
FSCALE,64,0,other_value_diff,0,0
FSCALE,64,1,value_diff,0,0
FSCALE,64,1,exception_flags_diff,634,20
FSCALE,64,1,nan_result,1276,20
FSCALE,64,1,outside_target_exponent,125458,20
FSCALE,64,1,target_subnormal_result,347,20
FSCALE,64,1,fprem_C2_partial,0,0
FSCALE,64,1,unsupported_candidate,499272,20
FSCALE,64,1,input_signaling_NaN,615,20
FSCALE,64,1,nan_sign_diff,0,0
FSCALE,64,1,nan_quiet_bit_diff,0,0
FSCALE,64,1,nan_payload_diff,0,0
FSCALE,64,1,B_expansion_changed_encoding,0,0
FSCALE,64,1,rflags_difference,0,0
FSCALE,64,1,loadstore80_changed,0,0
FSCALE,64,1,quotient_zero_condition_flags_diff,0,0
FSCALE,64,1,native_memory_bits_diff,0,0
FSCALE,64,1,other_value_diff,0,0
FSCALE,64,2,value_diff,0,0
FSCALE,64,2,exception_flags_diff,634,20
FSCALE,64,2,nan_result,1276,20
FSCALE,64,2,outside_target_exponent,125986,20
FSCALE,64,2,target_subnormal_result,347,20
FSCALE,64,2,fprem_C2_partial,0,0
FSCALE,64,2,unsupported_candidate,499272,20
FSCALE,64,2,input_signaling_NaN,615,20
FSCALE,64,2,nan_sign_diff,0,0
FSCALE,64,2,nan_quiet_bit_diff,0,0
FSCALE,64,2,nan_payload_diff,0,0
FSCALE,64,2,B_expansion_changed_encoding,0,0
FSCALE,64,2,rflags_difference,0,0
FSCALE,64,2,loadstore80_changed,0,0
FSCALE,64,2,quotient_zero_condition_flags_diff,0,0
FSCALE,64,2,native_memory_bits_diff,0,0
FSCALE,64,2,other_value_diff,0,0
FSCALE,64,3,value_diff,0,0
FSCALE,64,3,exception_flags_diff,634,20
FSCALE,64,3,nan_result,1276,20
FSCALE,64,3,outside_target_exponent,248970,20
FSCALE,64,3,target_subnormal_result,347,20
FSCALE,64,3,fprem_C2_partial,0,0
FSCALE,64,3,unsupported_candidate,499272,20
FSCALE,64,3,input_signaling_NaN,615,20
FSCALE,64,3,nan_sign_diff,0,0
FSCALE,64,3,nan_quiet_bit_diff,0,0
FSCALE,64,3,nan_payload_diff,0,0
FSCALE,64,3,B_expansion_changed_encoding,0,0
FSCALE,64,3,rflags_difference,0,0
FSCALE,64,3,loadstore80_changed,0,0
FSCALE,64,3,quotient_zero_condition_flags_diff,0,0
FSCALE,64,3,native_memory_bits_diff,0,0
FSCALE,64,3,other_value_diff,0,0
FXTRACT,24,0,value_diff,0,0
FXTRACT,24,0,exception_flags_diff,4208,20
FXTRACT,24,0,nan_result,4004,20
FXTRACT,24,0,outside_target_exponent,0,0
FXTRACT,24,0,target_subnormal_result,0,0
FXTRACT,24,0,fprem_C2_partial,0,0
FXTRACT,24,0,unsupported_candidate,4250,20
FXTRACT,24,0,input_signaling_NaN,2005,20
FXTRACT,24,0,nan_sign_diff,0,0
FXTRACT,24,0,nan_quiet_bit_diff,0,0
FXTRACT,24,0,nan_payload_diff,0,0
FXTRACT,24,0,B_expansion_changed_encoding,0,0
FXTRACT,24,0,rflags_difference,0,0
FXTRACT,24,0,loadstore80_changed,0,0
FXTRACT,24,0,quotient_zero_condition_flags_diff,0,0
FXTRACT,24,0,native_memory_bits_diff,0,0
FXTRACT,24,0,other_value_diff,0,0
FXTRACT,24,1,value_diff,0,0
FXTRACT,24,1,exception_flags_diff,4208,20
FXTRACT,24,1,nan_result,4004,20
FXTRACT,24,1,outside_target_exponent,0,0
FXTRACT,24,1,target_subnormal_result,0,0
FXTRACT,24,1,fprem_C2_partial,0,0
FXTRACT,24,1,unsupported_candidate,4250,20
FXTRACT,24,1,input_signaling_NaN,2005,20
FXTRACT,24,1,nan_sign_diff,0,0
FXTRACT,24,1,nan_quiet_bit_diff,0,0
FXTRACT,24,1,nan_payload_diff,0,0
FXTRACT,24,1,B_expansion_changed_encoding,0,0
FXTRACT,24,1,rflags_difference,0,0
FXTRACT,24,1,loadstore80_changed,0,0
FXTRACT,24,1,quotient_zero_condition_flags_diff,0,0
FXTRACT,24,1,native_memory_bits_diff,0,0
FXTRACT,24,1,other_value_diff,0,0
FXTRACT,24,2,value_diff,0,0
FXTRACT,24,2,exception_flags_diff,4208,20
FXTRACT,24,2,nan_result,4004,20
FXTRACT,24,2,outside_target_exponent,0,0
FXTRACT,24,2,target_subnormal_result,0,0
FXTRACT,24,2,fprem_C2_partial,0,0
FXTRACT,24,2,unsupported_candidate,4250,20
FXTRACT,24,2,input_signaling_NaN,2005,20
FXTRACT,24,2,nan_sign_diff,0,0
FXTRACT,24,2,nan_quiet_bit_diff,0,0
FXTRACT,24,2,nan_payload_diff,0,0
FXTRACT,24,2,B_expansion_changed_encoding,0,0
FXTRACT,24,2,rflags_difference,0,0
FXTRACT,24,2,loadstore80_changed,0,0
FXTRACT,24,2,quotient_zero_condition_flags_diff,0,0
FXTRACT,24,2,native_memory_bits_diff,0,0
FXTRACT,24,2,other_value_diff,0,0
FXTRACT,24,3,value_diff,0,0
FXTRACT,24,3,exception_flags_diff,4208,20
FXTRACT,24,3,nan_result,4004,20
FXTRACT,24,3,outside_target_exponent,0,0
FXTRACT,24,3,target_subnormal_result,0,0
FXTRACT,24,3,fprem_C2_partial,0,0
FXTRACT,24,3,unsupported_candidate,4250,20
FXTRACT,24,3,input_signaling_NaN,2005,20
FXTRACT,24,3,nan_sign_diff,0,0
FXTRACT,24,3,nan_quiet_bit_diff,0,0
FXTRACT,24,3,nan_payload_diff,0,0
FXTRACT,24,3,B_expansion_changed_encoding,0,0
FXTRACT,24,3,rflags_difference,0,0
FXTRACT,24,3,loadstore80_changed,0,0
FXTRACT,24,3,quotient_zero_condition_flags_diff,0,0
FXTRACT,24,3,native_memory_bits_diff,0,0
FXTRACT,24,3,other_value_diff,0,0
FXTRACT,53,0,value_diff,0,0
FXTRACT,53,0,exception_flags_diff,644,20
FXTRACT,53,0,nan_result,658,20
FXTRACT,53,0,outside_target_exponent,0,0
FXTRACT,53,0,target_subnormal_result,0,0
FXTRACT,53,0,fprem_C2_partial,0,0
FXTRACT,53,0,unsupported_candidate,822,20
FXTRACT,53,0,input_signaling_NaN,339,20
FXTRACT,53,0,nan_sign_diff,0,0
FXTRACT,53,0,nan_quiet_bit_diff,0,0
FXTRACT,53,0,nan_payload_diff,0,0
FXTRACT,53,0,B_expansion_changed_encoding,0,0
FXTRACT,53,0,rflags_difference,0,0
FXTRACT,53,0,loadstore80_changed,0,0
FXTRACT,53,0,quotient_zero_condition_flags_diff,0,0
FXTRACT,53,0,native_memory_bits_diff,0,0
FXTRACT,53,0,other_value_diff,0,0
FXTRACT,53,1,value_diff,0,0
FXTRACT,53,1,exception_flags_diff,644,20
FXTRACT,53,1,nan_result,658,20
FXTRACT,53,1,outside_target_exponent,0,0
FXTRACT,53,1,target_subnormal_result,0,0
FXTRACT,53,1,fprem_C2_partial,0,0
FXTRACT,53,1,unsupported_candidate,822,20
FXTRACT,53,1,input_signaling_NaN,339,20
FXTRACT,53,1,nan_sign_diff,0,0
FXTRACT,53,1,nan_quiet_bit_diff,0,0
FXTRACT,53,1,nan_payload_diff,0,0
FXTRACT,53,1,B_expansion_changed_encoding,0,0
FXTRACT,53,1,rflags_difference,0,0
FXTRACT,53,1,loadstore80_changed,0,0
FXTRACT,53,1,quotient_zero_condition_flags_diff,0,0
FXTRACT,53,1,native_memory_bits_diff,0,0
FXTRACT,53,1,other_value_diff,0,0
FXTRACT,53,2,value_diff,0,0
FXTRACT,53,2,exception_flags_diff,644,20
FXTRACT,53,2,nan_result,658,20
FXTRACT,53,2,outside_target_exponent,0,0
FXTRACT,53,2,target_subnormal_result,0,0
FXTRACT,53,2,fprem_C2_partial,0,0
FXTRACT,53,2,unsupported_candidate,822,20
FXTRACT,53,2,input_signaling_NaN,339,20
FXTRACT,53,2,nan_sign_diff,0,0
FXTRACT,53,2,nan_quiet_bit_diff,0,0
FXTRACT,53,2,nan_payload_diff,0,0
FXTRACT,53,2,B_expansion_changed_encoding,0,0
FXTRACT,53,2,rflags_difference,0,0
FXTRACT,53,2,loadstore80_changed,0,0
FXTRACT,53,2,quotient_zero_condition_flags_diff,0,0
FXTRACT,53,2,native_memory_bits_diff,0,0
FXTRACT,53,2,other_value_diff,0,0
FXTRACT,53,3,value_diff,0,0
FXTRACT,53,3,exception_flags_diff,644,20
FXTRACT,53,3,nan_result,658,20
FXTRACT,53,3,outside_target_exponent,0,0
FXTRACT,53,3,target_subnormal_result,0,0
FXTRACT,53,3,fprem_C2_partial,0,0
FXTRACT,53,3,unsupported_candidate,822,20
FXTRACT,53,3,input_signaling_NaN,339,20
FXTRACT,53,3,nan_sign_diff,0,0
FXTRACT,53,3,nan_quiet_bit_diff,0,0
FXTRACT,53,3,nan_payload_diff,0,0
FXTRACT,53,3,B_expansion_changed_encoding,0,0
FXTRACT,53,3,rflags_difference,0,0
FXTRACT,53,3,loadstore80_changed,0,0
FXTRACT,53,3,quotient_zero_condition_flags_diff,0,0
FXTRACT,53,3,native_memory_bits_diff,0,0
FXTRACT,53,3,other_value_diff,0,0
FXTRACT,64,0,value_diff,0,0
FXTRACT,64,0,exception_flags_diff,644,20
FXTRACT,64,0,nan_result,658,20
FXTRACT,64,0,outside_target_exponent,0,0
FXTRACT,64,0,target_subnormal_result,0,0
FXTRACT,64,0,fprem_C2_partial,0,0
FXTRACT,64,0,unsupported_candidate,822,20
FXTRACT,64,0,input_signaling_NaN,339,20
FXTRACT,64,0,nan_sign_diff,0,0
FXTRACT,64,0,nan_quiet_bit_diff,0,0
FXTRACT,64,0,nan_payload_diff,0,0
FXTRACT,64,0,B_expansion_changed_encoding,0,0
FXTRACT,64,0,rflags_difference,0,0
FXTRACT,64,0,loadstore80_changed,0,0
FXTRACT,64,0,quotient_zero_condition_flags_diff,0,0
FXTRACT,64,0,native_memory_bits_diff,0,0
FXTRACT,64,0,other_value_diff,0,0
FXTRACT,64,1,value_diff,0,0
FXTRACT,64,1,exception_flags_diff,644,20
FXTRACT,64,1,nan_result,658,20
FXTRACT,64,1,outside_target_exponent,0,0
FXTRACT,64,1,target_subnormal_result,0,0
FXTRACT,64,1,fprem_C2_partial,0,0
FXTRACT,64,1,unsupported_candidate,822,20
FXTRACT,64,1,input_signaling_NaN,339,20
FXTRACT,64,1,nan_sign_diff,0,0
FXTRACT,64,1,nan_quiet_bit_diff,0,0
FXTRACT,64,1,nan_payload_diff,0,0
FXTRACT,64,1,B_expansion_changed_encoding,0,0
FXTRACT,64,1,rflags_difference,0,0
FXTRACT,64,1,loadstore80_changed,0,0
FXTRACT,64,1,quotient_zero_condition_flags_diff,0,0
FXTRACT,64,1,native_memory_bits_diff,0,0
FXTRACT,64,1,other_value_diff,0,0
FXTRACT,64,2,value_diff,0,0
FXTRACT,64,2,exception_flags_diff,644,20
FXTRACT,64,2,nan_result,658,20
FXTRACT,64,2,outside_target_exponent,0,0
FXTRACT,64,2,target_subnormal_result,0,0
FXTRACT,64,2,fprem_C2_partial,0,0
FXTRACT,64,2,unsupported_candidate,822,20
FXTRACT,64,2,input_signaling_NaN,339,20
FXTRACT,64,2,nan_sign_diff,0,0
FXTRACT,64,2,nan_quiet_bit_diff,0,0
FXTRACT,64,2,nan_payload_diff,0,0
FXTRACT,64,2,B_expansion_changed_encoding,0,0
FXTRACT,64,2,rflags_difference,0,0
FXTRACT,64,2,loadstore80_changed,0,0
FXTRACT,64,2,quotient_zero_condition_flags_diff,0,0
FXTRACT,64,2,native_memory_bits_diff,0,0
FXTRACT,64,2,other_value_diff,0,0
FXTRACT,64,3,value_diff,0,0
FXTRACT,64,3,exception_flags_diff,644,20
FXTRACT,64,3,nan_result,658,20
FXTRACT,64,3,outside_target_exponent,0,0
FXTRACT,64,3,target_subnormal_result,0,0
FXTRACT,64,3,fprem_C2_partial,0,0
FXTRACT,64,3,unsupported_candidate,822,20
FXTRACT,64,3,input_signaling_NaN,339,20
FXTRACT,64,3,nan_sign_diff,0,0
FXTRACT,64,3,nan_quiet_bit_diff,0,0
FXTRACT,64,3,nan_payload_diff,0,0
FXTRACT,64,3,B_expansion_changed_encoding,0,0
FXTRACT,64,3,rflags_difference,0,0
FXTRACT,64,3,loadstore80_changed,0,0
FXTRACT,64,3,quotient_zero_condition_flags_diff,0,0
FXTRACT,64,3,native_memory_bits_diff,0,0
FXTRACT,64,3,other_value_diff,0,0
FPREM,24,0,value_diff,0,0
FPREM,24,0,exception_flags_diff,4015,20
FPREM,24,0,nan_result,8231,20
FPREM,24,0,outside_target_exponent,6325,20
FPREM,24,0,target_subnormal_result,6325,20
FPREM,24,0,fprem_C2_partial,280510,20
FPREM,24,0,unsupported_candidate,506140,20
FPREM,24,0,input_signaling_NaN,4080,20
FPREM,24,0,nan_sign_diff,0,0
FPREM,24,0,nan_quiet_bit_diff,0,0
FPREM,24,0,nan_payload_diff,0,0
FPREM,24,0,B_expansion_changed_encoding,0,0
FPREM,24,0,rflags_difference,0,0
FPREM,24,0,loadstore80_changed,0,0
FPREM,24,0,quotient_zero_condition_flags_diff,0,0
FPREM,24,0,native_memory_bits_diff,0,0
FPREM,24,0,other_value_diff,0,0
FPREM,24,1,value_diff,0,0
FPREM,24,1,exception_flags_diff,4015,20
FPREM,24,1,nan_result,8231,20
FPREM,24,1,outside_target_exponent,6325,20
FPREM,24,1,target_subnormal_result,6325,20
FPREM,24,1,fprem_C2_partial,280510,20
FPREM,24,1,unsupported_candidate,506140,20
FPREM,24,1,input_signaling_NaN,4080,20
FPREM,24,1,nan_sign_diff,0,0
FPREM,24,1,nan_quiet_bit_diff,0,0
FPREM,24,1,nan_payload_diff,0,0
FPREM,24,1,B_expansion_changed_encoding,0,0
FPREM,24,1,rflags_difference,0,0
FPREM,24,1,loadstore80_changed,0,0
FPREM,24,1,quotient_zero_condition_flags_diff,0,0
FPREM,24,1,native_memory_bits_diff,0,0
FPREM,24,1,other_value_diff,0,0
FPREM,24,2,value_diff,0,0
FPREM,24,2,exception_flags_diff,4015,20
FPREM,24,2,nan_result,8231,20
FPREM,24,2,outside_target_exponent,6325,20
FPREM,24,2,target_subnormal_result,6325,20
FPREM,24,2,fprem_C2_partial,280510,20
FPREM,24,2,unsupported_candidate,506140,20
FPREM,24,2,input_signaling_NaN,4080,20
FPREM,24,2,nan_sign_diff,0,0
FPREM,24,2,nan_quiet_bit_diff,0,0
FPREM,24,2,nan_payload_diff,0,0
FPREM,24,2,B_expansion_changed_encoding,0,0
FPREM,24,2,rflags_difference,0,0
FPREM,24,2,loadstore80_changed,0,0
FPREM,24,2,quotient_zero_condition_flags_diff,0,0
FPREM,24,2,native_memory_bits_diff,0,0
FPREM,24,2,other_value_diff,0,0
FPREM,24,3,value_diff,0,0
FPREM,24,3,exception_flags_diff,4015,20
FPREM,24,3,nan_result,8231,20
FPREM,24,3,outside_target_exponent,6325,20
FPREM,24,3,target_subnormal_result,6325,20
FPREM,24,3,fprem_C2_partial,280510,20
FPREM,24,3,unsupported_candidate,506140,20
FPREM,24,3,input_signaling_NaN,4080,20
FPREM,24,3,nan_sign_diff,0,0
FPREM,24,3,nan_quiet_bit_diff,0,0
FPREM,24,3,nan_payload_diff,0,0
FPREM,24,3,B_expansion_changed_encoding,0,0
FPREM,24,3,rflags_difference,0,0
FPREM,24,3,loadstore80_changed,0,0
FPREM,24,3,quotient_zero_condition_flags_diff,0,0
FPREM,24,3,native_memory_bits_diff,0,0
FPREM,24,3,other_value_diff,0,0
FPREM,53,0,value_diff,0,0
FPREM,53,0,exception_flags_diff,629,20
FPREM,53,0,nan_result,1366,20
FPREM,53,0,outside_target_exponent,676,20
FPREM,53,0,target_subnormal_result,676,20
FPREM,53,0,fprem_C2_partial,469261,20
FPREM,53,0,unsupported_candidate,501678,20
FPREM,53,0,input_signaling_NaN,596,20
FPREM,53,0,nan_sign_diff,0,0
FPREM,53,0,nan_quiet_bit_diff,0,0
FPREM,53,0,nan_payload_diff,0,0
FPREM,53,0,B_expansion_changed_encoding,0,0
FPREM,53,0,rflags_difference,0,0
FPREM,53,0,loadstore80_changed,0,0
FPREM,53,0,quotient_zero_condition_flags_diff,0,0
FPREM,53,0,native_memory_bits_diff,0,0
FPREM,53,0,other_value_diff,0,0
FPREM,53,1,value_diff,0,0
FPREM,53,1,exception_flags_diff,629,20
FPREM,53,1,nan_result,1366,20
FPREM,53,1,outside_target_exponent,676,20
FPREM,53,1,target_subnormal_result,676,20
FPREM,53,1,fprem_C2_partial,469261,20
FPREM,53,1,unsupported_candidate,501678,20
FPREM,53,1,input_signaling_NaN,596,20
FPREM,53,1,nan_sign_diff,0,0
FPREM,53,1,nan_quiet_bit_diff,0,0
FPREM,53,1,nan_payload_diff,0,0
FPREM,53,1,B_expansion_changed_encoding,0,0
FPREM,53,1,rflags_difference,0,0
FPREM,53,1,loadstore80_changed,0,0
FPREM,53,1,quotient_zero_condition_flags_diff,0,0
FPREM,53,1,native_memory_bits_diff,0,0
FPREM,53,1,other_value_diff,0,0
FPREM,53,2,value_diff,0,0
FPREM,53,2,exception_flags_diff,629,20
FPREM,53,2,nan_result,1366,20
FPREM,53,2,outside_target_exponent,676,20
FPREM,53,2,target_subnormal_result,676,20
FPREM,53,2,fprem_C2_partial,469261,20
FPREM,53,2,unsupported_candidate,501678,20
FPREM,53,2,input_signaling_NaN,596,20
FPREM,53,2,nan_sign_diff,0,0
FPREM,53,2,nan_quiet_bit_diff,0,0
FPREM,53,2,nan_payload_diff,0,0
FPREM,53,2,B_expansion_changed_encoding,0,0
FPREM,53,2,rflags_difference,0,0
FPREM,53,2,loadstore80_changed,0,0
FPREM,53,2,quotient_zero_condition_flags_diff,0,0
FPREM,53,2,native_memory_bits_diff,0,0
FPREM,53,2,other_value_diff,0,0
FPREM,53,3,value_diff,0,0
FPREM,53,3,exception_flags_diff,629,20
FPREM,53,3,nan_result,1366,20
FPREM,53,3,outside_target_exponent,676,20
FPREM,53,3,target_subnormal_result,676,20
FPREM,53,3,fprem_C2_partial,469261,20
FPREM,53,3,unsupported_candidate,501678,20
FPREM,53,3,input_signaling_NaN,596,20
FPREM,53,3,nan_sign_diff,0,0
FPREM,53,3,nan_quiet_bit_diff,0,0
FPREM,53,3,nan_payload_diff,0,0
FPREM,53,3,B_expansion_changed_encoding,0,0
FPREM,53,3,rflags_difference,0,0
FPREM,53,3,loadstore80_changed,0,0
FPREM,53,3,quotient_zero_condition_flags_diff,0,0
FPREM,53,3,native_memory_bits_diff,0,0
FPREM,53,3,other_value_diff,0,0
FPREM,64,0,value_diff,0,0
FPREM,64,0,exception_flags_diff,629,20
FPREM,64,0,nan_result,1366,20
FPREM,64,0,outside_target_exponent,676,20
FPREM,64,0,target_subnormal_result,676,20
FPREM,64,0,fprem_C2_partial,469261,20
FPREM,64,0,unsupported_candidate,501678,20
FPREM,64,0,input_signaling_NaN,596,20
FPREM,64,0,nan_sign_diff,0,0
FPREM,64,0,nan_quiet_bit_diff,0,0
FPREM,64,0,nan_payload_diff,0,0
FPREM,64,0,B_expansion_changed_encoding,0,0
FPREM,64,0,rflags_difference,0,0
FPREM,64,0,loadstore80_changed,0,0
FPREM,64,0,quotient_zero_condition_flags_diff,0,0
FPREM,64,0,native_memory_bits_diff,0,0
FPREM,64,0,other_value_diff,0,0
FPREM,64,1,value_diff,0,0
FPREM,64,1,exception_flags_diff,629,20
FPREM,64,1,nan_result,1366,20
FPREM,64,1,outside_target_exponent,676,20
FPREM,64,1,target_subnormal_result,676,20
FPREM,64,1,fprem_C2_partial,469261,20
FPREM,64,1,unsupported_candidate,501678,20
FPREM,64,1,input_signaling_NaN,596,20
FPREM,64,1,nan_sign_diff,0,0
FPREM,64,1,nan_quiet_bit_diff,0,0
FPREM,64,1,nan_payload_diff,0,0
FPREM,64,1,B_expansion_changed_encoding,0,0
FPREM,64,1,rflags_difference,0,0
FPREM,64,1,loadstore80_changed,0,0
FPREM,64,1,quotient_zero_condition_flags_diff,0,0
FPREM,64,1,native_memory_bits_diff,0,0
FPREM,64,1,other_value_diff,0,0
FPREM,64,2,value_diff,0,0
FPREM,64,2,exception_flags_diff,629,20
FPREM,64,2,nan_result,1366,20
FPREM,64,2,outside_target_exponent,676,20
FPREM,64,2,target_subnormal_result,676,20
FPREM,64,2,fprem_C2_partial,469261,20
FPREM,64,2,unsupported_candidate,501678,20
FPREM,64,2,input_signaling_NaN,596,20
FPREM,64,2,nan_sign_diff,0,0
FPREM,64,2,nan_quiet_bit_diff,0,0
FPREM,64,2,nan_payload_diff,0,0
FPREM,64,2,B_expansion_changed_encoding,0,0
FPREM,64,2,rflags_difference,0,0
FPREM,64,2,loadstore80_changed,0,0
FPREM,64,2,quotient_zero_condition_flags_diff,0,0
FPREM,64,2,native_memory_bits_diff,0,0
FPREM,64,2,other_value_diff,0,0
FPREM,64,3,value_diff,0,0
FPREM,64,3,exception_flags_diff,629,20
FPREM,64,3,nan_result,1366,20
FPREM,64,3,outside_target_exponent,676,20
FPREM,64,3,target_subnormal_result,676,20
FPREM,64,3,fprem_C2_partial,469261,20
FPREM,64,3,unsupported_candidate,501678,20
FPREM,64,3,input_signaling_NaN,596,20
FPREM,64,3,nan_sign_diff,0,0
FPREM,64,3,nan_quiet_bit_diff,0,0
FPREM,64,3,nan_payload_diff,0,0
FPREM,64,3,B_expansion_changed_encoding,0,0
FPREM,64,3,rflags_difference,0,0
FPREM,64,3,loadstore80_changed,0,0
FPREM,64,3,quotient_zero_condition_flags_diff,0,0
FPREM,64,3,native_memory_bits_diff,0,0
FPREM,64,3,other_value_diff,0,0
FPREM1,24,0,value_diff,0,0
FPREM1,24,0,exception_flags_diff,3896,20
FPREM1,24,0,nan_result,8374,20
FPREM1,24,0,outside_target_exponent,7216,20
FPREM1,24,0,target_subnormal_result,7216,20
FPREM1,24,0,fprem_C2_partial,279922,20
FPREM1,24,0,unsupported_candidate,509092,20
FPREM1,24,0,input_signaling_NaN,4093,20
FPREM1,24,0,nan_sign_diff,0,0
FPREM1,24,0,nan_quiet_bit_diff,0,0
FPREM1,24,0,nan_payload_diff,0,0
FPREM1,24,0,B_expansion_changed_encoding,0,0
FPREM1,24,0,rflags_difference,0,0
FPREM1,24,0,loadstore80_changed,0,0
FPREM1,24,0,quotient_zero_condition_flags_diff,0,0
FPREM1,24,0,native_memory_bits_diff,0,0
FPREM1,24,0,other_value_diff,0,0
FPREM1,24,1,value_diff,0,0
FPREM1,24,1,exception_flags_diff,3896,20
FPREM1,24,1,nan_result,8374,20
FPREM1,24,1,outside_target_exponent,7216,20
FPREM1,24,1,target_subnormal_result,7216,20
FPREM1,24,1,fprem_C2_partial,279922,20
FPREM1,24,1,unsupported_candidate,509092,20
FPREM1,24,1,input_signaling_NaN,4093,20
FPREM1,24,1,nan_sign_diff,0,0
FPREM1,24,1,nan_quiet_bit_diff,0,0
FPREM1,24,1,nan_payload_diff,0,0
FPREM1,24,1,B_expansion_changed_encoding,0,0
FPREM1,24,1,rflags_difference,0,0
FPREM1,24,1,loadstore80_changed,0,0
FPREM1,24,1,quotient_zero_condition_flags_diff,0,0
FPREM1,24,1,native_memory_bits_diff,0,0
FPREM1,24,1,other_value_diff,0,0
FPREM1,24,2,value_diff,0,0
FPREM1,24,2,exception_flags_diff,3896,20
FPREM1,24,2,nan_result,8374,20
FPREM1,24,2,outside_target_exponent,7216,20
FPREM1,24,2,target_subnormal_result,7216,20
FPREM1,24,2,fprem_C2_partial,279922,20
FPREM1,24,2,unsupported_candidate,509092,20
FPREM1,24,2,input_signaling_NaN,4093,20
FPREM1,24,2,nan_sign_diff,0,0
FPREM1,24,2,nan_quiet_bit_diff,0,0
FPREM1,24,2,nan_payload_diff,0,0
FPREM1,24,2,B_expansion_changed_encoding,0,0
FPREM1,24,2,rflags_difference,0,0
FPREM1,24,2,loadstore80_changed,0,0
FPREM1,24,2,quotient_zero_condition_flags_diff,0,0
FPREM1,24,2,native_memory_bits_diff,0,0
FPREM1,24,2,other_value_diff,0,0
FPREM1,24,3,value_diff,0,0
FPREM1,24,3,exception_flags_diff,3896,20
FPREM1,24,3,nan_result,8374,20
FPREM1,24,3,outside_target_exponent,7216,20
FPREM1,24,3,target_subnormal_result,7216,20
FPREM1,24,3,fprem_C2_partial,279922,20
FPREM1,24,3,unsupported_candidate,509092,20
FPREM1,24,3,input_signaling_NaN,4093,20
FPREM1,24,3,nan_sign_diff,0,0
FPREM1,24,3,nan_quiet_bit_diff,0,0
FPREM1,24,3,nan_payload_diff,0,0
FPREM1,24,3,B_expansion_changed_encoding,0,0
FPREM1,24,3,rflags_difference,0,0
FPREM1,24,3,loadstore80_changed,0,0
FPREM1,24,3,quotient_zero_condition_flags_diff,0,0
FPREM1,24,3,native_memory_bits_diff,0,0
FPREM1,24,3,other_value_diff,0,0
FPREM1,53,0,value_diff,0,0
FPREM1,53,0,exception_flags_diff,612,20
FPREM1,53,0,nan_result,1455,20
FPREM1,53,0,outside_target_exponent,677,20
FPREM1,53,0,target_subnormal_result,677,20
FPREM1,53,0,fprem_C2_partial,469505,20
FPREM1,53,0,unsupported_candidate,502349,20
FPREM1,53,0,input_signaling_NaN,657,20
FPREM1,53,0,nan_sign_diff,0,0
FPREM1,53,0,nan_quiet_bit_diff,0,0
FPREM1,53,0,nan_payload_diff,0,0
FPREM1,53,0,B_expansion_changed_encoding,0,0
FPREM1,53,0,rflags_difference,0,0
FPREM1,53,0,loadstore80_changed,0,0
FPREM1,53,0,quotient_zero_condition_flags_diff,0,0
FPREM1,53,0,native_memory_bits_diff,0,0
FPREM1,53,0,other_value_diff,0,0
FPREM1,53,1,value_diff,0,0
FPREM1,53,1,exception_flags_diff,612,20
FPREM1,53,1,nan_result,1455,20
FPREM1,53,1,outside_target_exponent,677,20
FPREM1,53,1,target_subnormal_result,677,20
FPREM1,53,1,fprem_C2_partial,469505,20
FPREM1,53,1,unsupported_candidate,502349,20
FPREM1,53,1,input_signaling_NaN,657,20
FPREM1,53,1,nan_sign_diff,0,0
FPREM1,53,1,nan_quiet_bit_diff,0,0
FPREM1,53,1,nan_payload_diff,0,0
FPREM1,53,1,B_expansion_changed_encoding,0,0
FPREM1,53,1,rflags_difference,0,0
FPREM1,53,1,loadstore80_changed,0,0
FPREM1,53,1,quotient_zero_condition_flags_diff,0,0
FPREM1,53,1,native_memory_bits_diff,0,0
FPREM1,53,1,other_value_diff,0,0
FPREM1,53,2,value_diff,0,0
FPREM1,53,2,exception_flags_diff,612,20
FPREM1,53,2,nan_result,1455,20
FPREM1,53,2,outside_target_exponent,677,20
FPREM1,53,2,target_subnormal_result,677,20
FPREM1,53,2,fprem_C2_partial,469505,20
FPREM1,53,2,unsupported_candidate,502349,20
FPREM1,53,2,input_signaling_NaN,657,20
FPREM1,53,2,nan_sign_diff,0,0
FPREM1,53,2,nan_quiet_bit_diff,0,0
FPREM1,53,2,nan_payload_diff,0,0
FPREM1,53,2,B_expansion_changed_encoding,0,0
FPREM1,53,2,rflags_difference,0,0
FPREM1,53,2,loadstore80_changed,0,0
FPREM1,53,2,quotient_zero_condition_flags_diff,0,0
FPREM1,53,2,native_memory_bits_diff,0,0
FPREM1,53,2,other_value_diff,0,0
FPREM1,53,3,value_diff,0,0
FPREM1,53,3,exception_flags_diff,612,20
FPREM1,53,3,nan_result,1455,20
FPREM1,53,3,outside_target_exponent,677,20
FPREM1,53,3,target_subnormal_result,677,20
FPREM1,53,3,fprem_C2_partial,469505,20
FPREM1,53,3,unsupported_candidate,502349,20
FPREM1,53,3,input_signaling_NaN,657,20
FPREM1,53,3,nan_sign_diff,0,0
FPREM1,53,3,nan_quiet_bit_diff,0,0
FPREM1,53,3,nan_payload_diff,0,0
FPREM1,53,3,B_expansion_changed_encoding,0,0
FPREM1,53,3,rflags_difference,0,0
FPREM1,53,3,loadstore80_changed,0,0
FPREM1,53,3,quotient_zero_condition_flags_diff,0,0
FPREM1,53,3,native_memory_bits_diff,0,0
FPREM1,53,3,other_value_diff,0,0
FPREM1,64,0,value_diff,0,0
FPREM1,64,0,exception_flags_diff,612,20
FPREM1,64,0,nan_result,1455,20
FPREM1,64,0,outside_target_exponent,677,20
FPREM1,64,0,target_subnormal_result,677,20
FPREM1,64,0,fprem_C2_partial,469505,20
FPREM1,64,0,unsupported_candidate,502349,20
FPREM1,64,0,input_signaling_NaN,657,20
FPREM1,64,0,nan_sign_diff,0,0
FPREM1,64,0,nan_quiet_bit_diff,0,0
FPREM1,64,0,nan_payload_diff,0,0
FPREM1,64,0,B_expansion_changed_encoding,0,0
FPREM1,64,0,rflags_difference,0,0
FPREM1,64,0,loadstore80_changed,0,0
FPREM1,64,0,quotient_zero_condition_flags_diff,0,0
FPREM1,64,0,native_memory_bits_diff,0,0
FPREM1,64,0,other_value_diff,0,0
FPREM1,64,1,value_diff,0,0
FPREM1,64,1,exception_flags_diff,612,20
FPREM1,64,1,nan_result,1455,20
FPREM1,64,1,outside_target_exponent,677,20
FPREM1,64,1,target_subnormal_result,677,20
FPREM1,64,1,fprem_C2_partial,469505,20
FPREM1,64,1,unsupported_candidate,502349,20
FPREM1,64,1,input_signaling_NaN,657,20
FPREM1,64,1,nan_sign_diff,0,0
FPREM1,64,1,nan_quiet_bit_diff,0,0
FPREM1,64,1,nan_payload_diff,0,0
FPREM1,64,1,B_expansion_changed_encoding,0,0
FPREM1,64,1,rflags_difference,0,0
FPREM1,64,1,loadstore80_changed,0,0
FPREM1,64,1,quotient_zero_condition_flags_diff,0,0
FPREM1,64,1,native_memory_bits_diff,0,0
FPREM1,64,1,other_value_diff,0,0
FPREM1,64,2,value_diff,0,0
FPREM1,64,2,exception_flags_diff,612,20
FPREM1,64,2,nan_result,1455,20
FPREM1,64,2,outside_target_exponent,677,20
FPREM1,64,2,target_subnormal_result,677,20
FPREM1,64,2,fprem_C2_partial,469505,20
FPREM1,64,2,unsupported_candidate,502349,20
FPREM1,64,2,input_signaling_NaN,657,20
FPREM1,64,2,nan_sign_diff,0,0
FPREM1,64,2,nan_quiet_bit_diff,0,0
FPREM1,64,2,nan_payload_diff,0,0
FPREM1,64,2,B_expansion_changed_encoding,0,0
FPREM1,64,2,rflags_difference,0,0
FPREM1,64,2,loadstore80_changed,0,0
FPREM1,64,2,quotient_zero_condition_flags_diff,0,0
FPREM1,64,2,native_memory_bits_diff,0,0
FPREM1,64,2,other_value_diff,0,0
FPREM1,64,3,value_diff,0,0
FPREM1,64,3,exception_flags_diff,612,20
FPREM1,64,3,nan_result,1455,20
FPREM1,64,3,outside_target_exponent,677,20
FPREM1,64,3,target_subnormal_result,677,20
FPREM1,64,3,fprem_C2_partial,469505,20
FPREM1,64,3,unsupported_candidate,502349,20
FPREM1,64,3,input_signaling_NaN,657,20
FPREM1,64,3,nan_sign_diff,0,0
FPREM1,64,3,nan_quiet_bit_diff,0,0
FPREM1,64,3,nan_payload_diff,0,0
FPREM1,64,3,B_expansion_changed_encoding,0,0
FPREM1,64,3,rflags_difference,0,0
FPREM1,64,3,loadstore80_changed,0,0
FPREM1,64,3,quotient_zero_condition_flags_diff,0,0
FPREM1,64,3,native_memory_bits_diff,0,0
FPREM1,64,3,other_value_diff,0,0
FILD16,24,0,value_diff,0,0
FILD16,24,0,exception_flags_diff,0,0
FILD16,24,0,nan_result,0,0
FILD16,24,0,outside_target_exponent,0,0
FILD16,24,0,target_subnormal_result,0,0
FILD16,24,0,fprem_C2_partial,0,0
FILD16,24,0,unsupported_candidate,0,0
FILD16,24,0,input_signaling_NaN,0,0
FILD16,24,0,nan_sign_diff,0,0
FILD16,24,0,nan_quiet_bit_diff,0,0
FILD16,24,0,nan_payload_diff,0,0
FILD16,24,0,B_expansion_changed_encoding,0,0
FILD16,24,0,rflags_difference,0,0
FILD16,24,0,loadstore80_changed,0,0
FILD16,24,0,quotient_zero_condition_flags_diff,0,0
FILD16,24,0,native_memory_bits_diff,0,0
FILD16,24,0,other_value_diff,0,0
FILD16,24,1,value_diff,0,0
FILD16,24,1,exception_flags_diff,0,0
FILD16,24,1,nan_result,0,0
FILD16,24,1,outside_target_exponent,0,0
FILD16,24,1,target_subnormal_result,0,0
FILD16,24,1,fprem_C2_partial,0,0
FILD16,24,1,unsupported_candidate,0,0
FILD16,24,1,input_signaling_NaN,0,0
FILD16,24,1,nan_sign_diff,0,0
FILD16,24,1,nan_quiet_bit_diff,0,0
FILD16,24,1,nan_payload_diff,0,0
FILD16,24,1,B_expansion_changed_encoding,0,0
FILD16,24,1,rflags_difference,0,0
FILD16,24,1,loadstore80_changed,0,0
FILD16,24,1,quotient_zero_condition_flags_diff,0,0
FILD16,24,1,native_memory_bits_diff,0,0
FILD16,24,1,other_value_diff,0,0
FILD16,24,2,value_diff,0,0
FILD16,24,2,exception_flags_diff,0,0
FILD16,24,2,nan_result,0,0
FILD16,24,2,outside_target_exponent,0,0
FILD16,24,2,target_subnormal_result,0,0
FILD16,24,2,fprem_C2_partial,0,0
FILD16,24,2,unsupported_candidate,0,0
FILD16,24,2,input_signaling_NaN,0,0
FILD16,24,2,nan_sign_diff,0,0
FILD16,24,2,nan_quiet_bit_diff,0,0
FILD16,24,2,nan_payload_diff,0,0
FILD16,24,2,B_expansion_changed_encoding,0,0
FILD16,24,2,rflags_difference,0,0
FILD16,24,2,loadstore80_changed,0,0
FILD16,24,2,quotient_zero_condition_flags_diff,0,0
FILD16,24,2,native_memory_bits_diff,0,0
FILD16,24,2,other_value_diff,0,0
FILD16,24,3,value_diff,0,0
FILD16,24,3,exception_flags_diff,0,0
FILD16,24,3,nan_result,0,0
FILD16,24,3,outside_target_exponent,0,0
FILD16,24,3,target_subnormal_result,0,0
FILD16,24,3,fprem_C2_partial,0,0
FILD16,24,3,unsupported_candidate,0,0
FILD16,24,3,input_signaling_NaN,0,0
FILD16,24,3,nan_sign_diff,0,0
FILD16,24,3,nan_quiet_bit_diff,0,0
FILD16,24,3,nan_payload_diff,0,0
FILD16,24,3,B_expansion_changed_encoding,0,0
FILD16,24,3,rflags_difference,0,0
FILD16,24,3,loadstore80_changed,0,0
FILD16,24,3,quotient_zero_condition_flags_diff,0,0
FILD16,24,3,native_memory_bits_diff,0,0
FILD16,24,3,other_value_diff,0,0
FILD16,53,0,value_diff,0,0
FILD16,53,0,exception_flags_diff,0,0
FILD16,53,0,nan_result,0,0
FILD16,53,0,outside_target_exponent,0,0
FILD16,53,0,target_subnormal_result,0,0
FILD16,53,0,fprem_C2_partial,0,0
FILD16,53,0,unsupported_candidate,0,0
FILD16,53,0,input_signaling_NaN,0,0
FILD16,53,0,nan_sign_diff,0,0
FILD16,53,0,nan_quiet_bit_diff,0,0
FILD16,53,0,nan_payload_diff,0,0
FILD16,53,0,B_expansion_changed_encoding,0,0
FILD16,53,0,rflags_difference,0,0
FILD16,53,0,loadstore80_changed,0,0
FILD16,53,0,quotient_zero_condition_flags_diff,0,0
FILD16,53,0,native_memory_bits_diff,0,0
FILD16,53,0,other_value_diff,0,0
FILD16,53,1,value_diff,0,0
FILD16,53,1,exception_flags_diff,0,0
FILD16,53,1,nan_result,0,0
FILD16,53,1,outside_target_exponent,0,0
FILD16,53,1,target_subnormal_result,0,0
FILD16,53,1,fprem_C2_partial,0,0
FILD16,53,1,unsupported_candidate,0,0
FILD16,53,1,input_signaling_NaN,0,0
FILD16,53,1,nan_sign_diff,0,0
FILD16,53,1,nan_quiet_bit_diff,0,0
FILD16,53,1,nan_payload_diff,0,0
FILD16,53,1,B_expansion_changed_encoding,0,0
FILD16,53,1,rflags_difference,0,0
FILD16,53,1,loadstore80_changed,0,0
FILD16,53,1,quotient_zero_condition_flags_diff,0,0
FILD16,53,1,native_memory_bits_diff,0,0
FILD16,53,1,other_value_diff,0,0
FILD16,53,2,value_diff,0,0
FILD16,53,2,exception_flags_diff,0,0
FILD16,53,2,nan_result,0,0
FILD16,53,2,outside_target_exponent,0,0
FILD16,53,2,target_subnormal_result,0,0
FILD16,53,2,fprem_C2_partial,0,0
FILD16,53,2,unsupported_candidate,0,0
FILD16,53,2,input_signaling_NaN,0,0
FILD16,53,2,nan_sign_diff,0,0
FILD16,53,2,nan_quiet_bit_diff,0,0
FILD16,53,2,nan_payload_diff,0,0
FILD16,53,2,B_expansion_changed_encoding,0,0
FILD16,53,2,rflags_difference,0,0
FILD16,53,2,loadstore80_changed,0,0
FILD16,53,2,quotient_zero_condition_flags_diff,0,0
FILD16,53,2,native_memory_bits_diff,0,0
FILD16,53,2,other_value_diff,0,0
FILD16,53,3,value_diff,0,0
FILD16,53,3,exception_flags_diff,0,0
FILD16,53,3,nan_result,0,0
FILD16,53,3,outside_target_exponent,0,0
FILD16,53,3,target_subnormal_result,0,0
FILD16,53,3,fprem_C2_partial,0,0
FILD16,53,3,unsupported_candidate,0,0
FILD16,53,3,input_signaling_NaN,0,0
FILD16,53,3,nan_sign_diff,0,0
FILD16,53,3,nan_quiet_bit_diff,0,0
FILD16,53,3,nan_payload_diff,0,0
FILD16,53,3,B_expansion_changed_encoding,0,0
FILD16,53,3,rflags_difference,0,0
FILD16,53,3,loadstore80_changed,0,0
FILD16,53,3,quotient_zero_condition_flags_diff,0,0
FILD16,53,3,native_memory_bits_diff,0,0
FILD16,53,3,other_value_diff,0,0
FILD16,64,0,value_diff,0,0
FILD16,64,0,exception_flags_diff,0,0
FILD16,64,0,nan_result,0,0
FILD16,64,0,outside_target_exponent,0,0
FILD16,64,0,target_subnormal_result,0,0
FILD16,64,0,fprem_C2_partial,0,0
FILD16,64,0,unsupported_candidate,0,0
FILD16,64,0,input_signaling_NaN,0,0
FILD16,64,0,nan_sign_diff,0,0
FILD16,64,0,nan_quiet_bit_diff,0,0
FILD16,64,0,nan_payload_diff,0,0
FILD16,64,0,B_expansion_changed_encoding,0,0
FILD16,64,0,rflags_difference,0,0
FILD16,64,0,loadstore80_changed,0,0
FILD16,64,0,quotient_zero_condition_flags_diff,0,0
FILD16,64,0,native_memory_bits_diff,0,0
FILD16,64,0,other_value_diff,0,0
FILD16,64,1,value_diff,0,0
FILD16,64,1,exception_flags_diff,0,0
FILD16,64,1,nan_result,0,0
FILD16,64,1,outside_target_exponent,0,0
FILD16,64,1,target_subnormal_result,0,0
FILD16,64,1,fprem_C2_partial,0,0
FILD16,64,1,unsupported_candidate,0,0
FILD16,64,1,input_signaling_NaN,0,0
FILD16,64,1,nan_sign_diff,0,0
FILD16,64,1,nan_quiet_bit_diff,0,0
FILD16,64,1,nan_payload_diff,0,0
FILD16,64,1,B_expansion_changed_encoding,0,0
FILD16,64,1,rflags_difference,0,0
FILD16,64,1,loadstore80_changed,0,0
FILD16,64,1,quotient_zero_condition_flags_diff,0,0
FILD16,64,1,native_memory_bits_diff,0,0
FILD16,64,1,other_value_diff,0,0
FILD16,64,2,value_diff,0,0
FILD16,64,2,exception_flags_diff,0,0
FILD16,64,2,nan_result,0,0
FILD16,64,2,outside_target_exponent,0,0
FILD16,64,2,target_subnormal_result,0,0
FILD16,64,2,fprem_C2_partial,0,0
FILD16,64,2,unsupported_candidate,0,0
FILD16,64,2,input_signaling_NaN,0,0
FILD16,64,2,nan_sign_diff,0,0
FILD16,64,2,nan_quiet_bit_diff,0,0
FILD16,64,2,nan_payload_diff,0,0
FILD16,64,2,B_expansion_changed_encoding,0,0
FILD16,64,2,rflags_difference,0,0
FILD16,64,2,loadstore80_changed,0,0
FILD16,64,2,quotient_zero_condition_flags_diff,0,0
FILD16,64,2,native_memory_bits_diff,0,0
FILD16,64,2,other_value_diff,0,0
FILD16,64,3,value_diff,0,0
FILD16,64,3,exception_flags_diff,0,0
FILD16,64,3,nan_result,0,0
FILD16,64,3,outside_target_exponent,0,0
FILD16,64,3,target_subnormal_result,0,0
FILD16,64,3,fprem_C2_partial,0,0
FILD16,64,3,unsupported_candidate,0,0
FILD16,64,3,input_signaling_NaN,0,0
FILD16,64,3,nan_sign_diff,0,0
FILD16,64,3,nan_quiet_bit_diff,0,0
FILD16,64,3,nan_payload_diff,0,0
FILD16,64,3,B_expansion_changed_encoding,0,0
FILD16,64,3,rflags_difference,0,0
FILD16,64,3,loadstore80_changed,0,0
FILD16,64,3,quotient_zero_condition_flags_diff,0,0
FILD16,64,3,native_memory_bits_diff,0,0
FILD16,64,3,other_value_diff,0,0
FILD32,24,0,value_diff,965302,20
FILD32,24,0,exception_flags_diff,965302,20
FILD32,24,0,nan_result,0,0
FILD32,24,0,outside_target_exponent,0,0
FILD32,24,0,target_subnormal_result,0,0
FILD32,24,0,fprem_C2_partial,0,0
FILD32,24,0,unsupported_candidate,0,0
FILD32,24,0,input_signaling_NaN,0,0
FILD32,24,0,nan_sign_diff,0,0
FILD32,24,0,nan_quiet_bit_diff,0,0
FILD32,24,0,nan_payload_diff,0,0
FILD32,24,0,B_expansion_changed_encoding,0,0
FILD32,24,0,rflags_difference,0,0
FILD32,24,0,loadstore80_changed,0,0
FILD32,24,0,quotient_zero_condition_flags_diff,0,0
FILD32,24,0,native_memory_bits_diff,0,0
FILD32,24,0,other_value_diff,965302,20
FILD32,24,1,value_diff,965302,20
FILD32,24,1,exception_flags_diff,965302,20
FILD32,24,1,nan_result,0,0
FILD32,24,1,outside_target_exponent,0,0
FILD32,24,1,target_subnormal_result,0,0
FILD32,24,1,fprem_C2_partial,0,0
FILD32,24,1,unsupported_candidate,0,0
FILD32,24,1,input_signaling_NaN,0,0
FILD32,24,1,nan_sign_diff,0,0
FILD32,24,1,nan_quiet_bit_diff,0,0
FILD32,24,1,nan_payload_diff,0,0
FILD32,24,1,B_expansion_changed_encoding,0,0
FILD32,24,1,rflags_difference,0,0
FILD32,24,1,loadstore80_changed,0,0
FILD32,24,1,quotient_zero_condition_flags_diff,0,0
FILD32,24,1,native_memory_bits_diff,0,0
FILD32,24,1,other_value_diff,965302,20
FILD32,24,2,value_diff,965302,20
FILD32,24,2,exception_flags_diff,965302,20
FILD32,24,2,nan_result,0,0
FILD32,24,2,outside_target_exponent,0,0
FILD32,24,2,target_subnormal_result,0,0
FILD32,24,2,fprem_C2_partial,0,0
FILD32,24,2,unsupported_candidate,0,0
FILD32,24,2,input_signaling_NaN,0,0
FILD32,24,2,nan_sign_diff,0,0
FILD32,24,2,nan_quiet_bit_diff,0,0
FILD32,24,2,nan_payload_diff,0,0
FILD32,24,2,B_expansion_changed_encoding,0,0
FILD32,24,2,rflags_difference,0,0
FILD32,24,2,loadstore80_changed,0,0
FILD32,24,2,quotient_zero_condition_flags_diff,0,0
FILD32,24,2,native_memory_bits_diff,0,0
FILD32,24,2,other_value_diff,965302,20
FILD32,24,3,value_diff,965302,20
FILD32,24,3,exception_flags_diff,965302,20
FILD32,24,3,nan_result,0,0
FILD32,24,3,outside_target_exponent,0,0
FILD32,24,3,target_subnormal_result,0,0
FILD32,24,3,fprem_C2_partial,0,0
FILD32,24,3,unsupported_candidate,0,0
FILD32,24,3,input_signaling_NaN,0,0
FILD32,24,3,nan_sign_diff,0,0
FILD32,24,3,nan_quiet_bit_diff,0,0
FILD32,24,3,nan_payload_diff,0,0
FILD32,24,3,B_expansion_changed_encoding,0,0
FILD32,24,3,rflags_difference,0,0
FILD32,24,3,loadstore80_changed,0,0
FILD32,24,3,quotient_zero_condition_flags_diff,0,0
FILD32,24,3,native_memory_bits_diff,0,0
FILD32,24,3,other_value_diff,965302,20
FILD32,53,0,value_diff,0,0
FILD32,53,0,exception_flags_diff,0,0
FILD32,53,0,nan_result,0,0
FILD32,53,0,outside_target_exponent,0,0
FILD32,53,0,target_subnormal_result,0,0
FILD32,53,0,fprem_C2_partial,0,0
FILD32,53,0,unsupported_candidate,0,0
FILD32,53,0,input_signaling_NaN,0,0
FILD32,53,0,nan_sign_diff,0,0
FILD32,53,0,nan_quiet_bit_diff,0,0
FILD32,53,0,nan_payload_diff,0,0
FILD32,53,0,B_expansion_changed_encoding,0,0
FILD32,53,0,rflags_difference,0,0
FILD32,53,0,loadstore80_changed,0,0
FILD32,53,0,quotient_zero_condition_flags_diff,0,0
FILD32,53,0,native_memory_bits_diff,0,0
FILD32,53,0,other_value_diff,0,0
FILD32,53,1,value_diff,0,0
FILD32,53,1,exception_flags_diff,0,0
FILD32,53,1,nan_result,0,0
FILD32,53,1,outside_target_exponent,0,0
FILD32,53,1,target_subnormal_result,0,0
FILD32,53,1,fprem_C2_partial,0,0
FILD32,53,1,unsupported_candidate,0,0
FILD32,53,1,input_signaling_NaN,0,0
FILD32,53,1,nan_sign_diff,0,0
FILD32,53,1,nan_quiet_bit_diff,0,0
FILD32,53,1,nan_payload_diff,0,0
FILD32,53,1,B_expansion_changed_encoding,0,0
FILD32,53,1,rflags_difference,0,0
FILD32,53,1,loadstore80_changed,0,0
FILD32,53,1,quotient_zero_condition_flags_diff,0,0
FILD32,53,1,native_memory_bits_diff,0,0
FILD32,53,1,other_value_diff,0,0
FILD32,53,2,value_diff,0,0
FILD32,53,2,exception_flags_diff,0,0
FILD32,53,2,nan_result,0,0
FILD32,53,2,outside_target_exponent,0,0
FILD32,53,2,target_subnormal_result,0,0
FILD32,53,2,fprem_C2_partial,0,0
FILD32,53,2,unsupported_candidate,0,0
FILD32,53,2,input_signaling_NaN,0,0
FILD32,53,2,nan_sign_diff,0,0
FILD32,53,2,nan_quiet_bit_diff,0,0
FILD32,53,2,nan_payload_diff,0,0
FILD32,53,2,B_expansion_changed_encoding,0,0
FILD32,53,2,rflags_difference,0,0
FILD32,53,2,loadstore80_changed,0,0
FILD32,53,2,quotient_zero_condition_flags_diff,0,0
FILD32,53,2,native_memory_bits_diff,0,0
FILD32,53,2,other_value_diff,0,0
FILD32,53,3,value_diff,0,0
FILD32,53,3,exception_flags_diff,0,0
FILD32,53,3,nan_result,0,0
FILD32,53,3,outside_target_exponent,0,0
FILD32,53,3,target_subnormal_result,0,0
FILD32,53,3,fprem_C2_partial,0,0
FILD32,53,3,unsupported_candidate,0,0
FILD32,53,3,input_signaling_NaN,0,0
FILD32,53,3,nan_sign_diff,0,0
FILD32,53,3,nan_quiet_bit_diff,0,0
FILD32,53,3,nan_payload_diff,0,0
FILD32,53,3,B_expansion_changed_encoding,0,0
FILD32,53,3,rflags_difference,0,0
FILD32,53,3,loadstore80_changed,0,0
FILD32,53,3,quotient_zero_condition_flags_diff,0,0
FILD32,53,3,native_memory_bits_diff,0,0
FILD32,53,3,other_value_diff,0,0
FILD32,64,0,value_diff,0,0
FILD32,64,0,exception_flags_diff,0,0
FILD32,64,0,nan_result,0,0
FILD32,64,0,outside_target_exponent,0,0
FILD32,64,0,target_subnormal_result,0,0
FILD32,64,0,fprem_C2_partial,0,0
FILD32,64,0,unsupported_candidate,0,0
FILD32,64,0,input_signaling_NaN,0,0
FILD32,64,0,nan_sign_diff,0,0
FILD32,64,0,nan_quiet_bit_diff,0,0
FILD32,64,0,nan_payload_diff,0,0
FILD32,64,0,B_expansion_changed_encoding,0,0
FILD32,64,0,rflags_difference,0,0
FILD32,64,0,loadstore80_changed,0,0
FILD32,64,0,quotient_zero_condition_flags_diff,0,0
FILD32,64,0,native_memory_bits_diff,0,0
FILD32,64,0,other_value_diff,0,0
FILD32,64,1,value_diff,0,0
FILD32,64,1,exception_flags_diff,0,0
FILD32,64,1,nan_result,0,0
FILD32,64,1,outside_target_exponent,0,0
FILD32,64,1,target_subnormal_result,0,0
FILD32,64,1,fprem_C2_partial,0,0
FILD32,64,1,unsupported_candidate,0,0
FILD32,64,1,input_signaling_NaN,0,0
FILD32,64,1,nan_sign_diff,0,0
FILD32,64,1,nan_quiet_bit_diff,0,0
FILD32,64,1,nan_payload_diff,0,0
FILD32,64,1,B_expansion_changed_encoding,0,0
FILD32,64,1,rflags_difference,0,0
FILD32,64,1,loadstore80_changed,0,0
FILD32,64,1,quotient_zero_condition_flags_diff,0,0
FILD32,64,1,native_memory_bits_diff,0,0
FILD32,64,1,other_value_diff,0,0
FILD32,64,2,value_diff,0,0
FILD32,64,2,exception_flags_diff,0,0
FILD32,64,2,nan_result,0,0
FILD32,64,2,outside_target_exponent,0,0
FILD32,64,2,target_subnormal_result,0,0
FILD32,64,2,fprem_C2_partial,0,0
FILD32,64,2,unsupported_candidate,0,0
FILD32,64,2,input_signaling_NaN,0,0
FILD32,64,2,nan_sign_diff,0,0
FILD32,64,2,nan_quiet_bit_diff,0,0
FILD32,64,2,nan_payload_diff,0,0
FILD32,64,2,B_expansion_changed_encoding,0,0
FILD32,64,2,rflags_difference,0,0
FILD32,64,2,loadstore80_changed,0,0
FILD32,64,2,quotient_zero_condition_flags_diff,0,0
FILD32,64,2,native_memory_bits_diff,0,0
FILD32,64,2,other_value_diff,0,0
FILD32,64,3,value_diff,0,0
FILD32,64,3,exception_flags_diff,0,0
FILD32,64,3,nan_result,0,0
FILD32,64,3,outside_target_exponent,0,0
FILD32,64,3,target_subnormal_result,0,0
FILD32,64,3,fprem_C2_partial,0,0
FILD32,64,3,unsupported_candidate,0,0
FILD32,64,3,input_signaling_NaN,0,0
FILD32,64,3,nan_sign_diff,0,0
FILD32,64,3,nan_quiet_bit_diff,0,0
FILD32,64,3,nan_payload_diff,0,0
FILD32,64,3,B_expansion_changed_encoding,0,0
FILD32,64,3,rflags_difference,0,0
FILD32,64,3,loadstore80_changed,0,0
FILD32,64,3,quotient_zero_condition_flags_diff,0,0
FILD32,64,3,native_memory_bits_diff,0,0
FILD32,64,3,other_value_diff,0,0
FILD64,24,0,value_diff,1000733,20
FILD64,24,0,exception_flags_diff,1000733,20
FILD64,24,0,nan_result,0,0
FILD64,24,0,outside_target_exponent,0,0
FILD64,24,0,target_subnormal_result,0,0
FILD64,24,0,fprem_C2_partial,0,0
FILD64,24,0,unsupported_candidate,0,0
FILD64,24,0,input_signaling_NaN,0,0
FILD64,24,0,nan_sign_diff,0,0
FILD64,24,0,nan_quiet_bit_diff,0,0
FILD64,24,0,nan_payload_diff,0,0
FILD64,24,0,B_expansion_changed_encoding,0,0
FILD64,24,0,rflags_difference,0,0
FILD64,24,0,loadstore80_changed,0,0
FILD64,24,0,quotient_zero_condition_flags_diff,0,0
FILD64,24,0,native_memory_bits_diff,0,0
FILD64,24,0,other_value_diff,1000733,20
FILD64,24,1,value_diff,1000733,20
FILD64,24,1,exception_flags_diff,1000733,20
FILD64,24,1,nan_result,0,0
FILD64,24,1,outside_target_exponent,0,0
FILD64,24,1,target_subnormal_result,0,0
FILD64,24,1,fprem_C2_partial,0,0
FILD64,24,1,unsupported_candidate,0,0
FILD64,24,1,input_signaling_NaN,0,0
FILD64,24,1,nan_sign_diff,0,0
FILD64,24,1,nan_quiet_bit_diff,0,0
FILD64,24,1,nan_payload_diff,0,0
FILD64,24,1,B_expansion_changed_encoding,0,0
FILD64,24,1,rflags_difference,0,0
FILD64,24,1,loadstore80_changed,0,0
FILD64,24,1,quotient_zero_condition_flags_diff,0,0
FILD64,24,1,native_memory_bits_diff,0,0
FILD64,24,1,other_value_diff,1000733,20
FILD64,24,2,value_diff,1000733,20
FILD64,24,2,exception_flags_diff,1000733,20
FILD64,24,2,nan_result,0,0
FILD64,24,2,outside_target_exponent,0,0
FILD64,24,2,target_subnormal_result,0,0
FILD64,24,2,fprem_C2_partial,0,0
FILD64,24,2,unsupported_candidate,0,0
FILD64,24,2,input_signaling_NaN,0,0
FILD64,24,2,nan_sign_diff,0,0
FILD64,24,2,nan_quiet_bit_diff,0,0
FILD64,24,2,nan_payload_diff,0,0
FILD64,24,2,B_expansion_changed_encoding,0,0
FILD64,24,2,rflags_difference,0,0
FILD64,24,2,loadstore80_changed,0,0
FILD64,24,2,quotient_zero_condition_flags_diff,0,0
FILD64,24,2,native_memory_bits_diff,0,0
FILD64,24,2,other_value_diff,1000733,20
FILD64,24,3,value_diff,1000733,20
FILD64,24,3,exception_flags_diff,1000733,20
FILD64,24,3,nan_result,0,0
FILD64,24,3,outside_target_exponent,0,0
FILD64,24,3,target_subnormal_result,0,0
FILD64,24,3,fprem_C2_partial,0,0
FILD64,24,3,unsupported_candidate,0,0
FILD64,24,3,input_signaling_NaN,0,0
FILD64,24,3,nan_sign_diff,0,0
FILD64,24,3,nan_quiet_bit_diff,0,0
FILD64,24,3,nan_payload_diff,0,0
FILD64,24,3,B_expansion_changed_encoding,0,0
FILD64,24,3,rflags_difference,0,0
FILD64,24,3,loadstore80_changed,0,0
FILD64,24,3,quotient_zero_condition_flags_diff,0,0
FILD64,24,3,native_memory_bits_diff,0,0
FILD64,24,3,other_value_diff,1000733,20
FILD64,53,0,value_diff,994326,20
FILD64,53,0,exception_flags_diff,994326,20
FILD64,53,0,nan_result,0,0
FILD64,53,0,outside_target_exponent,0,0
FILD64,53,0,target_subnormal_result,0,0
FILD64,53,0,fprem_C2_partial,0,0
FILD64,53,0,unsupported_candidate,0,0
FILD64,53,0,input_signaling_NaN,0,0
FILD64,53,0,nan_sign_diff,0,0
FILD64,53,0,nan_quiet_bit_diff,0,0
FILD64,53,0,nan_payload_diff,0,0
FILD64,53,0,B_expansion_changed_encoding,0,0
FILD64,53,0,rflags_difference,0,0
FILD64,53,0,loadstore80_changed,0,0
FILD64,53,0,quotient_zero_condition_flags_diff,0,0
FILD64,53,0,native_memory_bits_diff,0,0
FILD64,53,0,other_value_diff,994326,20
FILD64,53,1,value_diff,994326,20
FILD64,53,1,exception_flags_diff,994326,20
FILD64,53,1,nan_result,0,0
FILD64,53,1,outside_target_exponent,0,0
FILD64,53,1,target_subnormal_result,0,0
FILD64,53,1,fprem_C2_partial,0,0
FILD64,53,1,unsupported_candidate,0,0
FILD64,53,1,input_signaling_NaN,0,0
FILD64,53,1,nan_sign_diff,0,0
FILD64,53,1,nan_quiet_bit_diff,0,0
FILD64,53,1,nan_payload_diff,0,0
FILD64,53,1,B_expansion_changed_encoding,0,0
FILD64,53,1,rflags_difference,0,0
FILD64,53,1,loadstore80_changed,0,0
FILD64,53,1,quotient_zero_condition_flags_diff,0,0
FILD64,53,1,native_memory_bits_diff,0,0
FILD64,53,1,other_value_diff,994326,20
FILD64,53,2,value_diff,994326,20
FILD64,53,2,exception_flags_diff,994326,20
FILD64,53,2,nan_result,0,0
FILD64,53,2,outside_target_exponent,0,0
FILD64,53,2,target_subnormal_result,0,0
FILD64,53,2,fprem_C2_partial,0,0
FILD64,53,2,unsupported_candidate,0,0
FILD64,53,2,input_signaling_NaN,0,0
FILD64,53,2,nan_sign_diff,0,0
FILD64,53,2,nan_quiet_bit_diff,0,0
FILD64,53,2,nan_payload_diff,0,0
FILD64,53,2,B_expansion_changed_encoding,0,0
FILD64,53,2,rflags_difference,0,0
FILD64,53,2,loadstore80_changed,0,0
FILD64,53,2,quotient_zero_condition_flags_diff,0,0
FILD64,53,2,native_memory_bits_diff,0,0
FILD64,53,2,other_value_diff,994326,20
FILD64,53,3,value_diff,994326,20
FILD64,53,3,exception_flags_diff,994326,20
FILD64,53,3,nan_result,0,0
FILD64,53,3,outside_target_exponent,0,0
FILD64,53,3,target_subnormal_result,0,0
FILD64,53,3,fprem_C2_partial,0,0
FILD64,53,3,unsupported_candidate,0,0
FILD64,53,3,input_signaling_NaN,0,0
FILD64,53,3,nan_sign_diff,0,0
FILD64,53,3,nan_quiet_bit_diff,0,0
FILD64,53,3,nan_payload_diff,0,0
FILD64,53,3,B_expansion_changed_encoding,0,0
FILD64,53,3,rflags_difference,0,0
FILD64,53,3,loadstore80_changed,0,0
FILD64,53,3,quotient_zero_condition_flags_diff,0,0
FILD64,53,3,native_memory_bits_diff,0,0
FILD64,53,3,other_value_diff,994326,20
FILD64,64,0,value_diff,994326,20
FILD64,64,0,exception_flags_diff,994326,20
FILD64,64,0,nan_result,0,0
FILD64,64,0,outside_target_exponent,0,0
FILD64,64,0,target_subnormal_result,0,0
FILD64,64,0,fprem_C2_partial,0,0
FILD64,64,0,unsupported_candidate,0,0
FILD64,64,0,input_signaling_NaN,0,0
FILD64,64,0,nan_sign_diff,0,0
FILD64,64,0,nan_quiet_bit_diff,0,0
FILD64,64,0,nan_payload_diff,0,0
FILD64,64,0,B_expansion_changed_encoding,0,0
FILD64,64,0,rflags_difference,0,0
FILD64,64,0,loadstore80_changed,0,0
FILD64,64,0,quotient_zero_condition_flags_diff,0,0
FILD64,64,0,native_memory_bits_diff,0,0
FILD64,64,0,other_value_diff,994326,20
FILD64,64,1,value_diff,994326,20
FILD64,64,1,exception_flags_diff,994326,20
FILD64,64,1,nan_result,0,0
FILD64,64,1,outside_target_exponent,0,0
FILD64,64,1,target_subnormal_result,0,0
FILD64,64,1,fprem_C2_partial,0,0
FILD64,64,1,unsupported_candidate,0,0
FILD64,64,1,input_signaling_NaN,0,0
FILD64,64,1,nan_sign_diff,0,0
FILD64,64,1,nan_quiet_bit_diff,0,0
FILD64,64,1,nan_payload_diff,0,0
FILD64,64,1,B_expansion_changed_encoding,0,0
FILD64,64,1,rflags_difference,0,0
FILD64,64,1,loadstore80_changed,0,0
FILD64,64,1,quotient_zero_condition_flags_diff,0,0
FILD64,64,1,native_memory_bits_diff,0,0
FILD64,64,1,other_value_diff,994326,20
FILD64,64,2,value_diff,994326,20
FILD64,64,2,exception_flags_diff,994326,20
FILD64,64,2,nan_result,0,0
FILD64,64,2,outside_target_exponent,0,0
FILD64,64,2,target_subnormal_result,0,0
FILD64,64,2,fprem_C2_partial,0,0
FILD64,64,2,unsupported_candidate,0,0
FILD64,64,2,input_signaling_NaN,0,0
FILD64,64,2,nan_sign_diff,0,0
FILD64,64,2,nan_quiet_bit_diff,0,0
FILD64,64,2,nan_payload_diff,0,0
FILD64,64,2,B_expansion_changed_encoding,0,0
FILD64,64,2,rflags_difference,0,0
FILD64,64,2,loadstore80_changed,0,0
FILD64,64,2,quotient_zero_condition_flags_diff,0,0
FILD64,64,2,native_memory_bits_diff,0,0
FILD64,64,2,other_value_diff,994326,20
FILD64,64,3,value_diff,994326,20
FILD64,64,3,exception_flags_diff,994326,20
FILD64,64,3,nan_result,0,0
FILD64,64,3,outside_target_exponent,0,0
FILD64,64,3,target_subnormal_result,0,0
FILD64,64,3,fprem_C2_partial,0,0
FILD64,64,3,unsupported_candidate,0,0
FILD64,64,3,input_signaling_NaN,0,0
FILD64,64,3,nan_sign_diff,0,0
FILD64,64,3,nan_quiet_bit_diff,0,0
FILD64,64,3,nan_payload_diff,0,0
FILD64,64,3,B_expansion_changed_encoding,0,0
FILD64,64,3,rflags_difference,0,0
FILD64,64,3,loadstore80_changed,0,0
FILD64,64,3,quotient_zero_condition_flags_diff,0,0
FILD64,64,3,native_memory_bits_diff,0,0
FILD64,64,3,other_value_diff,994326,20
FIST16,24,0,value_diff,447478,20
FIST16,24,0,exception_flags_diff,67394,20
FIST16,24,0,nan_result,0,0
FIST16,24,0,outside_target_exponent,0,0
FIST16,24,0,target_subnormal_result,0,0
FIST16,24,0,fprem_C2_partial,0,0
FIST16,24,0,unsupported_candidate,0,0
FIST16,24,0,input_signaling_NaN,2043,20
FIST16,24,0,nan_sign_diff,0,0
FIST16,24,0,nan_quiet_bit_diff,0,0
FIST16,24,0,nan_payload_diff,0,0
FIST16,24,0,B_expansion_changed_encoding,0,0
FIST16,24,0,rflags_difference,0,0
FIST16,24,0,loadstore80_changed,0,0
FIST16,24,0,quotient_zero_condition_flags_diff,0,0
FIST16,24,0,native_memory_bits_diff,0,0
FIST16,24,0,other_value_diff,447478,20
FIST16,24,1,value_diff,447480,20
FIST16,24,1,exception_flags_diff,67354,20
FIST16,24,1,nan_result,0,0
FIST16,24,1,outside_target_exponent,0,0
FIST16,24,1,target_subnormal_result,0,0
FIST16,24,1,fprem_C2_partial,0,0
FIST16,24,1,unsupported_candidate,0,0
FIST16,24,1,input_signaling_NaN,2043,20
FIST16,24,1,nan_sign_diff,0,0
FIST16,24,1,nan_quiet_bit_diff,0,0
FIST16,24,1,nan_payload_diff,0,0
FIST16,24,1,B_expansion_changed_encoding,0,0
FIST16,24,1,rflags_difference,0,0
FIST16,24,1,loadstore80_changed,0,0
FIST16,24,1,quotient_zero_condition_flags_diff,0,0
FIST16,24,1,native_memory_bits_diff,0,0
FIST16,24,1,other_value_diff,447480,20
FIST16,24,2,value_diff,447478,20
FIST16,24,2,exception_flags_diff,67395,20
FIST16,24,2,nan_result,0,0
FIST16,24,2,outside_target_exponent,0,0
FIST16,24,2,target_subnormal_result,0,0
FIST16,24,2,fprem_C2_partial,0,0
FIST16,24,2,unsupported_candidate,0,0
FIST16,24,2,input_signaling_NaN,2043,20
FIST16,24,2,nan_sign_diff,0,0
FIST16,24,2,nan_quiet_bit_diff,0,0
FIST16,24,2,nan_payload_diff,0,0
FIST16,24,2,B_expansion_changed_encoding,0,0
FIST16,24,2,rflags_difference,0,0
FIST16,24,2,loadstore80_changed,0,0
FIST16,24,2,quotient_zero_condition_flags_diff,0,0
FIST16,24,2,native_memory_bits_diff,0,0
FIST16,24,2,other_value_diff,447478,20
FIST16,24,3,value_diff,447478,20
FIST16,24,3,exception_flags_diff,67353,20
FIST16,24,3,nan_result,0,0
FIST16,24,3,outside_target_exponent,0,0
FIST16,24,3,target_subnormal_result,0,0
FIST16,24,3,fprem_C2_partial,0,0
FIST16,24,3,unsupported_candidate,0,0
FIST16,24,3,input_signaling_NaN,2043,20
FIST16,24,3,nan_sign_diff,0,0
FIST16,24,3,nan_quiet_bit_diff,0,0
FIST16,24,3,nan_payload_diff,0,0
FIST16,24,3,B_expansion_changed_encoding,0,0
FIST16,24,3,rflags_difference,0,0
FIST16,24,3,loadstore80_changed,0,0
FIST16,24,3,quotient_zero_condition_flags_diff,0,0
FIST16,24,3,native_memory_bits_diff,0,0
FIST16,24,3,other_value_diff,447478,20
FIST16,53,0,value_diff,492982,20
FIST16,53,0,exception_flags_diff,8590,20
FIST16,53,0,nan_result,0,0
FIST16,53,0,outside_target_exponent,0,0
FIST16,53,0,target_subnormal_result,0,0
FIST16,53,0,fprem_C2_partial,0,0
FIST16,53,0,unsupported_candidate,0,0
FIST16,53,0,input_signaling_NaN,318,20
FIST16,53,0,nan_sign_diff,0,0
FIST16,53,0,nan_quiet_bit_diff,0,0
FIST16,53,0,nan_payload_diff,0,0
FIST16,53,0,B_expansion_changed_encoding,0,0
FIST16,53,0,rflags_difference,0,0
FIST16,53,0,loadstore80_changed,0,0
FIST16,53,0,quotient_zero_condition_flags_diff,0,0
FIST16,53,0,native_memory_bits_diff,0,0
FIST16,53,0,other_value_diff,492982,20
FIST16,53,1,value_diff,492982,20
FIST16,53,1,exception_flags_diff,8590,20
FIST16,53,1,nan_result,0,0
FIST16,53,1,outside_target_exponent,0,0
FIST16,53,1,target_subnormal_result,0,0
FIST16,53,1,fprem_C2_partial,0,0
FIST16,53,1,unsupported_candidate,0,0
FIST16,53,1,input_signaling_NaN,318,20
FIST16,53,1,nan_sign_diff,0,0
FIST16,53,1,nan_quiet_bit_diff,0,0
FIST16,53,1,nan_payload_diff,0,0
FIST16,53,1,B_expansion_changed_encoding,0,0
FIST16,53,1,rflags_difference,0,0
FIST16,53,1,loadstore80_changed,0,0
FIST16,53,1,quotient_zero_condition_flags_diff,0,0
FIST16,53,1,native_memory_bits_diff,0,0
FIST16,53,1,other_value_diff,492982,20
FIST16,53,2,value_diff,492982,20
FIST16,53,2,exception_flags_diff,8590,20
FIST16,53,2,nan_result,0,0
FIST16,53,2,outside_target_exponent,0,0
FIST16,53,2,target_subnormal_result,0,0
FIST16,53,2,fprem_C2_partial,0,0
FIST16,53,2,unsupported_candidate,0,0
FIST16,53,2,input_signaling_NaN,318,20
FIST16,53,2,nan_sign_diff,0,0
FIST16,53,2,nan_quiet_bit_diff,0,0
FIST16,53,2,nan_payload_diff,0,0
FIST16,53,2,B_expansion_changed_encoding,0,0
FIST16,53,2,rflags_difference,0,0
FIST16,53,2,loadstore80_changed,0,0
FIST16,53,2,quotient_zero_condition_flags_diff,0,0
FIST16,53,2,native_memory_bits_diff,0,0
FIST16,53,2,other_value_diff,492982,20
FIST16,53,3,value_diff,492982,20
FIST16,53,3,exception_flags_diff,8590,20
FIST16,53,3,nan_result,0,0
FIST16,53,3,outside_target_exponent,0,0
FIST16,53,3,target_subnormal_result,0,0
FIST16,53,3,fprem_C2_partial,0,0
FIST16,53,3,unsupported_candidate,0,0
FIST16,53,3,input_signaling_NaN,318,20
FIST16,53,3,nan_sign_diff,0,0
FIST16,53,3,nan_quiet_bit_diff,0,0
FIST16,53,3,nan_payload_diff,0,0
FIST16,53,3,B_expansion_changed_encoding,0,0
FIST16,53,3,rflags_difference,0,0
FIST16,53,3,loadstore80_changed,0,0
FIST16,53,3,quotient_zero_condition_flags_diff,0,0
FIST16,53,3,native_memory_bits_diff,0,0
FIST16,53,3,other_value_diff,492982,20
FIST16,64,0,value_diff,492982,20
FIST16,64,0,exception_flags_diff,8590,20
FIST16,64,0,nan_result,0,0
FIST16,64,0,outside_target_exponent,0,0
FIST16,64,0,target_subnormal_result,0,0
FIST16,64,0,fprem_C2_partial,0,0
FIST16,64,0,unsupported_candidate,0,0
FIST16,64,0,input_signaling_NaN,318,20
FIST16,64,0,nan_sign_diff,0,0
FIST16,64,0,nan_quiet_bit_diff,0,0
FIST16,64,0,nan_payload_diff,0,0
FIST16,64,0,B_expansion_changed_encoding,0,0
FIST16,64,0,rflags_difference,0,0
FIST16,64,0,loadstore80_changed,0,0
FIST16,64,0,quotient_zero_condition_flags_diff,0,0
FIST16,64,0,native_memory_bits_diff,0,0
FIST16,64,0,other_value_diff,492982,20
FIST16,64,1,value_diff,492982,20
FIST16,64,1,exception_flags_diff,8590,20
FIST16,64,1,nan_result,0,0
FIST16,64,1,outside_target_exponent,0,0
FIST16,64,1,target_subnormal_result,0,0
FIST16,64,1,fprem_C2_partial,0,0
FIST16,64,1,unsupported_candidate,0,0
FIST16,64,1,input_signaling_NaN,318,20
FIST16,64,1,nan_sign_diff,0,0
FIST16,64,1,nan_quiet_bit_diff,0,0
FIST16,64,1,nan_payload_diff,0,0
FIST16,64,1,B_expansion_changed_encoding,0,0
FIST16,64,1,rflags_difference,0,0
FIST16,64,1,loadstore80_changed,0,0
FIST16,64,1,quotient_zero_condition_flags_diff,0,0
FIST16,64,1,native_memory_bits_diff,0,0
FIST16,64,1,other_value_diff,492982,20
FIST16,64,2,value_diff,492982,20
FIST16,64,2,exception_flags_diff,8590,20
FIST16,64,2,nan_result,0,0
FIST16,64,2,outside_target_exponent,0,0
FIST16,64,2,target_subnormal_result,0,0
FIST16,64,2,fprem_C2_partial,0,0
FIST16,64,2,unsupported_candidate,0,0
FIST16,64,2,input_signaling_NaN,318,20
FIST16,64,2,nan_sign_diff,0,0
FIST16,64,2,nan_quiet_bit_diff,0,0
FIST16,64,2,nan_payload_diff,0,0
FIST16,64,2,B_expansion_changed_encoding,0,0
FIST16,64,2,rflags_difference,0,0
FIST16,64,2,loadstore80_changed,0,0
FIST16,64,2,quotient_zero_condition_flags_diff,0,0
FIST16,64,2,native_memory_bits_diff,0,0
FIST16,64,2,other_value_diff,492982,20
FIST16,64,3,value_diff,492982,20
FIST16,64,3,exception_flags_diff,8590,20
FIST16,64,3,nan_result,0,0
FIST16,64,3,outside_target_exponent,0,0
FIST16,64,3,target_subnormal_result,0,0
FIST16,64,3,fprem_C2_partial,0,0
FIST16,64,3,unsupported_candidate,0,0
FIST16,64,3,input_signaling_NaN,318,20
FIST16,64,3,nan_sign_diff,0,0
FIST16,64,3,nan_quiet_bit_diff,0,0
FIST16,64,3,nan_payload_diff,0,0
FIST16,64,3,B_expansion_changed_encoding,0,0
FIST16,64,3,rflags_difference,0,0
FIST16,64,3,loadstore80_changed,0,0
FIST16,64,3,quotient_zero_condition_flags_diff,0,0
FIST16,64,3,native_memory_bits_diff,0,0
FIST16,64,3,other_value_diff,492982,20
FIST32,24,0,value_diff,0,0
FIST32,24,0,exception_flags_diff,4136,20
FIST32,24,0,nan_result,0,0
FIST32,24,0,outside_target_exponent,0,0
FIST32,24,0,target_subnormal_result,0,0
FIST32,24,0,fprem_C2_partial,0,0
FIST32,24,0,unsupported_candidate,0,0
FIST32,24,0,input_signaling_NaN,2047,20
FIST32,24,0,nan_sign_diff,0,0
FIST32,24,0,nan_quiet_bit_diff,0,0
FIST32,24,0,nan_payload_diff,0,0
FIST32,24,0,B_expansion_changed_encoding,0,0
FIST32,24,0,rflags_difference,0,0
FIST32,24,0,loadstore80_changed,0,0
FIST32,24,0,quotient_zero_condition_flags_diff,0,0
FIST32,24,0,native_memory_bits_diff,0,0
FIST32,24,0,other_value_diff,0,0
FIST32,24,1,value_diff,0,0
FIST32,24,1,exception_flags_diff,4136,20
FIST32,24,1,nan_result,0,0
FIST32,24,1,outside_target_exponent,0,0
FIST32,24,1,target_subnormal_result,0,0
FIST32,24,1,fprem_C2_partial,0,0
FIST32,24,1,unsupported_candidate,0,0
FIST32,24,1,input_signaling_NaN,2047,20
FIST32,24,1,nan_sign_diff,0,0
FIST32,24,1,nan_quiet_bit_diff,0,0
FIST32,24,1,nan_payload_diff,0,0
FIST32,24,1,B_expansion_changed_encoding,0,0
FIST32,24,1,rflags_difference,0,0
FIST32,24,1,loadstore80_changed,0,0
FIST32,24,1,quotient_zero_condition_flags_diff,0,0
FIST32,24,1,native_memory_bits_diff,0,0
FIST32,24,1,other_value_diff,0,0
FIST32,24,2,value_diff,0,0
FIST32,24,2,exception_flags_diff,4136,20
FIST32,24,2,nan_result,0,0
FIST32,24,2,outside_target_exponent,0,0
FIST32,24,2,target_subnormal_result,0,0
FIST32,24,2,fprem_C2_partial,0,0
FIST32,24,2,unsupported_candidate,0,0
FIST32,24,2,input_signaling_NaN,2047,20
FIST32,24,2,nan_sign_diff,0,0
FIST32,24,2,nan_quiet_bit_diff,0,0
FIST32,24,2,nan_payload_diff,0,0
FIST32,24,2,B_expansion_changed_encoding,0,0
FIST32,24,2,rflags_difference,0,0
FIST32,24,2,loadstore80_changed,0,0
FIST32,24,2,quotient_zero_condition_flags_diff,0,0
FIST32,24,2,native_memory_bits_diff,0,0
FIST32,24,2,other_value_diff,0,0
FIST32,24,3,value_diff,0,0
FIST32,24,3,exception_flags_diff,4136,20
FIST32,24,3,nan_result,0,0
FIST32,24,3,outside_target_exponent,0,0
FIST32,24,3,target_subnormal_result,0,0
FIST32,24,3,fprem_C2_partial,0,0
FIST32,24,3,unsupported_candidate,0,0
FIST32,24,3,input_signaling_NaN,2047,20
FIST32,24,3,nan_sign_diff,0,0
FIST32,24,3,nan_quiet_bit_diff,0,0
FIST32,24,3,nan_payload_diff,0,0
FIST32,24,3,B_expansion_changed_encoding,0,0
FIST32,24,3,rflags_difference,0,0
FIST32,24,3,loadstore80_changed,0,0
FIST32,24,3,quotient_zero_condition_flags_diff,0,0
FIST32,24,3,native_memory_bits_diff,0,0
FIST32,24,3,other_value_diff,0,0
FIST32,53,0,value_diff,0,0
FIST32,53,0,exception_flags_diff,673,20
FIST32,53,0,nan_result,0,0
FIST32,53,0,outside_target_exponent,0,0
FIST32,53,0,target_subnormal_result,0,0
FIST32,53,0,fprem_C2_partial,0,0
FIST32,53,0,unsupported_candidate,0,0
FIST32,53,0,input_signaling_NaN,333,20
FIST32,53,0,nan_sign_diff,0,0
FIST32,53,0,nan_quiet_bit_diff,0,0
FIST32,53,0,nan_payload_diff,0,0
FIST32,53,0,B_expansion_changed_encoding,0,0
FIST32,53,0,rflags_difference,0,0
FIST32,53,0,loadstore80_changed,0,0
FIST32,53,0,quotient_zero_condition_flags_diff,0,0
FIST32,53,0,native_memory_bits_diff,0,0
FIST32,53,0,other_value_diff,0,0
FIST32,53,1,value_diff,0,0
FIST32,53,1,exception_flags_diff,673,20
FIST32,53,1,nan_result,0,0
FIST32,53,1,outside_target_exponent,0,0
FIST32,53,1,target_subnormal_result,0,0
FIST32,53,1,fprem_C2_partial,0,0
FIST32,53,1,unsupported_candidate,0,0
FIST32,53,1,input_signaling_NaN,333,20
FIST32,53,1,nan_sign_diff,0,0
FIST32,53,1,nan_quiet_bit_diff,0,0
FIST32,53,1,nan_payload_diff,0,0
FIST32,53,1,B_expansion_changed_encoding,0,0
FIST32,53,1,rflags_difference,0,0
FIST32,53,1,loadstore80_changed,0,0
FIST32,53,1,quotient_zero_condition_flags_diff,0,0
FIST32,53,1,native_memory_bits_diff,0,0
FIST32,53,1,other_value_diff,0,0
FIST32,53,2,value_diff,0,0
FIST32,53,2,exception_flags_diff,673,20
FIST32,53,2,nan_result,0,0
FIST32,53,2,outside_target_exponent,0,0
FIST32,53,2,target_subnormal_result,0,0
FIST32,53,2,fprem_C2_partial,0,0
FIST32,53,2,unsupported_candidate,0,0
FIST32,53,2,input_signaling_NaN,333,20
FIST32,53,2,nan_sign_diff,0,0
FIST32,53,2,nan_quiet_bit_diff,0,0
FIST32,53,2,nan_payload_diff,0,0
FIST32,53,2,B_expansion_changed_encoding,0,0
FIST32,53,2,rflags_difference,0,0
FIST32,53,2,loadstore80_changed,0,0
FIST32,53,2,quotient_zero_condition_flags_diff,0,0
FIST32,53,2,native_memory_bits_diff,0,0
FIST32,53,2,other_value_diff,0,0
FIST32,53,3,value_diff,0,0
FIST32,53,3,exception_flags_diff,673,20
FIST32,53,3,nan_result,0,0
FIST32,53,3,outside_target_exponent,0,0
FIST32,53,3,target_subnormal_result,0,0
FIST32,53,3,fprem_C2_partial,0,0
FIST32,53,3,unsupported_candidate,0,0
FIST32,53,3,input_signaling_NaN,333,20
FIST32,53,3,nan_sign_diff,0,0
FIST32,53,3,nan_quiet_bit_diff,0,0
FIST32,53,3,nan_payload_diff,0,0
FIST32,53,3,B_expansion_changed_encoding,0,0
FIST32,53,3,rflags_difference,0,0
FIST32,53,3,loadstore80_changed,0,0
FIST32,53,3,quotient_zero_condition_flags_diff,0,0
FIST32,53,3,native_memory_bits_diff,0,0
FIST32,53,3,other_value_diff,0,0
FIST32,64,0,value_diff,0,0
FIST32,64,0,exception_flags_diff,673,20
FIST32,64,0,nan_result,0,0
FIST32,64,0,outside_target_exponent,0,0
FIST32,64,0,target_subnormal_result,0,0
FIST32,64,0,fprem_C2_partial,0,0
FIST32,64,0,unsupported_candidate,0,0
FIST32,64,0,input_signaling_NaN,333,20
FIST32,64,0,nan_sign_diff,0,0
FIST32,64,0,nan_quiet_bit_diff,0,0
FIST32,64,0,nan_payload_diff,0,0
FIST32,64,0,B_expansion_changed_encoding,0,0
FIST32,64,0,rflags_difference,0,0
FIST32,64,0,loadstore80_changed,0,0
FIST32,64,0,quotient_zero_condition_flags_diff,0,0
FIST32,64,0,native_memory_bits_diff,0,0
FIST32,64,0,other_value_diff,0,0
FIST32,64,1,value_diff,0,0
FIST32,64,1,exception_flags_diff,673,20
FIST32,64,1,nan_result,0,0
FIST32,64,1,outside_target_exponent,0,0
FIST32,64,1,target_subnormal_result,0,0
FIST32,64,1,fprem_C2_partial,0,0
FIST32,64,1,unsupported_candidate,0,0
FIST32,64,1,input_signaling_NaN,333,20
FIST32,64,1,nan_sign_diff,0,0
FIST32,64,1,nan_quiet_bit_diff,0,0
FIST32,64,1,nan_payload_diff,0,0
FIST32,64,1,B_expansion_changed_encoding,0,0
FIST32,64,1,rflags_difference,0,0
FIST32,64,1,loadstore80_changed,0,0
FIST32,64,1,quotient_zero_condition_flags_diff,0,0
FIST32,64,1,native_memory_bits_diff,0,0
FIST32,64,1,other_value_diff,0,0
FIST32,64,2,value_diff,0,0
FIST32,64,2,exception_flags_diff,673,20
FIST32,64,2,nan_result,0,0
FIST32,64,2,outside_target_exponent,0,0
FIST32,64,2,target_subnormal_result,0,0
FIST32,64,2,fprem_C2_partial,0,0
FIST32,64,2,unsupported_candidate,0,0
FIST32,64,2,input_signaling_NaN,333,20
FIST32,64,2,nan_sign_diff,0,0
FIST32,64,2,nan_quiet_bit_diff,0,0
FIST32,64,2,nan_payload_diff,0,0
FIST32,64,2,B_expansion_changed_encoding,0,0
FIST32,64,2,rflags_difference,0,0
FIST32,64,2,loadstore80_changed,0,0
FIST32,64,2,quotient_zero_condition_flags_diff,0,0
FIST32,64,2,native_memory_bits_diff,0,0
FIST32,64,2,other_value_diff,0,0
FIST32,64,3,value_diff,0,0
FIST32,64,3,exception_flags_diff,673,20
FIST32,64,3,nan_result,0,0
FIST32,64,3,outside_target_exponent,0,0
FIST32,64,3,target_subnormal_result,0,0
FIST32,64,3,fprem_C2_partial,0,0
FIST32,64,3,unsupported_candidate,0,0
FIST32,64,3,input_signaling_NaN,333,20
FIST32,64,3,nan_sign_diff,0,0
FIST32,64,3,nan_quiet_bit_diff,0,0
FIST32,64,3,nan_payload_diff,0,0
FIST32,64,3,B_expansion_changed_encoding,0,0
FIST32,64,3,rflags_difference,0,0
FIST32,64,3,loadstore80_changed,0,0
FIST32,64,3,quotient_zero_condition_flags_diff,0,0
FIST32,64,3,native_memory_bits_diff,0,0
FIST32,64,3,other_value_diff,0,0
FISTP16,24,0,value_diff,445780,20
FISTP16,24,0,exception_flags_diff,67094,20
FISTP16,24,0,nan_result,0,0
FISTP16,24,0,outside_target_exponent,0,0
FISTP16,24,0,target_subnormal_result,0,0
FISTP16,24,0,fprem_C2_partial,0,0
FISTP16,24,0,unsupported_candidate,0,0
FISTP16,24,0,input_signaling_NaN,2072,20
FISTP16,24,0,nan_sign_diff,0,0
FISTP16,24,0,nan_quiet_bit_diff,0,0
FISTP16,24,0,nan_payload_diff,0,0
FISTP16,24,0,B_expansion_changed_encoding,0,0
FISTP16,24,0,rflags_difference,0,0
FISTP16,24,0,loadstore80_changed,0,0
FISTP16,24,0,quotient_zero_condition_flags_diff,0,0
FISTP16,24,0,native_memory_bits_diff,0,0
FISTP16,24,0,other_value_diff,445780,20
FISTP16,24,1,value_diff,445779,20
FISTP16,24,1,exception_flags_diff,67053,20
FISTP16,24,1,nan_result,0,0
FISTP16,24,1,outside_target_exponent,0,0
FISTP16,24,1,target_subnormal_result,0,0
FISTP16,24,1,fprem_C2_partial,0,0
FISTP16,24,1,unsupported_candidate,0,0
FISTP16,24,1,input_signaling_NaN,2072,20
FISTP16,24,1,nan_sign_diff,0,0
FISTP16,24,1,nan_quiet_bit_diff,0,0
FISTP16,24,1,nan_payload_diff,0,0
FISTP16,24,1,B_expansion_changed_encoding,0,0
FISTP16,24,1,rflags_difference,0,0
FISTP16,24,1,loadstore80_changed,0,0
FISTP16,24,1,quotient_zero_condition_flags_diff,0,0
FISTP16,24,1,native_memory_bits_diff,0,0
FISTP16,24,1,other_value_diff,445779,20
FISTP16,24,2,value_diff,445781,20
FISTP16,24,2,exception_flags_diff,67094,20
FISTP16,24,2,nan_result,0,0
FISTP16,24,2,outside_target_exponent,0,0
FISTP16,24,2,target_subnormal_result,0,0
FISTP16,24,2,fprem_C2_partial,0,0
FISTP16,24,2,unsupported_candidate,0,0
FISTP16,24,2,input_signaling_NaN,2072,20
FISTP16,24,2,nan_sign_diff,0,0
FISTP16,24,2,nan_quiet_bit_diff,0,0
FISTP16,24,2,nan_payload_diff,0,0
FISTP16,24,2,B_expansion_changed_encoding,0,0
FISTP16,24,2,rflags_difference,0,0
FISTP16,24,2,loadstore80_changed,0,0
FISTP16,24,2,quotient_zero_condition_flags_diff,0,0
FISTP16,24,2,native_memory_bits_diff,0,0
FISTP16,24,2,other_value_diff,445781,20
FISTP16,24,3,value_diff,445780,20
FISTP16,24,3,exception_flags_diff,67053,20
FISTP16,24,3,nan_result,0,0
FISTP16,24,3,outside_target_exponent,0,0
FISTP16,24,3,target_subnormal_result,0,0
FISTP16,24,3,fprem_C2_partial,0,0
FISTP16,24,3,unsupported_candidate,0,0
FISTP16,24,3,input_signaling_NaN,2072,20
FISTP16,24,3,nan_sign_diff,0,0
FISTP16,24,3,nan_quiet_bit_diff,0,0
FISTP16,24,3,nan_payload_diff,0,0
FISTP16,24,3,B_expansion_changed_encoding,0,0
FISTP16,24,3,rflags_difference,0,0
FISTP16,24,3,loadstore80_changed,0,0
FISTP16,24,3,quotient_zero_condition_flags_diff,0,0
FISTP16,24,3,native_memory_bits_diff,0,0
FISTP16,24,3,other_value_diff,445780,20
FISTP16,53,0,value_diff,494021,20
FISTP16,53,0,exception_flags_diff,8418,20
FISTP16,53,0,nan_result,0,0
FISTP16,53,0,outside_target_exponent,0,0
FISTP16,53,0,target_subnormal_result,0,0
FISTP16,53,0,fprem_C2_partial,0,0
FISTP16,53,0,unsupported_candidate,0,0
FISTP16,53,0,input_signaling_NaN,316,20
FISTP16,53,0,nan_sign_diff,0,0
FISTP16,53,0,nan_quiet_bit_diff,0,0
FISTP16,53,0,nan_payload_diff,0,0
FISTP16,53,0,B_expansion_changed_encoding,0,0
FISTP16,53,0,rflags_difference,0,0
FISTP16,53,0,loadstore80_changed,0,0
FISTP16,53,0,quotient_zero_condition_flags_diff,0,0
FISTP16,53,0,native_memory_bits_diff,0,0
FISTP16,53,0,other_value_diff,494021,20
FISTP16,53,1,value_diff,494021,20
FISTP16,53,1,exception_flags_diff,8418,20
FISTP16,53,1,nan_result,0,0
FISTP16,53,1,outside_target_exponent,0,0
FISTP16,53,1,target_subnormal_result,0,0
FISTP16,53,1,fprem_C2_partial,0,0
FISTP16,53,1,unsupported_candidate,0,0
FISTP16,53,1,input_signaling_NaN,316,20
FISTP16,53,1,nan_sign_diff,0,0
FISTP16,53,1,nan_quiet_bit_diff,0,0
FISTP16,53,1,nan_payload_diff,0,0
FISTP16,53,1,B_expansion_changed_encoding,0,0
FISTP16,53,1,rflags_difference,0,0
FISTP16,53,1,loadstore80_changed,0,0
FISTP16,53,1,quotient_zero_condition_flags_diff,0,0
FISTP16,53,1,native_memory_bits_diff,0,0
FISTP16,53,1,other_value_diff,494021,20
FISTP16,53,2,value_diff,494021,20
FISTP16,53,2,exception_flags_diff,8418,20
FISTP16,53,2,nan_result,0,0
FISTP16,53,2,outside_target_exponent,0,0
FISTP16,53,2,target_subnormal_result,0,0
FISTP16,53,2,fprem_C2_partial,0,0
FISTP16,53,2,unsupported_candidate,0,0
FISTP16,53,2,input_signaling_NaN,316,20
FISTP16,53,2,nan_sign_diff,0,0
FISTP16,53,2,nan_quiet_bit_diff,0,0
FISTP16,53,2,nan_payload_diff,0,0
FISTP16,53,2,B_expansion_changed_encoding,0,0
FISTP16,53,2,rflags_difference,0,0
FISTP16,53,2,loadstore80_changed,0,0
FISTP16,53,2,quotient_zero_condition_flags_diff,0,0
FISTP16,53,2,native_memory_bits_diff,0,0
FISTP16,53,2,other_value_diff,494021,20
FISTP16,53,3,value_diff,494021,20
FISTP16,53,3,exception_flags_diff,8418,20
FISTP16,53,3,nan_result,0,0
FISTP16,53,3,outside_target_exponent,0,0
FISTP16,53,3,target_subnormal_result,0,0
FISTP16,53,3,fprem_C2_partial,0,0
FISTP16,53,3,unsupported_candidate,0,0
FISTP16,53,3,input_signaling_NaN,316,20
FISTP16,53,3,nan_sign_diff,0,0
FISTP16,53,3,nan_quiet_bit_diff,0,0
FISTP16,53,3,nan_payload_diff,0,0
FISTP16,53,3,B_expansion_changed_encoding,0,0
FISTP16,53,3,rflags_difference,0,0
FISTP16,53,3,loadstore80_changed,0,0
FISTP16,53,3,quotient_zero_condition_flags_diff,0,0
FISTP16,53,3,native_memory_bits_diff,0,0
FISTP16,53,3,other_value_diff,494021,20
FISTP16,64,0,value_diff,494021,20
FISTP16,64,0,exception_flags_diff,8418,20
FISTP16,64,0,nan_result,0,0
FISTP16,64,0,outside_target_exponent,0,0
FISTP16,64,0,target_subnormal_result,0,0
FISTP16,64,0,fprem_C2_partial,0,0
FISTP16,64,0,unsupported_candidate,0,0
FISTP16,64,0,input_signaling_NaN,316,20
FISTP16,64,0,nan_sign_diff,0,0
FISTP16,64,0,nan_quiet_bit_diff,0,0
FISTP16,64,0,nan_payload_diff,0,0
FISTP16,64,0,B_expansion_changed_encoding,0,0
FISTP16,64,0,rflags_difference,0,0
FISTP16,64,0,loadstore80_changed,0,0
FISTP16,64,0,quotient_zero_condition_flags_diff,0,0
FISTP16,64,0,native_memory_bits_diff,0,0
FISTP16,64,0,other_value_diff,494021,20
FISTP16,64,1,value_diff,494021,20
FISTP16,64,1,exception_flags_diff,8418,20
FISTP16,64,1,nan_result,0,0
FISTP16,64,1,outside_target_exponent,0,0
FISTP16,64,1,target_subnormal_result,0,0
FISTP16,64,1,fprem_C2_partial,0,0
FISTP16,64,1,unsupported_candidate,0,0
FISTP16,64,1,input_signaling_NaN,316,20
FISTP16,64,1,nan_sign_diff,0,0
FISTP16,64,1,nan_quiet_bit_diff,0,0
FISTP16,64,1,nan_payload_diff,0,0
FISTP16,64,1,B_expansion_changed_encoding,0,0
FISTP16,64,1,rflags_difference,0,0
FISTP16,64,1,loadstore80_changed,0,0
FISTP16,64,1,quotient_zero_condition_flags_diff,0,0
FISTP16,64,1,native_memory_bits_diff,0,0
FISTP16,64,1,other_value_diff,494021,20
FISTP16,64,2,value_diff,494021,20
FISTP16,64,2,exception_flags_diff,8418,20
FISTP16,64,2,nan_result,0,0
FISTP16,64,2,outside_target_exponent,0,0
FISTP16,64,2,target_subnormal_result,0,0
FISTP16,64,2,fprem_C2_partial,0,0
FISTP16,64,2,unsupported_candidate,0,0
FISTP16,64,2,input_signaling_NaN,316,20
FISTP16,64,2,nan_sign_diff,0,0
FISTP16,64,2,nan_quiet_bit_diff,0,0
FISTP16,64,2,nan_payload_diff,0,0
FISTP16,64,2,B_expansion_changed_encoding,0,0
FISTP16,64,2,rflags_difference,0,0
FISTP16,64,2,loadstore80_changed,0,0
FISTP16,64,2,quotient_zero_condition_flags_diff,0,0
FISTP16,64,2,native_memory_bits_diff,0,0
FISTP16,64,2,other_value_diff,494021,20
FISTP16,64,3,value_diff,494021,20
FISTP16,64,3,exception_flags_diff,8418,20
FISTP16,64,3,nan_result,0,0
FISTP16,64,3,outside_target_exponent,0,0
FISTP16,64,3,target_subnormal_result,0,0
FISTP16,64,3,fprem_C2_partial,0,0
FISTP16,64,3,unsupported_candidate,0,0
FISTP16,64,3,input_signaling_NaN,316,20
FISTP16,64,3,nan_sign_diff,0,0
FISTP16,64,3,nan_quiet_bit_diff,0,0
FISTP16,64,3,nan_payload_diff,0,0
FISTP16,64,3,B_expansion_changed_encoding,0,0
FISTP16,64,3,rflags_difference,0,0
FISTP16,64,3,loadstore80_changed,0,0
FISTP16,64,3,quotient_zero_condition_flags_diff,0,0
FISTP16,64,3,native_memory_bits_diff,0,0
FISTP16,64,3,other_value_diff,494021,20
FISTP32,24,0,value_diff,0,0
FISTP32,24,0,exception_flags_diff,4050,20
FISTP32,24,0,nan_result,0,0
FISTP32,24,0,outside_target_exponent,0,0
FISTP32,24,0,target_subnormal_result,0,0
FISTP32,24,0,fprem_C2_partial,0,0
FISTP32,24,0,unsupported_candidate,0,0
FISTP32,24,0,input_signaling_NaN,2068,20
FISTP32,24,0,nan_sign_diff,0,0
FISTP32,24,0,nan_quiet_bit_diff,0,0
FISTP32,24,0,nan_payload_diff,0,0
FISTP32,24,0,B_expansion_changed_encoding,0,0
FISTP32,24,0,rflags_difference,0,0
FISTP32,24,0,loadstore80_changed,0,0
FISTP32,24,0,quotient_zero_condition_flags_diff,0,0
FISTP32,24,0,native_memory_bits_diff,0,0
FISTP32,24,0,other_value_diff,0,0
FISTP32,24,1,value_diff,0,0
FISTP32,24,1,exception_flags_diff,4050,20
FISTP32,24,1,nan_result,0,0
FISTP32,24,1,outside_target_exponent,0,0
FISTP32,24,1,target_subnormal_result,0,0
FISTP32,24,1,fprem_C2_partial,0,0
FISTP32,24,1,unsupported_candidate,0,0
FISTP32,24,1,input_signaling_NaN,2068,20
FISTP32,24,1,nan_sign_diff,0,0
FISTP32,24,1,nan_quiet_bit_diff,0,0
FISTP32,24,1,nan_payload_diff,0,0
FISTP32,24,1,B_expansion_changed_encoding,0,0
FISTP32,24,1,rflags_difference,0,0
FISTP32,24,1,loadstore80_changed,0,0
FISTP32,24,1,quotient_zero_condition_flags_diff,0,0
FISTP32,24,1,native_memory_bits_diff,0,0
FISTP32,24,1,other_value_diff,0,0
FISTP32,24,2,value_diff,0,0
FISTP32,24,2,exception_flags_diff,4050,20
FISTP32,24,2,nan_result,0,0
FISTP32,24,2,outside_target_exponent,0,0
FISTP32,24,2,target_subnormal_result,0,0
FISTP32,24,2,fprem_C2_partial,0,0
FISTP32,24,2,unsupported_candidate,0,0
FISTP32,24,2,input_signaling_NaN,2068,20
FISTP32,24,2,nan_sign_diff,0,0
FISTP32,24,2,nan_quiet_bit_diff,0,0
FISTP32,24,2,nan_payload_diff,0,0
FISTP32,24,2,B_expansion_changed_encoding,0,0
FISTP32,24,2,rflags_difference,0,0
FISTP32,24,2,loadstore80_changed,0,0
FISTP32,24,2,quotient_zero_condition_flags_diff,0,0
FISTP32,24,2,native_memory_bits_diff,0,0
FISTP32,24,2,other_value_diff,0,0
FISTP32,24,3,value_diff,0,0
FISTP32,24,3,exception_flags_diff,4050,20
FISTP32,24,3,nan_result,0,0
FISTP32,24,3,outside_target_exponent,0,0
FISTP32,24,3,target_subnormal_result,0,0
FISTP32,24,3,fprem_C2_partial,0,0
FISTP32,24,3,unsupported_candidate,0,0
FISTP32,24,3,input_signaling_NaN,2068,20
FISTP32,24,3,nan_sign_diff,0,0
FISTP32,24,3,nan_quiet_bit_diff,0,0
FISTP32,24,3,nan_payload_diff,0,0
FISTP32,24,3,B_expansion_changed_encoding,0,0
FISTP32,24,3,rflags_difference,0,0
FISTP32,24,3,loadstore80_changed,0,0
FISTP32,24,3,quotient_zero_condition_flags_diff,0,0
FISTP32,24,3,native_memory_bits_diff,0,0
FISTP32,24,3,other_value_diff,0,0
FISTP32,53,0,value_diff,0,0
FISTP32,53,0,exception_flags_diff,640,20
FISTP32,53,0,nan_result,0,0
FISTP32,53,0,outside_target_exponent,0,0
FISTP32,53,0,target_subnormal_result,0,0
FISTP32,53,0,fprem_C2_partial,0,0
FISTP32,53,0,unsupported_candidate,0,0
FISTP32,53,0,input_signaling_NaN,307,20
FISTP32,53,0,nan_sign_diff,0,0
FISTP32,53,0,nan_quiet_bit_diff,0,0
FISTP32,53,0,nan_payload_diff,0,0
FISTP32,53,0,B_expansion_changed_encoding,0,0
FISTP32,53,0,rflags_difference,0,0
FISTP32,53,0,loadstore80_changed,0,0
FISTP32,53,0,quotient_zero_condition_flags_diff,0,0
FISTP32,53,0,native_memory_bits_diff,0,0
FISTP32,53,0,other_value_diff,0,0
FISTP32,53,1,value_diff,0,0
FISTP32,53,1,exception_flags_diff,640,20
FISTP32,53,1,nan_result,0,0
FISTP32,53,1,outside_target_exponent,0,0
FISTP32,53,1,target_subnormal_result,0,0
FISTP32,53,1,fprem_C2_partial,0,0
FISTP32,53,1,unsupported_candidate,0,0
FISTP32,53,1,input_signaling_NaN,307,20
FISTP32,53,1,nan_sign_diff,0,0
FISTP32,53,1,nan_quiet_bit_diff,0,0
FISTP32,53,1,nan_payload_diff,0,0
FISTP32,53,1,B_expansion_changed_encoding,0,0
FISTP32,53,1,rflags_difference,0,0
FISTP32,53,1,loadstore80_changed,0,0
FISTP32,53,1,quotient_zero_condition_flags_diff,0,0
FISTP32,53,1,native_memory_bits_diff,0,0
FISTP32,53,1,other_value_diff,0,0
FISTP32,53,2,value_diff,0,0
FISTP32,53,2,exception_flags_diff,640,20
FISTP32,53,2,nan_result,0,0
FISTP32,53,2,outside_target_exponent,0,0
FISTP32,53,2,target_subnormal_result,0,0
FISTP32,53,2,fprem_C2_partial,0,0
FISTP32,53,2,unsupported_candidate,0,0
FISTP32,53,2,input_signaling_NaN,307,20
FISTP32,53,2,nan_sign_diff,0,0
FISTP32,53,2,nan_quiet_bit_diff,0,0
FISTP32,53,2,nan_payload_diff,0,0
FISTP32,53,2,B_expansion_changed_encoding,0,0
FISTP32,53,2,rflags_difference,0,0
FISTP32,53,2,loadstore80_changed,0,0
FISTP32,53,2,quotient_zero_condition_flags_diff,0,0
FISTP32,53,2,native_memory_bits_diff,0,0
FISTP32,53,2,other_value_diff,0,0
FISTP32,53,3,value_diff,0,0
FISTP32,53,3,exception_flags_diff,640,20
FISTP32,53,3,nan_result,0,0
FISTP32,53,3,outside_target_exponent,0,0
FISTP32,53,3,target_subnormal_result,0,0
FISTP32,53,3,fprem_C2_partial,0,0
FISTP32,53,3,unsupported_candidate,0,0
FISTP32,53,3,input_signaling_NaN,307,20
FISTP32,53,3,nan_sign_diff,0,0
FISTP32,53,3,nan_quiet_bit_diff,0,0
FISTP32,53,3,nan_payload_diff,0,0
FISTP32,53,3,B_expansion_changed_encoding,0,0
FISTP32,53,3,rflags_difference,0,0
FISTP32,53,3,loadstore80_changed,0,0
FISTP32,53,3,quotient_zero_condition_flags_diff,0,0
FISTP32,53,3,native_memory_bits_diff,0,0
FISTP32,53,3,other_value_diff,0,0
FISTP32,64,0,value_diff,0,0
FISTP32,64,0,exception_flags_diff,640,20
FISTP32,64,0,nan_result,0,0
FISTP32,64,0,outside_target_exponent,0,0
FISTP32,64,0,target_subnormal_result,0,0
FISTP32,64,0,fprem_C2_partial,0,0
FISTP32,64,0,unsupported_candidate,0,0
FISTP32,64,0,input_signaling_NaN,307,20
FISTP32,64,0,nan_sign_diff,0,0
FISTP32,64,0,nan_quiet_bit_diff,0,0
FISTP32,64,0,nan_payload_diff,0,0
FISTP32,64,0,B_expansion_changed_encoding,0,0
FISTP32,64,0,rflags_difference,0,0
FISTP32,64,0,loadstore80_changed,0,0
FISTP32,64,0,quotient_zero_condition_flags_diff,0,0
FISTP32,64,0,native_memory_bits_diff,0,0
FISTP32,64,0,other_value_diff,0,0
FISTP32,64,1,value_diff,0,0
FISTP32,64,1,exception_flags_diff,640,20
FISTP32,64,1,nan_result,0,0
FISTP32,64,1,outside_target_exponent,0,0
FISTP32,64,1,target_subnormal_result,0,0
FISTP32,64,1,fprem_C2_partial,0,0
FISTP32,64,1,unsupported_candidate,0,0
FISTP32,64,1,input_signaling_NaN,307,20
FISTP32,64,1,nan_sign_diff,0,0
FISTP32,64,1,nan_quiet_bit_diff,0,0
FISTP32,64,1,nan_payload_diff,0,0
FISTP32,64,1,B_expansion_changed_encoding,0,0
FISTP32,64,1,rflags_difference,0,0
FISTP32,64,1,loadstore80_changed,0,0
FISTP32,64,1,quotient_zero_condition_flags_diff,0,0
FISTP32,64,1,native_memory_bits_diff,0,0
FISTP32,64,1,other_value_diff,0,0
FISTP32,64,2,value_diff,0,0
FISTP32,64,2,exception_flags_diff,640,20
FISTP32,64,2,nan_result,0,0
FISTP32,64,2,outside_target_exponent,0,0
FISTP32,64,2,target_subnormal_result,0,0
FISTP32,64,2,fprem_C2_partial,0,0
FISTP32,64,2,unsupported_candidate,0,0
FISTP32,64,2,input_signaling_NaN,307,20
FISTP32,64,2,nan_sign_diff,0,0
FISTP32,64,2,nan_quiet_bit_diff,0,0
FISTP32,64,2,nan_payload_diff,0,0
FISTP32,64,2,B_expansion_changed_encoding,0,0
FISTP32,64,2,rflags_difference,0,0
FISTP32,64,2,loadstore80_changed,0,0
FISTP32,64,2,quotient_zero_condition_flags_diff,0,0
FISTP32,64,2,native_memory_bits_diff,0,0
FISTP32,64,2,other_value_diff,0,0
FISTP32,64,3,value_diff,0,0
FISTP32,64,3,exception_flags_diff,640,20
FISTP32,64,3,nan_result,0,0
FISTP32,64,3,outside_target_exponent,0,0
FISTP32,64,3,target_subnormal_result,0,0
FISTP32,64,3,fprem_C2_partial,0,0
FISTP32,64,3,unsupported_candidate,0,0
FISTP32,64,3,input_signaling_NaN,307,20
FISTP32,64,3,nan_sign_diff,0,0
FISTP32,64,3,nan_quiet_bit_diff,0,0
FISTP32,64,3,nan_payload_diff,0,0
FISTP32,64,3,B_expansion_changed_encoding,0,0
FISTP32,64,3,rflags_difference,0,0
FISTP32,64,3,loadstore80_changed,0,0
FISTP32,64,3,quotient_zero_condition_flags_diff,0,0
FISTP32,64,3,native_memory_bits_diff,0,0
FISTP32,64,3,other_value_diff,0,0
FISTP64,24,0,value_diff,0,0
FISTP64,24,0,exception_flags_diff,4141,20
FISTP64,24,0,nan_result,0,0
FISTP64,24,0,outside_target_exponent,0,0
FISTP64,24,0,target_subnormal_result,0,0
FISTP64,24,0,fprem_C2_partial,0,0
FISTP64,24,0,unsupported_candidate,0,0
FISTP64,24,0,input_signaling_NaN,2006,20
FISTP64,24,0,nan_sign_diff,0,0
FISTP64,24,0,nan_quiet_bit_diff,0,0
FISTP64,24,0,nan_payload_diff,0,0
FISTP64,24,0,B_expansion_changed_encoding,0,0
FISTP64,24,0,rflags_difference,0,0
FISTP64,24,0,loadstore80_changed,0,0
FISTP64,24,0,quotient_zero_condition_flags_diff,0,0
FISTP64,24,0,native_memory_bits_diff,0,0
FISTP64,24,0,other_value_diff,0,0
FISTP64,24,1,value_diff,0,0
FISTP64,24,1,exception_flags_diff,4141,20
FISTP64,24,1,nan_result,0,0
FISTP64,24,1,outside_target_exponent,0,0
FISTP64,24,1,target_subnormal_result,0,0
FISTP64,24,1,fprem_C2_partial,0,0
FISTP64,24,1,unsupported_candidate,0,0
FISTP64,24,1,input_signaling_NaN,2006,20
FISTP64,24,1,nan_sign_diff,0,0
FISTP64,24,1,nan_quiet_bit_diff,0,0
FISTP64,24,1,nan_payload_diff,0,0
FISTP64,24,1,B_expansion_changed_encoding,0,0
FISTP64,24,1,rflags_difference,0,0
FISTP64,24,1,loadstore80_changed,0,0
FISTP64,24,1,quotient_zero_condition_flags_diff,0,0
FISTP64,24,1,native_memory_bits_diff,0,0
FISTP64,24,1,other_value_diff,0,0
FISTP64,24,2,value_diff,0,0
FISTP64,24,2,exception_flags_diff,4141,20
FISTP64,24,2,nan_result,0,0
FISTP64,24,2,outside_target_exponent,0,0
FISTP64,24,2,target_subnormal_result,0,0
FISTP64,24,2,fprem_C2_partial,0,0
FISTP64,24,2,unsupported_candidate,0,0
FISTP64,24,2,input_signaling_NaN,2006,20
FISTP64,24,2,nan_sign_diff,0,0
FISTP64,24,2,nan_quiet_bit_diff,0,0
FISTP64,24,2,nan_payload_diff,0,0
FISTP64,24,2,B_expansion_changed_encoding,0,0
FISTP64,24,2,rflags_difference,0,0
FISTP64,24,2,loadstore80_changed,0,0
FISTP64,24,2,quotient_zero_condition_flags_diff,0,0
FISTP64,24,2,native_memory_bits_diff,0,0
FISTP64,24,2,other_value_diff,0,0
FISTP64,24,3,value_diff,0,0
FISTP64,24,3,exception_flags_diff,4141,20
FISTP64,24,3,nan_result,0,0
FISTP64,24,3,outside_target_exponent,0,0
FISTP64,24,3,target_subnormal_result,0,0
FISTP64,24,3,fprem_C2_partial,0,0
FISTP64,24,3,unsupported_candidate,0,0
FISTP64,24,3,input_signaling_NaN,2006,20
FISTP64,24,3,nan_sign_diff,0,0
FISTP64,24,3,nan_quiet_bit_diff,0,0
FISTP64,24,3,nan_payload_diff,0,0
FISTP64,24,3,B_expansion_changed_encoding,0,0
FISTP64,24,3,rflags_difference,0,0
FISTP64,24,3,loadstore80_changed,0,0
FISTP64,24,3,quotient_zero_condition_flags_diff,0,0
FISTP64,24,3,native_memory_bits_diff,0,0
FISTP64,24,3,other_value_diff,0,0
FISTP64,53,0,value_diff,0,0
FISTP64,53,0,exception_flags_diff,652,20
FISTP64,53,0,nan_result,0,0
FISTP64,53,0,outside_target_exponent,0,0
FISTP64,53,0,target_subnormal_result,0,0
FISTP64,53,0,fprem_C2_partial,0,0
FISTP64,53,0,unsupported_candidate,0,0
FISTP64,53,0,input_signaling_NaN,330,20
FISTP64,53,0,nan_sign_diff,0,0
FISTP64,53,0,nan_quiet_bit_diff,0,0
FISTP64,53,0,nan_payload_diff,0,0
FISTP64,53,0,B_expansion_changed_encoding,0,0
FISTP64,53,0,rflags_difference,0,0
FISTP64,53,0,loadstore80_changed,0,0
FISTP64,53,0,quotient_zero_condition_flags_diff,0,0
FISTP64,53,0,native_memory_bits_diff,0,0
FISTP64,53,0,other_value_diff,0,0
FISTP64,53,1,value_diff,0,0
FISTP64,53,1,exception_flags_diff,652,20
FISTP64,53,1,nan_result,0,0
FISTP64,53,1,outside_target_exponent,0,0
FISTP64,53,1,target_subnormal_result,0,0
FISTP64,53,1,fprem_C2_partial,0,0
FISTP64,53,1,unsupported_candidate,0,0
FISTP64,53,1,input_signaling_NaN,330,20
FISTP64,53,1,nan_sign_diff,0,0
FISTP64,53,1,nan_quiet_bit_diff,0,0
FISTP64,53,1,nan_payload_diff,0,0
FISTP64,53,1,B_expansion_changed_encoding,0,0
FISTP64,53,1,rflags_difference,0,0
FISTP64,53,1,loadstore80_changed,0,0
FISTP64,53,1,quotient_zero_condition_flags_diff,0,0
FISTP64,53,1,native_memory_bits_diff,0,0
FISTP64,53,1,other_value_diff,0,0
FISTP64,53,2,value_diff,0,0
FISTP64,53,2,exception_flags_diff,652,20
FISTP64,53,2,nan_result,0,0
FISTP64,53,2,outside_target_exponent,0,0
FISTP64,53,2,target_subnormal_result,0,0
FISTP64,53,2,fprem_C2_partial,0,0
FISTP64,53,2,unsupported_candidate,0,0
FISTP64,53,2,input_signaling_NaN,330,20
FISTP64,53,2,nan_sign_diff,0,0
FISTP64,53,2,nan_quiet_bit_diff,0,0
FISTP64,53,2,nan_payload_diff,0,0
FISTP64,53,2,B_expansion_changed_encoding,0,0
FISTP64,53,2,rflags_difference,0,0
FISTP64,53,2,loadstore80_changed,0,0
FISTP64,53,2,quotient_zero_condition_flags_diff,0,0
FISTP64,53,2,native_memory_bits_diff,0,0
FISTP64,53,2,other_value_diff,0,0
FISTP64,53,3,value_diff,0,0
FISTP64,53,3,exception_flags_diff,652,20
FISTP64,53,3,nan_result,0,0
FISTP64,53,3,outside_target_exponent,0,0
FISTP64,53,3,target_subnormal_result,0,0
FISTP64,53,3,fprem_C2_partial,0,0
FISTP64,53,3,unsupported_candidate,0,0
FISTP64,53,3,input_signaling_NaN,330,20
FISTP64,53,3,nan_sign_diff,0,0
FISTP64,53,3,nan_quiet_bit_diff,0,0
FISTP64,53,3,nan_payload_diff,0,0
FISTP64,53,3,B_expansion_changed_encoding,0,0
FISTP64,53,3,rflags_difference,0,0
FISTP64,53,3,loadstore80_changed,0,0
FISTP64,53,3,quotient_zero_condition_flags_diff,0,0
FISTP64,53,3,native_memory_bits_diff,0,0
FISTP64,53,3,other_value_diff,0,0
FISTP64,64,0,value_diff,0,0
FISTP64,64,0,exception_flags_diff,652,20
FISTP64,64,0,nan_result,0,0
FISTP64,64,0,outside_target_exponent,0,0
FISTP64,64,0,target_subnormal_result,0,0
FISTP64,64,0,fprem_C2_partial,0,0
FISTP64,64,0,unsupported_candidate,0,0
FISTP64,64,0,input_signaling_NaN,330,20
FISTP64,64,0,nan_sign_diff,0,0
FISTP64,64,0,nan_quiet_bit_diff,0,0
FISTP64,64,0,nan_payload_diff,0,0
FISTP64,64,0,B_expansion_changed_encoding,0,0
FISTP64,64,0,rflags_difference,0,0
FISTP64,64,0,loadstore80_changed,0,0
FISTP64,64,0,quotient_zero_condition_flags_diff,0,0
FISTP64,64,0,native_memory_bits_diff,0,0
FISTP64,64,0,other_value_diff,0,0
FISTP64,64,1,value_diff,0,0
FISTP64,64,1,exception_flags_diff,652,20
FISTP64,64,1,nan_result,0,0
FISTP64,64,1,outside_target_exponent,0,0
FISTP64,64,1,target_subnormal_result,0,0
FISTP64,64,1,fprem_C2_partial,0,0
FISTP64,64,1,unsupported_candidate,0,0
FISTP64,64,1,input_signaling_NaN,330,20
FISTP64,64,1,nan_sign_diff,0,0
FISTP64,64,1,nan_quiet_bit_diff,0,0
FISTP64,64,1,nan_payload_diff,0,0
FISTP64,64,1,B_expansion_changed_encoding,0,0
FISTP64,64,1,rflags_difference,0,0
FISTP64,64,1,loadstore80_changed,0,0
FISTP64,64,1,quotient_zero_condition_flags_diff,0,0
FISTP64,64,1,native_memory_bits_diff,0,0
FISTP64,64,1,other_value_diff,0,0
FISTP64,64,2,value_diff,0,0
FISTP64,64,2,exception_flags_diff,652,20
FISTP64,64,2,nan_result,0,0
FISTP64,64,2,outside_target_exponent,0,0
FISTP64,64,2,target_subnormal_result,0,0
FISTP64,64,2,fprem_C2_partial,0,0
FISTP64,64,2,unsupported_candidate,0,0
FISTP64,64,2,input_signaling_NaN,330,20
FISTP64,64,2,nan_sign_diff,0,0
FISTP64,64,2,nan_quiet_bit_diff,0,0
FISTP64,64,2,nan_payload_diff,0,0
FISTP64,64,2,B_expansion_changed_encoding,0,0
FISTP64,64,2,rflags_difference,0,0
FISTP64,64,2,loadstore80_changed,0,0
FISTP64,64,2,quotient_zero_condition_flags_diff,0,0
FISTP64,64,2,native_memory_bits_diff,0,0
FISTP64,64,2,other_value_diff,0,0
FISTP64,64,3,value_diff,0,0
FISTP64,64,3,exception_flags_diff,652,20
FISTP64,64,3,nan_result,0,0
FISTP64,64,3,outside_target_exponent,0,0
FISTP64,64,3,target_subnormal_result,0,0
FISTP64,64,3,fprem_C2_partial,0,0
FISTP64,64,3,unsupported_candidate,0,0
FISTP64,64,3,input_signaling_NaN,330,20
FISTP64,64,3,nan_sign_diff,0,0
FISTP64,64,3,nan_quiet_bit_diff,0,0
FISTP64,64,3,nan_payload_diff,0,0
FISTP64,64,3,B_expansion_changed_encoding,0,0
FISTP64,64,3,rflags_difference,0,0
FISTP64,64,3,loadstore80_changed,0,0
FISTP64,64,3,quotient_zero_condition_flags_diff,0,0
FISTP64,64,3,native_memory_bits_diff,0,0
FISTP64,64,3,other_value_diff,0,0
FISTTP16,24,0,value_diff,446502,20
FISTTP16,24,0,exception_flags_diff,66931,20
FISTTP16,24,0,nan_result,0,0
FISTTP16,24,0,outside_target_exponent,0,0
FISTTP16,24,0,target_subnormal_result,0,0
FISTTP16,24,0,fprem_C2_partial,0,0
FISTTP16,24,0,unsupported_candidate,0,0
FISTTP16,24,0,input_signaling_NaN,2047,20
FISTTP16,24,0,nan_sign_diff,0,0
FISTTP16,24,0,nan_quiet_bit_diff,0,0
FISTTP16,24,0,nan_payload_diff,0,0
FISTTP16,24,0,B_expansion_changed_encoding,0,0
FISTTP16,24,0,rflags_difference,0,0
FISTTP16,24,0,loadstore80_changed,0,0
FISTTP16,24,0,quotient_zero_condition_flags_diff,0,0
FISTTP16,24,0,native_memory_bits_diff,0,0
FISTTP16,24,0,other_value_diff,446502,20
FISTTP16,24,1,value_diff,446502,20
FISTTP16,24,1,exception_flags_diff,66931,20
FISTTP16,24,1,nan_result,0,0
FISTTP16,24,1,outside_target_exponent,0,0
FISTTP16,24,1,target_subnormal_result,0,0
FISTTP16,24,1,fprem_C2_partial,0,0
FISTTP16,24,1,unsupported_candidate,0,0
FISTTP16,24,1,input_signaling_NaN,2047,20
FISTTP16,24,1,nan_sign_diff,0,0
FISTTP16,24,1,nan_quiet_bit_diff,0,0
FISTTP16,24,1,nan_payload_diff,0,0
FISTTP16,24,1,B_expansion_changed_encoding,0,0
FISTTP16,24,1,rflags_difference,0,0
FISTTP16,24,1,loadstore80_changed,0,0
FISTTP16,24,1,quotient_zero_condition_flags_diff,0,0
FISTTP16,24,1,native_memory_bits_diff,0,0
FISTTP16,24,1,other_value_diff,446502,20
FISTTP16,24,2,value_diff,446502,20
FISTTP16,24,2,exception_flags_diff,66931,20
FISTTP16,24,2,nan_result,0,0
FISTTP16,24,2,outside_target_exponent,0,0
FISTTP16,24,2,target_subnormal_result,0,0
FISTTP16,24,2,fprem_C2_partial,0,0
FISTTP16,24,2,unsupported_candidate,0,0
FISTTP16,24,2,input_signaling_NaN,2047,20
FISTTP16,24,2,nan_sign_diff,0,0
FISTTP16,24,2,nan_quiet_bit_diff,0,0
FISTTP16,24,2,nan_payload_diff,0,0
FISTTP16,24,2,B_expansion_changed_encoding,0,0
FISTTP16,24,2,rflags_difference,0,0
FISTTP16,24,2,loadstore80_changed,0,0
FISTTP16,24,2,quotient_zero_condition_flags_diff,0,0
FISTTP16,24,2,native_memory_bits_diff,0,0
FISTTP16,24,2,other_value_diff,446502,20
FISTTP16,24,3,value_diff,446502,20
FISTTP16,24,3,exception_flags_diff,66931,20
FISTTP16,24,3,nan_result,0,0
FISTTP16,24,3,outside_target_exponent,0,0
FISTTP16,24,3,target_subnormal_result,0,0
FISTTP16,24,3,fprem_C2_partial,0,0
FISTTP16,24,3,unsupported_candidate,0,0
FISTTP16,24,3,input_signaling_NaN,2047,20
FISTTP16,24,3,nan_sign_diff,0,0
FISTTP16,24,3,nan_quiet_bit_diff,0,0
FISTTP16,24,3,nan_payload_diff,0,0
FISTTP16,24,3,B_expansion_changed_encoding,0,0
FISTTP16,24,3,rflags_difference,0,0
FISTTP16,24,3,loadstore80_changed,0,0
FISTTP16,24,3,quotient_zero_condition_flags_diff,0,0
FISTTP16,24,3,native_memory_bits_diff,0,0
FISTTP16,24,3,other_value_diff,446502,20
FISTTP16,53,0,value_diff,494155,20
FISTTP16,53,0,exception_flags_diff,8672,20
FISTTP16,53,0,nan_result,0,0
FISTTP16,53,0,outside_target_exponent,0,0
FISTTP16,53,0,target_subnormal_result,0,0
FISTTP16,53,0,fprem_C2_partial,0,0
FISTTP16,53,0,unsupported_candidate,0,0
FISTTP16,53,0,input_signaling_NaN,357,20
FISTTP16,53,0,nan_sign_diff,0,0
FISTTP16,53,0,nan_quiet_bit_diff,0,0
FISTTP16,53,0,nan_payload_diff,0,0
FISTTP16,53,0,B_expansion_changed_encoding,0,0
FISTTP16,53,0,rflags_difference,0,0
FISTTP16,53,0,loadstore80_changed,0,0
FISTTP16,53,0,quotient_zero_condition_flags_diff,0,0
FISTTP16,53,0,native_memory_bits_diff,0,0
FISTTP16,53,0,other_value_diff,494155,20
FISTTP16,53,1,value_diff,494155,20
FISTTP16,53,1,exception_flags_diff,8672,20
FISTTP16,53,1,nan_result,0,0
FISTTP16,53,1,outside_target_exponent,0,0
FISTTP16,53,1,target_subnormal_result,0,0
FISTTP16,53,1,fprem_C2_partial,0,0
FISTTP16,53,1,unsupported_candidate,0,0
FISTTP16,53,1,input_signaling_NaN,357,20
FISTTP16,53,1,nan_sign_diff,0,0
FISTTP16,53,1,nan_quiet_bit_diff,0,0
FISTTP16,53,1,nan_payload_diff,0,0
FISTTP16,53,1,B_expansion_changed_encoding,0,0
FISTTP16,53,1,rflags_difference,0,0
FISTTP16,53,1,loadstore80_changed,0,0
FISTTP16,53,1,quotient_zero_condition_flags_diff,0,0
FISTTP16,53,1,native_memory_bits_diff,0,0
FISTTP16,53,1,other_value_diff,494155,20
FISTTP16,53,2,value_diff,494155,20
FISTTP16,53,2,exception_flags_diff,8672,20
FISTTP16,53,2,nan_result,0,0
FISTTP16,53,2,outside_target_exponent,0,0
FISTTP16,53,2,target_subnormal_result,0,0
FISTTP16,53,2,fprem_C2_partial,0,0
FISTTP16,53,2,unsupported_candidate,0,0
FISTTP16,53,2,input_signaling_NaN,357,20
FISTTP16,53,2,nan_sign_diff,0,0
FISTTP16,53,2,nan_quiet_bit_diff,0,0
FISTTP16,53,2,nan_payload_diff,0,0
FISTTP16,53,2,B_expansion_changed_encoding,0,0
FISTTP16,53,2,rflags_difference,0,0
FISTTP16,53,2,loadstore80_changed,0,0
FISTTP16,53,2,quotient_zero_condition_flags_diff,0,0
FISTTP16,53,2,native_memory_bits_diff,0,0
FISTTP16,53,2,other_value_diff,494155,20
FISTTP16,53,3,value_diff,494155,20
FISTTP16,53,3,exception_flags_diff,8672,20
FISTTP16,53,3,nan_result,0,0
FISTTP16,53,3,outside_target_exponent,0,0
FISTTP16,53,3,target_subnormal_result,0,0
FISTTP16,53,3,fprem_C2_partial,0,0
FISTTP16,53,3,unsupported_candidate,0,0
FISTTP16,53,3,input_signaling_NaN,357,20
FISTTP16,53,3,nan_sign_diff,0,0
FISTTP16,53,3,nan_quiet_bit_diff,0,0
FISTTP16,53,3,nan_payload_diff,0,0
FISTTP16,53,3,B_expansion_changed_encoding,0,0
FISTTP16,53,3,rflags_difference,0,0
FISTTP16,53,3,loadstore80_changed,0,0
FISTTP16,53,3,quotient_zero_condition_flags_diff,0,0
FISTTP16,53,3,native_memory_bits_diff,0,0
FISTTP16,53,3,other_value_diff,494155,20
FISTTP16,64,0,value_diff,494155,20
FISTTP16,64,0,exception_flags_diff,8672,20
FISTTP16,64,0,nan_result,0,0
FISTTP16,64,0,outside_target_exponent,0,0
FISTTP16,64,0,target_subnormal_result,0,0
FISTTP16,64,0,fprem_C2_partial,0,0
FISTTP16,64,0,unsupported_candidate,0,0
FISTTP16,64,0,input_signaling_NaN,357,20
FISTTP16,64,0,nan_sign_diff,0,0
FISTTP16,64,0,nan_quiet_bit_diff,0,0
FISTTP16,64,0,nan_payload_diff,0,0
FISTTP16,64,0,B_expansion_changed_encoding,0,0
FISTTP16,64,0,rflags_difference,0,0
FISTTP16,64,0,loadstore80_changed,0,0
FISTTP16,64,0,quotient_zero_condition_flags_diff,0,0
FISTTP16,64,0,native_memory_bits_diff,0,0
FISTTP16,64,0,other_value_diff,494155,20
FISTTP16,64,1,value_diff,494155,20
FISTTP16,64,1,exception_flags_diff,8672,20
FISTTP16,64,1,nan_result,0,0
FISTTP16,64,1,outside_target_exponent,0,0
FISTTP16,64,1,target_subnormal_result,0,0
FISTTP16,64,1,fprem_C2_partial,0,0
FISTTP16,64,1,unsupported_candidate,0,0
FISTTP16,64,1,input_signaling_NaN,357,20
FISTTP16,64,1,nan_sign_diff,0,0
FISTTP16,64,1,nan_quiet_bit_diff,0,0
FISTTP16,64,1,nan_payload_diff,0,0
FISTTP16,64,1,B_expansion_changed_encoding,0,0
FISTTP16,64,1,rflags_difference,0,0
FISTTP16,64,1,loadstore80_changed,0,0
FISTTP16,64,1,quotient_zero_condition_flags_diff,0,0
FISTTP16,64,1,native_memory_bits_diff,0,0
FISTTP16,64,1,other_value_diff,494155,20
FISTTP16,64,2,value_diff,494155,20
FISTTP16,64,2,exception_flags_diff,8672,20
FISTTP16,64,2,nan_result,0,0
FISTTP16,64,2,outside_target_exponent,0,0
FISTTP16,64,2,target_subnormal_result,0,0
FISTTP16,64,2,fprem_C2_partial,0,0
FISTTP16,64,2,unsupported_candidate,0,0
FISTTP16,64,2,input_signaling_NaN,357,20
FISTTP16,64,2,nan_sign_diff,0,0
FISTTP16,64,2,nan_quiet_bit_diff,0,0
FISTTP16,64,2,nan_payload_diff,0,0
FISTTP16,64,2,B_expansion_changed_encoding,0,0
FISTTP16,64,2,rflags_difference,0,0
FISTTP16,64,2,loadstore80_changed,0,0
FISTTP16,64,2,quotient_zero_condition_flags_diff,0,0
FISTTP16,64,2,native_memory_bits_diff,0,0
FISTTP16,64,2,other_value_diff,494155,20
FISTTP16,64,3,value_diff,494155,20
FISTTP16,64,3,exception_flags_diff,8672,20
FISTTP16,64,3,nan_result,0,0
FISTTP16,64,3,outside_target_exponent,0,0
FISTTP16,64,3,target_subnormal_result,0,0
FISTTP16,64,3,fprem_C2_partial,0,0
FISTTP16,64,3,unsupported_candidate,0,0
FISTTP16,64,3,input_signaling_NaN,357,20
FISTTP16,64,3,nan_sign_diff,0,0
FISTTP16,64,3,nan_quiet_bit_diff,0,0
FISTTP16,64,3,nan_payload_diff,0,0
FISTTP16,64,3,B_expansion_changed_encoding,0,0
FISTTP16,64,3,rflags_difference,0,0
FISTTP16,64,3,loadstore80_changed,0,0
FISTTP16,64,3,quotient_zero_condition_flags_diff,0,0
FISTTP16,64,3,native_memory_bits_diff,0,0
FISTTP16,64,3,other_value_diff,494155,20
FISTTP32,24,0,value_diff,0,0
FISTTP32,24,0,exception_flags_diff,4259,20
FISTTP32,24,0,nan_result,0,0
FISTTP32,24,0,outside_target_exponent,0,0
FISTTP32,24,0,target_subnormal_result,0,0
FISTTP32,24,0,fprem_C2_partial,0,0
FISTTP32,24,0,unsupported_candidate,0,0
FISTTP32,24,0,input_signaling_NaN,1949,20
FISTTP32,24,0,nan_sign_diff,0,0
FISTTP32,24,0,nan_quiet_bit_diff,0,0
FISTTP32,24,0,nan_payload_diff,0,0
FISTTP32,24,0,B_expansion_changed_encoding,0,0
FISTTP32,24,0,rflags_difference,0,0
FISTTP32,24,0,loadstore80_changed,0,0
FISTTP32,24,0,quotient_zero_condition_flags_diff,0,0
FISTTP32,24,0,native_memory_bits_diff,0,0
FISTTP32,24,0,other_value_diff,0,0
FISTTP32,24,1,value_diff,0,0
FISTTP32,24,1,exception_flags_diff,4259,20
FISTTP32,24,1,nan_result,0,0
FISTTP32,24,1,outside_target_exponent,0,0
FISTTP32,24,1,target_subnormal_result,0,0
FISTTP32,24,1,fprem_C2_partial,0,0
FISTTP32,24,1,unsupported_candidate,0,0
FISTTP32,24,1,input_signaling_NaN,1949,20
FISTTP32,24,1,nan_sign_diff,0,0
FISTTP32,24,1,nan_quiet_bit_diff,0,0
FISTTP32,24,1,nan_payload_diff,0,0
FISTTP32,24,1,B_expansion_changed_encoding,0,0
FISTTP32,24,1,rflags_difference,0,0
FISTTP32,24,1,loadstore80_changed,0,0
FISTTP32,24,1,quotient_zero_condition_flags_diff,0,0
FISTTP32,24,1,native_memory_bits_diff,0,0
FISTTP32,24,1,other_value_diff,0,0
FISTTP32,24,2,value_diff,0,0
FISTTP32,24,2,exception_flags_diff,4259,20
FISTTP32,24,2,nan_result,0,0
FISTTP32,24,2,outside_target_exponent,0,0
FISTTP32,24,2,target_subnormal_result,0,0
FISTTP32,24,2,fprem_C2_partial,0,0
FISTTP32,24,2,unsupported_candidate,0,0
FISTTP32,24,2,input_signaling_NaN,1949,20
FISTTP32,24,2,nan_sign_diff,0,0
FISTTP32,24,2,nan_quiet_bit_diff,0,0
FISTTP32,24,2,nan_payload_diff,0,0
FISTTP32,24,2,B_expansion_changed_encoding,0,0
FISTTP32,24,2,rflags_difference,0,0
FISTTP32,24,2,loadstore80_changed,0,0
FISTTP32,24,2,quotient_zero_condition_flags_diff,0,0
FISTTP32,24,2,native_memory_bits_diff,0,0
FISTTP32,24,2,other_value_diff,0,0
FISTTP32,24,3,value_diff,0,0
FISTTP32,24,3,exception_flags_diff,4259,20
FISTTP32,24,3,nan_result,0,0
FISTTP32,24,3,outside_target_exponent,0,0
FISTTP32,24,3,target_subnormal_result,0,0
FISTTP32,24,3,fprem_C2_partial,0,0
FISTTP32,24,3,unsupported_candidate,0,0
FISTTP32,24,3,input_signaling_NaN,1949,20
FISTTP32,24,3,nan_sign_diff,0,0
FISTTP32,24,3,nan_quiet_bit_diff,0,0
FISTTP32,24,3,nan_payload_diff,0,0
FISTTP32,24,3,B_expansion_changed_encoding,0,0
FISTTP32,24,3,rflags_difference,0,0
FISTTP32,24,3,loadstore80_changed,0,0
FISTTP32,24,3,quotient_zero_condition_flags_diff,0,0
FISTTP32,24,3,native_memory_bits_diff,0,0
FISTTP32,24,3,other_value_diff,0,0
FISTTP32,53,0,value_diff,0,0
FISTTP32,53,0,exception_flags_diff,568,20
FISTTP32,53,0,nan_result,0,0
FISTTP32,53,0,outside_target_exponent,0,0
FISTTP32,53,0,target_subnormal_result,0,0
FISTTP32,53,0,fprem_C2_partial,0,0
FISTTP32,53,0,unsupported_candidate,0,0
FISTTP32,53,0,input_signaling_NaN,314,20
FISTTP32,53,0,nan_sign_diff,0,0
FISTTP32,53,0,nan_quiet_bit_diff,0,0
FISTTP32,53,0,nan_payload_diff,0,0
FISTTP32,53,0,B_expansion_changed_encoding,0,0
FISTTP32,53,0,rflags_difference,0,0
FISTTP32,53,0,loadstore80_changed,0,0
FISTTP32,53,0,quotient_zero_condition_flags_diff,0,0
FISTTP32,53,0,native_memory_bits_diff,0,0
FISTTP32,53,0,other_value_diff,0,0
FISTTP32,53,1,value_diff,0,0
FISTTP32,53,1,exception_flags_diff,568,20
FISTTP32,53,1,nan_result,0,0
FISTTP32,53,1,outside_target_exponent,0,0
FISTTP32,53,1,target_subnormal_result,0,0
FISTTP32,53,1,fprem_C2_partial,0,0
FISTTP32,53,1,unsupported_candidate,0,0
FISTTP32,53,1,input_signaling_NaN,314,20
FISTTP32,53,1,nan_sign_diff,0,0
FISTTP32,53,1,nan_quiet_bit_diff,0,0
FISTTP32,53,1,nan_payload_diff,0,0
FISTTP32,53,1,B_expansion_changed_encoding,0,0
FISTTP32,53,1,rflags_difference,0,0
FISTTP32,53,1,loadstore80_changed,0,0
FISTTP32,53,1,quotient_zero_condition_flags_diff,0,0
FISTTP32,53,1,native_memory_bits_diff,0,0
FISTTP32,53,1,other_value_diff,0,0
FISTTP32,53,2,value_diff,0,0
FISTTP32,53,2,exception_flags_diff,568,20
FISTTP32,53,2,nan_result,0,0
FISTTP32,53,2,outside_target_exponent,0,0
FISTTP32,53,2,target_subnormal_result,0,0
FISTTP32,53,2,fprem_C2_partial,0,0
FISTTP32,53,2,unsupported_candidate,0,0
FISTTP32,53,2,input_signaling_NaN,314,20
FISTTP32,53,2,nan_sign_diff,0,0
FISTTP32,53,2,nan_quiet_bit_diff,0,0
FISTTP32,53,2,nan_payload_diff,0,0
FISTTP32,53,2,B_expansion_changed_encoding,0,0
FISTTP32,53,2,rflags_difference,0,0
FISTTP32,53,2,loadstore80_changed,0,0
FISTTP32,53,2,quotient_zero_condition_flags_diff,0,0
FISTTP32,53,2,native_memory_bits_diff,0,0
FISTTP32,53,2,other_value_diff,0,0
FISTTP32,53,3,value_diff,0,0
FISTTP32,53,3,exception_flags_diff,568,20
FISTTP32,53,3,nan_result,0,0
FISTTP32,53,3,outside_target_exponent,0,0
FISTTP32,53,3,target_subnormal_result,0,0
FISTTP32,53,3,fprem_C2_partial,0,0
FISTTP32,53,3,unsupported_candidate,0,0
FISTTP32,53,3,input_signaling_NaN,314,20
FISTTP32,53,3,nan_sign_diff,0,0
FISTTP32,53,3,nan_quiet_bit_diff,0,0
FISTTP32,53,3,nan_payload_diff,0,0
FISTTP32,53,3,B_expansion_changed_encoding,0,0
FISTTP32,53,3,rflags_difference,0,0
FISTTP32,53,3,loadstore80_changed,0,0
FISTTP32,53,3,quotient_zero_condition_flags_diff,0,0
FISTTP32,53,3,native_memory_bits_diff,0,0
FISTTP32,53,3,other_value_diff,0,0
FISTTP32,64,0,value_diff,0,0
FISTTP32,64,0,exception_flags_diff,568,20
FISTTP32,64,0,nan_result,0,0
FISTTP32,64,0,outside_target_exponent,0,0
FISTTP32,64,0,target_subnormal_result,0,0
FISTTP32,64,0,fprem_C2_partial,0,0
FISTTP32,64,0,unsupported_candidate,0,0
FISTTP32,64,0,input_signaling_NaN,314,20
FISTTP32,64,0,nan_sign_diff,0,0
FISTTP32,64,0,nan_quiet_bit_diff,0,0
FISTTP32,64,0,nan_payload_diff,0,0
FISTTP32,64,0,B_expansion_changed_encoding,0,0
FISTTP32,64,0,rflags_difference,0,0
FISTTP32,64,0,loadstore80_changed,0,0
FISTTP32,64,0,quotient_zero_condition_flags_diff,0,0
FISTTP32,64,0,native_memory_bits_diff,0,0
FISTTP32,64,0,other_value_diff,0,0
FISTTP32,64,1,value_diff,0,0
FISTTP32,64,1,exception_flags_diff,568,20
FISTTP32,64,1,nan_result,0,0
FISTTP32,64,1,outside_target_exponent,0,0
FISTTP32,64,1,target_subnormal_result,0,0
FISTTP32,64,1,fprem_C2_partial,0,0
FISTTP32,64,1,unsupported_candidate,0,0
FISTTP32,64,1,input_signaling_NaN,314,20
FISTTP32,64,1,nan_sign_diff,0,0
FISTTP32,64,1,nan_quiet_bit_diff,0,0
FISTTP32,64,1,nan_payload_diff,0,0
FISTTP32,64,1,B_expansion_changed_encoding,0,0
FISTTP32,64,1,rflags_difference,0,0
FISTTP32,64,1,loadstore80_changed,0,0
FISTTP32,64,1,quotient_zero_condition_flags_diff,0,0
FISTTP32,64,1,native_memory_bits_diff,0,0
FISTTP32,64,1,other_value_diff,0,0
FISTTP32,64,2,value_diff,0,0
FISTTP32,64,2,exception_flags_diff,568,20
FISTTP32,64,2,nan_result,0,0
FISTTP32,64,2,outside_target_exponent,0,0
FISTTP32,64,2,target_subnormal_result,0,0
FISTTP32,64,2,fprem_C2_partial,0,0
FISTTP32,64,2,unsupported_candidate,0,0
FISTTP32,64,2,input_signaling_NaN,314,20
FISTTP32,64,2,nan_sign_diff,0,0
FISTTP32,64,2,nan_quiet_bit_diff,0,0
FISTTP32,64,2,nan_payload_diff,0,0
FISTTP32,64,2,B_expansion_changed_encoding,0,0
FISTTP32,64,2,rflags_difference,0,0
FISTTP32,64,2,loadstore80_changed,0,0
FISTTP32,64,2,quotient_zero_condition_flags_diff,0,0
FISTTP32,64,2,native_memory_bits_diff,0,0
FISTTP32,64,2,other_value_diff,0,0
FISTTP32,64,3,value_diff,0,0
FISTTP32,64,3,exception_flags_diff,568,20
FISTTP32,64,3,nan_result,0,0
FISTTP32,64,3,outside_target_exponent,0,0
FISTTP32,64,3,target_subnormal_result,0,0
FISTTP32,64,3,fprem_C2_partial,0,0
FISTTP32,64,3,unsupported_candidate,0,0
FISTTP32,64,3,input_signaling_NaN,314,20
FISTTP32,64,3,nan_sign_diff,0,0
FISTTP32,64,3,nan_quiet_bit_diff,0,0
FISTTP32,64,3,nan_payload_diff,0,0
FISTTP32,64,3,B_expansion_changed_encoding,0,0
FISTTP32,64,3,rflags_difference,0,0
FISTTP32,64,3,loadstore80_changed,0,0
FISTTP32,64,3,quotient_zero_condition_flags_diff,0,0
FISTTP32,64,3,native_memory_bits_diff,0,0
FISTTP32,64,3,other_value_diff,0,0
FISTTP64,24,0,value_diff,0,0
FISTTP64,24,0,exception_flags_diff,4206,20
FISTTP64,24,0,nan_result,0,0
FISTTP64,24,0,outside_target_exponent,0,0
FISTTP64,24,0,target_subnormal_result,0,0
FISTTP64,24,0,fprem_C2_partial,0,0
FISTTP64,24,0,unsupported_candidate,0,0
FISTTP64,24,0,input_signaling_NaN,2060,20
FISTTP64,24,0,nan_sign_diff,0,0
FISTTP64,24,0,nan_quiet_bit_diff,0,0
FISTTP64,24,0,nan_payload_diff,0,0
FISTTP64,24,0,B_expansion_changed_encoding,0,0
FISTTP64,24,0,rflags_difference,0,0
FISTTP64,24,0,loadstore80_changed,0,0
FISTTP64,24,0,quotient_zero_condition_flags_diff,0,0
FISTTP64,24,0,native_memory_bits_diff,0,0
FISTTP64,24,0,other_value_diff,0,0
FISTTP64,24,1,value_diff,0,0
FISTTP64,24,1,exception_flags_diff,4206,20
FISTTP64,24,1,nan_result,0,0
FISTTP64,24,1,outside_target_exponent,0,0
FISTTP64,24,1,target_subnormal_result,0,0
FISTTP64,24,1,fprem_C2_partial,0,0
FISTTP64,24,1,unsupported_candidate,0,0
FISTTP64,24,1,input_signaling_NaN,2060,20
FISTTP64,24,1,nan_sign_diff,0,0
FISTTP64,24,1,nan_quiet_bit_diff,0,0
FISTTP64,24,1,nan_payload_diff,0,0
FISTTP64,24,1,B_expansion_changed_encoding,0,0
FISTTP64,24,1,rflags_difference,0,0
FISTTP64,24,1,loadstore80_changed,0,0
FISTTP64,24,1,quotient_zero_condition_flags_diff,0,0
FISTTP64,24,1,native_memory_bits_diff,0,0
FISTTP64,24,1,other_value_diff,0,0
FISTTP64,24,2,value_diff,0,0
FISTTP64,24,2,exception_flags_diff,4206,20
FISTTP64,24,2,nan_result,0,0
FISTTP64,24,2,outside_target_exponent,0,0
FISTTP64,24,2,target_subnormal_result,0,0
FISTTP64,24,2,fprem_C2_partial,0,0
FISTTP64,24,2,unsupported_candidate,0,0
FISTTP64,24,2,input_signaling_NaN,2060,20
FISTTP64,24,2,nan_sign_diff,0,0
FISTTP64,24,2,nan_quiet_bit_diff,0,0
FISTTP64,24,2,nan_payload_diff,0,0
FISTTP64,24,2,B_expansion_changed_encoding,0,0
FISTTP64,24,2,rflags_difference,0,0
FISTTP64,24,2,loadstore80_changed,0,0
FISTTP64,24,2,quotient_zero_condition_flags_diff,0,0
FISTTP64,24,2,native_memory_bits_diff,0,0
FISTTP64,24,2,other_value_diff,0,0
FISTTP64,24,3,value_diff,0,0
FISTTP64,24,3,exception_flags_diff,4206,20
FISTTP64,24,3,nan_result,0,0
FISTTP64,24,3,outside_target_exponent,0,0
FISTTP64,24,3,target_subnormal_result,0,0
FISTTP64,24,3,fprem_C2_partial,0,0
FISTTP64,24,3,unsupported_candidate,0,0
FISTTP64,24,3,input_signaling_NaN,2060,20
FISTTP64,24,3,nan_sign_diff,0,0
FISTTP64,24,3,nan_quiet_bit_diff,0,0
FISTTP64,24,3,nan_payload_diff,0,0
FISTTP64,24,3,B_expansion_changed_encoding,0,0
FISTTP64,24,3,rflags_difference,0,0
FISTTP64,24,3,loadstore80_changed,0,0
FISTTP64,24,3,quotient_zero_condition_flags_diff,0,0
FISTTP64,24,3,native_memory_bits_diff,0,0
FISTTP64,24,3,other_value_diff,0,0
FISTTP64,53,0,value_diff,0,0
FISTTP64,53,0,exception_flags_diff,619,20
FISTTP64,53,0,nan_result,0,0
FISTTP64,53,0,outside_target_exponent,0,0
FISTTP64,53,0,target_subnormal_result,0,0
FISTTP64,53,0,fprem_C2_partial,0,0
FISTTP64,53,0,unsupported_candidate,0,0
FISTTP64,53,0,input_signaling_NaN,325,20
FISTTP64,53,0,nan_sign_diff,0,0
FISTTP64,53,0,nan_quiet_bit_diff,0,0
FISTTP64,53,0,nan_payload_diff,0,0
FISTTP64,53,0,B_expansion_changed_encoding,0,0
FISTTP64,53,0,rflags_difference,0,0
FISTTP64,53,0,loadstore80_changed,0,0
FISTTP64,53,0,quotient_zero_condition_flags_diff,0,0
FISTTP64,53,0,native_memory_bits_diff,0,0
FISTTP64,53,0,other_value_diff,0,0
FISTTP64,53,1,value_diff,0,0
FISTTP64,53,1,exception_flags_diff,619,20
FISTTP64,53,1,nan_result,0,0
FISTTP64,53,1,outside_target_exponent,0,0
FISTTP64,53,1,target_subnormal_result,0,0
FISTTP64,53,1,fprem_C2_partial,0,0
FISTTP64,53,1,unsupported_candidate,0,0
FISTTP64,53,1,input_signaling_NaN,325,20
FISTTP64,53,1,nan_sign_diff,0,0
FISTTP64,53,1,nan_quiet_bit_diff,0,0
FISTTP64,53,1,nan_payload_diff,0,0
FISTTP64,53,1,B_expansion_changed_encoding,0,0
FISTTP64,53,1,rflags_difference,0,0
FISTTP64,53,1,loadstore80_changed,0,0
FISTTP64,53,1,quotient_zero_condition_flags_diff,0,0
FISTTP64,53,1,native_memory_bits_diff,0,0
FISTTP64,53,1,other_value_diff,0,0
FISTTP64,53,2,value_diff,0,0
FISTTP64,53,2,exception_flags_diff,619,20
FISTTP64,53,2,nan_result,0,0
FISTTP64,53,2,outside_target_exponent,0,0
FISTTP64,53,2,target_subnormal_result,0,0
FISTTP64,53,2,fprem_C2_partial,0,0
FISTTP64,53,2,unsupported_candidate,0,0
FISTTP64,53,2,input_signaling_NaN,325,20
FISTTP64,53,2,nan_sign_diff,0,0
FISTTP64,53,2,nan_quiet_bit_diff,0,0
FISTTP64,53,2,nan_payload_diff,0,0
FISTTP64,53,2,B_expansion_changed_encoding,0,0
FISTTP64,53,2,rflags_difference,0,0
FISTTP64,53,2,loadstore80_changed,0,0
FISTTP64,53,2,quotient_zero_condition_flags_diff,0,0
FISTTP64,53,2,native_memory_bits_diff,0,0
FISTTP64,53,2,other_value_diff,0,0
FISTTP64,53,3,value_diff,0,0
FISTTP64,53,3,exception_flags_diff,619,20
FISTTP64,53,3,nan_result,0,0
FISTTP64,53,3,outside_target_exponent,0,0
FISTTP64,53,3,target_subnormal_result,0,0
FISTTP64,53,3,fprem_C2_partial,0,0
FISTTP64,53,3,unsupported_candidate,0,0
FISTTP64,53,3,input_signaling_NaN,325,20
FISTTP64,53,3,nan_sign_diff,0,0
FISTTP64,53,3,nan_quiet_bit_diff,0,0
FISTTP64,53,3,nan_payload_diff,0,0
FISTTP64,53,3,B_expansion_changed_encoding,0,0
FISTTP64,53,3,rflags_difference,0,0
FISTTP64,53,3,loadstore80_changed,0,0
FISTTP64,53,3,quotient_zero_condition_flags_diff,0,0
FISTTP64,53,3,native_memory_bits_diff,0,0
FISTTP64,53,3,other_value_diff,0,0
FISTTP64,64,0,value_diff,0,0
FISTTP64,64,0,exception_flags_diff,619,20
FISTTP64,64,0,nan_result,0,0
FISTTP64,64,0,outside_target_exponent,0,0
FISTTP64,64,0,target_subnormal_result,0,0
FISTTP64,64,0,fprem_C2_partial,0,0
FISTTP64,64,0,unsupported_candidate,0,0
FISTTP64,64,0,input_signaling_NaN,325,20
FISTTP64,64,0,nan_sign_diff,0,0
FISTTP64,64,0,nan_quiet_bit_diff,0,0
FISTTP64,64,0,nan_payload_diff,0,0
FISTTP64,64,0,B_expansion_changed_encoding,0,0
FISTTP64,64,0,rflags_difference,0,0
FISTTP64,64,0,loadstore80_changed,0,0
FISTTP64,64,0,quotient_zero_condition_flags_diff,0,0
FISTTP64,64,0,native_memory_bits_diff,0,0
FISTTP64,64,0,other_value_diff,0,0
FISTTP64,64,1,value_diff,0,0
FISTTP64,64,1,exception_flags_diff,619,20
FISTTP64,64,1,nan_result,0,0
FISTTP64,64,1,outside_target_exponent,0,0
FISTTP64,64,1,target_subnormal_result,0,0
FISTTP64,64,1,fprem_C2_partial,0,0
FISTTP64,64,1,unsupported_candidate,0,0
FISTTP64,64,1,input_signaling_NaN,325,20
FISTTP64,64,1,nan_sign_diff,0,0
FISTTP64,64,1,nan_quiet_bit_diff,0,0
FISTTP64,64,1,nan_payload_diff,0,0
FISTTP64,64,1,B_expansion_changed_encoding,0,0
FISTTP64,64,1,rflags_difference,0,0
FISTTP64,64,1,loadstore80_changed,0,0
FISTTP64,64,1,quotient_zero_condition_flags_diff,0,0
FISTTP64,64,1,native_memory_bits_diff,0,0
FISTTP64,64,1,other_value_diff,0,0
FISTTP64,64,2,value_diff,0,0
FISTTP64,64,2,exception_flags_diff,619,20
FISTTP64,64,2,nan_result,0,0
FISTTP64,64,2,outside_target_exponent,0,0
FISTTP64,64,2,target_subnormal_result,0,0
FISTTP64,64,2,fprem_C2_partial,0,0
FISTTP64,64,2,unsupported_candidate,0,0
FISTTP64,64,2,input_signaling_NaN,325,20
FISTTP64,64,2,nan_sign_diff,0,0
FISTTP64,64,2,nan_quiet_bit_diff,0,0
FISTTP64,64,2,nan_payload_diff,0,0
FISTTP64,64,2,B_expansion_changed_encoding,0,0
FISTTP64,64,2,rflags_difference,0,0
FISTTP64,64,2,loadstore80_changed,0,0
FISTTP64,64,2,quotient_zero_condition_flags_diff,0,0
FISTTP64,64,2,native_memory_bits_diff,0,0
FISTTP64,64,2,other_value_diff,0,0
FISTTP64,64,3,value_diff,0,0
FISTTP64,64,3,exception_flags_diff,619,20
FISTTP64,64,3,nan_result,0,0
FISTTP64,64,3,outside_target_exponent,0,0
FISTTP64,64,3,target_subnormal_result,0,0
FISTTP64,64,3,fprem_C2_partial,0,0
FISTTP64,64,3,unsupported_candidate,0,0
FISTTP64,64,3,input_signaling_NaN,325,20
FISTTP64,64,3,nan_sign_diff,0,0
FISTTP64,64,3,nan_quiet_bit_diff,0,0
FISTTP64,64,3,nan_payload_diff,0,0
FISTTP64,64,3,B_expansion_changed_encoding,0,0
FISTTP64,64,3,rflags_difference,0,0
FISTTP64,64,3,loadstore80_changed,0,0
FISTTP64,64,3,quotient_zero_condition_flags_diff,0,0
FISTTP64,64,3,native_memory_bits_diff,0,0
FISTTP64,64,3,other_value_diff,0,0
FLD32,24,0,value_diff,0,0
FLD32,24,0,exception_flags_diff,6133,20
FLD32,24,0,nan_result,4026,20
FLD32,24,0,outside_target_exponent,4157,20
FLD32,24,0,target_subnormal_result,4157,20
FLD32,24,0,fprem_C2_partial,0,0
FLD32,24,0,unsupported_candidate,0,0
FLD32,24,0,input_signaling_NaN,1976,20
FLD32,24,0,nan_sign_diff,0,0
FLD32,24,0,nan_quiet_bit_diff,0,0
FLD32,24,0,nan_payload_diff,0,0
FLD32,24,0,B_expansion_changed_encoding,1976,20
FLD32,24,0,rflags_difference,0,0
FLD32,24,0,loadstore80_changed,0,0
FLD32,24,0,quotient_zero_condition_flags_diff,0,0
FLD32,24,0,native_memory_bits_diff,0,0
FLD32,24,0,other_value_diff,0,0
FLD32,24,1,value_diff,0,0
FLD32,24,1,exception_flags_diff,6133,20
FLD32,24,1,nan_result,4026,20
FLD32,24,1,outside_target_exponent,4157,20
FLD32,24,1,target_subnormal_result,4157,20
FLD32,24,1,fprem_C2_partial,0,0
FLD32,24,1,unsupported_candidate,0,0
FLD32,24,1,input_signaling_NaN,1976,20
FLD32,24,1,nan_sign_diff,0,0
FLD32,24,1,nan_quiet_bit_diff,0,0
FLD32,24,1,nan_payload_diff,0,0
FLD32,24,1,B_expansion_changed_encoding,1976,20
FLD32,24,1,rflags_difference,0,0
FLD32,24,1,loadstore80_changed,0,0
FLD32,24,1,quotient_zero_condition_flags_diff,0,0
FLD32,24,1,native_memory_bits_diff,0,0
FLD32,24,1,other_value_diff,0,0
FLD32,24,2,value_diff,0,0
FLD32,24,2,exception_flags_diff,6133,20
FLD32,24,2,nan_result,4026,20
FLD32,24,2,outside_target_exponent,4157,20
FLD32,24,2,target_subnormal_result,4157,20
FLD32,24,2,fprem_C2_partial,0,0
FLD32,24,2,unsupported_candidate,0,0
FLD32,24,2,input_signaling_NaN,1976,20
FLD32,24,2,nan_sign_diff,0,0
FLD32,24,2,nan_quiet_bit_diff,0,0
FLD32,24,2,nan_payload_diff,0,0
FLD32,24,2,B_expansion_changed_encoding,1976,20
FLD32,24,2,rflags_difference,0,0
FLD32,24,2,loadstore80_changed,0,0
FLD32,24,2,quotient_zero_condition_flags_diff,0,0
FLD32,24,2,native_memory_bits_diff,0,0
FLD32,24,2,other_value_diff,0,0
FLD32,24,3,value_diff,0,0
FLD32,24,3,exception_flags_diff,6133,20
FLD32,24,3,nan_result,4026,20
FLD32,24,3,outside_target_exponent,4157,20
FLD32,24,3,target_subnormal_result,4157,20
FLD32,24,3,fprem_C2_partial,0,0
FLD32,24,3,unsupported_candidate,0,0
FLD32,24,3,input_signaling_NaN,1976,20
FLD32,24,3,nan_sign_diff,0,0
FLD32,24,3,nan_quiet_bit_diff,0,0
FLD32,24,3,nan_payload_diff,0,0
FLD32,24,3,B_expansion_changed_encoding,1976,20
FLD32,24,3,rflags_difference,0,0
FLD32,24,3,loadstore80_changed,0,0
FLD32,24,3,quotient_zero_condition_flags_diff,0,0
FLD32,24,3,native_memory_bits_diff,0,0
FLD32,24,3,other_value_diff,0,0
FLD32,53,0,value_diff,0,0
FLD32,53,0,exception_flags_diff,6133,20
FLD32,53,0,nan_result,4026,20
FLD32,53,0,outside_target_exponent,4157,20
FLD32,53,0,target_subnormal_result,4157,20
FLD32,53,0,fprem_C2_partial,0,0
FLD32,53,0,unsupported_candidate,0,0
FLD32,53,0,input_signaling_NaN,1976,20
FLD32,53,0,nan_sign_diff,0,0
FLD32,53,0,nan_quiet_bit_diff,0,0
FLD32,53,0,nan_payload_diff,0,0
FLD32,53,0,B_expansion_changed_encoding,1976,20
FLD32,53,0,rflags_difference,0,0
FLD32,53,0,loadstore80_changed,0,0
FLD32,53,0,quotient_zero_condition_flags_diff,0,0
FLD32,53,0,native_memory_bits_diff,0,0
FLD32,53,0,other_value_diff,0,0
FLD32,53,1,value_diff,0,0
FLD32,53,1,exception_flags_diff,6133,20
FLD32,53,1,nan_result,4026,20
FLD32,53,1,outside_target_exponent,4157,20
FLD32,53,1,target_subnormal_result,4157,20
FLD32,53,1,fprem_C2_partial,0,0
FLD32,53,1,unsupported_candidate,0,0
FLD32,53,1,input_signaling_NaN,1976,20
FLD32,53,1,nan_sign_diff,0,0
FLD32,53,1,nan_quiet_bit_diff,0,0
FLD32,53,1,nan_payload_diff,0,0
FLD32,53,1,B_expansion_changed_encoding,1976,20
FLD32,53,1,rflags_difference,0,0
FLD32,53,1,loadstore80_changed,0,0
FLD32,53,1,quotient_zero_condition_flags_diff,0,0
FLD32,53,1,native_memory_bits_diff,0,0
FLD32,53,1,other_value_diff,0,0
FLD32,53,2,value_diff,0,0
FLD32,53,2,exception_flags_diff,6133,20
FLD32,53,2,nan_result,4026,20
FLD32,53,2,outside_target_exponent,4157,20
FLD32,53,2,target_subnormal_result,4157,20
FLD32,53,2,fprem_C2_partial,0,0
FLD32,53,2,unsupported_candidate,0,0
FLD32,53,2,input_signaling_NaN,1976,20
FLD32,53,2,nan_sign_diff,0,0
FLD32,53,2,nan_quiet_bit_diff,0,0
FLD32,53,2,nan_payload_diff,0,0
FLD32,53,2,B_expansion_changed_encoding,1976,20
FLD32,53,2,rflags_difference,0,0
FLD32,53,2,loadstore80_changed,0,0
FLD32,53,2,quotient_zero_condition_flags_diff,0,0
FLD32,53,2,native_memory_bits_diff,0,0
FLD32,53,2,other_value_diff,0,0
FLD32,53,3,value_diff,0,0
FLD32,53,3,exception_flags_diff,6133,20
FLD32,53,3,nan_result,4026,20
FLD32,53,3,outside_target_exponent,4157,20
FLD32,53,3,target_subnormal_result,4157,20
FLD32,53,3,fprem_C2_partial,0,0
FLD32,53,3,unsupported_candidate,0,0
FLD32,53,3,input_signaling_NaN,1976,20
FLD32,53,3,nan_sign_diff,0,0
FLD32,53,3,nan_quiet_bit_diff,0,0
FLD32,53,3,nan_payload_diff,0,0
FLD32,53,3,B_expansion_changed_encoding,1976,20
FLD32,53,3,rflags_difference,0,0
FLD32,53,3,loadstore80_changed,0,0
FLD32,53,3,quotient_zero_condition_flags_diff,0,0
FLD32,53,3,native_memory_bits_diff,0,0
FLD32,53,3,other_value_diff,0,0
FLD32,64,0,value_diff,0,0
FLD32,64,0,exception_flags_diff,6133,20
FLD32,64,0,nan_result,4026,20
FLD32,64,0,outside_target_exponent,4157,20
FLD32,64,0,target_subnormal_result,4157,20
FLD32,64,0,fprem_C2_partial,0,0
FLD32,64,0,unsupported_candidate,0,0
FLD32,64,0,input_signaling_NaN,1976,20
FLD32,64,0,nan_sign_diff,0,0
FLD32,64,0,nan_quiet_bit_diff,0,0
FLD32,64,0,nan_payload_diff,0,0
FLD32,64,0,B_expansion_changed_encoding,1976,20
FLD32,64,0,rflags_difference,0,0
FLD32,64,0,loadstore80_changed,0,0
FLD32,64,0,quotient_zero_condition_flags_diff,0,0
FLD32,64,0,native_memory_bits_diff,0,0
FLD32,64,0,other_value_diff,0,0
FLD32,64,1,value_diff,0,0
FLD32,64,1,exception_flags_diff,6133,20
FLD32,64,1,nan_result,4026,20
FLD32,64,1,outside_target_exponent,4157,20
FLD32,64,1,target_subnormal_result,4157,20
FLD32,64,1,fprem_C2_partial,0,0
FLD32,64,1,unsupported_candidate,0,0
FLD32,64,1,input_signaling_NaN,1976,20
FLD32,64,1,nan_sign_diff,0,0
FLD32,64,1,nan_quiet_bit_diff,0,0
FLD32,64,1,nan_payload_diff,0,0
FLD32,64,1,B_expansion_changed_encoding,1976,20
FLD32,64,1,rflags_difference,0,0
FLD32,64,1,loadstore80_changed,0,0
FLD32,64,1,quotient_zero_condition_flags_diff,0,0
FLD32,64,1,native_memory_bits_diff,0,0
FLD32,64,1,other_value_diff,0,0
FLD32,64,2,value_diff,0,0
FLD32,64,2,exception_flags_diff,6133,20
FLD32,64,2,nan_result,4026,20
FLD32,64,2,outside_target_exponent,4157,20
FLD32,64,2,target_subnormal_result,4157,20
FLD32,64,2,fprem_C2_partial,0,0
FLD32,64,2,unsupported_candidate,0,0
FLD32,64,2,input_signaling_NaN,1976,20
FLD32,64,2,nan_sign_diff,0,0
FLD32,64,2,nan_quiet_bit_diff,0,0
FLD32,64,2,nan_payload_diff,0,0
FLD32,64,2,B_expansion_changed_encoding,1976,20
FLD32,64,2,rflags_difference,0,0
FLD32,64,2,loadstore80_changed,0,0
FLD32,64,2,quotient_zero_condition_flags_diff,0,0
FLD32,64,2,native_memory_bits_diff,0,0
FLD32,64,2,other_value_diff,0,0
FLD32,64,3,value_diff,0,0
FLD32,64,3,exception_flags_diff,6133,20
FLD32,64,3,nan_result,4026,20
FLD32,64,3,outside_target_exponent,4157,20
FLD32,64,3,target_subnormal_result,4157,20
FLD32,64,3,fprem_C2_partial,0,0
FLD32,64,3,unsupported_candidate,0,0
FLD32,64,3,input_signaling_NaN,1976,20
FLD32,64,3,nan_sign_diff,0,0
FLD32,64,3,nan_quiet_bit_diff,0,0
FLD32,64,3,nan_payload_diff,0,0
FLD32,64,3,B_expansion_changed_encoding,1976,20
FLD32,64,3,rflags_difference,0,0
FLD32,64,3,loadstore80_changed,0,0
FLD32,64,3,quotient_zero_condition_flags_diff,0,0
FLD32,64,3,native_memory_bits_diff,0,0
FLD32,64,3,other_value_diff,0,0
FLD64,24,0,value_diff,0,0
FLD64,24,0,exception_flags_diff,944,20
FLD64,24,0,nan_result,655,20
FLD64,24,0,outside_target_exponent,624,20
FLD64,24,0,target_subnormal_result,624,20
FLD64,24,0,fprem_C2_partial,0,0
FLD64,24,0,unsupported_candidate,0,0
FLD64,24,0,input_signaling_NaN,320,20
FLD64,24,0,nan_sign_diff,0,0
FLD64,24,0,nan_quiet_bit_diff,0,0
FLD64,24,0,nan_payload_diff,0,0
FLD64,24,0,B_expansion_changed_encoding,320,20
FLD64,24,0,rflags_difference,0,0
FLD64,24,0,loadstore80_changed,0,0
FLD64,24,0,quotient_zero_condition_flags_diff,0,0
FLD64,24,0,native_memory_bits_diff,0,0
FLD64,24,0,other_value_diff,0,0
FLD64,24,1,value_diff,0,0
FLD64,24,1,exception_flags_diff,944,20
FLD64,24,1,nan_result,655,20
FLD64,24,1,outside_target_exponent,624,20
FLD64,24,1,target_subnormal_result,624,20
FLD64,24,1,fprem_C2_partial,0,0
FLD64,24,1,unsupported_candidate,0,0
FLD64,24,1,input_signaling_NaN,320,20
FLD64,24,1,nan_sign_diff,0,0
FLD64,24,1,nan_quiet_bit_diff,0,0
FLD64,24,1,nan_payload_diff,0,0
FLD64,24,1,B_expansion_changed_encoding,320,20
FLD64,24,1,rflags_difference,0,0
FLD64,24,1,loadstore80_changed,0,0
FLD64,24,1,quotient_zero_condition_flags_diff,0,0
FLD64,24,1,native_memory_bits_diff,0,0
FLD64,24,1,other_value_diff,0,0
FLD64,24,2,value_diff,0,0
FLD64,24,2,exception_flags_diff,944,20
FLD64,24,2,nan_result,655,20
FLD64,24,2,outside_target_exponent,624,20
FLD64,24,2,target_subnormal_result,624,20
FLD64,24,2,fprem_C2_partial,0,0
FLD64,24,2,unsupported_candidate,0,0
FLD64,24,2,input_signaling_NaN,320,20
FLD64,24,2,nan_sign_diff,0,0
FLD64,24,2,nan_quiet_bit_diff,0,0
FLD64,24,2,nan_payload_diff,0,0
FLD64,24,2,B_expansion_changed_encoding,320,20
FLD64,24,2,rflags_difference,0,0
FLD64,24,2,loadstore80_changed,0,0
FLD64,24,2,quotient_zero_condition_flags_diff,0,0
FLD64,24,2,native_memory_bits_diff,0,0
FLD64,24,2,other_value_diff,0,0
FLD64,24,3,value_diff,0,0
FLD64,24,3,exception_flags_diff,944,20
FLD64,24,3,nan_result,655,20
FLD64,24,3,outside_target_exponent,624,20
FLD64,24,3,target_subnormal_result,624,20
FLD64,24,3,fprem_C2_partial,0,0
FLD64,24,3,unsupported_candidate,0,0
FLD64,24,3,input_signaling_NaN,320,20
FLD64,24,3,nan_sign_diff,0,0
FLD64,24,3,nan_quiet_bit_diff,0,0
FLD64,24,3,nan_payload_diff,0,0
FLD64,24,3,B_expansion_changed_encoding,320,20
FLD64,24,3,rflags_difference,0,0
FLD64,24,3,loadstore80_changed,0,0
FLD64,24,3,quotient_zero_condition_flags_diff,0,0
FLD64,24,3,native_memory_bits_diff,0,0
FLD64,24,3,other_value_diff,0,0
FLD64,53,0,value_diff,0,0
FLD64,53,0,exception_flags_diff,944,20
FLD64,53,0,nan_result,655,20
FLD64,53,0,outside_target_exponent,624,20
FLD64,53,0,target_subnormal_result,624,20
FLD64,53,0,fprem_C2_partial,0,0
FLD64,53,0,unsupported_candidate,0,0
FLD64,53,0,input_signaling_NaN,320,20
FLD64,53,0,nan_sign_diff,0,0
FLD64,53,0,nan_quiet_bit_diff,0,0
FLD64,53,0,nan_payload_diff,0,0
FLD64,53,0,B_expansion_changed_encoding,320,20
FLD64,53,0,rflags_difference,0,0
FLD64,53,0,loadstore80_changed,0,0
FLD64,53,0,quotient_zero_condition_flags_diff,0,0
FLD64,53,0,native_memory_bits_diff,0,0
FLD64,53,0,other_value_diff,0,0
FLD64,53,1,value_diff,0,0
FLD64,53,1,exception_flags_diff,944,20
FLD64,53,1,nan_result,655,20
FLD64,53,1,outside_target_exponent,624,20
FLD64,53,1,target_subnormal_result,624,20
FLD64,53,1,fprem_C2_partial,0,0
FLD64,53,1,unsupported_candidate,0,0
FLD64,53,1,input_signaling_NaN,320,20
FLD64,53,1,nan_sign_diff,0,0
FLD64,53,1,nan_quiet_bit_diff,0,0
FLD64,53,1,nan_payload_diff,0,0
FLD64,53,1,B_expansion_changed_encoding,320,20
FLD64,53,1,rflags_difference,0,0
FLD64,53,1,loadstore80_changed,0,0
FLD64,53,1,quotient_zero_condition_flags_diff,0,0
FLD64,53,1,native_memory_bits_diff,0,0
FLD64,53,1,other_value_diff,0,0
FLD64,53,2,value_diff,0,0
FLD64,53,2,exception_flags_diff,944,20
FLD64,53,2,nan_result,655,20
FLD64,53,2,outside_target_exponent,624,20
FLD64,53,2,target_subnormal_result,624,20
FLD64,53,2,fprem_C2_partial,0,0
FLD64,53,2,unsupported_candidate,0,0
FLD64,53,2,input_signaling_NaN,320,20
FLD64,53,2,nan_sign_diff,0,0
FLD64,53,2,nan_quiet_bit_diff,0,0
FLD64,53,2,nan_payload_diff,0,0
FLD64,53,2,B_expansion_changed_encoding,320,20
FLD64,53,2,rflags_difference,0,0
FLD64,53,2,loadstore80_changed,0,0
FLD64,53,2,quotient_zero_condition_flags_diff,0,0
FLD64,53,2,native_memory_bits_diff,0,0
FLD64,53,2,other_value_diff,0,0
FLD64,53,3,value_diff,0,0
FLD64,53,3,exception_flags_diff,944,20
FLD64,53,3,nan_result,655,20
FLD64,53,3,outside_target_exponent,624,20
FLD64,53,3,target_subnormal_result,624,20
FLD64,53,3,fprem_C2_partial,0,0
FLD64,53,3,unsupported_candidate,0,0
FLD64,53,3,input_signaling_NaN,320,20
FLD64,53,3,nan_sign_diff,0,0
FLD64,53,3,nan_quiet_bit_diff,0,0
FLD64,53,3,nan_payload_diff,0,0
FLD64,53,3,B_expansion_changed_encoding,320,20
FLD64,53,3,rflags_difference,0,0
FLD64,53,3,loadstore80_changed,0,0
FLD64,53,3,quotient_zero_condition_flags_diff,0,0
FLD64,53,3,native_memory_bits_diff,0,0
FLD64,53,3,other_value_diff,0,0
FLD64,64,0,value_diff,0,0
FLD64,64,0,exception_flags_diff,944,20
FLD64,64,0,nan_result,655,20
FLD64,64,0,outside_target_exponent,624,20
FLD64,64,0,target_subnormal_result,624,20
FLD64,64,0,fprem_C2_partial,0,0
FLD64,64,0,unsupported_candidate,0,0
FLD64,64,0,input_signaling_NaN,320,20
FLD64,64,0,nan_sign_diff,0,0
FLD64,64,0,nan_quiet_bit_diff,0,0
FLD64,64,0,nan_payload_diff,0,0
FLD64,64,0,B_expansion_changed_encoding,320,20
FLD64,64,0,rflags_difference,0,0
FLD64,64,0,loadstore80_changed,0,0
FLD64,64,0,quotient_zero_condition_flags_diff,0,0
FLD64,64,0,native_memory_bits_diff,0,0
FLD64,64,0,other_value_diff,0,0
FLD64,64,1,value_diff,0,0
FLD64,64,1,exception_flags_diff,944,20
FLD64,64,1,nan_result,655,20
FLD64,64,1,outside_target_exponent,624,20
FLD64,64,1,target_subnormal_result,624,20
FLD64,64,1,fprem_C2_partial,0,0
FLD64,64,1,unsupported_candidate,0,0
FLD64,64,1,input_signaling_NaN,320,20
FLD64,64,1,nan_sign_diff,0,0
FLD64,64,1,nan_quiet_bit_diff,0,0
FLD64,64,1,nan_payload_diff,0,0
FLD64,64,1,B_expansion_changed_encoding,320,20
FLD64,64,1,rflags_difference,0,0
FLD64,64,1,loadstore80_changed,0,0
FLD64,64,1,quotient_zero_condition_flags_diff,0,0
FLD64,64,1,native_memory_bits_diff,0,0
FLD64,64,1,other_value_diff,0,0
FLD64,64,2,value_diff,0,0
FLD64,64,2,exception_flags_diff,944,20
FLD64,64,2,nan_result,655,20
FLD64,64,2,outside_target_exponent,624,20
FLD64,64,2,target_subnormal_result,624,20
FLD64,64,2,fprem_C2_partial,0,0
FLD64,64,2,unsupported_candidate,0,0
FLD64,64,2,input_signaling_NaN,320,20
FLD64,64,2,nan_sign_diff,0,0
FLD64,64,2,nan_quiet_bit_diff,0,0
FLD64,64,2,nan_payload_diff,0,0
FLD64,64,2,B_expansion_changed_encoding,320,20
FLD64,64,2,rflags_difference,0,0
FLD64,64,2,loadstore80_changed,0,0
FLD64,64,2,quotient_zero_condition_flags_diff,0,0
FLD64,64,2,native_memory_bits_diff,0,0
FLD64,64,2,other_value_diff,0,0
FLD64,64,3,value_diff,0,0
FLD64,64,3,exception_flags_diff,944,20
FLD64,64,3,nan_result,655,20
FLD64,64,3,outside_target_exponent,624,20
FLD64,64,3,target_subnormal_result,624,20
FLD64,64,3,fprem_C2_partial,0,0
FLD64,64,3,unsupported_candidate,0,0
FLD64,64,3,input_signaling_NaN,320,20
FLD64,64,3,nan_sign_diff,0,0
FLD64,64,3,nan_quiet_bit_diff,0,0
FLD64,64,3,nan_payload_diff,0,0
FLD64,64,3,B_expansion_changed_encoding,320,20
FLD64,64,3,rflags_difference,0,0
FLD64,64,3,loadstore80_changed,0,0
FLD64,64,3,quotient_zero_condition_flags_diff,0,0
FLD64,64,3,native_memory_bits_diff,0,0
FLD64,64,3,other_value_diff,0,0
FLD80,24,0,value_diff,0,0
FLD80,24,0,exception_flags_diff,0,0
FLD80,24,0,nan_result,277,20
FLD80,24,0,outside_target_exponent,992604,20
FLD80,24,0,target_subnormal_result,720,20
FLD80,24,0,fprem_C2_partial,0,0
FLD80,24,0,unsupported_candidate,1001937,20
FLD80,24,0,input_signaling_NaN,137,20
FLD80,24,0,nan_sign_diff,0,0
FLD80,24,0,nan_quiet_bit_diff,0,0
FLD80,24,0,nan_payload_diff,0,0
FLD80,24,0,B_expansion_changed_encoding,0,0
FLD80,24,0,rflags_difference,0,0
FLD80,24,0,loadstore80_changed,0,0
FLD80,24,0,quotient_zero_condition_flags_diff,0,0
FLD80,24,0,native_memory_bits_diff,0,0
FLD80,24,0,other_value_diff,0,0
FLD80,24,1,value_diff,0,0
FLD80,24,1,exception_flags_diff,0,0
FLD80,24,1,nan_result,277,20
FLD80,24,1,outside_target_exponent,992604,20
FLD80,24,1,target_subnormal_result,720,20
FLD80,24,1,fprem_C2_partial,0,0
FLD80,24,1,unsupported_candidate,1001937,20
FLD80,24,1,input_signaling_NaN,137,20
FLD80,24,1,nan_sign_diff,0,0
FLD80,24,1,nan_quiet_bit_diff,0,0
FLD80,24,1,nan_payload_diff,0,0
FLD80,24,1,B_expansion_changed_encoding,0,0
FLD80,24,1,rflags_difference,0,0
FLD80,24,1,loadstore80_changed,0,0
FLD80,24,1,quotient_zero_condition_flags_diff,0,0
FLD80,24,1,native_memory_bits_diff,0,0
FLD80,24,1,other_value_diff,0,0
FLD80,24,2,value_diff,0,0
FLD80,24,2,exception_flags_diff,0,0
FLD80,24,2,nan_result,277,20
FLD80,24,2,outside_target_exponent,992604,20
FLD80,24,2,target_subnormal_result,720,20
FLD80,24,2,fprem_C2_partial,0,0
FLD80,24,2,unsupported_candidate,1001937,20
FLD80,24,2,input_signaling_NaN,137,20
FLD80,24,2,nan_sign_diff,0,0
FLD80,24,2,nan_quiet_bit_diff,0,0
FLD80,24,2,nan_payload_diff,0,0
FLD80,24,2,B_expansion_changed_encoding,0,0
FLD80,24,2,rflags_difference,0,0
FLD80,24,2,loadstore80_changed,0,0
FLD80,24,2,quotient_zero_condition_flags_diff,0,0
FLD80,24,2,native_memory_bits_diff,0,0
FLD80,24,2,other_value_diff,0,0
FLD80,24,3,value_diff,0,0
FLD80,24,3,exception_flags_diff,0,0
FLD80,24,3,nan_result,277,20
FLD80,24,3,outside_target_exponent,992604,20
FLD80,24,3,target_subnormal_result,720,20
FLD80,24,3,fprem_C2_partial,0,0
FLD80,24,3,unsupported_candidate,1001937,20
FLD80,24,3,input_signaling_NaN,137,20
FLD80,24,3,nan_sign_diff,0,0
FLD80,24,3,nan_quiet_bit_diff,0,0
FLD80,24,3,nan_payload_diff,0,0
FLD80,24,3,B_expansion_changed_encoding,0,0
FLD80,24,3,rflags_difference,0,0
FLD80,24,3,loadstore80_changed,0,0
FLD80,24,3,quotient_zero_condition_flags_diff,0,0
FLD80,24,3,native_memory_bits_diff,0,0
FLD80,24,3,other_value_diff,0,0
FLD80,53,0,value_diff,0,0
FLD80,53,0,exception_flags_diff,0,0
FLD80,53,0,nan_result,277,20
FLD80,53,0,outside_target_exponent,937542,20
FLD80,53,0,target_subnormal_result,1686,20
FLD80,53,0,fprem_C2_partial,0,0
FLD80,53,0,unsupported_candidate,1001937,20
FLD80,53,0,input_signaling_NaN,137,20
FLD80,53,0,nan_sign_diff,0,0
FLD80,53,0,nan_quiet_bit_diff,0,0
FLD80,53,0,nan_payload_diff,0,0
FLD80,53,0,B_expansion_changed_encoding,0,0
FLD80,53,0,rflags_difference,0,0
FLD80,53,0,loadstore80_changed,0,0
FLD80,53,0,quotient_zero_condition_flags_diff,0,0
FLD80,53,0,native_memory_bits_diff,0,0
FLD80,53,0,other_value_diff,0,0
FLD80,53,1,value_diff,0,0
FLD80,53,1,exception_flags_diff,0,0
FLD80,53,1,nan_result,277,20
FLD80,53,1,outside_target_exponent,937542,20
FLD80,53,1,target_subnormal_result,1686,20
FLD80,53,1,fprem_C2_partial,0,0
FLD80,53,1,unsupported_candidate,1001937,20
FLD80,53,1,input_signaling_NaN,137,20
FLD80,53,1,nan_sign_diff,0,0
FLD80,53,1,nan_quiet_bit_diff,0,0
FLD80,53,1,nan_payload_diff,0,0
FLD80,53,1,B_expansion_changed_encoding,0,0
FLD80,53,1,rflags_difference,0,0
FLD80,53,1,loadstore80_changed,0,0
FLD80,53,1,quotient_zero_condition_flags_diff,0,0
FLD80,53,1,native_memory_bits_diff,0,0
FLD80,53,1,other_value_diff,0,0
FLD80,53,2,value_diff,0,0
FLD80,53,2,exception_flags_diff,0,0
FLD80,53,2,nan_result,277,20
FLD80,53,2,outside_target_exponent,937542,20
FLD80,53,2,target_subnormal_result,1686,20
FLD80,53,2,fprem_C2_partial,0,0
FLD80,53,2,unsupported_candidate,1001937,20
FLD80,53,2,input_signaling_NaN,137,20
FLD80,53,2,nan_sign_diff,0,0
FLD80,53,2,nan_quiet_bit_diff,0,0
FLD80,53,2,nan_payload_diff,0,0
FLD80,53,2,B_expansion_changed_encoding,0,0
FLD80,53,2,rflags_difference,0,0
FLD80,53,2,loadstore80_changed,0,0
FLD80,53,2,quotient_zero_condition_flags_diff,0,0
FLD80,53,2,native_memory_bits_diff,0,0
FLD80,53,2,other_value_diff,0,0
FLD80,53,3,value_diff,0,0
FLD80,53,3,exception_flags_diff,0,0
FLD80,53,3,nan_result,277,20
FLD80,53,3,outside_target_exponent,937542,20
FLD80,53,3,target_subnormal_result,1686,20
FLD80,53,3,fprem_C2_partial,0,0
FLD80,53,3,unsupported_candidate,1001937,20
FLD80,53,3,input_signaling_NaN,137,20
FLD80,53,3,nan_sign_diff,0,0
FLD80,53,3,nan_quiet_bit_diff,0,0
FLD80,53,3,nan_payload_diff,0,0
FLD80,53,3,B_expansion_changed_encoding,0,0
FLD80,53,3,rflags_difference,0,0
FLD80,53,3,loadstore80_changed,0,0
FLD80,53,3,quotient_zero_condition_flags_diff,0,0
FLD80,53,3,native_memory_bits_diff,0,0
FLD80,53,3,other_value_diff,0,0
FLD80,64,0,value_diff,0,0
FLD80,64,0,exception_flags_diff,0,0
FLD80,64,0,nan_result,277,20
FLD80,64,0,outside_target_exponent,937542,20
FLD80,64,0,target_subnormal_result,1686,20
FLD80,64,0,fprem_C2_partial,0,0
FLD80,64,0,unsupported_candidate,1001937,20
FLD80,64,0,input_signaling_NaN,137,20
FLD80,64,0,nan_sign_diff,0,0
FLD80,64,0,nan_quiet_bit_diff,0,0
FLD80,64,0,nan_payload_diff,0,0
FLD80,64,0,B_expansion_changed_encoding,0,0
FLD80,64,0,rflags_difference,0,0
FLD80,64,0,loadstore80_changed,0,0
FLD80,64,0,quotient_zero_condition_flags_diff,0,0
FLD80,64,0,native_memory_bits_diff,0,0
FLD80,64,0,other_value_diff,0,0
FLD80,64,1,value_diff,0,0
FLD80,64,1,exception_flags_diff,0,0
FLD80,64,1,nan_result,277,20
FLD80,64,1,outside_target_exponent,937542,20
FLD80,64,1,target_subnormal_result,1686,20
FLD80,64,1,fprem_C2_partial,0,0
FLD80,64,1,unsupported_candidate,1001937,20
FLD80,64,1,input_signaling_NaN,137,20
FLD80,64,1,nan_sign_diff,0,0
FLD80,64,1,nan_quiet_bit_diff,0,0
FLD80,64,1,nan_payload_diff,0,0
FLD80,64,1,B_expansion_changed_encoding,0,0
FLD80,64,1,rflags_difference,0,0
FLD80,64,1,loadstore80_changed,0,0
FLD80,64,1,quotient_zero_condition_flags_diff,0,0
FLD80,64,1,native_memory_bits_diff,0,0
FLD80,64,1,other_value_diff,0,0
FLD80,64,2,value_diff,0,0
FLD80,64,2,exception_flags_diff,0,0
FLD80,64,2,nan_result,277,20
FLD80,64,2,outside_target_exponent,937542,20
FLD80,64,2,target_subnormal_result,1686,20
FLD80,64,2,fprem_C2_partial,0,0
FLD80,64,2,unsupported_candidate,1001937,20
FLD80,64,2,input_signaling_NaN,137,20
FLD80,64,2,nan_sign_diff,0,0
FLD80,64,2,nan_quiet_bit_diff,0,0
FLD80,64,2,nan_payload_diff,0,0
FLD80,64,2,B_expansion_changed_encoding,0,0
FLD80,64,2,rflags_difference,0,0
FLD80,64,2,loadstore80_changed,0,0
FLD80,64,2,quotient_zero_condition_flags_diff,0,0
FLD80,64,2,native_memory_bits_diff,0,0
FLD80,64,2,other_value_diff,0,0
FLD80,64,3,value_diff,0,0
FLD80,64,3,exception_flags_diff,0,0
FLD80,64,3,nan_result,277,20
FLD80,64,3,outside_target_exponent,937542,20
FLD80,64,3,target_subnormal_result,1686,20
FLD80,64,3,fprem_C2_partial,0,0
FLD80,64,3,unsupported_candidate,1001937,20
FLD80,64,3,input_signaling_NaN,137,20
FLD80,64,3,nan_sign_diff,0,0
FLD80,64,3,nan_quiet_bit_diff,0,0
FLD80,64,3,nan_payload_diff,0,0
FLD80,64,3,B_expansion_changed_encoding,0,0
FLD80,64,3,rflags_difference,0,0
FLD80,64,3,loadstore80_changed,0,0
FLD80,64,3,quotient_zero_condition_flags_diff,0,0
FLD80,64,3,native_memory_bits_diff,0,0
FLD80,64,3,other_value_diff,0,0
FST32,24,0,value_diff,0,0
FST32,24,0,exception_flags_diff,0,0
FST32,24,0,nan_result,646,20
FST32,24,0,outside_target_exponent,11835,20
FST32,24,0,target_subnormal_result,11835,20
FST32,24,0,fprem_C2_partial,0,0
FST32,24,0,unsupported_candidate,0,0
FST32,24,0,input_signaling_NaN,324,20
FST32,24,0,nan_sign_diff,0,0
FST32,24,0,nan_quiet_bit_diff,0,0
FST32,24,0,nan_payload_diff,0,0
FST32,24,0,B_expansion_changed_encoding,0,0
FST32,24,0,rflags_difference,0,0
FST32,24,0,loadstore80_changed,0,0
FST32,24,0,quotient_zero_condition_flags_diff,0,0
FST32,24,0,native_memory_bits_diff,0,0
FST32,24,0,other_value_diff,0,0
FST32,24,1,value_diff,0,0
FST32,24,1,exception_flags_diff,0,0
FST32,24,1,nan_result,646,20
FST32,24,1,outside_target_exponent,224725,20
FST32,24,1,target_subnormal_result,224725,20
FST32,24,1,fprem_C2_partial,0,0
FST32,24,1,unsupported_candidate,0,0
FST32,24,1,input_signaling_NaN,324,20
FST32,24,1,nan_sign_diff,0,0
FST32,24,1,nan_quiet_bit_diff,0,0
FST32,24,1,nan_payload_diff,0,0
FST32,24,1,B_expansion_changed_encoding,0,0
FST32,24,1,rflags_difference,0,0
FST32,24,1,loadstore80_changed,0,0
FST32,24,1,quotient_zero_condition_flags_diff,0,0
FST32,24,1,native_memory_bits_diff,0,0
FST32,24,1,other_value_diff,0,0
FST32,24,2,value_diff,0,0
FST32,24,2,exception_flags_diff,0,0
FST32,24,2,nan_result,646,20
FST32,24,2,outside_target_exponent,225440,20
FST32,24,2,target_subnormal_result,225440,20
FST32,24,2,fprem_C2_partial,0,0
FST32,24,2,unsupported_candidate,0,0
FST32,24,2,input_signaling_NaN,324,20
FST32,24,2,nan_sign_diff,0,0
FST32,24,2,nan_quiet_bit_diff,0,0
FST32,24,2,nan_payload_diff,0,0
FST32,24,2,B_expansion_changed_encoding,0,0
FST32,24,2,rflags_difference,0,0
FST32,24,2,loadstore80_changed,0,0
FST32,24,2,quotient_zero_condition_flags_diff,0,0
FST32,24,2,native_memory_bits_diff,0,0
FST32,24,2,other_value_diff,0,0
FST32,24,3,value_diff,0,0
FST32,24,3,exception_flags_diff,0,0
FST32,24,3,nan_result,646,20
FST32,24,3,outside_target_exponent,11347,20
FST32,24,3,target_subnormal_result,11347,20
FST32,24,3,fprem_C2_partial,0,0
FST32,24,3,unsupported_candidate,0,0
FST32,24,3,input_signaling_NaN,324,20
FST32,24,3,nan_sign_diff,0,0
FST32,24,3,nan_quiet_bit_diff,0,0
FST32,24,3,nan_payload_diff,0,0
FST32,24,3,B_expansion_changed_encoding,0,0
FST32,24,3,rflags_difference,0,0
FST32,24,3,loadstore80_changed,0,0
FST32,24,3,quotient_zero_condition_flags_diff,0,0
FST32,24,3,native_memory_bits_diff,0,0
FST32,24,3,other_value_diff,0,0
FST32,53,0,value_diff,0,0
FST32,53,0,exception_flags_diff,0,0
FST32,53,0,nan_result,646,20
FST32,53,0,outside_target_exponent,11835,20
FST32,53,0,target_subnormal_result,11835,20
FST32,53,0,fprem_C2_partial,0,0
FST32,53,0,unsupported_candidate,0,0
FST32,53,0,input_signaling_NaN,324,20
FST32,53,0,nan_sign_diff,0,0
FST32,53,0,nan_quiet_bit_diff,0,0
FST32,53,0,nan_payload_diff,0,0
FST32,53,0,B_expansion_changed_encoding,0,0
FST32,53,0,rflags_difference,0,0
FST32,53,0,loadstore80_changed,0,0
FST32,53,0,quotient_zero_condition_flags_diff,0,0
FST32,53,0,native_memory_bits_diff,0,0
FST32,53,0,other_value_diff,0,0
FST32,53,1,value_diff,0,0
FST32,53,1,exception_flags_diff,0,0
FST32,53,1,nan_result,646,20
FST32,53,1,outside_target_exponent,224725,20
FST32,53,1,target_subnormal_result,224725,20
FST32,53,1,fprem_C2_partial,0,0
FST32,53,1,unsupported_candidate,0,0
FST32,53,1,input_signaling_NaN,324,20
FST32,53,1,nan_sign_diff,0,0
FST32,53,1,nan_quiet_bit_diff,0,0
FST32,53,1,nan_payload_diff,0,0
FST32,53,1,B_expansion_changed_encoding,0,0
FST32,53,1,rflags_difference,0,0
FST32,53,1,loadstore80_changed,0,0
FST32,53,1,quotient_zero_condition_flags_diff,0,0
FST32,53,1,native_memory_bits_diff,0,0
FST32,53,1,other_value_diff,0,0
FST32,53,2,value_diff,0,0
FST32,53,2,exception_flags_diff,0,0
FST32,53,2,nan_result,646,20
FST32,53,2,outside_target_exponent,225440,20
FST32,53,2,target_subnormal_result,225440,20
FST32,53,2,fprem_C2_partial,0,0
FST32,53,2,unsupported_candidate,0,0
FST32,53,2,input_signaling_NaN,324,20
FST32,53,2,nan_sign_diff,0,0
FST32,53,2,nan_quiet_bit_diff,0,0
FST32,53,2,nan_payload_diff,0,0
FST32,53,2,B_expansion_changed_encoding,0,0
FST32,53,2,rflags_difference,0,0
FST32,53,2,loadstore80_changed,0,0
FST32,53,2,quotient_zero_condition_flags_diff,0,0
FST32,53,2,native_memory_bits_diff,0,0
FST32,53,2,other_value_diff,0,0
FST32,53,3,value_diff,0,0
FST32,53,3,exception_flags_diff,0,0
FST32,53,3,nan_result,646,20
FST32,53,3,outside_target_exponent,11347,20
FST32,53,3,target_subnormal_result,11347,20
FST32,53,3,fprem_C2_partial,0,0
FST32,53,3,unsupported_candidate,0,0
FST32,53,3,input_signaling_NaN,324,20
FST32,53,3,nan_sign_diff,0,0
FST32,53,3,nan_quiet_bit_diff,0,0
FST32,53,3,nan_payload_diff,0,0
FST32,53,3,B_expansion_changed_encoding,0,0
FST32,53,3,rflags_difference,0,0
FST32,53,3,loadstore80_changed,0,0
FST32,53,3,quotient_zero_condition_flags_diff,0,0
FST32,53,3,native_memory_bits_diff,0,0
FST32,53,3,other_value_diff,0,0
FST32,64,0,value_diff,0,0
FST32,64,0,exception_flags_diff,0,0
FST32,64,0,nan_result,646,20
FST32,64,0,outside_target_exponent,11835,20
FST32,64,0,target_subnormal_result,11835,20
FST32,64,0,fprem_C2_partial,0,0
FST32,64,0,unsupported_candidate,0,0
FST32,64,0,input_signaling_NaN,324,20
FST32,64,0,nan_sign_diff,0,0
FST32,64,0,nan_quiet_bit_diff,0,0
FST32,64,0,nan_payload_diff,0,0
FST32,64,0,B_expansion_changed_encoding,0,0
FST32,64,0,rflags_difference,0,0
FST32,64,0,loadstore80_changed,0,0
FST32,64,0,quotient_zero_condition_flags_diff,0,0
FST32,64,0,native_memory_bits_diff,0,0
FST32,64,0,other_value_diff,0,0
FST32,64,1,value_diff,0,0
FST32,64,1,exception_flags_diff,0,0
FST32,64,1,nan_result,646,20
FST32,64,1,outside_target_exponent,224725,20
FST32,64,1,target_subnormal_result,224725,20
FST32,64,1,fprem_C2_partial,0,0
FST32,64,1,unsupported_candidate,0,0
FST32,64,1,input_signaling_NaN,324,20
FST32,64,1,nan_sign_diff,0,0
FST32,64,1,nan_quiet_bit_diff,0,0
FST32,64,1,nan_payload_diff,0,0
FST32,64,1,B_expansion_changed_encoding,0,0
FST32,64,1,rflags_difference,0,0
FST32,64,1,loadstore80_changed,0,0
FST32,64,1,quotient_zero_condition_flags_diff,0,0
FST32,64,1,native_memory_bits_diff,0,0
FST32,64,1,other_value_diff,0,0
FST32,64,2,value_diff,0,0
FST32,64,2,exception_flags_diff,0,0
FST32,64,2,nan_result,646,20
FST32,64,2,outside_target_exponent,225440,20
FST32,64,2,target_subnormal_result,225440,20
FST32,64,2,fprem_C2_partial,0,0
FST32,64,2,unsupported_candidate,0,0
FST32,64,2,input_signaling_NaN,324,20
FST32,64,2,nan_sign_diff,0,0
FST32,64,2,nan_quiet_bit_diff,0,0
FST32,64,2,nan_payload_diff,0,0
FST32,64,2,B_expansion_changed_encoding,0,0
FST32,64,2,rflags_difference,0,0
FST32,64,2,loadstore80_changed,0,0
FST32,64,2,quotient_zero_condition_flags_diff,0,0
FST32,64,2,native_memory_bits_diff,0,0
FST32,64,2,other_value_diff,0,0
FST32,64,3,value_diff,0,0
FST32,64,3,exception_flags_diff,0,0
FST32,64,3,nan_result,646,20
FST32,64,3,outside_target_exponent,11347,20
FST32,64,3,target_subnormal_result,11347,20
FST32,64,3,fprem_C2_partial,0,0
FST32,64,3,unsupported_candidate,0,0
FST32,64,3,input_signaling_NaN,324,20
FST32,64,3,nan_sign_diff,0,0
FST32,64,3,nan_quiet_bit_diff,0,0
FST32,64,3,nan_payload_diff,0,0
FST32,64,3,B_expansion_changed_encoding,0,0
FST32,64,3,rflags_difference,0,0
FST32,64,3,loadstore80_changed,0,0
FST32,64,3,quotient_zero_condition_flags_diff,0,0
FST32,64,3,native_memory_bits_diff,0,0
FST32,64,3,other_value_diff,0,0
FST64,24,0,value_diff,329,20
FST64,24,0,exception_flags_diff,971,20
FST64,24,0,nan_result,646,20
FST64,24,0,outside_target_exponent,642,20
FST64,24,0,target_subnormal_result,642,20
FST64,24,0,fprem_C2_partial,0,0
FST64,24,0,unsupported_candidate,0,0
FST64,24,0,input_signaling_NaN,329,20
FST64,24,0,nan_sign_diff,0,0
FST64,24,0,nan_quiet_bit_diff,0,0
FST64,24,0,nan_payload_diff,0,0
FST64,24,0,B_expansion_changed_encoding,329,20
FST64,24,0,rflags_difference,0,0
FST64,24,0,loadstore80_changed,0,0
FST64,24,0,quotient_zero_condition_flags_diff,0,0
FST64,24,0,native_memory_bits_diff,329,20
FST64,24,0,other_value_diff,0,0
FST64,24,1,value_diff,329,20
FST64,24,1,exception_flags_diff,971,20
FST64,24,1,nan_result,646,20
FST64,24,1,outside_target_exponent,642,20
FST64,24,1,target_subnormal_result,642,20
FST64,24,1,fprem_C2_partial,0,0
FST64,24,1,unsupported_candidate,0,0
FST64,24,1,input_signaling_NaN,329,20
FST64,24,1,nan_sign_diff,0,0
FST64,24,1,nan_quiet_bit_diff,0,0
FST64,24,1,nan_payload_diff,0,0
FST64,24,1,B_expansion_changed_encoding,329,20
FST64,24,1,rflags_difference,0,0
FST64,24,1,loadstore80_changed,0,0
FST64,24,1,quotient_zero_condition_flags_diff,0,0
FST64,24,1,native_memory_bits_diff,329,20
FST64,24,1,other_value_diff,0,0
FST64,24,2,value_diff,329,20
FST64,24,2,exception_flags_diff,971,20
FST64,24,2,nan_result,646,20
FST64,24,2,outside_target_exponent,642,20
FST64,24,2,target_subnormal_result,642,20
FST64,24,2,fprem_C2_partial,0,0
FST64,24,2,unsupported_candidate,0,0
FST64,24,2,input_signaling_NaN,329,20
FST64,24,2,nan_sign_diff,0,0
FST64,24,2,nan_quiet_bit_diff,0,0
FST64,24,2,nan_payload_diff,0,0
FST64,24,2,B_expansion_changed_encoding,329,20
FST64,24,2,rflags_difference,0,0
FST64,24,2,loadstore80_changed,0,0
FST64,24,2,quotient_zero_condition_flags_diff,0,0
FST64,24,2,native_memory_bits_diff,329,20
FST64,24,2,other_value_diff,0,0
FST64,24,3,value_diff,329,20
FST64,24,3,exception_flags_diff,971,20
FST64,24,3,nan_result,646,20
FST64,24,3,outside_target_exponent,642,20
FST64,24,3,target_subnormal_result,642,20
FST64,24,3,fprem_C2_partial,0,0
FST64,24,3,unsupported_candidate,0,0
FST64,24,3,input_signaling_NaN,329,20
FST64,24,3,nan_sign_diff,0,0
FST64,24,3,nan_quiet_bit_diff,0,0
FST64,24,3,nan_payload_diff,0,0
FST64,24,3,B_expansion_changed_encoding,329,20
FST64,24,3,rflags_difference,0,0
FST64,24,3,loadstore80_changed,0,0
FST64,24,3,quotient_zero_condition_flags_diff,0,0
FST64,24,3,native_memory_bits_diff,329,20
FST64,24,3,other_value_diff,0,0
FST64,53,0,value_diff,329,20
FST64,53,0,exception_flags_diff,971,20
FST64,53,0,nan_result,646,20
FST64,53,0,outside_target_exponent,642,20
FST64,53,0,target_subnormal_result,642,20
FST64,53,0,fprem_C2_partial,0,0
FST64,53,0,unsupported_candidate,0,0
FST64,53,0,input_signaling_NaN,329,20
FST64,53,0,nan_sign_diff,0,0
FST64,53,0,nan_quiet_bit_diff,0,0
FST64,53,0,nan_payload_diff,0,0
FST64,53,0,B_expansion_changed_encoding,329,20
FST64,53,0,rflags_difference,0,0
FST64,53,0,loadstore80_changed,0,0
FST64,53,0,quotient_zero_condition_flags_diff,0,0
FST64,53,0,native_memory_bits_diff,329,20
FST64,53,0,other_value_diff,0,0
FST64,53,1,value_diff,329,20
FST64,53,1,exception_flags_diff,971,20
FST64,53,1,nan_result,646,20
FST64,53,1,outside_target_exponent,642,20
FST64,53,1,target_subnormal_result,642,20
FST64,53,1,fprem_C2_partial,0,0
FST64,53,1,unsupported_candidate,0,0
FST64,53,1,input_signaling_NaN,329,20
FST64,53,1,nan_sign_diff,0,0
FST64,53,1,nan_quiet_bit_diff,0,0
FST64,53,1,nan_payload_diff,0,0
FST64,53,1,B_expansion_changed_encoding,329,20
FST64,53,1,rflags_difference,0,0
FST64,53,1,loadstore80_changed,0,0
FST64,53,1,quotient_zero_condition_flags_diff,0,0
FST64,53,1,native_memory_bits_diff,329,20
FST64,53,1,other_value_diff,0,0
FST64,53,2,value_diff,329,20
FST64,53,2,exception_flags_diff,971,20
FST64,53,2,nan_result,646,20
FST64,53,2,outside_target_exponent,642,20
FST64,53,2,target_subnormal_result,642,20
FST64,53,2,fprem_C2_partial,0,0
FST64,53,2,unsupported_candidate,0,0
FST64,53,2,input_signaling_NaN,329,20
FST64,53,2,nan_sign_diff,0,0
FST64,53,2,nan_quiet_bit_diff,0,0
FST64,53,2,nan_payload_diff,0,0
FST64,53,2,B_expansion_changed_encoding,329,20
FST64,53,2,rflags_difference,0,0
FST64,53,2,loadstore80_changed,0,0
FST64,53,2,quotient_zero_condition_flags_diff,0,0
FST64,53,2,native_memory_bits_diff,329,20
FST64,53,2,other_value_diff,0,0
FST64,53,3,value_diff,329,20
FST64,53,3,exception_flags_diff,971,20
FST64,53,3,nan_result,646,20
FST64,53,3,outside_target_exponent,642,20
FST64,53,3,target_subnormal_result,642,20
FST64,53,3,fprem_C2_partial,0,0
FST64,53,3,unsupported_candidate,0,0
FST64,53,3,input_signaling_NaN,329,20
FST64,53,3,nan_sign_diff,0,0
FST64,53,3,nan_quiet_bit_diff,0,0
FST64,53,3,nan_payload_diff,0,0
FST64,53,3,B_expansion_changed_encoding,329,20
FST64,53,3,rflags_difference,0,0
FST64,53,3,loadstore80_changed,0,0
FST64,53,3,quotient_zero_condition_flags_diff,0,0
FST64,53,3,native_memory_bits_diff,329,20
FST64,53,3,other_value_diff,0,0
FST64,64,0,value_diff,329,20
FST64,64,0,exception_flags_diff,971,20
FST64,64,0,nan_result,646,20
FST64,64,0,outside_target_exponent,642,20
FST64,64,0,target_subnormal_result,642,20
FST64,64,0,fprem_C2_partial,0,0
FST64,64,0,unsupported_candidate,0,0
FST64,64,0,input_signaling_NaN,329,20
FST64,64,0,nan_sign_diff,0,0
FST64,64,0,nan_quiet_bit_diff,0,0
FST64,64,0,nan_payload_diff,0,0
FST64,64,0,B_expansion_changed_encoding,329,20
FST64,64,0,rflags_difference,0,0
FST64,64,0,loadstore80_changed,0,0
FST64,64,0,quotient_zero_condition_flags_diff,0,0
FST64,64,0,native_memory_bits_diff,329,20
FST64,64,0,other_value_diff,0,0
FST64,64,1,value_diff,329,20
FST64,64,1,exception_flags_diff,971,20
FST64,64,1,nan_result,646,20
FST64,64,1,outside_target_exponent,642,20
FST64,64,1,target_subnormal_result,642,20
FST64,64,1,fprem_C2_partial,0,0
FST64,64,1,unsupported_candidate,0,0
FST64,64,1,input_signaling_NaN,329,20
FST64,64,1,nan_sign_diff,0,0
FST64,64,1,nan_quiet_bit_diff,0,0
FST64,64,1,nan_payload_diff,0,0
FST64,64,1,B_expansion_changed_encoding,329,20
FST64,64,1,rflags_difference,0,0
FST64,64,1,loadstore80_changed,0,0
FST64,64,1,quotient_zero_condition_flags_diff,0,0
FST64,64,1,native_memory_bits_diff,329,20
FST64,64,1,other_value_diff,0,0
FST64,64,2,value_diff,329,20
FST64,64,2,exception_flags_diff,971,20
FST64,64,2,nan_result,646,20
FST64,64,2,outside_target_exponent,642,20
FST64,64,2,target_subnormal_result,642,20
FST64,64,2,fprem_C2_partial,0,0
FST64,64,2,unsupported_candidate,0,0
FST64,64,2,input_signaling_NaN,329,20
FST64,64,2,nan_sign_diff,0,0
FST64,64,2,nan_quiet_bit_diff,0,0
FST64,64,2,nan_payload_diff,0,0
FST64,64,2,B_expansion_changed_encoding,329,20
FST64,64,2,rflags_difference,0,0
FST64,64,2,loadstore80_changed,0,0
FST64,64,2,quotient_zero_condition_flags_diff,0,0
FST64,64,2,native_memory_bits_diff,329,20
FST64,64,2,other_value_diff,0,0
FST64,64,3,value_diff,329,20
FST64,64,3,exception_flags_diff,971,20
FST64,64,3,nan_result,646,20
FST64,64,3,outside_target_exponent,642,20
FST64,64,3,target_subnormal_result,642,20
FST64,64,3,fprem_C2_partial,0,0
FST64,64,3,unsupported_candidate,0,0
FST64,64,3,input_signaling_NaN,329,20
FST64,64,3,nan_sign_diff,0,0
FST64,64,3,nan_quiet_bit_diff,0,0
FST64,64,3,nan_payload_diff,0,0
FST64,64,3,B_expansion_changed_encoding,329,20
FST64,64,3,rflags_difference,0,0
FST64,64,3,loadstore80_changed,0,0
FST64,64,3,quotient_zero_condition_flags_diff,0,0
FST64,64,3,native_memory_bits_diff,329,20
FST64,64,3,other_value_diff,0,0
FSTP32,24,0,value_diff,0,0
FSTP32,24,0,exception_flags_diff,0,0
FSTP32,24,0,nan_result,638,20
FSTP32,24,0,outside_target_exponent,11691,20
FSTP32,24,0,target_subnormal_result,11691,20
FSTP32,24,0,fprem_C2_partial,0,0
FSTP32,24,0,unsupported_candidate,0,0
FSTP32,24,0,input_signaling_NaN,314,20
FSTP32,24,0,nan_sign_diff,0,0
FSTP32,24,0,nan_quiet_bit_diff,0,0
FSTP32,24,0,nan_payload_diff,0,0
FSTP32,24,0,B_expansion_changed_encoding,0,0
FSTP32,24,0,rflags_difference,0,0
FSTP32,24,0,loadstore80_changed,0,0
FSTP32,24,0,quotient_zero_condition_flags_diff,0,0
FSTP32,24,0,native_memory_bits_diff,0,0
FSTP32,24,0,other_value_diff,0,0
FSTP32,24,1,value_diff,0,0
FSTP32,24,1,exception_flags_diff,0,0
FSTP32,24,1,nan_result,638,20
FSTP32,24,1,outside_target_exponent,224502,20
FSTP32,24,1,target_subnormal_result,224502,20
FSTP32,24,1,fprem_C2_partial,0,0
FSTP32,24,1,unsupported_candidate,0,0
FSTP32,24,1,input_signaling_NaN,314,20
FSTP32,24,1,nan_sign_diff,0,0
FSTP32,24,1,nan_quiet_bit_diff,0,0
FSTP32,24,1,nan_payload_diff,0,0
FSTP32,24,1,B_expansion_changed_encoding,0,0
FSTP32,24,1,rflags_difference,0,0
FSTP32,24,1,loadstore80_changed,0,0
FSTP32,24,1,quotient_zero_condition_flags_diff,0,0
FSTP32,24,1,native_memory_bits_diff,0,0
FSTP32,24,1,other_value_diff,0,0
FSTP32,24,2,value_diff,0,0
FSTP32,24,2,exception_flags_diff,0,0
FSTP32,24,2,nan_result,638,20
FSTP32,24,2,outside_target_exponent,225014,20
FSTP32,24,2,target_subnormal_result,225014,20
FSTP32,24,2,fprem_C2_partial,0,0
FSTP32,24,2,unsupported_candidate,0,0
FSTP32,24,2,input_signaling_NaN,314,20
FSTP32,24,2,nan_sign_diff,0,0
FSTP32,24,2,nan_quiet_bit_diff,0,0
FSTP32,24,2,nan_payload_diff,0,0
FSTP32,24,2,B_expansion_changed_encoding,0,0
FSTP32,24,2,rflags_difference,0,0
FSTP32,24,2,loadstore80_changed,0,0
FSTP32,24,2,quotient_zero_condition_flags_diff,0,0
FSTP32,24,2,native_memory_bits_diff,0,0
FSTP32,24,2,other_value_diff,0,0
FSTP32,24,3,value_diff,0,0
FSTP32,24,3,exception_flags_diff,0,0
FSTP32,24,3,nan_result,638,20
FSTP32,24,3,outside_target_exponent,11251,20
FSTP32,24,3,target_subnormal_result,11251,20
FSTP32,24,3,fprem_C2_partial,0,0
FSTP32,24,3,unsupported_candidate,0,0
FSTP32,24,3,input_signaling_NaN,314,20
FSTP32,24,3,nan_sign_diff,0,0
FSTP32,24,3,nan_quiet_bit_diff,0,0
FSTP32,24,3,nan_payload_diff,0,0
FSTP32,24,3,B_expansion_changed_encoding,0,0
FSTP32,24,3,rflags_difference,0,0
FSTP32,24,3,loadstore80_changed,0,0
FSTP32,24,3,quotient_zero_condition_flags_diff,0,0
FSTP32,24,3,native_memory_bits_diff,0,0
FSTP32,24,3,other_value_diff,0,0
FSTP32,53,0,value_diff,0,0
FSTP32,53,0,exception_flags_diff,0,0
FSTP32,53,0,nan_result,638,20
FSTP32,53,0,outside_target_exponent,11691,20
FSTP32,53,0,target_subnormal_result,11691,20
FSTP32,53,0,fprem_C2_partial,0,0
FSTP32,53,0,unsupported_candidate,0,0
FSTP32,53,0,input_signaling_NaN,314,20
FSTP32,53,0,nan_sign_diff,0,0
FSTP32,53,0,nan_quiet_bit_diff,0,0
FSTP32,53,0,nan_payload_diff,0,0
FSTP32,53,0,B_expansion_changed_encoding,0,0
FSTP32,53,0,rflags_difference,0,0
FSTP32,53,0,loadstore80_changed,0,0
FSTP32,53,0,quotient_zero_condition_flags_diff,0,0
FSTP32,53,0,native_memory_bits_diff,0,0
FSTP32,53,0,other_value_diff,0,0
FSTP32,53,1,value_diff,0,0
FSTP32,53,1,exception_flags_diff,0,0
FSTP32,53,1,nan_result,638,20
FSTP32,53,1,outside_target_exponent,224502,20
FSTP32,53,1,target_subnormal_result,224502,20
FSTP32,53,1,fprem_C2_partial,0,0
FSTP32,53,1,unsupported_candidate,0,0
FSTP32,53,1,input_signaling_NaN,314,20
FSTP32,53,1,nan_sign_diff,0,0
FSTP32,53,1,nan_quiet_bit_diff,0,0
FSTP32,53,1,nan_payload_diff,0,0
FSTP32,53,1,B_expansion_changed_encoding,0,0
FSTP32,53,1,rflags_difference,0,0
FSTP32,53,1,loadstore80_changed,0,0
FSTP32,53,1,quotient_zero_condition_flags_diff,0,0
FSTP32,53,1,native_memory_bits_diff,0,0
FSTP32,53,1,other_value_diff,0,0
FSTP32,53,2,value_diff,0,0
FSTP32,53,2,exception_flags_diff,0,0
FSTP32,53,2,nan_result,638,20
FSTP32,53,2,outside_target_exponent,225014,20
FSTP32,53,2,target_subnormal_result,225014,20
FSTP32,53,2,fprem_C2_partial,0,0
FSTP32,53,2,unsupported_candidate,0,0
FSTP32,53,2,input_signaling_NaN,314,20
FSTP32,53,2,nan_sign_diff,0,0
FSTP32,53,2,nan_quiet_bit_diff,0,0
FSTP32,53,2,nan_payload_diff,0,0
FSTP32,53,2,B_expansion_changed_encoding,0,0
FSTP32,53,2,rflags_difference,0,0
FSTP32,53,2,loadstore80_changed,0,0
FSTP32,53,2,quotient_zero_condition_flags_diff,0,0
FSTP32,53,2,native_memory_bits_diff,0,0
FSTP32,53,2,other_value_diff,0,0
FSTP32,53,3,value_diff,0,0
FSTP32,53,3,exception_flags_diff,0,0
FSTP32,53,3,nan_result,638,20
FSTP32,53,3,outside_target_exponent,11251,20
FSTP32,53,3,target_subnormal_result,11251,20
FSTP32,53,3,fprem_C2_partial,0,0
FSTP32,53,3,unsupported_candidate,0,0
FSTP32,53,3,input_signaling_NaN,314,20
FSTP32,53,3,nan_sign_diff,0,0
FSTP32,53,3,nan_quiet_bit_diff,0,0
FSTP32,53,3,nan_payload_diff,0,0
FSTP32,53,3,B_expansion_changed_encoding,0,0
FSTP32,53,3,rflags_difference,0,0
FSTP32,53,3,loadstore80_changed,0,0
FSTP32,53,3,quotient_zero_condition_flags_diff,0,0
FSTP32,53,3,native_memory_bits_diff,0,0
FSTP32,53,3,other_value_diff,0,0
FSTP32,64,0,value_diff,0,0
FSTP32,64,0,exception_flags_diff,0,0
FSTP32,64,0,nan_result,638,20
FSTP32,64,0,outside_target_exponent,11691,20
FSTP32,64,0,target_subnormal_result,11691,20
FSTP32,64,0,fprem_C2_partial,0,0
FSTP32,64,0,unsupported_candidate,0,0
FSTP32,64,0,input_signaling_NaN,314,20
FSTP32,64,0,nan_sign_diff,0,0
FSTP32,64,0,nan_quiet_bit_diff,0,0
FSTP32,64,0,nan_payload_diff,0,0
FSTP32,64,0,B_expansion_changed_encoding,0,0
FSTP32,64,0,rflags_difference,0,0
FSTP32,64,0,loadstore80_changed,0,0
FSTP32,64,0,quotient_zero_condition_flags_diff,0,0
FSTP32,64,0,native_memory_bits_diff,0,0
FSTP32,64,0,other_value_diff,0,0
FSTP32,64,1,value_diff,0,0
FSTP32,64,1,exception_flags_diff,0,0
FSTP32,64,1,nan_result,638,20
FSTP32,64,1,outside_target_exponent,224502,20
FSTP32,64,1,target_subnormal_result,224502,20
FSTP32,64,1,fprem_C2_partial,0,0
FSTP32,64,1,unsupported_candidate,0,0
FSTP32,64,1,input_signaling_NaN,314,20
FSTP32,64,1,nan_sign_diff,0,0
FSTP32,64,1,nan_quiet_bit_diff,0,0
FSTP32,64,1,nan_payload_diff,0,0
FSTP32,64,1,B_expansion_changed_encoding,0,0
FSTP32,64,1,rflags_difference,0,0
FSTP32,64,1,loadstore80_changed,0,0
FSTP32,64,1,quotient_zero_condition_flags_diff,0,0
FSTP32,64,1,native_memory_bits_diff,0,0
FSTP32,64,1,other_value_diff,0,0
FSTP32,64,2,value_diff,0,0
FSTP32,64,2,exception_flags_diff,0,0
FSTP32,64,2,nan_result,638,20
FSTP32,64,2,outside_target_exponent,225014,20
FSTP32,64,2,target_subnormal_result,225014,20
FSTP32,64,2,fprem_C2_partial,0,0
FSTP32,64,2,unsupported_candidate,0,0
FSTP32,64,2,input_signaling_NaN,314,20
FSTP32,64,2,nan_sign_diff,0,0
FSTP32,64,2,nan_quiet_bit_diff,0,0
FSTP32,64,2,nan_payload_diff,0,0
FSTP32,64,2,B_expansion_changed_encoding,0,0
FSTP32,64,2,rflags_difference,0,0
FSTP32,64,2,loadstore80_changed,0,0
FSTP32,64,2,quotient_zero_condition_flags_diff,0,0
FSTP32,64,2,native_memory_bits_diff,0,0
FSTP32,64,2,other_value_diff,0,0
FSTP32,64,3,value_diff,0,0
FSTP32,64,3,exception_flags_diff,0,0
FSTP32,64,3,nan_result,638,20
FSTP32,64,3,outside_target_exponent,11251,20
FSTP32,64,3,target_subnormal_result,11251,20
FSTP32,64,3,fprem_C2_partial,0,0
FSTP32,64,3,unsupported_candidate,0,0
FSTP32,64,3,input_signaling_NaN,314,20
FSTP32,64,3,nan_sign_diff,0,0
FSTP32,64,3,nan_quiet_bit_diff,0,0
FSTP32,64,3,nan_payload_diff,0,0
FSTP32,64,3,B_expansion_changed_encoding,0,0
FSTP32,64,3,rflags_difference,0,0
FSTP32,64,3,loadstore80_changed,0,0
FSTP32,64,3,quotient_zero_condition_flags_diff,0,0
FSTP32,64,3,native_memory_bits_diff,0,0
FSTP32,64,3,other_value_diff,0,0
FSTP64,24,0,value_diff,339,20
FSTP64,24,0,exception_flags_diff,966,20
FSTP64,24,0,nan_result,662,20
FSTP64,24,0,outside_target_exponent,627,20
FSTP64,24,0,target_subnormal_result,627,20
FSTP64,24,0,fprem_C2_partial,0,0
FSTP64,24,0,unsupported_candidate,0,0
FSTP64,24,0,input_signaling_NaN,339,20
FSTP64,24,0,nan_sign_diff,0,0
FSTP64,24,0,nan_quiet_bit_diff,0,0
FSTP64,24,0,nan_payload_diff,0,0
FSTP64,24,0,B_expansion_changed_encoding,339,20
FSTP64,24,0,rflags_difference,0,0
FSTP64,24,0,loadstore80_changed,0,0
FSTP64,24,0,quotient_zero_condition_flags_diff,0,0
FSTP64,24,0,native_memory_bits_diff,339,20
FSTP64,24,0,other_value_diff,0,0
FSTP64,24,1,value_diff,339,20
FSTP64,24,1,exception_flags_diff,966,20
FSTP64,24,1,nan_result,662,20
FSTP64,24,1,outside_target_exponent,627,20
FSTP64,24,1,target_subnormal_result,627,20
FSTP64,24,1,fprem_C2_partial,0,0
FSTP64,24,1,unsupported_candidate,0,0
FSTP64,24,1,input_signaling_NaN,339,20
FSTP64,24,1,nan_sign_diff,0,0
FSTP64,24,1,nan_quiet_bit_diff,0,0
FSTP64,24,1,nan_payload_diff,0,0
FSTP64,24,1,B_expansion_changed_encoding,339,20
FSTP64,24,1,rflags_difference,0,0
FSTP64,24,1,loadstore80_changed,0,0
FSTP64,24,1,quotient_zero_condition_flags_diff,0,0
FSTP64,24,1,native_memory_bits_diff,339,20
FSTP64,24,1,other_value_diff,0,0
FSTP64,24,2,value_diff,339,20
FSTP64,24,2,exception_flags_diff,966,20
FSTP64,24,2,nan_result,662,20
FSTP64,24,2,outside_target_exponent,627,20
FSTP64,24,2,target_subnormal_result,627,20
FSTP64,24,2,fprem_C2_partial,0,0
FSTP64,24,2,unsupported_candidate,0,0
FSTP64,24,2,input_signaling_NaN,339,20
FSTP64,24,2,nan_sign_diff,0,0
FSTP64,24,2,nan_quiet_bit_diff,0,0
FSTP64,24,2,nan_payload_diff,0,0
FSTP64,24,2,B_expansion_changed_encoding,339,20
FSTP64,24,2,rflags_difference,0,0
FSTP64,24,2,loadstore80_changed,0,0
FSTP64,24,2,quotient_zero_condition_flags_diff,0,0
FSTP64,24,2,native_memory_bits_diff,339,20
FSTP64,24,2,other_value_diff,0,0
FSTP64,24,3,value_diff,339,20
FSTP64,24,3,exception_flags_diff,966,20
FSTP64,24,3,nan_result,662,20
FSTP64,24,3,outside_target_exponent,627,20
FSTP64,24,3,target_subnormal_result,627,20
FSTP64,24,3,fprem_C2_partial,0,0
FSTP64,24,3,unsupported_candidate,0,0
FSTP64,24,3,input_signaling_NaN,339,20
FSTP64,24,3,nan_sign_diff,0,0
FSTP64,24,3,nan_quiet_bit_diff,0,0
FSTP64,24,3,nan_payload_diff,0,0
FSTP64,24,3,B_expansion_changed_encoding,339,20
FSTP64,24,3,rflags_difference,0,0
FSTP64,24,3,loadstore80_changed,0,0
FSTP64,24,3,quotient_zero_condition_flags_diff,0,0
FSTP64,24,3,native_memory_bits_diff,339,20
FSTP64,24,3,other_value_diff,0,0
FSTP64,53,0,value_diff,339,20
FSTP64,53,0,exception_flags_diff,966,20
FSTP64,53,0,nan_result,662,20
FSTP64,53,0,outside_target_exponent,627,20
FSTP64,53,0,target_subnormal_result,627,20
FSTP64,53,0,fprem_C2_partial,0,0
FSTP64,53,0,unsupported_candidate,0,0
FSTP64,53,0,input_signaling_NaN,339,20
FSTP64,53,0,nan_sign_diff,0,0
FSTP64,53,0,nan_quiet_bit_diff,0,0
FSTP64,53,0,nan_payload_diff,0,0
FSTP64,53,0,B_expansion_changed_encoding,339,20
FSTP64,53,0,rflags_difference,0,0
FSTP64,53,0,loadstore80_changed,0,0
FSTP64,53,0,quotient_zero_condition_flags_diff,0,0
FSTP64,53,0,native_memory_bits_diff,339,20
FSTP64,53,0,other_value_diff,0,0
FSTP64,53,1,value_diff,339,20
FSTP64,53,1,exception_flags_diff,966,20
FSTP64,53,1,nan_result,662,20
FSTP64,53,1,outside_target_exponent,627,20
FSTP64,53,1,target_subnormal_result,627,20
FSTP64,53,1,fprem_C2_partial,0,0
FSTP64,53,1,unsupported_candidate,0,0
FSTP64,53,1,input_signaling_NaN,339,20
FSTP64,53,1,nan_sign_diff,0,0
FSTP64,53,1,nan_quiet_bit_diff,0,0
FSTP64,53,1,nan_payload_diff,0,0
FSTP64,53,1,B_expansion_changed_encoding,339,20
FSTP64,53,1,rflags_difference,0,0
FSTP64,53,1,loadstore80_changed,0,0
FSTP64,53,1,quotient_zero_condition_flags_diff,0,0
FSTP64,53,1,native_memory_bits_diff,339,20
FSTP64,53,1,other_value_diff,0,0
FSTP64,53,2,value_diff,339,20
FSTP64,53,2,exception_flags_diff,966,20
FSTP64,53,2,nan_result,662,20
FSTP64,53,2,outside_target_exponent,627,20
FSTP64,53,2,target_subnormal_result,627,20
FSTP64,53,2,fprem_C2_partial,0,0
FSTP64,53,2,unsupported_candidate,0,0
FSTP64,53,2,input_signaling_NaN,339,20
FSTP64,53,2,nan_sign_diff,0,0
FSTP64,53,2,nan_quiet_bit_diff,0,0
FSTP64,53,2,nan_payload_diff,0,0
FSTP64,53,2,B_expansion_changed_encoding,339,20
FSTP64,53,2,rflags_difference,0,0
FSTP64,53,2,loadstore80_changed,0,0
FSTP64,53,2,quotient_zero_condition_flags_diff,0,0
FSTP64,53,2,native_memory_bits_diff,339,20
FSTP64,53,2,other_value_diff,0,0
FSTP64,53,3,value_diff,339,20
FSTP64,53,3,exception_flags_diff,966,20
FSTP64,53,3,nan_result,662,20
FSTP64,53,3,outside_target_exponent,627,20
FSTP64,53,3,target_subnormal_result,627,20
FSTP64,53,3,fprem_C2_partial,0,0
FSTP64,53,3,unsupported_candidate,0,0
FSTP64,53,3,input_signaling_NaN,339,20
FSTP64,53,3,nan_sign_diff,0,0
FSTP64,53,3,nan_quiet_bit_diff,0,0
FSTP64,53,3,nan_payload_diff,0,0
FSTP64,53,3,B_expansion_changed_encoding,339,20
FSTP64,53,3,rflags_difference,0,0
FSTP64,53,3,loadstore80_changed,0,0
FSTP64,53,3,quotient_zero_condition_flags_diff,0,0
FSTP64,53,3,native_memory_bits_diff,339,20
FSTP64,53,3,other_value_diff,0,0
FSTP64,64,0,value_diff,339,20
FSTP64,64,0,exception_flags_diff,966,20
FSTP64,64,0,nan_result,662,20
FSTP64,64,0,outside_target_exponent,627,20
FSTP64,64,0,target_subnormal_result,627,20
FSTP64,64,0,fprem_C2_partial,0,0
FSTP64,64,0,unsupported_candidate,0,0
FSTP64,64,0,input_signaling_NaN,339,20
FSTP64,64,0,nan_sign_diff,0,0
FSTP64,64,0,nan_quiet_bit_diff,0,0
FSTP64,64,0,nan_payload_diff,0,0
FSTP64,64,0,B_expansion_changed_encoding,339,20
FSTP64,64,0,rflags_difference,0,0
FSTP64,64,0,loadstore80_changed,0,0
FSTP64,64,0,quotient_zero_condition_flags_diff,0,0
FSTP64,64,0,native_memory_bits_diff,339,20
FSTP64,64,0,other_value_diff,0,0
FSTP64,64,1,value_diff,339,20
FSTP64,64,1,exception_flags_diff,966,20
FSTP64,64,1,nan_result,662,20
FSTP64,64,1,outside_target_exponent,627,20
FSTP64,64,1,target_subnormal_result,627,20
FSTP64,64,1,fprem_C2_partial,0,0
FSTP64,64,1,unsupported_candidate,0,0
FSTP64,64,1,input_signaling_NaN,339,20
FSTP64,64,1,nan_sign_diff,0,0
FSTP64,64,1,nan_quiet_bit_diff,0,0
FSTP64,64,1,nan_payload_diff,0,0
FSTP64,64,1,B_expansion_changed_encoding,339,20
FSTP64,64,1,rflags_difference,0,0
FSTP64,64,1,loadstore80_changed,0,0
FSTP64,64,1,quotient_zero_condition_flags_diff,0,0
FSTP64,64,1,native_memory_bits_diff,339,20
FSTP64,64,1,other_value_diff,0,0
FSTP64,64,2,value_diff,339,20
FSTP64,64,2,exception_flags_diff,966,20
FSTP64,64,2,nan_result,662,20
FSTP64,64,2,outside_target_exponent,627,20
FSTP64,64,2,target_subnormal_result,627,20
FSTP64,64,2,fprem_C2_partial,0,0
FSTP64,64,2,unsupported_candidate,0,0
FSTP64,64,2,input_signaling_NaN,339,20
FSTP64,64,2,nan_sign_diff,0,0
FSTP64,64,2,nan_quiet_bit_diff,0,0
FSTP64,64,2,nan_payload_diff,0,0
FSTP64,64,2,B_expansion_changed_encoding,339,20
FSTP64,64,2,rflags_difference,0,0
FSTP64,64,2,loadstore80_changed,0,0
FSTP64,64,2,quotient_zero_condition_flags_diff,0,0
FSTP64,64,2,native_memory_bits_diff,339,20
FSTP64,64,2,other_value_diff,0,0
FSTP64,64,3,value_diff,339,20
FSTP64,64,3,exception_flags_diff,966,20
FSTP64,64,3,nan_result,662,20
FSTP64,64,3,outside_target_exponent,627,20
FSTP64,64,3,target_subnormal_result,627,20
FSTP64,64,3,fprem_C2_partial,0,0
FSTP64,64,3,unsupported_candidate,0,0
FSTP64,64,3,input_signaling_NaN,339,20
FSTP64,64,3,nan_sign_diff,0,0
FSTP64,64,3,nan_quiet_bit_diff,0,0
FSTP64,64,3,nan_payload_diff,0,0
FSTP64,64,3,B_expansion_changed_encoding,339,20
FSTP64,64,3,rflags_difference,0,0
FSTP64,64,3,loadstore80_changed,0,0
FSTP64,64,3,quotient_zero_condition_flags_diff,0,0
FSTP64,64,3,native_memory_bits_diff,339,20
FSTP64,64,3,other_value_diff,0,0
FSTP80,24,0,value_diff,0,0
FSTP80,24,0,exception_flags_diff,0,0
FSTP80,24,0,nan_result,266,20
FSTP80,24,0,outside_target_exponent,992575,20
FSTP80,24,0,target_subnormal_result,700,20
FSTP80,24,0,fprem_C2_partial,0,0
FSTP80,24,0,unsupported_candidate,1001937,20
FSTP80,24,0,input_signaling_NaN,128,20
FSTP80,24,0,nan_sign_diff,0,0
FSTP80,24,0,nan_quiet_bit_diff,0,0
FSTP80,24,0,nan_payload_diff,0,0
FSTP80,24,0,B_expansion_changed_encoding,0,0
FSTP80,24,0,rflags_difference,0,0
FSTP80,24,0,loadstore80_changed,0,0
FSTP80,24,0,quotient_zero_condition_flags_diff,0,0
FSTP80,24,0,native_memory_bits_diff,0,0
FSTP80,24,0,other_value_diff,0,0
FSTP80,24,1,value_diff,0,0
FSTP80,24,1,exception_flags_diff,0,0
FSTP80,24,1,nan_result,266,20
FSTP80,24,1,outside_target_exponent,992575,20
FSTP80,24,1,target_subnormal_result,700,20
FSTP80,24,1,fprem_C2_partial,0,0
FSTP80,24,1,unsupported_candidate,1001937,20
FSTP80,24,1,input_signaling_NaN,128,20
FSTP80,24,1,nan_sign_diff,0,0
FSTP80,24,1,nan_quiet_bit_diff,0,0
FSTP80,24,1,nan_payload_diff,0,0
FSTP80,24,1,B_expansion_changed_encoding,0,0
FSTP80,24,1,rflags_difference,0,0
FSTP80,24,1,loadstore80_changed,0,0
FSTP80,24,1,quotient_zero_condition_flags_diff,0,0
FSTP80,24,1,native_memory_bits_diff,0,0
FSTP80,24,1,other_value_diff,0,0
FSTP80,24,2,value_diff,0,0
FSTP80,24,2,exception_flags_diff,0,0
FSTP80,24,2,nan_result,266,20
FSTP80,24,2,outside_target_exponent,992575,20
FSTP80,24,2,target_subnormal_result,700,20
FSTP80,24,2,fprem_C2_partial,0,0
FSTP80,24,2,unsupported_candidate,1001937,20
FSTP80,24,2,input_signaling_NaN,128,20
FSTP80,24,2,nan_sign_diff,0,0
FSTP80,24,2,nan_quiet_bit_diff,0,0
FSTP80,24,2,nan_payload_diff,0,0
FSTP80,24,2,B_expansion_changed_encoding,0,0
FSTP80,24,2,rflags_difference,0,0
FSTP80,24,2,loadstore80_changed,0,0
FSTP80,24,2,quotient_zero_condition_flags_diff,0,0
FSTP80,24,2,native_memory_bits_diff,0,0
FSTP80,24,2,other_value_diff,0,0
FSTP80,24,3,value_diff,0,0
FSTP80,24,3,exception_flags_diff,0,0
FSTP80,24,3,nan_result,266,20
FSTP80,24,3,outside_target_exponent,992575,20
FSTP80,24,3,target_subnormal_result,700,20
FSTP80,24,3,fprem_C2_partial,0,0
FSTP80,24,3,unsupported_candidate,1001937,20
FSTP80,24,3,input_signaling_NaN,128,20
FSTP80,24,3,nan_sign_diff,0,0
FSTP80,24,3,nan_quiet_bit_diff,0,0
FSTP80,24,3,nan_payload_diff,0,0
FSTP80,24,3,B_expansion_changed_encoding,0,0
FSTP80,24,3,rflags_difference,0,0
FSTP80,24,3,loadstore80_changed,0,0
FSTP80,24,3,quotient_zero_condition_flags_diff,0,0
FSTP80,24,3,native_memory_bits_diff,0,0
FSTP80,24,3,other_value_diff,0,0
FSTP80,53,0,value_diff,0,0
FSTP80,53,0,exception_flags_diff,0,0
FSTP80,53,0,nan_result,266,20
FSTP80,53,0,outside_target_exponent,938063,20
FSTP80,53,0,target_subnormal_result,1678,20
FSTP80,53,0,fprem_C2_partial,0,0
FSTP80,53,0,unsupported_candidate,1001937,20
FSTP80,53,0,input_signaling_NaN,128,20
FSTP80,53,0,nan_sign_diff,0,0
FSTP80,53,0,nan_quiet_bit_diff,0,0
FSTP80,53,0,nan_payload_diff,0,0
FSTP80,53,0,B_expansion_changed_encoding,0,0
FSTP80,53,0,rflags_difference,0,0
FSTP80,53,0,loadstore80_changed,0,0
FSTP80,53,0,quotient_zero_condition_flags_diff,0,0
FSTP80,53,0,native_memory_bits_diff,0,0
FSTP80,53,0,other_value_diff,0,0
FSTP80,53,1,value_diff,0,0
FSTP80,53,1,exception_flags_diff,0,0
FSTP80,53,1,nan_result,266,20
FSTP80,53,1,outside_target_exponent,938063,20
FSTP80,53,1,target_subnormal_result,1678,20
FSTP80,53,1,fprem_C2_partial,0,0
FSTP80,53,1,unsupported_candidate,1001937,20
FSTP80,53,1,input_signaling_NaN,128,20
FSTP80,53,1,nan_sign_diff,0,0
FSTP80,53,1,nan_quiet_bit_diff,0,0
FSTP80,53,1,nan_payload_diff,0,0
FSTP80,53,1,B_expansion_changed_encoding,0,0
FSTP80,53,1,rflags_difference,0,0
FSTP80,53,1,loadstore80_changed,0,0
FSTP80,53,1,quotient_zero_condition_flags_diff,0,0
FSTP80,53,1,native_memory_bits_diff,0,0
FSTP80,53,1,other_value_diff,0,0
FSTP80,53,2,value_diff,0,0
FSTP80,53,2,exception_flags_diff,0,0
FSTP80,53,2,nan_result,266,20
FSTP80,53,2,outside_target_exponent,938063,20
FSTP80,53,2,target_subnormal_result,1678,20
FSTP80,53,2,fprem_C2_partial,0,0
FSTP80,53,2,unsupported_candidate,1001937,20
FSTP80,53,2,input_signaling_NaN,128,20
FSTP80,53,2,nan_sign_diff,0,0
FSTP80,53,2,nan_quiet_bit_diff,0,0
FSTP80,53,2,nan_payload_diff,0,0
FSTP80,53,2,B_expansion_changed_encoding,0,0
FSTP80,53,2,rflags_difference,0,0
FSTP80,53,2,loadstore80_changed,0,0
FSTP80,53,2,quotient_zero_condition_flags_diff,0,0
FSTP80,53,2,native_memory_bits_diff,0,0
FSTP80,53,2,other_value_diff,0,0
FSTP80,53,3,value_diff,0,0
FSTP80,53,3,exception_flags_diff,0,0
FSTP80,53,3,nan_result,266,20
FSTP80,53,3,outside_target_exponent,938063,20
FSTP80,53,3,target_subnormal_result,1678,20
FSTP80,53,3,fprem_C2_partial,0,0
FSTP80,53,3,unsupported_candidate,1001937,20
FSTP80,53,3,input_signaling_NaN,128,20
FSTP80,53,3,nan_sign_diff,0,0
FSTP80,53,3,nan_quiet_bit_diff,0,0
FSTP80,53,3,nan_payload_diff,0,0
FSTP80,53,3,B_expansion_changed_encoding,0,0
FSTP80,53,3,rflags_difference,0,0
FSTP80,53,3,loadstore80_changed,0,0
FSTP80,53,3,quotient_zero_condition_flags_diff,0,0
FSTP80,53,3,native_memory_bits_diff,0,0
FSTP80,53,3,other_value_diff,0,0
FSTP80,64,0,value_diff,0,0
FSTP80,64,0,exception_flags_diff,0,0
FSTP80,64,0,nan_result,266,20
FSTP80,64,0,outside_target_exponent,938063,20
FSTP80,64,0,target_subnormal_result,1678,20
FSTP80,64,0,fprem_C2_partial,0,0
FSTP80,64,0,unsupported_candidate,1001937,20
FSTP80,64,0,input_signaling_NaN,128,20
FSTP80,64,0,nan_sign_diff,0,0
FSTP80,64,0,nan_quiet_bit_diff,0,0
FSTP80,64,0,nan_payload_diff,0,0
FSTP80,64,0,B_expansion_changed_encoding,0,0
FSTP80,64,0,rflags_difference,0,0
FSTP80,64,0,loadstore80_changed,0,0
FSTP80,64,0,quotient_zero_condition_flags_diff,0,0
FSTP80,64,0,native_memory_bits_diff,0,0
FSTP80,64,0,other_value_diff,0,0
FSTP80,64,1,value_diff,0,0
FSTP80,64,1,exception_flags_diff,0,0
FSTP80,64,1,nan_result,266,20
FSTP80,64,1,outside_target_exponent,938063,20
FSTP80,64,1,target_subnormal_result,1678,20
FSTP80,64,1,fprem_C2_partial,0,0
FSTP80,64,1,unsupported_candidate,1001937,20
FSTP80,64,1,input_signaling_NaN,128,20
FSTP80,64,1,nan_sign_diff,0,0
FSTP80,64,1,nan_quiet_bit_diff,0,0
FSTP80,64,1,nan_payload_diff,0,0
FSTP80,64,1,B_expansion_changed_encoding,0,0
FSTP80,64,1,rflags_difference,0,0
FSTP80,64,1,loadstore80_changed,0,0
FSTP80,64,1,quotient_zero_condition_flags_diff,0,0
FSTP80,64,1,native_memory_bits_diff,0,0
FSTP80,64,1,other_value_diff,0,0
FSTP80,64,2,value_diff,0,0
FSTP80,64,2,exception_flags_diff,0,0
FSTP80,64,2,nan_result,266,20
FSTP80,64,2,outside_target_exponent,938063,20
FSTP80,64,2,target_subnormal_result,1678,20
FSTP80,64,2,fprem_C2_partial,0,0
FSTP80,64,2,unsupported_candidate,1001937,20
FSTP80,64,2,input_signaling_NaN,128,20
FSTP80,64,2,nan_sign_diff,0,0
FSTP80,64,2,nan_quiet_bit_diff,0,0
FSTP80,64,2,nan_payload_diff,0,0
FSTP80,64,2,B_expansion_changed_encoding,0,0
FSTP80,64,2,rflags_difference,0,0
FSTP80,64,2,loadstore80_changed,0,0
FSTP80,64,2,quotient_zero_condition_flags_diff,0,0
FSTP80,64,2,native_memory_bits_diff,0,0
FSTP80,64,2,other_value_diff,0,0
FSTP80,64,3,value_diff,0,0
FSTP80,64,3,exception_flags_diff,0,0
FSTP80,64,3,nan_result,266,20
FSTP80,64,3,outside_target_exponent,938063,20
FSTP80,64,3,target_subnormal_result,1678,20
FSTP80,64,3,fprem_C2_partial,0,0
FSTP80,64,3,unsupported_candidate,1001937,20
FSTP80,64,3,input_signaling_NaN,128,20
FSTP80,64,3,nan_sign_diff,0,0
FSTP80,64,3,nan_quiet_bit_diff,0,0
FSTP80,64,3,nan_payload_diff,0,0
FSTP80,64,3,B_expansion_changed_encoding,0,0
FSTP80,64,3,rflags_difference,0,0
FSTP80,64,3,loadstore80_changed,0,0
FSTP80,64,3,quotient_zero_condition_flags_diff,0,0
FSTP80,64,3,native_memory_bits_diff,0,0
FSTP80,64,3,other_value_diff,0,0
FCOM,24,0,value_diff,0,0
FCOM,24,0,exception_flags_diff,80,20
FCOM,24,0,nan_result,0,0
FCOM,24,0,outside_target_exponent,0,0
FCOM,24,0,target_subnormal_result,0,0
FCOM,24,0,fprem_C2_partial,0,0
FCOM,24,0,unsupported_candidate,0,0
FCOM,24,0,input_signaling_NaN,4040,20
FCOM,24,0,nan_sign_diff,0,0
FCOM,24,0,nan_quiet_bit_diff,0,0
FCOM,24,0,nan_payload_diff,0,0
FCOM,24,0,B_expansion_changed_encoding,0,0
FCOM,24,0,rflags_difference,0,0
FCOM,24,0,loadstore80_changed,0,0
FCOM,24,0,quotient_zero_condition_flags_diff,0,0
FCOM,24,0,native_memory_bits_diff,0,0
FCOM,24,0,other_value_diff,0,0
FCOM,24,1,value_diff,0,0
FCOM,24,1,exception_flags_diff,80,20
FCOM,24,1,nan_result,0,0
FCOM,24,1,outside_target_exponent,0,0
FCOM,24,1,target_subnormal_result,0,0
FCOM,24,1,fprem_C2_partial,0,0
FCOM,24,1,unsupported_candidate,0,0
FCOM,24,1,input_signaling_NaN,4040,20
FCOM,24,1,nan_sign_diff,0,0
FCOM,24,1,nan_quiet_bit_diff,0,0
FCOM,24,1,nan_payload_diff,0,0
FCOM,24,1,B_expansion_changed_encoding,0,0
FCOM,24,1,rflags_difference,0,0
FCOM,24,1,loadstore80_changed,0,0
FCOM,24,1,quotient_zero_condition_flags_diff,0,0
FCOM,24,1,native_memory_bits_diff,0,0
FCOM,24,1,other_value_diff,0,0
FCOM,24,2,value_diff,0,0
FCOM,24,2,exception_flags_diff,80,20
FCOM,24,2,nan_result,0,0
FCOM,24,2,outside_target_exponent,0,0
FCOM,24,2,target_subnormal_result,0,0
FCOM,24,2,fprem_C2_partial,0,0
FCOM,24,2,unsupported_candidate,0,0
FCOM,24,2,input_signaling_NaN,4040,20
FCOM,24,2,nan_sign_diff,0,0
FCOM,24,2,nan_quiet_bit_diff,0,0
FCOM,24,2,nan_payload_diff,0,0
FCOM,24,2,B_expansion_changed_encoding,0,0
FCOM,24,2,rflags_difference,0,0
FCOM,24,2,loadstore80_changed,0,0
FCOM,24,2,quotient_zero_condition_flags_diff,0,0
FCOM,24,2,native_memory_bits_diff,0,0
FCOM,24,2,other_value_diff,0,0
FCOM,24,3,value_diff,0,0
FCOM,24,3,exception_flags_diff,80,20
FCOM,24,3,nan_result,0,0
FCOM,24,3,outside_target_exponent,0,0
FCOM,24,3,target_subnormal_result,0,0
FCOM,24,3,fprem_C2_partial,0,0
FCOM,24,3,unsupported_candidate,0,0
FCOM,24,3,input_signaling_NaN,4040,20
FCOM,24,3,nan_sign_diff,0,0
FCOM,24,3,nan_quiet_bit_diff,0,0
FCOM,24,3,nan_payload_diff,0,0
FCOM,24,3,B_expansion_changed_encoding,0,0
FCOM,24,3,rflags_difference,0,0
FCOM,24,3,loadstore80_changed,0,0
FCOM,24,3,quotient_zero_condition_flags_diff,0,0
FCOM,24,3,native_memory_bits_diff,0,0
FCOM,24,3,other_value_diff,0,0
FCOM,53,0,value_diff,0,0
FCOM,53,0,exception_flags_diff,33,20
FCOM,53,0,nan_result,0,0
FCOM,53,0,outside_target_exponent,0,0
FCOM,53,0,target_subnormal_result,0,0
FCOM,53,0,fprem_C2_partial,0,0
FCOM,53,0,unsupported_candidate,0,0
FCOM,53,0,input_signaling_NaN,640,20
FCOM,53,0,nan_sign_diff,0,0
FCOM,53,0,nan_quiet_bit_diff,0,0
FCOM,53,0,nan_payload_diff,0,0
FCOM,53,0,B_expansion_changed_encoding,0,0
FCOM,53,0,rflags_difference,0,0
FCOM,53,0,loadstore80_changed,0,0
FCOM,53,0,quotient_zero_condition_flags_diff,0,0
FCOM,53,0,native_memory_bits_diff,0,0
FCOM,53,0,other_value_diff,0,0
FCOM,53,1,value_diff,0,0
FCOM,53,1,exception_flags_diff,33,20
FCOM,53,1,nan_result,0,0
FCOM,53,1,outside_target_exponent,0,0
FCOM,53,1,target_subnormal_result,0,0
FCOM,53,1,fprem_C2_partial,0,0
FCOM,53,1,unsupported_candidate,0,0
FCOM,53,1,input_signaling_NaN,640,20
FCOM,53,1,nan_sign_diff,0,0
FCOM,53,1,nan_quiet_bit_diff,0,0
FCOM,53,1,nan_payload_diff,0,0
FCOM,53,1,B_expansion_changed_encoding,0,0
FCOM,53,1,rflags_difference,0,0
FCOM,53,1,loadstore80_changed,0,0
FCOM,53,1,quotient_zero_condition_flags_diff,0,0
FCOM,53,1,native_memory_bits_diff,0,0
FCOM,53,1,other_value_diff,0,0
FCOM,53,2,value_diff,0,0
FCOM,53,2,exception_flags_diff,33,20
FCOM,53,2,nan_result,0,0
FCOM,53,2,outside_target_exponent,0,0
FCOM,53,2,target_subnormal_result,0,0
FCOM,53,2,fprem_C2_partial,0,0
FCOM,53,2,unsupported_candidate,0,0
FCOM,53,2,input_signaling_NaN,640,20
FCOM,53,2,nan_sign_diff,0,0
FCOM,53,2,nan_quiet_bit_diff,0,0
FCOM,53,2,nan_payload_diff,0,0
FCOM,53,2,B_expansion_changed_encoding,0,0
FCOM,53,2,rflags_difference,0,0
FCOM,53,2,loadstore80_changed,0,0
FCOM,53,2,quotient_zero_condition_flags_diff,0,0
FCOM,53,2,native_memory_bits_diff,0,0
FCOM,53,2,other_value_diff,0,0
FCOM,53,3,value_diff,0,0
FCOM,53,3,exception_flags_diff,33,20
FCOM,53,3,nan_result,0,0
FCOM,53,3,outside_target_exponent,0,0
FCOM,53,3,target_subnormal_result,0,0
FCOM,53,3,fprem_C2_partial,0,0
FCOM,53,3,unsupported_candidate,0,0
FCOM,53,3,input_signaling_NaN,640,20
FCOM,53,3,nan_sign_diff,0,0
FCOM,53,3,nan_quiet_bit_diff,0,0
FCOM,53,3,nan_payload_diff,0,0
FCOM,53,3,B_expansion_changed_encoding,0,0
FCOM,53,3,rflags_difference,0,0
FCOM,53,3,loadstore80_changed,0,0
FCOM,53,3,quotient_zero_condition_flags_diff,0,0
FCOM,53,3,native_memory_bits_diff,0,0
FCOM,53,3,other_value_diff,0,0
FCOM,64,0,value_diff,0,0
FCOM,64,0,exception_flags_diff,33,20
FCOM,64,0,nan_result,0,0
FCOM,64,0,outside_target_exponent,0,0
FCOM,64,0,target_subnormal_result,0,0
FCOM,64,0,fprem_C2_partial,0,0
FCOM,64,0,unsupported_candidate,0,0
FCOM,64,0,input_signaling_NaN,640,20
FCOM,64,0,nan_sign_diff,0,0
FCOM,64,0,nan_quiet_bit_diff,0,0
FCOM,64,0,nan_payload_diff,0,0
FCOM,64,0,B_expansion_changed_encoding,0,0
FCOM,64,0,rflags_difference,0,0
FCOM,64,0,loadstore80_changed,0,0
FCOM,64,0,quotient_zero_condition_flags_diff,0,0
FCOM,64,0,native_memory_bits_diff,0,0
FCOM,64,0,other_value_diff,0,0
FCOM,64,1,value_diff,0,0
FCOM,64,1,exception_flags_diff,33,20
FCOM,64,1,nan_result,0,0
FCOM,64,1,outside_target_exponent,0,0
FCOM,64,1,target_subnormal_result,0,0
FCOM,64,1,fprem_C2_partial,0,0
FCOM,64,1,unsupported_candidate,0,0
FCOM,64,1,input_signaling_NaN,640,20
FCOM,64,1,nan_sign_diff,0,0
FCOM,64,1,nan_quiet_bit_diff,0,0
FCOM,64,1,nan_payload_diff,0,0
FCOM,64,1,B_expansion_changed_encoding,0,0
FCOM,64,1,rflags_difference,0,0
FCOM,64,1,loadstore80_changed,0,0
FCOM,64,1,quotient_zero_condition_flags_diff,0,0
FCOM,64,1,native_memory_bits_diff,0,0
FCOM,64,1,other_value_diff,0,0
FCOM,64,2,value_diff,0,0
FCOM,64,2,exception_flags_diff,33,20
FCOM,64,2,nan_result,0,0
FCOM,64,2,outside_target_exponent,0,0
FCOM,64,2,target_subnormal_result,0,0
FCOM,64,2,fprem_C2_partial,0,0
FCOM,64,2,unsupported_candidate,0,0
FCOM,64,2,input_signaling_NaN,640,20
FCOM,64,2,nan_sign_diff,0,0
FCOM,64,2,nan_quiet_bit_diff,0,0
FCOM,64,2,nan_payload_diff,0,0
FCOM,64,2,B_expansion_changed_encoding,0,0
FCOM,64,2,rflags_difference,0,0
FCOM,64,2,loadstore80_changed,0,0
FCOM,64,2,quotient_zero_condition_flags_diff,0,0
FCOM,64,2,native_memory_bits_diff,0,0
FCOM,64,2,other_value_diff,0,0
FCOM,64,3,value_diff,0,0
FCOM,64,3,exception_flags_diff,33,20
FCOM,64,3,nan_result,0,0
FCOM,64,3,outside_target_exponent,0,0
FCOM,64,3,target_subnormal_result,0,0
FCOM,64,3,fprem_C2_partial,0,0
FCOM,64,3,unsupported_candidate,0,0
FCOM,64,3,input_signaling_NaN,640,20
FCOM,64,3,nan_sign_diff,0,0
FCOM,64,3,nan_quiet_bit_diff,0,0
FCOM,64,3,nan_payload_diff,0,0
FCOM,64,3,B_expansion_changed_encoding,0,0
FCOM,64,3,rflags_difference,0,0
FCOM,64,3,loadstore80_changed,0,0
FCOM,64,3,quotient_zero_condition_flags_diff,0,0
FCOM,64,3,native_memory_bits_diff,0,0
FCOM,64,3,other_value_diff,0,0
FUCOM,24,0,value_diff,0,0
FUCOM,24,0,exception_flags_diff,85,20
FUCOM,24,0,nan_result,0,0
FUCOM,24,0,outside_target_exponent,0,0
FUCOM,24,0,target_subnormal_result,0,0
FUCOM,24,0,fprem_C2_partial,0,0
FUCOM,24,0,unsupported_candidate,0,0
FUCOM,24,0,input_signaling_NaN,4034,20
FUCOM,24,0,nan_sign_diff,0,0
FUCOM,24,0,nan_quiet_bit_diff,0,0
FUCOM,24,0,nan_payload_diff,0,0
FUCOM,24,0,B_expansion_changed_encoding,0,0
FUCOM,24,0,rflags_difference,0,0
FUCOM,24,0,loadstore80_changed,0,0
FUCOM,24,0,quotient_zero_condition_flags_diff,0,0
FUCOM,24,0,native_memory_bits_diff,0,0
FUCOM,24,0,other_value_diff,0,0
FUCOM,24,1,value_diff,0,0
FUCOM,24,1,exception_flags_diff,85,20
FUCOM,24,1,nan_result,0,0
FUCOM,24,1,outside_target_exponent,0,0
FUCOM,24,1,target_subnormal_result,0,0
FUCOM,24,1,fprem_C2_partial,0,0
FUCOM,24,1,unsupported_candidate,0,0
FUCOM,24,1,input_signaling_NaN,4034,20
FUCOM,24,1,nan_sign_diff,0,0
FUCOM,24,1,nan_quiet_bit_diff,0,0
FUCOM,24,1,nan_payload_diff,0,0
FUCOM,24,1,B_expansion_changed_encoding,0,0
FUCOM,24,1,rflags_difference,0,0
FUCOM,24,1,loadstore80_changed,0,0
FUCOM,24,1,quotient_zero_condition_flags_diff,0,0
FUCOM,24,1,native_memory_bits_diff,0,0
FUCOM,24,1,other_value_diff,0,0
FUCOM,24,2,value_diff,0,0
FUCOM,24,2,exception_flags_diff,85,20
FUCOM,24,2,nan_result,0,0
FUCOM,24,2,outside_target_exponent,0,0
FUCOM,24,2,target_subnormal_result,0,0
FUCOM,24,2,fprem_C2_partial,0,0
FUCOM,24,2,unsupported_candidate,0,0
FUCOM,24,2,input_signaling_NaN,4034,20
FUCOM,24,2,nan_sign_diff,0,0
FUCOM,24,2,nan_quiet_bit_diff,0,0
FUCOM,24,2,nan_payload_diff,0,0
FUCOM,24,2,B_expansion_changed_encoding,0,0
FUCOM,24,2,rflags_difference,0,0
FUCOM,24,2,loadstore80_changed,0,0
FUCOM,24,2,quotient_zero_condition_flags_diff,0,0
FUCOM,24,2,native_memory_bits_diff,0,0
FUCOM,24,2,other_value_diff,0,0
FUCOM,24,3,value_diff,0,0
FUCOM,24,3,exception_flags_diff,85,20
FUCOM,24,3,nan_result,0,0
FUCOM,24,3,outside_target_exponent,0,0
FUCOM,24,3,target_subnormal_result,0,0
FUCOM,24,3,fprem_C2_partial,0,0
FUCOM,24,3,unsupported_candidate,0,0
FUCOM,24,3,input_signaling_NaN,4034,20
FUCOM,24,3,nan_sign_diff,0,0
FUCOM,24,3,nan_quiet_bit_diff,0,0
FUCOM,24,3,nan_payload_diff,0,0
FUCOM,24,3,B_expansion_changed_encoding,0,0
FUCOM,24,3,rflags_difference,0,0
FUCOM,24,3,loadstore80_changed,0,0
FUCOM,24,3,quotient_zero_condition_flags_diff,0,0
FUCOM,24,3,native_memory_bits_diff,0,0
FUCOM,24,3,other_value_diff,0,0
FUCOM,53,0,value_diff,0,0
FUCOM,53,0,exception_flags_diff,32,20
FUCOM,53,0,nan_result,0,0
FUCOM,53,0,outside_target_exponent,0,0
FUCOM,53,0,target_subnormal_result,0,0
FUCOM,53,0,fprem_C2_partial,0,0
FUCOM,53,0,unsupported_candidate,0,0
FUCOM,53,0,input_signaling_NaN,632,20
FUCOM,53,0,nan_sign_diff,0,0
FUCOM,53,0,nan_quiet_bit_diff,0,0
FUCOM,53,0,nan_payload_diff,0,0
FUCOM,53,0,B_expansion_changed_encoding,0,0
FUCOM,53,0,rflags_difference,0,0
FUCOM,53,0,loadstore80_changed,0,0
FUCOM,53,0,quotient_zero_condition_flags_diff,0,0
FUCOM,53,0,native_memory_bits_diff,0,0
FUCOM,53,0,other_value_diff,0,0
FUCOM,53,1,value_diff,0,0
FUCOM,53,1,exception_flags_diff,32,20
FUCOM,53,1,nan_result,0,0
FUCOM,53,1,outside_target_exponent,0,0
FUCOM,53,1,target_subnormal_result,0,0
FUCOM,53,1,fprem_C2_partial,0,0
FUCOM,53,1,unsupported_candidate,0,0
FUCOM,53,1,input_signaling_NaN,632,20
FUCOM,53,1,nan_sign_diff,0,0
FUCOM,53,1,nan_quiet_bit_diff,0,0
FUCOM,53,1,nan_payload_diff,0,0
FUCOM,53,1,B_expansion_changed_encoding,0,0
FUCOM,53,1,rflags_difference,0,0
FUCOM,53,1,loadstore80_changed,0,0
FUCOM,53,1,quotient_zero_condition_flags_diff,0,0
FUCOM,53,1,native_memory_bits_diff,0,0
FUCOM,53,1,other_value_diff,0,0
FUCOM,53,2,value_diff,0,0
FUCOM,53,2,exception_flags_diff,32,20
FUCOM,53,2,nan_result,0,0
FUCOM,53,2,outside_target_exponent,0,0
FUCOM,53,2,target_subnormal_result,0,0
FUCOM,53,2,fprem_C2_partial,0,0
FUCOM,53,2,unsupported_candidate,0,0
FUCOM,53,2,input_signaling_NaN,632,20
FUCOM,53,2,nan_sign_diff,0,0
FUCOM,53,2,nan_quiet_bit_diff,0,0
FUCOM,53,2,nan_payload_diff,0,0
FUCOM,53,2,B_expansion_changed_encoding,0,0
FUCOM,53,2,rflags_difference,0,0
FUCOM,53,2,loadstore80_changed,0,0
FUCOM,53,2,quotient_zero_condition_flags_diff,0,0
FUCOM,53,2,native_memory_bits_diff,0,0
FUCOM,53,2,other_value_diff,0,0
FUCOM,53,3,value_diff,0,0
FUCOM,53,3,exception_flags_diff,32,20
FUCOM,53,3,nan_result,0,0
FUCOM,53,3,outside_target_exponent,0,0
FUCOM,53,3,target_subnormal_result,0,0
FUCOM,53,3,fprem_C2_partial,0,0
FUCOM,53,3,unsupported_candidate,0,0
FUCOM,53,3,input_signaling_NaN,632,20
FUCOM,53,3,nan_sign_diff,0,0
FUCOM,53,3,nan_quiet_bit_diff,0,0
FUCOM,53,3,nan_payload_diff,0,0
FUCOM,53,3,B_expansion_changed_encoding,0,0
FUCOM,53,3,rflags_difference,0,0
FUCOM,53,3,loadstore80_changed,0,0
FUCOM,53,3,quotient_zero_condition_flags_diff,0,0
FUCOM,53,3,native_memory_bits_diff,0,0
FUCOM,53,3,other_value_diff,0,0
FUCOM,64,0,value_diff,0,0
FUCOM,64,0,exception_flags_diff,32,20
FUCOM,64,0,nan_result,0,0
FUCOM,64,0,outside_target_exponent,0,0
FUCOM,64,0,target_subnormal_result,0,0
FUCOM,64,0,fprem_C2_partial,0,0
FUCOM,64,0,unsupported_candidate,0,0
FUCOM,64,0,input_signaling_NaN,632,20
FUCOM,64,0,nan_sign_diff,0,0
FUCOM,64,0,nan_quiet_bit_diff,0,0
FUCOM,64,0,nan_payload_diff,0,0
FUCOM,64,0,B_expansion_changed_encoding,0,0
FUCOM,64,0,rflags_difference,0,0
FUCOM,64,0,loadstore80_changed,0,0
FUCOM,64,0,quotient_zero_condition_flags_diff,0,0
FUCOM,64,0,native_memory_bits_diff,0,0
FUCOM,64,0,other_value_diff,0,0
FUCOM,64,1,value_diff,0,0
FUCOM,64,1,exception_flags_diff,32,20
FUCOM,64,1,nan_result,0,0
FUCOM,64,1,outside_target_exponent,0,0
FUCOM,64,1,target_subnormal_result,0,0
FUCOM,64,1,fprem_C2_partial,0,0
FUCOM,64,1,unsupported_candidate,0,0
FUCOM,64,1,input_signaling_NaN,632,20
FUCOM,64,1,nan_sign_diff,0,0
FUCOM,64,1,nan_quiet_bit_diff,0,0
FUCOM,64,1,nan_payload_diff,0,0
FUCOM,64,1,B_expansion_changed_encoding,0,0
FUCOM,64,1,rflags_difference,0,0
FUCOM,64,1,loadstore80_changed,0,0
FUCOM,64,1,quotient_zero_condition_flags_diff,0,0
FUCOM,64,1,native_memory_bits_diff,0,0
FUCOM,64,1,other_value_diff,0,0
FUCOM,64,2,value_diff,0,0
FUCOM,64,2,exception_flags_diff,32,20
FUCOM,64,2,nan_result,0,0
FUCOM,64,2,outside_target_exponent,0,0
FUCOM,64,2,target_subnormal_result,0,0
FUCOM,64,2,fprem_C2_partial,0,0
FUCOM,64,2,unsupported_candidate,0,0
FUCOM,64,2,input_signaling_NaN,632,20
FUCOM,64,2,nan_sign_diff,0,0
FUCOM,64,2,nan_quiet_bit_diff,0,0
FUCOM,64,2,nan_payload_diff,0,0
FUCOM,64,2,B_expansion_changed_encoding,0,0
FUCOM,64,2,rflags_difference,0,0
FUCOM,64,2,loadstore80_changed,0,0
FUCOM,64,2,quotient_zero_condition_flags_diff,0,0
FUCOM,64,2,native_memory_bits_diff,0,0
FUCOM,64,2,other_value_diff,0,0
FUCOM,64,3,value_diff,0,0
FUCOM,64,3,exception_flags_diff,32,20
FUCOM,64,3,nan_result,0,0
FUCOM,64,3,outside_target_exponent,0,0
FUCOM,64,3,target_subnormal_result,0,0
FUCOM,64,3,fprem_C2_partial,0,0
FUCOM,64,3,unsupported_candidate,0,0
FUCOM,64,3,input_signaling_NaN,632,20
FUCOM,64,3,nan_sign_diff,0,0
FUCOM,64,3,nan_quiet_bit_diff,0,0
FUCOM,64,3,nan_payload_diff,0,0
FUCOM,64,3,B_expansion_changed_encoding,0,0
FUCOM,64,3,rflags_difference,0,0
FUCOM,64,3,loadstore80_changed,0,0
FUCOM,64,3,quotient_zero_condition_flags_diff,0,0
FUCOM,64,3,native_memory_bits_diff,0,0
FUCOM,64,3,other_value_diff,0,0
FCOMI,24,0,value_diff,0,0
FCOMI,24,0,exception_flags_diff,76,20
FCOMI,24,0,nan_result,0,0
FCOMI,24,0,outside_target_exponent,0,0
FCOMI,24,0,target_subnormal_result,0,0
FCOMI,24,0,fprem_C2_partial,0,0
FCOMI,24,0,unsupported_candidate,0,0
FCOMI,24,0,input_signaling_NaN,4033,20
FCOMI,24,0,nan_sign_diff,0,0
FCOMI,24,0,nan_quiet_bit_diff,0,0
FCOMI,24,0,nan_payload_diff,0,0
FCOMI,24,0,B_expansion_changed_encoding,0,0
FCOMI,24,0,rflags_difference,0,0
FCOMI,24,0,loadstore80_changed,0,0
FCOMI,24,0,quotient_zero_condition_flags_diff,0,0
FCOMI,24,0,native_memory_bits_diff,0,0
FCOMI,24,0,other_value_diff,0,0
FCOMI,24,1,value_diff,0,0
FCOMI,24,1,exception_flags_diff,76,20
FCOMI,24,1,nan_result,0,0
FCOMI,24,1,outside_target_exponent,0,0
FCOMI,24,1,target_subnormal_result,0,0
FCOMI,24,1,fprem_C2_partial,0,0
FCOMI,24,1,unsupported_candidate,0,0
FCOMI,24,1,input_signaling_NaN,4033,20
FCOMI,24,1,nan_sign_diff,0,0
FCOMI,24,1,nan_quiet_bit_diff,0,0
FCOMI,24,1,nan_payload_diff,0,0
FCOMI,24,1,B_expansion_changed_encoding,0,0
FCOMI,24,1,rflags_difference,0,0
FCOMI,24,1,loadstore80_changed,0,0
FCOMI,24,1,quotient_zero_condition_flags_diff,0,0
FCOMI,24,1,native_memory_bits_diff,0,0
FCOMI,24,1,other_value_diff,0,0
FCOMI,24,2,value_diff,0,0
FCOMI,24,2,exception_flags_diff,76,20
FCOMI,24,2,nan_result,0,0
FCOMI,24,2,outside_target_exponent,0,0
FCOMI,24,2,target_subnormal_result,0,0
FCOMI,24,2,fprem_C2_partial,0,0
FCOMI,24,2,unsupported_candidate,0,0
FCOMI,24,2,input_signaling_NaN,4033,20
FCOMI,24,2,nan_sign_diff,0,0
FCOMI,24,2,nan_quiet_bit_diff,0,0
FCOMI,24,2,nan_payload_diff,0,0
FCOMI,24,2,B_expansion_changed_encoding,0,0
FCOMI,24,2,rflags_difference,0,0
FCOMI,24,2,loadstore80_changed,0,0
FCOMI,24,2,quotient_zero_condition_flags_diff,0,0
FCOMI,24,2,native_memory_bits_diff,0,0
FCOMI,24,2,other_value_diff,0,0
FCOMI,24,3,value_diff,0,0
FCOMI,24,3,exception_flags_diff,76,20
FCOMI,24,3,nan_result,0,0
FCOMI,24,3,outside_target_exponent,0,0
FCOMI,24,3,target_subnormal_result,0,0
FCOMI,24,3,fprem_C2_partial,0,0
FCOMI,24,3,unsupported_candidate,0,0
FCOMI,24,3,input_signaling_NaN,4033,20
FCOMI,24,3,nan_sign_diff,0,0
FCOMI,24,3,nan_quiet_bit_diff,0,0
FCOMI,24,3,nan_payload_diff,0,0
FCOMI,24,3,B_expansion_changed_encoding,0,0
FCOMI,24,3,rflags_difference,0,0
FCOMI,24,3,loadstore80_changed,0,0
FCOMI,24,3,quotient_zero_condition_flags_diff,0,0
FCOMI,24,3,native_memory_bits_diff,0,0
FCOMI,24,3,other_value_diff,0,0
FCOMI,53,0,value_diff,0,0
FCOMI,53,0,exception_flags_diff,32,20
FCOMI,53,0,nan_result,0,0
FCOMI,53,0,outside_target_exponent,0,0
FCOMI,53,0,target_subnormal_result,0,0
FCOMI,53,0,fprem_C2_partial,0,0
FCOMI,53,0,unsupported_candidate,0,0
FCOMI,53,0,input_signaling_NaN,594,20
FCOMI,53,0,nan_sign_diff,0,0
FCOMI,53,0,nan_quiet_bit_diff,0,0
FCOMI,53,0,nan_payload_diff,0,0
FCOMI,53,0,B_expansion_changed_encoding,0,0
FCOMI,53,0,rflags_difference,0,0
FCOMI,53,0,loadstore80_changed,0,0
FCOMI,53,0,quotient_zero_condition_flags_diff,0,0
FCOMI,53,0,native_memory_bits_diff,0,0
FCOMI,53,0,other_value_diff,0,0
FCOMI,53,1,value_diff,0,0
FCOMI,53,1,exception_flags_diff,32,20
FCOMI,53,1,nan_result,0,0
FCOMI,53,1,outside_target_exponent,0,0
FCOMI,53,1,target_subnormal_result,0,0
FCOMI,53,1,fprem_C2_partial,0,0
FCOMI,53,1,unsupported_candidate,0,0
FCOMI,53,1,input_signaling_NaN,594,20
FCOMI,53,1,nan_sign_diff,0,0
FCOMI,53,1,nan_quiet_bit_diff,0,0
FCOMI,53,1,nan_payload_diff,0,0
FCOMI,53,1,B_expansion_changed_encoding,0,0
FCOMI,53,1,rflags_difference,0,0
FCOMI,53,1,loadstore80_changed,0,0
FCOMI,53,1,quotient_zero_condition_flags_diff,0,0
FCOMI,53,1,native_memory_bits_diff,0,0
FCOMI,53,1,other_value_diff,0,0
FCOMI,53,2,value_diff,0,0
FCOMI,53,2,exception_flags_diff,32,20
FCOMI,53,2,nan_result,0,0
FCOMI,53,2,outside_target_exponent,0,0
FCOMI,53,2,target_subnormal_result,0,0
FCOMI,53,2,fprem_C2_partial,0,0
FCOMI,53,2,unsupported_candidate,0,0
FCOMI,53,2,input_signaling_NaN,594,20
FCOMI,53,2,nan_sign_diff,0,0
FCOMI,53,2,nan_quiet_bit_diff,0,0
FCOMI,53,2,nan_payload_diff,0,0
FCOMI,53,2,B_expansion_changed_encoding,0,0
FCOMI,53,2,rflags_difference,0,0
FCOMI,53,2,loadstore80_changed,0,0
FCOMI,53,2,quotient_zero_condition_flags_diff,0,0
FCOMI,53,2,native_memory_bits_diff,0,0
FCOMI,53,2,other_value_diff,0,0
FCOMI,53,3,value_diff,0,0
FCOMI,53,3,exception_flags_diff,32,20
FCOMI,53,3,nan_result,0,0
FCOMI,53,3,outside_target_exponent,0,0
FCOMI,53,3,target_subnormal_result,0,0
FCOMI,53,3,fprem_C2_partial,0,0
FCOMI,53,3,unsupported_candidate,0,0
FCOMI,53,3,input_signaling_NaN,594,20
FCOMI,53,3,nan_sign_diff,0,0
FCOMI,53,3,nan_quiet_bit_diff,0,0
FCOMI,53,3,nan_payload_diff,0,0
FCOMI,53,3,B_expansion_changed_encoding,0,0
FCOMI,53,3,rflags_difference,0,0
FCOMI,53,3,loadstore80_changed,0,0
FCOMI,53,3,quotient_zero_condition_flags_diff,0,0
FCOMI,53,3,native_memory_bits_diff,0,0
FCOMI,53,3,other_value_diff,0,0
FCOMI,64,0,value_diff,0,0
FCOMI,64,0,exception_flags_diff,32,20
FCOMI,64,0,nan_result,0,0
FCOMI,64,0,outside_target_exponent,0,0
FCOMI,64,0,target_subnormal_result,0,0
FCOMI,64,0,fprem_C2_partial,0,0
FCOMI,64,0,unsupported_candidate,0,0
FCOMI,64,0,input_signaling_NaN,594,20
FCOMI,64,0,nan_sign_diff,0,0
FCOMI,64,0,nan_quiet_bit_diff,0,0
FCOMI,64,0,nan_payload_diff,0,0
FCOMI,64,0,B_expansion_changed_encoding,0,0
FCOMI,64,0,rflags_difference,0,0
FCOMI,64,0,loadstore80_changed,0,0
FCOMI,64,0,quotient_zero_condition_flags_diff,0,0
FCOMI,64,0,native_memory_bits_diff,0,0
FCOMI,64,0,other_value_diff,0,0
FCOMI,64,1,value_diff,0,0
FCOMI,64,1,exception_flags_diff,32,20
FCOMI,64,1,nan_result,0,0
FCOMI,64,1,outside_target_exponent,0,0
FCOMI,64,1,target_subnormal_result,0,0
FCOMI,64,1,fprem_C2_partial,0,0
FCOMI,64,1,unsupported_candidate,0,0
FCOMI,64,1,input_signaling_NaN,594,20
FCOMI,64,1,nan_sign_diff,0,0
FCOMI,64,1,nan_quiet_bit_diff,0,0
FCOMI,64,1,nan_payload_diff,0,0
FCOMI,64,1,B_expansion_changed_encoding,0,0
FCOMI,64,1,rflags_difference,0,0
FCOMI,64,1,loadstore80_changed,0,0
FCOMI,64,1,quotient_zero_condition_flags_diff,0,0
FCOMI,64,1,native_memory_bits_diff,0,0
FCOMI,64,1,other_value_diff,0,0
FCOMI,64,2,value_diff,0,0
FCOMI,64,2,exception_flags_diff,32,20
FCOMI,64,2,nan_result,0,0
FCOMI,64,2,outside_target_exponent,0,0
FCOMI,64,2,target_subnormal_result,0,0
FCOMI,64,2,fprem_C2_partial,0,0
FCOMI,64,2,unsupported_candidate,0,0
FCOMI,64,2,input_signaling_NaN,594,20
FCOMI,64,2,nan_sign_diff,0,0
FCOMI,64,2,nan_quiet_bit_diff,0,0
FCOMI,64,2,nan_payload_diff,0,0
FCOMI,64,2,B_expansion_changed_encoding,0,0
FCOMI,64,2,rflags_difference,0,0
FCOMI,64,2,loadstore80_changed,0,0
FCOMI,64,2,quotient_zero_condition_flags_diff,0,0
FCOMI,64,2,native_memory_bits_diff,0,0
FCOMI,64,2,other_value_diff,0,0
FCOMI,64,3,value_diff,0,0
FCOMI,64,3,exception_flags_diff,32,20
FCOMI,64,3,nan_result,0,0
FCOMI,64,3,outside_target_exponent,0,0
FCOMI,64,3,target_subnormal_result,0,0
FCOMI,64,3,fprem_C2_partial,0,0
FCOMI,64,3,unsupported_candidate,0,0
FCOMI,64,3,input_signaling_NaN,594,20
FCOMI,64,3,nan_sign_diff,0,0
FCOMI,64,3,nan_quiet_bit_diff,0,0
FCOMI,64,3,nan_payload_diff,0,0
FCOMI,64,3,B_expansion_changed_encoding,0,0
FCOMI,64,3,rflags_difference,0,0
FCOMI,64,3,loadstore80_changed,0,0
FCOMI,64,3,quotient_zero_condition_flags_diff,0,0
FCOMI,64,3,native_memory_bits_diff,0,0
FCOMI,64,3,other_value_diff,0,0
FUCOMI,24,0,value_diff,0,0
FUCOMI,24,0,exception_flags_diff,72,20
FUCOMI,24,0,nan_result,0,0
FUCOMI,24,0,outside_target_exponent,0,0
FUCOMI,24,0,target_subnormal_result,0,0
FUCOMI,24,0,fprem_C2_partial,0,0
FUCOMI,24,0,unsupported_candidate,0,0
FUCOMI,24,0,input_signaling_NaN,4059,20
FUCOMI,24,0,nan_sign_diff,0,0
FUCOMI,24,0,nan_quiet_bit_diff,0,0
FUCOMI,24,0,nan_payload_diff,0,0
FUCOMI,24,0,B_expansion_changed_encoding,0,0
FUCOMI,24,0,rflags_difference,0,0
FUCOMI,24,0,loadstore80_changed,0,0
FUCOMI,24,0,quotient_zero_condition_flags_diff,0,0
FUCOMI,24,0,native_memory_bits_diff,0,0
FUCOMI,24,0,other_value_diff,0,0
FUCOMI,24,1,value_diff,0,0
FUCOMI,24,1,exception_flags_diff,72,20
FUCOMI,24,1,nan_result,0,0
FUCOMI,24,1,outside_target_exponent,0,0
FUCOMI,24,1,target_subnormal_result,0,0
FUCOMI,24,1,fprem_C2_partial,0,0
FUCOMI,24,1,unsupported_candidate,0,0
FUCOMI,24,1,input_signaling_NaN,4059,20
FUCOMI,24,1,nan_sign_diff,0,0
FUCOMI,24,1,nan_quiet_bit_diff,0,0
FUCOMI,24,1,nan_payload_diff,0,0
FUCOMI,24,1,B_expansion_changed_encoding,0,0
FUCOMI,24,1,rflags_difference,0,0
FUCOMI,24,1,loadstore80_changed,0,0
FUCOMI,24,1,quotient_zero_condition_flags_diff,0,0
FUCOMI,24,1,native_memory_bits_diff,0,0
FUCOMI,24,1,other_value_diff,0,0
FUCOMI,24,2,value_diff,0,0
FUCOMI,24,2,exception_flags_diff,72,20
FUCOMI,24,2,nan_result,0,0
FUCOMI,24,2,outside_target_exponent,0,0
FUCOMI,24,2,target_subnormal_result,0,0
FUCOMI,24,2,fprem_C2_partial,0,0
FUCOMI,24,2,unsupported_candidate,0,0
FUCOMI,24,2,input_signaling_NaN,4059,20
FUCOMI,24,2,nan_sign_diff,0,0
FUCOMI,24,2,nan_quiet_bit_diff,0,0
FUCOMI,24,2,nan_payload_diff,0,0
FUCOMI,24,2,B_expansion_changed_encoding,0,0
FUCOMI,24,2,rflags_difference,0,0
FUCOMI,24,2,loadstore80_changed,0,0
FUCOMI,24,2,quotient_zero_condition_flags_diff,0,0
FUCOMI,24,2,native_memory_bits_diff,0,0
FUCOMI,24,2,other_value_diff,0,0
FUCOMI,24,3,value_diff,0,0
FUCOMI,24,3,exception_flags_diff,72,20
FUCOMI,24,3,nan_result,0,0
FUCOMI,24,3,outside_target_exponent,0,0
FUCOMI,24,3,target_subnormal_result,0,0
FUCOMI,24,3,fprem_C2_partial,0,0
FUCOMI,24,3,unsupported_candidate,0,0
FUCOMI,24,3,input_signaling_NaN,4059,20
FUCOMI,24,3,nan_sign_diff,0,0
FUCOMI,24,3,nan_quiet_bit_diff,0,0
FUCOMI,24,3,nan_payload_diff,0,0
FUCOMI,24,3,B_expansion_changed_encoding,0,0
FUCOMI,24,3,rflags_difference,0,0
FUCOMI,24,3,loadstore80_changed,0,0
FUCOMI,24,3,quotient_zero_condition_flags_diff,0,0
FUCOMI,24,3,native_memory_bits_diff,0,0
FUCOMI,24,3,other_value_diff,0,0
FUCOMI,53,0,value_diff,0,0
FUCOMI,53,0,exception_flags_diff,33,20
FUCOMI,53,0,nan_result,0,0
FUCOMI,53,0,outside_target_exponent,0,0
FUCOMI,53,0,target_subnormal_result,0,0
FUCOMI,53,0,fprem_C2_partial,0,0
FUCOMI,53,0,unsupported_candidate,0,0
FUCOMI,53,0,input_signaling_NaN,667,20
FUCOMI,53,0,nan_sign_diff,0,0
FUCOMI,53,0,nan_quiet_bit_diff,0,0
FUCOMI,53,0,nan_payload_diff,0,0
FUCOMI,53,0,B_expansion_changed_encoding,0,0
FUCOMI,53,0,rflags_difference,0,0
FUCOMI,53,0,loadstore80_changed,0,0
FUCOMI,53,0,quotient_zero_condition_flags_diff,0,0
FUCOMI,53,0,native_memory_bits_diff,0,0
FUCOMI,53,0,other_value_diff,0,0
FUCOMI,53,1,value_diff,0,0
FUCOMI,53,1,exception_flags_diff,33,20
FUCOMI,53,1,nan_result,0,0
FUCOMI,53,1,outside_target_exponent,0,0
FUCOMI,53,1,target_subnormal_result,0,0
FUCOMI,53,1,fprem_C2_partial,0,0
FUCOMI,53,1,unsupported_candidate,0,0
FUCOMI,53,1,input_signaling_NaN,667,20
FUCOMI,53,1,nan_sign_diff,0,0
FUCOMI,53,1,nan_quiet_bit_diff,0,0
FUCOMI,53,1,nan_payload_diff,0,0
FUCOMI,53,1,B_expansion_changed_encoding,0,0
FUCOMI,53,1,rflags_difference,0,0
FUCOMI,53,1,loadstore80_changed,0,0
FUCOMI,53,1,quotient_zero_condition_flags_diff,0,0
FUCOMI,53,1,native_memory_bits_diff,0,0
FUCOMI,53,1,other_value_diff,0,0
FUCOMI,53,2,value_diff,0,0
FUCOMI,53,2,exception_flags_diff,33,20
FUCOMI,53,2,nan_result,0,0
FUCOMI,53,2,outside_target_exponent,0,0
FUCOMI,53,2,target_subnormal_result,0,0
FUCOMI,53,2,fprem_C2_partial,0,0
FUCOMI,53,2,unsupported_candidate,0,0
FUCOMI,53,2,input_signaling_NaN,667,20
FUCOMI,53,2,nan_sign_diff,0,0
FUCOMI,53,2,nan_quiet_bit_diff,0,0
FUCOMI,53,2,nan_payload_diff,0,0
FUCOMI,53,2,B_expansion_changed_encoding,0,0
FUCOMI,53,2,rflags_difference,0,0
FUCOMI,53,2,loadstore80_changed,0,0
FUCOMI,53,2,quotient_zero_condition_flags_diff,0,0
FUCOMI,53,2,native_memory_bits_diff,0,0
FUCOMI,53,2,other_value_diff,0,0
FUCOMI,53,3,value_diff,0,0
FUCOMI,53,3,exception_flags_diff,33,20
FUCOMI,53,3,nan_result,0,0
FUCOMI,53,3,outside_target_exponent,0,0
FUCOMI,53,3,target_subnormal_result,0,0
FUCOMI,53,3,fprem_C2_partial,0,0
FUCOMI,53,3,unsupported_candidate,0,0
FUCOMI,53,3,input_signaling_NaN,667,20
FUCOMI,53,3,nan_sign_diff,0,0
FUCOMI,53,3,nan_quiet_bit_diff,0,0
FUCOMI,53,3,nan_payload_diff,0,0
FUCOMI,53,3,B_expansion_changed_encoding,0,0
FUCOMI,53,3,rflags_difference,0,0
FUCOMI,53,3,loadstore80_changed,0,0
FUCOMI,53,3,quotient_zero_condition_flags_diff,0,0
FUCOMI,53,3,native_memory_bits_diff,0,0
FUCOMI,53,3,other_value_diff,0,0
FUCOMI,64,0,value_diff,0,0
FUCOMI,64,0,exception_flags_diff,33,20
FUCOMI,64,0,nan_result,0,0
FUCOMI,64,0,outside_target_exponent,0,0
FUCOMI,64,0,target_subnormal_result,0,0
FUCOMI,64,0,fprem_C2_partial,0,0
FUCOMI,64,0,unsupported_candidate,0,0
FUCOMI,64,0,input_signaling_NaN,667,20
FUCOMI,64,0,nan_sign_diff,0,0
FUCOMI,64,0,nan_quiet_bit_diff,0,0
FUCOMI,64,0,nan_payload_diff,0,0
FUCOMI,64,0,B_expansion_changed_encoding,0,0
FUCOMI,64,0,rflags_difference,0,0
FUCOMI,64,0,loadstore80_changed,0,0
FUCOMI,64,0,quotient_zero_condition_flags_diff,0,0
FUCOMI,64,0,native_memory_bits_diff,0,0
FUCOMI,64,0,other_value_diff,0,0
FUCOMI,64,1,value_diff,0,0
FUCOMI,64,1,exception_flags_diff,33,20
FUCOMI,64,1,nan_result,0,0
FUCOMI,64,1,outside_target_exponent,0,0
FUCOMI,64,1,target_subnormal_result,0,0
FUCOMI,64,1,fprem_C2_partial,0,0
FUCOMI,64,1,unsupported_candidate,0,0
FUCOMI,64,1,input_signaling_NaN,667,20
FUCOMI,64,1,nan_sign_diff,0,0
FUCOMI,64,1,nan_quiet_bit_diff,0,0
FUCOMI,64,1,nan_payload_diff,0,0
FUCOMI,64,1,B_expansion_changed_encoding,0,0
FUCOMI,64,1,rflags_difference,0,0
FUCOMI,64,1,loadstore80_changed,0,0
FUCOMI,64,1,quotient_zero_condition_flags_diff,0,0
FUCOMI,64,1,native_memory_bits_diff,0,0
FUCOMI,64,1,other_value_diff,0,0
FUCOMI,64,2,value_diff,0,0
FUCOMI,64,2,exception_flags_diff,33,20
FUCOMI,64,2,nan_result,0,0
FUCOMI,64,2,outside_target_exponent,0,0
FUCOMI,64,2,target_subnormal_result,0,0
FUCOMI,64,2,fprem_C2_partial,0,0
FUCOMI,64,2,unsupported_candidate,0,0
FUCOMI,64,2,input_signaling_NaN,667,20
FUCOMI,64,2,nan_sign_diff,0,0
FUCOMI,64,2,nan_quiet_bit_diff,0,0
FUCOMI,64,2,nan_payload_diff,0,0
FUCOMI,64,2,B_expansion_changed_encoding,0,0
FUCOMI,64,2,rflags_difference,0,0
FUCOMI,64,2,loadstore80_changed,0,0
FUCOMI,64,2,quotient_zero_condition_flags_diff,0,0
FUCOMI,64,2,native_memory_bits_diff,0,0
FUCOMI,64,2,other_value_diff,0,0
FUCOMI,64,3,value_diff,0,0
FUCOMI,64,3,exception_flags_diff,33,20
FUCOMI,64,3,nan_result,0,0
FUCOMI,64,3,outside_target_exponent,0,0
FUCOMI,64,3,target_subnormal_result,0,0
FUCOMI,64,3,fprem_C2_partial,0,0
FUCOMI,64,3,unsupported_candidate,0,0
FUCOMI,64,3,input_signaling_NaN,667,20
FUCOMI,64,3,nan_sign_diff,0,0
FUCOMI,64,3,nan_quiet_bit_diff,0,0
FUCOMI,64,3,nan_payload_diff,0,0
FUCOMI,64,3,B_expansion_changed_encoding,0,0
FUCOMI,64,3,rflags_difference,0,0
FUCOMI,64,3,loadstore80_changed,0,0
FUCOMI,64,3,quotient_zero_condition_flags_diff,0,0
FUCOMI,64,3,native_memory_bits_diff,0,0
FUCOMI,64,3,other_value_diff,0,0
