operation,pc,rounding,input_bits,class,total,random,edge
FADD,53,RN,64,ALL,1017392,1000000,17392
FADD,53,RN,64,VALUE_MISMATCH,8,0,8
FADD,53,RN,64,FLAGS_MISMATCH,21,0,21
FADD,53,RN,64,EXCEEDS_BASELINE_MAX_EXP,5,0,5
FADD,53,RN,64,BELOW_BASELINE_MIN_NORMAL_EXP,36,0,36
FADD,53,RN,64,SSE_SUBNORMAL_RESULT,36,0,36
FADD,53,RN,64,NAN_PRESENT,1280,1038,242
FADD,53,RN,64,NAN_SIGN_DIFFERENCE,2,0,2
FADD,53,RN,64,NAN_QUIET_DIFFERENCE,0,0,0
FADD,53,RN,64,NAN_PAYLOAD_DIFFERENCE,3,0,3
FADD,53,RN,64,FINITE_NORMAL_VALUE_MISMATCH,0,0,0
FADD,53,RN,64,FINITE_INPUTS,1016006,998962,17044
FADD,53,RN,64,NONFINITE_INPUTS,1386,1038,348
FADD,53,RN,64,EXCEEDS_DOUBLE_MAX_EXP,5,0,5
FADD,53,RN,64,BELOW_DOUBLE_MIN_NORMAL_EXP,36,0,36
FADD,53,RN,64,INPUT_SUBNORMAL,1207,967,240
FADD,53,RN,64,MATCH_VALUE_AND_FLAGS,1017368,1000000,17368
FADD,53,RN,64,PC64_NONNAN_VALUE_MISMATCH,0,0,0
FADD,53,RN,64,MEMORY_VALUE_MISMATCH,3,0,3
FADD,53,RN,64,MEMORY_FINITE_DIFFERENCE,0,0,0
FADD,53,RN,64,UNDERFLOW_DOUBLE_ROUNDING_CANDIDATE,0,0,0
FADD,53,RN,64,STORE_OVERFLOW,5,0,5
FADD,53,RN,64,STORE_UNDERFLOW,0,0,0
FADD,53,RN,64,STORE_INEXACT,5,0,5
FADD,53,RN,64,GUARDED_DOMAIN,1014838,997995,16843
FADD,53,RN,64,GUARDED_VALUE_MISMATCH,0,0,0
FADD,53,RN,64,GUARDED_FLAGS_MISMATCH,0,0,0
FADD,53,RD,64,ALL,1017392,1000000,17392
FADD,53,RD,64,VALUE_MISMATCH,20,0,20
FADD,53,RD,64,FLAGS_MISMATCH,33,0,33
FADD,53,RD,64,EXCEEDS_BASELINE_MAX_EXP,17,0,17
FADD,53,RD,64,BELOW_BASELINE_MIN_NORMAL_EXP,36,0,36
FADD,53,RD,64,SSE_SUBNORMAL_RESULT,36,0,36
FADD,53,RD,64,NAN_PRESENT,1280,1038,242
FADD,53,RD,64,NAN_SIGN_DIFFERENCE,2,0,2
FADD,53,RD,64,NAN_QUIET_DIFFERENCE,0,0,0
FADD,53,RD,64,NAN_PAYLOAD_DIFFERENCE,3,0,3
FADD,53,RD,64,FINITE_NORMAL_VALUE_MISMATCH,0,0,0
FADD,53,RD,64,FINITE_INPUTS,1016006,998962,17044
FADD,53,RD,64,NONFINITE_INPUTS,1386,1038,348
FADD,53,RD,64,EXCEEDS_DOUBLE_MAX_EXP,17,0,17
FADD,53,RD,64,BELOW_DOUBLE_MIN_NORMAL_EXP,36,0,36
FADD,53,RD,64,INPUT_SUBNORMAL,1207,967,240
FADD,53,RD,64,MATCH_VALUE_AND_FLAGS,1017356,1000000,17356
FADD,53,RD,64,PC64_NONNAN_VALUE_MISMATCH,0,0,0
FADD,53,RD,64,MEMORY_VALUE_MISMATCH,3,0,3
FADD,53,RD,64,MEMORY_FINITE_DIFFERENCE,0,0,0
FADD,53,RD,64,UNDERFLOW_DOUBLE_ROUNDING_CANDIDATE,0,0,0
FADD,53,RD,64,STORE_OVERFLOW,17,0,17
FADD,53,RD,64,STORE_UNDERFLOW,0,0,0
FADD,53,RD,64,STORE_INEXACT,17,0,17
FADD,53,RD,64,GUARDED_DOMAIN,1014830,997995,16835
FADD,53,RD,64,GUARDED_VALUE_MISMATCH,0,0,0
FADD,53,RD,64,GUARDED_FLAGS_MISMATCH,0,0,0
FADD,53,RU,64,ALL,1017392,1000000,17392
FADD,53,RU,64,VALUE_MISMATCH,38,0,38
FADD,53,RU,64,FLAGS_MISMATCH,51,0,51
FADD,53,RU,64,EXCEEDS_BASELINE_MAX_EXP,35,0,35
FADD,53,RU,64,BELOW_BASELINE_MIN_NORMAL_EXP,36,0,36
FADD,53,RU,64,SSE_SUBNORMAL_RESULT,36,0,36
FADD,53,RU,64,NAN_PRESENT,1280,1038,242
FADD,53,RU,64,NAN_SIGN_DIFFERENCE,2,0,2
FADD,53,RU,64,NAN_QUIET_DIFFERENCE,0,0,0
FADD,53,RU,64,NAN_PAYLOAD_DIFFERENCE,3,0,3
FADD,53,RU,64,FINITE_NORMAL_VALUE_MISMATCH,0,0,0
FADD,53,RU,64,FINITE_INPUTS,1016006,998962,17044
FADD,53,RU,64,NONFINITE_INPUTS,1386,1038,348
FADD,53,RU,64,EXCEEDS_DOUBLE_MAX_EXP,35,0,35
FADD,53,RU,64,BELOW_DOUBLE_MIN_NORMAL_EXP,36,0,36
FADD,53,RU,64,INPUT_SUBNORMAL,1207,967,240
FADD,53,RU,64,MATCH_VALUE_AND_FLAGS,1017338,1000000,17338
FADD,53,RU,64,PC64_NONNAN_VALUE_MISMATCH,0,0,0
FADD,53,RU,64,MEMORY_VALUE_MISMATCH,3,0,3
FADD,53,RU,64,MEMORY_FINITE_DIFFERENCE,0,0,0
FADD,53,RU,64,UNDERFLOW_DOUBLE_ROUNDING_CANDIDATE,0,0,0
FADD,53,RU,64,STORE_OVERFLOW,35,0,35
FADD,53,RU,64,STORE_UNDERFLOW,0,0,0
FADD,53,RU,64,STORE_INEXACT,35,0,35
FADD,53,RU,64,GUARDED_DOMAIN,1014812,997995,16817
FADD,53,RU,64,GUARDED_VALUE_MISMATCH,0,0,0
FADD,53,RU,64,GUARDED_FLAGS_MISMATCH,0,0,0
FADD,53,RZ,64,ALL,1017392,1000000,17392
FADD,53,RZ,64,VALUE_MISMATCH,8,0,8
FADD,53,RZ,64,FLAGS_MISMATCH,21,0,21
FADD,53,RZ,64,EXCEEDS_BASELINE_MAX_EXP,5,0,5
FADD,53,RZ,64,BELOW_BASELINE_MIN_NORMAL_EXP,36,0,36
FADD,53,RZ,64,SSE_SUBNORMAL_RESULT,36,0,36
FADD,53,RZ,64,NAN_PRESENT,1280,1038,242
FADD,53,RZ,64,NAN_SIGN_DIFFERENCE,2,0,2
FADD,53,RZ,64,NAN_QUIET_DIFFERENCE,0,0,0
FADD,53,RZ,64,NAN_PAYLOAD_DIFFERENCE,3,0,3
FADD,53,RZ,64,FINITE_NORMAL_VALUE_MISMATCH,0,0,0
FADD,53,RZ,64,FINITE_INPUTS,1016006,998962,17044
FADD,53,RZ,64,NONFINITE_INPUTS,1386,1038,348
FADD,53,RZ,64,EXCEEDS_DOUBLE_MAX_EXP,5,0,5
FADD,53,RZ,64,BELOW_DOUBLE_MIN_NORMAL_EXP,36,0,36
FADD,53,RZ,64,INPUT_SUBNORMAL,1207,967,240
FADD,53,RZ,64,MATCH_VALUE_AND_FLAGS,1017368,1000000,17368
FADD,53,RZ,64,PC64_NONNAN_VALUE_MISMATCH,0,0,0
FADD,53,RZ,64,MEMORY_VALUE_MISMATCH,3,0,3
FADD,53,RZ,64,MEMORY_FINITE_DIFFERENCE,0,0,0
FADD,53,RZ,64,UNDERFLOW_DOUBLE_ROUNDING_CANDIDATE,0,0,0
FADD,53,RZ,64,STORE_OVERFLOW,5,0,5
FADD,53,RZ,64,STORE_UNDERFLOW,0,0,0
FADD,53,RZ,64,STORE_INEXACT,5,0,5
FADD,53,RZ,64,GUARDED_DOMAIN,1014838,997995,16843
FADD,53,RZ,64,GUARDED_VALUE_MISMATCH,0,0,0
FADD,53,RZ,64,GUARDED_FLAGS_MISMATCH,0,0,0
FADD,24,RN,32,ALL,1003056,1000000,3056
FADD,24,RN,32,VALUE_MISMATCH,45,37,8
FADD,24,RN,32,FLAGS_MISMATCH,69,48,21
FADD,24,RN,32,EXCEEDS_BASELINE_MAX_EXP,41,36,5
FADD,24,RN,32,BELOW_BASELINE_MIN_NORMAL_EXP,83,47,36
FADD,24,RN,32,SSE_SUBNORMAL_RESULT,83,47,36
FADD,24,RN,32,NAN_PRESENT,8031,7789,242
FADD,24,RN,32,NAN_SIGN_DIFFERENCE,2,0,2
FADD,24,RN,32,NAN_QUIET_DIFFERENCE,0,0,0
FADD,24,RN,32,NAN_PAYLOAD_DIFFERENCE,4,1,3
FADD,24,RN,32,FINITE_NORMAL_VALUE_MISMATCH,0,0,0
FADD,24,RN,32,FINITE_INPUTS,994919,992211,2708
FADD,24,RN,32,NONFINITE_INPUTS,8137,7789,348
FADD,24,RN,32,EXCEEDS_DOUBLE_MAX_EXP,0,0,0
FADD,24,RN,32,BELOW_DOUBLE_MIN_NORMAL_EXP,0,0,0
FADD,24,RN,32,INPUT_SUBNORMAL,8050,7810,240
FADD,24,RN,32,MATCH_VALUE_AND_FLAGS,1002983,999951,3032
FADD,24,RN,32,PC64_NONNAN_VALUE_MISMATCH,0,0,0
FADD,24,RN,32,MEMORY_VALUE_MISMATCH,4,1,3
FADD,24,RN,32,MEMORY_FINITE_DIFFERENCE,0,0,0
FADD,24,RN,32,UNDERFLOW_DOUBLE_ROUNDING_CANDIDATE,0,0,0
FADD,24,RN,32,STORE_OVERFLOW,41,36,5
FADD,24,RN,32,STORE_UNDERFLOW,0,0,0
FADD,24,RN,32,STORE_INEXACT,41,36,5
FADD,24,RN,32,GUARDED_DOMAIN,986870,984363,2507
FADD,24,RN,32,GUARDED_VALUE_MISMATCH,0,0,0
FADD,24,RN,32,GUARDED_FLAGS_MISMATCH,0,0,0
FADD,24,RD,32,ALL,1003056,1000000,3056
FADD,24,RD,32,VALUE_MISMATCH,57,37,20
FADD,24,RD,32,FLAGS_MISMATCH,81,48,33
FADD,24,RD,32,EXCEEDS_BASELINE_MAX_EXP,53,36,17
FADD,24,RD,32,BELOW_BASELINE_MIN_NORMAL_EXP,83,47,36
FADD,24,RD,32,SSE_SUBNORMAL_RESULT,83,47,36
FADD,24,RD,32,NAN_PRESENT,8031,7789,242
FADD,24,RD,32,NAN_SIGN_DIFFERENCE,2,0,2
FADD,24,RD,32,NAN_QUIET_DIFFERENCE,0,0,0
FADD,24,RD,32,NAN_PAYLOAD_DIFFERENCE,4,1,3
FADD,24,RD,32,FINITE_NORMAL_VALUE_MISMATCH,0,0,0
FADD,24,RD,32,FINITE_INPUTS,994919,992211,2708
FADD,24,RD,32,NONFINITE_INPUTS,8137,7789,348
FADD,24,RD,32,EXCEEDS_DOUBLE_MAX_EXP,0,0,0
FADD,24,RD,32,BELOW_DOUBLE_MIN_NORMAL_EXP,0,0,0
FADD,24,RD,32,INPUT_SUBNORMAL,8050,7810,240
FADD,24,RD,32,MATCH_VALUE_AND_FLAGS,1002971,999951,3020
FADD,24,RD,32,PC64_NONNAN_VALUE_MISMATCH,0,0,0
FADD,24,RD,32,MEMORY_VALUE_MISMATCH,4,1,3
FADD,24,RD,32,MEMORY_FINITE_DIFFERENCE,0,0,0
FADD,24,RD,32,UNDERFLOW_DOUBLE_ROUNDING_CANDIDATE,0,0,0
FADD,24,RD,32,STORE_OVERFLOW,53,36,17
FADD,24,RD,32,STORE_UNDERFLOW,0,0,0
FADD,24,RD,32,STORE_INEXACT,53,36,17
FADD,24,RD,32,GUARDED_DOMAIN,986862,984363,2499
FADD,24,RD,32,GUARDED_VALUE_MISMATCH,0,0,0
FADD,24,RD,32,GUARDED_FLAGS_MISMATCH,0,0,0
FADD,24,RU,32,ALL,1003056,1000000,3056
FADD,24,RU,32,VALUE_MISMATCH,75,37,38
FADD,24,RU,32,FLAGS_MISMATCH,99,48,51
FADD,24,RU,32,EXCEEDS_BASELINE_MAX_EXP,71,36,35
FADD,24,RU,32,BELOW_BASELINE_MIN_NORMAL_EXP,83,47,36
FADD,24,RU,32,SSE_SUBNORMAL_RESULT,83,47,36
FADD,24,RU,32,NAN_PRESENT,8031,7789,242
FADD,24,RU,32,NAN_SIGN_DIFFERENCE,2,0,2
FADD,24,RU,32,NAN_QUIET_DIFFERENCE,0,0,0
FADD,24,RU,32,NAN_PAYLOAD_DIFFERENCE,4,1,3
FADD,24,RU,32,FINITE_NORMAL_VALUE_MISMATCH,0,0,0
FADD,24,RU,32,FINITE_INPUTS,994919,992211,2708
FADD,24,RU,32,NONFINITE_INPUTS,8137,7789,348
FADD,24,RU,32,EXCEEDS_DOUBLE_MAX_EXP,0,0,0
FADD,24,RU,32,BELOW_DOUBLE_MIN_NORMAL_EXP,0,0,0
FADD,24,RU,32,INPUT_SUBNORMAL,8050,7810,240
FADD,24,RU,32,MATCH_VALUE_AND_FLAGS,1002953,999951,3002
FADD,24,RU,32,PC64_NONNAN_VALUE_MISMATCH,0,0,0
FADD,24,RU,32,MEMORY_VALUE_MISMATCH,4,1,3
FADD,24,RU,32,MEMORY_FINITE_DIFFERENCE,0,0,0
FADD,24,RU,32,UNDERFLOW_DOUBLE_ROUNDING_CANDIDATE,0,0,0
FADD,24,RU,32,STORE_OVERFLOW,71,36,35
FADD,24,RU,32,STORE_UNDERFLOW,0,0,0
FADD,24,RU,32,STORE_INEXACT,71,36,35
FADD,24,RU,32,GUARDED_DOMAIN,986844,984363,2481
FADD,24,RU,32,GUARDED_VALUE_MISMATCH,0,0,0
FADD,24,RU,32,GUARDED_FLAGS_MISMATCH,0,0,0
FADD,24,RZ,32,ALL,1003056,1000000,3056
FADD,24,RZ,32,VALUE_MISMATCH,45,37,8
FADD,24,RZ,32,FLAGS_MISMATCH,69,48,21
FADD,24,RZ,32,EXCEEDS_BASELINE_MAX_EXP,41,36,5
FADD,24,RZ,32,BELOW_BASELINE_MIN_NORMAL_EXP,83,47,36
FADD,24,RZ,32,SSE_SUBNORMAL_RESULT,83,47,36
FADD,24,RZ,32,NAN_PRESENT,8031,7789,242
FADD,24,RZ,32,NAN_SIGN_DIFFERENCE,2,0,2
FADD,24,RZ,32,NAN_QUIET_DIFFERENCE,0,0,0
FADD,24,RZ,32,NAN_PAYLOAD_DIFFERENCE,4,1,3
FADD,24,RZ,32,FINITE_NORMAL_VALUE_MISMATCH,0,0,0
FADD,24,RZ,32,FINITE_INPUTS,994919,992211,2708
FADD,24,RZ,32,NONFINITE_INPUTS,8137,7789,348
FADD,24,RZ,32,EXCEEDS_DOUBLE_MAX_EXP,0,0,0
FADD,24,RZ,32,BELOW_DOUBLE_MIN_NORMAL_EXP,0,0,0
FADD,24,RZ,32,INPUT_SUBNORMAL,8050,7810,240
FADD,24,RZ,32,MATCH_VALUE_AND_FLAGS,1002983,999951,3032
FADD,24,RZ,32,PC64_NONNAN_VALUE_MISMATCH,0,0,0
FADD,24,RZ,32,MEMORY_VALUE_MISMATCH,4,1,3
FADD,24,RZ,32,MEMORY_FINITE_DIFFERENCE,0,0,0
FADD,24,RZ,32,UNDERFLOW_DOUBLE_ROUNDING_CANDIDATE,0,0,0
FADD,24,RZ,32,STORE_OVERFLOW,41,36,5
FADD,24,RZ,32,STORE_UNDERFLOW,0,0,0
FADD,24,RZ,32,STORE_INEXACT,41,36,5
FADD,24,RZ,32,GUARDED_DOMAIN,986870,984363,2507
FADD,24,RZ,32,GUARDED_VALUE_MISMATCH,0,0,0
FADD,24,RZ,32,GUARDED_FLAGS_MISMATCH,0,0,0
FADD,64,RN,64,ALL,1017392,1000000,17392
FADD,64,RN,64,VALUE_MISMATCH,60898,60648,250
FADD,64,RN,64,FLAGS_MISMATCH,10947,10688,259
FADD,64,RN,64,EXCEEDS_BASELINE_MAX_EXP,5,0,5
FADD,64,RN,64,BELOW_BASELINE_MIN_NORMAL_EXP,36,0,36
FADD,64,RN,64,SSE_SUBNORMAL_RESULT,36,0,36
FADD,64,RN,64,NAN_PRESENT,1280,1038,242
FADD,64,RN,64,NAN_SIGN_DIFFERENCE,2,0,2
FADD,64,RN,64,NAN_QUIET_DIFFERENCE,0,0,0
FADD,64,RN,64,NAN_PAYLOAD_DIFFERENCE,3,0,3
FADD,64,RN,64,FINITE_NORMAL_VALUE_MISMATCH,60890,60648,242
FADD,64,RN,64,FINITE_INPUTS,1016006,998962,17044
FADD,64,RN,64,NONFINITE_INPUTS,1386,1038,348
FADD,64,RN,64,EXCEEDS_DOUBLE_MAX_EXP,5,0,5
FADD,64,RN,64,BELOW_DOUBLE_MIN_NORMAL_EXP,36,0,36
FADD,64,RN,64,INPUT_SUBNORMAL,1207,967,240
FADD,64,RN,64,MATCH_VALUE_AND_FLAGS,956478,939352,17126
FADD,64,RN,64,PC64_NONNAN_VALUE_MISMATCH,60895,60648,247
FADD,64,RN,64,MEMORY_VALUE_MISMATCH,21,16,5
FADD,64,RN,64,MEMORY_FINITE_DIFFERENCE,18,16,2
FADD,64,RN,64,UNDERFLOW_DOUBLE_ROUNDING_CANDIDATE,0,0,0
FADD,64,RN,64,STORE_OVERFLOW,5,0,5
FADD,64,RN,64,STORE_UNDERFLOW,0,0,0
FADD,64,RN,64,STORE_INEXACT,60895,60648,247
FADD,64,RN,64,GUARDED_DOMAIN,1014838,997995,16843
FADD,64,RN,64,GUARDED_VALUE_MISMATCH,60856,60618,238
FADD,64,RN,64,GUARDED_FLAGS_MISMATCH,10918,10684,234
FADD,64,RD,64,ALL,1017392,1000000,17392
FADD,64,RD,64,VALUE_MISMATCH,536600,528568,8032
FADD,64,RD,64,FLAGS_MISMATCH,10959,10688,271
FADD,64,RD,64,EXCEEDS_BASELINE_MAX_EXP,5,0,5
FADD,64,RD,64,BELOW_BASELINE_MIN_NORMAL_EXP,36,0,36
FADD,64,RD,64,SSE_SUBNORMAL_RESULT,36,0,36
FADD,64,RD,64,NAN_PRESENT,1280,1038,242
FADD,64,RD,64,NAN_SIGN_DIFFERENCE,2,0,2
FADD,64,RD,64,NAN_QUIET_DIFFERENCE,0,0,0
FADD,64,RD,64,NAN_PAYLOAD_DIFFERENCE,3,0,3
FADD,64,RD,64,FINITE_NORMAL_VALUE_MISMATCH,536592,528568,8024
FADD,64,RD,64,FINITE_INPUTS,1016006,998962,17044
FADD,64,RD,64,NONFINITE_INPUTS,1386,1038,348
FADD,64,RD,64,EXCEEDS_DOUBLE_MAX_EXP,5,0,5
FADD,64,RD,64,BELOW_DOUBLE_MIN_NORMAL_EXP,36,0,36
FADD,64,RD,64,INPUT_SUBNORMAL,1207,967,240
FADD,64,RD,64,MATCH_VALUE_AND_FLAGS,480776,471432,9344
FADD,64,RD,64,PC64_NONNAN_VALUE_MISMATCH,536597,528568,8029
FADD,64,RD,64,MEMORY_VALUE_MISMATCH,3,0,3
FADD,64,RD,64,MEMORY_FINITE_DIFFERENCE,0,0,0
FADD,64,RD,64,UNDERFLOW_DOUBLE_ROUNDING_CANDIDATE,0,0,0
FADD,64,RD,64,STORE_OVERFLOW,17,0,17
FADD,64,RD,64,STORE_UNDERFLOW,0,0,0
FADD,64,RD,64,STORE_INEXACT,536597,528568,8029
FADD,64,RD,64,GUARDED_DOMAIN,1014838,997995,16843
FADD,64,RD,64,GUARDED_VALUE_MISMATCH,536051,528091,7960
FADD,64,RD,64,GUARDED_FLAGS_MISMATCH,10926,10684,242
FADD,64,RU,64,ALL,1017392,1000000,17392
FADD,64,RU,64,VALUE_MISMATCH,536679,528513,8166
FADD,64,RU,64,FLAGS_MISMATCH,10977,10688,289
FADD,64,RU,64,EXCEEDS_BASELINE_MAX_EXP,5,0,5
FADD,64,RU,64,BELOW_BASELINE_MIN_NORMAL_EXP,36,0,36
FADD,64,RU,64,SSE_SUBNORMAL_RESULT,36,0,36
FADD,64,RU,64,NAN_PRESENT,1280,1038,242
FADD,64,RU,64,NAN_SIGN_DIFFERENCE,2,0,2
FADD,64,RU,64,NAN_QUIET_DIFFERENCE,0,0,0
FADD,64,RU,64,NAN_PAYLOAD_DIFFERENCE,3,0,3
FADD,64,RU,64,FINITE_NORMAL_VALUE_MISMATCH,536671,528513,8158
FADD,64,RU,64,FINITE_INPUTS,1016006,998962,17044
FADD,64,RU,64,NONFINITE_INPUTS,1386,1038,348
FADD,64,RU,64,EXCEEDS_DOUBLE_MAX_EXP,5,0,5
FADD,64,RU,64,BELOW_DOUBLE_MIN_NORMAL_EXP,36,0,36
FADD,64,RU,64,INPUT_SUBNORMAL,1207,967,240
FADD,64,RU,64,MATCH_VALUE_AND_FLAGS,480697,471487,9210
FADD,64,RU,64,PC64_NONNAN_VALUE_MISMATCH,536676,528513,8163
FADD,64,RU,64,MEMORY_VALUE_MISMATCH,3,0,3
FADD,64,RU,64,MEMORY_FINITE_DIFFERENCE,0,0,0
FADD,64,RU,64,UNDERFLOW_DOUBLE_ROUNDING_CANDIDATE,0,0,0
FADD,64,RU,64,STORE_OVERFLOW,35,0,35
FADD,64,RU,64,STORE_UNDERFLOW,0,0,0
FADD,64,RU,64,STORE_INEXACT,536676,528513,8163
FADD,64,RU,64,GUARDED_DOMAIN,1014838,997995,16843
FADD,64,RU,64,GUARDED_VALUE_MISMATCH,536089,527995,8094
FADD,64,RU,64,GUARDED_FLAGS_MISMATCH,10944,10684,260
FADD,64,RZ,64,ALL,1017392,1000000,17392
FADD,64,RZ,64,VALUE_MISMATCH,537209,529145,8064
FADD,64,RZ,64,FLAGS_MISMATCH,10947,10688,259
FADD,64,RZ,64,EXCEEDS_BASELINE_MAX_EXP,5,0,5
FADD,64,RZ,64,BELOW_BASELINE_MIN_NORMAL_EXP,36,0,36
FADD,64,RZ,64,SSE_SUBNORMAL_RESULT,36,0,36
FADD,64,RZ,64,NAN_PRESENT,1280,1038,242
FADD,64,RZ,64,NAN_SIGN_DIFFERENCE,2,0,2
FADD,64,RZ,64,NAN_QUIET_DIFFERENCE,0,0,0
FADD,64,RZ,64,NAN_PAYLOAD_DIFFERENCE,3,0,3
FADD,64,RZ,64,FINITE_NORMAL_VALUE_MISMATCH,537201,529145,8056
FADD,64,RZ,64,FINITE_INPUTS,1016006,998962,17044
FADD,64,RZ,64,NONFINITE_INPUTS,1386,1038,348
FADD,64,RZ,64,EXCEEDS_DOUBLE_MAX_EXP,5,0,5
FADD,64,RZ,64,BELOW_DOUBLE_MIN_NORMAL_EXP,36,0,36
FADD,64,RZ,64,INPUT_SUBNORMAL,1207,967,240
FADD,64,RZ,64,MATCH_VALUE_AND_FLAGS,480167,470855,9312
FADD,64,RZ,64,PC64_NONNAN_VALUE_MISMATCH,537206,529145,8061
FADD,64,RZ,64,MEMORY_VALUE_MISMATCH,3,0,3
FADD,64,RZ,64,MEMORY_FINITE_DIFFERENCE,0,0,0
FADD,64,RZ,64,UNDERFLOW_DOUBLE_ROUNDING_CANDIDATE,0,0,0
FADD,64,RZ,64,STORE_OVERFLOW,5,0,5
FADD,64,RZ,64,STORE_UNDERFLOW,0,0,0
FADD,64,RZ,64,STORE_INEXACT,537206,529145,8061
FADD,64,RZ,64,GUARDED_DOMAIN,1014838,997995,16843
FADD,64,RZ,64,GUARDED_VALUE_MISMATCH,536642,528650,7992
FADD,64,RZ,64,GUARDED_FLAGS_MISMATCH,10918,10684,234
FSUB,53,RN,64,ALL,1017392,1000000,17392
FSUB,53,RN,64,VALUE_MISMATCH,7,0,7
FSUB,53,RN,64,FLAGS_MISMATCH,20,0,20
FSUB,53,RN,64,EXCEEDS_BASELINE_MAX_EXP,4,0,4
FSUB,53,RN,64,BELOW_BASELINE_MIN_NORMAL_EXP,42,0,42
FSUB,53,RN,64,SSE_SUBNORMAL_RESULT,42,0,42
FSUB,53,RN,64,NAN_PRESENT,1280,1038,242
FSUB,53,RN,64,NAN_SIGN_DIFFERENCE,2,0,2
FSUB,53,RN,64,NAN_QUIET_DIFFERENCE,0,0,0
FSUB,53,RN,64,NAN_PAYLOAD_DIFFERENCE,3,0,3
FSUB,53,RN,64,FINITE_NORMAL_VALUE_MISMATCH,0,0,0
FSUB,53,RN,64,FINITE_INPUTS,1016006,998962,17044
FSUB,53,RN,64,NONFINITE_INPUTS,1386,1038,348
FSUB,53,RN,64,EXCEEDS_DOUBLE_MAX_EXP,4,0,4
FSUB,53,RN,64,BELOW_DOUBLE_MIN_NORMAL_EXP,42,0,42
FSUB,53,RN,64,INPUT_SUBNORMAL,1207,967,240
FSUB,53,RN,64,MATCH_VALUE_AND_FLAGS,1017369,1000000,17369
FSUB,53,RN,64,PC64_NONNAN_VALUE_MISMATCH,0,0,0
FSUB,53,RN,64,MEMORY_VALUE_MISMATCH,3,0,3
FSUB,53,RN,64,MEMORY_FINITE_DIFFERENCE,0,0,0
FSUB,53,RN,64,UNDERFLOW_DOUBLE_ROUNDING_CANDIDATE,0,0,0
FSUB,53,RN,64,STORE_OVERFLOW,4,0,4
FSUB,53,RN,64,STORE_UNDERFLOW,0,0,0
FSUB,53,RN,64,STORE_INEXACT,4,0,4
FSUB,53,RN,64,GUARDED_DOMAIN,1014833,997995,16838
FSUB,53,RN,64,GUARDED_VALUE_MISMATCH,0,0,0
FSUB,53,RN,64,GUARDED_FLAGS_MISMATCH,0,0,0
FSUB,53,RD,64,ALL,1017392,1000000,17392
FSUB,53,RD,64,VALUE_MISMATCH,28,0,28
FSUB,53,RD,64,FLAGS_MISMATCH,41,0,41
FSUB,53,RD,64,EXCEEDS_BASELINE_MAX_EXP,25,0,25
FSUB,53,RD,64,BELOW_BASELINE_MIN_NORMAL_EXP,42,0,42
FSUB,53,RD,64,SSE_SUBNORMAL_RESULT,42,0,42
FSUB,53,RD,64,NAN_PRESENT,1280,1038,242
FSUB,53,RD,64,NAN_SIGN_DIFFERENCE,2,0,2
FSUB,53,RD,64,NAN_QUIET_DIFFERENCE,0,0,0
FSUB,53,RD,64,NAN_PAYLOAD_DIFFERENCE,3,0,3
FSUB,53,RD,64,FINITE_NORMAL_VALUE_MISMATCH,0,0,0
FSUB,53,RD,64,FINITE_INPUTS,1016006,998962,17044
FSUB,53,RD,64,NONFINITE_INPUTS,1386,1038,348
FSUB,53,RD,64,EXCEEDS_DOUBLE_MAX_EXP,25,0,25
FSUB,53,RD,64,BELOW_DOUBLE_MIN_NORMAL_EXP,42,0,42
FSUB,53,RD,64,INPUT_SUBNORMAL,1207,967,240
FSUB,53,RD,64,MATCH_VALUE_AND_FLAGS,1017348,1000000,17348
FSUB,53,RD,64,PC64_NONNAN_VALUE_MISMATCH,0,0,0
FSUB,53,RD,64,MEMORY_VALUE_MISMATCH,3,0,3
FSUB,53,RD,64,MEMORY_FINITE_DIFFERENCE,0,0,0
FSUB,53,RD,64,UNDERFLOW_DOUBLE_ROUNDING_CANDIDATE,0,0,0
FSUB,53,RD,64,STORE_OVERFLOW,25,0,25
FSUB,53,RD,64,STORE_UNDERFLOW,0,0,0
FSUB,53,RD,64,STORE_INEXACT,25,0,25
FSUB,53,RD,64,GUARDED_DOMAIN,1014816,997995,16821
FSUB,53,RD,64,GUARDED_VALUE_MISMATCH,0,0,0
FSUB,53,RD,64,GUARDED_FLAGS_MISMATCH,0,0,0
FSUB,53,RU,64,ALL,1017392,1000000,17392
FSUB,53,RU,64,VALUE_MISMATCH,28,0,28
FSUB,53,RU,64,FLAGS_MISMATCH,41,0,41
FSUB,53,RU,64,EXCEEDS_BASELINE_MAX_EXP,25,0,25
FSUB,53,RU,64,BELOW_BASELINE_MIN_NORMAL_EXP,42,0,42
FSUB,53,RU,64,SSE_SUBNORMAL_RESULT,42,0,42
FSUB,53,RU,64,NAN_PRESENT,1280,1038,242
FSUB,53,RU,64,NAN_SIGN_DIFFERENCE,2,0,2
FSUB,53,RU,64,NAN_QUIET_DIFFERENCE,0,0,0
FSUB,53,RU,64,NAN_PAYLOAD_DIFFERENCE,3,0,3
FSUB,53,RU,64,FINITE_NORMAL_VALUE_MISMATCH,0,0,0
FSUB,53,RU,64,FINITE_INPUTS,1016006,998962,17044
FSUB,53,RU,64,NONFINITE_INPUTS,1386,1038,348
FSUB,53,RU,64,EXCEEDS_DOUBLE_MAX_EXP,25,0,25
FSUB,53,RU,64,BELOW_DOUBLE_MIN_NORMAL_EXP,42,0,42
FSUB,53,RU,64,INPUT_SUBNORMAL,1207,967,240
FSUB,53,RU,64,MATCH_VALUE_AND_FLAGS,1017348,1000000,17348
FSUB,53,RU,64,PC64_NONNAN_VALUE_MISMATCH,0,0,0
FSUB,53,RU,64,MEMORY_VALUE_MISMATCH,3,0,3
FSUB,53,RU,64,MEMORY_FINITE_DIFFERENCE,0,0,0
FSUB,53,RU,64,UNDERFLOW_DOUBLE_ROUNDING_CANDIDATE,0,0,0
FSUB,53,RU,64,STORE_OVERFLOW,25,0,25
FSUB,53,RU,64,STORE_UNDERFLOW,0,0,0
FSUB,53,RU,64,STORE_INEXACT,25,0,25
FSUB,53,RU,64,GUARDED_DOMAIN,1014816,997995,16821
FSUB,53,RU,64,GUARDED_VALUE_MISMATCH,0,0,0
FSUB,53,RU,64,GUARDED_FLAGS_MISMATCH,0,0,0
FSUB,53,RZ,64,ALL,1017392,1000000,17392
FSUB,53,RZ,64,VALUE_MISMATCH,7,0,7
FSUB,53,RZ,64,FLAGS_MISMATCH,20,0,20
FSUB,53,RZ,64,EXCEEDS_BASELINE_MAX_EXP,4,0,4
FSUB,53,RZ,64,BELOW_BASELINE_MIN_NORMAL_EXP,42,0,42
FSUB,53,RZ,64,SSE_SUBNORMAL_RESULT,42,0,42
FSUB,53,RZ,64,NAN_PRESENT,1280,1038,242
FSUB,53,RZ,64,NAN_SIGN_DIFFERENCE,2,0,2
FSUB,53,RZ,64,NAN_QUIET_DIFFERENCE,0,0,0
FSUB,53,RZ,64,NAN_PAYLOAD_DIFFERENCE,3,0,3
FSUB,53,RZ,64,FINITE_NORMAL_VALUE_MISMATCH,0,0,0
FSUB,53,RZ,64,FINITE_INPUTS,1016006,998962,17044
FSUB,53,RZ,64,NONFINITE_INPUTS,1386,1038,348
FSUB,53,RZ,64,EXCEEDS_DOUBLE_MAX_EXP,4,0,4
FSUB,53,RZ,64,BELOW_DOUBLE_MIN_NORMAL_EXP,42,0,42
FSUB,53,RZ,64,INPUT_SUBNORMAL,1207,967,240
FSUB,53,RZ,64,MATCH_VALUE_AND_FLAGS,1017369,1000000,17369
FSUB,53,RZ,64,PC64_NONNAN_VALUE_MISMATCH,0,0,0
FSUB,53,RZ,64,MEMORY_VALUE_MISMATCH,3,0,3
FSUB,53,RZ,64,MEMORY_FINITE_DIFFERENCE,0,0,0
FSUB,53,RZ,64,UNDERFLOW_DOUBLE_ROUNDING_CANDIDATE,0,0,0
FSUB,53,RZ,64,STORE_OVERFLOW,4,0,4
FSUB,53,RZ,64,STORE_UNDERFLOW,0,0,0
FSUB,53,RZ,64,STORE_INEXACT,4,0,4
FSUB,53,RZ,64,GUARDED_DOMAIN,1014833,997995,16838
FSUB,53,RZ,64,GUARDED_VALUE_MISMATCH,0,0,0
FSUB,53,RZ,64,GUARDED_FLAGS_MISMATCH,0,0,0
FSUB,24,RN,32,ALL,1003056,1000000,3056
FSUB,24,RN,32,VALUE_MISMATCH,44,37,7
FSUB,24,RN,32,FLAGS_MISMATCH,68,48,20
FSUB,24,RN,32,EXCEEDS_BASELINE_MAX_EXP,40,36,4
FSUB,24,RN,32,BELOW_BASELINE_MIN_NORMAL_EXP,86,44,42
FSUB,24,RN,32,SSE_SUBNORMAL_RESULT,86,44,42
FSUB,24,RN,32,NAN_PRESENT,8031,7789,242
FSUB,24,RN,32,NAN_SIGN_DIFFERENCE,2,0,2
FSUB,24,RN,32,NAN_QUIET_DIFFERENCE,0,0,0
FSUB,24,RN,32,NAN_PAYLOAD_DIFFERENCE,4,1,3
FSUB,24,RN,32,FINITE_NORMAL_VALUE_MISMATCH,0,0,0
FSUB,24,RN,32,FINITE_INPUTS,994919,992211,2708
FSUB,24,RN,32,NONFINITE_INPUTS,8137,7789,348
FSUB,24,RN,32,EXCEEDS_DOUBLE_MAX_EXP,0,0,0
FSUB,24,RN,32,BELOW_DOUBLE_MIN_NORMAL_EXP,0,0,0
FSUB,24,RN,32,INPUT_SUBNORMAL,8050,7810,240
FSUB,24,RN,32,MATCH_VALUE_AND_FLAGS,1002984,999951,3033
FSUB,24,RN,32,PC64_NONNAN_VALUE_MISMATCH,0,0,0
FSUB,24,RN,32,MEMORY_VALUE_MISMATCH,4,1,3
FSUB,24,RN,32,MEMORY_FINITE_DIFFERENCE,0,0,0
FSUB,24,RN,32,UNDERFLOW_DOUBLE_ROUNDING_CANDIDATE,0,0,0
FSUB,24,RN,32,STORE_OVERFLOW,40,36,4
FSUB,24,RN,32,STORE_UNDERFLOW,0,0,0
FSUB,24,RN,32,STORE_INEXACT,40,36,4
FSUB,24,RN,32,GUARDED_DOMAIN,986872,984370,2502
FSUB,24,RN,32,GUARDED_VALUE_MISMATCH,0,0,0
FSUB,24,RN,32,GUARDED_FLAGS_MISMATCH,0,0,0
FSUB,24,RD,32,ALL,1003056,1000000,3056
FSUB,24,RD,32,VALUE_MISMATCH,65,37,28
FSUB,24,RD,32,FLAGS_MISMATCH,89,48,41
FSUB,24,RD,32,EXCEEDS_BASELINE_MAX_EXP,61,36,25
FSUB,24,RD,32,BELOW_BASELINE_MIN_NORMAL_EXP,86,44,42
FSUB,24,RD,32,SSE_SUBNORMAL_RESULT,86,44,42
FSUB,24,RD,32,NAN_PRESENT,8031,7789,242
FSUB,24,RD,32,NAN_SIGN_DIFFERENCE,2,0,2
FSUB,24,RD,32,NAN_QUIET_DIFFERENCE,0,0,0
FSUB,24,RD,32,NAN_PAYLOAD_DIFFERENCE,4,1,3
FSUB,24,RD,32,FINITE_NORMAL_VALUE_MISMATCH,0,0,0
FSUB,24,RD,32,FINITE_INPUTS,994919,992211,2708
FSUB,24,RD,32,NONFINITE_INPUTS,8137,7789,348
FSUB,24,RD,32,EXCEEDS_DOUBLE_MAX_EXP,0,0,0
FSUB,24,RD,32,BELOW_DOUBLE_MIN_NORMAL_EXP,0,0,0
FSUB,24,RD,32,INPUT_SUBNORMAL,8050,7810,240
FSUB,24,RD,32,MATCH_VALUE_AND_FLAGS,1002963,999951,3012
FSUB,24,RD,32,PC64_NONNAN_VALUE_MISMATCH,0,0,0
FSUB,24,RD,32,MEMORY_VALUE_MISMATCH,4,1,3
FSUB,24,RD,32,MEMORY_FINITE_DIFFERENCE,0,0,0
FSUB,24,RD,32,UNDERFLOW_DOUBLE_ROUNDING_CANDIDATE,0,0,0
FSUB,24,RD,32,STORE_OVERFLOW,61,36,25
FSUB,24,RD,32,STORE_UNDERFLOW,0,0,0
FSUB,24,RD,32,STORE_INEXACT,61,36,25
FSUB,24,RD,32,GUARDED_DOMAIN,986855,984370,2485
FSUB,24,RD,32,GUARDED_VALUE_MISMATCH,0,0,0
FSUB,24,RD,32,GUARDED_FLAGS_MISMATCH,0,0,0
FSUB,24,RU,32,ALL,1003056,1000000,3056
FSUB,24,RU,32,VALUE_MISMATCH,65,37,28
FSUB,24,RU,32,FLAGS_MISMATCH,89,48,41
FSUB,24,RU,32,EXCEEDS_BASELINE_MAX_EXP,61,36,25
FSUB,24,RU,32,BELOW_BASELINE_MIN_NORMAL_EXP,86,44,42
FSUB,24,RU,32,SSE_SUBNORMAL_RESULT,86,44,42
FSUB,24,RU,32,NAN_PRESENT,8031,7789,242
FSUB,24,RU,32,NAN_SIGN_DIFFERENCE,2,0,2
FSUB,24,RU,32,NAN_QUIET_DIFFERENCE,0,0,0
FSUB,24,RU,32,NAN_PAYLOAD_DIFFERENCE,4,1,3
FSUB,24,RU,32,FINITE_NORMAL_VALUE_MISMATCH,0,0,0
FSUB,24,RU,32,FINITE_INPUTS,994919,992211,2708
FSUB,24,RU,32,NONFINITE_INPUTS,8137,7789,348
FSUB,24,RU,32,EXCEEDS_DOUBLE_MAX_EXP,0,0,0
FSUB,24,RU,32,BELOW_DOUBLE_MIN_NORMAL_EXP,0,0,0
FSUB,24,RU,32,INPUT_SUBNORMAL,8050,7810,240
FSUB,24,RU,32,MATCH_VALUE_AND_FLAGS,1002963,999951,3012
FSUB,24,RU,32,PC64_NONNAN_VALUE_MISMATCH,0,0,0
FSUB,24,RU,32,MEMORY_VALUE_MISMATCH,4,1,3
FSUB,24,RU,32,MEMORY_FINITE_DIFFERENCE,0,0,0
FSUB,24,RU,32,UNDERFLOW_DOUBLE_ROUNDING_CANDIDATE,0,0,0
FSUB,24,RU,32,STORE_OVERFLOW,61,36,25
FSUB,24,RU,32,STORE_UNDERFLOW,0,0,0
FSUB,24,RU,32,STORE_INEXACT,61,36,25
FSUB,24,RU,32,GUARDED_DOMAIN,986855,984370,2485
FSUB,24,RU,32,GUARDED_VALUE_MISMATCH,0,0,0
FSUB,24,RU,32,GUARDED_FLAGS_MISMATCH,0,0,0
FSUB,24,RZ,32,ALL,1003056,1000000,3056
FSUB,24,RZ,32,VALUE_MISMATCH,44,37,7
FSUB,24,RZ,32,FLAGS_MISMATCH,68,48,20
FSUB,24,RZ,32,EXCEEDS_BASELINE_MAX_EXP,40,36,4
FSUB,24,RZ,32,BELOW_BASELINE_MIN_NORMAL_EXP,86,44,42
FSUB,24,RZ,32,SSE_SUBNORMAL_RESULT,86,44,42
FSUB,24,RZ,32,NAN_PRESENT,8031,7789,242
FSUB,24,RZ,32,NAN_SIGN_DIFFERENCE,2,0,2
FSUB,24,RZ,32,NAN_QUIET_DIFFERENCE,0,0,0
FSUB,24,RZ,32,NAN_PAYLOAD_DIFFERENCE,4,1,3
FSUB,24,RZ,32,FINITE_NORMAL_VALUE_MISMATCH,0,0,0
FSUB,24,RZ,32,FINITE_INPUTS,994919,992211,2708
FSUB,24,RZ,32,NONFINITE_INPUTS,8137,7789,348
FSUB,24,RZ,32,EXCEEDS_DOUBLE_MAX_EXP,0,0,0
FSUB,24,RZ,32,BELOW_DOUBLE_MIN_NORMAL_EXP,0,0,0
FSUB,24,RZ,32,INPUT_SUBNORMAL,8050,7810,240
FSUB,24,RZ,32,MATCH_VALUE_AND_FLAGS,1002984,999951,3033
FSUB,24,RZ,32,PC64_NONNAN_VALUE_MISMATCH,0,0,0
FSUB,24,RZ,32,MEMORY_VALUE_MISMATCH,4,1,3
FSUB,24,RZ,32,MEMORY_FINITE_DIFFERENCE,0,0,0
FSUB,24,RZ,32,UNDERFLOW_DOUBLE_ROUNDING_CANDIDATE,0,0,0
FSUB,24,RZ,32,STORE_OVERFLOW,40,36,4
FSUB,24,RZ,32,STORE_UNDERFLOW,0,0,0
FSUB,24,RZ,32,STORE_INEXACT,40,36,4
FSUB,24,RZ,32,GUARDED_DOMAIN,986872,984370,2502
FSUB,24,RZ,32,GUARDED_VALUE_MISMATCH,0,0,0
FSUB,24,RZ,32,GUARDED_FLAGS_MISMATCH,0,0,0
FSUB,64,RN,64,ALL,1017392,1000000,17392
FSUB,64,RN,64,VALUE_MISMATCH,60879,60642,237
FSUB,64,RN,64,FLAGS_MISMATCH,10932,10682,250
FSUB,64,RN,64,EXCEEDS_BASELINE_MAX_EXP,4,0,4
FSUB,64,RN,64,BELOW_BASELINE_MIN_NORMAL_EXP,42,0,42
FSUB,64,RN,64,SSE_SUBNORMAL_RESULT,42,0,42
FSUB,64,RN,64,NAN_PRESENT,1280,1038,242
FSUB,64,RN,64,NAN_SIGN_DIFFERENCE,2,0,2
FSUB,64,RN,64,NAN_QUIET_DIFFERENCE,0,0,0
FSUB,64,RN,64,NAN_PAYLOAD_DIFFERENCE,3,0,3
FSUB,64,RN,64,FINITE_NORMAL_VALUE_MISMATCH,60872,60642,230
FSUB,64,RN,64,FINITE_INPUTS,1016006,998962,17044
FSUB,64,RN,64,NONFINITE_INPUTS,1386,1038,348
FSUB,64,RN,64,EXCEEDS_DOUBLE_MAX_EXP,4,0,4
FSUB,64,RN,64,BELOW_DOUBLE_MIN_NORMAL_EXP,42,0,42
FSUB,64,RN,64,INPUT_SUBNORMAL,1207,967,240
FSUB,64,RN,64,MATCH_VALUE_AND_FLAGS,956497,939358,17139
FSUB,64,RN,64,PC64_NONNAN_VALUE_MISMATCH,60876,60642,234
FSUB,64,RN,64,MEMORY_VALUE_MISMATCH,19,16,3
FSUB,64,RN,64,MEMORY_FINITE_DIFFERENCE,16,16,0
FSUB,64,RN,64,UNDERFLOW_DOUBLE_ROUNDING_CANDIDATE,0,0,0
FSUB,64,RN,64,STORE_OVERFLOW,4,0,4
FSUB,64,RN,64,STORE_UNDERFLOW,0,0,0
FSUB,64,RN,64,STORE_INEXACT,60876,60642,234
FSUB,64,RN,64,GUARDED_DOMAIN,1014833,997995,16838
FSUB,64,RN,64,GUARDED_VALUE_MISMATCH,60837,60611,226
FSUB,64,RN,64,GUARDED_FLAGS_MISMATCH,10903,10677,226
FSUB,64,RD,64,ALL,1017392,1000000,17392
FSUB,64,RD,64,VALUE_MISMATCH,537126,529038,8088
FSUB,64,RD,64,FLAGS_MISMATCH,10953,10682,271
FSUB,64,RD,64,EXCEEDS_BASELINE_MAX_EXP,4,0,4
FSUB,64,RD,64,BELOW_BASELINE_MIN_NORMAL_EXP,42,0,42
FSUB,64,RD,64,SSE_SUBNORMAL_RESULT,42,0,42
FSUB,64,RD,64,NAN_PRESENT,1280,1038,242
FSUB,64,RD,64,NAN_SIGN_DIFFERENCE,2,0,2
FSUB,64,RD,64,NAN_QUIET_DIFFERENCE,0,0,0
FSUB,64,RD,64,NAN_PAYLOAD_DIFFERENCE,3,0,3
FSUB,64,RD,64,FINITE_NORMAL_VALUE_MISMATCH,537119,529038,8081
FSUB,64,RD,64,FINITE_INPUTS,1016006,998962,17044
FSUB,64,RD,64,NONFINITE_INPUTS,1386,1038,348
FSUB,64,RD,64,EXCEEDS_DOUBLE_MAX_EXP,4,0,4
FSUB,64,RD,64,BELOW_DOUBLE_MIN_NORMAL_EXP,42,0,42
FSUB,64,RD,64,INPUT_SUBNORMAL,1207,967,240
FSUB,64,RD,64,MATCH_VALUE_AND_FLAGS,480250,470962,9288
FSUB,64,RD,64,PC64_NONNAN_VALUE_MISMATCH,537123,529038,8085
FSUB,64,RD,64,MEMORY_VALUE_MISMATCH,3,0,3
FSUB,64,RD,64,MEMORY_FINITE_DIFFERENCE,0,0,0
FSUB,64,RD,64,UNDERFLOW_DOUBLE_ROUNDING_CANDIDATE,0,0,0
FSUB,64,RD,64,STORE_OVERFLOW,25,0,25
FSUB,64,RD,64,STORE_UNDERFLOW,0,0,0
FSUB,64,RD,64,STORE_INEXACT,537123,529038,8085
FSUB,64,RD,64,GUARDED_DOMAIN,1014833,997995,16838
FSUB,64,RD,64,GUARDED_VALUE_MISMATCH,536574,528557,8017
FSUB,64,RD,64,GUARDED_FLAGS_MISMATCH,10920,10677,243
FSUB,64,RU,64,ALL,1017392,1000000,17392
FSUB,64,RU,64,VALUE_MISMATCH,536119,528031,8088
FSUB,64,RU,64,FLAGS_MISMATCH,10953,10682,271
FSUB,64,RU,64,EXCEEDS_BASELINE_MAX_EXP,4,0,4
FSUB,64,RU,64,BELOW_BASELINE_MIN_NORMAL_EXP,42,0,42
FSUB,64,RU,64,SSE_SUBNORMAL_RESULT,42,0,42
FSUB,64,RU,64,NAN_PRESENT,1280,1038,242
FSUB,64,RU,64,NAN_SIGN_DIFFERENCE,2,0,2
FSUB,64,RU,64,NAN_QUIET_DIFFERENCE,0,0,0
FSUB,64,RU,64,NAN_PAYLOAD_DIFFERENCE,3,0,3
FSUB,64,RU,64,FINITE_NORMAL_VALUE_MISMATCH,536112,528031,8081
FSUB,64,RU,64,FINITE_INPUTS,1016006,998962,17044
FSUB,64,RU,64,NONFINITE_INPUTS,1386,1038,348
FSUB,64,RU,64,EXCEEDS_DOUBLE_MAX_EXP,4,0,4
FSUB,64,RU,64,BELOW_DOUBLE_MIN_NORMAL_EXP,42,0,42
FSUB,64,RU,64,INPUT_SUBNORMAL,1207,967,240
FSUB,64,RU,64,MATCH_VALUE_AND_FLAGS,481257,471969,9288
FSUB,64,RU,64,PC64_NONNAN_VALUE_MISMATCH,536116,528031,8085
FSUB,64,RU,64,MEMORY_VALUE_MISMATCH,3,0,3
FSUB,64,RU,64,MEMORY_FINITE_DIFFERENCE,0,0,0
FSUB,64,RU,64,UNDERFLOW_DOUBLE_ROUNDING_CANDIDATE,0,0,0
FSUB,64,RU,64,STORE_OVERFLOW,25,0,25
FSUB,64,RU,64,STORE_UNDERFLOW,0,0,0
FSUB,64,RU,64,STORE_INEXACT,536116,528031,8085
FSUB,64,RU,64,GUARDED_DOMAIN,1014833,997995,16838
FSUB,64,RU,64,GUARDED_VALUE_MISMATCH,535532,527515,8017
FSUB,64,RU,64,GUARDED_FLAGS_MISMATCH,10920,10677,243
FSUB,64,RZ,64,ALL,1017392,1000000,17392
FSUB,64,RZ,64,VALUE_MISMATCH,536045,527930,8115
FSUB,64,RZ,64,FLAGS_MISMATCH,10932,10682,250
FSUB,64,RZ,64,EXCEEDS_BASELINE_MAX_EXP,4,0,4
FSUB,64,RZ,64,BELOW_BASELINE_MIN_NORMAL_EXP,42,0,42
FSUB,64,RZ,64,SSE_SUBNORMAL_RESULT,42,0,42
FSUB,64,RZ,64,NAN_PRESENT,1280,1038,242
FSUB,64,RZ,64,NAN_SIGN_DIFFERENCE,2,0,2
FSUB,64,RZ,64,NAN_QUIET_DIFFERENCE,0,0,0
FSUB,64,RZ,64,NAN_PAYLOAD_DIFFERENCE,3,0,3
FSUB,64,RZ,64,FINITE_NORMAL_VALUE_MISMATCH,536038,527930,8108
FSUB,64,RZ,64,FINITE_INPUTS,1016006,998962,17044
FSUB,64,RZ,64,NONFINITE_INPUTS,1386,1038,348
FSUB,64,RZ,64,EXCEEDS_DOUBLE_MAX_EXP,4,0,4
FSUB,64,RZ,64,BELOW_DOUBLE_MIN_NORMAL_EXP,42,0,42
FSUB,64,RZ,64,INPUT_SUBNORMAL,1207,967,240
FSUB,64,RZ,64,MATCH_VALUE_AND_FLAGS,481331,472070,9261
FSUB,64,RZ,64,PC64_NONNAN_VALUE_MISMATCH,536042,527930,8112
FSUB,64,RZ,64,MEMORY_VALUE_MISMATCH,3,0,3
FSUB,64,RZ,64,MEMORY_FINITE_DIFFERENCE,0,0,0
FSUB,64,RZ,64,UNDERFLOW_DOUBLE_ROUNDING_CANDIDATE,0,0,0
FSUB,64,RZ,64,STORE_OVERFLOW,4,0,4
FSUB,64,RZ,64,STORE_UNDERFLOW,0,0,0
FSUB,64,RZ,64,STORE_INEXACT,536042,527930,8112
FSUB,64,RZ,64,GUARDED_DOMAIN,1014833,997995,16838
FSUB,64,RZ,64,GUARDED_VALUE_MISMATCH,535473,527429,8044
FSUB,64,RZ,64,GUARDED_FLAGS_MISMATCH,10903,10677,226
FMUL,53,RN,64,ALL,1017392,1000000,17392
FMUL,53,RN,64,VALUE_MISMATCH,249764,249569,195
FMUL,53,RN,64,FLAGS_MISMATCH,250016,249808,208
FMUL,53,RN,64,EXCEEDS_BASELINE_MAX_EXP,125056,125019,37
FMUL,53,RN,64,BELOW_BASELINE_MIN_NORMAL_EXP,124982,124789,193
FMUL,53,RN,64,SSE_SUBNORMAL_RESULT,12574,12508,66
FMUL,53,RN,64,NAN_PRESENT,1286,1038,248
FMUL,53,RN,64,NAN_SIGN_DIFFERENCE,2,0,2
FMUL,53,RN,64,NAN_QUIET_DIFFERENCE,0,0,0
FMUL,53,RN,64,NAN_PAYLOAD_DIFFERENCE,3,0,3
FMUL,53,RN,64,FINITE_NORMAL_VALUE_MISMATCH,0,0,0
FMUL,53,RN,64,FINITE_INPUTS,1016006,998962,17044
FMUL,53,RN,64,NONFINITE_INPUTS,1386,1038,348
FMUL,53,RN,64,EXCEEDS_DOUBLE_MAX_EXP,125056,125019,37
FMUL,53,RN,64,BELOW_DOUBLE_MIN_NORMAL_EXP,124982,124789,193
FMUL,53,RN,64,INPUT_SUBNORMAL,1207,967,240
FMUL,53,RN,64,MATCH_VALUE_AND_FLAGS,767373,750192,17181
FMUL,53,RN,64,PC64_NONNAN_VALUE_MISMATCH,0,0,0
FMUL,53,RN,64,MEMORY_VALUE_MISMATCH,123,116,7
FMUL,53,RN,64,MEMORY_FINITE_DIFFERENCE,120,116,4
FMUL,53,RN,64,UNDERFLOW_DOUBLE_ROUNDING_CANDIDATE,120,116,4
FMUL,53,RN,64,STORE_OVERFLOW,125056,125019,37
FMUL,53,RN,64,STORE_UNDERFLOW,124705,124550,155
FMUL,53,RN,64,STORE_INEXACT,249761,249569,192
FMUL,53,RN,64,GUARDED_DOMAIN,765424,748678,16746
FMUL,53,RN,64,GUARDED_VALUE_MISMATCH,0,0,0
FMUL,53,RN,64,GUARDED_FLAGS_MISMATCH,0,0,0
FMUL,53,RD,64,ALL,1017392,1000000,17392
FMUL,53,RD,64,VALUE_MISMATCH,249766,249571,195
FMUL,53,RD,64,FLAGS_MISMATCH,250018,249808,210
FMUL,53,RD,64,EXCEEDS_BASELINE_MAX_EXP,125056,125019,37
FMUL,53,RD,64,BELOW_BASELINE_MIN_NORMAL_EXP,124984,124789,195
FMUL,53,RD,64,SSE_SUBNORMAL_RESULT,68665,68547,118
FMUL,53,RD,64,NAN_PRESENT,1286,1038,248
FMUL,53,RD,64,NAN_SIGN_DIFFERENCE,2,0,2
FMUL,53,RD,64,NAN_QUIET_DIFFERENCE,0,0,0
FMUL,53,RD,64,NAN_PAYLOAD_DIFFERENCE,3,0,3
FMUL,53,RD,64,FINITE_NORMAL_VALUE_MISMATCH,0,0,0
FMUL,53,RD,64,FINITE_INPUTS,1016006,998962,17044
FMUL,53,RD,64,NONFINITE_INPUTS,1386,1038,348
FMUL,53,RD,64,EXCEEDS_DOUBLE_MAX_EXP,125056,125019,37
FMUL,53,RD,64,BELOW_DOUBLE_MIN_NORMAL_EXP,124984,124789,195
FMUL,53,RD,64,INPUT_SUBNORMAL,1207,967,240
FMUL,53,RD,64,MATCH_VALUE_AND_FLAGS,767371,750192,17179
FMUL,53,RD,64,PC64_NONNAN_VALUE_MISMATCH,0,0,0
FMUL,53,RD,64,MEMORY_VALUE_MISMATCH,3,0,3
FMUL,53,RD,64,MEMORY_FINITE_DIFFERENCE,0,0,0
FMUL,53,RD,64,UNDERFLOW_DOUBLE_ROUNDING_CANDIDATE,0,0,0
FMUL,53,RD,64,STORE_OVERFLOW,125056,125019,37
FMUL,53,RD,64,STORE_UNDERFLOW,124707,124552,155
FMUL,53,RD,64,STORE_INEXACT,249763,249571,192
FMUL,53,RD,64,GUARDED_DOMAIN,765424,748678,16746
FMUL,53,RD,64,GUARDED_VALUE_MISMATCH,0,0,0
FMUL,53,RD,64,GUARDED_FLAGS_MISMATCH,0,0,0
FMUL,53,RU,64,ALL,1017392,1000000,17392
FMUL,53,RU,64,VALUE_MISMATCH,249752,249557,195
FMUL,53,RU,64,FLAGS_MISMATCH,250018,249808,210
FMUL,53,RU,64,EXCEEDS_BASELINE_MAX_EXP,125056,125019,37
FMUL,53,RU,64,BELOW_BASELINE_MIN_NORMAL_EXP,124984,124789,195
FMUL,53,RU,64,SSE_SUBNORMAL_RESULT,68662,68525,137
FMUL,53,RU,64,NAN_PRESENT,1286,1038,248
FMUL,53,RU,64,NAN_SIGN_DIFFERENCE,2,0,2
FMUL,53,RU,64,NAN_QUIET_DIFFERENCE,0,0,0
FMUL,53,RU,64,NAN_PAYLOAD_DIFFERENCE,3,0,3
FMUL,53,RU,64,FINITE_NORMAL_VALUE_MISMATCH,0,0,0
FMUL,53,RU,64,FINITE_INPUTS,1016006,998962,17044
FMUL,53,RU,64,NONFINITE_INPUTS,1386,1038,348
FMUL,53,RU,64,EXCEEDS_DOUBLE_MAX_EXP,125056,125019,37
FMUL,53,RU,64,BELOW_DOUBLE_MIN_NORMAL_EXP,124984,124789,195
FMUL,53,RU,64,INPUT_SUBNORMAL,1207,967,240
FMUL,53,RU,64,MATCH_VALUE_AND_FLAGS,767371,750192,17179
FMUL,53,RU,64,PC64_NONNAN_VALUE_MISMATCH,0,0,0
FMUL,53,RU,64,MEMORY_VALUE_MISMATCH,3,0,3
FMUL,53,RU,64,MEMORY_FINITE_DIFFERENCE,0,0,0
FMUL,53,RU,64,UNDERFLOW_DOUBLE_ROUNDING_CANDIDATE,0,0,0
FMUL,53,RU,64,STORE_OVERFLOW,125056,125019,37
FMUL,53,RU,64,STORE_UNDERFLOW,124693,124538,155
FMUL,53,RU,64,STORE_INEXACT,249749,249557,192
FMUL,53,RU,64,GUARDED_DOMAIN,765424,748678,16746
FMUL,53,RU,64,GUARDED_VALUE_MISMATCH,0,0,0
FMUL,53,RU,64,GUARDED_FLAGS_MISMATCH,0,0,0
FMUL,53,RZ,64,ALL,1017392,1000000,17392
FMUL,53,RZ,64,VALUE_MISMATCH,249764,249565,199
FMUL,53,RZ,64,FLAGS_MISMATCH,250020,249808,212
FMUL,53,RZ,64,EXCEEDS_BASELINE_MAX_EXP,125056,125019,37
FMUL,53,RZ,64,BELOW_BASELINE_MIN_NORMAL_EXP,124986,124789,197
FMUL,53,RZ,64,SSE_SUBNORMAL_RESULT,12353,12283,70
FMUL,53,RZ,64,NAN_PRESENT,1286,1038,248
FMUL,53,RZ,64,NAN_SIGN_DIFFERENCE,2,0,2
FMUL,53,RZ,64,NAN_QUIET_DIFFERENCE,0,0,0
FMUL,53,RZ,64,NAN_PAYLOAD_DIFFERENCE,3,0,3
FMUL,53,RZ,64,FINITE_NORMAL_VALUE_MISMATCH,0,0,0
FMUL,53,RZ,64,FINITE_INPUTS,1016006,998962,17044
FMUL,53,RZ,64,NONFINITE_INPUTS,1386,1038,348
FMUL,53,RZ,64,EXCEEDS_DOUBLE_MAX_EXP,125056,125019,37
FMUL,53,RZ,64,BELOW_DOUBLE_MIN_NORMAL_EXP,124986,124789,197
FMUL,53,RZ,64,INPUT_SUBNORMAL,1207,967,240
FMUL,53,RZ,64,MATCH_VALUE_AND_FLAGS,767369,750192,17177
FMUL,53,RZ,64,PC64_NONNAN_VALUE_MISMATCH,0,0,0
FMUL,53,RZ,64,MEMORY_VALUE_MISMATCH,3,0,3
FMUL,53,RZ,64,MEMORY_FINITE_DIFFERENCE,0,0,0
FMUL,53,RZ,64,UNDERFLOW_DOUBLE_ROUNDING_CANDIDATE,0,0,0
FMUL,53,RZ,64,STORE_OVERFLOW,125056,125019,37
FMUL,53,RZ,64,STORE_UNDERFLOW,124705,124546,159
FMUL,53,RZ,64,STORE_INEXACT,249761,249565,196
FMUL,53,RZ,64,GUARDED_DOMAIN,765424,748678,16746
FMUL,53,RZ,64,GUARDED_VALUE_MISMATCH,0,0,0
FMUL,53,RZ,64,GUARDED_FLAGS_MISMATCH,0,0,0
FMUL,24,RN,32,ALL,1003056,1000000,3056
FMUL,24,RN,32,VALUE_MISMATCH,248239,248044,195
FMUL,24,RN,32,FLAGS_MISMATCH,250186,249978,208
FMUL,24,RN,32,EXCEEDS_BASELINE_MAX_EXP,125203,125166,37
FMUL,24,RN,32,BELOW_BASELINE_MIN_NORMAL_EXP,124993,124800,193
FMUL,24,RN,32,SSE_SUBNORMAL_RESULT,42877,42811,66
FMUL,24,RN,32,NAN_PRESENT,8037,7789,248
FMUL,24,RN,32,NAN_SIGN_DIFFERENCE,2,0,2
FMUL,24,RN,32,NAN_QUIET_DIFFERENCE,0,0,0
FMUL,24,RN,32,NAN_PAYLOAD_DIFFERENCE,4,1,3
FMUL,24,RN,32,FINITE_NORMAL_VALUE_MISMATCH,0,0,0
FMUL,24,RN,32,FINITE_INPUTS,994919,992211,2708
FMUL,24,RN,32,NONFINITE_INPUTS,8137,7789,348
FMUL,24,RN,32,EXCEEDS_DOUBLE_MAX_EXP,0,0,0
FMUL,24,RN,32,BELOW_DOUBLE_MIN_NORMAL_EXP,0,0,0
FMUL,24,RN,32,INPUT_SUBNORMAL,8050,7810,240
FMUL,24,RN,32,MATCH_VALUE_AND_FLAGS,752866,750021,2845
FMUL,24,RN,32,PC64_NONNAN_VALUE_MISMATCH,0,0,0
FMUL,24,RN,32,MEMORY_VALUE_MISMATCH,965,958,7
FMUL,24,RN,32,MEMORY_FINITE_DIFFERENCE,961,957,4
FMUL,24,RN,32,UNDERFLOW_DOUBLE_ROUNDING_CANDIDATE,961,957,4
FMUL,24,RN,32,STORE_OVERFLOW,125203,125166,37
FMUL,24,RN,32,STORE_UNDERFLOW,123032,122877,155
FMUL,24,RN,32,STORE_INEXACT,248235,248043,192
FMUL,24,RN,32,GUARDED_DOMAIN,740746,738336,2410
FMUL,24,RN,32,GUARDED_VALUE_MISMATCH,0,0,0
FMUL,24,RN,32,GUARDED_FLAGS_MISMATCH,0,0,0
FMUL,24,RD,32,ALL,1003056,1000000,3056
FMUL,24,RD,32,VALUE_MISMATCH,248271,248076,195
FMUL,24,RD,32,FLAGS_MISMATCH,250188,249978,210
FMUL,24,RD,32,EXCEEDS_BASELINE_MAX_EXP,125203,125166,37
FMUL,24,RD,32,BELOW_BASELINE_MIN_NORMAL_EXP,124995,124800,195
FMUL,24,RD,32,SSE_SUBNORMAL_RESULT,83172,83054,118
FMUL,24,RD,32,NAN_PRESENT,8037,7789,248
FMUL,24,RD,32,NAN_SIGN_DIFFERENCE,2,0,2
FMUL,24,RD,32,NAN_QUIET_DIFFERENCE,0,0,0
FMUL,24,RD,32,NAN_PAYLOAD_DIFFERENCE,4,1,3
FMUL,24,RD,32,FINITE_NORMAL_VALUE_MISMATCH,0,0,0
FMUL,24,RD,32,FINITE_INPUTS,994919,992211,2708
FMUL,24,RD,32,NONFINITE_INPUTS,8137,7789,348
FMUL,24,RD,32,EXCEEDS_DOUBLE_MAX_EXP,0,0,0
FMUL,24,RD,32,BELOW_DOUBLE_MIN_NORMAL_EXP,0,0,0
FMUL,24,RD,32,INPUT_SUBNORMAL,8050,7810,240
FMUL,24,RD,32,MATCH_VALUE_AND_FLAGS,752864,750021,2843
FMUL,24,RD,32,PC64_NONNAN_VALUE_MISMATCH,0,0,0
FMUL,24,RD,32,MEMORY_VALUE_MISMATCH,4,1,3
FMUL,24,RD,32,MEMORY_FINITE_DIFFERENCE,0,0,0
FMUL,24,RD,32,UNDERFLOW_DOUBLE_ROUNDING_CANDIDATE,0,0,0
FMUL,24,RD,32,STORE_OVERFLOW,125203,125166,37
FMUL,24,RD,32,STORE_UNDERFLOW,123064,122909,155
FMUL,24,RD,32,STORE_INEXACT,248267,248075,192
FMUL,24,RD,32,GUARDED_DOMAIN,740746,738336,2410
FMUL,24,RD,32,GUARDED_VALUE_MISMATCH,0,0,0
FMUL,24,RD,32,GUARDED_FLAGS_MISMATCH,0,0,0
FMUL,24,RU,32,ALL,1003056,1000000,3056
FMUL,24,RU,32,VALUE_MISMATCH,248261,248066,195
FMUL,24,RU,32,FLAGS_MISMATCH,250188,249978,210
FMUL,24,RU,32,EXCEEDS_BASELINE_MAX_EXP,125203,125166,37
FMUL,24,RU,32,BELOW_BASELINE_MIN_NORMAL_EXP,124995,124800,195
FMUL,24,RU,32,SSE_SUBNORMAL_RESULT,83123,82986,137
FMUL,24,RU,32,NAN_PRESENT,8037,7789,248
FMUL,24,RU,32,NAN_SIGN_DIFFERENCE,2,0,2
FMUL,24,RU,32,NAN_QUIET_DIFFERENCE,0,0,0
FMUL,24,RU,32,NAN_PAYLOAD_DIFFERENCE,4,1,3
FMUL,24,RU,32,FINITE_NORMAL_VALUE_MISMATCH,0,0,0
FMUL,24,RU,32,FINITE_INPUTS,994919,992211,2708
FMUL,24,RU,32,NONFINITE_INPUTS,8137,7789,348
FMUL,24,RU,32,EXCEEDS_DOUBLE_MAX_EXP,0,0,0
FMUL,24,RU,32,BELOW_DOUBLE_MIN_NORMAL_EXP,0,0,0
FMUL,24,RU,32,INPUT_SUBNORMAL,8050,7810,240
FMUL,24,RU,32,MATCH_VALUE_AND_FLAGS,752864,750021,2843
FMUL,24,RU,32,PC64_NONNAN_VALUE_MISMATCH,0,0,0
FMUL,24,RU,32,MEMORY_VALUE_MISMATCH,4,1,3
FMUL,24,RU,32,MEMORY_FINITE_DIFFERENCE,0,0,0
FMUL,24,RU,32,UNDERFLOW_DOUBLE_ROUNDING_CANDIDATE,0,0,0
FMUL,24,RU,32,STORE_OVERFLOW,125203,125166,37
FMUL,24,RU,32,STORE_UNDERFLOW,123054,122899,155
FMUL,24,RU,32,STORE_INEXACT,248257,248065,192
FMUL,24,RU,32,GUARDED_DOMAIN,740746,738336,2410
FMUL,24,RU,32,GUARDED_VALUE_MISMATCH,0,0,0
FMUL,24,RU,32,GUARDED_FLAGS_MISMATCH,0,0,0
FMUL,24,RZ,32,ALL,1003056,1000000,3056
FMUL,24,RZ,32,VALUE_MISMATCH,248221,248022,199
FMUL,24,RZ,32,FLAGS_MISMATCH,250190,249978,212
FMUL,24,RZ,32,EXCEEDS_BASELINE_MAX_EXP,125203,125166,37
FMUL,24,RZ,32,BELOW_BASELINE_MIN_NORMAL_EXP,124997,124800,197
FMUL,24,RZ,32,SSE_SUBNORMAL_RESULT,41310,41240,70
FMUL,24,RZ,32,NAN_PRESENT,8037,7789,248
FMUL,24,RZ,32,NAN_SIGN_DIFFERENCE,2,0,2
FMUL,24,RZ,32,NAN_QUIET_DIFFERENCE,0,0,0
FMUL,24,RZ,32,NAN_PAYLOAD_DIFFERENCE,4,1,3
FMUL,24,RZ,32,FINITE_NORMAL_VALUE_MISMATCH,0,0,0
FMUL,24,RZ,32,FINITE_INPUTS,994919,992211,2708
FMUL,24,RZ,32,NONFINITE_INPUTS,8137,7789,348
FMUL,24,RZ,32,EXCEEDS_DOUBLE_MAX_EXP,0,0,0
FMUL,24,RZ,32,BELOW_DOUBLE_MIN_NORMAL_EXP,0,0,0
FMUL,24,RZ,32,INPUT_SUBNORMAL,8050,7810,240
FMUL,24,RZ,32,MATCH_VALUE_AND_FLAGS,752862,750021,2841
FMUL,24,RZ,32,PC64_NONNAN_VALUE_MISMATCH,0,0,0
FMUL,24,RZ,32,MEMORY_VALUE_MISMATCH,4,1,3
FMUL,24,RZ,32,MEMORY_FINITE_DIFFERENCE,0,0,0
FMUL,24,RZ,32,UNDERFLOW_DOUBLE_ROUNDING_CANDIDATE,0,0,0
FMUL,24,RZ,32,STORE_OVERFLOW,125203,125166,37
FMUL,24,RZ,32,STORE_UNDERFLOW,123014,122855,159
FMUL,24,RZ,32,STORE_INEXACT,248217,248021,196
FMUL,24,RZ,32,GUARDED_DOMAIN,740746,738336,2410
FMUL,24,RZ,32,GUARDED_VALUE_MISMATCH,0,0,0
FMUL,24,RZ,32,GUARDED_FLAGS_MISMATCH,0,0,0
FMUL,64,RN,64,ALL,1017392,1000000,17392
FMUL,64,RN,64,VALUE_MISMATCH,998794,998585,209
FMUL,64,RN,64,FLAGS_MISMATCH,250016,249808,208
FMUL,64,RN,64,EXCEEDS_BASELINE_MAX_EXP,125056,125019,37
FMUL,64,RN,64,BELOW_BASELINE_MIN_NORMAL_EXP,124982,124789,193
FMUL,64,RN,64,SSE_SUBNORMAL_RESULT,12574,12508,66
FMUL,64,RN,64,NAN_PRESENT,1286,1038,248
FMUL,64,RN,64,NAN_SIGN_DIFFERENCE,2,0,2
FMUL,64,RN,64,NAN_QUIET_DIFFERENCE,0,0,0
FMUL,64,RN,64,NAN_PAYLOAD_DIFFERENCE,3,0,3
FMUL,64,RN,64,FINITE_NORMAL_VALUE_MISMATCH,748791,748777,14
FMUL,64,RN,64,FINITE_INPUTS,1016006,998962,17044
FMUL,64,RN,64,NONFINITE_INPUTS,1386,1038,348
FMUL,64,RN,64,EXCEEDS_DOUBLE_MAX_EXP,125056,125019,37
FMUL,64,RN,64,BELOW_DOUBLE_MIN_NORMAL_EXP,124982,124789,193
FMUL,64,RN,64,INPUT_SUBNORMAL,1207,967,240
FMUL,64,RN,64,MATCH_VALUE_AND_FLAGS,18582,1415,17167
FMUL,64,RN,64,PC64_NONNAN_VALUE_MISMATCH,998791,998585,206
FMUL,64,RN,64,MEMORY_VALUE_MISMATCH,199,192,7
FMUL,64,RN,64,MEMORY_FINITE_DIFFERENCE,196,192,4
FMUL,64,RN,64,UNDERFLOW_DOUBLE_ROUNDING_CANDIDATE,0,0,0
FMUL,64,RN,64,STORE_OVERFLOW,125056,125019,37
FMUL,64,RN,64,STORE_UNDERFLOW,124944,124789,155
FMUL,64,RN,64,STORE_INEXACT,998791,998585,206
FMUL,64,RN,64,GUARDED_DOMAIN,765424,748678,16746
FMUL,64,RN,64,GUARDED_VALUE_MISMATCH,748316,748302,14
FMUL,64,RN,64,GUARDED_FLAGS_MISMATCH,0,0,0
FMUL,64,RD,64,ALL,1017392,1000000,17392
FMUL,64,RD,64,VALUE_MISMATCH,998795,998574,221
FMUL,64,RD,64,FLAGS_MISMATCH,250018,249808,210
FMUL,64,RD,64,EXCEEDS_BASELINE_MAX_EXP,125056,125019,37
FMUL,64,RD,64,BELOW_BASELINE_MIN_NORMAL_EXP,124984,124789,195
FMUL,64,RD,64,SSE_SUBNORMAL_RESULT,68665,68547,118
FMUL,64,RD,64,NAN_PRESENT,1286,1038,248
FMUL,64,RD,64,NAN_SIGN_DIFFERENCE,2,0,2
FMUL,64,RD,64,NAN_QUIET_DIFFERENCE,0,0,0
FMUL,64,RD,64,NAN_PAYLOAD_DIFFERENCE,3,0,3
FMUL,64,RD,64,FINITE_NORMAL_VALUE_MISMATCH,748790,748766,24
FMUL,64,RD,64,FINITE_INPUTS,1016006,998962,17044
FMUL,64,RD,64,NONFINITE_INPUTS,1386,1038,348
FMUL,64,RD,64,EXCEEDS_DOUBLE_MAX_EXP,125056,125019,37
FMUL,64,RD,64,BELOW_DOUBLE_MIN_NORMAL_EXP,124984,124789,195
FMUL,64,RD,64,INPUT_SUBNORMAL,1207,967,240
FMUL,64,RD,64,MATCH_VALUE_AND_FLAGS,18581,1426,17155
FMUL,64,RD,64,PC64_NONNAN_VALUE_MISMATCH,998792,998574,218
FMUL,64,RD,64,MEMORY_VALUE_MISMATCH,3,0,3
FMUL,64,RD,64,MEMORY_FINITE_DIFFERENCE,0,0,0
FMUL,64,RD,64,UNDERFLOW_DOUBLE_ROUNDING_CANDIDATE,0,0,0
FMUL,64,RD,64,STORE_OVERFLOW,125056,125019,37
FMUL,64,RD,64,STORE_UNDERFLOW,124946,124789,157
FMUL,64,RD,64,STORE_INEXACT,998792,998574,218
FMUL,64,RD,64,GUARDED_DOMAIN,765424,748678,16746
FMUL,64,RD,64,GUARDED_VALUE_MISMATCH,748309,748291,18
FMUL,64,RD,64,GUARDED_FLAGS_MISMATCH,0,0,0
FMUL,64,RU,64,ALL,1017392,1000000,17392
FMUL,64,RU,64,VALUE_MISMATCH,998830,998598,232
FMUL,64,RU,64,FLAGS_MISMATCH,250018,249808,210
FMUL,64,RU,64,EXCEEDS_BASELINE_MAX_EXP,125056,125019,37
FMUL,64,RU,64,BELOW_BASELINE_MIN_NORMAL_EXP,124984,124789,195
FMUL,64,RU,64,SSE_SUBNORMAL_RESULT,68662,68525,137
FMUL,64,RU,64,NAN_PRESENT,1286,1038,248
FMUL,64,RU,64,NAN_SIGN_DIFFERENCE,2,0,2
FMUL,64,RU,64,NAN_QUIET_DIFFERENCE,0,0,0
FMUL,64,RU,64,NAN_PAYLOAD_DIFFERENCE,3,0,3
FMUL,64,RU,64,FINITE_NORMAL_VALUE_MISMATCH,748825,748790,35
FMUL,64,RU,64,FINITE_INPUTS,1016006,998962,17044
FMUL,64,RU,64,NONFINITE_INPUTS,1386,1038,348
FMUL,64,RU,64,EXCEEDS_DOUBLE_MAX_EXP,125056,125019,37
FMUL,64,RU,64,BELOW_DOUBLE_MIN_NORMAL_EXP,124984,124789,195
FMUL,64,RU,64,INPUT_SUBNORMAL,1207,967,240
FMUL,64,RU,64,MATCH_VALUE_AND_FLAGS,18546,1402,17144
FMUL,64,RU,64,PC64_NONNAN_VALUE_MISMATCH,998827,998598,229
FMUL,64,RU,64,MEMORY_VALUE_MISMATCH,3,0,3
FMUL,64,RU,64,MEMORY_FINITE_DIFFERENCE,0,0,0
FMUL,64,RU,64,UNDERFLOW_DOUBLE_ROUNDING_CANDIDATE,0,0,0
FMUL,64,RU,64,STORE_OVERFLOW,125056,125019,37
FMUL,64,RU,64,STORE_UNDERFLOW,124946,124789,157
FMUL,64,RU,64,STORE_INEXACT,998827,998598,229
FMUL,64,RU,64,GUARDED_DOMAIN,765424,748678,16746
FMUL,64,RU,64,GUARDED_VALUE_MISMATCH,748343,748314,29
FMUL,64,RU,64,GUARDED_FLAGS_MISMATCH,0,0,0
FMUL,64,RZ,64,ALL,1017392,1000000,17392
FMUL,64,RZ,64,VALUE_MISMATCH,998808,998595,213
FMUL,64,RZ,64,FLAGS_MISMATCH,250020,249808,212
FMUL,64,RZ,64,EXCEEDS_BASELINE_MAX_EXP,125056,125019,37
FMUL,64,RZ,64,BELOW_BASELINE_MIN_NORMAL_EXP,124986,124789,197
FMUL,64,RZ,64,SSE_SUBNORMAL_RESULT,12353,12283,70
FMUL,64,RZ,64,NAN_PRESENT,1286,1038,248
FMUL,64,RZ,64,NAN_SIGN_DIFFERENCE,2,0,2
FMUL,64,RZ,64,NAN_QUIET_DIFFERENCE,0,0,0
FMUL,64,RZ,64,NAN_PAYLOAD_DIFFERENCE,3,0,3
FMUL,64,RZ,64,FINITE_NORMAL_VALUE_MISMATCH,748801,748787,14
FMUL,64,RZ,64,FINITE_INPUTS,1016006,998962,17044
FMUL,64,RZ,64,NONFINITE_INPUTS,1386,1038,348
FMUL,64,RZ,64,EXCEEDS_DOUBLE_MAX_EXP,125056,125019,37
FMUL,64,RZ,64,BELOW_DOUBLE_MIN_NORMAL_EXP,124986,124789,197
FMUL,64,RZ,64,INPUT_SUBNORMAL,1207,967,240
FMUL,64,RZ,64,MATCH_VALUE_AND_FLAGS,18568,1405,17163
FMUL,64,RZ,64,PC64_NONNAN_VALUE_MISMATCH,998805,998595,210
FMUL,64,RZ,64,MEMORY_VALUE_MISMATCH,3,0,3
FMUL,64,RZ,64,MEMORY_FINITE_DIFFERENCE,0,0,0
FMUL,64,RZ,64,UNDERFLOW_DOUBLE_ROUNDING_CANDIDATE,0,0,0
FMUL,64,RZ,64,STORE_OVERFLOW,125056,125019,37
FMUL,64,RZ,64,STORE_UNDERFLOW,124948,124789,159
FMUL,64,RZ,64,STORE_INEXACT,998805,998595,210
FMUL,64,RZ,64,GUARDED_DOMAIN,765424,748678,16746
FMUL,64,RZ,64,GUARDED_VALUE_MISMATCH,748325,748311,14
FMUL,64,RZ,64,GUARDED_FLAGS_MISMATCH,0,0,0
FDIV,53,RN,64,ALL,1017392,1000000,17392
FDIV,53,RN,64,VALUE_MISMATCH,250567,250402,165
FDIV,53,RN,64,FLAGS_MISMATCH,250830,250640,190
FDIV,53,RN,64,EXCEEDS_BASELINE_MAX_EXP,125246,125167,79
FDIV,53,RN,64,BELOW_BASELINE_MIN_NORMAL_EXP,125584,125473,111
FDIV,53,RN,64,SSE_SUBNORMAL_RESULT,12585,12523,62
FDIV,53,RN,64,NAN_PRESENT,1286,1038,248
FDIV,53,RN,64,NAN_SIGN_DIFFERENCE,2,0,2
FDIV,53,RN,64,NAN_QUIET_DIFFERENCE,0,0,0
FDIV,53,RN,64,NAN_PAYLOAD_DIFFERENCE,3,0,3
FDIV,53,RN,64,FINITE_NORMAL_VALUE_MISMATCH,0,0,0
FDIV,53,RN,64,FINITE_INPUTS,1016006,998962,17044
FDIV,53,RN,64,NONFINITE_INPUTS,1386,1038,348
FDIV,53,RN,64,EXCEEDS_DOUBLE_MAX_EXP,125246,125167,79
FDIV,53,RN,64,BELOW_DOUBLE_MIN_NORMAL_EXP,125584,125473,111
FDIV,53,RN,64,INPUT_SUBNORMAL,1207,967,240
FDIV,53,RN,64,MATCH_VALUE_AND_FLAGS,766559,749360,17199
FDIV,53,RN,64,PC64_NONNAN_VALUE_MISMATCH,0,0,0
FDIV,53,RN,64,MEMORY_VALUE_MISMATCH,128,123,5
FDIV,53,RN,64,MEMORY_FINITE_DIFFERENCE,125,123,2
FDIV,53,RN,64,UNDERFLOW_DOUBLE_ROUNDING_CANDIDATE,125,123,2
FDIV,53,RN,64,STORE_OVERFLOW,125246,125167,79
FDIV,53,RN,64,STORE_UNDERFLOW,125318,125235,83
FDIV,53,RN,64,STORE_INEXACT,250564,250402,162
FDIV,53,RN,64,GUARDED_DOMAIN,764533,747831,16702
FDIV,53,RN,64,GUARDED_VALUE_MISMATCH,0,0,0
FDIV,53,RN,64,GUARDED_FLAGS_MISMATCH,0,0,0
FDIV,53,RD,64,ALL,1017392,1000000,17392
FDIV,53,RD,64,VALUE_MISMATCH,250578,250420,158
FDIV,53,RD,64,FLAGS_MISMATCH,250830,250640,190
FDIV,53,RD,64,EXCEEDS_BASELINE_MAX_EXP,125246,125167,79
FDIV,53,RD,64,BELOW_BASELINE_MIN_NORMAL_EXP,125584,125473,111
FDIV,53,RD,64,SSE_SUBNORMAL_RESULT,69142,69065,77
FDIV,53,RD,64,NAN_PRESENT,1286,1038,248
FDIV,53,RD,64,NAN_SIGN_DIFFERENCE,2,0,2
FDIV,53,RD,64,NAN_QUIET_DIFFERENCE,0,0,0
FDIV,53,RD,64,NAN_PAYLOAD_DIFFERENCE,3,0,3
FDIV,53,RD,64,FINITE_NORMAL_VALUE_MISMATCH,0,0,0
FDIV,53,RD,64,FINITE_INPUTS,1016006,998962,17044
FDIV,53,RD,64,NONFINITE_INPUTS,1386,1038,348
FDIV,53,RD,64,EXCEEDS_DOUBLE_MAX_EXP,125246,125167,79
FDIV,53,RD,64,BELOW_DOUBLE_MIN_NORMAL_EXP,125584,125473,111
FDIV,53,RD,64,INPUT_SUBNORMAL,1207,967,240
FDIV,53,RD,64,MATCH_VALUE_AND_FLAGS,766559,749360,17199
FDIV,53,RD,64,PC64_NONNAN_VALUE_MISMATCH,0,0,0
FDIV,53,RD,64,MEMORY_VALUE_MISMATCH,3,0,3
FDIV,53,RD,64,MEMORY_FINITE_DIFFERENCE,0,0,0
FDIV,53,RD,64,UNDERFLOW_DOUBLE_ROUNDING_CANDIDATE,0,0,0
FDIV,53,RD,64,STORE_OVERFLOW,125246,125167,79
FDIV,53,RD,64,STORE_UNDERFLOW,125329,125253,76
FDIV,53,RD,64,STORE_INEXACT,250575,250420,155
FDIV,53,RD,64,GUARDED_DOMAIN,764533,747831,16702
FDIV,53,RD,64,GUARDED_VALUE_MISMATCH,0,0,0
FDIV,53,RD,64,GUARDED_FLAGS_MISMATCH,0,0,0
FDIV,53,RU,64,ALL,1017392,1000000,17392
FDIV,53,RU,64,VALUE_MISMATCH,250551,250392,159
FDIV,53,RU,64,FLAGS_MISMATCH,250830,250640,190
FDIV,53,RU,64,EXCEEDS_BASELINE_MAX_EXP,125246,125167,79
FDIV,53,RU,64,BELOW_BASELINE_MIN_NORMAL_EXP,125584,125473,111
FDIV,53,RU,64,SSE_SUBNORMAL_RESULT,68787,68702,85
FDIV,53,RU,64,NAN_PRESENT,1286,1038,248
FDIV,53,RU,64,NAN_SIGN_DIFFERENCE,2,0,2
FDIV,53,RU,64,NAN_QUIET_DIFFERENCE,0,0,0
FDIV,53,RU,64,NAN_PAYLOAD_DIFFERENCE,3,0,3
FDIV,53,RU,64,FINITE_NORMAL_VALUE_MISMATCH,0,0,0
FDIV,53,RU,64,FINITE_INPUTS,1016006,998962,17044
FDIV,53,RU,64,NONFINITE_INPUTS,1386,1038,348
FDIV,53,RU,64,EXCEEDS_DOUBLE_MAX_EXP,125246,125167,79
FDIV,53,RU,64,BELOW_DOUBLE_MIN_NORMAL_EXP,125584,125473,111
FDIV,53,RU,64,INPUT_SUBNORMAL,1207,967,240
FDIV,53,RU,64,MATCH_VALUE_AND_FLAGS,766559,749360,17199
FDIV,53,RU,64,PC64_NONNAN_VALUE_MISMATCH,0,0,0
FDIV,53,RU,64,MEMORY_VALUE_MISMATCH,3,0,3
FDIV,53,RU,64,MEMORY_FINITE_DIFFERENCE,0,0,0
FDIV,53,RU,64,UNDERFLOW_DOUBLE_ROUNDING_CANDIDATE,0,0,0
FDIV,53,RU,64,STORE_OVERFLOW,125246,125167,79
FDIV,53,RU,64,STORE_UNDERFLOW,125302,125225,77
FDIV,53,RU,64,STORE_INEXACT,250548,250392,156
FDIV,53,RU,64,GUARDED_DOMAIN,764533,747831,16702
FDIV,53,RU,64,GUARDED_VALUE_MISMATCH,0,0,0
FDIV,53,RU,64,GUARDED_FLAGS_MISMATCH,0,0,0
FDIV,53,RZ,64,ALL,1017392,1000000,17392
FDIV,53,RZ,64,VALUE_MISMATCH,250552,250404,148
FDIV,53,RZ,64,FLAGS_MISMATCH,250830,250640,190
FDIV,53,RZ,64,EXCEEDS_BASELINE_MAX_EXP,125246,125167,79
FDIV,53,RZ,64,BELOW_BASELINE_MIN_NORMAL_EXP,125584,125473,111
FDIV,53,RZ,64,SSE_SUBNORMAL_RESULT,12351,12294,57
FDIV,53,RZ,64,NAN_PRESENT,1286,1038,248
FDIV,53,RZ,64,NAN_SIGN_DIFFERENCE,2,0,2
FDIV,53,RZ,64,NAN_QUIET_DIFFERENCE,0,0,0
FDIV,53,RZ,64,NAN_PAYLOAD_DIFFERENCE,3,0,3
FDIV,53,RZ,64,FINITE_NORMAL_VALUE_MISMATCH,0,0,0
FDIV,53,RZ,64,FINITE_INPUTS,1016006,998962,17044
FDIV,53,RZ,64,NONFINITE_INPUTS,1386,1038,348
FDIV,53,RZ,64,EXCEEDS_DOUBLE_MAX_EXP,125246,125167,79
FDIV,53,RZ,64,BELOW_DOUBLE_MIN_NORMAL_EXP,125584,125473,111
FDIV,53,RZ,64,INPUT_SUBNORMAL,1207,967,240
FDIV,53,RZ,64,MATCH_VALUE_AND_FLAGS,766559,749360,17199
FDIV,53,RZ,64,PC64_NONNAN_VALUE_MISMATCH,0,0,0
FDIV,53,RZ,64,MEMORY_VALUE_MISMATCH,3,0,3
FDIV,53,RZ,64,MEMORY_FINITE_DIFFERENCE,0,0,0
FDIV,53,RZ,64,UNDERFLOW_DOUBLE_ROUNDING_CANDIDATE,0,0,0
FDIV,53,RZ,64,STORE_OVERFLOW,125246,125167,79
FDIV,53,RZ,64,STORE_UNDERFLOW,125303,125237,66
FDIV,53,RZ,64,STORE_INEXACT,250549,250404,145
FDIV,53,RZ,64,GUARDED_DOMAIN,764533,747831,16702
FDIV,53,RZ,64,GUARDED_VALUE_MISMATCH,0,0,0
FDIV,53,RZ,64,GUARDED_FLAGS_MISMATCH,0,0,0
FDIV,24,RN,32,ALL,1003056,1000000,3056
FDIV,24,RN,32,VALUE_MISMATCH,248119,247954,165
FDIV,24,RN,32,FLAGS_MISMATCH,250084,249894,190
FDIV,24,RN,32,EXCEEDS_BASELINE_MAX_EXP,123942,123863,79
FDIV,24,RN,32,BELOW_BASELINE_MIN_NORMAL_EXP,126130,126019,111
FDIV,24,RN,32,SSE_SUBNORMAL_RESULT,42808,42746,62
FDIV,24,RN,32,NAN_PRESENT,8037,7789,248
FDIV,24,RN,32,NAN_SIGN_DIFFERENCE,2,0,2
FDIV,24,RN,32,NAN_QUIET_DIFFERENCE,0,0,0
FDIV,24,RN,32,NAN_PAYLOAD_DIFFERENCE,4,1,3
FDIV,24,RN,32,FINITE_NORMAL_VALUE_MISMATCH,0,0,0
FDIV,24,RN,32,FINITE_INPUTS,994919,992211,2708
FDIV,24,RN,32,NONFINITE_INPUTS,8137,7789,348
FDIV,24,RN,32,EXCEEDS_DOUBLE_MAX_EXP,0,0,0
FDIV,24,RN,32,BELOW_DOUBLE_MIN_NORMAL_EXP,0,0,0
FDIV,24,RN,32,INPUT_SUBNORMAL,8050,7810,240
FDIV,24,RN,32,MATCH_VALUE_AND_FLAGS,752968,750105,2863
FDIV,24,RN,32,PC64_NONNAN_VALUE_MISMATCH,0,0,0
FDIV,24,RN,32,MEMORY_VALUE_MISMATCH,963,958,5
FDIV,24,RN,32,MEMORY_FINITE_DIFFERENCE,959,957,2
FDIV,24,RN,32,UNDERFLOW_DOUBLE_ROUNDING_CANDIDATE,959,957,2
FDIV,24,RN,32,STORE_OVERFLOW,123942,123863,79
FDIV,24,RN,32,STORE_UNDERFLOW,124173,124090,83
FDIV,24,RN,32,STORE_INEXACT,248115,247953,162
FDIV,24,RN,32,GUARDED_DOMAIN,740862,738496,2366
FDIV,24,RN,32,GUARDED_VALUE_MISMATCH,0,0,0
FDIV,24,RN,32,GUARDED_FLAGS_MISMATCH,0,0,0
FDIV,24,RD,32,ALL,1003056,1000000,3056
FDIV,24,RD,32,VALUE_MISMATCH,248116,247958,158
FDIV,24,RD,32,FLAGS_MISMATCH,250084,249894,190
FDIV,24,RD,32,EXCEEDS_BASELINE_MAX_EXP,123942,123863,79
FDIV,24,RD,32,BELOW_BASELINE_MIN_NORMAL_EXP,126130,126019,111
FDIV,24,RD,32,SSE_SUBNORMAL_RESULT,83437,83360,77
FDIV,24,RD,32,NAN_PRESENT,8037,7789,248
FDIV,24,RD,32,NAN_SIGN_DIFFERENCE,2,0,2
FDIV,24,RD,32,NAN_QUIET_DIFFERENCE,0,0,0
FDIV,24,RD,32,NAN_PAYLOAD_DIFFERENCE,4,1,3
FDIV,24,RD,32,FINITE_NORMAL_VALUE_MISMATCH,0,0,0
FDIV,24,RD,32,FINITE_INPUTS,994919,992211,2708
FDIV,24,RD,32,NONFINITE_INPUTS,8137,7789,348
FDIV,24,RD,32,EXCEEDS_DOUBLE_MAX_EXP,0,0,0
FDIV,24,RD,32,BELOW_DOUBLE_MIN_NORMAL_EXP,0,0,0
FDIV,24,RD,32,INPUT_SUBNORMAL,8050,7810,240
FDIV,24,RD,32,MATCH_VALUE_AND_FLAGS,752968,750105,2863
FDIV,24,RD,32,PC64_NONNAN_VALUE_MISMATCH,0,0,0
FDIV,24,RD,32,MEMORY_VALUE_MISMATCH,4,1,3
FDIV,24,RD,32,MEMORY_FINITE_DIFFERENCE,0,0,0
FDIV,24,RD,32,UNDERFLOW_DOUBLE_ROUNDING_CANDIDATE,0,0,0
FDIV,24,RD,32,STORE_OVERFLOW,123942,123863,79
FDIV,24,RD,32,STORE_UNDERFLOW,124170,124094,76
FDIV,24,RD,32,STORE_INEXACT,248112,247957,155
FDIV,24,RD,32,GUARDED_DOMAIN,740862,738496,2366
FDIV,24,RD,32,GUARDED_VALUE_MISMATCH,0,0,0
FDIV,24,RD,32,GUARDED_FLAGS_MISMATCH,0,0,0
FDIV,24,RU,32,ALL,1003056,1000000,3056
FDIV,24,RU,32,VALUE_MISMATCH,248136,247977,159
FDIV,24,RU,32,FLAGS_MISMATCH,250084,249894,190
FDIV,24,RU,32,EXCEEDS_BASELINE_MAX_EXP,123942,123863,79
FDIV,24,RU,32,BELOW_BASELINE_MIN_NORMAL_EXP,126130,126019,111
FDIV,24,RU,32,SSE_SUBNORMAL_RESULT,83850,83765,85
FDIV,24,RU,32,NAN_PRESENT,8037,7789,248
FDIV,24,RU,32,NAN_SIGN_DIFFERENCE,2,0,2
FDIV,24,RU,32,NAN_QUIET_DIFFERENCE,0,0,0
FDIV,24,RU,32,NAN_PAYLOAD_DIFFERENCE,4,1,3
FDIV,24,RU,32,FINITE_NORMAL_VALUE_MISMATCH,0,0,0
FDIV,24,RU,32,FINITE_INPUTS,994919,992211,2708
FDIV,24,RU,32,NONFINITE_INPUTS,8137,7789,348
FDIV,24,RU,32,EXCEEDS_DOUBLE_MAX_EXP,0,0,0
FDIV,24,RU,32,BELOW_DOUBLE_MIN_NORMAL_EXP,0,0,0
FDIV,24,RU,32,INPUT_SUBNORMAL,8050,7810,240
FDIV,24,RU,32,MATCH_VALUE_AND_FLAGS,752968,750105,2863
FDIV,24,RU,32,PC64_NONNAN_VALUE_MISMATCH,0,0,0
FDIV,24,RU,32,MEMORY_VALUE_MISMATCH,4,1,3
FDIV,24,RU,32,MEMORY_FINITE_DIFFERENCE,0,0,0
FDIV,24,RU,32,UNDERFLOW_DOUBLE_ROUNDING_CANDIDATE,0,0,0
FDIV,24,RU,32,STORE_OVERFLOW,123942,123863,79
FDIV,24,RU,32,STORE_UNDERFLOW,124190,124113,77
FDIV,24,RU,32,STORE_INEXACT,248132,247976,156
FDIV,24,RU,32,GUARDED_DOMAIN,740862,738496,2366
FDIV,24,RU,32,GUARDED_VALUE_MISMATCH,0,0,0
FDIV,24,RU,32,GUARDED_FLAGS_MISMATCH,0,0,0
FDIV,24,RZ,32,ALL,1003056,1000000,3056
FDIV,24,RZ,32,VALUE_MISMATCH,248126,247978,148
FDIV,24,RZ,32,FLAGS_MISMATCH,250084,249894,190
FDIV,24,RZ,32,EXCEEDS_BASELINE_MAX_EXP,123942,123863,79
FDIV,24,RZ,32,BELOW_BASELINE_MIN_NORMAL_EXP,126130,126019,111
FDIV,24,RZ,32,SSE_SUBNORMAL_RESULT,41163,41106,57
FDIV,24,RZ,32,NAN_PRESENT,8037,7789,248
FDIV,24,RZ,32,NAN_SIGN_DIFFERENCE,2,0,2
FDIV,24,RZ,32,NAN_QUIET_DIFFERENCE,0,0,0
FDIV,24,RZ,32,NAN_PAYLOAD_DIFFERENCE,4,1,3
FDIV,24,RZ,32,FINITE_NORMAL_VALUE_MISMATCH,0,0,0
FDIV,24,RZ,32,FINITE_INPUTS,994919,992211,2708
FDIV,24,RZ,32,NONFINITE_INPUTS,8137,7789,348
FDIV,24,RZ,32,EXCEEDS_DOUBLE_MAX_EXP,0,0,0
FDIV,24,RZ,32,BELOW_DOUBLE_MIN_NORMAL_EXP,0,0,0
FDIV,24,RZ,32,INPUT_SUBNORMAL,8050,7810,240
FDIV,24,RZ,32,MATCH_VALUE_AND_FLAGS,752968,750105,2863
FDIV,24,RZ,32,PC64_NONNAN_VALUE_MISMATCH,0,0,0
FDIV,24,RZ,32,MEMORY_VALUE_MISMATCH,4,1,3
FDIV,24,RZ,32,MEMORY_FINITE_DIFFERENCE,0,0,0
FDIV,24,RZ,32,UNDERFLOW_DOUBLE_ROUNDING_CANDIDATE,0,0,0
FDIV,24,RZ,32,STORE_OVERFLOW,123942,123863,79
FDIV,24,RZ,32,STORE_UNDERFLOW,124180,124114,66
FDIV,24,RZ,32,STORE_INEXACT,248122,247977,145
FDIV,24,RZ,32,GUARDED_DOMAIN,740862,738496,2366
FDIV,24,RZ,32,GUARDED_VALUE_MISMATCH,0,0,0
FDIV,24,RZ,32,GUARDED_FLAGS_MISMATCH,0,0,0
FDIV,64,RN,64,ALL,1017392,1000000,17392
FDIV,64,RN,64,VALUE_MISMATCH,998830,998616,214
FDIV,64,RN,64,FLAGS_MISMATCH,250830,250640,190
FDIV,64,RN,64,EXCEEDS_BASELINE_MAX_EXP,125246,125167,79
FDIV,64,RN,64,BELOW_BASELINE_MIN_NORMAL_EXP,125584,125473,111
FDIV,64,RN,64,SSE_SUBNORMAL_RESULT,12585,12523,62
FDIV,64,RN,64,NAN_PRESENT,1286,1038,248
FDIV,64,RN,64,NAN_SIGN_DIFFERENCE,2,0,2
FDIV,64,RN,64,NAN_QUIET_DIFFERENCE,0,0,0
FDIV,64,RN,64,NAN_PAYLOAD_DIFFERENCE,3,0,3
FDIV,64,RN,64,FINITE_NORMAL_VALUE_MISMATCH,748025,747976,49
FDIV,64,RN,64,FINITE_INPUTS,1016006,998962,17044
FDIV,64,RN,64,NONFINITE_INPUTS,1386,1038,348
FDIV,64,RN,64,EXCEEDS_DOUBLE_MAX_EXP,125246,125167,79
FDIV,64,RN,64,BELOW_DOUBLE_MIN_NORMAL_EXP,125584,125473,111
FDIV,64,RN,64,INPUT_SUBNORMAL,1207,967,240
FDIV,64,RN,64,MATCH_VALUE_AND_FLAGS,18534,1384,17150
FDIV,64,RN,64,PC64_NONNAN_VALUE_MISMATCH,998827,998616,211
FDIV,64,RN,64,MEMORY_VALUE_MISMATCH,235,186,49
FDIV,64,RN,64,MEMORY_FINITE_DIFFERENCE,232,186,46
FDIV,64,RN,64,UNDERFLOW_DOUBLE_ROUNDING_CANDIDATE,0,0,0
FDIV,64,RN,64,STORE_OVERFLOW,125246,125167,79
FDIV,64,RN,64,STORE_UNDERFLOW,125556,125473,83
FDIV,64,RN,64,STORE_INEXACT,998827,998616,211
FDIV,64,RN,64,GUARDED_DOMAIN,764533,747831,16702
FDIV,64,RN,64,GUARDED_VALUE_MISMATCH,747528,747485,43
FDIV,64,RN,64,GUARDED_FLAGS_MISMATCH,0,0,0
FDIV,64,RD,64,ALL,1017392,1000000,17392
FDIV,64,RD,64,VALUE_MISMATCH,998852,998610,242
FDIV,64,RD,64,FLAGS_MISMATCH,250830,250640,190
FDIV,64,RD,64,EXCEEDS_BASELINE_MAX_EXP,125246,125167,79
FDIV,64,RD,64,BELOW_BASELINE_MIN_NORMAL_EXP,125584,125473,111
FDIV,64,RD,64,SSE_SUBNORMAL_RESULT,69142,69065,77
FDIV,64,RD,64,NAN_PRESENT,1286,1038,248
FDIV,64,RD,64,NAN_SIGN_DIFFERENCE,2,0,2
FDIV,64,RD,64,NAN_QUIET_DIFFERENCE,0,0,0
FDIV,64,RD,64,NAN_PAYLOAD_DIFFERENCE,3,0,3
FDIV,64,RD,64,FINITE_NORMAL_VALUE_MISMATCH,748045,747970,75
FDIV,64,RD,64,FINITE_INPUTS,1016006,998962,17044
FDIV,64,RD,64,NONFINITE_INPUTS,1386,1038,348
FDIV,64,RD,64,EXCEEDS_DOUBLE_MAX_EXP,125246,125167,79
FDIV,64,RD,64,BELOW_DOUBLE_MIN_NORMAL_EXP,125584,125473,111
FDIV,64,RD,64,INPUT_SUBNORMAL,1207,967,240
FDIV,64,RD,64,MATCH_VALUE_AND_FLAGS,18514,1390,17124
FDIV,64,RD,64,PC64_NONNAN_VALUE_MISMATCH,998849,998610,239
FDIV,64,RD,64,MEMORY_VALUE_MISMATCH,3,0,3
FDIV,64,RD,64,MEMORY_FINITE_DIFFERENCE,0,0,0
FDIV,64,RD,64,UNDERFLOW_DOUBLE_ROUNDING_CANDIDATE,0,0,0
FDIV,64,RD,64,STORE_OVERFLOW,125246,125167,79
FDIV,64,RD,64,STORE_UNDERFLOW,125558,125473,85
FDIV,64,RD,64,STORE_INEXACT,998849,998610,239
FDIV,64,RD,64,GUARDED_DOMAIN,764533,747831,16702
FDIV,64,RD,64,GUARDED_VALUE_MISMATCH,747531,747480,51
FDIV,64,RD,64,GUARDED_FLAGS_MISMATCH,0,0,0
FDIV,64,RU,64,ALL,1017392,1000000,17392
FDIV,64,RU,64,VALUE_MISMATCH,998854,998599,255
FDIV,64,RU,64,FLAGS_MISMATCH,250830,250640,190
FDIV,64,RU,64,EXCEEDS_BASELINE_MAX_EXP,125246,125167,79
FDIV,64,RU,64,BELOW_BASELINE_MIN_NORMAL_EXP,125584,125473,111
FDIV,64,RU,64,SSE_SUBNORMAL_RESULT,68787,68702,85
FDIV,64,RU,64,NAN_PRESENT,1286,1038,248
FDIV,64,RU,64,NAN_SIGN_DIFFERENCE,2,0,2
FDIV,64,RU,64,NAN_QUIET_DIFFERENCE,0,0,0
FDIV,64,RU,64,NAN_PAYLOAD_DIFFERENCE,3,0,3
FDIV,64,RU,64,FINITE_NORMAL_VALUE_MISMATCH,748048,747960,88
FDIV,64,RU,64,FINITE_INPUTS,1016006,998962,17044
FDIV,64,RU,64,NONFINITE_INPUTS,1386,1038,348
FDIV,64,RU,64,EXCEEDS_DOUBLE_MAX_EXP,125246,125167,79
FDIV,64,RU,64,BELOW_DOUBLE_MIN_NORMAL_EXP,125584,125473,111
FDIV,64,RU,64,INPUT_SUBNORMAL,1207,967,240
FDIV,64,RU,64,MATCH_VALUE_AND_FLAGS,18511,1400,17111
FDIV,64,RU,64,PC64_NONNAN_VALUE_MISMATCH,998851,998599,252
FDIV,64,RU,64,MEMORY_VALUE_MISMATCH,3,0,3
FDIV,64,RU,64,MEMORY_FINITE_DIFFERENCE,0,0,0
FDIV,64,RU,64,UNDERFLOW_DOUBLE_ROUNDING_CANDIDATE,0,0,0
FDIV,64,RU,64,STORE_OVERFLOW,125246,125167,79
FDIV,64,RU,64,STORE_UNDERFLOW,125557,125472,85
FDIV,64,RU,64,STORE_INEXACT,998851,998599,252
FDIV,64,RU,64,GUARDED_DOMAIN,764533,747831,16702
FDIV,64,RU,64,GUARDED_VALUE_MISMATCH,747533,747469,64
FDIV,64,RU,64,GUARDED_FLAGS_MISMATCH,0,0,0
FDIV,64,RZ,64,ALL,1017392,1000000,17392
FDIV,64,RZ,64,VALUE_MISMATCH,998823,998607,216
FDIV,64,RZ,64,FLAGS_MISMATCH,250830,250640,190
FDIV,64,RZ,64,EXCEEDS_BASELINE_MAX_EXP,125246,125167,79
FDIV,64,RZ,64,BELOW_BASELINE_MIN_NORMAL_EXP,125584,125473,111
FDIV,64,RZ,64,SSE_SUBNORMAL_RESULT,12351,12294,57
FDIV,64,RZ,64,NAN_PRESENT,1286,1038,248
FDIV,64,RZ,64,NAN_SIGN_DIFFERENCE,2,0,2
FDIV,64,RZ,64,NAN_QUIET_DIFFERENCE,0,0,0
FDIV,64,RZ,64,NAN_PAYLOAD_DIFFERENCE,3,0,3
FDIV,64,RZ,64,FINITE_NORMAL_VALUE_MISMATCH,748019,747968,51
FDIV,64,RZ,64,FINITE_INPUTS,1016006,998962,17044
FDIV,64,RZ,64,NONFINITE_INPUTS,1386,1038,348
FDIV,64,RZ,64,EXCEEDS_DOUBLE_MAX_EXP,125246,125167,79
FDIV,64,RZ,64,BELOW_DOUBLE_MIN_NORMAL_EXP,125584,125473,111
FDIV,64,RZ,64,INPUT_SUBNORMAL,1207,967,240
FDIV,64,RZ,64,MATCH_VALUE_AND_FLAGS,18540,1392,17148
FDIV,64,RZ,64,PC64_NONNAN_VALUE_MISMATCH,998820,998607,213
FDIV,64,RZ,64,MEMORY_VALUE_MISMATCH,3,0,3
FDIV,64,RZ,64,MEMORY_FINITE_DIFFERENCE,0,0,0
FDIV,64,RZ,64,UNDERFLOW_DOUBLE_ROUNDING_CANDIDATE,0,0,0
FDIV,64,RZ,64,STORE_OVERFLOW,125246,125167,79
FDIV,64,RZ,64,STORE_UNDERFLOW,125555,125472,83
FDIV,64,RZ,64,STORE_INEXACT,998820,998607,213
FDIV,64,RZ,64,GUARDED_DOMAIN,764533,747831,16702
FDIV,64,RZ,64,GUARDED_VALUE_MISMATCH,747521,747478,43
FDIV,64,RZ,64,GUARDED_FLAGS_MISMATCH,0,0,0
FSUBR,53,RN,64,ALL,1017392,1000000,17392
FSUBR,53,RN,64,VALUE_MISMATCH,14,1,13
FSUBR,53,RN,64,FLAGS_MISMATCH,20,0,20
FSUBR,53,RN,64,EXCEEDS_BASELINE_MAX_EXP,4,0,4
FSUBR,53,RN,64,BELOW_BASELINE_MIN_NORMAL_EXP,42,0,42
FSUBR,53,RN,64,SSE_SUBNORMAL_RESULT,42,0,42
FSUBR,53,RN,64,NAN_PRESENT,1280,1038,242
FSUBR,53,RN,64,NAN_SIGN_DIFFERENCE,7,1,6
FSUBR,53,RN,64,NAN_QUIET_DIFFERENCE,0,0,0
FSUBR,53,RN,64,NAN_PAYLOAD_DIFFERENCE,10,1,9
FSUBR,53,RN,64,FINITE_NORMAL_VALUE_MISMATCH,0,0,0
FSUBR,53,RN,64,FINITE_INPUTS,1016006,998962,17044
FSUBR,53,RN,64,NONFINITE_INPUTS,1386,1038,348
FSUBR,53,RN,64,EXCEEDS_DOUBLE_MAX_EXP,4,0,4
FSUBR,53,RN,64,BELOW_DOUBLE_MIN_NORMAL_EXP,42,0,42
FSUBR,53,RN,64,INPUT_SUBNORMAL,1207,967,240
FSUBR,53,RN,64,MATCH_VALUE_AND_FLAGS,1017362,999999,17363
FSUBR,53,RN,64,PC64_NONNAN_VALUE_MISMATCH,0,0,0
FSUBR,53,RN,64,MEMORY_VALUE_MISMATCH,10,1,9
FSUBR,53,RN,64,MEMORY_FINITE_DIFFERENCE,0,0,0
FSUBR,53,RN,64,UNDERFLOW_DOUBLE_ROUNDING_CANDIDATE,0,0,0
FSUBR,53,RN,64,STORE_OVERFLOW,4,0,4
FSUBR,53,RN,64,STORE_UNDERFLOW,0,0,0
FSUBR,53,RN,64,STORE_INEXACT,4,0,4
FSUBR,53,RN,64,GUARDED_DOMAIN,1014833,997995,16838
FSUBR,53,RN,64,GUARDED_VALUE_MISMATCH,0,0,0
FSUBR,53,RN,64,GUARDED_FLAGS_MISMATCH,0,0,0
FSUBR,53,RD,64,ALL,1017392,1000000,17392
FSUBR,53,RD,64,VALUE_MISMATCH,35,1,34
FSUBR,53,RD,64,FLAGS_MISMATCH,41,0,41
FSUBR,53,RD,64,EXCEEDS_BASELINE_MAX_EXP,25,0,25
FSUBR,53,RD,64,BELOW_BASELINE_MIN_NORMAL_EXP,42,0,42
FSUBR,53,RD,64,SSE_SUBNORMAL_RESULT,42,0,42
FSUBR,53,RD,64,NAN_PRESENT,1280,1038,242
FSUBR,53,RD,64,NAN_SIGN_DIFFERENCE,7,1,6
FSUBR,53,RD,64,NAN_QUIET_DIFFERENCE,0,0,0
FSUBR,53,RD,64,NAN_PAYLOAD_DIFFERENCE,10,1,9
FSUBR,53,RD,64,FINITE_NORMAL_VALUE_MISMATCH,0,0,0
FSUBR,53,RD,64,FINITE_INPUTS,1016006,998962,17044
FSUBR,53,RD,64,NONFINITE_INPUTS,1386,1038,348
FSUBR,53,RD,64,EXCEEDS_DOUBLE_MAX_EXP,25,0,25
FSUBR,53,RD,64,BELOW_DOUBLE_MIN_NORMAL_EXP,42,0,42
FSUBR,53,RD,64,INPUT_SUBNORMAL,1207,967,240
FSUBR,53,RD,64,MATCH_VALUE_AND_FLAGS,1017341,999999,17342
FSUBR,53,RD,64,PC64_NONNAN_VALUE_MISMATCH,0,0,0
FSUBR,53,RD,64,MEMORY_VALUE_MISMATCH,10,1,9
FSUBR,53,RD,64,MEMORY_FINITE_DIFFERENCE,0,0,0
FSUBR,53,RD,64,UNDERFLOW_DOUBLE_ROUNDING_CANDIDATE,0,0,0
FSUBR,53,RD,64,STORE_OVERFLOW,25,0,25
FSUBR,53,RD,64,STORE_UNDERFLOW,0,0,0
FSUBR,53,RD,64,STORE_INEXACT,25,0,25
FSUBR,53,RD,64,GUARDED_DOMAIN,1014816,997995,16821
FSUBR,53,RD,64,GUARDED_VALUE_MISMATCH,0,0,0
FSUBR,53,RD,64,GUARDED_FLAGS_MISMATCH,0,0,0
FSUBR,53,RU,64,ALL,1017392,1000000,17392
FSUBR,53,RU,64,VALUE_MISMATCH,35,1,34
FSUBR,53,RU,64,FLAGS_MISMATCH,41,0,41
FSUBR,53,RU,64,EXCEEDS_BASELINE_MAX_EXP,25,0,25
FSUBR,53,RU,64,BELOW_BASELINE_MIN_NORMAL_EXP,42,0,42
FSUBR,53,RU,64,SSE_SUBNORMAL_RESULT,42,0,42
FSUBR,53,RU,64,NAN_PRESENT,1280,1038,242
FSUBR,53,RU,64,NAN_SIGN_DIFFERENCE,7,1,6
FSUBR,53,RU,64,NAN_QUIET_DIFFERENCE,0,0,0
FSUBR,53,RU,64,NAN_PAYLOAD_DIFFERENCE,10,1,9
FSUBR,53,RU,64,FINITE_NORMAL_VALUE_MISMATCH,0,0,0
FSUBR,53,RU,64,FINITE_INPUTS,1016006,998962,17044
FSUBR,53,RU,64,NONFINITE_INPUTS,1386,1038,348
FSUBR,53,RU,64,EXCEEDS_DOUBLE_MAX_EXP,25,0,25
FSUBR,53,RU,64,BELOW_DOUBLE_MIN_NORMAL_EXP,42,0,42
FSUBR,53,RU,64,INPUT_SUBNORMAL,1207,967,240
FSUBR,53,RU,64,MATCH_VALUE_AND_FLAGS,1017341,999999,17342
FSUBR,53,RU,64,PC64_NONNAN_VALUE_MISMATCH,0,0,0
FSUBR,53,RU,64,MEMORY_VALUE_MISMATCH,10,1,9
FSUBR,53,RU,64,MEMORY_FINITE_DIFFERENCE,0,0,0
FSUBR,53,RU,64,UNDERFLOW_DOUBLE_ROUNDING_CANDIDATE,0,0,0
FSUBR,53,RU,64,STORE_OVERFLOW,25,0,25
FSUBR,53,RU,64,STORE_UNDERFLOW,0,0,0
FSUBR,53,RU,64,STORE_INEXACT,25,0,25
FSUBR,53,RU,64,GUARDED_DOMAIN,1014816,997995,16821
FSUBR,53,RU,64,GUARDED_VALUE_MISMATCH,0,0,0
FSUBR,53,RU,64,GUARDED_FLAGS_MISMATCH,0,0,0
FSUBR,53,RZ,64,ALL,1017392,1000000,17392
FSUBR,53,RZ,64,VALUE_MISMATCH,14,1,13
FSUBR,53,RZ,64,FLAGS_MISMATCH,20,0,20
FSUBR,53,RZ,64,EXCEEDS_BASELINE_MAX_EXP,4,0,4
FSUBR,53,RZ,64,BELOW_BASELINE_MIN_NORMAL_EXP,42,0,42
FSUBR,53,RZ,64,SSE_SUBNORMAL_RESULT,42,0,42
FSUBR,53,RZ,64,NAN_PRESENT,1280,1038,242
FSUBR,53,RZ,64,NAN_SIGN_DIFFERENCE,7,1,6
FSUBR,53,RZ,64,NAN_QUIET_DIFFERENCE,0,0,0
FSUBR,53,RZ,64,NAN_PAYLOAD_DIFFERENCE,10,1,9
FSUBR,53,RZ,64,FINITE_NORMAL_VALUE_MISMATCH,0,0,0
FSUBR,53,RZ,64,FINITE_INPUTS,1016006,998962,17044
FSUBR,53,RZ,64,NONFINITE_INPUTS,1386,1038,348
FSUBR,53,RZ,64,EXCEEDS_DOUBLE_MAX_EXP,4,0,4
FSUBR,53,RZ,64,BELOW_DOUBLE_MIN_NORMAL_EXP,42,0,42
FSUBR,53,RZ,64,INPUT_SUBNORMAL,1207,967,240
FSUBR,53,RZ,64,MATCH_VALUE_AND_FLAGS,1017362,999999,17363
FSUBR,53,RZ,64,PC64_NONNAN_VALUE_MISMATCH,0,0,0
FSUBR,53,RZ,64,MEMORY_VALUE_MISMATCH,10,1,9
FSUBR,53,RZ,64,MEMORY_FINITE_DIFFERENCE,0,0,0
FSUBR,53,RZ,64,UNDERFLOW_DOUBLE_ROUNDING_CANDIDATE,0,0,0
FSUBR,53,RZ,64,STORE_OVERFLOW,4,0,4
FSUBR,53,RZ,64,STORE_UNDERFLOW,0,0,0
FSUBR,53,RZ,64,STORE_INEXACT,4,0,4
FSUBR,53,RZ,64,GUARDED_DOMAIN,1014833,997995,16838
FSUBR,53,RZ,64,GUARDED_VALUE_MISMATCH,0,0,0
FSUBR,53,RZ,64,GUARDED_FLAGS_MISMATCH,0,0,0
FSUBR,24,RN,32,ALL,1003056,1000000,3056
FSUBR,24,RN,32,VALUE_MISMATCH,59,46,13
FSUBR,24,RN,32,FLAGS_MISMATCH,68,48,20
FSUBR,24,RN,32,EXCEEDS_BASELINE_MAX_EXP,40,36,4
FSUBR,24,RN,32,BELOW_BASELINE_MIN_NORMAL_EXP,86,44,42
FSUBR,24,RN,32,SSE_SUBNORMAL_RESULT,86,44,42
FSUBR,24,RN,32,NAN_PRESENT,8031,7789,242
FSUBR,24,RN,32,NAN_SIGN_DIFFERENCE,14,8,6
FSUBR,24,RN,32,NAN_QUIET_DIFFERENCE,0,0,0
FSUBR,24,RN,32,NAN_PAYLOAD_DIFFERENCE,19,10,9
FSUBR,24,RN,32,FINITE_NORMAL_VALUE_MISMATCH,0,0,0
FSUBR,24,RN,32,FINITE_INPUTS,994919,992211,2708
FSUBR,24,RN,32,NONFINITE_INPUTS,8137,7789,348
FSUBR,24,RN,32,EXCEEDS_DOUBLE_MAX_EXP,0,0,0
FSUBR,24,RN,32,BELOW_DOUBLE_MIN_NORMAL_EXP,0,0,0
FSUBR,24,RN,32,INPUT_SUBNORMAL,8050,7810,240
FSUBR,24,RN,32,MATCH_VALUE_AND_FLAGS,1002969,999942,3027
FSUBR,24,RN,32,PC64_NONNAN_VALUE_MISMATCH,0,0,0
FSUBR,24,RN,32,MEMORY_VALUE_MISMATCH,19,10,9
FSUBR,24,RN,32,MEMORY_FINITE_DIFFERENCE,0,0,0
FSUBR,24,RN,32,UNDERFLOW_DOUBLE_ROUNDING_CANDIDATE,0,0,0
FSUBR,24,RN,32,STORE_OVERFLOW,40,36,4
FSUBR,24,RN,32,STORE_UNDERFLOW,0,0,0
FSUBR,24,RN,32,STORE_INEXACT,40,36,4
FSUBR,24,RN,32,GUARDED_DOMAIN,986872,984370,2502
FSUBR,24,RN,32,GUARDED_VALUE_MISMATCH,0,0,0
FSUBR,24,RN,32,GUARDED_FLAGS_MISMATCH,0,0,0
FSUBR,24,RD,32,ALL,1003056,1000000,3056
FSUBR,24,RD,32,VALUE_MISMATCH,80,46,34
FSUBR,24,RD,32,FLAGS_MISMATCH,89,48,41
FSUBR,24,RD,32,EXCEEDS_BASELINE_MAX_EXP,61,36,25
FSUBR,24,RD,32,BELOW_BASELINE_MIN_NORMAL_EXP,86,44,42
FSUBR,24,RD,32,SSE_SUBNORMAL_RESULT,86,44,42
FSUBR,24,RD,32,NAN_PRESENT,8031,7789,242
FSUBR,24,RD,32,NAN_SIGN_DIFFERENCE,14,8,6
FSUBR,24,RD,32,NAN_QUIET_DIFFERENCE,0,0,0
FSUBR,24,RD,32,NAN_PAYLOAD_DIFFERENCE,19,10,9
FSUBR,24,RD,32,FINITE_NORMAL_VALUE_MISMATCH,0,0,0
FSUBR,24,RD,32,FINITE_INPUTS,994919,992211,2708
FSUBR,24,RD,32,NONFINITE_INPUTS,8137,7789,348
FSUBR,24,RD,32,EXCEEDS_DOUBLE_MAX_EXP,0,0,0
FSUBR,24,RD,32,BELOW_DOUBLE_MIN_NORMAL_EXP,0,0,0
FSUBR,24,RD,32,INPUT_SUBNORMAL,8050,7810,240
FSUBR,24,RD,32,MATCH_VALUE_AND_FLAGS,1002948,999942,3006
FSUBR,24,RD,32,PC64_NONNAN_VALUE_MISMATCH,0,0,0
FSUBR,24,RD,32,MEMORY_VALUE_MISMATCH,19,10,9
FSUBR,24,RD,32,MEMORY_FINITE_DIFFERENCE,0,0,0
FSUBR,24,RD,32,UNDERFLOW_DOUBLE_ROUNDING_CANDIDATE,0,0,0
FSUBR,24,RD,32,STORE_OVERFLOW,61,36,25
FSUBR,24,RD,32,STORE_UNDERFLOW,0,0,0
FSUBR,24,RD,32,STORE_INEXACT,61,36,25
FSUBR,24,RD,32,GUARDED_DOMAIN,986855,984370,2485
FSUBR,24,RD,32,GUARDED_VALUE_MISMATCH,0,0,0
FSUBR,24,RD,32,GUARDED_FLAGS_MISMATCH,0,0,0
FSUBR,24,RU,32,ALL,1003056,1000000,3056
FSUBR,24,RU,32,VALUE_MISMATCH,80,46,34
FSUBR,24,RU,32,FLAGS_MISMATCH,89,48,41
FSUBR,24,RU,32,EXCEEDS_BASELINE_MAX_EXP,61,36,25
FSUBR,24,RU,32,BELOW_BASELINE_MIN_NORMAL_EXP,86,44,42
FSUBR,24,RU,32,SSE_SUBNORMAL_RESULT,86,44,42
FSUBR,24,RU,32,NAN_PRESENT,8031,7789,242
FSUBR,24,RU,32,NAN_SIGN_DIFFERENCE,14,8,6
FSUBR,24,RU,32,NAN_QUIET_DIFFERENCE,0,0,0
FSUBR,24,RU,32,NAN_PAYLOAD_DIFFERENCE,19,10,9
FSUBR,24,RU,32,FINITE_NORMAL_VALUE_MISMATCH,0,0,0
FSUBR,24,RU,32,FINITE_INPUTS,994919,992211,2708
FSUBR,24,RU,32,NONFINITE_INPUTS,8137,7789,348
FSUBR,24,RU,32,EXCEEDS_DOUBLE_MAX_EXP,0,0,0
FSUBR,24,RU,32,BELOW_DOUBLE_MIN_NORMAL_EXP,0,0,0
FSUBR,24,RU,32,INPUT_SUBNORMAL,8050,7810,240
FSUBR,24,RU,32,MATCH_VALUE_AND_FLAGS,1002948,999942,3006
FSUBR,24,RU,32,PC64_NONNAN_VALUE_MISMATCH,0,0,0
FSUBR,24,RU,32,MEMORY_VALUE_MISMATCH,19,10,9
FSUBR,24,RU,32,MEMORY_FINITE_DIFFERENCE,0,0,0
FSUBR,24,RU,32,UNDERFLOW_DOUBLE_ROUNDING_CANDIDATE,0,0,0
FSUBR,24,RU,32,STORE_OVERFLOW,61,36,25
FSUBR,24,RU,32,STORE_UNDERFLOW,0,0,0
FSUBR,24,RU,32,STORE_INEXACT,61,36,25
FSUBR,24,RU,32,GUARDED_DOMAIN,986855,984370,2485
FSUBR,24,RU,32,GUARDED_VALUE_MISMATCH,0,0,0
FSUBR,24,RU,32,GUARDED_FLAGS_MISMATCH,0,0,0
FSUBR,24,RZ,32,ALL,1003056,1000000,3056
FSUBR,24,RZ,32,VALUE_MISMATCH,59,46,13
FSUBR,24,RZ,32,FLAGS_MISMATCH,68,48,20
FSUBR,24,RZ,32,EXCEEDS_BASELINE_MAX_EXP,40,36,4
FSUBR,24,RZ,32,BELOW_BASELINE_MIN_NORMAL_EXP,86,44,42
FSUBR,24,RZ,32,SSE_SUBNORMAL_RESULT,86,44,42
FSUBR,24,RZ,32,NAN_PRESENT,8031,7789,242
FSUBR,24,RZ,32,NAN_SIGN_DIFFERENCE,14,8,6
FSUBR,24,RZ,32,NAN_QUIET_DIFFERENCE,0,0,0
FSUBR,24,RZ,32,NAN_PAYLOAD_DIFFERENCE,19,10,9
FSUBR,24,RZ,32,FINITE_NORMAL_VALUE_MISMATCH,0,0,0
FSUBR,24,RZ,32,FINITE_INPUTS,994919,992211,2708
FSUBR,24,RZ,32,NONFINITE_INPUTS,8137,7789,348
FSUBR,24,RZ,32,EXCEEDS_DOUBLE_MAX_EXP,0,0,0
FSUBR,24,RZ,32,BELOW_DOUBLE_MIN_NORMAL_EXP,0,0,0
FSUBR,24,RZ,32,INPUT_SUBNORMAL,8050,7810,240
FSUBR,24,RZ,32,MATCH_VALUE_AND_FLAGS,1002969,999942,3027
FSUBR,24,RZ,32,PC64_NONNAN_VALUE_MISMATCH,0,0,0
FSUBR,24,RZ,32,MEMORY_VALUE_MISMATCH,19,10,9
FSUBR,24,RZ,32,MEMORY_FINITE_DIFFERENCE,0,0,0
FSUBR,24,RZ,32,UNDERFLOW_DOUBLE_ROUNDING_CANDIDATE,0,0,0
FSUBR,24,RZ,32,STORE_OVERFLOW,40,36,4
FSUBR,24,RZ,32,STORE_UNDERFLOW,0,0,0
FSUBR,24,RZ,32,STORE_INEXACT,40,36,4
FSUBR,24,RZ,32,GUARDED_DOMAIN,986872,984370,2502
FSUBR,24,RZ,32,GUARDED_VALUE_MISMATCH,0,0,0
FSUBR,24,RZ,32,GUARDED_FLAGS_MISMATCH,0,0,0
FSUBR,64,RN,64,ALL,1017392,1000000,17392
FSUBR,64,RN,64,VALUE_MISMATCH,60886,60643,243
FSUBR,64,RN,64,FLAGS_MISMATCH,10932,10682,250
FSUBR,64,RN,64,EXCEEDS_BASELINE_MAX_EXP,4,0,4
FSUBR,64,RN,64,BELOW_BASELINE_MIN_NORMAL_EXP,42,0,42
FSUBR,64,RN,64,SSE_SUBNORMAL_RESULT,42,0,42
FSUBR,64,RN,64,NAN_PRESENT,1280,1038,242
FSUBR,64,RN,64,NAN_SIGN_DIFFERENCE,7,1,6
FSUBR,64,RN,64,NAN_QUIET_DIFFERENCE,0,0,0
FSUBR,64,RN,64,NAN_PAYLOAD_DIFFERENCE,10,1,9
FSUBR,64,RN,64,FINITE_NORMAL_VALUE_MISMATCH,60872,60642,230
FSUBR,64,RN,64,FINITE_INPUTS,1016006,998962,17044
FSUBR,64,RN,64,NONFINITE_INPUTS,1386,1038,348
FSUBR,64,RN,64,EXCEEDS_DOUBLE_MAX_EXP,4,0,4
FSUBR,64,RN,64,BELOW_DOUBLE_MIN_NORMAL_EXP,42,0,42
FSUBR,64,RN,64,INPUT_SUBNORMAL,1207,967,240
FSUBR,64,RN,64,MATCH_VALUE_AND_FLAGS,956490,939357,17133
FSUBR,64,RN,64,PC64_NONNAN_VALUE_MISMATCH,60876,60642,234
FSUBR,64,RN,64,MEMORY_VALUE_MISMATCH,26,17,9
FSUBR,64,RN,64,MEMORY_FINITE_DIFFERENCE,16,16,0
FSUBR,64,RN,64,UNDERFLOW_DOUBLE_ROUNDING_CANDIDATE,0,0,0
FSUBR,64,RN,64,STORE_OVERFLOW,4,0,4
FSUBR,64,RN,64,STORE_UNDERFLOW,0,0,0
FSUBR,64,RN,64,STORE_INEXACT,60876,60642,234
FSUBR,64,RN,64,GUARDED_DOMAIN,1014833,997995,16838
FSUBR,64,RN,64,GUARDED_VALUE_MISMATCH,60837,60611,226
FSUBR,64,RN,64,GUARDED_FLAGS_MISMATCH,10903,10677,226
FSUBR,64,RD,64,ALL,1017392,1000000,17392
FSUBR,64,RD,64,VALUE_MISMATCH,536126,528032,8094
FSUBR,64,RD,64,FLAGS_MISMATCH,10953,10682,271
FSUBR,64,RD,64,EXCEEDS_BASELINE_MAX_EXP,4,0,4
FSUBR,64,RD,64,BELOW_BASELINE_MIN_NORMAL_EXP,42,0,42
FSUBR,64,RD,64,SSE_SUBNORMAL_RESULT,42,0,42
FSUBR,64,RD,64,NAN_PRESENT,1280,1038,242
FSUBR,64,RD,64,NAN_SIGN_DIFFERENCE,7,1,6
FSUBR,64,RD,64,NAN_QUIET_DIFFERENCE,0,0,0
FSUBR,64,RD,64,NAN_PAYLOAD_DIFFERENCE,10,1,9
FSUBR,64,RD,64,FINITE_NORMAL_VALUE_MISMATCH,536112,528031,8081
FSUBR,64,RD,64,FINITE_INPUTS,1016006,998962,17044
FSUBR,64,RD,64,NONFINITE_INPUTS,1386,1038,348
FSUBR,64,RD,64,EXCEEDS_DOUBLE_MAX_EXP,4,0,4
FSUBR,64,RD,64,BELOW_DOUBLE_MIN_NORMAL_EXP,42,0,42
FSUBR,64,RD,64,INPUT_SUBNORMAL,1207,967,240
FSUBR,64,RD,64,MATCH_VALUE_AND_FLAGS,481250,471968,9282
FSUBR,64,RD,64,PC64_NONNAN_VALUE_MISMATCH,536116,528031,8085
FSUBR,64,RD,64,MEMORY_VALUE_MISMATCH,10,1,9
FSUBR,64,RD,64,MEMORY_FINITE_DIFFERENCE,0,0,0
FSUBR,64,RD,64,UNDERFLOW_DOUBLE_ROUNDING_CANDIDATE,0,0,0
FSUBR,64,RD,64,STORE_OVERFLOW,25,0,25
FSUBR,64,RD,64,STORE_UNDERFLOW,0,0,0
FSUBR,64,RD,64,STORE_INEXACT,536116,528031,8085
FSUBR,64,RD,64,GUARDED_DOMAIN,1014833,997995,16838
FSUBR,64,RD,64,GUARDED_VALUE_MISMATCH,535532,527515,8017
FSUBR,64,RD,64,GUARDED_FLAGS_MISMATCH,10920,10677,243
FSUBR,64,RU,64,ALL,1017392,1000000,17392
FSUBR,64,RU,64,VALUE_MISMATCH,537133,529039,8094
FSUBR,64,RU,64,FLAGS_MISMATCH,10953,10682,271
FSUBR,64,RU,64,EXCEEDS_BASELINE_MAX_EXP,4,0,4
FSUBR,64,RU,64,BELOW_BASELINE_MIN_NORMAL_EXP,42,0,42
FSUBR,64,RU,64,SSE_SUBNORMAL_RESULT,42,0,42
FSUBR,64,RU,64,NAN_PRESENT,1280,1038,242
FSUBR,64,RU,64,NAN_SIGN_DIFFERENCE,7,1,6
FSUBR,64,RU,64,NAN_QUIET_DIFFERENCE,0,0,0
FSUBR,64,RU,64,NAN_PAYLOAD_DIFFERENCE,10,1,9
FSUBR,64,RU,64,FINITE_NORMAL_VALUE_MISMATCH,537119,529038,8081
FSUBR,64,RU,64,FINITE_INPUTS,1016006,998962,17044
FSUBR,64,RU,64,NONFINITE_INPUTS,1386,1038,348
FSUBR,64,RU,64,EXCEEDS_DOUBLE_MAX_EXP,4,0,4
FSUBR,64,RU,64,BELOW_DOUBLE_MIN_NORMAL_EXP,42,0,42
FSUBR,64,RU,64,INPUT_SUBNORMAL,1207,967,240
FSUBR,64,RU,64,MATCH_VALUE_AND_FLAGS,480243,470961,9282
FSUBR,64,RU,64,PC64_NONNAN_VALUE_MISMATCH,537123,529038,8085
FSUBR,64,RU,64,MEMORY_VALUE_MISMATCH,10,1,9
FSUBR,64,RU,64,MEMORY_FINITE_DIFFERENCE,0,0,0
FSUBR,64,RU,64,UNDERFLOW_DOUBLE_ROUNDING_CANDIDATE,0,0,0
FSUBR,64,RU,64,STORE_OVERFLOW,25,0,25
FSUBR,64,RU,64,STORE_UNDERFLOW,0,0,0
FSUBR,64,RU,64,STORE_INEXACT,537123,529038,8085
FSUBR,64,RU,64,GUARDED_DOMAIN,1014833,997995,16838
FSUBR,64,RU,64,GUARDED_VALUE_MISMATCH,536574,528557,8017
FSUBR,64,RU,64,GUARDED_FLAGS_MISMATCH,10920,10677,243
FSUBR,64,RZ,64,ALL,1017392,1000000,17392
FSUBR,64,RZ,64,VALUE_MISMATCH,536052,527931,8121
FSUBR,64,RZ,64,FLAGS_MISMATCH,10932,10682,250
FSUBR,64,RZ,64,EXCEEDS_BASELINE_MAX_EXP,4,0,4
FSUBR,64,RZ,64,BELOW_BASELINE_MIN_NORMAL_EXP,42,0,42
FSUBR,64,RZ,64,SSE_SUBNORMAL_RESULT,42,0,42
FSUBR,64,RZ,64,NAN_PRESENT,1280,1038,242
FSUBR,64,RZ,64,NAN_SIGN_DIFFERENCE,7,1,6
FSUBR,64,RZ,64,NAN_QUIET_DIFFERENCE,0,0,0
FSUBR,64,RZ,64,NAN_PAYLOAD_DIFFERENCE,10,1,9
FSUBR,64,RZ,64,FINITE_NORMAL_VALUE_MISMATCH,536038,527930,8108
FSUBR,64,RZ,64,FINITE_INPUTS,1016006,998962,17044
FSUBR,64,RZ,64,NONFINITE_INPUTS,1386,1038,348
FSUBR,64,RZ,64,EXCEEDS_DOUBLE_MAX_EXP,4,0,4
FSUBR,64,RZ,64,BELOW_DOUBLE_MIN_NORMAL_EXP,42,0,42
FSUBR,64,RZ,64,INPUT_SUBNORMAL,1207,967,240
FSUBR,64,RZ,64,MATCH_VALUE_AND_FLAGS,481324,472069,9255
FSUBR,64,RZ,64,PC64_NONNAN_VALUE_MISMATCH,536042,527930,8112
FSUBR,64,RZ,64,MEMORY_VALUE_MISMATCH,10,1,9
FSUBR,64,RZ,64,MEMORY_FINITE_DIFFERENCE,0,0,0
FSUBR,64,RZ,64,UNDERFLOW_DOUBLE_ROUNDING_CANDIDATE,0,0,0
FSUBR,64,RZ,64,STORE_OVERFLOW,4,0,4
FSUBR,64,RZ,64,STORE_UNDERFLOW,0,0,0
FSUBR,64,RZ,64,STORE_INEXACT,536042,527930,8112
FSUBR,64,RZ,64,GUARDED_DOMAIN,1014833,997995,16838
FSUBR,64,RZ,64,GUARDED_VALUE_MISMATCH,535473,527429,8044
FSUBR,64,RZ,64,GUARDED_FLAGS_MISMATCH,10903,10677,226
FDIVR,53,RN,64,ALL,1017392,1000000,17392
FDIVR,53,RN,64,VALUE_MISMATCH,250556,250389,167
FDIVR,53,RN,64,FLAGS_MISMATCH,250790,250612,178
FDIVR,53,RN,64,EXCEEDS_BASELINE_MAX_EXP,125043,124968,75
FDIVR,53,RN,64,BELOW_BASELINE_MIN_NORMAL_EXP,125767,125644,123
FDIVR,53,RN,64,SSE_SUBNORMAL_RESULT,12756,12682,74
FDIVR,53,RN,64,NAN_PRESENT,1286,1038,248
FDIVR,53,RN,64,NAN_SIGN_DIFFERENCE,7,1,6
FDIVR,53,RN,64,NAN_QUIET_DIFFERENCE,0,0,0
FDIVR,53,RN,64,NAN_PAYLOAD_DIFFERENCE,10,1,9
FDIVR,53,RN,64,FINITE_NORMAL_VALUE_MISMATCH,0,0,0
FDIVR,53,RN,64,FINITE_INPUTS,1016006,998962,17044
FDIVR,53,RN,64,NONFINITE_INPUTS,1386,1038,348
FDIVR,53,RN,64,EXCEEDS_DOUBLE_MAX_EXP,125043,124968,75
FDIVR,53,RN,64,BELOW_DOUBLE_MIN_NORMAL_EXP,125767,125644,123
FDIVR,53,RN,64,INPUT_SUBNORMAL,1207,967,240
FDIVR,53,RN,64,MATCH_VALUE_AND_FLAGS,766592,749387,17205
FDIVR,53,RN,64,PC64_NONNAN_VALUE_MISMATCH,0,0,0
FDIVR,53,RN,64,MEMORY_VALUE_MISMATCH,134,123,11
FDIVR,53,RN,64,MEMORY_FINITE_DIFFERENCE,124,122,2
FDIVR,53,RN,64,UNDERFLOW_DOUBLE_ROUNDING_CANDIDATE,124,122,2
FDIVR,53,RN,64,STORE_OVERFLOW,125043,124968,75
FDIVR,53,RN,64,STORE_UNDERFLOW,125503,125420,83
FDIVR,53,RN,64,STORE_INEXACT,250546,250388,158
FDIVR,53,RN,64,GUARDED_DOMAIN,764554,747860,16694
FDIVR,53,RN,64,GUARDED_VALUE_MISMATCH,0,0,0
FDIVR,53,RN,64,GUARDED_FLAGS_MISMATCH,0,0,0
FDIVR,53,RD,64,ALL,1017392,1000000,17392
FDIVR,53,RD,64,VALUE_MISMATCH,250534,250374,160
FDIVR,53,RD,64,FLAGS_MISMATCH,250790,250612,178
FDIVR,53,RD,64,EXCEEDS_BASELINE_MAX_EXP,125043,124968,75
FDIVR,53,RD,64,BELOW_BASELINE_MIN_NORMAL_EXP,125767,125644,123
FDIVR,53,RD,64,SSE_SUBNORMAL_RESULT,69143,69054,89
FDIVR,53,RD,64,NAN_PRESENT,1286,1038,248
FDIVR,53,RD,64,NAN_SIGN_DIFFERENCE,7,1,6
FDIVR,53,RD,64,NAN_QUIET_DIFFERENCE,0,0,0
FDIVR,53,RD,64,NAN_PAYLOAD_DIFFERENCE,10,1,9
FDIVR,53,RD,64,FINITE_NORMAL_VALUE_MISMATCH,0,0,0
FDIVR,53,RD,64,FINITE_INPUTS,1016006,998962,17044
FDIVR,53,RD,64,NONFINITE_INPUTS,1386,1038,348
FDIVR,53,RD,64,EXCEEDS_DOUBLE_MAX_EXP,125043,124968,75
FDIVR,53,RD,64,BELOW_DOUBLE_MIN_NORMAL_EXP,125767,125644,123
FDIVR,53,RD,64,INPUT_SUBNORMAL,1207,967,240
FDIVR,53,RD,64,MATCH_VALUE_AND_FLAGS,766592,749387,17205
FDIVR,53,RD,64,PC64_NONNAN_VALUE_MISMATCH,0,0,0
FDIVR,53,RD,64,MEMORY_VALUE_MISMATCH,10,1,9
FDIVR,53,RD,64,MEMORY_FINITE_DIFFERENCE,0,0,0
FDIVR,53,RD,64,UNDERFLOW_DOUBLE_ROUNDING_CANDIDATE,0,0,0
FDIVR,53,RD,64,STORE_OVERFLOW,125043,124968,75
FDIVR,53,RD,64,STORE_UNDERFLOW,125481,125405,76
FDIVR,53,RD,64,STORE_INEXACT,250524,250373,151
FDIVR,53,RD,64,GUARDED_DOMAIN,764554,747860,16694
FDIVR,53,RD,64,GUARDED_VALUE_MISMATCH,0,0,0
FDIVR,53,RD,64,GUARDED_FLAGS_MISMATCH,0,0,0
FDIVR,53,RU,64,ALL,1017392,1000000,17392
FDIVR,53,RU,64,VALUE_MISMATCH,250535,250374,161
FDIVR,53,RU,64,FLAGS_MISMATCH,250790,250612,178
FDIVR,53,RU,64,EXCEEDS_BASELINE_MAX_EXP,125043,124968,75
FDIVR,53,RU,64,BELOW_BASELINE_MIN_NORMAL_EXP,125767,125644,123
FDIVR,53,RU,64,SSE_SUBNORMAL_RESULT,69156,69059,97
FDIVR,53,RU,64,NAN_PRESENT,1286,1038,248
FDIVR,53,RU,64,NAN_SIGN_DIFFERENCE,7,1,6
FDIVR,53,RU,64,NAN_QUIET_DIFFERENCE,0,0,0
FDIVR,53,RU,64,NAN_PAYLOAD_DIFFERENCE,10,1,9
FDIVR,53,RU,64,FINITE_NORMAL_VALUE_MISMATCH,0,0,0
FDIVR,53,RU,64,FINITE_INPUTS,1016006,998962,17044
FDIVR,53,RU,64,NONFINITE_INPUTS,1386,1038,348
FDIVR,53,RU,64,EXCEEDS_DOUBLE_MAX_EXP,125043,124968,75
FDIVR,53,RU,64,BELOW_DOUBLE_MIN_NORMAL_EXP,125767,125644,123
FDIVR,53,RU,64,INPUT_SUBNORMAL,1207,967,240
FDIVR,53,RU,64,MATCH_VALUE_AND_FLAGS,766592,749387,17205
FDIVR,53,RU,64,PC64_NONNAN_VALUE_MISMATCH,0,0,0
FDIVR,53,RU,64,MEMORY_VALUE_MISMATCH,10,1,9
FDIVR,53,RU,64,MEMORY_FINITE_DIFFERENCE,0,0,0
FDIVR,53,RU,64,UNDERFLOW_DOUBLE_ROUNDING_CANDIDATE,0,0,0
FDIVR,53,RU,64,STORE_OVERFLOW,125043,124968,75
FDIVR,53,RU,64,STORE_UNDERFLOW,125482,125405,77
FDIVR,53,RU,64,STORE_INEXACT,250525,250373,152
FDIVR,53,RU,64,GUARDED_DOMAIN,764554,747860,16694
FDIVR,53,RU,64,GUARDED_VALUE_MISMATCH,0,0,0
FDIVR,53,RU,64,GUARDED_FLAGS_MISMATCH,0,0,0
FDIVR,53,RZ,64,ALL,1017392,1000000,17392
FDIVR,53,RZ,64,VALUE_MISMATCH,250535,250385,150
FDIVR,53,RZ,64,FLAGS_MISMATCH,250790,250612,178
FDIVR,53,RZ,64,EXCEEDS_BASELINE_MAX_EXP,125043,124968,75
FDIVR,53,RZ,64,BELOW_BASELINE_MIN_NORMAL_EXP,125767,125644,123
FDIVR,53,RZ,64,SSE_SUBNORMAL_RESULT,12538,12469,69
FDIVR,53,RZ,64,NAN_PRESENT,1286,1038,248
FDIVR,53,RZ,64,NAN_SIGN_DIFFERENCE,7,1,6
FDIVR,53,RZ,64,NAN_QUIET_DIFFERENCE,0,0,0
FDIVR,53,RZ,64,NAN_PAYLOAD_DIFFERENCE,10,1,9
FDIVR,53,RZ,64,FINITE_NORMAL_VALUE_MISMATCH,0,0,0
FDIVR,53,RZ,64,FINITE_INPUTS,1016006,998962,17044
FDIVR,53,RZ,64,NONFINITE_INPUTS,1386,1038,348
FDIVR,53,RZ,64,EXCEEDS_DOUBLE_MAX_EXP,125043,124968,75
FDIVR,53,RZ,64,BELOW_DOUBLE_MIN_NORMAL_EXP,125767,125644,123
FDIVR,53,RZ,64,INPUT_SUBNORMAL,1207,967,240
FDIVR,53,RZ,64,MATCH_VALUE_AND_FLAGS,766592,749387,17205
FDIVR,53,RZ,64,PC64_NONNAN_VALUE_MISMATCH,0,0,0
FDIVR,53,RZ,64,MEMORY_VALUE_MISMATCH,10,1,9
FDIVR,53,RZ,64,MEMORY_FINITE_DIFFERENCE,0,0,0
FDIVR,53,RZ,64,UNDERFLOW_DOUBLE_ROUNDING_CANDIDATE,0,0,0
FDIVR,53,RZ,64,STORE_OVERFLOW,125043,124968,75
FDIVR,53,RZ,64,STORE_UNDERFLOW,125482,125416,66
FDIVR,53,RZ,64,STORE_INEXACT,250525,250384,141
FDIVR,53,RZ,64,GUARDED_DOMAIN,764554,747860,16694
FDIVR,53,RZ,64,GUARDED_VALUE_MISMATCH,0,0,0
FDIVR,53,RZ,64,GUARDED_FLAGS_MISMATCH,0,0,0
FDIVR,24,RN,32,ALL,1003056,1000000,3056
FDIVR,24,RN,32,VALUE_MISMATCH,248263,248096,167
FDIVR,24,RN,32,FLAGS_MISMATCH,250242,250064,178
FDIVR,24,RN,32,EXCEEDS_BASELINE_MAX_EXP,122344,122269,75
FDIVR,24,RN,32,BELOW_BASELINE_MIN_NORMAL_EXP,127906,127783,123
FDIVR,24,RN,32,SSE_SUBNORMAL_RESULT,43218,43144,74
FDIVR,24,RN,32,NAN_PRESENT,8037,7789,248
FDIVR,24,RN,32,NAN_SIGN_DIFFERENCE,14,8,6
FDIVR,24,RN,32,NAN_QUIET_DIFFERENCE,0,0,0
FDIVR,24,RN,32,NAN_PAYLOAD_DIFFERENCE,19,10,9
FDIVR,24,RN,32,FINITE_NORMAL_VALUE_MISMATCH,0,0,0
FDIVR,24,RN,32,FINITE_INPUTS,994919,992211,2708
FDIVR,24,RN,32,NONFINITE_INPUTS,8137,7789,348
FDIVR,24,RN,32,EXCEEDS_DOUBLE_MAX_EXP,0,0,0
FDIVR,24,RN,32,BELOW_DOUBLE_MIN_NORMAL_EXP,0,0,0
FDIVR,24,RN,32,INPUT_SUBNORMAL,8050,7810,240
FDIVR,24,RN,32,MATCH_VALUE_AND_FLAGS,752795,749926,2869
FDIVR,24,RN,32,PC64_NONNAN_VALUE_MISMATCH,0,0,0
FDIVR,24,RN,32,MEMORY_VALUE_MISMATCH,981,970,11
FDIVR,24,RN,32,MEMORY_FINITE_DIFFERENCE,962,960,2
FDIVR,24,RN,32,UNDERFLOW_DOUBLE_ROUNDING_CANDIDATE,962,960,2
FDIVR,24,RN,32,STORE_OVERFLOW,122344,122269,75
FDIVR,24,RN,32,STORE_UNDERFLOW,125900,125817,83
FDIVR,24,RN,32,STORE_INEXACT,248244,248086,158
FDIVR,24,RN,32,GUARDED_DOMAIN,740698,738340,2358
FDIVR,24,RN,32,GUARDED_VALUE_MISMATCH,0,0,0
FDIVR,24,RN,32,GUARDED_FLAGS_MISMATCH,0,0,0
FDIVR,24,RD,32,ALL,1003056,1000000,3056
FDIVR,24,RD,32,VALUE_MISMATCH,248278,248118,160
FDIVR,24,RD,32,FLAGS_MISMATCH,250242,250064,178
FDIVR,24,RD,32,EXCEEDS_BASELINE_MAX_EXP,122344,122269,75
FDIVR,24,RD,32,BELOW_BASELINE_MIN_NORMAL_EXP,127906,127783,123
FDIVR,24,RD,32,SSE_SUBNORMAL_RESULT,84892,84803,89
FDIVR,24,RD,32,NAN_PRESENT,8037,7789,248
FDIVR,24,RD,32,NAN_SIGN_DIFFERENCE,14,8,6
FDIVR,24,RD,32,NAN_QUIET_DIFFERENCE,0,0,0
FDIVR,24,RD,32,NAN_PAYLOAD_DIFFERENCE,19,10,9
FDIVR,24,RD,32,FINITE_NORMAL_VALUE_MISMATCH,0,0,0
FDIVR,24,RD,32,FINITE_INPUTS,994919,992211,2708
FDIVR,24,RD,32,NONFINITE_INPUTS,8137,7789,348
FDIVR,24,RD,32,EXCEEDS_DOUBLE_MAX_EXP,0,0,0
FDIVR,24,RD,32,BELOW_DOUBLE_MIN_NORMAL_EXP,0,0,0
FDIVR,24,RD,32,INPUT_SUBNORMAL,8050,7810,240
FDIVR,24,RD,32,MATCH_VALUE_AND_FLAGS,752795,749926,2869
FDIVR,24,RD,32,PC64_NONNAN_VALUE_MISMATCH,0,0,0
FDIVR,24,RD,32,MEMORY_VALUE_MISMATCH,19,10,9
FDIVR,24,RD,32,MEMORY_FINITE_DIFFERENCE,0,0,0
FDIVR,24,RD,32,UNDERFLOW_DOUBLE_ROUNDING_CANDIDATE,0,0,0
FDIVR,24,RD,32,STORE_OVERFLOW,122344,122269,75
FDIVR,24,RD,32,STORE_UNDERFLOW,125915,125839,76
FDIVR,24,RD,32,STORE_INEXACT,248259,248108,151
FDIVR,24,RD,32,GUARDED_DOMAIN,740698,738340,2358
FDIVR,24,RD,32,GUARDED_VALUE_MISMATCH,0,0,0
FDIVR,24,RD,32,GUARDED_FLAGS_MISMATCH,0,0,0
FDIVR,24,RU,32,ALL,1003056,1000000,3056
FDIVR,24,RU,32,VALUE_MISMATCH,248295,248134,161
FDIVR,24,RU,32,FLAGS_MISMATCH,250242,250064,178
FDIVR,24,RU,32,EXCEEDS_BASELINE_MAX_EXP,122344,122269,75
FDIVR,24,RU,32,BELOW_BASELINE_MIN_NORMAL_EXP,127906,127783,123
FDIVR,24,RU,32,SSE_SUBNORMAL_RESULT,84684,84587,97
FDIVR,24,RU,32,NAN_PRESENT,8037,7789,248
FDIVR,24,RU,32,NAN_SIGN_DIFFERENCE,14,8,6
FDIVR,24,RU,32,NAN_QUIET_DIFFERENCE,0,0,0
FDIVR,24,RU,32,NAN_PAYLOAD_DIFFERENCE,19,10,9
FDIVR,24,RU,32,FINITE_NORMAL_VALUE_MISMATCH,0,0,0
FDIVR,24,RU,32,FINITE_INPUTS,994919,992211,2708
FDIVR,24,RU,32,NONFINITE_INPUTS,8137,7789,348
FDIVR,24,RU,32,EXCEEDS_DOUBLE_MAX_EXP,0,0,0
FDIVR,24,RU,32,BELOW_DOUBLE_MIN_NORMAL_EXP,0,0,0
FDIVR,24,RU,32,INPUT_SUBNORMAL,8050,7810,240
FDIVR,24,RU,32,MATCH_VALUE_AND_FLAGS,752795,749926,2869
FDIVR,24,RU,32,PC64_NONNAN_VALUE_MISMATCH,0,0,0
FDIVR,24,RU,32,MEMORY_VALUE_MISMATCH,19,10,9
FDIVR,24,RU,32,MEMORY_FINITE_DIFFERENCE,0,0,0
FDIVR,24,RU,32,UNDERFLOW_DOUBLE_ROUNDING_CANDIDATE,0,0,0
FDIVR,24,RU,32,STORE_OVERFLOW,122344,122269,75
FDIVR,24,RU,32,STORE_UNDERFLOW,125932,125855,77
FDIVR,24,RU,32,STORE_INEXACT,248276,248124,152
FDIVR,24,RU,32,GUARDED_DOMAIN,740698,738340,2358
FDIVR,24,RU,32,GUARDED_VALUE_MISMATCH,0,0,0
FDIVR,24,RU,32,GUARDED_FLAGS_MISMATCH,0,0,0
FDIVR,24,RZ,32,ALL,1003056,1000000,3056
FDIVR,24,RZ,32,VALUE_MISMATCH,248303,248153,150
FDIVR,24,RZ,32,FLAGS_MISMATCH,250242,250064,178
FDIVR,24,RZ,32,EXCEEDS_BASELINE_MAX_EXP,122344,122269,75
FDIVR,24,RZ,32,BELOW_BASELINE_MIN_NORMAL_EXP,127906,127783,123
FDIVR,24,RZ,32,SSE_SUBNORMAL_RESULT,41676,41607,69
FDIVR,24,RZ,32,NAN_PRESENT,8037,7789,248
FDIVR,24,RZ,32,NAN_SIGN_DIFFERENCE,14,8,6
FDIVR,24,RZ,32,NAN_QUIET_DIFFERENCE,0,0,0
FDIVR,24,RZ,32,NAN_PAYLOAD_DIFFERENCE,19,10,9
FDIVR,24,RZ,32,FINITE_NORMAL_VALUE_MISMATCH,0,0,0
FDIVR,24,RZ,32,FINITE_INPUTS,994919,992211,2708
FDIVR,24,RZ,32,NONFINITE_INPUTS,8137,7789,348
FDIVR,24,RZ,32,EXCEEDS_DOUBLE_MAX_EXP,0,0,0
FDIVR,24,RZ,32,BELOW_DOUBLE_MIN_NORMAL_EXP,0,0,0
FDIVR,24,RZ,32,INPUT_SUBNORMAL,8050,7810,240
FDIVR,24,RZ,32,MATCH_VALUE_AND_FLAGS,752795,749926,2869
FDIVR,24,RZ,32,PC64_NONNAN_VALUE_MISMATCH,0,0,0
FDIVR,24,RZ,32,MEMORY_VALUE_MISMATCH,19,10,9
FDIVR,24,RZ,32,MEMORY_FINITE_DIFFERENCE,0,0,0
FDIVR,24,RZ,32,UNDERFLOW_DOUBLE_ROUNDING_CANDIDATE,0,0,0
FDIVR,24,RZ,32,STORE_OVERFLOW,122344,122269,75
FDIVR,24,RZ,32,STORE_UNDERFLOW,125940,125874,66
FDIVR,24,RZ,32,STORE_INEXACT,248284,248143,141
FDIVR,24,RZ,32,GUARDED_DOMAIN,740698,738340,2358
FDIVR,24,RZ,32,GUARDED_VALUE_MISMATCH,0,0,0
FDIVR,24,RZ,32,GUARDED_FLAGS_MISMATCH,0,0,0
FDIVR,64,RN,64,ALL,1017392,1000000,17392
FDIVR,64,RN,64,VALUE_MISMATCH,998818,998602,216
FDIVR,64,RN,64,FLAGS_MISMATCH,250790,250612,178
FDIVR,64,RN,64,EXCEEDS_BASELINE_MAX_EXP,125043,124968,75
FDIVR,64,RN,64,BELOW_BASELINE_MIN_NORMAL_EXP,125767,125644,123
FDIVR,64,RN,64,SSE_SUBNORMAL_RESULT,12756,12682,74
FDIVR,64,RN,64,NAN_PRESENT,1286,1038,248
FDIVR,64,RN,64,NAN_SIGN_DIFFERENCE,7,1,6
FDIVR,64,RN,64,NAN_QUIET_DIFFERENCE,0,0,0
FDIVR,64,RN,64,NAN_PAYLOAD_DIFFERENCE,10,1,9
FDIVR,64,RN,64,FINITE_NORMAL_VALUE_MISMATCH,748038,747989,49
FDIVR,64,RN,64,FINITE_INPUTS,1016006,998962,17044
FDIVR,64,RN,64,NONFINITE_INPUTS,1386,1038,348
FDIVR,64,RN,64,EXCEEDS_DOUBLE_MAX_EXP,125043,124968,75
FDIVR,64,RN,64,BELOW_DOUBLE_MIN_NORMAL_EXP,125767,125644,123
FDIVR,64,RN,64,INPUT_SUBNORMAL,1207,967,240
FDIVR,64,RN,64,MATCH_VALUE_AND_FLAGS,18554,1398,17156
FDIVR,64,RN,64,PC64_NONNAN_VALUE_MISMATCH,998808,998601,207
FDIVR,64,RN,64,MEMORY_VALUE_MISMATCH,254,199,55
FDIVR,64,RN,64,MEMORY_FINITE_DIFFERENCE,244,198,46
FDIVR,64,RN,64,UNDERFLOW_DOUBLE_ROUNDING_CANDIDATE,0,0,0
FDIVR,64,RN,64,STORE_OVERFLOW,125043,124968,75
FDIVR,64,RN,64,STORE_UNDERFLOW,125727,125644,83
FDIVR,64,RN,64,STORE_INEXACT,998808,998601,207
FDIVR,64,RN,64,GUARDED_DOMAIN,764554,747860,16694
FDIVR,64,RN,64,GUARDED_VALUE_MISMATCH,747542,747499,43
FDIVR,64,RN,64,GUARDED_FLAGS_MISMATCH,0,0,0
FDIVR,64,RD,64,ALL,1017392,1000000,17392
FDIVR,64,RD,64,VALUE_MISMATCH,998865,998621,244
FDIVR,64,RD,64,FLAGS_MISMATCH,250790,250612,178
FDIVR,64,RD,64,EXCEEDS_BASELINE_MAX_EXP,125043,124968,75
FDIVR,64,RD,64,BELOW_BASELINE_MIN_NORMAL_EXP,125767,125644,123
FDIVR,64,RD,64,SSE_SUBNORMAL_RESULT,69143,69054,89
FDIVR,64,RD,64,NAN_PRESENT,1286,1038,248
FDIVR,64,RD,64,NAN_SIGN_DIFFERENCE,7,1,6
FDIVR,64,RD,64,NAN_QUIET_DIFFERENCE,0,0,0
FDIVR,64,RD,64,NAN_PAYLOAD_DIFFERENCE,10,1,9
FDIVR,64,RD,64,FINITE_NORMAL_VALUE_MISMATCH,748083,748008,75
FDIVR,64,RD,64,FINITE_INPUTS,1016006,998962,17044
FDIVR,64,RD,64,NONFINITE_INPUTS,1386,1038,348
FDIVR,64,RD,64,EXCEEDS_DOUBLE_MAX_EXP,125043,124968,75
FDIVR,64,RD,64,BELOW_DOUBLE_MIN_NORMAL_EXP,125767,125644,123
FDIVR,64,RD,64,INPUT_SUBNORMAL,1207,967,240
FDIVR,64,RD,64,MATCH_VALUE_AND_FLAGS,18509,1379,17130
FDIVR,64,RD,64,PC64_NONNAN_VALUE_MISMATCH,998855,998620,235
FDIVR,64,RD,64,MEMORY_VALUE_MISMATCH,10,1,9
FDIVR,64,RD,64,MEMORY_FINITE_DIFFERENCE,0,0,0
FDIVR,64,RD,64,UNDERFLOW_DOUBLE_ROUNDING_CANDIDATE,0,0,0
FDIVR,64,RD,64,STORE_OVERFLOW,125043,124968,75
FDIVR,64,RD,64,STORE_UNDERFLOW,125729,125644,85
FDIVR,64,RD,64,STORE_INEXACT,998855,998620,235
FDIVR,64,RD,64,GUARDED_DOMAIN,764554,747860,16694
FDIVR,64,RD,64,GUARDED_VALUE_MISMATCH,747569,747518,51
FDIVR,64,RD,64,GUARDED_FLAGS_MISMATCH,0,0,0
FDIVR,64,RU,64,ALL,1017392,1000000,17392
FDIVR,64,RU,64,VALUE_MISMATCH,998869,998612,257
FDIVR,64,RU,64,FLAGS_MISMATCH,250790,250612,178
FDIVR,64,RU,64,EXCEEDS_BASELINE_MAX_EXP,125043,124968,75
FDIVR,64,RU,64,BELOW_BASELINE_MIN_NORMAL_EXP,125767,125644,123
FDIVR,64,RU,64,SSE_SUBNORMAL_RESULT,69156,69059,97
FDIVR,64,RU,64,NAN_PRESENT,1286,1038,248
FDIVR,64,RU,64,NAN_SIGN_DIFFERENCE,7,1,6
FDIVR,64,RU,64,NAN_QUIET_DIFFERENCE,0,0,0
FDIVR,64,RU,64,NAN_PAYLOAD_DIFFERENCE,10,1,9
FDIVR,64,RU,64,FINITE_NORMAL_VALUE_MISMATCH,748087,747999,88
FDIVR,64,RU,64,FINITE_INPUTS,1016006,998962,17044
FDIVR,64,RU,64,NONFINITE_INPUTS,1386,1038,348
FDIVR,64,RU,64,EXCEEDS_DOUBLE_MAX_EXP,125043,124968,75
FDIVR,64,RU,64,BELOW_DOUBLE_MIN_NORMAL_EXP,125767,125644,123
FDIVR,64,RU,64,INPUT_SUBNORMAL,1207,967,240
FDIVR,64,RU,64,MATCH_VALUE_AND_FLAGS,18505,1388,17117
FDIVR,64,RU,64,PC64_NONNAN_VALUE_MISMATCH,998859,998611,248
FDIVR,64,RU,64,MEMORY_VALUE_MISMATCH,10,1,9
FDIVR,64,RU,64,MEMORY_FINITE_DIFFERENCE,0,0,0
FDIVR,64,RU,64,UNDERFLOW_DOUBLE_ROUNDING_CANDIDATE,0,0,0
FDIVR,64,RU,64,STORE_OVERFLOW,125043,124968,75
FDIVR,64,RU,64,STORE_UNDERFLOW,125729,125644,85
FDIVR,64,RU,64,STORE_INEXACT,998859,998611,248
FDIVR,64,RU,64,GUARDED_DOMAIN,764554,747860,16694
FDIVR,64,RU,64,GUARDED_VALUE_MISMATCH,747574,747510,64
FDIVR,64,RU,64,GUARDED_FLAGS_MISMATCH,0,0,0
FDIVR,64,RZ,64,ALL,1017392,1000000,17392
FDIVR,64,RZ,64,VALUE_MISMATCH,998852,998634,218
FDIVR,64,RZ,64,FLAGS_MISMATCH,250790,250612,178
FDIVR,64,RZ,64,EXCEEDS_BASELINE_MAX_EXP,125043,124968,75
FDIVR,64,RZ,64,BELOW_BASELINE_MIN_NORMAL_EXP,125767,125644,123
FDIVR,64,RZ,64,SSE_SUBNORMAL_RESULT,12538,12469,69
FDIVR,64,RZ,64,NAN_PRESENT,1286,1038,248
FDIVR,64,RZ,64,NAN_SIGN_DIFFERENCE,7,1,6
FDIVR,64,RZ,64,NAN_QUIET_DIFFERENCE,0,0,0
FDIVR,64,RZ,64,NAN_PAYLOAD_DIFFERENCE,10,1,9
FDIVR,64,RZ,64,FINITE_NORMAL_VALUE_MISMATCH,748072,748021,51
FDIVR,64,RZ,64,FINITE_INPUTS,1016006,998962,17044
FDIVR,64,RZ,64,NONFINITE_INPUTS,1386,1038,348
FDIVR,64,RZ,64,EXCEEDS_DOUBLE_MAX_EXP,125043,124968,75
FDIVR,64,RZ,64,BELOW_DOUBLE_MIN_NORMAL_EXP,125767,125644,123
FDIVR,64,RZ,64,INPUT_SUBNORMAL,1207,967,240
FDIVR,64,RZ,64,MATCH_VALUE_AND_FLAGS,18520,1366,17154
FDIVR,64,RZ,64,PC64_NONNAN_VALUE_MISMATCH,998842,998633,209
FDIVR,64,RZ,64,MEMORY_VALUE_MISMATCH,10,1,9
FDIVR,64,RZ,64,MEMORY_FINITE_DIFFERENCE,0,0,0
FDIVR,64,RZ,64,UNDERFLOW_DOUBLE_ROUNDING_CANDIDATE,0,0,0
FDIVR,64,RZ,64,STORE_OVERFLOW,125043,124968,75
FDIVR,64,RZ,64,STORE_UNDERFLOW,125727,125644,83
FDIVR,64,RZ,64,STORE_INEXACT,998842,998633,209
FDIVR,64,RZ,64,GUARDED_DOMAIN,764554,747860,16694
FDIVR,64,RZ,64,GUARDED_VALUE_MISMATCH,747575,747532,43
FDIVR,64,RZ,64,GUARDED_FLAGS_MISMATCH,0,0,0
FSQRT,53,RN,64,ALL,1017392,1000000,17392
FSQRT,53,RN,64,VALUE_MISMATCH,0,0,0
FSQRT,53,RN,64,FLAGS_MISMATCH,287,223,64
FSQRT,53,RN,64,EXCEEDS_BASELINE_MAX_EXP,0,0,0
FSQRT,53,RN,64,BELOW_BASELINE_MIN_NORMAL_EXP,0,0,0
FSQRT,53,RN,64,SSE_SUBNORMAL_RESULT,0,0,0
FSQRT,53,RN,64,NAN_PRESENT,509647,501079,8568
FSQRT,53,RN,64,NAN_SIGN_DIFFERENCE,0,0,0
FSQRT,53,RN,64,NAN_QUIET_DIFFERENCE,0,0,0
FSQRT,53,RN,64,NAN_PAYLOAD_DIFFERENCE,0,0,0
FSQRT,53,RN,64,FINITE_NORMAL_VALUE_MISMATCH,0,0,0
FSQRT,53,RN,64,FINITE_INPUTS,1016670,999470,17200
FSQRT,53,RN,64,NONFINITE_INPUTS,722,530,192
FSQRT,53,RN,64,EXCEEDS_DOUBLE_MAX_EXP,0,0,0
FSQRT,53,RN,64,BELOW_DOUBLE_MIN_NORMAL_EXP,0,0,0
FSQRT,53,RN,64,INPUT_SUBNORMAL,614,486,128
FSQRT,53,RN,64,MATCH_VALUE_AND_FLAGS,1017105,999777,17328
FSQRT,53,RN,64,PC64_NONNAN_VALUE_MISMATCH,0,0,0
FSQRT,53,RN,64,MEMORY_VALUE_MISMATCH,0,0,0
FSQRT,53,RN,64,MEMORY_FINITE_DIFFERENCE,0,0,0
FSQRT,53,RN,64,UNDERFLOW_DOUBLE_ROUNDING_CANDIDATE,0,0,0
FSQRT,53,RN,64,STORE_OVERFLOW,0,0,0
FSQRT,53,RN,64,STORE_UNDERFLOW,0,0,0
FSQRT,53,RN,64,STORE_INEXACT,0,0,0
FSQRT,53,RN,64,GUARDED_DOMAIN,507386,498658,8728
FSQRT,53,RN,64,GUARDED_VALUE_MISMATCH,0,0,0
FSQRT,53,RN,64,GUARDED_FLAGS_MISMATCH,0,0,0
FSQRT,53,RD,64,ALL,1017392,1000000,17392
FSQRT,53,RD,64,VALUE_MISMATCH,0,0,0
FSQRT,53,RD,64,FLAGS_MISMATCH,287,223,64
FSQRT,53,RD,64,EXCEEDS_BASELINE_MAX_EXP,0,0,0
FSQRT,53,RD,64,BELOW_BASELINE_MIN_NORMAL_EXP,0,0,0
FSQRT,53,RD,64,SSE_SUBNORMAL_RESULT,0,0,0
FSQRT,53,RD,64,NAN_PRESENT,509647,501079,8568
FSQRT,53,RD,64,NAN_SIGN_DIFFERENCE,0,0,0
FSQRT,53,RD,64,NAN_QUIET_DIFFERENCE,0,0,0
FSQRT,53,RD,64,NAN_PAYLOAD_DIFFERENCE,0,0,0
FSQRT,53,RD,64,FINITE_NORMAL_VALUE_MISMATCH,0,0,0
FSQRT,53,RD,64,FINITE_INPUTS,1016670,999470,17200
FSQRT,53,RD,64,NONFINITE_INPUTS,722,530,192
FSQRT,53,RD,64,EXCEEDS_DOUBLE_MAX_EXP,0,0,0
FSQRT,53,RD,64,BELOW_DOUBLE_MIN_NORMAL_EXP,0,0,0
FSQRT,53,RD,64,INPUT_SUBNORMAL,614,486,128
FSQRT,53,RD,64,MATCH_VALUE_AND_FLAGS,1017105,999777,17328
FSQRT,53,RD,64,PC64_NONNAN_VALUE_MISMATCH,0,0,0
FSQRT,53,RD,64,MEMORY_VALUE_MISMATCH,0,0,0
FSQRT,53,RD,64,MEMORY_FINITE_DIFFERENCE,0,0,0
FSQRT,53,RD,64,UNDERFLOW_DOUBLE_ROUNDING_CANDIDATE,0,0,0
FSQRT,53,RD,64,STORE_OVERFLOW,0,0,0
FSQRT,53,RD,64,STORE_UNDERFLOW,0,0,0
FSQRT,53,RD,64,STORE_INEXACT,0,0,0
FSQRT,53,RD,64,GUARDED_DOMAIN,507386,498658,8728
FSQRT,53,RD,64,GUARDED_VALUE_MISMATCH,0,0,0
FSQRT,53,RD,64,GUARDED_FLAGS_MISMATCH,0,0,0
FSQRT,53,RU,64,ALL,1017392,1000000,17392
FSQRT,53,RU,64,VALUE_MISMATCH,0,0,0
FSQRT,53,RU,64,FLAGS_MISMATCH,287,223,64
FSQRT,53,RU,64,EXCEEDS_BASELINE_MAX_EXP,0,0,0
FSQRT,53,RU,64,BELOW_BASELINE_MIN_NORMAL_EXP,0,0,0
FSQRT,53,RU,64,SSE_SUBNORMAL_RESULT,0,0,0
FSQRT,53,RU,64,NAN_PRESENT,509647,501079,8568
FSQRT,53,RU,64,NAN_SIGN_DIFFERENCE,0,0,0
FSQRT,53,RU,64,NAN_QUIET_DIFFERENCE,0,0,0
FSQRT,53,RU,64,NAN_PAYLOAD_DIFFERENCE,0,0,0
FSQRT,53,RU,64,FINITE_NORMAL_VALUE_MISMATCH,0,0,0
FSQRT,53,RU,64,FINITE_INPUTS,1016670,999470,17200
FSQRT,53,RU,64,NONFINITE_INPUTS,722,530,192
FSQRT,53,RU,64,EXCEEDS_DOUBLE_MAX_EXP,0,0,0
FSQRT,53,RU,64,BELOW_DOUBLE_MIN_NORMAL_EXP,0,0,0
FSQRT,53,RU,64,INPUT_SUBNORMAL,614,486,128
FSQRT,53,RU,64,MATCH_VALUE_AND_FLAGS,1017105,999777,17328
FSQRT,53,RU,64,PC64_NONNAN_VALUE_MISMATCH,0,0,0
FSQRT,53,RU,64,MEMORY_VALUE_MISMATCH,0,0,0
FSQRT,53,RU,64,MEMORY_FINITE_DIFFERENCE,0,0,0
FSQRT,53,RU,64,UNDERFLOW_DOUBLE_ROUNDING_CANDIDATE,0,0,0
FSQRT,53,RU,64,STORE_OVERFLOW,0,0,0
FSQRT,53,RU,64,STORE_UNDERFLOW,0,0,0
FSQRT,53,RU,64,STORE_INEXACT,0,0,0
FSQRT,53,RU,64,GUARDED_DOMAIN,507386,498658,8728
FSQRT,53,RU,64,GUARDED_VALUE_MISMATCH,0,0,0
FSQRT,53,RU,64,GUARDED_FLAGS_MISMATCH,0,0,0
FSQRT,53,RZ,64,ALL,1017392,1000000,17392
FSQRT,53,RZ,64,VALUE_MISMATCH,0,0,0
FSQRT,53,RZ,64,FLAGS_MISMATCH,287,223,64
FSQRT,53,RZ,64,EXCEEDS_BASELINE_MAX_EXP,0,0,0
FSQRT,53,RZ,64,BELOW_BASELINE_MIN_NORMAL_EXP,0,0,0
FSQRT,53,RZ,64,SSE_SUBNORMAL_RESULT,0,0,0
FSQRT,53,RZ,64,NAN_PRESENT,509647,501079,8568
FSQRT,53,RZ,64,NAN_SIGN_DIFFERENCE,0,0,0
FSQRT,53,RZ,64,NAN_QUIET_DIFFERENCE,0,0,0
FSQRT,53,RZ,64,NAN_PAYLOAD_DIFFERENCE,0,0,0
FSQRT,53,RZ,64,FINITE_NORMAL_VALUE_MISMATCH,0,0,0
FSQRT,53,RZ,64,FINITE_INPUTS,1016670,999470,17200
FSQRT,53,RZ,64,NONFINITE_INPUTS,722,530,192
FSQRT,53,RZ,64,EXCEEDS_DOUBLE_MAX_EXP,0,0,0
FSQRT,53,RZ,64,BELOW_DOUBLE_MIN_NORMAL_EXP,0,0,0
FSQRT,53,RZ,64,INPUT_SUBNORMAL,614,486,128
FSQRT,53,RZ,64,MATCH_VALUE_AND_FLAGS,1017105,999777,17328
FSQRT,53,RZ,64,PC64_NONNAN_VALUE_MISMATCH,0,0,0
FSQRT,53,RZ,64,MEMORY_VALUE_MISMATCH,0,0,0
FSQRT,53,RZ,64,MEMORY_FINITE_DIFFERENCE,0,0,0
FSQRT,53,RZ,64,UNDERFLOW_DOUBLE_ROUNDING_CANDIDATE,0,0,0
FSQRT,53,RZ,64,STORE_OVERFLOW,0,0,0
FSQRT,53,RZ,64,STORE_UNDERFLOW,0,0,0
FSQRT,53,RZ,64,STORE_INEXACT,0,0,0
FSQRT,53,RZ,64,GUARDED_DOMAIN,507386,498658,8728
FSQRT,53,RZ,64,GUARDED_VALUE_MISMATCH,0,0,0
FSQRT,53,RZ,64,GUARDED_FLAGS_MISMATCH,0,0,0
FSQRT,24,RN,32,ALL,1003056,1000000,3056
FSQRT,24,RN,32,VALUE_MISMATCH,0,0,0
FSQRT,24,RN,32,FLAGS_MISMATCH,1996,1932,64
FSQRT,24,RN,32,EXCEEDS_BASELINE_MAX_EXP,0,0,0
FSQRT,24,RN,32,BELOW_BASELINE_MIN_NORMAL_EXP,0,0,0
FSQRT,24,RN,32,SSE_SUBNORMAL_RESULT,0,0,0
FSQRT,24,RN,32,NAN_PRESENT,502948,501548,1400
FSQRT,24,RN,32,NAN_SIGN_DIFFERENCE,0,0,0
FSQRT,24,RN,32,NAN_QUIET_DIFFERENCE,0,0,0
FSQRT,24,RN,32,NAN_PAYLOAD_DIFFERENCE,0,0,0
FSQRT,24,RN,32,FINITE_NORMAL_VALUE_MISMATCH,0,0,0
FSQRT,24,RN,32,FINITE_INPUTS,998985,996121,2864
FSQRT,24,RN,32,NONFINITE_INPUTS,4071,3879,192
FSQRT,24,RN,32,EXCEEDS_DOUBLE_MAX_EXP,0,0,0
FSQRT,24,RN,32,BELOW_DOUBLE_MIN_NORMAL_EXP,0,0,0
FSQRT,24,RN,32,INPUT_SUBNORMAL,3971,3843,128
FSQRT,24,RN,32,MATCH_VALUE_AND_FLAGS,1001060,998068,2992
FSQRT,24,RN,32,PC64_NONNAN_VALUE_MISMATCH,0,0,0
FSQRT,24,RN,32,MEMORY_VALUE_MISMATCH,0,0,0
FSQRT,24,RN,32,MEMORY_FINITE_DIFFERENCE,0,0,0
FSQRT,24,RN,32,UNDERFLOW_DOUBLE_ROUNDING_CANDIDATE,0,0,0
FSQRT,24,RN,32,STORE_OVERFLOW,0,0,0
FSQRT,24,RN,32,STORE_UNDERFLOW,0,0,0
FSQRT,24,RN,32,STORE_INEXACT,0,0,0
FSQRT,24,RN,32,GUARDED_DOMAIN,498101,496541,1560
FSQRT,24,RN,32,GUARDED_VALUE_MISMATCH,0,0,0
FSQRT,24,RN,32,GUARDED_FLAGS_MISMATCH,0,0,0
FSQRT,24,RD,32,ALL,1003056,1000000,3056
FSQRT,24,RD,32,VALUE_MISMATCH,0,0,0
FSQRT,24,RD,32,FLAGS_MISMATCH,1996,1932,64
FSQRT,24,RD,32,EXCEEDS_BASELINE_MAX_EXP,0,0,0
FSQRT,24,RD,32,BELOW_BASELINE_MIN_NORMAL_EXP,0,0,0
FSQRT,24,RD,32,SSE_SUBNORMAL_RESULT,0,0,0
FSQRT,24,RD,32,NAN_PRESENT,502948,501548,1400
FSQRT,24,RD,32,NAN_SIGN_DIFFERENCE,0,0,0
FSQRT,24,RD,32,NAN_QUIET_DIFFERENCE,0,0,0
FSQRT,24,RD,32,NAN_PAYLOAD_DIFFERENCE,0,0,0
FSQRT,24,RD,32,FINITE_NORMAL_VALUE_MISMATCH,0,0,0
FSQRT,24,RD,32,FINITE_INPUTS,998985,996121,2864
FSQRT,24,RD,32,NONFINITE_INPUTS,4071,3879,192
FSQRT,24,RD,32,EXCEEDS_DOUBLE_MAX_EXP,0,0,0
FSQRT,24,RD,32,BELOW_DOUBLE_MIN_NORMAL_EXP,0,0,0
FSQRT,24,RD,32,INPUT_SUBNORMAL,3971,3843,128
FSQRT,24,RD,32,MATCH_VALUE_AND_FLAGS,1001060,998068,2992
FSQRT,24,RD,32,PC64_NONNAN_VALUE_MISMATCH,0,0,0
FSQRT,24,RD,32,MEMORY_VALUE_MISMATCH,0,0,0
FSQRT,24,RD,32,MEMORY_FINITE_DIFFERENCE,0,0,0
FSQRT,24,RD,32,UNDERFLOW_DOUBLE_ROUNDING_CANDIDATE,0,0,0
FSQRT,24,RD,32,STORE_OVERFLOW,0,0,0
FSQRT,24,RD,32,STORE_UNDERFLOW,0,0,0
FSQRT,24,RD,32,STORE_INEXACT,0,0,0
FSQRT,24,RD,32,GUARDED_DOMAIN,498101,496541,1560
FSQRT,24,RD,32,GUARDED_VALUE_MISMATCH,0,0,0
FSQRT,24,RD,32,GUARDED_FLAGS_MISMATCH,0,0,0
FSQRT,24,RU,32,ALL,1003056,1000000,3056
FSQRT,24,RU,32,VALUE_MISMATCH,0,0,0
FSQRT,24,RU,32,FLAGS_MISMATCH,1996,1932,64
FSQRT,24,RU,32,EXCEEDS_BASELINE_MAX_EXP,0,0,0
FSQRT,24,RU,32,BELOW_BASELINE_MIN_NORMAL_EXP,0,0,0
FSQRT,24,RU,32,SSE_SUBNORMAL_RESULT,0,0,0
FSQRT,24,RU,32,NAN_PRESENT,502948,501548,1400
FSQRT,24,RU,32,NAN_SIGN_DIFFERENCE,0,0,0
FSQRT,24,RU,32,NAN_QUIET_DIFFERENCE,0,0,0
FSQRT,24,RU,32,NAN_PAYLOAD_DIFFERENCE,0,0,0
FSQRT,24,RU,32,FINITE_NORMAL_VALUE_MISMATCH,0,0,0
FSQRT,24,RU,32,FINITE_INPUTS,998985,996121,2864
FSQRT,24,RU,32,NONFINITE_INPUTS,4071,3879,192
FSQRT,24,RU,32,EXCEEDS_DOUBLE_MAX_EXP,0,0,0
FSQRT,24,RU,32,BELOW_DOUBLE_MIN_NORMAL_EXP,0,0,0
FSQRT,24,RU,32,INPUT_SUBNORMAL,3971,3843,128
FSQRT,24,RU,32,MATCH_VALUE_AND_FLAGS,1001060,998068,2992
FSQRT,24,RU,32,PC64_NONNAN_VALUE_MISMATCH,0,0,0
FSQRT,24,RU,32,MEMORY_VALUE_MISMATCH,0,0,0
FSQRT,24,RU,32,MEMORY_FINITE_DIFFERENCE,0,0,0
FSQRT,24,RU,32,UNDERFLOW_DOUBLE_ROUNDING_CANDIDATE,0,0,0
FSQRT,24,RU,32,STORE_OVERFLOW,0,0,0
FSQRT,24,RU,32,STORE_UNDERFLOW,0,0,0
FSQRT,24,RU,32,STORE_INEXACT,0,0,0
FSQRT,24,RU,32,GUARDED_DOMAIN,498101,496541,1560
FSQRT,24,RU,32,GUARDED_VALUE_MISMATCH,0,0,0
FSQRT,24,RU,32,GUARDED_FLAGS_MISMATCH,0,0,0
FSQRT,24,RZ,32,ALL,1003056,1000000,3056
FSQRT,24,RZ,32,VALUE_MISMATCH,0,0,0
FSQRT,24,RZ,32,FLAGS_MISMATCH,1996,1932,64
FSQRT,24,RZ,32,EXCEEDS_BASELINE_MAX_EXP,0,0,0
FSQRT,24,RZ,32,BELOW_BASELINE_MIN_NORMAL_EXP,0,0,0
FSQRT,24,RZ,32,SSE_SUBNORMAL_RESULT,0,0,0
FSQRT,24,RZ,32,NAN_PRESENT,502948,501548,1400
FSQRT,24,RZ,32,NAN_SIGN_DIFFERENCE,0,0,0
FSQRT,24,RZ,32,NAN_QUIET_DIFFERENCE,0,0,0
FSQRT,24,RZ,32,NAN_PAYLOAD_DIFFERENCE,0,0,0
FSQRT,24,RZ,32,FINITE_NORMAL_VALUE_MISMATCH,0,0,0
FSQRT,24,RZ,32,FINITE_INPUTS,998985,996121,2864
FSQRT,24,RZ,32,NONFINITE_INPUTS,4071,3879,192
FSQRT,24,RZ,32,EXCEEDS_DOUBLE_MAX_EXP,0,0,0
FSQRT,24,RZ,32,BELOW_DOUBLE_MIN_NORMAL_EXP,0,0,0
FSQRT,24,RZ,32,INPUT_SUBNORMAL,3971,3843,128
FSQRT,24,RZ,32,MATCH_VALUE_AND_FLAGS,1001060,998068,2992
FSQRT,24,RZ,32,PC64_NONNAN_VALUE_MISMATCH,0,0,0
FSQRT,24,RZ,32,MEMORY_VALUE_MISMATCH,0,0,0
FSQRT,24,RZ,32,MEMORY_FINITE_DIFFERENCE,0,0,0
FSQRT,24,RZ,32,UNDERFLOW_DOUBLE_ROUNDING_CANDIDATE,0,0,0
FSQRT,24,RZ,32,STORE_OVERFLOW,0,0,0
FSQRT,24,RZ,32,STORE_UNDERFLOW,0,0,0
FSQRT,24,RZ,32,STORE_INEXACT,0,0,0
FSQRT,24,RZ,32,GUARDED_DOMAIN,498101,496541,1560
FSQRT,24,RZ,32,GUARDED_VALUE_MISMATCH,0,0,0
FSQRT,24,RZ,32,GUARDED_FLAGS_MISMATCH,0,0,0
FSQRT,64,RN,64,ALL,1017392,1000000,17392
FSQRT,64,RN,64,VALUE_MISMATCH,503161,498685,4476
FSQRT,64,RN,64,FLAGS_MISMATCH,287,223,64
FSQRT,64,RN,64,EXCEEDS_BASELINE_MAX_EXP,0,0,0
FSQRT,64,RN,64,BELOW_BASELINE_MIN_NORMAL_EXP,0,0,0
FSQRT,64,RN,64,SSE_SUBNORMAL_RESULT,0,0,0
FSQRT,64,RN,64,NAN_PRESENT,509647,501079,8568
FSQRT,64,RN,64,NAN_SIGN_DIFFERENCE,0,0,0
FSQRT,64,RN,64,NAN_QUIET_DIFFERENCE,0,0,0
FSQRT,64,RN,64,NAN_PAYLOAD_DIFFERENCE,0,0,0
FSQRT,64,RN,64,FINITE_NORMAL_VALUE_MISMATCH,503161,498685,4476
FSQRT,64,RN,64,FINITE_INPUTS,1016670,999470,17200
FSQRT,64,RN,64,NONFINITE_INPUTS,722,530,192
FSQRT,64,RN,64,EXCEEDS_DOUBLE_MAX_EXP,0,0,0
FSQRT,64,RN,64,BELOW_DOUBLE_MIN_NORMAL_EXP,0,0,0
FSQRT,64,RN,64,INPUT_SUBNORMAL,614,486,128
FSQRT,64,RN,64,MATCH_VALUE_AND_FLAGS,513944,501092,12852
FSQRT,64,RN,64,PC64_NONNAN_VALUE_MISMATCH,503161,498685,4476
FSQRT,64,RN,64,MEMORY_VALUE_MISMATCH,180,116,64
FSQRT,64,RN,64,MEMORY_FINITE_DIFFERENCE,180,116,64
FSQRT,64,RN,64,UNDERFLOW_DOUBLE_ROUNDING_CANDIDATE,0,0,0
FSQRT,64,RN,64,STORE_OVERFLOW,0,0,0
FSQRT,64,RN,64,STORE_UNDERFLOW,0,0,0
FSQRT,64,RN,64,STORE_INEXACT,503161,498685,4476
FSQRT,64,RN,64,GUARDED_DOMAIN,507386,498658,8728
FSQRT,64,RN,64,GUARDED_VALUE_MISMATCH,502898,498422,4476
FSQRT,64,RN,64,GUARDED_FLAGS_MISMATCH,0,0,0
FSQRT,64,RD,64,ALL,1017392,1000000,17392
FSQRT,64,RD,64,VALUE_MISMATCH,503193,498685,4508
FSQRT,64,RD,64,FLAGS_MISMATCH,287,223,64
FSQRT,64,RD,64,EXCEEDS_BASELINE_MAX_EXP,0,0,0
FSQRT,64,RD,64,BELOW_BASELINE_MIN_NORMAL_EXP,0,0,0
FSQRT,64,RD,64,SSE_SUBNORMAL_RESULT,0,0,0
FSQRT,64,RD,64,NAN_PRESENT,509647,501079,8568
FSQRT,64,RD,64,NAN_SIGN_DIFFERENCE,0,0,0
FSQRT,64,RD,64,NAN_QUIET_DIFFERENCE,0,0,0
FSQRT,64,RD,64,NAN_PAYLOAD_DIFFERENCE,0,0,0
FSQRT,64,RD,64,FINITE_NORMAL_VALUE_MISMATCH,503193,498685,4508
FSQRT,64,RD,64,FINITE_INPUTS,1016670,999470,17200
FSQRT,64,RD,64,NONFINITE_INPUTS,722,530,192
FSQRT,64,RD,64,EXCEEDS_DOUBLE_MAX_EXP,0,0,0
FSQRT,64,RD,64,BELOW_DOUBLE_MIN_NORMAL_EXP,0,0,0
FSQRT,64,RD,64,INPUT_SUBNORMAL,614,486,128
FSQRT,64,RD,64,MATCH_VALUE_AND_FLAGS,513912,501092,12820
FSQRT,64,RD,64,PC64_NONNAN_VALUE_MISMATCH,503193,498685,4508
FSQRT,64,RD,64,MEMORY_VALUE_MISMATCH,0,0,0
FSQRT,64,RD,64,MEMORY_FINITE_DIFFERENCE,0,0,0
FSQRT,64,RD,64,UNDERFLOW_DOUBLE_ROUNDING_CANDIDATE,0,0,0
FSQRT,64,RD,64,STORE_OVERFLOW,0,0,0
FSQRT,64,RD,64,STORE_UNDERFLOW,0,0,0
FSQRT,64,RD,64,STORE_INEXACT,503193,498685,4508
FSQRT,64,RD,64,GUARDED_DOMAIN,507386,498658,8728
FSQRT,64,RD,64,GUARDED_VALUE_MISMATCH,502898,498422,4476
FSQRT,64,RD,64,GUARDED_FLAGS_MISMATCH,0,0,0
FSQRT,64,RU,64,ALL,1017392,1000000,17392
FSQRT,64,RU,64,VALUE_MISMATCH,503146,498670,4476
FSQRT,64,RU,64,FLAGS_MISMATCH,287,223,64
FSQRT,64,RU,64,EXCEEDS_BASELINE_MAX_EXP,0,0,0
FSQRT,64,RU,64,BELOW_BASELINE_MIN_NORMAL_EXP,0,0,0
FSQRT,64,RU,64,SSE_SUBNORMAL_RESULT,0,0,0
FSQRT,64,RU,64,NAN_PRESENT,509647,501079,8568
FSQRT,64,RU,64,NAN_SIGN_DIFFERENCE,0,0,0
FSQRT,64,RU,64,NAN_QUIET_DIFFERENCE,0,0,0
FSQRT,64,RU,64,NAN_PAYLOAD_DIFFERENCE,0,0,0
FSQRT,64,RU,64,FINITE_NORMAL_VALUE_MISMATCH,503146,498670,4476
FSQRT,64,RU,64,FINITE_INPUTS,1016670,999470,17200
FSQRT,64,RU,64,NONFINITE_INPUTS,722,530,192
FSQRT,64,RU,64,EXCEEDS_DOUBLE_MAX_EXP,0,0,0
FSQRT,64,RU,64,BELOW_DOUBLE_MIN_NORMAL_EXP,0,0,0
FSQRT,64,RU,64,INPUT_SUBNORMAL,614,486,128
FSQRT,64,RU,64,MATCH_VALUE_AND_FLAGS,513959,501107,12852
FSQRT,64,RU,64,PC64_NONNAN_VALUE_MISMATCH,503146,498670,4476
FSQRT,64,RU,64,MEMORY_VALUE_MISMATCH,0,0,0
FSQRT,64,RU,64,MEMORY_FINITE_DIFFERENCE,0,0,0
FSQRT,64,RU,64,UNDERFLOW_DOUBLE_ROUNDING_CANDIDATE,0,0,0
FSQRT,64,RU,64,STORE_OVERFLOW,0,0,0
FSQRT,64,RU,64,STORE_UNDERFLOW,0,0,0
FSQRT,64,RU,64,STORE_INEXACT,503146,498670,4476
FSQRT,64,RU,64,GUARDED_DOMAIN,507386,498658,8728
FSQRT,64,RU,64,GUARDED_VALUE_MISMATCH,502883,498407,4476
FSQRT,64,RU,64,GUARDED_FLAGS_MISMATCH,0,0,0
FSQRT,64,RZ,64,ALL,1017392,1000000,17392
FSQRT,64,RZ,64,VALUE_MISMATCH,503193,498685,4508
FSQRT,64,RZ,64,FLAGS_MISMATCH,287,223,64
FSQRT,64,RZ,64,EXCEEDS_BASELINE_MAX_EXP,0,0,0
FSQRT,64,RZ,64,BELOW_BASELINE_MIN_NORMAL_EXP,0,0,0
FSQRT,64,RZ,64,SSE_SUBNORMAL_RESULT,0,0,0
FSQRT,64,RZ,64,NAN_PRESENT,509647,501079,8568
FSQRT,64,RZ,64,NAN_SIGN_DIFFERENCE,0,0,0
FSQRT,64,RZ,64,NAN_QUIET_DIFFERENCE,0,0,0
FSQRT,64,RZ,64,NAN_PAYLOAD_DIFFERENCE,0,0,0
FSQRT,64,RZ,64,FINITE_NORMAL_VALUE_MISMATCH,503193,498685,4508
FSQRT,64,RZ,64,FINITE_INPUTS,1016670,999470,17200
FSQRT,64,RZ,64,NONFINITE_INPUTS,722,530,192
FSQRT,64,RZ,64,EXCEEDS_DOUBLE_MAX_EXP,0,0,0
FSQRT,64,RZ,64,BELOW_DOUBLE_MIN_NORMAL_EXP,0,0,0
FSQRT,64,RZ,64,INPUT_SUBNORMAL,614,486,128
FSQRT,64,RZ,64,MATCH_VALUE_AND_FLAGS,513912,501092,12820
FSQRT,64,RZ,64,PC64_NONNAN_VALUE_MISMATCH,503193,498685,4508
FSQRT,64,RZ,64,MEMORY_VALUE_MISMATCH,0,0,0
FSQRT,64,RZ,64,MEMORY_FINITE_DIFFERENCE,0,0,0
FSQRT,64,RZ,64,UNDERFLOW_DOUBLE_ROUNDING_CANDIDATE,0,0,0
FSQRT,64,RZ,64,STORE_OVERFLOW,0,0,0
FSQRT,64,RZ,64,STORE_UNDERFLOW,0,0,0
FSQRT,64,RZ,64,STORE_INEXACT,503193,498685,4508
FSQRT,64,RZ,64,GUARDED_DOMAIN,507386,498658,8728
FSQRT,64,RZ,64,GUARDED_VALUE_MISMATCH,502898,498422,4476
FSQRT,64,RZ,64,GUARDED_FLAGS_MISMATCH,0,0,0
