operation,input_bits,original_random_index,pc,rounding,a_hex,b_hex,x87_80_hex,sse_80_hex,x87_stored_hex,sse_native_hex,fsw_after,mxcsr,fsw_store,stored_equal
FMUL,64,10156,53,RN,91e46b3461e303f5,2e0194e7ec7a3bc0,bbffb37f7a30c17d5000,bbffb37f7a30c17d6000,80059bfbd1860bea,80059bfbd1860beb,3820,00001fb0,0030,0
FMUL,64,10156,53,RD,91e46b3461e303f5,2e0194e7ec7a3bc0,bbffb37f7a30c17d5800,bbffb37f7a30c17d6000,80059bfbd1860beb,80059bfbd1860beb,3a20,00003fb0,0230,1
FMUL,64,10156,53,RU,91e46b3461e303f5,2e0194e7ec7a3bc0,bbffb37f7a30c17d5000,bbffb37f7a30c17d4000,80059bfbd1860bea,80059bfbd1860bea,3820,00005fb0,0030,1
FMUL,64,10156,53,RZ,91e46b3461e303f5,2e0194e7ec7a3bc0,bbffb37f7a30c17d5000,bbffb37f7a30c17d4000,80059bfbd1860bea,80059bfbd1860bea,3820,00007fb0,0030,1
FMUL,64,10156,24,RN,91e46b3461e303f5,2e0194e7ec7a3bc0,bbffb37f7a0000000000,bbffb37f7a30c17d6000,80059bfbd0000000,80059bfbd1860beb,3820,00001fb0,0000,0
FMUL,64,10156,24,RD,91e46b3461e303f5,2e0194e7ec7a3bc0,bbffb37f7b0000000000,bbffb37f7a30c17d6000,80059bfbd8000000,80059bfbd1860beb,3a20,00003fb0,0000,0
FMUL,64,10156,24,RU,91e46b3461e303f5,2e0194e7ec7a3bc0,bbffb37f7a0000000000,bbffb37f7a30c17d4000,80059bfbd0000000,80059bfbd1860bea,3820,00005fb0,0000,0
FMUL,64,10156,24,RZ,91e46b3461e303f5,2e0194e7ec7a3bc0,bbffb37f7a0000000000,bbffb37f7a30c17d4000,80059bfbd0000000,80059bfbd1860bea,3820,00007fb0,0000,0
FMUL,64,10156,64,RN,91e46b3461e303f5,2e0194e7ec7a3bc0,bbffb37f7a30c17d504f,bbffb37f7a30c17d6000,80059bfbd1860beb,80059bfbd1860beb,3a20,00001fb0,0230,1
FMUL,64,10156,64,RD,91e46b3461e303f5,2e0194e7ec7a3bc0,bbffb37f7a30c17d504f,bbffb37f7a30c17d6000,80059bfbd1860beb,80059bfbd1860beb,3a20,00003fb0,0230,1
FMUL,64,10156,64,RU,91e46b3461e303f5,2e0194e7ec7a3bc0,bbffb37f7a30c17d504e,bbffb37f7a30c17d4000,80059bfbd1860bea,80059bfbd1860bea,3820,00005fb0,0030,1
FMUL,64,10156,64,RZ,91e46b3461e303f5,2e0194e7ec7a3bc0,bbffb37f7a30c17d504e,bbffb37f7a30c17d4000,80059bfbd1860bea,80059bfbd1860bea,3820,00007fb0,0030,1
FMUL,64,11935,53,RN,b8d2ebc7a703a252,8709f6270030e0d1,3bfef59bf98c6fce6000,3bfef59bf98c6fce4000,0003d66fe631bf3a,0003d66fe631bf39,3a20,00001fb0,0230,0
FMUL,64,11935,53,RD,b8d2ebc7a703a252,8709f6270030e0d1,3bfef59bf98c6fce5800,3bfef59bf98c6fce4000,0003d66fe631bf39,0003d66fe631bf39,3820,00003fb0,0030,1
FMUL,64,11935,53,RU,b8d2ebc7a703a252,8709f6270030e0d1,3bfef59bf98c6fce6000,3bfef59bf98c6fce8000,0003d66fe631bf3a,0003d66fe631bf3a,3a20,00005fb0,0230,1
FMUL,64,11935,53,RZ,b8d2ebc7a703a252,8709f6270030e0d1,3bfef59bf98c6fce5800,3bfef59bf98c6fce4000,0003d66fe631bf39,0003d66fe631bf39,3820,00007fb0,0030,1
FMUL,64,11935,24,RN,b8d2ebc7a703a252,8709f6270030e0d1,3bfef59bfa0000000000,3bfef59bf98c6fce4000,0003d66fe8000000,0003d66fe631bf39,3a20,00001fb0,0000,0
FMUL,64,11935,24,RD,b8d2ebc7a703a252,8709f6270030e0d1,3bfef59bf90000000000,3bfef59bf98c6fce4000,0003d66fe4000000,0003d66fe631bf39,3820,00003fb0,0000,0
FMUL,64,11935,24,RU,b8d2ebc7a703a252,8709f6270030e0d1,3bfef59bfa0000000000,3bfef59bf98c6fce8000,0003d66fe8000000,0003d66fe631bf3a,3a20,00005fb0,0000,0
FMUL,64,11935,24,RZ,b8d2ebc7a703a252,8709f6270030e0d1,3bfef59bf90000000000,3bfef59bf98c6fce4000,0003d66fe4000000,0003d66fe631bf39,3820,00007fb0,0000,0
FMUL,64,11935,64,RN,b8d2ebc7a703a252,8709f6270030e0d1,3bfef59bf98c6fce5d84,3bfef59bf98c6fce4000,0003d66fe631bf39,0003d66fe631bf39,3a20,00001fb0,0030,1
FMUL,64,11935,64,RD,b8d2ebc7a703a252,8709f6270030e0d1,3bfef59bf98c6fce5d83,3bfef59bf98c6fce4000,0003d66fe631bf39,0003d66fe631bf39,3820,00003fb0,0030,1
FMUL,64,11935,64,RU,b8d2ebc7a703a252,8709f6270030e0d1,3bfef59bf98c6fce5d84,3bfef59bf98c6fce8000,0003d66fe631bf3a,0003d66fe631bf3a,3a20,00005fb0,0230,1
FMUL,64,11935,64,RZ,b8d2ebc7a703a252,8709f6270030e0d1,3bfef59bf98c6fce5d83,3bfef59bf98c6fce4000,0003d66fe631bf39,0003d66fe631bf39,3820,00007fb0,0030,1
FMUL,64,13674,53,RN,adccc675d755f586,9218d6a66367e53a,3bffb2aee9a3b9ec5000,3bffb2aee9a3b9ec6000,000595774d1dcf62,000595774d1dcf63,3820,00001fb0,0030,0
FMUL,64,13674,53,RD,adccc675d755f586,9218d6a66367e53a,3bffb2aee9a3b9ec5000,3bffb2aee9a3b9ec4000,000595774d1dcf62,000595774d1dcf62,3820,00003fb0,0030,1
FMUL,64,13674,53,RU,adccc675d755f586,9218d6a66367e53a,3bffb2aee9a3b9ec5800,3bffb2aee9a3b9ec6000,000595774d1dcf63,000595774d1dcf63,3a20,00005fb0,0230,1
FMUL,64,13674,53,RZ,adccc675d755f586,9218d6a66367e53a,3bffb2aee9a3b9ec5000,3bffb2aee9a3b9ec4000,000595774d1dcf62,000595774d1dcf62,3820,00007fb0,0030,1
FMUL,64,13674,24,RN,adccc675d755f586,9218d6a66367e53a,3bffb2aeea0000000000,3bffb2aee9a3b9ec6000,0005957750000000,000595774d1dcf63,3a20,00001fb0,0000,0
FMUL,64,13674,24,RD,adccc675d755f586,9218d6a66367e53a,3bffb2aee90000000000,3bffb2aee9a3b9ec4000,0005957748000000,000595774d1dcf62,3820,00003fb0,0000,0
FMUL,64,13674,24,RU,adccc675d755f586,9218d6a66367e53a,3bffb2aeea0000000000,3bffb2aee9a3b9ec6000,0005957750000000,000595774d1dcf63,3a20,00005fb0,0000,0
FMUL,64,13674,24,RZ,adccc675d755f586,9218d6a66367e53a,3bffb2aee90000000000,3bffb2aee9a3b9ec4000,0005957748000000,000595774d1dcf62,3820,00007fb0,0000,0
FMUL,64,13674,64,RN,adccc675d755f586,9218d6a66367e53a,3bffb2aee9a3b9ec51df,3bffb2aee9a3b9ec6000,000595774d1dcf63,000595774d1dcf63,3a20,00001fb0,0230,1
FMUL,64,13674,64,RD,adccc675d755f586,9218d6a66367e53a,3bffb2aee9a3b9ec51de,3bffb2aee9a3b9ec4000,000595774d1dcf62,000595774d1dcf62,3820,00003fb0,0030,1
FMUL,64,13674,64,RU,adccc675d755f586,9218d6a66367e53a,3bffb2aee9a3b9ec51df,3bffb2aee9a3b9ec6000,000595774d1dcf63,000595774d1dcf63,3a20,00005fb0,0230,1
FMUL,64,13674,64,RZ,adccc675d755f586,9218d6a66367e53a,3bffb2aee9a3b9ec51de,3bffb2aee9a3b9ec4000,000595774d1dcf62,000595774d1dcf62,3820,00007fb0,0030,1
FMUL,64,35333,53,RN,0cb632b1ce440080,b327dfdc53d2cbd4,bbff847dcf50135cb000,bbff847dcf50135ca000,800423ee7a809ae6,800423ee7a809ae5,3a20,00001fb0,0230,0
FMUL,64,35333,53,RD,0cb632b1ce440080,b327dfdc53d2cbd4,bbff847dcf50135cb000,bbff847dcf50135cc000,800423ee7a809ae6,800423ee7a809ae6,3a20,00003fb0,0230,1
FMUL,64,35333,53,RU,0cb632b1ce440080,b327dfdc53d2cbd4,bbff847dcf50135ca800,bbff847dcf50135ca000,800423ee7a809ae5,800423ee7a809ae5,3820,00005fb0,0030,1
FMUL,64,35333,53,RZ,0cb632b1ce440080,b327dfdc53d2cbd4,bbff847dcf50135ca800,bbff847dcf50135ca000,800423ee7a809ae5,800423ee7a809ae5,3820,00007fb0,0030,1
FMUL,64,35333,24,RN,0cb632b1ce440080,b327dfdc53d2cbd4,bbff847dcf0000000000,bbff847dcf50135ca000,800423ee78000000,800423ee7a809ae5,3820,00001fb0,0000,0
FMUL,64,35333,24,RD,0cb632b1ce440080,b327dfdc53d2cbd4,bbff847dd00000000000,bbff847dcf50135cc000,800423ee80000000,800423ee7a809ae6,3a20,00003fb0,0000,0
FMUL,64,35333,24,RU,0cb632b1ce440080,b327dfdc53d2cbd4,bbff847dcf0000000000,bbff847dcf50135ca000,800423ee78000000,800423ee7a809ae5,3820,00005fb0,0000,0
FMUL,64,35333,24,RZ,0cb632b1ce440080,b327dfdc53d2cbd4,bbff847dcf0000000000,bbff847dcf50135ca000,800423ee78000000,800423ee7a809ae5,3820,00007fb0,0000,0
FMUL,64,35333,64,RN,0cb632b1ce440080,b327dfdc53d2cbd4,bbff847dcf50135cac0a,bbff847dcf50135ca000,800423ee7a809ae5,800423ee7a809ae5,3a20,00001fb0,0030,1
FMUL,64,35333,64,RD,0cb632b1ce440080,b327dfdc53d2cbd4,bbff847dcf50135cac0a,bbff847dcf50135cc000,800423ee7a809ae6,800423ee7a809ae6,3a20,00003fb0,0230,1
FMUL,64,35333,64,RU,0cb632b1ce440080,b327dfdc53d2cbd4,bbff847dcf50135cac09,bbff847dcf50135ca000,800423ee7a809ae5,800423ee7a809ae5,3820,00005fb0,0030,1
FMUL,64,35333,64,RZ,0cb632b1ce440080,b327dfdc53d2cbd4,bbff847dcf50135cac09,bbff847dcf50135ca000,800423ee7a809ae5,800423ee7a809ae5,3820,00007fb0,0030,1
FMUL,64,44113,53,RN,9b60c453071ab270,a48b581db9b9c72d,3bffe53d1858da5c7000,3bffe53d1858da5c6000,000729e8c2c6d2e4,000729e8c2c6d2e3,3a20,00001fb0,0230,0
FMUL,64,44113,53,RD,9b60c453071ab270,a48b581db9b9c72d,3bffe53d1858da5c6800,3bffe53d1858da5c6000,000729e8c2c6d2e3,000729e8c2c6d2e3,3820,00003fb0,0030,1
FMUL,64,44113,53,RU,9b60c453071ab270,a48b581db9b9c72d,3bffe53d1858da5c7000,3bffe53d1858da5c8000,000729e8c2c6d2e4,000729e8c2c6d2e4,3a20,00005fb0,0230,1
FMUL,64,44113,53,RZ,9b60c453071ab270,a48b581db9b9c72d,3bffe53d1858da5c6800,3bffe53d1858da5c6000,000729e8c2c6d2e3,000729e8c2c6d2e3,3820,00007fb0,0030,1
FMUL,64,44113,24,RN,9b60c453071ab270,a48b581db9b9c72d,3bffe53d180000000000,3bffe53d1858da5c6000,000729e8c0000000,000729e8c2c6d2e3,3820,00001fb0,0000,0
FMUL,64,44113,24,RD,9b60c453071ab270,a48b581db9b9c72d,3bffe53d180000000000,3bffe53d1858da5c6000,000729e8c0000000,000729e8c2c6d2e3,3820,00003fb0,0000,0
FMUL,64,44113,24,RU,9b60c453071ab270,a48b581db9b9c72d,3bffe53d190000000000,3bffe53d1858da5c8000,000729e8c8000000,000729e8c2c6d2e4,3a20,00005fb0,0000,0
FMUL,64,44113,24,RZ,9b60c453071ab270,a48b581db9b9c72d,3bffe53d180000000000,3bffe53d1858da5c6000,000729e8c0000000,000729e8c2c6d2e3,3820,00007fb0,0000,0
FMUL,64,44113,64,RN,9b60c453071ab270,a48b581db9b9c72d,3bffe53d1858da5c6f19,3bffe53d1858da5c6000,000729e8c2c6d2e3,000729e8c2c6d2e3,3a20,00001fb0,0030,1
FMUL,64,44113,64,RD,9b60c453071ab270,a48b581db9b9c72d,3bffe53d1858da5c6f18,3bffe53d1858da5c6000,000729e8c2c6d2e3,000729e8c2c6d2e3,3820,00003fb0,0030,1
FMUL,64,44113,64,RU,9b60c453071ab270,a48b581db9b9c72d,3bffe53d1858da5c6f19,3bffe53d1858da5c8000,000729e8c2c6d2e4,000729e8c2c6d2e4,3a20,00005fb0,0230,1
FMUL,64,44113,64,RZ,9b60c453071ab270,a48b581db9b9c72d,3bffe53d1858da5c6f18,3bffe53d1858da5c6000,000729e8c2c6d2e3,000729e8c2c6d2e3,3820,00007fb0,0030,1
FMUL,64,76144,53,RN,b2e0f597b4f48b98,8d183f18bb67dd89,3c00cd9a265e7ac4e800,3c00cd9a265e7ac4f000,000cd9a265e7ac4e,000cd9a265e7ac4f,3820,00001fb0,0030,0
FMUL,64,76144,53,RD,b2e0f597b4f48b98,8d183f18bb67dd89,3c00cd9a265e7ac4e800,3c00cd9a265e7ac4e000,000cd9a265e7ac4e,000cd9a265e7ac4e,3820,00003fb0,0030,1
FMUL,64,76144,53,RU,b2e0f597b4f48b98,8d183f18bb67dd89,3c00cd9a265e7ac4f000,3c00cd9a265e7ac4f000,000cd9a265e7ac4f,000cd9a265e7ac4f,3a20,00005fb0,0000,1
FMUL,64,76144,53,RZ,b2e0f597b4f48b98,8d183f18bb67dd89,3c00cd9a265e7ac4e800,3c00cd9a265e7ac4e000,000cd9a265e7ac4e,000cd9a265e7ac4e,3820,00007fb0,0030,1
FMUL,64,76144,24,RN,b2e0f597b4f48b98,8d183f18bb67dd89,3c00cd9a260000000000,3c00cd9a265e7ac4f000,000cd9a260000000,000cd9a265e7ac4f,3820,00001fb0,0000,0
FMUL,64,76144,24,RD,b2e0f597b4f48b98,8d183f18bb67dd89,3c00cd9a260000000000,3c00cd9a265e7ac4e000,000cd9a260000000,000cd9a265e7ac4e,3820,00003fb0,0000,0
FMUL,64,76144,24,RU,b2e0f597b4f48b98,8d183f18bb67dd89,3c00cd9a270000000000,3c00cd9a265e7ac4f000,000cd9a270000000,000cd9a265e7ac4f,3a20,00005fb0,0000,0
FMUL,64,76144,24,RZ,b2e0f597b4f48b98,8d183f18bb67dd89,3c00cd9a260000000000,3c00cd9a265e7ac4e000,000cd9a260000000,000cd9a265e7ac4e,3820,00007fb0,0000,0
FMUL,64,76144,64,RN,b2e0f597b4f48b98,8d183f18bb67dd89,3c00cd9a265e7ac4ebaa,3c00cd9a265e7ac4f000,000cd9a265e7ac4f,000cd9a265e7ac4f,3820,00001fb0,0230,1
FMUL,64,76144,64,RD,b2e0f597b4f48b98,8d183f18bb67dd89,3c00cd9a265e7ac4ebaa,3c00cd9a265e7ac4e000,000cd9a265e7ac4e,000cd9a265e7ac4e,3820,00003fb0,0030,1
FMUL,64,76144,64,RU,b2e0f597b4f48b98,8d183f18bb67dd89,3c00cd9a265e7ac4ebab,3c00cd9a265e7ac4f000,000cd9a265e7ac4f,000cd9a265e7ac4f,3a20,00005fb0,0230,1
FMUL,64,76144,64,RZ,b2e0f597b4f48b98,8d183f18bb67dd89,3c00cd9a265e7ac4ebaa,3c00cd9a265e7ac4e000,000cd9a265e7ac4e,000cd9a265e7ac4e,3820,00007fb0,0030,1
FMUL,64,77407,53,RN,91796dc6253e68b5,2e66daeea0f58c6b,bbff914b8d7e92a75000,bbff914b8d7e92a76000,80048a5c6bf4953a,80048a5c6bf4953b,3820,00001fb0,0030,0
FMUL,64,77407,53,RD,91796dc6253e68b5,2e66daeea0f58c6b,bbff914b8d7e92a75800,bbff914b8d7e92a76000,80048a5c6bf4953b,80048a5c6bf4953b,3a20,00003fb0,0230,1
FMUL,64,77407,53,RU,91796dc6253e68b5,2e66daeea0f58c6b,bbff914b8d7e92a75000,bbff914b8d7e92a74000,80048a5c6bf4953a,80048a5c6bf4953a,3820,00005fb0,0030,1
FMUL,64,77407,53,RZ,91796dc6253e68b5,2e66daeea0f58c6b,bbff914b8d7e92a75000,bbff914b8d7e92a74000,80048a5c6bf4953a,80048a5c6bf4953a,3820,00007fb0,0030,1
FMUL,64,77407,24,RN,91796dc6253e68b5,2e66daeea0f58c6b,bbff914b8d0000000000,bbff914b8d7e92a76000,80048a5c68000000,80048a5c6bf4953b,3820,00001fb0,0000,0
FMUL,64,77407,24,RD,91796dc6253e68b5,2e66daeea0f58c6b,bbff914b8e0000000000,bbff914b8d7e92a76000,80048a5c70000000,80048a5c6bf4953b,3a20,00003fb0,0000,0
FMUL,64,77407,24,RU,91796dc6253e68b5,2e66daeea0f58c6b,bbff914b8d0000000000,bbff914b8d7e92a74000,80048a5c68000000,80048a5c6bf4953a,3820,00005fb0,0000,0
FMUL,64,77407,24,RZ,91796dc6253e68b5,2e66daeea0f58c6b,bbff914b8d0000000000,bbff914b8d7e92a74000,80048a5c68000000,80048a5c6bf4953a,3820,00007fb0,0000,0
FMUL,64,77407,64,RN,91796dc6253e68b5,2e66daeea0f58c6b,bbff914b8d7e92a753d8,bbff914b8d7e92a76000,80048a5c6bf4953b,80048a5c6bf4953b,3a20,00001fb0,0230,1
FMUL,64,77407,64,RD,91796dc6253e68b5,2e66daeea0f58c6b,bbff914b8d7e92a753d8,bbff914b8d7e92a76000,80048a5c6bf4953b,80048a5c6bf4953b,3a20,00003fb0,0230,1
FMUL,64,77407,64,RU,91796dc6253e68b5,2e66daeea0f58c6b,bbff914b8d7e92a753d7,bbff914b8d7e92a74000,80048a5c6bf4953a,80048a5c6bf4953a,3820,00005fb0,0030,1
FMUL,64,77407,64,RZ,91796dc6253e68b5,2e66daeea0f58c6b,bbff914b8d7e92a753d7,bbff914b8d7e92a74000,80048a5c6bf4953a,80048a5c6bf4953a,3820,00007fb0,0030,1
FMUL,64,81469,53,RN,bad862cbbdd6adc5,851568ef376a20bd,3c00828668b6d1dfe800,3c00828668b6d1dff000,000828668b6d1dfe,000828668b6d1dff,3820,00001fb0,0030,0
FMUL,64,81469,53,RD,bad862cbbdd6adc5,851568ef376a20bd,3c00828668b6d1dfe800,3c00828668b6d1dfe000,000828668b6d1dfe,000828668b6d1dfe,3820,00003fb0,0030,1
FMUL,64,81469,53,RU,bad862cbbdd6adc5,851568ef376a20bd,3c00828668b6d1dff000,3c00828668b6d1dff000,000828668b6d1dff,000828668b6d1dff,3a20,00005fb0,0000,1
FMUL,64,81469,53,RZ,bad862cbbdd6adc5,851568ef376a20bd,3c00828668b6d1dfe800,3c00828668b6d1dfe000,000828668b6d1dfe,000828668b6d1dfe,3820,00007fb0,0030,1
FMUL,64,81469,24,RN,bad862cbbdd6adc5,851568ef376a20bd,3c008286690000000000,3c00828668b6d1dff000,0008286690000000,000828668b6d1dff,3a20,00001fb0,0000,0
FMUL,64,81469,24,RD,bad862cbbdd6adc5,851568ef376a20bd,3c008286680000000000,3c00828668b6d1dfe000,0008286680000000,000828668b6d1dfe,3820,00003fb0,0000,0
FMUL,64,81469,24,RU,bad862cbbdd6adc5,851568ef376a20bd,3c008286690000000000,3c00828668b6d1dff000,0008286690000000,000828668b6d1dff,3a20,00005fb0,0000,0
FMUL,64,81469,24,RZ,bad862cbbdd6adc5,851568ef376a20bd,3c008286680000000000,3c00828668b6d1dfe000,0008286680000000,000828668b6d1dfe,3820,00007fb0,0000,0
FMUL,64,81469,64,RN,bad862cbbdd6adc5,851568ef376a20bd,3c00828668b6d1dfeb59,3c00828668b6d1dff000,000828668b6d1dff,000828668b6d1dff,3820,00001fb0,0230,1
FMUL,64,81469,64,RD,bad862cbbdd6adc5,851568ef376a20bd,3c00828668b6d1dfeb59,3c00828668b6d1dfe000,000828668b6d1dfe,000828668b6d1dfe,3820,00003fb0,0030,1
FMUL,64,81469,64,RU,bad862cbbdd6adc5,851568ef376a20bd,3c00828668b6d1dfeb5a,3c00828668b6d1dff000,000828668b6d1dff,000828668b6d1dff,3a20,00005fb0,0230,1
FMUL,64,81469,64,RZ,bad862cbbdd6adc5,851568ef376a20bd,3c00828668b6d1dfeb59,3c00828668b6d1dfe000,000828668b6d1dfe,000828668b6d1dfe,3820,00007fb0,0030,1
FMUL,64,94538,53,RN,15de2bc09a586e79,aa151e3cc5e37d01,bc009f49c5b3bd95e800,bc009f49c5b3bd95f000,8009f49c5b3bd95e,8009f49c5b3bd95f,3820,00001fb0,0030,0
FMUL,64,94538,53,RD,15de2bc09a586e79,aa151e3cc5e37d01,bc009f49c5b3bd95f000,bc009f49c5b3bd95f000,8009f49c5b3bd95f,8009f49c5b3bd95f,3a20,00003fb0,0000,1
FMUL,64,94538,53,RU,15de2bc09a586e79,aa151e3cc5e37d01,bc009f49c5b3bd95e800,bc009f49c5b3bd95e000,8009f49c5b3bd95e,8009f49c5b3bd95e,3820,00005fb0,0030,1
FMUL,64,94538,53,RZ,15de2bc09a586e79,aa151e3cc5e37d01,bc009f49c5b3bd95e800,bc009f49c5b3bd95e000,8009f49c5b3bd95e,8009f49c5b3bd95e,3820,00007fb0,0030,1
FMUL,64,94538,24,RN,15de2bc09a586e79,aa151e3cc5e37d01,bc009f49c60000000000,bc009f49c5b3bd95f000,8009f49c60000000,8009f49c5b3bd95f,3a20,00001fb0,0000,0
FMUL,64,94538,24,RD,15de2bc09a586e79,aa151e3cc5e37d01,bc009f49c60000000000,bc009f49c5b3bd95f000,8009f49c60000000,8009f49c5b3bd95f,3a20,00003fb0,0000,0
FMUL,64,94538,24,RU,15de2bc09a586e79,aa151e3cc5e37d01,bc009f49c50000000000,bc009f49c5b3bd95e000,8009f49c50000000,8009f49c5b3bd95e,3820,00005fb0,0000,0
FMUL,64,94538,24,RZ,15de2bc09a586e79,aa151e3cc5e37d01,bc009f49c50000000000,bc009f49c5b3bd95e000,8009f49c50000000,8009f49c5b3bd95e,3820,00007fb0,0000,0
FMUL,64,94538,64,RN,15de2bc09a586e79,aa151e3cc5e37d01,bc009f49c5b3bd95e8cd,bc009f49c5b3bd95f000,8009f49c5b3bd95f,8009f49c5b3bd95f,3a20,00001fb0,0230,1
FMUL,64,94538,64,RD,15de2bc09a586e79,aa151e3cc5e37d01,bc009f49c5b3bd95e8cd,bc009f49c5b3bd95f000,8009f49c5b3bd95f,8009f49c5b3bd95f,3a20,00003fb0,0230,1
FMUL,64,94538,64,RU,15de2bc09a586e79,aa151e3cc5e37d01,bc009f49c5b3bd95e8cc,bc009f49c5b3bd95e000,8009f49c5b3bd95e,8009f49c5b3bd95e,3820,00005fb0,0030,1
FMUL,64,94538,64,RZ,15de2bc09a586e79,aa151e3cc5e37d01,bc009f49c5b3bd95e8cc,bc009f49c5b3bd95e000,8009f49c5b3bd95e,8009f49c5b3bd95e,3820,00007fb0,0030,1
FMUL,64,96644,53,RN,acaf24863a235a87,934482eb663d6b27,3c009fb1eaeae1a74800,3c009fb1eaeae1a75000,0009fb1eaeae1a74,0009fb1eaeae1a75,3820,00001fb0,0030,0
FMUL,64,96644,53,RD,acaf24863a235a87,934482eb663d6b27,3c009fb1eaeae1a74800,3c009fb1eaeae1a74000,0009fb1eaeae1a74,0009fb1eaeae1a74,3820,00003fb0,0030,1
FMUL,64,96644,53,RU,acaf24863a235a87,934482eb663d6b27,3c009fb1eaeae1a75000,3c009fb1eaeae1a75000,0009fb1eaeae1a75,0009fb1eaeae1a75,3a20,00005fb0,0000,1
FMUL,64,96644,53,RZ,acaf24863a235a87,934482eb663d6b27,3c009fb1eaeae1a74800,3c009fb1eaeae1a74000,0009fb1eaeae1a74,0009fb1eaeae1a74,3820,00007fb0,0030,1
FMUL,64,96644,24,RN,acaf24863a235a87,934482eb663d6b27,3c009fb1eb0000000000,3c009fb1eaeae1a75000,0009fb1eb0000000,0009fb1eaeae1a75,3a20,00001fb0,0000,0
FMUL,64,96644,24,RD,acaf24863a235a87,934482eb663d6b27,3c009fb1ea0000000000,3c009fb1eaeae1a74000,0009fb1ea0000000,0009fb1eaeae1a74,3820,00003fb0,0000,0
FMUL,64,96644,24,RU,acaf24863a235a87,934482eb663d6b27,3c009fb1eb0000000000,3c009fb1eaeae1a75000,0009fb1eb0000000,0009fb1eaeae1a75,3a20,00005fb0,0000,0
FMUL,64,96644,24,RZ,acaf24863a235a87,934482eb663d6b27,3c009fb1ea0000000000,3c009fb1eaeae1a74000,0009fb1ea0000000,0009fb1eaeae1a74,3820,00007fb0,0000,0
FMUL,64,96644,64,RN,acaf24863a235a87,934482eb663d6b27,3c009fb1eaeae1a74851,3c009fb1eaeae1a75000,0009fb1eaeae1a75,0009fb1eaeae1a75,3a20,00001fb0,0230,1
FMUL,64,96644,64,RD,acaf24863a235a87,934482eb663d6b27,3c009fb1eaeae1a74850,3c009fb1eaeae1a74000,0009fb1eaeae1a74,0009fb1eaeae1a74,3820,00003fb0,0030,1
FMUL,64,96644,64,RU,acaf24863a235a87,934482eb663d6b27,3c009fb1eaeae1a74851,3c009fb1eaeae1a75000,0009fb1eaeae1a75,0009fb1eaeae1a75,3a20,00005fb0,0230,1
FMUL,64,96644,64,RZ,acaf24863a235a87,934482eb663d6b27,3c009fb1eaeae1a74850,3c009fb1eaeae1a74000,0009fb1eaeae1a74,0009fb1eaeae1a74,3820,00007fb0,0030,1
FMUL,64,102711,53,RN,0bd49c75cb6517c0,3421b7776afabca4,3c00b694a406eb128800,3c00b694a406eb129000,000b694a406eb128,000b694a406eb129,3820,00001fb0,0030,0
FMUL,64,102711,53,RD,0bd49c75cb6517c0,3421b7776afabca4,3c00b694a406eb128800,3c00b694a406eb128000,000b694a406eb128,000b694a406eb128,3820,00003fb0,0030,1
FMUL,64,102711,53,RU,0bd49c75cb6517c0,3421b7776afabca4,3c00b694a406eb129000,3c00b694a406eb129000,000b694a406eb129,000b694a406eb129,3a20,00005fb0,0000,1
FMUL,64,102711,53,RZ,0bd49c75cb6517c0,3421b7776afabca4,3c00b694a406eb128800,3c00b694a406eb128000,000b694a406eb128,000b694a406eb128,3820,00007fb0,0030,1
FMUL,64,102711,24,RN,0bd49c75cb6517c0,3421b7776afabca4,3c00b694a40000000000,3c00b694a406eb129000,000b694a40000000,000b694a406eb129,3820,00001fb0,0000,0
FMUL,64,102711,24,RD,0bd49c75cb6517c0,3421b7776afabca4,3c00b694a40000000000,3c00b694a406eb128000,000b694a40000000,000b694a406eb128,3820,00003fb0,0000,0
FMUL,64,102711,24,RU,0bd49c75cb6517c0,3421b7776afabca4,3c00b694a50000000000,3c00b694a406eb129000,000b694a50000000,000b694a406eb129,3a20,00005fb0,0000,0
FMUL,64,102711,24,RZ,0bd49c75cb6517c0,3421b7776afabca4,3c00b694a40000000000,3c00b694a406eb128000,000b694a40000000,000b694a406eb128,3820,00007fb0,0000,0
FMUL,64,102711,64,RN,0bd49c75cb6517c0,3421b7776afabca4,3c00b694a406eb1289c2,3c00b694a406eb129000,000b694a406eb129,000b694a406eb129,3a20,00001fb0,0230,1
FMUL,64,102711,64,RD,0bd49c75cb6517c0,3421b7776afabca4,3c00b694a406eb1289c1,3c00b694a406eb128000,000b694a406eb128,000b694a406eb128,3820,00003fb0,0030,1
FMUL,64,102711,64,RU,0bd49c75cb6517c0,3421b7776afabca4,3c00b694a406eb1289c2,3c00b694a406eb129000,000b694a406eb129,000b694a406eb129,3a20,00005fb0,0230,1
FMUL,64,102711,64,RZ,0bd49c75cb6517c0,3421b7776afabca4,3c00b694a406eb1289c1,3c00b694a406eb128000,000b694a406eb128,000b694a406eb128,3820,00007fb0,0030,1
FMUL,64,131452,53,RN,8593e3d61c4dc808,3a5ef45d08304241,bc0099ebde72ef9aa800,bc0099ebde72ef9ab000,80099ebde72ef9aa,80099ebde72ef9ab,3820,00001fb0,0030,0
FMUL,64,131452,53,RD,8593e3d61c4dc808,3a5ef45d08304241,bc0099ebde72ef9ab000,bc0099ebde72ef9ab000,80099ebde72ef9ab,80099ebde72ef9ab,3a20,00003fb0,0000,1
FMUL,64,131452,53,RU,8593e3d61c4dc808,3a5ef45d08304241,bc0099ebde72ef9aa800,bc0099ebde72ef9aa000,80099ebde72ef9aa,80099ebde72ef9aa,3820,00005fb0,0030,1
FMUL,64,131452,53,RZ,8593e3d61c4dc808,3a5ef45d08304241,bc0099ebde72ef9aa800,bc0099ebde72ef9aa000,80099ebde72ef9aa,80099ebde72ef9aa,3820,00007fb0,0030,1
FMUL,64,131452,24,RN,8593e3d61c4dc808,3a5ef45d08304241,bc0099ebde0000000000,bc0099ebde72ef9ab000,80099ebde0000000,80099ebde72ef9ab,3820,00001fb0,0000,0
FMUL,64,131452,24,RD,8593e3d61c4dc808,3a5ef45d08304241,bc0099ebdf0000000000,bc0099ebde72ef9ab000,80099ebdf0000000,80099ebde72ef9ab,3a20,00003fb0,0000,0
FMUL,64,131452,24,RU,8593e3d61c4dc808,3a5ef45d08304241,bc0099ebde0000000000,bc0099ebde72ef9aa000,80099ebde0000000,80099ebde72ef9aa,3820,00005fb0,0000,0
FMUL,64,131452,24,RZ,8593e3d61c4dc808,3a5ef45d08304241,bc0099ebde0000000000,bc0099ebde72ef9aa000,80099ebde0000000,80099ebde72ef9aa,3820,00007fb0,0000,0
FMUL,64,131452,64,RN,8593e3d61c4dc808,3a5ef45d08304241,bc0099ebde72ef9aaac5,bc0099ebde72ef9ab000,80099ebde72ef9ab,80099ebde72ef9ab,3820,00001fb0,0230,1
FMUL,64,131452,64,RD,8593e3d61c4dc808,3a5ef45d08304241,bc0099ebde72ef9aaac6,bc0099ebde72ef9ab000,80099ebde72ef9ab,80099ebde72ef9ab,3a20,00003fb0,0230,1
FMUL,64,131452,64,RU,8593e3d61c4dc808,3a5ef45d08304241,bc0099ebde72ef9aaac5,bc0099ebde72ef9aa000,80099ebde72ef9aa,80099ebde72ef9aa,3820,00005fb0,0030,1
FMUL,64,131452,64,RZ,8593e3d61c4dc808,3a5ef45d08304241,bc0099ebde72ef9aaac5,bc0099ebde72ef9aa000,80099ebde72ef9aa,80099ebde72ef9aa,3820,00007fb0,0030,1
FMUL,64,134808,53,RN,3872b5101bef6c19,0772acadee225fb4,3bffaeacbf462aadd000,3bffaeacbf462aade000,00057565fa31556e,00057565fa31556f,3820,00001fb0,0030,0
FMUL,64,134808,53,RD,3872b5101bef6c19,0772acadee225fb4,3bffaeacbf462aadd000,3bffaeacbf462aadc000,00057565fa31556e,00057565fa31556e,3820,00003fb0,0030,1
FMUL,64,134808,53,RU,3872b5101bef6c19,0772acadee225fb4,3bffaeacbf462aadd800,3bffaeacbf462aade000,00057565fa31556f,00057565fa31556f,3a20,00005fb0,0230,1
FMUL,64,134808,53,RZ,3872b5101bef6c19,0772acadee225fb4,3bffaeacbf462aadd000,3bffaeacbf462aadc000,00057565fa31556e,00057565fa31556e,3820,00007fb0,0030,1
FMUL,64,134808,24,RN,3872b5101bef6c19,0772acadee225fb4,3bffaeacbf0000000000,3bffaeacbf462aade000,00057565f8000000,00057565fa31556f,3820,00001fb0,0000,0
FMUL,64,134808,24,RD,3872b5101bef6c19,0772acadee225fb4,3bffaeacbf0000000000,3bffaeacbf462aadc000,00057565f8000000,00057565fa31556e,3820,00003fb0,0000,0
FMUL,64,134808,24,RU,3872b5101bef6c19,0772acadee225fb4,3bffaeacc00000000000,3bffaeacbf462aade000,0005756600000000,00057565fa31556f,3a20,00005fb0,0000,0
FMUL,64,134808,24,RZ,3872b5101bef6c19,0772acadee225fb4,3bffaeacbf0000000000,3bffaeacbf462aadc000,00057565f8000000,00057565fa31556e,3820,00007fb0,0000,0
FMUL,64,134808,64,RN,3872b5101bef6c19,0772acadee225fb4,3bffaeacbf462aadd1b7,3bffaeacbf462aade000,00057565fa31556f,00057565fa31556f,3820,00001fb0,0230,1
FMUL,64,134808,64,RD,3872b5101bef6c19,0772acadee225fb4,3bffaeacbf462aadd1b7,3bffaeacbf462aadc000,00057565fa31556e,00057565fa31556e,3820,00003fb0,0030,1
FMUL,64,134808,64,RU,3872b5101bef6c19,0772acadee225fb4,3bffaeacbf462aadd1b8,3bffaeacbf462aade000,00057565fa31556f,00057565fa31556f,3a20,00005fb0,0230,1
FMUL,64,134808,64,RZ,3872b5101bef6c19,0772acadee225fb4,3bffaeacbf462aadd1b7,3bffaeacbf462aadc000,00057565fa31556e,00057565fa31556e,3820,00007fb0,0030,1
FMUL,64,144610,53,RN,14f8ded542b81b97,2ae14c8edf7130dc,3bfed71e1906b72fe000,3bfed71e1906b72fc000,00035c78641adcc0,00035c78641adcbf,3a20,00001fb0,0230,0
FMUL,64,144610,53,RD,14f8ded542b81b97,2ae14c8edf7130dc,3bfed71e1906b72fd800,3bfed71e1906b72fc000,00035c78641adcbf,00035c78641adcbf,3820,00003fb0,0030,1
FMUL,64,144610,53,RU,14f8ded542b81b97,2ae14c8edf7130dc,3bfed71e1906b72fe000,3bfed71e1906b7300000,00035c78641adcc0,00035c78641adcc0,3a20,00005fb0,0230,1
FMUL,64,144610,53,RZ,14f8ded542b81b97,2ae14c8edf7130dc,3bfed71e1906b72fd800,3bfed71e1906b72fc000,00035c78641adcbf,00035c78641adcbf,3820,00007fb0,0030,1
FMUL,64,144610,24,RN,14f8ded542b81b97,2ae14c8edf7130dc,3bfed71e190000000000,3bfed71e1906b72fc000,00035c7864000000,00035c78641adcbf,3820,00001fb0,0000,0
FMUL,64,144610,24,RD,14f8ded542b81b97,2ae14c8edf7130dc,3bfed71e190000000000,3bfed71e1906b72fc000,00035c7864000000,00035c78641adcbf,3820,00003fb0,0000,0
FMUL,64,144610,24,RU,14f8ded542b81b97,2ae14c8edf7130dc,3bfed71e1a0000000000,3bfed71e1906b7300000,00035c7868000000,00035c78641adcc0,3a20,00005fb0,0000,0
FMUL,64,144610,24,RZ,14f8ded542b81b97,2ae14c8edf7130dc,3bfed71e190000000000,3bfed71e1906b72fc000,00035c7864000000,00035c78641adcbf,3820,00007fb0,0000,0
FMUL,64,144610,64,RN,14f8ded542b81b97,2ae14c8edf7130dc,3bfed71e1906b72fdfb8,3bfed71e1906b72fc000,00035c78641adcbf,00035c78641adcbf,3820,00001fb0,0030,1
FMUL,64,144610,64,RD,14f8ded542b81b97,2ae14c8edf7130dc,3bfed71e1906b72fdfb8,3bfed71e1906b72fc000,00035c78641adcbf,00035c78641adcbf,3820,00003fb0,0030,1
FMUL,64,144610,64,RU,14f8ded542b81b97,2ae14c8edf7130dc,3bfed71e1906b72fdfb9,3bfed71e1906b7300000,00035c78641adcc0,00035c78641adcc0,3a20,00005fb0,0230,1
FMUL,64,144610,64,RZ,14f8ded542b81b97,2ae14c8edf7130dc,3bfed71e1906b72fdfb8,3bfed71e1906b72fc000,00035c78641adcbf,00035c78641adcbf,3820,00007fb0,0030,1
FMUL,64,144918,53,RN,a91bab65338f6c39,16e1f6b7e4ee5c73,bc00f88625f7e9aaa800,bc00f88625f7e9aab000,800f88625f7e9aaa,800f88625f7e9aab,3820,00001fb0,0030,0
FMUL,64,144918,53,RD,a91bab65338f6c39,16e1f6b7e4ee5c73,bc00f88625f7e9aab000,bc00f88625f7e9aab000,800f88625f7e9aab,800f88625f7e9aab,3a20,00003fb0,0000,1
FMUL,64,144918,53,RU,a91bab65338f6c39,16e1f6b7e4ee5c73,bc00f88625f7e9aaa800,bc00f88625f7e9aaa000,800f88625f7e9aaa,800f88625f7e9aaa,3820,00005fb0,0030,1
FMUL,64,144918,53,RZ,a91bab65338f6c39,16e1f6b7e4ee5c73,bc00f88625f7e9aaa800,bc00f88625f7e9aaa000,800f88625f7e9aaa,800f88625f7e9aaa,3820,00007fb0,0030,1
FMUL,64,144918,24,RN,a91bab65338f6c39,16e1f6b7e4ee5c73,bc00f886260000000000,bc00f88625f7e9aab000,800f886260000000,800f88625f7e9aab,3a20,00001fb0,0000,0
FMUL,64,144918,24,RD,a91bab65338f6c39,16e1f6b7e4ee5c73,bc00f886260000000000,bc00f88625f7e9aab000,800f886260000000,800f88625f7e9aab,3a20,00003fb0,0000,0
FMUL,64,144918,24,RU,a91bab65338f6c39,16e1f6b7e4ee5c73,bc00f886250000000000,bc00f88625f7e9aaa000,800f886250000000,800f88625f7e9aaa,3820,00005fb0,0000,0
FMUL,64,144918,24,RZ,a91bab65338f6c39,16e1f6b7e4ee5c73,bc00f886250000000000,bc00f88625f7e9aaa000,800f886250000000,800f88625f7e9aaa,3820,00007fb0,0000,0
FMUL,64,144918,64,RN,a91bab65338f6c39,16e1f6b7e4ee5c73,bc00f88625f7e9aaab16,bc00f88625f7e9aab000,800f88625f7e9aab,800f88625f7e9aab,3a20,00001fb0,0230,1
FMUL,64,144918,64,RD,a91bab65338f6c39,16e1f6b7e4ee5c73,bc00f88625f7e9aaab16,bc00f88625f7e9aab000,800f88625f7e9aab,800f88625f7e9aab,3a20,00003fb0,0230,1
FMUL,64,144918,64,RU,a91bab65338f6c39,16e1f6b7e4ee5c73,bc00f88625f7e9aaab15,bc00f88625f7e9aaa000,800f88625f7e9aaa,800f88625f7e9aaa,3820,00005fb0,0030,1
FMUL,64,144918,64,RZ,a91bab65338f6c39,16e1f6b7e4ee5c73,bc00f88625f7e9aaab15,bc00f88625f7e9aaa000,800f88625f7e9aaa,800f88625f7e9aaa,3820,00007fb0,0030,1
FMUL,64,151198,53,RN,9c01c4d8e0ee38e7,a3e648628dd0ae6b,3bffc5f86bc354bf3000,3bffc5f86bc354bf2000,00062fc35e1aa5fa,00062fc35e1aa5f9,3a20,00001fb0,0230,0
FMUL,64,151198,53,RD,9c01c4d8e0ee38e7,a3e648628dd0ae6b,3bffc5f86bc354bf2800,3bffc5f86bc354bf2000,00062fc35e1aa5f9,00062fc35e1aa5f9,3820,00003fb0,0030,1
FMUL,64,151198,53,RU,9c01c4d8e0ee38e7,a3e648628dd0ae6b,3bffc5f86bc354bf3000,3bffc5f86bc354bf4000,00062fc35e1aa5fa,00062fc35e1aa5fa,3a20,00005fb0,0230,1
FMUL,64,151198,53,RZ,9c01c4d8e0ee38e7,a3e648628dd0ae6b,3bffc5f86bc354bf2800,3bffc5f86bc354bf2000,00062fc35e1aa5f9,00062fc35e1aa5f9,3820,00007fb0,0030,1
FMUL,64,151198,24,RN,9c01c4d8e0ee38e7,a3e648628dd0ae6b,3bffc5f86c0000000000,3bffc5f86bc354bf2000,00062fc360000000,00062fc35e1aa5f9,3a20,00001fb0,0000,0
FMUL,64,151198,24,RD,9c01c4d8e0ee38e7,a3e648628dd0ae6b,3bffc5f86b0000000000,3bffc5f86bc354bf2000,00062fc358000000,00062fc35e1aa5f9,3820,00003fb0,0000,0
FMUL,64,151198,24,RU,9c01c4d8e0ee38e7,a3e648628dd0ae6b,3bffc5f86c0000000000,3bffc5f86bc354bf4000,00062fc360000000,00062fc35e1aa5fa,3a20,00005fb0,0000,0
FMUL,64,151198,24,RZ,9c01c4d8e0ee38e7,a3e648628dd0ae6b,3bffc5f86b0000000000,3bffc5f86bc354bf2000,00062fc358000000,00062fc35e1aa5f9,3820,00007fb0,0000,0
FMUL,64,151198,64,RN,9c01c4d8e0ee38e7,a3e648628dd0ae6b,3bffc5f86bc354bf2fb3,3bffc5f86bc354bf2000,00062fc35e1aa5f9,00062fc35e1aa5f9,3820,00001fb0,0030,1
FMUL,64,151198,64,RD,9c01c4d8e0ee38e7,a3e648628dd0ae6b,3bffc5f86bc354bf2fb3,3bffc5f86bc354bf2000,00062fc35e1aa5f9,00062fc35e1aa5f9,3820,00003fb0,0030,1
FMUL,64,151198,64,RU,9c01c4d8e0ee38e7,a3e648628dd0ae6b,3bffc5f86bc354bf2fb4,3bffc5f86bc354bf4000,00062fc35e1aa5fa,00062fc35e1aa5fa,3a20,00005fb0,0230,1
FMUL,64,151198,64,RZ,9c01c4d8e0ee38e7,a3e648628dd0ae6b,3bffc5f86bc354bf2fb3,3bffc5f86bc354bf2000,00062fc35e1aa5f9,00062fc35e1aa5f9,3820,00007fb0,0030,1
FMUL,64,157535,53,RN,197e286101ce4fd1,2679307605c829a6,3c00bde9bcaa246a1800,3c00bde9bcaa246a1000,000bde9bcaa246a2,000bde9bcaa246a1,3a20,00001fb0,0230,0
FMUL,64,157535,53,RD,197e286101ce4fd1,2679307605c829a6,3c00bde9bcaa246a1000,3c00bde9bcaa246a1000,000bde9bcaa246a1,000bde9bcaa246a1,3820,00003fb0,0000,1
FMUL,64,157535,53,RU,197e286101ce4fd1,2679307605c829a6,3c00bde9bcaa246a1800,3c00bde9bcaa246a2000,000bde9bcaa246a2,000bde9bcaa246a2,3a20,00005fb0,0230,1
FMUL,64,157535,53,RZ,197e286101ce4fd1,2679307605c829a6,3c00bde9bcaa246a1000,3c00bde9bcaa246a1000,000bde9bcaa246a1,000bde9bcaa246a1,3820,00007fb0,0000,1
FMUL,64,157535,24,RN,197e286101ce4fd1,2679307605c829a6,3c00bde9bd0000000000,3c00bde9bcaa246a1000,000bde9bd0000000,000bde9bcaa246a1,3a20,00001fb0,0000,0
FMUL,64,157535,24,RD,197e286101ce4fd1,2679307605c829a6,3c00bde9bc0000000000,3c00bde9bcaa246a1000,000bde9bc0000000,000bde9bcaa246a1,3820,00003fb0,0000,0
FMUL,64,157535,24,RU,197e286101ce4fd1,2679307605c829a6,3c00bde9bd0000000000,3c00bde9bcaa246a2000,000bde9bd0000000,000bde9bcaa246a2,3a20,00005fb0,0000,0
FMUL,64,157535,24,RZ,197e286101ce4fd1,2679307605c829a6,3c00bde9bc0000000000,3c00bde9bcaa246a1000,000bde9bc0000000,000bde9bcaa246a1,3820,00007fb0,0000,0
FMUL,64,157535,64,RN,197e286101ce4fd1,2679307605c829a6,3c00bde9bcaa246a1449,3c00bde9bcaa246a1000,000bde9bcaa246a1,000bde9bcaa246a1,3a20,00001fb0,0030,1
FMUL,64,157535,64,RD,197e286101ce4fd1,2679307605c829a6,3c00bde9bcaa246a1448,3c00bde9bcaa246a1000,000bde9bcaa246a1,000bde9bcaa246a1,3820,00003fb0,0030,1
FMUL,64,157535,64,RU,197e286101ce4fd1,2679307605c829a6,3c00bde9bcaa246a1449,3c00bde9bcaa246a2000,000bde9bcaa246a2,000bde9bcaa246a2,3a20,00005fb0,0230,1
FMUL,64,157535,64,RZ,197e286101ce4fd1,2679307605c829a6,3c00bde9bcaa246a1448,3c00bde9bcaa246a1000,000bde9bcaa246a1,000bde9bcaa246a1,3820,00007fb0,0030,1
FMUL,64,158272,53,RN,ae037cef30195a4a,11eecfd68041bf04,bc00961d984f92094800,bc00961d984f92095000,800961d984f92094,800961d984f92095,3820,00001fb0,0030,0
FMUL,64,158272,53,RD,ae037cef30195a4a,11eecfd68041bf04,bc00961d984f92095000,bc00961d984f92095000,800961d984f92095,800961d984f92095,3a20,00003fb0,0000,1
FMUL,64,158272,53,RU,ae037cef30195a4a,11eecfd68041bf04,bc00961d984f92094800,bc00961d984f92094000,800961d984f92094,800961d984f92094,3820,00005fb0,0030,1
FMUL,64,158272,53,RZ,ae037cef30195a4a,11eecfd68041bf04,bc00961d984f92094800,bc00961d984f92094000,800961d984f92094,800961d984f92094,3820,00007fb0,0030,1
FMUL,64,158272,24,RN,ae037cef30195a4a,11eecfd68041bf04,bc00961d980000000000,bc00961d984f92095000,800961d980000000,800961d984f92095,3820,00001fb0,0000,0
FMUL,64,158272,24,RD,ae037cef30195a4a,11eecfd68041bf04,bc00961d990000000000,bc00961d984f92095000,800961d990000000,800961d984f92095,3a20,00003fb0,0000,0
FMUL,64,158272,24,RU,ae037cef30195a4a,11eecfd68041bf04,bc00961d980000000000,bc00961d984f92094000,800961d980000000,800961d984f92094,3820,00005fb0,0000,0
FMUL,64,158272,24,RZ,ae037cef30195a4a,11eecfd68041bf04,bc00961d980000000000,bc00961d984f92094000,800961d980000000,800961d984f92094,3820,00007fb0,0000,0
FMUL,64,158272,64,RN,ae037cef30195a4a,11eecfd68041bf04,bc00961d984f92094ae7,bc00961d984f92095000,800961d984f92095,800961d984f92095,3820,00001fb0,0230,1
FMUL,64,158272,64,RD,ae037cef30195a4a,11eecfd68041bf04,bc00961d984f92094ae8,bc00961d984f92095000,800961d984f92095,800961d984f92095,3a20,00003fb0,0230,1
FMUL,64,158272,64,RU,ae037cef30195a4a,11eecfd68041bf04,bc00961d984f92094ae7,bc00961d984f92094000,800961d984f92094,800961d984f92094,3820,00005fb0,0030,1
FMUL,64,158272,64,RZ,ae037cef30195a4a,11eecfd68041bf04,bc00961d984f92094ae7,bc00961d984f92094000,800961d984f92094,800961d984f92094,3820,00007fb0,0030,1
FMUL,64,168552,53,RN,1ac3f92708b83e96,a52dc57f008f6094,bc0094a883eb087a1800,bc0094a883eb087a1000,80094a883eb087a2,80094a883eb087a1,3a20,00001fb0,0230,0
FMUL,64,168552,53,RD,1ac3f92708b83e96,a52dc57f008f6094,bc0094a883eb087a1800,bc0094a883eb087a2000,80094a883eb087a2,80094a883eb087a2,3a20,00003fb0,0230,1
FMUL,64,168552,53,RU,1ac3f92708b83e96,a52dc57f008f6094,bc0094a883eb087a1000,bc0094a883eb087a1000,80094a883eb087a1,80094a883eb087a1,3820,00005fb0,0000,1
FMUL,64,168552,53,RZ,1ac3f92708b83e96,a52dc57f008f6094,bc0094a883eb087a1000,bc0094a883eb087a1000,80094a883eb087a1,80094a883eb087a1,3820,00007fb0,0000,1
FMUL,64,168552,24,RN,1ac3f92708b83e96,a52dc57f008f6094,bc0094a8840000000000,bc0094a883eb087a1000,80094a8840000000,80094a883eb087a1,3a20,00001fb0,0000,0
FMUL,64,168552,24,RD,1ac3f92708b83e96,a52dc57f008f6094,bc0094a8840000000000,bc0094a883eb087a2000,80094a8840000000,80094a883eb087a2,3a20,00003fb0,0000,0
FMUL,64,168552,24,RU,1ac3f92708b83e96,a52dc57f008f6094,bc0094a8830000000000,bc0094a883eb087a1000,80094a8830000000,80094a883eb087a1,3820,00005fb0,0000,0
FMUL,64,168552,24,RZ,1ac3f92708b83e96,a52dc57f008f6094,bc0094a8830000000000,bc0094a883eb087a1000,80094a8830000000,80094a883eb087a1,3820,00007fb0,0000,0
FMUL,64,168552,64,RN,1ac3f92708b83e96,a52dc57f008f6094,bc0094a883eb087a15c2,bc0094a883eb087a1000,80094a883eb087a1,80094a883eb087a1,3a20,00001fb0,0030,1
FMUL,64,168552,64,RD,1ac3f92708b83e96,a52dc57f008f6094,bc0094a883eb087a15c2,bc0094a883eb087a2000,80094a883eb087a2,80094a883eb087a2,3a20,00003fb0,0230,1
FMUL,64,168552,64,RU,1ac3f92708b83e96,a52dc57f008f6094,bc0094a883eb087a15c1,bc0094a883eb087a1000,80094a883eb087a1,80094a883eb087a1,3820,00005fb0,0030,1
FMUL,64,168552,64,RZ,1ac3f92708b83e96,a52dc57f008f6094,bc0094a883eb087a15c1,bc0094a883eb087a1000,80094a883eb087a1,80094a883eb087a1,3820,00007fb0,0030,1
FMUL,64,180363,53,RN,a9ff2c2688d6cf99,15f8e66772268208,bc00c20c78073bc3d800,bc00c20c78073bc3d000,800c20c78073bc3e,800c20c78073bc3d,3a20,00001fb0,0230,0
FMUL,64,180363,53,RD,a9ff2c2688d6cf99,15f8e66772268208,bc00c20c78073bc3d800,bc00c20c78073bc3e000,800c20c78073bc3e,800c20c78073bc3e,3a20,00003fb0,0230,1
FMUL,64,180363,53,RU,a9ff2c2688d6cf99,15f8e66772268208,bc00c20c78073bc3d000,bc00c20c78073bc3d000,800c20c78073bc3d,800c20c78073bc3d,3820,00005fb0,0000,1
FMUL,64,180363,53,RZ,a9ff2c2688d6cf99,15f8e66772268208,bc00c20c78073bc3d000,bc00c20c78073bc3d000,800c20c78073bc3d,800c20c78073bc3d,3820,00007fb0,0000,1
FMUL,64,180363,24,RN,a9ff2c2688d6cf99,15f8e66772268208,bc00c20c780000000000,bc00c20c78073bc3d000,800c20c780000000,800c20c78073bc3d,3820,00001fb0,0000,0
FMUL,64,180363,24,RD,a9ff2c2688d6cf99,15f8e66772268208,bc00c20c790000000000,bc00c20c78073bc3e000,800c20c790000000,800c20c78073bc3e,3a20,00003fb0,0000,0
FMUL,64,180363,24,RU,a9ff2c2688d6cf99,15f8e66772268208,bc00c20c780000000000,bc00c20c78073bc3d000,800c20c780000000,800c20c78073bc3d,3820,00005fb0,0000,0
FMUL,64,180363,24,RZ,a9ff2c2688d6cf99,15f8e66772268208,bc00c20c780000000000,bc00c20c78073bc3d000,800c20c780000000,800c20c78073bc3d,3820,00007fb0,0000,0
FMUL,64,180363,64,RN,a9ff2c2688d6cf99,15f8e66772268208,bc00c20c78073bc3d57a,bc00c20c78073bc3d000,800c20c78073bc3d,800c20c78073bc3d,3a20,00001fb0,0030,1
FMUL,64,180363,64,RD,a9ff2c2688d6cf99,15f8e66772268208,bc00c20c78073bc3d57a,bc00c20c78073bc3e000,800c20c78073bc3e,800c20c78073bc3e,3a20,00003fb0,0230,1
FMUL,64,180363,64,RU,a9ff2c2688d6cf99,15f8e66772268208,bc00c20c78073bc3d579,bc00c20c78073bc3d000,800c20c78073bc3d,800c20c78073bc3d,3820,00005fb0,0030,1
FMUL,64,180363,64,RZ,a9ff2c2688d6cf99,15f8e66772268208,bc00c20c78073bc3d579,bc00c20c78073bc3d000,800c20c78073bc3d,800c20c78073bc3d,3820,00007fb0,0030,1
FMUL,32,225,53,RN,00000000a88d1fe6,000000001724b0e1,bf80b593e29e524c0000,bf80b593e20000000000,00000000805ac9f1,00000000805ac9f1,3800,00001fb0,0030,1
FMUL,32,225,53,RD,00000000a88d1fe6,000000001724b0e1,bf80b593e29e524c0000,bf80b593e40000000000,00000000805ac9f2,00000000805ac9f2,3800,00003fb0,0230,1
FMUL,32,225,53,RU,00000000a88d1fe6,000000001724b0e1,bf80b593e29e524c0000,bf80b593e20000000000,00000000805ac9f1,00000000805ac9f1,3800,00005fb0,0030,1
FMUL,32,225,53,RZ,00000000a88d1fe6,000000001724b0e1,bf80b593e29e524c0000,bf80b593e20000000000,00000000805ac9f1,00000000805ac9f1,3800,00007fb0,0030,1
FMUL,32,225,24,RN,00000000a88d1fe6,000000001724b0e1,bf80b593e30000000000,bf80b593e20000000000,00000000805ac9f2,00000000805ac9f1,3a20,00001fb0,0230,0
FMUL,32,225,24,RD,00000000a88d1fe6,000000001724b0e1,bf80b593e30000000000,bf80b593e40000000000,00000000805ac9f2,00000000805ac9f2,3a20,00003fb0,0230,1
FMUL,32,225,24,RU,00000000a88d1fe6,000000001724b0e1,bf80b593e20000000000,bf80b593e20000000000,00000000805ac9f1,00000000805ac9f1,3820,00005fb0,0000,1
FMUL,32,225,24,RZ,00000000a88d1fe6,000000001724b0e1,bf80b593e20000000000,bf80b593e20000000000,00000000805ac9f1,00000000805ac9f1,3820,00007fb0,0000,1
FMUL,32,225,64,RN,00000000a88d1fe6,000000001724b0e1,bf80b593e29e524c0000,bf80b593e20000000000,00000000805ac9f1,00000000805ac9f1,3800,00001fb0,0030,1
FMUL,32,225,64,RD,00000000a88d1fe6,000000001724b0e1,bf80b593e29e524c0000,bf80b593e40000000000,00000000805ac9f2,00000000805ac9f2,3800,00003fb0,0230,1
FMUL,32,225,64,RU,00000000a88d1fe6,000000001724b0e1,bf80b593e29e524c0000,bf80b593e20000000000,00000000805ac9f1,00000000805ac9f1,3800,00005fb0,0030,1
FMUL,32,225,64,RZ,00000000a88d1fe6,000000001724b0e1,bf80b593e29e524c0000,bf80b593e20000000000,00000000805ac9f1,00000000805ac9f1,3800,00007fb0,0030,1
FMUL,32,1130,53,RN,00000000bb3667b8,0000000083fab824,3f7fb2a47de2d5e00000,3f7fb2a47c0000000000,00000000002ca91f,00000000002ca91f,3800,00001fb0,0030,1
FMUL,32,1130,53,RD,00000000bb3667b8,0000000083fab824,3f7fb2a47de2d5e00000,3f7fb2a47c0000000000,00000000002ca91f,00000000002ca91f,3800,00003fb0,0030,1
FMUL,32,1130,53,RU,00000000bb3667b8,0000000083fab824,3f7fb2a47de2d5e00000,3f7fb2a4800000000000,00000000002ca920,00000000002ca920,3800,00005fb0,0230,1
FMUL,32,1130,53,RZ,00000000bb3667b8,0000000083fab824,3f7fb2a47de2d5e00000,3f7fb2a47c0000000000,00000000002ca91f,00000000002ca91f,3800,00007fb0,0030,1
FMUL,32,1130,24,RN,00000000bb3667b8,0000000083fab824,3f7fb2a47e0000000000,3f7fb2a47c0000000000,00000000002ca920,00000000002ca91f,3a20,00001fb0,0230,0
FMUL,32,1130,24,RD,00000000bb3667b8,0000000083fab824,3f7fb2a47d0000000000,3f7fb2a47c0000000000,00000000002ca91f,00000000002ca91f,3820,00003fb0,0030,1
FMUL,32,1130,24,RU,00000000bb3667b8,0000000083fab824,3f7fb2a47e0000000000,3f7fb2a4800000000000,00000000002ca920,00000000002ca920,3a20,00005fb0,0230,1
FMUL,32,1130,24,RZ,00000000bb3667b8,0000000083fab824,3f7fb2a47d0000000000,3f7fb2a47c0000000000,00000000002ca91f,00000000002ca91f,3820,00007fb0,0030,1
FMUL,32,1130,64,RN,00000000bb3667b8,0000000083fab824,3f7fb2a47de2d5e00000,3f7fb2a47c0000000000,00000000002ca91f,00000000002ca91f,3800,00001fb0,0030,1
FMUL,32,1130,64,RD,00000000bb3667b8,0000000083fab824,3f7fb2a47de2d5e00000,3f7fb2a47c0000000000,00000000002ca91f,00000000002ca91f,3800,00003fb0,0030,1
FMUL,32,1130,64,RU,00000000bb3667b8,0000000083fab824,3f7fb2a47de2d5e00000,3f7fb2a4800000000000,00000000002ca920,00000000002ca920,3800,00005fb0,0230,1
FMUL,32,1130,64,RZ,00000000bb3667b8,0000000083fab824,3f7fb2a47de2d5e00000,3f7fb2a47c0000000000,00000000002ca91f,00000000002ca91f,3800,00007fb0,0030,1
FMUL,32,2669,53,RN,000000000d72ac69,0000000032468d97,3f80bc37914f86ef0000,3f80bc37920000000000,00000000005e1bc9,00000000005e1bc9,3800,00001fb0,0230,1
FMUL,32,2669,53,RD,000000000d72ac69,0000000032468d97,3f80bc37914f86ef0000,3f80bc37900000000000,00000000005e1bc8,00000000005e1bc8,3800,00003fb0,0030,1
FMUL,32,2669,53,RU,000000000d72ac69,0000000032468d97,3f80bc37914f86ef0000,3f80bc37920000000000,00000000005e1bc9,00000000005e1bc9,3800,00005fb0,0230,1
FMUL,32,2669,53,RZ,000000000d72ac69,0000000032468d97,3f80bc37914f86ef0000,3f80bc37900000000000,00000000005e1bc8,00000000005e1bc8,3800,00007fb0,0030,1
FMUL,32,2669,24,RN,000000000d72ac69,0000000032468d97,3f80bc37910000000000,3f80bc37920000000000,00000000005e1bc8,00000000005e1bc9,3820,00001fb0,0030,0
FMUL,32,2669,24,RD,000000000d72ac69,0000000032468d97,3f80bc37910000000000,3f80bc37900000000000,00000000005e1bc8,00000000005e1bc8,3820,00003fb0,0030,1
FMUL,32,2669,24,RU,000000000d72ac69,0000000032468d97,3f80bc37920000000000,3f80bc37920000000000,00000000005e1bc9,00000000005e1bc9,3a20,00005fb0,0000,1
FMUL,32,2669,24,RZ,000000000d72ac69,0000000032468d97,3f80bc37910000000000,3f80bc37900000000000,00000000005e1bc8,00000000005e1bc8,3820,00007fb0,0030,1
FMUL,32,2669,64,RN,000000000d72ac69,0000000032468d97,3f80bc37914f86ef0000,3f80bc37920000000000,00000000005e1bc9,00000000005e1bc9,3800,00001fb0,0230,1
FMUL,32,2669,64,RD,000000000d72ac69,0000000032468d97,3f80bc37914f86ef0000,3f80bc37900000000000,00000000005e1bc8,00000000005e1bc8,3800,00003fb0,0030,1
FMUL,32,2669,64,RU,000000000d72ac69,0000000032468d97,3f80bc37914f86ef0000,3f80bc37920000000000,00000000005e1bc9,00000000005e1bc9,3800,00005fb0,0230,1
FMUL,32,2669,64,RZ,000000000d72ac69,0000000032468d97,3f80bc37914f86ef0000,3f80bc37900000000000,00000000005e1bc8,00000000005e1bc8,3800,00007fb0,0030,1
FMUL,32,2842,53,RN,00000000058c45bd,000000003a3b9283,3f80cd8e7138f36e0000,3f80cd8e720000000000,000000000066c739,000000000066c739,3800,00001fb0,0230,1
FMUL,32,2842,53,RD,00000000058c45bd,000000003a3b9283,3f80cd8e7138f36e0000,3f80cd8e700000000000,000000000066c738,000000000066c738,3800,00003fb0,0030,1
FMUL,32,2842,53,RU,00000000058c45bd,000000003a3b9283,3f80cd8e7138f36e0000,3f80cd8e720000000000,000000000066c739,000000000066c739,3800,00005fb0,0230,1
FMUL,32,2842,53,RZ,00000000058c45bd,000000003a3b9283,3f80cd8e7138f36e0000,3f80cd8e700000000000,000000000066c738,000000000066c738,3800,00007fb0,0030,1
FMUL,32,2842,24,RN,00000000058c45bd,000000003a3b9283,3f80cd8e710000000000,3f80cd8e720000000000,000000000066c738,000000000066c739,3820,00001fb0,0030,0
FMUL,32,2842,24,RD,00000000058c45bd,000000003a3b9283,3f80cd8e710000000000,3f80cd8e700000000000,000000000066c738,000000000066c738,3820,00003fb0,0030,1
FMUL,32,2842,24,RU,00000000058c45bd,000000003a3b9283,3f80cd8e720000000000,3f80cd8e720000000000,000000000066c739,000000000066c739,3a20,00005fb0,0000,1
FMUL,32,2842,24,RZ,00000000058c45bd,000000003a3b9283,3f80cd8e710000000000,3f80cd8e700000000000,000000000066c738,000000000066c738,3820,00007fb0,0030,1
FMUL,32,2842,64,RN,00000000058c45bd,000000003a3b9283,3f80cd8e7138f36e0000,3f80cd8e720000000000,000000000066c739,000000000066c739,3800,00001fb0,0230,1
FMUL,32,2842,64,RD,00000000058c45bd,000000003a3b9283,3f80cd8e7138f36e0000,3f80cd8e700000000000,000000000066c738,000000000066c738,3800,00003fb0,0030,1
FMUL,32,2842,64,RU,00000000058c45bd,000000003a3b9283,3f80cd8e7138f36e0000,3f80cd8e720000000000,000000000066c739,000000000066c739,3800,00005fb0,0230,1
FMUL,32,2842,64,RZ,00000000058c45bd,000000003a3b9283,3f80cd8e7138f36e0000,3f80cd8e700000000000,000000000066c738,000000000066c738,3800,00007fb0,0030,1
FMUL,32,3257,53,RN,000000000892370b,00000000b736ba60,bf80d0bb294944400000,bf80d0bb2a0000000000,0000000080685d95,0000000080685d95,3800,00001fb0,0230,1
FMUL,32,3257,53,RD,000000000892370b,00000000b736ba60,bf80d0bb294944400000,bf80d0bb2a0000000000,0000000080685d95,0000000080685d95,3800,00003fb0,0230,1
FMUL,32,3257,53,RU,000000000892370b,00000000b736ba60,bf80d0bb294944400000,bf80d0bb280000000000,0000000080685d94,0000000080685d94,3800,00005fb0,0030,1
FMUL,32,3257,53,RZ,000000000892370b,00000000b736ba60,bf80d0bb294944400000,bf80d0bb280000000000,0000000080685d94,0000000080685d94,3800,00007fb0,0030,1
FMUL,32,3257,24,RN,000000000892370b,00000000b736ba60,bf80d0bb290000000000,bf80d0bb2a0000000000,0000000080685d94,0000000080685d95,3820,00001fb0,0030,0
FMUL,32,3257,24,RD,000000000892370b,00000000b736ba60,bf80d0bb2a0000000000,bf80d0bb2a0000000000,0000000080685d95,0000000080685d95,3a20,00003fb0,0000,1
FMUL,32,3257,24,RU,000000000892370b,00000000b736ba60,bf80d0bb290000000000,bf80d0bb280000000000,0000000080685d94,0000000080685d94,3820,00005fb0,0030,1
FMUL,32,3257,24,RZ,000000000892370b,00000000b736ba60,bf80d0bb290000000000,bf80d0bb280000000000,0000000080685d94,0000000080685d94,3820,00007fb0,0030,1
FMUL,32,3257,64,RN,000000000892370b,00000000b736ba60,bf80d0bb294944400000,bf80d0bb2a0000000000,0000000080685d95,0000000080685d95,3800,00001fb0,0230,1
FMUL,32,3257,64,RD,000000000892370b,00000000b736ba60,bf80d0bb294944400000,bf80d0bb2a0000000000,0000000080685d95,0000000080685d95,3800,00003fb0,0230,1
FMUL,32,3257,64,RU,000000000892370b,00000000b736ba60,bf80d0bb294944400000,bf80d0bb280000000000,0000000080685d94,0000000080685d94,3800,00005fb0,0030,1
FMUL,32,3257,64,RZ,000000000892370b,00000000b736ba60,bf80d0bb294944400000,bf80d0bb280000000000,0000000080685d94,0000000080685d94,3800,00007fb0,0030,1
FMUL,32,3848,53,RN,0000000033fba540,000000000abf0710,3f7ebbc73bff14000000,3f7ebbc7380000000000,00000000001778e7,00000000001778e7,3800,00001fb0,0030,1
FMUL,32,3848,53,RD,0000000033fba540,000000000abf0710,3f7ebbc73bff14000000,3f7ebbc7380000000000,00000000001778e7,00000000001778e7,3800,00003fb0,0030,1
FMUL,32,3848,53,RU,0000000033fba540,000000000abf0710,3f7ebbc73bff14000000,3f7ebbc7400000000000,00000000001778e8,00000000001778e8,3800,00005fb0,0230,1
FMUL,32,3848,53,RZ,0000000033fba540,000000000abf0710,3f7ebbc73bff14000000,3f7ebbc7380000000000,00000000001778e7,00000000001778e7,3800,00007fb0,0030,1
FMUL,32,3848,24,RN,0000000033fba540,000000000abf0710,3f7ebbc73c0000000000,3f7ebbc7380000000000,00000000001778e8,00000000001778e7,3a20,00001fb0,0230,0
FMUL,32,3848,24,RD,0000000033fba540,000000000abf0710,3f7ebbc73b0000000000,3f7ebbc7380000000000,00000000001778e7,00000000001778e7,3820,00003fb0,0030,1
FMUL,32,3848,24,RU,0000000033fba540,000000000abf0710,3f7ebbc73c0000000000,3f7ebbc7400000000000,00000000001778e8,00000000001778e8,3a20,00005fb0,0230,1
FMUL,32,3848,24,RZ,0000000033fba540,000000000abf0710,3f7ebbc73b0000000000,3f7ebbc7380000000000,00000000001778e7,00000000001778e7,3820,00007fb0,0030,1
FMUL,32,3848,64,RN,0000000033fba540,000000000abf0710,3f7ebbc73bff14000000,3f7ebbc7380000000000,00000000001778e7,00000000001778e7,3800,00001fb0,0030,1
FMUL,32,3848,64,RD,0000000033fba540,000000000abf0710,3f7ebbc73bff14000000,3f7ebbc7380000000000,00000000001778e7,00000000001778e7,3800,00003fb0,0030,1
FMUL,32,3848,64,RU,0000000033fba540,000000000abf0710,3f7ebbc73bff14000000,3f7ebbc7400000000000,00000000001778e8,00000000001778e8,3800,00005fb0,0230,1
FMUL,32,3848,64,RZ,0000000033fba540,000000000abf0710,3f7ebbc73bff14000000,3f7ebbc7380000000000,00000000001778e7,00000000001778e7,3800,00007fb0,0030,1
FMUL,32,5615,53,RN,0000000086645ce6,00000000394640d3,bf80b0d9ad5611920000,bf80b0d9ae0000000000,0000000080586cd7,0000000080586cd7,3800,00001fb0,0230,1
FMUL,32,5615,53,RD,0000000086645ce6,00000000394640d3,bf80b0d9ad5611920000,bf80b0d9ae0000000000,0000000080586cd7,0000000080586cd7,3800,00003fb0,0230,1
FMUL,32,5615,53,RU,0000000086645ce6,00000000394640d3,bf80b0d9ad5611920000,bf80b0d9ac0000000000,0000000080586cd6,0000000080586cd6,3800,00005fb0,0030,1
FMUL,32,5615,53,RZ,0000000086645ce6,00000000394640d3,bf80b0d9ad5611920000,bf80b0d9ac0000000000,0000000080586cd6,0000000080586cd6,3800,00007fb0,0030,1
FMUL,32,5615,24,RN,0000000086645ce6,00000000394640d3,bf80b0d9ad0000000000,bf80b0d9ae0000000000,0000000080586cd6,0000000080586cd7,3820,00001fb0,0030,0
FMUL,32,5615,24,RD,0000000086645ce6,00000000394640d3,bf80b0d9ae0000000000,bf80b0d9ae0000000000,0000000080586cd7,0000000080586cd7,3a20,00003fb0,0000,1
FMUL,32,5615,24,RU,0000000086645ce6,00000000394640d3,bf80b0d9ad0000000000,bf80b0d9ac0000000000,0000000080586cd6,0000000080586cd6,3820,00005fb0,0030,1
FMUL,32,5615,24,RZ,0000000086645ce6,00000000394640d3,bf80b0d9ad0000000000,bf80b0d9ac0000000000,0000000080586cd6,0000000080586cd6,3820,00007fb0,0030,1
FMUL,32,5615,64,RN,0000000086645ce6,00000000394640d3,bf80b0d9ad5611920000,bf80b0d9ae0000000000,0000000080586cd7,0000000080586cd7,3800,00001fb0,0230,1
FMUL,32,5615,64,RD,0000000086645ce6,00000000394640d3,bf80b0d9ad5611920000,bf80b0d9ae0000000000,0000000080586cd7,0000000080586cd7,3800,00003fb0,0230,1
FMUL,32,5615,64,RU,0000000086645ce6,00000000394640d3,bf80b0d9ad5611920000,bf80b0d9ac0000000000,0000000080586cd6,0000000080586cd6,3800,00005fb0,0030,1
FMUL,32,5615,64,RZ,0000000086645ce6,00000000394640d3,bf80b0d9ad5611920000,bf80b0d9ac0000000000,0000000080586cd6,0000000080586cd6,3800,00007fb0,0030,1
FMUL,32,8368,53,RN,00000000a68da3b0,0000000097f05dfb,3f7e84fd74566d900000,3f7e84fd780000000000,0000000000109faf,0000000000109faf,3800,00001fb0,0230,1
FMUL,32,8368,53,RD,00000000a68da3b0,0000000097f05dfb,3f7e84fd74566d900000,3f7e84fd700000000000,0000000000109fae,0000000000109fae,3800,00003fb0,0030,1
FMUL,32,8368,53,RU,00000000a68da3b0,0000000097f05dfb,3f7e84fd74566d900000,3f7e84fd780000000000,0000000000109faf,0000000000109faf,3800,00005fb0,0230,1
FMUL,32,8368,53,RZ,00000000a68da3b0,0000000097f05dfb,3f7e84fd74566d900000,3f7e84fd700000000000,0000000000109fae,0000000000109fae,3800,00007fb0,0030,1
FMUL,32,8368,24,RN,00000000a68da3b0,0000000097f05dfb,3f7e84fd740000000000,3f7e84fd780000000000,0000000000109fae,0000000000109faf,3820,00001fb0,0030,0
FMUL,32,8368,24,RD,00000000a68da3b0,0000000097f05dfb,3f7e84fd740000000000,3f7e84fd700000000000,0000000000109fae,0000000000109fae,3820,00003fb0,0030,1
FMUL,32,8368,24,RU,00000000a68da3b0,0000000097f05dfb,3f7e84fd750000000000,3f7e84fd780000000000,0000000000109faf,0000000000109faf,3a20,00005fb0,0230,1
FMUL,32,8368,24,RZ,00000000a68da3b0,0000000097f05dfb,3f7e84fd740000000000,3f7e84fd700000000000,0000000000109fae,0000000000109fae,3820,00007fb0,0030,1
FMUL,32,8368,64,RN,00000000a68da3b0,0000000097f05dfb,3f7e84fd74566d900000,3f7e84fd780000000000,0000000000109faf,0000000000109faf,3800,00001fb0,0230,1
FMUL,32,8368,64,RD,00000000a68da3b0,0000000097f05dfb,3f7e84fd74566d900000,3f7e84fd700000000000,0000000000109fae,0000000000109fae,3800,00003fb0,0030,1
FMUL,32,8368,64,RU,00000000a68da3b0,0000000097f05dfb,3f7e84fd74566d900000,3f7e84fd780000000000,0000000000109faf,0000000000109faf,3800,00005fb0,0230,1
FMUL,32,8368,64,RZ,00000000a68da3b0,0000000097f05dfb,3f7e84fd74566d900000,3f7e84fd700000000000,0000000000109fae,0000000000109fae,3800,00007fb0,0030,1
FMUL,32,8897,53,RN,0000000081528195,00000000be2d2327,3f808e5e797a1cb30000,3f808e5e7a0000000000,0000000000472f3d,0000000000472f3d,3800,00001fb0,0230,1
FMUL,32,8897,53,RD,0000000081528195,00000000be2d2327,3f808e5e797a1cb30000,3f808e5e780000000000,0000000000472f3c,0000000000472f3c,3800,00003fb0,0030,1
FMUL,32,8897,53,RU,0000000081528195,00000000be2d2327,3f808e5e797a1cb30000,3f808e5e7a0000000000,0000000000472f3d,0000000000472f3d,3800,00005fb0,0230,1
FMUL,32,8897,53,RZ,0000000081528195,00000000be2d2327,3f808e5e797a1cb30000,3f808e5e780000000000,0000000000472f3c,0000000000472f3c,3800,00007fb0,0030,1
FMUL,32,8897,24,RN,0000000081528195,00000000be2d2327,3f808e5e790000000000,3f808e5e7a0000000000,0000000000472f3c,0000000000472f3d,3820,00001fb0,0030,0
FMUL,32,8897,24,RD,0000000081528195,00000000be2d2327,3f808e5e790000000000,3f808e5e780000000000,0000000000472f3c,0000000000472f3c,3820,00003fb0,0030,1
FMUL,32,8897,24,RU,0000000081528195,00000000be2d2327,3f808e5e7a0000000000,3f808e5e7a0000000000,0000000000472f3d,0000000000472f3d,3a20,00005fb0,0000,1
FMUL,32,8897,24,RZ,0000000081528195,00000000be2d2327,3f808e5e790000000000,3f808e5e780000000000,0000000000472f3c,0000000000472f3c,3820,00007fb0,0030,1
FMUL,32,8897,64,RN,0000000081528195,00000000be2d2327,3f808e5e797a1cb30000,3f808e5e7a0000000000,0000000000472f3d,0000000000472f3d,3800,00001fb0,0230,1
FMUL,32,8897,64,RD,0000000081528195,00000000be2d2327,3f808e5e797a1cb30000,3f808e5e780000000000,0000000000472f3c,0000000000472f3c,3800,00003fb0,0030,1
FMUL,32,8897,64,RU,0000000081528195,00000000be2d2327,3f808e5e797a1cb30000,3f808e5e7a0000000000,0000000000472f3d,0000000000472f3d,3800,00005fb0,0230,1
FMUL,32,8897,64,RZ,0000000081528195,00000000be2d2327,3f808e5e797a1cb30000,3f808e5e780000000000,0000000000472f3c,0000000000472f3c,3800,00007fb0,0030,1
FMUL,32,9727,53,RN,0000000080eb8d11,00000000bde73316,3f7ed4bb4baf82760000,3f7ed4bb480000000000,00000000001a9769,00000000001a9769,3800,00001fb0,0030,1
FMUL,32,9727,53,RD,0000000080eb8d11,00000000bde73316,3f7ed4bb4baf82760000,3f7ed4bb480000000000,00000000001a9769,00000000001a9769,3800,00003fb0,0030,1
FMUL,32,9727,53,RU,0000000080eb8d11,00000000bde73316,3f7ed4bb4baf82760000,3f7ed4bb500000000000,00000000001a976a,00000000001a976a,3800,00005fb0,0230,1
FMUL,32,9727,53,RZ,0000000080eb8d11,00000000bde73316,3f7ed4bb4baf82760000,3f7ed4bb480000000000,00000000001a9769,00000000001a9769,3800,00007fb0,0030,1
FMUL,32,9727,24,RN,0000000080eb8d11,00000000bde73316,3f7ed4bb4c0000000000,3f7ed4bb480000000000,00000000001a976a,00000000001a9769,3a20,00001fb0,0230,0
FMUL,32,9727,24,RD,0000000080eb8d11,00000000bde73316,3f7ed4bb4b0000000000,3f7ed4bb480000000000,00000000001a9769,00000000001a9769,3820,00003fb0,0030,1
FMUL,32,9727,24,RU,0000000080eb8d11,00000000bde73316,3f7ed4bb4c0000000000,3f7ed4bb500000000000,00000000001a976a,00000000001a976a,3a20,00005fb0,0230,1
FMUL,32,9727,24,RZ,0000000080eb8d11,00000000bde73316,3f7ed4bb4b0000000000,3f7ed4bb480000000000,00000000001a9769,00000000001a9769,3820,00007fb0,0030,1
FMUL,32,9727,64,RN,0000000080eb8d11,00000000bde73316,3f7ed4bb4baf82760000,3f7ed4bb480000000000,00000000001a9769,00000000001a9769,3800,00001fb0,0030,1
FMUL,32,9727,64,RD,0000000080eb8d11,00000000bde73316,3f7ed4bb4baf82760000,3f7ed4bb480000000000,00000000001a9769,00000000001a9769,3800,00003fb0,0030,1
FMUL,32,9727,64,RU,0000000080eb8d11,00000000bde73316,3f7ed4bb4baf82760000,3f7ed4bb500000000000,00000000001a976a,00000000001a976a,3800,00005fb0,0230,1
FMUL,32,9727,64,RZ,0000000080eb8d11,00000000bde73316,3f7ed4bb4baf82760000,3f7ed4bb480000000000,00000000001a9769,00000000001a9769,3800,00007fb0,0030,1
FMUL,32,10116,53,RN,000000000b338e76,00000000b4b5b8fc,bf80feeaf12618500000,bf80feeaf20000000000,00000000807f7579,00000000807f7579,3800,00001fb0,0230,1
FMUL,32,10116,53,RD,000000000b338e76,00000000b4b5b8fc,bf80feeaf12618500000,bf80feeaf20000000000,00000000807f7579,00000000807f7579,3800,00003fb0,0230,1
FMUL,32,10116,53,RU,000000000b338e76,00000000b4b5b8fc,bf80feeaf12618500000,bf80feeaf00000000000,00000000807f7578,00000000807f7578,3800,00005fb0,0030,1
FMUL,32,10116,53,RZ,000000000b338e76,00000000b4b5b8fc,bf80feeaf12618500000,bf80feeaf00000000000,00000000807f7578,00000000807f7578,3800,00007fb0,0030,1
FMUL,32,10116,24,RN,000000000b338e76,00000000b4b5b8fc,bf80feeaf10000000000,bf80feeaf20000000000,00000000807f7578,00000000807f7579,3820,00001fb0,0030,0
FMUL,32,10116,24,RD,000000000b338e76,00000000b4b5b8fc,bf80feeaf20000000000,bf80feeaf20000000000,00000000807f7579,00000000807f7579,3a20,00003fb0,0000,1
FMUL,32,10116,24,RU,000000000b338e76,00000000b4b5b8fc,bf80feeaf10000000000,bf80feeaf00000000000,00000000807f7578,00000000807f7578,3820,00005fb0,0030,1
FMUL,32,10116,24,RZ,000000000b338e76,00000000b4b5b8fc,bf80feeaf10000000000,bf80feeaf00000000000,00000000807f7578,00000000807f7578,3820,00007fb0,0030,1
FMUL,32,10116,64,RN,000000000b338e76,00000000b4b5b8fc,bf80feeaf12618500000,bf80feeaf20000000000,00000000807f7579,00000000807f7579,3800,00001fb0,0230,1
FMUL,32,10116,64,RD,000000000b338e76,00000000b4b5b8fc,bf80feeaf12618500000,bf80feeaf20000000000,00000000807f7579,00000000807f7579,3800,00003fb0,0230,1
FMUL,32,10116,64,RU,000000000b338e76,00000000b4b5b8fc,bf80feeaf12618500000,bf80feeaf00000000000,00000000807f7578,00000000807f7578,3800,00005fb0,0030,1
FMUL,32,10116,64,RZ,000000000b338e76,00000000b4b5b8fc,bf80feeaf12618500000,bf80feeaf00000000000,00000000807f7578,00000000807f7578,3800,00007fb0,0030,1
FMUL,32,10327,53,RN,0000000010777008,00000000adb54374,bf7daf336818dba00000,bf7daf33700000000000,00000000800af337,00000000800af337,3800,00001fb0,0230,1
FMUL,32,10327,53,RD,0000000010777008,00000000adb54374,bf7daf336818dba00000,bf7daf33700000000000,00000000800af337,00000000800af337,3800,00003fb0,0230,1
FMUL,32,10327,53,RU,0000000010777008,00000000adb54374,bf7daf336818dba00000,bf7daf33600000000000,00000000800af336,00000000800af336,3800,00005fb0,0030,1
FMUL,32,10327,53,RZ,0000000010777008,00000000adb54374,bf7daf336818dba00000,bf7daf33600000000000,00000000800af336,00000000800af336,3800,00007fb0,0030,1
FMUL,32,10327,24,RN,0000000010777008,00000000adb54374,bf7daf33680000000000,bf7daf33700000000000,00000000800af336,00000000800af337,3820,00001fb0,0030,0
FMUL,32,10327,24,RD,0000000010777008,00000000adb54374,bf7daf33690000000000,bf7daf33700000000000,00000000800af337,00000000800af337,3a20,00003fb0,0230,1
FMUL,32,10327,24,RU,0000000010777008,00000000adb54374,bf7daf33680000000000,bf7daf33600000000000,00000000800af336,00000000800af336,3820,00005fb0,0030,1
FMUL,32,10327,24,RZ,0000000010777008,00000000adb54374,bf7daf33680000000000,bf7daf33600000000000,00000000800af336,00000000800af336,3820,00007fb0,0030,1
FMUL,32,10327,64,RN,0000000010777008,00000000adb54374,bf7daf336818dba00000,bf7daf33700000000000,00000000800af337,00000000800af337,3800,00001fb0,0230,1
FMUL,32,10327,64,RD,0000000010777008,00000000adb54374,bf7daf336818dba00000,bf7daf33700000000000,00000000800af337,00000000800af337,3800,00003fb0,0230,1
FMUL,32,10327,64,RU,0000000010777008,00000000adb54374,bf7daf336818dba00000,bf7daf33600000000000,00000000800af336,00000000800af336,3800,00005fb0,0030,1
FMUL,32,10327,64,RZ,0000000010777008,00000000adb54374,bf7daf336818dba00000,bf7daf33600000000000,00000000800af336,00000000800af336,3800,00007fb0,0030,1
FMUL,32,10542,53,RN,0000000023f2f946,000000009b71af1c,bf7fe562dde01da80000,bf7fe562dc0000000000,00000000803958b7,00000000803958b7,3800,00001fb0,0030,1
FMUL,32,10542,53,RD,0000000023f2f946,000000009b71af1c,bf7fe562dde01da80000,bf7fe562e00000000000,00000000803958b8,00000000803958b8,3800,00003fb0,0230,1
FMUL,32,10542,53,RU,0000000023f2f946,000000009b71af1c,bf7fe562dde01da80000,bf7fe562dc0000000000,00000000803958b7,00000000803958b7,3800,00005fb0,0030,1
FMUL,32,10542,53,RZ,0000000023f2f946,000000009b71af1c,bf7fe562dde01da80000,bf7fe562dc0000000000,00000000803958b7,00000000803958b7,3800,00007fb0,0030,1
FMUL,32,10542,24,RN,0000000023f2f946,000000009b71af1c,bf7fe562de0000000000,bf7fe562dc0000000000,00000000803958b8,00000000803958b7,3a20,00001fb0,0230,0
FMUL,32,10542,24,RD,0000000023f2f946,000000009b71af1c,bf7fe562de0000000000,bf7fe562e00000000000,00000000803958b8,00000000803958b8,3a20,00003fb0,0230,1
FMUL,32,10542,24,RU,0000000023f2f946,000000009b71af1c,bf7fe562dd0000000000,bf7fe562dc0000000000,00000000803958b7,00000000803958b7,3820,00005fb0,0030,1
FMUL,32,10542,24,RZ,0000000023f2f946,000000009b71af1c,bf7fe562dd0000000000,bf7fe562dc0000000000,00000000803958b7,00000000803958b7,3820,00007fb0,0030,1
FMUL,32,10542,64,RN,0000000023f2f946,000000009b71af1c,bf7fe562dde01da80000,bf7fe562dc0000000000,00000000803958b7,00000000803958b7,3800,00001fb0,0030,1
FMUL,32,10542,64,RD,0000000023f2f946,000000009b71af1c,bf7fe562dde01da80000,bf7fe562e00000000000,00000000803958b8,00000000803958b8,3800,00003fb0,0230,1
FMUL,32,10542,64,RU,0000000023f2f946,000000009b71af1c,bf7fe562dde01da80000,bf7fe562dc0000000000,00000000803958b7,00000000803958b7,3800,00005fb0,0030,1
FMUL,32,10542,64,RZ,0000000023f2f946,000000009b71af1c,bf7fe562dde01da80000,bf7fe562dc0000000000,00000000803958b7,00000000803958b7,3800,00007fb0,0030,1
FMUL,32,11548,53,RN,0000000038b24541,0000000086c6e2b4,bf808a7f6ec213b40000,bf808a7f6e0000000000,0000000080453fb7,0000000080453fb7,3800,00001fb0,0030,1
FMUL,32,11548,53,RD,0000000038b24541,0000000086c6e2b4,bf808a7f6ec213b40000,bf808a7f700000000000,0000000080453fb8,0000000080453fb8,3800,00003fb0,0230,1
FMUL,32,11548,53,RU,0000000038b24541,0000000086c6e2b4,bf808a7f6ec213b40000,bf808a7f6e0000000000,0000000080453fb7,0000000080453fb7,3800,00005fb0,0030,1
FMUL,32,11548,53,RZ,0000000038b24541,0000000086c6e2b4,bf808a7f6ec213b40000,bf808a7f6e0000000000,0000000080453fb7,0000000080453fb7,3800,00007fb0,0030,1
FMUL,32,11548,24,RN,0000000038b24541,0000000086c6e2b4,bf808a7f6f0000000000,bf808a7f6e0000000000,0000000080453fb8,0000000080453fb7,3a20,00001fb0,0230,0
FMUL,32,11548,24,RD,0000000038b24541,0000000086c6e2b4,bf808a7f6f0000000000,bf808a7f700000000000,0000000080453fb8,0000000080453fb8,3a20,00003fb0,0230,1
FMUL,32,11548,24,RU,0000000038b24541,0000000086c6e2b4,bf808a7f6e0000000000,bf808a7f6e0000000000,0000000080453fb7,0000000080453fb7,3820,00005fb0,0000,1
FMUL,32,11548,24,RZ,0000000038b24541,0000000086c6e2b4,bf808a7f6e0000000000,bf808a7f6e0000000000,0000000080453fb7,0000000080453fb7,3820,00007fb0,0000,1
FMUL,32,11548,64,RN,0000000038b24541,0000000086c6e2b4,bf808a7f6ec213b40000,bf808a7f6e0000000000,0000000080453fb7,0000000080453fb7,3800,00001fb0,0030,1
FMUL,32,11548,64,RD,0000000038b24541,0000000086c6e2b4,bf808a7f6ec213b40000,bf808a7f700000000000,0000000080453fb8,0000000080453fb8,3800,00003fb0,0230,1
FMUL,32,11548,64,RU,0000000038b24541,0000000086c6e2b4,bf808a7f6ec213b40000,bf808a7f6e0000000000,0000000080453fb7,0000000080453fb7,3800,00005fb0,0030,1
FMUL,32,11548,64,RZ,0000000038b24541,0000000086c6e2b4,bf808a7f6ec213b40000,bf808a7f6e0000000000,0000000080453fb7,0000000080453fb7,3800,00007fb0,0030,1
FMUL,32,12606,53,RN,000000002dedcae2,0000000092002716,bf80ee137eafbad80000,bf80ee137e0000000000,00000000807709bf,00000000807709bf,3800,00001fb0,0030,1
FMUL,32,12606,53,RD,000000002dedcae2,0000000092002716,bf80ee137eafbad80000,bf80ee13800000000000,00000000807709c0,00000000807709c0,3800,00003fb0,0230,1
FMUL,32,12606,53,RU,000000002dedcae2,0000000092002716,bf80ee137eafbad80000,bf80ee137e0000000000,00000000807709bf,00000000807709bf,3800,00005fb0,0030,1
FMUL,32,12606,53,RZ,000000002dedcae2,0000000092002716,bf80ee137eafbad80000,bf80ee137e0000000000,00000000807709bf,00000000807709bf,3800,00007fb0,0030,1
FMUL,32,12606,24,RN,000000002dedcae2,0000000092002716,bf80ee137f0000000000,bf80ee137e0000000000,00000000807709c0,00000000807709bf,3a20,00001fb0,0230,0
FMUL,32,12606,24,RD,000000002dedcae2,0000000092002716,bf80ee137f0000000000,bf80ee13800000000000,00000000807709c0,00000000807709c0,3a20,00003fb0,0230,1
FMUL,32,12606,24,RU,000000002dedcae2,0000000092002716,bf80ee137e0000000000,bf80ee137e0000000000,00000000807709bf,00000000807709bf,3820,00005fb0,0000,1
FMUL,32,12606,24,RZ,000000002dedcae2,0000000092002716,bf80ee137e0000000000,bf80ee137e0000000000,00000000807709bf,00000000807709bf,3820,00007fb0,0000,1
FMUL,32,12606,64,RN,000000002dedcae2,0000000092002716,bf80ee137eafbad80000,bf80ee137e0000000000,00000000807709bf,00000000807709bf,3800,00001fb0,0030,1
FMUL,32,12606,64,RD,000000002dedcae2,0000000092002716,bf80ee137eafbad80000,bf80ee13800000000000,00000000807709c0,00000000807709c0,3800,00003fb0,0230,1
FMUL,32,12606,64,RU,000000002dedcae2,0000000092002716,bf80ee137eafbad80000,bf80ee137e0000000000,00000000807709bf,00000000807709bf,3800,00005fb0,0030,1
FMUL,32,12606,64,RZ,000000002dedcae2,0000000092002716,bf80ee137eafbad80000,bf80ee137e0000000000,00000000807709bf,00000000807709bf,3800,00007fb0,0030,1
FMUL,32,12725,53,RN,00000000264e4bcd,00000000197c7f4a,3f80cb7931089c420000,3f80cb79320000000000,000000000065bc99,000000000065bc99,3800,00001fb0,0230,1
FMUL,32,12725,53,RD,00000000264e4bcd,00000000197c7f4a,3f80cb7931089c420000,3f80cb79300000000000,000000000065bc98,000000000065bc98,3800,00003fb0,0030,1
FMUL,32,12725,53,RU,00000000264e4bcd,00000000197c7f4a,3f80cb7931089c420000,3f80cb79320000000000,000000000065bc99,000000000065bc99,3800,00005fb0,0230,1
FMUL,32,12725,53,RZ,00000000264e4bcd,00000000197c7f4a,3f80cb7931089c420000,3f80cb79300000000000,000000000065bc98,000000000065bc98,3800,00007fb0,0030,1
FMUL,32,12725,24,RN,00000000264e4bcd,00000000197c7f4a,3f80cb79310000000000,3f80cb79320000000000,000000000065bc98,000000000065bc99,3820,00001fb0,0030,0
FMUL,32,12725,24,RD,00000000264e4bcd,00000000197c7f4a,3f80cb79310000000000,3f80cb79300000000000,000000000065bc98,000000000065bc98,3820,00003fb0,0030,1
FMUL,32,12725,24,RU,00000000264e4bcd,00000000197c7f4a,3f80cb79320000000000,3f80cb79320000000000,000000000065bc99,000000000065bc99,3a20,00005fb0,0000,1
FMUL,32,12725,24,RZ,00000000264e4bcd,00000000197c7f4a,3f80cb79310000000000,3f80cb79300000000000,000000000065bc98,000000000065bc98,3820,00007fb0,0030,1
FMUL,32,12725,64,RN,00000000264e4bcd,00000000197c7f4a,3f80cb7931089c420000,3f80cb79320000000000,000000000065bc99,000000000065bc99,3800,00001fb0,0230,1
FMUL,32,12725,64,RD,00000000264e4bcd,00000000197c7f4a,3f80cb7931089c420000,3f80cb79300000000000,000000000065bc98,000000000065bc98,3800,00003fb0,0030,1
FMUL,32,12725,64,RU,00000000264e4bcd,00000000197c7f4a,3f80cb7931089c420000,3f80cb79320000000000,000000000065bc99,000000000065bc99,3800,00005fb0,0230,1
FMUL,32,12725,64,RZ,00000000264e4bcd,00000000197c7f4a,3f80cb7931089c420000,3f80cb79300000000000,000000000065bc98,000000000065bc98,3800,00007fb0,0030,1
FMUL,32,14006,53,RN,000000001a8a750b,00000000231fbf87,3f7caccc9057db9a0000,3f7caccca00000000000,0000000000056665,0000000000056665,3800,00001fb0,0230,1
FMUL,32,14006,53,RD,000000001a8a750b,00000000231fbf87,3f7caccc9057db9a0000,3f7caccc800000000000,0000000000056664,0000000000056664,3800,00003fb0,0030,1
FMUL,32,14006,53,RU,000000001a8a750b,00000000231fbf87,3f7caccc9057db9a0000,3f7caccca00000000000,0000000000056665,0000000000056665,3800,00005fb0,0230,1
FMUL,32,14006,53,RZ,000000001a8a750b,00000000231fbf87,3f7caccc9057db9a0000,3f7caccc800000000000,0000000000056664,0000000000056664,3800,00007fb0,0030,1
FMUL,32,14006,24,RN,000000001a8a750b,00000000231fbf87,3f7caccc900000000000,3f7caccca00000000000,0000000000056664,0000000000056665,3820,00001fb0,0030,0
FMUL,32,14006,24,RD,000000001a8a750b,00000000231fbf87,3f7caccc900000000000,3f7caccc800000000000,0000000000056664,0000000000056664,3820,00003fb0,0030,1
FMUL,32,14006,24,RU,000000001a8a750b,00000000231fbf87,3f7caccc910000000000,3f7caccca00000000000,0000000000056665,0000000000056665,3a20,00005fb0,0230,1
FMUL,32,14006,24,RZ,000000001a8a750b,00000000231fbf87,3f7caccc900000000000,3f7caccc800000000000,0000000000056664,0000000000056664,3820,00007fb0,0030,1
FMUL,32,14006,64,RN,000000001a8a750b,00000000231fbf87,3f7caccc9057db9a0000,3f7caccca00000000000,0000000000056665,0000000000056665,3800,00001fb0,0230,1
FMUL,32,14006,64,RD,000000001a8a750b,00000000231fbf87,3f7caccc9057db9a0000,3f7caccc800000000000,0000000000056664,0000000000056664,3800,00003fb0,0030,1
FMUL,32,14006,64,RU,000000001a8a750b,00000000231fbf87,3f7caccc9057db9a0000,3f7caccca00000000000,0000000000056665,0000000000056665,3800,00005fb0,0230,1
FMUL,32,14006,64,RZ,000000001a8a750b,00000000231fbf87,3f7caccc9057db9a0000,3f7caccc800000000000,0000000000056664,0000000000056664,3800,00007fb0,0030,1
FMUL,32,16145,53,RN,00000000af41eff9,000000008ecfae7a,3f7d9d5537de9aaa0000,3f7d9d55300000000000,000000000009d553,000000000009d553,3800,00001fb0,0030,1
FMUL,32,16145,53,RD,00000000af41eff9,000000008ecfae7a,3f7d9d5537de9aaa0000,3f7d9d55300000000000,000000000009d553,000000000009d553,3800,00003fb0,0030,1
FMUL,32,16145,53,RU,00000000af41eff9,000000008ecfae7a,3f7d9d5537de9aaa0000,3f7d9d55400000000000,000000000009d554,000000000009d554,3800,00005fb0,0230,1
FMUL,32,16145,53,RZ,00000000af41eff9,000000008ecfae7a,3f7d9d5537de9aaa0000,3f7d9d55300000000000,000000000009d553,000000000009d553,3800,00007fb0,0030,1
FMUL,32,16145,24,RN,00000000af41eff9,000000008ecfae7a,3f7d9d55380000000000,3f7d9d55300000000000,000000000009d554,000000000009d553,3a20,00001fb0,0230,0
FMUL,32,16145,24,RD,00000000af41eff9,000000008ecfae7a,3f7d9d55370000000000,3f7d9d55300000000000,000000000009d553,000000000009d553,3820,00003fb0,0030,1
FMUL,32,16145,24,RU,00000000af41eff9,000000008ecfae7a,3f7d9d55380000000000,3f7d9d55400000000000,000000000009d554,000000000009d554,3a20,00005fb0,0230,1
FMUL,32,16145,24,RZ,00000000af41eff9,000000008ecfae7a,3f7d9d55370000000000,3f7d9d55300000000000,000000000009d553,000000000009d553,3820,00007fb0,0030,1
FMUL,32,16145,64,RN,00000000af41eff9,000000008ecfae7a,3f7d9d5537de9aaa0000,3f7d9d55300000000000,000000000009d553,000000000009d553,3800,00001fb0,0030,1
FMUL,32,16145,64,RD,00000000af41eff9,000000008ecfae7a,3f7d9d5537de9aaa0000,3f7d9d55300000000000,000000000009d553,000000000009d553,3800,00003fb0,0030,1
FMUL,32,16145,64,RU,00000000af41eff9,000000008ecfae7a,3f7d9d5537de9aaa0000,3f7d9d55400000000000,000000000009d554,000000000009d554,3800,00005fb0,0230,1
FMUL,32,16145,64,RZ,00000000af41eff9,000000008ecfae7a,3f7d9d5537de9aaa0000,3f7d9d55300000000000,000000000009d553,000000000009d553,3800,00007fb0,0030,1
FMUL,32,17626,53,RN,000000003c5fd0bc,0000000003345d4c,3f809db0557643d00000,3f809db0560000000000,00000000004ed82b,00000000004ed82b,3800,00001fb0,0230,1
FMUL,32,17626,53,RD,000000003c5fd0bc,0000000003345d4c,3f809db0557643d00000,3f809db0540000000000,00000000004ed82a,00000000004ed82a,3800,00003fb0,0030,1
FMUL,32,17626,53,RU,000000003c5fd0bc,0000000003345d4c,3f809db0557643d00000,3f809db0560000000000,00000000004ed82b,00000000004ed82b,3800,00005fb0,0230,1
FMUL,32,17626,53,RZ,000000003c5fd0bc,0000000003345d4c,3f809db0557643d00000,3f809db0540000000000,00000000004ed82a,00000000004ed82a,3800,00007fb0,0030,1
FMUL,32,17626,24,RN,000000003c5fd0bc,0000000003345d4c,3f809db0550000000000,3f809db0560000000000,00000000004ed82a,00000000004ed82b,3820,00001fb0,0030,0
FMUL,32,17626,24,RD,000000003c5fd0bc,0000000003345d4c,3f809db0550000000000,3f809db0540000000000,00000000004ed82a,00000000004ed82a,3820,00003fb0,0030,1
FMUL,32,17626,24,RU,000000003c5fd0bc,0000000003345d4c,3f809db0560000000000,3f809db0560000000000,00000000004ed82b,00000000004ed82b,3a20,00005fb0,0000,1
FMUL,32,17626,24,RZ,000000003c5fd0bc,0000000003345d4c,3f809db0550000000000,3f809db0540000000000,00000000004ed82a,00000000004ed82a,3820,00007fb0,0030,1
FMUL,32,17626,64,RN,000000003c5fd0bc,0000000003345d4c,3f809db0557643d00000,3f809db0560000000000,00000000004ed82b,00000000004ed82b,3800,00001fb0,0230,1
FMUL,32,17626,64,RD,000000003c5fd0bc,0000000003345d4c,3f809db0557643d00000,3f809db0540000000000,00000000004ed82a,00000000004ed82a,3800,00003fb0,0030,1
FMUL,32,17626,64,RU,000000003c5fd0bc,0000000003345d4c,3f809db0557643d00000,3f809db0560000000000,00000000004ed82b,00000000004ed82b,3800,00005fb0,0230,1
FMUL,32,17626,64,RZ,000000003c5fd0bc,0000000003345d4c,3f809db0557643d00000,3f809db0540000000000,00000000004ed82a,00000000004ed82a,3800,00007fb0,0030,1
FMUL,32,18177,53,RN,0000000097f8fe79,00000000278c713a,bf8088994ae9106a0000,bf8088994a0000000000,0000000080444ca5,0000000080444ca5,3800,00001fb0,0030,1
FMUL,32,18177,53,RD,0000000097f8fe79,00000000278c713a,bf8088994ae9106a0000,bf8088994c0000000000,0000000080444ca6,0000000080444ca6,3800,00003fb0,0230,1
FMUL,32,18177,53,RU,0000000097f8fe79,00000000278c713a,bf8088994ae9106a0000,bf8088994a0000000000,0000000080444ca5,0000000080444ca5,3800,00005fb0,0030,1
FMUL,32,18177,53,RZ,0000000097f8fe79,00000000278c713a,bf8088994ae9106a0000,bf8088994a0000000000,0000000080444ca5,0000000080444ca5,3800,00007fb0,0030,1
FMUL,32,18177,24,RN,0000000097f8fe79,00000000278c713a,bf8088994b0000000000,bf8088994a0000000000,0000000080444ca6,0000000080444ca5,3a20,00001fb0,0230,0
FMUL,32,18177,24,RD,0000000097f8fe79,00000000278c713a,bf8088994b0000000000,bf8088994c0000000000,0000000080444ca6,0000000080444ca6,3a20,00003fb0,0230,1
FMUL,32,18177,24,RU,0000000097f8fe79,00000000278c713a,bf8088994a0000000000,bf8088994a0000000000,0000000080444ca5,0000000080444ca5,3820,00005fb0,0000,1
FMUL,32,18177,24,RZ,0000000097f8fe79,00000000278c713a,bf8088994a0000000000,bf8088994a0000000000,0000000080444ca5,0000000080444ca5,3820,00007fb0,0000,1
FMUL,32,18177,64,RN,0000000097f8fe79,00000000278c713a,bf8088994ae9106a0000,bf8088994a0000000000,0000000080444ca5,0000000080444ca5,3800,00001fb0,0030,1
FMUL,32,18177,64,RD,0000000097f8fe79,00000000278c713a,bf8088994ae9106a0000,bf8088994c0000000000,0000000080444ca6,0000000080444ca6,3800,00003fb0,0230,1
FMUL,32,18177,64,RU,0000000097f8fe79,00000000278c713a,bf8088994ae9106a0000,bf8088994a0000000000,0000000080444ca5,0000000080444ca5,3800,00005fb0,0030,1
FMUL,32,18177,64,RZ,0000000097f8fe79,00000000278c713a,bf8088994ae9106a0000,bf8088994a0000000000,0000000080444ca5,0000000080444ca5,3800,00007fb0,0030,1
FDIV,64,2441,53,RN,00f386c14c0411d1,40d3b44118b82354,3c00fdb0dd5dd5456800,3c00fdb0dd5dd5457000,000fdb0dd5dd5456,000fdb0dd5dd5457,3820,00001fb0,0030,0
FDIV,64,2441,53,RD,00f386c14c0411d1,40d3b44118b82354,3c00fdb0dd5dd5456800,3c00fdb0dd5dd5456000,000fdb0dd5dd5456,000fdb0dd5dd5456,3820,00003fb0,0030,1
FDIV,64,2441,53,RU,00f386c14c0411d1,40d3b44118b82354,3c00fdb0dd5dd5457000,3c00fdb0dd5dd5457000,000fdb0dd5dd5457,000fdb0dd5dd5457,3a20,00005fb0,0000,1
FDIV,64,2441,53,RZ,00f386c14c0411d1,40d3b44118b82354,3c00fdb0dd5dd5456800,3c00fdb0dd5dd5456000,000fdb0dd5dd5456,000fdb0dd5dd5456,3820,00007fb0,0030,1
FDIV,64,2441,24,RN,00f386c14c0411d1,40d3b44118b82354,3c00fdb0dd0000000000,3c00fdb0dd5dd5457000,000fdb0dd0000000,000fdb0dd5dd5457,3820,00001fb0,0000,0
FDIV,64,2441,24,RD,00f386c14c0411d1,40d3b44118b82354,3c00fdb0dd0000000000,3c00fdb0dd5dd5456000,000fdb0dd0000000,000fdb0dd5dd5456,3820,00003fb0,0000,0
FDIV,64,2441,24,RU,00f386c14c0411d1,40d3b44118b82354,3c00fdb0de0000000000,3c00fdb0dd5dd5457000,000fdb0de0000000,000fdb0dd5dd5457,3a20,00005fb0,0000,0
FDIV,64,2441,24,RZ,00f386c14c0411d1,40d3b44118b82354,3c00fdb0dd0000000000,3c00fdb0dd5dd5456000,000fdb0dd0000000,000fdb0dd5dd5456,3820,00007fb0,0000,0
FDIV,64,2441,64,RN,00f386c14c0411d1,40d3b44118b82354,3c00fdb0dd5dd5456807,3c00fdb0dd5dd5457000,000fdb0dd5dd5457,000fdb0dd5dd5457,3a20,00001fb0,0230,1
FDIV,64,2441,64,RD,00f386c14c0411d1,40d3b44118b82354,3c00fdb0dd5dd5456806,3c00fdb0dd5dd5456000,000fdb0dd5dd5456,000fdb0dd5dd5456,3820,00003fb0,0030,1
FDIV,64,2441,64,RU,00f386c14c0411d1,40d3b44118b82354,3c00fdb0dd5dd5456807,3c00fdb0dd5dd5457000,000fdb0dd5dd5457,000fdb0dd5dd5457,3a20,00005fb0,0230,1
FDIV,64,2441,64,RZ,00f386c14c0411d1,40d3b44118b82354,3c00fdb0dd5dd5456806,3c00fdb0dd5dd5456000,000fdb0dd5dd5456,000fdb0dd5dd5456,3820,00007fb0,0030,1
FDIV,64,15353,53,RN,0663924ccf7d7fe0,c6790a8c4a40bd56,bbfdc8150dbc7a45c000,bbfdc8150dbc7a458000,8001902a1b78f48c,8001902a1b78f48b,3a20,00001fb0,0230,0
FDIV,64,15353,53,RD,0663924ccf7d7fe0,c6790a8c4a40bd56,bbfdc8150dbc7a45c000,bbfdc8150dbc7a460000,8001902a1b78f48c,8001902a1b78f48c,3a20,00003fb0,0230,1
FDIV,64,15353,53,RU,0663924ccf7d7fe0,c6790a8c4a40bd56,bbfdc8150dbc7a45b800,bbfdc8150dbc7a458000,8001902a1b78f48b,8001902a1b78f48b,3820,00005fb0,0030,1
FDIV,64,15353,53,RZ,0663924ccf7d7fe0,c6790a8c4a40bd56,bbfdc8150dbc7a45b800,bbfdc8150dbc7a458000,8001902a1b78f48b,8001902a1b78f48b,3820,00007fb0,0030,1
FDIV,64,15353,24,RN,0663924ccf7d7fe0,c6790a8c4a40bd56,bbfdc8150e0000000000,bbfdc8150dbc7a458000,8001902a1c000000,8001902a1b78f48b,3a20,00001fb0,0000,0
FDIV,64,15353,24,RD,0663924ccf7d7fe0,c6790a8c4a40bd56,bbfdc8150e0000000000,bbfdc8150dbc7a460000,8001902a1c000000,8001902a1b78f48c,3a20,00003fb0,0000,0
FDIV,64,15353,24,RU,0663924ccf7d7fe0,c6790a8c4a40bd56,bbfdc8150d0000000000,bbfdc8150dbc7a458000,8001902a1a000000,8001902a1b78f48b,3820,00005fb0,0000,0
FDIV,64,15353,24,RZ,0663924ccf7d7fe0,c6790a8c4a40bd56,bbfdc8150d0000000000,bbfdc8150dbc7a458000,8001902a1a000000,8001902a1b78f48b,3820,00007fb0,0000,0
FDIV,64,15353,64,RN,0663924ccf7d7fe0,c6790a8c4a40bd56,bbfdc8150dbc7a45bfd4,bbfdc8150dbc7a458000,8001902a1b78f48b,8001902a1b78f48b,3a20,00001fb0,0030,1
FDIV,64,15353,64,RD,0663924ccf7d7fe0,c6790a8c4a40bd56,bbfdc8150dbc7a45bfd4,bbfdc8150dbc7a460000,8001902a1b78f48c,8001902a1b78f48c,3a20,00003fb0,0230,1
FDIV,64,15353,64,RU,0663924ccf7d7fe0,c6790a8c4a40bd56,bbfdc8150dbc7a45bfd3,bbfdc8150dbc7a458000,8001902a1b78f48b,8001902a1b78f48b,3820,00005fb0,0030,1
FDIV,64,15353,64,RZ,0663924ccf7d7fe0,c6790a8c4a40bd56,bbfdc8150dbc7a45bfd3,bbfdc8150dbc7a458000,8001902a1b78f48b,8001902a1b78f48b,3820,00007fb0,0030,1
FDIV,64,60989,53,RN,042e26749fdc1a40,4411fcf46a72e61e,3c00d68b177917f9e800,3c00d68b177917f9f000,000d68b177917f9e,000d68b177917f9f,3820,00001fb0,0030,0
FDIV,64,60989,53,RD,042e26749fdc1a40,4411fcf46a72e61e,3c00d68b177917f9e800,3c00d68b177917f9e000,000d68b177917f9e,000d68b177917f9e,3820,00003fb0,0030,1
FDIV,64,60989,53,RU,042e26749fdc1a40,4411fcf46a72e61e,3c00d68b177917f9f000,3c00d68b177917f9f000,000d68b177917f9f,000d68b177917f9f,3a20,00005fb0,0000,1
FDIV,64,60989,53,RZ,042e26749fdc1a40,4411fcf46a72e61e,3c00d68b177917f9e800,3c00d68b177917f9e000,000d68b177917f9e,000d68b177917f9e,3820,00007fb0,0030,1
FDIV,64,60989,24,RN,042e26749fdc1a40,4411fcf46a72e61e,3c00d68b170000000000,3c00d68b177917f9f000,000d68b170000000,000d68b177917f9f,3820,00001fb0,0000,0
FDIV,64,60989,24,RD,042e26749fdc1a40,4411fcf46a72e61e,3c00d68b170000000000,3c00d68b177917f9e000,000d68b170000000,000d68b177917f9e,3820,00003fb0,0000,0
FDIV,64,60989,24,RU,042e26749fdc1a40,4411fcf46a72e61e,3c00d68b180000000000,3c00d68b177917f9f000,000d68b180000000,000d68b177917f9f,3a20,00005fb0,0000,0
FDIV,64,60989,24,RZ,042e26749fdc1a40,4411fcf46a72e61e,3c00d68b170000000000,3c00d68b177917f9e000,000d68b170000000,000d68b177917f9e,3820,00007fb0,0000,0
FDIV,64,60989,64,RN,042e26749fdc1a40,4411fcf46a72e61e,3c00d68b177917f9e891,3c00d68b177917f9f000,000d68b177917f9f,000d68b177917f9f,3820,00001fb0,0230,1
FDIV,64,60989,64,RD,042e26749fdc1a40,4411fcf46a72e61e,3c00d68b177917f9e891,3c00d68b177917f9e000,000d68b177917f9e,000d68b177917f9e,3820,00003fb0,0030,1
FDIV,64,60989,64,RU,042e26749fdc1a40,4411fcf46a72e61e,3c00d68b177917f9e892,3c00d68b177917f9f000,000d68b177917f9f,000d68b177917f9f,3a20,00005fb0,0230,1
FDIV,64,60989,64,RZ,042e26749fdc1a40,4411fcf46a72e61e,3c00d68b177917f9e891,3c00d68b177917f9e000,000d68b177917f9e,000d68b177917f9e,3820,00007fb0,0030,1
FDIV,64,61210,53,RN,838e20974b36e4d6,c37188c52d220c84,3c00dbede01a01b13800,3c00dbede01a01b13000,000dbede01a01b14,000dbede01a01b13,3a20,00001fb0,0230,0
FDIV,64,61210,53,RD,838e20974b36e4d6,c37188c52d220c84,3c00dbede01a01b13000,3c00dbede01a01b13000,000dbede01a01b13,000dbede01a01b13,3820,00003fb0,0000,1
FDIV,64,61210,53,RU,838e20974b36e4d6,c37188c52d220c84,3c00dbede01a01b13800,3c00dbede01a01b14000,000dbede01a01b14,000dbede01a01b14,3a20,00005fb0,0230,1
FDIV,64,61210,53,RZ,838e20974b36e4d6,c37188c52d220c84,3c00dbede01a01b13000,3c00dbede01a01b13000,000dbede01a01b13,000dbede01a01b13,3820,00007fb0,0000,1
FDIV,64,61210,24,RN,838e20974b36e4d6,c37188c52d220c84,3c00dbede00000000000,3c00dbede01a01b13000,000dbede00000000,000dbede01a01b13,3820,00001fb0,0000,0
FDIV,64,61210,24,RD,838e20974b36e4d6,c37188c52d220c84,3c00dbede00000000000,3c00dbede01a01b13000,000dbede00000000,000dbede01a01b13,3820,00003fb0,0000,0
FDIV,64,61210,24,RU,838e20974b36e4d6,c37188c52d220c84,3c00dbede10000000000,3c00dbede01a01b14000,000dbede10000000,000dbede01a01b14,3a20,00005fb0,0000,0
FDIV,64,61210,24,RZ,838e20974b36e4d6,c37188c52d220c84,3c00dbede00000000000,3c00dbede01a01b13000,000dbede00000000,000dbede01a01b13,3820,00007fb0,0000,0
FDIV,64,61210,64,RN,838e20974b36e4d6,c37188c52d220c84,3c00dbede01a01b13733,3c00dbede01a01b13000,000dbede01a01b13,000dbede01a01b13,3820,00001fb0,0030,1
FDIV,64,61210,64,RD,838e20974b36e4d6,c37188c52d220c84,3c00dbede01a01b13733,3c00dbede01a01b13000,000dbede01a01b13,000dbede01a01b13,3820,00003fb0,0030,1
FDIV,64,61210,64,RU,838e20974b36e4d6,c37188c52d220c84,3c00dbede01a01b13734,3c00dbede01a01b14000,000dbede01a01b14,000dbede01a01b14,3a20,00005fb0,0230,1
FDIV,64,61210,64,RZ,838e20974b36e4d6,c37188c52d220c84,3c00dbede01a01b13733,3c00dbede01a01b13000,000dbede01a01b13,000dbede01a01b13,3820,00007fb0,0030,1
FDIV,64,68534,53,RN,831a5ddc018c0ed6,c33d9fd00f3a3487,3bfce3d956d7fe498000,3bfce3d956d7fe490000,0000e3d956d7fe4a,0000e3d956d7fe49,3a20,00001fb0,0230,0
FDIV,64,68534,53,RD,831a5ddc018c0ed6,c33d9fd00f3a3487,3bfce3d956d7fe497800,3bfce3d956d7fe490000,0000e3d956d7fe49,0000e3d956d7fe49,3820,00003fb0,0030,1
FDIV,64,68534,53,RU,831a5ddc018c0ed6,c33d9fd00f3a3487,3bfce3d956d7fe498000,3bfce3d956d7fe4a0000,0000e3d956d7fe4a,0000e3d956d7fe4a,3a20,00005fb0,0230,1
FDIV,64,68534,53,RZ,831a5ddc018c0ed6,c33d9fd00f3a3487,3bfce3d956d7fe497800,3bfce3d956d7fe490000,0000e3d956d7fe49,0000e3d956d7fe49,3820,00007fb0,0030,1
FDIV,64,68534,24,RN,831a5ddc018c0ed6,c33d9fd00f3a3487,3bfce3d9570000000000,3bfce3d956d7fe490000,0000e3d957000000,0000e3d956d7fe49,3a20,00001fb0,0000,0
FDIV,64,68534,24,RD,831a5ddc018c0ed6,c33d9fd00f3a3487,3bfce3d9560000000000,3bfce3d956d7fe490000,0000e3d956000000,0000e3d956d7fe49,3820,00003fb0,0000,0
FDIV,64,68534,24,RU,831a5ddc018c0ed6,c33d9fd00f3a3487,3bfce3d9570000000000,3bfce3d956d7fe4a0000,0000e3d957000000,0000e3d956d7fe4a,3a20,00005fb0,0000,0
FDIV,64,68534,24,RZ,831a5ddc018c0ed6,c33d9fd00f3a3487,3bfce3d9560000000000,3bfce3d956d7fe490000,0000e3d956000000,0000e3d956d7fe49,3820,00007fb0,0000,0
FDIV,64,68534,64,RN,831a5ddc018c0ed6,c33d9fd00f3a3487,3bfce3d956d7fe497c9d,3bfce3d956d7fe490000,0000e3d956d7fe49,0000e3d956d7fe49,3820,00001fb0,0030,1
FDIV,64,68534,64,RD,831a5ddc018c0ed6,c33d9fd00f3a3487,3bfce3d956d7fe497c9d,3bfce3d956d7fe490000,0000e3d956d7fe49,0000e3d956d7fe49,3820,00003fb0,0030,1
FDIV,64,68534,64,RU,831a5ddc018c0ed6,c33d9fd00f3a3487,3bfce3d956d7fe497c9e,3bfce3d956d7fe4a0000,0000e3d956d7fe4a,0000e3d956d7fe4a,3a20,00005fb0,0230,1
FDIV,64,68534,64,RZ,831a5ddc018c0ed6,c33d9fd00f3a3487,3bfce3d956d7fe497c9d,3bfce3d956d7fe490000,0000e3d956d7fe49,0000e3d956d7fe49,3820,00007fb0,0030,1
FDIV,64,68636,53,RN,2e874366af3a500f,ee6c691d46145939,bc00d19e7453f4381800,bc00d19e7453f4381000,800d19e7453f4382,800d19e7453f4381,3a20,00001fb0,0230,0
FDIV,64,68636,53,RD,2e874366af3a500f,ee6c691d46145939,bc00d19e7453f4381800,bc00d19e7453f4382000,800d19e7453f4382,800d19e7453f4382,3a20,00003fb0,0230,1
FDIV,64,68636,53,RU,2e874366af3a500f,ee6c691d46145939,bc00d19e7453f4381000,bc00d19e7453f4381000,800d19e7453f4381,800d19e7453f4381,3820,00005fb0,0000,1
FDIV,64,68636,53,RZ,2e874366af3a500f,ee6c691d46145939,bc00d19e7453f4381000,bc00d19e7453f4381000,800d19e7453f4381,800d19e7453f4381,3820,00007fb0,0000,1
FDIV,64,68636,24,RN,2e874366af3a500f,ee6c691d46145939,bc00d19e740000000000,bc00d19e7453f4381000,800d19e740000000,800d19e7453f4381,3820,00001fb0,0000,0
FDIV,64,68636,24,RD,2e874366af3a500f,ee6c691d46145939,bc00d19e750000000000,bc00d19e7453f4382000,800d19e750000000,800d19e7453f4382,3a20,00003fb0,0000,0
FDIV,64,68636,24,RU,2e874366af3a500f,ee6c691d46145939,bc00d19e740000000000,bc00d19e7453f4381000,800d19e740000000,800d19e7453f4381,3820,00005fb0,0000,0
FDIV,64,68636,24,RZ,2e874366af3a500f,ee6c691d46145939,bc00d19e740000000000,bc00d19e7453f4381000,800d19e740000000,800d19e7453f4381,3820,00007fb0,0000,0
FDIV,64,68636,64,RN,2e874366af3a500f,ee6c691d46145939,bc00d19e7453f4381713,bc00d19e7453f4381000,800d19e7453f4381,800d19e7453f4381,3820,00001fb0,0030,1
FDIV,64,68636,64,RD,2e874366af3a500f,ee6c691d46145939,bc00d19e7453f4381714,bc00d19e7453f4382000,800d19e7453f4382,800d19e7453f4382,3a20,00003fb0,0230,1
FDIV,64,68636,64,RU,2e874366af3a500f,ee6c691d46145939,bc00d19e7453f4381713,bc00d19e7453f4381000,800d19e7453f4381,800d19e7453f4381,3820,00005fb0,0030,1
FDIV,64,68636,64,RZ,2e874366af3a500f,ee6c691d46145939,bc00d19e7453f4381713,bc00d19e7453f4381000,800d19e7453f4381,800d19e7453f4381,3820,00007fb0,0030,1
FDIV,64,93017,53,RN,3a93a9b7de59515e,7a7500dd996a8254,3c00efa98b1cc54b4800,3c00efa98b1cc54b5000,000efa98b1cc54b4,000efa98b1cc54b5,3820,00001fb0,0030,0
FDIV,64,93017,53,RD,3a93a9b7de59515e,7a7500dd996a8254,3c00efa98b1cc54b4800,3c00efa98b1cc54b4000,000efa98b1cc54b4,000efa98b1cc54b4,3820,00003fb0,0030,1
FDIV,64,93017,53,RU,3a93a9b7de59515e,7a7500dd996a8254,3c00efa98b1cc54b5000,3c00efa98b1cc54b5000,000efa98b1cc54b5,000efa98b1cc54b5,3a20,00005fb0,0000,1
FDIV,64,93017,53,RZ,3a93a9b7de59515e,7a7500dd996a8254,3c00efa98b1cc54b4800,3c00efa98b1cc54b4000,000efa98b1cc54b4,000efa98b1cc54b4,3820,00007fb0,0030,1
FDIV,64,93017,24,RN,3a93a9b7de59515e,7a7500dd996a8254,3c00efa98b0000000000,3c00efa98b1cc54b5000,000efa98b0000000,000efa98b1cc54b5,3820,00001fb0,0000,0
FDIV,64,93017,24,RD,3a93a9b7de59515e,7a7500dd996a8254,3c00efa98b0000000000,3c00efa98b1cc54b4000,000efa98b0000000,000efa98b1cc54b4,3820,00003fb0,0000,0
FDIV,64,93017,24,RU,3a93a9b7de59515e,7a7500dd996a8254,3c00efa98c0000000000,3c00efa98b1cc54b5000,000efa98c0000000,000efa98b1cc54b5,3a20,00005fb0,0000,0
FDIV,64,93017,24,RZ,3a93a9b7de59515e,7a7500dd996a8254,3c00efa98b0000000000,3c00efa98b1cc54b4000,000efa98b0000000,000efa98b1cc54b4,3820,00007fb0,0000,0
FDIV,64,93017,64,RN,3a93a9b7de59515e,7a7500dd996a8254,3c00efa98b1cc54b4af3,3c00efa98b1cc54b5000,000efa98b1cc54b5,000efa98b1cc54b5,3a20,00001fb0,0230,1
FDIV,64,93017,64,RD,3a93a9b7de59515e,7a7500dd996a8254,3c00efa98b1cc54b4af2,3c00efa98b1cc54b4000,000efa98b1cc54b4,000efa98b1cc54b4,3820,00003fb0,0030,1
FDIV,64,93017,64,RU,3a93a9b7de59515e,7a7500dd996a8254,3c00efa98b1cc54b4af3,3c00efa98b1cc54b5000,000efa98b1cc54b5,000efa98b1cc54b5,3a20,00005fb0,0230,1
FDIV,64,93017,64,RZ,3a93a9b7de59515e,7a7500dd996a8254,3c00efa98b1cc54b4af2,3c00efa98b1cc54b4000,000efa98b1cc54b4,000efa98b1cc54b4,3820,00007fb0,0030,1
FDIV,64,115822,53,RN,1a50c31353cc0890,5a372536a13c5dba,3c00b96591a203600800,3c00b96591a203601000,000b96591a203600,000b96591a203601,3820,00001fb0,0030,0
FDIV,64,115822,53,RD,1a50c31353cc0890,5a372536a13c5dba,3c00b96591a203600800,3c00b96591a203600000,000b96591a203600,000b96591a203600,3820,00003fb0,0030,1
FDIV,64,115822,53,RU,1a50c31353cc0890,5a372536a13c5dba,3c00b96591a203601000,3c00b96591a203601000,000b96591a203601,000b96591a203601,3a20,00005fb0,0000,1
FDIV,64,115822,53,RZ,1a50c31353cc0890,5a372536a13c5dba,3c00b96591a203600800,3c00b96591a203600000,000b96591a203600,000b96591a203600,3820,00007fb0,0030,1
FDIV,64,115822,24,RN,1a50c31353cc0890,5a372536a13c5dba,3c00b965920000000000,3c00b96591a203601000,000b965920000000,000b96591a203601,3a20,00001fb0,0000,0
FDIV,64,115822,24,RD,1a50c31353cc0890,5a372536a13c5dba,3c00b965910000000000,3c00b96591a203600000,000b965910000000,000b96591a203600,3820,00003fb0,0000,0
FDIV,64,115822,24,RU,1a50c31353cc0890,5a372536a13c5dba,3c00b965920000000000,3c00b96591a203601000,000b965920000000,000b96591a203601,3a20,00005fb0,0000,0
FDIV,64,115822,24,RZ,1a50c31353cc0890,5a372536a13c5dba,3c00b965910000000000,3c00b96591a203600000,000b965910000000,000b96591a203600,3820,00007fb0,0000,0
FDIV,64,115822,64,RN,1a50c31353cc0890,5a372536a13c5dba,3c00b96591a2036008ba,3c00b96591a203601000,000b96591a203601,000b96591a203601,3a20,00001fb0,0230,1
FDIV,64,115822,64,RD,1a50c31353cc0890,5a372536a13c5dba,3c00b96591a2036008b9,3c00b96591a203600000,000b96591a203600,000b96591a203600,3820,00003fb0,0030,1
FDIV,64,115822,64,RU,1a50c31353cc0890,5a372536a13c5dba,3c00b96591a2036008ba,3c00b96591a203601000,000b96591a203601,000b96591a203601,3a20,00005fb0,0230,1
FDIV,64,115822,64,RZ,1a50c31353cc0890,5a372536a13c5dba,3c00b96591a2036008b9,3c00b96591a203600000,000b96591a203600,000b96591a203600,3820,00007fb0,0030,1
FDIV,64,115912,53,RN,1033926c60e4fb5d,d020c2f3bf7f7fe3,bc009576441c4b86f800,bc009576441c4b86f000,8009576441c4b870,8009576441c4b86f,3a20,00001fb0,0230,0
FDIV,64,115912,53,RD,1033926c60e4fb5d,d020c2f3bf7f7fe3,bc009576441c4b86f800,bc009576441c4b870000,8009576441c4b870,8009576441c4b870,3a20,00003fb0,0230,1
FDIV,64,115912,53,RU,1033926c60e4fb5d,d020c2f3bf7f7fe3,bc009576441c4b86f000,bc009576441c4b86f000,8009576441c4b86f,8009576441c4b86f,3820,00005fb0,0000,1
FDIV,64,115912,53,RZ,1033926c60e4fb5d,d020c2f3bf7f7fe3,bc009576441c4b86f000,bc009576441c4b86f000,8009576441c4b86f,8009576441c4b86f,3820,00007fb0,0000,1
FDIV,64,115912,24,RN,1033926c60e4fb5d,d020c2f3bf7f7fe3,bc009576440000000000,bc009576441c4b86f000,8009576440000000,8009576441c4b86f,3820,00001fb0,0000,0
FDIV,64,115912,24,RD,1033926c60e4fb5d,d020c2f3bf7f7fe3,bc009576450000000000,bc009576441c4b870000,8009576450000000,8009576441c4b870,3a20,00003fb0,0000,0
FDIV,64,115912,24,RU,1033926c60e4fb5d,d020c2f3bf7f7fe3,bc009576440000000000,bc009576441c4b86f000,8009576440000000,8009576441c4b86f,3820,00005fb0,0000,0
FDIV,64,115912,24,RZ,1033926c60e4fb5d,d020c2f3bf7f7fe3,bc009576440000000000,bc009576441c4b86f000,8009576440000000,8009576441c4b86f,3820,00007fb0,0000,0
FDIV,64,115912,64,RN,1033926c60e4fb5d,d020c2f3bf7f7fe3,bc009576441c4b86f6dc,bc009576441c4b86f000,8009576441c4b86f,8009576441c4b86f,3820,00001fb0,0030,1
FDIV,64,115912,64,RD,1033926c60e4fb5d,d020c2f3bf7f7fe3,bc009576441c4b86f6dd,bc009576441c4b870000,8009576441c4b870,8009576441c4b870,3a20,00003fb0,0230,1
FDIV,64,115912,64,RU,1033926c60e4fb5d,d020c2f3bf7f7fe3,bc009576441c4b86f6dc,bc009576441c4b86f000,8009576441c4b86f,8009576441c4b86f,3820,00005fb0,0030,1
FDIV,64,115912,64,RZ,1033926c60e4fb5d,d020c2f3bf7f7fe3,bc009576441c4b86f6dc,bc009576441c4b86f000,8009576441c4b86f,8009576441c4b86f,3820,00007fb0,0030,1
FDIV,64,119641,53,RN,a05d820f879f1338,e058b819570c9feb,3bff98cc3e4c137fb000,3bff98cc3e4c137fa000,0004c661f2609bfe,0004c661f2609bfd,3a20,00001fb0,0230,0
FDIV,64,119641,53,RD,a05d820f879f1338,e058b819570c9feb,3bff98cc3e4c137fa800,3bff98cc3e4c137fa000,0004c661f2609bfd,0004c661f2609bfd,3820,00003fb0,0030,1
FDIV,64,119641,53,RU,a05d820f879f1338,e058b819570c9feb,3bff98cc3e4c137fb000,3bff98cc3e4c137fc000,0004c661f2609bfe,0004c661f2609bfe,3a20,00005fb0,0230,1
FDIV,64,119641,53,RZ,a05d820f879f1338,e058b819570c9feb,3bff98cc3e4c137fa800,3bff98cc3e4c137fa000,0004c661f2609bfd,0004c661f2609bfd,3820,00007fb0,0030,1
FDIV,64,119641,24,RN,a05d820f879f1338,e058b819570c9feb,3bff98cc3e0000000000,3bff98cc3e4c137fa000,0004c661f0000000,0004c661f2609bfd,3820,00001fb0,0000,0
FDIV,64,119641,24,RD,a05d820f879f1338,e058b819570c9feb,3bff98cc3e0000000000,3bff98cc3e4c137fa000,0004c661f0000000,0004c661f2609bfd,3820,00003fb0,0000,0
FDIV,64,119641,24,RU,a05d820f879f1338,e058b819570c9feb,3bff98cc3f0000000000,3bff98cc3e4c137fc000,0004c661f8000000,0004c661f2609bfe,3a20,00005fb0,0000,0
FDIV,64,119641,24,RZ,a05d820f879f1338,e058b819570c9feb,3bff98cc3e0000000000,3bff98cc3e4c137fa000,0004c661f0000000,0004c661f2609bfd,3820,00007fb0,0000,0
FDIV,64,119641,64,RN,a05d820f879f1338,e058b819570c9feb,3bff98cc3e4c137faf42,3bff98cc3e4c137fa000,0004c661f2609bfd,0004c661f2609bfd,3820,00001fb0,0030,1
FDIV,64,119641,64,RD,a05d820f879f1338,e058b819570c9feb,3bff98cc3e4c137faf42,3bff98cc3e4c137fa000,0004c661f2609bfd,0004c661f2609bfd,3820,00003fb0,0030,1
FDIV,64,119641,64,RU,a05d820f879f1338,e058b819570c9feb,3bff98cc3e4c137faf43,3bff98cc3e4c137fc000,0004c661f2609bfe,0004c661f2609bfe,3a20,00005fb0,0230,1
FDIV,64,119641,64,RZ,a05d820f879f1338,e058b819570c9feb,3bff98cc3e4c137faf42,3bff98cc3e4c137fa000,0004c661f2609bfd,0004c661f2609bfd,3820,00007fb0,0030,1
FDIV,64,126688,53,RN,01a602825f822b82,c18fe78698ee80c3,bc00b09b255b8f3a9800,bc00b09b255b8f3a9000,800b09b255b8f3aa,800b09b255b8f3a9,3a20,00001fb0,0230,0
FDIV,64,126688,53,RD,01a602825f822b82,c18fe78698ee80c3,bc00b09b255b8f3a9800,bc00b09b255b8f3aa000,800b09b255b8f3aa,800b09b255b8f3aa,3a20,00003fb0,0230,1
FDIV,64,126688,53,RU,01a602825f822b82,c18fe78698ee80c3,bc00b09b255b8f3a9000,bc00b09b255b8f3a9000,800b09b255b8f3a9,800b09b255b8f3a9,3820,00005fb0,0000,1
FDIV,64,126688,53,RZ,01a602825f822b82,c18fe78698ee80c3,bc00b09b255b8f3a9000,bc00b09b255b8f3a9000,800b09b255b8f3a9,800b09b255b8f3a9,3820,00007fb0,0000,1
FDIV,64,126688,24,RN,01a602825f822b82,c18fe78698ee80c3,bc00b09b250000000000,bc00b09b255b8f3a9000,800b09b250000000,800b09b255b8f3a9,3820,00001fb0,0000,0
FDIV,64,126688,24,RD,01a602825f822b82,c18fe78698ee80c3,bc00b09b260000000000,bc00b09b255b8f3aa000,800b09b260000000,800b09b255b8f3aa,3a20,00003fb0,0000,0
FDIV,64,126688,24,RU,01a602825f822b82,c18fe78698ee80c3,bc00b09b250000000000,bc00b09b255b8f3a9000,800b09b250000000,800b09b255b8f3a9,3820,00005fb0,0000,0
FDIV,64,126688,24,RZ,01a602825f822b82,c18fe78698ee80c3,bc00b09b250000000000,bc00b09b255b8f3a9000,800b09b250000000,800b09b255b8f3a9,3820,00007fb0,0000,0
FDIV,64,126688,64,RN,01a602825f822b82,c18fe78698ee80c3,bc00b09b255b8f3a9477,bc00b09b255b8f3a9000,800b09b255b8f3a9,800b09b255b8f3a9,3a20,00001fb0,0030,1
FDIV,64,126688,64,RD,01a602825f822b82,c18fe78698ee80c3,bc00b09b255b8f3a9477,bc00b09b255b8f3aa000,800b09b255b8f3aa,800b09b255b8f3aa,3a20,00003fb0,0230,1
FDIV,64,126688,64,RU,01a602825f822b82,c18fe78698ee80c3,bc00b09b255b8f3a9476,bc00b09b255b8f3a9000,800b09b255b8f3a9,800b09b255b8f3a9,3820,00005fb0,0030,1
FDIV,64,126688,64,RZ,01a602825f822b82,c18fe78698ee80c3,bc00b09b255b8f3a9476,bc00b09b255b8f3a9000,800b09b255b8f3a9,800b09b255b8f3a9,3820,00007fb0,0030,1
FDIV,64,128043,53,RN,9b9882a78e0f7f4a,5b826c8bb9cedf56,bc00aa48e4bdf39f7800,bc00aa48e4bdf39f7000,800aa48e4bdf39f8,800aa48e4bdf39f7,3a20,00001fb0,0230,0
FDIV,64,128043,53,RD,9b9882a78e0f7f4a,5b826c8bb9cedf56,bc00aa48e4bdf39f7800,bc00aa48e4bdf39f8000,800aa48e4bdf39f8,800aa48e4bdf39f8,3a20,00003fb0,0230,1
FDIV,64,128043,53,RU,9b9882a78e0f7f4a,5b826c8bb9cedf56,bc00aa48e4bdf39f7000,bc00aa48e4bdf39f7000,800aa48e4bdf39f7,800aa48e4bdf39f7,3820,00005fb0,0000,1
FDIV,64,128043,53,RZ,9b9882a78e0f7f4a,5b826c8bb9cedf56,bc00aa48e4bdf39f7000,bc00aa48e4bdf39f7000,800aa48e4bdf39f7,800aa48e4bdf39f7,3820,00007fb0,0000,1
FDIV,64,128043,24,RN,9b9882a78e0f7f4a,5b826c8bb9cedf56,bc00aa48e50000000000,bc00aa48e4bdf39f7000,800aa48e50000000,800aa48e4bdf39f7,3a20,00001fb0,0000,0
FDIV,64,128043,24,RD,9b9882a78e0f7f4a,5b826c8bb9cedf56,bc00aa48e50000000000,bc00aa48e4bdf39f8000,800aa48e50000000,800aa48e4bdf39f8,3a20,00003fb0,0000,0
FDIV,64,128043,24,RU,9b9882a78e0f7f4a,5b826c8bb9cedf56,bc00aa48e40000000000,bc00aa48e4bdf39f7000,800aa48e40000000,800aa48e4bdf39f7,3820,00005fb0,0000,0
FDIV,64,128043,24,RZ,9b9882a78e0f7f4a,5b826c8bb9cedf56,bc00aa48e40000000000,bc00aa48e4bdf39f7000,800aa48e40000000,800aa48e4bdf39f7,3820,00007fb0,0000,0
FDIV,64,128043,64,RN,9b9882a78e0f7f4a,5b826c8bb9cedf56,bc00aa48e4bdf39f7793,bc00aa48e4bdf39f7000,800aa48e4bdf39f7,800aa48e4bdf39f7,3a20,00001fb0,0030,1
FDIV,64,128043,64,RD,9b9882a78e0f7f4a,5b826c8bb9cedf56,bc00aa48e4bdf39f7793,bc00aa48e4bdf39f8000,800aa48e4bdf39f8,800aa48e4bdf39f8,3a20,00003fb0,0230,1
FDIV,64,128043,64,RU,9b9882a78e0f7f4a,5b826c8bb9cedf56,bc00aa48e4bdf39f7792,bc00aa48e4bdf39f7000,800aa48e4bdf39f7,800aa48e4bdf39f7,3820,00005fb0,0030,1
FDIV,64,128043,64,RZ,9b9882a78e0f7f4a,5b826c8bb9cedf56,bc00aa48e4bdf39f7792,bc00aa48e4bdf39f7000,800aa48e4bdf39f7,800aa48e4bdf39f7,3820,00007fb0,0030,1
FDIV,64,128833,53,RN,91bacb2a0a8bac10,51a8fdf7d3e127e9,bc00893a12fed6620800,bc00893a12fed6621000,800893a12fed6620,800893a12fed6621,3820,00001fb0,0030,0
FDIV,64,128833,53,RD,91bacb2a0a8bac10,51a8fdf7d3e127e9,bc00893a12fed6621000,bc00893a12fed6621000,800893a12fed6621,800893a12fed6621,3a20,00003fb0,0000,1
FDIV,64,128833,53,RU,91bacb2a0a8bac10,51a8fdf7d3e127e9,bc00893a12fed6620800,bc00893a12fed6620000,800893a12fed6620,800893a12fed6620,3820,00005fb0,0030,1
FDIV,64,128833,53,RZ,91bacb2a0a8bac10,51a8fdf7d3e127e9,bc00893a12fed6620800,bc00893a12fed6620000,800893a12fed6620,800893a12fed6620,3820,00007fb0,0030,1
FDIV,64,128833,24,RN,91bacb2a0a8bac10,51a8fdf7d3e127e9,bc00893a130000000000,bc00893a12fed6621000,800893a130000000,800893a12fed6621,3a20,00001fb0,0000,0
FDIV,64,128833,24,RD,91bacb2a0a8bac10,51a8fdf7d3e127e9,bc00893a130000000000,bc00893a12fed6621000,800893a130000000,800893a12fed6621,3a20,00003fb0,0000,0
FDIV,64,128833,24,RU,91bacb2a0a8bac10,51a8fdf7d3e127e9,bc00893a120000000000,bc00893a12fed6620000,800893a120000000,800893a12fed6620,3820,00005fb0,0000,0
FDIV,64,128833,24,RZ,91bacb2a0a8bac10,51a8fdf7d3e127e9,bc00893a120000000000,bc00893a12fed6620000,800893a120000000,800893a12fed6620,3820,00007fb0,0000,0
FDIV,64,128833,64,RN,91bacb2a0a8bac10,51a8fdf7d3e127e9,bc00893a12fed6620867,bc00893a12fed6621000,800893a12fed6621,800893a12fed6621,3820,00001fb0,0230,1
FDIV,64,128833,64,RD,91bacb2a0a8bac10,51a8fdf7d3e127e9,bc00893a12fed6620868,bc00893a12fed6621000,800893a12fed6621,800893a12fed6621,3a20,00003fb0,0230,1
FDIV,64,128833,64,RU,91bacb2a0a8bac10,51a8fdf7d3e127e9,bc00893a12fed6620867,bc00893a12fed6620000,800893a12fed6620,800893a12fed6620,3820,00005fb0,0030,1
FDIV,64,128833,64,RZ,91bacb2a0a8bac10,51a8fdf7d3e127e9,bc00893a12fed6620867,bc00893a12fed6620000,800893a12fed6620,800893a12fed6620,3820,00007fb0,0030,1
FDIV,64,142575,53,RN,31ea7d2d6cb90f42,f1cd7e3893596024,bc00e5ecb18f1fae7800,bc00e5ecb18f1fae7000,800e5ecb18f1fae8,800e5ecb18f1fae7,3a20,00001fb0,0230,0
FDIV,64,142575,53,RD,31ea7d2d6cb90f42,f1cd7e3893596024,bc00e5ecb18f1fae7800,bc00e5ecb18f1fae8000,800e5ecb18f1fae8,800e5ecb18f1fae8,3a20,00003fb0,0230,1
FDIV,64,142575,53,RU,31ea7d2d6cb90f42,f1cd7e3893596024,bc00e5ecb18f1fae7000,bc00e5ecb18f1fae7000,800e5ecb18f1fae7,800e5ecb18f1fae7,3820,00005fb0,0000,1
FDIV,64,142575,53,RZ,31ea7d2d6cb90f42,f1cd7e3893596024,bc00e5ecb18f1fae7000,bc00e5ecb18f1fae7000,800e5ecb18f1fae7,800e5ecb18f1fae7,3820,00007fb0,0000,1
FDIV,64,142575,24,RN,31ea7d2d6cb90f42,f1cd7e3893596024,bc00e5ecb20000000000,bc00e5ecb18f1fae7000,800e5ecb20000000,800e5ecb18f1fae7,3a20,00001fb0,0000,0
FDIV,64,142575,24,RD,31ea7d2d6cb90f42,f1cd7e3893596024,bc00e5ecb20000000000,bc00e5ecb18f1fae8000,800e5ecb20000000,800e5ecb18f1fae8,3a20,00003fb0,0000,0
FDIV,64,142575,24,RU,31ea7d2d6cb90f42,f1cd7e3893596024,bc00e5ecb10000000000,bc00e5ecb18f1fae7000,800e5ecb10000000,800e5ecb18f1fae7,3820,00005fb0,0000,0
FDIV,64,142575,24,RZ,31ea7d2d6cb90f42,f1cd7e3893596024,bc00e5ecb10000000000,bc00e5ecb18f1fae7000,800e5ecb10000000,800e5ecb18f1fae7,3820,00007fb0,0000,0
FDIV,64,142575,64,RN,31ea7d2d6cb90f42,f1cd7e3893596024,bc00e5ecb18f1fae7482,bc00e5ecb18f1fae7000,800e5ecb18f1fae7,800e5ecb18f1fae7,3a20,00001fb0,0030,1
FDIV,64,142575,64,RD,31ea7d2d6cb90f42,f1cd7e3893596024,bc00e5ecb18f1fae7482,bc00e5ecb18f1fae8000,800e5ecb18f1fae8,800e5ecb18f1fae8,3a20,00003fb0,0230,1
FDIV,64,142575,64,RU,31ea7d2d6cb90f42,f1cd7e3893596024,bc00e5ecb18f1fae7481,bc00e5ecb18f1fae7000,800e5ecb18f1fae7,800e5ecb18f1fae7,3820,00005fb0,0030,1
FDIV,64,142575,64,RZ,31ea7d2d6cb90f42,f1cd7e3893596024,bc00e5ecb18f1fae7481,bc00e5ecb18f1fae7000,800e5ecb18f1fae7,800e5ecb18f1fae7,3820,00007fb0,0030,1
FDIV,64,152158,53,RN,835970f6918058f5,c342878731945fe8,3c00afbf25fe41911800,3c00afbf25fe41911000,000afbf25fe41912,000afbf25fe41911,3a20,00001fb0,0230,0
FDIV,64,152158,53,RD,835970f6918058f5,c342878731945fe8,3c00afbf25fe41911000,3c00afbf25fe41911000,000afbf25fe41911,000afbf25fe41911,3820,00003fb0,0000,1
FDIV,64,152158,53,RU,835970f6918058f5,c342878731945fe8,3c00afbf25fe41911800,3c00afbf25fe41912000,000afbf25fe41912,000afbf25fe41912,3a20,00005fb0,0230,1
FDIV,64,152158,53,RZ,835970f6918058f5,c342878731945fe8,3c00afbf25fe41911000,3c00afbf25fe41911000,000afbf25fe41911,000afbf25fe41911,3820,00007fb0,0000,1
FDIV,64,152158,24,RN,835970f6918058f5,c342878731945fe8,3c00afbf260000000000,3c00afbf25fe41911000,000afbf260000000,000afbf25fe41911,3a20,00001fb0,0000,0
FDIV,64,152158,24,RD,835970f6918058f5,c342878731945fe8,3c00afbf250000000000,3c00afbf25fe41911000,000afbf250000000,000afbf25fe41911,3820,00003fb0,0000,0
FDIV,64,152158,24,RU,835970f6918058f5,c342878731945fe8,3c00afbf260000000000,3c00afbf25fe41912000,000afbf260000000,000afbf25fe41912,3a20,00005fb0,0000,0
FDIV,64,152158,24,RZ,835970f6918058f5,c342878731945fe8,3c00afbf250000000000,3c00afbf25fe41911000,000afbf250000000,000afbf25fe41911,3820,00007fb0,0000,0
FDIV,64,152158,64,RN,835970f6918058f5,c342878731945fe8,3c00afbf25fe4191166f,3c00afbf25fe41911000,000afbf25fe41911,000afbf25fe41911,3a20,00001fb0,0030,1
FDIV,64,152158,64,RD,835970f6918058f5,c342878731945fe8,3c00afbf25fe4191166e,3c00afbf25fe41911000,000afbf25fe41911,000afbf25fe41911,3820,00003fb0,0030,1
FDIV,64,152158,64,RU,835970f6918058f5,c342878731945fe8,3c00afbf25fe4191166f,3c00afbf25fe41912000,000afbf25fe41912,000afbf25fe41912,3a20,00005fb0,0230,1
FDIV,64,152158,64,RZ,835970f6918058f5,c342878731945fe8,3c00afbf25fe4191166e,3c00afbf25fe41911000,000afbf25fe41911,000afbf25fe41911,3820,00007fb0,0030,1
FDIV,64,157150,53,RN,b6ac7a91655a8fd9,76a583dee7fa9277,bbffa96dcefff2557000,bbffa96dcefff2556000,80054b6e77ff92ac,80054b6e77ff92ab,3a20,00001fb0,0230,0
FDIV,64,157150,53,RD,b6ac7a91655a8fd9,76a583dee7fa9277,bbffa96dcefff2557000,bbffa96dcefff2558000,80054b6e77ff92ac,80054b6e77ff92ac,3a20,00003fb0,0230,1
FDIV,64,157150,53,RU,b6ac7a91655a8fd9,76a583dee7fa9277,bbffa96dcefff2556800,bbffa96dcefff2556000,80054b6e77ff92ab,80054b6e77ff92ab,3820,00005fb0,0030,1
FDIV,64,157150,53,RZ,b6ac7a91655a8fd9,76a583dee7fa9277,bbffa96dcefff2556800,bbffa96dcefff2556000,80054b6e77ff92ab,80054b6e77ff92ab,3820,00007fb0,0030,1
FDIV,64,157150,24,RN,b6ac7a91655a8fd9,76a583dee7fa9277,bbffa96dcf0000000000,bbffa96dcefff2556000,80054b6e78000000,80054b6e77ff92ab,3a20,00001fb0,0000,0
FDIV,64,157150,24,RD,b6ac7a91655a8fd9,76a583dee7fa9277,bbffa96dcf0000000000,bbffa96dcefff2558000,80054b6e78000000,80054b6e77ff92ac,3a20,00003fb0,0000,0
FDIV,64,157150,24,RU,b6ac7a91655a8fd9,76a583dee7fa9277,bbffa96dce0000000000,bbffa96dcefff2556000,80054b6e70000000,80054b6e77ff92ab,3820,00005fb0,0000,0
FDIV,64,157150,24,RZ,b6ac7a91655a8fd9,76a583dee7fa9277,bbffa96dce0000000000,bbffa96dcefff2556000,80054b6e70000000,80054b6e77ff92ab,3820,00007fb0,0000,0
FDIV,64,157150,64,RN,b6ac7a91655a8fd9,76a583dee7fa9277,bbffa96dcefff2556f88,bbffa96dcefff2556000,80054b6e77ff92ab,80054b6e77ff92ab,3a20,00001fb0,0030,1
FDIV,64,157150,64,RD,b6ac7a91655a8fd9,76a583dee7fa9277,bbffa96dcefff2556f88,bbffa96dcefff2558000,80054b6e77ff92ac,80054b6e77ff92ac,3a20,00003fb0,0230,1
FDIV,64,157150,64,RU,b6ac7a91655a8fd9,76a583dee7fa9277,bbffa96dcefff2556f87,bbffa96dcefff2556000,80054b6e77ff92ab,80054b6e77ff92ab,3820,00005fb0,0030,1
FDIV,64,157150,64,RZ,b6ac7a91655a8fd9,76a583dee7fa9277,bbffa96dcefff2556f87,bbffa96dcefff2556000,80054b6e77ff92ab,80054b6e77ff92ab,3820,00007fb0,0030,1
FDIV,64,178238,53,RN,95dbc98a1ab47c36,d5d2c36e327c7959,3bffbd8f14ddca403000,3bffbd8f14ddca402000,0005ec78a6ee5202,0005ec78a6ee5201,3a20,00001fb0,0230,0
FDIV,64,178238,53,RD,95dbc98a1ab47c36,d5d2c36e327c7959,3bffbd8f14ddca402800,3bffbd8f14ddca402000,0005ec78a6ee5201,0005ec78a6ee5201,3820,00003fb0,0030,1
FDIV,64,178238,53,RU,95dbc98a1ab47c36,d5d2c36e327c7959,3bffbd8f14ddca403000,3bffbd8f14ddca404000,0005ec78a6ee5202,0005ec78a6ee5202,3a20,00005fb0,0230,1
FDIV,64,178238,53,RZ,95dbc98a1ab47c36,d5d2c36e327c7959,3bffbd8f14ddca402800,3bffbd8f14ddca402000,0005ec78a6ee5201,0005ec78a6ee5201,3820,00007fb0,0030,1
FDIV,64,178238,24,RN,95dbc98a1ab47c36,d5d2c36e327c7959,3bffbd8f150000000000,3bffbd8f14ddca402000,0005ec78a8000000,0005ec78a6ee5201,3a20,00001fb0,0000,0
FDIV,64,178238,24,RD,95dbc98a1ab47c36,d5d2c36e327c7959,3bffbd8f140000000000,3bffbd8f14ddca402000,0005ec78a0000000,0005ec78a6ee5201,3820,00003fb0,0000,0
FDIV,64,178238,24,RU,95dbc98a1ab47c36,d5d2c36e327c7959,3bffbd8f150000000000,3bffbd8f14ddca404000,0005ec78a8000000,0005ec78a6ee5202,3a20,00005fb0,0000,0
FDIV,64,178238,24,RZ,95dbc98a1ab47c36,d5d2c36e327c7959,3bffbd8f140000000000,3bffbd8f14ddca402000,0005ec78a0000000,0005ec78a6ee5201,3820,00007fb0,0000,0
FDIV,64,178238,64,RN,95dbc98a1ab47c36,d5d2c36e327c7959,3bffbd8f14ddca402e42,3bffbd8f14ddca402000,0005ec78a6ee5201,0005ec78a6ee5201,3820,00001fb0,0030,1
FDIV,64,178238,64,RD,95dbc98a1ab47c36,d5d2c36e327c7959,3bffbd8f14ddca402e42,3bffbd8f14ddca402000,0005ec78a6ee5201,0005ec78a6ee5201,3820,00003fb0,0030,1
FDIV,64,178238,64,RU,95dbc98a1ab47c36,d5d2c36e327c7959,3bffbd8f14ddca402e43,3bffbd8f14ddca404000,0005ec78a6ee5202,0005ec78a6ee5202,3a20,00005fb0,0230,1
FDIV,64,178238,64,RZ,95dbc98a1ab47c36,d5d2c36e327c7959,3bffbd8f14ddca402e42,3bffbd8f14ddca402000,0005ec78a6ee5201,0005ec78a6ee5201,3820,00007fb0,0030,1
FDIV,64,184523,53,RN,b52d8c36954a598f,750ed2cfbd1970dd,bc00f5677c2eb1dd2800,bc00f5677c2eb1dd3000,800f5677c2eb1dd2,800f5677c2eb1dd3,3820,00001fb0,0030,0
FDIV,64,184523,53,RD,b52d8c36954a598f,750ed2cfbd1970dd,bc00f5677c2eb1dd3000,bc00f5677c2eb1dd3000,800f5677c2eb1dd3,800f5677c2eb1dd3,3a20,00003fb0,0000,1
FDIV,64,184523,53,RU,b52d8c36954a598f,750ed2cfbd1970dd,bc00f5677c2eb1dd2800,bc00f5677c2eb1dd2000,800f5677c2eb1dd2,800f5677c2eb1dd2,3820,00005fb0,0030,1
FDIV,64,184523,53,RZ,b52d8c36954a598f,750ed2cfbd1970dd,bc00f5677c2eb1dd2800,bc00f5677c2eb1dd2000,800f5677c2eb1dd2,800f5677c2eb1dd2,3820,00007fb0,0030,1
FDIV,64,184523,24,RN,b52d8c36954a598f,750ed2cfbd1970dd,bc00f5677c0000000000,bc00f5677c2eb1dd3000,800f5677c0000000,800f5677c2eb1dd3,3820,00001fb0,0000,0
FDIV,64,184523,24,RD,b52d8c36954a598f,750ed2cfbd1970dd,bc00f5677d0000000000,bc00f5677c2eb1dd3000,800f5677d0000000,800f5677c2eb1dd3,3a20,00003fb0,0000,0
FDIV,64,184523,24,RU,b52d8c36954a598f,750ed2cfbd1970dd,bc00f5677c0000000000,bc00f5677c2eb1dd2000,800f5677c0000000,800f5677c2eb1dd2,3820,00005fb0,0000,0
FDIV,64,184523,24,RZ,b52d8c36954a598f,750ed2cfbd1970dd,bc00f5677c0000000000,bc00f5677c2eb1dd2000,800f5677c0000000,800f5677c2eb1dd2,3820,00007fb0,0000,0
FDIV,64,184523,64,RN,b52d8c36954a598f,750ed2cfbd1970dd,bc00f5677c2eb1dd2ae2,bc00f5677c2eb1dd3000,800f5677c2eb1dd3,800f5677c2eb1dd3,3a20,00001fb0,0230,1
FDIV,64,184523,64,RD,b52d8c36954a598f,750ed2cfbd1970dd,bc00f5677c2eb1dd2ae2,bc00f5677c2eb1dd3000,800f5677c2eb1dd3,800f5677c2eb1dd3,3a20,00003fb0,0230,1
FDIV,64,184523,64,RU,b52d8c36954a598f,750ed2cfbd1970dd,bc00f5677c2eb1dd2ae1,bc00f5677c2eb1dd2000,800f5677c2eb1dd2,800f5677c2eb1dd2,3820,00005fb0,0030,1
FDIV,64,184523,64,RZ,b52d8c36954a598f,750ed2cfbd1970dd,bc00f5677c2eb1dd2ae1,bc00f5677c2eb1dd2000,800f5677c2eb1dd2,800f5677c2eb1dd2,3820,00007fb0,0030,1
FDIV,64,199981,53,RN,2ff84b70d98c156d,6ff67c326c61c485,3bff8a4d157d2d171000,3bff8a4d157d2d172000,00045268abe968b8,00045268abe968b9,3820,00001fb0,0030,0
FDIV,64,199981,53,RD,2ff84b70d98c156d,6ff67c326c61c485,3bff8a4d157d2d171000,3bff8a4d157d2d170000,00045268abe968b8,00045268abe968b8,3820,00003fb0,0030,1
FDIV,64,199981,53,RU,2ff84b70d98c156d,6ff67c326c61c485,3bff8a4d157d2d171800,3bff8a4d157d2d172000,00045268abe968b9,00045268abe968b9,3a20,00005fb0,0230,1
FDIV,64,199981,53,RZ,2ff84b70d98c156d,6ff67c326c61c485,3bff8a4d157d2d171000,3bff8a4d157d2d170000,00045268abe968b8,00045268abe968b8,3820,00007fb0,0030,1
FDIV,64,199981,24,RN,2ff84b70d98c156d,6ff67c326c61c485,3bff8a4d150000000000,3bff8a4d157d2d172000,00045268a8000000,00045268abe968b9,3820,00001fb0,0000,0
FDIV,64,199981,24,RD,2ff84b70d98c156d,6ff67c326c61c485,3bff8a4d150000000000,3bff8a4d157d2d170000,00045268a8000000,00045268abe968b8,3820,00003fb0,0000,0
FDIV,64,199981,24,RU,2ff84b70d98c156d,6ff67c326c61c485,3bff8a4d160000000000,3bff8a4d157d2d172000,00045268b0000000,00045268abe968b9,3a20,00005fb0,0000,0
FDIV,64,199981,24,RZ,2ff84b70d98c156d,6ff67c326c61c485,3bff8a4d150000000000,3bff8a4d157d2d170000,00045268a8000000,00045268abe968b8,3820,00007fb0,0000,0
FDIV,64,199981,64,RN,2ff84b70d98c156d,6ff67c326c61c485,3bff8a4d157d2d1713ba,3bff8a4d157d2d172000,00045268abe968b9,00045268abe968b9,3820,00001fb0,0230,1
FDIV,64,199981,64,RD,2ff84b70d98c156d,6ff67c326c61c485,3bff8a4d157d2d1713ba,3bff8a4d157d2d170000,00045268abe968b8,00045268abe968b8,3820,00003fb0,0030,1
FDIV,64,199981,64,RU,2ff84b70d98c156d,6ff67c326c61c485,3bff8a4d157d2d1713bb,3bff8a4d157d2d172000,00045268abe968b9,00045268abe968b9,3a20,00005fb0,0230,1
FDIV,64,199981,64,RZ,2ff84b70d98c156d,6ff67c326c61c485,3bff8a4d157d2d1713ba,3bff8a4d157d2d170000,00045268abe968b8,00045268abe968b8,3820,00007fb0,0030,1
FDIV,64,209604,53,RN,176a41798691bbed,575bb7a967881d6a,3bfff27ffbe310289000,3bfff27ffbe31028a000,000793ffdf188144,000793ffdf188145,3820,00001fb0,0030,0
FDIV,64,209604,53,RD,176a41798691bbed,575bb7a967881d6a,3bfff27ffbe310289000,3bfff27ffbe310288000,000793ffdf188144,000793ffdf188144,3820,00003fb0,0030,1
FDIV,64,209604,53,RU,176a41798691bbed,575bb7a967881d6a,3bfff27ffbe310289800,3bfff27ffbe31028a000,000793ffdf188145,000793ffdf188145,3a20,00005fb0,0230,1
FDIV,64,209604,53,RZ,176a41798691bbed,575bb7a967881d6a,3bfff27ffbe310289000,3bfff27ffbe310288000,000793ffdf188144,000793ffdf188144,3820,00007fb0,0030,1
FDIV,64,209604,24,RN,176a41798691bbed,575bb7a967881d6a,3bfff27ffc0000000000,3bfff27ffbe31028a000,000793ffe0000000,000793ffdf188145,3a20,00001fb0,0000,0
FDIV,64,209604,24,RD,176a41798691bbed,575bb7a967881d6a,3bfff27ffb0000000000,3bfff27ffbe310288000,000793ffd8000000,000793ffdf188144,3820,00003fb0,0000,0
FDIV,64,209604,24,RU,176a41798691bbed,575bb7a967881d6a,3bfff27ffc0000000000,3bfff27ffbe31028a000,000793ffe0000000,000793ffdf188145,3a20,00005fb0,0000,0
FDIV,64,209604,24,RZ,176a41798691bbed,575bb7a967881d6a,3bfff27ffb0000000000,3bfff27ffbe310288000,000793ffd8000000,000793ffdf188144,3820,00007fb0,0000,0
FDIV,64,209604,64,RN,176a41798691bbed,575bb7a967881d6a,3bfff27ffbe3102890a3,3bfff27ffbe31028a000,000793ffdf188145,000793ffdf188145,3a20,00001fb0,0230,1
FDIV,64,209604,64,RD,176a41798691bbed,575bb7a967881d6a,3bfff27ffbe3102890a2,3bfff27ffbe310288000,000793ffdf188144,000793ffdf188144,3820,00003fb0,0030,1
FDIV,64,209604,64,RU,176a41798691bbed,575bb7a967881d6a,3bfff27ffbe3102890a3,3bfff27ffbe31028a000,000793ffdf188145,000793ffdf188145,3a20,00005fb0,0230,1
FDIV,64,209604,64,RZ,176a41798691bbed,575bb7a967881d6a,3bfff27ffbe3102890a2,3bfff27ffbe310288000,000793ffdf188144,000793ffdf188144,3820,00007fb0,0030,1
FDIV,32,268,53,RN,00000000367d72a0,0000000075c760aa,3f80a2b6829503184800,3f80a2b6820000000000,0000000000515b41,0000000000515b41,3820,00001fb0,0030,1
FDIV,32,268,53,RD,00000000367d72a0,0000000075c760aa,3f80a2b6829503184800,3f80a2b6820000000000,0000000000515b41,0000000000515b41,3820,00003fb0,0030,1
FDIV,32,268,53,RU,00000000367d72a0,0000000075c760aa,3f80a2b6829503185000,3f80a2b6840000000000,0000000000515b42,0000000000515b42,3a20,00005fb0,0230,1
FDIV,32,268,53,RZ,00000000367d72a0,0000000075c760aa,3f80a2b6829503184800,3f80a2b6820000000000,0000000000515b41,0000000000515b41,3820,00007fb0,0030,1
FDIV,32,268,24,RN,00000000367d72a0,0000000075c760aa,3f80a2b6830000000000,3f80a2b6820000000000,0000000000515b42,0000000000515b41,3a20,00001fb0,0230,0
FDIV,32,268,24,RD,00000000367d72a0,0000000075c760aa,3f80a2b6820000000000,3f80a2b6820000000000,0000000000515b41,0000000000515b41,3820,00003fb0,0000,1
FDIV,32,268,24,RU,00000000367d72a0,0000000075c760aa,3f80a2b6830000000000,3f80a2b6840000000000,0000000000515b42,0000000000515b42,3a20,00005fb0,0230,1
FDIV,32,268,24,RZ,00000000367d72a0,0000000075c760aa,3f80a2b6820000000000,3f80a2b6820000000000,0000000000515b41,0000000000515b41,3820,00007fb0,0000,1
FDIV,32,268,64,RN,00000000367d72a0,0000000075c760aa,3f80a2b6829503184bb0,3f80a2b6820000000000,0000000000515b41,0000000000515b41,3a20,00001fb0,0030,1
FDIV,32,268,64,RD,00000000367d72a0,0000000075c760aa,3f80a2b6829503184baf,3f80a2b6820000000000,0000000000515b41,0000000000515b41,3820,00003fb0,0030,1
FDIV,32,268,64,RU,00000000367d72a0,0000000075c760aa,3f80a2b6829503184bb0,3f80a2b6840000000000,0000000000515b42,0000000000515b42,3a20,00005fb0,0230,1
FDIV,32,268,64,RZ,00000000367d72a0,0000000075c760aa,3f80a2b6829503184baf,3f80a2b6820000000000,0000000000515b41,0000000000515b41,3820,00007fb0,0030,1
FDIV,32,1390,53,RN,0000000084b0f3fb,00000000c50adc3f,3f7ea31d0bddf7550000,3f7ea31d080000000000,00000000001463a1,00000000001463a1,3820,00001fb0,0030,1
FDIV,32,1390,53,RD,0000000084b0f3fb,00000000c50adc3f,3f7ea31d0bddf7550000,3f7ea31d080000000000,00000000001463a1,00000000001463a1,3820,00003fb0,0030,1
FDIV,32,1390,53,RU,0000000084b0f3fb,00000000c50adc3f,3f7ea31d0bddf7550800,3f7ea31d100000000000,00000000001463a2,00000000001463a2,3a20,00005fb0,0230,1
FDIV,32,1390,53,RZ,0000000084b0f3fb,00000000c50adc3f,3f7ea31d0bddf7550000,3f7ea31d080000000000,00000000001463a1,00000000001463a1,3820,00007fb0,0030,1
FDIV,32,1390,24,RN,0000000084b0f3fb,00000000c50adc3f,3f7ea31d0c0000000000,3f7ea31d080000000000,00000000001463a2,00000000001463a1,3a20,00001fb0,0230,0
FDIV,32,1390,24,RD,0000000084b0f3fb,00000000c50adc3f,3f7ea31d0b0000000000,3f7ea31d080000000000,00000000001463a1,00000000001463a1,3820,00003fb0,0030,1
FDIV,32,1390,24,RU,0000000084b0f3fb,00000000c50adc3f,3f7ea31d0c0000000000,3f7ea31d100000000000,00000000001463a2,00000000001463a2,3a20,00005fb0,0230,1
FDIV,32,1390,24,RZ,0000000084b0f3fb,00000000c50adc3f,3f7ea31d0b0000000000,3f7ea31d080000000000,00000000001463a1,00000000001463a1,3820,00007fb0,0030,1
FDIV,32,1390,64,RN,0000000084b0f3fb,00000000c50adc3f,3f7ea31d0bddf7550201,3f7ea31d080000000000,00000000001463a1,00000000001463a1,3a20,00001fb0,0030,1
FDIV,32,1390,64,RD,0000000084b0f3fb,00000000c50adc3f,3f7ea31d0bddf7550200,3f7ea31d080000000000,00000000001463a1,00000000001463a1,3820,00003fb0,0030,1
FDIV,32,1390,64,RU,0000000084b0f3fb,00000000c50adc3f,3f7ea31d0bddf7550201,3f7ea31d100000000000,00000000001463a2,00000000001463a2,3a20,00005fb0,0230,1
FDIV,32,1390,64,RZ,0000000084b0f3fb,00000000c50adc3f,3f7ea31d0bddf7550200,3f7ea31d080000000000,00000000001463a1,00000000001463a1,3820,00007fb0,0030,1
FDIV,32,3649,53,RN,000000003711aaf0,00000000f6633238,bf80a422aaa821a44000,bf80a422aa0000000000,0000000080521155,0000000080521155,3820,00001fb0,0030,1
FDIV,32,3649,53,RD,000000003711aaf0,00000000f6633238,bf80a422aaa821a44800,bf80a422ac0000000000,0000000080521156,0000000080521156,3a20,00003fb0,0230,1
FDIV,32,3649,53,RU,000000003711aaf0,00000000f6633238,bf80a422aaa821a44000,bf80a422aa0000000000,0000000080521155,0000000080521155,3820,00005fb0,0030,1
FDIV,32,3649,53,RZ,000000003711aaf0,00000000f6633238,bf80a422aaa821a44000,bf80a422aa0000000000,0000000080521155,0000000080521155,3820,00007fb0,0030,1
FDIV,32,3649,24,RN,000000003711aaf0,00000000f6633238,bf80a422ab0000000000,bf80a422aa0000000000,0000000080521156,0000000080521155,3a20,00001fb0,0230,0
FDIV,32,3649,24,RD,000000003711aaf0,00000000f6633238,bf80a422ab0000000000,bf80a422ac0000000000,0000000080521156,0000000080521156,3a20,00003fb0,0230,1
FDIV,32,3649,24,RU,000000003711aaf0,00000000f6633238,bf80a422aa0000000000,bf80a422aa0000000000,0000000080521155,0000000080521155,3820,00005fb0,0000,1
FDIV,32,3649,24,RZ,000000003711aaf0,00000000f6633238,bf80a422aa0000000000,bf80a422aa0000000000,0000000080521155,0000000080521155,3820,00007fb0,0000,1
FDIV,32,3649,64,RN,000000003711aaf0,00000000f6633238,bf80a422aaa821a4420a,bf80a422aa0000000000,0000000080521155,0000000080521155,3820,00001fb0,0030,1
FDIV,32,3649,64,RD,000000003711aaf0,00000000f6633238,bf80a422aaa821a4420b,bf80a422ac0000000000,0000000080521156,0000000080521156,3a20,00003fb0,0230,1
FDIV,32,3649,64,RU,000000003711aaf0,00000000f6633238,bf80a422aaa821a4420a,bf80a422aa0000000000,0000000080521155,0000000080521155,3820,00005fb0,0030,1
FDIV,32,3649,64,RZ,000000003711aaf0,00000000f6633238,bf80a422aaa821a4420a,bf80a422aa0000000000,0000000080521155,0000000080521155,3820,00007fb0,0030,1
FDIV,32,6593,53,RN,00000000a52050d8,00000000e492462d,3f808c49956d13209800,3f808c49960000000000,00000000004624cb,00000000004624cb,3820,00001fb0,0230,1
FDIV,32,6593,53,RD,00000000a52050d8,00000000e492462d,3f808c49956d13209800,3f808c49940000000000,00000000004624ca,00000000004624ca,3820,00003fb0,0030,1
FDIV,32,6593,53,RU,00000000a52050d8,00000000e492462d,3f808c49956d1320a000,3f808c49960000000000,00000000004624cb,00000000004624cb,3a20,00005fb0,0230,1
FDIV,32,6593,53,RZ,00000000a52050d8,00000000e492462d,3f808c49956d13209800,3f808c49940000000000,00000000004624ca,00000000004624ca,3820,00007fb0,0030,1
FDIV,32,6593,24,RN,00000000a52050d8,00000000e492462d,3f808c49950000000000,3f808c49960000000000,00000000004624ca,00000000004624cb,3820,00001fb0,0030,0
FDIV,32,6593,24,RD,00000000a52050d8,00000000e492462d,3f808c49950000000000,3f808c49940000000000,00000000004624ca,00000000004624ca,3820,00003fb0,0030,1
FDIV,32,6593,24,RU,00000000a52050d8,00000000e492462d,3f808c49960000000000,3f808c49960000000000,00000000004624cb,00000000004624cb,3a20,00005fb0,0000,1
FDIV,32,6593,24,RZ,00000000a52050d8,00000000e492462d,3f808c49950000000000,3f808c49940000000000,00000000004624ca,00000000004624ca,3820,00007fb0,0030,1
FDIV,32,6593,64,RN,00000000a52050d8,00000000e492462d,3f808c49956d13209b91,3f808c49960000000000,00000000004624cb,00000000004624cb,3820,00001fb0,0230,1
FDIV,32,6593,64,RD,00000000a52050d8,00000000e492462d,3f808c49956d13209b91,3f808c49940000000000,00000000004624ca,00000000004624ca,3820,00003fb0,0030,1
FDIV,32,6593,64,RU,00000000a52050d8,00000000e492462d,3f808c49956d13209b92,3f808c49960000000000,00000000004624cb,00000000004624cb,3a20,00005fb0,0230,1
FDIV,32,6593,64,RZ,00000000a52050d8,00000000e492462d,3f808c49956d13209b91,3f808c49940000000000,00000000004624ca,00000000004624ca,3820,00007fb0,0030,1
FDIV,32,10112,53,RN,00000000af9c770b,000000006ed9c6f4,bf80b7ed3ec30c2da000,bf80b7ed3e0000000000,00000000805bf69f,00000000805bf69f,3820,00001fb0,0030,1
FDIV,32,10112,53,RD,00000000af9c770b,000000006ed9c6f4,bf80b7ed3ec30c2da800,bf80b7ed400000000000,00000000805bf6a0,00000000805bf6a0,3a20,00003fb0,0230,1
FDIV,32,10112,53,RU,00000000af9c770b,000000006ed9c6f4,bf80b7ed3ec30c2da000,bf80b7ed3e0000000000,00000000805bf69f,00000000805bf69f,3820,00005fb0,0030,1
FDIV,32,10112,53,RZ,00000000af9c770b,000000006ed9c6f4,bf80b7ed3ec30c2da000,bf80b7ed3e0000000000,00000000805bf69f,00000000805bf69f,3820,00007fb0,0030,1
FDIV,32,10112,24,RN,00000000af9c770b,000000006ed9c6f4,bf80b7ed3f0000000000,bf80b7ed3e0000000000,00000000805bf6a0,00000000805bf69f,3a20,00001fb0,0230,0
FDIV,32,10112,24,RD,00000000af9c770b,000000006ed9c6f4,bf80b7ed3f0000000000,bf80b7ed400000000000,00000000805bf6a0,00000000805bf6a0,3a20,00003fb0,0230,1
FDIV,32,10112,24,RU,00000000af9c770b,000000006ed9c6f4,bf80b7ed3e0000000000,bf80b7ed3e0000000000,00000000805bf69f,00000000805bf69f,3820,00005fb0,0000,1
FDIV,32,10112,24,RZ,00000000af9c770b,000000006ed9c6f4,bf80b7ed3e0000000000,bf80b7ed3e0000000000,00000000805bf69f,00000000805bf69f,3820,00007fb0,0000,1
FDIV,32,10112,64,RN,00000000af9c770b,000000006ed9c6f4,bf80b7ed3ec30c2da090,bf80b7ed3e0000000000,00000000805bf69f,00000000805bf69f,3820,00001fb0,0030,1
FDIV,32,10112,64,RD,00000000af9c770b,000000006ed9c6f4,bf80b7ed3ec30c2da091,bf80b7ed400000000000,00000000805bf6a0,00000000805bf6a0,3a20,00003fb0,0230,1
FDIV,32,10112,64,RU,00000000af9c770b,000000006ed9c6f4,bf80b7ed3ec30c2da090,bf80b7ed3e0000000000,00000000805bf69f,00000000805bf69f,3820,00005fb0,0030,1
FDIV,32,10112,64,RZ,00000000af9c770b,000000006ed9c6f4,bf80b7ed3ec30c2da090,bf80b7ed3e0000000000,00000000805bf69f,00000000805bf69f,3820,00007fb0,0030,1
FDIV,32,11501,53,RN,00000000024fbf08,000000004185cdcd,3f80c6bc26dbd7447800,3f80c6bc260000000000,0000000000635e13,0000000000635e13,3820,00001fb0,0030,1
FDIV,32,11501,53,RD,00000000024fbf08,000000004185cdcd,3f80c6bc26dbd7447800,3f80c6bc260000000000,0000000000635e13,0000000000635e13,3820,00003fb0,0030,1
FDIV,32,11501,53,RU,00000000024fbf08,000000004185cdcd,3f80c6bc26dbd7448000,3f80c6bc280000000000,0000000000635e14,0000000000635e14,3a20,00005fb0,0230,1
FDIV,32,11501,53,RZ,00000000024fbf08,000000004185cdcd,3f80c6bc26dbd7447800,3f80c6bc260000000000,0000000000635e13,0000000000635e13,3820,00007fb0,0030,1
FDIV,32,11501,24,RN,00000000024fbf08,000000004185cdcd,3f80c6bc270000000000,3f80c6bc260000000000,0000000000635e14,0000000000635e13,3a20,00001fb0,0230,0
FDIV,32,11501,24,RD,00000000024fbf08,000000004185cdcd,3f80c6bc260000000000,3f80c6bc260000000000,0000000000635e13,0000000000635e13,3820,00003fb0,0000,1
FDIV,32,11501,24,RU,00000000024fbf08,000000004185cdcd,3f80c6bc270000000000,3f80c6bc280000000000,0000000000635e14,0000000000635e14,3a20,00005fb0,0230,1
FDIV,32,11501,24,RZ,00000000024fbf08,000000004185cdcd,3f80c6bc260000000000,3f80c6bc260000000000,0000000000635e13,0000000000635e13,3820,00007fb0,0000,1
FDIV,32,11501,64,RN,00000000024fbf08,000000004185cdcd,3f80c6bc26dbd74478da,3f80c6bc260000000000,0000000000635e13,0000000000635e13,3820,00001fb0,0030,1
FDIV,32,11501,64,RD,00000000024fbf08,000000004185cdcd,3f80c6bc26dbd74478da,3f80c6bc260000000000,0000000000635e13,0000000000635e13,3820,00003fb0,0030,1
FDIV,32,11501,64,RU,00000000024fbf08,000000004185cdcd,3f80c6bc26dbd74478db,3f80c6bc280000000000,0000000000635e14,0000000000635e14,3a20,00005fb0,0230,1
FDIV,32,11501,64,RZ,00000000024fbf08,000000004185cdcd,3f80c6bc26dbd74478da,3f80c6bc260000000000,0000000000635e13,0000000000635e13,3820,00007fb0,0030,1
FDIV,32,11700,53,RN,00000000134204f2,00000000d4b1d603,bf7c8ba5ef96182fc000,bf7c8ba5e00000000000,0000000080045d2f,0000000080045d2f,3820,00001fb0,0030,1
FDIV,32,11700,53,RD,00000000134204f2,00000000d4b1d603,bf7c8ba5ef96182fc800,bf7c8ba6000000000000,0000000080045d30,0000000080045d30,3a20,00003fb0,0230,1
FDIV,32,11700,53,RU,00000000134204f2,00000000d4b1d603,bf7c8ba5ef96182fc000,bf7c8ba5e00000000000,0000000080045d2f,0000000080045d2f,3820,00005fb0,0030,1
FDIV,32,11700,53,RZ,00000000134204f2,00000000d4b1d603,bf7c8ba5ef96182fc000,bf7c8ba5e00000000000,0000000080045d2f,0000000080045d2f,3820,00007fb0,0030,1
FDIV,32,11700,24,RN,00000000134204f2,00000000d4b1d603,bf7c8ba5f00000000000,bf7c8ba5e00000000000,0000000080045d30,0000000080045d2f,3a20,00001fb0,0230,0
FDIV,32,11700,24,RD,00000000134204f2,00000000d4b1d603,bf7c8ba5f00000000000,bf7c8ba6000000000000,0000000080045d30,0000000080045d30,3a20,00003fb0,0230,1
FDIV,32,11700,24,RU,00000000134204f2,00000000d4b1d603,bf7c8ba5ef0000000000,bf7c8ba5e00000000000,0000000080045d2f,0000000080045d2f,3820,00005fb0,0030,1
FDIV,32,11700,24,RZ,00000000134204f2,00000000d4b1d603,bf7c8ba5ef0000000000,bf7c8ba5e00000000000,0000000080045d2f,0000000080045d2f,3820,00007fb0,0030,1
FDIV,32,11700,64,RN,00000000134204f2,00000000d4b1d603,bf7c8ba5ef96182fc2f4,bf7c8ba5e00000000000,0000000080045d2f,0000000080045d2f,3a20,00001fb0,0030,1
FDIV,32,11700,64,RD,00000000134204f2,00000000d4b1d603,bf7c8ba5ef96182fc2f4,bf7c8ba6000000000000,0000000080045d30,0000000080045d30,3a20,00003fb0,0230,1
FDIV,32,11700,64,RU,00000000134204f2,00000000d4b1d603,bf7c8ba5ef96182fc2f3,bf7c8ba5e00000000000,0000000080045d2f,0000000080045d2f,3820,00005fb0,0030,1
FDIV,32,11700,64,RZ,00000000134204f2,00000000d4b1d603,bf7c8ba5ef96182fc2f3,bf7c8ba5e00000000000,0000000080045d2f,0000000080045d2f,3820,00007fb0,0030,1
FDIV,32,13508,53,RN,000000003306a20c,00000000f31c3d74,bf7edc98c45553355800,bf7edc98c80000000000,00000000801b9319,00000000801b9319,3820,00001fb0,0230,1
FDIV,32,13508,53,RD,000000003306a20c,00000000f31c3d74,bf7edc98c45553356000,bf7edc98c80000000000,00000000801b9319,00000000801b9319,3a20,00003fb0,0230,1
FDIV,32,13508,53,RU,000000003306a20c,00000000f31c3d74,bf7edc98c45553355800,bf7edc98c00000000000,00000000801b9318,00000000801b9318,3820,00005fb0,0030,1
FDIV,32,13508,53,RZ,000000003306a20c,00000000f31c3d74,bf7edc98c45553355800,bf7edc98c00000000000,00000000801b9318,00000000801b9318,3820,00007fb0,0030,1
FDIV,32,13508,24,RN,000000003306a20c,00000000f31c3d74,bf7edc98c40000000000,bf7edc98c80000000000,00000000801b9318,00000000801b9319,3820,00001fb0,0030,0
FDIV,32,13508,24,RD,000000003306a20c,00000000f31c3d74,bf7edc98c50000000000,bf7edc98c80000000000,00000000801b9319,00000000801b9319,3a20,00003fb0,0230,1
FDIV,32,13508,24,RU,000000003306a20c,00000000f31c3d74,bf7edc98c40000000000,bf7edc98c00000000000,00000000801b9318,00000000801b9318,3820,00005fb0,0030,1
FDIV,32,13508,24,RZ,000000003306a20c,00000000f31c3d74,bf7edc98c40000000000,bf7edc98c00000000000,00000000801b9318,00000000801b9318,3820,00007fb0,0030,1
FDIV,32,13508,64,RN,000000003306a20c,00000000f31c3d74,bf7edc98c45553355993,bf7edc98c80000000000,00000000801b9319,00000000801b9319,3a20,00001fb0,0230,1
FDIV,32,13508,64,RD,000000003306a20c,00000000f31c3d74,bf7edc98c45553355993,bf7edc98c80000000000,00000000801b9319,00000000801b9319,3a20,00003fb0,0230,1
FDIV,32,13508,64,RU,000000003306a20c,00000000f31c3d74,bf7edc98c45553355992,bf7edc98c00000000000,00000000801b9318,00000000801b9318,3820,00005fb0,0030,1
FDIV,32,13508,64,RZ,000000003306a20c,00000000f31c3d74,bf7edc98c45553355992,bf7edc98c00000000000,00000000801b9318,00000000801b9318,3820,00007fb0,0030,1
FDIV,32,15408,53,RN,000000008fbb713a,00000000cf1af787,3f809ad2f90420bf8800,3f809ad2fa0000000000,00000000004d697d,00000000004d697d,3820,00001fb0,0230,1
FDIV,32,15408,53,RD,000000008fbb713a,00000000cf1af787,3f809ad2f90420bf8800,3f809ad2f80000000000,00000000004d697c,00000000004d697c,3820,00003fb0,0030,1
FDIV,32,15408,53,RU,000000008fbb713a,00000000cf1af787,3f809ad2f90420bf9000,3f809ad2fa0000000000,00000000004d697d,00000000004d697d,3a20,00005fb0,0230,1
FDIV,32,15408,53,RZ,000000008fbb713a,00000000cf1af787,3f809ad2f90420bf8800,3f809ad2f80000000000,00000000004d697c,00000000004d697c,3820,00007fb0,0030,1
FDIV,32,15408,24,RN,000000008fbb713a,00000000cf1af787,3f809ad2f90000000000,3f809ad2fa0000000000,00000000004d697c,00000000004d697d,3820,00001fb0,0030,0
FDIV,32,15408,24,RD,000000008fbb713a,00000000cf1af787,3f809ad2f90000000000,3f809ad2f80000000000,00000000004d697c,00000000004d697c,3820,00003fb0,0030,1
FDIV,32,15408,24,RU,000000008fbb713a,00000000cf1af787,3f809ad2fa0000000000,3f809ad2fa0000000000,00000000004d697d,00000000004d697d,3a20,00005fb0,0000,1
FDIV,32,15408,24,RZ,000000008fbb713a,00000000cf1af787,3f809ad2f90000000000,3f809ad2f80000000000,00000000004d697c,00000000004d697c,3820,00007fb0,0030,1
FDIV,32,15408,64,RN,000000008fbb713a,00000000cf1af787,3f809ad2f90420bf8b81,3f809ad2fa0000000000,00000000004d697d,00000000004d697d,3a20,00001fb0,0230,1
FDIV,32,15408,64,RD,000000008fbb713a,00000000cf1af787,3f809ad2f90420bf8b80,3f809ad2f80000000000,00000000004d697c,00000000004d697c,3820,00003fb0,0030,1
FDIV,32,15408,64,RU,000000008fbb713a,00000000cf1af787,3f809ad2f90420bf8b81,3f809ad2fa0000000000,00000000004d697d,00000000004d697d,3a20,00005fb0,0230,1
FDIV,32,15408,64,RZ,000000008fbb713a,00000000cf1af787,3f809ad2f90420bf8b80,3f809ad2f80000000000,00000000004d697c,00000000004d697c,3820,00007fb0,0030,1
FDIV,32,16129,53,RN,000000003f3a1c3b,000000007e883470,3f80aee6315cbb6bf800,3f80aee6320000000000,0000000000577319,0000000000577319,3820,00001fb0,0230,1
FDIV,32,16129,53,RD,000000003f3a1c3b,000000007e883470,3f80aee6315cbb6bf800,3f80aee6300000000000,0000000000577318,0000000000577318,3820,00003fb0,0030,1
FDIV,32,16129,53,RU,000000003f3a1c3b,000000007e883470,3f80aee6315cbb6c0000,3f80aee6320000000000,0000000000577319,0000000000577319,3a20,00005fb0,0230,1
FDIV,32,16129,53,RZ,000000003f3a1c3b,000000007e883470,3f80aee6315cbb6bf800,3f80aee6300000000000,0000000000577318,0000000000577318,3820,00007fb0,0030,1
FDIV,32,16129,24,RN,000000003f3a1c3b,000000007e883470,3f80aee6310000000000,3f80aee6320000000000,0000000000577318,0000000000577319,3820,00001fb0,0030,0
FDIV,32,16129,24,RD,000000003f3a1c3b,000000007e883470,3f80aee6310000000000,3f80aee6300000000000,0000000000577318,0000000000577318,3820,00003fb0,0030,1
FDIV,32,16129,24,RU,000000003f3a1c3b,000000007e883470,3f80aee6320000000000,3f80aee6320000000000,0000000000577319,0000000000577319,3a20,00005fb0,0000,1
FDIV,32,16129,24,RZ,000000003f3a1c3b,000000007e883470,3f80aee6310000000000,3f80aee6300000000000,0000000000577318,0000000000577318,3820,00007fb0,0030,1
FDIV,32,16129,64,RN,000000003f3a1c3b,000000007e883470,3f80aee6315cbb6bf89b,3f80aee6320000000000,0000000000577319,0000000000577319,3a20,00001fb0,0230,1
FDIV,32,16129,64,RD,000000003f3a1c3b,000000007e883470,3f80aee6315cbb6bf89a,3f80aee6300000000000,0000000000577318,0000000000577318,3820,00003fb0,0030,1
FDIV,32,16129,64,RU,000000003f3a1c3b,000000007e883470,3f80aee6315cbb6bf89b,3f80aee6320000000000,0000000000577319,0000000000577319,3a20,00005fb0,0230,1
FDIV,32,16129,64,RZ,000000003f3a1c3b,000000007e883470,3f80aee6315cbb6bf89a,3f80aee6300000000000,0000000000577318,0000000000577318,3820,00007fb0,0030,1
FDIV,32,17119,53,RN,000000003202a49e,00000000715bd460,3f8098238a89df1f0000,3f8098238a0000000000,00000000004c11c5,00000000004c11c5,3820,00001fb0,0030,1
FDIV,32,17119,53,RD,000000003202a49e,00000000715bd460,3f8098238a89df1f0000,3f8098238a0000000000,00000000004c11c5,00000000004c11c5,3820,00003fb0,0030,1
FDIV,32,17119,53,RU,000000003202a49e,00000000715bd460,3f8098238a89df1f0800,3f8098238c0000000000,00000000004c11c6,00000000004c11c6,3a20,00005fb0,0230,1
FDIV,32,17119,53,RZ,000000003202a49e,00000000715bd460,3f8098238a89df1f0000,3f8098238a0000000000,00000000004c11c5,00000000004c11c5,3820,00007fb0,0030,1
FDIV,32,17119,24,RN,000000003202a49e,00000000715bd460,3f8098238b0000000000,3f8098238a0000000000,00000000004c11c6,00000000004c11c5,3a20,00001fb0,0230,0
FDIV,32,17119,24,RD,000000003202a49e,00000000715bd460,3f8098238a0000000000,3f8098238a0000000000,00000000004c11c5,00000000004c11c5,3820,00003fb0,0000,1
FDIV,32,17119,24,RU,000000003202a49e,00000000715bd460,3f8098238b0000000000,3f8098238c0000000000,00000000004c11c6,00000000004c11c6,3a20,00005fb0,0230,1
FDIV,32,17119,24,RZ,000000003202a49e,00000000715bd460,3f8098238a0000000000,3f8098238a0000000000,00000000004c11c5,00000000004c11c5,3820,00007fb0,0000,1
FDIV,32,17119,64,RN,000000003202a49e,00000000715bd460,3f8098238a89df1f01ee,3f8098238a0000000000,00000000004c11c5,00000000004c11c5,3820,00001fb0,0030,1
FDIV,32,17119,64,RD,000000003202a49e,00000000715bd460,3f8098238a89df1f01ee,3f8098238a0000000000,00000000004c11c5,00000000004c11c5,3820,00003fb0,0030,1
FDIV,32,17119,64,RU,000000003202a49e,00000000715bd460,3f8098238a89df1f01ef,3f8098238c0000000000,00000000004c11c6,00000000004c11c6,3a20,00005fb0,0230,1
FDIV,32,17119,64,RZ,000000003202a49e,00000000715bd460,3f8098238a89df1f01ee,3f8098238a0000000000,00000000004c11c5,00000000004c11c5,3820,00007fb0,0030,1
FDIV,32,17807,53,RN,00000000394d82ac,00000000f921b507,bf7fa2ac35bc1a4b2800,bf7fa2ac340000000000,000000008028ab0d,000000008028ab0d,3a20,00001fb0,0030,1
FDIV,32,17807,53,RD,00000000394d82ac,00000000f921b507,bf7fa2ac35bc1a4b2800,bf7fa2ac380000000000,000000008028ab0e,000000008028ab0e,3a20,00003fb0,0230,1
FDIV,32,17807,53,RU,00000000394d82ac,00000000f921b507,bf7fa2ac35bc1a4b2000,bf7fa2ac340000000000,000000008028ab0d,000000008028ab0d,3820,00005fb0,0030,1
FDIV,32,17807,53,RZ,00000000394d82ac,00000000f921b507,bf7fa2ac35bc1a4b2000,bf7fa2ac340000000000,000000008028ab0d,000000008028ab0d,3820,00007fb0,0030,1
FDIV,32,17807,24,RN,00000000394d82ac,00000000f921b507,bf7fa2ac360000000000,bf7fa2ac340000000000,000000008028ab0e,000000008028ab0d,3a20,00001fb0,0230,0
FDIV,32,17807,24,RD,00000000394d82ac,00000000f921b507,bf7fa2ac360000000000,bf7fa2ac380000000000,000000008028ab0e,000000008028ab0e,3a20,00003fb0,0230,1
FDIV,32,17807,24,RU,00000000394d82ac,00000000f921b507,bf7fa2ac350000000000,bf7fa2ac340000000000,000000008028ab0d,000000008028ab0d,3820,00005fb0,0030,1
FDIV,32,17807,24,RZ,00000000394d82ac,00000000f921b507,bf7fa2ac350000000000,bf7fa2ac340000000000,000000008028ab0d,000000008028ab0d,3820,00007fb0,0030,1
FDIV,32,17807,64,RN,00000000394d82ac,00000000f921b507,bf7fa2ac35bc1a4b27fb,bf7fa2ac340000000000,000000008028ab0d,000000008028ab0d,3a20,00001fb0,0030,1
FDIV,32,17807,64,RD,00000000394d82ac,00000000f921b507,bf7fa2ac35bc1a4b27fb,bf7fa2ac380000000000,000000008028ab0e,000000008028ab0e,3a20,00003fb0,0230,1
FDIV,32,17807,64,RU,00000000394d82ac,00000000f921b507,bf7fa2ac35bc1a4b27fa,bf7fa2ac340000000000,000000008028ab0d,000000008028ab0d,3820,00005fb0,0030,1
FDIV,32,17807,64,RZ,00000000394d82ac,00000000f921b507,bf7fa2ac35bc1a4b27fa,bf7fa2ac340000000000,000000008028ab0d,000000008028ab0d,3820,00007fb0,0030,1
FDIV,32,18071,53,RN,00000000907187c2,000000005026c08a,bf7fb9667588a9dc7000,bf7fb966740000000000,00000000802e599d,00000000802e599d,3a20,00001fb0,0030,1
FDIV,32,18071,53,RD,00000000907187c2,000000005026c08a,bf7fb9667588a9dc7000,bf7fb966780000000000,00000000802e599e,00000000802e599e,3a20,00003fb0,0230,1
FDIV,32,18071,53,RU,00000000907187c2,000000005026c08a,bf7fb9667588a9dc6800,bf7fb966740000000000,00000000802e599d,00000000802e599d,3820,00005fb0,0030,1
FDIV,32,18071,53,RZ,00000000907187c2,000000005026c08a,bf7fb9667588a9dc6800,bf7fb966740000000000,00000000802e599d,00000000802e599d,3820,00007fb0,0030,1
FDIV,32,18071,24,RN,00000000907187c2,000000005026c08a,bf7fb966760000000000,bf7fb966740000000000,00000000802e599e,00000000802e599d,3a20,00001fb0,0230,0
FDIV,32,18071,24,RD,00000000907187c2,000000005026c08a,bf7fb966760000000000,bf7fb966780000000000,00000000802e599e,00000000802e599e,3a20,00003fb0,0230,1
FDIV,32,18071,24,RU,00000000907187c2,000000005026c08a,bf7fb966750000000000,bf7fb966740000000000,00000000802e599d,00000000802e599d,3820,00005fb0,0030,1
FDIV,32,18071,24,RZ,00000000907187c2,000000005026c08a,bf7fb966750000000000,bf7fb966740000000000,00000000802e599d,00000000802e599d,3820,00007fb0,0030,1
FDIV,32,18071,64,RN,00000000907187c2,000000005026c08a,bf7fb9667588a9dc6dab,bf7fb966740000000000,00000000802e599d,00000000802e599d,3820,00001fb0,0030,1
FDIV,32,18071,64,RD,00000000907187c2,000000005026c08a,bf7fb9667588a9dc6dac,bf7fb966780000000000,00000000802e599e,00000000802e599e,3a20,00003fb0,0230,1
FDIV,32,18071,64,RU,00000000907187c2,000000005026c08a,bf7fb9667588a9dc6dab,bf7fb966740000000000,00000000802e599d,00000000802e599d,3820,00005fb0,0030,1
FDIV,32,18071,64,RZ,00000000907187c2,000000005026c08a,bf7fb9667588a9dc6dab,bf7fb966740000000000,00000000802e599d,00000000802e599d,3820,00007fb0,0030,1
FDIV,32,19139,53,RN,00000000af701acc,00000000efd9c201,3f7e8d22bbb9ed8f0800,3f7e8d22b80000000000,000000000011a457,000000000011a457,3820,00001fb0,0030,1
FDIV,32,19139,53,RD,00000000af701acc,00000000efd9c201,3f7e8d22bbb9ed8f0800,3f7e8d22b80000000000,000000000011a457,000000000011a457,3820,00003fb0,0030,1
FDIV,32,19139,53,RU,00000000af701acc,00000000efd9c201,3f7e8d22bbb9ed8f1000,3f7e8d22c00000000000,000000000011a458,000000000011a458,3a20,00005fb0,0230,1
FDIV,32,19139,53,RZ,00000000af701acc,00000000efd9c201,3f7e8d22bbb9ed8f0800,3f7e8d22b80000000000,000000000011a457,000000000011a457,3820,00007fb0,0030,1
FDIV,32,19139,24,RN,00000000af701acc,00000000efd9c201,3f7e8d22bc0000000000,3f7e8d22b80000000000,000000000011a458,000000000011a457,3a20,00001fb0,0230,0
FDIV,32,19139,24,RD,00000000af701acc,00000000efd9c201,3f7e8d22bb0000000000,3f7e8d22b80000000000,000000000011a457,000000000011a457,3820,00003fb0,0030,1
FDIV,32,19139,24,RU,00000000af701acc,00000000efd9c201,3f7e8d22bc0000000000,3f7e8d22c00000000000,000000000011a458,000000000011a458,3a20,00005fb0,0230,1
FDIV,32,19139,24,RZ,00000000af701acc,00000000efd9c201,3f7e8d22bb0000000000,3f7e8d22b80000000000,000000000011a457,000000000011a457,3820,00007fb0,0030,1
FDIV,32,19139,64,RN,00000000af701acc,00000000efd9c201,3f7e8d22bbb9ed8f0a3c,3f7e8d22b80000000000,000000000011a457,000000000011a457,3a20,00001fb0,0030,1
FDIV,32,19139,64,RD,00000000af701acc,00000000efd9c201,3f7e8d22bbb9ed8f0a3b,3f7e8d22b80000000000,000000000011a457,000000000011a457,3820,00003fb0,0030,1
FDIV,32,19139,64,RU,00000000af701acc,00000000efd9c201,3f7e8d22bbb9ed8f0a3c,3f7e8d22c00000000000,000000000011a458,000000000011a458,3a20,00005fb0,0230,1
FDIV,32,19139,64,RZ,00000000af701acc,00000000efd9c201,3f7e8d22bbb9ed8f0a3b,3f7e8d22b80000000000,000000000011a457,000000000011a457,3820,00007fb0,0030,1
FDIV,32,22707,53,RN,0000000034757134,0000000075887eb6,3f7ce62aafbaa7e6e000,3f7ce62aa00000000000,0000000000073155,0000000000073155,3820,00001fb0,0030,1
FDIV,32,22707,53,RD,0000000034757134,0000000075887eb6,3f7ce62aafbaa7e6e000,3f7ce62aa00000000000,0000000000073155,0000000000073155,3820,00003fb0,0030,1
FDIV,32,22707,53,RU,0000000034757134,0000000075887eb6,3f7ce62aafbaa7e6e800,3f7ce62ac00000000000,0000000000073156,0000000000073156,3a20,00005fb0,0230,1
FDIV,32,22707,53,RZ,0000000034757134,0000000075887eb6,3f7ce62aafbaa7e6e000,3f7ce62aa00000000000,0000000000073155,0000000000073155,3820,00007fb0,0030,1
FDIV,32,22707,24,RN,0000000034757134,0000000075887eb6,3f7ce62ab00000000000,3f7ce62aa00000000000,0000000000073156,0000000000073155,3a20,00001fb0,0230,0
FDIV,32,22707,24,RD,0000000034757134,0000000075887eb6,3f7ce62aaf0000000000,3f7ce62aa00000000000,0000000000073155,0000000000073155,3820,00003fb0,0030,1
FDIV,32,22707,24,RU,0000000034757134,0000000075887eb6,3f7ce62ab00000000000,3f7ce62ac00000000000,0000000000073156,0000000000073156,3a20,00005fb0,0230,1
FDIV,32,22707,24,RZ,0000000034757134,0000000075887eb6,3f7ce62aaf0000000000,3f7ce62aa00000000000,0000000000073155,0000000000073155,3820,00007fb0,0030,1
FDIV,32,22707,64,RN,0000000034757134,0000000075887eb6,3f7ce62aafbaa7e6e3c0,3f7ce62aa00000000000,0000000000073155,0000000000073155,3a20,00001fb0,0030,1
FDIV,32,22707,64,RD,0000000034757134,0000000075887eb6,3f7ce62aafbaa7e6e3bf,3f7ce62aa00000000000,0000000000073155,0000000000073155,3820,00003fb0,0030,1
FDIV,32,22707,64,RU,0000000034757134,0000000075887eb6,3f7ce62aafbaa7e6e3c0,3f7ce62ac00000000000,0000000000073156,0000000000073156,3a20,00005fb0,0230,1
FDIV,32,22707,64,RZ,0000000034757134,0000000075887eb6,3f7ce62aafbaa7e6e3bf,3f7ce62aa00000000000,0000000000073155,0000000000073155,3820,00007fb0,0030,1
FDIV,32,22868,53,RN,0000000008389cf0,0000000047990056,3f809a723915212b5800,3f809a723a0000000000,00000000004d391d,00000000004d391d,3a20,00001fb0,0230,1
FDIV,32,22868,53,RD,0000000008389cf0,0000000047990056,3f809a723915212b5000,3f809a72380000000000,00000000004d391c,00000000004d391c,3820,00003fb0,0030,1
FDIV,32,22868,53,RU,0000000008389cf0,0000000047990056,3f809a723915212b5800,3f809a723a0000000000,00000000004d391d,00000000004d391d,3a20,00005fb0,0230,1
FDIV,32,22868,53,RZ,0000000008389cf0,0000000047990056,3f809a723915212b5000,3f809a72380000000000,00000000004d391c,00000000004d391c,3820,00007fb0,0030,1
FDIV,32,22868,24,RN,0000000008389cf0,0000000047990056,3f809a72390000000000,3f809a723a0000000000,00000000004d391c,00000000004d391d,3820,00001fb0,0030,0
FDIV,32,22868,24,RD,0000000008389cf0,0000000047990056,3f809a72390000000000,3f809a72380000000000,00000000004d391c,00000000004d391c,3820,00003fb0,0030,1
FDIV,32,22868,24,RU,0000000008389cf0,0000000047990056,3f809a723a0000000000,3f809a723a0000000000,00000000004d391d,00000000004d391d,3a20,00005fb0,0000,1
FDIV,32,22868,24,RZ,0000000008389cf0,0000000047990056,3f809a72390000000000,3f809a72380000000000,00000000004d391c,00000000004d391c,3820,00007fb0,0030,1
FDIV,32,22868,64,RN,0000000008389cf0,0000000047990056,3f809a723915212b56c5,3f809a723a0000000000,00000000004d391d,00000000004d391d,3a20,00001fb0,0230,1
FDIV,32,22868,64,RD,0000000008389cf0,0000000047990056,3f809a723915212b56c4,3f809a72380000000000,00000000004d391c,00000000004d391c,3820,00003fb0,0030,1
FDIV,32,22868,64,RU,0000000008389cf0,0000000047990056,3f809a723915212b56c5,3f809a723a0000000000,00000000004d391d,00000000004d391d,3a20,00005fb0,0230,1
FDIV,32,22868,64,RZ,0000000008389cf0,0000000047990056,3f809a723915212b56c4,3f809a72380000000000,00000000004d391c,00000000004d391c,3820,00007fb0,0030,1
FDIV,32,22948,53,RN,000000002b0de896,000000006b02557c,3f7f8b5e0a607fde2000,3f7f8b5e0c0000000000,000000000022d783,000000000022d783,3820,00001fb0,0230,1
FDIV,32,22948,53,RD,000000002b0de896,000000006b02557c,3f7f8b5e0a607fde2000,3f7f8b5e080000000000,000000000022d782,000000000022d782,3820,00003fb0,0030,1
FDIV,32,22948,53,RU,000000002b0de896,000000006b02557c,3f7f8b5e0a607fde2800,3f7f8b5e0c0000000000,000000000022d783,000000000022d783,3a20,00005fb0,0230,1
FDIV,32,22948,53,RZ,000000002b0de896,000000006b02557c,3f7f8b5e0a607fde2000,3f7f8b5e080000000000,000000000022d782,000000000022d782,3820,00007fb0,0030,1
FDIV,32,22948,24,RN,000000002b0de896,000000006b02557c,3f7f8b5e0a0000000000,3f7f8b5e0c0000000000,000000000022d782,000000000022d783,3820,00001fb0,0030,0
FDIV,32,22948,24,RD,000000002b0de896,000000006b02557c,3f7f8b5e0a0000000000,3f7f8b5e080000000000,000000000022d782,000000000022d782,3820,00003fb0,0030,1
FDIV,32,22948,24,RU,000000002b0de896,000000006b02557c,3f7f8b5e0b0000000000,3f7f8b5e0c0000000000,000000000022d783,000000000022d783,3a20,00005fb0,0230,1
FDIV,32,22948,24,RZ,000000002b0de896,000000006b02557c,3f7f8b5e0a0000000000,3f7f8b5e080000000000,000000000022d782,000000000022d782,3820,00007fb0,0030,1
FDIV,32,22948,64,RN,000000002b0de896,000000006b02557c,3f7f8b5e0a607fde2216,3f7f8b5e0c0000000000,000000000022d783,000000000022d783,3a20,00001fb0,0230,1
FDIV,32,22948,64,RD,000000002b0de896,000000006b02557c,3f7f8b5e0a607fde2215,3f7f8b5e080000000000,000000000022d782,000000000022d782,3820,00003fb0,0030,1
FDIV,32,22948,64,RU,000000002b0de896,000000006b02557c,3f7f8b5e0a607fde2216,3f7f8b5e0c0000000000,000000000022d783,000000000022d783,3a20,00005fb0,0230,1
FDIV,32,22948,64,RZ,000000002b0de896,000000006b02557c,3f7f8b5e0a607fde2215,3f7f8b5e080000000000,000000000022d782,000000000022d782,3820,00007fb0,0030,1
FDIV,32,23629,53,RN,00000000302676b5,00000000f095e467,bf7e8e26b41ef07e0800,bf7e8e26b80000000000,000000008011c4d7,000000008011c4d7,3820,00001fb0,0230,1
FDIV,32,23629,53,RD,00000000302676b5,00000000f095e467,bf7e8e26b41ef07e1000,bf7e8e26b80000000000,000000008011c4d7,000000008011c4d7,3a20,00003fb0,0230,1
FDIV,32,23629,53,RU,00000000302676b5,00000000f095e467,bf7e8e26b41ef07e0800,bf7e8e26b00000000000,000000008011c4d6,000000008011c4d6,3820,00005fb0,0030,1
FDIV,32,23629,53,RZ,00000000302676b5,00000000f095e467,bf7e8e26b41ef07e0800,bf7e8e26b00000000000,000000008011c4d6,000000008011c4d6,3820,00007fb0,0030,1
FDIV,32,23629,24,RN,00000000302676b5,00000000f095e467,bf7e8e26b40000000000,bf7e8e26b80000000000,000000008011c4d6,000000008011c4d7,3820,00001fb0,0030,0
FDIV,32,23629,24,RD,00000000302676b5,00000000f095e467,bf7e8e26b50000000000,bf7e8e26b80000000000,000000008011c4d7,000000008011c4d7,3a20,00003fb0,0230,1
FDIV,32,23629,24,RU,00000000302676b5,00000000f095e467,bf7e8e26b40000000000,bf7e8e26b00000000000,000000008011c4d6,000000008011c4d6,3820,00005fb0,0030,1
FDIV,32,23629,24,RZ,00000000302676b5,00000000f095e467,bf7e8e26b40000000000,bf7e8e26b00000000000,000000008011c4d6,000000008011c4d6,3820,00007fb0,0030,1
FDIV,32,23629,64,RN,00000000302676b5,00000000f095e467,bf7e8e26b41ef07e0bfe,bf7e8e26b80000000000,000000008011c4d7,000000008011c4d7,3a20,00001fb0,0230,1
FDIV,32,23629,64,RD,00000000302676b5,00000000f095e467,bf7e8e26b41ef07e0bfe,bf7e8e26b80000000000,000000008011c4d7,000000008011c4d7,3a20,00003fb0,0230,1
FDIV,32,23629,64,RU,00000000302676b5,00000000f095e467,bf7e8e26b41ef07e0bfd,bf7e8e26b00000000000,000000008011c4d6,000000008011c4d6,3820,00005fb0,0030,1
FDIV,32,23629,64,RZ,00000000302676b5,00000000f095e467,bf7e8e26b41ef07e0bfd,bf7e8e26b00000000000,000000008011c4d6,000000008011c4d6,3820,00007fb0,0030,1
FDIV,32,27885,53,RN,00000000972f4884,00000000567b0eaa,bf80b2bbf2c5c6da1000,bf80b2bbf20000000000,0000000080595df9,0000000080595df9,3a20,00001fb0,0030,1
FDIV,32,27885,53,RD,00000000972f4884,00000000567b0eaa,bf80b2bbf2c5c6da1000,bf80b2bbf40000000000,0000000080595dfa,0000000080595dfa,3a20,00003fb0,0230,1
FDIV,32,27885,53,RU,00000000972f4884,00000000567b0eaa,bf80b2bbf2c5c6da0800,bf80b2bbf20000000000,0000000080595df9,0000000080595df9,3820,00005fb0,0030,1
FDIV,32,27885,53,RZ,00000000972f4884,00000000567b0eaa,bf80b2bbf2c5c6da0800,bf80b2bbf20000000000,0000000080595df9,0000000080595df9,3820,00007fb0,0030,1
FDIV,32,27885,24,RN,00000000972f4884,00000000567b0eaa,bf80b2bbf30000000000,bf80b2bbf20000000000,0000000080595dfa,0000000080595df9,3a20,00001fb0,0230,0
FDIV,32,27885,24,RD,00000000972f4884,00000000567b0eaa,bf80b2bbf30000000000,bf80b2bbf40000000000,0000000080595dfa,0000000080595dfa,3a20,00003fb0,0230,1
FDIV,32,27885,24,RU,00000000972f4884,00000000567b0eaa,bf80b2bbf20000000000,bf80b2bbf20000000000,0000000080595df9,0000000080595df9,3820,00005fb0,0000,1
FDIV,32,27885,24,RZ,00000000972f4884,00000000567b0eaa,bf80b2bbf20000000000,bf80b2bbf20000000000,0000000080595df9,0000000080595df9,3820,00007fb0,0000,1
FDIV,32,27885,64,RN,00000000972f4884,00000000567b0eaa,bf80b2bbf2c5c6da0c44,bf80b2bbf20000000000,0000000080595df9,0000000080595df9,3a20,00001fb0,0030,1
FDIV,32,27885,64,RD,00000000972f4884,00000000567b0eaa,bf80b2bbf2c5c6da0c44,bf80b2bbf40000000000,0000000080595dfa,0000000080595dfa,3a20,00003fb0,0230,1
FDIV,32,27885,64,RU,00000000972f4884,00000000567b0eaa,bf80b2bbf2c5c6da0c43,bf80b2bbf20000000000,0000000080595df9,0000000080595df9,3820,00005fb0,0030,1
FDIV,32,27885,64,RZ,00000000972f4884,00000000567b0eaa,bf80b2bbf2c5c6da0c43,bf80b2bbf20000000000,0000000080595df9,0000000080595df9,3820,00007fb0,0030,1
FDIV,32,28324,53,RN,00000000b8fe3ab0,00000000f8218fe2,3f80c96ac14738964800,3f80c96ac20000000000,000000000064b561,000000000064b561,3820,00001fb0,0230,1
FDIV,32,28324,53,RD,00000000b8fe3ab0,00000000f8218fe2,3f80c96ac14738964800,3f80c96ac00000000000,000000000064b560,000000000064b560,3820,00003fb0,0030,1
FDIV,32,28324,53,RU,00000000b8fe3ab0,00000000f8218fe2,3f80c96ac14738965000,3f80c96ac20000000000,000000000064b561,000000000064b561,3a20,00005fb0,0230,1
FDIV,32,28324,53,RZ,00000000b8fe3ab0,00000000f8218fe2,3f80c96ac14738964800,3f80c96ac00000000000,000000000064b560,000000000064b560,3820,00007fb0,0030,1
FDIV,32,28324,24,RN,00000000b8fe3ab0,00000000f8218fe2,3f80c96ac10000000000,3f80c96ac20000000000,000000000064b560,000000000064b561,3820,00001fb0,0030,0
FDIV,32,28324,24,RD,00000000b8fe3ab0,00000000f8218fe2,3f80c96ac10000000000,3f80c96ac00000000000,000000000064b560,000000000064b560,3820,00003fb0,0030,1
FDIV,32,28324,24,RU,00000000b8fe3ab0,00000000f8218fe2,3f80c96ac20000000000,3f80c96ac20000000000,000000000064b561,000000000064b561,3a20,00005fb0,0000,1
FDIV,32,28324,24,RZ,00000000b8fe3ab0,00000000f8218fe2,3f80c96ac10000000000,3f80c96ac00000000000,000000000064b560,000000000064b560,3820,00007fb0,0030,1
FDIV,32,28324,64,RN,00000000b8fe3ab0,00000000f8218fe2,3f80c96ac1473896494b,3f80c96ac20000000000,000000000064b561,000000000064b561,3820,00001fb0,0230,1
FDIV,32,28324,64,RD,00000000b8fe3ab0,00000000f8218fe2,3f80c96ac1473896494b,3f80c96ac00000000000,000000000064b560,000000000064b560,3820,00003fb0,0030,1
FDIV,32,28324,64,RU,00000000b8fe3ab0,00000000f8218fe2,3f80c96ac1473896494c,3f80c96ac20000000000,000000000064b561,000000000064b561,3a20,00005fb0,0230,1
FDIV,32,28324,64,RZ,00000000b8fe3ab0,00000000f8218fe2,3f80c96ac1473896494b,3f80c96ac00000000000,000000000064b560,000000000064b560,3820,00007fb0,0030,1
FDIVR,64,2659,53,RN,5ac10ebc9e38b794,9abce5909944a928,bbfed8d756b0b5932000,bbfed8d756b0b5934000,8003635d5ac2d64c,8003635d5ac2d64d,3820,00001fb0,0030,0
FDIVR,64,2659,53,RD,5ac10ebc9e38b794,9abce5909944a928,bbfed8d756b0b5932800,bbfed8d756b0b5934000,8003635d5ac2d64d,8003635d5ac2d64d,3a20,00003fb0,0230,1
FDIVR,64,2659,53,RU,5ac10ebc9e38b794,9abce5909944a928,bbfed8d756b0b5932000,bbfed8d756b0b5930000,8003635d5ac2d64c,8003635d5ac2d64c,3820,00005fb0,0030,1
FDIVR,64,2659,53,RZ,5ac10ebc9e38b794,9abce5909944a928,bbfed8d756b0b5932000,bbfed8d756b0b5930000,8003635d5ac2d64c,8003635d5ac2d64c,3820,00007fb0,0030,1
FDIVR,64,2659,24,RN,5ac10ebc9e38b794,9abce5909944a928,bbfed8d7570000000000,bbfed8d756b0b5934000,8003635d5c000000,8003635d5ac2d64d,3a20,00001fb0,0000,0
FDIVR,64,2659,24,RD,5ac10ebc9e38b794,9abce5909944a928,bbfed8d7570000000000,bbfed8d756b0b5934000,8003635d5c000000,8003635d5ac2d64d,3a20,00003fb0,0000,0
FDIVR,64,2659,24,RU,5ac10ebc9e38b794,9abce5909944a928,bbfed8d7560000000000,bbfed8d756b0b5930000,8003635d58000000,8003635d5ac2d64c,3820,00005fb0,0000,0
FDIVR,64,2659,24,RZ,5ac10ebc9e38b794,9abce5909944a928,bbfed8d7560000000000,bbfed8d756b0b5930000,8003635d58000000,8003635d5ac2d64c,3820,00007fb0,0000,0
FDIVR,64,2659,64,RN,5ac10ebc9e38b794,9abce5909944a928,bbfed8d756b0b5932277,bbfed8d756b0b5934000,8003635d5ac2d64d,8003635d5ac2d64d,3a20,00001fb0,0230,1
FDIVR,64,2659,64,RD,5ac10ebc9e38b794,9abce5909944a928,bbfed8d756b0b5932277,bbfed8d756b0b5934000,8003635d5ac2d64d,8003635d5ac2d64d,3a20,00003fb0,0230,1
FDIVR,64,2659,64,RU,5ac10ebc9e38b794,9abce5909944a928,bbfed8d756b0b5932276,bbfed8d756b0b5930000,8003635d5ac2d64c,8003635d5ac2d64c,3820,00005fb0,0030,1
FDIVR,64,2659,64,RZ,5ac10ebc9e38b794,9abce5909944a928,bbfed8d756b0b5932276,bbfed8d756b0b5930000,8003635d5ac2d64c,8003635d5ac2d64c,3820,00007fb0,0030,1
FDIVR,64,13873,53,RN,6a2f687111413080,aa46ea126430013e,bc00bac527b11fffd800,bc00bac527b11fffd000,800bac527b11fffe,800bac527b11fffd,3a20,00001fb0,0230,0
FDIVR,64,13873,53,RD,6a2f687111413080,aa46ea126430013e,bc00bac527b11fffd800,bc00bac527b11fffe000,800bac527b11fffe,800bac527b11fffe,3a20,00003fb0,0230,1
FDIVR,64,13873,53,RU,6a2f687111413080,aa46ea126430013e,bc00bac527b11fffd000,bc00bac527b11fffd000,800bac527b11fffd,800bac527b11fffd,3820,00005fb0,0000,1
FDIVR,64,13873,53,RZ,6a2f687111413080,aa46ea126430013e,bc00bac527b11fffd000,bc00bac527b11fffd000,800bac527b11fffd,800bac527b11fffd,3820,00007fb0,0000,1
FDIVR,64,13873,24,RN,6a2f687111413080,aa46ea126430013e,bc00bac5280000000000,bc00bac527b11fffd000,800bac5280000000,800bac527b11fffd,3a20,00001fb0,0000,0
FDIVR,64,13873,24,RD,6a2f687111413080,aa46ea126430013e,bc00bac5280000000000,bc00bac527b11fffe000,800bac5280000000,800bac527b11fffe,3a20,00003fb0,0000,0
FDIVR,64,13873,24,RU,6a2f687111413080,aa46ea126430013e,bc00bac5270000000000,bc00bac527b11fffd000,800bac5270000000,800bac527b11fffd,3820,00005fb0,0000,0
FDIVR,64,13873,24,RZ,6a2f687111413080,aa46ea126430013e,bc00bac5270000000000,bc00bac527b11fffd000,800bac5270000000,800bac527b11fffd,3820,00007fb0,0000,0
FDIVR,64,13873,64,RN,6a2f687111413080,aa46ea126430013e,bc00bac527b11fffd4aa,bc00bac527b11fffd000,800bac527b11fffd,800bac527b11fffd,3a20,00001fb0,0030,1
FDIVR,64,13873,64,RD,6a2f687111413080,aa46ea126430013e,bc00bac527b11fffd4aa,bc00bac527b11fffe000,800bac527b11fffe,800bac527b11fffe,3a20,00003fb0,0230,1
FDIVR,64,13873,64,RU,6a2f687111413080,aa46ea126430013e,bc00bac527b11fffd4a9,bc00bac527b11fffd000,800bac527b11fffd,800bac527b11fffd,3820,00005fb0,0030,1
FDIVR,64,13873,64,RZ,6a2f687111413080,aa46ea126430013e,bc00bac527b11fffd4a9,bc00bac527b11fffd000,800bac527b11fffd,800bac527b11fffd,3820,00007fb0,0030,1
FDIVR,64,54012,53,RN,d6e1285f88cd33cd,16f3b173830ba484,bc0092ea412baeb1e800,bc0092ea412baeb1f000,80092ea412baeb1e,80092ea412baeb1f,3820,00001fb0,0030,0
FDIVR,64,54012,53,RD,d6e1285f88cd33cd,16f3b173830ba484,bc0092ea412baeb1f000,bc0092ea412baeb1f000,80092ea412baeb1f,80092ea412baeb1f,3a20,00003fb0,0000,1
FDIVR,64,54012,53,RU,d6e1285f88cd33cd,16f3b173830ba484,bc0092ea412baeb1e800,bc0092ea412baeb1e000,80092ea412baeb1e,80092ea412baeb1e,3820,00005fb0,0030,1
FDIVR,64,54012,53,RZ,d6e1285f88cd33cd,16f3b173830ba484,bc0092ea412baeb1e800,bc0092ea412baeb1e000,80092ea412baeb1e,80092ea412baeb1e,3820,00007fb0,0030,1
FDIVR,64,54012,24,RN,d6e1285f88cd33cd,16f3b173830ba484,bc0092ea410000000000,bc0092ea412baeb1f000,80092ea410000000,80092ea412baeb1f,3820,00001fb0,0000,0
FDIVR,64,54012,24,RD,d6e1285f88cd33cd,16f3b173830ba484,bc0092ea420000000000,bc0092ea412baeb1f000,80092ea420000000,80092ea412baeb1f,3a20,00003fb0,0000,0
FDIVR,64,54012,24,RU,d6e1285f88cd33cd,16f3b173830ba484,bc0092ea410000000000,bc0092ea412baeb1e000,80092ea410000000,80092ea412baeb1e,3820,00005fb0,0000,0
FDIVR,64,54012,24,RZ,d6e1285f88cd33cd,16f3b173830ba484,bc0092ea410000000000,bc0092ea412baeb1e000,80092ea410000000,80092ea412baeb1e,3820,00007fb0,0000,0
FDIVR,64,54012,64,RN,d6e1285f88cd33cd,16f3b173830ba484,bc0092ea412baeb1ebde,bc0092ea412baeb1f000,80092ea412baeb1f,80092ea412baeb1f,3820,00001fb0,0230,1
FDIVR,64,54012,64,RD,d6e1285f88cd33cd,16f3b173830ba484,bc0092ea412baeb1ebdf,bc0092ea412baeb1f000,80092ea412baeb1f,80092ea412baeb1f,3a20,00003fb0,0230,1
FDIVR,64,54012,64,RU,d6e1285f88cd33cd,16f3b173830ba484,bc0092ea412baeb1ebde,bc0092ea412baeb1e000,80092ea412baeb1e,80092ea412baeb1e,3820,00005fb0,0030,1
FDIVR,64,54012,64,RZ,d6e1285f88cd33cd,16f3b173830ba484,bc0092ea412baeb1ebde,bc0092ea412baeb1e000,80092ea412baeb1e,80092ea412baeb1e,3820,00007fb0,0030,1
FDIVR,64,55837,53,RN,d240cbebbaaf05f8,122c37f4f84a9fd2,bbfdd70aece71a084000,bbfdd70aece71a088000,8001ae15d9ce3410,8001ae15d9ce3411,3820,00001fb0,0030,0
FDIVR,64,55837,53,RD,d240cbebbaaf05f8,122c37f4f84a9fd2,bbfdd70aece71a084800,bbfdd70aece71a088000,8001ae15d9ce3411,8001ae15d9ce3411,3a20,00003fb0,0230,1
FDIVR,64,55837,53,RU,d240cbebbaaf05f8,122c37f4f84a9fd2,bbfdd70aece71a084000,bbfdd70aece71a080000,8001ae15d9ce3410,8001ae15d9ce3410,3820,00005fb0,0030,1
FDIVR,64,55837,53,RZ,d240cbebbaaf05f8,122c37f4f84a9fd2,bbfdd70aece71a084000,bbfdd70aece71a080000,8001ae15d9ce3410,8001ae15d9ce3410,3820,00007fb0,0030,1
FDIVR,64,55837,24,RN,d240cbebbaaf05f8,122c37f4f84a9fd2,bbfdd70aed0000000000,bbfdd70aece71a088000,8001ae15da000000,8001ae15d9ce3411,3a20,00001fb0,0000,0
FDIVR,64,55837,24,RD,d240cbebbaaf05f8,122c37f4f84a9fd2,bbfdd70aed0000000000,bbfdd70aece71a088000,8001ae15da000000,8001ae15d9ce3411,3a20,00003fb0,0000,0
FDIVR,64,55837,24,RU,d240cbebbaaf05f8,122c37f4f84a9fd2,bbfdd70aec0000000000,bbfdd70aece71a080000,8001ae15d8000000,8001ae15d9ce3410,3820,00005fb0,0000,0
FDIVR,64,55837,24,RZ,d240cbebbaaf05f8,122c37f4f84a9fd2,bbfdd70aec0000000000,bbfdd70aece71a080000,8001ae15d8000000,8001ae15d9ce3410,3820,00007fb0,0000,0
FDIVR,64,55837,64,RN,d240cbebbaaf05f8,122c37f4f84a9fd2,bbfdd70aece71a084298,bbfdd70aece71a088000,8001ae15d9ce3411,8001ae15d9ce3411,3820,00001fb0,0230,1
FDIVR,64,55837,64,RD,d240cbebbaaf05f8,122c37f4f84a9fd2,bbfdd70aece71a084299,bbfdd70aece71a088000,8001ae15d9ce3411,8001ae15d9ce3411,3a20,00003fb0,0230,1
FDIVR,64,55837,64,RU,d240cbebbaaf05f8,122c37f4f84a9fd2,bbfdd70aece71a084298,bbfdd70aece71a080000,8001ae15d9ce3410,8001ae15d9ce3410,3820,00005fb0,0030,1
FDIVR,64,55837,64,RZ,d240cbebbaaf05f8,122c37f4f84a9fd2,bbfdd70aece71a084298,bbfdd70aece71a080000,8001ae15d9ce3410,8001ae15d9ce3410,3820,00007fb0,0030,1
FDIVR,64,77390,53,RN,f4abf78386cf252e,34bf45b09bf6c7b0,bc008f20d193fa1a6800,bc008f20d193fa1a7000,8008f20d193fa1a6,8008f20d193fa1a7,3820,00001fb0,0030,0
FDIVR,64,77390,53,RD,f4abf78386cf252e,34bf45b09bf6c7b0,bc008f20d193fa1a7000,bc008f20d193fa1a7000,8008f20d193fa1a7,8008f20d193fa1a7,3a20,00003fb0,0000,1
FDIVR,64,77390,53,RU,f4abf78386cf252e,34bf45b09bf6c7b0,bc008f20d193fa1a6800,bc008f20d193fa1a6000,8008f20d193fa1a6,8008f20d193fa1a6,3820,00005fb0,0030,1
FDIVR,64,77390,53,RZ,f4abf78386cf252e,34bf45b09bf6c7b0,bc008f20d193fa1a6800,bc008f20d193fa1a6000,8008f20d193fa1a6,8008f20d193fa1a6,3820,00007fb0,0030,1
FDIVR,64,77390,24,RN,f4abf78386cf252e,34bf45b09bf6c7b0,bc008f20d20000000000,bc008f20d193fa1a7000,8008f20d20000000,8008f20d193fa1a7,3a20,00001fb0,0000,0
FDIVR,64,77390,24,RD,f4abf78386cf252e,34bf45b09bf6c7b0,bc008f20d20000000000,bc008f20d193fa1a7000,8008f20d20000000,8008f20d193fa1a7,3a20,00003fb0,0000,0
FDIVR,64,77390,24,RU,f4abf78386cf252e,34bf45b09bf6c7b0,bc008f20d10000000000,bc008f20d193fa1a6000,8008f20d10000000,8008f20d193fa1a6,3820,00005fb0,0000,0
FDIVR,64,77390,24,RZ,f4abf78386cf252e,34bf45b09bf6c7b0,bc008f20d10000000000,bc008f20d193fa1a6000,8008f20d10000000,8008f20d193fa1a6,3820,00007fb0,0000,0
FDIVR,64,77390,64,RN,f4abf78386cf252e,34bf45b09bf6c7b0,bc008f20d193fa1a69bb,bc008f20d193fa1a7000,8008f20d193fa1a7,8008f20d193fa1a7,3a20,00001fb0,0230,1
FDIVR,64,77390,64,RD,f4abf78386cf252e,34bf45b09bf6c7b0,bc008f20d193fa1a69bb,bc008f20d193fa1a7000,8008f20d193fa1a7,8008f20d193fa1a7,3a20,00003fb0,0230,1
FDIVR,64,77390,64,RU,f4abf78386cf252e,34bf45b09bf6c7b0,bc008f20d193fa1a69ba,bc008f20d193fa1a6000,8008f20d193fa1a6,8008f20d193fa1a6,3820,00005fb0,0030,1
FDIVR,64,77390,64,RZ,f4abf78386cf252e,34bf45b09bf6c7b0,bc008f20d193fa1a69ba,bc008f20d193fa1a6000,8008f20d193fa1a6,8008f20d193fa1a6,3820,00007fb0,0030,1
FDIVR,64,79184,53,RN,5928b84c6506bf1d,19426e5c5756593b,3c00bedf72f5d8d88800,3c00bedf72f5d8d89000,000bedf72f5d8d88,000bedf72f5d8d89,3820,00001fb0,0030,0
FDIVR,64,79184,53,RD,5928b84c6506bf1d,19426e5c5756593b,3c00bedf72f5d8d88800,3c00bedf72f5d8d88000,000bedf72f5d8d88,000bedf72f5d8d88,3820,00003fb0,0030,1
FDIVR,64,79184,53,RU,5928b84c6506bf1d,19426e5c5756593b,3c00bedf72f5d8d89000,3c00bedf72f5d8d89000,000bedf72f5d8d89,000bedf72f5d8d89,3a20,00005fb0,0000,1
FDIVR,64,79184,53,RZ,5928b84c6506bf1d,19426e5c5756593b,3c00bedf72f5d8d88800,3c00bedf72f5d8d88000,000bedf72f5d8d88,000bedf72f5d8d88,3820,00007fb0,0030,1
FDIVR,64,79184,24,RN,5928b84c6506bf1d,19426e5c5756593b,3c00bedf730000000000,3c00bedf72f5d8d89000,000bedf730000000,000bedf72f5d8d89,3a20,00001fb0,0000,0
FDIVR,64,79184,24,RD,5928b84c6506bf1d,19426e5c5756593b,3c00bedf720000000000,3c00bedf72f5d8d88000,000bedf720000000,000bedf72f5d8d88,3820,00003fb0,0000,0
FDIVR,64,79184,24,RU,5928b84c6506bf1d,19426e5c5756593b,3c00bedf730000000000,3c00bedf72f5d8d89000,000bedf730000000,000bedf72f5d8d89,3a20,00005fb0,0000,0
FDIVR,64,79184,24,RZ,5928b84c6506bf1d,19426e5c5756593b,3c00bedf720000000000,3c00bedf72f5d8d88000,000bedf720000000,000bedf72f5d8d88,3820,00007fb0,0000,0
FDIVR,64,79184,64,RN,5928b84c6506bf1d,19426e5c5756593b,3c00bedf72f5d8d88a3f,3c00bedf72f5d8d89000,000bedf72f5d8d89,000bedf72f5d8d89,3820,00001fb0,0230,1
FDIVR,64,79184,64,RD,5928b84c6506bf1d,19426e5c5756593b,3c00bedf72f5d8d88a3f,3c00bedf72f5d8d88000,000bedf72f5d8d88,000bedf72f5d8d88,3820,00003fb0,0030,1
FDIVR,64,79184,64,RU,5928b84c6506bf1d,19426e5c5756593b,3c00bedf72f5d8d88a40,3c00bedf72f5d8d89000,000bedf72f5d8d89,000bedf72f5d8d89,3a20,00005fb0,0230,1
FDIVR,64,79184,64,RZ,5928b84c6506bf1d,19426e5c5756593b,3c00bedf72f5d8d88a3f,3c00bedf72f5d8d88000,000bedf72f5d8d88,000bedf72f5d8d88,3820,00007fb0,0030,1
FDIVR,64,85329,53,RN,d458a281a5c11923,145475bdf1b84603,bbfed49d9b05bb742000,bbfed49d9b05bb744000,800352766c16edd0,800352766c16edd1,3820,00001fb0,0030,0
FDIVR,64,85329,53,RD,d458a281a5c11923,145475bdf1b84603,bbfed49d9b05bb742800,bbfed49d9b05bb744000,800352766c16edd1,800352766c16edd1,3a20,00003fb0,0230,1
FDIVR,64,85329,53,RU,d458a281a5c11923,145475bdf1b84603,bbfed49d9b05bb742000,bbfed49d9b05bb740000,800352766c16edd0,800352766c16edd0,3820,00005fb0,0030,1
FDIVR,64,85329,53,RZ,d458a281a5c11923,145475bdf1b84603,bbfed49d9b05bb742000,bbfed49d9b05bb740000,800352766c16edd0,800352766c16edd0,3820,00007fb0,0030,1
FDIVR,64,85329,24,RN,d458a281a5c11923,145475bdf1b84603,bbfed49d9b0000000000,bbfed49d9b05bb744000,800352766c000000,800352766c16edd1,3820,00001fb0,0000,0
FDIVR,64,85329,24,RD,d458a281a5c11923,145475bdf1b84603,bbfed49d9c0000000000,bbfed49d9b05bb744000,8003527670000000,800352766c16edd1,3a20,00003fb0,0000,0
FDIVR,64,85329,24,RU,d458a281a5c11923,145475bdf1b84603,bbfed49d9b0000000000,bbfed49d9b05bb740000,800352766c000000,800352766c16edd0,3820,00005fb0,0000,0
FDIVR,64,85329,24,RZ,d458a281a5c11923,145475bdf1b84603,bbfed49d9b0000000000,bbfed49d9b05bb740000,800352766c000000,800352766c16edd0,3820,00007fb0,0000,0
FDIVR,64,85329,64,RN,d458a281a5c11923,145475bdf1b84603,bbfed49d9b05bb74204d,bbfed49d9b05bb744000,800352766c16edd1,800352766c16edd1,3a20,00001fb0,0230,1
FDIVR,64,85329,64,RD,d458a281a5c11923,145475bdf1b84603,bbfed49d9b05bb74204d,bbfed49d9b05bb744000,800352766c16edd1,800352766c16edd1,3a20,00003fb0,0230,1
FDIVR,64,85329,64,RU,d458a281a5c11923,145475bdf1b84603,bbfed49d9b05bb74204c,bbfed49d9b05bb740000,800352766c16edd0,800352766c16edd0,3820,00005fb0,0030,1
FDIVR,64,85329,64,RZ,d458a281a5c11923,145475bdf1b84603,bbfed49d9b05bb74204c,bbfed49d9b05bb740000,800352766c16edd0,800352766c16edd0,3820,00007fb0,0030,1
FDIVR,64,94588,53,RN,51a357c5279bf4a2,918facb14ee213c2,bbfdd19ab7eb124dc000,bbfdd19ab7eb124d8000,8001a3356fd6249c,8001a3356fd6249b,3a20,00001fb0,0230,0
FDIVR,64,94588,53,RD,51a357c5279bf4a2,918facb14ee213c2,bbfdd19ab7eb124dc000,bbfdd19ab7eb124e0000,8001a3356fd6249c,8001a3356fd6249c,3a20,00003fb0,0230,1
FDIVR,64,94588,53,RU,51a357c5279bf4a2,918facb14ee213c2,bbfdd19ab7eb124db800,bbfdd19ab7eb124d8000,8001a3356fd6249b,8001a3356fd6249b,3820,00005fb0,0030,1
FDIVR,64,94588,53,RZ,51a357c5279bf4a2,918facb14ee213c2,bbfdd19ab7eb124db800,bbfdd19ab7eb124d8000,8001a3356fd6249b,8001a3356fd6249b,3820,00007fb0,0030,1
FDIVR,64,94588,24,RN,51a357c5279bf4a2,918facb14ee213c2,bbfdd19ab80000000000,bbfdd19ab7eb124d8000,8001a33570000000,8001a3356fd6249b,3a20,00001fb0,0000,0
FDIVR,64,94588,24,RD,51a357c5279bf4a2,918facb14ee213c2,bbfdd19ab80000000000,bbfdd19ab7eb124e0000,8001a33570000000,8001a3356fd6249c,3a20,00003fb0,0000,0
FDIVR,64,94588,24,RU,51a357c5279bf4a2,918facb14ee213c2,bbfdd19ab70000000000,bbfdd19ab7eb124d8000,8001a3356e000000,8001a3356fd6249b,3820,00005fb0,0000,0
FDIVR,64,94588,24,RZ,51a357c5279bf4a2,918facb14ee213c2,bbfdd19ab70000000000,bbfdd19ab7eb124d8000,8001a3356e000000,8001a3356fd6249b,3820,00007fb0,0000,0
FDIVR,64,94588,64,RN,51a357c5279bf4a2,918facb14ee213c2,bbfdd19ab7eb124dbf91,bbfdd19ab7eb124d8000,8001a3356fd6249b,8001a3356fd6249b,3a20,00001fb0,0030,1
FDIVR,64,94588,64,RD,51a357c5279bf4a2,918facb14ee213c2,bbfdd19ab7eb124dbf91,bbfdd19ab7eb124e0000,8001a3356fd6249c,8001a3356fd6249c,3a20,00003fb0,0230,1
FDIVR,64,94588,64,RU,51a357c5279bf4a2,918facb14ee213c2,bbfdd19ab7eb124dbf90,bbfdd19ab7eb124d8000,8001a3356fd6249b,8001a3356fd6249b,3820,00005fb0,0030,1
FDIVR,64,94588,64,RZ,51a357c5279bf4a2,918facb14ee213c2,bbfdd19ab7eb124dbf90,bbfdd19ab7eb124d8000,8001a3356fd6249b,8001a3356fd6249b,3820,00007fb0,0030,1
FDIVR,64,96412,53,RN,4512cd6f2f1d7cfb,850807862a1a8605,bbfea39532a6538d2000,bbfea39532a6538d4000,80028e54ca994e34,80028e54ca994e35,3820,00001fb0,0030,0
FDIVR,64,96412,53,RD,4512cd6f2f1d7cfb,850807862a1a8605,bbfea39532a6538d2800,bbfea39532a6538d4000,80028e54ca994e35,80028e54ca994e35,3a20,00003fb0,0230,1
FDIVR,64,96412,53,RU,4512cd6f2f1d7cfb,850807862a1a8605,bbfea39532a6538d2000,bbfea39532a6538d0000,80028e54ca994e34,80028e54ca994e34,3820,00005fb0,0030,1
FDIVR,64,96412,53,RZ,4512cd6f2f1d7cfb,850807862a1a8605,bbfea39532a6538d2000,bbfea39532a6538d0000,80028e54ca994e34,80028e54ca994e34,3820,00007fb0,0030,1
FDIVR,64,96412,24,RN,4512cd6f2f1d7cfb,850807862a1a8605,bbfea395330000000000,bbfea39532a6538d4000,80028e54cc000000,80028e54ca994e35,3a20,00001fb0,0000,0
FDIVR,64,96412,24,RD,4512cd6f2f1d7cfb,850807862a1a8605,bbfea395330000000000,bbfea39532a6538d4000,80028e54cc000000,80028e54ca994e35,3a20,00003fb0,0000,0
FDIVR,64,96412,24,RU,4512cd6f2f1d7cfb,850807862a1a8605,bbfea395320000000000,bbfea39532a6538d0000,80028e54c8000000,80028e54ca994e34,3820,00005fb0,0000,0
FDIVR,64,96412,24,RZ,4512cd6f2f1d7cfb,850807862a1a8605,bbfea395320000000000,bbfea39532a6538d0000,80028e54c8000000,80028e54ca994e34,3820,00007fb0,0000,0
FDIVR,64,96412,64,RN,4512cd6f2f1d7cfb,850807862a1a8605,bbfea39532a6538d2120,bbfea39532a6538d4000,80028e54ca994e35,80028e54ca994e35,3820,00001fb0,0230,1
FDIVR,64,96412,64,RD,4512cd6f2f1d7cfb,850807862a1a8605,bbfea39532a6538d2121,bbfea39532a6538d4000,80028e54ca994e35,80028e54ca994e35,3a20,00003fb0,0230,1
FDIVR,64,96412,64,RU,4512cd6f2f1d7cfb,850807862a1a8605,bbfea39532a6538d2120,bbfea39532a6538d0000,80028e54ca994e34,80028e54ca994e34,3820,00005fb0,0030,1
FDIVR,64,96412,64,RZ,4512cd6f2f1d7cfb,850807862a1a8605,bbfea39532a6538d2120,bbfea39532a6538d0000,80028e54ca994e34,80028e54ca994e34,3820,00007fb0,0030,1
FDIVR,64,102795,53,RN,690779ba6b851033,a92169ab81c4c742,bc00bde2d3b3c2b52800,bc00bde2d3b3c2b53000,800bde2d3b3c2b52,800bde2d3b3c2b53,3820,00001fb0,0030,0
FDIVR,64,102795,53,RD,690779ba6b851033,a92169ab81c4c742,bc00bde2d3b3c2b53000,bc00bde2d3b3c2b53000,800bde2d3b3c2b53,800bde2d3b3c2b53,3a20,00003fb0,0000,1
FDIVR,64,102795,53,RU,690779ba6b851033,a92169ab81c4c742,bc00bde2d3b3c2b52800,bc00bde2d3b3c2b52000,800bde2d3b3c2b52,800bde2d3b3c2b52,3820,00005fb0,0030,1
FDIVR,64,102795,53,RZ,690779ba6b851033,a92169ab81c4c742,bc00bde2d3b3c2b52800,bc00bde2d3b3c2b52000,800bde2d3b3c2b52,800bde2d3b3c2b52,3820,00007fb0,0030,1
FDIVR,64,102795,24,RN,690779ba6b851033,a92169ab81c4c742,bc00bde2d40000000000,bc00bde2d3b3c2b53000,800bde2d40000000,800bde2d3b3c2b53,3a20,00001fb0,0000,0
FDIVR,64,102795,24,RD,690779ba6b851033,a92169ab81c4c742,bc00bde2d40000000000,bc00bde2d3b3c2b53000,800bde2d40000000,800bde2d3b3c2b53,3a20,00003fb0,0000,0
FDIVR,64,102795,24,RU,690779ba6b851033,a92169ab81c4c742,bc00bde2d30000000000,bc00bde2d3b3c2b52000,800bde2d30000000,800bde2d3b3c2b52,3820,00005fb0,0000,0
FDIVR,64,102795,24,RZ,690779ba6b851033,a92169ab81c4c742,bc00bde2d30000000000,bc00bde2d3b3c2b52000,800bde2d30000000,800bde2d3b3c2b52,3820,00007fb0,0000,0
FDIVR,64,102795,64,RN,690779ba6b851033,a92169ab81c4c742,bc00bde2d3b3c2b52a0e,bc00bde2d3b3c2b53000,800bde2d3b3c2b53,800bde2d3b3c2b53,3820,00001fb0,0230,1
FDIVR,64,102795,64,RD,690779ba6b851033,a92169ab81c4c742,bc00bde2d3b3c2b52a0f,bc00bde2d3b3c2b53000,800bde2d3b3c2b53,800bde2d3b3c2b53,3a20,00003fb0,0230,1
FDIVR,64,102795,64,RU,690779ba6b851033,a92169ab81c4c742,bc00bde2d3b3c2b52a0e,bc00bde2d3b3c2b52000,800bde2d3b3c2b52,800bde2d3b3c2b52,3820,00005fb0,0030,1
FDIVR,64,102795,64,RZ,690779ba6b851033,a92169ab81c4c742,bc00bde2d3b3c2b52a0e,bc00bde2d3b3c2b52000,800bde2d3b3c2b52,800bde2d3b3c2b52,3820,00007fb0,0030,1
FDIVR,64,106614,53,RN,796cdc1eaf48d493,b980a0b41df7a9b2,bc00937ee80678a8d800,bc00937ee80678a8d000,800937ee80678a8e,800937ee80678a8d,3a20,00001fb0,0230,0
FDIVR,64,106614,53,RD,796cdc1eaf48d493,b980a0b41df7a9b2,bc00937ee80678a8d800,bc00937ee80678a8e000,800937ee80678a8e,800937ee80678a8e,3a20,00003fb0,0230,1
FDIVR,64,106614,53,RU,796cdc1eaf48d493,b980a0b41df7a9b2,bc00937ee80678a8d000,bc00937ee80678a8d000,800937ee80678a8d,800937ee80678a8d,3820,00005fb0,0000,1
FDIVR,64,106614,53,RZ,796cdc1eaf48d493,b980a0b41df7a9b2,bc00937ee80678a8d000,bc00937ee80678a8d000,800937ee80678a8d,800937ee80678a8d,3820,00007fb0,0000,1
FDIVR,64,106614,24,RN,796cdc1eaf48d493,b980a0b41df7a9b2,bc00937ee80000000000,bc00937ee80678a8d000,800937ee80000000,800937ee80678a8d,3820,00001fb0,0000,0
FDIVR,64,106614,24,RD,796cdc1eaf48d493,b980a0b41df7a9b2,bc00937ee90000000000,bc00937ee80678a8e000,800937ee90000000,800937ee80678a8e,3a20,00003fb0,0000,0
FDIVR,64,106614,24,RU,796cdc1eaf48d493,b980a0b41df7a9b2,bc00937ee80000000000,bc00937ee80678a8d000,800937ee80000000,800937ee80678a8d,3820,00005fb0,0000,0
FDIVR,64,106614,24,RZ,796cdc1eaf48d493,b980a0b41df7a9b2,bc00937ee80000000000,bc00937ee80678a8d000,800937ee80000000,800937ee80678a8d,3820,00007fb0,0000,0
FDIVR,64,106614,64,RN,796cdc1eaf48d493,b980a0b41df7a9b2,bc00937ee80678a8d508,bc00937ee80678a8d000,800937ee80678a8d,800937ee80678a8d,3a20,00001fb0,0030,1
FDIVR,64,106614,64,RD,796cdc1eaf48d493,b980a0b41df7a9b2,bc00937ee80678a8d508,bc00937ee80678a8e000,800937ee80678a8e,800937ee80678a8e,3a20,00003fb0,0230,1
FDIVR,64,106614,64,RU,796cdc1eaf48d493,b980a0b41df7a9b2,bc00937ee80678a8d507,bc00937ee80678a8d000,800937ee80678a8d,800937ee80678a8d,3820,00005fb0,0030,1
FDIVR,64,106614,64,RZ,796cdc1eaf48d493,b980a0b41df7a9b2,bc00937ee80678a8d507,bc00937ee80678a8d000,800937ee80678a8d,800937ee80678a8d,3820,00007fb0,0030,1
FDIVR,64,130481,53,RN,f621cc32b3797f61,b5fd89bb21ef55b9,3bfcd46fad3060218000,3bfcd46fad3060210000,0000d46fad306022,0000d46fad306021,3a20,00001fb0,0230,0
FDIVR,64,130481,53,RD,f621cc32b3797f61,b5fd89bb21ef55b9,3bfcd46fad3060217800,3bfcd46fad3060210000,0000d46fad306021,0000d46fad306021,3820,00003fb0,0030,1
FDIVR,64,130481,53,RU,f621cc32b3797f61,b5fd89bb21ef55b9,3bfcd46fad3060218000,3bfcd46fad3060220000,0000d46fad306022,0000d46fad306022,3a20,00005fb0,0230,1
FDIVR,64,130481,53,RZ,f621cc32b3797f61,b5fd89bb21ef55b9,3bfcd46fad3060217800,3bfcd46fad3060210000,0000d46fad306021,0000d46fad306021,3820,00007fb0,0030,1
FDIVR,64,130481,24,RN,f621cc32b3797f61,b5fd89bb21ef55b9,3bfcd46fad0000000000,3bfcd46fad3060210000,0000d46fad000000,0000d46fad306021,3820,00001fb0,0000,0
FDIVR,64,130481,24,RD,f621cc32b3797f61,b5fd89bb21ef55b9,3bfcd46fad0000000000,3bfcd46fad3060210000,0000d46fad000000,0000d46fad306021,3820,00003fb0,0000,0
FDIVR,64,130481,24,RU,f621cc32b3797f61,b5fd89bb21ef55b9,3bfcd46fae0000000000,3bfcd46fad3060220000,0000d46fae000000,0000d46fad306022,3a20,00005fb0,0000,0
FDIVR,64,130481,24,RZ,f621cc32b3797f61,b5fd89bb21ef55b9,3bfcd46fad0000000000,3bfcd46fad3060210000,0000d46fad000000,0000d46fad306021,3820,00007fb0,0000,0
FDIVR,64,130481,64,RN,f621cc32b3797f61,b5fd89bb21ef55b9,3bfcd46fad3060217f47,3bfcd46fad3060210000,0000d46fad306021,0000d46fad306021,3820,00001fb0,0030,1
FDIVR,64,130481,64,RD,f621cc32b3797f61,b5fd89bb21ef55b9,3bfcd46fad3060217f47,3bfcd46fad3060210000,0000d46fad306021,0000d46fad306021,3820,00003fb0,0030,1
FDIVR,64,130481,64,RU,f621cc32b3797f61,b5fd89bb21ef55b9,3bfcd46fad3060217f48,3bfcd46fad3060220000,0000d46fad306022,0000d46fad306022,3a20,00005fb0,0230,1
FDIVR,64,130481,64,RZ,f621cc32b3797f61,b5fd89bb21ef55b9,3bfcd46fad3060217f47,3bfcd46fad3060210000,0000d46fad306021,0000d46fad306021,3820,00007fb0,0030,1
FDIVR,64,135876,53,RN,5b02f3e01d68d802,9b19d53f3c1aafc5,bc00ae77bc1828085800,bc00ae77bc1828085000,800ae77bc1828086,800ae77bc1828085,3a20,00001fb0,0230,0
FDIVR,64,135876,53,RD,5b02f3e01d68d802,9b19d53f3c1aafc5,bc00ae77bc1828085800,bc00ae77bc1828086000,800ae77bc1828086,800ae77bc1828086,3a20,00003fb0,0230,1
FDIVR,64,135876,53,RU,5b02f3e01d68d802,9b19d53f3c1aafc5,bc00ae77bc1828085000,bc00ae77bc1828085000,800ae77bc1828085,800ae77bc1828085,3820,00005fb0,0000,1
FDIVR,64,135876,53,RZ,5b02f3e01d68d802,9b19d53f3c1aafc5,bc00ae77bc1828085000,bc00ae77bc1828085000,800ae77bc1828085,800ae77bc1828085,3820,00007fb0,0000,1
FDIVR,64,135876,24,RN,5b02f3e01d68d802,9b19d53f3c1aafc5,bc00ae77bc0000000000,bc00ae77bc1828085000,800ae77bc0000000,800ae77bc1828085,3820,00001fb0,0000,0
FDIVR,64,135876,24,RD,5b02f3e01d68d802,9b19d53f3c1aafc5,bc00ae77bd0000000000,bc00ae77bc1828086000,800ae77bd0000000,800ae77bc1828086,3a20,00003fb0,0000,0
FDIVR,64,135876,24,RU,5b02f3e01d68d802,9b19d53f3c1aafc5,bc00ae77bc0000000000,bc00ae77bc1828085000,800ae77bc0000000,800ae77bc1828085,3820,00005fb0,0000,0
FDIVR,64,135876,24,RZ,5b02f3e01d68d802,9b19d53f3c1aafc5,bc00ae77bc0000000000,bc00ae77bc1828085000,800ae77bc0000000,800ae77bc1828085,3820,00007fb0,0000,0
FDIVR,64,135876,64,RN,5b02f3e01d68d802,9b19d53f3c1aafc5,bc00ae77bc18280855a3,bc00ae77bc1828085000,800ae77bc1828085,800ae77bc1828085,3a20,00001fb0,0030,1
FDIVR,64,135876,64,RD,5b02f3e01d68d802,9b19d53f3c1aafc5,bc00ae77bc18280855a3,bc00ae77bc1828086000,800ae77bc1828086,800ae77bc1828086,3a20,00003fb0,0230,1
FDIVR,64,135876,64,RU,5b02f3e01d68d802,9b19d53f3c1aafc5,bc00ae77bc18280855a2,bc00ae77bc1828085000,800ae77bc1828085,800ae77bc1828085,3820,00005fb0,0030,1
FDIVR,64,135876,64,RZ,5b02f3e01d68d802,9b19d53f3c1aafc5,bc00ae77bc18280855a2,bc00ae77bc1828085000,800ae77bc1828085,800ae77bc1828085,3820,00007fb0,0030,1
FDIVR,64,141161,53,RN,c5a331d7558c88e5,8587256577501922,3bfd9a5990f401d2c000,3bfd9a5990f401d28000,000134b321e803a6,000134b321e803a5,3a20,00001fb0,0230,0
FDIVR,64,141161,53,RD,c5a331d7558c88e5,8587256577501922,3bfd9a5990f401d2b800,3bfd9a5990f401d28000,000134b321e803a5,000134b321e803a5,3820,00003fb0,0030,1
FDIVR,64,141161,53,RU,c5a331d7558c88e5,8587256577501922,3bfd9a5990f401d2c000,3bfd9a5990f401d30000,000134b321e803a6,000134b321e803a6,3a20,00005fb0,0230,1
FDIVR,64,141161,53,RZ,c5a331d7558c88e5,8587256577501922,3bfd9a5990f401d2b800,3bfd9a5990f401d28000,000134b321e803a5,000134b321e803a5,3820,00007fb0,0030,1
FDIVR,64,141161,24,RN,c5a331d7558c88e5,8587256577501922,3bfd9a59910000000000,3bfd9a5990f401d28000,000134b322000000,000134b321e803a5,3a20,00001fb0,0000,0
FDIVR,64,141161,24,RD,c5a331d7558c88e5,8587256577501922,3bfd9a59900000000000,3bfd9a5990f401d28000,000134b320000000,000134b321e803a5,3820,00003fb0,0000,0
FDIVR,64,141161,24,RU,c5a331d7558c88e5,8587256577501922,3bfd9a59910000000000,3bfd9a5990f401d30000,000134b322000000,000134b321e803a6,3a20,00005fb0,0000,0
FDIVR,64,141161,24,RZ,c5a331d7558c88e5,8587256577501922,3bfd9a59900000000000,3bfd9a5990f401d28000,000134b320000000,000134b321e803a5,3820,00007fb0,0000,0
FDIVR,64,141161,64,RN,c5a331d7558c88e5,8587256577501922,3bfd9a5990f401d2bf2c,3bfd9a5990f401d28000,000134b321e803a5,000134b321e803a5,3a20,00001fb0,0030,1
FDIVR,64,141161,64,RD,c5a331d7558c88e5,8587256577501922,3bfd9a5990f401d2bf2b,3bfd9a5990f401d28000,000134b321e803a5,000134b321e803a5,3820,00003fb0,0030,1
FDIVR,64,141161,64,RU,c5a331d7558c88e5,8587256577501922,3bfd9a5990f401d2bf2c,3bfd9a5990f401d30000,000134b321e803a6,000134b321e803a6,3a20,00005fb0,0230,1
FDIVR,64,141161,64,RZ,c5a331d7558c88e5,8587256577501922,3bfd9a5990f401d2bf2b,3bfd9a5990f401d28000,000134b321e803a5,000134b321e803a5,3820,00007fb0,0030,1
FDIVR,64,143278,53,RN,6c441c3559ed317a,ac5c40bc97fb4b4e,bc00b3d3e1dcd29f8800,bc00b3d3e1dcd29f9000,800b3d3e1dcd29f8,800b3d3e1dcd29f9,3820,00001fb0,0030,0
FDIVR,64,143278,53,RD,6c441c3559ed317a,ac5c40bc97fb4b4e,bc00b3d3e1dcd29f9000,bc00b3d3e1dcd29f9000,800b3d3e1dcd29f9,800b3d3e1dcd29f9,3a20,00003fb0,0000,1
FDIVR,64,143278,53,RU,6c441c3559ed317a,ac5c40bc97fb4b4e,bc00b3d3e1dcd29f8800,bc00b3d3e1dcd29f8000,800b3d3e1dcd29f8,800b3d3e1dcd29f8,3820,00005fb0,0030,1
FDIVR,64,143278,53,RZ,6c441c3559ed317a,ac5c40bc97fb4b4e,bc00b3d3e1dcd29f8800,bc00b3d3e1dcd29f8000,800b3d3e1dcd29f8,800b3d3e1dcd29f8,3820,00007fb0,0030,1
FDIVR,64,143278,24,RN,6c441c3559ed317a,ac5c40bc97fb4b4e,bc00b3d3e20000000000,bc00b3d3e1dcd29f9000,800b3d3e20000000,800b3d3e1dcd29f9,3a20,00001fb0,0000,0
FDIVR,64,143278,24,RD,6c441c3559ed317a,ac5c40bc97fb4b4e,bc00b3d3e20000000000,bc00b3d3e1dcd29f9000,800b3d3e20000000,800b3d3e1dcd29f9,3a20,00003fb0,0000,0
FDIVR,64,143278,24,RU,6c441c3559ed317a,ac5c40bc97fb4b4e,bc00b3d3e10000000000,bc00b3d3e1dcd29f8000,800b3d3e10000000,800b3d3e1dcd29f8,3820,00005fb0,0000,0
FDIVR,64,143278,24,RZ,6c441c3559ed317a,ac5c40bc97fb4b4e,bc00b3d3e10000000000,bc00b3d3e1dcd29f8000,800b3d3e10000000,800b3d3e1dcd29f8,3820,00007fb0,0000,0
FDIVR,64,143278,64,RN,6c441c3559ed317a,ac5c40bc97fb4b4e,bc00b3d3e1dcd29f8a7f,bc00b3d3e1dcd29f9000,800b3d3e1dcd29f9,800b3d3e1dcd29f9,3820,00001fb0,0230,1
FDIVR,64,143278,64,RD,6c441c3559ed317a,ac5c40bc97fb4b4e,bc00b3d3e1dcd29f8a80,bc00b3d3e1dcd29f9000,800b3d3e1dcd29f9,800b3d3e1dcd29f9,3a20,00003fb0,0230,1
FDIVR,64,143278,64,RU,6c441c3559ed317a,ac5c40bc97fb4b4e,bc00b3d3e1dcd29f8a7f,bc00b3d3e1dcd29f8000,800b3d3e1dcd29f8,800b3d3e1dcd29f8,3820,00005fb0,0030,1
FDIVR,64,143278,64,RZ,6c441c3559ed317a,ac5c40bc97fb4b4e,bc00b3d3e1dcd29f8a7f,bc00b3d3e1dcd29f8000,800b3d3e1dcd29f8,800b3d3e1dcd29f8,3820,00007fb0,0030,1
FDIVR,64,149889,53,RN,dd768f4a3ac290f8,9d907e03d755d5c2,3c00bb25f89d6b049800,3c00bb25f89d6b049000,000bb25f89d6b04a,000bb25f89d6b049,3a20,00001fb0,0230,0
FDIVR,64,149889,53,RD,dd768f4a3ac290f8,9d907e03d755d5c2,3c00bb25f89d6b049000,3c00bb25f89d6b049000,000bb25f89d6b049,000bb25f89d6b049,3820,00003fb0,0000,1
FDIVR,64,149889,53,RU,dd768f4a3ac290f8,9d907e03d755d5c2,3c00bb25f89d6b049800,3c00bb25f89d6b04a000,000bb25f89d6b04a,000bb25f89d6b04a,3a20,00005fb0,0230,1
FDIVR,64,149889,53,RZ,dd768f4a3ac290f8,9d907e03d755d5c2,3c00bb25f89d6b049000,3c00bb25f89d6b049000,000bb25f89d6b049,000bb25f89d6b049,3820,00007fb0,0000,1
FDIVR,64,149889,24,RN,dd768f4a3ac290f8,9d907e03d755d5c2,3c00bb25f90000000000,3c00bb25f89d6b049000,000bb25f90000000,000bb25f89d6b049,3a20,00001fb0,0000,0
FDIVR,64,149889,24,RD,dd768f4a3ac290f8,9d907e03d755d5c2,3c00bb25f80000000000,3c00bb25f89d6b049000,000bb25f80000000,000bb25f89d6b049,3820,00003fb0,0000,0
FDIVR,64,149889,24,RU,dd768f4a3ac290f8,9d907e03d755d5c2,3c00bb25f90000000000,3c00bb25f89d6b04a000,000bb25f90000000,000bb25f89d6b04a,3a20,00005fb0,0000,0
FDIVR,64,149889,24,RZ,dd768f4a3ac290f8,9d907e03d755d5c2,3c00bb25f80000000000,3c00bb25f89d6b049000,000bb25f80000000,000bb25f89d6b049,3820,00007fb0,0000,0
FDIVR,64,149889,64,RN,dd768f4a3ac290f8,9d907e03d755d5c2,3c00bb25f89d6b0494b4,3c00bb25f89d6b049000,000bb25f89d6b049,000bb25f89d6b049,3a20,00001fb0,0030,1
FDIVR,64,149889,64,RD,dd768f4a3ac290f8,9d907e03d755d5c2,3c00bb25f89d6b0494b3,3c00bb25f89d6b049000,000bb25f89d6b049,000bb25f89d6b049,3820,00003fb0,0030,1
FDIVR,64,149889,64,RU,dd768f4a3ac290f8,9d907e03d755d5c2,3c00bb25f89d6b0494b4,3c00bb25f89d6b04a000,000bb25f89d6b04a,000bb25f89d6b04a,3a20,00005fb0,0230,1
FDIVR,64,149889,64,RZ,dd768f4a3ac290f8,9d907e03d755d5c2,3c00bb25f89d6b0494b3,3c00bb25f89d6b049000,000bb25f89d6b049,000bb25f89d6b049,3820,00007fb0,0030,1
FDIVR,64,150262,53,RN,f9055c9c5b258eaa,b91aa6b324b4bad0,3c009fb1b8e491af1800,3c009fb1b8e491af1000,0009fb1b8e491af2,0009fb1b8e491af1,3a20,00001fb0,0230,0
FDIVR,64,150262,53,RD,f9055c9c5b258eaa,b91aa6b324b4bad0,3c009fb1b8e491af1000,3c009fb1b8e491af1000,0009fb1b8e491af1,0009fb1b8e491af1,3820,00003fb0,0000,1
FDIVR,64,150262,53,RU,f9055c9c5b258eaa,b91aa6b324b4bad0,3c009fb1b8e491af1800,3c009fb1b8e491af2000,0009fb1b8e491af2,0009fb1b8e491af2,3a20,00005fb0,0230,1
FDIVR,64,150262,53,RZ,f9055c9c5b258eaa,b91aa6b324b4bad0,3c009fb1b8e491af1000,3c009fb1b8e491af1000,0009fb1b8e491af1,0009fb1b8e491af1,3820,00007fb0,0000,1
FDIVR,64,150262,24,RN,f9055c9c5b258eaa,b91aa6b324b4bad0,3c009fb1b90000000000,3c009fb1b8e491af1000,0009fb1b90000000,0009fb1b8e491af1,3a20,00001fb0,0000,0
FDIVR,64,150262,24,RD,f9055c9c5b258eaa,b91aa6b324b4bad0,3c009fb1b80000000000,3c009fb1b8e491af1000,0009fb1b80000000,0009fb1b8e491af1,3820,00003fb0,0000,0
FDIVR,64,150262,24,RU,f9055c9c5b258eaa,b91aa6b324b4bad0,3c009fb1b90000000000,3c009fb1b8e491af2000,0009fb1b90000000,0009fb1b8e491af2,3a20,00005fb0,0000,0
FDIVR,64,150262,24,RZ,f9055c9c5b258eaa,b91aa6b324b4bad0,3c009fb1b80000000000,3c009fb1b8e491af1000,0009fb1b80000000,0009fb1b8e491af1,3820,00007fb0,0000,0
FDIVR,64,150262,64,RN,f9055c9c5b258eaa,b91aa6b324b4bad0,3c009fb1b8e491af14c8,3c009fb1b8e491af1000,0009fb1b8e491af1,0009fb1b8e491af1,3820,00001fb0,0030,1
FDIVR,64,150262,64,RD,f9055c9c5b258eaa,b91aa6b324b4bad0,3c009fb1b8e491af14c8,3c009fb1b8e491af1000,0009fb1b8e491af1,0009fb1b8e491af1,3820,00003fb0,0030,1
FDIVR,64,150262,64,RU,f9055c9c5b258eaa,b91aa6b324b4bad0,3c009fb1b8e491af14c9,3c009fb1b8e491af2000,0009fb1b8e491af2,0009fb1b8e491af2,3a20,00005fb0,0230,1
FDIVR,64,150262,64,RZ,f9055c9c5b258eaa,b91aa6b324b4bad0,3c009fb1b8e491af14c8,3c009fb1b8e491af1000,0009fb1b8e491af1,0009fb1b8e491af1,3820,00007fb0,0030,1
FDIVR,64,155849,53,RN,6938e23c94984d3e,295496710c67303b,3c00d3cd7af2cd0df800,3c00d3cd7af2cd0df000,000d3cd7af2cd0e0,000d3cd7af2cd0df,3a20,00001fb0,0230,0
FDIVR,64,155849,53,RD,6938e23c94984d3e,295496710c67303b,3c00d3cd7af2cd0df000,3c00d3cd7af2cd0df000,000d3cd7af2cd0df,000d3cd7af2cd0df,3820,00003fb0,0000,1
FDIVR,64,155849,53,RU,6938e23c94984d3e,295496710c67303b,3c00d3cd7af2cd0df800,3c00d3cd7af2cd0e0000,000d3cd7af2cd0e0,000d3cd7af2cd0e0,3a20,00005fb0,0230,1
FDIVR,64,155849,53,RZ,6938e23c94984d3e,295496710c67303b,3c00d3cd7af2cd0df000,3c00d3cd7af2cd0df000,000d3cd7af2cd0df,000d3cd7af2cd0df,3820,00007fb0,0000,1
FDIVR,64,155849,24,RN,6938e23c94984d3e,295496710c67303b,3c00d3cd7b0000000000,3c00d3cd7af2cd0df000,000d3cd7b0000000,000d3cd7af2cd0df,3a20,00001fb0,0000,0
FDIVR,64,155849,24,RD,6938e23c94984d3e,295496710c67303b,3c00d3cd7a0000000000,3c00d3cd7af2cd0df000,000d3cd7a0000000,000d3cd7af2cd0df,3820,00003fb0,0000,0
FDIVR,64,155849,24,RU,6938e23c94984d3e,295496710c67303b,3c00d3cd7b0000000000,3c00d3cd7af2cd0e0000,000d3cd7b0000000,000d3cd7af2cd0e0,3a20,00005fb0,0000,0
FDIVR,64,155849,24,RZ,6938e23c94984d3e,295496710c67303b,3c00d3cd7a0000000000,3c00d3cd7af2cd0df000,000d3cd7a0000000,000d3cd7af2cd0df,3820,00007fb0,0000,0
FDIVR,64,155849,64,RN,6938e23c94984d3e,295496710c67303b,3c00d3cd7af2cd0df6d9,3c00d3cd7af2cd0df000,000d3cd7af2cd0df,000d3cd7af2cd0df,3820,00001fb0,0030,1
FDIVR,64,155849,64,RD,6938e23c94984d3e,295496710c67303b,3c00d3cd7af2cd0df6d9,3c00d3cd7af2cd0df000,000d3cd7af2cd0df,000d3cd7af2cd0df,3820,00003fb0,0030,1
FDIVR,64,155849,64,RU,6938e23c94984d3e,295496710c67303b,3c00d3cd7af2cd0df6da,3c00d3cd7af2cd0e0000,000d3cd7af2cd0e0,000d3cd7af2cd0e0,3a20,00005fb0,0230,1
FDIVR,64,155849,64,RZ,6938e23c94984d3e,295496710c67303b,3c00d3cd7af2cd0df6d9,3c00d3cd7af2cd0df000,000d3cd7af2cd0df,000d3cd7af2cd0df,3820,00007fb0,0030,1
FDIVR,64,159429,53,RN,5ae8f2aa8362adab,1abd1e23a653612e,3bfc9564df96d9ad8000,3bfc9564df96d9ad0000,00009564df96d9ae,00009564df96d9ad,3a20,00001fb0,0230,0
FDIVR,64,159429,53,RD,5ae8f2aa8362adab,1abd1e23a653612e,3bfc9564df96d9ad7800,3bfc9564df96d9ad0000,00009564df96d9ad,00009564df96d9ad,3820,00003fb0,0030,1
FDIVR,64,159429,53,RU,5ae8f2aa8362adab,1abd1e23a653612e,3bfc9564df96d9ad8000,3bfc9564df96d9ae0000,00009564df96d9ae,00009564df96d9ae,3a20,00005fb0,0230,1
FDIVR,64,159429,53,RZ,5ae8f2aa8362adab,1abd1e23a653612e,3bfc9564df96d9ad7800,3bfc9564df96d9ad0000,00009564df96d9ad,00009564df96d9ad,3820,00007fb0,0030,1
FDIVR,64,159429,24,RN,5ae8f2aa8362adab,1abd1e23a653612e,3bfc9564e00000000000,3bfc9564df96d9ad0000,00009564e0000000,00009564df96d9ad,3a20,00001fb0,0000,0
FDIVR,64,159429,24,RD,5ae8f2aa8362adab,1abd1e23a653612e,3bfc9564df0000000000,3bfc9564df96d9ad0000,00009564df000000,00009564df96d9ad,3820,00003fb0,0000,0
FDIVR,64,159429,24,RU,5ae8f2aa8362adab,1abd1e23a653612e,3bfc9564e00000000000,3bfc9564df96d9ae0000,00009564e0000000,00009564df96d9ae,3a20,00005fb0,0000,0
FDIVR,64,159429,24,RZ,5ae8f2aa8362adab,1abd1e23a653612e,3bfc9564df0000000000,3bfc9564df96d9ad0000,00009564df000000,00009564df96d9ad,3820,00007fb0,0000,0
FDIVR,64,159429,64,RN,5ae8f2aa8362adab,1abd1e23a653612e,3bfc9564df96d9ad7cd7,3bfc9564df96d9ad0000,00009564df96d9ad,00009564df96d9ad,3820,00001fb0,0030,1
FDIVR,64,159429,64,RD,5ae8f2aa8362adab,1abd1e23a653612e,3bfc9564df96d9ad7cd7,3bfc9564df96d9ad0000,00009564df96d9ad,00009564df96d9ad,3820,00003fb0,0030,1
FDIVR,64,159429,64,RU,5ae8f2aa8362adab,1abd1e23a653612e,3bfc9564df96d9ad7cd8,3bfc9564df96d9ae0000,00009564df96d9ae,00009564df96d9ae,3a20,00005fb0,0230,1
FDIVR,64,159429,64,RZ,5ae8f2aa8362adab,1abd1e23a653612e,3bfc9564df96d9ad7cd7,3bfc9564df96d9ad0000,00009564df96d9ad,00009564df96d9ad,3820,00007fb0,0030,1
FDIVR,64,162165,53,RN,d5621a95b9daa358,1579daaa93ebb9cb,bc00b6cc1772f0d79800,bc00b6cc1772f0d79000,800b6cc1772f0d7a,800b6cc1772f0d79,3a20,00001fb0,0230,0
FDIVR,64,162165,53,RD,d5621a95b9daa358,1579daaa93ebb9cb,bc00b6cc1772f0d79800,bc00b6cc1772f0d7a000,800b6cc1772f0d7a,800b6cc1772f0d7a,3a20,00003fb0,0230,1
FDIVR,64,162165,53,RU,d5621a95b9daa358,1579daaa93ebb9cb,bc00b6cc1772f0d79000,bc00b6cc1772f0d79000,800b6cc1772f0d79,800b6cc1772f0d79,3820,00005fb0,0000,1
FDIVR,64,162165,53,RZ,d5621a95b9daa358,1579daaa93ebb9cb,bc00b6cc1772f0d79000,bc00b6cc1772f0d79000,800b6cc1772f0d79,800b6cc1772f0d79,3820,00007fb0,0000,1
FDIVR,64,162165,24,RN,d5621a95b9daa358,1579daaa93ebb9cb,bc00b6cc170000000000,bc00b6cc1772f0d79000,800b6cc170000000,800b6cc1772f0d79,3820,00001fb0,0000,0
FDIVR,64,162165,24,RD,d5621a95b9daa358,1579daaa93ebb9cb,bc00b6cc180000000000,bc00b6cc1772f0d7a000,800b6cc180000000,800b6cc1772f0d7a,3a20,00003fb0,0000,0
FDIVR,64,162165,24,RU,d5621a95b9daa358,1579daaa93ebb9cb,bc00b6cc170000000000,bc00b6cc1772f0d79000,800b6cc170000000,800b6cc1772f0d79,3820,00005fb0,0000,0
FDIVR,64,162165,24,RZ,d5621a95b9daa358,1579daaa93ebb9cb,bc00b6cc170000000000,bc00b6cc1772f0d79000,800b6cc170000000,800b6cc1772f0d79,3820,00007fb0,0000,0
FDIVR,64,162165,64,RN,d5621a95b9daa358,1579daaa93ebb9cb,bc00b6cc1772f0d796e6,bc00b6cc1772f0d79000,800b6cc1772f0d79,800b6cc1772f0d79,3820,00001fb0,0030,1
FDIVR,64,162165,64,RD,d5621a95b9daa358,1579daaa93ebb9cb,bc00b6cc1772f0d796e7,bc00b6cc1772f0d7a000,800b6cc1772f0d7a,800b6cc1772f0d7a,3a20,00003fb0,0230,1
FDIVR,64,162165,64,RU,d5621a95b9daa358,1579daaa93ebb9cb,bc00b6cc1772f0d796e6,bc00b6cc1772f0d79000,800b6cc1772f0d79,800b6cc1772f0d79,3820,00005fb0,0030,1
FDIVR,64,162165,64,RZ,d5621a95b9daa358,1579daaa93ebb9cb,bc00b6cc1772f0d796e6,bc00b6cc1772f0d79000,800b6cc1772f0d79,800b6cc1772f0d79,3820,00007fb0,0030,1
FDIVR,32,1023,53,RN,00000000d88b99f3,00000000992f4c57,3f80a0baf54f0e8c7800,3f80a0baf60000000000,0000000000505d7b,0000000000505d7b,3a20,00001fb0,0230,1
FDIVR,32,1023,53,RD,00000000d88b99f3,00000000992f4c57,3f80a0baf54f0e8c7000,3f80a0baf40000000000,0000000000505d7a,0000000000505d7a,3820,00003fb0,0030,1
FDIVR,32,1023,53,RU,00000000d88b99f3,00000000992f4c57,3f80a0baf54f0e8c7800,3f80a0baf60000000000,0000000000505d7b,0000000000505d7b,3a20,00005fb0,0230,1
FDIVR,32,1023,53,RZ,00000000d88b99f3,00000000992f4c57,3f80a0baf54f0e8c7000,3f80a0baf40000000000,0000000000505d7a,0000000000505d7a,3820,00007fb0,0030,1
FDIVR,32,1023,24,RN,00000000d88b99f3,00000000992f4c57,3f80a0baf50000000000,3f80a0baf60000000000,0000000000505d7a,0000000000505d7b,3820,00001fb0,0030,0
FDIVR,32,1023,24,RD,00000000d88b99f3,00000000992f4c57,3f80a0baf50000000000,3f80a0baf40000000000,0000000000505d7a,0000000000505d7a,3820,00003fb0,0030,1
FDIVR,32,1023,24,RU,00000000d88b99f3,00000000992f4c57,3f80a0baf60000000000,3f80a0baf60000000000,0000000000505d7b,0000000000505d7b,3a20,00005fb0,0000,1
FDIVR,32,1023,24,RZ,00000000d88b99f3,00000000992f4c57,3f80a0baf50000000000,3f80a0baf40000000000,0000000000505d7a,0000000000505d7a,3820,00007fb0,0030,1
FDIVR,32,1023,64,RN,00000000d88b99f3,00000000992f4c57,3f80a0baf54f0e8c747c,3f80a0baf60000000000,0000000000505d7b,0000000000505d7b,3a20,00001fb0,0230,1
FDIVR,32,1023,64,RD,00000000d88b99f3,00000000992f4c57,3f80a0baf54f0e8c747b,3f80a0baf40000000000,0000000000505d7a,0000000000505d7a,3820,00003fb0,0030,1
FDIVR,32,1023,64,RU,00000000d88b99f3,00000000992f4c57,3f80a0baf54f0e8c747c,3f80a0baf60000000000,0000000000505d7b,0000000000505d7b,3a20,00005fb0,0230,1
FDIVR,32,1023,64,RZ,00000000d88b99f3,00000000992f4c57,3f80a0baf54f0e8c747b,3f80a0baf40000000000,0000000000505d7a,0000000000505d7a,3820,00007fb0,0030,1
FDIVR,32,6642,53,RN,000000006310736e,0000000023d84301,3f80bfa1f280d8beb000,3f80bfa1f20000000000,00000000005fd0f9,00000000005fd0f9,3820,00001fb0,0030,1
FDIVR,32,6642,53,RD,000000006310736e,0000000023d84301,3f80bfa1f280d8beb000,3f80bfa1f20000000000,00000000005fd0f9,00000000005fd0f9,3820,00003fb0,0030,1
FDIVR,32,6642,53,RU,000000006310736e,0000000023d84301,3f80bfa1f280d8beb800,3f80bfa1f40000000000,00000000005fd0fa,00000000005fd0fa,3a20,00005fb0,0230,1
FDIVR,32,6642,53,RZ,000000006310736e,0000000023d84301,3f80bfa1f280d8beb000,3f80bfa1f20000000000,00000000005fd0f9,00000000005fd0f9,3820,00007fb0,0030,1
FDIVR,32,6642,24,RN,000000006310736e,0000000023d84301,3f80bfa1f30000000000,3f80bfa1f20000000000,00000000005fd0fa,00000000005fd0f9,3a20,00001fb0,0230,0
FDIVR,32,6642,24,RD,000000006310736e,0000000023d84301,3f80bfa1f20000000000,3f80bfa1f20000000000,00000000005fd0f9,00000000005fd0f9,3820,00003fb0,0000,1
FDIVR,32,6642,24,RU,000000006310736e,0000000023d84301,3f80bfa1f30000000000,3f80bfa1f40000000000,00000000005fd0fa,00000000005fd0fa,3a20,00005fb0,0230,1
FDIVR,32,6642,24,RZ,000000006310736e,0000000023d84301,3f80bfa1f20000000000,3f80bfa1f20000000000,00000000005fd0f9,00000000005fd0f9,3820,00007fb0,0000,1
FDIVR,32,6642,64,RN,000000006310736e,0000000023d84301,3f80bfa1f280d8beb3e9,3f80bfa1f20000000000,00000000005fd0f9,00000000005fd0f9,3820,00001fb0,0030,1
FDIVR,32,6642,64,RD,000000006310736e,0000000023d84301,3f80bfa1f280d8beb3e9,3f80bfa1f20000000000,00000000005fd0f9,00000000005fd0f9,3820,00003fb0,0030,1
FDIVR,32,6642,64,RU,000000006310736e,0000000023d84301,3f80bfa1f280d8beb3ea,3f80bfa1f40000000000,00000000005fd0fa,00000000005fd0fa,3a20,00005fb0,0230,1
FDIVR,32,6642,64,RZ,000000006310736e,0000000023d84301,3f80bfa1f280d8beb3e9,3f80bfa1f20000000000,00000000005fd0f9,00000000005fd0f9,3820,00007fb0,0030,1
FDIVR,32,8123,53,RN,00000000c0385a53,0000000080e80ffc,3f80a12032b31ca6c000,3f80a120320000000000,0000000000509019,0000000000509019,3820,00001fb0,0030,1
FDIVR,32,8123,53,RD,00000000c0385a53,0000000080e80ffc,3f80a12032b31ca6c000,3f80a120320000000000,0000000000509019,0000000000509019,3820,00003fb0,0030,1
FDIVR,32,8123,53,RU,00000000c0385a53,0000000080e80ffc,3f80a12032b31ca6c800,3f80a120340000000000,000000000050901a,000000000050901a,3a20,00005fb0,0230,1
FDIVR,32,8123,53,RZ,00000000c0385a53,0000000080e80ffc,3f80a12032b31ca6c000,3f80a120320000000000,0000000000509019,0000000000509019,3820,00007fb0,0030,1
FDIVR,32,8123,24,RN,00000000c0385a53,0000000080e80ffc,3f80a120330000000000,3f80a120320000000000,000000000050901a,0000000000509019,3a20,00001fb0,0230,0
FDIVR,32,8123,24,RD,00000000c0385a53,0000000080e80ffc,3f80a120320000000000,3f80a120320000000000,0000000000509019,0000000000509019,3820,00003fb0,0000,1
FDIVR,32,8123,24,RU,00000000c0385a53,0000000080e80ffc,3f80a120330000000000,3f80a120340000000000,000000000050901a,000000000050901a,3a20,00005fb0,0230,1
FDIVR,32,8123,24,RZ,00000000c0385a53,0000000080e80ffc,3f80a120320000000000,3f80a120320000000000,0000000000509019,0000000000509019,3820,00007fb0,0000,1
FDIVR,32,8123,64,RN,00000000c0385a53,0000000080e80ffc,3f80a12032b31ca6c183,3f80a120320000000000,0000000000509019,0000000000509019,3a20,00001fb0,0030,1
FDIVR,32,8123,64,RD,00000000c0385a53,0000000080e80ffc,3f80a12032b31ca6c182,3f80a120320000000000,0000000000509019,0000000000509019,3820,00003fb0,0030,1
FDIVR,32,8123,64,RU,00000000c0385a53,0000000080e80ffc,3f80a12032b31ca6c183,3f80a120340000000000,000000000050901a,000000000050901a,3a20,00005fb0,0230,1
FDIVR,32,8123,64,RZ,00000000c0385a53,0000000080e80ffc,3f80a12032b31ca6c182,3f80a120320000000000,0000000000509019,0000000000509019,3820,00007fb0,0030,1
FDIVR,32,8709,53,RN,00000000fd11abf8,000000003dbc1c98,bf80a54a9d30f02aa800,bf80a54a9e0000000000,000000008052a54f,000000008052a54f,3820,00001fb0,0230,1
FDIVR,32,8709,53,RD,00000000fd11abf8,000000003dbc1c98,bf80a54a9d30f02ab000,bf80a54a9e0000000000,000000008052a54f,000000008052a54f,3a20,00003fb0,0230,1
FDIVR,32,8709,53,RU,00000000fd11abf8,000000003dbc1c98,bf80a54a9d30f02aa800,bf80a54a9c0000000000,000000008052a54e,000000008052a54e,3820,00005fb0,0030,1
FDIVR,32,8709,53,RZ,00000000fd11abf8,000000003dbc1c98,bf80a54a9d30f02aa800,bf80a54a9c0000000000,000000008052a54e,000000008052a54e,3820,00007fb0,0030,1
FDIVR,32,8709,24,RN,00000000fd11abf8,000000003dbc1c98,bf80a54a9d0000000000,bf80a54a9e0000000000,000000008052a54e,000000008052a54f,3820,00001fb0,0030,0
FDIVR,32,8709,24,RD,00000000fd11abf8,000000003dbc1c98,bf80a54a9e0000000000,bf80a54a9e0000000000,000000008052a54f,000000008052a54f,3a20,00003fb0,0000,1
FDIVR,32,8709,24,RU,00000000fd11abf8,000000003dbc1c98,bf80a54a9d0000000000,bf80a54a9c0000000000,000000008052a54e,000000008052a54e,3820,00005fb0,0030,1
FDIVR,32,8709,24,RZ,00000000fd11abf8,000000003dbc1c98,bf80a54a9d0000000000,bf80a54a9c0000000000,000000008052a54e,000000008052a54e,3820,00007fb0,0030,1
FDIVR,32,8709,64,RN,00000000fd11abf8,000000003dbc1c98,bf80a54a9d30f02aaaf8,bf80a54a9e0000000000,000000008052a54f,000000008052a54f,3a20,00001fb0,0230,1
FDIVR,32,8709,64,RD,00000000fd11abf8,000000003dbc1c98,bf80a54a9d30f02aaaf8,bf80a54a9e0000000000,000000008052a54f,000000008052a54f,3a20,00003fb0,0230,1
FDIVR,32,8709,64,RU,00000000fd11abf8,000000003dbc1c98,bf80a54a9d30f02aaaf7,bf80a54a9c0000000000,000000008052a54e,000000008052a54e,3820,00005fb0,0030,1
FDIVR,32,8709,64,RZ,00000000fd11abf8,000000003dbc1c98,bf80a54a9d30f02aaaf7,bf80a54a9c0000000000,000000008052a54e,000000008052a54e,3820,00007fb0,0030,1
FDIVR,32,8834,53,RN,000000005169c3b5,0000000092641036,bf80f9c1ad78c740a000,bf80f9c1ae0000000000,00000000807ce0d7,00000000807ce0d7,3820,00001fb0,0230,1
FDIVR,32,8834,53,RD,000000005169c3b5,0000000092641036,bf80f9c1ad78c740a800,bf80f9c1ae0000000000,00000000807ce0d7,00000000807ce0d7,3a20,00003fb0,0230,1
FDIVR,32,8834,53,RU,000000005169c3b5,0000000092641036,bf80f9c1ad78c740a000,bf80f9c1ac0000000000,00000000807ce0d6,00000000807ce0d6,3820,00005fb0,0030,1
FDIVR,32,8834,53,RZ,000000005169c3b5,0000000092641036,bf80f9c1ad78c740a000,bf80f9c1ac0000000000,00000000807ce0d6,00000000807ce0d6,3820,00007fb0,0030,1
FDIVR,32,8834,24,RN,000000005169c3b5,0000000092641036,bf80f9c1ad0000000000,bf80f9c1ae0000000000,00000000807ce0d6,00000000807ce0d7,3820,00001fb0,0030,0
FDIVR,32,8834,24,RD,000000005169c3b5,0000000092641036,bf80f9c1ae0000000000,bf80f9c1ae0000000000,00000000807ce0d7,00000000807ce0d7,3a20,00003fb0,0000,1
FDIVR,32,8834,24,RU,000000005169c3b5,0000000092641036,bf80f9c1ad0000000000,bf80f9c1ac0000000000,00000000807ce0d6,00000000807ce0d6,3820,00005fb0,0030,1
FDIVR,32,8834,24,RZ,000000005169c3b5,0000000092641036,bf80f9c1ad0000000000,bf80f9c1ac0000000000,00000000807ce0d6,00000000807ce0d6,3820,00007fb0,0030,1
FDIVR,32,8834,64,RN,000000005169c3b5,0000000092641036,bf80f9c1ad78c740a395,bf80f9c1ae0000000000,00000000807ce0d7,00000000807ce0d7,3820,00001fb0,0230,1
FDIVR,32,8834,64,RD,000000005169c3b5,0000000092641036,bf80f9c1ad78c740a396,bf80f9c1ae0000000000,00000000807ce0d7,00000000807ce0d7,3a20,00003fb0,0230,1
FDIVR,32,8834,64,RU,000000005169c3b5,0000000092641036,bf80f9c1ad78c740a395,bf80f9c1ac0000000000,00000000807ce0d6,00000000807ce0d6,3820,00005fb0,0030,1
FDIVR,32,8834,64,RZ,000000005169c3b5,0000000092641036,bf80f9c1ad78c740a395,bf80f9c1ac0000000000,00000000807ce0d6,00000000807ce0d6,3820,00007fb0,0030,1
FDIVR,32,8881,53,RN,000000004cfe48bc,000000008db7c26f,bf80b8ffdeeb3c9b6800,bf80b8ffde0000000000,00000000805c7fef,00000000805c7fef,3820,00001fb0,0030,1
FDIVR,32,8881,53,RD,000000004cfe48bc,000000008db7c26f,bf80b8ffdeeb3c9b7000,bf80b8ffe00000000000,00000000805c7ff0,00000000805c7ff0,3a20,00003fb0,0230,1
FDIVR,32,8881,53,RU,000000004cfe48bc,000000008db7c26f,bf80b8ffdeeb3c9b6800,bf80b8ffde0000000000,00000000805c7fef,00000000805c7fef,3820,00005fb0,0030,1
FDIVR,32,8881,53,RZ,000000004cfe48bc,000000008db7c26f,bf80b8ffdeeb3c9b6800,bf80b8ffde0000000000,00000000805c7fef,00000000805c7fef,3820,00007fb0,0030,1
FDIVR,32,8881,24,RN,000000004cfe48bc,000000008db7c26f,bf80b8ffdf0000000000,bf80b8ffde0000000000,00000000805c7ff0,00000000805c7fef,3a20,00001fb0,0230,0
FDIVR,32,8881,24,RD,000000004cfe48bc,000000008db7c26f,bf80b8ffdf0000000000,bf80b8ffe00000000000,00000000805c7ff0,00000000805c7ff0,3a20,00003fb0,0230,1
FDIVR,32,8881,24,RU,000000004cfe48bc,000000008db7c26f,bf80b8ffde0000000000,bf80b8ffde0000000000,00000000805c7fef,00000000805c7fef,3820,00005fb0,0000,1
FDIVR,32,8881,24,RZ,000000004cfe48bc,000000008db7c26f,bf80b8ffde0000000000,bf80b8ffde0000000000,00000000805c7fef,00000000805c7fef,3820,00007fb0,0000,1
FDIVR,32,8881,64,RN,000000004cfe48bc,000000008db7c26f,bf80b8ffdeeb3c9b6a9d,bf80b8ffde0000000000,00000000805c7fef,00000000805c7fef,3820,00001fb0,0030,1
FDIVR,32,8881,64,RD,000000004cfe48bc,000000008db7c26f,bf80b8ffdeeb3c9b6a9e,bf80b8ffe00000000000,00000000805c7ff0,00000000805c7ff0,3a20,00003fb0,0230,1
FDIVR,32,8881,64,RU,000000004cfe48bc,000000008db7c26f,bf80b8ffdeeb3c9b6a9d,bf80b8ffde0000000000,00000000805c7fef,00000000805c7fef,3820,00005fb0,0030,1
FDIVR,32,8881,64,RZ,000000004cfe48bc,000000008db7c26f,bf80b8ffdeeb3c9b6a9d,bf80b8ffde0000000000,00000000805c7fef,00000000805c7fef,3820,00007fb0,0030,1
FDIVR,32,9225,53,RN,00000000dfe735d6,0000000020c612ab,bf80db4f4a88a1250800,bf80db4f4a0000000000,00000000806da7a5,00000000806da7a5,3820,00001fb0,0030,1
FDIVR,32,9225,53,RD,00000000dfe735d6,0000000020c612ab,bf80db4f4a88a1251000,bf80db4f4c0000000000,00000000806da7a6,00000000806da7a6,3a20,00003fb0,0230,1
FDIVR,32,9225,53,RU,00000000dfe735d6,0000000020c612ab,bf80db4f4a88a1250800,bf80db4f4a0000000000,00000000806da7a5,00000000806da7a5,3820,00005fb0,0030,1
FDIVR,32,9225,53,RZ,00000000dfe735d6,0000000020c612ab,bf80db4f4a88a1250800,bf80db4f4a0000000000,00000000806da7a5,00000000806da7a5,3820,00007fb0,0030,1
FDIVR,32,9225,24,RN,00000000dfe735d6,0000000020c612ab,bf80db4f4b0000000000,bf80db4f4a0000000000,00000000806da7a6,00000000806da7a5,3a20,00001fb0,0230,0
FDIVR,32,9225,24,RD,00000000dfe735d6,0000000020c612ab,bf80db4f4b0000000000,bf80db4f4c0000000000,00000000806da7a6,00000000806da7a6,3a20,00003fb0,0230,1
FDIVR,32,9225,24,RU,00000000dfe735d6,0000000020c612ab,bf80db4f4a0000000000,bf80db4f4a0000000000,00000000806da7a5,00000000806da7a5,3820,00005fb0,0000,1
FDIVR,32,9225,24,RZ,00000000dfe735d6,0000000020c612ab,bf80db4f4a0000000000,bf80db4f4a0000000000,00000000806da7a5,00000000806da7a5,3820,00007fb0,0000,1
FDIVR,32,9225,64,RN,00000000dfe735d6,0000000020c612ab,bf80db4f4a88a1250aaa,bf80db4f4a0000000000,00000000806da7a5,00000000806da7a5,3820,00001fb0,0030,1
FDIVR,32,9225,64,RD,00000000dfe735d6,0000000020c612ab,bf80db4f4a88a1250aab,bf80db4f4c0000000000,00000000806da7a6,00000000806da7a6,3a20,00003fb0,0230,1
FDIVR,32,9225,64,RU,00000000dfe735d6,0000000020c612ab,bf80db4f4a88a1250aaa,bf80db4f4a0000000000,00000000806da7a5,00000000806da7a5,3820,00005fb0,0030,1
FDIVR,32,9225,64,RZ,00000000dfe735d6,0000000020c612ab,bf80db4f4a88a1250aaa,bf80db4f4a0000000000,00000000806da7a5,00000000806da7a5,3820,00007fb0,0030,1
FDIVR,32,11214,53,RN,000000006c18a8a5,00000000acfc83b5,bf80d3b9e51fb3667800,bf80d3b9e60000000000,000000008069dcf3,000000008069dcf3,3a20,00001fb0,0230,1
FDIVR,32,11214,53,RD,000000006c18a8a5,00000000acfc83b5,bf80d3b9e51fb3667800,bf80d3b9e60000000000,000000008069dcf3,000000008069dcf3,3a20,00003fb0,0230,1
FDIVR,32,11214,53,RU,000000006c18a8a5,00000000acfc83b5,bf80d3b9e51fb3667000,bf80d3b9e40000000000,000000008069dcf2,000000008069dcf2,3820,00005fb0,0030,1
FDIVR,32,11214,53,RZ,000000006c18a8a5,00000000acfc83b5,bf80d3b9e51fb3667000,bf80d3b9e40000000000,000000008069dcf2,000000008069dcf2,3820,00007fb0,0030,1
FDIVR,32,11214,24,RN,000000006c18a8a5,00000000acfc83b5,bf80d3b9e50000000000,bf80d3b9e60000000000,000000008069dcf2,000000008069dcf3,3820,00001fb0,0030,0
FDIVR,32,11214,24,RD,000000006c18a8a5,00000000acfc83b5,bf80d3b9e60000000000,bf80d3b9e60000000000,000000008069dcf3,000000008069dcf3,3a20,00003fb0,0000,1
FDIVR,32,11214,24,RU,000000006c18a8a5,00000000acfc83b5,bf80d3b9e50000000000,bf80d3b9e40000000000,000000008069dcf2,000000008069dcf2,3820,00005fb0,0030,1
FDIVR,32,11214,24,RZ,000000006c18a8a5,00000000acfc83b5,bf80d3b9e50000000000,bf80d3b9e40000000000,000000008069dcf2,000000008069dcf2,3820,00007fb0,0030,1
FDIVR,32,11214,64,RN,000000006c18a8a5,00000000acfc83b5,bf80d3b9e51fb366761d,bf80d3b9e60000000000,000000008069dcf3,000000008069dcf3,3820,00001fb0,0230,1
FDIVR,32,11214,64,RD,000000006c18a8a5,00000000acfc83b5,bf80d3b9e51fb366761e,bf80d3b9e60000000000,000000008069dcf3,000000008069dcf3,3a20,00003fb0,0230,1
FDIVR,32,11214,64,RU,000000006c18a8a5,00000000acfc83b5,bf80d3b9e51fb366761d,bf80d3b9e40000000000,000000008069dcf2,000000008069dcf2,3820,00005fb0,0030,1
FDIVR,32,11214,64,RZ,000000006c18a8a5,00000000acfc83b5,bf80d3b9e51fb366761d,bf80d3b9e40000000000,000000008069dcf2,000000008069dcf2,3820,00007fb0,0030,1
FDIVR,32,11915,53,RN,00000000c0cd85fd,0000000001612d57,bf808c3d86ca82986000,bf808c3d860000000000,0000000080461ec3,0000000080461ec3,3a20,00001fb0,0030,1
FDIVR,32,11915,53,RD,00000000c0cd85fd,0000000001612d57,bf808c3d86ca82986000,bf808c3d880000000000,0000000080461ec4,0000000080461ec4,3a20,00003fb0,0230,1
FDIVR,32,11915,53,RU,00000000c0cd85fd,0000000001612d57,bf808c3d86ca82985800,bf808c3d860000000000,0000000080461ec3,0000000080461ec3,3820,00005fb0,0030,1
FDIVR,32,11915,53,RZ,00000000c0cd85fd,0000000001612d57,bf808c3d86ca82985800,bf808c3d860000000000,0000000080461ec3,0000000080461ec3,3820,00007fb0,0030,1
FDIVR,32,11915,24,RN,00000000c0cd85fd,0000000001612d57,bf808c3d870000000000,bf808c3d860000000000,0000000080461ec4,0000000080461ec3,3a20,00001fb0,0230,0
FDIVR,32,11915,24,RD,00000000c0cd85fd,0000000001612d57,bf808c3d870000000000,bf808c3d880000000000,0000000080461ec4,0000000080461ec4,3a20,00003fb0,0230,1
FDIVR,32,11915,24,RU,00000000c0cd85fd,0000000001612d57,bf808c3d860000000000,bf808c3d860000000000,0000000080461ec3,0000000080461ec3,3820,00005fb0,0000,1
FDIVR,32,11915,24,RZ,00000000c0cd85fd,0000000001612d57,bf808c3d860000000000,bf808c3d860000000000,0000000080461ec3,0000000080461ec3,3820,00007fb0,0000,1
FDIVR,32,11915,64,RN,00000000c0cd85fd,0000000001612d57,bf808c3d86ca82985ea0,bf808c3d860000000000,0000000080461ec3,0000000080461ec3,3820,00001fb0,0030,1
FDIVR,32,11915,64,RD,00000000c0cd85fd,0000000001612d57,bf808c3d86ca82985ea1,bf808c3d880000000000,0000000080461ec4,0000000080461ec4,3a20,00003fb0,0230,1
FDIVR,32,11915,64,RU,00000000c0cd85fd,0000000001612d57,bf808c3d86ca82985ea0,bf808c3d860000000000,0000000080461ec3,0000000080461ec3,3820,00005fb0,0030,1
FDIVR,32,11915,64,RZ,00000000c0cd85fd,0000000001612d57,bf808c3d86ca82985ea0,bf808c3d860000000000,0000000080461ec3,0000000080461ec3,3820,00007fb0,0030,1
FDIVR,32,12414,53,RN,00000000c33cb1f5,0000000003fb5365,bf80aa7c2ae16393b000,bf80aa7c2a0000000000,0000000080553e15,0000000080553e15,3a20,00001fb0,0030,1
FDIVR,32,12414,53,RD,00000000c33cb1f5,0000000003fb5365,bf80aa7c2ae16393b000,bf80aa7c2c0000000000,0000000080553e16,0000000080553e16,3a20,00003fb0,0230,1
FDIVR,32,12414,53,RU,00000000c33cb1f5,0000000003fb5365,bf80aa7c2ae16393a800,bf80aa7c2a0000000000,0000000080553e15,0000000080553e15,3820,00005fb0,0030,1
FDIVR,32,12414,53,RZ,00000000c33cb1f5,0000000003fb5365,bf80aa7c2ae16393a800,bf80aa7c2a0000000000,0000000080553e15,0000000080553e15,3820,00007fb0,0030,1
FDIVR,32,12414,24,RN,00000000c33cb1f5,0000000003fb5365,bf80aa7c2b0000000000,bf80aa7c2a0000000000,0000000080553e16,0000000080553e15,3a20,00001fb0,0230,0
FDIVR,32,12414,24,RD,00000000c33cb1f5,0000000003fb5365,bf80aa7c2b0000000000,bf80aa7c2c0000000000,0000000080553e16,0000000080553e16,3a20,00003fb0,0230,1
FDIVR,32,12414,24,RU,00000000c33cb1f5,0000000003fb5365,bf80aa7c2a0000000000,bf80aa7c2a0000000000,0000000080553e15,0000000080553e15,3820,00005fb0,0000,1
FDIVR,32,12414,24,RZ,00000000c33cb1f5,0000000003fb5365,bf80aa7c2a0000000000,bf80aa7c2a0000000000,0000000080553e15,0000000080553e15,3820,00007fb0,0000,1
FDIVR,32,12414,64,RN,00000000c33cb1f5,0000000003fb5365,bf80aa7c2ae16393ac64,bf80aa7c2a0000000000,0000000080553e15,0000000080553e15,3820,00001fb0,0030,1
FDIVR,32,12414,64,RD,00000000c33cb1f5,0000000003fb5365,bf80aa7c2ae16393ac65,bf80aa7c2c0000000000,0000000080553e16,0000000080553e16,3a20,00003fb0,0230,1
FDIVR,32,12414,64,RU,00000000c33cb1f5,0000000003fb5365,bf80aa7c2ae16393ac64,bf80aa7c2a0000000000,0000000080553e15,0000000080553e15,3820,00005fb0,0030,1
FDIVR,32,12414,64,RZ,00000000c33cb1f5,0000000003fb5365,bf80aa7c2ae16393ac64,bf80aa7c2a0000000000,0000000080553e15,0000000080553e15,3820,00007fb0,0030,1
FDIVR,32,13269,53,RN,00000000f6675c6d,00000000b53873da,3f7ccc18905eed9eb000,3f7ccc18a00000000000,00000000000660c5,00000000000660c5,3a20,00001fb0,0230,1
FDIVR,32,13269,53,RD,00000000f6675c6d,00000000b53873da,3f7ccc18905eed9ea800,3f7ccc18800000000000,00000000000660c4,00000000000660c4,3820,00003fb0,0030,1
FDIVR,32,13269,53,RU,00000000f6675c6d,00000000b53873da,3f7ccc18905eed9eb000,3f7ccc18a00000000000,00000000000660c5,00000000000660c5,3a20,00005fb0,0230,1
FDIVR,32,13269,53,RZ,00000000f6675c6d,00000000b53873da,3f7ccc18905eed9ea800,3f7ccc18800000000000,00000000000660c4,00000000000660c4,3820,00007fb0,0030,1
FDIVR,32,13269,24,RN,00000000f6675c6d,00000000b53873da,3f7ccc18900000000000,3f7ccc18a00000000000,00000000000660c4,00000000000660c5,3820,00001fb0,0030,0
FDIVR,32,13269,24,RD,00000000f6675c6d,00000000b53873da,3f7ccc18900000000000,3f7ccc18800000000000,00000000000660c4,00000000000660c4,3820,00003fb0,0030,1
FDIVR,32,13269,24,RU,00000000f6675c6d,00000000b53873da,3f7ccc18910000000000,3f7ccc18a00000000000,00000000000660c5,00000000000660c5,3a20,00005fb0,0230,1
FDIVR,32,13269,24,RZ,00000000f6675c6d,00000000b53873da,3f7ccc18900000000000,3f7ccc18800000000000,00000000000660c4,00000000000660c4,3820,00007fb0,0030,1
FDIVR,32,13269,64,RN,00000000f6675c6d,00000000b53873da,3f7ccc18905eed9eaee1,3f7ccc18a00000000000,00000000000660c5,00000000000660c5,3a20,00001fb0,0230,1
FDIVR,32,13269,64,RD,00000000f6675c6d,00000000b53873da,3f7ccc18905eed9eaee0,3f7ccc18800000000000,00000000000660c4,00000000000660c4,3820,00003fb0,0030,1
FDIVR,32,13269,64,RU,00000000f6675c6d,00000000b53873da,3f7ccc18905eed9eaee1,3f7ccc18a00000000000,00000000000660c5,00000000000660c5,3a20,00005fb0,0230,1
FDIVR,32,13269,64,RZ,00000000f6675c6d,00000000b53873da,3f7ccc18905eed9eaee0,3f7ccc18800000000000,00000000000660c4,00000000000660c4,3820,00007fb0,0030,1
FDIVR,32,13648,53,RN,00000000c4fad419,0000000004c83a58,bf7ecc5b2b906796a800,bf7ecc5b280000000000,0000000080198b65,0000000080198b65,3a20,00001fb0,0030,1
FDIVR,32,13648,53,RD,00000000c4fad419,0000000004c83a58,bf7ecc5b2b906796a800,bf7ecc5b300000000000,0000000080198b66,0000000080198b66,3a20,00003fb0,0230,1
FDIVR,32,13648,53,RU,00000000c4fad419,0000000004c83a58,bf7ecc5b2b906796a000,bf7ecc5b280000000000,0000000080198b65,0000000080198b65,3820,00005fb0,0030,1
FDIVR,32,13648,53,RZ,00000000c4fad419,0000000004c83a58,bf7ecc5b2b906796a000,bf7ecc5b280000000000,0000000080198b65,0000000080198b65,3820,00007fb0,0030,1
FDIVR,32,13648,24,RN,00000000c4fad419,0000000004c83a58,bf7ecc5b2c0000000000,bf7ecc5b280000000000,0000000080198b66,0000000080198b65,3a20,00001fb0,0230,0
FDIVR,32,13648,24,RD,00000000c4fad419,0000000004c83a58,bf7ecc5b2c0000000000,bf7ecc5b300000000000,0000000080198b66,0000000080198b66,3a20,00003fb0,0230,1
FDIVR,32,13648,24,RU,00000000c4fad419,0000000004c83a58,bf7ecc5b2b0000000000,bf7ecc5b280000000000,0000000080198b65,0000000080198b65,3820,00005fb0,0030,1
FDIVR,32,13648,24,RZ,00000000c4fad419,0000000004c83a58,bf7ecc5b2b0000000000,bf7ecc5b280000000000,0000000080198b65,0000000080198b65,3820,00007fb0,0030,1
FDIVR,32,13648,64,RN,00000000c4fad419,0000000004c83a58,bf7ecc5b2b906796a500,bf7ecc5b280000000000,0000000080198b65,0000000080198b65,3a20,00001fb0,0030,1
FDIVR,32,13648,64,RD,00000000c4fad419,0000000004c83a58,bf7ecc5b2b906796a500,bf7ecc5b300000000000,0000000080198b66,0000000080198b66,3a20,00003fb0,0230,1
FDIVR,32,13648,64,RU,00000000c4fad419,0000000004c83a58,bf7ecc5b2b906796a4ff,bf7ecc5b280000000000,0000000080198b65,0000000080198b65,3820,00005fb0,0030,1
FDIVR,32,13648,64,RZ,00000000c4fad419,0000000004c83a58,bf7ecc5b2b906796a4ff,bf7ecc5b280000000000,0000000080198b65,0000000080198b65,3820,00007fb0,0030,1
FDIVR,32,13989,53,RN,00000000fcba26e5,00000000bd9393f4,3f80caf3c68fc63f4000,3f80caf3c60000000000,00000000006579e3,00000000006579e3,3820,00001fb0,0030,1
FDIVR,32,13989,53,RD,00000000fcba26e5,00000000bd9393f4,3f80caf3c68fc63f4000,3f80caf3c60000000000,00000000006579e3,00000000006579e3,3820,00003fb0,0030,1
FDIVR,32,13989,53,RU,00000000fcba26e5,00000000bd9393f4,3f80caf3c68fc63f4800,3f80caf3c80000000000,00000000006579e4,00000000006579e4,3a20,00005fb0,0230,1
FDIVR,32,13989,53,RZ,00000000fcba26e5,00000000bd9393f4,3f80caf3c68fc63f4000,3f80caf3c60000000000,00000000006579e3,00000000006579e3,3820,00007fb0,0030,1
FDIVR,32,13989,24,RN,00000000fcba26e5,00000000bd9393f4,3f80caf3c70000000000,3f80caf3c60000000000,00000000006579e4,00000000006579e3,3a20,00001fb0,0230,0
FDIVR,32,13989,24,RD,00000000fcba26e5,00000000bd9393f4,3f80caf3c60000000000,3f80caf3c60000000000,00000000006579e3,00000000006579e3,3820,00003fb0,0000,1
FDIVR,32,13989,24,RU,00000000fcba26e5,00000000bd9393f4,3f80caf3c70000000000,3f80caf3c80000000000,00000000006579e4,00000000006579e4,3a20,00005fb0,0230,1
FDIVR,32,13989,24,RZ,00000000fcba26e5,00000000bd9393f4,3f80caf3c60000000000,3f80caf3c60000000000,00000000006579e3,00000000006579e3,3820,00007fb0,0000,1
FDIVR,32,13989,64,RN,00000000fcba26e5,00000000bd9393f4,3f80caf3c68fc63f4270,3f80caf3c60000000000,00000000006579e3,00000000006579e3,3820,00001fb0,0030,1
FDIVR,32,13989,64,RD,00000000fcba26e5,00000000bd9393f4,3f80caf3c68fc63f4270,3f80caf3c60000000000,00000000006579e3,00000000006579e3,3820,00003fb0,0030,1
FDIVR,32,13989,64,RU,00000000fcba26e5,00000000bd9393f4,3f80caf3c68fc63f4271,3f80caf3c80000000000,00000000006579e4,00000000006579e4,3a20,00005fb0,0230,1
FDIVR,32,13989,64,RZ,00000000fcba26e5,00000000bd9393f4,3f80caf3c68fc63f4270,3f80caf3c60000000000,00000000006579e3,00000000006579e3,3820,00007fb0,0030,1
FDIVR,32,14700,53,RN,00000000c62949f9,0000000085162aef,3f7ce315afa04df52800,3f7ce315a00000000000,00000000000718ad,00000000000718ad,3820,00001fb0,0030,1
FDIVR,32,14700,53,RD,00000000c62949f9,0000000085162aef,3f7ce315afa04df52800,3f7ce315a00000000000,00000000000718ad,00000000000718ad,3820,00003fb0,0030,1
FDIVR,32,14700,53,RU,00000000c62949f9,0000000085162aef,3f7ce315afa04df53000,3f7ce315c00000000000,00000000000718ae,00000000000718ae,3a20,00005fb0,0230,1
FDIVR,32,14700,53,RZ,00000000c62949f9,0000000085162aef,3f7ce315afa04df52800,3f7ce315a00000000000,00000000000718ad,00000000000718ad,3820,00007fb0,0030,1
FDIVR,32,14700,24,RN,00000000c62949f9,0000000085162aef,3f7ce315b00000000000,3f7ce315a00000000000,00000000000718ae,00000000000718ad,3a20,00001fb0,0230,0
FDIVR,32,14700,24,RD,00000000c62949f9,0000000085162aef,3f7ce315af0000000000,3f7ce315a00000000000,00000000000718ad,00000000000718ad,3820,00003fb0,0030,1
FDIVR,32,14700,24,RU,00000000c62949f9,0000000085162aef,3f7ce315b00000000000,3f7ce315c00000000000,00000000000718ae,00000000000718ae,3a20,00005fb0,0230,1
FDIVR,32,14700,24,RZ,00000000c62949f9,0000000085162aef,3f7ce315af0000000000,3f7ce315a00000000000,00000000000718ad,00000000000718ad,3820,00007fb0,0030,1
FDIVR,32,14700,64,RN,00000000c62949f9,0000000085162aef,3f7ce315afa04df52ad0,3f7ce315a00000000000,00000000000718ad,00000000000718ad,3820,00001fb0,0030,1
FDIVR,32,14700,64,RD,00000000c62949f9,0000000085162aef,3f7ce315afa04df52ad0,3f7ce315a00000000000,00000000000718ad,00000000000718ad,3820,00003fb0,0030,1
FDIVR,32,14700,64,RU,00000000c62949f9,0000000085162aef,3f7ce315afa04df52ad1,3f7ce315c00000000000,00000000000718ae,00000000000718ae,3a20,00005fb0,0230,1
FDIVR,32,14700,64,RZ,00000000c62949f9,0000000085162aef,3f7ce315afa04df52ad0,3f7ce315a00000000000,00000000000718ad,00000000000718ad,3820,00007fb0,0030,1
FDIVR,32,15211,53,RN,00000000ea1154ea,00000000aa0b2998,3f7ef5220bf00b2a3800,3f7ef522080000000000,00000000001ea441,00000000001ea441,3820,00001fb0,0030,1
FDIVR,32,15211,53,RD,00000000ea1154ea,00000000aa0b2998,3f7ef5220bf00b2a3800,3f7ef522080000000000,00000000001ea441,00000000001ea441,3820,00003fb0,0030,1
FDIVR,32,15211,53,RU,00000000ea1154ea,00000000aa0b2998,3f7ef5220bf00b2a4000,3f7ef522100000000000,00000000001ea442,00000000001ea442,3a20,00005fb0,0230,1
FDIVR,32,15211,53,RZ,00000000ea1154ea,00000000aa0b2998,3f7ef5220bf00b2a3800,3f7ef522080000000000,00000000001ea441,00000000001ea441,3820,00007fb0,0030,1
FDIVR,32,15211,24,RN,00000000ea1154ea,00000000aa0b2998,3f7ef5220c0000000000,3f7ef522080000000000,00000000001ea442,00000000001ea441,3a20,00001fb0,0230,0
FDIVR,32,15211,24,RD,00000000ea1154ea,00000000aa0b2998,3f7ef5220b0000000000,3f7ef522080000000000,00000000001ea441,00000000001ea441,3820,00003fb0,0030,1
FDIVR,32,15211,24,RU,00000000ea1154ea,00000000aa0b2998,3f7ef5220c0000000000,3f7ef522100000000000,00000000001ea442,00000000001ea442,3a20,00005fb0,0230,1
FDIVR,32,15211,24,RZ,00000000ea1154ea,00000000aa0b2998,3f7ef5220b0000000000,3f7ef522080000000000,00000000001ea441,00000000001ea441,3820,00007fb0,0030,1
FDIVR,32,15211,64,RN,00000000ea1154ea,00000000aa0b2998,3f7ef5220bf00b2a3bea,3f7ef522080000000000,00000000001ea441,00000000001ea441,3820,00001fb0,0030,1
FDIVR,32,15211,64,RD,00000000ea1154ea,00000000aa0b2998,3f7ef5220bf00b2a3bea,3f7ef522080000000000,00000000001ea441,00000000001ea441,3820,00003fb0,0030,1
FDIVR,32,15211,64,RU,00000000ea1154ea,00000000aa0b2998,3f7ef5220bf00b2a3beb,3f7ef522100000000000,00000000001ea442,00000000001ea442,3a20,00005fb0,0230,1
FDIVR,32,15211,64,RZ,00000000ea1154ea,00000000aa0b2998,3f7ef5220bf00b2a3bea,3f7ef522080000000000,00000000001ea441,00000000001ea441,3820,00007fb0,0030,1
FDIVR,32,16803,53,RN,00000000ee0c6e25,00000000ae4d1b59,3f7fbaf3a25d4bc91000,3f7fbaf3a40000000000,00000000002ebce9,00000000002ebce9,3a20,00001fb0,0230,1
FDIVR,32,16803,53,RD,00000000ee0c6e25,00000000ae4d1b59,3f7fbaf3a25d4bc90800,3f7fbaf3a00000000000,00000000002ebce8,00000000002ebce8,3820,00003fb0,0030,1
FDIVR,32,16803,53,RU,00000000ee0c6e25,00000000ae4d1b59,3f7fbaf3a25d4bc91000,3f7fbaf3a40000000000,00000000002ebce9,00000000002ebce9,3a20,00005fb0,0230,1
FDIVR,32,16803,53,RZ,00000000ee0c6e25,00000000ae4d1b59,3f7fbaf3a25d4bc90800,3f7fbaf3a00000000000,00000000002ebce8,00000000002ebce8,3820,00007fb0,0030,1
FDIVR,32,16803,24,RN,00000000ee0c6e25,00000000ae4d1b59,3f7fbaf3a20000000000,3f7fbaf3a40000000000,00000000002ebce8,00000000002ebce9,3820,00001fb0,0030,0
FDIVR,32,16803,24,RD,00000000ee0c6e25,00000000ae4d1b59,3f7fbaf3a20000000000,3f7fbaf3a00000000000,00000000002ebce8,00000000002ebce8,3820,00003fb0,0030,1
FDIVR,32,16803,24,RU,00000000ee0c6e25,00000000ae4d1b59,3f7fbaf3a30000000000,3f7fbaf3a40000000000,00000000002ebce9,00000000002ebce9,3a20,00005fb0,0230,1
FDIVR,32,16803,24,RZ,00000000ee0c6e25,00000000ae4d1b59,3f7fbaf3a20000000000,3f7fbaf3a00000000000,00000000002ebce8,00000000002ebce8,3820,00007fb0,0030,1
FDIVR,32,16803,64,RN,00000000ee0c6e25,00000000ae4d1b59,3f7fbaf3a25d4bc90e00,3f7fbaf3a40000000000,00000000002ebce9,00000000002ebce9,3a20,00001fb0,0230,1
FDIVR,32,16803,64,RD,00000000ee0c6e25,00000000ae4d1b59,3f7fbaf3a25d4bc90dff,3f7fbaf3a00000000000,00000000002ebce8,00000000002ebce8,3820,00003fb0,0030,1
FDIVR,32,16803,64,RU,00000000ee0c6e25,00000000ae4d1b59,3f7fbaf3a25d4bc90e00,3f7fbaf3a40000000000,00000000002ebce9,00000000002ebce9,3a20,00005fb0,0230,1
FDIVR,32,16803,64,RZ,00000000ee0c6e25,00000000ae4d1b59,3f7fbaf3a25d4bc90dff,3f7fbaf3a00000000000,00000000002ebce8,00000000002ebce8,3820,00007fb0,0030,1
FDIVR,32,17454,53,RN,0000000065d4e432,0000000026581530,3f8081eb3681d4325000,3f8081eb360000000000,000000000040f59b,000000000040f59b,3a20,00001fb0,0030,1
FDIVR,32,17454,53,RD,0000000065d4e432,0000000026581530,3f8081eb3681d4324800,3f8081eb360000000000,000000000040f59b,000000000040f59b,3820,00003fb0,0030,1
FDIVR,32,17454,53,RU,0000000065d4e432,0000000026581530,3f8081eb3681d4325000,3f8081eb380000000000,000000000040f59c,000000000040f59c,3a20,00005fb0,0230,1
FDIVR,32,17454,53,RZ,0000000065d4e432,0000000026581530,3f8081eb3681d4324800,3f8081eb360000000000,000000000040f59b,000000000040f59b,3820,00007fb0,0030,1
FDIVR,32,17454,24,RN,0000000065d4e432,0000000026581530,3f8081eb370000000000,3f8081eb360000000000,000000000040f59c,000000000040f59b,3a20,00001fb0,0230,0
FDIVR,32,17454,24,RD,0000000065d4e432,0000000026581530,3f8081eb360000000000,3f8081eb360000000000,000000000040f59b,000000000040f59b,3820,00003fb0,0000,1
FDIVR,32,17454,24,RU,0000000065d4e432,0000000026581530,3f8081eb370000000000,3f8081eb380000000000,000000000040f59c,000000000040f59c,3a20,00005fb0,0230,1
FDIVR,32,17454,24,RZ,0000000065d4e432,0000000026581530,3f8081eb360000000000,3f8081eb360000000000,000000000040f59b,000000000040f59b,3820,00007fb0,0000,1
FDIVR,32,17454,64,RN,0000000065d4e432,0000000026581530,3f8081eb3681d4324cfd,3f8081eb360000000000,000000000040f59b,000000000040f59b,3820,00001fb0,0030,1
FDIVR,32,17454,64,RD,0000000065d4e432,0000000026581530,3f8081eb3681d4324cfd,3f8081eb360000000000,000000000040f59b,000000000040f59b,3820,00003fb0,0030,1
FDIVR,32,17454,64,RU,0000000065d4e432,0000000026581530,3f8081eb3681d4324cfe,3f8081eb380000000000,000000000040f59c,000000000040f59c,3a20,00005fb0,0230,1
FDIVR,32,17454,64,RZ,0000000065d4e432,0000000026581530,3f8081eb3681d4324cfd,3f8081eb360000000000,000000000040f59b,000000000040f59b,3820,00007fb0,0030,1
FDIVR,32,17518,53,RN,000000006b005dec,00000000aac9ae2c,bf7ec91a9be1ae9f0800,bf7ec91a980000000000,0000000080192353,0000000080192353,3a20,00001fb0,0030,1
FDIVR,32,17518,53,RD,000000006b005dec,00000000aac9ae2c,bf7ec91a9be1ae9f0800,bf7ec91aa00000000000,0000000080192354,0000000080192354,3a20,00003fb0,0230,1
FDIVR,32,17518,53,RU,000000006b005dec,00000000aac9ae2c,bf7ec91a9be1ae9f0000,bf7ec91a980000000000,0000000080192353,0000000080192353,3820,00005fb0,0030,1
FDIVR,32,17518,53,RZ,000000006b005dec,00000000aac9ae2c,bf7ec91a9be1ae9f0000,bf7ec91a980000000000,0000000080192353,0000000080192353,3820,00007fb0,0030,1
FDIVR,32,17518,24,RN,000000006b005dec,00000000aac9ae2c,bf7ec91a9c0000000000,bf7ec91a980000000000,0000000080192354,0000000080192353,3a20,00001fb0,0230,0
FDIVR,32,17518,24,RD,000000006b005dec,00000000aac9ae2c,bf7ec91a9c0000000000,bf7ec91aa00000000000,0000000080192354,0000000080192354,3a20,00003fb0,0230,1
FDIVR,32,17518,24,RU,000000006b005dec,00000000aac9ae2c,bf7ec91a9b0000000000,bf7ec91a980000000000,0000000080192353,0000000080192353,3820,00005fb0,0030,1
FDIVR,32,17518,24,RZ,000000006b005dec,00000000aac9ae2c,bf7ec91a9b0000000000,bf7ec91a980000000000,0000000080192353,0000000080192353,3820,00007fb0,0030,1
FDIVR,32,17518,64,RN,000000006b005dec,00000000aac9ae2c,bf7ec91a9be1ae9f0680,bf7ec91a980000000000,0000000080192353,0000000080192353,3820,00001fb0,0030,1
FDIVR,32,17518,64,RD,000000006b005dec,00000000aac9ae2c,bf7ec91a9be1ae9f0681,bf7ec91aa00000000000,0000000080192354,0000000080192354,3a20,00003fb0,0230,1
FDIVR,32,17518,64,RU,000000006b005dec,00000000aac9ae2c,bf7ec91a9be1ae9f0680,bf7ec91a980000000000,0000000080192353,0000000080192353,3820,00005fb0,0030,1
FDIVR,32,17518,64,RZ,000000006b005dec,00000000aac9ae2c,bf7ec91a9be1ae9f0680,bf7ec91a980000000000,0000000080192353,0000000080192353,3820,00007fb0,0030,1
FDIVR,32,18556,53,RN,0000000041fffce9,0000000001ad781c,3f7ead7a340496ba3000,3f7ead7a380000000000,000000000015af47,000000000015af47,3a20,00001fb0,0230,1
FDIVR,32,18556,53,RD,0000000041fffce9,0000000001ad781c,3f7ead7a340496ba2800,3f7ead7a300000000000,000000000015af46,000000000015af46,3820,00003fb0,0030,1
FDIVR,32,18556,53,RU,0000000041fffce9,0000000001ad781c,3f7ead7a340496ba3000,3f7ead7a380000000000,000000000015af47,000000000015af47,3a20,00005fb0,0230,1
FDIVR,32,18556,53,RZ,0000000041fffce9,0000000001ad781c,3f7ead7a340496ba2800,3f7ead7a300000000000,000000000015af46,000000000015af46,3820,00007fb0,0030,1
FDIVR,32,18556,24,RN,0000000041fffce9,0000000001ad781c,3f7ead7a340000000000,3f7ead7a380000000000,000000000015af46,000000000015af47,3820,00001fb0,0030,0
FDIVR,32,18556,24,RD,0000000041fffce9,0000000001ad781c,3f7ead7a340000000000,3f7ead7a300000000000,000000000015af46,000000000015af46,3820,00003fb0,0030,1
FDIVR,32,18556,24,RU,0000000041fffce9,0000000001ad781c,3f7ead7a350000000000,3f7ead7a380000000000,000000000015af47,000000000015af47,3a20,00005fb0,0230,1
FDIVR,32,18556,24,RZ,0000000041fffce9,0000000001ad781c,3f7ead7a340000000000,3f7ead7a300000000000,000000000015af46,000000000015af46,3820,00007fb0,0030,1
FDIVR,32,18556,64,RN,0000000041fffce9,0000000001ad781c,3f7ead7a340496ba2db9,3f7ead7a380000000000,000000000015af47,000000000015af47,3820,00001fb0,0230,1
FDIVR,32,18556,64,RD,0000000041fffce9,0000000001ad781c,3f7ead7a340496ba2db9,3f7ead7a300000000000,000000000015af46,000000000015af46,3820,00003fb0,0030,1
FDIVR,32,18556,64,RU,0000000041fffce9,0000000001ad781c,3f7ead7a340496ba2dba,3f7ead7a380000000000,000000000015af47,000000000015af47,3a20,00005fb0,0230,1
FDIVR,32,18556,64,RZ,0000000041fffce9,0000000001ad781c,3f7ead7a340496ba2db9,3f7ead7a300000000000,000000000015af46,000000000015af46,3820,00007fb0,0030,1
FDIVR,32,18870,53,RN,00000000d1d332fd,000000009266f651,3f808bfa457f7fe55000,3f808bfa460000000000,000000000045fd23,000000000045fd23,3820,00001fb0,0230,1
FDIVR,32,18870,53,RD,00000000d1d332fd,000000009266f651,3f808bfa457f7fe55000,3f808bfa440000000000,000000000045fd22,000000000045fd22,3820,00003fb0,0030,1
FDIVR,32,18870,53,RU,00000000d1d332fd,000000009266f651,3f808bfa457f7fe55800,3f808bfa460000000000,000000000045fd23,000000000045fd23,3a20,00005fb0,0230,1
FDIVR,32,18870,53,RZ,00000000d1d332fd,000000009266f651,3f808bfa457f7fe55000,3f808bfa440000000000,000000000045fd22,000000000045fd22,3820,00007fb0,0030,1
FDIVR,32,18870,24,RN,00000000d1d332fd,000000009266f651,3f808bfa450000000000,3f808bfa460000000000,000000000045fd22,000000000045fd23,3820,00001fb0,0030,0
FDIVR,32,18870,24,RD,00000000d1d332fd,000000009266f651,3f808bfa450000000000,3f808bfa440000000000,000000000045fd22,000000000045fd22,3820,00003fb0,0030,1
FDIVR,32,18870,24,RU,00000000d1d332fd,000000009266f651,3f808bfa460000000000,3f808bfa460000000000,000000000045fd23,000000000045fd23,3a20,00005fb0,0000,1
FDIVR,32,18870,24,RZ,00000000d1d332fd,000000009266f651,3f808bfa450000000000,3f808bfa440000000000,000000000045fd22,000000000045fd22,3820,00007fb0,0030,1
FDIVR,32,18870,64,RN,00000000d1d332fd,000000009266f651,3f808bfa457f7fe5537d,3f808bfa460000000000,000000000045fd23,000000000045fd23,3820,00001fb0,0230,1
FDIVR,32,18870,64,RD,00000000d1d332fd,000000009266f651,3f808bfa457f7fe5537d,3f808bfa440000000000,000000000045fd22,000000000045fd22,3820,00003fb0,0030,1
FDIVR,32,18870,64,RU,00000000d1d332fd,000000009266f651,3f808bfa457f7fe5537e,3f808bfa460000000000,000000000045fd23,000000000045fd23,3a20,00005fb0,0230,1
FDIVR,32,18870,64,RZ,00000000d1d332fd,000000009266f651,3f808bfa457f7fe5537d,3f808bfa440000000000,000000000045fd22,000000000045fd22,3820,00007fb0,0030,1
