operation,pc,rounding,source,index,class,a_hex,b_hex,x87_80_hex,sse_80_hex,sse_native_hex,fsw_before,fsw_after,mxcsr,x87_iterations,sse_subtractions,x87_quotient_bits,candidate_q_magnitude_mod8,candidate_q_signed_mod8,single_x87_80_hex,single_fsw_before,single_fsw_after
FPREM_completed,53,RN,random,0,ALL,39005d1b59f41037,aa0bb42747841268,3ea0a6fbf900f9cf4000,3ea0a6fbf900f9cf4000,2a04df7f201f39e8,3400,7300,00001f80,5,120,7,7,1,3f5dc0201f66984c0000,3000,3400
FPREM_completed,53,RN,random,0,X87_MULTISTEP,39005d1b59f41037,aa0bb42747841268,3ea0a6fbf900f9cf4000,3ea0a6fbf900f9cf4000,2a04df7f201f39e8,3400,7300,00001f80,5,120,7,7,1,3f5dc0201f66984c0000,3000,3400
FPREM_completed,53,RN,random,0,QUOTIENT_SIGNED_BITS_DIFFER,39005d1b59f41037,aa0bb42747841268,3ea0a6fbf900f9cf4000,3ea0a6fbf900f9cf4000,2a04df7f201f39e8,3400,7300,00001f80,5,120,7,7,1,3f5dc0201f66984c0000,3000,3400
FPREM_completed,53,RN,random,0,SINGLE_INSTRUCTION_VALUE_MISMATCH,39005d1b59f41037,aa0bb42747841268,3ea0a6fbf900f9cf4000,3ea0a6fbf900f9cf4000,2a04df7f201f39e8,3400,7300,00001f80,5,120,7,7,1,3f5dc0201f66984c0000,3000,3400
FPREM_completed,53,RN,random,0,SINGLE_INSTRUCTION_C2_PARTIAL,39005d1b59f41037,aa0bb42747841268,3ea0a6fbf900f9cf4000,3ea0a6fbf900f9cf4000,2a04df7f201f39e8,3400,7300,00001f80,5,120,7,7,1,3f5dc0201f66984c0000,3000,3400
FPREM_completed,53,RN,random,1,ALL,a79dae131b3431aa,c97db72336427b70,be79ed7098d9a18d5000,be79ed7098d9a18d5000,a79dae131b3431aa,3000,3000,00001f80,1,0,0,0,0,be79ed7098d9a18d5000,3000,3000
FPREM_completed,53,RN,random,1,SINGLE_COMPLETE_FINITE_CASE,a79dae131b3431aa,c97db72336427b70,be79ed7098d9a18d5000,be79ed7098d9a18d5000,a79dae131b3431aa,3000,3000,00001f80,1,0,0,0,0,be79ed7098d9a18d5000,3000,3000
FPREM_completed,53,RN,random,2,ALL,38b1b1cf247332e7,2c69a8de7d10e6c2,3ec4ebb15b13f19a0000,3ec4ebb15b13f19a0000,2c4d762b627e3340,3400,3000,00001f80,4,90,0,0,0,3f65e65f0fd8474c8000,3000,3400
FPREM_completed,53,RN,random,2,X87_MULTISTEP,38b1b1cf247332e7,2c69a8de7d10e6c2,3ec4ebb15b13f19a0000,3ec4ebb15b13f19a0000,2c4d762b627e3340,3400,3000,00001f80,4,90,0,0,0,3f65e65f0fd8474c8000,3000,3400
FPREM_completed,53,RN,random,2,SINGLE_INSTRUCTION_VALUE_MISMATCH,38b1b1cf247332e7,2c69a8de7d10e6c2,3ec4ebb15b13f19a0000,3ec4ebb15b13f19a0000,2c4d762b627e3340,3400,3000,00001f80,4,90,0,0,0,3f65e65f0fd8474c8000,3000,3400
FPREM_completed,53,RN,random,2,SINGLE_INSTRUCTION_C2_PARTIAL,38b1b1cf247332e7,2c69a8de7d10e6c2,3ec4ebb15b13f19a0000,3ec4ebb15b13f19a0000,2c4d762b627e3340,3400,3000,00001f80,4,90,0,0,0,3f65e65f0fd8474c8000,3000,3400
FPREM_completed,53,RN,random,3,ALL,0159a802c6b0e40b,fde8f2dd6b4079e3,3c15cd40163587205800,3c15cd40163587205800,0159a802c6b0e40b,3000,3000,00001f80,1,0,0,0,0,3c15cd40163587205800,3000,3000
FPREM_completed,53,RN,random,3,SINGLE_COMPLETE_FINITE_CASE,0159a802c6b0e40b,fde8f2dd6b4079e3,3c15cd40163587205800,3c15cd40163587205800,0159a802c6b0e40b,3000,3000,00001f80,1,0,0,0,0,3c15cd40163587205800,3000,3000
FPREM_completed,53,RN,random,4,ALL,6eafb6c51d88b719,b33bcb6f9ffd8324,3f33dab784e9e91de000,3f33dab784e9e91de000,333b56f09d3d23bc,3400,3200,00001f80,17,446,1,1,7,42b2c8875468a91ec000,3000,3400
FPREM_completed,53,RN,random,4,X87_MULTISTEP,6eafb6c51d88b719,b33bcb6f9ffd8324,3f33dab784e9e91de000,3f33dab784e9e91de000,333b56f09d3d23bc,3400,3200,00001f80,17,446,1,1,7,42b2c8875468a91ec000,3000,3400
FPREM_completed,53,RN,random,4,QUOTIENT_SIGNED_BITS_DIFFER,6eafb6c51d88b719,b33bcb6f9ffd8324,3f33dab784e9e91de000,3f33dab784e9e91de000,333b56f09d3d23bc,3400,3200,00001f80,17,446,1,1,7,42b2c8875468a91ec000,3000,3400
FPREM_completed,53,RN,random,4,SINGLE_INSTRUCTION_VALUE_MISMATCH,6eafb6c51d88b719,b33bcb6f9ffd8324,3f33dab784e9e91de000,3f33dab784e9e91de000,333b56f09d3d23bc,3400,3200,00001f80,17,446,1,1,7,42b2c8875468a91ec000,3000,3400
FPREM_completed,53,RN,random,4,SINGLE_INSTRUCTION_C2_PARTIAL,6eafb6c51d88b719,b33bcb6f9ffd8324,3f33dab784e9e91de000,3f33dab784e9e91de000,333b56f09d3d23bc,3400,3200,00001f80,17,446,1,1,7,42b2c8875468a91ec000,3000,3400
FPREM_completed,53,RN,random,5,ALL,039d85f35503e50f,6bf5f004e65a440b,3c39ec2f9aa81f287800,3c39ec2f9aa81f287800,039d85f35503e50f,3000,3000,00001f80,1,0,0,0,0,3c39ec2f9aa81f287800,3000,3000
FPREM_completed,53,RN,random,5,SINGLE_COMPLETE_FINITE_CASE,039d85f35503e50f,6bf5f004e65a440b,3c39ec2f9aa81f287800,3c39ec2f9aa81f287800,039d85f35503e50f,3000,3000,00001f80,1,0,0,0,0,3c39ec2f9aa81f287800,3000,3000
FPREM_completed,53,RN,random,6,ALL,3f622dade3a7b6be,bac9d0d4304c687b,3fabd6f9f6607547c000,3fabd6f9f6607547c000,3abadf3ecc0ea8f8,3400,3100,00001f80,2,35,4,4,4,3fc68cbaee446fa20000,3000,3400
FPREM_completed,53,RN,random,6,X87_MULTISTEP,3f622dade3a7b6be,bac9d0d4304c687b,3fabd6f9f6607547c000,3fabd6f9f6607547c000,3abadf3ecc0ea8f8,3400,3100,00001f80,2,35,4,4,4,3fc68cbaee446fa20000,3000,3400
FPREM_completed,53,RN,random,6,SINGLE_INSTRUCTION_VALUE_MISMATCH,3f622dade3a7b6be,bac9d0d4304c687b,3fabd6f9f6607547c000,3fabd6f9f6607547c000,3abadf3ecc0ea8f8,3400,3100,00001f80,2,35,4,4,4,3fc68cbaee446fa20000,3000,3400
FPREM_completed,53,RN,random,6,SINGLE_INSTRUCTION_C2_PARTIAL,3f622dade3a7b6be,bac9d0d4304c687b,3fabd6f9f6607547c000,3fabd6f9f6607547c000,3abadf3ecc0ea8f8,3400,3100,00001f80,2,35,4,4,4,3fc68cbaee446fa20000,3000,3400
FPREM_completed,53,RN,random,7,ALL,1be3526f041fd13f,8f013dda7d97cc0b,3cec83c7ce222eb88000,3cec83c7ce222eb88000,0ec078f9c445d710,3400,3300,00001f80,4,83,5,5,3,3d8f99911c0774abc000,3000,3400
FPREM_completed,53,RN,random,7,X87_MULTISTEP,1be3526f041fd13f,8f013dda7d97cc0b,3cec83c7ce222eb88000,3cec83c7ce222eb88000,0ec078f9c445d710,3400,3300,00001f80,4,83,5,5,3,3d8f99911c0774abc000,3000,3400
FPREM_completed,53,RN,random,7,QUOTIENT_SIGNED_BITS_DIFFER,1be3526f041fd13f,8f013dda7d97cc0b,3cec83c7ce222eb88000,3cec83c7ce222eb88000,0ec078f9c445d710,3400,3300,00001f80,4,83,5,5,3,3d8f99911c0774abc000,3000,3400
FPREM_completed,53,RN,random,7,SINGLE_INSTRUCTION_VALUE_MISMATCH,1be3526f041fd13f,8f013dda7d97cc0b,3cec83c7ce222eb88000,3cec83c7ce222eb88000,0ec078f9c445d710,3400,3300,00001f80,4,83,5,5,3,3d8f99911c0774abc000,3000,3400
FPREM_completed,53,RN,random,7,SINGLE_INSTRUCTION_C2_PARTIAL,1be3526f041fd13f,8f013dda7d97cc0b,3cec83c7ce222eb88000,3cec83c7ce222eb88000,0ec078f9c445d710,3400,3300,00001f80,4,83,5,5,3,3d8f99911c0774abc000,3000,3400
FPREM_completed,53,RN,random,8,ALL,c44d0a1ea70b20ff,0eeac7548da1932d,bceec474924529945800,bceec474924529945800,8ee88e9248a5328b,3400,3200,00001f80,16,424,1,1,7,c008b16b8d55709c0000,3000,3400
FPREM_completed,53,RN,random,8,X87_MULTISTEP,c44d0a1ea70b20ff,0eeac7548da1932d,bceec474924529945800,bceec474924529945800,8ee88e9248a5328b,3400,3200,00001f80,16,424,1,1,7,c008b16b8d55709c0000,3000,3400
FPREM_completed,53,RN,random,8,QUOTIENT_SIGNED_BITS_DIFFER,c44d0a1ea70b20ff,0eeac7548da1932d,bceec474924529945800,bceec474924529945800,8ee88e9248a5328b,3400,3200,00001f80,16,424,1,1,7,c008b16b8d55709c0000,3000,3400
FPREM_completed,53,RN,random,8,SINGLE_INSTRUCTION_VALUE_MISMATCH,c44d0a1ea70b20ff,0eeac7548da1932d,bceec474924529945800,bceec474924529945800,8ee88e9248a5328b,3400,3200,00001f80,16,424,1,1,7,c008b16b8d55709c0000,3000,3400
FPREM_completed,53,RN,random,8,SINGLE_INSTRUCTION_C2_PARTIAL,c44d0a1ea70b20ff,0eeac7548da1932d,bceec474924529945800,bceec474924529945800,8ee88e9248a5328b,3400,3200,00001f80,16,424,1,1,7,c008b16b8d55709c0000,3000,3400
FPREM_completed,53,RN,random,9,ALL,14c615a007ecca11,e2509355b1112f51,3d4cb0ad003f66508800,3d4cb0ad003f66508800,14c615a007ecca11,3000,3000,00001f80,1,0,0,0,0,3d4cb0ad003f66508800,3000,3000
FPREM_completed,53,RN,random,9,SINGLE_COMPLETE_FINITE_CASE,14c615a007ecca11,e2509355b1112f51,3d4cb0ad003f66508800,3d4cb0ad003f66508800,14c615a007ecca11,3000,3000,00001f80,1,0,0,0,0,3d4cb0ad003f66508800,3000,3000
FPREM_completed,53,RN,random,10,ALL,e17a9da691069bad,bf7616c50e54a52d,bff6b2396f9289d0f000,bff6b2396f9289d0f000,bf66472df2513a1e,3400,3300,00001f80,10,266,5,5,5,c1f3b2a68b0280980000,3000,3400
FPREM_completed,53,RN,random,10,X87_MULTISTEP,e17a9da691069bad,bf7616c50e54a52d,bff6b2396f9289d0f000,bff6b2396f9289d0f000,bf66472df2513a1e,3400,3300,00001f80,10,266,5,5,5,c1f3b2a68b0280980000,3000,3400
FPREM_completed,53,RN,random,10,SINGLE_INSTRUCTION_VALUE_MISMATCH,e17a9da691069bad,bf7616c50e54a52d,bff6b2396f9289d0f000,bff6b2396f9289d0f000,bf66472df2513a1e,3400,3300,00001f80,10,266,5,5,5,c1f3b2a68b0280980000,3000,3400
FPREM_completed,53,RN,random,10,SINGLE_INSTRUCTION_C2_PARTIAL,e17a9da691069bad,bf7616c50e54a52d,bff6b2396f9289d0f000,bff6b2396f9289d0f000,bf66472df2513a1e,3400,3300,00001f80,10,266,5,5,5,c1f3b2a68b0280980000,3000,3400
FPREM_completed,53,RN,random,11,ALL,4a4e1234b1a55a7f,29841a150e25814e,3e95abc4469a67fc0000,3e95abc4469a67fc0000,29557888d34cff80,3400,3000,00001f80,9,289,0,0,0,4075d17ea87146938000,3000,3400
FPREM_completed,53,RN,random,11,X87_MULTISTEP,4a4e1234b1a55a7f,29841a150e25814e,3e95abc4469a67fc0000,3e95abc4469a67fc0000,29557888d34cff80,3400,3000,00001f80,9,289,0,0,0,4075d17ea87146938000,3000,3400
FPREM_completed,53,RN,random,11,SINGLE_INSTRUCTION_VALUE_MISMATCH,4a4e1234b1a55a7f,29841a150e25814e,3e95abc4469a67fc0000,3e95abc4469a67fc0000,29557888d34cff80,3400,3000,00001f80,9,289,0,0,0,4075d17ea87146938000,3000,3400
FPREM_completed,53,RN,random,11,SINGLE_INSTRUCTION_C2_PARTIAL,4a4e1234b1a55a7f,29841a150e25814e,3e95abc4469a67fc0000,3e95abc4469a67fc0000,29557888d34cff80,3400,3000,00001f80,9,289,0,0,0,4075d17ea87146938000,3000,3400
FPREM_completed,53,RN,random,12,ALL,6594f41e49bee1a0,3bf5817dfb70df6d,3fbeee382bb4dd19f000,3fbeee382bb4dd19f000,3bedc705769ba33e,3400,3300,00001f80,12,321,5,5,5,421e9b54c40c8e563000,3000,3400
FPREM_completed,53,RN,random,12,X87_MULTISTEP,6594f41e49bee1a0,3bf5817dfb70df6d,3fbeee382bb4dd19f000,3fbeee382bb4dd19f000,3bedc705769ba33e,3400,3300,00001f80,12,321,5,5,5,421e9b54c40c8e563000,3000,3400
FPREM_completed,53,RN,random,12,SINGLE_INSTRUCTION_VALUE_MISMATCH,6594f41e49bee1a0,3bf5817dfb70df6d,3fbeee382bb4dd19f000,3fbeee382bb4dd19f000,3bedc705769ba33e,3400,3300,00001f80,12,321,5,5,5,421e9b54c40c8e563000,3000,3400
FPREM_completed,53,RN,random,12,SINGLE_INSTRUCTION_C2_PARTIAL,6594f41e49bee1a0,3bf5817dfb70df6d,3fbeee382bb4dd19f000,3fbeee382bb4dd19f000,3bedc705769ba33e,3400,3300,00001f80,12,321,5,5,5,421e9b54c40c8e563000,3000,3400
FPREM_completed,53,RN,random,13,ALL,c1132a8b237f2b9d,594d73404f44c27e,c0119954591bf95ce800,c0119954591bf95ce800,c1132a8b237f2b9d,3000,3000,00001f80,1,0,0,0,0,c0119954591bf95ce800,3000,3000
FPREM_completed,53,RN,random,13,SINGLE_COMPLETE_FINITE_CASE,c1132a8b237f2b9d,594d73404f44c27e,c0119954591bf95ce800,c0119954591bf95ce800,c1132a8b237f2b9d,3000,3000,00001f80,1,0,0,0,0,c0119954591bf95ce800,3000,3000
FPREM_completed,53,RN,random,14,ALL,b7683dfbd1805aff,bf598884c49fca9b,bf76c1efde8c02d7f800,bf76c1efde8c02d7f800,b7683dfbd1805aff,3000,3000,00001f80,1,0,0,0,0,bf76c1efde8c02d7f800,3000,3000
FPREM_completed,53,RN,random,14,SINGLE_COMPLETE_FINITE_CASE,b7683dfbd1805aff,bf598884c49fca9b,bf76c1efde8c02d7f800,bf76c1efde8c02d7f800,b7683dfbd1805aff,3000,3000,00001f80,1,0,0,0,0,bf76c1efde8c02d7f800,3000,3000
FPREM_completed,53,RN,random,15,ALL,6f490969190f62c4,ae1215eb462405c7,3ee1818d7f0b5adcc800,3ee1818d7f0b5adcc800,2e1031afe16b5b99,3400,3200,00001f80,17,494,1,1,7,42bddc90617d46440000,3000,3400
FPREM_completed,53,RN,random,15,X87_MULTISTEP,6f490969190f62c4,ae1215eb462405c7,3ee1818d7f0b5adcc800,3ee1818d7f0b5adcc800,2e1031afe16b5b99,3400,3200,00001f80,17,494,1,1,7,42bddc90617d46440000,3000,3400
FPREM_completed,53,RN,random,15,QUOTIENT_SIGNED_BITS_DIFFER,6f490969190f62c4,ae1215eb462405c7,3ee1818d7f0b5adcc800,3ee1818d7f0b5adcc800,2e1031afe16b5b99,3400,3200,00001f80,17,494,1,1,7,42bddc90617d46440000,3000,3400
FPREM_completed,53,RN,random,15,SINGLE_INSTRUCTION_VALUE_MISMATCH,6f490969190f62c4,ae1215eb462405c7,3ee1818d7f0b5adcc800,3ee1818d7f0b5adcc800,2e1031afe16b5b99,3400,3200,00001f80,17,494,1,1,7,42bddc90617d46440000,3000,3400
FPREM_completed,53,RN,random,15,SINGLE_INSTRUCTION_C2_PARTIAL,6f490969190f62c4,ae1215eb462405c7,3ee1818d7f0b5adcc800,3ee1818d7f0b5adcc800,2e1031afe16b5b99,3400,3200,00001f80,17,494,1,1,7,42bddc90617d46440000,3000,3400
FPREM_completed,53,RN,random,16,ALL,8da36025d28a21d8,33ed6497a86d8353,bcda9b012e94510ec000,bcda9b012e94510ec000,8da36025d28a21d8,3000,3000,00001f80,1,0,0,0,0,bcda9b012e94510ec000,3000,3000
FPREM_completed,53,RN,random,16,SINGLE_COMPLETE_FINITE_CASE,8da36025d28a21d8,33ed6497a86d8353,bcda9b012e94510ec000,bcda9b012e94510ec000,8da36025d28a21d8,3000,3000,00001f80,1,0,0,0,0,bcda9b012e94510ec000,3000,3000
FPREM_completed,53,RN,random,17,ALL,b77e8b7c1bae6945,ce13f0f8f189085d,bf77f45be0dd734a2800,bf77f45be0dd734a2800,b77e8b7c1bae6945,3000,3000,00001f80,1,0,0,0,0,bf77f45be0dd734a2800,3000,3000
FPREM_completed,53,RN,random,17,SINGLE_COMPLETE_FINITE_CASE,b77e8b7c1bae6945,ce13f0f8f189085d,bf77f45be0dd734a2800,bf77f45be0dd734a2800,b77e8b7c1bae6945,3000,3000,00001f80,1,0,0,0,0,bf77f45be0dd734a2800,3000,3000
FPREM_completed,53,RN,random,18,ALL,1e56657267a4546d,63b83902f22bfcd7,3de5b32b933d22a36800,3de5b32b933d22a36800,1e56657267a4546d,3000,3000,00001f80,1,0,0,0,0,3de5b32b933d22a36800,3000,3000
FPREM_completed,53,RN,random,18,SINGLE_COMPLETE_FINITE_CASE,1e56657267a4546d,63b83902f22bfcd7,3de5b32b933d22a36800,3de5b32b933d22a36800,1e56657267a4546d,3000,3000,00001f80,1,0,0,0,0,3de5b32b933d22a36800,3000,3000
FPREM_completed,53,RN,random,19,ALL,520a608fd94c71bc,1a0745443aa528a2,3da09d581f06e8e3b000,3da09d581f06e8e3b000,1a03ab03e0dd1c76,3400,3300,00001f80,18,451,5,5,5,4100afcb0604c208c000,3000,3400
FPREM_completed,53,RN,random,19,X87_MULTISTEP,520a608fd94c71bc,1a0745443aa528a2,3da09d581f06e8e3b000,3da09d581f06e8e3b000,1a03ab03e0dd1c76,3400,3300,00001f80,18,451,5,5,5,4100afcb0604c208c000,3000,3400
FPREM_completed,53,RN,random,19,SINGLE_INSTRUCTION_VALUE_MISMATCH,520a608fd94c71bc,1a0745443aa528a2,3da09d581f06e8e3b000,3da09d581f06e8e3b000,1a03ab03e0dd1c76,3400,3300,00001f80,18,451,5,5,5,4100afcb0604c208c000,3000,3400
FPREM_completed,53,RN,random,19,SINGLE_INSTRUCTION_C2_PARTIAL,520a608fd94c71bc,1a0745443aa528a2,3da09d581f06e8e3b000,3da09d581f06e8e3b000,1a03ab03e0dd1c76,3400,3300,00001f80,18,451,5,5,5,4100afcb0604c208c000,3000,3400
FPREM_completed,53,RN,random,20,X87_MULTISTEP,e11dd77714b3258b,2594be96d5414b93,be58a3ced03246e70000,be58a3ced03246e70000,a58479da0648dce0,3400,3000,00001f80,16,468,0,0,0,c1d689da8af23e7a8000,3000,3400
FPREM_completed,53,RN,random,20,SINGLE_INSTRUCTION_VALUE_MISMATCH,e11dd77714b3258b,2594be96d5414b93,be58a3ced03246e70000,be58a3ced03246e70000,a58479da0648dce0,3400,3000,00001f80,16,468,0,0,0,c1d689da8af23e7a8000,3000,3400
FPREM_completed,53,RN,random,20,SINGLE_INSTRUCTION_C2_PARTIAL,e11dd77714b3258b,2594be96d5414b93,be58a3ced03246e70000,be58a3ced03246e70000,a58479da0648dce0,3400,3000,00001f80,16,468,0,0,0,c1d689da8af23e7a8000,3000,3400
FPREM_completed,53,RN,random,21,SINGLE_COMPLETE_FINITE_CASE,b452c0bf0200d818,6b0151688251e8ff,bf459605f81006c0c000,bf459605f81006c0c000,b452c0bf0200d818,3000,3000,00001f80,1,0,0,0,0,bf459605f81006c0c000,3000,3000
FPREM_completed,53,RN,random,22,QUOTIENT_SIGNED_BITS_DIFFER,a04b39e9068ce4c8,1eb552ddc4042814,bdeba22526717ed96000,bdeba22526717ed96000,9eb444a4ce2fdb2c,3000,3200,00001f80,1,14,1,1,7,bdeba22526717ed96000,3000,3200
FPREM_completed,53,RN,random,22,SINGLE_COMPLETE_FINITE_CASE,a04b39e9068ce4c8,1eb552ddc4042814,bdeba22526717ed96000,bdeba22526717ed96000,9eb444a4ce2fdb2c,3000,3200,00001f80,1,14,1,1,7,bdeba22526717ed96000,3000,3200
FPREM_completed,53,RN,random,23,SINGLE_COMPLETE_FINITE_CASE,af4da42f6014ff40,b29387e0e24fc445,bef4ed217b00a7fa0000,bef4ed217b00a7fa0000,af4da42f6014ff40,3000,3000,00001f80,1,0,0,0,0,bef4ed217b00a7fa0000,3000,3000
FPREM_completed,53,RN,random,24,X87_MULTISTEP,d4114ba021dfe810,3c9d3fbdef8f3ad4,bfc899b8aef443cc0000,bfc899b8aef443cc0000,bc833715de887980,3400,3000,00001f80,7,185,0,0,0,c105ea7fac552c3a0000,3000,3400
FPREM_completed,53,RN,random,24,SINGLE_INSTRUCTION_VALUE_MISMATCH,d4114ba021dfe810,3c9d3fbdef8f3ad4,bfc899b8aef443cc0000,bfc899b8aef443cc0000,bc833715de887980,3400,3000,00001f80,7,185,0,0,0,c105ea7fac552c3a0000,3000,3400
FPREM_completed,53,RN,random,24,SINGLE_INSTRUCTION_C2_PARTIAL,d4114ba021dfe810,3c9d3fbdef8f3ad4,bfc899b8aef443cc0000,bfc899b8aef443cc0000,bc833715de887980,3400,3000,00001f80,7,185,0,0,0,c105ea7fac552c3a0000,3000,3400
FPREM_completed,53,RN,random,25,SINGLE_COMPLETE_FINITE_CASE,69ef6e510d168232,717a855f449728e5,429efb728868b4119000,429efb728868b4119000,69ef6e510d168232,3000,3000,00001f80,1,0,0,0,0,429efb728868b4119000,3000,3000
FPREM_completed,53,RN,random,26,SINGLE_COMPLETE_FINITE_CASE,d6883f0417967388,e66311ff39fee26c,c168c1f820bcb39c4000,c168c1f820bcb39c4000,d6883f0417967388,3000,3000,00001f80,1,0,0,0,0,c168c1f820bcb39c4000,3000,3000
FPREM_completed,53,RN,random,27,SINGLE_COMPLETE_FINITE_CASE,4fa14b561f8c01bf,f471624ef4a20fbf,40fa8a5ab0fc600df800,40fa8a5ab0fc600df800,4fa14b561f8c01bf,3000,3000,00001f80,1,0,0,0,0,40fa8a5ab0fc600df800,3000,3000
FPREM_completed,53,RN,random,28,SINGLE_COMPLETE_FINITE_CASE,9d1803c5770d693a,239d03d2d46d3116,bdd1c01e2bb86b49d000,bdd1c01e2bb86b49d000,9d1803c5770d693a,3000,3000,00001f80,1,0,0,0,0,bdd1c01e2bb86b49d000,3000,3000
FPREM_completed,53,RN,random,29,X87_MULTISTEP,7f2c60a814b272c4,e633a951c7718da0,4262993de6ed86800000,4262993de6ed86800000,662327bcddb0d000,3400,3000,00001f80,7,214,0,0,0,43c0ea05ff1215200000,3000,3400
FPREM_completed,53,RN,random,29,SINGLE_INSTRUCTION_VALUE_MISMATCH,7f2c60a814b272c4,e633a951c7718da0,4262993de6ed86800000,4262993de6ed86800000,662327bcddb0d000,3400,3000,00001f80,7,214,0,0,0,43c0ea05ff1215200000,3000,3400
FPREM_completed,53,RN,random,29,SINGLE_INSTRUCTION_C2_PARTIAL,7f2c60a814b272c4,e633a951c7718da0,4262993de6ed86800000,4262993de6ed86800000,662327bcddb0d000,3400,3000,00001f80,7,214,0,0,0,43c0ea05ff1215200000,3000,3400
FPREM_completed,53,RN,random,30,SINGLE_COMPLETE_FINITE_CASE,9148b248811c9805,42fcc655290ba003,bd14c5924408e4c02800,bd14c5924408e4c02800,9148b248811c9805,3000,3000,00001f80,1,0,0,0,0,bd14c5924408e4c02800,3000,3000
FPREM_completed,53,RN,random,31,SINGLE_COMPLETE_FINITE_CASE,91825b4d252f035d,ac6a40183abe4a22,bd1892da6929781ae800,bd1892da6929781ae800,91825b4d252f035d,3000,3000,00001f80,1,0,0,0,0,bd1892da6929781ae800,3000,3000
FPREM_completed,53,RN,random,32,SINGLE_COMPLETE_FINITE_CASE,97787847f9bd2af4,fa15567f6a6f1ee1,bd77c3c23fcde957a000,bd77c3c23fcde957a000,97787847f9bd2af4,3000,3000,00001f80,1,0,0,0,0,bd77c3c23fcde957a000,3000,3000
FPREM_completed,53,RN,random,33,X87_MULTISTEP,df47de5513ea6822,1bdd3f3c49777f1a,bdbc9dd84fac431e2000,bdbc9dd84fac431e2000,9bc3bb09f58863c4,3400,7200,00001f80,23,529,3,3,5,c1b89cf920695de20000,3000,3400
FPREM_completed,53,RN,random,33,QUOTIENT_SIGNED_BITS_DIFFER,df47de5513ea6822,1bdd3f3c49777f1a,bdbc9dd84fac431e2000,bdbc9dd84fac431e2000,9bc3bb09f58863c4,3400,7200,00001f80,23,529,3,3,5,c1b89cf920695de20000,3000,3400
FPREM_completed,53,RN,random,33,MORE_THAN_512_SUBTRACTIONS,df47de5513ea6822,1bdd3f3c49777f1a,bdbc9dd84fac431e2000,bdbc9dd84fac431e2000,9bc3bb09f58863c4,3400,7200,00001f80,23,529,3,3,5,c1b89cf920695de20000,3000,3400
FPREM_completed,53,RN,random,33,SINGLE_INSTRUCTION_VALUE_MISMATCH,df47de5513ea6822,1bdd3f3c49777f1a,bdbc9dd84fac431e2000,bdbc9dd84fac431e2000,9bc3bb09f58863c4,3400,7200,00001f80,23,529,3,3,5,c1b89cf920695de20000,3000,3400
FPREM_completed,53,RN,random,33,SINGLE_INSTRUCTION_C2_PARTIAL,df47de5513ea6822,1bdd3f3c49777f1a,bdbc9dd84fac431e2000,bdbc9dd84fac431e2000,9bc3bb09f58863c4,3400,7200,00001f80,23,529,3,3,5,c1b89cf920695de20000,3000,3400
FPREM_completed,53,RN,random,34,X87_MULTISTEP,5ada68c2e5cabb64,978f4e73e3766ff9,3d788fe5fe85dc72f000,3d788fe5fe85dc72f000,1781fcbfd0bb8e5e,3400,7000,00001f80,22,557,2,2,6,41789a93cdfc23e8f800,3000,3400
FPREM_completed,53,RN,random,34,QUOTIENT_SIGNED_BITS_DIFFER,5ada68c2e5cabb64,978f4e73e3766ff9,3d788fe5fe85dc72f000,3d788fe5fe85dc72f000,1781fcbfd0bb8e5e,3400,7000,00001f80,22,557,2,2,6,41789a93cdfc23e8f800,3000,3400
FPREM_completed,53,RN,random,34,MORE_THAN_512_SUBTRACTIONS,5ada68c2e5cabb64,978f4e73e3766ff9,3d788fe5fe85dc72f000,3d788fe5fe85dc72f000,1781fcbfd0bb8e5e,3400,7000,00001f80,22,557,2,2,6,41789a93cdfc23e8f800,3000,3400
FPREM_completed,53,RN,random,34,SINGLE_INSTRUCTION_VALUE_MISMATCH,5ada68c2e5cabb64,978f4e73e3766ff9,3d788fe5fe85dc72f000,3d788fe5fe85dc72f000,1781fcbfd0bb8e5e,3400,7000,00001f80,22,557,2,2,6,41789a93cdfc23e8f800,3000,3400
FPREM_completed,53,RN,random,34,SINGLE_INSTRUCTION_C2_PARTIAL,5ada68c2e5cabb64,978f4e73e3766ff9,3d788fe5fe85dc72f000,3d788fe5fe85dc72f000,1781fcbfd0bb8e5e,3400,7000,00001f80,22,557,2,2,6,41789a93cdfc23e8f800,3000,3400
FPREM_completed,53,RN,random,35,X87_MULTISTEP,a76c958fcc12d08c,989a991372a47146,bd898c77de0d75dc2000,bd898c77de0d75dc2000,98918efbc1aebb84,3400,7000,00001f80,5,121,2,2,2,be49c7bd9c283ee2f000,3000,3400
FPREM_completed,53,RN,random,35,SINGLE_INSTRUCTION_VALUE_MISMATCH,a76c958fcc12d08c,989a991372a47146,bd898c77de0d75dc2000,bd898c77de0d75dc2000,98918efbc1aebb84,3400,7000,00001f80,5,121,2,2,2,be49c7bd9c283ee2f000,3000,3400
FPREM_completed,53,RN,random,35,SINGLE_INSTRUCTION_C2_PARTIAL,a76c958fcc12d08c,989a991372a47146,bd898c77de0d75dc2000,bd898c77de0d75dc2000,98918efbc1aebb84,3400,7000,00001f80,5,121,2,2,2,be49c7bd9c283ee2f000,3000,3400
FPREM_completed,53,RN,random,36,X87_MULTISTEP,73538c0c3447ef9c,69bbc16644e39d84,429696ae4e14f3000000,429696ae4e14f3000000,6962d5c9c29e6000,3400,3000,00001f80,3,83,0,0,0,42fb8ba018ce380f4000,3000,3400
FPREM_completed,53,RN,random,36,SINGLE_INSTRUCTION_VALUE_MISMATCH,73538c0c3447ef9c,69bbc16644e39d84,429696ae4e14f3000000,429696ae4e14f3000000,6962d5c9c29e6000,3400,3000,00001f80,3,83,0,0,0,42fb8ba018ce380f4000,3000,3400
FPREM_completed,53,RN,random,36,SINGLE_INSTRUCTION_C2_PARTIAL,73538c0c3447ef9c,69bbc16644e39d84,429696ae4e14f3000000,429696ae4e14f3000000,6962d5c9c29e6000,3400,3000,00001f80,3,83,0,0,0,42fb8ba018ce380f4000,3000,3400
FPREM_completed,53,RN,random,37,SINGLE_COMPLETE_FINITE_CASE,2fa7c32afc6000ba,6f78d4e5ac78ca42,3efabe1957e30005d000,3efabe1957e30005d000,2fa7c32afc6000ba,3000,3000,00001f80,1,0,0,0,0,3efabe1957e30005d000,3000,3000
FPREM_completed,53,RN,random,38,X87_MULTISTEP,3d43afc97578251a,a04640200977c35b,3e02e186dfd02dd44000,3e02e186dfd02dd44000,202c30dbfa05ba88,3400,7000,00001f80,8,209,2,2,6,3fa1b62ad18302834000,3000,3400
FPREM_completed,53,RN,random,38,QUOTIENT_SIGNED_BITS_DIFFER,3d43afc97578251a,a04640200977c35b,3e02e186dfd02dd44000,3e02e186dfd02dd44000,202c30dbfa05ba88,3400,7000,00001f80,8,209,2,2,6,3fa1b62ad18302834000,3000,3400
FPREM_completed,53,RN,random,38,SINGLE_INSTRUCTION_VALUE_MISMATCH,3d43afc97578251a,a04640200977c35b,3e02e186dfd02dd44000,3e02e186dfd02dd44000,202c30dbfa05ba88,3400,7000,00001f80,8,209,2,2,6,3fa1b62ad18302834000,3000,3400
FPREM_completed,53,RN,random,38,SINGLE_INSTRUCTION_C2_PARTIAL,3d43afc97578251a,a04640200977c35b,3e02e186dfd02dd44000,3e02e186dfd02dd44000,202c30dbfa05ba88,3400,7000,00001f80,8,209,2,2,6,3fa1b62ad18302834000,3000,3400
FPREM_completed,53,RN,random,39,X87_MULTISTEP,de5e7ac0be62872d,966524ac718d39c5,bd64f4a6c0bb5953c000,bd64f4a6c0bb5953c000,964e94d8176b2a78,3400,7000,00001f80,21,530,2,2,2,c1a5cb9ac6b91d17c000,3000,3400
FPREM_completed,53,RN,random,39,MORE_THAN_512_SUBTRACTIONS,de5e7ac0be62872d,966524ac718d39c5,bd64f4a6c0bb5953c000,bd64f4a6c0bb5953c000,964e94d8176b2a78,3400,7000,00001f80,21,530,2,2,2,c1a5cb9ac6b91d17c000,3000,3400
FPREM_completed,53,RN,random,39,SINGLE_INSTRUCTION_VALUE_MISMATCH,de5e7ac0be62872d,966524ac718d39c5,bd64f4a6c0bb5953c000,bd64f4a6c0bb5953c000,964e94d8176b2a78,3400,7000,00001f80,21,530,2,2,2,c1a5cb9ac6b91d17c000,3000,3400
FPREM_completed,53,RN,random,39,SINGLE_INSTRUCTION_C2_PARTIAL,de5e7ac0be62872d,966524ac718d39c5,bd64f4a6c0bb5953c000,bd64f4a6c0bb5953c000,964e94d8176b2a78,3400,7000,00001f80,21,530,2,2,2,c1a5cb9ac6b91d17c000,3000,3400
FPREM_completed,53,RN,random,40,QUOTIENT_SIGNED_BITS_DIFFER,eda549eb3ce9804c,38af62f6b3141d76,bf889a7d3835a621c000,bf889a7d3835a621c000,b8834fa706b4c438,3400,7200,00001f80,18,433,3,3,5,c2aac0b071cba34d2000,3000,3400
FPREM_completed,53,RN,random,42,QUOTIENT_SIGNED_BITS_DIFFER,7347a7d32d010189,bbdc7d30e2d90d34,3fb98d23799480640000,3fb98d23799480640000,3b91a46f32900c80,3400,7100,00001f80,15,450,6,6,2,42fc9fbd6059542a0000,3000,3400
FPREM_completed,53,RN,random,49,QUOTIENT_SIGNED_BITS_DIFFER,5c2a8192de56c7a7,af1cce228ec78966,3eeee9d87ca2a2dd0000,3eeee9d87ca2a2dd0000,2eed3b0f94545ba0,3400,7000,00001f80,14,342,2,2,6,418fe6e4d24d849b4000,3000,3400
FPREM_completed,53,RN,random,53,MORE_THAN_512_SUBTRACTIONS,69920c42a30349f2,121d884a542f682a,3d1ec47d5167226b0000,3d1ec47d5167226b0000,11e88faa2ce44d60,3400,7000,00001f80,30,720,2,2,2,425e8220e02d6a9d0000,3000,3400
FPREM_completed,53,RN,random,56,QUOTIENT_SIGNED_BITS_DIFFER,c4b90a3ed64c2a40,1fe81d7e2ed3fc27,bdfd925b30d6d3c4b000,bdfd925b30d6d3c4b000,9fd24b661ada7896,3400,7200,00001f80,11,284,3,3,5,c018c4c76f8e86c20000,3000,3400
FPREM_completed,53,RN,random,57,QUOTIENT_SIGNED_BITS_DIFFER,ed507db431407d57,0647f267a6605818,bc64b3416ec2299ec000,bc64b3416ec2299ec000,8646682dd84533d8,3400,7300,00001f80,31,853,7,7,1,c2a3e4016d1fd4eb8000,3000,3400
FPREM_completed,53,RN,random,57,MORE_THAN_512_SUBTRACTIONS,ed507db431407d57,0647f267a6605818,bc64b3416ec2299ec000,bc64b3416ec2299ec000,8646682dd84533d8,3400,7300,00001f80,31,853,7,7,1,c2a3e4016d1fd4eb8000,3000,3400
FPREM_completed,53,RN,random,58,QUOTIENT_SIGNED_BITS_DIFFER,0b4cedfe07d58842,881120faae2ba810,3c80ee80e917980e0000,3c80ee80e917980e0000,080dd01d22f301c0,7000,7000,00001f80,1,24,2,2,6,3c80ee80e917980e0000,3000,7000
FPREM_completed,53,RN,random,64,QUOTIENT_SIGNED_BITS_DIFFER,3d6d5518fff5b85a,b2c080d4eacc0f02,3f2bb90880c40596a000,3f2bb90880c40596a000,32b721101880b2d4,3400,7200,00001f80,3,89,3,3,5,3fabfeb20f601b2a0000,3000,3400
FPREM_completed,53,RN,random,65,QUOTIENT_SIGNED_BITS_DIFFER,ea898a5b92cc34b3,61c55622da782f80,c21be355b08463f80000,c21be355b08463f80000,e1bc6ab6108c7f00,3400,7300,00001f80,3,65,7,7,1,c27caa4203562bf00000,3000,3400
FPREM_completed,53,RN,random,74,QUOTIENT_SIGNED_BITS_DIFFER,755e02aa7062ebf6,d55a977a4df97796,4153946a6c7d5f19c000,4153946a6c7d5f19c000,55328d4d8fabe338,3400,7200,00001f80,10,267,3,3,5,4334c0cf178ad3b60000,3000,3400
FPREM_completed,53,RN,random,79,QUOTIENT_SIGNED_BITS_DIFFER,a4c9fe04e3afd8c6,047d0b5baa9fe2fa,bc46f88054550d2ea000,bc46f88054550d2ea000,846f100a8aa1a5d4,3400,7300,00001f80,11,246,7,7,1,be27b23210f0096ab000,3000,3400
FPREM_completed,53,RN,random,81,QUOTIENT_SIGNED_BITS_DIFFER,e68d3c006f201df4,1ee887edcd9168d5,bded8ea30b8a5ec5b000,bded8ea30b8a5ec5b000,9ed1d461714bd8b6,3400,3200,00001f80,19,580,1,1,7,c22bf7786d2b29f64000,3000,3400
FPREM_completed,53,RN,random,81,MORE_THAN_512_SUBTRACTIONS,e68d3c006f201df4,1ee887edcd9168d5,bded8ea30b8a5ec5b000,bded8ea30b8a5ec5b000,9ed1d461714bd8b6,3400,3200,00001f80,19,580,1,1,7,c22bf7786d2b29f64000,3000,3400
FPREM_completed,53,RN,random,84,MORE_THAN_512_SUBTRACTIONS,f993df8021999846,15a30e386b02b404,bd59a37b190d27ff8000,bd59a37b190d27ff8000,95946f6321a4fff0,3400,7000,00001f80,27,791,2,2,6,c356e7264a4b254a0000,3000,3400
FPREM_completed,53,RN,random,86,MORE_THAN_512_SUBTRACTIONS,d5cf4344b88928f2,09de7fb0fe8aac8b,bc9cef6403e237cc2000,bc9cef6403e237cc2000,89cdec807c46f984,3400,7000,00001f80,27,644,2,2,6,c11ccb5db15201948000,3000,3400
FPREM_completed,53,RN,random,87,MORE_THAN_512_SUBTRACTIONS,7b5310c9fc212395,8eda03c9c430ce5f,3ceda67a4035f71e0800,3ceda67a4035f71e0800,0ed4cf4806bee3c1,3400,3200,00001f80,35,862,1,1,7,438dad1847dc972e5000,3000,3400
FPREM_completed,53,RN,random,92,MORE_THAN_512_SUBTRACTIONS,e3a846a2bfbc4178,80f257439666d7d5,bc0efe69ccfe2b88b000,bc0efe69ccfe2b88b000,80efcd399fc57116,3400,3200,00001f80,27,808,1,1,1,c20ed8bfa47883faa000,3000,3400
FPREM_completed,53,RN,random,104,MORE_THAN_512_SUBTRACTIONS,56b9818e16a7fd62,89436d87e2292558,3c9389e4299005490000,3c9389e4299005490000,09313c853200a920,3400,7000,00001f80,21,612,2,2,6,4132e621769844f50000,3000,3400
FPREM_completed,53,RN,random,105,MORE_THAN_512_SUBTRACTIONS,f98f1f2039d4b32c,334ccb14838191dc,bf33b727e9205ee78000,bf33b727e9205ee78000,b336e4fd240bdcf0,3400,7100,00001f80,21,541,6,6,2,c373aa7b214060490000,3000,3400
FPREM_completed,53,RN,random,113,MORE_THAN_512_SUBTRACTIONS,f30db0b39235c396,ad720371ec7fe712,bed6e52447770bc42000,bed6e52447770bc42000,ad6ca488eee17884,3400,7300,00001f80,20,543,7,7,7,c2f780a1106b971c5000,3000,3400
FPREM_completed,53,RN,random,121,MORE_THAN_512_SUBTRACTIONS,7c0ada0c874938dc,97f0e3e5fa42fb78,3d7d92daf8abd3320000,3d7d92daf8abd3320000,17d25b5f157a6640,3400,7000,00001f80,27,815,2,2,6,439dcaa9d3e967880000,3000,3400
FPREM_completed,53,RN,random,135,MORE_THAN_512_SUBTRACTIONS,7acec2800ccf3118,3498831721aad9e8,3f489bf2fc73696c0000,3f489bf2fc73696c0000,34837e5f8e6d2d80,3400,3000,00001f80,24,556,0,0,0,4389952eef1c607c4000,3000,3400
FPREM_completed,53,RN,random,142,MORE_THAN_512_SUBTRACTIONS,7264155fa13b8f59,9c647ced0ca8226b,3dc2bb2947c812938000,3dc2bb2947c812938000,1c276528f9025270,3400,7200,00001f80,23,682,3,3,5,4304bacaa0d979ba8000,3000,3400
FPREM_completed,53,RN,random,144,MORE_THAN_512_SUBTRACTIONS,ed2dc6396c42b6f8,02c3611c2eadf718,bc2c8b01a3a2125f4000,bc2c8b01a3a2125f4000,82c1603474424be8,3400,3200,00001f80,30,845,1,1,7,c2ac86ddaf9c03cf8000,3000,3400
FPREM_completed,53,RN,random,156,MORE_THAN_512_SUBTRACTIONS,c55b68e984a6b54d,8255bc36c1074b77,bc24f0d9566cbcd5c000,bc24f0d9566cbcd5c000,824e1b2acd979ab8,3400,3100,00001f80,21,532,4,4,4,c02598ec8c879ad20000,3000,3400
FPREM_completed,53,RN,random,171,MORE_THAN_512_SUBTRACTIONS,72a584688a7d4f85,b06b0aa08ec0c009,3f058c563cf186254000,3f058c563cf186254000,30518ac79e30c4a8,3400,3100,00001f80,24,550,4,4,4,430287f05a3c364b0000,3000,3400
FPREM_completed,53,RN,random,177,MORE_THAN_512_SUBTRACTIONS,d50cccc31539402e,895a0c6a0dc516b8,bc93c6afd484dbae0000,bc93c6afd484dbae0000,8938d5fa909b75c0,3400,7100,00001f80,26,625,6,6,6,c114a8d95df86a620000,3000,3400
FPREM_completed,53,RN,random,1233,EXCEPTION_FLAGS_MISMATCH,800775f8a1f1e801,335231bcb44634b1,bbffeebf143e3d002000,bbffeebf143e3d002000,800775f8a1f1e801,3002,3002,00001f80,1,0,0,0,0,bbffeebf143e3d002000,3002,3002
FPREM_completed,53,RN,random,2646,INVALID_OR_NONFINITE_INPUT,fffc16448446619e,97c865bf05fa1bc2,ffffe0b22422330cf000,ffffe0b22422330cf000,fffc16448446619e,3000,3000,00001f80,1,0,0,0,0,ffffe0b22422330cf000,3000,3000
FPREM_completed,53,RN,random,2646,NAN_RESULT,fffc16448446619e,97c865bf05fa1bc2,ffffe0b22422330cf000,ffffe0b22422330cf000,fffc16448446619e,3000,3000,00001f80,1,0,0,0,0,ffffe0b22422330cf000,3000,3000
FPREM_completed,53,RN,random,2800,INVALID_OR_NONFINITE_INPUT,7ffec4b85b15dcc9,73ae6374d2acbe2d,7ffff625c2d8aee64800,7ffff625c2d8aee64800,7ffec4b85b15dcc9,3000,3000,00001f80,1,0,0,0,0,7ffff625c2d8aee64800,3000,3000
FPREM_completed,53,RN,random,2800,NAN_RESULT,7ffec4b85b15dcc9,73ae6374d2acbe2d,7ffff625c2d8aee64800,7ffff625c2d8aee64800,7ffec4b85b15dcc9,3000,3000,00001f80,1,0,0,0,0,7ffff625c2d8aee64800,3000,3000
FPREM_completed,53,RN,random,2804,INVALID_OR_NONFINITE_INPUT,215f1284a38934b3,ffff2b4bee625364,fffff95a5f73129b2000,fffff95a5f73129b2000,ffff2b4bee625364,3000,3000,00001f80,1,0,0,0,0,fffff95a5f73129b2000,3000,3000
FPREM_completed,53,RN,random,2804,NAN_RESULT,215f1284a38934b3,ffff2b4bee625364,fffff95a5f73129b2000,fffff95a5f73129b2000,ffff2b4bee625364,3000,3000,00001f80,1,0,0,0,0,fffff95a5f73129b2000,3000,3000
FPREM_completed,53,RN,random,3319,INVALID_OR_NONFINITE_INPUT,8856eee77a72ede6,fff3ef7fd61e7ede,ffffdf7bfeb0f3f6f000,ffffdf7bfeb0f3f6f000,fffbef7fd61e7ede,3001,3001,00001f81,1,0,0,0,0,ffffdf7bfeb0f3f6f000,3001,3001
FPREM_completed,53,RN,random,3319,NAN_RESULT,8856eee77a72ede6,fff3ef7fd61e7ede,ffffdf7bfeb0f3f6f000,ffffdf7bfeb0f3f6f000,fffbef7fd61e7ede,3001,3001,00001f81,1,0,0,0,0,ffffdf7bfeb0f3f6f000,3001,3001
FPREM_completed,53,RN,random,4196,EXCEPTION_FLAGS_MISMATCH,00045d7cbad4eff6,19e3a5eafc13fccf,3bff8baf975a9dfec000,3bff8baf975a9dfec000,00045d7cbad4eff6,3002,3002,00001f80,1,0,0,0,0,3bff8baf975a9dfec000,3002,3002
FPREM_completed,53,RN,random,5293,EXCEPTION_FLAGS_MISMATCH,000042978fcf403b,f113c2471660d47e,3bfb852f1f9e80760000,3bfb852f1f9e80760000,000042978fcf403b,3002,3002,00001f80,1,0,0,0,0,3bfb852f1f9e80760000,3002,3002
FPREM_completed,53,RN,random,5800,EXCEPTION_FLAGS_MISMATCH,000f2db77710b090,70ffa1f579d5ad51,3c00f2db77710b090000,3c00f2db77710b090000,000f2db77710b090,3002,3002,00001f80,1,0,0,0,0,3c00f2db77710b090000,3002,3002
FPREM_completed,53,RN,random,7285,EXCEPTION_FLAGS_MISMATCH,91d7fc48769559e3,800e7bbfc32cef6d,bc00c6b930c4a51f2000,bc00c6b930c4a51f2000,800c6b930c4a51f2,3402,7102,00001f80,5,155,6,6,6,bce0a1f5923ff4eed000,3002,3402
FPREM_completed,53,RN,random,7438,INVALID_OR_NONFINITE_INPUT,7ffcaf4d654f0d5d,233fc0de0338e527,7fffe57a6b2a786ae800,7fffe57a6b2a786ae800,7ffcaf4d654f0d5d,3000,3000,00001f80,1,0,0,0,0,7fffe57a6b2a786ae800,3000,3000
FPREM_completed,53,RN,random,7438,NAN_RESULT,7ffcaf4d654f0d5d,233fc0de0338e527,7fffe57a6b2a786ae800,7fffe57a6b2a786ae800,7ffcaf4d654f0d5d,3000,3000,00001f80,1,0,0,0,0,7fffe57a6b2a786ae800,3000,3000
FPREM_completed,53,RN,random,7596,INVALID_OR_NONFINITE_INPUT,fffbf8822c40c37e,b07d2bef072da5b4,ffffdfc41162061bf000,ffffdfc41162061bf000,fffbf8822c40c37e,3000,3000,00001f80,1,0,0,0,0,ffffdfc41162061bf000,3000,3000
FPREM_completed,53,RN,random,7596,NAN_RESULT,fffbf8822c40c37e,b07d2bef072da5b4,ffffdfc41162061bf000,ffffdfc41162061bf000,fffbf8822c40c37e,3000,3000,00001f80,1,0,0,0,0,ffffdfc41162061bf000,3000,3000
FPREM_completed,53,RN,random,7612,EXCEPTION_FLAGS_MISMATCH,00096c497eed1ace,be99f8ce19a39a1b,3c0096c497eed1ace000,3c0096c497eed1ace000,00096c497eed1ace,3002,3002,00001f80,1,0,0,0,0,3c0096c497eed1ace000,3002,3002
FPREM_completed,53,RN,random,7722,INVALID_OR_NONFINITE_INPUT,fff7691bbe190e08,7bcab5fa750c61cf,fffffb48ddf0c8704000,fffffb48ddf0c8704000,ffff691bbe190e08,3001,3001,00001f81,1,0,0,0,0,fffffb48ddf0c8704000,3001,3001
FPREM_completed,53,RN,random,7722,NAN_RESULT,fff7691bbe190e08,7bcab5fa750c61cf,fffffb48ddf0c8704000,fffffb48ddf0c8704000,ffff691bbe190e08,3001,3001,00001f81,1,0,0,0,0,fffffb48ddf0c8704000,3001,3001
FPREM_completed,53,RN,random,9199,EXCEPTION_FLAGS_MISMATCH,800a9a6921f9b5f3,2d747d032040de41,bc00a9a6921f9b5f3000,bc00a9a6921f9b5f3000,800a9a6921f9b5f3,3002,3002,00001f80,1,0,0,0,0,bc00a9a6921f9b5f3000,3002,3002
FPREM_completed,53,RN,random,10913,INVALID_OR_NONFINITE_INPUT,7fff2484a0f13a1d,6a6fdeea239a6e71,7ffff924250789d0e800,7ffff924250789d0e800,7fff2484a0f13a1d,3000,3000,00001f80,1,0,0,0,0,7ffff924250789d0e800,3000,3000
FPREM_completed,53,RN,random,10913,NAN_RESULT,7fff2484a0f13a1d,6a6fdeea239a6e71,7ffff924250789d0e800,7ffff924250789d0e800,7fff2484a0f13a1d,3000,3000,00001f80,1,0,0,0,0,7ffff924250789d0e800,3000,3000
FPREM_completed,53,RN,random,12128,EXCEPTION_FLAGS_MISMATCH,d8e39eeac74a6b81,000b070f8e9013cd,bbffe8da68fe7df5c000,bbffe8da68fe7df5c000,800746d347f3efae,3402,7002,00001f80,25,725,2,2,6,c15e9c4972fc21654000,3002,3402
FPREM_completed,53,RN,random,13177,INVALID_OR_NONFINITE_INPUT,fff87e6b054cc1e1,8d42223d01aabd08,ffffc3f3582a660f0800,ffffc3f3582a660f0800,fff87e6b054cc1e1,3000,3000,00001f80,1,0,0,0,0,ffffc3f3582a660f0800,3000,3000
FPREM_completed,53,RN,random,13177,NAN_RESULT,fff87e6b054cc1e1,8d42223d01aabd08,ffffc3f3582a660f0800,ffffc3f3582a660f0800,fff87e6b054cc1e1,3000,3000,00001f80,1,0,0,0,0,ffffc3f3582a660f0800,3000,3000
FPREM_completed,53,RN,random,13880,INVALID_OR_NONFINITE_INPUT,ffffe5642b6ad5f8,efcf3776f9f393f5,ffffff2b215b56afc000,ffffff2b215b56afc000,ffffe5642b6ad5f8,3000,3000,00001f80,1,0,0,0,0,ffffff2b215b56afc000,3000,3000
FPREM_completed,53,RN,random,13880,NAN_RESULT,ffffe5642b6ad5f8,efcf3776f9f393f5,ffffff2b215b56afc000,ffffff2b215b56afc000,ffffe5642b6ad5f8,3000,3000,00001f80,1,0,0,0,0,ffffff2b215b56afc000,3000,3000
FPREM_completed,53,RN,random,14177,INVALID_OR_NONFINITE_INPUT,1de067fae84e79b5,fffd194d792e3ad1,ffffe8ca6bc971d68800,ffffe8ca6bc971d68800,fffd194d792e3ad1,3000,3000,00001f80,1,0,0,0,0,ffffe8ca6bc971d68800,3000,3000
FPREM_completed,53,RN,random,14177,NAN_RESULT,1de067fae84e79b5,fffd194d792e3ad1,ffffe8ca6bc971d68800,ffffe8ca6bc971d68800,fffd194d792e3ad1,3000,3000,00001f80,1,0,0,0,0,ffffe8ca6bc971d68800,3000,3000
FPREM_completed,53,RN,random,15808,EXCEPTION_FLAGS_MISMATCH,00078afd5ab9f181,f2aa15676d841be6,3bfff15fab573e302000,3bfff15fab573e302000,00078afd5ab9f181,3002,3002,00001f80,1,0,0,0,0,3bfff15fab573e302000,3002,3002
FPREM_completed,53,RN,random,16005,INVALID_OR_NONFINITE_INPUT,fff611d7cae68af6,86e423ac385d97f2,fffff08ebe573457b000,fffff08ebe573457b000,fffe11d7cae68af6,3001,3001,00001f81,1,0,0,0,0,fffff08ebe573457b000,3001,3001
FPREM_completed,53,RN,random,16005,NAN_RESULT,fff611d7cae68af6,86e423ac385d97f2,fffff08ebe573457b000,fffff08ebe573457b000,fffe11d7cae68af6,3001,3001,00001f81,1,0,0,0,0,fffff08ebe573457b000,3001,3001
FPREM_completed,53,RN,random,16109,INVALID_OR_NONFINITE_INPUT,fff760d464c22dfd,f722efe6567e5e26,fffffb06a326116fe800,fffffb06a326116fe800,ffff60d464c22dfd,3001,3001,00001f81,1,0,0,0,0,fffffb06a326116fe800,3001,3001
FPREM_completed,53,RN,random,16109,NAN_RESULT,fff760d464c22dfd,f722efe6567e5e26,fffffb06a326116fe800,fffffb06a326116fe800,ffff60d464c22dfd,3001,3001,00001f81,1,0,0,0,0,fffffb06a326116fe800,3001,3001
FPREM_completed,53,RN,random,17938,EXCEPTION_FLAGS_MISMATCH,000604a2ddf15aaf,4fac635a1fbf943d,3bffc0945bbe2b55e000,3bffc0945bbe2b55e000,000604a2ddf15aaf,3002,3002,00001f80,1,0,0,0,0,3bffc0945bbe2b55e000,3002,3002
FPREM_completed,53,RN,random,18050,EXCEPTION_FLAGS_MISMATCH,80012b5411c1220b,2bc6fed9f7152b74,bbfd95aa08e091058000,bbfd95aa08e091058000,80012b5411c1220b,3002,3002,00001f80,1,0,0,0,0,bbfd95aa08e091058000,3002,3002
FPREM_completed,53,RN,random,18144,INVALID_OR_NONFINITE_INPUT,1a697067a9d4131e,7ff4caf5a31236d0,7fffe657ad1891b68000,7fffe657ad1891b68000,7ffccaf5a31236d0,3001,3001,00001f81,1,0,0,0,0,7fffe657ad1891b68000,3001,3001
FPREM_completed,53,RN,random,18144,NAN_RESULT,1a697067a9d4131e,7ff4caf5a31236d0,7fffe657ad1891b68000,7fffe657ad1891b68000,7ffccaf5a31236d0,3001,3001,00001f81,1,0,0,0,0,7fffe657ad1891b68000,3001,3001
FPREM_completed,53,RN,random,18393,EXCEPTION_FLAGS_MISMATCH,800a078ea997ffbd,9024b261222329c4,bc00a078ea997ffbd000,bc00a078ea997ffbd000,800a078ea997ffbd,3002,3002,00001f80,1,0,0,0,0,bc00a078ea997ffbd000,3002,3002
FPREM_completed,53,RN,random,18494,INVALID_OR_NONFINITE_INPUT,8b3795aeea5a51e9,fff42510e432a4b0,ffffe128872195258000,ffffe128872195258000,fffc2510e432a4b0,3001,3001,00001f81,1,0,0,0,0,ffffe128872195258000,3001,3001
FPREM_completed,53,RN,random,18494,NAN_RESULT,8b3795aeea5a51e9,fff42510e432a4b0,ffffe128872195258000,ffffe128872195258000,fffc2510e432a4b0,3001,3001,00001f81,1,0,0,0,0,ffffe128872195258000,3001,3001
FPREM_completed,53,RN,random,18855,EXCEPTION_FLAGS_MISMATCH,0009c2ad8c5ab954,e9b24df58db0b1de,3c009c2ad8c5ab954000,3c009c2ad8c5ab954000,0009c2ad8c5ab954,3002,3002,00001f80,1,0,0,0,0,3c009c2ad8c5ab954000,3002,3002
FPREM_completed,53,RN,random,19982,INVALID_OR_NONFINITE_INPUT,7ff1ef37dbd61011,ed987e4fb1101e19,7fffcf79bedeb0808800,7fffcf79bedeb0808800,7ff9ef37dbd61011,3001,3001,00001f81,1,0,0,0,0,7fffcf79bedeb0808800,3001,3001
FPREM_completed,53,RN,random,19982,NAN_RESULT,7ff1ef37dbd61011,ed987e4fb1101e19,7fffcf79bedeb0808800,7fffcf79bedeb0808800,7ff9ef37dbd61011,3001,3001,00001f81,1,0,0,0,0,7fffcf79bedeb0808800,3001,3001
FPREM_completed,53,RN,random,19989,INVALID_OR_NONFINITE_INPUT,6a9d1ec93aecc6ab,fffce7ea399b451a,ffffe73f51ccda28d000,ffffe73f51ccda28d000,fffce7ea399b451a,3000,3000,00001f80,1,0,0,0,0,ffffe73f51ccda28d000,3000,3000
FPREM_completed,53,RN,random,19989,NAN_RESULT,6a9d1ec93aecc6ab,fffce7ea399b451a,ffffe73f51ccda28d000,ffffe73f51ccda28d000,fffce7ea399b451a,3000,3000,00001f80,1,0,0,0,0,ffffe73f51ccda28d000,3000,3000
FPREM_completed,53,RN,random,21129,INVALID_OR_NONFINITE_INPUT,1bd16e2aeeb69c1c,fffd80dcf474289d,ffffec06e7a3a144e800,ffffec06e7a3a144e800,fffd80dcf474289d,3000,3000,00001f80,1,0,0,0,0,ffffec06e7a3a144e800,3000,3000
FPREM_completed,53,RN,random,21129,NAN_RESULT,1bd16e2aeeb69c1c,fffd80dcf474289d,ffffec06e7a3a144e800,ffffec06e7a3a144e800,fffd80dcf474289d,3000,3000,00001f80,1,0,0,0,0,ffffec06e7a3a144e800,3000,3000
FPREM_completed,53,RN,random,21308,EXCEPTION_FLAGS_MISMATCH,80054af5ac397823,0921b43449e9917b,bbffa95eb5872f046000,bbffa95eb5872f046000,80054af5ac397823,3002,3002,00001f80,1,0,0,0,0,bbffa95eb5872f046000,3002,3002
FPREM_completed,53,RN,random,21840,INVALID_OR_NONFINITE_INPUT,7ff452155f935d94,1c775d75320a205c,7fffe290aafc9aeca000,7fffe290aafc9aeca000,7ffc52155f935d94,3001,3001,00001f81,1,0,0,0,0,7fffe290aafc9aeca000,3001,3001
FPREM_completed,53,RN,random,21840,NAN_RESULT,7ff452155f935d94,1c775d75320a205c,7fffe290aafc9aeca000,7fffe290aafc9aeca000,7ffc52155f935d94,3001,3001,00001f81,1,0,0,0,0,7fffe290aafc9aeca000,3001,3001
FPREM_completed,53,RN,random,22001,INVALID_OR_NONFINITE_INPUT,f51f71d5f317fef7,fff038e0bc7f2023,ffffc1c705e3f9011800,ffffc1c705e3f9011800,fff838e0bc7f2023,3001,3001,00001f81,1,0,0,0,0,ffffc1c705e3f9011800,3001,3001
FPREM_completed,53,RN,random,22001,NAN_RESULT,f51f71d5f317fef7,fff038e0bc7f2023,ffffc1c705e3f9011800,ffffc1c705e3f9011800,fff838e0bc7f2023,3001,3001,00001f81,1,0,0,0,0,ffffc1c705e3f9011800,3001,3001
FPREM_completed,53,RN,random,24432,EXCEPTION_FLAGS_MISMATCH,0000524bff113f57,816da281ea85a7a5,3bfba497fe227eae0000,3bfba497fe227eae0000,0000524bff113f57,3002,3002,00001f80,1,0,0,0,0,3bfba497fe227eae0000,3002,3002
FPREM_completed,53,RN,random,24987,EXCEPTION_FLAGS_MISMATCH,c18b370699eb4229,000f5f84366f4102,bc00a94dcf2b4195c000,bc00a94dcf2b4195c000,800a94dcf2b4195c,3402,7002,00001f80,23,527,2,2,6,bfe0b75ee678fa8bc000,3002,3402
FPREM_completed,53,RN,random,25096,EXCEPTION_FLAGS_MISMATCH,80090e781b9805f4,29de74e64bc6bc23,bc0090e781b9805f4000,bc0090e781b9805f4000,80090e781b9805f4,3002,3002,00001f80,1,0,0,0,0,bc0090e781b9805f4000,3002,3002
FPREM_completed,53,RN,random,28782,EXCEPTION_FLAGS_MISMATCH,7b0880470be2fa5b,800c70e46c2bd5e3,3bfffb5bd194a6b34000,3bfffb5bd194a6b34000,0007dade8ca5359a,3402,7002,00001f80,36,969,2,2,6,437f921fd8df6fb1c000,3002,3402
FPREM_completed,53,RN,random,29586,EXCEPTION_FLAGS_MISMATCH,000dad250093a9db,2b750a83e2704927,3c00dad250093a9db000,3c00dad250093a9db000,000dad250093a9db,3002,3002,00001f80,1,0,0,0,0,3c00dad250093a9db000,3002,3002
FPREM_completed,53,RN,random,31461,EXCEPTION_FLAGS_MISMATCH,0004db3d8e9a43b0,d79c4aafc37e3e3d,3bff9b67b1d348760000,3bff9b67b1d348760000,0004db3d8e9a43b0,3002,3002,00001f80,1,0,0,0,0,3bff9b67b1d348760000,3002,3002
FPREM_completed,53,RN,edge,341,VALUE_MISMATCH,7ff8000000000011,fff0000000000222,ffffc000000000111000,7fffc000000000008800,7ff8000000000011,3001,3001,00001f81,1,0,0,0,0,ffffc000000000111000,3001,3001
FPREM_completed,53,RD,random,0,ALL,39005d1b59f41037,aa0bb42747841268,3ea0a6fbf900f9cf4000,3ea0a6fbf900f9cf4000,2a04df7f201f39e8,3400,7300,00003f80,5,120,7,7,1,3f5dc0201f66984c0000,3000,3400
FPREM_completed,53,RD,random,0,X87_MULTISTEP,39005d1b59f41037,aa0bb42747841268,3ea0a6fbf900f9cf4000,3ea0a6fbf900f9cf4000,2a04df7f201f39e8,3400,7300,00003f80,5,120,7,7,1,3f5dc0201f66984c0000,3000,3400
FPREM_completed,53,RD,random,0,QUOTIENT_SIGNED_BITS_DIFFER,39005d1b59f41037,aa0bb42747841268,3ea0a6fbf900f9cf4000,3ea0a6fbf900f9cf4000,2a04df7f201f39e8,3400,7300,00003f80,5,120,7,7,1,3f5dc0201f66984c0000,3000,3400
FPREM_completed,53,RD,random,0,SINGLE_INSTRUCTION_VALUE_MISMATCH,39005d1b59f41037,aa0bb42747841268,3ea0a6fbf900f9cf4000,3ea0a6fbf900f9cf4000,2a04df7f201f39e8,3400,7300,00003f80,5,120,7,7,1,3f5dc0201f66984c0000,3000,3400
FPREM_completed,53,RD,random,0,SINGLE_INSTRUCTION_C2_PARTIAL,39005d1b59f41037,aa0bb42747841268,3ea0a6fbf900f9cf4000,3ea0a6fbf900f9cf4000,2a04df7f201f39e8,3400,7300,00003f80,5,120,7,7,1,3f5dc0201f66984c0000,3000,3400
FPREM_completed,53,RD,random,1,ALL,a79dae131b3431aa,c97db72336427b70,be79ed7098d9a18d5000,be79ed7098d9a18d5000,a79dae131b3431aa,3000,3000,00003f80,1,0,0,0,0,be79ed7098d9a18d5000,3000,3000
FPREM_completed,53,RD,random,1,SINGLE_COMPLETE_FINITE_CASE,a79dae131b3431aa,c97db72336427b70,be79ed7098d9a18d5000,be79ed7098d9a18d5000,a79dae131b3431aa,3000,3000,00003f80,1,0,0,0,0,be79ed7098d9a18d5000,3000,3000
FPREM_completed,53,RD,random,2,ALL,38b1b1cf247332e7,2c69a8de7d10e6c2,3ec4ebb15b13f19a0000,3ec4ebb15b13f19a0000,2c4d762b627e3340,3400,3000,00003f80,4,90,0,0,0,3f65e65f0fd8474c8000,3000,3400
FPREM_completed,53,RD,random,2,X87_MULTISTEP,38b1b1cf247332e7,2c69a8de7d10e6c2,3ec4ebb15b13f19a0000,3ec4ebb15b13f19a0000,2c4d762b627e3340,3400,3000,00003f80,4,90,0,0,0,3f65e65f0fd8474c8000,3000,3400
FPREM_completed,53,RD,random,2,SINGLE_INSTRUCTION_VALUE_MISMATCH,38b1b1cf247332e7,2c69a8de7d10e6c2,3ec4ebb15b13f19a0000,3ec4ebb15b13f19a0000,2c4d762b627e3340,3400,3000,00003f80,4,90,0,0,0,3f65e65f0fd8474c8000,3000,3400
FPREM_completed,53,RD,random,2,SINGLE_INSTRUCTION_C2_PARTIAL,38b1b1cf247332e7,2c69a8de7d10e6c2,3ec4ebb15b13f19a0000,3ec4ebb15b13f19a0000,2c4d762b627e3340,3400,3000,00003f80,4,90,0,0,0,3f65e65f0fd8474c8000,3000,3400
FPREM_completed,53,RD,random,3,ALL,0159a802c6b0e40b,fde8f2dd6b4079e3,3c15cd40163587205800,3c15cd40163587205800,0159a802c6b0e40b,3000,3000,00003f80,1,0,0,0,0,3c15cd40163587205800,3000,3000
FPREM_completed,53,RD,random,3,SINGLE_COMPLETE_FINITE_CASE,0159a802c6b0e40b,fde8f2dd6b4079e3,3c15cd40163587205800,3c15cd40163587205800,0159a802c6b0e40b,3000,3000,00003f80,1,0,0,0,0,3c15cd40163587205800,3000,3000
FPREM_completed,53,RD,random,4,ALL,6eafb6c51d88b719,b33bcb6f9ffd8324,3f33dab784e9e91de000,3f33dab784e9e91de000,333b56f09d3d23bc,3400,3200,00003f80,17,446,1,1,7,42b2c8875468a91ec000,3000,3400
FPREM_completed,53,RD,random,4,X87_MULTISTEP,6eafb6c51d88b719,b33bcb6f9ffd8324,3f33dab784e9e91de000,3f33dab784e9e91de000,333b56f09d3d23bc,3400,3200,00003f80,17,446,1,1,7,42b2c8875468a91ec000,3000,3400
FPREM_completed,53,RD,random,4,QUOTIENT_SIGNED_BITS_DIFFER,6eafb6c51d88b719,b33bcb6f9ffd8324,3f33dab784e9e91de000,3f33dab784e9e91de000,333b56f09d3d23bc,3400,3200,00003f80,17,446,1,1,7,42b2c8875468a91ec000,3000,3400
FPREM_completed,53,RD,random,4,SINGLE_INSTRUCTION_VALUE_MISMATCH,6eafb6c51d88b719,b33bcb6f9ffd8324,3f33dab784e9e91de000,3f33dab784e9e91de000,333b56f09d3d23bc,3400,3200,00003f80,17,446,1,1,7,42b2c8875468a91ec000,3000,3400
FPREM_completed,53,RD,random,4,SINGLE_INSTRUCTION_C2_PARTIAL,6eafb6c51d88b719,b33bcb6f9ffd8324,3f33dab784e9e91de000,3f33dab784e9e91de000,333b56f09d3d23bc,3400,3200,00003f80,17,446,1,1,7,42b2c8875468a91ec000,3000,3400
FPREM_completed,53,RD,random,5,ALL,039d85f35503e50f,6bf5f004e65a440b,3c39ec2f9aa81f287800,3c39ec2f9aa81f287800,039d85f35503e50f,3000,3000,00003f80,1,0,0,0,0,3c39ec2f9aa81f287800,3000,3000
FPREM_completed,53,RD,random,5,SINGLE_COMPLETE_FINITE_CASE,039d85f35503e50f,6bf5f004e65a440b,3c39ec2f9aa81f287800,3c39ec2f9aa81f287800,039d85f35503e50f,3000,3000,00003f80,1,0,0,0,0,3c39ec2f9aa81f287800,3000,3000
FPREM_completed,53,RD,random,6,ALL,3f622dade3a7b6be,bac9d0d4304c687b,3fabd6f9f6607547c000,3fabd6f9f6607547c000,3abadf3ecc0ea8f8,3400,3100,00003f80,2,35,4,4,4,3fc68cbaee446fa20000,3000,3400
FPREM_completed,53,RD,random,6,X87_MULTISTEP,3f622dade3a7b6be,bac9d0d4304c687b,3fabd6f9f6607547c000,3fabd6f9f6607547c000,3abadf3ecc0ea8f8,3400,3100,00003f80,2,35,4,4,4,3fc68cbaee446fa20000,3000,3400
FPREM_completed,53,RD,random,6,SINGLE_INSTRUCTION_VALUE_MISMATCH,3f622dade3a7b6be,bac9d0d4304c687b,3fabd6f9f6607547c000,3fabd6f9f6607547c000,3abadf3ecc0ea8f8,3400,3100,00003f80,2,35,4,4,4,3fc68cbaee446fa20000,3000,3400
FPREM_completed,53,RD,random,6,SINGLE_INSTRUCTION_C2_PARTIAL,3f622dade3a7b6be,bac9d0d4304c687b,3fabd6f9f6607547c000,3fabd6f9f6607547c000,3abadf3ecc0ea8f8,3400,3100,00003f80,2,35,4,4,4,3fc68cbaee446fa20000,3000,3400
FPREM_completed,53,RD,random,7,ALL,1be3526f041fd13f,8f013dda7d97cc0b,3cec83c7ce222eb88000,3cec83c7ce222eb88000,0ec078f9c445d710,3400,3300,00003f80,4,83,5,5,3,3d8f99911c0774abc000,3000,3400
FPREM_completed,53,RD,random,7,X87_MULTISTEP,1be3526f041fd13f,8f013dda7d97cc0b,3cec83c7ce222eb88000,3cec83c7ce222eb88000,0ec078f9c445d710,3400,3300,00003f80,4,83,5,5,3,3d8f99911c0774abc000,3000,3400
FPREM_completed,53,RD,random,7,QUOTIENT_SIGNED_BITS_DIFFER,1be3526f041fd13f,8f013dda7d97cc0b,3cec83c7ce222eb88000,3cec83c7ce222eb88000,0ec078f9c445d710,3400,3300,00003f80,4,83,5,5,3,3d8f99911c0774abc000,3000,3400
FPREM_completed,53,RD,random,7,SINGLE_INSTRUCTION_VALUE_MISMATCH,1be3526f041fd13f,8f013dda7d97cc0b,3cec83c7ce222eb88000,3cec83c7ce222eb88000,0ec078f9c445d710,3400,3300,00003f80,4,83,5,5,3,3d8f99911c0774abc000,3000,3400
FPREM_completed,53,RD,random,7,SINGLE_INSTRUCTION_C2_PARTIAL,1be3526f041fd13f,8f013dda7d97cc0b,3cec83c7ce222eb88000,3cec83c7ce222eb88000,0ec078f9c445d710,3400,3300,00003f80,4,83,5,5,3,3d8f99911c0774abc000,3000,3400
FPREM_completed,53,RD,random,8,ALL,c44d0a1ea70b20ff,0eeac7548da1932d,bceec474924529945800,bceec474924529945800,8ee88e9248a5328b,3400,3200,00003f80,16,424,1,1,7,c008b16b8d55709c0000,3000,3400
FPREM_completed,53,RD,random,8,X87_MULTISTEP,c44d0a1ea70b20ff,0eeac7548da1932d,bceec474924529945800,bceec474924529945800,8ee88e9248a5328b,3400,3200,00003f80,16,424,1,1,7,c008b16b8d55709c0000,3000,3400
FPREM_completed,53,RD,random,8,QUOTIENT_SIGNED_BITS_DIFFER,c44d0a1ea70b20ff,0eeac7548da1932d,bceec474924529945800,bceec474924529945800,8ee88e9248a5328b,3400,3200,00003f80,16,424,1,1,7,c008b16b8d55709c0000,3000,3400
FPREM_completed,53,RD,random,8,SINGLE_INSTRUCTION_VALUE_MISMATCH,c44d0a1ea70b20ff,0eeac7548da1932d,bceec474924529945800,bceec474924529945800,8ee88e9248a5328b,3400,3200,00003f80,16,424,1,1,7,c008b16b8d55709c0000,3000,3400
FPREM_completed,53,RD,random,8,SINGLE_INSTRUCTION_C2_PARTIAL,c44d0a1ea70b20ff,0eeac7548da1932d,bceec474924529945800,bceec474924529945800,8ee88e9248a5328b,3400,3200,00003f80,16,424,1,1,7,c008b16b8d55709c0000,3000,3400
FPREM_completed,53,RD,random,9,ALL,14c615a007ecca11,e2509355b1112f51,3d4cb0ad003f66508800,3d4cb0ad003f66508800,14c615a007ecca11,3000,3000,00003f80,1,0,0,0,0,3d4cb0ad003f66508800,3000,3000
FPREM_completed,53,RD,random,9,SINGLE_COMPLETE_FINITE_CASE,14c615a007ecca11,e2509355b1112f51,3d4cb0ad003f66508800,3d4cb0ad003f66508800,14c615a007ecca11,3000,3000,00003f80,1,0,0,0,0,3d4cb0ad003f66508800,3000,3000
FPREM_completed,53,RD,random,10,ALL,e17a9da691069bad,bf7616c50e54a52d,bff6b2396f9289d0f000,bff6b2396f9289d0f000,bf66472df2513a1e,3400,3300,00003f80,10,266,5,5,5,c1f3b2a68b0280980000,3000,3400
FPREM_completed,53,RD,random,10,X87_MULTISTEP,e17a9da691069bad,bf7616c50e54a52d,bff6b2396f9289d0f000,bff6b2396f9289d0f000,bf66472df2513a1e,3400,3300,00003f80,10,266,5,5,5,c1f3b2a68b0280980000,3000,3400
FPREM_completed,53,RD,random,10,SINGLE_INSTRUCTION_VALUE_MISMATCH,e17a9da691069bad,bf7616c50e54a52d,bff6b2396f9289d0f000,bff6b2396f9289d0f000,bf66472df2513a1e,3400,3300,00003f80,10,266,5,5,5,c1f3b2a68b0280980000,3000,3400
FPREM_completed,53,RD,random,10,SINGLE_INSTRUCTION_C2_PARTIAL,e17a9da691069bad,bf7616c50e54a52d,bff6b2396f9289d0f000,bff6b2396f9289d0f000,bf66472df2513a1e,3400,3300,00003f80,10,266,5,5,5,c1f3b2a68b0280980000,3000,3400
FPREM_completed,53,RD,random,11,ALL,4a4e1234b1a55a7f,29841a150e25814e,3e95abc4469a67fc0000,3e95abc4469a67fc0000,29557888d34cff80,3400,3000,00003f80,9,289,0,0,0,4075d17ea87146938000,3000,3400
FPREM_completed,53,RD,random,11,X87_MULTISTEP,4a4e1234b1a55a7f,29841a150e25814e,3e95abc4469a67fc0000,3e95abc4469a67fc0000,29557888d34cff80,3400,3000,00003f80,9,289,0,0,0,4075d17ea87146938000,3000,3400
FPREM_completed,53,RD,random,11,SINGLE_INSTRUCTION_VALUE_MISMATCH,4a4e1234b1a55a7f,29841a150e25814e,3e95abc4469a67fc0000,3e95abc4469a67fc0000,29557888d34cff80,3400,3000,00003f80,9,289,0,0,0,4075d17ea87146938000,3000,3400
FPREM_completed,53,RD,random,11,SINGLE_INSTRUCTION_C2_PARTIAL,4a4e1234b1a55a7f,29841a150e25814e,3e95abc4469a67fc0000,3e95abc4469a67fc0000,29557888d34cff80,3400,3000,00003f80,9,289,0,0,0,4075d17ea87146938000,3000,3400
FPREM_completed,53,RD,random,12,ALL,6594f41e49bee1a0,3bf5817dfb70df6d,3fbeee382bb4dd19f000,3fbeee382bb4dd19f000,3bedc705769ba33e,3400,3300,00003f80,12,321,5,5,5,421e9b54c40c8e563000,3000,3400
FPREM_completed,53,RD,random,12,X87_MULTISTEP,6594f41e49bee1a0,3bf5817dfb70df6d,3fbeee382bb4dd19f000,3fbeee382bb4dd19f000,3bedc705769ba33e,3400,3300,00003f80,12,321,5,5,5,421e9b54c40c8e563000,3000,3400
FPREM_completed,53,RD,random,12,SINGLE_INSTRUCTION_VALUE_MISMATCH,6594f41e49bee1a0,3bf5817dfb70df6d,3fbeee382bb4dd19f000,3fbeee382bb4dd19f000,3bedc705769ba33e,3400,3300,00003f80,12,321,5,5,5,421e9b54c40c8e563000,3000,3400
FPREM_completed,53,RD,random,12,SINGLE_INSTRUCTION_C2_PARTIAL,6594f41e49bee1a0,3bf5817dfb70df6d,3fbeee382bb4dd19f000,3fbeee382bb4dd19f000,3bedc705769ba33e,3400,3300,00003f80,12,321,5,5,5,421e9b54c40c8e563000,3000,3400
FPREM_completed,53,RD,random,13,ALL,c1132a8b237f2b9d,594d73404f44c27e,c0119954591bf95ce800,c0119954591bf95ce800,c1132a8b237f2b9d,3000,3000,00003f80,1,0,0,0,0,c0119954591bf95ce800,3000,3000
FPREM_completed,53,RD,random,13,SINGLE_COMPLETE_FINITE_CASE,c1132a8b237f2b9d,594d73404f44c27e,c0119954591bf95ce800,c0119954591bf95ce800,c1132a8b237f2b9d,3000,3000,00003f80,1,0,0,0,0,c0119954591bf95ce800,3000,3000
FPREM_completed,53,RD,random,14,ALL,b7683dfbd1805aff,bf598884c49fca9b,bf76c1efde8c02d7f800,bf76c1efde8c02d7f800,b7683dfbd1805aff,3000,3000,00003f80,1,0,0,0,0,bf76c1efde8c02d7f800,3000,3000
FPREM_completed,53,RD,random,14,SINGLE_COMPLETE_FINITE_CASE,b7683dfbd1805aff,bf598884c49fca9b,bf76c1efde8c02d7f800,bf76c1efde8c02d7f800,b7683dfbd1805aff,3000,3000,00003f80,1,0,0,0,0,bf76c1efde8c02d7f800,3000,3000
FPREM_completed,53,RD,random,15,ALL,6f490969190f62c4,ae1215eb462405c7,3ee1818d7f0b5adcc800,3ee1818d7f0b5adcc800,2e1031afe16b5b99,3400,3200,00003f80,17,494,1,1,7,42bddc90617d46440000,3000,3400
FPREM_completed,53,RD,random,15,X87_MULTISTEP,6f490969190f62c4,ae1215eb462405c7,3ee1818d7f0b5adcc800,3ee1818d7f0b5adcc800,2e1031afe16b5b99,3400,3200,00003f80,17,494,1,1,7,42bddc90617d46440000,3000,3400
FPREM_completed,53,RD,random,15,QUOTIENT_SIGNED_BITS_DIFFER,6f490969190f62c4,ae1215eb462405c7,3ee1818d7f0b5adcc800,3ee1818d7f0b5adcc800,2e1031afe16b5b99,3400,3200,00003f80,17,494,1,1,7,42bddc90617d46440000,3000,3400
FPREM_completed,53,RD,random,15,SINGLE_INSTRUCTION_VALUE_MISMATCH,6f490969190f62c4,ae1215eb462405c7,3ee1818d7f0b5adcc800,3ee1818d7f0b5adcc800,2e1031afe16b5b99,3400,3200,00003f80,17,494,1,1,7,42bddc90617d46440000,3000,3400
FPREM_completed,53,RD,random,15,SINGLE_INSTRUCTION_C2_PARTIAL,6f490969190f62c4,ae1215eb462405c7,3ee1818d7f0b5adcc800,3ee1818d7f0b5adcc800,2e1031afe16b5b99,3400,3200,00003f80,17,494,1,1,7,42bddc90617d46440000,3000,3400
FPREM_completed,53,RD,random,16,ALL,8da36025d28a21d8,33ed6497a86d8353,bcda9b012e94510ec000,bcda9b012e94510ec000,8da36025d28a21d8,3000,3000,00003f80,1,0,0,0,0,bcda9b012e94510ec000,3000,3000
FPREM_completed,53,RD,random,16,SINGLE_COMPLETE_FINITE_CASE,8da36025d28a21d8,33ed6497a86d8353,bcda9b012e94510ec000,bcda9b012e94510ec000,8da36025d28a21d8,3000,3000,00003f80,1,0,0,0,0,bcda9b012e94510ec000,3000,3000
FPREM_completed,53,RD,random,17,ALL,b77e8b7c1bae6945,ce13f0f8f189085d,bf77f45be0dd734a2800,bf77f45be0dd734a2800,b77e8b7c1bae6945,3000,3000,00003f80,1,0,0,0,0,bf77f45be0dd734a2800,3000,3000
FPREM_completed,53,RD,random,17,SINGLE_COMPLETE_FINITE_CASE,b77e8b7c1bae6945,ce13f0f8f189085d,bf77f45be0dd734a2800,bf77f45be0dd734a2800,b77e8b7c1bae6945,3000,3000,00003f80,1,0,0,0,0,bf77f45be0dd734a2800,3000,3000
FPREM_completed,53,RD,random,18,ALL,1e56657267a4546d,63b83902f22bfcd7,3de5b32b933d22a36800,3de5b32b933d22a36800,1e56657267a4546d,3000,3000,00003f80,1,0,0,0,0,3de5b32b933d22a36800,3000,3000
FPREM_completed,53,RD,random,18,SINGLE_COMPLETE_FINITE_CASE,1e56657267a4546d,63b83902f22bfcd7,3de5b32b933d22a36800,3de5b32b933d22a36800,1e56657267a4546d,3000,3000,00003f80,1,0,0,0,0,3de5b32b933d22a36800,3000,3000
FPREM_completed,53,RD,random,19,ALL,520a608fd94c71bc,1a0745443aa528a2,3da09d581f06e8e3b000,3da09d581f06e8e3b000,1a03ab03e0dd1c76,3400,3300,00003f80,18,451,5,5,5,4100afcb0604c208c000,3000,3400
FPREM_completed,53,RD,random,19,X87_MULTISTEP,520a608fd94c71bc,1a0745443aa528a2,3da09d581f06e8e3b000,3da09d581f06e8e3b000,1a03ab03e0dd1c76,3400,3300,00003f80,18,451,5,5,5,4100afcb0604c208c000,3000,3400
FPREM_completed,53,RD,random,19,SINGLE_INSTRUCTION_VALUE_MISMATCH,520a608fd94c71bc,1a0745443aa528a2,3da09d581f06e8e3b000,3da09d581f06e8e3b000,1a03ab03e0dd1c76,3400,3300,00003f80,18,451,5,5,5,4100afcb0604c208c000,3000,3400
FPREM_completed,53,RD,random,19,SINGLE_INSTRUCTION_C2_PARTIAL,520a608fd94c71bc,1a0745443aa528a2,3da09d581f06e8e3b000,3da09d581f06e8e3b000,1a03ab03e0dd1c76,3400,3300,00003f80,18,451,5,5,5,4100afcb0604c208c000,3000,3400
FPREM_completed,53,RD,random,20,X87_MULTISTEP,e11dd77714b3258b,2594be96d5414b93,be58a3ced03246e70000,be58a3ced03246e70000,a58479da0648dce0,3400,3000,00003f80,16,468,0,0,0,c1d689da8af23e7a8000,3000,3400
FPREM_completed,53,RD,random,20,SINGLE_INSTRUCTION_VALUE_MISMATCH,e11dd77714b3258b,2594be96d5414b93,be58a3ced03246e70000,be58a3ced03246e70000,a58479da0648dce0,3400,3000,00003f80,16,468,0,0,0,c1d689da8af23e7a8000,3000,3400
FPREM_completed,53,RD,random,20,SINGLE_INSTRUCTION_C2_PARTIAL,e11dd77714b3258b,2594be96d5414b93,be58a3ced03246e70000,be58a3ced03246e70000,a58479da0648dce0,3400,3000,00003f80,16,468,0,0,0,c1d689da8af23e7a8000,3000,3400
FPREM_completed,53,RD,random,21,SINGLE_COMPLETE_FINITE_CASE,b452c0bf0200d818,6b0151688251e8ff,bf459605f81006c0c000,bf459605f81006c0c000,b452c0bf0200d818,3000,3000,00003f80,1,0,0,0,0,bf459605f81006c0c000,3000,3000
FPREM_completed,53,RD,random,22,QUOTIENT_SIGNED_BITS_DIFFER,a04b39e9068ce4c8,1eb552ddc4042814,bdeba22526717ed96000,bdeba22526717ed96000,9eb444a4ce2fdb2c,3000,3200,00003f80,1,14,1,1,7,bdeba22526717ed96000,3000,3200
FPREM_completed,53,RD,random,22,SINGLE_COMPLETE_FINITE_CASE,a04b39e9068ce4c8,1eb552ddc4042814,bdeba22526717ed96000,bdeba22526717ed96000,9eb444a4ce2fdb2c,3000,3200,00003f80,1,14,1,1,7,bdeba22526717ed96000,3000,3200
FPREM_completed,53,RD,random,23,SINGLE_COMPLETE_FINITE_CASE,af4da42f6014ff40,b29387e0e24fc445,bef4ed217b00a7fa0000,bef4ed217b00a7fa0000,af4da42f6014ff40,3000,3000,00003f80,1,0,0,0,0,bef4ed217b00a7fa0000,3000,3000
FPREM_completed,53,RD,random,24,X87_MULTISTEP,d4114ba021dfe810,3c9d3fbdef8f3ad4,bfc899b8aef443cc0000,bfc899b8aef443cc0000,bc833715de887980,3400,3000,00003f80,7,185,0,0,0,c105ea7fac552c3a0000,3000,3400
FPREM_completed,53,RD,random,24,SINGLE_INSTRUCTION_VALUE_MISMATCH,d4114ba021dfe810,3c9d3fbdef8f3ad4,bfc899b8aef443cc0000,bfc899b8aef443cc0000,bc833715de887980,3400,3000,00003f80,7,185,0,0,0,c105ea7fac552c3a0000,3000,3400
FPREM_completed,53,RD,random,24,SINGLE_INSTRUCTION_C2_PARTIAL,d4114ba021dfe810,3c9d3fbdef8f3ad4,bfc899b8aef443cc0000,bfc899b8aef443cc0000,bc833715de887980,3400,3000,00003f80,7,185,0,0,0,c105ea7fac552c3a0000,3000,3400
FPREM_completed,53,RD,random,25,SINGLE_COMPLETE_FINITE_CASE,69ef6e510d168232,717a855f449728e5,429efb728868b4119000,429efb728868b4119000,69ef6e510d168232,3000,3000,00003f80,1,0,0,0,0,429efb728868b4119000,3000,3000
FPREM_completed,53,RD,random,26,SINGLE_COMPLETE_FINITE_CASE,d6883f0417967388,e66311ff39fee26c,c168c1f820bcb39c4000,c168c1f820bcb39c4000,d6883f0417967388,3000,3000,00003f80,1,0,0,0,0,c168c1f820bcb39c4000,3000,3000
FPREM_completed,53,RD,random,27,SINGLE_COMPLETE_FINITE_CASE,4fa14b561f8c01bf,f471624ef4a20fbf,40fa8a5ab0fc600df800,40fa8a5ab0fc600df800,4fa14b561f8c01bf,3000,3000,00003f80,1,0,0,0,0,40fa8a5ab0fc600df800,3000,3000
FPREM_completed,53,RD,random,28,SINGLE_COMPLETE_FINITE_CASE,9d1803c5770d693a,239d03d2d46d3116,bdd1c01e2bb86b49d000,bdd1c01e2bb86b49d000,9d1803c5770d693a,3000,3000,00003f80,1,0,0,0,0,bdd1c01e2bb86b49d000,3000,3000
FPREM_completed,53,RD,random,29,X87_MULTISTEP,7f2c60a814b272c4,e633a951c7718da0,4262993de6ed86800000,4262993de6ed86800000,662327bcddb0d000,3400,3000,00003f80,7,214,0,0,0,43c0ea05ff1215200000,3000,3400
FPREM_completed,53,RD,random,29,SINGLE_INSTRUCTION_VALUE_MISMATCH,7f2c60a814b272c4,e633a951c7718da0,4262993de6ed86800000,4262993de6ed86800000,662327bcddb0d000,3400,3000,00003f80,7,214,0,0,0,43c0ea05ff1215200000,3000,3400
FPREM_completed,53,RD,random,29,SINGLE_INSTRUCTION_C2_PARTIAL,7f2c60a814b272c4,e633a951c7718da0,4262993de6ed86800000,4262993de6ed86800000,662327bcddb0d000,3400,3000,00003f80,7,214,0,0,0,43c0ea05ff1215200000,3000,3400
FPREM_completed,53,RD,random,30,SINGLE_COMPLETE_FINITE_CASE,9148b248811c9805,42fcc655290ba003,bd14c5924408e4c02800,bd14c5924408e4c02800,9148b248811c9805,3000,3000,00003f80,1,0,0,0,0,bd14c5924408e4c02800,3000,3000
FPREM_completed,53,RD,random,31,SINGLE_COMPLETE_FINITE_CASE,91825b4d252f035d,ac6a40183abe4a22,bd1892da6929781ae800,bd1892da6929781ae800,91825b4d252f035d,3000,3000,00003f80,1,0,0,0,0,bd1892da6929781ae800,3000,3000
FPREM_completed,53,RD,random,32,SINGLE_COMPLETE_FINITE_CASE,97787847f9bd2af4,fa15567f6a6f1ee1,bd77c3c23fcde957a000,bd77c3c23fcde957a000,97787847f9bd2af4,3000,3000,00003f80,1,0,0,0,0,bd77c3c23fcde957a000,3000,3000
FPREM_completed,53,RD,random,33,X87_MULTISTEP,df47de5513ea6822,1bdd3f3c49777f1a,bdbc9dd84fac431e2000,bdbc9dd84fac431e2000,9bc3bb09f58863c4,3400,7200,00003f80,23,529,3,3,5,c1b89cf920695de20000,3000,3400
FPREM_completed,53,RD,random,33,QUOTIENT_SIGNED_BITS_DIFFER,df47de5513ea6822,1bdd3f3c49777f1a,bdbc9dd84fac431e2000,bdbc9dd84fac431e2000,9bc3bb09f58863c4,3400,7200,00003f80,23,529,3,3,5,c1b89cf920695de20000,3000,3400
FPREM_completed,53,RD,random,33,MORE_THAN_512_SUBTRACTIONS,df47de5513ea6822,1bdd3f3c49777f1a,bdbc9dd84fac431e2000,bdbc9dd84fac431e2000,9bc3bb09f58863c4,3400,7200,00003f80,23,529,3,3,5,c1b89cf920695de20000,3000,3400
FPREM_completed,53,RD,random,33,SINGLE_INSTRUCTION_VALUE_MISMATCH,df47de5513ea6822,1bdd3f3c49777f1a,bdbc9dd84fac431e2000,bdbc9dd84fac431e2000,9bc3bb09f58863c4,3400,7200,00003f80,23,529,3,3,5,c1b89cf920695de20000,3000,3400
FPREM_completed,53,RD,random,33,SINGLE_INSTRUCTION_C2_PARTIAL,df47de5513ea6822,1bdd3f3c49777f1a,bdbc9dd84fac431e2000,bdbc9dd84fac431e2000,9bc3bb09f58863c4,3400,7200,00003f80,23,529,3,3,5,c1b89cf920695de20000,3000,3400
FPREM_completed,53,RD,random,34,X87_MULTISTEP,5ada68c2e5cabb64,978f4e73e3766ff9,3d788fe5fe85dc72f000,3d788fe5fe85dc72f000,1781fcbfd0bb8e5e,3400,7000,00003f80,22,557,2,2,6,41789a93cdfc23e8f800,3000,3400
FPREM_completed,53,RD,random,34,QUOTIENT_SIGNED_BITS_DIFFER,5ada68c2e5cabb64,978f4e73e3766ff9,3d788fe5fe85dc72f000,3d788fe5fe85dc72f000,1781fcbfd0bb8e5e,3400,7000,00003f80,22,557,2,2,6,41789a93cdfc23e8f800,3000,3400
FPREM_completed,53,RD,random,34,MORE_THAN_512_SUBTRACTIONS,5ada68c2e5cabb64,978f4e73e3766ff9,3d788fe5fe85dc72f000,3d788fe5fe85dc72f000,1781fcbfd0bb8e5e,3400,7000,00003f80,22,557,2,2,6,41789a93cdfc23e8f800,3000,3400
FPREM_completed,53,RD,random,34,SINGLE_INSTRUCTION_VALUE_MISMATCH,5ada68c2e5cabb64,978f4e73e3766ff9,3d788fe5fe85dc72f000,3d788fe5fe85dc72f000,1781fcbfd0bb8e5e,3400,7000,00003f80,22,557,2,2,6,41789a93cdfc23e8f800,3000,3400
FPREM_completed,53,RD,random,34,SINGLE_INSTRUCTION_C2_PARTIAL,5ada68c2e5cabb64,978f4e73e3766ff9,3d788fe5fe85dc72f000,3d788fe5fe85dc72f000,1781fcbfd0bb8e5e,3400,7000,00003f80,22,557,2,2,6,41789a93cdfc23e8f800,3000,3400
FPREM_completed,53,RD,random,35,X87_MULTISTEP,a76c958fcc12d08c,989a991372a47146,bd898c77de0d75dc2000,bd898c77de0d75dc2000,98918efbc1aebb84,3400,7000,00003f80,5,121,2,2,2,be49c7bd9c283ee2f000,3000,3400
FPREM_completed,53,RD,random,35,SINGLE_INSTRUCTION_VALUE_MISMATCH,a76c958fcc12d08c,989a991372a47146,bd898c77de0d75dc2000,bd898c77de0d75dc2000,98918efbc1aebb84,3400,7000,00003f80,5,121,2,2,2,be49c7bd9c283ee2f000,3000,3400
FPREM_completed,53,RD,random,35,SINGLE_INSTRUCTION_C2_PARTIAL,a76c958fcc12d08c,989a991372a47146,bd898c77de0d75dc2000,bd898c77de0d75dc2000,98918efbc1aebb84,3400,7000,00003f80,5,121,2,2,2,be49c7bd9c283ee2f000,3000,3400
FPREM_completed,53,RD,random,36,X87_MULTISTEP,73538c0c3447ef9c,69bbc16644e39d84,429696ae4e14f3000000,429696ae4e14f3000000,6962d5c9c29e6000,3400,3000,00003f80,3,83,0,0,0,42fb8ba018ce380f4000,3000,3400
FPREM_completed,53,RD,random,36,SINGLE_INSTRUCTION_VALUE_MISMATCH,73538c0c3447ef9c,69bbc16644e39d84,429696ae4e14f3000000,429696ae4e14f3000000,6962d5c9c29e6000,3400,3000,00003f80,3,83,0,0,0,42fb8ba018ce380f4000,3000,3400
FPREM_completed,53,RD,random,36,SINGLE_INSTRUCTION_C2_PARTIAL,73538c0c3447ef9c,69bbc16644e39d84,429696ae4e14f3000000,429696ae4e14f3000000,6962d5c9c29e6000,3400,3000,00003f80,3,83,0,0,0,42fb8ba018ce380f4000,3000,3400
FPREM_completed,53,RD,random,37,SINGLE_COMPLETE_FINITE_CASE,2fa7c32afc6000ba,6f78d4e5ac78ca42,3efabe1957e30005d000,3efabe1957e30005d000,2fa7c32afc6000ba,3000,3000,00003f80,1,0,0,0,0,3efabe1957e30005d000,3000,3000
FPREM_completed,53,RD,random,38,X87_MULTISTEP,3d43afc97578251a,a04640200977c35b,3e02e186dfd02dd44000,3e02e186dfd02dd44000,202c30dbfa05ba88,3400,7000,00003f80,8,209,2,2,6,3fa1b62ad18302834000,3000,3400
FPREM_completed,53,RD,random,38,QUOTIENT_SIGNED_BITS_DIFFER,3d43afc97578251a,a04640200977c35b,3e02e186dfd02dd44000,3e02e186dfd02dd44000,202c30dbfa05ba88,3400,7000,00003f80,8,209,2,2,6,3fa1b62ad18302834000,3000,3400
FPREM_completed,53,RD,random,38,SINGLE_INSTRUCTION_VALUE_MISMATCH,3d43afc97578251a,a04640200977c35b,3e02e186dfd02dd44000,3e02e186dfd02dd44000,202c30dbfa05ba88,3400,7000,00003f80,8,209,2,2,6,3fa1b62ad18302834000,3000,3400
FPREM_completed,53,RD,random,38,SINGLE_INSTRUCTION_C2_PARTIAL,3d43afc97578251a,a04640200977c35b,3e02e186dfd02dd44000,3e02e186dfd02dd44000,202c30dbfa05ba88,3400,7000,00003f80,8,209,2,2,6,3fa1b62ad18302834000,3000,3400
FPREM_completed,53,RD,random,39,X87_MULTISTEP,de5e7ac0be62872d,966524ac718d39c5,bd64f4a6c0bb5953c000,bd64f4a6c0bb5953c000,964e94d8176b2a78,3400,7000,00003f80,21,530,2,2,2,c1a5cb9ac6b91d17c000,3000,3400
FPREM_completed,53,RD,random,39,MORE_THAN_512_SUBTRACTIONS,de5e7ac0be62872d,966524ac718d39c5,bd64f4a6c0bb5953c000,bd64f4a6c0bb5953c000,964e94d8176b2a78,3400,7000,00003f80,21,530,2,2,2,c1a5cb9ac6b91d17c000,3000,3400
FPREM_completed,53,RD,random,39,SINGLE_INSTRUCTION_VALUE_MISMATCH,de5e7ac0be62872d,966524ac718d39c5,bd64f4a6c0bb5953c000,bd64f4a6c0bb5953c000,964e94d8176b2a78,3400,7000,00003f80,21,530,2,2,2,c1a5cb9ac6b91d17c000,3000,3400
FPREM_completed,53,RD,random,39,SINGLE_INSTRUCTION_C2_PARTIAL,de5e7ac0be62872d,966524ac718d39c5,bd64f4a6c0bb5953c000,bd64f4a6c0bb5953c000,964e94d8176b2a78,3400,7000,00003f80,21,530,2,2,2,c1a5cb9ac6b91d17c000,3000,3400
FPREM_completed,53,RD,random,40,QUOTIENT_SIGNED_BITS_DIFFER,eda549eb3ce9804c,38af62f6b3141d76,bf889a7d3835a621c000,bf889a7d3835a621c000,b8834fa706b4c438,3400,7200,00003f80,18,433,3,3,5,c2aac0b071cba34d2000,3000,3400
FPREM_completed,53,RD,random,42,QUOTIENT_SIGNED_BITS_DIFFER,7347a7d32d010189,bbdc7d30e2d90d34,3fb98d23799480640000,3fb98d23799480640000,3b91a46f32900c80,3400,7100,00003f80,15,450,6,6,2,42fc9fbd6059542a0000,3000,3400
FPREM_completed,53,RD,random,49,QUOTIENT_SIGNED_BITS_DIFFER,5c2a8192de56c7a7,af1cce228ec78966,3eeee9d87ca2a2dd0000,3eeee9d87ca2a2dd0000,2eed3b0f94545ba0,3400,7000,00003f80,14,342,2,2,6,418fe6e4d24d849b4000,3000,3400
FPREM_completed,53,RD,random,53,MORE_THAN_512_SUBTRACTIONS,69920c42a30349f2,121d884a542f682a,3d1ec47d5167226b0000,3d1ec47d5167226b0000,11e88faa2ce44d60,3400,7000,00003f80,30,720,2,2,2,425e8220e02d6a9d0000,3000,3400
FPREM_completed,53,RD,random,56,QUOTIENT_SIGNED_BITS_DIFFER,c4b90a3ed64c2a40,1fe81d7e2ed3fc27,bdfd925b30d6d3c4b000,bdfd925b30d6d3c4b000,9fd24b661ada7896,3400,7200,00003f80,11,284,3,3,5,c018c4c76f8e86c20000,3000,3400
FPREM_completed,53,RD,random,57,QUOTIENT_SIGNED_BITS_DIFFER,ed507db431407d57,0647f267a6605818,bc64b3416ec2299ec000,bc64b3416ec2299ec000,8646682dd84533d8,3400,7300,00003f80,31,853,7,7,1,c2a3e4016d1fd4eb8000,3000,3400
FPREM_completed,53,RD,random,57,MORE_THAN_512_SUBTRACTIONS,ed507db431407d57,0647f267a6605818,bc64b3416ec2299ec000,bc64b3416ec2299ec000,8646682dd84533d8,3400,7300,00003f80,31,853,7,7,1,c2a3e4016d1fd4eb8000,3000,3400
FPREM_completed,53,RD,random,58,QUOTIENT_SIGNED_BITS_DIFFER,0b4cedfe07d58842,881120faae2ba810,3c80ee80e917980e0000,3c80ee80e917980e0000,080dd01d22f301c0,7000,7000,00003f80,1,24,2,2,6,3c80ee80e917980e0000,3000,7000
FPREM_completed,53,RD,random,64,QUOTIENT_SIGNED_BITS_DIFFER,3d6d5518fff5b85a,b2c080d4eacc0f02,3f2bb90880c40596a000,3f2bb90880c40596a000,32b721101880b2d4,3400,7200,00003f80,3,89,3,3,5,3fabfeb20f601b2a0000,3000,3400
FPREM_completed,53,RD,random,65,QUOTIENT_SIGNED_BITS_DIFFER,ea898a5b92cc34b3,61c55622da782f80,c21be355b08463f80000,c21be355b08463f80000,e1bc6ab6108c7f00,3400,7300,00003f80,3,65,7,7,1,c27caa4203562bf00000,3000,3400
FPREM_completed,53,RD,random,74,QUOTIENT_SIGNED_BITS_DIFFER,755e02aa7062ebf6,d55a977a4df97796,4153946a6c7d5f19c000,4153946a6c7d5f19c000,55328d4d8fabe338,3400,7200,00003f80,10,267,3,3,5,4334c0cf178ad3b60000,3000,3400
FPREM_completed,53,RD,random,79,QUOTIENT_SIGNED_BITS_DIFFER,a4c9fe04e3afd8c6,047d0b5baa9fe2fa,bc46f88054550d2ea000,bc46f88054550d2ea000,846f100a8aa1a5d4,3400,7300,00003f80,11,246,7,7,1,be27b23210f0096ab000,3000,3400
FPREM_completed,53,RD,random,81,QUOTIENT_SIGNED_BITS_DIFFER,e68d3c006f201df4,1ee887edcd9168d5,bded8ea30b8a5ec5b000,bded8ea30b8a5ec5b000,9ed1d461714bd8b6,3400,3200,00003f80,19,580,1,1,7,c22bf7786d2b29f64000,3000,3400
FPREM_completed,53,RD,random,81,MORE_THAN_512_SUBTRACTIONS,e68d3c006f201df4,1ee887edcd9168d5,bded8ea30b8a5ec5b000,bded8ea30b8a5ec5b000,9ed1d461714bd8b6,3400,3200,00003f80,19,580,1,1,7,c22bf7786d2b29f64000,3000,3400
FPREM_completed,53,RD,random,84,MORE_THAN_512_SUBTRACTIONS,f993df8021999846,15a30e386b02b404,bd59a37b190d27ff8000,bd59a37b190d27ff8000,95946f6321a4fff0,3400,7000,00003f80,27,791,2,2,6,c356e7264a4b254a0000,3000,3400
FPREM_completed,53,RD,random,86,MORE_THAN_512_SUBTRACTIONS,d5cf4344b88928f2,09de7fb0fe8aac8b,bc9cef6403e237cc2000,bc9cef6403e237cc2000,89cdec807c46f984,3400,7000,00003f80,27,644,2,2,6,c11ccb5db15201948000,3000,3400
FPREM_completed,53,RD,random,87,MORE_THAN_512_SUBTRACTIONS,7b5310c9fc212395,8eda03c9c430ce5f,3ceda67a4035f71e0800,3ceda67a4035f71e0800,0ed4cf4806bee3c1,3400,3200,00003f80,35,862,1,1,7,438dad1847dc972e5000,3000,3400
FPREM_completed,53,RD,random,92,MORE_THAN_512_SUBTRACTIONS,e3a846a2bfbc4178,80f257439666d7d5,bc0efe69ccfe2b88b000,bc0efe69ccfe2b88b000,80efcd399fc57116,3400,3200,00003f80,27,808,1,1,1,c20ed8bfa47883faa000,3000,3400
FPREM_completed,53,RD,random,104,MORE_THAN_512_SUBTRACTIONS,56b9818e16a7fd62,89436d87e2292558,3c9389e4299005490000,3c9389e4299005490000,09313c853200a920,3400,7000,00003f80,21,612,2,2,6,4132e621769844f50000,3000,3400
FPREM_completed,53,RD,random,105,MORE_THAN_512_SUBTRACTIONS,f98f1f2039d4b32c,334ccb14838191dc,bf33b727e9205ee78000,bf33b727e9205ee78000,b336e4fd240bdcf0,3400,7100,00003f80,21,541,6,6,2,c373aa7b214060490000,3000,3400
FPREM_completed,53,RD,random,113,MORE_THAN_512_SUBTRACTIONS,f30db0b39235c396,ad720371ec7fe712,bed6e52447770bc42000,bed6e52447770bc42000,ad6ca488eee17884,3400,7300,00003f80,20,543,7,7,7,c2f780a1106b971c5000,3000,3400
FPREM_completed,53,RD,random,121,MORE_THAN_512_SUBTRACTIONS,7c0ada0c874938dc,97f0e3e5fa42fb78,3d7d92daf8abd3320000,3d7d92daf8abd3320000,17d25b5f157a6640,3400,7000,00003f80,27,815,2,2,6,439dcaa9d3e967880000,3000,3400
FPREM_completed,53,RD,random,135,MORE_THAN_512_SUBTRACTIONS,7acec2800ccf3118,3498831721aad9e8,3f489bf2fc73696c0000,3f489bf2fc73696c0000,34837e5f8e6d2d80,3400,3000,00003f80,24,556,0,0,0,4389952eef1c607c4000,3000,3400
FPREM_completed,53,RD,random,142,MORE_THAN_512_SUBTRACTIONS,7264155fa13b8f59,9c647ced0ca8226b,3dc2bb2947c812938000,3dc2bb2947c812938000,1c276528f9025270,3400,7200,00003f80,23,682,3,3,5,4304bacaa0d979ba8000,3000,3400
FPREM_completed,53,RD,random,144,MORE_THAN_512_SUBTRACTIONS,ed2dc6396c42b6f8,02c3611c2eadf718,bc2c8b01a3a2125f4000,bc2c8b01a3a2125f4000,82c1603474424be8,3400,3200,00003f80,30,845,1,1,7,c2ac86ddaf9c03cf8000,3000,3400
FPREM_completed,53,RD,random,156,MORE_THAN_512_SUBTRACTIONS,c55b68e984a6b54d,8255bc36c1074b77,bc24f0d9566cbcd5c000,bc24f0d9566cbcd5c000,824e1b2acd979ab8,3400,3100,00003f80,21,532,4,4,4,c02598ec8c879ad20000,3000,3400
FPREM_completed,53,RD,random,171,MORE_THAN_512_SUBTRACTIONS,72a584688a7d4f85,b06b0aa08ec0c009,3f058c563cf186254000,3f058c563cf186254000,30518ac79e30c4a8,3400,3100,00003f80,24,550,4,4,4,430287f05a3c364b0000,3000,3400
FPREM_completed,53,RD,random,177,MORE_THAN_512_SUBTRACTIONS,d50cccc31539402e,895a0c6a0dc516b8,bc93c6afd484dbae0000,bc93c6afd484dbae0000,8938d5fa909b75c0,3400,7100,00003f80,26,625,6,6,6,c114a8d95df86a620000,3000,3400
FPREM_completed,53,RD,random,1233,EXCEPTION_FLAGS_MISMATCH,800775f8a1f1e801,335231bcb44634b1,bbffeebf143e3d002000,bbffeebf143e3d002000,800775f8a1f1e801,3002,3002,00003f80,1,0,0,0,0,bbffeebf143e3d002000,3002,3002
FPREM_completed,53,RD,random,2646,INVALID_OR_NONFINITE_INPUT,fffc16448446619e,97c865bf05fa1bc2,ffffe0b22422330cf000,ffffe0b22422330cf000,fffc16448446619e,3000,3000,00003f80,1,0,0,0,0,ffffe0b22422330cf000,3000,3000
FPREM_completed,53,RD,random,2646,NAN_RESULT,fffc16448446619e,97c865bf05fa1bc2,ffffe0b22422330cf000,ffffe0b22422330cf000,fffc16448446619e,3000,3000,00003f80,1,0,0,0,0,ffffe0b22422330cf000,3000,3000
FPREM_completed,53,RD,random,2800,INVALID_OR_NONFINITE_INPUT,7ffec4b85b15dcc9,73ae6374d2acbe2d,7ffff625c2d8aee64800,7ffff625c2d8aee64800,7ffec4b85b15dcc9,3000,3000,00003f80,1,0,0,0,0,7ffff625c2d8aee64800,3000,3000
FPREM_completed,53,RD,random,2800,NAN_RESULT,7ffec4b85b15dcc9,73ae6374d2acbe2d,7ffff625c2d8aee64800,7ffff625c2d8aee64800,7ffec4b85b15dcc9,3000,3000,00003f80,1,0,0,0,0,7ffff625c2d8aee64800,3000,3000
FPREM_completed,53,RD,random,2804,INVALID_OR_NONFINITE_INPUT,215f1284a38934b3,ffff2b4bee625364,fffff95a5f73129b2000,fffff95a5f73129b2000,ffff2b4bee625364,3000,3000,00003f80,1,0,0,0,0,fffff95a5f73129b2000,3000,3000
FPREM_completed,53,RD,random,2804,NAN_RESULT,215f1284a38934b3,ffff2b4bee625364,fffff95a5f73129b2000,fffff95a5f73129b2000,ffff2b4bee625364,3000,3000,00003f80,1,0,0,0,0,fffff95a5f73129b2000,3000,3000
FPREM_completed,53,RD,random,3319,INVALID_OR_NONFINITE_INPUT,8856eee77a72ede6,fff3ef7fd61e7ede,ffffdf7bfeb0f3f6f000,ffffdf7bfeb0f3f6f000,fffbef7fd61e7ede,3001,3001,00003f81,1,0,0,0,0,ffffdf7bfeb0f3f6f000,3001,3001
FPREM_completed,53,RD,random,3319,NAN_RESULT,8856eee77a72ede6,fff3ef7fd61e7ede,ffffdf7bfeb0f3f6f000,ffffdf7bfeb0f3f6f000,fffbef7fd61e7ede,3001,3001,00003f81,1,0,0,0,0,ffffdf7bfeb0f3f6f000,3001,3001
FPREM_completed,53,RD,random,4196,EXCEPTION_FLAGS_MISMATCH,00045d7cbad4eff6,19e3a5eafc13fccf,3bff8baf975a9dfec000,3bff8baf975a9dfec000,00045d7cbad4eff6,3002,3002,00003f80,1,0,0,0,0,3bff8baf975a9dfec000,3002,3002
FPREM_completed,53,RD,random,5293,EXCEPTION_FLAGS_MISMATCH,000042978fcf403b,f113c2471660d47e,3bfb852f1f9e80760000,3bfb852f1f9e80760000,000042978fcf403b,3002,3002,00003f80,1,0,0,0,0,3bfb852f1f9e80760000,3002,3002
FPREM_completed,53,RD,random,5800,EXCEPTION_FLAGS_MISMATCH,000f2db77710b090,70ffa1f579d5ad51,3c00f2db77710b090000,3c00f2db77710b090000,000f2db77710b090,3002,3002,00003f80,1,0,0,0,0,3c00f2db77710b090000,3002,3002
FPREM_completed,53,RD,random,7285,EXCEPTION_FLAGS_MISMATCH,91d7fc48769559e3,800e7bbfc32cef6d,bc00c6b930c4a51f2000,bc00c6b930c4a51f2000,800c6b930c4a51f2,3402,7102,00003f80,5,155,6,6,6,bce0a1f5923ff4eed000,3002,3402
FPREM_completed,53,RD,random,7438,INVALID_OR_NONFINITE_INPUT,7ffcaf4d654f0d5d,233fc0de0338e527,7fffe57a6b2a786ae800,7fffe57a6b2a786ae800,7ffcaf4d654f0d5d,3000,3000,00003f80,1,0,0,0,0,7fffe57a6b2a786ae800,3000,3000
FPREM_completed,53,RD,random,7438,NAN_RESULT,7ffcaf4d654f0d5d,233fc0de0338e527,7fffe57a6b2a786ae800,7fffe57a6b2a786ae800,7ffcaf4d654f0d5d,3000,3000,00003f80,1,0,0,0,0,7fffe57a6b2a786ae800,3000,3000
FPREM_completed,53,RD,random,7596,INVALID_OR_NONFINITE_INPUT,fffbf8822c40c37e,b07d2bef072da5b4,ffffdfc41162061bf000,ffffdfc41162061bf000,fffbf8822c40c37e,3000,3000,00003f80,1,0,0,0,0,ffffdfc41162061bf000,3000,3000
FPREM_completed,53,RD,random,7596,NAN_RESULT,fffbf8822c40c37e,b07d2bef072da5b4,ffffdfc41162061bf000,ffffdfc41162061bf000,fffbf8822c40c37e,3000,3000,00003f80,1,0,0,0,0,ffffdfc41162061bf000,3000,3000
FPREM_completed,53,RD,random,7612,EXCEPTION_FLAGS_MISMATCH,00096c497eed1ace,be99f8ce19a39a1b,3c0096c497eed1ace000,3c0096c497eed1ace000,00096c497eed1ace,3002,3002,00003f80,1,0,0,0,0,3c0096c497eed1ace000,3002,3002
FPREM_completed,53,RD,random,7722,INVALID_OR_NONFINITE_INPUT,fff7691bbe190e08,7bcab5fa750c61cf,fffffb48ddf0c8704000,fffffb48ddf0c8704000,ffff691bbe190e08,3001,3001,00003f81,1,0,0,0,0,fffffb48ddf0c8704000,3001,3001
FPREM_completed,53,RD,random,7722,NAN_RESULT,fff7691bbe190e08,7bcab5fa750c61cf,fffffb48ddf0c8704000,fffffb48ddf0c8704000,ffff691bbe190e08,3001,3001,00003f81,1,0,0,0,0,fffffb48ddf0c8704000,3001,3001
FPREM_completed,53,RD,random,9199,EXCEPTION_FLAGS_MISMATCH,800a9a6921f9b5f3,2d747d032040de41,bc00a9a6921f9b5f3000,bc00a9a6921f9b5f3000,800a9a6921f9b5f3,3002,3002,00003f80,1,0,0,0,0,bc00a9a6921f9b5f3000,3002,3002
FPREM_completed,53,RD,random,10913,INVALID_OR_NONFINITE_INPUT,7fff2484a0f13a1d,6a6fdeea239a6e71,7ffff924250789d0e800,7ffff924250789d0e800,7fff2484a0f13a1d,3000,3000,00003f80,1,0,0,0,0,7ffff924250789d0e800,3000,3000
FPREM_completed,53,RD,random,10913,NAN_RESULT,7fff2484a0f13a1d,6a6fdeea239a6e71,7ffff924250789d0e800,7ffff924250789d0e800,7fff2484a0f13a1d,3000,3000,00003f80,1,0,0,0,0,7ffff924250789d0e800,3000,3000
FPREM_completed,53,RD,random,12128,EXCEPTION_FLAGS_MISMATCH,d8e39eeac74a6b81,000b070f8e9013cd,bbffe8da68fe7df5c000,bbffe8da68fe7df5c000,800746d347f3efae,3402,7002,00003f80,25,725,2,2,6,c15e9c4972fc21654000,3002,3402
FPREM_completed,53,RD,random,13177,INVALID_OR_NONFINITE_INPUT,fff87e6b054cc1e1,8d42223d01aabd08,ffffc3f3582a660f0800,ffffc3f3582a660f0800,fff87e6b054cc1e1,3000,3000,00003f80,1,0,0,0,0,ffffc3f3582a660f0800,3000,3000
FPREM_completed,53,RD,random,13177,NAN_RESULT,fff87e6b054cc1e1,8d42223d01aabd08,ffffc3f3582a660f0800,ffffc3f3582a660f0800,fff87e6b054cc1e1,3000,3000,00003f80,1,0,0,0,0,ffffc3f3582a660f0800,3000,3000
FPREM_completed,53,RD,random,13880,INVALID_OR_NONFINITE_INPUT,ffffe5642b6ad5f8,efcf3776f9f393f5,ffffff2b215b56afc000,ffffff2b215b56afc000,ffffe5642b6ad5f8,3000,3000,00003f80,1,0,0,0,0,ffffff2b215b56afc000,3000,3000
FPREM_completed,53,RD,random,13880,NAN_RESULT,ffffe5642b6ad5f8,efcf3776f9f393f5,ffffff2b215b56afc000,ffffff2b215b56afc000,ffffe5642b6ad5f8,3000,3000,00003f80,1,0,0,0,0,ffffff2b215b56afc000,3000,3000
FPREM_completed,53,RD,random,14177,INVALID_OR_NONFINITE_INPUT,1de067fae84e79b5,fffd194d792e3ad1,ffffe8ca6bc971d68800,ffffe8ca6bc971d68800,fffd194d792e3ad1,3000,3000,00003f80,1,0,0,0,0,ffffe8ca6bc971d68800,3000,3000
FPREM_completed,53,RD,random,14177,NAN_RESULT,1de067fae84e79b5,fffd194d792e3ad1,ffffe8ca6bc971d68800,ffffe8ca6bc971d68800,fffd194d792e3ad1,3000,3000,00003f80,1,0,0,0,0,ffffe8ca6bc971d68800,3000,3000
FPREM_completed,53,RD,random,15808,EXCEPTION_FLAGS_MISMATCH,00078afd5ab9f181,f2aa15676d841be6,3bfff15fab573e302000,3bfff15fab573e302000,00078afd5ab9f181,3002,3002,00003f80,1,0,0,0,0,3bfff15fab573e302000,3002,3002
FPREM_completed,53,RD,random,16005,INVALID_OR_NONFINITE_INPUT,fff611d7cae68af6,86e423ac385d97f2,fffff08ebe573457b000,fffff08ebe573457b000,fffe11d7cae68af6,3001,3001,00003f81,1,0,0,0,0,fffff08ebe573457b000,3001,3001
FPREM_completed,53,RD,random,16005,NAN_RESULT,fff611d7cae68af6,86e423ac385d97f2,fffff08ebe573457b000,fffff08ebe573457b000,fffe11d7cae68af6,3001,3001,00003f81,1,0,0,0,0,fffff08ebe573457b000,3001,3001
FPREM_completed,53,RD,random,16109,INVALID_OR_NONFINITE_INPUT,fff760d464c22dfd,f722efe6567e5e26,fffffb06a326116fe800,fffffb06a326116fe800,ffff60d464c22dfd,3001,3001,00003f81,1,0,0,0,0,fffffb06a326116fe800,3001,3001
FPREM_completed,53,RD,random,16109,NAN_RESULT,fff760d464c22dfd,f722efe6567e5e26,fffffb06a326116fe800,fffffb06a326116fe800,ffff60d464c22dfd,3001,3001,00003f81,1,0,0,0,0,fffffb06a326116fe800,3001,3001
FPREM_completed,53,RD,random,17938,EXCEPTION_FLAGS_MISMATCH,000604a2ddf15aaf,4fac635a1fbf943d,3bffc0945bbe2b55e000,3bffc0945bbe2b55e000,000604a2ddf15aaf,3002,3002,00003f80,1,0,0,0,0,3bffc0945bbe2b55e000,3002,3002
FPREM_completed,53,RD,random,18050,EXCEPTION_FLAGS_MISMATCH,80012b5411c1220b,2bc6fed9f7152b74,bbfd95aa08e091058000,bbfd95aa08e091058000,80012b5411c1220b,3002,3002,00003f80,1,0,0,0,0,bbfd95aa08e091058000,3002,3002
FPREM_completed,53,RD,random,18144,INVALID_OR_NONFINITE_INPUT,1a697067a9d4131e,7ff4caf5a31236d0,7fffe657ad1891b68000,7fffe657ad1891b68000,7ffccaf5a31236d0,3001,3001,00003f81,1,0,0,0,0,7fffe657ad1891b68000,3001,3001
FPREM_completed,53,RD,random,18144,NAN_RESULT,1a697067a9d4131e,7ff4caf5a31236d0,7fffe657ad1891b68000,7fffe657ad1891b68000,7ffccaf5a31236d0,3001,3001,00003f81,1,0,0,0,0,7fffe657ad1891b68000,3001,3001
FPREM_completed,53,RD,random,18393,EXCEPTION_FLAGS_MISMATCH,800a078ea997ffbd,9024b261222329c4,bc00a078ea997ffbd000,bc00a078ea997ffbd000,800a078ea997ffbd,3002,3002,00003f80,1,0,0,0,0,bc00a078ea997ffbd000,3002,3002
FPREM_completed,53,RD,random,18494,INVALID_OR_NONFINITE_INPUT,8b3795aeea5a51e9,fff42510e432a4b0,ffffe128872195258000,ffffe128872195258000,fffc2510e432a4b0,3001,3001,00003f81,1,0,0,0,0,ffffe128872195258000,3001,3001
FPREM_completed,53,RD,random,18494,NAN_RESULT,8b3795aeea5a51e9,fff42510e432a4b0,ffffe128872195258000,ffffe128872195258000,fffc2510e432a4b0,3001,3001,00003f81,1,0,0,0,0,ffffe128872195258000,3001,3001
FPREM_completed,53,RD,random,18855,EXCEPTION_FLAGS_MISMATCH,0009c2ad8c5ab954,e9b24df58db0b1de,3c009c2ad8c5ab954000,3c009c2ad8c5ab954000,0009c2ad8c5ab954,3002,3002,00003f80,1,0,0,0,0,3c009c2ad8c5ab954000,3002,3002
FPREM_completed,53,RD,random,19982,INVALID_OR_NONFINITE_INPUT,7ff1ef37dbd61011,ed987e4fb1101e19,7fffcf79bedeb0808800,7fffcf79bedeb0808800,7ff9ef37dbd61011,3001,3001,00003f81,1,0,0,0,0,7fffcf79bedeb0808800,3001,3001
FPREM_completed,53,RD,random,19982,NAN_RESULT,7ff1ef37dbd61011,ed987e4fb1101e19,7fffcf79bedeb0808800,7fffcf79bedeb0808800,7ff9ef37dbd61011,3001,3001,00003f81,1,0,0,0,0,7fffcf79bedeb0808800,3001,3001
FPREM_completed,53,RD,random,19989,INVALID_OR_NONFINITE_INPUT,6a9d1ec93aecc6ab,fffce7ea399b451a,ffffe73f51ccda28d000,ffffe73f51ccda28d000,fffce7ea399b451a,3000,3000,00003f80,1,0,0,0,0,ffffe73f51ccda28d000,3000,3000
FPREM_completed,53,RD,random,19989,NAN_RESULT,6a9d1ec93aecc6ab,fffce7ea399b451a,ffffe73f51ccda28d000,ffffe73f51ccda28d000,fffce7ea399b451a,3000,3000,00003f80,1,0,0,0,0,ffffe73f51ccda28d000,3000,3000
FPREM_completed,53,RD,random,21129,INVALID_OR_NONFINITE_INPUT,1bd16e2aeeb69c1c,fffd80dcf474289d,ffffec06e7a3a144e800,ffffec06e7a3a144e800,fffd80dcf474289d,3000,3000,00003f80,1,0,0,0,0,ffffec06e7a3a144e800,3000,3000
FPREM_completed,53,RD,random,21129,NAN_RESULT,1bd16e2aeeb69c1c,fffd80dcf474289d,ffffec06e7a3a144e800,ffffec06e7a3a144e800,fffd80dcf474289d,3000,3000,00003f80,1,0,0,0,0,ffffec06e7a3a144e800,3000,3000
FPREM_completed,53,RD,random,21308,EXCEPTION_FLAGS_MISMATCH,80054af5ac397823,0921b43449e9917b,bbffa95eb5872f046000,bbffa95eb5872f046000,80054af5ac397823,3002,3002,00003f80,1,0,0,0,0,bbffa95eb5872f046000,3002,3002
FPREM_completed,53,RD,random,21840,INVALID_OR_NONFINITE_INPUT,7ff452155f935d94,1c775d75320a205c,7fffe290aafc9aeca000,7fffe290aafc9aeca000,7ffc52155f935d94,3001,3001,00003f81,1,0,0,0,0,7fffe290aafc9aeca000,3001,3001
FPREM_completed,53,RD,random,21840,NAN_RESULT,7ff452155f935d94,1c775d75320a205c,7fffe290aafc9aeca000,7fffe290aafc9aeca000,7ffc52155f935d94,3001,3001,00003f81,1,0,0,0,0,7fffe290aafc9aeca000,3001,3001
FPREM_completed,53,RD,random,22001,INVALID_OR_NONFINITE_INPUT,f51f71d5f317fef7,fff038e0bc7f2023,ffffc1c705e3f9011800,ffffc1c705e3f9011800,fff838e0bc7f2023,3001,3001,00003f81,1,0,0,0,0,ffffc1c705e3f9011800,3001,3001
FPREM_completed,53,RD,random,22001,NAN_RESULT,f51f71d5f317fef7,fff038e0bc7f2023,ffffc1c705e3f9011800,ffffc1c705e3f9011800,fff838e0bc7f2023,3001,3001,00003f81,1,0,0,0,0,ffffc1c705e3f9011800,3001,3001
FPREM_completed,53,RD,random,24432,EXCEPTION_FLAGS_MISMATCH,0000524bff113f57,816da281ea85a7a5,3bfba497fe227eae0000,3bfba497fe227eae0000,0000524bff113f57,3002,3002,00003f80,1,0,0,0,0,3bfba497fe227eae0000,3002,3002
FPREM_completed,53,RD,random,24987,EXCEPTION_FLAGS_MISMATCH,c18b370699eb4229,000f5f84366f4102,bc00a94dcf2b4195c000,bc00a94dcf2b4195c000,800a94dcf2b4195c,3402,7002,00003f80,23,527,2,2,6,bfe0b75ee678fa8bc000,3002,3402
FPREM_completed,53,RD,random,25096,EXCEPTION_FLAGS_MISMATCH,80090e781b9805f4,29de74e64bc6bc23,bc0090e781b9805f4000,bc0090e781b9805f4000,80090e781b9805f4,3002,3002,00003f80,1,0,0,0,0,bc0090e781b9805f4000,3002,3002
FPREM_completed,53,RD,random,28782,EXCEPTION_FLAGS_MISMATCH,7b0880470be2fa5b,800c70e46c2bd5e3,3bfffb5bd194a6b34000,3bfffb5bd194a6b34000,0007dade8ca5359a,3402,7002,00003f80,36,969,2,2,6,437f921fd8df6fb1c000,3002,3402
FPREM_completed,53,RD,random,29586,EXCEPTION_FLAGS_MISMATCH,000dad250093a9db,2b750a83e2704927,3c00dad250093a9db000,3c00dad250093a9db000,000dad250093a9db,3002,3002,00003f80,1,0,0,0,0,3c00dad250093a9db000,3002,3002
FPREM_completed,53,RD,random,31461,EXCEPTION_FLAGS_MISMATCH,0004db3d8e9a43b0,d79c4aafc37e3e3d,3bff9b67b1d348760000,3bff9b67b1d348760000,0004db3d8e9a43b0,3002,3002,00003f80,1,0,0,0,0,3bff9b67b1d348760000,3002,3002
FPREM_completed,53,RD,edge,341,VALUE_MISMATCH,7ff8000000000011,fff0000000000222,ffffc000000000111000,7fffc000000000008800,7ff8000000000011,3001,3001,00003f81,1,0,0,0,0,ffffc000000000111000,3001,3001
FPREM_completed,53,RU,random,0,ALL,39005d1b59f41037,aa0bb42747841268,3ea0a6fbf900f9cf4000,3ea0a6fbf900f9cf4000,2a04df7f201f39e8,3400,7300,00005f80,5,120,7,7,1,3f5dc0201f66984c0000,3000,3400
FPREM_completed,53,RU,random,0,X87_MULTISTEP,39005d1b59f41037,aa0bb42747841268,3ea0a6fbf900f9cf4000,3ea0a6fbf900f9cf4000,2a04df7f201f39e8,3400,7300,00005f80,5,120,7,7,1,3f5dc0201f66984c0000,3000,3400
FPREM_completed,53,RU,random,0,QUOTIENT_SIGNED_BITS_DIFFER,39005d1b59f41037,aa0bb42747841268,3ea0a6fbf900f9cf4000,3ea0a6fbf900f9cf4000,2a04df7f201f39e8,3400,7300,00005f80,5,120,7,7,1,3f5dc0201f66984c0000,3000,3400
FPREM_completed,53,RU,random,0,SINGLE_INSTRUCTION_VALUE_MISMATCH,39005d1b59f41037,aa0bb42747841268,3ea0a6fbf900f9cf4000,3ea0a6fbf900f9cf4000,2a04df7f201f39e8,3400,7300,00005f80,5,120,7,7,1,3f5dc0201f66984c0000,3000,3400
FPREM_completed,53,RU,random,0,SINGLE_INSTRUCTION_C2_PARTIAL,39005d1b59f41037,aa0bb42747841268,3ea0a6fbf900f9cf4000,3ea0a6fbf900f9cf4000,2a04df7f201f39e8,3400,7300,00005f80,5,120,7,7,1,3f5dc0201f66984c0000,3000,3400
FPREM_completed,53,RU,random,1,ALL,a79dae131b3431aa,c97db72336427b70,be79ed7098d9a18d5000,be79ed7098d9a18d5000,a79dae131b3431aa,3000,3000,00005f80,1,0,0,0,0,be79ed7098d9a18d5000,3000,3000
FPREM_completed,53,RU,random,1,SINGLE_COMPLETE_FINITE_CASE,a79dae131b3431aa,c97db72336427b70,be79ed7098d9a18d5000,be79ed7098d9a18d5000,a79dae131b3431aa,3000,3000,00005f80,1,0,0,0,0,be79ed7098d9a18d5000,3000,3000
FPREM_completed,53,RU,random,2,ALL,38b1b1cf247332e7,2c69a8de7d10e6c2,3ec4ebb15b13f19a0000,3ec4ebb15b13f19a0000,2c4d762b627e3340,3400,3000,00005f80,4,90,0,0,0,3f65e65f0fd8474c8000,3000,3400
FPREM_completed,53,RU,random,2,X87_MULTISTEP,38b1b1cf247332e7,2c69a8de7d10e6c2,3ec4ebb15b13f19a0000,3ec4ebb15b13f19a0000,2c4d762b627e3340,3400,3000,00005f80,4,90,0,0,0,3f65e65f0fd8474c8000,3000,3400
FPREM_completed,53,RU,random,2,SINGLE_INSTRUCTION_VALUE_MISMATCH,38b1b1cf247332e7,2c69a8de7d10e6c2,3ec4ebb15b13f19a0000,3ec4ebb15b13f19a0000,2c4d762b627e3340,3400,3000,00005f80,4,90,0,0,0,3f65e65f0fd8474c8000,3000,3400
FPREM_completed,53,RU,random,2,SINGLE_INSTRUCTION_C2_PARTIAL,38b1b1cf247332e7,2c69a8de7d10e6c2,3ec4ebb15b13f19a0000,3ec4ebb15b13f19a0000,2c4d762b627e3340,3400,3000,00005f80,4,90,0,0,0,3f65e65f0fd8474c8000,3000,3400
FPREM_completed,53,RU,random,3,ALL,0159a802c6b0e40b,fde8f2dd6b4079e3,3c15cd40163587205800,3c15cd40163587205800,0159a802c6b0e40b,3000,3000,00005f80,1,0,0,0,0,3c15cd40163587205800,3000,3000
FPREM_completed,53,RU,random,3,SINGLE_COMPLETE_FINITE_CASE,0159a802c6b0e40b,fde8f2dd6b4079e3,3c15cd40163587205800,3c15cd40163587205800,0159a802c6b0e40b,3000,3000,00005f80,1,0,0,0,0,3c15cd40163587205800,3000,3000
FPREM_completed,53,RU,random,4,ALL,6eafb6c51d88b719,b33bcb6f9ffd8324,3f33dab784e9e91de000,3f33dab784e9e91de000,333b56f09d3d23bc,3400,3200,00005f80,17,446,1,1,7,42b2c8875468a91ec000,3000,3400
FPREM_completed,53,RU,random,4,X87_MULTISTEP,6eafb6c51d88b719,b33bcb6f9ffd8324,3f33dab784e9e91de000,3f33dab784e9e91de000,333b56f09d3d23bc,3400,3200,00005f80,17,446,1,1,7,42b2c8875468a91ec000,3000,3400
FPREM_completed,53,RU,random,4,QUOTIENT_SIGNED_BITS_DIFFER,6eafb6c51d88b719,b33bcb6f9ffd8324,3f33dab784e9e91de000,3f33dab784e9e91de000,333b56f09d3d23bc,3400,3200,00005f80,17,446,1,1,7,42b2c8875468a91ec000,3000,3400
FPREM_completed,53,RU,random,4,SINGLE_INSTRUCTION_VALUE_MISMATCH,6eafb6c51d88b719,b33bcb6f9ffd8324,3f33dab784e9e91de000,3f33dab784e9e91de000,333b56f09d3d23bc,3400,3200,00005f80,17,446,1,1,7,42b2c8875468a91ec000,3000,3400
FPREM_completed,53,RU,random,4,SINGLE_INSTRUCTION_C2_PARTIAL,6eafb6c51d88b719,b33bcb6f9ffd8324,3f33dab784e9e91de000,3f33dab784e9e91de000,333b56f09d3d23bc,3400,3200,00005f80,17,446,1,1,7,42b2c8875468a91ec000,3000,3400
FPREM_completed,53,RU,random,5,ALL,039d85f35503e50f,6bf5f004e65a440b,3c39ec2f9aa81f287800,3c39ec2f9aa81f287800,039d85f35503e50f,3000,3000,00005f80,1,0,0,0,0,3c39ec2f9aa81f287800,3000,3000
FPREM_completed,53,RU,random,5,SINGLE_COMPLETE_FINITE_CASE,039d85f35503e50f,6bf5f004e65a440b,3c39ec2f9aa81f287800,3c39ec2f9aa81f287800,039d85f35503e50f,3000,3000,00005f80,1,0,0,0,0,3c39ec2f9aa81f287800,3000,3000
FPREM_completed,53,RU,random,6,ALL,3f622dade3a7b6be,bac9d0d4304c687b,3fabd6f9f6607547c000,3fabd6f9f6607547c000,3abadf3ecc0ea8f8,3400,3100,00005f80,2,35,4,4,4,3fc68cbaee446fa20000,3000,3400
FPREM_completed,53,RU,random,6,X87_MULTISTEP,3f622dade3a7b6be,bac9d0d4304c687b,3fabd6f9f6607547c000,3fabd6f9f6607547c000,3abadf3ecc0ea8f8,3400,3100,00005f80,2,35,4,4,4,3fc68cbaee446fa20000,3000,3400
FPREM_completed,53,RU,random,6,SINGLE_INSTRUCTION_VALUE_MISMATCH,3f622dade3a7b6be,bac9d0d4304c687b,3fabd6f9f6607547c000,3fabd6f9f6607547c000,3abadf3ecc0ea8f8,3400,3100,00005f80,2,35,4,4,4,3fc68cbaee446fa20000,3000,3400
FPREM_completed,53,RU,random,6,SINGLE_INSTRUCTION_C2_PARTIAL,3f622dade3a7b6be,bac9d0d4304c687b,3fabd6f9f6607547c000,3fabd6f9f6607547c000,3abadf3ecc0ea8f8,3400,3100,00005f80,2,35,4,4,4,3fc68cbaee446fa20000,3000,3400
FPREM_completed,53,RU,random,7,ALL,1be3526f041fd13f,8f013dda7d97cc0b,3cec83c7ce222eb88000,3cec83c7ce222eb88000,0ec078f9c445d710,3400,3300,00005f80,4,83,5,5,3,3d8f99911c0774abc000,3000,3400
FPREM_completed,53,RU,random,7,X87_MULTISTEP,1be3526f041fd13f,8f013dda7d97cc0b,3cec83c7ce222eb88000,3cec83c7ce222eb88000,0ec078f9c445d710,3400,3300,00005f80,4,83,5,5,3,3d8f99911c0774abc000,3000,3400
FPREM_completed,53,RU,random,7,QUOTIENT_SIGNED_BITS_DIFFER,1be3526f041fd13f,8f013dda7d97cc0b,3cec83c7ce222eb88000,3cec83c7ce222eb88000,0ec078f9c445d710,3400,3300,00005f80,4,83,5,5,3,3d8f99911c0774abc000,3000,3400
FPREM_completed,53,RU,random,7,SINGLE_INSTRUCTION_VALUE_MISMATCH,1be3526f041fd13f,8f013dda7d97cc0b,3cec83c7ce222eb88000,3cec83c7ce222eb88000,0ec078f9c445d710,3400,3300,00005f80,4,83,5,5,3,3d8f99911c0774abc000,3000,3400
FPREM_completed,53,RU,random,7,SINGLE_INSTRUCTION_C2_PARTIAL,1be3526f041fd13f,8f013dda7d97cc0b,3cec83c7ce222eb88000,3cec83c7ce222eb88000,0ec078f9c445d710,3400,3300,00005f80,4,83,5,5,3,3d8f99911c0774abc000,3000,3400
FPREM_completed,53,RU,random,8,ALL,c44d0a1ea70b20ff,0eeac7548da1932d,bceec474924529945800,bceec474924529945800,8ee88e9248a5328b,3400,3200,00005f80,16,424,1,1,7,c008b16b8d55709c0000,3000,3400
FPREM_completed,53,RU,random,8,X87_MULTISTEP,c44d0a1ea70b20ff,0eeac7548da1932d,bceec474924529945800,bceec474924529945800,8ee88e9248a5328b,3400,3200,00005f80,16,424,1,1,7,c008b16b8d55709c0000,3000,3400
FPREM_completed,53,RU,random,8,QUOTIENT_SIGNED_BITS_DIFFER,c44d0a1ea70b20ff,0eeac7548da1932d,bceec474924529945800,bceec474924529945800,8ee88e9248a5328b,3400,3200,00005f80,16,424,1,1,7,c008b16b8d55709c0000,3000,3400
FPREM_completed,53,RU,random,8,SINGLE_INSTRUCTION_VALUE_MISMATCH,c44d0a1ea70b20ff,0eeac7548da1932d,bceec474924529945800,bceec474924529945800,8ee88e9248a5328b,3400,3200,00005f80,16,424,1,1,7,c008b16b8d55709c0000,3000,3400
FPREM_completed,53,RU,random,8,SINGLE_INSTRUCTION_C2_PARTIAL,c44d0a1ea70b20ff,0eeac7548da1932d,bceec474924529945800,bceec474924529945800,8ee88e9248a5328b,3400,3200,00005f80,16,424,1,1,7,c008b16b8d55709c0000,3000,3400
FPREM_completed,53,RU,random,9,ALL,14c615a007ecca11,e2509355b1112f51,3d4cb0ad003f66508800,3d4cb0ad003f66508800,14c615a007ecca11,3000,3000,00005f80,1,0,0,0,0,3d4cb0ad003f66508800,3000,3000
FPREM_completed,53,RU,random,9,SINGLE_COMPLETE_FINITE_CASE,14c615a007ecca11,e2509355b1112f51,3d4cb0ad003f66508800,3d4cb0ad003f66508800,14c615a007ecca11,3000,3000,00005f80,1,0,0,0,0,3d4cb0ad003f66508800,3000,3000
FPREM_completed,53,RU,random,10,ALL,e17a9da691069bad,bf7616c50e54a52d,bff6b2396f9289d0f000,bff6b2396f9289d0f000,bf66472df2513a1e,3400,3300,00005f80,10,266,5,5,5,c1f3b2a68b0280980000,3000,3400
FPREM_completed,53,RU,random,10,X87_MULTISTEP,e17a9da691069bad,bf7616c50e54a52d,bff6b2396f9289d0f000,bff6b2396f9289d0f000,bf66472df2513a1e,3400,3300,00005f80,10,266,5,5,5,c1f3b2a68b0280980000,3000,3400
FPREM_completed,53,RU,random,10,SINGLE_INSTRUCTION_VALUE_MISMATCH,e17a9da691069bad,bf7616c50e54a52d,bff6b2396f9289d0f000,bff6b2396f9289d0f000,bf66472df2513a1e,3400,3300,00005f80,10,266,5,5,5,c1f3b2a68b0280980000,3000,3400
FPREM_completed,53,RU,random,10,SINGLE_INSTRUCTION_C2_PARTIAL,e17a9da691069bad,bf7616c50e54a52d,bff6b2396f9289d0f000,bff6b2396f9289d0f000,bf66472df2513a1e,3400,3300,00005f80,10,266,5,5,5,c1f3b2a68b0280980000,3000,3400
FPREM_completed,53,RU,random,11,ALL,4a4e1234b1a55a7f,29841a150e25814e,3e95abc4469a67fc0000,3e95abc4469a67fc0000,29557888d34cff80,3400,3000,00005f80,9,289,0,0,0,4075d17ea87146938000,3000,3400
FPREM_completed,53,RU,random,11,X87_MULTISTEP,4a4e1234b1a55a7f,29841a150e25814e,3e95abc4469a67fc0000,3e95abc4469a67fc0000,29557888d34cff80,3400,3000,00005f80,9,289,0,0,0,4075d17ea87146938000,3000,3400
FPREM_completed,53,RU,random,11,SINGLE_INSTRUCTION_VALUE_MISMATCH,4a4e1234b1a55a7f,29841a150e25814e,3e95abc4469a67fc0000,3e95abc4469a67fc0000,29557888d34cff80,3400,3000,00005f80,9,289,0,0,0,4075d17ea87146938000,3000,3400
FPREM_completed,53,RU,random,11,SINGLE_INSTRUCTION_C2_PARTIAL,4a4e1234b1a55a7f,29841a150e25814e,3e95abc4469a67fc0000,3e95abc4469a67fc0000,29557888d34cff80,3400,3000,00005f80,9,289,0,0,0,4075d17ea87146938000,3000,3400
FPREM_completed,53,RU,random,12,ALL,6594f41e49bee1a0,3bf5817dfb70df6d,3fbeee382bb4dd19f000,3fbeee382bb4dd19f000,3bedc705769ba33e,3400,3300,00005f80,12,321,5,5,5,421e9b54c40c8e563000,3000,3400
FPREM_completed,53,RU,random,12,X87_MULTISTEP,6594f41e49bee1a0,3bf5817dfb70df6d,3fbeee382bb4dd19f000,3fbeee382bb4dd19f000,3bedc705769ba33e,3400,3300,00005f80,12,321,5,5,5,421e9b54c40c8e563000,3000,3400
FPREM_completed,53,RU,random,12,SINGLE_INSTRUCTION_VALUE_MISMATCH,6594f41e49bee1a0,3bf5817dfb70df6d,3fbeee382bb4dd19f000,3fbeee382bb4dd19f000,3bedc705769ba33e,3400,3300,00005f80,12,321,5,5,5,421e9b54c40c8e563000,3000,3400
FPREM_completed,53,RU,random,12,SINGLE_INSTRUCTION_C2_PARTIAL,6594f41e49bee1a0,3bf5817dfb70df6d,3fbeee382bb4dd19f000,3fbeee382bb4dd19f000,3bedc705769ba33e,3400,3300,00005f80,12,321,5,5,5,421e9b54c40c8e563000,3000,3400
FPREM_completed,53,RU,random,13,ALL,c1132a8b237f2b9d,594d73404f44c27e,c0119954591bf95ce800,c0119954591bf95ce800,c1132a8b237f2b9d,3000,3000,00005f80,1,0,0,0,0,c0119954591bf95ce800,3000,3000
FPREM_completed,53,RU,random,13,SINGLE_COMPLETE_FINITE_CASE,c1132a8b237f2b9d,594d73404f44c27e,c0119954591bf95ce800,c0119954591bf95ce800,c1132a8b237f2b9d,3000,3000,00005f80,1,0,0,0,0,c0119954591bf95ce800,3000,3000
FPREM_completed,53,RU,random,14,ALL,b7683dfbd1805aff,bf598884c49fca9b,bf76c1efde8c02d7f800,bf76c1efde8c02d7f800,b7683dfbd1805aff,3000,3000,00005f80,1,0,0,0,0,bf76c1efde8c02d7f800,3000,3000
FPREM_completed,53,RU,random,14,SINGLE_COMPLETE_FINITE_CASE,b7683dfbd1805aff,bf598884c49fca9b,bf76c1efde8c02d7f800,bf76c1efde8c02d7f800,b7683dfbd1805aff,3000,3000,00005f80,1,0,0,0,0,bf76c1efde8c02d7f800,3000,3000
FPREM_completed,53,RU,random,15,ALL,6f490969190f62c4,ae1215eb462405c7,3ee1818d7f0b5adcc800,3ee1818d7f0b5adcc800,2e1031afe16b5b99,3400,3200,00005f80,17,494,1,1,7,42bddc90617d46440000,3000,3400
FPREM_completed,53,RU,random,15,X87_MULTISTEP,6f490969190f62c4,ae1215eb462405c7,3ee1818d7f0b5adcc800,3ee1818d7f0b5adcc800,2e1031afe16b5b99,3400,3200,00005f80,17,494,1,1,7,42bddc90617d46440000,3000,3400
FPREM_completed,53,RU,random,15,QUOTIENT_SIGNED_BITS_DIFFER,6f490969190f62c4,ae1215eb462405c7,3ee1818d7f0b5adcc800,3ee1818d7f0b5adcc800,2e1031afe16b5b99,3400,3200,00005f80,17,494,1,1,7,42bddc90617d46440000,3000,3400
FPREM_completed,53,RU,random,15,SINGLE_INSTRUCTION_VALUE_MISMATCH,6f490969190f62c4,ae1215eb462405c7,3ee1818d7f0b5adcc800,3ee1818d7f0b5adcc800,2e1031afe16b5b99,3400,3200,00005f80,17,494,1,1,7,42bddc90617d46440000,3000,3400
FPREM_completed,53,RU,random,15,SINGLE_INSTRUCTION_C2_PARTIAL,6f490969190f62c4,ae1215eb462405c7,3ee1818d7f0b5adcc800,3ee1818d7f0b5adcc800,2e1031afe16b5b99,3400,3200,00005f80,17,494,1,1,7,42bddc90617d46440000,3000,3400
FPREM_completed,53,RU,random,16,ALL,8da36025d28a21d8,33ed6497a86d8353,bcda9b012e94510ec000,bcda9b012e94510ec000,8da36025d28a21d8,3000,3000,00005f80,1,0,0,0,0,bcda9b012e94510ec000,3000,3000
FPREM_completed,53,RU,random,16,SINGLE_COMPLETE_FINITE_CASE,8da36025d28a21d8,33ed6497a86d8353,bcda9b012e94510ec000,bcda9b012e94510ec000,8da36025d28a21d8,3000,3000,00005f80,1,0,0,0,0,bcda9b012e94510ec000,3000,3000
FPREM_completed,53,RU,random,17,ALL,b77e8b7c1bae6945,ce13f0f8f189085d,bf77f45be0dd734a2800,bf77f45be0dd734a2800,b77e8b7c1bae6945,3000,3000,00005f80,1,0,0,0,0,bf77f45be0dd734a2800,3000,3000
FPREM_completed,53,RU,random,17,SINGLE_COMPLETE_FINITE_CASE,b77e8b7c1bae6945,ce13f0f8f189085d,bf77f45be0dd734a2800,bf77f45be0dd734a2800,b77e8b7c1bae6945,3000,3000,00005f80,1,0,0,0,0,bf77f45be0dd734a2800,3000,3000
FPREM_completed,53,RU,random,18,ALL,1e56657267a4546d,63b83902f22bfcd7,3de5b32b933d22a36800,3de5b32b933d22a36800,1e56657267a4546d,3000,3000,00005f80,1,0,0,0,0,3de5b32b933d22a36800,3000,3000
FPREM_completed,53,RU,random,18,SINGLE_COMPLETE_FINITE_CASE,1e56657267a4546d,63b83902f22bfcd7,3de5b32b933d22a36800,3de5b32b933d22a36800,1e56657267a4546d,3000,3000,00005f80,1,0,0,0,0,3de5b32b933d22a36800,3000,3000
FPREM_completed,53,RU,random,19,ALL,520a608fd94c71bc,1a0745443aa528a2,3da09d581f06e8e3b000,3da09d581f06e8e3b000,1a03ab03e0dd1c76,3400,3300,00005f80,18,451,5,5,5,4100afcb0604c208c000,3000,3400
FPREM_completed,53,RU,random,19,X87_MULTISTEP,520a608fd94c71bc,1a0745443aa528a2,3da09d581f06e8e3b000,3da09d581f06e8e3b000,1a03ab03e0dd1c76,3400,3300,00005f80,18,451,5,5,5,4100afcb0604c208c000,3000,3400
FPREM_completed,53,RU,random,19,SINGLE_INSTRUCTION_VALUE_MISMATCH,520a608fd94c71bc,1a0745443aa528a2,3da09d581f06e8e3b000,3da09d581f06e8e3b000,1a03ab03e0dd1c76,3400,3300,00005f80,18,451,5,5,5,4100afcb0604c208c000,3000,3400
FPREM_completed,53,RU,random,19,SINGLE_INSTRUCTION_C2_PARTIAL,520a608fd94c71bc,1a0745443aa528a2,3da09d581f06e8e3b000,3da09d581f06e8e3b000,1a03ab03e0dd1c76,3400,3300,00005f80,18,451,5,5,5,4100afcb0604c208c000,3000,3400
FPREM_completed,53,RU,random,20,X87_MULTISTEP,e11dd77714b3258b,2594be96d5414b93,be58a3ced03246e70000,be58a3ced03246e70000,a58479da0648dce0,3400,3000,00005f80,16,468,0,0,0,c1d689da8af23e7a8000,3000,3400
FPREM_completed,53,RU,random,20,SINGLE_INSTRUCTION_VALUE_MISMATCH,e11dd77714b3258b,2594be96d5414b93,be58a3ced03246e70000,be58a3ced03246e70000,a58479da0648dce0,3400,3000,00005f80,16,468,0,0,0,c1d689da8af23e7a8000,3000,3400
FPREM_completed,53,RU,random,20,SINGLE_INSTRUCTION_C2_PARTIAL,e11dd77714b3258b,2594be96d5414b93,be58a3ced03246e70000,be58a3ced03246e70000,a58479da0648dce0,3400,3000,00005f80,16,468,0,0,0,c1d689da8af23e7a8000,3000,3400
FPREM_completed,53,RU,random,21,SINGLE_COMPLETE_FINITE_CASE,b452c0bf0200d818,6b0151688251e8ff,bf459605f81006c0c000,bf459605f81006c0c000,b452c0bf0200d818,3000,3000,00005f80,1,0,0,0,0,bf459605f81006c0c000,3000,3000
FPREM_completed,53,RU,random,22,QUOTIENT_SIGNED_BITS_DIFFER,a04b39e9068ce4c8,1eb552ddc4042814,bdeba22526717ed96000,bdeba22526717ed96000,9eb444a4ce2fdb2c,3000,3200,00005f80,1,14,1,1,7,bdeba22526717ed96000,3000,3200
FPREM_completed,53,RU,random,22,SINGLE_COMPLETE_FINITE_CASE,a04b39e9068ce4c8,1eb552ddc4042814,bdeba22526717ed96000,bdeba22526717ed96000,9eb444a4ce2fdb2c,3000,3200,00005f80,1,14,1,1,7,bdeba22526717ed96000,3000,3200
FPREM_completed,53,RU,random,23,SINGLE_COMPLETE_FINITE_CASE,af4da42f6014ff40,b29387e0e24fc445,bef4ed217b00a7fa0000,bef4ed217b00a7fa0000,af4da42f6014ff40,3000,3000,00005f80,1,0,0,0,0,bef4ed217b00a7fa0000,3000,3000
FPREM_completed,53,RU,random,24,X87_MULTISTEP,d4114ba021dfe810,3c9d3fbdef8f3ad4,bfc899b8aef443cc0000,bfc899b8aef443cc0000,bc833715de887980,3400,3000,00005f80,7,185,0,0,0,c105ea7fac552c3a0000,3000,3400
FPREM_completed,53,RU,random,24,SINGLE_INSTRUCTION_VALUE_MISMATCH,d4114ba021dfe810,3c9d3fbdef8f3ad4,bfc899b8aef443cc0000,bfc899b8aef443cc0000,bc833715de887980,3400,3000,00005f80,7,185,0,0,0,c105ea7fac552c3a0000,3000,3400
FPREM_completed,53,RU,random,24,SINGLE_INSTRUCTION_C2_PARTIAL,d4114ba021dfe810,3c9d3fbdef8f3ad4,bfc899b8aef443cc0000,bfc899b8aef443cc0000,bc833715de887980,3400,3000,00005f80,7,185,0,0,0,c105ea7fac552c3a0000,3000,3400
FPREM_completed,53,RU,random,25,SINGLE_COMPLETE_FINITE_CASE,69ef6e510d168232,717a855f449728e5,429efb728868b4119000,429efb728868b4119000,69ef6e510d168232,3000,3000,00005f80,1,0,0,0,0,429efb728868b4119000,3000,3000
FPREM_completed,53,RU,random,26,SINGLE_COMPLETE_FINITE_CASE,d6883f0417967388,e66311ff39fee26c,c168c1f820bcb39c4000,c168c1f820bcb39c4000,d6883f0417967388,3000,3000,00005f80,1,0,0,0,0,c168c1f820bcb39c4000,3000,3000
FPREM_completed,53,RU,random,27,SINGLE_COMPLETE_FINITE_CASE,4fa14b561f8c01bf,f471624ef4a20fbf,40fa8a5ab0fc600df800,40fa8a5ab0fc600df800,4fa14b561f8c01bf,3000,3000,00005f80,1,0,0,0,0,40fa8a5ab0fc600df800,3000,3000
FPREM_completed,53,RU,random,28,SINGLE_COMPLETE_FINITE_CASE,9d1803c5770d693a,239d03d2d46d3116,bdd1c01e2bb86b49d000,bdd1c01e2bb86b49d000,9d1803c5770d693a,3000,3000,00005f80,1,0,0,0,0,bdd1c01e2bb86b49d000,3000,3000
FPREM_completed,53,RU,random,29,X87_MULTISTEP,7f2c60a814b272c4,e633a951c7718da0,4262993de6ed86800000,4262993de6ed86800000,662327bcddb0d000,3400,3000,00005f80,7,214,0,0,0,43c0ea05ff1215200000,3000,3400
FPREM_completed,53,RU,random,29,SINGLE_INSTRUCTION_VALUE_MISMATCH,7f2c60a814b272c4,e633a951c7718da0,4262993de6ed86800000,4262993de6ed86800000,662327bcddb0d000,3400,3000,00005f80,7,214,0,0,0,43c0ea05ff1215200000,3000,3400
FPREM_completed,53,RU,random,29,SINGLE_INSTRUCTION_C2_PARTIAL,7f2c60a814b272c4,e633a951c7718da0,4262993de6ed86800000,4262993de6ed86800000,662327bcddb0d000,3400,3000,00005f80,7,214,0,0,0,43c0ea05ff1215200000,3000,3400
FPREM_completed,53,RU,random,30,SINGLE_COMPLETE_FINITE_CASE,9148b248811c9805,42fcc655290ba003,bd14c5924408e4c02800,bd14c5924408e4c02800,9148b248811c9805,3000,3000,00005f80,1,0,0,0,0,bd14c5924408e4c02800,3000,3000
FPREM_completed,53,RU,random,31,SINGLE_COMPLETE_FINITE_CASE,91825b4d252f035d,ac6a40183abe4a22,bd1892da6929781ae800,bd1892da6929781ae800,91825b4d252f035d,3000,3000,00005f80,1,0,0,0,0,bd1892da6929781ae800,3000,3000
FPREM_completed,53,RU,random,32,SINGLE_COMPLETE_FINITE_CASE,97787847f9bd2af4,fa15567f6a6f1ee1,bd77c3c23fcde957a000,bd77c3c23fcde957a000,97787847f9bd2af4,3000,3000,00005f80,1,0,0,0,0,bd77c3c23fcde957a000,3000,3000
FPREM_completed,53,RU,random,33,X87_MULTISTEP,df47de5513ea6822,1bdd3f3c49777f1a,bdbc9dd84fac431e2000,bdbc9dd84fac431e2000,9bc3bb09f58863c4,3400,7200,00005f80,23,529,3,3,5,c1b89cf920695de20000,3000,3400
FPREM_completed,53,RU,random,33,QUOTIENT_SIGNED_BITS_DIFFER,df47de5513ea6822,1bdd3f3c49777f1a,bdbc9dd84fac431e2000,bdbc9dd84fac431e2000,9bc3bb09f58863c4,3400,7200,00005f80,23,529,3,3,5,c1b89cf920695de20000,3000,3400
FPREM_completed,53,RU,random,33,MORE_THAN_512_SUBTRACTIONS,df47de5513ea6822,1bdd3f3c49777f1a,bdbc9dd84fac431e2000,bdbc9dd84fac431e2000,9bc3bb09f58863c4,3400,7200,00005f80,23,529,3,3,5,c1b89cf920695de20000,3000,3400
FPREM_completed,53,RU,random,33,SINGLE_INSTRUCTION_VALUE_MISMATCH,df47de5513ea6822,1bdd3f3c49777f1a,bdbc9dd84fac431e2000,bdbc9dd84fac431e2000,9bc3bb09f58863c4,3400,7200,00005f80,23,529,3,3,5,c1b89cf920695de20000,3000,3400
FPREM_completed,53,RU,random,33,SINGLE_INSTRUCTION_C2_PARTIAL,df47de5513ea6822,1bdd3f3c49777f1a,bdbc9dd84fac431e2000,bdbc9dd84fac431e2000,9bc3bb09f58863c4,3400,7200,00005f80,23,529,3,3,5,c1b89cf920695de20000,3000,3400
FPREM_completed,53,RU,random,34,X87_MULTISTEP,5ada68c2e5cabb64,978f4e73e3766ff9,3d788fe5fe85dc72f000,3d788fe5fe85dc72f000,1781fcbfd0bb8e5e,3400,7000,00005f80,22,557,2,2,6,41789a93cdfc23e8f800,3000,3400
FPREM_completed,53,RU,random,34,QUOTIENT_SIGNED_BITS_DIFFER,5ada68c2e5cabb64,978f4e73e3766ff9,3d788fe5fe85dc72f000,3d788fe5fe85dc72f000,1781fcbfd0bb8e5e,3400,7000,00005f80,22,557,2,2,6,41789a93cdfc23e8f800,3000,3400
FPREM_completed,53,RU,random,34,MORE_THAN_512_SUBTRACTIONS,5ada68c2e5cabb64,978f4e73e3766ff9,3d788fe5fe85dc72f000,3d788fe5fe85dc72f000,1781fcbfd0bb8e5e,3400,7000,00005f80,22,557,2,2,6,41789a93cdfc23e8f800,3000,3400
FPREM_completed,53,RU,random,34,SINGLE_INSTRUCTION_VALUE_MISMATCH,5ada68c2e5cabb64,978f4e73e3766ff9,3d788fe5fe85dc72f000,3d788fe5fe85dc72f000,1781fcbfd0bb8e5e,3400,7000,00005f80,22,557,2,2,6,41789a93cdfc23e8f800,3000,3400
FPREM_completed,53,RU,random,34,SINGLE_INSTRUCTION_C2_PARTIAL,5ada68c2e5cabb64,978f4e73e3766ff9,3d788fe5fe85dc72f000,3d788fe5fe85dc72f000,1781fcbfd0bb8e5e,3400,7000,00005f80,22,557,2,2,6,41789a93cdfc23e8f800,3000,3400
FPREM_completed,53,RU,random,35,X87_MULTISTEP,a76c958fcc12d08c,989a991372a47146,bd898c77de0d75dc2000,bd898c77de0d75dc2000,98918efbc1aebb84,3400,7000,00005f80,5,121,2,2,2,be49c7bd9c283ee2f000,3000,3400
FPREM_completed,53,RU,random,35,SINGLE_INSTRUCTION_VALUE_MISMATCH,a76c958fcc12d08c,989a991372a47146,bd898c77de0d75dc2000,bd898c77de0d75dc2000,98918efbc1aebb84,3400,7000,00005f80,5,121,2,2,2,be49c7bd9c283ee2f000,3000,3400
FPREM_completed,53,RU,random,35,SINGLE_INSTRUCTION_C2_PARTIAL,a76c958fcc12d08c,989a991372a47146,bd898c77de0d75dc2000,bd898c77de0d75dc2000,98918efbc1aebb84,3400,7000,00005f80,5,121,2,2,2,be49c7bd9c283ee2f000,3000,3400
FPREM_completed,53,RU,random,36,X87_MULTISTEP,73538c0c3447ef9c,69bbc16644e39d84,429696ae4e14f3000000,429696ae4e14f3000000,6962d5c9c29e6000,3400,3000,00005f80,3,83,0,0,0,42fb8ba018ce380f4000,3000,3400
FPREM_completed,53,RU,random,36,SINGLE_INSTRUCTION_VALUE_MISMATCH,73538c0c3447ef9c,69bbc16644e39d84,429696ae4e14f3000000,429696ae4e14f3000000,6962d5c9c29e6000,3400,3000,00005f80,3,83,0,0,0,42fb8ba018ce380f4000,3000,3400
FPREM_completed,53,RU,random,36,SINGLE_INSTRUCTION_C2_PARTIAL,73538c0c3447ef9c,69bbc16644e39d84,429696ae4e14f3000000,429696ae4e14f3000000,6962d5c9c29e6000,3400,3000,00005f80,3,83,0,0,0,42fb8ba018ce380f4000,3000,3400
FPREM_completed,53,RU,random,37,SINGLE_COMPLETE_FINITE_CASE,2fa7c32afc6000ba,6f78d4e5ac78ca42,3efabe1957e30005d000,3efabe1957e30005d000,2fa7c32afc6000ba,3000,3000,00005f80,1,0,0,0,0,3efabe1957e30005d000,3000,3000
FPREM_completed,53,RU,random,38,X87_MULTISTEP,3d43afc97578251a,a04640200977c35b,3e02e186dfd02dd44000,3e02e186dfd02dd44000,202c30dbfa05ba88,3400,7000,00005f80,8,209,2,2,6,3fa1b62ad18302834000,3000,3400
FPREM_completed,53,RU,random,38,QUOTIENT_SIGNED_BITS_DIFFER,3d43afc97578251a,a04640200977c35b,3e02e186dfd02dd44000,3e02e186dfd02dd44000,202c30dbfa05ba88,3400,7000,00005f80,8,209,2,2,6,3fa1b62ad18302834000,3000,3400
FPREM_completed,53,RU,random,38,SINGLE_INSTRUCTION_VALUE_MISMATCH,3d43afc97578251a,a04640200977c35b,3e02e186dfd02dd44000,3e02e186dfd02dd44000,202c30dbfa05ba88,3400,7000,00005f80,8,209,2,2,6,3fa1b62ad18302834000,3000,3400
FPREM_completed,53,RU,random,38,SINGLE_INSTRUCTION_C2_PARTIAL,3d43afc97578251a,a04640200977c35b,3e02e186dfd02dd44000,3e02e186dfd02dd44000,202c30dbfa05ba88,3400,7000,00005f80,8,209,2,2,6,3fa1b62ad18302834000,3000,3400
FPREM_completed,53,RU,random,39,X87_MULTISTEP,de5e7ac0be62872d,966524ac718d39c5,bd64f4a6c0bb5953c000,bd64f4a6c0bb5953c000,964e94d8176b2a78,3400,7000,00005f80,21,530,2,2,2,c1a5cb9ac6b91d17c000,3000,3400
FPREM_completed,53,RU,random,39,MORE_THAN_512_SUBTRACTIONS,de5e7ac0be62872d,966524ac718d39c5,bd64f4a6c0bb5953c000,bd64f4a6c0bb5953c000,964e94d8176b2a78,3400,7000,00005f80,21,530,2,2,2,c1a5cb9ac6b91d17c000,3000,3400
FPREM_completed,53,RU,random,39,SINGLE_INSTRUCTION_VALUE_MISMATCH,de5e7ac0be62872d,966524ac718d39c5,bd64f4a6c0bb5953c000,bd64f4a6c0bb5953c000,964e94d8176b2a78,3400,7000,00005f80,21,530,2,2,2,c1a5cb9ac6b91d17c000,3000,3400
FPREM_completed,53,RU,random,39,SINGLE_INSTRUCTION_C2_PARTIAL,de5e7ac0be62872d,966524ac718d39c5,bd64f4a6c0bb5953c000,bd64f4a6c0bb5953c000,964e94d8176b2a78,3400,7000,00005f80,21,530,2,2,2,c1a5cb9ac6b91d17c000,3000,3400
FPREM_completed,53,RU,random,40,QUOTIENT_SIGNED_BITS_DIFFER,eda549eb3ce9804c,38af62f6b3141d76,bf889a7d3835a621c000,bf889a7d3835a621c000,b8834fa706b4c438,3400,7200,00005f80,18,433,3,3,5,c2aac0b071cba34d2000,3000,3400
FPREM_completed,53,RU,random,42,QUOTIENT_SIGNED_BITS_DIFFER,7347a7d32d010189,bbdc7d30e2d90d34,3fb98d23799480640000,3fb98d23799480640000,3b91a46f32900c80,3400,7100,00005f80,15,450,6,6,2,42fc9fbd6059542a0000,3000,3400
FPREM_completed,53,RU,random,49,QUOTIENT_SIGNED_BITS_DIFFER,5c2a8192de56c7a7,af1cce228ec78966,3eeee9d87ca2a2dd0000,3eeee9d87ca2a2dd0000,2eed3b0f94545ba0,3400,7000,00005f80,14,342,2,2,6,418fe6e4d24d849b4000,3000,3400
FPREM_completed,53,RU,random,53,MORE_THAN_512_SUBTRACTIONS,69920c42a30349f2,121d884a542f682a,3d1ec47d5167226b0000,3d1ec47d5167226b0000,11e88faa2ce44d60,3400,7000,00005f80,30,720,2,2,2,425e8220e02d6a9d0000,3000,3400
FPREM_completed,53,RU,random,56,QUOTIENT_SIGNED_BITS_DIFFER,c4b90a3ed64c2a40,1fe81d7e2ed3fc27,bdfd925b30d6d3c4b000,bdfd925b30d6d3c4b000,9fd24b661ada7896,3400,7200,00005f80,11,284,3,3,5,c018c4c76f8e86c20000,3000,3400
FPREM_completed,53,RU,random,57,QUOTIENT_SIGNED_BITS_DIFFER,ed507db431407d57,0647f267a6605818,bc64b3416ec2299ec000,bc64b3416ec2299ec000,8646682dd84533d8,3400,7300,00005f80,31,853,7,7,1,c2a3e4016d1fd4eb8000,3000,3400
FPREM_completed,53,RU,random,57,MORE_THAN_512_SUBTRACTIONS,ed507db431407d57,0647f267a6605818,bc64b3416ec2299ec000,bc64b3416ec2299ec000,8646682dd84533d8,3400,7300,00005f80,31,853,7,7,1,c2a3e4016d1fd4eb8000,3000,3400
FPREM_completed,53,RU,random,58,QUOTIENT_SIGNED_BITS_DIFFER,0b4cedfe07d58842,881120faae2ba810,3c80ee80e917980e0000,3c80ee80e917980e0000,080dd01d22f301c0,7000,7000,00005f80,1,24,2,2,6,3c80ee80e917980e0000,3000,7000
FPREM_completed,53,RU,random,64,QUOTIENT_SIGNED_BITS_DIFFER,3d6d5518fff5b85a,b2c080d4eacc0f02,3f2bb90880c40596a000,3f2bb90880c40596a000,32b721101880b2d4,3400,7200,00005f80,3,89,3,3,5,3fabfeb20f601b2a0000,3000,3400
FPREM_completed,53,RU,random,65,QUOTIENT_SIGNED_BITS_DIFFER,ea898a5b92cc34b3,61c55622da782f80,c21be355b08463f80000,c21be355b08463f80000,e1bc6ab6108c7f00,3400,7300,00005f80,3,65,7,7,1,c27caa4203562bf00000,3000,3400
FPREM_completed,53,RU,random,74,QUOTIENT_SIGNED_BITS_DIFFER,755e02aa7062ebf6,d55a977a4df97796,4153946a6c7d5f19c000,4153946a6c7d5f19c000,55328d4d8fabe338,3400,7200,00005f80,10,267,3,3,5,4334c0cf178ad3b60000,3000,3400
FPREM_completed,53,RU,random,79,QUOTIENT_SIGNED_BITS_DIFFER,a4c9fe04e3afd8c6,047d0b5baa9fe2fa,bc46f88054550d2ea000,bc46f88054550d2ea000,846f100a8aa1a5d4,3400,7300,00005f80,11,246,7,7,1,be27b23210f0096ab000,3000,3400
FPREM_completed,53,RU,random,81,QUOTIENT_SIGNED_BITS_DIFFER,e68d3c006f201df4,1ee887edcd9168d5,bded8ea30b8a5ec5b000,bded8ea30b8a5ec5b000,9ed1d461714bd8b6,3400,3200,00005f80,19,580,1,1,7,c22bf7786d2b29f64000,3000,3400
FPREM_completed,53,RU,random,81,MORE_THAN_512_SUBTRACTIONS,e68d3c006f201df4,1ee887edcd9168d5,bded8ea30b8a5ec5b000,bded8ea30b8a5ec5b000,9ed1d461714bd8b6,3400,3200,00005f80,19,580,1,1,7,c22bf7786d2b29f64000,3000,3400
FPREM_completed,53,RU,random,84,MORE_THAN_512_SUBTRACTIONS,f993df8021999846,15a30e386b02b404,bd59a37b190d27ff8000,bd59a37b190d27ff8000,95946f6321a4fff0,3400,7000,00005f80,27,791,2,2,6,c356e7264a4b254a0000,3000,3400
FPREM_completed,53,RU,random,86,MORE_THAN_512_SUBTRACTIONS,d5cf4344b88928f2,09de7fb0fe8aac8b,bc9cef6403e237cc2000,bc9cef6403e237cc2000,89cdec807c46f984,3400,7000,00005f80,27,644,2,2,6,c11ccb5db15201948000,3000,3400
FPREM_completed,53,RU,random,87,MORE_THAN_512_SUBTRACTIONS,7b5310c9fc212395,8eda03c9c430ce5f,3ceda67a4035f71e0800,3ceda67a4035f71e0800,0ed4cf4806bee3c1,3400,3200,00005f80,35,862,1,1,7,438dad1847dc972e5000,3000,3400
FPREM_completed,53,RU,random,92,MORE_THAN_512_SUBTRACTIONS,e3a846a2bfbc4178,80f257439666d7d5,bc0efe69ccfe2b88b000,bc0efe69ccfe2b88b000,80efcd399fc57116,3400,3200,00005f80,27,808,1,1,1,c20ed8bfa47883faa000,3000,3400
FPREM_completed,53,RU,random,104,MORE_THAN_512_SUBTRACTIONS,56b9818e16a7fd62,89436d87e2292558,3c9389e4299005490000,3c9389e4299005490000,09313c853200a920,3400,7000,00005f80,21,612,2,2,6,4132e621769844f50000,3000,3400
FPREM_completed,53,RU,random,105,MORE_THAN_512_SUBTRACTIONS,f98f1f2039d4b32c,334ccb14838191dc,bf33b727e9205ee78000,bf33b727e9205ee78000,b336e4fd240bdcf0,3400,7100,00005f80,21,541,6,6,2,c373aa7b214060490000,3000,3400
FPREM_completed,53,RU,random,113,MORE_THAN_512_SUBTRACTIONS,f30db0b39235c396,ad720371ec7fe712,bed6e52447770bc42000,bed6e52447770bc42000,ad6ca488eee17884,3400,7300,00005f80,20,543,7,7,7,c2f780a1106b971c5000,3000,3400
FPREM_completed,53,RU,random,121,MORE_THAN_512_SUBTRACTIONS,7c0ada0c874938dc,97f0e3e5fa42fb78,3d7d92daf8abd3320000,3d7d92daf8abd3320000,17d25b5f157a6640,3400,7000,00005f80,27,815,2,2,6,439dcaa9d3e967880000,3000,3400
FPREM_completed,53,RU,random,135,MORE_THAN_512_SUBTRACTIONS,7acec2800ccf3118,3498831721aad9e8,3f489bf2fc73696c0000,3f489bf2fc73696c0000,34837e5f8e6d2d80,3400,3000,00005f80,24,556,0,0,0,4389952eef1c607c4000,3000,3400
FPREM_completed,53,RU,random,142,MORE_THAN_512_SUBTRACTIONS,7264155fa13b8f59,9c647ced0ca8226b,3dc2bb2947c812938000,3dc2bb2947c812938000,1c276528f9025270,3400,7200,00005f80,23,682,3,3,5,4304bacaa0d979ba8000,3000,3400
FPREM_completed,53,RU,random,144,MORE_THAN_512_SUBTRACTIONS,ed2dc6396c42b6f8,02c3611c2eadf718,bc2c8b01a3a2125f4000,bc2c8b01a3a2125f4000,82c1603474424be8,3400,3200,00005f80,30,845,1,1,7,c2ac86ddaf9c03cf8000,3000,3400
FPREM_completed,53,RU,random,156,MORE_THAN_512_SUBTRACTIONS,c55b68e984a6b54d,8255bc36c1074b77,bc24f0d9566cbcd5c000,bc24f0d9566cbcd5c000,824e1b2acd979ab8,3400,3100,00005f80,21,532,4,4,4,c02598ec8c879ad20000,3000,3400
FPREM_completed,53,RU,random,171,MORE_THAN_512_SUBTRACTIONS,72a584688a7d4f85,b06b0aa08ec0c009,3f058c563cf186254000,3f058c563cf186254000,30518ac79e30c4a8,3400,3100,00005f80,24,550,4,4,4,430287f05a3c364b0000,3000,3400
FPREM_completed,53,RU,random,177,MORE_THAN_512_SUBTRACTIONS,d50cccc31539402e,895a0c6a0dc516b8,bc93c6afd484dbae0000,bc93c6afd484dbae0000,8938d5fa909b75c0,3400,7100,00005f80,26,625,6,6,6,c114a8d95df86a620000,3000,3400
FPREM_completed,53,RU,random,1233,EXCEPTION_FLAGS_MISMATCH,800775f8a1f1e801,335231bcb44634b1,bbffeebf143e3d002000,bbffeebf143e3d002000,800775f8a1f1e801,3002,3002,00005f80,1,0,0,0,0,bbffeebf143e3d002000,3002,3002
FPREM_completed,53,RU,random,2646,INVALID_OR_NONFINITE_INPUT,fffc16448446619e,97c865bf05fa1bc2,ffffe0b22422330cf000,ffffe0b22422330cf000,fffc16448446619e,3000,3000,00005f80,1,0,0,0,0,ffffe0b22422330cf000,3000,3000
FPREM_completed,53,RU,random,2646,NAN_RESULT,fffc16448446619e,97c865bf05fa1bc2,ffffe0b22422330cf000,ffffe0b22422330cf000,fffc16448446619e,3000,3000,00005f80,1,0,0,0,0,ffffe0b22422330cf000,3000,3000
FPREM_completed,53,RU,random,2800,INVALID_OR_NONFINITE_INPUT,7ffec4b85b15dcc9,73ae6374d2acbe2d,7ffff625c2d8aee64800,7ffff625c2d8aee64800,7ffec4b85b15dcc9,3000,3000,00005f80,1,0,0,0,0,7ffff625c2d8aee64800,3000,3000
FPREM_completed,53,RU,random,2800,NAN_RESULT,7ffec4b85b15dcc9,73ae6374d2acbe2d,7ffff625c2d8aee64800,7ffff625c2d8aee64800,7ffec4b85b15dcc9,3000,3000,00005f80,1,0,0,0,0,7ffff625c2d8aee64800,3000,3000
FPREM_completed,53,RU,random,2804,INVALID_OR_NONFINITE_INPUT,215f1284a38934b3,ffff2b4bee625364,fffff95a5f73129b2000,fffff95a5f73129b2000,ffff2b4bee625364,3000,3000,00005f80,1,0,0,0,0,fffff95a5f73129b2000,3000,3000
FPREM_completed,53,RU,random,2804,NAN_RESULT,215f1284a38934b3,ffff2b4bee625364,fffff95a5f73129b2000,fffff95a5f73129b2000,ffff2b4bee625364,3000,3000,00005f80,1,0,0,0,0,fffff95a5f73129b2000,3000,3000
FPREM_completed,53,RU,random,3319,INVALID_OR_NONFINITE_INPUT,8856eee77a72ede6,fff3ef7fd61e7ede,ffffdf7bfeb0f3f6f000,ffffdf7bfeb0f3f6f000,fffbef7fd61e7ede,3001,3001,00005f81,1,0,0,0,0,ffffdf7bfeb0f3f6f000,3001,3001
FPREM_completed,53,RU,random,3319,NAN_RESULT,8856eee77a72ede6,fff3ef7fd61e7ede,ffffdf7bfeb0f3f6f000,ffffdf7bfeb0f3f6f000,fffbef7fd61e7ede,3001,3001,00005f81,1,0,0,0,0,ffffdf7bfeb0f3f6f000,3001,3001
FPREM_completed,53,RU,random,4196,EXCEPTION_FLAGS_MISMATCH,00045d7cbad4eff6,19e3a5eafc13fccf,3bff8baf975a9dfec000,3bff8baf975a9dfec000,00045d7cbad4eff6,3002,3002,00005f80,1,0,0,0,0,3bff8baf975a9dfec000,3002,3002
FPREM_completed,53,RU,random,5293,EXCEPTION_FLAGS_MISMATCH,000042978fcf403b,f113c2471660d47e,3bfb852f1f9e80760000,3bfb852f1f9e80760000,000042978fcf403b,3002,3002,00005f80,1,0,0,0,0,3bfb852f1f9e80760000,3002,3002
FPREM_completed,53,RU,random,5800,EXCEPTION_FLAGS_MISMATCH,000f2db77710b090,70ffa1f579d5ad51,3c00f2db77710b090000,3c00f2db77710b090000,000f2db77710b090,3002,3002,00005f80,1,0,0,0,0,3c00f2db77710b090000,3002,3002
FPREM_completed,53,RU,random,7285,EXCEPTION_FLAGS_MISMATCH,91d7fc48769559e3,800e7bbfc32cef6d,bc00c6b930c4a51f2000,bc00c6b930c4a51f2000,800c6b930c4a51f2,3402,7102,00005f80,5,155,6,6,6,bce0a1f5923ff4eed000,3002,3402
FPREM_completed,53,RU,random,7438,INVALID_OR_NONFINITE_INPUT,7ffcaf4d654f0d5d,233fc0de0338e527,7fffe57a6b2a786ae800,7fffe57a6b2a786ae800,7ffcaf4d654f0d5d,3000,3000,00005f80,1,0,0,0,0,7fffe57a6b2a786ae800,3000,3000
FPREM_completed,53,RU,random,7438,NAN_RESULT,7ffcaf4d654f0d5d,233fc0de0338e527,7fffe57a6b2a786ae800,7fffe57a6b2a786ae800,7ffcaf4d654f0d5d,3000,3000,00005f80,1,0,0,0,0,7fffe57a6b2a786ae800,3000,3000
FPREM_completed,53,RU,random,7596,INVALID_OR_NONFINITE_INPUT,fffbf8822c40c37e,b07d2bef072da5b4,ffffdfc41162061bf000,ffffdfc41162061bf000,fffbf8822c40c37e,3000,3000,00005f80,1,0,0,0,0,ffffdfc41162061bf000,3000,3000
FPREM_completed,53,RU,random,7596,NAN_RESULT,fffbf8822c40c37e,b07d2bef072da5b4,ffffdfc41162061bf000,ffffdfc41162061bf000,fffbf8822c40c37e,3000,3000,00005f80,1,0,0,0,0,ffffdfc41162061bf000,3000,3000
FPREM_completed,53,RU,random,7612,EXCEPTION_FLAGS_MISMATCH,00096c497eed1ace,be99f8ce19a39a1b,3c0096c497eed1ace000,3c0096c497eed1ace000,00096c497eed1ace,3002,3002,00005f80,1,0,0,0,0,3c0096c497eed1ace000,3002,3002
FPREM_completed,53,RU,random,7722,INVALID_OR_NONFINITE_INPUT,fff7691bbe190e08,7bcab5fa750c61cf,fffffb48ddf0c8704000,fffffb48ddf0c8704000,ffff691bbe190e08,3001,3001,00005f81,1,0,0,0,0,fffffb48ddf0c8704000,3001,3001
FPREM_completed,53,RU,random,7722,NAN_RESULT,fff7691bbe190e08,7bcab5fa750c61cf,fffffb48ddf0c8704000,fffffb48ddf0c8704000,ffff691bbe190e08,3001,3001,00005f81,1,0,0,0,0,fffffb48ddf0c8704000,3001,3001
FPREM_completed,53,RU,random,9199,EXCEPTION_FLAGS_MISMATCH,800a9a6921f9b5f3,2d747d032040de41,bc00a9a6921f9b5f3000,bc00a9a6921f9b5f3000,800a9a6921f9b5f3,3002,3002,00005f80,1,0,0,0,0,bc00a9a6921f9b5f3000,3002,3002
FPREM_completed,53,RU,random,10913,INVALID_OR_NONFINITE_INPUT,7fff2484a0f13a1d,6a6fdeea239a6e71,7ffff924250789d0e800,7ffff924250789d0e800,7fff2484a0f13a1d,3000,3000,00005f80,1,0,0,0,0,7ffff924250789d0e800,3000,3000
FPREM_completed,53,RU,random,10913,NAN_RESULT,7fff2484a0f13a1d,6a6fdeea239a6e71,7ffff924250789d0e800,7ffff924250789d0e800,7fff2484a0f13a1d,3000,3000,00005f80,1,0,0,0,0,7ffff924250789d0e800,3000,3000
FPREM_completed,53,RU,random,12128,EXCEPTION_FLAGS_MISMATCH,d8e39eeac74a6b81,000b070f8e9013cd,bbffe8da68fe7df5c000,bbffe8da68fe7df5c000,800746d347f3efae,3402,7002,00005f80,25,725,2,2,6,c15e9c4972fc21654000,3002,3402
FPREM_completed,53,RU,random,13177,INVALID_OR_NONFINITE_INPUT,fff87e6b054cc1e1,8d42223d01aabd08,ffffc3f3582a660f0800,ffffc3f3582a660f0800,fff87e6b054cc1e1,3000,3000,00005f80,1,0,0,0,0,ffffc3f3582a660f0800,3000,3000
FPREM_completed,53,RU,random,13177,NAN_RESULT,fff87e6b054cc1e1,8d42223d01aabd08,ffffc3f3582a660f0800,ffffc3f3582a660f0800,fff87e6b054cc1e1,3000,3000,00005f80,1,0,0,0,0,ffffc3f3582a660f0800,3000,3000
FPREM_completed,53,RU,random,13880,INVALID_OR_NONFINITE_INPUT,ffffe5642b6ad5f8,efcf3776f9f393f5,ffffff2b215b56afc000,ffffff2b215b56afc000,ffffe5642b6ad5f8,3000,3000,00005f80,1,0,0,0,0,ffffff2b215b56afc000,3000,3000
FPREM_completed,53,RU,random,13880,NAN_RESULT,ffffe5642b6ad5f8,efcf3776f9f393f5,ffffff2b215b56afc000,ffffff2b215b56afc000,ffffe5642b6ad5f8,3000,3000,00005f80,1,0,0,0,0,ffffff2b215b56afc000,3000,3000
FPREM_completed,53,RU,random,14177,INVALID_OR_NONFINITE_INPUT,1de067fae84e79b5,fffd194d792e3ad1,ffffe8ca6bc971d68800,ffffe8ca6bc971d68800,fffd194d792e3ad1,3000,3000,00005f80,1,0,0,0,0,ffffe8ca6bc971d68800,3000,3000
FPREM_completed,53,RU,random,14177,NAN_RESULT,1de067fae84e79b5,fffd194d792e3ad1,ffffe8ca6bc971d68800,ffffe8ca6bc971d68800,fffd194d792e3ad1,3000,3000,00005f80,1,0,0,0,0,ffffe8ca6bc971d68800,3000,3000
FPREM_completed,53,RU,random,15808,EXCEPTION_FLAGS_MISMATCH,00078afd5ab9f181,f2aa15676d841be6,3bfff15fab573e302000,3bfff15fab573e302000,00078afd5ab9f181,3002,3002,00005f80,1,0,0,0,0,3bfff15fab573e302000,3002,3002
FPREM_completed,53,RU,random,16005,INVALID_OR_NONFINITE_INPUT,fff611d7cae68af6,86e423ac385d97f2,fffff08ebe573457b000,fffff08ebe573457b000,fffe11d7cae68af6,3001,3001,00005f81,1,0,0,0,0,fffff08ebe573457b000,3001,3001
FPREM_completed,53,RU,random,16005,NAN_RESULT,fff611d7cae68af6,86e423ac385d97f2,fffff08ebe573457b000,fffff08ebe573457b000,fffe11d7cae68af6,3001,3001,00005f81,1,0,0,0,0,fffff08ebe573457b000,3001,3001
FPREM_completed,53,RU,random,16109,INVALID_OR_NONFINITE_INPUT,fff760d464c22dfd,f722efe6567e5e26,fffffb06a326116fe800,fffffb06a326116fe800,ffff60d464c22dfd,3001,3001,00005f81,1,0,0,0,0,fffffb06a326116fe800,3001,3001
FPREM_completed,53,RU,random,16109,NAN_RESULT,fff760d464c22dfd,f722efe6567e5e26,fffffb06a326116fe800,fffffb06a326116fe800,ffff60d464c22dfd,3001,3001,00005f81,1,0,0,0,0,fffffb06a326116fe800,3001,3001
FPREM_completed,53,RU,random,17938,EXCEPTION_FLAGS_MISMATCH,000604a2ddf15aaf,4fac635a1fbf943d,3bffc0945bbe2b55e000,3bffc0945bbe2b55e000,000604a2ddf15aaf,3002,3002,00005f80,1,0,0,0,0,3bffc0945bbe2b55e000,3002,3002
FPREM_completed,53,RU,random,18050,EXCEPTION_FLAGS_MISMATCH,80012b5411c1220b,2bc6fed9f7152b74,bbfd95aa08e091058000,bbfd95aa08e091058000,80012b5411c1220b,3002,3002,00005f80,1,0,0,0,0,bbfd95aa08e091058000,3002,3002
FPREM_completed,53,RU,random,18144,INVALID_OR_NONFINITE_INPUT,1a697067a9d4131e,7ff4caf5a31236d0,7fffe657ad1891b68000,7fffe657ad1891b68000,7ffccaf5a31236d0,3001,3001,00005f81,1,0,0,0,0,7fffe657ad1891b68000,3001,3001
FPREM_completed,53,RU,random,18144,NAN_RESULT,1a697067a9d4131e,7ff4caf5a31236d0,7fffe657ad1891b68000,7fffe657ad1891b68000,7ffccaf5a31236d0,3001,3001,00005f81,1,0,0,0,0,7fffe657ad1891b68000,3001,3001
FPREM_completed,53,RU,random,18393,EXCEPTION_FLAGS_MISMATCH,800a078ea997ffbd,9024b261222329c4,bc00a078ea997ffbd000,bc00a078ea997ffbd000,800a078ea997ffbd,3002,3002,00005f80,1,0,0,0,0,bc00a078ea997ffbd000,3002,3002
FPREM_completed,53,RU,random,18494,INVALID_OR_NONFINITE_INPUT,8b3795aeea5a51e9,fff42510e432a4b0,ffffe128872195258000,ffffe128872195258000,fffc2510e432a4b0,3001,3001,00005f81,1,0,0,0,0,ffffe128872195258000,3001,3001
FPREM_completed,53,RU,random,18494,NAN_RESULT,8b3795aeea5a51e9,fff42510e432a4b0,ffffe128872195258000,ffffe128872195258000,fffc2510e432a4b0,3001,3001,00005f81,1,0,0,0,0,ffffe128872195258000,3001,3001
FPREM_completed,53,RU,random,18855,EXCEPTION_FLAGS_MISMATCH,0009c2ad8c5ab954,e9b24df58db0b1de,3c009c2ad8c5ab954000,3c009c2ad8c5ab954000,0009c2ad8c5ab954,3002,3002,00005f80,1,0,0,0,0,3c009c2ad8c5ab954000,3002,3002
FPREM_completed,53,RU,random,19982,INVALID_OR_NONFINITE_INPUT,7ff1ef37dbd61011,ed987e4fb1101e19,7fffcf79bedeb0808800,7fffcf79bedeb0808800,7ff9ef37dbd61011,3001,3001,00005f81,1,0,0,0,0,7fffcf79bedeb0808800,3001,3001
FPREM_completed,53,RU,random,19982,NAN_RESULT,7ff1ef37dbd61011,ed987e4fb1101e19,7fffcf79bedeb0808800,7fffcf79bedeb0808800,7ff9ef37dbd61011,3001,3001,00005f81,1,0,0,0,0,7fffcf79bedeb0808800,3001,3001
FPREM_completed,53,RU,random,19989,INVALID_OR_NONFINITE_INPUT,6a9d1ec93aecc6ab,fffce7ea399b451a,ffffe73f51ccda28d000,ffffe73f51ccda28d000,fffce7ea399b451a,3000,3000,00005f80,1,0,0,0,0,ffffe73f51ccda28d000,3000,3000
FPREM_completed,53,RU,random,19989,NAN_RESULT,6a9d1ec93aecc6ab,fffce7ea399b451a,ffffe73f51ccda28d000,ffffe73f51ccda28d000,fffce7ea399b451a,3000,3000,00005f80,1,0,0,0,0,ffffe73f51ccda28d000,3000,3000
FPREM_completed,53,RU,random,21129,INVALID_OR_NONFINITE_INPUT,1bd16e2aeeb69c1c,fffd80dcf474289d,ffffec06e7a3a144e800,ffffec06e7a3a144e800,fffd80dcf474289d,3000,3000,00005f80,1,0,0,0,0,ffffec06e7a3a144e800,3000,3000
FPREM_completed,53,RU,random,21129,NAN_RESULT,1bd16e2aeeb69c1c,fffd80dcf474289d,ffffec06e7a3a144e800,ffffec06e7a3a144e800,fffd80dcf474289d,3000,3000,00005f80,1,0,0,0,0,ffffec06e7a3a144e800,3000,3000
FPREM_completed,53,RU,random,21308,EXCEPTION_FLAGS_MISMATCH,80054af5ac397823,0921b43449e9917b,bbffa95eb5872f046000,bbffa95eb5872f046000,80054af5ac397823,3002,3002,00005f80,1,0,0,0,0,bbffa95eb5872f046000,3002,3002
FPREM_completed,53,RU,random,21840,INVALID_OR_NONFINITE_INPUT,7ff452155f935d94,1c775d75320a205c,7fffe290aafc9aeca000,7fffe290aafc9aeca000,7ffc52155f935d94,3001,3001,00005f81,1,0,0,0,0,7fffe290aafc9aeca000,3001,3001
FPREM_completed,53,RU,random,21840,NAN_RESULT,7ff452155f935d94,1c775d75320a205c,7fffe290aafc9aeca000,7fffe290aafc9aeca000,7ffc52155f935d94,3001,3001,00005f81,1,0,0,0,0,7fffe290aafc9aeca000,3001,3001
FPREM_completed,53,RU,random,22001,INVALID_OR_NONFINITE_INPUT,f51f71d5f317fef7,fff038e0bc7f2023,ffffc1c705e3f9011800,ffffc1c705e3f9011800,fff838e0bc7f2023,3001,3001,00005f81,1,0,0,0,0,ffffc1c705e3f9011800,3001,3001
FPREM_completed,53,RU,random,22001,NAN_RESULT,f51f71d5f317fef7,fff038e0bc7f2023,ffffc1c705e3f9011800,ffffc1c705e3f9011800,fff838e0bc7f2023,3001,3001,00005f81,1,0,0,0,0,ffffc1c705e3f9011800,3001,3001
FPREM_completed,53,RU,random,24432,EXCEPTION_FLAGS_MISMATCH,0000524bff113f57,816da281ea85a7a5,3bfba497fe227eae0000,3bfba497fe227eae0000,0000524bff113f57,3002,3002,00005f80,1,0,0,0,0,3bfba497fe227eae0000,3002,3002
FPREM_completed,53,RU,random,24987,EXCEPTION_FLAGS_MISMATCH,c18b370699eb4229,000f5f84366f4102,bc00a94dcf2b4195c000,bc00a94dcf2b4195c000,800a94dcf2b4195c,3402,7002,00005f80,23,527,2,2,6,bfe0b75ee678fa8bc000,3002,3402
FPREM_completed,53,RU,random,25096,EXCEPTION_FLAGS_MISMATCH,80090e781b9805f4,29de74e64bc6bc23,bc0090e781b9805f4000,bc0090e781b9805f4000,80090e781b9805f4,3002,3002,00005f80,1,0,0,0,0,bc0090e781b9805f4000,3002,3002
FPREM_completed,53,RU,random,28782,EXCEPTION_FLAGS_MISMATCH,7b0880470be2fa5b,800c70e46c2bd5e3,3bfffb5bd194a6b34000,3bfffb5bd194a6b34000,0007dade8ca5359a,3402,7002,00005f80,36,969,2,2,6,437f921fd8df6fb1c000,3002,3402
FPREM_completed,53,RU,random,29586,EXCEPTION_FLAGS_MISMATCH,000dad250093a9db,2b750a83e2704927,3c00dad250093a9db000,3c00dad250093a9db000,000dad250093a9db,3002,3002,00005f80,1,0,0,0,0,3c00dad250093a9db000,3002,3002
FPREM_completed,53,RU,random,31461,EXCEPTION_FLAGS_MISMATCH,0004db3d8e9a43b0,d79c4aafc37e3e3d,3bff9b67b1d348760000,3bff9b67b1d348760000,0004db3d8e9a43b0,3002,3002,00005f80,1,0,0,0,0,3bff9b67b1d348760000,3002,3002
FPREM_completed,53,RU,edge,341,VALUE_MISMATCH,7ff8000000000011,fff0000000000222,ffffc000000000111000,7fffc000000000008800,7ff8000000000011,3001,3001,00005f81,1,0,0,0,0,ffffc000000000111000,3001,3001
FPREM_completed,53,RZ,random,0,ALL,39005d1b59f41037,aa0bb42747841268,3ea0a6fbf900f9cf4000,3ea0a6fbf900f9cf4000,2a04df7f201f39e8,3400,7300,00007f80,5,120,7,7,1,3f5dc0201f66984c0000,3000,3400
FPREM_completed,53,RZ,random,0,X87_MULTISTEP,39005d1b59f41037,aa0bb42747841268,3ea0a6fbf900f9cf4000,3ea0a6fbf900f9cf4000,2a04df7f201f39e8,3400,7300,00007f80,5,120,7,7,1,3f5dc0201f66984c0000,3000,3400
FPREM_completed,53,RZ,random,0,QUOTIENT_SIGNED_BITS_DIFFER,39005d1b59f41037,aa0bb42747841268,3ea0a6fbf900f9cf4000,3ea0a6fbf900f9cf4000,2a04df7f201f39e8,3400,7300,00007f80,5,120,7,7,1,3f5dc0201f66984c0000,3000,3400
FPREM_completed,53,RZ,random,0,SINGLE_INSTRUCTION_VALUE_MISMATCH,39005d1b59f41037,aa0bb42747841268,3ea0a6fbf900f9cf4000,3ea0a6fbf900f9cf4000,2a04df7f201f39e8,3400,7300,00007f80,5,120,7,7,1,3f5dc0201f66984c0000,3000,3400
FPREM_completed,53,RZ,random,0,SINGLE_INSTRUCTION_C2_PARTIAL,39005d1b59f41037,aa0bb42747841268,3ea0a6fbf900f9cf4000,3ea0a6fbf900f9cf4000,2a04df7f201f39e8,3400,7300,00007f80,5,120,7,7,1,3f5dc0201f66984c0000,3000,3400
FPREM_completed,53,RZ,random,1,ALL,a79dae131b3431aa,c97db72336427b70,be79ed7098d9a18d5000,be79ed7098d9a18d5000,a79dae131b3431aa,3000,3000,00007f80,1,0,0,0,0,be79ed7098d9a18d5000,3000,3000
FPREM_completed,53,RZ,random,1,SINGLE_COMPLETE_FINITE_CASE,a79dae131b3431aa,c97db72336427b70,be79ed7098d9a18d5000,be79ed7098d9a18d5000,a79dae131b3431aa,3000,3000,00007f80,1,0,0,0,0,be79ed7098d9a18d5000,3000,3000
FPREM_completed,53,RZ,random,2,ALL,38b1b1cf247332e7,2c69a8de7d10e6c2,3ec4ebb15b13f19a0000,3ec4ebb15b13f19a0000,2c4d762b627e3340,3400,3000,00007f80,4,90,0,0,0,3f65e65f0fd8474c8000,3000,3400
FPREM_completed,53,RZ,random,2,X87_MULTISTEP,38b1b1cf247332e7,2c69a8de7d10e6c2,3ec4ebb15b13f19a0000,3ec4ebb15b13f19a0000,2c4d762b627e3340,3400,3000,00007f80,4,90,0,0,0,3f65e65f0fd8474c8000,3000,3400
FPREM_completed,53,RZ,random,2,SINGLE_INSTRUCTION_VALUE_MISMATCH,38b1b1cf247332e7,2c69a8de7d10e6c2,3ec4ebb15b13f19a0000,3ec4ebb15b13f19a0000,2c4d762b627e3340,3400,3000,00007f80,4,90,0,0,0,3f65e65f0fd8474c8000,3000,3400
FPREM_completed,53,RZ,random,2,SINGLE_INSTRUCTION_C2_PARTIAL,38b1b1cf247332e7,2c69a8de7d10e6c2,3ec4ebb15b13f19a0000,3ec4ebb15b13f19a0000,2c4d762b627e3340,3400,3000,00007f80,4,90,0,0,0,3f65e65f0fd8474c8000,3000,3400
FPREM_completed,53,RZ,random,3,ALL,0159a802c6b0e40b,fde8f2dd6b4079e3,3c15cd40163587205800,3c15cd40163587205800,0159a802c6b0e40b,3000,3000,00007f80,1,0,0,0,0,3c15cd40163587205800,3000,3000
FPREM_completed,53,RZ,random,3,SINGLE_COMPLETE_FINITE_CASE,0159a802c6b0e40b,fde8f2dd6b4079e3,3c15cd40163587205800,3c15cd40163587205800,0159a802c6b0e40b,3000,3000,00007f80,1,0,0,0,0,3c15cd40163587205800,3000,3000
FPREM_completed,53,RZ,random,4,ALL,6eafb6c51d88b719,b33bcb6f9ffd8324,3f33dab784e9e91de000,3f33dab784e9e91de000,333b56f09d3d23bc,3400,3200,00007f80,17,446,1,1,7,42b2c8875468a91ec000,3000,3400
FPREM_completed,53,RZ,random,4,X87_MULTISTEP,6eafb6c51d88b719,b33bcb6f9ffd8324,3f33dab784e9e91de000,3f33dab784e9e91de000,333b56f09d3d23bc,3400,3200,00007f80,17,446,1,1,7,42b2c8875468a91ec000,3000,3400
FPREM_completed,53,RZ,random,4,QUOTIENT_SIGNED_BITS_DIFFER,6eafb6c51d88b719,b33bcb6f9ffd8324,3f33dab784e9e91de000,3f33dab784e9e91de000,333b56f09d3d23bc,3400,3200,00007f80,17,446,1,1,7,42b2c8875468a91ec000,3000,3400
FPREM_completed,53,RZ,random,4,SINGLE_INSTRUCTION_VALUE_MISMATCH,6eafb6c51d88b719,b33bcb6f9ffd8324,3f33dab784e9e91de000,3f33dab784e9e91de000,333b56f09d3d23bc,3400,3200,00007f80,17,446,1,1,7,42b2c8875468a91ec000,3000,3400
FPREM_completed,53,RZ,random,4,SINGLE_INSTRUCTION_C2_PARTIAL,6eafb6c51d88b719,b33bcb6f9ffd8324,3f33dab784e9e91de000,3f33dab784e9e91de000,333b56f09d3d23bc,3400,3200,00007f80,17,446,1,1,7,42b2c8875468a91ec000,3000,3400
FPREM_completed,53,RZ,random,5,ALL,039d85f35503e50f,6bf5f004e65a440b,3c39ec2f9aa81f287800,3c39ec2f9aa81f287800,039d85f35503e50f,3000,3000,00007f80,1,0,0,0,0,3c39ec2f9aa81f287800,3000,3000
FPREM_completed,53,RZ,random,5,SINGLE_COMPLETE_FINITE_CASE,039d85f35503e50f,6bf5f004e65a440b,3c39ec2f9aa81f287800,3c39ec2f9aa81f287800,039d85f35503e50f,3000,3000,00007f80,1,0,0,0,0,3c39ec2f9aa81f287800,3000,3000
FPREM_completed,53,RZ,random,6,ALL,3f622dade3a7b6be,bac9d0d4304c687b,3fabd6f9f6607547c000,3fabd6f9f6607547c000,3abadf3ecc0ea8f8,3400,3100,00007f80,2,35,4,4,4,3fc68cbaee446fa20000,3000,3400
FPREM_completed,53,RZ,random,6,X87_MULTISTEP,3f622dade3a7b6be,bac9d0d4304c687b,3fabd6f9f6607547c000,3fabd6f9f6607547c000,3abadf3ecc0ea8f8,3400,3100,00007f80,2,35,4,4,4,3fc68cbaee446fa20000,3000,3400
FPREM_completed,53,RZ,random,6,SINGLE_INSTRUCTION_VALUE_MISMATCH,3f622dade3a7b6be,bac9d0d4304c687b,3fabd6f9f6607547c000,3fabd6f9f6607547c000,3abadf3ecc0ea8f8,3400,3100,00007f80,2,35,4,4,4,3fc68cbaee446fa20000,3000,3400
FPREM_completed,53,RZ,random,6,SINGLE_INSTRUCTION_C2_PARTIAL,3f622dade3a7b6be,bac9d0d4304c687b,3fabd6f9f6607547c000,3fabd6f9f6607547c000,3abadf3ecc0ea8f8,3400,3100,00007f80,2,35,4,4,4,3fc68cbaee446fa20000,3000,3400
FPREM_completed,53,RZ,random,7,ALL,1be3526f041fd13f,8f013dda7d97cc0b,3cec83c7ce222eb88000,3cec83c7ce222eb88000,0ec078f9c445d710,3400,3300,00007f80,4,83,5,5,3,3d8f99911c0774abc000,3000,3400
FPREM_completed,53,RZ,random,7,X87_MULTISTEP,1be3526f041fd13f,8f013dda7d97cc0b,3cec83c7ce222eb88000,3cec83c7ce222eb88000,0ec078f9c445d710,3400,3300,00007f80,4,83,5,5,3,3d8f99911c0774abc000,3000,3400
FPREM_completed,53,RZ,random,7,QUOTIENT_SIGNED_BITS_DIFFER,1be3526f041fd13f,8f013dda7d97cc0b,3cec83c7ce222eb88000,3cec83c7ce222eb88000,0ec078f9c445d710,3400,3300,00007f80,4,83,5,5,3,3d8f99911c0774abc000,3000,3400
FPREM_completed,53,RZ,random,7,SINGLE_INSTRUCTION_VALUE_MISMATCH,1be3526f041fd13f,8f013dda7d97cc0b,3cec83c7ce222eb88000,3cec83c7ce222eb88000,0ec078f9c445d710,3400,3300,00007f80,4,83,5,5,3,3d8f99911c0774abc000,3000,3400
FPREM_completed,53,RZ,random,7,SINGLE_INSTRUCTION_C2_PARTIAL,1be3526f041fd13f,8f013dda7d97cc0b,3cec83c7ce222eb88000,3cec83c7ce222eb88000,0ec078f9c445d710,3400,3300,00007f80,4,83,5,5,3,3d8f99911c0774abc000,3000,3400
FPREM_completed,53,RZ,random,8,ALL,c44d0a1ea70b20ff,0eeac7548da1932d,bceec474924529945800,bceec474924529945800,8ee88e9248a5328b,3400,3200,00007f80,16,424,1,1,7,c008b16b8d55709c0000,3000,3400
FPREM_completed,53,RZ,random,8,X87_MULTISTEP,c44d0a1ea70b20ff,0eeac7548da1932d,bceec474924529945800,bceec474924529945800,8ee88e9248a5328b,3400,3200,00007f80,16,424,1,1,7,c008b16b8d55709c0000,3000,3400
FPREM_completed,53,RZ,random,8,QUOTIENT_SIGNED_BITS_DIFFER,c44d0a1ea70b20ff,0eeac7548da1932d,bceec474924529945800,bceec474924529945800,8ee88e9248a5328b,3400,3200,00007f80,16,424,1,1,7,c008b16b8d55709c0000,3000,3400
FPREM_completed,53,RZ,random,8,SINGLE_INSTRUCTION_VALUE_MISMATCH,c44d0a1ea70b20ff,0eeac7548da1932d,bceec474924529945800,bceec474924529945800,8ee88e9248a5328b,3400,3200,00007f80,16,424,1,1,7,c008b16b8d55709c0000,3000,3400
FPREM_completed,53,RZ,random,8,SINGLE_INSTRUCTION_C2_PARTIAL,c44d0a1ea70b20ff,0eeac7548da1932d,bceec474924529945800,bceec474924529945800,8ee88e9248a5328b,3400,3200,00007f80,16,424,1,1,7,c008b16b8d55709c0000,3000,3400
FPREM_completed,53,RZ,random,9,ALL,14c615a007ecca11,e2509355b1112f51,3d4cb0ad003f66508800,3d4cb0ad003f66508800,14c615a007ecca11,3000,3000,00007f80,1,0,0,0,0,3d4cb0ad003f66508800,3000,3000
FPREM_completed,53,RZ,random,9,SINGLE_COMPLETE_FINITE_CASE,14c615a007ecca11,e2509355b1112f51,3d4cb0ad003f66508800,3d4cb0ad003f66508800,14c615a007ecca11,3000,3000,00007f80,1,0,0,0,0,3d4cb0ad003f66508800,3000,3000
FPREM_completed,53,RZ,random,10,ALL,e17a9da691069bad,bf7616c50e54a52d,bff6b2396f9289d0f000,bff6b2396f9289d0f000,bf66472df2513a1e,3400,3300,00007f80,10,266,5,5,5,c1f3b2a68b0280980000,3000,3400
FPREM_completed,53,RZ,random,10,X87_MULTISTEP,e17a9da691069bad,bf7616c50e54a52d,bff6b2396f9289d0f000,bff6b2396f9289d0f000,bf66472df2513a1e,3400,3300,00007f80,10,266,5,5,5,c1f3b2a68b0280980000,3000,3400
FPREM_completed,53,RZ,random,10,SINGLE_INSTRUCTION_VALUE_MISMATCH,e17a9da691069bad,bf7616c50e54a52d,bff6b2396f9289d0f000,bff6b2396f9289d0f000,bf66472df2513a1e,3400,3300,00007f80,10,266,5,5,5,c1f3b2a68b0280980000,3000,3400
FPREM_completed,53,RZ,random,10,SINGLE_INSTRUCTION_C2_PARTIAL,e17a9da691069bad,bf7616c50e54a52d,bff6b2396f9289d0f000,bff6b2396f9289d0f000,bf66472df2513a1e,3400,3300,00007f80,10,266,5,5,5,c1f3b2a68b0280980000,3000,3400
FPREM_completed,53,RZ,random,11,ALL,4a4e1234b1a55a7f,29841a150e25814e,3e95abc4469a67fc0000,3e95abc4469a67fc0000,29557888d34cff80,3400,3000,00007f80,9,289,0,0,0,4075d17ea87146938000,3000,3400
FPREM_completed,53,RZ,random,11,X87_MULTISTEP,4a4e1234b1a55a7f,29841a150e25814e,3e95abc4469a67fc0000,3e95abc4469a67fc0000,29557888d34cff80,3400,3000,00007f80,9,289,0,0,0,4075d17ea87146938000,3000,3400
FPREM_completed,53,RZ,random,11,SINGLE_INSTRUCTION_VALUE_MISMATCH,4a4e1234b1a55a7f,29841a150e25814e,3e95abc4469a67fc0000,3e95abc4469a67fc0000,29557888d34cff80,3400,3000,00007f80,9,289,0,0,0,4075d17ea87146938000,3000,3400
FPREM_completed,53,RZ,random,11,SINGLE_INSTRUCTION_C2_PARTIAL,4a4e1234b1a55a7f,29841a150e25814e,3e95abc4469a67fc0000,3e95abc4469a67fc0000,29557888d34cff80,3400,3000,00007f80,9,289,0,0,0,4075d17ea87146938000,3000,3400
FPREM_completed,53,RZ,random,12,ALL,6594f41e49bee1a0,3bf5817dfb70df6d,3fbeee382bb4dd19f000,3fbeee382bb4dd19f000,3bedc705769ba33e,3400,3300,00007f80,12,321,5,5,5,421e9b54c40c8e563000,3000,3400
FPREM_completed,53,RZ,random,12,X87_MULTISTEP,6594f41e49bee1a0,3bf5817dfb70df6d,3fbeee382bb4dd19f000,3fbeee382bb4dd19f000,3bedc705769ba33e,3400,3300,00007f80,12,321,5,5,5,421e9b54c40c8e563000,3000,3400
FPREM_completed,53,RZ,random,12,SINGLE_INSTRUCTION_VALUE_MISMATCH,6594f41e49bee1a0,3bf5817dfb70df6d,3fbeee382bb4dd19f000,3fbeee382bb4dd19f000,3bedc705769ba33e,3400,3300,00007f80,12,321,5,5,5,421e9b54c40c8e563000,3000,3400
FPREM_completed,53,RZ,random,12,SINGLE_INSTRUCTION_C2_PARTIAL,6594f41e49bee1a0,3bf5817dfb70df6d,3fbeee382bb4dd19f000,3fbeee382bb4dd19f000,3bedc705769ba33e,3400,3300,00007f80,12,321,5,5,5,421e9b54c40c8e563000,3000,3400
FPREM_completed,53,RZ,random,13,ALL,c1132a8b237f2b9d,594d73404f44c27e,c0119954591bf95ce800,c0119954591bf95ce800,c1132a8b237f2b9d,3000,3000,00007f80,1,0,0,0,0,c0119954591bf95ce800,3000,3000
FPREM_completed,53,RZ,random,13,SINGLE_COMPLETE_FINITE_CASE,c1132a8b237f2b9d,594d73404f44c27e,c0119954591bf95ce800,c0119954591bf95ce800,c1132a8b237f2b9d,3000,3000,00007f80,1,0,0,0,0,c0119954591bf95ce800,3000,3000
FPREM_completed,53,RZ,random,14,ALL,b7683dfbd1805aff,bf598884c49fca9b,bf76c1efde8c02d7f800,bf76c1efde8c02d7f800,b7683dfbd1805aff,3000,3000,00007f80,1,0,0,0,0,bf76c1efde8c02d7f800,3000,3000
FPREM_completed,53,RZ,random,14,SINGLE_COMPLETE_FINITE_CASE,b7683dfbd1805aff,bf598884c49fca9b,bf76c1efde8c02d7f800,bf76c1efde8c02d7f800,b7683dfbd1805aff,3000,3000,00007f80,1,0,0,0,0,bf76c1efde8c02d7f800,3000,3000
FPREM_completed,53,RZ,random,15,ALL,6f490969190f62c4,ae1215eb462405c7,3ee1818d7f0b5adcc800,3ee1818d7f0b5adcc800,2e1031afe16b5b99,3400,3200,00007f80,17,494,1,1,7,42bddc90617d46440000,3000,3400
FPREM_completed,53,RZ,random,15,X87_MULTISTEP,6f490969190f62c4,ae1215eb462405c7,3ee1818d7f0b5adcc800,3ee1818d7f0b5adcc800,2e1031afe16b5b99,3400,3200,00007f80,17,494,1,1,7,42bddc90617d46440000,3000,3400
FPREM_completed,53,RZ,random,15,QUOTIENT_SIGNED_BITS_DIFFER,6f490969190f62c4,ae1215eb462405c7,3ee1818d7f0b5adcc800,3ee1818d7f0b5adcc800,2e1031afe16b5b99,3400,3200,00007f80,17,494,1,1,7,42bddc90617d46440000,3000,3400
FPREM_completed,53,RZ,random,15,SINGLE_INSTRUCTION_VALUE_MISMATCH,6f490969190f62c4,ae1215eb462405c7,3ee1818d7f0b5adcc800,3ee1818d7f0b5adcc800,2e1031afe16b5b99,3400,3200,00007f80,17,494,1,1,7,42bddc90617d46440000,3000,3400
FPREM_completed,53,RZ,random,15,SINGLE_INSTRUCTION_C2_PARTIAL,6f490969190f62c4,ae1215eb462405c7,3ee1818d7f0b5adcc800,3ee1818d7f0b5adcc800,2e1031afe16b5b99,3400,3200,00007f80,17,494,1,1,7,42bddc90617d46440000,3000,3400
FPREM_completed,53,RZ,random,16,ALL,8da36025d28a21d8,33ed6497a86d8353,bcda9b012e94510ec000,bcda9b012e94510ec000,8da36025d28a21d8,3000,3000,00007f80,1,0,0,0,0,bcda9b012e94510ec000,3000,3000
FPREM_completed,53,RZ,random,16,SINGLE_COMPLETE_FINITE_CASE,8da36025d28a21d8,33ed6497a86d8353,bcda9b012e94510ec000,bcda9b012e94510ec000,8da36025d28a21d8,3000,3000,00007f80,1,0,0,0,0,bcda9b012e94510ec000,3000,3000
FPREM_completed,53,RZ,random,17,ALL,b77e8b7c1bae6945,ce13f0f8f189085d,bf77f45be0dd734a2800,bf77f45be0dd734a2800,b77e8b7c1bae6945,3000,3000,00007f80,1,0,0,0,0,bf77f45be0dd734a2800,3000,3000
FPREM_completed,53,RZ,random,17,SINGLE_COMPLETE_FINITE_CASE,b77e8b7c1bae6945,ce13f0f8f189085d,bf77f45be0dd734a2800,bf77f45be0dd734a2800,b77e8b7c1bae6945,3000,3000,00007f80,1,0,0,0,0,bf77f45be0dd734a2800,3000,3000
FPREM_completed,53,RZ,random,18,ALL,1e56657267a4546d,63b83902f22bfcd7,3de5b32b933d22a36800,3de5b32b933d22a36800,1e56657267a4546d,3000,3000,00007f80,1,0,0,0,0,3de5b32b933d22a36800,3000,3000
FPREM_completed,53,RZ,random,18,SINGLE_COMPLETE_FINITE_CASE,1e56657267a4546d,63b83902f22bfcd7,3de5b32b933d22a36800,3de5b32b933d22a36800,1e56657267a4546d,3000,3000,00007f80,1,0,0,0,0,3de5b32b933d22a36800,3000,3000
FPREM_completed,53,RZ,random,19,ALL,520a608fd94c71bc,1a0745443aa528a2,3da09d581f06e8e3b000,3da09d581f06e8e3b000,1a03ab03e0dd1c76,3400,3300,00007f80,18,451,5,5,5,4100afcb0604c208c000,3000,3400
FPREM_completed,53,RZ,random,19,X87_MULTISTEP,520a608fd94c71bc,1a0745443aa528a2,3da09d581f06e8e3b000,3da09d581f06e8e3b000,1a03ab03e0dd1c76,3400,3300,00007f80,18,451,5,5,5,4100afcb0604c208c000,3000,3400
FPREM_completed,53,RZ,random,19,SINGLE_INSTRUCTION_VALUE_MISMATCH,520a608fd94c71bc,1a0745443aa528a2,3da09d581f06e8e3b000,3da09d581f06e8e3b000,1a03ab03e0dd1c76,3400,3300,00007f80,18,451,5,5,5,4100afcb0604c208c000,3000,3400
FPREM_completed,53,RZ,random,19,SINGLE_INSTRUCTION_C2_PARTIAL,520a608fd94c71bc,1a0745443aa528a2,3da09d581f06e8e3b000,3da09d581f06e8e3b000,1a03ab03e0dd1c76,3400,3300,00007f80,18,451,5,5,5,4100afcb0604c208c000,3000,3400
FPREM_completed,53,RZ,random,20,X87_MULTISTEP,e11dd77714b3258b,2594be96d5414b93,be58a3ced03246e70000,be58a3ced03246e70000,a58479da0648dce0,3400,3000,00007f80,16,468,0,0,0,c1d689da8af23e7a8000,3000,3400
FPREM_completed,53,RZ,random,20,SINGLE_INSTRUCTION_VALUE_MISMATCH,e11dd77714b3258b,2594be96d5414b93,be58a3ced03246e70000,be58a3ced03246e70000,a58479da0648dce0,3400,3000,00007f80,16,468,0,0,0,c1d689da8af23e7a8000,3000,3400
FPREM_completed,53,RZ,random,20,SINGLE_INSTRUCTION_C2_PARTIAL,e11dd77714b3258b,2594be96d5414b93,be58a3ced03246e70000,be58a3ced03246e70000,a58479da0648dce0,3400,3000,00007f80,16,468,0,0,0,c1d689da8af23e7a8000,3000,3400
FPREM_completed,53,RZ,random,21,SINGLE_COMPLETE_FINITE_CASE,b452c0bf0200d818,6b0151688251e8ff,bf459605f81006c0c000,bf459605f81006c0c000,b452c0bf0200d818,3000,3000,00007f80,1,0,0,0,0,bf459605f81006c0c000,3000,3000
FPREM_completed,53,RZ,random,22,QUOTIENT_SIGNED_BITS_DIFFER,a04b39e9068ce4c8,1eb552ddc4042814,bdeba22526717ed96000,bdeba22526717ed96000,9eb444a4ce2fdb2c,3000,3200,00007f80,1,14,1,1,7,bdeba22526717ed96000,3000,3200
FPREM_completed,53,RZ,random,22,SINGLE_COMPLETE_FINITE_CASE,a04b39e9068ce4c8,1eb552ddc4042814,bdeba22526717ed96000,bdeba22526717ed96000,9eb444a4ce2fdb2c,3000,3200,00007f80,1,14,1,1,7,bdeba22526717ed96000,3000,3200
FPREM_completed,53,RZ,random,23,SINGLE_COMPLETE_FINITE_CASE,af4da42f6014ff40,b29387e0e24fc445,bef4ed217b00a7fa0000,bef4ed217b00a7fa0000,af4da42f6014ff40,3000,3000,00007f80,1,0,0,0,0,bef4ed217b00a7fa0000,3000,3000
FPREM_completed,53,RZ,random,24,X87_MULTISTEP,d4114ba021dfe810,3c9d3fbdef8f3ad4,bfc899b8aef443cc0000,bfc899b8aef443cc0000,bc833715de887980,3400,3000,00007f80,7,185,0,0,0,c105ea7fac552c3a0000,3000,3400
FPREM_completed,53,RZ,random,24,SINGLE_INSTRUCTION_VALUE_MISMATCH,d4114ba021dfe810,3c9d3fbdef8f3ad4,bfc899b8aef443cc0000,bfc899b8aef443cc0000,bc833715de887980,3400,3000,00007f80,7,185,0,0,0,c105ea7fac552c3a0000,3000,3400
FPREM_completed,53,RZ,random,24,SINGLE_INSTRUCTION_C2_PARTIAL,d4114ba021dfe810,3c9d3fbdef8f3ad4,bfc899b8aef443cc0000,bfc899b8aef443cc0000,bc833715de887980,3400,3000,00007f80,7,185,0,0,0,c105ea7fac552c3a0000,3000,3400
FPREM_completed,53,RZ,random,25,SINGLE_COMPLETE_FINITE_CASE,69ef6e510d168232,717a855f449728e5,429efb728868b4119000,429efb728868b4119000,69ef6e510d168232,3000,3000,00007f80,1,0,0,0,0,429efb728868b4119000,3000,3000
FPREM_completed,53,RZ,random,26,SINGLE_COMPLETE_FINITE_CASE,d6883f0417967388,e66311ff39fee26c,c168c1f820bcb39c4000,c168c1f820bcb39c4000,d6883f0417967388,3000,3000,00007f80,1,0,0,0,0,c168c1f820bcb39c4000,3000,3000
FPREM_completed,53,RZ,random,27,SINGLE_COMPLETE_FINITE_CASE,4fa14b561f8c01bf,f471624ef4a20fbf,40fa8a5ab0fc600df800,40fa8a5ab0fc600df800,4fa14b561f8c01bf,3000,3000,00007f80,1,0,0,0,0,40fa8a5ab0fc600df800,3000,3000
FPREM_completed,53,RZ,random,28,SINGLE_COMPLETE_FINITE_CASE,9d1803c5770d693a,239d03d2d46d3116,bdd1c01e2bb86b49d000,bdd1c01e2bb86b49d000,9d1803c5770d693a,3000,3000,00007f80,1,0,0,0,0,bdd1c01e2bb86b49d000,3000,3000
FPREM_completed,53,RZ,random,29,X87_MULTISTEP,7f2c60a814b272c4,e633a951c7718da0,4262993de6ed86800000,4262993de6ed86800000,662327bcddb0d000,3400,3000,00007f80,7,214,0,0,0,43c0ea05ff1215200000,3000,3400
FPREM_completed,53,RZ,random,29,SINGLE_INSTRUCTION_VALUE_MISMATCH,7f2c60a814b272c4,e633a951c7718da0,4262993de6ed86800000,4262993de6ed86800000,662327bcddb0d000,3400,3000,00007f80,7,214,0,0,0,43c0ea05ff1215200000,3000,3400
FPREM_completed,53,RZ,random,29,SINGLE_INSTRUCTION_C2_PARTIAL,7f2c60a814b272c4,e633a951c7718da0,4262993de6ed86800000,4262993de6ed86800000,662327bcddb0d000,3400,3000,00007f80,7,214,0,0,0,43c0ea05ff1215200000,3000,3400
FPREM_completed,53,RZ,random,30,SINGLE_COMPLETE_FINITE_CASE,9148b248811c9805,42fcc655290ba003,bd14c5924408e4c02800,bd14c5924408e4c02800,9148b248811c9805,3000,3000,00007f80,1,0,0,0,0,bd14c5924408e4c02800,3000,3000
FPREM_completed,53,RZ,random,31,SINGLE_COMPLETE_FINITE_CASE,91825b4d252f035d,ac6a40183abe4a22,bd1892da6929781ae800,bd1892da6929781ae800,91825b4d252f035d,3000,3000,00007f80,1,0,0,0,0,bd1892da6929781ae800,3000,3000
FPREM_completed,53,RZ,random,32,SINGLE_COMPLETE_FINITE_CASE,97787847f9bd2af4,fa15567f6a6f1ee1,bd77c3c23fcde957a000,bd77c3c23fcde957a000,97787847f9bd2af4,3000,3000,00007f80,1,0,0,0,0,bd77c3c23fcde957a000,3000,3000
FPREM_completed,53,RZ,random,33,X87_MULTISTEP,df47de5513ea6822,1bdd3f3c49777f1a,bdbc9dd84fac431e2000,bdbc9dd84fac431e2000,9bc3bb09f58863c4,3400,7200,00007f80,23,529,3,3,5,c1b89cf920695de20000,3000,3400
FPREM_completed,53,RZ,random,33,QUOTIENT_SIGNED_BITS_DIFFER,df47de5513ea6822,1bdd3f3c49777f1a,bdbc9dd84fac431e2000,bdbc9dd84fac431e2000,9bc3bb09f58863c4,3400,7200,00007f80,23,529,3,3,5,c1b89cf920695de20000,3000,3400
FPREM_completed,53,RZ,random,33,MORE_THAN_512_SUBTRACTIONS,df47de5513ea6822,1bdd3f3c49777f1a,bdbc9dd84fac431e2000,bdbc9dd84fac431e2000,9bc3bb09f58863c4,3400,7200,00007f80,23,529,3,3,5,c1b89cf920695de20000,3000,3400
FPREM_completed,53,RZ,random,33,SINGLE_INSTRUCTION_VALUE_MISMATCH,df47de5513ea6822,1bdd3f3c49777f1a,bdbc9dd84fac431e2000,bdbc9dd84fac431e2000,9bc3bb09f58863c4,3400,7200,00007f80,23,529,3,3,5,c1b89cf920695de20000,3000,3400
FPREM_completed,53,RZ,random,33,SINGLE_INSTRUCTION_C2_PARTIAL,df47de5513ea6822,1bdd3f3c49777f1a,bdbc9dd84fac431e2000,bdbc9dd84fac431e2000,9bc3bb09f58863c4,3400,7200,00007f80,23,529,3,3,5,c1b89cf920695de20000,3000,3400
FPREM_completed,53,RZ,random,34,X87_MULTISTEP,5ada68c2e5cabb64,978f4e73e3766ff9,3d788fe5fe85dc72f000,3d788fe5fe85dc72f000,1781fcbfd0bb8e5e,3400,7000,00007f80,22,557,2,2,6,41789a93cdfc23e8f800,3000,3400
FPREM_completed,53,RZ,random,34,QUOTIENT_SIGNED_BITS_DIFFER,5ada68c2e5cabb64,978f4e73e3766ff9,3d788fe5fe85dc72f000,3d788fe5fe85dc72f000,1781fcbfd0bb8e5e,3400,7000,00007f80,22,557,2,2,6,41789a93cdfc23e8f800,3000,3400
FPREM_completed,53,RZ,random,34,MORE_THAN_512_SUBTRACTIONS,5ada68c2e5cabb64,978f4e73e3766ff9,3d788fe5fe85dc72f000,3d788fe5fe85dc72f000,1781fcbfd0bb8e5e,3400,7000,00007f80,22,557,2,2,6,41789a93cdfc23e8f800,3000,3400
FPREM_completed,53,RZ,random,34,SINGLE_INSTRUCTION_VALUE_MISMATCH,5ada68c2e5cabb64,978f4e73e3766ff9,3d788fe5fe85dc72f000,3d788fe5fe85dc72f000,1781fcbfd0bb8e5e,3400,7000,00007f80,22,557,2,2,6,41789a93cdfc23e8f800,3000,3400
FPREM_completed,53,RZ,random,34,SINGLE_INSTRUCTION_C2_PARTIAL,5ada68c2e5cabb64,978f4e73e3766ff9,3d788fe5fe85dc72f000,3d788fe5fe85dc72f000,1781fcbfd0bb8e5e,3400,7000,00007f80,22,557,2,2,6,41789a93cdfc23e8f800,3000,3400
FPREM_completed,53,RZ,random,35,X87_MULTISTEP,a76c958fcc12d08c,989a991372a47146,bd898c77de0d75dc2000,bd898c77de0d75dc2000,98918efbc1aebb84,3400,7000,00007f80,5,121,2,2,2,be49c7bd9c283ee2f000,3000,3400
FPREM_completed,53,RZ,random,35,SINGLE_INSTRUCTION_VALUE_MISMATCH,a76c958fcc12d08c,989a991372a47146,bd898c77de0d75dc2000,bd898c77de0d75dc2000,98918efbc1aebb84,3400,7000,00007f80,5,121,2,2,2,be49c7bd9c283ee2f000,3000,3400
FPREM_completed,53,RZ,random,35,SINGLE_INSTRUCTION_C2_PARTIAL,a76c958fcc12d08c,989a991372a47146,bd898c77de0d75dc2000,bd898c77de0d75dc2000,98918efbc1aebb84,3400,7000,00007f80,5,121,2,2,2,be49c7bd9c283ee2f000,3000,3400
FPREM_completed,53,RZ,random,36,X87_MULTISTEP,73538c0c3447ef9c,69bbc16644e39d84,429696ae4e14f3000000,429696ae4e14f3000000,6962d5c9c29e6000,3400,3000,00007f80,3,83,0,0,0,42fb8ba018ce380f4000,3000,3400
FPREM_completed,53,RZ,random,36,SINGLE_INSTRUCTION_VALUE_MISMATCH,73538c0c3447ef9c,69bbc16644e39d84,429696ae4e14f3000000,429696ae4e14f3000000,6962d5c9c29e6000,3400,3000,00007f80,3,83,0,0,0,42fb8ba018ce380f4000,3000,3400
FPREM_completed,53,RZ,random,36,SINGLE_INSTRUCTION_C2_PARTIAL,73538c0c3447ef9c,69bbc16644e39d84,429696ae4e14f3000000,429696ae4e14f3000000,6962d5c9c29e6000,3400,3000,00007f80,3,83,0,0,0,42fb8ba018ce380f4000,3000,3400
FPREM_completed,53,RZ,random,37,SINGLE_COMPLETE_FINITE_CASE,2fa7c32afc6000ba,6f78d4e5ac78ca42,3efabe1957e30005d000,3efabe1957e30005d000,2fa7c32afc6000ba,3000,3000,00007f80,1,0,0,0,0,3efabe1957e30005d000,3000,3000
FPREM_completed,53,RZ,random,38,X87_MULTISTEP,3d43afc97578251a,a04640200977c35b,3e02e186dfd02dd44000,3e02e186dfd02dd44000,202c30dbfa05ba88,3400,7000,00007f80,8,209,2,2,6,3fa1b62ad18302834000,3000,3400
FPREM_completed,53,RZ,random,38,QUOTIENT_SIGNED_BITS_DIFFER,3d43afc97578251a,a04640200977c35b,3e02e186dfd02dd44000,3e02e186dfd02dd44000,202c30dbfa05ba88,3400,7000,00007f80,8,209,2,2,6,3fa1b62ad18302834000,3000,3400
FPREM_completed,53,RZ,random,38,SINGLE_INSTRUCTION_VALUE_MISMATCH,3d43afc97578251a,a04640200977c35b,3e02e186dfd02dd44000,3e02e186dfd02dd44000,202c30dbfa05ba88,3400,7000,00007f80,8,209,2,2,6,3fa1b62ad18302834000,3000,3400
FPREM_completed,53,RZ,random,38,SINGLE_INSTRUCTION_C2_PARTIAL,3d43afc97578251a,a04640200977c35b,3e02e186dfd02dd44000,3e02e186dfd02dd44000,202c30dbfa05ba88,3400,7000,00007f80,8,209,2,2,6,3fa1b62ad18302834000,3000,3400
FPREM_completed,53,RZ,random,39,X87_MULTISTEP,de5e7ac0be62872d,966524ac718d39c5,bd64f4a6c0bb5953c000,bd64f4a6c0bb5953c000,964e94d8176b2a78,3400,7000,00007f80,21,530,2,2,2,c1a5cb9ac6b91d17c000,3000,3400
FPREM_completed,53,RZ,random,39,MORE_THAN_512_SUBTRACTIONS,de5e7ac0be62872d,966524ac718d39c5,bd64f4a6c0bb5953c000,bd64f4a6c0bb5953c000,964e94d8176b2a78,3400,7000,00007f80,21,530,2,2,2,c1a5cb9ac6b91d17c000,3000,3400
FPREM_completed,53,RZ,random,39,SINGLE_INSTRUCTION_VALUE_MISMATCH,de5e7ac0be62872d,966524ac718d39c5,bd64f4a6c0bb5953c000,bd64f4a6c0bb5953c000,964e94d8176b2a78,3400,7000,00007f80,21,530,2,2,2,c1a5cb9ac6b91d17c000,3000,3400
FPREM_completed,53,RZ,random,39,SINGLE_INSTRUCTION_C2_PARTIAL,de5e7ac0be62872d,966524ac718d39c5,bd64f4a6c0bb5953c000,bd64f4a6c0bb5953c000,964e94d8176b2a78,3400,7000,00007f80,21,530,2,2,2,c1a5cb9ac6b91d17c000,3000,3400
FPREM_completed,53,RZ,random,40,QUOTIENT_SIGNED_BITS_DIFFER,eda549eb3ce9804c,38af62f6b3141d76,bf889a7d3835a621c000,bf889a7d3835a621c000,b8834fa706b4c438,3400,7200,00007f80,18,433,3,3,5,c2aac0b071cba34d2000,3000,3400
FPREM_completed,53,RZ,random,42,QUOTIENT_SIGNED_BITS_DIFFER,7347a7d32d010189,bbdc7d30e2d90d34,3fb98d23799480640000,3fb98d23799480640000,3b91a46f32900c80,3400,7100,00007f80,15,450,6,6,2,42fc9fbd6059542a0000,3000,3400
FPREM_completed,53,RZ,random,49,QUOTIENT_SIGNED_BITS_DIFFER,5c2a8192de56c7a7,af1cce228ec78966,3eeee9d87ca2a2dd0000,3eeee9d87ca2a2dd0000,2eed3b0f94545ba0,3400,7000,00007f80,14,342,2,2,6,418fe6e4d24d849b4000,3000,3400
FPREM_completed,53,RZ,random,53,MORE_THAN_512_SUBTRACTIONS,69920c42a30349f2,121d884a542f682a,3d1ec47d5167226b0000,3d1ec47d5167226b0000,11e88faa2ce44d60,3400,7000,00007f80,30,720,2,2,2,425e8220e02d6a9d0000,3000,3400
FPREM_completed,53,RZ,random,56,QUOTIENT_SIGNED_BITS_DIFFER,c4b90a3ed64c2a40,1fe81d7e2ed3fc27,bdfd925b30d6d3c4b000,bdfd925b30d6d3c4b000,9fd24b661ada7896,3400,7200,00007f80,11,284,3,3,5,c018c4c76f8e86c20000,3000,3400
FPREM_completed,53,RZ,random,57,QUOTIENT_SIGNED_BITS_DIFFER,ed507db431407d57,0647f267a6605818,bc64b3416ec2299ec000,bc64b3416ec2299ec000,8646682dd84533d8,3400,7300,00007f80,31,853,7,7,1,c2a3e4016d1fd4eb8000,3000,3400
FPREM_completed,53,RZ,random,57,MORE_THAN_512_SUBTRACTIONS,ed507db431407d57,0647f267a6605818,bc64b3416ec2299ec000,bc64b3416ec2299ec000,8646682dd84533d8,3400,7300,00007f80,31,853,7,7,1,c2a3e4016d1fd4eb8000,3000,3400
FPREM_completed,53,RZ,random,58,QUOTIENT_SIGNED_BITS_DIFFER,0b4cedfe07d58842,881120faae2ba810,3c80ee80e917980e0000,3c80ee80e917980e0000,080dd01d22f301c0,7000,7000,00007f80,1,24,2,2,6,3c80ee80e917980e0000,3000,7000
FPREM_completed,53,RZ,random,64,QUOTIENT_SIGNED_BITS_DIFFER,3d6d5518fff5b85a,b2c080d4eacc0f02,3f2bb90880c40596a000,3f2bb90880c40596a000,32b721101880b2d4,3400,7200,00007f80,3,89,3,3,5,3fabfeb20f601b2a0000,3000,3400
FPREM_completed,53,RZ,random,65,QUOTIENT_SIGNED_BITS_DIFFER,ea898a5b92cc34b3,61c55622da782f80,c21be355b08463f80000,c21be355b08463f80000,e1bc6ab6108c7f00,3400,7300,00007f80,3,65,7,7,1,c27caa4203562bf00000,3000,3400
FPREM_completed,53,RZ,random,74,QUOTIENT_SIGNED_BITS_DIFFER,755e02aa7062ebf6,d55a977a4df97796,4153946a6c7d5f19c000,4153946a6c7d5f19c000,55328d4d8fabe338,3400,7200,00007f80,10,267,3,3,5,4334c0cf178ad3b60000,3000,3400
FPREM_completed,53,RZ,random,79,QUOTIENT_SIGNED_BITS_DIFFER,a4c9fe04e3afd8c6,047d0b5baa9fe2fa,bc46f88054550d2ea000,bc46f88054550d2ea000,846f100a8aa1a5d4,3400,7300,00007f80,11,246,7,7,1,be27b23210f0096ab000,3000,3400
FPREM_completed,53,RZ,random,81,QUOTIENT_SIGNED_BITS_DIFFER,e68d3c006f201df4,1ee887edcd9168d5,bded8ea30b8a5ec5b000,bded8ea30b8a5ec5b000,9ed1d461714bd8b6,3400,3200,00007f80,19,580,1,1,7,c22bf7786d2b29f64000,3000,3400
FPREM_completed,53,RZ,random,81,MORE_THAN_512_SUBTRACTIONS,e68d3c006f201df4,1ee887edcd9168d5,bded8ea30b8a5ec5b000,bded8ea30b8a5ec5b000,9ed1d461714bd8b6,3400,3200,00007f80,19,580,1,1,7,c22bf7786d2b29f64000,3000,3400
FPREM_completed,53,RZ,random,84,MORE_THAN_512_SUBTRACTIONS,f993df8021999846,15a30e386b02b404,bd59a37b190d27ff8000,bd59a37b190d27ff8000,95946f6321a4fff0,3400,7000,00007f80,27,791,2,2,6,c356e7264a4b254a0000,3000,3400
FPREM_completed,53,RZ,random,86,MORE_THAN_512_SUBTRACTIONS,d5cf4344b88928f2,09de7fb0fe8aac8b,bc9cef6403e237cc2000,bc9cef6403e237cc2000,89cdec807c46f984,3400,7000,00007f80,27,644,2,2,6,c11ccb5db15201948000,3000,3400
FPREM_completed,53,RZ,random,87,MORE_THAN_512_SUBTRACTIONS,7b5310c9fc212395,8eda03c9c430ce5f,3ceda67a4035f71e0800,3ceda67a4035f71e0800,0ed4cf4806bee3c1,3400,3200,00007f80,35,862,1,1,7,438dad1847dc972e5000,3000,3400
FPREM_completed,53,RZ,random,92,MORE_THAN_512_SUBTRACTIONS,e3a846a2bfbc4178,80f257439666d7d5,bc0efe69ccfe2b88b000,bc0efe69ccfe2b88b000,80efcd399fc57116,3400,3200,00007f80,27,808,1,1,1,c20ed8bfa47883faa000,3000,3400
FPREM_completed,53,RZ,random,104,MORE_THAN_512_SUBTRACTIONS,56b9818e16a7fd62,89436d87e2292558,3c9389e4299005490000,3c9389e4299005490000,09313c853200a920,3400,7000,00007f80,21,612,2,2,6,4132e621769844f50000,3000,3400
FPREM_completed,53,RZ,random,105,MORE_THAN_512_SUBTRACTIONS,f98f1f2039d4b32c,334ccb14838191dc,bf33b727e9205ee78000,bf33b727e9205ee78000,b336e4fd240bdcf0,3400,7100,00007f80,21,541,6,6,2,c373aa7b214060490000,3000,3400
FPREM_completed,53,RZ,random,113,MORE_THAN_512_SUBTRACTIONS,f30db0b39235c396,ad720371ec7fe712,bed6e52447770bc42000,bed6e52447770bc42000,ad6ca488eee17884,3400,7300,00007f80,20,543,7,7,7,c2f780a1106b971c5000,3000,3400
FPREM_completed,53,RZ,random,121,MORE_THAN_512_SUBTRACTIONS,7c0ada0c874938dc,97f0e3e5fa42fb78,3d7d92daf8abd3320000,3d7d92daf8abd3320000,17d25b5f157a6640,3400,7000,00007f80,27,815,2,2,6,439dcaa9d3e967880000,3000,3400
FPREM_completed,53,RZ,random,135,MORE_THAN_512_SUBTRACTIONS,7acec2800ccf3118,3498831721aad9e8,3f489bf2fc73696c0000,3f489bf2fc73696c0000,34837e5f8e6d2d80,3400,3000,00007f80,24,556,0,0,0,4389952eef1c607c4000,3000,3400
FPREM_completed,53,RZ,random,142,MORE_THAN_512_SUBTRACTIONS,7264155fa13b8f59,9c647ced0ca8226b,3dc2bb2947c812938000,3dc2bb2947c812938000,1c276528f9025270,3400,7200,00007f80,23,682,3,3,5,4304bacaa0d979ba8000,3000,3400
FPREM_completed,53,RZ,random,144,MORE_THAN_512_SUBTRACTIONS,ed2dc6396c42b6f8,02c3611c2eadf718,bc2c8b01a3a2125f4000,bc2c8b01a3a2125f4000,82c1603474424be8,3400,3200,00007f80,30,845,1,1,7,c2ac86ddaf9c03cf8000,3000,3400
FPREM_completed,53,RZ,random,156,MORE_THAN_512_SUBTRACTIONS,c55b68e984a6b54d,8255bc36c1074b77,bc24f0d9566cbcd5c000,bc24f0d9566cbcd5c000,824e1b2acd979ab8,3400,3100,00007f80,21,532,4,4,4,c02598ec8c879ad20000,3000,3400
FPREM_completed,53,RZ,random,171,MORE_THAN_512_SUBTRACTIONS,72a584688a7d4f85,b06b0aa08ec0c009,3f058c563cf186254000,3f058c563cf186254000,30518ac79e30c4a8,3400,3100,00007f80,24,550,4,4,4,430287f05a3c364b0000,3000,3400
FPREM_completed,53,RZ,random,177,MORE_THAN_512_SUBTRACTIONS,d50cccc31539402e,895a0c6a0dc516b8,bc93c6afd484dbae0000,bc93c6afd484dbae0000,8938d5fa909b75c0,3400,7100,00007f80,26,625,6,6,6,c114a8d95df86a620000,3000,3400
FPREM_completed,53,RZ,random,1233,EXCEPTION_FLAGS_MISMATCH,800775f8a1f1e801,335231bcb44634b1,bbffeebf143e3d002000,bbffeebf143e3d002000,800775f8a1f1e801,3002,3002,00007f80,1,0,0,0,0,bbffeebf143e3d002000,3002,3002
FPREM_completed,53,RZ,random,2646,INVALID_OR_NONFINITE_INPUT,fffc16448446619e,97c865bf05fa1bc2,ffffe0b22422330cf000,ffffe0b22422330cf000,fffc16448446619e,3000,3000,00007f80,1,0,0,0,0,ffffe0b22422330cf000,3000,3000
FPREM_completed,53,RZ,random,2646,NAN_RESULT,fffc16448446619e,97c865bf05fa1bc2,ffffe0b22422330cf000,ffffe0b22422330cf000,fffc16448446619e,3000,3000,00007f80,1,0,0,0,0,ffffe0b22422330cf000,3000,3000
FPREM_completed,53,RZ,random,2800,INVALID_OR_NONFINITE_INPUT,7ffec4b85b15dcc9,73ae6374d2acbe2d,7ffff625c2d8aee64800,7ffff625c2d8aee64800,7ffec4b85b15dcc9,3000,3000,00007f80,1,0,0,0,0,7ffff625c2d8aee64800,3000,3000
FPREM_completed,53,RZ,random,2800,NAN_RESULT,7ffec4b85b15dcc9,73ae6374d2acbe2d,7ffff625c2d8aee64800,7ffff625c2d8aee64800,7ffec4b85b15dcc9,3000,3000,00007f80,1,0,0,0,0,7ffff625c2d8aee64800,3000,3000
FPREM_completed,53,RZ,random,2804,INVALID_OR_NONFINITE_INPUT,215f1284a38934b3,ffff2b4bee625364,fffff95a5f73129b2000,fffff95a5f73129b2000,ffff2b4bee625364,3000,3000,00007f80,1,0,0,0,0,fffff95a5f73129b2000,3000,3000
FPREM_completed,53,RZ,random,2804,NAN_RESULT,215f1284a38934b3,ffff2b4bee625364,fffff95a5f73129b2000,fffff95a5f73129b2000,ffff2b4bee625364,3000,3000,00007f80,1,0,0,0,0,fffff95a5f73129b2000,3000,3000
FPREM_completed,53,RZ,random,3319,INVALID_OR_NONFINITE_INPUT,8856eee77a72ede6,fff3ef7fd61e7ede,ffffdf7bfeb0f3f6f000,ffffdf7bfeb0f3f6f000,fffbef7fd61e7ede,3001,3001,00007f81,1,0,0,0,0,ffffdf7bfeb0f3f6f000,3001,3001
FPREM_completed,53,RZ,random,3319,NAN_RESULT,8856eee77a72ede6,fff3ef7fd61e7ede,ffffdf7bfeb0f3f6f000,ffffdf7bfeb0f3f6f000,fffbef7fd61e7ede,3001,3001,00007f81,1,0,0,0,0,ffffdf7bfeb0f3f6f000,3001,3001
FPREM_completed,53,RZ,random,4196,EXCEPTION_FLAGS_MISMATCH,00045d7cbad4eff6,19e3a5eafc13fccf,3bff8baf975a9dfec000,3bff8baf975a9dfec000,00045d7cbad4eff6,3002,3002,00007f80,1,0,0,0,0,3bff8baf975a9dfec000,3002,3002
FPREM_completed,53,RZ,random,5293,EXCEPTION_FLAGS_MISMATCH,000042978fcf403b,f113c2471660d47e,3bfb852f1f9e80760000,3bfb852f1f9e80760000,000042978fcf403b,3002,3002,00007f80,1,0,0,0,0,3bfb852f1f9e80760000,3002,3002
FPREM_completed,53,RZ,random,5800,EXCEPTION_FLAGS_MISMATCH,000f2db77710b090,70ffa1f579d5ad51,3c00f2db77710b090000,3c00f2db77710b090000,000f2db77710b090,3002,3002,00007f80,1,0,0,0,0,3c00f2db77710b090000,3002,3002
FPREM_completed,53,RZ,random,7285,EXCEPTION_FLAGS_MISMATCH,91d7fc48769559e3,800e7bbfc32cef6d,bc00c6b930c4a51f2000,bc00c6b930c4a51f2000,800c6b930c4a51f2,3402,7102,00007f80,5,155,6,6,6,bce0a1f5923ff4eed000,3002,3402
FPREM_completed,53,RZ,random,7438,INVALID_OR_NONFINITE_INPUT,7ffcaf4d654f0d5d,233fc0de0338e527,7fffe57a6b2a786ae800,7fffe57a6b2a786ae800,7ffcaf4d654f0d5d,3000,3000,00007f80,1,0,0,0,0,7fffe57a6b2a786ae800,3000,3000
FPREM_completed,53,RZ,random,7438,NAN_RESULT,7ffcaf4d654f0d5d,233fc0de0338e527,7fffe57a6b2a786ae800,7fffe57a6b2a786ae800,7ffcaf4d654f0d5d,3000,3000,00007f80,1,0,0,0,0,7fffe57a6b2a786ae800,3000,3000
FPREM_completed,53,RZ,random,7596,INVALID_OR_NONFINITE_INPUT,fffbf8822c40c37e,b07d2bef072da5b4,ffffdfc41162061bf000,ffffdfc41162061bf000,fffbf8822c40c37e,3000,3000,00007f80,1,0,0,0,0,ffffdfc41162061bf000,3000,3000
FPREM_completed,53,RZ,random,7596,NAN_RESULT,fffbf8822c40c37e,b07d2bef072da5b4,ffffdfc41162061bf000,ffffdfc41162061bf000,fffbf8822c40c37e,3000,3000,00007f80,1,0,0,0,0,ffffdfc41162061bf000,3000,3000
FPREM_completed,53,RZ,random,7612,EXCEPTION_FLAGS_MISMATCH,00096c497eed1ace,be99f8ce19a39a1b,3c0096c497eed1ace000,3c0096c497eed1ace000,00096c497eed1ace,3002,3002,00007f80,1,0,0,0,0,3c0096c497eed1ace000,3002,3002
FPREM_completed,53,RZ,random,7722,INVALID_OR_NONFINITE_INPUT,fff7691bbe190e08,7bcab5fa750c61cf,fffffb48ddf0c8704000,fffffb48ddf0c8704000,ffff691bbe190e08,3001,3001,00007f81,1,0,0,0,0,fffffb48ddf0c8704000,3001,3001
FPREM_completed,53,RZ,random,7722,NAN_RESULT,fff7691bbe190e08,7bcab5fa750c61cf,fffffb48ddf0c8704000,fffffb48ddf0c8704000,ffff691bbe190e08,3001,3001,00007f81,1,0,0,0,0,fffffb48ddf0c8704000,3001,3001
FPREM_completed,53,RZ,random,9199,EXCEPTION_FLAGS_MISMATCH,800a9a6921f9b5f3,2d747d032040de41,bc00a9a6921f9b5f3000,bc00a9a6921f9b5f3000,800a9a6921f9b5f3,3002,3002,00007f80,1,0,0,0,0,bc00a9a6921f9b5f3000,3002,3002
FPREM_completed,53,RZ,random,10913,INVALID_OR_NONFINITE_INPUT,7fff2484a0f13a1d,6a6fdeea239a6e71,7ffff924250789d0e800,7ffff924250789d0e800,7fff2484a0f13a1d,3000,3000,00007f80,1,0,0,0,0,7ffff924250789d0e800,3000,3000
FPREM_completed,53,RZ,random,10913,NAN_RESULT,7fff2484a0f13a1d,6a6fdeea239a6e71,7ffff924250789d0e800,7ffff924250789d0e800,7fff2484a0f13a1d,3000,3000,00007f80,1,0,0,0,0,7ffff924250789d0e800,3000,3000
FPREM_completed,53,RZ,random,12128,EXCEPTION_FLAGS_MISMATCH,d8e39eeac74a6b81,000b070f8e9013cd,bbffe8da68fe7df5c000,bbffe8da68fe7df5c000,800746d347f3efae,3402,7002,00007f80,25,725,2,2,6,c15e9c4972fc21654000,3002,3402
FPREM_completed,53,RZ,random,13177,INVALID_OR_NONFINITE_INPUT,fff87e6b054cc1e1,8d42223d01aabd08,ffffc3f3582a660f0800,ffffc3f3582a660f0800,fff87e6b054cc1e1,3000,3000,00007f80,1,0,0,0,0,ffffc3f3582a660f0800,3000,3000
FPREM_completed,53,RZ,random,13177,NAN_RESULT,fff87e6b054cc1e1,8d42223d01aabd08,ffffc3f3582a660f0800,ffffc3f3582a660f0800,fff87e6b054cc1e1,3000,3000,00007f80,1,0,0,0,0,ffffc3f3582a660f0800,3000,3000
FPREM_completed,53,RZ,random,13880,INVALID_OR_NONFINITE_INPUT,ffffe5642b6ad5f8,efcf3776f9f393f5,ffffff2b215b56afc000,ffffff2b215b56afc000,ffffe5642b6ad5f8,3000,3000,00007f80,1,0,0,0,0,ffffff2b215b56afc000,3000,3000
FPREM_completed,53,RZ,random,13880,NAN_RESULT,ffffe5642b6ad5f8,efcf3776f9f393f5,ffffff2b215b56afc000,ffffff2b215b56afc000,ffffe5642b6ad5f8,3000,3000,00007f80,1,0,0,0,0,ffffff2b215b56afc000,3000,3000
FPREM_completed,53,RZ,random,14177,INVALID_OR_NONFINITE_INPUT,1de067fae84e79b5,fffd194d792e3ad1,ffffe8ca6bc971d68800,ffffe8ca6bc971d68800,fffd194d792e3ad1,3000,3000,00007f80,1,0,0,0,0,ffffe8ca6bc971d68800,3000,3000
FPREM_completed,53,RZ,random,14177,NAN_RESULT,1de067fae84e79b5,fffd194d792e3ad1,ffffe8ca6bc971d68800,ffffe8ca6bc971d68800,fffd194d792e3ad1,3000,3000,00007f80,1,0,0,0,0,ffffe8ca6bc971d68800,3000,3000
FPREM_completed,53,RZ,random,15808,EXCEPTION_FLAGS_MISMATCH,00078afd5ab9f181,f2aa15676d841be6,3bfff15fab573e302000,3bfff15fab573e302000,00078afd5ab9f181,3002,3002,00007f80,1,0,0,0,0,3bfff15fab573e302000,3002,3002
FPREM_completed,53,RZ,random,16005,INVALID_OR_NONFINITE_INPUT,fff611d7cae68af6,86e423ac385d97f2,fffff08ebe573457b000,fffff08ebe573457b000,fffe11d7cae68af6,3001,3001,00007f81,1,0,0,0,0,fffff08ebe573457b000,3001,3001
FPREM_completed,53,RZ,random,16005,NAN_RESULT,fff611d7cae68af6,86e423ac385d97f2,fffff08ebe573457b000,fffff08ebe573457b000,fffe11d7cae68af6,3001,3001,00007f81,1,0,0,0,0,fffff08ebe573457b000,3001,3001
FPREM_completed,53,RZ,random,16109,INVALID_OR_NONFINITE_INPUT,fff760d464c22dfd,f722efe6567e5e26,fffffb06a326116fe800,fffffb06a326116fe800,ffff60d464c22dfd,3001,3001,00007f81,1,0,0,0,0,fffffb06a326116fe800,3001,3001
FPREM_completed,53,RZ,random,16109,NAN_RESULT,fff760d464c22dfd,f722efe6567e5e26,fffffb06a326116fe800,fffffb06a326116fe800,ffff60d464c22dfd,3001,3001,00007f81,1,0,0,0,0,fffffb06a326116fe800,3001,3001
FPREM_completed,53,RZ,random,17938,EXCEPTION_FLAGS_MISMATCH,000604a2ddf15aaf,4fac635a1fbf943d,3bffc0945bbe2b55e000,3bffc0945bbe2b55e000,000604a2ddf15aaf,3002,3002,00007f80,1,0,0,0,0,3bffc0945bbe2b55e000,3002,3002
FPREM_completed,53,RZ,random,18050,EXCEPTION_FLAGS_MISMATCH,80012b5411c1220b,2bc6fed9f7152b74,bbfd95aa08e091058000,bbfd95aa08e091058000,80012b5411c1220b,3002,3002,00007f80,1,0,0,0,0,bbfd95aa08e091058000,3002,3002
FPREM_completed,53,RZ,random,18144,INVALID_OR_NONFINITE_INPUT,1a697067a9d4131e,7ff4caf5a31236d0,7fffe657ad1891b68000,7fffe657ad1891b68000,7ffccaf5a31236d0,3001,3001,00007f81,1,0,0,0,0,7fffe657ad1891b68000,3001,3001
FPREM_completed,53,RZ,random,18144,NAN_RESULT,1a697067a9d4131e,7ff4caf5a31236d0,7fffe657ad1891b68000,7fffe657ad1891b68000,7ffccaf5a31236d0,3001,3001,00007f81,1,0,0,0,0,7fffe657ad1891b68000,3001,3001
FPREM_completed,53,RZ,random,18393,EXCEPTION_FLAGS_MISMATCH,800a078ea997ffbd,9024b261222329c4,bc00a078ea997ffbd000,bc00a078ea997ffbd000,800a078ea997ffbd,3002,3002,00007f80,1,0,0,0,0,bc00a078ea997ffbd000,3002,3002
FPREM_completed,53,RZ,random,18494,INVALID_OR_NONFINITE_INPUT,8b3795aeea5a51e9,fff42510e432a4b0,ffffe128872195258000,ffffe128872195258000,fffc2510e432a4b0,3001,3001,00007f81,1,0,0,0,0,ffffe128872195258000,3001,3001
FPREM_completed,53,RZ,random,18494,NAN_RESULT,8b3795aeea5a51e9,fff42510e432a4b0,ffffe128872195258000,ffffe128872195258000,fffc2510e432a4b0,3001,3001,00007f81,1,0,0,0,0,ffffe128872195258000,3001,3001
FPREM_completed,53,RZ,random,18855,EXCEPTION_FLAGS_MISMATCH,0009c2ad8c5ab954,e9b24df58db0b1de,3c009c2ad8c5ab954000,3c009c2ad8c5ab954000,0009c2ad8c5ab954,3002,3002,00007f80,1,0,0,0,0,3c009c2ad8c5ab954000,3002,3002
FPREM_completed,53,RZ,random,19982,INVALID_OR_NONFINITE_INPUT,7ff1ef37dbd61011,ed987e4fb1101e19,7fffcf79bedeb0808800,7fffcf79bedeb0808800,7ff9ef37dbd61011,3001,3001,00007f81,1,0,0,0,0,7fffcf79bedeb0808800,3001,3001
FPREM_completed,53,RZ,random,19982,NAN_RESULT,7ff1ef37dbd61011,ed987e4fb1101e19,7fffcf79bedeb0808800,7fffcf79bedeb0808800,7ff9ef37dbd61011,3001,3001,00007f81,1,0,0,0,0,7fffcf79bedeb0808800,3001,3001
FPREM_completed,53,RZ,random,19989,INVALID_OR_NONFINITE_INPUT,6a9d1ec93aecc6ab,fffce7ea399b451a,ffffe73f51ccda28d000,ffffe73f51ccda28d000,fffce7ea399b451a,3000,3000,00007f80,1,0,0,0,0,ffffe73f51ccda28d000,3000,3000
FPREM_completed,53,RZ,random,19989,NAN_RESULT,6a9d1ec93aecc6ab,fffce7ea399b451a,ffffe73f51ccda28d000,ffffe73f51ccda28d000,fffce7ea399b451a,3000,3000,00007f80,1,0,0,0,0,ffffe73f51ccda28d000,3000,3000
FPREM_completed,53,RZ,random,21129,INVALID_OR_NONFINITE_INPUT,1bd16e2aeeb69c1c,fffd80dcf474289d,ffffec06e7a3a144e800,ffffec06e7a3a144e800,fffd80dcf474289d,3000,3000,00007f80,1,0,0,0,0,ffffec06e7a3a144e800,3000,3000
FPREM_completed,53,RZ,random,21129,NAN_RESULT,1bd16e2aeeb69c1c,fffd80dcf474289d,ffffec06e7a3a144e800,ffffec06e7a3a144e800,fffd80dcf474289d,3000,3000,00007f80,1,0,0,0,0,ffffec06e7a3a144e800,3000,3000
FPREM_completed,53,RZ,random,21308,EXCEPTION_FLAGS_MISMATCH,80054af5ac397823,0921b43449e9917b,bbffa95eb5872f046000,bbffa95eb5872f046000,80054af5ac397823,3002,3002,00007f80,1,0,0,0,0,bbffa95eb5872f046000,3002,3002
FPREM_completed,53,RZ,random,21840,INVALID_OR_NONFINITE_INPUT,7ff452155f935d94,1c775d75320a205c,7fffe290aafc9aeca000,7fffe290aafc9aeca000,7ffc52155f935d94,3001,3001,00007f81,1,0,0,0,0,7fffe290aafc9aeca000,3001,3001
FPREM_completed,53,RZ,random,21840,NAN_RESULT,7ff452155f935d94,1c775d75320a205c,7fffe290aafc9aeca000,7fffe290aafc9aeca000,7ffc52155f935d94,3001,3001,00007f81,1,0,0,0,0,7fffe290aafc9aeca000,3001,3001
FPREM_completed,53,RZ,random,22001,INVALID_OR_NONFINITE_INPUT,f51f71d5f317fef7,fff038e0bc7f2023,ffffc1c705e3f9011800,ffffc1c705e3f9011800,fff838e0bc7f2023,3001,3001,00007f81,1,0,0,0,0,ffffc1c705e3f9011800,3001,3001
FPREM_completed,53,RZ,random,22001,NAN_RESULT,f51f71d5f317fef7,fff038e0bc7f2023,ffffc1c705e3f9011800,ffffc1c705e3f9011800,fff838e0bc7f2023,3001,3001,00007f81,1,0,0,0,0,ffffc1c705e3f9011800,3001,3001
FPREM_completed,53,RZ,random,24432,EXCEPTION_FLAGS_MISMATCH,0000524bff113f57,816da281ea85a7a5,3bfba497fe227eae0000,3bfba497fe227eae0000,0000524bff113f57,3002,3002,00007f80,1,0,0,0,0,3bfba497fe227eae0000,3002,3002
FPREM_completed,53,RZ,random,24987,EXCEPTION_FLAGS_MISMATCH,c18b370699eb4229,000f5f84366f4102,bc00a94dcf2b4195c000,bc00a94dcf2b4195c000,800a94dcf2b4195c,3402,7002,00007f80,23,527,2,2,6,bfe0b75ee678fa8bc000,3002,3402
FPREM_completed,53,RZ,random,25096,EXCEPTION_FLAGS_MISMATCH,80090e781b9805f4,29de74e64bc6bc23,bc0090e781b9805f4000,bc0090e781b9805f4000,80090e781b9805f4,3002,3002,00007f80,1,0,0,0,0,bc0090e781b9805f4000,3002,3002
FPREM_completed,53,RZ,random,28782,EXCEPTION_FLAGS_MISMATCH,7b0880470be2fa5b,800c70e46c2bd5e3,3bfffb5bd194a6b34000,3bfffb5bd194a6b34000,0007dade8ca5359a,3402,7002,00007f80,36,969,2,2,6,437f921fd8df6fb1c000,3002,3402
FPREM_completed,53,RZ,random,29586,EXCEPTION_FLAGS_MISMATCH,000dad250093a9db,2b750a83e2704927,3c00dad250093a9db000,3c00dad250093a9db000,000dad250093a9db,3002,3002,00007f80,1,0,0,0,0,3c00dad250093a9db000,3002,3002
FPREM_completed,53,RZ,random,31461,EXCEPTION_FLAGS_MISMATCH,0004db3d8e9a43b0,d79c4aafc37e3e3d,3bff9b67b1d348760000,3bff9b67b1d348760000,0004db3d8e9a43b0,3002,3002,00007f80,1,0,0,0,0,3bff9b67b1d348760000,3002,3002
FPREM_completed,53,RZ,edge,341,VALUE_MISMATCH,7ff8000000000011,fff0000000000222,ffffc000000000111000,7fffc000000000008800,7ff8000000000011,3001,3001,00007f81,1,0,0,0,0,ffffc000000000111000,3001,3001
FPREM_completed,24,RN,random,0,ALL,0000000059f41037,0000000047841268,400efda4300000000000,400efda4300000000000,00000000477da430,3000,3200,00001f80,1,17,1,1,1,400efda4300000000000,3000,3200
FPREM_completed,24,RN,random,0,SINGLE_COMPLETE_FINITE_CASE,0000000059f41037,0000000047841268,400efda4300000000000,400efda4300000000000,00000000477da430,3000,3200,00001f80,1,17,1,1,1,400efda4300000000000,3000,3200
FPREM_completed,24,RN,random,1,ALL,000000001b3431aa,0000000036427b70,3fb6b431aa0000000000,3fb6b431aa0000000000,000000001b3431aa,3000,3000,00001f80,1,0,0,0,0,3fb6b431aa0000000000,3000,3000
FPREM_completed,24,RN,random,1,SINGLE_COMPLETE_FINITE_CASE,000000001b3431aa,0000000036427b70,3fb6b431aa0000000000,3fb6b431aa0000000000,000000001b3431aa,3000,3000,00001f80,1,0,0,0,0,3fb6b431aa0000000000,3000,3000
FPREM_completed,24,RN,random,2,ALL,00000000247332e7,000000007d10e6c2,3fc8f332e70000000000,3fc8f332e70000000000,00000000247332e7,3000,3000,00001f80,1,0,0,0,0,3fc8f332e70000000000,3000,3000
FPREM_completed,24,RN,random,2,SINGLE_COMPLETE_FINITE_CASE,00000000247332e7,000000007d10e6c2,3fc8f332e70000000000,3fc8f332e70000000000,00000000247332e7,3000,3000,00001f80,1,0,0,0,0,3fc8f332e70000000000,3000,3000
FPREM_completed,24,RN,random,3,ALL,00000000c6b0e40b,000000006b4079e3,c00db0e40b0000000000,c00db0e40b0000000000,00000000c6b0e40b,3000,3000,00001f80,1,0,0,0,0,c00db0e40b0000000000,3000,3000
FPREM_completed,24,RN,random,3,SINGLE_COMPLETE_FINITE_CASE,00000000c6b0e40b,000000006b4079e3,c00db0e40b0000000000,c00db0e40b0000000000,00000000c6b0e40b,3000,3000,00001f80,1,0,0,0,0,c00db0e40b0000000000,3000,3000
FPREM_completed,24,RN,random,4,ALL,000000001d88b719,000000009ffd8324,3fbb88b7190000000000,3fbb88b7190000000000,000000001d88b719,3000,3000,00001f80,1,0,0,0,0,3fbb88b7190000000000,3000,3000
FPREM_completed,24,RN,random,4,SINGLE_COMPLETE_FINITE_CASE,000000001d88b719,000000009ffd8324,3fbb88b7190000000000,3fbb88b7190000000000,000000001d88b719,3000,3000,00001f80,1,0,0,0,0,3fbb88b7190000000000,3000,3000
FPREM_completed,24,RN,random,5,ALL,000000005503e50f,00000000e65a440b,402a83e50f0000000000,402a83e50f0000000000,000000005503e50f,3000,3000,00001f80,1,0,0,0,0,402a83e50f0000000000,3000,3000
FPREM_completed,24,RN,random,5,SINGLE_COMPLETE_FINITE_CASE,000000005503e50f,00000000e65a440b,402a83e50f0000000000,402a83e50f0000000000,000000005503e50f,3000,3000,00001f80,1,0,0,0,0,402a83e50f0000000000,3000,3000
FPREM_completed,24,RN,random,6,ALL,00000000e3a7b6be,00000000304c687b,bfddc03e580000000000,bfddc03e580000000000,00000000aec03e58,3400,7300,00001f80,2,45,7,7,1,c01bf95a800000000000,3000,3400
FPREM_completed,24,RN,random,6,X87_MULTISTEP,00000000e3a7b6be,00000000304c687b,bfddc03e580000000000,bfddc03e580000000000,00000000aec03e58,3400,7300,00001f80,2,45,7,7,1,c01bf95a800000000000,3000,3400
FPREM_completed,24,RN,random,6,QUOTIENT_SIGNED_BITS_DIFFER,00000000e3a7b6be,00000000304c687b,bfddc03e580000000000,bfddc03e580000000000,00000000aec03e58,3400,7300,00001f80,2,45,7,7,1,c01bf95a800000000000,3000,3400
FPREM_completed,24,RN,random,6,SINGLE_INSTRUCTION_VALUE_MISMATCH,00000000e3a7b6be,00000000304c687b,bfddc03e580000000000,bfddc03e580000000000,00000000aec03e58,3400,7300,00001f80,2,45,7,7,1,c01bf95a800000000000,3000,3400
FPREM_completed,24,RN,random,6,SINGLE_INSTRUCTION_C2_PARTIAL,00000000e3a7b6be,00000000304c687b,bfddc03e580000000000,bfddc03e580000000000,00000000aec03e58,3400,7300,00001f80,2,45,7,7,1,c01bf95a800000000000,3000,3400
FPREM_completed,24,RN,random,7,ALL,00000000041fd13f,000000007d97cc0b,3f889fd13f0000000000,3f889fd13f0000000000,00000000041fd13f,3000,3000,00001f80,1,0,0,0,0,3f889fd13f0000000000,3000,3000
FPREM_completed,24,RN,random,7,SINGLE_COMPLETE_FINITE_CASE,00000000041fd13f,000000007d97cc0b,3f889fd13f0000000000,3f889fd13f0000000000,00000000041fd13f,3000,3000,00001f80,1,0,0,0,0,3f889fd13f0000000000,3000,3000
FPREM_completed,24,RN,random,8,ALL,00000000a70b20ff,000000008da1932d,bf98a6a0500000000000,bf98a6a0500000000000,000000008c26a050,7100,7100,00001f80,1,28,6,6,6,bf98a6a0500000000000,3000,7100
FPREM_completed,24,RN,random,8,SINGLE_COMPLETE_FINITE_CASE,00000000a70b20ff,000000008da1932d,bf98a6a0500000000000,bf98a6a0500000000000,000000008c26a050,7100,7100,00001f80,1,28,6,6,6,bf98a6a0500000000000,3000,7100
FPREM_completed,24,RN,random,9,ALL,0000000007ecca11,00000000b1112f51,3f8fecca110000000000,3f8fecca110000000000,0000000007ecca11,3000,3000,00001f80,1,0,0,0,0,3f8fecca110000000000,3000,3000
FPREM_completed,24,RN,random,9,SINGLE_COMPLETE_FINITE_CASE,0000000007ecca11,00000000b1112f51,3f8fecca110000000000,3f8fecca110000000000,0000000007ecca11,3000,3000,00001f80,1,0,0,0,0,3f8fecca110000000000,3000,3000
FPREM_completed,24,RN,random,10,ALL,0000000091069bad,000000000e54a52d,bf9bda38700000000000,bf9bda38700000000000,000000008dda3870,3000,3000,00001f80,1,2,0,0,0,bf9bda38700000000000,3000,3000
FPREM_completed,24,RN,random,10,SINGLE_COMPLETE_FINITE_CASE,0000000091069bad,000000000e54a52d,bf9bda38700000000000,bf9bda38700000000000,000000008dda3870,3000,3000,00001f80,1,2,0,0,0,bf9bda38700000000000,3000,3000
FPREM_completed,24,RN,random,11,ALL,00000000b1a55a7f,000000000e25814e,bf99bdd7e00000000000,bf99bdd7e00000000000,000000008cbdd7e0,3400,7100,00001f80,2,45,6,6,2,bfbab64c500000000000,3000,3400
FPREM_completed,24,RN,random,11,X87_MULTISTEP,00000000b1a55a7f,000000000e25814e,bf99bdd7e00000000000,bf99bdd7e00000000000,000000008cbdd7e0,3400,7100,00001f80,2,45,6,6,2,bfbab64c500000000000,3000,3400
FPREM_completed,24,RN,random,11,QUOTIENT_SIGNED_BITS_DIFFER,00000000b1a55a7f,000000000e25814e,bf99bdd7e00000000000,bf99bdd7e00000000000,000000008cbdd7e0,3400,7100,00001f80,2,45,6,6,2,bfbab64c500000000000,3000,3400
FPREM_completed,24,RN,random,11,SINGLE_INSTRUCTION_VALUE_MISMATCH,00000000b1a55a7f,000000000e25814e,bf99bdd7e00000000000,bf99bdd7e00000000000,000000008cbdd7e0,3400,7100,00001f80,2,45,6,6,2,bfbab64c500000000000,3000,3400
FPREM_completed,24,RN,random,11,SINGLE_INSTRUCTION_C2_PARTIAL,00000000b1a55a7f,000000000e25814e,bf99bdd7e00000000000,bf99bdd7e00000000000,000000008cbdd7e0,3400,7100,00001f80,2,45,6,6,2,bfbab64c500000000000,3000,3400
FPREM_completed,24,RN,random,12,ALL,0000000049bee1a0,00000000fb70df6d,4013bee1a00000000000,4013bee1a00000000000,0000000049bee1a0,3000,3000,00001f80,1,0,0,0,0,4013bee1a00000000000,3000,3000
FPREM_completed,24,RN,random,12,SINGLE_COMPLETE_FINITE_CASE,0000000049bee1a0,00000000fb70df6d,4013bee1a00000000000,4013bee1a00000000000,0000000049bee1a0,3000,3000,00001f80,1,0,0,0,0,4013bee1a00000000000,3000,3000
FPREM_completed,24,RN,random,13,ALL,00000000237f2b9d,000000004f44c27e,3fc6ff2b9d0000000000,3fc6ff2b9d0000000000,00000000237f2b9d,3000,3000,00001f80,1,0,0,0,0,3fc6ff2b9d0000000000,3000,3000
FPREM_completed,24,RN,random,13,SINGLE_COMPLETE_FINITE_CASE,00000000237f2b9d,000000004f44c27e,3fc6ff2b9d0000000000,3fc6ff2b9d0000000000,00000000237f2b9d,3000,3000,00001f80,1,0,0,0,0,3fc6ff2b9d0000000000,3000,3000
FPREM_completed,24,RN,random,14,ALL,00000000d1805aff,00000000c49fca9b,c00889fa340000000000,c00889fa340000000000,00000000c409fa34,7000,7000,00001f80,1,11,2,2,2,c00889fa340000000000,3000,7000
FPREM_completed,24,RN,random,14,SINGLE_COMPLETE_FINITE_CASE,00000000d1805aff,00000000c49fca9b,c00889fa340000000000,c00889fa340000000000,00000000c409fa34,7000,7000,00001f80,1,11,2,2,2,c00889fa340000000000,3000,7000
FPREM_completed,24,RN,random,15,ALL,00000000190f62c4,00000000462405c7,3fb28f62c40000000000,3fb28f62c40000000000,00000000190f62c4,3000,3000,00001f80,1,0,0,0,0,3fb28f62c40000000000,3000,3000
FPREM_completed,24,RN,random,15,SINGLE_COMPLETE_FINITE_CASE,00000000190f62c4,00000000462405c7,3fb28f62c40000000000,3fb28f62c40000000000,00000000190f62c4,3000,3000,00001f80,1,0,0,0,0,3fb28f62c40000000000,3000,3000
FPREM_completed,24,RN,random,16,ALL,00000000d28a21d8,00000000a86d8353,bfd0a7fc470000000000,bfd0a7fc470000000000,00000000a827fc47,3400,7200,00001f80,2,48,3,3,3,bfefba7a8a0000000000,3000,3400
FPREM_completed,24,RN,random,16,X87_MULTISTEP,00000000d28a21d8,00000000a86d8353,bfd0a7fc470000000000,bfd0a7fc470000000000,00000000a827fc47,3400,7200,00001f80,2,48,3,3,3,bfefba7a8a0000000000,3000,3400
FPREM_completed,24,RN,random,16,SINGLE_INSTRUCTION_VALUE_MISMATCH,00000000d28a21d8,00000000a86d8353,bfd0a7fc470000000000,bfd0a7fc470000000000,00000000a827fc47,3400,7200,00001f80,2,48,3,3,3,bfefba7a8a0000000000,3000,3400
FPREM_completed,24,RN,random,16,SINGLE_INSTRUCTION_C2_PARTIAL,00000000d28a21d8,00000000a86d8353,bfd0a7fc470000000000,bfd0a7fc470000000000,00000000a827fc47,3400,7200,00001f80,2,48,3,3,3,bfefba7a8a0000000000,3000,3400
FPREM_completed,24,RN,random,17,ALL,000000001bae6945,00000000f189085d,3fb7ae69450000000000,3fb7ae69450000000000,000000001bae6945,3000,3000,00001f80,1,0,0,0,0,3fb7ae69450000000000,3000,3000
FPREM_completed,24,RN,random,17,SINGLE_COMPLETE_FINITE_CASE,000000001bae6945,00000000f189085d,3fb7ae69450000000000,3fb7ae69450000000000,000000001bae6945,3000,3000,00001f80,1,0,0,0,0,3fb7ae69450000000000,3000,3000
FPREM_completed,24,RN,random,18,ALL,0000000067a4546d,00000000f22bfcd7,404fa4546d0000000000,404fa4546d0000000000,0000000067a4546d,3000,3000,00001f80,1,0,0,0,0,404fa4546d0000000000,3000,3000
FPREM_completed,24,RN,random,18,SINGLE_COMPLETE_FINITE_CASE,0000000067a4546d,00000000f22bfcd7,404fa4546d0000000000,404fa4546d0000000000,0000000067a4546d,3000,3000,00001f80,1,0,0,0,0,404fa4546d0000000000,3000,3000
FPREM_completed,24,RN,random,19,ALL,00000000d94c71bc,000000003aa528a2,bff3c3ccb00000000000,bff3c3ccb00000000000,00000000b9c3ccb0,7000,7000,00001f80,1,38,2,2,6,bff3c3ccb00000000000,3000,7000
FPREM_completed,24,RN,random,19,QUOTIENT_SIGNED_BITS_DIFFER,00000000d94c71bc,000000003aa528a2,bff3c3ccb00000000000,bff3c3ccb00000000000,00000000b9c3ccb0,7000,7000,00001f80,1,38,2,2,6,bff3c3ccb00000000000,3000,7000
FPREM_completed,24,RN,random,19,SINGLE_COMPLETE_FINITE_CASE,00000000d94c71bc,000000003aa528a2,bff3c3ccb00000000000,bff3c3ccb00000000000,00000000b9c3ccb0,7000,7000,00001f80,1,38,2,2,6,bff3c3ccb00000000000,3000,7000
FPREM_completed,24,RN,random,20,SINGLE_COMPLETE_FINITE_CASE,0000000014b3258b,00000000d5414b93,3fa9b3258b0000000000,3fa9b3258b0000000000,0000000014b3258b,3000,3000,00001f80,1,0,0,0,0,3fa9b3258b0000000000,3000,3000
FPREM_completed,24,RN,random,21,SINGLE_COMPLETE_FINITE_CASE,000000000200d818,000000008251e8ff,3f8480d8180000000000,3f8480d8180000000000,000000000200d818,3000,3000,00001f80,1,0,0,0,0,3f8480d8180000000000,3000,3000
FPREM_completed,24,RN,random,22,SINGLE_COMPLETE_FINITE_CASE,00000000068ce4c8,00000000c4042814,3f8d8ce4c80000000000,3f8d8ce4c80000000000,00000000068ce4c8,3000,3000,00001f80,1,0,0,0,0,3f8d8ce4c80000000000,3000,3000
FPREM_completed,24,RN,random,28,X87_MULTISTEP,00000000770d693a,00000000d46d3116,40289f4dd60000000000,40289f4dd60000000000,00000000541f4dd6,3400,7300,00001f80,2,42,7,7,1,4048a62e040000000000,3000,3400
FPREM_completed,24,RN,random,28,QUOTIENT_SIGNED_BITS_DIFFER,00000000770d693a,00000000d46d3116,40289f4dd60000000000,40289f4dd60000000000,00000000541f4dd6,3400,7300,00001f80,2,42,7,7,1,4048a62e040000000000,3000,3400
FPREM_completed,24,RN,random,28,SINGLE_INSTRUCTION_VALUE_MISMATCH,00000000770d693a,00000000d46d3116,40289f4dd60000000000,40289f4dd60000000000,00000000541f4dd6,3400,7300,00001f80,2,42,7,7,1,4048a62e040000000000,3000,3400
FPREM_completed,24,RN,random,28,SINGLE_INSTRUCTION_C2_PARTIAL,00000000770d693a,00000000d46d3116,40289f4dd60000000000,40289f4dd60000000000,00000000541f4dd6,3400,7300,00001f80,2,42,7,7,1,4048a62e040000000000,3000,3400
FPREM_completed,24,RN,random,32,QUOTIENT_SIGNED_BITS_DIFFER,00000000f9bd2af4,000000006a6f1ee1,c054857bf10000000000,c054857bf10000000000,00000000ea057bf1,7100,7300,00001f80,1,16,7,7,1,c054857bf10000000000,3000,7300
FPREM_completed,24,RN,random,37,X87_MULTISTEP,00000000fc6000ba,00000000ac78ca42,bfd89f7b740000000000,bfd89f7b740000000000,00000000ac1f7b74,3400,7100,00001f80,4,86,6,6,6,c0588b44260000000000,3000,3400
FPREM_completed,24,RN,random,37,SINGLE_INSTRUCTION_VALUE_MISMATCH,00000000fc6000ba,00000000ac78ca42,bfd89f7b740000000000,bfd89f7b740000000000,00000000ac1f7b74,3400,7100,00001f80,4,86,6,6,6,c0588b44260000000000,3000,3400
FPREM_completed,24,RN,random,37,SINGLE_INSTRUCTION_C2_PARTIAL,00000000fc6000ba,00000000ac78ca42,bfd89f7b740000000000,bfd89f7b740000000000,00000000ac1f7b74,3400,7100,00001f80,4,86,6,6,6,c0588b44260000000000,3000,3400
FPREM_completed,24,RN,random,38,X87_MULTISTEP,000000007578251a,000000000977c35b,3f8dc91b000000000000,3f8dc91b000000000000,0000000006c91b00,3400,3000,00001f80,4,108,0,0,0,4032d8a8470000000000,3000,3400
FPREM_completed,24,RN,random,38,SINGLE_INSTRUCTION_VALUE_MISMATCH,000000007578251a,000000000977c35b,3f8dc91b000000000000,3f8dc91b000000000000,0000000006c91b00,3400,3000,00001f80,4,108,0,0,0,4032d8a8470000000000,3000,3400
FPREM_completed,24,RN,random,38,SINGLE_INSTRUCTION_C2_PARTIAL,000000007578251a,000000000977c35b,3f8dc91b000000000000,3f8dc91b000000000000,0000000006c91b00,3400,3000,00001f80,4,108,0,0,0,4032d8a8470000000000,3000,3400
FPREM_completed,24,RN,random,41,X87_MULTISTEP,0000000078a5afe8,00000000512f554a,4021c42a4c0000000000,4021c42a4c0000000000,0000000050c42a4c,3400,3200,00001f80,2,45,1,1,1,404288e2de0000000000,3000,3400
FPREM_completed,24,RN,random,41,SINGLE_INSTRUCTION_VALUE_MISMATCH,0000000078a5afe8,00000000512f554a,4021c42a4c0000000000,4021c42a4c0000000000,0000000050c42a4c,3400,3200,00001f80,2,45,1,1,1,404288e2de0000000000,3000,3400
FPREM_completed,24,RN,random,41,SINGLE_INSTRUCTION_C2_PARTIAL,0000000078a5afe8,00000000512f554a,4021c42a4c0000000000,4021c42a4c0000000000,0000000050c42a4c,3400,3200,00001f80,2,45,1,1,1,404288e2de0000000000,3000,3400
FPREM_completed,24,RN,random,43,X87_MULTISTEP,00000000f127fc8e,000000000abc999e,bf90d938400000000000,bf90d938400000000000,0000000088593840,3400,3200,00001f80,4,93,1,1,7,c032da1f700000000000,3000,3400
FPREM_completed,24,RN,random,43,QUOTIENT_SIGNED_BITS_DIFFER,00000000f127fc8e,000000000abc999e,bf90d938400000000000,bf90d938400000000000,0000000088593840,3400,3200,00001f80,4,93,1,1,7,c032da1f700000000000,3000,3400
FPREM_completed,24,RN,random,43,SINGLE_INSTRUCTION_VALUE_MISMATCH,00000000f127fc8e,000000000abc999e,bf90d938400000000000,bf90d938400000000000,0000000088593840,3400,3200,00001f80,4,93,1,1,7,c032da1f700000000000,3000,3400
FPREM_completed,24,RN,random,43,SINGLE_INSTRUCTION_C2_PARTIAL,00000000f127fc8e,000000000abc999e,bf90d938400000000000,bf90d938400000000000,0000000088593840,3400,3200,00001f80,4,93,1,1,7,c032da1f700000000000,3000,3400
FPREM_completed,24,RN,random,49,X87_MULTISTEP,00000000de56c7a7,000000008ec78966,bf9d9dc89e0000000000,bf9d9dc89e0000000000,000000008e9dc89e,3400,7200,00001f80,3,81,3,3,3,bffc8659540000000000,3000,3400
FPREM_completed,24,RN,random,49,SINGLE_INSTRUCTION_VALUE_MISMATCH,00000000de56c7a7,000000008ec78966,bf9d9dc89e0000000000,bf9d9dc89e0000000000,000000008e9dc89e,3400,7200,00001f80,3,81,3,3,3,bffc8659540000000000,3000,3400
FPREM_completed,24,RN,random,49,SINGLE_INSTRUCTION_C2_PARTIAL,00000000de56c7a7,000000008ec78966,bf9d9dc89e0000000000,bf9d9dc89e0000000000,000000008e9dc89e,3400,7200,00001f80,3,81,3,3,3,bffc8659540000000000,3000,3400
FPREM_completed,24,RN,random,50,X87_MULTISTEP,0000000073970392,00000000ab67d52d,3fd6beb2b80000000000,3fd6beb2b80000000000,000000002b3eb2b8,3400,3000,00001f80,3,67,0,0,0,4036d002660000000000,3000,3400
FPREM_completed,24,RN,random,50,SINGLE_INSTRUCTION_VALUE_MISMATCH,0000000073970392,00000000ab67d52d,3fd6beb2b80000000000,3fd6beb2b80000000000,000000002b3eb2b8,3400,3000,00001f80,3,67,0,0,0,4036d002660000000000,3000,3400
FPREM_completed,24,RN,random,50,SINGLE_INSTRUCTION_C2_PARTIAL,0000000073970392,00000000ab67d52d,3fd6beb2b80000000000,3fd6beb2b80000000000,000000002b3eb2b8,3400,3000,00001f80,3,67,0,0,0,4036d002660000000000,3000,3400
FPREM_completed,24,RN,random,54,X87_MULTISTEP,000000006d4aacef,000000003b078ed6,3ff5a686000000000000,3ff5a686000000000000,000000003aa68600,3400,3000,00001f80,2,57,0,0,0,4034e912580000000000,3000,3400
FPREM_completed,24,RN,random,54,SINGLE_INSTRUCTION_VALUE_MISMATCH,000000006d4aacef,000000003b078ed6,3ff5a686000000000000,3ff5a686000000000000,000000003aa68600,3400,3000,00001f80,2,57,0,0,0,4034e912580000000000,3000,3400
FPREM_completed,24,RN,random,54,SINGLE_INSTRUCTION_C2_PARTIAL,000000006d4aacef,000000003b078ed6,3ff5a686000000000000,3ff5a686000000000000,000000003aa68600,3400,3000,00001f80,2,57,0,0,0,4034e912580000000000,3000,3400
FPREM_completed,24,RN,random,56,X87_MULTISTEP,00000000d64c2a40,000000002ed3fc27,bfddc7c4b20000000000,bfddc7c4b20000000000,00000000aec7c4b2,3400,7000,00001f80,2,42,2,2,6,bffba569b80000000000,3000,3400
FPREM_completed,24,RN,random,56,QUOTIENT_SIGNED_BITS_DIFFER,00000000d64c2a40,000000002ed3fc27,bfddc7c4b20000000000,bfddc7c4b20000000000,00000000aec7c4b2,3400,7000,00001f80,2,42,2,2,6,bffba569b80000000000,3000,3400
FPREM_completed,24,RN,random,56,SINGLE_INSTRUCTION_VALUE_MISMATCH,00000000d64c2a40,000000002ed3fc27,bfddc7c4b20000000000,bfddc7c4b20000000000,00000000aec7c4b2,3400,7000,00001f80,2,42,2,2,6,bffba569b80000000000,3000,3400
FPREM_completed,24,RN,random,56,SINGLE_INSTRUCTION_C2_PARTIAL,00000000d64c2a40,000000002ed3fc27,bfddc7c4b20000000000,bfddc7c4b20000000000,00000000aec7c4b2,3400,7000,00001f80,2,42,2,2,6,bffba569b80000000000,3000,3400
FPREM_completed,24,RN,random,61,X87_MULTISTEP,00000000f2e371c2,000000001af5266f,bfb4fed6c20000000000,bfb4fed6c20000000000,000000009a7ed6c2,3400,3200,00001f80,4,89,1,1,7,c032e781c00000000000,3000,3400
FPREM_completed,24,RN,random,61,QUOTIENT_SIGNED_BITS_DIFFER,00000000f2e371c2,000000001af5266f,bfb4fed6c20000000000,bfb4fed6c20000000000,000000009a7ed6c2,3400,3200,00001f80,4,89,1,1,7,c032e781c00000000000,3000,3400
FPREM_completed,24,RN,random,61,SINGLE_INSTRUCTION_VALUE_MISMATCH,00000000f2e371c2,000000001af5266f,bfb4fed6c20000000000,bfb4fed6c20000000000,000000009a7ed6c2,3400,3200,00001f80,4,89,1,1,7,c032e781c00000000000,3000,3400
FPREM_completed,24,RN,random,61,SINGLE_INSTRUCTION_C2_PARTIAL,00000000f2e371c2,000000001af5266f,bfb4fed6c20000000000,bfb4fed6c20000000000,000000009a7ed6c2,3400,3200,00001f80,4,89,1,1,7,c032e781c00000000000,3000,3400
FPREM_completed,24,RN,random,64,INVALID_OR_NONFINITE_INPUT,00000000fff5b85a,00000000eacc0f02,fffff5b85a0000000000,fffff5b85a0000000000,00000000fff5b85a,3000,3000,00001f80,1,0,0,0,0,fffff5b85a0000000000,3000,3000
FPREM_completed,24,RN,random,64,NAN_RESULT,00000000fff5b85a,00000000eacc0f02,fffff5b85a0000000000,fffff5b85a0000000000,00000000fff5b85a,3000,3000,00001f80,1,0,0,0,0,fffff5b85a0000000000,3000,3000
FPREM_completed,24,RN,random,66,X87_MULTISTEP,000000005f3aad52,000000009b4b2844,3fb4bbe3700000000000,3fb4bbe3700000000000,000000001a3be370,3400,3200,00001f80,3,62,1,1,7,4011f252800000000000,3000,3400
FPREM_completed,24,RN,random,66,QUOTIENT_SIGNED_BITS_DIFFER,000000005f3aad52,000000009b4b2844,3fb4bbe3700000000000,3fb4bbe3700000000000,000000001a3be370,3400,3200,00001f80,3,62,1,1,7,4011f252800000000000,3000,3400
FPREM_completed,24,RN,random,66,SINGLE_INSTRUCTION_VALUE_MISMATCH,000000005f3aad52,000000009b4b2844,3fb4bbe3700000000000,3fb4bbe3700000000000,000000001a3be370,3400,3200,00001f80,3,62,1,1,7,4011f252800000000000,3000,3400
FPREM_completed,24,RN,random,66,SINGLE_INSTRUCTION_C2_PARTIAL,000000005f3aad52,000000009b4b2844,3fb4bbe3700000000000,3fb4bbe3700000000000,000000001a3be370,3400,3200,00001f80,3,62,1,1,7,4011f252800000000000,3000,3400
FPREM_completed,24,RN,random,69,QUOTIENT_SIGNED_BITS_DIFFER,000000003e68031a,000000009f05d035,3fbc8072ac0000000000,3fbc8072ac0000000000,000000001e0072ac,3000,3200,00001f80,1,35,1,1,7,3fbc8072ac0000000000,3000,3200
FPREM_completed,24,RN,random,70,X87_MULTISTEP,00000000d5c993fc,0000000089bf1655,bf92d5c32e0000000000,bf92d5c32e0000000000,000000008955c32e,3400,3300,00001f80,3,85,5,5,5,bff3a4abea0000000000,3000,3400
FPREM_completed,24,RN,random,70,SINGLE_INSTRUCTION_VALUE_MISMATCH,00000000d5c993fc,0000000089bf1655,bf92d5c32e0000000000,bf92d5c32e0000000000,000000008955c32e,3400,3300,00001f80,3,85,5,5,5,bff3a4abea0000000000,3000,3400
FPREM_completed,24,RN,random,70,SINGLE_INSTRUCTION_C2_PARTIAL,00000000d5c993fc,0000000089bf1655,bf92d5c32e0000000000,bf92d5c32e0000000000,000000008955c32e,3400,3300,00001f80,3,85,5,5,5,bff3a4abea0000000000,3000,3400
FPREM_completed,24,RN,random,74,X87_MULTISTEP,000000007062ebf6,000000004df97796,401af05afc0000000000,401af05afc0000000000,000000004d705afc,3400,7200,00001f80,2,38,3,3,3,403af3d5a40000000000,3000,3400
FPREM_completed,24,RN,random,74,SINGLE_INSTRUCTION_VALUE_MISMATCH,000000007062ebf6,000000004df97796,401af05afc0000000000,401af05afc0000000000,000000004d705afc,3400,7200,00001f80,2,38,3,3,3,403af3d5a40000000000,3000,3400
FPREM_completed,24,RN,random,74,SINGLE_INSTRUCTION_C2_PARTIAL,000000007062ebf6,000000004df97796,401af05afc0000000000,401af05afc0000000000,000000004d705afc,3400,7200,00001f80,2,38,3,3,3,403af3d5a40000000000,3000,3400
FPREM_completed,24,RN,random,75,QUOTIENT_SIGNED_BITS_DIFFER,000000006f57ddd6,00000000ed03840b,405889d1080000000000,405889d1080000000000,000000006c09d108,7000,7000,00001f80,1,3,2,2,6,405889d1080000000000,3000,7000
FPREM_completed,24,RN,random,79,X87_MULTISTEP,00000000e3afd8c6,00000000aa9fe2fa,bfd4815c9c0000000000,bfd4815c9c0000000000,00000000aa015c9c,3400,3300,00001f80,3,53,5,5,5,c0158470c00000000000,3000,3400
FPREM_completed,24,RN,random,79,SINGLE_INSTRUCTION_VALUE_MISMATCH,00000000e3afd8c6,00000000aa9fe2fa,bfd4815c9c0000000000,bfd4815c9c0000000000,00000000aa015c9c,3400,3300,00001f80,3,53,5,5,5,c0158470c00000000000,3000,3400
FPREM_completed,24,RN,random,79,SINGLE_INSTRUCTION_C2_PARTIAL,00000000e3afd8c6,00000000aa9fe2fa,bfd4815c9c0000000000,bfd4815c9c0000000000,00000000aa015c9c,3400,3300,00001f80,3,53,5,5,5,c0158470c00000000000,3000,3400
FPREM_completed,24,RN,random,81,X87_MULTISTEP,000000006f201df4,00000000cd9168d5,401acb6ef60000000000,401acb6ef60000000000,000000004d4b6ef6,3400,3200,00001f80,2,34,1,1,7,4039f6df1c0000000000,3000,3400
FPREM_completed,24,RN,random,81,QUOTIENT_SIGNED_BITS_DIFFER,000000006f201df4,00000000cd9168d5,401acb6ef60000000000,401acb6ef60000000000,000000004d4b6ef6,3400,3200,00001f80,2,34,1,1,7,4039f6df1c0000000000,3000,3400
FPREM_completed,24,RN,random,81,SINGLE_INSTRUCTION_VALUE_MISMATCH,000000006f201df4,00000000cd9168d5,401acb6ef60000000000,401acb6ef60000000000,000000004d4b6ef6,3400,3200,00001f80,2,34,1,1,7,4039f6df1c0000000000,3000,3400
FPREM_completed,24,RN,random,81,SINGLE_INSTRUCTION_C2_PARTIAL,000000006f201df4,00000000cd9168d5,401acb6ef60000000000,401acb6ef60000000000,000000004d4b6ef6,3400,3200,00001f80,2,34,1,1,7,4039f6df1c0000000000,3000,3400
FPREM_completed,24,RN,random,82,X87_MULTISTEP,0000000076570397,00000000a5a9bcad,3fc983bb2c0000000000,3fc983bb2c0000000000,000000002483bb2c,3400,3200,00001f80,4,80,1,1,7,404b9472bf0000000000,3000,3400
FPREM_completed,24,RN,random,82,QUOTIENT_SIGNED_BITS_DIFFER,0000000076570397,00000000a5a9bcad,3fc983bb2c0000000000,3fc983bb2c0000000000,000000002483bb2c,3400,3200,00001f80,4,80,1,1,7,404b9472bf0000000000,3000,3400
FPREM_completed,24,RN,random,82,SINGLE_INSTRUCTION_VALUE_MISMATCH,0000000076570397,00000000a5a9bcad,3fc983bb2c0000000000,3fc983bb2c0000000000,000000002483bb2c,3400,3200,00001f80,4,80,1,1,7,404b9472bf0000000000,3000,3400
FPREM_completed,24,RN,random,82,SINGLE_INSTRUCTION_C2_PARTIAL,0000000076570397,00000000a5a9bcad,3fc983bb2c0000000000,3fc983bb2c0000000000,000000002483bb2c,3400,3200,00001f80,4,80,1,1,7,404b9472bf0000000000,3000,3400
FPREM_completed,24,RN,random,85,X87_MULTISTEP,00000000caf458ec,00000000913553de,bfa2979e1a0000000000,bfa2979e1a0000000000,0000000091179e1a,3400,3300,00001f80,2,58,5,5,5,bfdebf4da00000000000,3000,3400
FPREM_completed,24,RN,random,85,SINGLE_INSTRUCTION_VALUE_MISMATCH,00000000caf458ec,00000000913553de,bfa2979e1a0000000000,bfa2979e1a0000000000,0000000091179e1a,3400,3300,00001f80,2,58,5,5,5,bfdebf4da00000000000,3000,3400
FPREM_completed,24,RN,random,85,SINGLE_INSTRUCTION_C2_PARTIAL,00000000caf458ec,00000000913553de,bfa2979e1a0000000000,bfa2979e1a0000000000,0000000091179e1a,3400,3300,00001f80,2,58,5,5,5,bfdebf4da00000000000,3000,3400
FPREM_completed,24,RN,random,89,QUOTIENT_SIGNED_BITS_DIFFER,00000000a8dfcf6c,000000001ddd1323,bfbb867a920000000000,bfbb867a920000000000,000000009d867a92,7000,7000,00001f80,1,10,2,2,6,bfbb867a920000000000,3000,7000
FPREM_completed,24,RN,random,101,QUOTIENT_SIGNED_BITS_DIFFER,0000000070c2b1e7,00000000a6e0fa78,3fcbc445400000000000,3fcbc445400000000000,0000000025c44540,3400,7000,00001f80,3,74,2,2,6,402d8f58380000000000,3000,3400
FPREM_completed,24,RN,random,105,QUOTIENT_SIGNED_BITS_DIFFER,0000000039d4b32c,00000000838191dc,3f86afeb900000000000,3f86afeb900000000000,00000000032feb90,3400,7000,00001f80,2,57,2,2,6,3fc6f45ab80000000000,3000,3400
FPREM_completed,24,RN,random,108,QUOTIENT_SIGNED_BITS_DIFFER,0000000077d8aab0,00000000b02c7d0a,3fdec378280000000000,3fdec378280000000000,000000002f437828,3400,7300,00001f80,3,73,7,7,1,403f80e0880000000000,3000,3400
FPREM_completed,24,RN,random,109,QUOTIENT_SIGNED_BITS_DIFFER,00000000a239da83,00000000210ae6fb,bfc0c39c940000000000,bfc0c39c940000000000,00000000a0439c94,3100,3300,00001f80,1,2,5,5,3,bfc0c39c940000000000,3000,3300
FPREM_completed,24,RN,random,120,QUOTIENT_SIGNED_BITS_DIFFER,0000000051558de3,000000009e4df668,3fbccc4f880000000000,3fbccc4f880000000000,000000001e4c4f88,3400,7200,00001f80,2,55,3,3,5,3ffa9520a00000000000,3000,3400
FPREM_completed,24,RN,random,142,QUOTIENT_SIGNED_BITS_DIFFER,00000000a13b8f59,000000000ca8226b,bf989b7a520000000000,bf989b7a520000000000,000000008c1b7a52,3100,3300,00001f80,1,23,5,5,3,bf989b7a520000000000,3000,3300
FPREM_completed,24,RN,random,265,INVALID_OR_NONFINITE_INPUT,000000007fcfd6be,0000000027bb93e3,7fffcfd6be0000000000,7fffcfd6be0000000000,000000007fcfd6be,3000,3000,00001f80,1,0,0,0,0,7fffcfd6be0000000000,3000,3000
FPREM_completed,24,RN,random,265,NAN_RESULT,000000007fcfd6be,0000000027bb93e3,7fffcfd6be0000000000,7fffcfd6be0000000000,000000007fcfd6be,3000,3000,00001f80,1,0,0,0,0,7fffcfd6be0000000000,3000,3000
FPREM_completed,24,RN,random,305,EXCEPTION_FLAGS_MISMATCH,00000000804f17e9,0000000010edda30,bf809e2fd20000000000,bf809e2fd20000000000,00000000804f17e9,3002,3002,00001f80,1,0,0,0,0,bf809e2fd20000000000,3002,3002
FPREM_completed,24,RN,random,321,EXCEPTION_FLAGS_MISMATCH,000000000075586a,000000001c54d842,3f80eab0d40000000000,3f80eab0d40000000000,000000000075586a,3002,3002,00001f80,1,0,0,0,0,3f80eab0d40000000000,3002,3002
FPREM_completed,24,RN,random,578,INVALID_OR_NONFINITE_INPUT,00000000ffdbf494,00000000fc3118cd,ffffdbf4940000000000,ffffdbf4940000000000,00000000ffdbf494,3000,3000,00001f80,1,0,0,0,0,ffffdbf4940000000000,3000,3000
FPREM_completed,24,RN,random,578,NAN_RESULT,00000000ffdbf494,00000000fc3118cd,ffffdbf4940000000000,ffffdbf4940000000000,00000000ffdbf494,3000,3000,00001f80,1,0,0,0,0,ffffdbf4940000000000,3000,3000
FPREM_completed,24,RN,random,594,EXCEPTION_FLAGS_MISMATCH,0000000000487243,00000000668611c6,3f8090e4860000000000,3f8090e4860000000000,0000000000487243,3002,3002,00001f80,1,0,0,0,0,3f8090e4860000000000,3002,3002
FPREM_completed,24,RN,random,674,EXCEPTION_FLAGS_MISMATCH,00000000007b959a,00000000483ceb5b,3f80f72b340000000000,3f80f72b340000000000,00000000007b959a,3002,3002,00001f80,1,0,0,0,0,3f80f72b340000000000,3002,3002
FPREM_completed,24,RN,random,830,INVALID_OR_NONFINITE_INPUT,00000000ffa26bba,0000000064b98d15,ffffe26bba0000000000,ffffe26bba0000000000,00000000ffe26bba,3001,3001,00001f81,1,0,0,0,0,ffffe26bba0000000000,3001,3001
FPREM_completed,24,RN,random,830,NAN_RESULT,00000000ffa26bba,0000000064b98d15,ffffe26bba0000000000,ffffe26bba0000000000,00000000ffe26bba,3001,3001,00001f81,1,0,0,0,0,ffffe26bba0000000000,3001,3001
FPREM_completed,24,RN,random,893,EXCEPTION_FLAGS_MISMATCH,00000000806e6013,00000000b0908b5f,bf80dcc0260000000000,bf80dcc0260000000000,00000000806e6013,3002,3002,00001f80,1,0,0,0,0,bf80dcc0260000000000,3002,3002
FPREM_completed,24,RN,random,924,INVALID_OR_NONFINITE_INPUT,00000000fff71ab6,000000000d1d63d5,fffff71ab60000000000,fffff71ab60000000000,00000000fff71ab6,3000,3000,00001f80,1,0,0,0,0,fffff71ab60000000000,3000,3000
FPREM_completed,24,RN,random,924,NAN_RESULT,00000000fff71ab6,000000000d1d63d5,fffff71ab60000000000,fffff71ab60000000000,00000000fff71ab6,3000,3000,00001f80,1,0,0,0,0,fffff71ab60000000000,3000,3000
FPREM_completed,24,RN,random,1003,INVALID_OR_NONFINITE_INPUT,000000000c5a929d,000000007f9ad902,7fffdad9020000000000,7fffdad9020000000000,000000007fdad902,3001,3001,00001f81,1,0,0,0,0,7fffdad9020000000000,3001,3001
FPREM_completed,24,RN,random,1003,NAN_RESULT,000000000c5a929d,000000007f9ad902,7fffdad9020000000000,7fffdad9020000000000,000000007fdad902,3001,3001,00001f81,1,0,0,0,0,7fffdad9020000000000,3001,3001
FPREM_completed,24,RN,random,1105,INVALID_OR_NONFINITE_INPUT,00000000721c9fe9,00000000ff898023,ffffc980230000000000,ffffc980230000000000,00000000ffc98023,3001,3001,00001f81,1,0,0,0,0,ffffc980230000000000,3001,3001
FPREM_completed,24,RN,random,1105,NAN_RESULT,00000000721c9fe9,00000000ff898023,ffffc980230000000000,ffffc980230000000000,00000000ffc98023,3001,3001,00001f81,1,0,0,0,0,ffffc980230000000000,3001,3001
FPREM_completed,24,RN,random,1161,EXCEPTION_FLAGS_MISMATCH,00000000803806a9,000000004b857f17,bf7fe01aa40000000000,bf7fe01aa40000000000,00000000803806a9,3002,3002,00001f80,1,0,0,0,0,bf7fe01aa40000000000,3002,3002
FPREM_completed,24,RN,random,1224,EXCEPTION_FLAGS_MISMATCH,00000000005ea6b7,00000000296bde8c,3f80bd4d6e0000000000,3f80bd4d6e0000000000,00000000005ea6b7,3002,3002,00001f80,1,0,0,0,0,3f80bd4d6e0000000000,3002,3002
FPREM_completed,24,RN,random,1418,INVALID_OR_NONFINITE_INPUT,000000007a44ee35,00000000ff9ed49a,ffffded49a0000000000,ffffded49a0000000000,00000000ffded49a,3001,3001,00001f81,1,0,0,0,0,ffffded49a0000000000,3001,3001
FPREM_completed,24,RN,random,1418,NAN_RESULT,000000007a44ee35,00000000ff9ed49a,ffffded49a0000000000,ffffded49a0000000000,00000000ffded49a,3001,3001,00001f81,1,0,0,0,0,ffffded49a0000000000,3001,3001
FPREM_completed,24,RN,random,1569,INVALID_OR_NONFINITE_INPUT,00000000ffe92963,00000000c04c1a1f,ffffe929630000000000,ffffe929630000000000,00000000ffe92963,3000,3000,00001f80,1,0,0,0,0,ffffe929630000000000,3000,3000
FPREM_completed,24,RN,random,1569,NAN_RESULT,00000000ffe92963,00000000c04c1a1f,ffffe929630000000000,ffffe929630000000000,00000000ffe92963,3000,3000,00001f80,1,0,0,0,0,ffffe929630000000000,3000,3000
FPREM_completed,24,RN,random,1578,INVALID_OR_NONFINITE_INPUT,00000000ff90bbcc,0000000040304957,ffffd0bbcc0000000000,ffffd0bbcc0000000000,00000000ffd0bbcc,3001,3001,00001f81,1,0,0,0,0,ffffd0bbcc0000000000,3001,3001
FPREM_completed,24,RN,random,1578,NAN_RESULT,00000000ff90bbcc,0000000040304957,ffffd0bbcc0000000000,ffffd0bbcc0000000000,00000000ffd0bbcc,3001,3001,00001f81,1,0,0,0,0,ffffd0bbcc0000000000,3001,3001
FPREM_completed,24,RN,random,1685,INVALID_OR_NONFINITE_INPUT,000000007fe52e26,000000006884b058,7fffe52e260000000000,7fffe52e260000000000,000000007fe52e26,3000,3000,00001f80,1,0,0,0,0,7fffe52e260000000000,3000,3000
FPREM_completed,24,RN,random,1685,NAN_RESULT,000000007fe52e26,000000006884b058,7fffe52e260000000000,7fffe52e260000000000,000000007fe52e26,3000,3000,00001f80,1,0,0,0,0,7fffe52e260000000000,3000,3000
FPREM_completed,24,RN,random,1696,EXCEPTION_FLAGS_MISMATCH,0000000080114cd9,00000000a3a8614e,bf7e8a66c80000000000,bf7e8a66c80000000000,0000000080114cd9,3002,3002,00001f80,1,0,0,0,0,bf7e8a66c80000000000,3002,3002
FPREM_completed,24,RN,random,1755,INVALID_OR_NONFINITE_INPUT,000000007fbb3a11,00000000e7733929,7ffffb3a110000000000,7ffffb3a110000000000,000000007ffb3a11,3001,3001,00001f81,1,0,0,0,0,7ffffb3a110000000000,3001,3001
FPREM_completed,24,RN,random,1755,NAN_RESULT,000000007fbb3a11,00000000e7733929,7ffffb3a110000000000,7ffffb3a110000000000,000000007ffb3a11,3001,3001,00001f81,1,0,0,0,0,7ffffb3a110000000000,3001,3001
FPREM_completed,24,RN,random,1862,INVALID_OR_NONFINITE_INPUT,000000007f92c54b,000000005ca74ec7,7fffd2c54b0000000000,7fffd2c54b0000000000,000000007fd2c54b,3001,3001,00001f81,1,0,0,0,0,7fffd2c54b0000000000,3001,3001
FPREM_completed,24,RN,random,1862,NAN_RESULT,000000007f92c54b,000000005ca74ec7,7fffd2c54b0000000000,7fffd2c54b0000000000,000000007fd2c54b,3001,3001,00001f81,1,0,0,0,0,7fffd2c54b0000000000,3001,3001
FPREM_completed,24,RN,random,1867,INVALID_OR_NONFINITE_INPUT,0000000045542a5e,00000000ffb74e9f,fffff74e9f0000000000,fffff74e9f0000000000,00000000fff74e9f,3001,3001,00001f81,1,0,0,0,0,fffff74e9f0000000000,3001,3001
FPREM_completed,24,RN,random,1867,NAN_RESULT,0000000045542a5e,00000000ffb74e9f,fffff74e9f0000000000,fffff74e9f0000000000,00000000fff74e9f,3001,3001,00001f81,1,0,0,0,0,fffff74e9f0000000000,3001,3001
FPREM_completed,24,RN,random,1870,INVALID_OR_NONFINITE_INPUT,0000000087e9d2db,000000007f9ce634,7fffdce6340000000000,7fffdce6340000000000,000000007fdce634,3001,3001,00001f81,1,0,0,0,0,7fffdce6340000000000,3001,3001
FPREM_completed,24,RN,random,1870,NAN_RESULT,0000000087e9d2db,000000007f9ce634,7fffdce6340000000000,7fffdce6340000000000,000000007fdce634,3001,3001,00001f81,1,0,0,0,0,7fffdce6340000000000,3001,3001
FPREM_completed,24,RN,random,1920,INVALID_OR_NONFINITE_INPUT,000000005882ca2f,000000007fde1f8c,7fffde1f8c0000000000,7fffde1f8c0000000000,000000007fde1f8c,3000,3000,00001f80,1,0,0,0,0,7fffde1f8c0000000000,3000,3000
FPREM_completed,24,RN,random,1920,NAN_RESULT,000000005882ca2f,000000007fde1f8c,7fffde1f8c0000000000,7fffde1f8c0000000000,000000007fde1f8c,3000,3000,00001f80,1,0,0,0,0,7fffde1f8c0000000000,3000,3000
FPREM_completed,24,RN,random,2045,EXCEPTION_FLAGS_MISMATCH,00000000b4f706eb,0000000000213af5,bf7c886d800000000000,bf7c886d800000000000,000000008004436c,3402,3102,00001f80,2,43,4,4,4,bfbbeaf4400000000000,3002,3402
FPREM_completed,24,RN,random,2085,INVALID_OR_NONFINITE_INPUT,000000007f843dcd,00000000a3aa9017,7fffc43dcd0000000000,7fffc43dcd0000000000,000000007fc43dcd,3001,3001,00001f81,1,0,0,0,0,7fffc43dcd0000000000,3001,3001
FPREM_completed,24,RN,random,2085,NAN_RESULT,000000007f843dcd,00000000a3aa9017,7fffc43dcd0000000000,7fffc43dcd0000000000,000000007fc43dcd,3001,3001,00001f81,1,0,0,0,0,7fffc43dcd0000000000,3001,3001
FPREM_completed,24,RN,random,2088,INVALID_OR_NONFINITE_INPUT,000000007fa3ec23,00000000715a1f9f,7fffe3ec230000000000,7fffe3ec230000000000,000000007fe3ec23,3001,3001,00001f81,1,0,0,0,0,7fffe3ec230000000000,3001,3001
FPREM_completed,24,RN,random,2088,NAN_RESULT,000000007fa3ec23,00000000715a1f9f,7fffe3ec230000000000,7fffe3ec230000000000,000000007fe3ec23,3001,3001,00001f81,1,0,0,0,0,7fffe3ec230000000000,3001,3001
FPREM_completed,24,RN,random,2096,EXCEPTION_FLAGS_MISMATCH,0000000000139f6d,000000005bbf993f,3f7e9cfb680000000000,3f7e9cfb680000000000,0000000000139f6d,3002,3002,00001f80,1,0,0,0,0,3f7e9cfb680000000000,3002,3002
FPREM_completed,24,RN,random,2098,EXCEPTION_FLAGS_MISMATCH,0000000080371a3c,00000000b99fd606,bf7fdc68f00000000000,bf7fdc68f00000000000,0000000080371a3c,3002,3002,00001f80,1,0,0,0,0,bf7fdc68f00000000000,3002,3002
FPREM_completed,24,RN,random,2290,INVALID_OR_NONFINITE_INPUT,000000007456aac8,000000007ffafc35,7ffffafc350000000000,7ffffafc350000000000,000000007ffafc35,3000,3000,00001f80,1,0,0,0,0,7ffffafc350000000000,3000,3000
FPREM_completed,24,RN,random,2290,NAN_RESULT,000000007456aac8,000000007ffafc35,7ffffafc350000000000,7ffffafc350000000000,000000007ffafc35,3000,3000,00001f80,1,0,0,0,0,7ffffafc350000000000,3000,3000
FPREM_completed,24,RN,random,2346,INVALID_OR_NONFINITE_INPUT,00000000ff9ac52d,00000000bd639620,ffffdac52d0000000000,ffffdac52d0000000000,00000000ffdac52d,3001,3001,00001f81,1,0,0,0,0,ffffdac52d0000000000,3001,3001
FPREM_completed,24,RN,random,2346,NAN_RESULT,00000000ff9ac52d,00000000bd639620,ffffdac52d0000000000,ffffdac52d0000000000,00000000ffdac52d,3001,3001,00001f81,1,0,0,0,0,ffffdac52d0000000000,3001,3001
FPREM_completed,24,RN,random,2643,EXCEPTION_FLAGS_MISMATCH,00000000804f881c,000000001fcdb982,bf809f10380000000000,bf809f10380000000000,00000000804f881c,3002,3002,00001f80,1,0,0,0,0,bf809f10380000000000,3002,3002
FPREM_completed,24,RN,random,2681,EXCEPTION_FLAGS_MISMATCH,00000000806f4799,00000000c2b14fd6,bf80de8f320000000000,bf80de8f320000000000,00000000806f4799,3002,3002,00001f80,1,0,0,0,0,bf80de8f320000000000,3002,3002
FPREM_completed,24,RN,random,2730,EXCEPTION_FLAGS_MISMATCH,000000008025f976,0000000000a6d3f0,bf7f97e5d80000000000,bf7f97e5d80000000000,000000008025f976,3002,3002,00001f80,1,0,0,0,0,bf7f97e5d80000000000,3002,3002
FPREM_completed,24,RN,random,2769,EXCEPTION_FLAGS_MISMATCH,00000000801e5c30,000000009156f816,bf7ef2e1800000000000,bf7ef2e1800000000000,00000000801e5c30,3002,3002,00001f80,1,0,0,0,0,bf7ef2e1800000000000,3002,3002
FPREM_completed,24,RN,random,3068,EXCEPTION_FLAGS_MISMATCH,000000008037a746,00000000490c41df,bf7fde9d180000000000,bf7fde9d180000000000,000000008037a746,3002,3002,00001f80,1,0,0,0,0,bf7fde9d180000000000,3002,3002
FPREM_completed,24,RN,random,3628,EXCEPTION_FLAGS_MISMATCH,000000000076b33b,00000000d1903489,3f80ed66760000000000,3f80ed66760000000000,000000000076b33b,3002,3002,00001f80,1,0,0,0,0,3f80ed66760000000000,3002,3002
FPREM_completed,24,RN,random,3956,EXCEPTION_FLAGS_MISMATCH,00000000003f89ce,0000000033846076,3f7ffe27380000000000,3f7ffe27380000000000,00000000003f89ce,3002,3002,00001f80,1,0,0,0,0,3f7ffe27380000000000,3002,3002
FPREM_completed,24,RN,random,3999,EXCEPTION_FLAGS_MISMATCH,00000000e84d5871,00000000801680e7,bf7bbf0c000000000000,bf7bbf0c000000000000,000000008002fc30,3402,3002,00001f80,4,105,0,0,0,c01a8455000000000000,3002,3402
FPREM_completed,24,RN,random,4306,EXCEPTION_FLAGS_MISMATCH,000000006a736d7d,00000000003c65a7,3f7ee5b7e00000000000,3f7ee5b7e00000000000,00000000001cb6fc,3402,3102,00001f80,5,110,4,4,4,401f814fd40000000000,3002,3402
FPREM_completed,24,RN,random,163310,VALUE_MISMATCH,000000007fed1393,000000007fbf408e,7fffff408e0000000000,7fffed13930000000000,000000007fed1393,3001,3001,00001f81,1,0,0,0,0,7fffff408e0000000000,3001,3001
FPREM_completed,24,RN,random,181020,VALUE_MISMATCH,000000007f905a8c,00000000ffdea620,ffffdea6200000000000,7fffd05a8c0000000000,000000007fd05a8c,3001,3001,00001f81,1,0,0,0,0,ffffdea6200000000000,3001,3001
FPREM_completed,24,RN,random,187735,VALUE_MISMATCH,000000007fe26d70,000000007fa6bfcf,7fffe6bfcf0000000000,7fffe26d700000000000,000000007fe26d70,3001,3001,00001f81,1,0,0,0,0,7fffe6bfcf0000000000,3001,3001
FPREM_completed,24,RN,random,304033,VALUE_MISMATCH,00000000ffe14635,000000007ff8b845,7ffff8b8450000000000,ffffe146350000000000,00000000ffe14635,3000,3000,00001f80,1,0,0,0,0,7ffff8b8450000000000,3000,3000
FPREM_completed,24,RN,random,315406,VALUE_MISMATCH,00000000ff9b55da,000000007fa40275,7fffe402750000000000,ffffdb55da0000000000,00000000ffdb55da,3001,3001,00001f81,1,0,0,0,0,7fffe402750000000000,3001,3001
FPREM_completed,24,RN,random,369110,VALUE_MISMATCH,00000000ff95d10c,00000000ffbda807,fffffda8070000000000,ffffd5d10c0000000000,00000000ffd5d10c,3001,3001,00001f81,1,0,0,0,0,fffffda8070000000000,3001,3001
FPREM_completed,24,RN,random,735265,VALUE_MISMATCH,000000007fb03a75,000000007ffcb7c0,7ffffcb7c00000000000,7ffff03a750000000000,000000007ff03a75,3001,3001,00001f81,1,0,0,0,0,7ffffcb7c00000000000,3001,3001
FPREM_completed,24,RN,random,937141,VALUE_MISMATCH,00000000ff9f1ee7,000000007fec2531,7fffec25310000000000,ffffdf1ee70000000000,00000000ffdf1ee7,3001,3001,00001f81,1,0,0,0,0,7fffec25310000000000,3001,3001
FPREM_completed,24,RN,edge,341,VALUE_MISMATCH,000000007fc00011,00000000ff800222,ffffc002220000000000,7fffc000110000000000,000000007fc00011,3001,3001,00001f81,1,0,0,0,0,ffffc002220000000000,3001,3001
FPREM_completed,24,RD,random,0,ALL,0000000059f41037,0000000047841268,400efda4300000000000,400efda4300000000000,00000000477da430,3000,3200,00003f80,1,17,1,1,1,400efda4300000000000,3000,3200
FPREM_completed,24,RD,random,0,SINGLE_COMPLETE_FINITE_CASE,0000000059f41037,0000000047841268,400efda4300000000000,400efda4300000000000,00000000477da430,3000,3200,00003f80,1,17,1,1,1,400efda4300000000000,3000,3200
FPREM_completed,24,RD,random,1,ALL,000000001b3431aa,0000000036427b70,3fb6b431aa0000000000,3fb6b431aa0000000000,000000001b3431aa,3000,3000,00003f80,1,0,0,0,0,3fb6b431aa0000000000,3000,3000
FPREM_completed,24,RD,random,1,SINGLE_COMPLETE_FINITE_CASE,000000001b3431aa,0000000036427b70,3fb6b431aa0000000000,3fb6b431aa0000000000,000000001b3431aa,3000,3000,00003f80,1,0,0,0,0,3fb6b431aa0000000000,3000,3000
FPREM_completed,24,RD,random,2,ALL,00000000247332e7,000000007d10e6c2,3fc8f332e70000000000,3fc8f332e70000000000,00000000247332e7,3000,3000,00003f80,1,0,0,0,0,3fc8f332e70000000000,3000,3000
FPREM_completed,24,RD,random,2,SINGLE_COMPLETE_FINITE_CASE,00000000247332e7,000000007d10e6c2,3fc8f332e70000000000,3fc8f332e70000000000,00000000247332e7,3000,3000,00003f80,1,0,0,0,0,3fc8f332e70000000000,3000,3000
FPREM_completed,24,RD,random,3,ALL,00000000c6b0e40b,000000006b4079e3,c00db0e40b0000000000,c00db0e40b0000000000,00000000c6b0e40b,3000,3000,00003f80,1,0,0,0,0,c00db0e40b0000000000,3000,3000
FPREM_completed,24,RD,random,3,SINGLE_COMPLETE_FINITE_CASE,00000000c6b0e40b,000000006b4079e3,c00db0e40b0000000000,c00db0e40b0000000000,00000000c6b0e40b,3000,3000,00003f80,1,0,0,0,0,c00db0e40b0000000000,3000,3000
FPREM_completed,24,RD,random,4,ALL,000000001d88b719,000000009ffd8324,3fbb88b7190000000000,3fbb88b7190000000000,000000001d88b719,3000,3000,00003f80,1,0,0,0,0,3fbb88b7190000000000,3000,3000
FPREM_completed,24,RD,random,4,SINGLE_COMPLETE_FINITE_CASE,000000001d88b719,000000009ffd8324,3fbb88b7190000000000,3fbb88b7190000000000,000000001d88b719,3000,3000,00003f80,1,0,0,0,0,3fbb88b7190000000000,3000,3000
FPREM_completed,24,RD,random,5,ALL,000000005503e50f,00000000e65a440b,402a83e50f0000000000,402a83e50f0000000000,000000005503e50f,3000,3000,00003f80,1,0,0,0,0,402a83e50f0000000000,3000,3000
FPREM_completed,24,RD,random,5,SINGLE_COMPLETE_FINITE_CASE,000000005503e50f,00000000e65a440b,402a83e50f0000000000,402a83e50f0000000000,000000005503e50f,3000,3000,00003f80,1,0,0,0,0,402a83e50f0000000000,3000,3000
FPREM_completed,24,RD,random,6,ALL,00000000e3a7b6be,00000000304c687b,bfddc03e580000000000,bfddc03e580000000000,00000000aec03e58,3400,7300,00003f80,2,45,7,7,1,c01bf95a800000000000,3000,3400
FPREM_completed,24,RD,random,6,X87_MULTISTEP,00000000e3a7b6be,00000000304c687b,bfddc03e580000000000,bfddc03e580000000000,00000000aec03e58,3400,7300,00003f80,2,45,7,7,1,c01bf95a800000000000,3000,3400
FPREM_completed,24,RD,random,6,QUOTIENT_SIGNED_BITS_DIFFER,00000000e3a7b6be,00000000304c687b,bfddc03e580000000000,bfddc03e580000000000,00000000aec03e58,3400,7300,00003f80,2,45,7,7,1,c01bf95a800000000000,3000,3400
FPREM_completed,24,RD,random,6,SINGLE_INSTRUCTION_VALUE_MISMATCH,00000000e3a7b6be,00000000304c687b,bfddc03e580000000000,bfddc03e580000000000,00000000aec03e58,3400,7300,00003f80,2,45,7,7,1,c01bf95a800000000000,3000,3400
FPREM_completed,24,RD,random,6,SINGLE_INSTRUCTION_C2_PARTIAL,00000000e3a7b6be,00000000304c687b,bfddc03e580000000000,bfddc03e580000000000,00000000aec03e58,3400,7300,00003f80,2,45,7,7,1,c01bf95a800000000000,3000,3400
FPREM_completed,24,RD,random,7,ALL,00000000041fd13f,000000007d97cc0b,3f889fd13f0000000000,3f889fd13f0000000000,00000000041fd13f,3000,3000,00003f80,1,0,0,0,0,3f889fd13f0000000000,3000,3000
FPREM_completed,24,RD,random,7,SINGLE_COMPLETE_FINITE_CASE,00000000041fd13f,000000007d97cc0b,3f889fd13f0000000000,3f889fd13f0000000000,00000000041fd13f,3000,3000,00003f80,1,0,0,0,0,3f889fd13f0000000000,3000,3000
FPREM_completed,24,RD,random,8,ALL,00000000a70b20ff,000000008da1932d,bf98a6a0500000000000,bf98a6a0500000000000,000000008c26a050,7100,7100,00003f80,1,28,6,6,6,bf98a6a0500000000000,3000,7100
FPREM_completed,24,RD,random,8,SINGLE_COMPLETE_FINITE_CASE,00000000a70b20ff,000000008da1932d,bf98a6a0500000000000,bf98a6a0500000000000,000000008c26a050,7100,7100,00003f80,1,28,6,6,6,bf98a6a0500000000000,3000,7100
FPREM_completed,24,RD,random,9,ALL,0000000007ecca11,00000000b1112f51,3f8fecca110000000000,3f8fecca110000000000,0000000007ecca11,3000,3000,00003f80,1,0,0,0,0,3f8fecca110000000000,3000,3000
FPREM_completed,24,RD,random,9,SINGLE_COMPLETE_FINITE_CASE,0000000007ecca11,00000000b1112f51,3f8fecca110000000000,3f8fecca110000000000,0000000007ecca11,3000,3000,00003f80,1,0,0,0,0,3f8fecca110000000000,3000,3000
FPREM_completed,24,RD,random,10,ALL,0000000091069bad,000000000e54a52d,bf9bda38700000000000,bf9bda38700000000000,000000008dda3870,3000,3000,00003f80,1,2,0,0,0,bf9bda38700000000000,3000,3000
FPREM_completed,24,RD,random,10,SINGLE_COMPLETE_FINITE_CASE,0000000091069bad,000000000e54a52d,bf9bda38700000000000,bf9bda38700000000000,000000008dda3870,3000,3000,00003f80,1,2,0,0,0,bf9bda38700000000000,3000,3000
FPREM_completed,24,RD,random,11,ALL,00000000b1a55a7f,000000000e25814e,bf99bdd7e00000000000,bf99bdd7e00000000000,000000008cbdd7e0,3400,7100,00003f80,2,45,6,6,2,bfbab64c500000000000,3000,3400
FPREM_completed,24,RD,random,11,X87_MULTISTEP,00000000b1a55a7f,000000000e25814e,bf99bdd7e00000000000,bf99bdd7e00000000000,000000008cbdd7e0,3400,7100,00003f80,2,45,6,6,2,bfbab64c500000000000,3000,3400
FPREM_completed,24,RD,random,11,QUOTIENT_SIGNED_BITS_DIFFER,00000000b1a55a7f,000000000e25814e,bf99bdd7e00000000000,bf99bdd7e00000000000,000000008cbdd7e0,3400,7100,00003f80,2,45,6,6,2,bfbab64c500000000000,3000,3400
FPREM_completed,24,RD,random,11,SINGLE_INSTRUCTION_VALUE_MISMATCH,00000000b1a55a7f,000000000e25814e,bf99bdd7e00000000000,bf99bdd7e00000000000,000000008cbdd7e0,3400,7100,00003f80,2,45,6,6,2,bfbab64c500000000000,3000,3400
FPREM_completed,24,RD,random,11,SINGLE_INSTRUCTION_C2_PARTIAL,00000000b1a55a7f,000000000e25814e,bf99bdd7e00000000000,bf99bdd7e00000000000,000000008cbdd7e0,3400,7100,00003f80,2,45,6,6,2,bfbab64c500000000000,3000,3400
FPREM_completed,24,RD,random,12,ALL,0000000049bee1a0,00000000fb70df6d,4013bee1a00000000000,4013bee1a00000000000,0000000049bee1a0,3000,3000,00003f80,1,0,0,0,0,4013bee1a00000000000,3000,3000
FPREM_completed,24,RD,random,12,SINGLE_COMPLETE_FINITE_CASE,0000000049bee1a0,00000000fb70df6d,4013bee1a00000000000,4013bee1a00000000000,0000000049bee1a0,3000,3000,00003f80,1,0,0,0,0,4013bee1a00000000000,3000,3000
FPREM_completed,24,RD,random,13,ALL,00000000237f2b9d,000000004f44c27e,3fc6ff2b9d0000000000,3fc6ff2b9d0000000000,00000000237f2b9d,3000,3000,00003f80,1,0,0,0,0,3fc6ff2b9d0000000000,3000,3000
FPREM_completed,24,RD,random,13,SINGLE_COMPLETE_FINITE_CASE,00000000237f2b9d,000000004f44c27e,3fc6ff2b9d0000000000,3fc6ff2b9d0000000000,00000000237f2b9d,3000,3000,00003f80,1,0,0,0,0,3fc6ff2b9d0000000000,3000,3000
FPREM_completed,24,RD,random,14,ALL,00000000d1805aff,00000000c49fca9b,c00889fa340000000000,c00889fa340000000000,00000000c409fa34,7000,7000,00003f80,1,11,2,2,2,c00889fa340000000000,3000,7000
FPREM_completed,24,RD,random,14,SINGLE_COMPLETE_FINITE_CASE,00000000d1805aff,00000000c49fca9b,c00889fa340000000000,c00889fa340000000000,00000000c409fa34,7000,7000,00003f80,1,11,2,2,2,c00889fa340000000000,3000,7000
FPREM_completed,24,RD,random,15,ALL,00000000190f62c4,00000000462405c7,3fb28f62c40000000000,3fb28f62c40000000000,00000000190f62c4,3000,3000,00003f80,1,0,0,0,0,3fb28f62c40000000000,3000,3000
FPREM_completed,24,RD,random,15,SINGLE_COMPLETE_FINITE_CASE,00000000190f62c4,00000000462405c7,3fb28f62c40000000000,3fb28f62c40000000000,00000000190f62c4,3000,3000,00003f80,1,0,0,0,0,3fb28f62c40000000000,3000,3000
FPREM_completed,24,RD,random,16,ALL,00000000d28a21d8,00000000a86d8353,bfd0a7fc470000000000,bfd0a7fc470000000000,00000000a827fc47,3400,7200,00003f80,2,48,3,3,3,bfefba7a8a0000000000,3000,3400
FPREM_completed,24,RD,random,16,X87_MULTISTEP,00000000d28a21d8,00000000a86d8353,bfd0a7fc470000000000,bfd0a7fc470000000000,00000000a827fc47,3400,7200,00003f80,2,48,3,3,3,bfefba7a8a0000000000,3000,3400
FPREM_completed,24,RD,random,16,SINGLE_INSTRUCTION_VALUE_MISMATCH,00000000d28a21d8,00000000a86d8353,bfd0a7fc470000000000,bfd0a7fc470000000000,00000000a827fc47,3400,7200,00003f80,2,48,3,3,3,bfefba7a8a0000000000,3000,3400
FPREM_completed,24,RD,random,16,SINGLE_INSTRUCTION_C2_PARTIAL,00000000d28a21d8,00000000a86d8353,bfd0a7fc470000000000,bfd0a7fc470000000000,00000000a827fc47,3400,7200,00003f80,2,48,3,3,3,bfefba7a8a0000000000,3000,3400
FPREM_completed,24,RD,random,17,ALL,000000001bae6945,00000000f189085d,3fb7ae69450000000000,3fb7ae69450000000000,000000001bae6945,3000,3000,00003f80,1,0,0,0,0,3fb7ae69450000000000,3000,3000
FPREM_completed,24,RD,random,17,SINGLE_COMPLETE_FINITE_CASE,000000001bae6945,00000000f189085d,3fb7ae69450000000000,3fb7ae69450000000000,000000001bae6945,3000,3000,00003f80,1,0,0,0,0,3fb7ae69450000000000,3000,3000
FPREM_completed,24,RD,random,18,ALL,0000000067a4546d,00000000f22bfcd7,404fa4546d0000000000,404fa4546d0000000000,0000000067a4546d,3000,3000,00003f80,1,0,0,0,0,404fa4546d0000000000,3000,3000
FPREM_completed,24,RD,random,18,SINGLE_COMPLETE_FINITE_CASE,0000000067a4546d,00000000f22bfcd7,404fa4546d0000000000,404fa4546d0000000000,0000000067a4546d,3000,3000,00003f80,1,0,0,0,0,404fa4546d0000000000,3000,3000
FPREM_completed,24,RD,random,19,ALL,00000000d94c71bc,000000003aa528a2,bff3c3ccb00000000000,bff3c3ccb00000000000,00000000b9c3ccb0,7000,7000,00003f80,1,38,2,2,6,bff3c3ccb00000000000,3000,7000
FPREM_completed,24,RD,random,19,QUOTIENT_SIGNED_BITS_DIFFER,00000000d94c71bc,000000003aa528a2,bff3c3ccb00000000000,bff3c3ccb00000000000,00000000b9c3ccb0,7000,7000,00003f80,1,38,2,2,6,bff3c3ccb00000000000,3000,7000
FPREM_completed,24,RD,random,19,SINGLE_COMPLETE_FINITE_CASE,00000000d94c71bc,000000003aa528a2,bff3c3ccb00000000000,bff3c3ccb00000000000,00000000b9c3ccb0,7000,7000,00003f80,1,38,2,2,6,bff3c3ccb00000000000,3000,7000
FPREM_completed,24,RD,random,20,SINGLE_COMPLETE_FINITE_CASE,0000000014b3258b,00000000d5414b93,3fa9b3258b0000000000,3fa9b3258b0000000000,0000000014b3258b,3000,3000,00003f80,1,0,0,0,0,3fa9b3258b0000000000,3000,3000
FPREM_completed,24,RD,random,21,SINGLE_COMPLETE_FINITE_CASE,000000000200d818,000000008251e8ff,3f8480d8180000000000,3f8480d8180000000000,000000000200d818,3000,3000,00003f80,1,0,0,0,0,3f8480d8180000000000,3000,3000
FPREM_completed,24,RD,random,22,SINGLE_COMPLETE_FINITE_CASE,00000000068ce4c8,00000000c4042814,3f8d8ce4c80000000000,3f8d8ce4c80000000000,00000000068ce4c8,3000,3000,00003f80,1,0,0,0,0,3f8d8ce4c80000000000,3000,3000
FPREM_completed,24,RD,random,28,X87_MULTISTEP,00000000770d693a,00000000d46d3116,40289f4dd60000000000,40289f4dd60000000000,00000000541f4dd6,3400,7300,00003f80,2,42,7,7,1,4048a62e040000000000,3000,3400
FPREM_completed,24,RD,random,28,QUOTIENT_SIGNED_BITS_DIFFER,00000000770d693a,00000000d46d3116,40289f4dd60000000000,40289f4dd60000000000,00000000541f4dd6,3400,7300,00003f80,2,42,7,7,1,4048a62e040000000000,3000,3400
FPREM_completed,24,RD,random,28,SINGLE_INSTRUCTION_VALUE_MISMATCH,00000000770d693a,00000000d46d3116,40289f4dd60000000000,40289f4dd60000000000,00000000541f4dd6,3400,7300,00003f80,2,42,7,7,1,4048a62e040000000000,3000,3400
FPREM_completed,24,RD,random,28,SINGLE_INSTRUCTION_C2_PARTIAL,00000000770d693a,00000000d46d3116,40289f4dd60000000000,40289f4dd60000000000,00000000541f4dd6,3400,7300,00003f80,2,42,7,7,1,4048a62e040000000000,3000,3400
FPREM_completed,24,RD,random,32,QUOTIENT_SIGNED_BITS_DIFFER,00000000f9bd2af4,000000006a6f1ee1,c054857bf10000000000,c054857bf10000000000,00000000ea057bf1,7100,7300,00003f80,1,16,7,7,1,c054857bf10000000000,3000,7300
FPREM_completed,24,RD,random,37,X87_MULTISTEP,00000000fc6000ba,00000000ac78ca42,bfd89f7b740000000000,bfd89f7b740000000000,00000000ac1f7b74,3400,7100,00003f80,4,86,6,6,6,c0588b44260000000000,3000,3400
FPREM_completed,24,RD,random,37,SINGLE_INSTRUCTION_VALUE_MISMATCH,00000000fc6000ba,00000000ac78ca42,bfd89f7b740000000000,bfd89f7b740000000000,00000000ac1f7b74,3400,7100,00003f80,4,86,6,6,6,c0588b44260000000000,3000,3400
FPREM_completed,24,RD,random,37,SINGLE_INSTRUCTION_C2_PARTIAL,00000000fc6000ba,00000000ac78ca42,bfd89f7b740000000000,bfd89f7b740000000000,00000000ac1f7b74,3400,7100,00003f80,4,86,6,6,6,c0588b44260000000000,3000,3400
FPREM_completed,24,RD,random,38,X87_MULTISTEP,000000007578251a,000000000977c35b,3f8dc91b000000000000,3f8dc91b000000000000,0000000006c91b00,3400,3000,00003f80,4,108,0,0,0,4032d8a8470000000000,3000,3400
FPREM_completed,24,RD,random,38,SINGLE_INSTRUCTION_VALUE_MISMATCH,000000007578251a,000000000977c35b,3f8dc91b000000000000,3f8dc91b000000000000,0000000006c91b00,3400,3000,00003f80,4,108,0,0,0,4032d8a8470000000000,3000,3400
FPREM_completed,24,RD,random,38,SINGLE_INSTRUCTION_C2_PARTIAL,000000007578251a,000000000977c35b,3f8dc91b000000000000,3f8dc91b000000000000,0000000006c91b00,3400,3000,00003f80,4,108,0,0,0,4032d8a8470000000000,3000,3400
FPREM_completed,24,RD,random,41,X87_MULTISTEP,0000000078a5afe8,00000000512f554a,4021c42a4c0000000000,4021c42a4c0000000000,0000000050c42a4c,3400,3200,00003f80,2,45,1,1,1,404288e2de0000000000,3000,3400
FPREM_completed,24,RD,random,41,SINGLE_INSTRUCTION_VALUE_MISMATCH,0000000078a5afe8,00000000512f554a,4021c42a4c0000000000,4021c42a4c0000000000,0000000050c42a4c,3400,3200,00003f80,2,45,1,1,1,404288e2de0000000000,3000,3400
FPREM_completed,24,RD,random,41,SINGLE_INSTRUCTION_C2_PARTIAL,0000000078a5afe8,00000000512f554a,4021c42a4c0000000000,4021c42a4c0000000000,0000000050c42a4c,3400,3200,00003f80,2,45,1,1,1,404288e2de0000000000,3000,3400
FPREM_completed,24,RD,random,43,X87_MULTISTEP,00000000f127fc8e,000000000abc999e,bf90d938400000000000,bf90d938400000000000,0000000088593840,3400,3200,00003f80,4,93,1,1,7,c032da1f700000000000,3000,3400
FPREM_completed,24,RD,random,43,QUOTIENT_SIGNED_BITS_DIFFER,00000000f127fc8e,000000000abc999e,bf90d938400000000000,bf90d938400000000000,0000000088593840,3400,3200,00003f80,4,93,1,1,7,c032da1f700000000000,3000,3400
FPREM_completed,24,RD,random,43,SINGLE_INSTRUCTION_VALUE_MISMATCH,00000000f127fc8e,000000000abc999e,bf90d938400000000000,bf90d938400000000000,0000000088593840,3400,3200,00003f80,4,93,1,1,7,c032da1f700000000000,3000,3400
FPREM_completed,24,RD,random,43,SINGLE_INSTRUCTION_C2_PARTIAL,00000000f127fc8e,000000000abc999e,bf90d938400000000000,bf90d938400000000000,0000000088593840,3400,3200,00003f80,4,93,1,1,7,c032da1f700000000000,3000,3400
FPREM_completed,24,RD,random,49,X87_MULTISTEP,00000000de56c7a7,000000008ec78966,bf9d9dc89e0000000000,bf9d9dc89e0000000000,000000008e9dc89e,3400,7200,00003f80,3,81,3,3,3,bffc8659540000000000,3000,3400
FPREM_completed,24,RD,random,49,SINGLE_INSTRUCTION_VALUE_MISMATCH,00000000de56c7a7,000000008ec78966,bf9d9dc89e0000000000,bf9d9dc89e0000000000,000000008e9dc89e,3400,7200,00003f80,3,81,3,3,3,bffc8659540000000000,3000,3400
FPREM_completed,24,RD,random,49,SINGLE_INSTRUCTION_C2_PARTIAL,00000000de56c7a7,000000008ec78966,bf9d9dc89e0000000000,bf9d9dc89e0000000000,000000008e9dc89e,3400,7200,00003f80,3,81,3,3,3,bffc8659540000000000,3000,3400
FPREM_completed,24,RD,random,50,X87_MULTISTEP,0000000073970392,00000000ab67d52d,3fd6beb2b80000000000,3fd6beb2b80000000000,000000002b3eb2b8,3400,3000,00003f80,3,67,0,0,0,4036d002660000000000,3000,3400
FPREM_completed,24,RD,random,50,SINGLE_INSTRUCTION_VALUE_MISMATCH,0000000073970392,00000000ab67d52d,3fd6beb2b80000000000,3fd6beb2b80000000000,000000002b3eb2b8,3400,3000,00003f80,3,67,0,0,0,4036d002660000000000,3000,3400
FPREM_completed,24,RD,random,50,SINGLE_INSTRUCTION_C2_PARTIAL,0000000073970392,00000000ab67d52d,3fd6beb2b80000000000,3fd6beb2b80000000000,000000002b3eb2b8,3400,3000,00003f80,3,67,0,0,0,4036d002660000000000,3000,3400
FPREM_completed,24,RD,random,54,X87_MULTISTEP,000000006d4aacef,000000003b078ed6,3ff5a686000000000000,3ff5a686000000000000,000000003aa68600,3400,3000,00003f80,2,57,0,0,0,4034e912580000000000,3000,3400
FPREM_completed,24,RD,random,54,SINGLE_INSTRUCTION_VALUE_MISMATCH,000000006d4aacef,000000003b078ed6,3ff5a686000000000000,3ff5a686000000000000,000000003aa68600,3400,3000,00003f80,2,57,0,0,0,4034e912580000000000,3000,3400
FPREM_completed,24,RD,random,54,SINGLE_INSTRUCTION_C2_PARTIAL,000000006d4aacef,000000003b078ed6,3ff5a686000000000000,3ff5a686000000000000,000000003aa68600,3400,3000,00003f80,2,57,0,0,0,4034e912580000000000,3000,3400
FPREM_completed,24,RD,random,56,X87_MULTISTEP,00000000d64c2a40,000000002ed3fc27,bfddc7c4b20000000000,bfddc7c4b20000000000,00000000aec7c4b2,3400,7000,00003f80,2,42,2,2,6,bffba569b80000000000,3000,3400
FPREM_completed,24,RD,random,56,QUOTIENT_SIGNED_BITS_DIFFER,00000000d64c2a40,000000002ed3fc27,bfddc7c4b20000000000,bfddc7c4b20000000000,00000000aec7c4b2,3400,7000,00003f80,2,42,2,2,6,bffba569b80000000000,3000,3400
FPREM_completed,24,RD,random,56,SINGLE_INSTRUCTION_VALUE_MISMATCH,00000000d64c2a40,000000002ed3fc27,bfddc7c4b20000000000,bfddc7c4b20000000000,00000000aec7c4b2,3400,7000,00003f80,2,42,2,2,6,bffba569b80000000000,3000,3400
FPREM_completed,24,RD,random,56,SINGLE_INSTRUCTION_C2_PARTIAL,00000000d64c2a40,000000002ed3fc27,bfddc7c4b20000000000,bfddc7c4b20000000000,00000000aec7c4b2,3400,7000,00003f80,2,42,2,2,6,bffba569b80000000000,3000,3400
FPREM_completed,24,RD,random,61,X87_MULTISTEP,00000000f2e371c2,000000001af5266f,bfb4fed6c20000000000,bfb4fed6c20000000000,000000009a7ed6c2,3400,3200,00003f80,4,89,1,1,7,c032e781c00000000000,3000,3400
FPREM_completed,24,RD,random,61,QUOTIENT_SIGNED_BITS_DIFFER,00000000f2e371c2,000000001af5266f,bfb4fed6c20000000000,bfb4fed6c20000000000,000000009a7ed6c2,3400,3200,00003f80,4,89,1,1,7,c032e781c00000000000,3000,3400
FPREM_completed,24,RD,random,61,SINGLE_INSTRUCTION_VALUE_MISMATCH,00000000f2e371c2,000000001af5266f,bfb4fed6c20000000000,bfb4fed6c20000000000,000000009a7ed6c2,3400,3200,00003f80,4,89,1,1,7,c032e781c00000000000,3000,3400
FPREM_completed,24,RD,random,61,SINGLE_INSTRUCTION_C2_PARTIAL,00000000f2e371c2,000000001af5266f,bfb4fed6c20000000000,bfb4fed6c20000000000,000000009a7ed6c2,3400,3200,00003f80,4,89,1,1,7,c032e781c00000000000,3000,3400
FPREM_completed,24,RD,random,64,INVALID_OR_NONFINITE_INPUT,00000000fff5b85a,00000000eacc0f02,fffff5b85a0000000000,fffff5b85a0000000000,00000000fff5b85a,3000,3000,00003f80,1,0,0,0,0,fffff5b85a0000000000,3000,3000
FPREM_completed,24,RD,random,64,NAN_RESULT,00000000fff5b85a,00000000eacc0f02,fffff5b85a0000000000,fffff5b85a0000000000,00000000fff5b85a,3000,3000,00003f80,1,0,0,0,0,fffff5b85a0000000000,3000,3000
FPREM_completed,24,RD,random,66,X87_MULTISTEP,000000005f3aad52,000000009b4b2844,3fb4bbe3700000000000,3fb4bbe3700000000000,000000001a3be370,3400,3200,00003f80,3,62,1,1,7,4011f252800000000000,3000,3400
FPREM_completed,24,RD,random,66,QUOTIENT_SIGNED_BITS_DIFFER,000000005f3aad52,000000009b4b2844,3fb4bbe3700000000000,3fb4bbe3700000000000,000000001a3be370,3400,3200,00003f80,3,62,1,1,7,4011f252800000000000,3000,3400
FPREM_completed,24,RD,random,66,SINGLE_INSTRUCTION_VALUE_MISMATCH,000000005f3aad52,000000009b4b2844,3fb4bbe3700000000000,3fb4bbe3700000000000,000000001a3be370,3400,3200,00003f80,3,62,1,1,7,4011f252800000000000,3000,3400
FPREM_completed,24,RD,random,66,SINGLE_INSTRUCTION_C2_PARTIAL,000000005f3aad52,000000009b4b2844,3fb4bbe3700000000000,3fb4bbe3700000000000,000000001a3be370,3400,3200,00003f80,3,62,1,1,7,4011f252800000000000,3000,3400
FPREM_completed,24,RD,random,69,QUOTIENT_SIGNED_BITS_DIFFER,000000003e68031a,000000009f05d035,3fbc8072ac0000000000,3fbc8072ac0000000000,000000001e0072ac,3000,3200,00003f80,1,35,1,1,7,3fbc8072ac0000000000,3000,3200
FPREM_completed,24,RD,random,70,X87_MULTISTEP,00000000d5c993fc,0000000089bf1655,bf92d5c32e0000000000,bf92d5c32e0000000000,000000008955c32e,3400,3300,00003f80,3,85,5,5,5,bff3a4abea0000000000,3000,3400
FPREM_completed,24,RD,random,70,SINGLE_INSTRUCTION_VALUE_MISMATCH,00000000d5c993fc,0000000089bf1655,bf92d5c32e0000000000,bf92d5c32e0000000000,000000008955c32e,3400,3300,00003f80,3,85,5,5,5,bff3a4abea0000000000,3000,3400
FPREM_completed,24,RD,random,70,SINGLE_INSTRUCTION_C2_PARTIAL,00000000d5c993fc,0000000089bf1655,bf92d5c32e0000000000,bf92d5c32e0000000000,000000008955c32e,3400,3300,00003f80,3,85,5,5,5,bff3a4abea0000000000,3000,3400
FPREM_completed,24,RD,random,74,X87_MULTISTEP,000000007062ebf6,000000004df97796,401af05afc0000000000,401af05afc0000000000,000000004d705afc,3400,7200,00003f80,2,38,3,3,3,403af3d5a40000000000,3000,3400
FPREM_completed,24,RD,random,74,SINGLE_INSTRUCTION_VALUE_MISMATCH,000000007062ebf6,000000004df97796,401af05afc0000000000,401af05afc0000000000,000000004d705afc,3400,7200,00003f80,2,38,3,3,3,403af3d5a40000000000,3000,3400
FPREM_completed,24,RD,random,74,SINGLE_INSTRUCTION_C2_PARTIAL,000000007062ebf6,000000004df97796,401af05afc0000000000,401af05afc0000000000,000000004d705afc,3400,7200,00003f80,2,38,3,3,3,403af3d5a40000000000,3000,3400
FPREM_completed,24,RD,random,75,QUOTIENT_SIGNED_BITS_DIFFER,000000006f57ddd6,00000000ed03840b,405889d1080000000000,405889d1080000000000,000000006c09d108,7000,7000,00003f80,1,3,2,2,6,405889d1080000000000,3000,7000
FPREM_completed,24,RD,random,79,X87_MULTISTEP,00000000e3afd8c6,00000000aa9fe2fa,bfd4815c9c0000000000,bfd4815c9c0000000000,00000000aa015c9c,3400,3300,00003f80,3,53,5,5,5,c0158470c00000000000,3000,3400
FPREM_completed,24,RD,random,79,SINGLE_INSTRUCTION_VALUE_MISMATCH,00000000e3afd8c6,00000000aa9fe2fa,bfd4815c9c0000000000,bfd4815c9c0000000000,00000000aa015c9c,3400,3300,00003f80,3,53,5,5,5,c0158470c00000000000,3000,3400
FPREM_completed,24,RD,random,79,SINGLE_INSTRUCTION_C2_PARTIAL,00000000e3afd8c6,00000000aa9fe2fa,bfd4815c9c0000000000,bfd4815c9c0000000000,00000000aa015c9c,3400,3300,00003f80,3,53,5,5,5,c0158470c00000000000,3000,3400
FPREM_completed,24,RD,random,81,X87_MULTISTEP,000000006f201df4,00000000cd9168d5,401acb6ef60000000000,401acb6ef60000000000,000000004d4b6ef6,3400,3200,00003f80,2,34,1,1,7,4039f6df1c0000000000,3000,3400
FPREM_completed,24,RD,random,81,QUOTIENT_SIGNED_BITS_DIFFER,000000006f201df4,00000000cd9168d5,401acb6ef60000000000,401acb6ef60000000000,000000004d4b6ef6,3400,3200,00003f80,2,34,1,1,7,4039f6df1c0000000000,3000,3400
FPREM_completed,24,RD,random,81,SINGLE_INSTRUCTION_VALUE_MISMATCH,000000006f201df4,00000000cd9168d5,401acb6ef60000000000,401acb6ef60000000000,000000004d4b6ef6,3400,3200,00003f80,2,34,1,1,7,4039f6df1c0000000000,3000,3400
FPREM_completed,24,RD,random,81,SINGLE_INSTRUCTION_C2_PARTIAL,000000006f201df4,00000000cd9168d5,401acb6ef60000000000,401acb6ef60000000000,000000004d4b6ef6,3400,3200,00003f80,2,34,1,1,7,4039f6df1c0000000000,3000,3400
FPREM_completed,24,RD,random,82,X87_MULTISTEP,0000000076570397,00000000a5a9bcad,3fc983bb2c0000000000,3fc983bb2c0000000000,000000002483bb2c,3400,3200,00003f80,4,80,1,1,7,404b9472bf0000000000,3000,3400
FPREM_completed,24,RD,random,82,QUOTIENT_SIGNED_BITS_DIFFER,0000000076570397,00000000a5a9bcad,3fc983bb2c0000000000,3fc983bb2c0000000000,000000002483bb2c,3400,3200,00003f80,4,80,1,1,7,404b9472bf0000000000,3000,3400
FPREM_completed,24,RD,random,82,SINGLE_INSTRUCTION_VALUE_MISMATCH,0000000076570397,00000000a5a9bcad,3fc983bb2c0000000000,3fc983bb2c0000000000,000000002483bb2c,3400,3200,00003f80,4,80,1,1,7,404b9472bf0000000000,3000,3400
FPREM_completed,24,RD,random,82,SINGLE_INSTRUCTION_C2_PARTIAL,0000000076570397,00000000a5a9bcad,3fc983bb2c0000000000,3fc983bb2c0000000000,000000002483bb2c,3400,3200,00003f80,4,80,1,1,7,404b9472bf0000000000,3000,3400
FPREM_completed,24,RD,random,85,X87_MULTISTEP,00000000caf458ec,00000000913553de,bfa2979e1a0000000000,bfa2979e1a0000000000,0000000091179e1a,3400,3300,00003f80,2,58,5,5,5,bfdebf4da00000000000,3000,3400
FPREM_completed,24,RD,random,85,SINGLE_INSTRUCTION_VALUE_MISMATCH,00000000caf458ec,00000000913553de,bfa2979e1a0000000000,bfa2979e1a0000000000,0000000091179e1a,3400,3300,00003f80,2,58,5,5,5,bfdebf4da00000000000,3000,3400
FPREM_completed,24,RD,random,85,SINGLE_INSTRUCTION_C2_PARTIAL,00000000caf458ec,00000000913553de,bfa2979e1a0000000000,bfa2979e1a0000000000,0000000091179e1a,3400,3300,00003f80,2,58,5,5,5,bfdebf4da00000000000,3000,3400
FPREM_completed,24,RD,random,89,QUOTIENT_SIGNED_BITS_DIFFER,00000000a8dfcf6c,000000001ddd1323,bfbb867a920000000000,bfbb867a920000000000,000000009d867a92,7000,7000,00003f80,1,10,2,2,6,bfbb867a920000000000,3000,7000
FPREM_completed,24,RD,random,101,QUOTIENT_SIGNED_BITS_DIFFER,0000000070c2b1e7,00000000a6e0fa78,3fcbc445400000000000,3fcbc445400000000000,0000000025c44540,3400,7000,00003f80,3,74,2,2,6,402d8f58380000000000,3000,3400
FPREM_completed,24,RD,random,105,QUOTIENT_SIGNED_BITS_DIFFER,0000000039d4b32c,00000000838191dc,3f86afeb900000000000,3f86afeb900000000000,00000000032feb90,3400,7000,00003f80,2,57,2,2,6,3fc6f45ab80000000000,3000,3400
FPREM_completed,24,RD,random,108,QUOTIENT_SIGNED_BITS_DIFFER,0000000077d8aab0,00000000b02c7d0a,3fdec378280000000000,3fdec378280000000000,000000002f437828,3400,7300,00003f80,3,73,7,7,1,403f80e0880000000000,3000,3400
FPREM_completed,24,RD,random,109,QUOTIENT_SIGNED_BITS_DIFFER,00000000a239da83,00000000210ae6fb,bfc0c39c940000000000,bfc0c39c940000000000,00000000a0439c94,3100,3300,00003f80,1,2,5,5,3,bfc0c39c940000000000,3000,3300
FPREM_completed,24,RD,random,120,QUOTIENT_SIGNED_BITS_DIFFER,0000000051558de3,000000009e4df668,3fbccc4f880000000000,3fbccc4f880000000000,000000001e4c4f88,3400,7200,00003f80,2,55,3,3,5,3ffa9520a00000000000,3000,3400
FPREM_completed,24,RD,random,142,QUOTIENT_SIGNED_BITS_DIFFER,00000000a13b8f59,000000000ca8226b,bf989b7a520000000000,bf989b7a520000000000,000000008c1b7a52,3100,3300,00003f80,1,23,5,5,3,bf989b7a520000000000,3000,3300
FPREM_completed,24,RD,random,265,INVALID_OR_NONFINITE_INPUT,000000007fcfd6be,0000000027bb93e3,7fffcfd6be0000000000,7fffcfd6be0000000000,000000007fcfd6be,3000,3000,00003f80,1,0,0,0,0,7fffcfd6be0000000000,3000,3000
FPREM_completed,24,RD,random,265,NAN_RESULT,000000007fcfd6be,0000000027bb93e3,7fffcfd6be0000000000,7fffcfd6be0000000000,000000007fcfd6be,3000,3000,00003f80,1,0,0,0,0,7fffcfd6be0000000000,3000,3000
FPREM_completed,24,RD,random,305,EXCEPTION_FLAGS_MISMATCH,00000000804f17e9,0000000010edda30,bf809e2fd20000000000,bf809e2fd20000000000,00000000804f17e9,3002,3002,00003f80,1,0,0,0,0,bf809e2fd20000000000,3002,3002
FPREM_completed,24,RD,random,321,EXCEPTION_FLAGS_MISMATCH,000000000075586a,000000001c54d842,3f80eab0d40000000000,3f80eab0d40000000000,000000000075586a,3002,3002,00003f80,1,0,0,0,0,3f80eab0d40000000000,3002,3002
FPREM_completed,24,RD,random,578,INVALID_OR_NONFINITE_INPUT,00000000ffdbf494,00000000fc3118cd,ffffdbf4940000000000,ffffdbf4940000000000,00000000ffdbf494,3000,3000,00003f80,1,0,0,0,0,ffffdbf4940000000000,3000,3000
FPREM_completed,24,RD,random,578,NAN_RESULT,00000000ffdbf494,00000000fc3118cd,ffffdbf4940000000000,ffffdbf4940000000000,00000000ffdbf494,3000,3000,00003f80,1,0,0,0,0,ffffdbf4940000000000,3000,3000
FPREM_completed,24,RD,random,594,EXCEPTION_FLAGS_MISMATCH,0000000000487243,00000000668611c6,3f8090e4860000000000,3f8090e4860000000000,0000000000487243,3002,3002,00003f80,1,0,0,0,0,3f8090e4860000000000,3002,3002
FPREM_completed,24,RD,random,674,EXCEPTION_FLAGS_MISMATCH,00000000007b959a,00000000483ceb5b,3f80f72b340000000000,3f80f72b340000000000,00000000007b959a,3002,3002,00003f80,1,0,0,0,0,3f80f72b340000000000,3002,3002
FPREM_completed,24,RD,random,830,INVALID_OR_NONFINITE_INPUT,00000000ffa26bba,0000000064b98d15,ffffe26bba0000000000,ffffe26bba0000000000,00000000ffe26bba,3001,3001,00003f81,1,0,0,0,0,ffffe26bba0000000000,3001,3001
FPREM_completed,24,RD,random,830,NAN_RESULT,00000000ffa26bba,0000000064b98d15,ffffe26bba0000000000,ffffe26bba0000000000,00000000ffe26bba,3001,3001,00003f81,1,0,0,0,0,ffffe26bba0000000000,3001,3001
FPREM_completed,24,RD,random,893,EXCEPTION_FLAGS_MISMATCH,00000000806e6013,00000000b0908b5f,bf80dcc0260000000000,bf80dcc0260000000000,00000000806e6013,3002,3002,00003f80,1,0,0,0,0,bf80dcc0260000000000,3002,3002
FPREM_completed,24,RD,random,924,INVALID_OR_NONFINITE_INPUT,00000000fff71ab6,000000000d1d63d5,fffff71ab60000000000,fffff71ab60000000000,00000000fff71ab6,3000,3000,00003f80,1,0,0,0,0,fffff71ab60000000000,3000,3000
FPREM_completed,24,RD,random,924,NAN_RESULT,00000000fff71ab6,000000000d1d63d5,fffff71ab60000000000,fffff71ab60000000000,00000000fff71ab6,3000,3000,00003f80,1,0,0,0,0,fffff71ab60000000000,3000,3000
FPREM_completed,24,RD,random,1003,INVALID_OR_NONFINITE_INPUT,000000000c5a929d,000000007f9ad902,7fffdad9020000000000,7fffdad9020000000000,000000007fdad902,3001,3001,00003f81,1,0,0,0,0,7fffdad9020000000000,3001,3001
FPREM_completed,24,RD,random,1003,NAN_RESULT,000000000c5a929d,000000007f9ad902,7fffdad9020000000000,7fffdad9020000000000,000000007fdad902,3001,3001,00003f81,1,0,0,0,0,7fffdad9020000000000,3001,3001
FPREM_completed,24,RD,random,1105,INVALID_OR_NONFINITE_INPUT,00000000721c9fe9,00000000ff898023,ffffc980230000000000,ffffc980230000000000,00000000ffc98023,3001,3001,00003f81,1,0,0,0,0,ffffc980230000000000,3001,3001
FPREM_completed,24,RD,random,1105,NAN_RESULT,00000000721c9fe9,00000000ff898023,ffffc980230000000000,ffffc980230000000000,00000000ffc98023,3001,3001,00003f81,1,0,0,0,0,ffffc980230000000000,3001,3001
FPREM_completed,24,RD,random,1161,EXCEPTION_FLAGS_MISMATCH,00000000803806a9,000000004b857f17,bf7fe01aa40000000000,bf7fe01aa40000000000,00000000803806a9,3002,3002,00003f80,1,0,0,0,0,bf7fe01aa40000000000,3002,3002
FPREM_completed,24,RD,random,1224,EXCEPTION_FLAGS_MISMATCH,00000000005ea6b7,00000000296bde8c,3f80bd4d6e0000000000,3f80bd4d6e0000000000,00000000005ea6b7,3002,3002,00003f80,1,0,0,0,0,3f80bd4d6e0000000000,3002,3002
FPREM_completed,24,RD,random,1418,INVALID_OR_NONFINITE_INPUT,000000007a44ee35,00000000ff9ed49a,ffffded49a0000000000,ffffded49a0000000000,00000000ffded49a,3001,3001,00003f81,1,0,0,0,0,ffffded49a0000000000,3001,3001
FPREM_completed,24,RD,random,1418,NAN_RESULT,000000007a44ee35,00000000ff9ed49a,ffffded49a0000000000,ffffded49a0000000000,00000000ffded49a,3001,3001,00003f81,1,0,0,0,0,ffffded49a0000000000,3001,3001
FPREM_completed,24,RD,random,1569,INVALID_OR_NONFINITE_INPUT,00000000ffe92963,00000000c04c1a1f,ffffe929630000000000,ffffe929630000000000,00000000ffe92963,3000,3000,00003f80,1,0,0,0,0,ffffe929630000000000,3000,3000
FPREM_completed,24,RD,random,1569,NAN_RESULT,00000000ffe92963,00000000c04c1a1f,ffffe929630000000000,ffffe929630000000000,00000000ffe92963,3000,3000,00003f80,1,0,0,0,0,ffffe929630000000000,3000,3000
FPREM_completed,24,RD,random,1578,INVALID_OR_NONFINITE_INPUT,00000000ff90bbcc,0000000040304957,ffffd0bbcc0000000000,ffffd0bbcc0000000000,00000000ffd0bbcc,3001,3001,00003f81,1,0,0,0,0,ffffd0bbcc0000000000,3001,3001
FPREM_completed,24,RD,random,1578,NAN_RESULT,00000000ff90bbcc,0000000040304957,ffffd0bbcc0000000000,ffffd0bbcc0000000000,00000000ffd0bbcc,3001,3001,00003f81,1,0,0,0,0,ffffd0bbcc0000000000,3001,3001
FPREM_completed,24,RD,random,1685,INVALID_OR_NONFINITE_INPUT,000000007fe52e26,000000006884b058,7fffe52e260000000000,7fffe52e260000000000,000000007fe52e26,3000,3000,00003f80,1,0,0,0,0,7fffe52e260000000000,3000,3000
FPREM_completed,24,RD,random,1685,NAN_RESULT,000000007fe52e26,000000006884b058,7fffe52e260000000000,7fffe52e260000000000,000000007fe52e26,3000,3000,00003f80,1,0,0,0,0,7fffe52e260000000000,3000,3000
FPREM_completed,24,RD,random,1696,EXCEPTION_FLAGS_MISMATCH,0000000080114cd9,00000000a3a8614e,bf7e8a66c80000000000,bf7e8a66c80000000000,0000000080114cd9,3002,3002,00003f80,1,0,0,0,0,bf7e8a66c80000000000,3002,3002
FPREM_completed,24,RD,random,1755,INVALID_OR_NONFINITE_INPUT,000000007fbb3a11,00000000e7733929,7ffffb3a110000000000,7ffffb3a110000000000,000000007ffb3a11,3001,3001,00003f81,1,0,0,0,0,7ffffb3a110000000000,3001,3001
FPREM_completed,24,RD,random,1755,NAN_RESULT,000000007fbb3a11,00000000e7733929,7ffffb3a110000000000,7ffffb3a110000000000,000000007ffb3a11,3001,3001,00003f81,1,0,0,0,0,7ffffb3a110000000000,3001,3001
FPREM_completed,24,RD,random,1862,INVALID_OR_NONFINITE_INPUT,000000007f92c54b,000000005ca74ec7,7fffd2c54b0000000000,7fffd2c54b0000000000,000000007fd2c54b,3001,3001,00003f81,1,0,0,0,0,7fffd2c54b0000000000,3001,3001
FPREM_completed,24,RD,random,1862,NAN_RESULT,000000007f92c54b,000000005ca74ec7,7fffd2c54b0000000000,7fffd2c54b0000000000,000000007fd2c54b,3001,3001,00003f81,1,0,0,0,0,7fffd2c54b0000000000,3001,3001
FPREM_completed,24,RD,random,1867,INVALID_OR_NONFINITE_INPUT,0000000045542a5e,00000000ffb74e9f,fffff74e9f0000000000,fffff74e9f0000000000,00000000fff74e9f,3001,3001,00003f81,1,0,0,0,0,fffff74e9f0000000000,3001,3001
FPREM_completed,24,RD,random,1867,NAN_RESULT,0000000045542a5e,00000000ffb74e9f,fffff74e9f0000000000,fffff74e9f0000000000,00000000fff74e9f,3001,3001,00003f81,1,0,0,0,0,fffff74e9f0000000000,3001,3001
FPREM_completed,24,RD,random,1870,INVALID_OR_NONFINITE_INPUT,0000000087e9d2db,000000007f9ce634,7fffdce6340000000000,7fffdce6340000000000,000000007fdce634,3001,3001,00003f81,1,0,0,0,0,7fffdce6340000000000,3001,3001
FPREM_completed,24,RD,random,1870,NAN_RESULT,0000000087e9d2db,000000007f9ce634,7fffdce6340000000000,7fffdce6340000000000,000000007fdce634,3001,3001,00003f81,1,0,0,0,0,7fffdce6340000000000,3001,3001
FPREM_completed,24,RD,random,1920,INVALID_OR_NONFINITE_INPUT,000000005882ca2f,000000007fde1f8c,7fffde1f8c0000000000,7fffde1f8c0000000000,000000007fde1f8c,3000,3000,00003f80,1,0,0,0,0,7fffde1f8c0000000000,3000,3000
FPREM_completed,24,RD,random,1920,NAN_RESULT,000000005882ca2f,000000007fde1f8c,7fffde1f8c0000000000,7fffde1f8c0000000000,000000007fde1f8c,3000,3000,00003f80,1,0,0,0,0,7fffde1f8c0000000000,3000,3000
FPREM_completed,24,RD,random,2045,EXCEPTION_FLAGS_MISMATCH,00000000b4f706eb,0000000000213af5,bf7c886d800000000000,bf7c886d800000000000,000000008004436c,3402,3102,00003f80,2,43,4,4,4,bfbbeaf4400000000000,3002,3402
FPREM_completed,24,RD,random,2085,INVALID_OR_NONFINITE_INPUT,000000007f843dcd,00000000a3aa9017,7fffc43dcd0000000000,7fffc43dcd0000000000,000000007fc43dcd,3001,3001,00003f81,1,0,0,0,0,7fffc43dcd0000000000,3001,3001
FPREM_completed,24,RD,random,2085,NAN_RESULT,000000007f843dcd,00000000a3aa9017,7fffc43dcd0000000000,7fffc43dcd0000000000,000000007fc43dcd,3001,3001,00003f81,1,0,0,0,0,7fffc43dcd0000000000,3001,3001
FPREM_completed,24,RD,random,2088,INVALID_OR_NONFINITE_INPUT,000000007fa3ec23,00000000715a1f9f,7fffe3ec230000000000,7fffe3ec230000000000,000000007fe3ec23,3001,3001,00003f81,1,0,0,0,0,7fffe3ec230000000000,3001,3001
FPREM_completed,24,RD,random,2088,NAN_RESULT,000000007fa3ec23,00000000715a1f9f,7fffe3ec230000000000,7fffe3ec230000000000,000000007fe3ec23,3001,3001,00003f81,1,0,0,0,0,7fffe3ec230000000000,3001,3001
FPREM_completed,24,RD,random,2096,EXCEPTION_FLAGS_MISMATCH,0000000000139f6d,000000005bbf993f,3f7e9cfb680000000000,3f7e9cfb680000000000,0000000000139f6d,3002,3002,00003f80,1,0,0,0,0,3f7e9cfb680000000000,3002,3002
FPREM_completed,24,RD,random,2098,EXCEPTION_FLAGS_MISMATCH,0000000080371a3c,00000000b99fd606,bf7fdc68f00000000000,bf7fdc68f00000000000,0000000080371a3c,3002,3002,00003f80,1,0,0,0,0,bf7fdc68f00000000000,3002,3002
FPREM_completed,24,RD,random,2290,INVALID_OR_NONFINITE_INPUT,000000007456aac8,000000007ffafc35,7ffffafc350000000000,7ffffafc350000000000,000000007ffafc35,3000,3000,00003f80,1,0,0,0,0,7ffffafc350000000000,3000,3000
FPREM_completed,24,RD,random,2290,NAN_RESULT,000000007456aac8,000000007ffafc35,7ffffafc350000000000,7ffffafc350000000000,000000007ffafc35,3000,3000,00003f80,1,0,0,0,0,7ffffafc350000000000,3000,3000
FPREM_completed,24,RD,random,2346,INVALID_OR_NONFINITE_INPUT,00000000ff9ac52d,00000000bd639620,ffffdac52d0000000000,ffffdac52d0000000000,00000000ffdac52d,3001,3001,00003f81,1,0,0,0,0,ffffdac52d0000000000,3001,3001
FPREM_completed,24,RD,random,2346,NAN_RESULT,00000000ff9ac52d,00000000bd639620,ffffdac52d0000000000,ffffdac52d0000000000,00000000ffdac52d,3001,3001,00003f81,1,0,0,0,0,ffffdac52d0000000000,3001,3001
FPREM_completed,24,RD,random,2643,EXCEPTION_FLAGS_MISMATCH,00000000804f881c,000000001fcdb982,bf809f10380000000000,bf809f10380000000000,00000000804f881c,3002,3002,00003f80,1,0,0,0,0,bf809f10380000000000,3002,3002
FPREM_completed,24,RD,random,2681,EXCEPTION_FLAGS_MISMATCH,00000000806f4799,00000000c2b14fd6,bf80de8f320000000000,bf80de8f320000000000,00000000806f4799,3002,3002,00003f80,1,0,0,0,0,bf80de8f320000000000,3002,3002
FPREM_completed,24,RD,random,2730,EXCEPTION_FLAGS_MISMATCH,000000008025f976,0000000000a6d3f0,bf7f97e5d80000000000,bf7f97e5d80000000000,000000008025f976,3002,3002,00003f80,1,0,0,0,0,bf7f97e5d80000000000,3002,3002
FPREM_completed,24,RD,random,2769,EXCEPTION_FLAGS_MISMATCH,00000000801e5c30,000000009156f816,bf7ef2e1800000000000,bf7ef2e1800000000000,00000000801e5c30,3002,3002,00003f80,1,0,0,0,0,bf7ef2e1800000000000,3002,3002
FPREM_completed,24,RD,random,3068,EXCEPTION_FLAGS_MISMATCH,000000008037a746,00000000490c41df,bf7fde9d180000000000,bf7fde9d180000000000,000000008037a746,3002,3002,00003f80,1,0,0,0,0,bf7fde9d180000000000,3002,3002
FPREM_completed,24,RD,random,3628,EXCEPTION_FLAGS_MISMATCH,000000000076b33b,00000000d1903489,3f80ed66760000000000,3f80ed66760000000000,000000000076b33b,3002,3002,00003f80,1,0,0,0,0,3f80ed66760000000000,3002,3002
FPREM_completed,24,RD,random,3956,EXCEPTION_FLAGS_MISMATCH,00000000003f89ce,0000000033846076,3f7ffe27380000000000,3f7ffe27380000000000,00000000003f89ce,3002,3002,00003f80,1,0,0,0,0,3f7ffe27380000000000,3002,3002
FPREM_completed,24,RD,random,3999,EXCEPTION_FLAGS_MISMATCH,00000000e84d5871,00000000801680e7,bf7bbf0c000000000000,bf7bbf0c000000000000,000000008002fc30,3402,3002,00003f80,4,105,0,0,0,c01a8455000000000000,3002,3402
FPREM_completed,24,RD,random,4306,EXCEPTION_FLAGS_MISMATCH,000000006a736d7d,00000000003c65a7,3f7ee5b7e00000000000,3f7ee5b7e00000000000,00000000001cb6fc,3402,3102,00003f80,5,110,4,4,4,401f814fd40000000000,3002,3402
FPREM_completed,24,RD,random,163310,VALUE_MISMATCH,000000007fed1393,000000007fbf408e,7fffff408e0000000000,7fffed13930000000000,000000007fed1393,3001,3001,00003f81,1,0,0,0,0,7fffff408e0000000000,3001,3001
FPREM_completed,24,RD,random,181020,VALUE_MISMATCH,000000007f905a8c,00000000ffdea620,ffffdea6200000000000,7fffd05a8c0000000000,000000007fd05a8c,3001,3001,00003f81,1,0,0,0,0,ffffdea6200000000000,3001,3001
FPREM_completed,24,RD,random,187735,VALUE_MISMATCH,000000007fe26d70,000000007fa6bfcf,7fffe6bfcf0000000000,7fffe26d700000000000,000000007fe26d70,3001,3001,00003f81,1,0,0,0,0,7fffe6bfcf0000000000,3001,3001
FPREM_completed,24,RD,random,304033,VALUE_MISMATCH,00000000ffe14635,000000007ff8b845,7ffff8b8450000000000,ffffe146350000000000,00000000ffe14635,3000,3000,00003f80,1,0,0,0,0,7ffff8b8450000000000,3000,3000
FPREM_completed,24,RD,random,315406,VALUE_MISMATCH,00000000ff9b55da,000000007fa40275,7fffe402750000000000,ffffdb55da0000000000,00000000ffdb55da,3001,3001,00003f81,1,0,0,0,0,7fffe402750000000000,3001,3001
FPREM_completed,24,RD,random,369110,VALUE_MISMATCH,00000000ff95d10c,00000000ffbda807,fffffda8070000000000,ffffd5d10c0000000000,00000000ffd5d10c,3001,3001,00003f81,1,0,0,0,0,fffffda8070000000000,3001,3001
FPREM_completed,24,RD,random,735265,VALUE_MISMATCH,000000007fb03a75,000000007ffcb7c0,7ffffcb7c00000000000,7ffff03a750000000000,000000007ff03a75,3001,3001,00003f81,1,0,0,0,0,7ffffcb7c00000000000,3001,3001
FPREM_completed,24,RD,random,937141,VALUE_MISMATCH,00000000ff9f1ee7,000000007fec2531,7fffec25310000000000,ffffdf1ee70000000000,00000000ffdf1ee7,3001,3001,00003f81,1,0,0,0,0,7fffec25310000000000,3001,3001
FPREM_completed,24,RD,edge,341,VALUE_MISMATCH,000000007fc00011,00000000ff800222,ffffc002220000000000,7fffc000110000000000,000000007fc00011,3001,3001,00003f81,1,0,0,0,0,ffffc002220000000000,3001,3001
FPREM_completed,24,RU,random,0,ALL,0000000059f41037,0000000047841268,400efda4300000000000,400efda4300000000000,00000000477da430,3000,3200,00005f80,1,17,1,1,1,400efda4300000000000,3000,3200
FPREM_completed,24,RU,random,0,SINGLE_COMPLETE_FINITE_CASE,0000000059f41037,0000000047841268,400efda4300000000000,400efda4300000000000,00000000477da430,3000,3200,00005f80,1,17,1,1,1,400efda4300000000000,3000,3200
FPREM_completed,24,RU,random,1,ALL,000000001b3431aa,0000000036427b70,3fb6b431aa0000000000,3fb6b431aa0000000000,000000001b3431aa,3000,3000,00005f80,1,0,0,0,0,3fb6b431aa0000000000,3000,3000
FPREM_completed,24,RU,random,1,SINGLE_COMPLETE_FINITE_CASE,000000001b3431aa,0000000036427b70,3fb6b431aa0000000000,3fb6b431aa0000000000,000000001b3431aa,3000,3000,00005f80,1,0,0,0,0,3fb6b431aa0000000000,3000,3000
FPREM_completed,24,RU,random,2,ALL,00000000247332e7,000000007d10e6c2,3fc8f332e70000000000,3fc8f332e70000000000,00000000247332e7,3000,3000,00005f80,1,0,0,0,0,3fc8f332e70000000000,3000,3000
FPREM_completed,24,RU,random,2,SINGLE_COMPLETE_FINITE_CASE,00000000247332e7,000000007d10e6c2,3fc8f332e70000000000,3fc8f332e70000000000,00000000247332e7,3000,3000,00005f80,1,0,0,0,0,3fc8f332e70000000000,3000,3000
FPREM_completed,24,RU,random,3,ALL,00000000c6b0e40b,000000006b4079e3,c00db0e40b0000000000,c00db0e40b0000000000,00000000c6b0e40b,3000,3000,00005f80,1,0,0,0,0,c00db0e40b0000000000,3000,3000
FPREM_completed,24,RU,random,3,SINGLE_COMPLETE_FINITE_CASE,00000000c6b0e40b,000000006b4079e3,c00db0e40b0000000000,c00db0e40b0000000000,00000000c6b0e40b,3000,3000,00005f80,1,0,0,0,0,c00db0e40b0000000000,3000,3000
FPREM_completed,24,RU,random,4,ALL,000000001d88b719,000000009ffd8324,3fbb88b7190000000000,3fbb88b7190000000000,000000001d88b719,3000,3000,00005f80,1,0,0,0,0,3fbb88b7190000000000,3000,3000
FPREM_completed,24,RU,random,4,SINGLE_COMPLETE_FINITE_CASE,000000001d88b719,000000009ffd8324,3fbb88b7190000000000,3fbb88b7190000000000,000000001d88b719,3000,3000,00005f80,1,0,0,0,0,3fbb88b7190000000000,3000,3000
FPREM_completed,24,RU,random,5,ALL,000000005503e50f,00000000e65a440b,402a83e50f0000000000,402a83e50f0000000000,000000005503e50f,3000,3000,00005f80,1,0,0,0,0,402a83e50f0000000000,3000,3000
FPREM_completed,24,RU,random,5,SINGLE_COMPLETE_FINITE_CASE,000000005503e50f,00000000e65a440b,402a83e50f0000000000,402a83e50f0000000000,000000005503e50f,3000,3000,00005f80,1,0,0,0,0,402a83e50f0000000000,3000,3000
FPREM_completed,24,RU,random,6,ALL,00000000e3a7b6be,00000000304c687b,bfddc03e580000000000,bfddc03e580000000000,00000000aec03e58,3400,7300,00005f80,2,45,7,7,1,c01bf95a800000000000,3000,3400
FPREM_completed,24,RU,random,6,X87_MULTISTEP,00000000e3a7b6be,00000000304c687b,bfddc03e580000000000,bfddc03e580000000000,00000000aec03e58,3400,7300,00005f80,2,45,7,7,1,c01bf95a800000000000,3000,3400
FPREM_completed,24,RU,random,6,QUOTIENT_SIGNED_BITS_DIFFER,00000000e3a7b6be,00000000304c687b,bfddc03e580000000000,bfddc03e580000000000,00000000aec03e58,3400,7300,00005f80,2,45,7,7,1,c01bf95a800000000000,3000,3400
FPREM_completed,24,RU,random,6,SINGLE_INSTRUCTION_VALUE_MISMATCH,00000000e3a7b6be,00000000304c687b,bfddc03e580000000000,bfddc03e580000000000,00000000aec03e58,3400,7300,00005f80,2,45,7,7,1,c01bf95a800000000000,3000,3400
FPREM_completed,24,RU,random,6,SINGLE_INSTRUCTION_C2_PARTIAL,00000000e3a7b6be,00000000304c687b,bfddc03e580000000000,bfddc03e580000000000,00000000aec03e58,3400,7300,00005f80,2,45,7,7,1,c01bf95a800000000000,3000,3400
FPREM_completed,24,RU,random,7,ALL,00000000041fd13f,000000007d97cc0b,3f889fd13f0000000000,3f889fd13f0000000000,00000000041fd13f,3000,3000,00005f80,1,0,0,0,0,3f889fd13f0000000000,3000,3000
FPREM_completed,24,RU,random,7,SINGLE_COMPLETE_FINITE_CASE,00000000041fd13f,000000007d97cc0b,3f889fd13f0000000000,3f889fd13f0000000000,00000000041fd13f,3000,3000,00005f80,1,0,0,0,0,3f889fd13f0000000000,3000,3000
FPREM_completed,24,RU,random,8,ALL,00000000a70b20ff,000000008da1932d,bf98a6a0500000000000,bf98a6a0500000000000,000000008c26a050,7100,7100,00005f80,1,28,6,6,6,bf98a6a0500000000000,3000,7100
FPREM_completed,24,RU,random,8,SINGLE_COMPLETE_FINITE_CASE,00000000a70b20ff,000000008da1932d,bf98a6a0500000000000,bf98a6a0500000000000,000000008c26a050,7100,7100,00005f80,1,28,6,6,6,bf98a6a0500000000000,3000,7100
FPREM_completed,24,RU,random,9,ALL,0000000007ecca11,00000000b1112f51,3f8fecca110000000000,3f8fecca110000000000,0000000007ecca11,3000,3000,00005f80,1,0,0,0,0,3f8fecca110000000000,3000,3000
FPREM_completed,24,RU,random,9,SINGLE_COMPLETE_FINITE_CASE,0000000007ecca11,00000000b1112f51,3f8fecca110000000000,3f8fecca110000000000,0000000007ecca11,3000,3000,00005f80,1,0,0,0,0,3f8fecca110000000000,3000,3000
FPREM_completed,24,RU,random,10,ALL,0000000091069bad,000000000e54a52d,bf9bda38700000000000,bf9bda38700000000000,000000008dda3870,3000,3000,00005f80,1,2,0,0,0,bf9bda38700000000000,3000,3000
FPREM_completed,24,RU,random,10,SINGLE_COMPLETE_FINITE_CASE,0000000091069bad,000000000e54a52d,bf9bda38700000000000,bf9bda38700000000000,000000008dda3870,3000,3000,00005f80,1,2,0,0,0,bf9bda38700000000000,3000,3000
FPREM_completed,24,RU,random,11,ALL,00000000b1a55a7f,000000000e25814e,bf99bdd7e00000000000,bf99bdd7e00000000000,000000008cbdd7e0,3400,7100,00005f80,2,45,6,6,2,bfbab64c500000000000,3000,3400
FPREM_completed,24,RU,random,11,X87_MULTISTEP,00000000b1a55a7f,000000000e25814e,bf99bdd7e00000000000,bf99bdd7e00000000000,000000008cbdd7e0,3400,7100,00005f80,2,45,6,6,2,bfbab64c500000000000,3000,3400
FPREM_completed,24,RU,random,11,QUOTIENT_SIGNED_BITS_DIFFER,00000000b1a55a7f,000000000e25814e,bf99bdd7e00000000000,bf99bdd7e00000000000,000000008cbdd7e0,3400,7100,00005f80,2,45,6,6,2,bfbab64c500000000000,3000,3400
FPREM_completed,24,RU,random,11,SINGLE_INSTRUCTION_VALUE_MISMATCH,00000000b1a55a7f,000000000e25814e,bf99bdd7e00000000000,bf99bdd7e00000000000,000000008cbdd7e0,3400,7100,00005f80,2,45,6,6,2,bfbab64c500000000000,3000,3400
FPREM_completed,24,RU,random,11,SINGLE_INSTRUCTION_C2_PARTIAL,00000000b1a55a7f,000000000e25814e,bf99bdd7e00000000000,bf99bdd7e00000000000,000000008cbdd7e0,3400,7100,00005f80,2,45,6,6,2,bfbab64c500000000000,3000,3400
FPREM_completed,24,RU,random,12,ALL,0000000049bee1a0,00000000fb70df6d,4013bee1a00000000000,4013bee1a00000000000,0000000049bee1a0,3000,3000,00005f80,1,0,0,0,0,4013bee1a00000000000,3000,3000
FPREM_completed,24,RU,random,12,SINGLE_COMPLETE_FINITE_CASE,0000000049bee1a0,00000000fb70df6d,4013bee1a00000000000,4013bee1a00000000000,0000000049bee1a0,3000,3000,00005f80,1,0,0,0,0,4013bee1a00000000000,3000,3000
FPREM_completed,24,RU,random,13,ALL,00000000237f2b9d,000000004f44c27e,3fc6ff2b9d0000000000,3fc6ff2b9d0000000000,00000000237f2b9d,3000,3000,00005f80,1,0,0,0,0,3fc6ff2b9d0000000000,3000,3000
FPREM_completed,24,RU,random,13,SINGLE_COMPLETE_FINITE_CASE,00000000237f2b9d,000000004f44c27e,3fc6ff2b9d0000000000,3fc6ff2b9d0000000000,00000000237f2b9d,3000,3000,00005f80,1,0,0,0,0,3fc6ff2b9d0000000000,3000,3000
FPREM_completed,24,RU,random,14,ALL,00000000d1805aff,00000000c49fca9b,c00889fa340000000000,c00889fa340000000000,00000000c409fa34,7000,7000,00005f80,1,11,2,2,2,c00889fa340000000000,3000,7000
FPREM_completed,24,RU,random,14,SINGLE_COMPLETE_FINITE_CASE,00000000d1805aff,00000000c49fca9b,c00889fa340000000000,c00889fa340000000000,00000000c409fa34,7000,7000,00005f80,1,11,2,2,2,c00889fa340000000000,3000,7000
FPREM_completed,24,RU,random,15,ALL,00000000190f62c4,00000000462405c7,3fb28f62c40000000000,3fb28f62c40000000000,00000000190f62c4,3000,3000,00005f80,1,0,0,0,0,3fb28f62c40000000000,3000,3000
FPREM_completed,24,RU,random,15,SINGLE_COMPLETE_FINITE_CASE,00000000190f62c4,00000000462405c7,3fb28f62c40000000000,3fb28f62c40000000000,00000000190f62c4,3000,3000,00005f80,1,0,0,0,0,3fb28f62c40000000000,3000,3000
FPREM_completed,24,RU,random,16,ALL,00000000d28a21d8,00000000a86d8353,bfd0a7fc470000000000,bfd0a7fc470000000000,00000000a827fc47,3400,7200,00005f80,2,48,3,3,3,bfefba7a8a0000000000,3000,3400
FPREM_completed,24,RU,random,16,X87_MULTISTEP,00000000d28a21d8,00000000a86d8353,bfd0a7fc470000000000,bfd0a7fc470000000000,00000000a827fc47,3400,7200,00005f80,2,48,3,3,3,bfefba7a8a0000000000,3000,3400
FPREM_completed,24,RU,random,16,SINGLE_INSTRUCTION_VALUE_MISMATCH,00000000d28a21d8,00000000a86d8353,bfd0a7fc470000000000,bfd0a7fc470000000000,00000000a827fc47,3400,7200,00005f80,2,48,3,3,3,bfefba7a8a0000000000,3000,3400
FPREM_completed,24,RU,random,16,SINGLE_INSTRUCTION_C2_PARTIAL,00000000d28a21d8,00000000a86d8353,bfd0a7fc470000000000,bfd0a7fc470000000000,00000000a827fc47,3400,7200,00005f80,2,48,3,3,3,bfefba7a8a0000000000,3000,3400
FPREM_completed,24,RU,random,17,ALL,000000001bae6945,00000000f189085d,3fb7ae69450000000000,3fb7ae69450000000000,000000001bae6945,3000,3000,00005f80,1,0,0,0,0,3fb7ae69450000000000,3000,3000
FPREM_completed,24,RU,random,17,SINGLE_COMPLETE_FINITE_CASE,000000001bae6945,00000000f189085d,3fb7ae69450000000000,3fb7ae69450000000000,000000001bae6945,3000,3000,00005f80,1,0,0,0,0,3fb7ae69450000000000,3000,3000
FPREM_completed,24,RU,random,18,ALL,0000000067a4546d,00000000f22bfcd7,404fa4546d0000000000,404fa4546d0000000000,0000000067a4546d,3000,3000,00005f80,1,0,0,0,0,404fa4546d0000000000,3000,3000
FPREM_completed,24,RU,random,18,SINGLE_COMPLETE_FINITE_CASE,0000000067a4546d,00000000f22bfcd7,404fa4546d0000000000,404fa4546d0000000000,0000000067a4546d,3000,3000,00005f80,1,0,0,0,0,404fa4546d0000000000,3000,3000
FPREM_completed,24,RU,random,19,ALL,00000000d94c71bc,000000003aa528a2,bff3c3ccb00000000000,bff3c3ccb00000000000,00000000b9c3ccb0,7000,7000,00005f80,1,38,2,2,6,bff3c3ccb00000000000,3000,7000
FPREM_completed,24,RU,random,19,QUOTIENT_SIGNED_BITS_DIFFER,00000000d94c71bc,000000003aa528a2,bff3c3ccb00000000000,bff3c3ccb00000000000,00000000b9c3ccb0,7000,7000,00005f80,1,38,2,2,6,bff3c3ccb00000000000,3000,7000
FPREM_completed,24,RU,random,19,SINGLE_COMPLETE_FINITE_CASE,00000000d94c71bc,000000003aa528a2,bff3c3ccb00000000000,bff3c3ccb00000000000,00000000b9c3ccb0,7000,7000,00005f80,1,38,2,2,6,bff3c3ccb00000000000,3000,7000
FPREM_completed,24,RU,random,20,SINGLE_COMPLETE_FINITE_CASE,0000000014b3258b,00000000d5414b93,3fa9b3258b0000000000,3fa9b3258b0000000000,0000000014b3258b,3000,3000,00005f80,1,0,0,0,0,3fa9b3258b0000000000,3000,3000
FPREM_completed,24,RU,random,21,SINGLE_COMPLETE_FINITE_CASE,000000000200d818,000000008251e8ff,3f8480d8180000000000,3f8480d8180000000000,000000000200d818,3000,3000,00005f80,1,0,0,0,0,3f8480d8180000000000,3000,3000
FPREM_completed,24,RU,random,22,SINGLE_COMPLETE_FINITE_CASE,00000000068ce4c8,00000000c4042814,3f8d8ce4c80000000000,3f8d8ce4c80000000000,00000000068ce4c8,3000,3000,00005f80,1,0,0,0,0,3f8d8ce4c80000000000,3000,3000
FPREM_completed,24,RU,random,28,X87_MULTISTEP,00000000770d693a,00000000d46d3116,40289f4dd60000000000,40289f4dd60000000000,00000000541f4dd6,3400,7300,00005f80,2,42,7,7,1,4048a62e040000000000,3000,3400
FPREM_completed,24,RU,random,28,QUOTIENT_SIGNED_BITS_DIFFER,00000000770d693a,00000000d46d3116,40289f4dd60000000000,40289f4dd60000000000,00000000541f4dd6,3400,7300,00005f80,2,42,7,7,1,4048a62e040000000000,3000,3400
FPREM_completed,24,RU,random,28,SINGLE_INSTRUCTION_VALUE_MISMATCH,00000000770d693a,00000000d46d3116,40289f4dd60000000000,40289f4dd60000000000,00000000541f4dd6,3400,7300,00005f80,2,42,7,7,1,4048a62e040000000000,3000,3400
FPREM_completed,24,RU,random,28,SINGLE_INSTRUCTION_C2_PARTIAL,00000000770d693a,00000000d46d3116,40289f4dd60000000000,40289f4dd60000000000,00000000541f4dd6,3400,7300,00005f80,2,42,7,7,1,4048a62e040000000000,3000,3400
FPREM_completed,24,RU,random,32,QUOTIENT_SIGNED_BITS_DIFFER,00000000f9bd2af4,000000006a6f1ee1,c054857bf10000000000,c054857bf10000000000,00000000ea057bf1,7100,7300,00005f80,1,16,7,7,1,c054857bf10000000000,3000,7300
FPREM_completed,24,RU,random,37,X87_MULTISTEP,00000000fc6000ba,00000000ac78ca42,bfd89f7b740000000000,bfd89f7b740000000000,00000000ac1f7b74,3400,7100,00005f80,4,86,6,6,6,c0588b44260000000000,3000,3400
FPREM_completed,24,RU,random,37,SINGLE_INSTRUCTION_VALUE_MISMATCH,00000000fc6000ba,00000000ac78ca42,bfd89f7b740000000000,bfd89f7b740000000000,00000000ac1f7b74,3400,7100,00005f80,4,86,6,6,6,c0588b44260000000000,3000,3400
FPREM_completed,24,RU,random,37,SINGLE_INSTRUCTION_C2_PARTIAL,00000000fc6000ba,00000000ac78ca42,bfd89f7b740000000000,bfd89f7b740000000000,00000000ac1f7b74,3400,7100,00005f80,4,86,6,6,6,c0588b44260000000000,3000,3400
FPREM_completed,24,RU,random,38,X87_MULTISTEP,000000007578251a,000000000977c35b,3f8dc91b000000000000,3f8dc91b000000000000,0000000006c91b00,3400,3000,00005f80,4,108,0,0,0,4032d8a8470000000000,3000,3400
FPREM_completed,24,RU,random,38,SINGLE_INSTRUCTION_VALUE_MISMATCH,000000007578251a,000000000977c35b,3f8dc91b000000000000,3f8dc91b000000000000,0000000006c91b00,3400,3000,00005f80,4,108,0,0,0,4032d8a8470000000000,3000,3400
FPREM_completed,24,RU,random,38,SINGLE_INSTRUCTION_C2_PARTIAL,000000007578251a,000000000977c35b,3f8dc91b000000000000,3f8dc91b000000000000,0000000006c91b00,3400,3000,00005f80,4,108,0,0,0,4032d8a8470000000000,3000,3400
FPREM_completed,24,RU,random,41,X87_MULTISTEP,0000000078a5afe8,00000000512f554a,4021c42a4c0000000000,4021c42a4c0000000000,0000000050c42a4c,3400,3200,00005f80,2,45,1,1,1,404288e2de0000000000,3000,3400
FPREM_completed,24,RU,random,41,SINGLE_INSTRUCTION_VALUE_MISMATCH,0000000078a5afe8,00000000512f554a,4021c42a4c0000000000,4021c42a4c0000000000,0000000050c42a4c,3400,3200,00005f80,2,45,1,1,1,404288e2de0000000000,3000,3400
FPREM_completed,24,RU,random,41,SINGLE_INSTRUCTION_C2_PARTIAL,0000000078a5afe8,00000000512f554a,4021c42a4c0000000000,4021c42a4c0000000000,0000000050c42a4c,3400,3200,00005f80,2,45,1,1,1,404288e2de0000000000,3000,3400
FPREM_completed,24,RU,random,43,X87_MULTISTEP,00000000f127fc8e,000000000abc999e,bf90d938400000000000,bf90d938400000000000,0000000088593840,3400,3200,00005f80,4,93,1,1,7,c032da1f700000000000,3000,3400
FPREM_completed,24,RU,random,43,QUOTIENT_SIGNED_BITS_DIFFER,00000000f127fc8e,000000000abc999e,bf90d938400000000000,bf90d938400000000000,0000000088593840,3400,3200,00005f80,4,93,1,1,7,c032da1f700000000000,3000,3400
FPREM_completed,24,RU,random,43,SINGLE_INSTRUCTION_VALUE_MISMATCH,00000000f127fc8e,000000000abc999e,bf90d938400000000000,bf90d938400000000000,0000000088593840,3400,3200,00005f80,4,93,1,1,7,c032da1f700000000000,3000,3400
FPREM_completed,24,RU,random,43,SINGLE_INSTRUCTION_C2_PARTIAL,00000000f127fc8e,000000000abc999e,bf90d938400000000000,bf90d938400000000000,0000000088593840,3400,3200,00005f80,4,93,1,1,7,c032da1f700000000000,3000,3400
FPREM_completed,24,RU,random,49,X87_MULTISTEP,00000000de56c7a7,000000008ec78966,bf9d9dc89e0000000000,bf9d9dc89e0000000000,000000008e9dc89e,3400,7200,00005f80,3,81,3,3,3,bffc8659540000000000,3000,3400
FPREM_completed,24,RU,random,49,SINGLE_INSTRUCTION_VALUE_MISMATCH,00000000de56c7a7,000000008ec78966,bf9d9dc89e0000000000,bf9d9dc89e0000000000,000000008e9dc89e,3400,7200,00005f80,3,81,3,3,3,bffc8659540000000000,3000,3400
FPREM_completed,24,RU,random,49,SINGLE_INSTRUCTION_C2_PARTIAL,00000000de56c7a7,000000008ec78966,bf9d9dc89e0000000000,bf9d9dc89e0000000000,000000008e9dc89e,3400,7200,00005f80,3,81,3,3,3,bffc8659540000000000,3000,3400
FPREM_completed,24,RU,random,50,X87_MULTISTEP,0000000073970392,00000000ab67d52d,3fd6beb2b80000000000,3fd6beb2b80000000000,000000002b3eb2b8,3400,3000,00005f80,3,67,0,0,0,4036d002660000000000,3000,3400
FPREM_completed,24,RU,random,50,SINGLE_INSTRUCTION_VALUE_MISMATCH,0000000073970392,00000000ab67d52d,3fd6beb2b80000000000,3fd6beb2b80000000000,000000002b3eb2b8,3400,3000,00005f80,3,67,0,0,0,4036d002660000000000,3000,3400
FPREM_completed,24,RU,random,50,SINGLE_INSTRUCTION_C2_PARTIAL,0000000073970392,00000000ab67d52d,3fd6beb2b80000000000,3fd6beb2b80000000000,000000002b3eb2b8,3400,3000,00005f80,3,67,0,0,0,4036d002660000000000,3000,3400
FPREM_completed,24,RU,random,54,X87_MULTISTEP,000000006d4aacef,000000003b078ed6,3ff5a686000000000000,3ff5a686000000000000,000000003aa68600,3400,3000,00005f80,2,57,0,0,0,4034e912580000000000,3000,3400
FPREM_completed,24,RU,random,54,SINGLE_INSTRUCTION_VALUE_MISMATCH,000000006d4aacef,000000003b078ed6,3ff5a686000000000000,3ff5a686000000000000,000000003aa68600,3400,3000,00005f80,2,57,0,0,0,4034e912580000000000,3000,3400
FPREM_completed,24,RU,random,54,SINGLE_INSTRUCTION_C2_PARTIAL,000000006d4aacef,000000003b078ed6,3ff5a686000000000000,3ff5a686000000000000,000000003aa68600,3400,3000,00005f80,2,57,0,0,0,4034e912580000000000,3000,3400
FPREM_completed,24,RU,random,56,X87_MULTISTEP,00000000d64c2a40,000000002ed3fc27,bfddc7c4b20000000000,bfddc7c4b20000000000,00000000aec7c4b2,3400,7000,00005f80,2,42,2,2,6,bffba569b80000000000,3000,3400
FPREM_completed,24,RU,random,56,QUOTIENT_SIGNED_BITS_DIFFER,00000000d64c2a40,000000002ed3fc27,bfddc7c4b20000000000,bfddc7c4b20000000000,00000000aec7c4b2,3400,7000,00005f80,2,42,2,2,6,bffba569b80000000000,3000,3400
FPREM_completed,24,RU,random,56,SINGLE_INSTRUCTION_VALUE_MISMATCH,00000000d64c2a40,000000002ed3fc27,bfddc7c4b20000000000,bfddc7c4b20000000000,00000000aec7c4b2,3400,7000,00005f80,2,42,2,2,6,bffba569b80000000000,3000,3400
FPREM_completed,24,RU,random,56,SINGLE_INSTRUCTION_C2_PARTIAL,00000000d64c2a40,000000002ed3fc27,bfddc7c4b20000000000,bfddc7c4b20000000000,00000000aec7c4b2,3400,7000,00005f80,2,42,2,2,6,bffba569b80000000000,3000,3400
FPREM_completed,24,RU,random,61,X87_MULTISTEP,00000000f2e371c2,000000001af5266f,bfb4fed6c20000000000,bfb4fed6c20000000000,000000009a7ed6c2,3400,3200,00005f80,4,89,1,1,7,c032e781c00000000000,3000,3400
FPREM_completed,24,RU,random,61,QUOTIENT_SIGNED_BITS_DIFFER,00000000f2e371c2,000000001af5266f,bfb4fed6c20000000000,bfb4fed6c20000000000,000000009a7ed6c2,3400,3200,00005f80,4,89,1,1,7,c032e781c00000000000,3000,3400
FPREM_completed,24,RU,random,61,SINGLE_INSTRUCTION_VALUE_MISMATCH,00000000f2e371c2,000000001af5266f,bfb4fed6c20000000000,bfb4fed6c20000000000,000000009a7ed6c2,3400,3200,00005f80,4,89,1,1,7,c032e781c00000000000,3000,3400
FPREM_completed,24,RU,random,61,SINGLE_INSTRUCTION_C2_PARTIAL,00000000f2e371c2,000000001af5266f,bfb4fed6c20000000000,bfb4fed6c20000000000,000000009a7ed6c2,3400,3200,00005f80,4,89,1,1,7,c032e781c00000000000,3000,3400
FPREM_completed,24,RU,random,64,INVALID_OR_NONFINITE_INPUT,00000000fff5b85a,00000000eacc0f02,fffff5b85a0000000000,fffff5b85a0000000000,00000000fff5b85a,3000,3000,00005f80,1,0,0,0,0,fffff5b85a0000000000,3000,3000
FPREM_completed,24,RU,random,64,NAN_RESULT,00000000fff5b85a,00000000eacc0f02,fffff5b85a0000000000,fffff5b85a0000000000,00000000fff5b85a,3000,3000,00005f80,1,0,0,0,0,fffff5b85a0000000000,3000,3000
FPREM_completed,24,RU,random,66,X87_MULTISTEP,000000005f3aad52,000000009b4b2844,3fb4bbe3700000000000,3fb4bbe3700000000000,000000001a3be370,3400,3200,00005f80,3,62,1,1,7,4011f252800000000000,3000,3400
FPREM_completed,24,RU,random,66,QUOTIENT_SIGNED_BITS_DIFFER,000000005f3aad52,000000009b4b2844,3fb4bbe3700000000000,3fb4bbe3700000000000,000000001a3be370,3400,3200,00005f80,3,62,1,1,7,4011f252800000000000,3000,3400
FPREM_completed,24,RU,random,66,SINGLE_INSTRUCTION_VALUE_MISMATCH,000000005f3aad52,000000009b4b2844,3fb4bbe3700000000000,3fb4bbe3700000000000,000000001a3be370,3400,3200,00005f80,3,62,1,1,7,4011f252800000000000,3000,3400
FPREM_completed,24,RU,random,66,SINGLE_INSTRUCTION_C2_PARTIAL,000000005f3aad52,000000009b4b2844,3fb4bbe3700000000000,3fb4bbe3700000000000,000000001a3be370,3400,3200,00005f80,3,62,1,1,7,4011f252800000000000,3000,3400
FPREM_completed,24,RU,random,69,QUOTIENT_SIGNED_BITS_DIFFER,000000003e68031a,000000009f05d035,3fbc8072ac0000000000,3fbc8072ac0000000000,000000001e0072ac,3000,3200,00005f80,1,35,1,1,7,3fbc8072ac0000000000,3000,3200
FPREM_completed,24,RU,random,70,X87_MULTISTEP,00000000d5c993fc,0000000089bf1655,bf92d5c32e0000000000,bf92d5c32e0000000000,000000008955c32e,3400,3300,00005f80,3,85,5,5,5,bff3a4abea0000000000,3000,3400
FPREM_completed,24,RU,random,70,SINGLE_INSTRUCTION_VALUE_MISMATCH,00000000d5c993fc,0000000089bf1655,bf92d5c32e0000000000,bf92d5c32e0000000000,000000008955c32e,3400,3300,00005f80,3,85,5,5,5,bff3a4abea0000000000,3000,3400
FPREM_completed,24,RU,random,70,SINGLE_INSTRUCTION_C2_PARTIAL,00000000d5c993fc,0000000089bf1655,bf92d5c32e0000000000,bf92d5c32e0000000000,000000008955c32e,3400,3300,00005f80,3,85,5,5,5,bff3a4abea0000000000,3000,3400
FPREM_completed,24,RU,random,74,X87_MULTISTEP,000000007062ebf6,000000004df97796,401af05afc0000000000,401af05afc0000000000,000000004d705afc,3400,7200,00005f80,2,38,3,3,3,403af3d5a40000000000,3000,3400
FPREM_completed,24,RU,random,74,SINGLE_INSTRUCTION_VALUE_MISMATCH,000000007062ebf6,000000004df97796,401af05afc0000000000,401af05afc0000000000,000000004d705afc,3400,7200,00005f80,2,38,3,3,3,403af3d5a40000000000,3000,3400
FPREM_completed,24,RU,random,74,SINGLE_INSTRUCTION_C2_PARTIAL,000000007062ebf6,000000004df97796,401af05afc0000000000,401af05afc0000000000,000000004d705afc,3400,7200,00005f80,2,38,3,3,3,403af3d5a40000000000,3000,3400
FPREM_completed,24,RU,random,75,QUOTIENT_SIGNED_BITS_DIFFER,000000006f57ddd6,00000000ed03840b,405889d1080000000000,405889d1080000000000,000000006c09d108,7000,7000,00005f80,1,3,2,2,6,405889d1080000000000,3000,7000
FPREM_completed,24,RU,random,79,X87_MULTISTEP,00000000e3afd8c6,00000000aa9fe2fa,bfd4815c9c0000000000,bfd4815c9c0000000000,00000000aa015c9c,3400,3300,00005f80,3,53,5,5,5,c0158470c00000000000,3000,3400
FPREM_completed,24,RU,random,79,SINGLE_INSTRUCTION_VALUE_MISMATCH,00000000e3afd8c6,00000000aa9fe2fa,bfd4815c9c0000000000,bfd4815c9c0000000000,00000000aa015c9c,3400,3300,00005f80,3,53,5,5,5,c0158470c00000000000,3000,3400
FPREM_completed,24,RU,random,79,SINGLE_INSTRUCTION_C2_PARTIAL,00000000e3afd8c6,00000000aa9fe2fa,bfd4815c9c0000000000,bfd4815c9c0000000000,00000000aa015c9c,3400,3300,00005f80,3,53,5,5,5,c0158470c00000000000,3000,3400
FPREM_completed,24,RU,random,81,X87_MULTISTEP,000000006f201df4,00000000cd9168d5,401acb6ef60000000000,401acb6ef60000000000,000000004d4b6ef6,3400,3200,00005f80,2,34,1,1,7,4039f6df1c0000000000,3000,3400
FPREM_completed,24,RU,random,81,QUOTIENT_SIGNED_BITS_DIFFER,000000006f201df4,00000000cd9168d5,401acb6ef60000000000,401acb6ef60000000000,000000004d4b6ef6,3400,3200,00005f80,2,34,1,1,7,4039f6df1c0000000000,3000,3400
FPREM_completed,24,RU,random,81,SINGLE_INSTRUCTION_VALUE_MISMATCH,000000006f201df4,00000000cd9168d5,401acb6ef60000000000,401acb6ef60000000000,000000004d4b6ef6,3400,3200,00005f80,2,34,1,1,7,4039f6df1c0000000000,3000,3400
FPREM_completed,24,RU,random,81,SINGLE_INSTRUCTION_C2_PARTIAL,000000006f201df4,00000000cd9168d5,401acb6ef60000000000,401acb6ef60000000000,000000004d4b6ef6,3400,3200,00005f80,2,34,1,1,7,4039f6df1c0000000000,3000,3400
FPREM_completed,24,RU,random,82,X87_MULTISTEP,0000000076570397,00000000a5a9bcad,3fc983bb2c0000000000,3fc983bb2c0000000000,000000002483bb2c,3400,3200,00005f80,4,80,1,1,7,404b9472bf0000000000,3000,3400
FPREM_completed,24,RU,random,82,QUOTIENT_SIGNED_BITS_DIFFER,0000000076570397,00000000a5a9bcad,3fc983bb2c0000000000,3fc983bb2c0000000000,000000002483bb2c,3400,3200,00005f80,4,80,1,1,7,404b9472bf0000000000,3000,3400
FPREM_completed,24,RU,random,82,SINGLE_INSTRUCTION_VALUE_MISMATCH,0000000076570397,00000000a5a9bcad,3fc983bb2c0000000000,3fc983bb2c0000000000,000000002483bb2c,3400,3200,00005f80,4,80,1,1,7,404b9472bf0000000000,3000,3400
FPREM_completed,24,RU,random,82,SINGLE_INSTRUCTION_C2_PARTIAL,0000000076570397,00000000a5a9bcad,3fc983bb2c0000000000,3fc983bb2c0000000000,000000002483bb2c,3400,3200,00005f80,4,80,1,1,7,404b9472bf0000000000,3000,3400
FPREM_completed,24,RU,random,85,X87_MULTISTEP,00000000caf458ec,00000000913553de,bfa2979e1a0000000000,bfa2979e1a0000000000,0000000091179e1a,3400,3300,00005f80,2,58,5,5,5,bfdebf4da00000000000,3000,3400
FPREM_completed,24,RU,random,85,SINGLE_INSTRUCTION_VALUE_MISMATCH,00000000caf458ec,00000000913553de,bfa2979e1a0000000000,bfa2979e1a0000000000,0000000091179e1a,3400,3300,00005f80,2,58,5,5,5,bfdebf4da00000000000,3000,3400
FPREM_completed,24,RU,random,85,SINGLE_INSTRUCTION_C2_PARTIAL,00000000caf458ec,00000000913553de,bfa2979e1a0000000000,bfa2979e1a0000000000,0000000091179e1a,3400,3300,00005f80,2,58,5,5,5,bfdebf4da00000000000,3000,3400
FPREM_completed,24,RU,random,89,QUOTIENT_SIGNED_BITS_DIFFER,00000000a8dfcf6c,000000001ddd1323,bfbb867a920000000000,bfbb867a920000000000,000000009d867a92,7000,7000,00005f80,1,10,2,2,6,bfbb867a920000000000,3000,7000
FPREM_completed,24,RU,random,101,QUOTIENT_SIGNED_BITS_DIFFER,0000000070c2b1e7,00000000a6e0fa78,3fcbc445400000000000,3fcbc445400000000000,0000000025c44540,3400,7000,00005f80,3,74,2,2,6,402d8f58380000000000,3000,3400
FPREM_completed,24,RU,random,105,QUOTIENT_SIGNED_BITS_DIFFER,0000000039d4b32c,00000000838191dc,3f86afeb900000000000,3f86afeb900000000000,00000000032feb90,3400,7000,00005f80,2,57,2,2,6,3fc6f45ab80000000000,3000,3400
FPREM_completed,24,RU,random,108,QUOTIENT_SIGNED_BITS_DIFFER,0000000077d8aab0,00000000b02c7d0a,3fdec378280000000000,3fdec378280000000000,000000002f437828,3400,7300,00005f80,3,73,7,7,1,403f80e0880000000000,3000,3400
FPREM_completed,24,RU,random,109,QUOTIENT_SIGNED_BITS_DIFFER,00000000a239da83,00000000210ae6fb,bfc0c39c940000000000,bfc0c39c940000000000,00000000a0439c94,3100,3300,00005f80,1,2,5,5,3,bfc0c39c940000000000,3000,3300
FPREM_completed,24,RU,random,120,QUOTIENT_SIGNED_BITS_DIFFER,0000000051558de3,000000009e4df668,3fbccc4f880000000000,3fbccc4f880000000000,000000001e4c4f88,3400,7200,00005f80,2,55,3,3,5,3ffa9520a00000000000,3000,3400
FPREM_completed,24,RU,random,142,QUOTIENT_SIGNED_BITS_DIFFER,00000000a13b8f59,000000000ca8226b,bf989b7a520000000000,bf989b7a520000000000,000000008c1b7a52,3100,3300,00005f80,1,23,5,5,3,bf989b7a520000000000,3000,3300
FPREM_completed,24,RU,random,265,INVALID_OR_NONFINITE_INPUT,000000007fcfd6be,0000000027bb93e3,7fffcfd6be0000000000,7fffcfd6be0000000000,000000007fcfd6be,3000,3000,00005f80,1,0,0,0,0,7fffcfd6be0000000000,3000,3000
FPREM_completed,24,RU,random,265,NAN_RESULT,000000007fcfd6be,0000000027bb93e3,7fffcfd6be0000000000,7fffcfd6be0000000000,000000007fcfd6be,3000,3000,00005f80,1,0,0,0,0,7fffcfd6be0000000000,3000,3000
FPREM_completed,24,RU,random,305,EXCEPTION_FLAGS_MISMATCH,00000000804f17e9,0000000010edda30,bf809e2fd20000000000,bf809e2fd20000000000,00000000804f17e9,3002,3002,00005f80,1,0,0,0,0,bf809e2fd20000000000,3002,3002
FPREM_completed,24,RU,random,321,EXCEPTION_FLAGS_MISMATCH,000000000075586a,000000001c54d842,3f80eab0d40000000000,3f80eab0d40000000000,000000000075586a,3002,3002,00005f80,1,0,0,0,0,3f80eab0d40000000000,3002,3002
FPREM_completed,24,RU,random,578,INVALID_OR_NONFINITE_INPUT,00000000ffdbf494,00000000fc3118cd,ffffdbf4940000000000,ffffdbf4940000000000,00000000ffdbf494,3000,3000,00005f80,1,0,0,0,0,ffffdbf4940000000000,3000,3000
FPREM_completed,24,RU,random,578,NAN_RESULT,00000000ffdbf494,00000000fc3118cd,ffffdbf4940000000000,ffffdbf4940000000000,00000000ffdbf494,3000,3000,00005f80,1,0,0,0,0,ffffdbf4940000000000,3000,3000
FPREM_completed,24,RU,random,594,EXCEPTION_FLAGS_MISMATCH,0000000000487243,00000000668611c6,3f8090e4860000000000,3f8090e4860000000000,0000000000487243,3002,3002,00005f80,1,0,0,0,0,3f8090e4860000000000,3002,3002
FPREM_completed,24,RU,random,674,EXCEPTION_FLAGS_MISMATCH,00000000007b959a,00000000483ceb5b,3f80f72b340000000000,3f80f72b340000000000,00000000007b959a,3002,3002,00005f80,1,0,0,0,0,3f80f72b340000000000,3002,3002
FPREM_completed,24,RU,random,830,INVALID_OR_NONFINITE_INPUT,00000000ffa26bba,0000000064b98d15,ffffe26bba0000000000,ffffe26bba0000000000,00000000ffe26bba,3001,3001,00005f81,1,0,0,0,0,ffffe26bba0000000000,3001,3001
FPREM_completed,24,RU,random,830,NAN_RESULT,00000000ffa26bba,0000000064b98d15,ffffe26bba0000000000,ffffe26bba0000000000,00000000ffe26bba,3001,3001,00005f81,1,0,0,0,0,ffffe26bba0000000000,3001,3001
FPREM_completed,24,RU,random,893,EXCEPTION_FLAGS_MISMATCH,00000000806e6013,00000000b0908b5f,bf80dcc0260000000000,bf80dcc0260000000000,00000000806e6013,3002,3002,00005f80,1,0,0,0,0,bf80dcc0260000000000,3002,3002
FPREM_completed,24,RU,random,924,INVALID_OR_NONFINITE_INPUT,00000000fff71ab6,000000000d1d63d5,fffff71ab60000000000,fffff71ab60000000000,00000000fff71ab6,3000,3000,00005f80,1,0,0,0,0,fffff71ab60000000000,3000,3000
FPREM_completed,24,RU,random,924,NAN_RESULT,00000000fff71ab6,000000000d1d63d5,fffff71ab60000000000,fffff71ab60000000000,00000000fff71ab6,3000,3000,00005f80,1,0,0,0,0,fffff71ab60000000000,3000,3000
FPREM_completed,24,RU,random,1003,INVALID_OR_NONFINITE_INPUT,000000000c5a929d,000000007f9ad902,7fffdad9020000000000,7fffdad9020000000000,000000007fdad902,3001,3001,00005f81,1,0,0,0,0,7fffdad9020000000000,3001,3001
FPREM_completed,24,RU,random,1003,NAN_RESULT,000000000c5a929d,000000007f9ad902,7fffdad9020000000000,7fffdad9020000000000,000000007fdad902,3001,3001,00005f81,1,0,0,0,0,7fffdad9020000000000,3001,3001
FPREM_completed,24,RU,random,1105,INVALID_OR_NONFINITE_INPUT,00000000721c9fe9,00000000ff898023,ffffc980230000000000,ffffc980230000000000,00000000ffc98023,3001,3001,00005f81,1,0,0,0,0,ffffc980230000000000,3001,3001
FPREM_completed,24,RU,random,1105,NAN_RESULT,00000000721c9fe9,00000000ff898023,ffffc980230000000000,ffffc980230000000000,00000000ffc98023,3001,3001,00005f81,1,0,0,0,0,ffffc980230000000000,3001,3001
FPREM_completed,24,RU,random,1161,EXCEPTION_FLAGS_MISMATCH,00000000803806a9,000000004b857f17,bf7fe01aa40000000000,bf7fe01aa40000000000,00000000803806a9,3002,3002,00005f80,1,0,0,0,0,bf7fe01aa40000000000,3002,3002
FPREM_completed,24,RU,random,1224,EXCEPTION_FLAGS_MISMATCH,00000000005ea6b7,00000000296bde8c,3f80bd4d6e0000000000,3f80bd4d6e0000000000,00000000005ea6b7,3002,3002,00005f80,1,0,0,0,0,3f80bd4d6e0000000000,3002,3002
FPREM_completed,24,RU,random,1418,INVALID_OR_NONFINITE_INPUT,000000007a44ee35,00000000ff9ed49a,ffffded49a0000000000,ffffded49a0000000000,00000000ffded49a,3001,3001,00005f81,1,0,0,0,0,ffffded49a0000000000,3001,3001
FPREM_completed,24,RU,random,1418,NAN_RESULT,000000007a44ee35,00000000ff9ed49a,ffffded49a0000000000,ffffded49a0000000000,00000000ffded49a,3001,3001,00005f81,1,0,0,0,0,ffffded49a0000000000,3001,3001
FPREM_completed,24,RU,random,1569,INVALID_OR_NONFINITE_INPUT,00000000ffe92963,00000000c04c1a1f,ffffe929630000000000,ffffe929630000000000,00000000ffe92963,3000,3000,00005f80,1,0,0,0,0,ffffe929630000000000,3000,3000
FPREM_completed,24,RU,random,1569,NAN_RESULT,00000000ffe92963,00000000c04c1a1f,ffffe929630000000000,ffffe929630000000000,00000000ffe92963,3000,3000,00005f80,1,0,0,0,0,ffffe929630000000000,3000,3000
FPREM_completed,24,RU,random,1578,INVALID_OR_NONFINITE_INPUT,00000000ff90bbcc,0000000040304957,ffffd0bbcc0000000000,ffffd0bbcc0000000000,00000000ffd0bbcc,3001,3001,00005f81,1,0,0,0,0,ffffd0bbcc0000000000,3001,3001
FPREM_completed,24,RU,random,1578,NAN_RESULT,00000000ff90bbcc,0000000040304957,ffffd0bbcc0000000000,ffffd0bbcc0000000000,00000000ffd0bbcc,3001,3001,00005f81,1,0,0,0,0,ffffd0bbcc0000000000,3001,3001
FPREM_completed,24,RU,random,1685,INVALID_OR_NONFINITE_INPUT,000000007fe52e26,000000006884b058,7fffe52e260000000000,7fffe52e260000000000,000000007fe52e26,3000,3000,00005f80,1,0,0,0,0,7fffe52e260000000000,3000,3000
FPREM_completed,24,RU,random,1685,NAN_RESULT,000000007fe52e26,000000006884b058,7fffe52e260000000000,7fffe52e260000000000,000000007fe52e26,3000,3000,00005f80,1,0,0,0,0,7fffe52e260000000000,3000,3000
FPREM_completed,24,RU,random,1696,EXCEPTION_FLAGS_MISMATCH,0000000080114cd9,00000000a3a8614e,bf7e8a66c80000000000,bf7e8a66c80000000000,0000000080114cd9,3002,3002,00005f80,1,0,0,0,0,bf7e8a66c80000000000,3002,3002
FPREM_completed,24,RU,random,1755,INVALID_OR_NONFINITE_INPUT,000000007fbb3a11,00000000e7733929,7ffffb3a110000000000,7ffffb3a110000000000,000000007ffb3a11,3001,3001,00005f81,1,0,0,0,0,7ffffb3a110000000000,3001,3001
FPREM_completed,24,RU,random,1755,NAN_RESULT,000000007fbb3a11,00000000e7733929,7ffffb3a110000000000,7ffffb3a110000000000,000000007ffb3a11,3001,3001,00005f81,1,0,0,0,0,7ffffb3a110000000000,3001,3001
FPREM_completed,24,RU,random,1862,INVALID_OR_NONFINITE_INPUT,000000007f92c54b,000000005ca74ec7,7fffd2c54b0000000000,7fffd2c54b0000000000,000000007fd2c54b,3001,3001,00005f81,1,0,0,0,0,7fffd2c54b0000000000,3001,3001
FPREM_completed,24,RU,random,1862,NAN_RESULT,000000007f92c54b,000000005ca74ec7,7fffd2c54b0000000000,7fffd2c54b0000000000,000000007fd2c54b,3001,3001,00005f81,1,0,0,0,0,7fffd2c54b0000000000,3001,3001
FPREM_completed,24,RU,random,1867,INVALID_OR_NONFINITE_INPUT,0000000045542a5e,00000000ffb74e9f,fffff74e9f0000000000,fffff74e9f0000000000,00000000fff74e9f,3001,3001,00005f81,1,0,0,0,0,fffff74e9f0000000000,3001,3001
FPREM_completed,24,RU,random,1867,NAN_RESULT,0000000045542a5e,00000000ffb74e9f,fffff74e9f0000000000,fffff74e9f0000000000,00000000fff74e9f,3001,3001,00005f81,1,0,0,0,0,fffff74e9f0000000000,3001,3001
FPREM_completed,24,RU,random,1870,INVALID_OR_NONFINITE_INPUT,0000000087e9d2db,000000007f9ce634,7fffdce6340000000000,7fffdce6340000000000,000000007fdce634,3001,3001,00005f81,1,0,0,0,0,7fffdce6340000000000,3001,3001
FPREM_completed,24,RU,random,1870,NAN_RESULT,0000000087e9d2db,000000007f9ce634,7fffdce6340000000000,7fffdce6340000000000,000000007fdce634,3001,3001,00005f81,1,0,0,0,0,7fffdce6340000000000,3001,3001
FPREM_completed,24,RU,random,1920,INVALID_OR_NONFINITE_INPUT,000000005882ca2f,000000007fde1f8c,7fffde1f8c0000000000,7fffde1f8c0000000000,000000007fde1f8c,3000,3000,00005f80,1,0,0,0,0,7fffde1f8c0000000000,3000,3000
FPREM_completed,24,RU,random,1920,NAN_RESULT,000000005882ca2f,000000007fde1f8c,7fffde1f8c0000000000,7fffde1f8c0000000000,000000007fde1f8c,3000,3000,00005f80,1,0,0,0,0,7fffde1f8c0000000000,3000,3000
FPREM_completed,24,RU,random,2045,EXCEPTION_FLAGS_MISMATCH,00000000b4f706eb,0000000000213af5,bf7c886d800000000000,bf7c886d800000000000,000000008004436c,3402,3102,00005f80,2,43,4,4,4,bfbbeaf4400000000000,3002,3402
FPREM_completed,24,RU,random,2085,INVALID_OR_NONFINITE_INPUT,000000007f843dcd,00000000a3aa9017,7fffc43dcd0000000000,7fffc43dcd0000000000,000000007fc43dcd,3001,3001,00005f81,1,0,0,0,0,7fffc43dcd0000000000,3001,3001
FPREM_completed,24,RU,random,2085,NAN_RESULT,000000007f843dcd,00000000a3aa9017,7fffc43dcd0000000000,7fffc43dcd0000000000,000000007fc43dcd,3001,3001,00005f81,1,0,0,0,0,7fffc43dcd0000000000,3001,3001
FPREM_completed,24,RU,random,2088,INVALID_OR_NONFINITE_INPUT,000000007fa3ec23,00000000715a1f9f,7fffe3ec230000000000,7fffe3ec230000000000,000000007fe3ec23,3001,3001,00005f81,1,0,0,0,0,7fffe3ec230000000000,3001,3001
FPREM_completed,24,RU,random,2088,NAN_RESULT,000000007fa3ec23,00000000715a1f9f,7fffe3ec230000000000,7fffe3ec230000000000,000000007fe3ec23,3001,3001,00005f81,1,0,0,0,0,7fffe3ec230000000000,3001,3001
FPREM_completed,24,RU,random,2096,EXCEPTION_FLAGS_MISMATCH,0000000000139f6d,000000005bbf993f,3f7e9cfb680000000000,3f7e9cfb680000000000,0000000000139f6d,3002,3002,00005f80,1,0,0,0,0,3f7e9cfb680000000000,3002,3002
FPREM_completed,24,RU,random,2098,EXCEPTION_FLAGS_MISMATCH,0000000080371a3c,00000000b99fd606,bf7fdc68f00000000000,bf7fdc68f00000000000,0000000080371a3c,3002,3002,00005f80,1,0,0,0,0,bf7fdc68f00000000000,3002,3002
FPREM_completed,24,RU,random,2290,INVALID_OR_NONFINITE_INPUT,000000007456aac8,000000007ffafc35,7ffffafc350000000000,7ffffafc350000000000,000000007ffafc35,3000,3000,00005f80,1,0,0,0,0,7ffffafc350000000000,3000,3000
FPREM_completed,24,RU,random,2290,NAN_RESULT,000000007456aac8,000000007ffafc35,7ffffafc350000000000,7ffffafc350000000000,000000007ffafc35,3000,3000,00005f80,1,0,0,0,0,7ffffafc350000000000,3000,3000
FPREM_completed,24,RU,random,2346,INVALID_OR_NONFINITE_INPUT,00000000ff9ac52d,00000000bd639620,ffffdac52d0000000000,ffffdac52d0000000000,00000000ffdac52d,3001,3001,00005f81,1,0,0,0,0,ffffdac52d0000000000,3001,3001
FPREM_completed,24,RU,random,2346,NAN_RESULT,00000000ff9ac52d,00000000bd639620,ffffdac52d0000000000,ffffdac52d0000000000,00000000ffdac52d,3001,3001,00005f81,1,0,0,0,0,ffffdac52d0000000000,3001,3001
FPREM_completed,24,RU,random,2643,EXCEPTION_FLAGS_MISMATCH,00000000804f881c,000000001fcdb982,bf809f10380000000000,bf809f10380000000000,00000000804f881c,3002,3002,00005f80,1,0,0,0,0,bf809f10380000000000,3002,3002
FPREM_completed,24,RU,random,2681,EXCEPTION_FLAGS_MISMATCH,00000000806f4799,00000000c2b14fd6,bf80de8f320000000000,bf80de8f320000000000,00000000806f4799,3002,3002,00005f80,1,0,0,0,0,bf80de8f320000000000,3002,3002
FPREM_completed,24,RU,random,2730,EXCEPTION_FLAGS_MISMATCH,000000008025f976,0000000000a6d3f0,bf7f97e5d80000000000,bf7f97e5d80000000000,000000008025f976,3002,3002,00005f80,1,0,0,0,0,bf7f97e5d80000000000,3002,3002
FPREM_completed,24,RU,random,2769,EXCEPTION_FLAGS_MISMATCH,00000000801e5c30,000000009156f816,bf7ef2e1800000000000,bf7ef2e1800000000000,00000000801e5c30,3002,3002,00005f80,1,0,0,0,0,bf7ef2e1800000000000,3002,3002
FPREM_completed,24,RU,random,3068,EXCEPTION_FLAGS_MISMATCH,000000008037a746,00000000490c41df,bf7fde9d180000000000,bf7fde9d180000000000,000000008037a746,3002,3002,00005f80,1,0,0,0,0,bf7fde9d180000000000,3002,3002
FPREM_completed,24,RU,random,3628,EXCEPTION_FLAGS_MISMATCH,000000000076b33b,00000000d1903489,3f80ed66760000000000,3f80ed66760000000000,000000000076b33b,3002,3002,00005f80,1,0,0,0,0,3f80ed66760000000000,3002,3002
FPREM_completed,24,RU,random,3956,EXCEPTION_FLAGS_MISMATCH,00000000003f89ce,0000000033846076,3f7ffe27380000000000,3f7ffe27380000000000,00000000003f89ce,3002,3002,00005f80,1,0,0,0,0,3f7ffe27380000000000,3002,3002
FPREM_completed,24,RU,random,3999,EXCEPTION_FLAGS_MISMATCH,00000000e84d5871,00000000801680e7,bf7bbf0c000000000000,bf7bbf0c000000000000,000000008002fc30,3402,3002,00005f80,4,105,0,0,0,c01a8455000000000000,3002,3402
FPREM_completed,24,RU,random,4306,EXCEPTION_FLAGS_MISMATCH,000000006a736d7d,00000000003c65a7,3f7ee5b7e00000000000,3f7ee5b7e00000000000,00000000001cb6fc,3402,3102,00005f80,5,110,4,4,4,401f814fd40000000000,3002,3402
FPREM_completed,24,RU,random,163310,VALUE_MISMATCH,000000007fed1393,000000007fbf408e,7fffff408e0000000000,7fffed13930000000000,000000007fed1393,3001,3001,00005f81,1,0,0,0,0,7fffff408e0000000000,3001,3001
FPREM_completed,24,RU,random,181020,VALUE_MISMATCH,000000007f905a8c,00000000ffdea620,ffffdea6200000000000,7fffd05a8c0000000000,000000007fd05a8c,3001,3001,00005f81,1,0,0,0,0,ffffdea6200000000000,3001,3001
FPREM_completed,24,RU,random,187735,VALUE_MISMATCH,000000007fe26d70,000000007fa6bfcf,7fffe6bfcf0000000000,7fffe26d700000000000,000000007fe26d70,3001,3001,00005f81,1,0,0,0,0,7fffe6bfcf0000000000,3001,3001
FPREM_completed,24,RU,random,304033,VALUE_MISMATCH,00000000ffe14635,000000007ff8b845,7ffff8b8450000000000,ffffe146350000000000,00000000ffe14635,3000,3000,00005f80,1,0,0,0,0,7ffff8b8450000000000,3000,3000
FPREM_completed,24,RU,random,315406,VALUE_MISMATCH,00000000ff9b55da,000000007fa40275,7fffe402750000000000,ffffdb55da0000000000,00000000ffdb55da,3001,3001,00005f81,1,0,0,0,0,7fffe402750000000000,3001,3001
FPREM_completed,24,RU,random,369110,VALUE_MISMATCH,00000000ff95d10c,00000000ffbda807,fffffda8070000000000,ffffd5d10c0000000000,00000000ffd5d10c,3001,3001,00005f81,1,0,0,0,0,fffffda8070000000000,3001,3001
FPREM_completed,24,RU,random,735265,VALUE_MISMATCH,000000007fb03a75,000000007ffcb7c0,7ffffcb7c00000000000,7ffff03a750000000000,000000007ff03a75,3001,3001,00005f81,1,0,0,0,0,7ffffcb7c00000000000,3001,3001
FPREM_completed,24,RU,random,937141,VALUE_MISMATCH,00000000ff9f1ee7,000000007fec2531,7fffec25310000000000,ffffdf1ee70000000000,00000000ffdf1ee7,3001,3001,00005f81,1,0,0,0,0,7fffec25310000000000,3001,3001
FPREM_completed,24,RU,edge,341,VALUE_MISMATCH,000000007fc00011,00000000ff800222,ffffc002220000000000,7fffc000110000000000,000000007fc00011,3001,3001,00005f81,1,0,0,0,0,ffffc002220000000000,3001,3001
FPREM_completed,24,RZ,random,0,ALL,0000000059f41037,0000000047841268,400efda4300000000000,400efda4300000000000,00000000477da430,3000,3200,00007f80,1,17,1,1,1,400efda4300000000000,3000,3200
FPREM_completed,24,RZ,random,0,SINGLE_COMPLETE_FINITE_CASE,0000000059f41037,0000000047841268,400efda4300000000000,400efda4300000000000,00000000477da430,3000,3200,00007f80,1,17,1,1,1,400efda4300000000000,3000,3200
FPREM_completed,24,RZ,random,1,ALL,000000001b3431aa,0000000036427b70,3fb6b431aa0000000000,3fb6b431aa0000000000,000000001b3431aa,3000,3000,00007f80,1,0,0,0,0,3fb6b431aa0000000000,3000,3000
FPREM_completed,24,RZ,random,1,SINGLE_COMPLETE_FINITE_CASE,000000001b3431aa,0000000036427b70,3fb6b431aa0000000000,3fb6b431aa0000000000,000000001b3431aa,3000,3000,00007f80,1,0,0,0,0,3fb6b431aa0000000000,3000,3000
FPREM_completed,24,RZ,random,2,ALL,00000000247332e7,000000007d10e6c2,3fc8f332e70000000000,3fc8f332e70000000000,00000000247332e7,3000,3000,00007f80,1,0,0,0,0,3fc8f332e70000000000,3000,3000
FPREM_completed,24,RZ,random,2,SINGLE_COMPLETE_FINITE_CASE,00000000247332e7,000000007d10e6c2,3fc8f332e70000000000,3fc8f332e70000000000,00000000247332e7,3000,3000,00007f80,1,0,0,0,0,3fc8f332e70000000000,3000,3000
FPREM_completed,24,RZ,random,3,ALL,00000000c6b0e40b,000000006b4079e3,c00db0e40b0000000000,c00db0e40b0000000000,00000000c6b0e40b,3000,3000,00007f80,1,0,0,0,0,c00db0e40b0000000000,3000,3000
FPREM_completed,24,RZ,random,3,SINGLE_COMPLETE_FINITE_CASE,00000000c6b0e40b,000000006b4079e3,c00db0e40b0000000000,c00db0e40b0000000000,00000000c6b0e40b,3000,3000,00007f80,1,0,0,0,0,c00db0e40b0000000000,3000,3000
FPREM_completed,24,RZ,random,4,ALL,000000001d88b719,000000009ffd8324,3fbb88b7190000000000,3fbb88b7190000000000,000000001d88b719,3000,3000,00007f80,1,0,0,0,0,3fbb88b7190000000000,3000,3000
FPREM_completed,24,RZ,random,4,SINGLE_COMPLETE_FINITE_CASE,000000001d88b719,000000009ffd8324,3fbb88b7190000000000,3fbb88b7190000000000,000000001d88b719,3000,3000,00007f80,1,0,0,0,0,3fbb88b7190000000000,3000,3000
FPREM_completed,24,RZ,random,5,ALL,000000005503e50f,00000000e65a440b,402a83e50f0000000000,402a83e50f0000000000,000000005503e50f,3000,3000,00007f80,1,0,0,0,0,402a83e50f0000000000,3000,3000
FPREM_completed,24,RZ,random,5,SINGLE_COMPLETE_FINITE_CASE,000000005503e50f,00000000e65a440b,402a83e50f0000000000,402a83e50f0000000000,000000005503e50f,3000,3000,00007f80,1,0,0,0,0,402a83e50f0000000000,3000,3000
FPREM_completed,24,RZ,random,6,ALL,00000000e3a7b6be,00000000304c687b,bfddc03e580000000000,bfddc03e580000000000,00000000aec03e58,3400,7300,00007f80,2,45,7,7,1,c01bf95a800000000000,3000,3400
FPREM_completed,24,RZ,random,6,X87_MULTISTEP,00000000e3a7b6be,00000000304c687b,bfddc03e580000000000,bfddc03e580000000000,00000000aec03e58,3400,7300,00007f80,2,45,7,7,1,c01bf95a800000000000,3000,3400
FPREM_completed,24,RZ,random,6,QUOTIENT_SIGNED_BITS_DIFFER,00000000e3a7b6be,00000000304c687b,bfddc03e580000000000,bfddc03e580000000000,00000000aec03e58,3400,7300,00007f80,2,45,7,7,1,c01bf95a800000000000,3000,3400
FPREM_completed,24,RZ,random,6,SINGLE_INSTRUCTION_VALUE_MISMATCH,00000000e3a7b6be,00000000304c687b,bfddc03e580000000000,bfddc03e580000000000,00000000aec03e58,3400,7300,00007f80,2,45,7,7,1,c01bf95a800000000000,3000,3400
FPREM_completed,24,RZ,random,6,SINGLE_INSTRUCTION_C2_PARTIAL,00000000e3a7b6be,00000000304c687b,bfddc03e580000000000,bfddc03e580000000000,00000000aec03e58,3400,7300,00007f80,2,45,7,7,1,c01bf95a800000000000,3000,3400
FPREM_completed,24,RZ,random,7,ALL,00000000041fd13f,000000007d97cc0b,3f889fd13f0000000000,3f889fd13f0000000000,00000000041fd13f,3000,3000,00007f80,1,0,0,0,0,3f889fd13f0000000000,3000,3000
FPREM_completed,24,RZ,random,7,SINGLE_COMPLETE_FINITE_CASE,00000000041fd13f,000000007d97cc0b,3f889fd13f0000000000,3f889fd13f0000000000,00000000041fd13f,3000,3000,00007f80,1,0,0,0,0,3f889fd13f0000000000,3000,3000
FPREM_completed,24,RZ,random,8,ALL,00000000a70b20ff,000000008da1932d,bf98a6a0500000000000,bf98a6a0500000000000,000000008c26a050,7100,7100,00007f80,1,28,6,6,6,bf98a6a0500000000000,3000,7100
FPREM_completed,24,RZ,random,8,SINGLE_COMPLETE_FINITE_CASE,00000000a70b20ff,000000008da1932d,bf98a6a0500000000000,bf98a6a0500000000000,000000008c26a050,7100,7100,00007f80,1,28,6,6,6,bf98a6a0500000000000,3000,7100
FPREM_completed,24,RZ,random,9,ALL,0000000007ecca11,00000000b1112f51,3f8fecca110000000000,3f8fecca110000000000,0000000007ecca11,3000,3000,00007f80,1,0,0,0,0,3f8fecca110000000000,3000,3000
FPREM_completed,24,RZ,random,9,SINGLE_COMPLETE_FINITE_CASE,0000000007ecca11,00000000b1112f51,3f8fecca110000000000,3f8fecca110000000000,0000000007ecca11,3000,3000,00007f80,1,0,0,0,0,3f8fecca110000000000,3000,3000
FPREM_completed,24,RZ,random,10,ALL,0000000091069bad,000000000e54a52d,bf9bda38700000000000,bf9bda38700000000000,000000008dda3870,3000,3000,00007f80,1,2,0,0,0,bf9bda38700000000000,3000,3000
FPREM_completed,24,RZ,random,10,SINGLE_COMPLETE_FINITE_CASE,0000000091069bad,000000000e54a52d,bf9bda38700000000000,bf9bda38700000000000,000000008dda3870,3000,3000,00007f80,1,2,0,0,0,bf9bda38700000000000,3000,3000
FPREM_completed,24,RZ,random,11,ALL,00000000b1a55a7f,000000000e25814e,bf99bdd7e00000000000,bf99bdd7e00000000000,000000008cbdd7e0,3400,7100,00007f80,2,45,6,6,2,bfbab64c500000000000,3000,3400
FPREM_completed,24,RZ,random,11,X87_MULTISTEP,00000000b1a55a7f,000000000e25814e,bf99bdd7e00000000000,bf99bdd7e00000000000,000000008cbdd7e0,3400,7100,00007f80,2,45,6,6,2,bfbab64c500000000000,3000,3400
FPREM_completed,24,RZ,random,11,QUOTIENT_SIGNED_BITS_DIFFER,00000000b1a55a7f,000000000e25814e,bf99bdd7e00000000000,bf99bdd7e00000000000,000000008cbdd7e0,3400,7100,00007f80,2,45,6,6,2,bfbab64c500000000000,3000,3400
FPREM_completed,24,RZ,random,11,SINGLE_INSTRUCTION_VALUE_MISMATCH,00000000b1a55a7f,000000000e25814e,bf99bdd7e00000000000,bf99bdd7e00000000000,000000008cbdd7e0,3400,7100,00007f80,2,45,6,6,2,bfbab64c500000000000,3000,3400
FPREM_completed,24,RZ,random,11,SINGLE_INSTRUCTION_C2_PARTIAL,00000000b1a55a7f,000000000e25814e,bf99bdd7e00000000000,bf99bdd7e00000000000,000000008cbdd7e0,3400,7100,00007f80,2,45,6,6,2,bfbab64c500000000000,3000,3400
FPREM_completed,24,RZ,random,12,ALL,0000000049bee1a0,00000000fb70df6d,4013bee1a00000000000,4013bee1a00000000000,0000000049bee1a0,3000,3000,00007f80,1,0,0,0,0,4013bee1a00000000000,3000,3000
FPREM_completed,24,RZ,random,12,SINGLE_COMPLETE_FINITE_CASE,0000000049bee1a0,00000000fb70df6d,4013bee1a00000000000,4013bee1a00000000000,0000000049bee1a0,3000,3000,00007f80,1,0,0,0,0,4013bee1a00000000000,3000,3000
FPREM_completed,24,RZ,random,13,ALL,00000000237f2b9d,000000004f44c27e,3fc6ff2b9d0000000000,3fc6ff2b9d0000000000,00000000237f2b9d,3000,3000,00007f80,1,0,0,0,0,3fc6ff2b9d0000000000,3000,3000
FPREM_completed,24,RZ,random,13,SINGLE_COMPLETE_FINITE_CASE,00000000237f2b9d,000000004f44c27e,3fc6ff2b9d0000000000,3fc6ff2b9d0000000000,00000000237f2b9d,3000,3000,00007f80,1,0,0,0,0,3fc6ff2b9d0000000000,3000,3000
FPREM_completed,24,RZ,random,14,ALL,00000000d1805aff,00000000c49fca9b,c00889fa340000000000,c00889fa340000000000,00000000c409fa34,7000,7000,00007f80,1,11,2,2,2,c00889fa340000000000,3000,7000
FPREM_completed,24,RZ,random,14,SINGLE_COMPLETE_FINITE_CASE,00000000d1805aff,00000000c49fca9b,c00889fa340000000000,c00889fa340000000000,00000000c409fa34,7000,7000,00007f80,1,11,2,2,2,c00889fa340000000000,3000,7000
FPREM_completed,24,RZ,random,15,ALL,00000000190f62c4,00000000462405c7,3fb28f62c40000000000,3fb28f62c40000000000,00000000190f62c4,3000,3000,00007f80,1,0,0,0,0,3fb28f62c40000000000,3000,3000
FPREM_completed,24,RZ,random,15,SINGLE_COMPLETE_FINITE_CASE,00000000190f62c4,00000000462405c7,3fb28f62c40000000000,3fb28f62c40000000000,00000000190f62c4,3000,3000,00007f80,1,0,0,0,0,3fb28f62c40000000000,3000,3000
FPREM_completed,24,RZ,random,16,ALL,00000000d28a21d8,00000000a86d8353,bfd0a7fc470000000000,bfd0a7fc470000000000,00000000a827fc47,3400,7200,00007f80,2,48,3,3,3,bfefba7a8a0000000000,3000,3400
FPREM_completed,24,RZ,random,16,X87_MULTISTEP,00000000d28a21d8,00000000a86d8353,bfd0a7fc470000000000,bfd0a7fc470000000000,00000000a827fc47,3400,7200,00007f80,2,48,3,3,3,bfefba7a8a0000000000,3000,3400
FPREM_completed,24,RZ,random,16,SINGLE_INSTRUCTION_VALUE_MISMATCH,00000000d28a21d8,00000000a86d8353,bfd0a7fc470000000000,bfd0a7fc470000000000,00000000a827fc47,3400,7200,00007f80,2,48,3,3,3,bfefba7a8a0000000000,3000,3400
FPREM_completed,24,RZ,random,16,SINGLE_INSTRUCTION_C2_PARTIAL,00000000d28a21d8,00000000a86d8353,bfd0a7fc470000000000,bfd0a7fc470000000000,00000000a827fc47,3400,7200,00007f80,2,48,3,3,3,bfefba7a8a0000000000,3000,3400
FPREM_completed,24,RZ,random,17,ALL,000000001bae6945,00000000f189085d,3fb7ae69450000000000,3fb7ae69450000000000,000000001bae6945,3000,3000,00007f80,1,0,0,0,0,3fb7ae69450000000000,3000,3000
FPREM_completed,24,RZ,random,17,SINGLE_COMPLETE_FINITE_CASE,000000001bae6945,00000000f189085d,3fb7ae69450000000000,3fb7ae69450000000000,000000001bae6945,3000,3000,00007f80,1,0,0,0,0,3fb7ae69450000000000,3000,3000
FPREM_completed,24,RZ,random,18,ALL,0000000067a4546d,00000000f22bfcd7,404fa4546d0000000000,404fa4546d0000000000,0000000067a4546d,3000,3000,00007f80,1,0,0,0,0,404fa4546d0000000000,3000,3000
FPREM_completed,24,RZ,random,18,SINGLE_COMPLETE_FINITE_CASE,0000000067a4546d,00000000f22bfcd7,404fa4546d0000000000,404fa4546d0000000000,0000000067a4546d,3000,3000,00007f80,1,0,0,0,0,404fa4546d0000000000,3000,3000
FPREM_completed,24,RZ,random,19,ALL,00000000d94c71bc,000000003aa528a2,bff3c3ccb00000000000,bff3c3ccb00000000000,00000000b9c3ccb0,7000,7000,00007f80,1,38,2,2,6,bff3c3ccb00000000000,3000,7000
FPREM_completed,24,RZ,random,19,QUOTIENT_SIGNED_BITS_DIFFER,00000000d94c71bc,000000003aa528a2,bff3c3ccb00000000000,bff3c3ccb00000000000,00000000b9c3ccb0,7000,7000,00007f80,1,38,2,2,6,bff3c3ccb00000000000,3000,7000
FPREM_completed,24,RZ,random,19,SINGLE_COMPLETE_FINITE_CASE,00000000d94c71bc,000000003aa528a2,bff3c3ccb00000000000,bff3c3ccb00000000000,00000000b9c3ccb0,7000,7000,00007f80,1,38,2,2,6,bff3c3ccb00000000000,3000,7000
FPREM_completed,24,RZ,random,20,SINGLE_COMPLETE_FINITE_CASE,0000000014b3258b,00000000d5414b93,3fa9b3258b0000000000,3fa9b3258b0000000000,0000000014b3258b,3000,3000,00007f80,1,0,0,0,0,3fa9b3258b0000000000,3000,3000
FPREM_completed,24,RZ,random,21,SINGLE_COMPLETE_FINITE_CASE,000000000200d818,000000008251e8ff,3f8480d8180000000000,3f8480d8180000000000,000000000200d818,3000,3000,00007f80,1,0,0,0,0,3f8480d8180000000000,3000,3000
FPREM_completed,24,RZ,random,22,SINGLE_COMPLETE_FINITE_CASE,00000000068ce4c8,00000000c4042814,3f8d8ce4c80000000000,3f8d8ce4c80000000000,00000000068ce4c8,3000,3000,00007f80,1,0,0,0,0,3f8d8ce4c80000000000,3000,3000
FPREM_completed,24,RZ,random,28,X87_MULTISTEP,00000000770d693a,00000000d46d3116,40289f4dd60000000000,40289f4dd60000000000,00000000541f4dd6,3400,7300,00007f80,2,42,7,7,1,4048a62e040000000000,3000,3400
FPREM_completed,24,RZ,random,28,QUOTIENT_SIGNED_BITS_DIFFER,00000000770d693a,00000000d46d3116,40289f4dd60000000000,40289f4dd60000000000,00000000541f4dd6,3400,7300,00007f80,2,42,7,7,1,4048a62e040000000000,3000,3400
FPREM_completed,24,RZ,random,28,SINGLE_INSTRUCTION_VALUE_MISMATCH,00000000770d693a,00000000d46d3116,40289f4dd60000000000,40289f4dd60000000000,00000000541f4dd6,3400,7300,00007f80,2,42,7,7,1,4048a62e040000000000,3000,3400
FPREM_completed,24,RZ,random,28,SINGLE_INSTRUCTION_C2_PARTIAL,00000000770d693a,00000000d46d3116,40289f4dd60000000000,40289f4dd60000000000,00000000541f4dd6,3400,7300,00007f80,2,42,7,7,1,4048a62e040000000000,3000,3400
FPREM_completed,24,RZ,random,32,QUOTIENT_SIGNED_BITS_DIFFER,00000000f9bd2af4,000000006a6f1ee1,c054857bf10000000000,c054857bf10000000000,00000000ea057bf1,7100,7300,00007f80,1,16,7,7,1,c054857bf10000000000,3000,7300
FPREM_completed,24,RZ,random,37,X87_MULTISTEP,00000000fc6000ba,00000000ac78ca42,bfd89f7b740000000000,bfd89f7b740000000000,00000000ac1f7b74,3400,7100,00007f80,4,86,6,6,6,c0588b44260000000000,3000,3400
FPREM_completed,24,RZ,random,37,SINGLE_INSTRUCTION_VALUE_MISMATCH,00000000fc6000ba,00000000ac78ca42,bfd89f7b740000000000,bfd89f7b740000000000,00000000ac1f7b74,3400,7100,00007f80,4,86,6,6,6,c0588b44260000000000,3000,3400
FPREM_completed,24,RZ,random,37,SINGLE_INSTRUCTION_C2_PARTIAL,00000000fc6000ba,00000000ac78ca42,bfd89f7b740000000000,bfd89f7b740000000000,00000000ac1f7b74,3400,7100,00007f80,4,86,6,6,6,c0588b44260000000000,3000,3400
FPREM_completed,24,RZ,random,38,X87_MULTISTEP,000000007578251a,000000000977c35b,3f8dc91b000000000000,3f8dc91b000000000000,0000000006c91b00,3400,3000,00007f80,4,108,0,0,0,4032d8a8470000000000,3000,3400
FPREM_completed,24,RZ,random,38,SINGLE_INSTRUCTION_VALUE_MISMATCH,000000007578251a,000000000977c35b,3f8dc91b000000000000,3f8dc91b000000000000,0000000006c91b00,3400,3000,00007f80,4,108,0,0,0,4032d8a8470000000000,3000,3400
FPREM_completed,24,RZ,random,38,SINGLE_INSTRUCTION_C2_PARTIAL,000000007578251a,000000000977c35b,3f8dc91b000000000000,3f8dc91b000000000000,0000000006c91b00,3400,3000,00007f80,4,108,0,0,0,4032d8a8470000000000,3000,3400
FPREM_completed,24,RZ,random,41,X87_MULTISTEP,0000000078a5afe8,00000000512f554a,4021c42a4c0000000000,4021c42a4c0000000000,0000000050c42a4c,3400,3200,00007f80,2,45,1,1,1,404288e2de0000000000,3000,3400
FPREM_completed,24,RZ,random,41,SINGLE_INSTRUCTION_VALUE_MISMATCH,0000000078a5afe8,00000000512f554a,4021c42a4c0000000000,4021c42a4c0000000000,0000000050c42a4c,3400,3200,00007f80,2,45,1,1,1,404288e2de0000000000,3000,3400
FPREM_completed,24,RZ,random,41,SINGLE_INSTRUCTION_C2_PARTIAL,0000000078a5afe8,00000000512f554a,4021c42a4c0000000000,4021c42a4c0000000000,0000000050c42a4c,3400,3200,00007f80,2,45,1,1,1,404288e2de0000000000,3000,3400
FPREM_completed,24,RZ,random,43,X87_MULTISTEP,00000000f127fc8e,000000000abc999e,bf90d938400000000000,bf90d938400000000000,0000000088593840,3400,3200,00007f80,4,93,1,1,7,c032da1f700000000000,3000,3400
FPREM_completed,24,RZ,random,43,QUOTIENT_SIGNED_BITS_DIFFER,00000000f127fc8e,000000000abc999e,bf90d938400000000000,bf90d938400000000000,0000000088593840,3400,3200,00007f80,4,93,1,1,7,c032da1f700000000000,3000,3400
FPREM_completed,24,RZ,random,43,SINGLE_INSTRUCTION_VALUE_MISMATCH,00000000f127fc8e,000000000abc999e,bf90d938400000000000,bf90d938400000000000,0000000088593840,3400,3200,00007f80,4,93,1,1,7,c032da1f700000000000,3000,3400
FPREM_completed,24,RZ,random,43,SINGLE_INSTRUCTION_C2_PARTIAL,00000000f127fc8e,000000000abc999e,bf90d938400000000000,bf90d938400000000000,0000000088593840,3400,3200,00007f80,4,93,1,1,7,c032da1f700000000000,3000,3400
FPREM_completed,24,RZ,random,49,X87_MULTISTEP,00000000de56c7a7,000000008ec78966,bf9d9dc89e0000000000,bf9d9dc89e0000000000,000000008e9dc89e,3400,7200,00007f80,3,81,3,3,3,bffc8659540000000000,3000,3400
FPREM_completed,24,RZ,random,49,SINGLE_INSTRUCTION_VALUE_MISMATCH,00000000de56c7a7,000000008ec78966,bf9d9dc89e0000000000,bf9d9dc89e0000000000,000000008e9dc89e,3400,7200,00007f80,3,81,3,3,3,bffc8659540000000000,3000,3400
FPREM_completed,24,RZ,random,49,SINGLE_INSTRUCTION_C2_PARTIAL,00000000de56c7a7,000000008ec78966,bf9d9dc89e0000000000,bf9d9dc89e0000000000,000000008e9dc89e,3400,7200,00007f80,3,81,3,3,3,bffc8659540000000000,3000,3400
FPREM_completed,24,RZ,random,50,X87_MULTISTEP,0000000073970392,00000000ab67d52d,3fd6beb2b80000000000,3fd6beb2b80000000000,000000002b3eb2b8,3400,3000,00007f80,3,67,0,0,0,4036d002660000000000,3000,3400
FPREM_completed,24,RZ,random,50,SINGLE_INSTRUCTION_VALUE_MISMATCH,0000000073970392,00000000ab67d52d,3fd6beb2b80000000000,3fd6beb2b80000000000,000000002b3eb2b8,3400,3000,00007f80,3,67,0,0,0,4036d002660000000000,3000,3400
FPREM_completed,24,RZ,random,50,SINGLE_INSTRUCTION_C2_PARTIAL,0000000073970392,00000000ab67d52d,3fd6beb2b80000000000,3fd6beb2b80000000000,000000002b3eb2b8,3400,3000,00007f80,3,67,0,0,0,4036d002660000000000,3000,3400
FPREM_completed,24,RZ,random,54,X87_MULTISTEP,000000006d4aacef,000000003b078ed6,3ff5a686000000000000,3ff5a686000000000000,000000003aa68600,3400,3000,00007f80,2,57,0,0,0,4034e912580000000000,3000,3400
FPREM_completed,24,RZ,random,54,SINGLE_INSTRUCTION_VALUE_MISMATCH,000000006d4aacef,000000003b078ed6,3ff5a686000000000000,3ff5a686000000000000,000000003aa68600,3400,3000,00007f80,2,57,0,0,0,4034e912580000000000,3000,3400
FPREM_completed,24,RZ,random,54,SINGLE_INSTRUCTION_C2_PARTIAL,000000006d4aacef,000000003b078ed6,3ff5a686000000000000,3ff5a686000000000000,000000003aa68600,3400,3000,00007f80,2,57,0,0,0,4034e912580000000000,3000,3400
FPREM_completed,24,RZ,random,56,X87_MULTISTEP,00000000d64c2a40,000000002ed3fc27,bfddc7c4b20000000000,bfddc7c4b20000000000,00000000aec7c4b2,3400,7000,00007f80,2,42,2,2,6,bffba569b80000000000,3000,3400
FPREM_completed,24,RZ,random,56,QUOTIENT_SIGNED_BITS_DIFFER,00000000d64c2a40,000000002ed3fc27,bfddc7c4b20000000000,bfddc7c4b20000000000,00000000aec7c4b2,3400,7000,00007f80,2,42,2,2,6,bffba569b80000000000,3000,3400
FPREM_completed,24,RZ,random,56,SINGLE_INSTRUCTION_VALUE_MISMATCH,00000000d64c2a40,000000002ed3fc27,bfddc7c4b20000000000,bfddc7c4b20000000000,00000000aec7c4b2,3400,7000,00007f80,2,42,2,2,6,bffba569b80000000000,3000,3400
FPREM_completed,24,RZ,random,56,SINGLE_INSTRUCTION_C2_PARTIAL,00000000d64c2a40,000000002ed3fc27,bfddc7c4b20000000000,bfddc7c4b20000000000,00000000aec7c4b2,3400,7000,00007f80,2,42,2,2,6,bffba569b80000000000,3000,3400
FPREM_completed,24,RZ,random,61,X87_MULTISTEP,00000000f2e371c2,000000001af5266f,bfb4fed6c20000000000,bfb4fed6c20000000000,000000009a7ed6c2,3400,3200,00007f80,4,89,1,1,7,c032e781c00000000000,3000,3400
FPREM_completed,24,RZ,random,61,QUOTIENT_SIGNED_BITS_DIFFER,00000000f2e371c2,000000001af5266f,bfb4fed6c20000000000,bfb4fed6c20000000000,000000009a7ed6c2,3400,3200,00007f80,4,89,1,1,7,c032e781c00000000000,3000,3400
FPREM_completed,24,RZ,random,61,SINGLE_INSTRUCTION_VALUE_MISMATCH,00000000f2e371c2,000000001af5266f,bfb4fed6c20000000000,bfb4fed6c20000000000,000000009a7ed6c2,3400,3200,00007f80,4,89,1,1,7,c032e781c00000000000,3000,3400
FPREM_completed,24,RZ,random,61,SINGLE_INSTRUCTION_C2_PARTIAL,00000000f2e371c2,000000001af5266f,bfb4fed6c20000000000,bfb4fed6c20000000000,000000009a7ed6c2,3400,3200,00007f80,4,89,1,1,7,c032e781c00000000000,3000,3400
FPREM_completed,24,RZ,random,64,INVALID_OR_NONFINITE_INPUT,00000000fff5b85a,00000000eacc0f02,fffff5b85a0000000000,fffff5b85a0000000000,00000000fff5b85a,3000,3000,00007f80,1,0,0,0,0,fffff5b85a0000000000,3000,3000
FPREM_completed,24,RZ,random,64,NAN_RESULT,00000000fff5b85a,00000000eacc0f02,fffff5b85a0000000000,fffff5b85a0000000000,00000000fff5b85a,3000,3000,00007f80,1,0,0,0,0,fffff5b85a0000000000,3000,3000
FPREM_completed,24,RZ,random,66,X87_MULTISTEP,000000005f3aad52,000000009b4b2844,3fb4bbe3700000000000,3fb4bbe3700000000000,000000001a3be370,3400,3200,00007f80,3,62,1,1,7,4011f252800000000000,3000,3400
FPREM_completed,24,RZ,random,66,QUOTIENT_SIGNED_BITS_DIFFER,000000005f3aad52,000000009b4b2844,3fb4bbe3700000000000,3fb4bbe3700000000000,000000001a3be370,3400,3200,00007f80,3,62,1,1,7,4011f252800000000000,3000,3400
FPREM_completed,24,RZ,random,66,SINGLE_INSTRUCTION_VALUE_MISMATCH,000000005f3aad52,000000009b4b2844,3fb4bbe3700000000000,3fb4bbe3700000000000,000000001a3be370,3400,3200,00007f80,3,62,1,1,7,4011f252800000000000,3000,3400
FPREM_completed,24,RZ,random,66,SINGLE_INSTRUCTION_C2_PARTIAL,000000005f3aad52,000000009b4b2844,3fb4bbe3700000000000,3fb4bbe3700000000000,000000001a3be370,3400,3200,00007f80,3,62,1,1,7,4011f252800000000000,3000,3400
FPREM_completed,24,RZ,random,69,QUOTIENT_SIGNED_BITS_DIFFER,000000003e68031a,000000009f05d035,3fbc8072ac0000000000,3fbc8072ac0000000000,000000001e0072ac,3000,3200,00007f80,1,35,1,1,7,3fbc8072ac0000000000,3000,3200
FPREM_completed,24,RZ,random,70,X87_MULTISTEP,00000000d5c993fc,0000000089bf1655,bf92d5c32e0000000000,bf92d5c32e0000000000,000000008955c32e,3400,3300,00007f80,3,85,5,5,5,bff3a4abea0000000000,3000,3400
FPREM_completed,24,RZ,random,70,SINGLE_INSTRUCTION_VALUE_MISMATCH,00000000d5c993fc,0000000089bf1655,bf92d5c32e0000000000,bf92d5c32e0000000000,000000008955c32e,3400,3300,00007f80,3,85,5,5,5,bff3a4abea0000000000,3000,3400
FPREM_completed,24,RZ,random,70,SINGLE_INSTRUCTION_C2_PARTIAL,00000000d5c993fc,0000000089bf1655,bf92d5c32e0000000000,bf92d5c32e0000000000,000000008955c32e,3400,3300,00007f80,3,85,5,5,5,bff3a4abea0000000000,3000,3400
FPREM_completed,24,RZ,random,74,X87_MULTISTEP,000000007062ebf6,000000004df97796,401af05afc0000000000,401af05afc0000000000,000000004d705afc,3400,7200,00007f80,2,38,3,3,3,403af3d5a40000000000,3000,3400
FPREM_completed,24,RZ,random,74,SINGLE_INSTRUCTION_VALUE_MISMATCH,000000007062ebf6,000000004df97796,401af05afc0000000000,401af05afc0000000000,000000004d705afc,3400,7200,00007f80,2,38,3,3,3,403af3d5a40000000000,3000,3400
FPREM_completed,24,RZ,random,74,SINGLE_INSTRUCTION_C2_PARTIAL,000000007062ebf6,000000004df97796,401af05afc0000000000,401af05afc0000000000,000000004d705afc,3400,7200,00007f80,2,38,3,3,3,403af3d5a40000000000,3000,3400
FPREM_completed,24,RZ,random,75,QUOTIENT_SIGNED_BITS_DIFFER,000000006f57ddd6,00000000ed03840b,405889d1080000000000,405889d1080000000000,000000006c09d108,7000,7000,00007f80,1,3,2,2,6,405889d1080000000000,3000,7000
FPREM_completed,24,RZ,random,79,X87_MULTISTEP,00000000e3afd8c6,00000000aa9fe2fa,bfd4815c9c0000000000,bfd4815c9c0000000000,00000000aa015c9c,3400,3300,00007f80,3,53,5,5,5,c0158470c00000000000,3000,3400
FPREM_completed,24,RZ,random,79,SINGLE_INSTRUCTION_VALUE_MISMATCH,00000000e3afd8c6,00000000aa9fe2fa,bfd4815c9c0000000000,bfd4815c9c0000000000,00000000aa015c9c,3400,3300,00007f80,3,53,5,5,5,c0158470c00000000000,3000,3400
FPREM_completed,24,RZ,random,79,SINGLE_INSTRUCTION_C2_PARTIAL,00000000e3afd8c6,00000000aa9fe2fa,bfd4815c9c0000000000,bfd4815c9c0000000000,00000000aa015c9c,3400,3300,00007f80,3,53,5,5,5,c0158470c00000000000,3000,3400
FPREM_completed,24,RZ,random,81,X87_MULTISTEP,000000006f201df4,00000000cd9168d5,401acb6ef60000000000,401acb6ef60000000000,000000004d4b6ef6,3400,3200,00007f80,2,34,1,1,7,4039f6df1c0000000000,3000,3400
FPREM_completed,24,RZ,random,81,QUOTIENT_SIGNED_BITS_DIFFER,000000006f201df4,00000000cd9168d5,401acb6ef60000000000,401acb6ef60000000000,000000004d4b6ef6,3400,3200,00007f80,2,34,1,1,7,4039f6df1c0000000000,3000,3400
FPREM_completed,24,RZ,random,81,SINGLE_INSTRUCTION_VALUE_MISMATCH,000000006f201df4,00000000cd9168d5,401acb6ef60000000000,401acb6ef60000000000,000000004d4b6ef6,3400,3200,00007f80,2,34,1,1,7,4039f6df1c0000000000,3000,3400
FPREM_completed,24,RZ,random,81,SINGLE_INSTRUCTION_C2_PARTIAL,000000006f201df4,00000000cd9168d5,401acb6ef60000000000,401acb6ef60000000000,000000004d4b6ef6,3400,3200,00007f80,2,34,1,1,7,4039f6df1c0000000000,3000,3400
FPREM_completed,24,RZ,random,82,X87_MULTISTEP,0000000076570397,00000000a5a9bcad,3fc983bb2c0000000000,3fc983bb2c0000000000,000000002483bb2c,3400,3200,00007f80,4,80,1,1,7,404b9472bf0000000000,3000,3400
FPREM_completed,24,RZ,random,82,QUOTIENT_SIGNED_BITS_DIFFER,0000000076570397,00000000a5a9bcad,3fc983bb2c0000000000,3fc983bb2c0000000000,000000002483bb2c,3400,3200,00007f80,4,80,1,1,7,404b9472bf0000000000,3000,3400
FPREM_completed,24,RZ,random,82,SINGLE_INSTRUCTION_VALUE_MISMATCH,0000000076570397,00000000a5a9bcad,3fc983bb2c0000000000,3fc983bb2c0000000000,000000002483bb2c,3400,3200,00007f80,4,80,1,1,7,404b9472bf0000000000,3000,3400
FPREM_completed,24,RZ,random,82,SINGLE_INSTRUCTION_C2_PARTIAL,0000000076570397,00000000a5a9bcad,3fc983bb2c0000000000,3fc983bb2c0000000000,000000002483bb2c,3400,3200,00007f80,4,80,1,1,7,404b9472bf0000000000,3000,3400
FPREM_completed,24,RZ,random,85,X87_MULTISTEP,00000000caf458ec,00000000913553de,bfa2979e1a0000000000,bfa2979e1a0000000000,0000000091179e1a,3400,3300,00007f80,2,58,5,5,5,bfdebf4da00000000000,3000,3400
FPREM_completed,24,RZ,random,85,SINGLE_INSTRUCTION_VALUE_MISMATCH,00000000caf458ec,00000000913553de,bfa2979e1a0000000000,bfa2979e1a0000000000,0000000091179e1a,3400,3300,00007f80,2,58,5,5,5,bfdebf4da00000000000,3000,3400
FPREM_completed,24,RZ,random,85,SINGLE_INSTRUCTION_C2_PARTIAL,00000000caf458ec,00000000913553de,bfa2979e1a0000000000,bfa2979e1a0000000000,0000000091179e1a,3400,3300,00007f80,2,58,5,5,5,bfdebf4da00000000000,3000,3400
FPREM_completed,24,RZ,random,89,QUOTIENT_SIGNED_BITS_DIFFER,00000000a8dfcf6c,000000001ddd1323,bfbb867a920000000000,bfbb867a920000000000,000000009d867a92,7000,7000,00007f80,1,10,2,2,6,bfbb867a920000000000,3000,7000
FPREM_completed,24,RZ,random,101,QUOTIENT_SIGNED_BITS_DIFFER,0000000070c2b1e7,00000000a6e0fa78,3fcbc445400000000000,3fcbc445400000000000,0000000025c44540,3400,7000,00007f80,3,74,2,2,6,402d8f58380000000000,3000,3400
FPREM_completed,24,RZ,random,105,QUOTIENT_SIGNED_BITS_DIFFER,0000000039d4b32c,00000000838191dc,3f86afeb900000000000,3f86afeb900000000000,00000000032feb90,3400,7000,00007f80,2,57,2,2,6,3fc6f45ab80000000000,3000,3400
FPREM_completed,24,RZ,random,108,QUOTIENT_SIGNED_BITS_DIFFER,0000000077d8aab0,00000000b02c7d0a,3fdec378280000000000,3fdec378280000000000,000000002f437828,3400,7300,00007f80,3,73,7,7,1,403f80e0880000000000,3000,3400
FPREM_completed,24,RZ,random,109,QUOTIENT_SIGNED_BITS_DIFFER,00000000a239da83,00000000210ae6fb,bfc0c39c940000000000,bfc0c39c940000000000,00000000a0439c94,3100,3300,00007f80,1,2,5,5,3,bfc0c39c940000000000,3000,3300
FPREM_completed,24,RZ,random,120,QUOTIENT_SIGNED_BITS_DIFFER,0000000051558de3,000000009e4df668,3fbccc4f880000000000,3fbccc4f880000000000,000000001e4c4f88,3400,7200,00007f80,2,55,3,3,5,3ffa9520a00000000000,3000,3400
FPREM_completed,24,RZ,random,142,QUOTIENT_SIGNED_BITS_DIFFER,00000000a13b8f59,000000000ca8226b,bf989b7a520000000000,bf989b7a520000000000,000000008c1b7a52,3100,3300,00007f80,1,23,5,5,3,bf989b7a520000000000,3000,3300
FPREM_completed,24,RZ,random,265,INVALID_OR_NONFINITE_INPUT,000000007fcfd6be,0000000027bb93e3,7fffcfd6be0000000000,7fffcfd6be0000000000,000000007fcfd6be,3000,3000,00007f80,1,0,0,0,0,7fffcfd6be0000000000,3000,3000
FPREM_completed,24,RZ,random,265,NAN_RESULT,000000007fcfd6be,0000000027bb93e3,7fffcfd6be0000000000,7fffcfd6be0000000000,000000007fcfd6be,3000,3000,00007f80,1,0,0,0,0,7fffcfd6be0000000000,3000,3000
FPREM_completed,24,RZ,random,305,EXCEPTION_FLAGS_MISMATCH,00000000804f17e9,0000000010edda30,bf809e2fd20000000000,bf809e2fd20000000000,00000000804f17e9,3002,3002,00007f80,1,0,0,0,0,bf809e2fd20000000000,3002,3002
FPREM_completed,24,RZ,random,321,EXCEPTION_FLAGS_MISMATCH,000000000075586a,000000001c54d842,3f80eab0d40000000000,3f80eab0d40000000000,000000000075586a,3002,3002,00007f80,1,0,0,0,0,3f80eab0d40000000000,3002,3002
FPREM_completed,24,RZ,random,578,INVALID_OR_NONFINITE_INPUT,00000000ffdbf494,00000000fc3118cd,ffffdbf4940000000000,ffffdbf4940000000000,00000000ffdbf494,3000,3000,00007f80,1,0,0,0,0,ffffdbf4940000000000,3000,3000
FPREM_completed,24,RZ,random,578,NAN_RESULT,00000000ffdbf494,00000000fc3118cd,ffffdbf4940000000000,ffffdbf4940000000000,00000000ffdbf494,3000,3000,00007f80,1,0,0,0,0,ffffdbf4940000000000,3000,3000
FPREM_completed,24,RZ,random,594,EXCEPTION_FLAGS_MISMATCH,0000000000487243,00000000668611c6,3f8090e4860000000000,3f8090e4860000000000,0000000000487243,3002,3002,00007f80,1,0,0,0,0,3f8090e4860000000000,3002,3002
FPREM_completed,24,RZ,random,674,EXCEPTION_FLAGS_MISMATCH,00000000007b959a,00000000483ceb5b,3f80f72b340000000000,3f80f72b340000000000,00000000007b959a,3002,3002,00007f80,1,0,0,0,0,3f80f72b340000000000,3002,3002
FPREM_completed,24,RZ,random,830,INVALID_OR_NONFINITE_INPUT,00000000ffa26bba,0000000064b98d15,ffffe26bba0000000000,ffffe26bba0000000000,00000000ffe26bba,3001,3001,00007f81,1,0,0,0,0,ffffe26bba0000000000,3001,3001
FPREM_completed,24,RZ,random,830,NAN_RESULT,00000000ffa26bba,0000000064b98d15,ffffe26bba0000000000,ffffe26bba0000000000,00000000ffe26bba,3001,3001,00007f81,1,0,0,0,0,ffffe26bba0000000000,3001,3001
FPREM_completed,24,RZ,random,893,EXCEPTION_FLAGS_MISMATCH,00000000806e6013,00000000b0908b5f,bf80dcc0260000000000,bf80dcc0260000000000,00000000806e6013,3002,3002,00007f80,1,0,0,0,0,bf80dcc0260000000000,3002,3002
FPREM_completed,24,RZ,random,924,INVALID_OR_NONFINITE_INPUT,00000000fff71ab6,000000000d1d63d5,fffff71ab60000000000,fffff71ab60000000000,00000000fff71ab6,3000,3000,00007f80,1,0,0,0,0,fffff71ab60000000000,3000,3000
FPREM_completed,24,RZ,random,924,NAN_RESULT,00000000fff71ab6,000000000d1d63d5,fffff71ab60000000000,fffff71ab60000000000,00000000fff71ab6,3000,3000,00007f80,1,0,0,0,0,fffff71ab60000000000,3000,3000
FPREM_completed,24,RZ,random,1003,INVALID_OR_NONFINITE_INPUT,000000000c5a929d,000000007f9ad902,7fffdad9020000000000,7fffdad9020000000000,000000007fdad902,3001,3001,00007f81,1,0,0,0,0,7fffdad9020000000000,3001,3001
FPREM_completed,24,RZ,random,1003,NAN_RESULT,000000000c5a929d,000000007f9ad902,7fffdad9020000000000,7fffdad9020000000000,000000007fdad902,3001,3001,00007f81,1,0,0,0,0,7fffdad9020000000000,3001,3001
FPREM_completed,24,RZ,random,1105,INVALID_OR_NONFINITE_INPUT,00000000721c9fe9,00000000ff898023,ffffc980230000000000,ffffc980230000000000,00000000ffc98023,3001,3001,00007f81,1,0,0,0,0,ffffc980230000000000,3001,3001
FPREM_completed,24,RZ,random,1105,NAN_RESULT,00000000721c9fe9,00000000ff898023,ffffc980230000000000,ffffc980230000000000,00000000ffc98023,3001,3001,00007f81,1,0,0,0,0,ffffc980230000000000,3001,3001
FPREM_completed,24,RZ,random,1161,EXCEPTION_FLAGS_MISMATCH,00000000803806a9,000000004b857f17,bf7fe01aa40000000000,bf7fe01aa40000000000,00000000803806a9,3002,3002,00007f80,1,0,0,0,0,bf7fe01aa40000000000,3002,3002
FPREM_completed,24,RZ,random,1224,EXCEPTION_FLAGS_MISMATCH,00000000005ea6b7,00000000296bde8c,3f80bd4d6e0000000000,3f80bd4d6e0000000000,00000000005ea6b7,3002,3002,00007f80,1,0,0,0,0,3f80bd4d6e0000000000,3002,3002
FPREM_completed,24,RZ,random,1418,INVALID_OR_NONFINITE_INPUT,000000007a44ee35,00000000ff9ed49a,ffffded49a0000000000,ffffded49a0000000000,00000000ffded49a,3001,3001,00007f81,1,0,0,0,0,ffffded49a0000000000,3001,3001
FPREM_completed,24,RZ,random,1418,NAN_RESULT,000000007a44ee35,00000000ff9ed49a,ffffded49a0000000000,ffffded49a0000000000,00000000ffded49a,3001,3001,00007f81,1,0,0,0,0,ffffded49a0000000000,3001,3001
FPREM_completed,24,RZ,random,1569,INVALID_OR_NONFINITE_INPUT,00000000ffe92963,00000000c04c1a1f,ffffe929630000000000,ffffe929630000000000,00000000ffe92963,3000,3000,00007f80,1,0,0,0,0,ffffe929630000000000,3000,3000
FPREM_completed,24,RZ,random,1569,NAN_RESULT,00000000ffe92963,00000000c04c1a1f,ffffe929630000000000,ffffe929630000000000,00000000ffe92963,3000,3000,00007f80,1,0,0,0,0,ffffe929630000000000,3000,3000
FPREM_completed,24,RZ,random,1578,INVALID_OR_NONFINITE_INPUT,00000000ff90bbcc,0000000040304957,ffffd0bbcc0000000000,ffffd0bbcc0000000000,00000000ffd0bbcc,3001,3001,00007f81,1,0,0,0,0,ffffd0bbcc0000000000,3001,3001
FPREM_completed,24,RZ,random,1578,NAN_RESULT,00000000ff90bbcc,0000000040304957,ffffd0bbcc0000000000,ffffd0bbcc0000000000,00000000ffd0bbcc,3001,3001,00007f81,1,0,0,0,0,ffffd0bbcc0000000000,3001,3001
FPREM_completed,24,RZ,random,1685,INVALID_OR_NONFINITE_INPUT,000000007fe52e26,000000006884b058,7fffe52e260000000000,7fffe52e260000000000,000000007fe52e26,3000,3000,00007f80,1,0,0,0,0,7fffe52e260000000000,3000,3000
FPREM_completed,24,RZ,random,1685,NAN_RESULT,000000007fe52e26,000000006884b058,7fffe52e260000000000,7fffe52e260000000000,000000007fe52e26,3000,3000,00007f80,1,0,0,0,0,7fffe52e260000000000,3000,3000
FPREM_completed,24,RZ,random,1696,EXCEPTION_FLAGS_MISMATCH,0000000080114cd9,00000000a3a8614e,bf7e8a66c80000000000,bf7e8a66c80000000000,0000000080114cd9,3002,3002,00007f80,1,0,0,0,0,bf7e8a66c80000000000,3002,3002
FPREM_completed,24,RZ,random,1755,INVALID_OR_NONFINITE_INPUT,000000007fbb3a11,00000000e7733929,7ffffb3a110000000000,7ffffb3a110000000000,000000007ffb3a11,3001,3001,00007f81,1,0,0,0,0,7ffffb3a110000000000,3001,3001
FPREM_completed,24,RZ,random,1755,NAN_RESULT,000000007fbb3a11,00000000e7733929,7ffffb3a110000000000,7ffffb3a110000000000,000000007ffb3a11,3001,3001,00007f81,1,0,0,0,0,7ffffb3a110000000000,3001,3001
FPREM_completed,24,RZ,random,1862,INVALID_OR_NONFINITE_INPUT,000000007f92c54b,000000005ca74ec7,7fffd2c54b0000000000,7fffd2c54b0000000000,000000007fd2c54b,3001,3001,00007f81,1,0,0,0,0,7fffd2c54b0000000000,3001,3001
FPREM_completed,24,RZ,random,1862,NAN_RESULT,000000007f92c54b,000000005ca74ec7,7fffd2c54b0000000000,7fffd2c54b0000000000,000000007fd2c54b,3001,3001,00007f81,1,0,0,0,0,7fffd2c54b0000000000,3001,3001
FPREM_completed,24,RZ,random,1867,INVALID_OR_NONFINITE_INPUT,0000000045542a5e,00000000ffb74e9f,fffff74e9f0000000000,fffff74e9f0000000000,00000000fff74e9f,3001,3001,00007f81,1,0,0,0,0,fffff74e9f0000000000,3001,3001
FPREM_completed,24,RZ,random,1867,NAN_RESULT,0000000045542a5e,00000000ffb74e9f,fffff74e9f0000000000,fffff74e9f0000000000,00000000fff74e9f,3001,3001,00007f81,1,0,0,0,0,fffff74e9f0000000000,3001,3001
FPREM_completed,24,RZ,random,1870,INVALID_OR_NONFINITE_INPUT,0000000087e9d2db,000000007f9ce634,7fffdce6340000000000,7fffdce6340000000000,000000007fdce634,3001,3001,00007f81,1,0,0,0,0,7fffdce6340000000000,3001,3001
FPREM_completed,24,RZ,random,1870,NAN_RESULT,0000000087e9d2db,000000007f9ce634,7fffdce6340000000000,7fffdce6340000000000,000000007fdce634,3001,3001,00007f81,1,0,0,0,0,7fffdce6340000000000,3001,3001
FPREM_completed,24,RZ,random,1920,INVALID_OR_NONFINITE_INPUT,000000005882ca2f,000000007fde1f8c,7fffde1f8c0000000000,7fffde1f8c0000000000,000000007fde1f8c,3000,3000,00007f80,1,0,0,0,0,7fffde1f8c0000000000,3000,3000
FPREM_completed,24,RZ,random,1920,NAN_RESULT,000000005882ca2f,000000007fde1f8c,7fffde1f8c0000000000,7fffde1f8c0000000000,000000007fde1f8c,3000,3000,00007f80,1,0,0,0,0,7fffde1f8c0000000000,3000,3000
FPREM_completed,24,RZ,random,2045,EXCEPTION_FLAGS_MISMATCH,00000000b4f706eb,0000000000213af5,bf7c886d800000000000,bf7c886d800000000000,000000008004436c,3402,3102,00007f80,2,43,4,4,4,bfbbeaf4400000000000,3002,3402
FPREM_completed,24,RZ,random,2085,INVALID_OR_NONFINITE_INPUT,000000007f843dcd,00000000a3aa9017,7fffc43dcd0000000000,7fffc43dcd0000000000,000000007fc43dcd,3001,3001,00007f81,1,0,0,0,0,7fffc43dcd0000000000,3001,3001
FPREM_completed,24,RZ,random,2085,NAN_RESULT,000000007f843dcd,00000000a3aa9017,7fffc43dcd0000000000,7fffc43dcd0000000000,000000007fc43dcd,3001,3001,00007f81,1,0,0,0,0,7fffc43dcd0000000000,3001,3001
FPREM_completed,24,RZ,random,2088,INVALID_OR_NONFINITE_INPUT,000000007fa3ec23,00000000715a1f9f,7fffe3ec230000000000,7fffe3ec230000000000,000000007fe3ec23,3001,3001,00007f81,1,0,0,0,0,7fffe3ec230000000000,3001,3001
FPREM_completed,24,RZ,random,2088,NAN_RESULT,000000007fa3ec23,00000000715a1f9f,7fffe3ec230000000000,7fffe3ec230000000000,000000007fe3ec23,3001,3001,00007f81,1,0,0,0,0,7fffe3ec230000000000,3001,3001
FPREM_completed,24,RZ,random,2096,EXCEPTION_FLAGS_MISMATCH,0000000000139f6d,000000005bbf993f,3f7e9cfb680000000000,3f7e9cfb680000000000,0000000000139f6d,3002,3002,00007f80,1,0,0,0,0,3f7e9cfb680000000000,3002,3002
FPREM_completed,24,RZ,random,2098,EXCEPTION_FLAGS_MISMATCH,0000000080371a3c,00000000b99fd606,bf7fdc68f00000000000,bf7fdc68f00000000000,0000000080371a3c,3002,3002,00007f80,1,0,0,0,0,bf7fdc68f00000000000,3002,3002
FPREM_completed,24,RZ,random,2290,INVALID_OR_NONFINITE_INPUT,000000007456aac8,000000007ffafc35,7ffffafc350000000000,7ffffafc350000000000,000000007ffafc35,3000,3000,00007f80,1,0,0,0,0,7ffffafc350000000000,3000,3000
FPREM_completed,24,RZ,random,2290,NAN_RESULT,000000007456aac8,000000007ffafc35,7ffffafc350000000000,7ffffafc350000000000,000000007ffafc35,3000,3000,00007f80,1,0,0,0,0,7ffffafc350000000000,3000,3000
FPREM_completed,24,RZ,random,2346,INVALID_OR_NONFINITE_INPUT,00000000ff9ac52d,00000000bd639620,ffffdac52d0000000000,ffffdac52d0000000000,00000000ffdac52d,3001,3001,00007f81,1,0,0,0,0,ffffdac52d0000000000,3001,3001
FPREM_completed,24,RZ,random,2346,NAN_RESULT,00000000ff9ac52d,00000000bd639620,ffffdac52d0000000000,ffffdac52d0000000000,00000000ffdac52d,3001,3001,00007f81,1,0,0,0,0,ffffdac52d0000000000,3001,3001
FPREM_completed,24,RZ,random,2643,EXCEPTION_FLAGS_MISMATCH,00000000804f881c,000000001fcdb982,bf809f10380000000000,bf809f10380000000000,00000000804f881c,3002,3002,00007f80,1,0,0,0,0,bf809f10380000000000,3002,3002
FPREM_completed,24,RZ,random,2681,EXCEPTION_FLAGS_MISMATCH,00000000806f4799,00000000c2b14fd6,bf80de8f320000000000,bf80de8f320000000000,00000000806f4799,3002,3002,00007f80,1,0,0,0,0,bf80de8f320000000000,3002,3002
FPREM_completed,24,RZ,random,2730,EXCEPTION_FLAGS_MISMATCH,000000008025f976,0000000000a6d3f0,bf7f97e5d80000000000,bf7f97e5d80000000000,000000008025f976,3002,3002,00007f80,1,0,0,0,0,bf7f97e5d80000000000,3002,3002
FPREM_completed,24,RZ,random,2769,EXCEPTION_FLAGS_MISMATCH,00000000801e5c30,000000009156f816,bf7ef2e1800000000000,bf7ef2e1800000000000,00000000801e5c30,3002,3002,00007f80,1,0,0,0,0,bf7ef2e1800000000000,3002,3002
FPREM_completed,24,RZ,random,3068,EXCEPTION_FLAGS_MISMATCH,000000008037a746,00000000490c41df,bf7fde9d180000000000,bf7fde9d180000000000,000000008037a746,3002,3002,00007f80,1,0,0,0,0,bf7fde9d180000000000,3002,3002
FPREM_completed,24,RZ,random,3628,EXCEPTION_FLAGS_MISMATCH,000000000076b33b,00000000d1903489,3f80ed66760000000000,3f80ed66760000000000,000000000076b33b,3002,3002,00007f80,1,0,0,0,0,3f80ed66760000000000,3002,3002
FPREM_completed,24,RZ,random,3956,EXCEPTION_FLAGS_MISMATCH,00000000003f89ce,0000000033846076,3f7ffe27380000000000,3f7ffe27380000000000,00000000003f89ce,3002,3002,00007f80,1,0,0,0,0,3f7ffe27380000000000,3002,3002
FPREM_completed,24,RZ,random,3999,EXCEPTION_FLAGS_MISMATCH,00000000e84d5871,00000000801680e7,bf7bbf0c000000000000,bf7bbf0c000000000000,000000008002fc30,3402,3002,00007f80,4,105,0,0,0,c01a8455000000000000,3002,3402
FPREM_completed,24,RZ,random,4306,EXCEPTION_FLAGS_MISMATCH,000000006a736d7d,00000000003c65a7,3f7ee5b7e00000000000,3f7ee5b7e00000000000,00000000001cb6fc,3402,3102,00007f80,5,110,4,4,4,401f814fd40000000000,3002,3402
FPREM_completed,24,RZ,random,163310,VALUE_MISMATCH,000000007fed1393,000000007fbf408e,7fffff408e0000000000,7fffed13930000000000,000000007fed1393,3001,3001,00007f81,1,0,0,0,0,7fffff408e0000000000,3001,3001
FPREM_completed,24,RZ,random,181020,VALUE_MISMATCH,000000007f905a8c,00000000ffdea620,ffffdea6200000000000,7fffd05a8c0000000000,000000007fd05a8c,3001,3001,00007f81,1,0,0,0,0,ffffdea6200000000000,3001,3001
FPREM_completed,24,RZ,random,187735,VALUE_MISMATCH,000000007fe26d70,000000007fa6bfcf,7fffe6bfcf0000000000,7fffe26d700000000000,000000007fe26d70,3001,3001,00007f81,1,0,0,0,0,7fffe6bfcf0000000000,3001,3001
FPREM_completed,24,RZ,random,304033,VALUE_MISMATCH,00000000ffe14635,000000007ff8b845,7ffff8b8450000000000,ffffe146350000000000,00000000ffe14635,3000,3000,00007f80,1,0,0,0,0,7ffff8b8450000000000,3000,3000
FPREM_completed,24,RZ,random,315406,VALUE_MISMATCH,00000000ff9b55da,000000007fa40275,7fffe402750000000000,ffffdb55da0000000000,00000000ffdb55da,3001,3001,00007f81,1,0,0,0,0,7fffe402750000000000,3001,3001
FPREM_completed,24,RZ,random,369110,VALUE_MISMATCH,00000000ff95d10c,00000000ffbda807,fffffda8070000000000,ffffd5d10c0000000000,00000000ffd5d10c,3001,3001,00007f81,1,0,0,0,0,fffffda8070000000000,3001,3001
FPREM_completed,24,RZ,random,735265,VALUE_MISMATCH,000000007fb03a75,000000007ffcb7c0,7ffffcb7c00000000000,7ffff03a750000000000,000000007ff03a75,3001,3001,00007f81,1,0,0,0,0,7ffffcb7c00000000000,3001,3001
FPREM_completed,24,RZ,random,937141,VALUE_MISMATCH,00000000ff9f1ee7,000000007fec2531,7fffec25310000000000,ffffdf1ee70000000000,00000000ffdf1ee7,3001,3001,00007f81,1,0,0,0,0,7fffec25310000000000,3001,3001
FPREM_completed,24,RZ,edge,341,VALUE_MISMATCH,000000007fc00011,00000000ff800222,ffffc002220000000000,7fffc000110000000000,000000007fc00011,3001,3001,00007f81,1,0,0,0,0,ffffc002220000000000,3001,3001
FPREM_completed,64,RN,random,0,ALL,39005d1b59f41037,aa0bb42747841268,3ea0a6fbf900f9cf4000,3ea0a6fbf900f9cf4000,2a04df7f201f39e8,3400,7300,00001f80,5,120,7,7,1,3f5dc0201f66984c0000,3000,3400
FPREM_completed,64,RN,random,0,X87_MULTISTEP,39005d1b59f41037,aa0bb42747841268,3ea0a6fbf900f9cf4000,3ea0a6fbf900f9cf4000,2a04df7f201f39e8,3400,7300,00001f80,5,120,7,7,1,3f5dc0201f66984c0000,3000,3400
FPREM_completed,64,RN,random,0,QUOTIENT_SIGNED_BITS_DIFFER,39005d1b59f41037,aa0bb42747841268,3ea0a6fbf900f9cf4000,3ea0a6fbf900f9cf4000,2a04df7f201f39e8,3400,7300,00001f80,5,120,7,7,1,3f5dc0201f66984c0000,3000,3400
FPREM_completed,64,RN,random,0,SINGLE_INSTRUCTION_VALUE_MISMATCH,39005d1b59f41037,aa0bb42747841268,3ea0a6fbf900f9cf4000,3ea0a6fbf900f9cf4000,2a04df7f201f39e8,3400,7300,00001f80,5,120,7,7,1,3f5dc0201f66984c0000,3000,3400
FPREM_completed,64,RN,random,0,SINGLE_INSTRUCTION_C2_PARTIAL,39005d1b59f41037,aa0bb42747841268,3ea0a6fbf900f9cf4000,3ea0a6fbf900f9cf4000,2a04df7f201f39e8,3400,7300,00001f80,5,120,7,7,1,3f5dc0201f66984c0000,3000,3400
FPREM_completed,64,RN,random,1,ALL,a79dae131b3431aa,c97db72336427b70,be79ed7098d9a18d5000,be79ed7098d9a18d5000,a79dae131b3431aa,3000,3000,00001f80,1,0,0,0,0,be79ed7098d9a18d5000,3000,3000
FPREM_completed,64,RN,random,1,SINGLE_COMPLETE_FINITE_CASE,a79dae131b3431aa,c97db72336427b70,be79ed7098d9a18d5000,be79ed7098d9a18d5000,a79dae131b3431aa,3000,3000,00001f80,1,0,0,0,0,be79ed7098d9a18d5000,3000,3000
FPREM_completed,64,RN,random,2,ALL,38b1b1cf247332e7,2c69a8de7d10e6c2,3ec4ebb15b13f19a0000,3ec4ebb15b13f19a0000,2c4d762b627e3340,3400,3000,00001f80,4,90,0,0,0,3f65e65f0fd8474c8000,3000,3400
FPREM_completed,64,RN,random,2,X87_MULTISTEP,38b1b1cf247332e7,2c69a8de7d10e6c2,3ec4ebb15b13f19a0000,3ec4ebb15b13f19a0000,2c4d762b627e3340,3400,3000,00001f80,4,90,0,0,0,3f65e65f0fd8474c8000,3000,3400
FPREM_completed,64,RN,random,2,SINGLE_INSTRUCTION_VALUE_MISMATCH,38b1b1cf247332e7,2c69a8de7d10e6c2,3ec4ebb15b13f19a0000,3ec4ebb15b13f19a0000,2c4d762b627e3340,3400,3000,00001f80,4,90,0,0,0,3f65e65f0fd8474c8000,3000,3400
FPREM_completed,64,RN,random,2,SINGLE_INSTRUCTION_C2_PARTIAL,38b1b1cf247332e7,2c69a8de7d10e6c2,3ec4ebb15b13f19a0000,3ec4ebb15b13f19a0000,2c4d762b627e3340,3400,3000,00001f80,4,90,0,0,0,3f65e65f0fd8474c8000,3000,3400
FPREM_completed,64,RN,random,3,ALL,0159a802c6b0e40b,fde8f2dd6b4079e3,3c15cd40163587205800,3c15cd40163587205800,0159a802c6b0e40b,3000,3000,00001f80,1,0,0,0,0,3c15cd40163587205800,3000,3000
FPREM_completed,64,RN,random,3,SINGLE_COMPLETE_FINITE_CASE,0159a802c6b0e40b,fde8f2dd6b4079e3,3c15cd40163587205800,3c15cd40163587205800,0159a802c6b0e40b,3000,3000,00001f80,1,0,0,0,0,3c15cd40163587205800,3000,3000
FPREM_completed,64,RN,random,4,ALL,6eafb6c51d88b719,b33bcb6f9ffd8324,3f33dab784e9e91de000,3f33dab784e9e91de000,333b56f09d3d23bc,3400,3200,00001f80,17,446,1,1,7,42b2c8875468a91ec000,3000,3400
FPREM_completed,64,RN,random,4,X87_MULTISTEP,6eafb6c51d88b719,b33bcb6f9ffd8324,3f33dab784e9e91de000,3f33dab784e9e91de000,333b56f09d3d23bc,3400,3200,00001f80,17,446,1,1,7,42b2c8875468a91ec000,3000,3400
FPREM_completed,64,RN,random,4,QUOTIENT_SIGNED_BITS_DIFFER,6eafb6c51d88b719,b33bcb6f9ffd8324,3f33dab784e9e91de000,3f33dab784e9e91de000,333b56f09d3d23bc,3400,3200,00001f80,17,446,1,1,7,42b2c8875468a91ec000,3000,3400
FPREM_completed,64,RN,random,4,SINGLE_INSTRUCTION_VALUE_MISMATCH,6eafb6c51d88b719,b33bcb6f9ffd8324,3f33dab784e9e91de000,3f33dab784e9e91de000,333b56f09d3d23bc,3400,3200,00001f80,17,446,1,1,7,42b2c8875468a91ec000,3000,3400
FPREM_completed,64,RN,random,4,SINGLE_INSTRUCTION_C2_PARTIAL,6eafb6c51d88b719,b33bcb6f9ffd8324,3f33dab784e9e91de000,3f33dab784e9e91de000,333b56f09d3d23bc,3400,3200,00001f80,17,446,1,1,7,42b2c8875468a91ec000,3000,3400
FPREM_completed,64,RN,random,5,ALL,039d85f35503e50f,6bf5f004e65a440b,3c39ec2f9aa81f287800,3c39ec2f9aa81f287800,039d85f35503e50f,3000,3000,00001f80,1,0,0,0,0,3c39ec2f9aa81f287800,3000,3000
FPREM_completed,64,RN,random,5,SINGLE_COMPLETE_FINITE_CASE,039d85f35503e50f,6bf5f004e65a440b,3c39ec2f9aa81f287800,3c39ec2f9aa81f287800,039d85f35503e50f,3000,3000,00001f80,1,0,0,0,0,3c39ec2f9aa81f287800,3000,3000
FPREM_completed,64,RN,random,6,ALL,3f622dade3a7b6be,bac9d0d4304c687b,3fabd6f9f6607547c000,3fabd6f9f6607547c000,3abadf3ecc0ea8f8,3400,3100,00001f80,2,35,4,4,4,3fc68cbaee446fa20000,3000,3400
FPREM_completed,64,RN,random,6,X87_MULTISTEP,3f622dade3a7b6be,bac9d0d4304c687b,3fabd6f9f6607547c000,3fabd6f9f6607547c000,3abadf3ecc0ea8f8,3400,3100,00001f80,2,35,4,4,4,3fc68cbaee446fa20000,3000,3400
FPREM_completed,64,RN,random,6,SINGLE_INSTRUCTION_VALUE_MISMATCH,3f622dade3a7b6be,bac9d0d4304c687b,3fabd6f9f6607547c000,3fabd6f9f6607547c000,3abadf3ecc0ea8f8,3400,3100,00001f80,2,35,4,4,4,3fc68cbaee446fa20000,3000,3400
FPREM_completed,64,RN,random,6,SINGLE_INSTRUCTION_C2_PARTIAL,3f622dade3a7b6be,bac9d0d4304c687b,3fabd6f9f6607547c000,3fabd6f9f6607547c000,3abadf3ecc0ea8f8,3400,3100,00001f80,2,35,4,4,4,3fc68cbaee446fa20000,3000,3400
FPREM_completed,64,RN,random,7,ALL,1be3526f041fd13f,8f013dda7d97cc0b,3cec83c7ce222eb88000,3cec83c7ce222eb88000,0ec078f9c445d710,3400,3300,00001f80,4,83,5,5,3,3d8f99911c0774abc000,3000,3400
FPREM_completed,64,RN,random,7,X87_MULTISTEP,1be3526f041fd13f,8f013dda7d97cc0b,3cec83c7ce222eb88000,3cec83c7ce222eb88000,0ec078f9c445d710,3400,3300,00001f80,4,83,5,5,3,3d8f99911c0774abc000,3000,3400
FPREM_completed,64,RN,random,7,QUOTIENT_SIGNED_BITS_DIFFER,1be3526f041fd13f,8f013dda7d97cc0b,3cec83c7ce222eb88000,3cec83c7ce222eb88000,0ec078f9c445d710,3400,3300,00001f80,4,83,5,5,3,3d8f99911c0774abc000,3000,3400
FPREM_completed,64,RN,random,7,SINGLE_INSTRUCTION_VALUE_MISMATCH,1be3526f041fd13f,8f013dda7d97cc0b,3cec83c7ce222eb88000,3cec83c7ce222eb88000,0ec078f9c445d710,3400,3300,00001f80,4,83,5,5,3,3d8f99911c0774abc000,3000,3400
FPREM_completed,64,RN,random,7,SINGLE_INSTRUCTION_C2_PARTIAL,1be3526f041fd13f,8f013dda7d97cc0b,3cec83c7ce222eb88000,3cec83c7ce222eb88000,0ec078f9c445d710,3400,3300,00001f80,4,83,5,5,3,3d8f99911c0774abc000,3000,3400
FPREM_completed,64,RN,random,8,ALL,c44d0a1ea70b20ff,0eeac7548da1932d,bceec474924529945800,bceec474924529945800,8ee88e9248a5328b,3400,3200,00001f80,16,424,1,1,7,c008b16b8d55709c0000,3000,3400
FPREM_completed,64,RN,random,8,X87_MULTISTEP,c44d0a1ea70b20ff,0eeac7548da1932d,bceec474924529945800,bceec474924529945800,8ee88e9248a5328b,3400,3200,00001f80,16,424,1,1,7,c008b16b8d55709c0000,3000,3400
FPREM_completed,64,RN,random,8,QUOTIENT_SIGNED_BITS_DIFFER,c44d0a1ea70b20ff,0eeac7548da1932d,bceec474924529945800,bceec474924529945800,8ee88e9248a5328b,3400,3200,00001f80,16,424,1,1,7,c008b16b8d55709c0000,3000,3400
FPREM_completed,64,RN,random,8,SINGLE_INSTRUCTION_VALUE_MISMATCH,c44d0a1ea70b20ff,0eeac7548da1932d,bceec474924529945800,bceec474924529945800,8ee88e9248a5328b,3400,3200,00001f80,16,424,1,1,7,c008b16b8d55709c0000,3000,3400
FPREM_completed,64,RN,random,8,SINGLE_INSTRUCTION_C2_PARTIAL,c44d0a1ea70b20ff,0eeac7548da1932d,bceec474924529945800,bceec474924529945800,8ee88e9248a5328b,3400,3200,00001f80,16,424,1,1,7,c008b16b8d55709c0000,3000,3400
FPREM_completed,64,RN,random,9,ALL,14c615a007ecca11,e2509355b1112f51,3d4cb0ad003f66508800,3d4cb0ad003f66508800,14c615a007ecca11,3000,3000,00001f80,1,0,0,0,0,3d4cb0ad003f66508800,3000,3000
FPREM_completed,64,RN,random,9,SINGLE_COMPLETE_FINITE_CASE,14c615a007ecca11,e2509355b1112f51,3d4cb0ad003f66508800,3d4cb0ad003f66508800,14c615a007ecca11,3000,3000,00001f80,1,0,0,0,0,3d4cb0ad003f66508800,3000,3000
FPREM_completed,64,RN,random,10,ALL,e17a9da691069bad,bf7616c50e54a52d,bff6b2396f9289d0f000,bff6b2396f9289d0f000,bf66472df2513a1e,3400,3300,00001f80,10,266,5,5,5,c1f3b2a68b0280980000,3000,3400
FPREM_completed,64,RN,random,10,X87_MULTISTEP,e17a9da691069bad,bf7616c50e54a52d,bff6b2396f9289d0f000,bff6b2396f9289d0f000,bf66472df2513a1e,3400,3300,00001f80,10,266,5,5,5,c1f3b2a68b0280980000,3000,3400
FPREM_completed,64,RN,random,10,SINGLE_INSTRUCTION_VALUE_MISMATCH,e17a9da691069bad,bf7616c50e54a52d,bff6b2396f9289d0f000,bff6b2396f9289d0f000,bf66472df2513a1e,3400,3300,00001f80,10,266,5,5,5,c1f3b2a68b0280980000,3000,3400
FPREM_completed,64,RN,random,10,SINGLE_INSTRUCTION_C2_PARTIAL,e17a9da691069bad,bf7616c50e54a52d,bff6b2396f9289d0f000,bff6b2396f9289d0f000,bf66472df2513a1e,3400,3300,00001f80,10,266,5,5,5,c1f3b2a68b0280980000,3000,3400
FPREM_completed,64,RN,random,11,ALL,4a4e1234b1a55a7f,29841a150e25814e,3e95abc4469a67fc0000,3e95abc4469a67fc0000,29557888d34cff80,3400,3000,00001f80,9,289,0,0,0,4075d17ea87146938000,3000,3400
FPREM_completed,64,RN,random,11,X87_MULTISTEP,4a4e1234b1a55a7f,29841a150e25814e,3e95abc4469a67fc0000,3e95abc4469a67fc0000,29557888d34cff80,3400,3000,00001f80,9,289,0,0,0,4075d17ea87146938000,3000,3400
FPREM_completed,64,RN,random,11,SINGLE_INSTRUCTION_VALUE_MISMATCH,4a4e1234b1a55a7f,29841a150e25814e,3e95abc4469a67fc0000,3e95abc4469a67fc0000,29557888d34cff80,3400,3000,00001f80,9,289,0,0,0,4075d17ea87146938000,3000,3400
FPREM_completed,64,RN,random,11,SINGLE_INSTRUCTION_C2_PARTIAL,4a4e1234b1a55a7f,29841a150e25814e,3e95abc4469a67fc0000,3e95abc4469a67fc0000,29557888d34cff80,3400,3000,00001f80,9,289,0,0,0,4075d17ea87146938000,3000,3400
FPREM_completed,64,RN,random,12,ALL,6594f41e49bee1a0,3bf5817dfb70df6d,3fbeee382bb4dd19f000,3fbeee382bb4dd19f000,3bedc705769ba33e,3400,3300,00001f80,12,321,5,5,5,421e9b54c40c8e563000,3000,3400
FPREM_completed,64,RN,random,12,X87_MULTISTEP,6594f41e49bee1a0,3bf5817dfb70df6d,3fbeee382bb4dd19f000,3fbeee382bb4dd19f000,3bedc705769ba33e,3400,3300,00001f80,12,321,5,5,5,421e9b54c40c8e563000,3000,3400
FPREM_completed,64,RN,random,12,SINGLE_INSTRUCTION_VALUE_MISMATCH,6594f41e49bee1a0,3bf5817dfb70df6d,3fbeee382bb4dd19f000,3fbeee382bb4dd19f000,3bedc705769ba33e,3400,3300,00001f80,12,321,5,5,5,421e9b54c40c8e563000,3000,3400
FPREM_completed,64,RN,random,12,SINGLE_INSTRUCTION_C2_PARTIAL,6594f41e49bee1a0,3bf5817dfb70df6d,3fbeee382bb4dd19f000,3fbeee382bb4dd19f000,3bedc705769ba33e,3400,3300,00001f80,12,321,5,5,5,421e9b54c40c8e563000,3000,3400
FPREM_completed,64,RN,random,13,ALL,c1132a8b237f2b9d,594d73404f44c27e,c0119954591bf95ce800,c0119954591bf95ce800,c1132a8b237f2b9d,3000,3000,00001f80,1,0,0,0,0,c0119954591bf95ce800,3000,3000
FPREM_completed,64,RN,random,13,SINGLE_COMPLETE_FINITE_CASE,c1132a8b237f2b9d,594d73404f44c27e,c0119954591bf95ce800,c0119954591bf95ce800,c1132a8b237f2b9d,3000,3000,00001f80,1,0,0,0,0,c0119954591bf95ce800,3000,3000
FPREM_completed,64,RN,random,14,ALL,b7683dfbd1805aff,bf598884c49fca9b,bf76c1efde8c02d7f800,bf76c1efde8c02d7f800,b7683dfbd1805aff,3000,3000,00001f80,1,0,0,0,0,bf76c1efde8c02d7f800,3000,3000
FPREM_completed,64,RN,random,14,SINGLE_COMPLETE_FINITE_CASE,b7683dfbd1805aff,bf598884c49fca9b,bf76c1efde8c02d7f800,bf76c1efde8c02d7f800,b7683dfbd1805aff,3000,3000,00001f80,1,0,0,0,0,bf76c1efde8c02d7f800,3000,3000
FPREM_completed,64,RN,random,15,ALL,6f490969190f62c4,ae1215eb462405c7,3ee1818d7f0b5adcc800,3ee1818d7f0b5adcc800,2e1031afe16b5b99,3400,3200,00001f80,17,494,1,1,7,42bddc90617d46440000,3000,3400
FPREM_completed,64,RN,random,15,X87_MULTISTEP,6f490969190f62c4,ae1215eb462405c7,3ee1818d7f0b5adcc800,3ee1818d7f0b5adcc800,2e1031afe16b5b99,3400,3200,00001f80,17,494,1,1,7,42bddc90617d46440000,3000,3400
FPREM_completed,64,RN,random,15,QUOTIENT_SIGNED_BITS_DIFFER,6f490969190f62c4,ae1215eb462405c7,3ee1818d7f0b5adcc800,3ee1818d7f0b5adcc800,2e1031afe16b5b99,3400,3200,00001f80,17,494,1,1,7,42bddc90617d46440000,3000,3400
FPREM_completed,64,RN,random,15,SINGLE_INSTRUCTION_VALUE_MISMATCH,6f490969190f62c4,ae1215eb462405c7,3ee1818d7f0b5adcc800,3ee1818d7f0b5adcc800,2e1031afe16b5b99,3400,3200,00001f80,17,494,1,1,7,42bddc90617d46440000,3000,3400
FPREM_completed,64,RN,random,15,SINGLE_INSTRUCTION_C2_PARTIAL,6f490969190f62c4,ae1215eb462405c7,3ee1818d7f0b5adcc800,3ee1818d7f0b5adcc800,2e1031afe16b5b99,3400,3200,00001f80,17,494,1,1,7,42bddc90617d46440000,3000,3400
FPREM_completed,64,RN,random,16,ALL,8da36025d28a21d8,33ed6497a86d8353,bcda9b012e94510ec000,bcda9b012e94510ec000,8da36025d28a21d8,3000,3000,00001f80,1,0,0,0,0,bcda9b012e94510ec000,3000,3000
FPREM_completed,64,RN,random,16,SINGLE_COMPLETE_FINITE_CASE,8da36025d28a21d8,33ed6497a86d8353,bcda9b012e94510ec000,bcda9b012e94510ec000,8da36025d28a21d8,3000,3000,00001f80,1,0,0,0,0,bcda9b012e94510ec000,3000,3000
FPREM_completed,64,RN,random,17,ALL,b77e8b7c1bae6945,ce13f0f8f189085d,bf77f45be0dd734a2800,bf77f45be0dd734a2800,b77e8b7c1bae6945,3000,3000,00001f80,1,0,0,0,0,bf77f45be0dd734a2800,3000,3000
FPREM_completed,64,RN,random,17,SINGLE_COMPLETE_FINITE_CASE,b77e8b7c1bae6945,ce13f0f8f189085d,bf77f45be0dd734a2800,bf77f45be0dd734a2800,b77e8b7c1bae6945,3000,3000,00001f80,1,0,0,0,0,bf77f45be0dd734a2800,3000,3000
FPREM_completed,64,RN,random,18,ALL,1e56657267a4546d,63b83902f22bfcd7,3de5b32b933d22a36800,3de5b32b933d22a36800,1e56657267a4546d,3000,3000,00001f80,1,0,0,0,0,3de5b32b933d22a36800,3000,3000
FPREM_completed,64,RN,random,18,SINGLE_COMPLETE_FINITE_CASE,1e56657267a4546d,63b83902f22bfcd7,3de5b32b933d22a36800,3de5b32b933d22a36800,1e56657267a4546d,3000,3000,00001f80,1,0,0,0,0,3de5b32b933d22a36800,3000,3000
FPREM_completed,64,RN,random,19,ALL,520a608fd94c71bc,1a0745443aa528a2,3da09d581f06e8e3b000,3da09d581f06e8e3b000,1a03ab03e0dd1c76,3400,3300,00001f80,18,451,5,5,5,4100afcb0604c208c000,3000,3400
FPREM_completed,64,RN,random,19,X87_MULTISTEP,520a608fd94c71bc,1a0745443aa528a2,3da09d581f06e8e3b000,3da09d581f06e8e3b000,1a03ab03e0dd1c76,3400,3300,00001f80,18,451,5,5,5,4100afcb0604c208c000,3000,3400
FPREM_completed,64,RN,random,19,SINGLE_INSTRUCTION_VALUE_MISMATCH,520a608fd94c71bc,1a0745443aa528a2,3da09d581f06e8e3b000,3da09d581f06e8e3b000,1a03ab03e0dd1c76,3400,3300,00001f80,18,451,5,5,5,4100afcb0604c208c000,3000,3400
FPREM_completed,64,RN,random,19,SINGLE_INSTRUCTION_C2_PARTIAL,520a608fd94c71bc,1a0745443aa528a2,3da09d581f06e8e3b000,3da09d581f06e8e3b000,1a03ab03e0dd1c76,3400,3300,00001f80,18,451,5,5,5,4100afcb0604c208c000,3000,3400
FPREM_completed,64,RN,random,20,X87_MULTISTEP,e11dd77714b3258b,2594be96d5414b93,be58a3ced03246e70000,be58a3ced03246e70000,a58479da0648dce0,3400,3000,00001f80,16,468,0,0,0,c1d689da8af23e7a8000,3000,3400
FPREM_completed,64,RN,random,20,SINGLE_INSTRUCTION_VALUE_MISMATCH,e11dd77714b3258b,2594be96d5414b93,be58a3ced03246e70000,be58a3ced03246e70000,a58479da0648dce0,3400,3000,00001f80,16,468,0,0,0,c1d689da8af23e7a8000,3000,3400
FPREM_completed,64,RN,random,20,SINGLE_INSTRUCTION_C2_PARTIAL,e11dd77714b3258b,2594be96d5414b93,be58a3ced03246e70000,be58a3ced03246e70000,a58479da0648dce0,3400,3000,00001f80,16,468,0,0,0,c1d689da8af23e7a8000,3000,3400
FPREM_completed,64,RN,random,21,SINGLE_COMPLETE_FINITE_CASE,b452c0bf0200d818,6b0151688251e8ff,bf459605f81006c0c000,bf459605f81006c0c000,b452c0bf0200d818,3000,3000,00001f80,1,0,0,0,0,bf459605f81006c0c000,3000,3000
FPREM_completed,64,RN,random,22,QUOTIENT_SIGNED_BITS_DIFFER,a04b39e9068ce4c8,1eb552ddc4042814,bdeba22526717ed96000,bdeba22526717ed96000,9eb444a4ce2fdb2c,3000,3200,00001f80,1,14,1,1,7,bdeba22526717ed96000,3000,3200
FPREM_completed,64,RN,random,22,SINGLE_COMPLETE_FINITE_CASE,a04b39e9068ce4c8,1eb552ddc4042814,bdeba22526717ed96000,bdeba22526717ed96000,9eb444a4ce2fdb2c,3000,3200,00001f80,1,14,1,1,7,bdeba22526717ed96000,3000,3200
FPREM_completed,64,RN,random,23,SINGLE_COMPLETE_FINITE_CASE,af4da42f6014ff40,b29387e0e24fc445,bef4ed217b00a7fa0000,bef4ed217b00a7fa0000,af4da42f6014ff40,3000,3000,00001f80,1,0,0,0,0,bef4ed217b00a7fa0000,3000,3000
FPREM_completed,64,RN,random,24,X87_MULTISTEP,d4114ba021dfe810,3c9d3fbdef8f3ad4,bfc899b8aef443cc0000,bfc899b8aef443cc0000,bc833715de887980,3400,3000,00001f80,7,185,0,0,0,c105ea7fac552c3a0000,3000,3400
FPREM_completed,64,RN,random,24,SINGLE_INSTRUCTION_VALUE_MISMATCH,d4114ba021dfe810,3c9d3fbdef8f3ad4,bfc899b8aef443cc0000,bfc899b8aef443cc0000,bc833715de887980,3400,3000,00001f80,7,185,0,0,0,c105ea7fac552c3a0000,3000,3400
FPREM_completed,64,RN,random,24,SINGLE_INSTRUCTION_C2_PARTIAL,d4114ba021dfe810,3c9d3fbdef8f3ad4,bfc899b8aef443cc0000,bfc899b8aef443cc0000,bc833715de887980,3400,3000,00001f80,7,185,0,0,0,c105ea7fac552c3a0000,3000,3400
FPREM_completed,64,RN,random,25,SINGLE_COMPLETE_FINITE_CASE,69ef6e510d168232,717a855f449728e5,429efb728868b4119000,429efb728868b4119000,69ef6e510d168232,3000,3000,00001f80,1,0,0,0,0,429efb728868b4119000,3000,3000
FPREM_completed,64,RN,random,26,SINGLE_COMPLETE_FINITE_CASE,d6883f0417967388,e66311ff39fee26c,c168c1f820bcb39c4000,c168c1f820bcb39c4000,d6883f0417967388,3000,3000,00001f80,1,0,0,0,0,c168c1f820bcb39c4000,3000,3000
FPREM_completed,64,RN,random,27,SINGLE_COMPLETE_FINITE_CASE,4fa14b561f8c01bf,f471624ef4a20fbf,40fa8a5ab0fc600df800,40fa8a5ab0fc600df800,4fa14b561f8c01bf,3000,3000,00001f80,1,0,0,0,0,40fa8a5ab0fc600df800,3000,3000
FPREM_completed,64,RN,random,28,SINGLE_COMPLETE_FINITE_CASE,9d1803c5770d693a,239d03d2d46d3116,bdd1c01e2bb86b49d000,bdd1c01e2bb86b49d000,9d1803c5770d693a,3000,3000,00001f80,1,0,0,0,0,bdd1c01e2bb86b49d000,3000,3000
FPREM_completed,64,RN,random,29,X87_MULTISTEP,7f2c60a814b272c4,e633a951c7718da0,4262993de6ed86800000,4262993de6ed86800000,662327bcddb0d000,3400,3000,00001f80,7,214,0,0,0,43c0ea05ff1215200000,3000,3400
FPREM_completed,64,RN,random,29,SINGLE_INSTRUCTION_VALUE_MISMATCH,7f2c60a814b272c4,e633a951c7718da0,4262993de6ed86800000,4262993de6ed86800000,662327bcddb0d000,3400,3000,00001f80,7,214,0,0,0,43c0ea05ff1215200000,3000,3400
FPREM_completed,64,RN,random,29,SINGLE_INSTRUCTION_C2_PARTIAL,7f2c60a814b272c4,e633a951c7718da0,4262993de6ed86800000,4262993de6ed86800000,662327bcddb0d000,3400,3000,00001f80,7,214,0,0,0,43c0ea05ff1215200000,3000,3400
FPREM_completed,64,RN,random,30,SINGLE_COMPLETE_FINITE_CASE,9148b248811c9805,42fcc655290ba003,bd14c5924408e4c02800,bd14c5924408e4c02800,9148b248811c9805,3000,3000,00001f80,1,0,0,0,0,bd14c5924408e4c02800,3000,3000
FPREM_completed,64,RN,random,31,SINGLE_COMPLETE_FINITE_CASE,91825b4d252f035d,ac6a40183abe4a22,bd1892da6929781ae800,bd1892da6929781ae800,91825b4d252f035d,3000,3000,00001f80,1,0,0,0,0,bd1892da6929781ae800,3000,3000
FPREM_completed,64,RN,random,32,SINGLE_COMPLETE_FINITE_CASE,97787847f9bd2af4,fa15567f6a6f1ee1,bd77c3c23fcde957a000,bd77c3c23fcde957a000,97787847f9bd2af4,3000,3000,00001f80,1,0,0,0,0,bd77c3c23fcde957a000,3000,3000
FPREM_completed,64,RN,random,33,X87_MULTISTEP,df47de5513ea6822,1bdd3f3c49777f1a,bdbc9dd84fac431e2000,bdbc9dd84fac431e2000,9bc3bb09f58863c4,3400,7200,00001f80,23,529,3,3,5,c1b89cf920695de20000,3000,3400
FPREM_completed,64,RN,random,33,QUOTIENT_SIGNED_BITS_DIFFER,df47de5513ea6822,1bdd3f3c49777f1a,bdbc9dd84fac431e2000,bdbc9dd84fac431e2000,9bc3bb09f58863c4,3400,7200,00001f80,23,529,3,3,5,c1b89cf920695de20000,3000,3400
FPREM_completed,64,RN,random,33,MORE_THAN_512_SUBTRACTIONS,df47de5513ea6822,1bdd3f3c49777f1a,bdbc9dd84fac431e2000,bdbc9dd84fac431e2000,9bc3bb09f58863c4,3400,7200,00001f80,23,529,3,3,5,c1b89cf920695de20000,3000,3400
FPREM_completed,64,RN,random,33,SINGLE_INSTRUCTION_VALUE_MISMATCH,df47de5513ea6822,1bdd3f3c49777f1a,bdbc9dd84fac431e2000,bdbc9dd84fac431e2000,9bc3bb09f58863c4,3400,7200,00001f80,23,529,3,3,5,c1b89cf920695de20000,3000,3400
FPREM_completed,64,RN,random,33,SINGLE_INSTRUCTION_C2_PARTIAL,df47de5513ea6822,1bdd3f3c49777f1a,bdbc9dd84fac431e2000,bdbc9dd84fac431e2000,9bc3bb09f58863c4,3400,7200,00001f80,23,529,3,3,5,c1b89cf920695de20000,3000,3400
FPREM_completed,64,RN,random,34,X87_MULTISTEP,5ada68c2e5cabb64,978f4e73e3766ff9,3d788fe5fe85dc72f000,3d788fe5fe85dc72f000,1781fcbfd0bb8e5e,3400,7000,00001f80,22,557,2,2,6,41789a93cdfc23e8f800,3000,3400
FPREM_completed,64,RN,random,34,QUOTIENT_SIGNED_BITS_DIFFER,5ada68c2e5cabb64,978f4e73e3766ff9,3d788fe5fe85dc72f000,3d788fe5fe85dc72f000,1781fcbfd0bb8e5e,3400,7000,00001f80,22,557,2,2,6,41789a93cdfc23e8f800,3000,3400
FPREM_completed,64,RN,random,34,MORE_THAN_512_SUBTRACTIONS,5ada68c2e5cabb64,978f4e73e3766ff9,3d788fe5fe85dc72f000,3d788fe5fe85dc72f000,1781fcbfd0bb8e5e,3400,7000,00001f80,22,557,2,2,6,41789a93cdfc23e8f800,3000,3400
FPREM_completed,64,RN,random,34,SINGLE_INSTRUCTION_VALUE_MISMATCH,5ada68c2e5cabb64,978f4e73e3766ff9,3d788fe5fe85dc72f000,3d788fe5fe85dc72f000,1781fcbfd0bb8e5e,3400,7000,00001f80,22,557,2,2,6,41789a93cdfc23e8f800,3000,3400
FPREM_completed,64,RN,random,34,SINGLE_INSTRUCTION_C2_PARTIAL,5ada68c2e5cabb64,978f4e73e3766ff9,3d788fe5fe85dc72f000,3d788fe5fe85dc72f000,1781fcbfd0bb8e5e,3400,7000,00001f80,22,557,2,2,6,41789a93cdfc23e8f800,3000,3400
FPREM_completed,64,RN,random,35,X87_MULTISTEP,a76c958fcc12d08c,989a991372a47146,bd898c77de0d75dc2000,bd898c77de0d75dc2000,98918efbc1aebb84,3400,7000,00001f80,5,121,2,2,2,be49c7bd9c283ee2f000,3000,3400
FPREM_completed,64,RN,random,35,SINGLE_INSTRUCTION_VALUE_MISMATCH,a76c958fcc12d08c,989a991372a47146,bd898c77de0d75dc2000,bd898c77de0d75dc2000,98918efbc1aebb84,3400,7000,00001f80,5,121,2,2,2,be49c7bd9c283ee2f000,3000,3400
FPREM_completed,64,RN,random,35,SINGLE_INSTRUCTION_C2_PARTIAL,a76c958fcc12d08c,989a991372a47146,bd898c77de0d75dc2000,bd898c77de0d75dc2000,98918efbc1aebb84,3400,7000,00001f80,5,121,2,2,2,be49c7bd9c283ee2f000,3000,3400
FPREM_completed,64,RN,random,36,X87_MULTISTEP,73538c0c3447ef9c,69bbc16644e39d84,429696ae4e14f3000000,429696ae4e14f3000000,6962d5c9c29e6000,3400,3000,00001f80,3,83,0,0,0,42fb8ba018ce380f4000,3000,3400
FPREM_completed,64,RN,random,36,SINGLE_INSTRUCTION_VALUE_MISMATCH,73538c0c3447ef9c,69bbc16644e39d84,429696ae4e14f3000000,429696ae4e14f3000000,6962d5c9c29e6000,3400,3000,00001f80,3,83,0,0,0,42fb8ba018ce380f4000,3000,3400
FPREM_completed,64,RN,random,36,SINGLE_INSTRUCTION_C2_PARTIAL,73538c0c3447ef9c,69bbc16644e39d84,429696ae4e14f3000000,429696ae4e14f3000000,6962d5c9c29e6000,3400,3000,00001f80,3,83,0,0,0,42fb8ba018ce380f4000,3000,3400
FPREM_completed,64,RN,random,37,SINGLE_COMPLETE_FINITE_CASE,2fa7c32afc6000ba,6f78d4e5ac78ca42,3efabe1957e30005d000,3efabe1957e30005d000,2fa7c32afc6000ba,3000,3000,00001f80,1,0,0,0,0,3efabe1957e30005d000,3000,3000
FPREM_completed,64,RN,random,38,X87_MULTISTEP,3d43afc97578251a,a04640200977c35b,3e02e186dfd02dd44000,3e02e186dfd02dd44000,202c30dbfa05ba88,3400,7000,00001f80,8,209,2,2,6,3fa1b62ad18302834000,3000,3400
FPREM_completed,64,RN,random,38,QUOTIENT_SIGNED_BITS_DIFFER,3d43afc97578251a,a04640200977c35b,3e02e186dfd02dd44000,3e02e186dfd02dd44000,202c30dbfa05ba88,3400,7000,00001f80,8,209,2,2,6,3fa1b62ad18302834000,3000,3400
FPREM_completed,64,RN,random,38,SINGLE_INSTRUCTION_VALUE_MISMATCH,3d43afc97578251a,a04640200977c35b,3e02e186dfd02dd44000,3e02e186dfd02dd44000,202c30dbfa05ba88,3400,7000,00001f80,8,209,2,2,6,3fa1b62ad18302834000,3000,3400
FPREM_completed,64,RN,random,38,SINGLE_INSTRUCTION_C2_PARTIAL,3d43afc97578251a,a04640200977c35b,3e02e186dfd02dd44000,3e02e186dfd02dd44000,202c30dbfa05ba88,3400,7000,00001f80,8,209,2,2,6,3fa1b62ad18302834000,3000,3400
FPREM_completed,64,RN,random,39,X87_MULTISTEP,de5e7ac0be62872d,966524ac718d39c5,bd64f4a6c0bb5953c000,bd64f4a6c0bb5953c000,964e94d8176b2a78,3400,7000,00001f80,21,530,2,2,2,c1a5cb9ac6b91d17c000,3000,3400
FPREM_completed,64,RN,random,39,MORE_THAN_512_SUBTRACTIONS,de5e7ac0be62872d,966524ac718d39c5,bd64f4a6c0bb5953c000,bd64f4a6c0bb5953c000,964e94d8176b2a78,3400,7000,00001f80,21,530,2,2,2,c1a5cb9ac6b91d17c000,3000,3400
FPREM_completed,64,RN,random,39,SINGLE_INSTRUCTION_VALUE_MISMATCH,de5e7ac0be62872d,966524ac718d39c5,bd64f4a6c0bb5953c000,bd64f4a6c0bb5953c000,964e94d8176b2a78,3400,7000,00001f80,21,530,2,2,2,c1a5cb9ac6b91d17c000,3000,3400
FPREM_completed,64,RN,random,39,SINGLE_INSTRUCTION_C2_PARTIAL,de5e7ac0be62872d,966524ac718d39c5,bd64f4a6c0bb5953c000,bd64f4a6c0bb5953c000,964e94d8176b2a78,3400,7000,00001f80,21,530,2,2,2,c1a5cb9ac6b91d17c000,3000,3400
FPREM_completed,64,RN,random,40,QUOTIENT_SIGNED_BITS_DIFFER,eda549eb3ce9804c,38af62f6b3141d76,bf889a7d3835a621c000,bf889a7d3835a621c000,b8834fa706b4c438,3400,7200,00001f80,18,433,3,3,5,c2aac0b071cba34d2000,3000,3400
FPREM_completed,64,RN,random,42,QUOTIENT_SIGNED_BITS_DIFFER,7347a7d32d010189,bbdc7d30e2d90d34,3fb98d23799480640000,3fb98d23799480640000,3b91a46f32900c80,3400,7100,00001f80,15,450,6,6,2,42fc9fbd6059542a0000,3000,3400
FPREM_completed,64,RN,random,49,QUOTIENT_SIGNED_BITS_DIFFER,5c2a8192de56c7a7,af1cce228ec78966,3eeee9d87ca2a2dd0000,3eeee9d87ca2a2dd0000,2eed3b0f94545ba0,3400,7000,00001f80,14,342,2,2,6,418fe6e4d24d849b4000,3000,3400
FPREM_completed,64,RN,random,53,MORE_THAN_512_SUBTRACTIONS,69920c42a30349f2,121d884a542f682a,3d1ec47d5167226b0000,3d1ec47d5167226b0000,11e88faa2ce44d60,3400,7000,00001f80,30,720,2,2,2,425e8220e02d6a9d0000,3000,3400
FPREM_completed,64,RN,random,56,QUOTIENT_SIGNED_BITS_DIFFER,c4b90a3ed64c2a40,1fe81d7e2ed3fc27,bdfd925b30d6d3c4b000,bdfd925b30d6d3c4b000,9fd24b661ada7896,3400,7200,00001f80,11,284,3,3,5,c018c4c76f8e86c20000,3000,3400
FPREM_completed,64,RN,random,57,QUOTIENT_SIGNED_BITS_DIFFER,ed507db431407d57,0647f267a6605818,bc64b3416ec2299ec000,bc64b3416ec2299ec000,8646682dd84533d8,3400,7300,00001f80,31,853,7,7,1,c2a3e4016d1fd4eb8000,3000,3400
FPREM_completed,64,RN,random,57,MORE_THAN_512_SUBTRACTIONS,ed507db431407d57,0647f267a6605818,bc64b3416ec2299ec000,bc64b3416ec2299ec000,8646682dd84533d8,3400,7300,00001f80,31,853,7,7,1,c2a3e4016d1fd4eb8000,3000,3400
FPREM_completed,64,RN,random,58,QUOTIENT_SIGNED_BITS_DIFFER,0b4cedfe07d58842,881120faae2ba810,3c80ee80e917980e0000,3c80ee80e917980e0000,080dd01d22f301c0,7000,7000,00001f80,1,24,2,2,6,3c80ee80e917980e0000,3000,7000
FPREM_completed,64,RN,random,64,QUOTIENT_SIGNED_BITS_DIFFER,3d6d5518fff5b85a,b2c080d4eacc0f02,3f2bb90880c40596a000,3f2bb90880c40596a000,32b721101880b2d4,3400,7200,00001f80,3,89,3,3,5,3fabfeb20f601b2a0000,3000,3400
FPREM_completed,64,RN,random,65,QUOTIENT_SIGNED_BITS_DIFFER,ea898a5b92cc34b3,61c55622da782f80,c21be355b08463f80000,c21be355b08463f80000,e1bc6ab6108c7f00,3400,7300,00001f80,3,65,7,7,1,c27caa4203562bf00000,3000,3400
FPREM_completed,64,RN,random,74,QUOTIENT_SIGNED_BITS_DIFFER,755e02aa7062ebf6,d55a977a4df97796,4153946a6c7d5f19c000,4153946a6c7d5f19c000,55328d4d8fabe338,3400,7200,00001f80,10,267,3,3,5,4334c0cf178ad3b60000,3000,3400
FPREM_completed,64,RN,random,79,QUOTIENT_SIGNED_BITS_DIFFER,a4c9fe04e3afd8c6,047d0b5baa9fe2fa,bc46f88054550d2ea000,bc46f88054550d2ea000,846f100a8aa1a5d4,3400,7300,00001f80,11,246,7,7,1,be27b23210f0096ab000,3000,3400
FPREM_completed,64,RN,random,81,QUOTIENT_SIGNED_BITS_DIFFER,e68d3c006f201df4,1ee887edcd9168d5,bded8ea30b8a5ec5b000,bded8ea30b8a5ec5b000,9ed1d461714bd8b6,3400,3200,00001f80,19,580,1,1,7,c22bf7786d2b29f64000,3000,3400
FPREM_completed,64,RN,random,81,MORE_THAN_512_SUBTRACTIONS,e68d3c006f201df4,1ee887edcd9168d5,bded8ea30b8a5ec5b000,bded8ea30b8a5ec5b000,9ed1d461714bd8b6,3400,3200,00001f80,19,580,1,1,7,c22bf7786d2b29f64000,3000,3400
FPREM_completed,64,RN,random,84,MORE_THAN_512_SUBTRACTIONS,f993df8021999846,15a30e386b02b404,bd59a37b190d27ff8000,bd59a37b190d27ff8000,95946f6321a4fff0,3400,7000,00001f80,27,791,2,2,6,c356e7264a4b254a0000,3000,3400
FPREM_completed,64,RN,random,86,MORE_THAN_512_SUBTRACTIONS,d5cf4344b88928f2,09de7fb0fe8aac8b,bc9cef6403e237cc2000,bc9cef6403e237cc2000,89cdec807c46f984,3400,7000,00001f80,27,644,2,2,6,c11ccb5db15201948000,3000,3400
FPREM_completed,64,RN,random,87,MORE_THAN_512_SUBTRACTIONS,7b5310c9fc212395,8eda03c9c430ce5f,3ceda67a4035f71e0800,3ceda67a4035f71e0800,0ed4cf4806bee3c1,3400,3200,00001f80,35,862,1,1,7,438dad1847dc972e5000,3000,3400
FPREM_completed,64,RN,random,92,MORE_THAN_512_SUBTRACTIONS,e3a846a2bfbc4178,80f257439666d7d5,bc0efe69ccfe2b88b000,bc0efe69ccfe2b88b000,80efcd399fc57116,3400,3200,00001f80,27,808,1,1,1,c20ed8bfa47883faa000,3000,3400
FPREM_completed,64,RN,random,104,MORE_THAN_512_SUBTRACTIONS,56b9818e16a7fd62,89436d87e2292558,3c9389e4299005490000,3c9389e4299005490000,09313c853200a920,3400,7000,00001f80,21,612,2,2,6,4132e621769844f50000,3000,3400
FPREM_completed,64,RN,random,105,MORE_THAN_512_SUBTRACTIONS,f98f1f2039d4b32c,334ccb14838191dc,bf33b727e9205ee78000,bf33b727e9205ee78000,b336e4fd240bdcf0,3400,7100,00001f80,21,541,6,6,2,c373aa7b214060490000,3000,3400
FPREM_completed,64,RN,random,113,MORE_THAN_512_SUBTRACTIONS,f30db0b39235c396,ad720371ec7fe712,bed6e52447770bc42000,bed6e52447770bc42000,ad6ca488eee17884,3400,7300,00001f80,20,543,7,7,7,c2f780a1106b971c5000,3000,3400
FPREM_completed,64,RN,random,121,MORE_THAN_512_SUBTRACTIONS,7c0ada0c874938dc,97f0e3e5fa42fb78,3d7d92daf8abd3320000,3d7d92daf8abd3320000,17d25b5f157a6640,3400,7000,00001f80,27,815,2,2,6,439dcaa9d3e967880000,3000,3400
FPREM_completed,64,RN,random,135,MORE_THAN_512_SUBTRACTIONS,7acec2800ccf3118,3498831721aad9e8,3f489bf2fc73696c0000,3f489bf2fc73696c0000,34837e5f8e6d2d80,3400,3000,00001f80,24,556,0,0,0,4389952eef1c607c4000,3000,3400
FPREM_completed,64,RN,random,142,MORE_THAN_512_SUBTRACTIONS,7264155fa13b8f59,9c647ced0ca8226b,3dc2bb2947c812938000,3dc2bb2947c812938000,1c276528f9025270,3400,7200,00001f80,23,682,3,3,5,4304bacaa0d979ba8000,3000,3400
FPREM_completed,64,RN,random,144,MORE_THAN_512_SUBTRACTIONS,ed2dc6396c42b6f8,02c3611c2eadf718,bc2c8b01a3a2125f4000,bc2c8b01a3a2125f4000,82c1603474424be8,3400,3200,00001f80,30,845,1,1,7,c2ac86ddaf9c03cf8000,3000,3400
FPREM_completed,64,RN,random,156,MORE_THAN_512_SUBTRACTIONS,c55b68e984a6b54d,8255bc36c1074b77,bc24f0d9566cbcd5c000,bc24f0d9566cbcd5c000,824e1b2acd979ab8,3400,3100,00001f80,21,532,4,4,4,c02598ec8c879ad20000,3000,3400
FPREM_completed,64,RN,random,171,MORE_THAN_512_SUBTRACTIONS,72a584688a7d4f85,b06b0aa08ec0c009,3f058c563cf186254000,3f058c563cf186254000,30518ac79e30c4a8,3400,3100,00001f80,24,550,4,4,4,430287f05a3c364b0000,3000,3400
FPREM_completed,64,RN,random,177,MORE_THAN_512_SUBTRACTIONS,d50cccc31539402e,895a0c6a0dc516b8,bc93c6afd484dbae0000,bc93c6afd484dbae0000,8938d5fa909b75c0,3400,7100,00001f80,26,625,6,6,6,c114a8d95df86a620000,3000,3400
FPREM_completed,64,RN,random,1233,EXCEPTION_FLAGS_MISMATCH,800775f8a1f1e801,335231bcb44634b1,bbffeebf143e3d002000,bbffeebf143e3d002000,800775f8a1f1e801,3002,3002,00001f80,1,0,0,0,0,bbffeebf143e3d002000,3002,3002
FPREM_completed,64,RN,random,2646,INVALID_OR_NONFINITE_INPUT,fffc16448446619e,97c865bf05fa1bc2,ffffe0b22422330cf000,ffffe0b22422330cf000,fffc16448446619e,3000,3000,00001f80,1,0,0,0,0,ffffe0b22422330cf000,3000,3000
FPREM_completed,64,RN,random,2646,NAN_RESULT,fffc16448446619e,97c865bf05fa1bc2,ffffe0b22422330cf000,ffffe0b22422330cf000,fffc16448446619e,3000,3000,00001f80,1,0,0,0,0,ffffe0b22422330cf000,3000,3000
FPREM_completed,64,RN,random,2800,INVALID_OR_NONFINITE_INPUT,7ffec4b85b15dcc9,73ae6374d2acbe2d,7ffff625c2d8aee64800,7ffff625c2d8aee64800,7ffec4b85b15dcc9,3000,3000,00001f80,1,0,0,0,0,7ffff625c2d8aee64800,3000,3000
FPREM_completed,64,RN,random,2800,NAN_RESULT,7ffec4b85b15dcc9,73ae6374d2acbe2d,7ffff625c2d8aee64800,7ffff625c2d8aee64800,7ffec4b85b15dcc9,3000,3000,00001f80,1,0,0,0,0,7ffff625c2d8aee64800,3000,3000
FPREM_completed,64,RN,random,2804,INVALID_OR_NONFINITE_INPUT,215f1284a38934b3,ffff2b4bee625364,fffff95a5f73129b2000,fffff95a5f73129b2000,ffff2b4bee625364,3000,3000,00001f80,1,0,0,0,0,fffff95a5f73129b2000,3000,3000
FPREM_completed,64,RN,random,2804,NAN_RESULT,215f1284a38934b3,ffff2b4bee625364,fffff95a5f73129b2000,fffff95a5f73129b2000,ffff2b4bee625364,3000,3000,00001f80,1,0,0,0,0,fffff95a5f73129b2000,3000,3000
FPREM_completed,64,RN,random,3319,INVALID_OR_NONFINITE_INPUT,8856eee77a72ede6,fff3ef7fd61e7ede,ffffdf7bfeb0f3f6f000,ffffdf7bfeb0f3f6f000,fffbef7fd61e7ede,3001,3001,00001f81,1,0,0,0,0,ffffdf7bfeb0f3f6f000,3001,3001
FPREM_completed,64,RN,random,3319,NAN_RESULT,8856eee77a72ede6,fff3ef7fd61e7ede,ffffdf7bfeb0f3f6f000,ffffdf7bfeb0f3f6f000,fffbef7fd61e7ede,3001,3001,00001f81,1,0,0,0,0,ffffdf7bfeb0f3f6f000,3001,3001
FPREM_completed,64,RN,random,4196,EXCEPTION_FLAGS_MISMATCH,00045d7cbad4eff6,19e3a5eafc13fccf,3bff8baf975a9dfec000,3bff8baf975a9dfec000,00045d7cbad4eff6,3002,3002,00001f80,1,0,0,0,0,3bff8baf975a9dfec000,3002,3002
FPREM_completed,64,RN,random,5293,EXCEPTION_FLAGS_MISMATCH,000042978fcf403b,f113c2471660d47e,3bfb852f1f9e80760000,3bfb852f1f9e80760000,000042978fcf403b,3002,3002,00001f80,1,0,0,0,0,3bfb852f1f9e80760000,3002,3002
FPREM_completed,64,RN,random,5800,EXCEPTION_FLAGS_MISMATCH,000f2db77710b090,70ffa1f579d5ad51,3c00f2db77710b090000,3c00f2db77710b090000,000f2db77710b090,3002,3002,00001f80,1,0,0,0,0,3c00f2db77710b090000,3002,3002
FPREM_completed,64,RN,random,7285,EXCEPTION_FLAGS_MISMATCH,91d7fc48769559e3,800e7bbfc32cef6d,bc00c6b930c4a51f2000,bc00c6b930c4a51f2000,800c6b930c4a51f2,3402,7102,00001f80,5,155,6,6,6,bce0a1f5923ff4eed000,3002,3402
FPREM_completed,64,RN,random,7438,INVALID_OR_NONFINITE_INPUT,7ffcaf4d654f0d5d,233fc0de0338e527,7fffe57a6b2a786ae800,7fffe57a6b2a786ae800,7ffcaf4d654f0d5d,3000,3000,00001f80,1,0,0,0,0,7fffe57a6b2a786ae800,3000,3000
FPREM_completed,64,RN,random,7438,NAN_RESULT,7ffcaf4d654f0d5d,233fc0de0338e527,7fffe57a6b2a786ae800,7fffe57a6b2a786ae800,7ffcaf4d654f0d5d,3000,3000,00001f80,1,0,0,0,0,7fffe57a6b2a786ae800,3000,3000
FPREM_completed,64,RN,random,7596,INVALID_OR_NONFINITE_INPUT,fffbf8822c40c37e,b07d2bef072da5b4,ffffdfc41162061bf000,ffffdfc41162061bf000,fffbf8822c40c37e,3000,3000,00001f80,1,0,0,0,0,ffffdfc41162061bf000,3000,3000
FPREM_completed,64,RN,random,7596,NAN_RESULT,fffbf8822c40c37e,b07d2bef072da5b4,ffffdfc41162061bf000,ffffdfc41162061bf000,fffbf8822c40c37e,3000,3000,00001f80,1,0,0,0,0,ffffdfc41162061bf000,3000,3000
FPREM_completed,64,RN,random,7612,EXCEPTION_FLAGS_MISMATCH,00096c497eed1ace,be99f8ce19a39a1b,3c0096c497eed1ace000,3c0096c497eed1ace000,00096c497eed1ace,3002,3002,00001f80,1,0,0,0,0,3c0096c497eed1ace000,3002,3002
FPREM_completed,64,RN,random,7722,INVALID_OR_NONFINITE_INPUT,fff7691bbe190e08,7bcab5fa750c61cf,fffffb48ddf0c8704000,fffffb48ddf0c8704000,ffff691bbe190e08,3001,3001,00001f81,1,0,0,0,0,fffffb48ddf0c8704000,3001,3001
FPREM_completed,64,RN,random,7722,NAN_RESULT,fff7691bbe190e08,7bcab5fa750c61cf,fffffb48ddf0c8704000,fffffb48ddf0c8704000,ffff691bbe190e08,3001,3001,00001f81,1,0,0,0,0,fffffb48ddf0c8704000,3001,3001
FPREM_completed,64,RN,random,9199,EXCEPTION_FLAGS_MISMATCH,800a9a6921f9b5f3,2d747d032040de41,bc00a9a6921f9b5f3000,bc00a9a6921f9b5f3000,800a9a6921f9b5f3,3002,3002,00001f80,1,0,0,0,0,bc00a9a6921f9b5f3000,3002,3002
FPREM_completed,64,RN,random,10913,INVALID_OR_NONFINITE_INPUT,7fff2484a0f13a1d,6a6fdeea239a6e71,7ffff924250789d0e800,7ffff924250789d0e800,7fff2484a0f13a1d,3000,3000,00001f80,1,0,0,0,0,7ffff924250789d0e800,3000,3000
FPREM_completed,64,RN,random,10913,NAN_RESULT,7fff2484a0f13a1d,6a6fdeea239a6e71,7ffff924250789d0e800,7ffff924250789d0e800,7fff2484a0f13a1d,3000,3000,00001f80,1,0,0,0,0,7ffff924250789d0e800,3000,3000
FPREM_completed,64,RN,random,12128,EXCEPTION_FLAGS_MISMATCH,d8e39eeac74a6b81,000b070f8e9013cd,bbffe8da68fe7df5c000,bbffe8da68fe7df5c000,800746d347f3efae,3402,7002,00001f80,25,725,2,2,6,c15e9c4972fc21654000,3002,3402
FPREM_completed,64,RN,random,13177,INVALID_OR_NONFINITE_INPUT,fff87e6b054cc1e1,8d42223d01aabd08,ffffc3f3582a660f0800,ffffc3f3582a660f0800,fff87e6b054cc1e1,3000,3000,00001f80,1,0,0,0,0,ffffc3f3582a660f0800,3000,3000
FPREM_completed,64,RN,random,13177,NAN_RESULT,fff87e6b054cc1e1,8d42223d01aabd08,ffffc3f3582a660f0800,ffffc3f3582a660f0800,fff87e6b054cc1e1,3000,3000,00001f80,1,0,0,0,0,ffffc3f3582a660f0800,3000,3000
FPREM_completed,64,RN,random,13880,INVALID_OR_NONFINITE_INPUT,ffffe5642b6ad5f8,efcf3776f9f393f5,ffffff2b215b56afc000,ffffff2b215b56afc000,ffffe5642b6ad5f8,3000,3000,00001f80,1,0,0,0,0,ffffff2b215b56afc000,3000,3000
FPREM_completed,64,RN,random,13880,NAN_RESULT,ffffe5642b6ad5f8,efcf3776f9f393f5,ffffff2b215b56afc000,ffffff2b215b56afc000,ffffe5642b6ad5f8,3000,3000,00001f80,1,0,0,0,0,ffffff2b215b56afc000,3000,3000
FPREM_completed,64,RN,random,14177,INVALID_OR_NONFINITE_INPUT,1de067fae84e79b5,fffd194d792e3ad1,ffffe8ca6bc971d68800,ffffe8ca6bc971d68800,fffd194d792e3ad1,3000,3000,00001f80,1,0,0,0,0,ffffe8ca6bc971d68800,3000,3000
FPREM_completed,64,RN,random,14177,NAN_RESULT,1de067fae84e79b5,fffd194d792e3ad1,ffffe8ca6bc971d68800,ffffe8ca6bc971d68800,fffd194d792e3ad1,3000,3000,00001f80,1,0,0,0,0,ffffe8ca6bc971d68800,3000,3000
FPREM_completed,64,RN,random,15808,EXCEPTION_FLAGS_MISMATCH,00078afd5ab9f181,f2aa15676d841be6,3bfff15fab573e302000,3bfff15fab573e302000,00078afd5ab9f181,3002,3002,00001f80,1,0,0,0,0,3bfff15fab573e302000,3002,3002
FPREM_completed,64,RN,random,16005,INVALID_OR_NONFINITE_INPUT,fff611d7cae68af6,86e423ac385d97f2,fffff08ebe573457b000,fffff08ebe573457b000,fffe11d7cae68af6,3001,3001,00001f81,1,0,0,0,0,fffff08ebe573457b000,3001,3001
FPREM_completed,64,RN,random,16005,NAN_RESULT,fff611d7cae68af6,86e423ac385d97f2,fffff08ebe573457b000,fffff08ebe573457b000,fffe11d7cae68af6,3001,3001,00001f81,1,0,0,0,0,fffff08ebe573457b000,3001,3001
FPREM_completed,64,RN,random,16109,INVALID_OR_NONFINITE_INPUT,fff760d464c22dfd,f722efe6567e5e26,fffffb06a326116fe800,fffffb06a326116fe800,ffff60d464c22dfd,3001,3001,00001f81,1,0,0,0,0,fffffb06a326116fe800,3001,3001
FPREM_completed,64,RN,random,16109,NAN_RESULT,fff760d464c22dfd,f722efe6567e5e26,fffffb06a326116fe800,fffffb06a326116fe800,ffff60d464c22dfd,3001,3001,00001f81,1,0,0,0,0,fffffb06a326116fe800,3001,3001
FPREM_completed,64,RN,random,17938,EXCEPTION_FLAGS_MISMATCH,000604a2ddf15aaf,4fac635a1fbf943d,3bffc0945bbe2b55e000,3bffc0945bbe2b55e000,000604a2ddf15aaf,3002,3002,00001f80,1,0,0,0,0,3bffc0945bbe2b55e000,3002,3002
FPREM_completed,64,RN,random,18050,EXCEPTION_FLAGS_MISMATCH,80012b5411c1220b,2bc6fed9f7152b74,bbfd95aa08e091058000,bbfd95aa08e091058000,80012b5411c1220b,3002,3002,00001f80,1,0,0,0,0,bbfd95aa08e091058000,3002,3002
FPREM_completed,64,RN,random,18144,INVALID_OR_NONFINITE_INPUT,1a697067a9d4131e,7ff4caf5a31236d0,7fffe657ad1891b68000,7fffe657ad1891b68000,7ffccaf5a31236d0,3001,3001,00001f81,1,0,0,0,0,7fffe657ad1891b68000,3001,3001
FPREM_completed,64,RN,random,18144,NAN_RESULT,1a697067a9d4131e,7ff4caf5a31236d0,7fffe657ad1891b68000,7fffe657ad1891b68000,7ffccaf5a31236d0,3001,3001,00001f81,1,0,0,0,0,7fffe657ad1891b68000,3001,3001
FPREM_completed,64,RN,random,18393,EXCEPTION_FLAGS_MISMATCH,800a078ea997ffbd,9024b261222329c4,bc00a078ea997ffbd000,bc00a078ea997ffbd000,800a078ea997ffbd,3002,3002,00001f80,1,0,0,0,0,bc00a078ea997ffbd000,3002,3002
FPREM_completed,64,RN,random,18494,INVALID_OR_NONFINITE_INPUT,8b3795aeea5a51e9,fff42510e432a4b0,ffffe128872195258000,ffffe128872195258000,fffc2510e432a4b0,3001,3001,00001f81,1,0,0,0,0,ffffe128872195258000,3001,3001
FPREM_completed,64,RN,random,18494,NAN_RESULT,8b3795aeea5a51e9,fff42510e432a4b0,ffffe128872195258000,ffffe128872195258000,fffc2510e432a4b0,3001,3001,00001f81,1,0,0,0,0,ffffe128872195258000,3001,3001
FPREM_completed,64,RN,random,18855,EXCEPTION_FLAGS_MISMATCH,0009c2ad8c5ab954,e9b24df58db0b1de,3c009c2ad8c5ab954000,3c009c2ad8c5ab954000,0009c2ad8c5ab954,3002,3002,00001f80,1,0,0,0,0,3c009c2ad8c5ab954000,3002,3002
FPREM_completed,64,RN,random,19982,INVALID_OR_NONFINITE_INPUT,7ff1ef37dbd61011,ed987e4fb1101e19,7fffcf79bedeb0808800,7fffcf79bedeb0808800,7ff9ef37dbd61011,3001,3001,00001f81,1,0,0,0,0,7fffcf79bedeb0808800,3001,3001
FPREM_completed,64,RN,random,19982,NAN_RESULT,7ff1ef37dbd61011,ed987e4fb1101e19,7fffcf79bedeb0808800,7fffcf79bedeb0808800,7ff9ef37dbd61011,3001,3001,00001f81,1,0,0,0,0,7fffcf79bedeb0808800,3001,3001
FPREM_completed,64,RN,random,19989,INVALID_OR_NONFINITE_INPUT,6a9d1ec93aecc6ab,fffce7ea399b451a,ffffe73f51ccda28d000,ffffe73f51ccda28d000,fffce7ea399b451a,3000,3000,00001f80,1,0,0,0,0,ffffe73f51ccda28d000,3000,3000
FPREM_completed,64,RN,random,19989,NAN_RESULT,6a9d1ec93aecc6ab,fffce7ea399b451a,ffffe73f51ccda28d000,ffffe73f51ccda28d000,fffce7ea399b451a,3000,3000,00001f80,1,0,0,0,0,ffffe73f51ccda28d000,3000,3000
FPREM_completed,64,RN,random,21129,INVALID_OR_NONFINITE_INPUT,1bd16e2aeeb69c1c,fffd80dcf474289d,ffffec06e7a3a144e800,ffffec06e7a3a144e800,fffd80dcf474289d,3000,3000,00001f80,1,0,0,0,0,ffffec06e7a3a144e800,3000,3000
FPREM_completed,64,RN,random,21129,NAN_RESULT,1bd16e2aeeb69c1c,fffd80dcf474289d,ffffec06e7a3a144e800,ffffec06e7a3a144e800,fffd80dcf474289d,3000,3000,00001f80,1,0,0,0,0,ffffec06e7a3a144e800,3000,3000
FPREM_completed,64,RN,random,21308,EXCEPTION_FLAGS_MISMATCH,80054af5ac397823,0921b43449e9917b,bbffa95eb5872f046000,bbffa95eb5872f046000,80054af5ac397823,3002,3002,00001f80,1,0,0,0,0,bbffa95eb5872f046000,3002,3002
FPREM_completed,64,RN,random,21840,INVALID_OR_NONFINITE_INPUT,7ff452155f935d94,1c775d75320a205c,7fffe290aafc9aeca000,7fffe290aafc9aeca000,7ffc52155f935d94,3001,3001,00001f81,1,0,0,0,0,7fffe290aafc9aeca000,3001,3001
FPREM_completed,64,RN,random,21840,NAN_RESULT,7ff452155f935d94,1c775d75320a205c,7fffe290aafc9aeca000,7fffe290aafc9aeca000,7ffc52155f935d94,3001,3001,00001f81,1,0,0,0,0,7fffe290aafc9aeca000,3001,3001
FPREM_completed,64,RN,random,22001,INVALID_OR_NONFINITE_INPUT,f51f71d5f317fef7,fff038e0bc7f2023,ffffc1c705e3f9011800,ffffc1c705e3f9011800,fff838e0bc7f2023,3001,3001,00001f81,1,0,0,0,0,ffffc1c705e3f9011800,3001,3001
FPREM_completed,64,RN,random,22001,NAN_RESULT,f51f71d5f317fef7,fff038e0bc7f2023,ffffc1c705e3f9011800,ffffc1c705e3f9011800,fff838e0bc7f2023,3001,3001,00001f81,1,0,0,0,0,ffffc1c705e3f9011800,3001,3001
FPREM_completed,64,RN,random,24432,EXCEPTION_FLAGS_MISMATCH,0000524bff113f57,816da281ea85a7a5,3bfba497fe227eae0000,3bfba497fe227eae0000,0000524bff113f57,3002,3002,00001f80,1,0,0,0,0,3bfba497fe227eae0000,3002,3002
FPREM_completed,64,RN,random,24987,EXCEPTION_FLAGS_MISMATCH,c18b370699eb4229,000f5f84366f4102,bc00a94dcf2b4195c000,bc00a94dcf2b4195c000,800a94dcf2b4195c,3402,7002,00001f80,23,527,2,2,6,bfe0b75ee678fa8bc000,3002,3402
FPREM_completed,64,RN,random,25096,EXCEPTION_FLAGS_MISMATCH,80090e781b9805f4,29de74e64bc6bc23,bc0090e781b9805f4000,bc0090e781b9805f4000,80090e781b9805f4,3002,3002,00001f80,1,0,0,0,0,bc0090e781b9805f4000,3002,3002
FPREM_completed,64,RN,random,28782,EXCEPTION_FLAGS_MISMATCH,7b0880470be2fa5b,800c70e46c2bd5e3,3bfffb5bd194a6b34000,3bfffb5bd194a6b34000,0007dade8ca5359a,3402,7002,00001f80,36,969,2,2,6,437f921fd8df6fb1c000,3002,3402
FPREM_completed,64,RN,random,29586,EXCEPTION_FLAGS_MISMATCH,000dad250093a9db,2b750a83e2704927,3c00dad250093a9db000,3c00dad250093a9db000,000dad250093a9db,3002,3002,00001f80,1,0,0,0,0,3c00dad250093a9db000,3002,3002
FPREM_completed,64,RN,random,31461,EXCEPTION_FLAGS_MISMATCH,0004db3d8e9a43b0,d79c4aafc37e3e3d,3bff9b67b1d348760000,3bff9b67b1d348760000,0004db3d8e9a43b0,3002,3002,00001f80,1,0,0,0,0,3bff9b67b1d348760000,3002,3002
FPREM_completed,64,RN,edge,341,VALUE_MISMATCH,7ff8000000000011,fff0000000000222,ffffc000000000111000,7fffc000000000008800,7ff8000000000011,3001,3001,00001f81,1,0,0,0,0,ffffc000000000111000,3001,3001
FPREM_completed,64,RD,random,0,ALL,39005d1b59f41037,aa0bb42747841268,3ea0a6fbf900f9cf4000,3ea0a6fbf900f9cf4000,2a04df7f201f39e8,3400,7300,00003f80,5,120,7,7,1,3f5dc0201f66984c0000,3000,3400
FPREM_completed,64,RD,random,0,X87_MULTISTEP,39005d1b59f41037,aa0bb42747841268,3ea0a6fbf900f9cf4000,3ea0a6fbf900f9cf4000,2a04df7f201f39e8,3400,7300,00003f80,5,120,7,7,1,3f5dc0201f66984c0000,3000,3400
FPREM_completed,64,RD,random,0,QUOTIENT_SIGNED_BITS_DIFFER,39005d1b59f41037,aa0bb42747841268,3ea0a6fbf900f9cf4000,3ea0a6fbf900f9cf4000,2a04df7f201f39e8,3400,7300,00003f80,5,120,7,7,1,3f5dc0201f66984c0000,3000,3400
FPREM_completed,64,RD,random,0,SINGLE_INSTRUCTION_VALUE_MISMATCH,39005d1b59f41037,aa0bb42747841268,3ea0a6fbf900f9cf4000,3ea0a6fbf900f9cf4000,2a04df7f201f39e8,3400,7300,00003f80,5,120,7,7,1,3f5dc0201f66984c0000,3000,3400
FPREM_completed,64,RD,random,0,SINGLE_INSTRUCTION_C2_PARTIAL,39005d1b59f41037,aa0bb42747841268,3ea0a6fbf900f9cf4000,3ea0a6fbf900f9cf4000,2a04df7f201f39e8,3400,7300,00003f80,5,120,7,7,1,3f5dc0201f66984c0000,3000,3400
FPREM_completed,64,RD,random,1,ALL,a79dae131b3431aa,c97db72336427b70,be79ed7098d9a18d5000,be79ed7098d9a18d5000,a79dae131b3431aa,3000,3000,00003f80,1,0,0,0,0,be79ed7098d9a18d5000,3000,3000
FPREM_completed,64,RD,random,1,SINGLE_COMPLETE_FINITE_CASE,a79dae131b3431aa,c97db72336427b70,be79ed7098d9a18d5000,be79ed7098d9a18d5000,a79dae131b3431aa,3000,3000,00003f80,1,0,0,0,0,be79ed7098d9a18d5000,3000,3000
FPREM_completed,64,RD,random,2,ALL,38b1b1cf247332e7,2c69a8de7d10e6c2,3ec4ebb15b13f19a0000,3ec4ebb15b13f19a0000,2c4d762b627e3340,3400,3000,00003f80,4,90,0,0,0,3f65e65f0fd8474c8000,3000,3400
FPREM_completed,64,RD,random,2,X87_MULTISTEP,38b1b1cf247332e7,2c69a8de7d10e6c2,3ec4ebb15b13f19a0000,3ec4ebb15b13f19a0000,2c4d762b627e3340,3400,3000,00003f80,4,90,0,0,0,3f65e65f0fd8474c8000,3000,3400
FPREM_completed,64,RD,random,2,SINGLE_INSTRUCTION_VALUE_MISMATCH,38b1b1cf247332e7,2c69a8de7d10e6c2,3ec4ebb15b13f19a0000,3ec4ebb15b13f19a0000,2c4d762b627e3340,3400,3000,00003f80,4,90,0,0,0,3f65e65f0fd8474c8000,3000,3400
FPREM_completed,64,RD,random,2,SINGLE_INSTRUCTION_C2_PARTIAL,38b1b1cf247332e7,2c69a8de7d10e6c2,3ec4ebb15b13f19a0000,3ec4ebb15b13f19a0000,2c4d762b627e3340,3400,3000,00003f80,4,90,0,0,0,3f65e65f0fd8474c8000,3000,3400
FPREM_completed,64,RD,random,3,ALL,0159a802c6b0e40b,fde8f2dd6b4079e3,3c15cd40163587205800,3c15cd40163587205800,0159a802c6b0e40b,3000,3000,00003f80,1,0,0,0,0,3c15cd40163587205800,3000,3000
FPREM_completed,64,RD,random,3,SINGLE_COMPLETE_FINITE_CASE,0159a802c6b0e40b,fde8f2dd6b4079e3,3c15cd40163587205800,3c15cd40163587205800,0159a802c6b0e40b,3000,3000,00003f80,1,0,0,0,0,3c15cd40163587205800,3000,3000
FPREM_completed,64,RD,random,4,ALL,6eafb6c51d88b719,b33bcb6f9ffd8324,3f33dab784e9e91de000,3f33dab784e9e91de000,333b56f09d3d23bc,3400,3200,00003f80,17,446,1,1,7,42b2c8875468a91ec000,3000,3400
FPREM_completed,64,RD,random,4,X87_MULTISTEP,6eafb6c51d88b719,b33bcb6f9ffd8324,3f33dab784e9e91de000,3f33dab784e9e91de000,333b56f09d3d23bc,3400,3200,00003f80,17,446,1,1,7,42b2c8875468a91ec000,3000,3400
FPREM_completed,64,RD,random,4,QUOTIENT_SIGNED_BITS_DIFFER,6eafb6c51d88b719,b33bcb6f9ffd8324,3f33dab784e9e91de000,3f33dab784e9e91de000,333b56f09d3d23bc,3400,3200,00003f80,17,446,1,1,7,42b2c8875468a91ec000,3000,3400
FPREM_completed,64,RD,random,4,SINGLE_INSTRUCTION_VALUE_MISMATCH,6eafb6c51d88b719,b33bcb6f9ffd8324,3f33dab784e9e91de000,3f33dab784e9e91de000,333b56f09d3d23bc,3400,3200,00003f80,17,446,1,1,7,42b2c8875468a91ec000,3000,3400
FPREM_completed,64,RD,random,4,SINGLE_INSTRUCTION_C2_PARTIAL,6eafb6c51d88b719,b33bcb6f9ffd8324,3f33dab784e9e91de000,3f33dab784e9e91de000,333b56f09d3d23bc,3400,3200,00003f80,17,446,1,1,7,42b2c8875468a91ec000,3000,3400
FPREM_completed,64,RD,random,5,ALL,039d85f35503e50f,6bf5f004e65a440b,3c39ec2f9aa81f287800,3c39ec2f9aa81f287800,039d85f35503e50f,3000,3000,00003f80,1,0,0,0,0,3c39ec2f9aa81f287800,3000,3000
FPREM_completed,64,RD,random,5,SINGLE_COMPLETE_FINITE_CASE,039d85f35503e50f,6bf5f004e65a440b,3c39ec2f9aa81f287800,3c39ec2f9aa81f287800,039d85f35503e50f,3000,3000,00003f80,1,0,0,0,0,3c39ec2f9aa81f287800,3000,3000
FPREM_completed,64,RD,random,6,ALL,3f622dade3a7b6be,bac9d0d4304c687b,3fabd6f9f6607547c000,3fabd6f9f6607547c000,3abadf3ecc0ea8f8,3400,3100,00003f80,2,35,4,4,4,3fc68cbaee446fa20000,3000,3400
FPREM_completed,64,RD,random,6,X87_MULTISTEP,3f622dade3a7b6be,bac9d0d4304c687b,3fabd6f9f6607547c000,3fabd6f9f6607547c000,3abadf3ecc0ea8f8,3400,3100,00003f80,2,35,4,4,4,3fc68cbaee446fa20000,3000,3400
FPREM_completed,64,RD,random,6,SINGLE_INSTRUCTION_VALUE_MISMATCH,3f622dade3a7b6be,bac9d0d4304c687b,3fabd6f9f6607547c000,3fabd6f9f6607547c000,3abadf3ecc0ea8f8,3400,3100,00003f80,2,35,4,4,4,3fc68cbaee446fa20000,3000,3400
FPREM_completed,64,RD,random,6,SINGLE_INSTRUCTION_C2_PARTIAL,3f622dade3a7b6be,bac9d0d4304c687b,3fabd6f9f6607547c000,3fabd6f9f6607547c000,3abadf3ecc0ea8f8,3400,3100,00003f80,2,35,4,4,4,3fc68cbaee446fa20000,3000,3400
FPREM_completed,64,RD,random,7,ALL,1be3526f041fd13f,8f013dda7d97cc0b,3cec83c7ce222eb88000,3cec83c7ce222eb88000,0ec078f9c445d710,3400,3300,00003f80,4,83,5,5,3,3d8f99911c0774abc000,3000,3400
FPREM_completed,64,RD,random,7,X87_MULTISTEP,1be3526f041fd13f,8f013dda7d97cc0b,3cec83c7ce222eb88000,3cec83c7ce222eb88000,0ec078f9c445d710,3400,3300,00003f80,4,83,5,5,3,3d8f99911c0774abc000,3000,3400
FPREM_completed,64,RD,random,7,QUOTIENT_SIGNED_BITS_DIFFER,1be3526f041fd13f,8f013dda7d97cc0b,3cec83c7ce222eb88000,3cec83c7ce222eb88000,0ec078f9c445d710,3400,3300,00003f80,4,83,5,5,3,3d8f99911c0774abc000,3000,3400
FPREM_completed,64,RD,random,7,SINGLE_INSTRUCTION_VALUE_MISMATCH,1be3526f041fd13f,8f013dda7d97cc0b,3cec83c7ce222eb88000,3cec83c7ce222eb88000,0ec078f9c445d710,3400,3300,00003f80,4,83,5,5,3,3d8f99911c0774abc000,3000,3400
FPREM_completed,64,RD,random,7,SINGLE_INSTRUCTION_C2_PARTIAL,1be3526f041fd13f,8f013dda7d97cc0b,3cec83c7ce222eb88000,3cec83c7ce222eb88000,0ec078f9c445d710,3400,3300,00003f80,4,83,5,5,3,3d8f99911c0774abc000,3000,3400
FPREM_completed,64,RD,random,8,ALL,c44d0a1ea70b20ff,0eeac7548da1932d,bceec474924529945800,bceec474924529945800,8ee88e9248a5328b,3400,3200,00003f80,16,424,1,1,7,c008b16b8d55709c0000,3000,3400
FPREM_completed,64,RD,random,8,X87_MULTISTEP,c44d0a1ea70b20ff,0eeac7548da1932d,bceec474924529945800,bceec474924529945800,8ee88e9248a5328b,3400,3200,00003f80,16,424,1,1,7,c008b16b8d55709c0000,3000,3400
FPREM_completed,64,RD,random,8,QUOTIENT_SIGNED_BITS_DIFFER,c44d0a1ea70b20ff,0eeac7548da1932d,bceec474924529945800,bceec474924529945800,8ee88e9248a5328b,3400,3200,00003f80,16,424,1,1,7,c008b16b8d55709c0000,3000,3400
FPREM_completed,64,RD,random,8,SINGLE_INSTRUCTION_VALUE_MISMATCH,c44d0a1ea70b20ff,0eeac7548da1932d,bceec474924529945800,bceec474924529945800,8ee88e9248a5328b,3400,3200,00003f80,16,424,1,1,7,c008b16b8d55709c0000,3000,3400
FPREM_completed,64,RD,random,8,SINGLE_INSTRUCTION_C2_PARTIAL,c44d0a1ea70b20ff,0eeac7548da1932d,bceec474924529945800,bceec474924529945800,8ee88e9248a5328b,3400,3200,00003f80,16,424,1,1,7,c008b16b8d55709c0000,3000,3400
FPREM_completed,64,RD,random,9,ALL,14c615a007ecca11,e2509355b1112f51,3d4cb0ad003f66508800,3d4cb0ad003f66508800,14c615a007ecca11,3000,3000,00003f80,1,0,0,0,0,3d4cb0ad003f66508800,3000,3000
FPREM_completed,64,RD,random,9,SINGLE_COMPLETE_FINITE_CASE,14c615a007ecca11,e2509355b1112f51,3d4cb0ad003f66508800,3d4cb0ad003f66508800,14c615a007ecca11,3000,3000,00003f80,1,0,0,0,0,3d4cb0ad003f66508800,3000,3000
FPREM_completed,64,RD,random,10,ALL,e17a9da691069bad,bf7616c50e54a52d,bff6b2396f9289d0f000,bff6b2396f9289d0f000,bf66472df2513a1e,3400,3300,00003f80,10,266,5,5,5,c1f3b2a68b0280980000,3000,3400
FPREM_completed,64,RD,random,10,X87_MULTISTEP,e17a9da691069bad,bf7616c50e54a52d,bff6b2396f9289d0f000,bff6b2396f9289d0f000,bf66472df2513a1e,3400,3300,00003f80,10,266,5,5,5,c1f3b2a68b0280980000,3000,3400
FPREM_completed,64,RD,random,10,SINGLE_INSTRUCTION_VALUE_MISMATCH,e17a9da691069bad,bf7616c50e54a52d,bff6b2396f9289d0f000,bff6b2396f9289d0f000,bf66472df2513a1e,3400,3300,00003f80,10,266,5,5,5,c1f3b2a68b0280980000,3000,3400
FPREM_completed,64,RD,random,10,SINGLE_INSTRUCTION_C2_PARTIAL,e17a9da691069bad,bf7616c50e54a52d,bff6b2396f9289d0f000,bff6b2396f9289d0f000,bf66472df2513a1e,3400,3300,00003f80,10,266,5,5,5,c1f3b2a68b0280980000,3000,3400
FPREM_completed,64,RD,random,11,ALL,4a4e1234b1a55a7f,29841a150e25814e,3e95abc4469a67fc0000,3e95abc4469a67fc0000,29557888d34cff80,3400,3000,00003f80,9,289,0,0,0,4075d17ea87146938000,3000,3400
FPREM_completed,64,RD,random,11,X87_MULTISTEP,4a4e1234b1a55a7f,29841a150e25814e,3e95abc4469a67fc0000,3e95abc4469a67fc0000,29557888d34cff80,3400,3000,00003f80,9,289,0,0,0,4075d17ea87146938000,3000,3400
FPREM_completed,64,RD,random,11,SINGLE_INSTRUCTION_VALUE_MISMATCH,4a4e1234b1a55a7f,29841a150e25814e,3e95abc4469a67fc0000,3e95abc4469a67fc0000,29557888d34cff80,3400,3000,00003f80,9,289,0,0,0,4075d17ea87146938000,3000,3400
FPREM_completed,64,RD,random,11,SINGLE_INSTRUCTION_C2_PARTIAL,4a4e1234b1a55a7f,29841a150e25814e,3e95abc4469a67fc0000,3e95abc4469a67fc0000,29557888d34cff80,3400,3000,00003f80,9,289,0,0,0,4075d17ea87146938000,3000,3400
FPREM_completed,64,RD,random,12,ALL,6594f41e49bee1a0,3bf5817dfb70df6d,3fbeee382bb4dd19f000,3fbeee382bb4dd19f000,3bedc705769ba33e,3400,3300,00003f80,12,321,5,5,5,421e9b54c40c8e563000,3000,3400
FPREM_completed,64,RD,random,12,X87_MULTISTEP,6594f41e49bee1a0,3bf5817dfb70df6d,3fbeee382bb4dd19f000,3fbeee382bb4dd19f000,3bedc705769ba33e,3400,3300,00003f80,12,321,5,5,5,421e9b54c40c8e563000,3000,3400
FPREM_completed,64,RD,random,12,SINGLE_INSTRUCTION_VALUE_MISMATCH,6594f41e49bee1a0,3bf5817dfb70df6d,3fbeee382bb4dd19f000,3fbeee382bb4dd19f000,3bedc705769ba33e,3400,3300,00003f80,12,321,5,5,5,421e9b54c40c8e563000,3000,3400
FPREM_completed,64,RD,random,12,SINGLE_INSTRUCTION_C2_PARTIAL,6594f41e49bee1a0,3bf5817dfb70df6d,3fbeee382bb4dd19f000,3fbeee382bb4dd19f000,3bedc705769ba33e,3400,3300,00003f80,12,321,5,5,5,421e9b54c40c8e563000,3000,3400
FPREM_completed,64,RD,random,13,ALL,c1132a8b237f2b9d,594d73404f44c27e,c0119954591bf95ce800,c0119954591bf95ce800,c1132a8b237f2b9d,3000,3000,00003f80,1,0,0,0,0,c0119954591bf95ce800,3000,3000
FPREM_completed,64,RD,random,13,SINGLE_COMPLETE_FINITE_CASE,c1132a8b237f2b9d,594d73404f44c27e,c0119954591bf95ce800,c0119954591bf95ce800,c1132a8b237f2b9d,3000,3000,00003f80,1,0,0,0,0,c0119954591bf95ce800,3000,3000
FPREM_completed,64,RD,random,14,ALL,b7683dfbd1805aff,bf598884c49fca9b,bf76c1efde8c02d7f800,bf76c1efde8c02d7f800,b7683dfbd1805aff,3000,3000,00003f80,1,0,0,0,0,bf76c1efde8c02d7f800,3000,3000
FPREM_completed,64,RD,random,14,SINGLE_COMPLETE_FINITE_CASE,b7683dfbd1805aff,bf598884c49fca9b,bf76c1efde8c02d7f800,bf76c1efde8c02d7f800,b7683dfbd1805aff,3000,3000,00003f80,1,0,0,0,0,bf76c1efde8c02d7f800,3000,3000
FPREM_completed,64,RD,random,15,ALL,6f490969190f62c4,ae1215eb462405c7,3ee1818d7f0b5adcc800,3ee1818d7f0b5adcc800,2e1031afe16b5b99,3400,3200,00003f80,17,494,1,1,7,42bddc90617d46440000,3000,3400
FPREM_completed,64,RD,random,15,X87_MULTISTEP,6f490969190f62c4,ae1215eb462405c7,3ee1818d7f0b5adcc800,3ee1818d7f0b5adcc800,2e1031afe16b5b99,3400,3200,00003f80,17,494,1,1,7,42bddc90617d46440000,3000,3400
FPREM_completed,64,RD,random,15,QUOTIENT_SIGNED_BITS_DIFFER,6f490969190f62c4,ae1215eb462405c7,3ee1818d7f0b5adcc800,3ee1818d7f0b5adcc800,2e1031afe16b5b99,3400,3200,00003f80,17,494,1,1,7,42bddc90617d46440000,3000,3400
FPREM_completed,64,RD,random,15,SINGLE_INSTRUCTION_VALUE_MISMATCH,6f490969190f62c4,ae1215eb462405c7,3ee1818d7f0b5adcc800,3ee1818d7f0b5adcc800,2e1031afe16b5b99,3400,3200,00003f80,17,494,1,1,7,42bddc90617d46440000,3000,3400
FPREM_completed,64,RD,random,15,SINGLE_INSTRUCTION_C2_PARTIAL,6f490969190f62c4,ae1215eb462405c7,3ee1818d7f0b5adcc800,3ee1818d7f0b5adcc800,2e1031afe16b5b99,3400,3200,00003f80,17,494,1,1,7,42bddc90617d46440000,3000,3400
FPREM_completed,64,RD,random,16,ALL,8da36025d28a21d8,33ed6497a86d8353,bcda9b012e94510ec000,bcda9b012e94510ec000,8da36025d28a21d8,3000,3000,00003f80,1,0,0,0,0,bcda9b012e94510ec000,3000,3000
FPREM_completed,64,RD,random,16,SINGLE_COMPLETE_FINITE_CASE,8da36025d28a21d8,33ed6497a86d8353,bcda9b012e94510ec000,bcda9b012e94510ec000,8da36025d28a21d8,3000,3000,00003f80,1,0,0,0,0,bcda9b012e94510ec000,3000,3000
FPREM_completed,64,RD,random,17,ALL,b77e8b7c1bae6945,ce13f0f8f189085d,bf77f45be0dd734a2800,bf77f45be0dd734a2800,b77e8b7c1bae6945,3000,3000,00003f80,1,0,0,0,0,bf77f45be0dd734a2800,3000,3000
FPREM_completed,64,RD,random,17,SINGLE_COMPLETE_FINITE_CASE,b77e8b7c1bae6945,ce13f0f8f189085d,bf77f45be0dd734a2800,bf77f45be0dd734a2800,b77e8b7c1bae6945,3000,3000,00003f80,1,0,0,0,0,bf77f45be0dd734a2800,3000,3000
FPREM_completed,64,RD,random,18,ALL,1e56657267a4546d,63b83902f22bfcd7,3de5b32b933d22a36800,3de5b32b933d22a36800,1e56657267a4546d,3000,3000,00003f80,1,0,0,0,0,3de5b32b933d22a36800,3000,3000
FPREM_completed,64,RD,random,18,SINGLE_COMPLETE_FINITE_CASE,1e56657267a4546d,63b83902f22bfcd7,3de5b32b933d22a36800,3de5b32b933d22a36800,1e56657267a4546d,3000,3000,00003f80,1,0,0,0,0,3de5b32b933d22a36800,3000,3000
FPREM_completed,64,RD,random,19,ALL,520a608fd94c71bc,1a0745443aa528a2,3da09d581f06e8e3b000,3da09d581f06e8e3b000,1a03ab03e0dd1c76,3400,3300,00003f80,18,451,5,5,5,4100afcb0604c208c000,3000,3400
FPREM_completed,64,RD,random,19,X87_MULTISTEP,520a608fd94c71bc,1a0745443aa528a2,3da09d581f06e8e3b000,3da09d581f06e8e3b000,1a03ab03e0dd1c76,3400,3300,00003f80,18,451,5,5,5,4100afcb0604c208c000,3000,3400
FPREM_completed,64,RD,random,19,SINGLE_INSTRUCTION_VALUE_MISMATCH,520a608fd94c71bc,1a0745443aa528a2,3da09d581f06e8e3b000,3da09d581f06e8e3b000,1a03ab03e0dd1c76,3400,3300,00003f80,18,451,5,5,5,4100afcb0604c208c000,3000,3400
FPREM_completed,64,RD,random,19,SINGLE_INSTRUCTION_C2_PARTIAL,520a608fd94c71bc,1a0745443aa528a2,3da09d581f06e8e3b000,3da09d581f06e8e3b000,1a03ab03e0dd1c76,3400,3300,00003f80,18,451,5,5,5,4100afcb0604c208c000,3000,3400
FPREM_completed,64,RD,random,20,X87_MULTISTEP,e11dd77714b3258b,2594be96d5414b93,be58a3ced03246e70000,be58a3ced03246e70000,a58479da0648dce0,3400,3000,00003f80,16,468,0,0,0,c1d689da8af23e7a8000,3000,3400
FPREM_completed,64,RD,random,20,SINGLE_INSTRUCTION_VALUE_MISMATCH,e11dd77714b3258b,2594be96d5414b93,be58a3ced03246e70000,be58a3ced03246e70000,a58479da0648dce0,3400,3000,00003f80,16,468,0,0,0,c1d689da8af23e7a8000,3000,3400
FPREM_completed,64,RD,random,20,SINGLE_INSTRUCTION_C2_PARTIAL,e11dd77714b3258b,2594be96d5414b93,be58a3ced03246e70000,be58a3ced03246e70000,a58479da0648dce0,3400,3000,00003f80,16,468,0,0,0,c1d689da8af23e7a8000,3000,3400
FPREM_completed,64,RD,random,21,SINGLE_COMPLETE_FINITE_CASE,b452c0bf0200d818,6b0151688251e8ff,bf459605f81006c0c000,bf459605f81006c0c000,b452c0bf0200d818,3000,3000,00003f80,1,0,0,0,0,bf459605f81006c0c000,3000,3000
FPREM_completed,64,RD,random,22,QUOTIENT_SIGNED_BITS_DIFFER,a04b39e9068ce4c8,1eb552ddc4042814,bdeba22526717ed96000,bdeba22526717ed96000,9eb444a4ce2fdb2c,3000,3200,00003f80,1,14,1,1,7,bdeba22526717ed96000,3000,3200
FPREM_completed,64,RD,random,22,SINGLE_COMPLETE_FINITE_CASE,a04b39e9068ce4c8,1eb552ddc4042814,bdeba22526717ed96000,bdeba22526717ed96000,9eb444a4ce2fdb2c,3000,3200,00003f80,1,14,1,1,7,bdeba22526717ed96000,3000,3200
FPREM_completed,64,RD,random,23,SINGLE_COMPLETE_FINITE_CASE,af4da42f6014ff40,b29387e0e24fc445,bef4ed217b00a7fa0000,bef4ed217b00a7fa0000,af4da42f6014ff40,3000,3000,00003f80,1,0,0,0,0,bef4ed217b00a7fa0000,3000,3000
FPREM_completed,64,RD,random,24,X87_MULTISTEP,d4114ba021dfe810,3c9d3fbdef8f3ad4,bfc899b8aef443cc0000,bfc899b8aef443cc0000,bc833715de887980,3400,3000,00003f80,7,185,0,0,0,c105ea7fac552c3a0000,3000,3400
FPREM_completed,64,RD,random,24,SINGLE_INSTRUCTION_VALUE_MISMATCH,d4114ba021dfe810,3c9d3fbdef8f3ad4,bfc899b8aef443cc0000,bfc899b8aef443cc0000,bc833715de887980,3400,3000,00003f80,7,185,0,0,0,c105ea7fac552c3a0000,3000,3400
FPREM_completed,64,RD,random,24,SINGLE_INSTRUCTION_C2_PARTIAL,d4114ba021dfe810,3c9d3fbdef8f3ad4,bfc899b8aef443cc0000,bfc899b8aef443cc0000,bc833715de887980,3400,3000,00003f80,7,185,0,0,0,c105ea7fac552c3a0000,3000,3400
FPREM_completed,64,RD,random,25,SINGLE_COMPLETE_FINITE_CASE,69ef6e510d168232,717a855f449728e5,429efb728868b4119000,429efb728868b4119000,69ef6e510d168232,3000,3000,00003f80,1,0,0,0,0,429efb728868b4119000,3000,3000
FPREM_completed,64,RD,random,26,SINGLE_COMPLETE_FINITE_CASE,d6883f0417967388,e66311ff39fee26c,c168c1f820bcb39c4000,c168c1f820bcb39c4000,d6883f0417967388,3000,3000,00003f80,1,0,0,0,0,c168c1f820bcb39c4000,3000,3000
FPREM_completed,64,RD,random,27,SINGLE_COMPLETE_FINITE_CASE,4fa14b561f8c01bf,f471624ef4a20fbf,40fa8a5ab0fc600df800,40fa8a5ab0fc600df800,4fa14b561f8c01bf,3000,3000,00003f80,1,0,0,0,0,40fa8a5ab0fc600df800,3000,3000
FPREM_completed,64,RD,random,28,SINGLE_COMPLETE_FINITE_CASE,9d1803c5770d693a,239d03d2d46d3116,bdd1c01e2bb86b49d000,bdd1c01e2bb86b49d000,9d1803c5770d693a,3000,3000,00003f80,1,0,0,0,0,bdd1c01e2bb86b49d000,3000,3000
FPREM_completed,64,RD,random,29,X87_MULTISTEP,7f2c60a814b272c4,e633a951c7718da0,4262993de6ed86800000,4262993de6ed86800000,662327bcddb0d000,3400,3000,00003f80,7,214,0,0,0,43c0ea05ff1215200000,3000,3400
FPREM_completed,64,RD,random,29,SINGLE_INSTRUCTION_VALUE_MISMATCH,7f2c60a814b272c4,e633a951c7718da0,4262993de6ed86800000,4262993de6ed86800000,662327bcddb0d000,3400,3000,00003f80,7,214,0,0,0,43c0ea05ff1215200000,3000,3400
FPREM_completed,64,RD,random,29,SINGLE_INSTRUCTION_C2_PARTIAL,7f2c60a814b272c4,e633a951c7718da0,4262993de6ed86800000,4262993de6ed86800000,662327bcddb0d000,3400,3000,00003f80,7,214,0,0,0,43c0ea05ff1215200000,3000,3400
FPREM_completed,64,RD,random,30,SINGLE_COMPLETE_FINITE_CASE,9148b248811c9805,42fcc655290ba003,bd14c5924408e4c02800,bd14c5924408e4c02800,9148b248811c9805,3000,3000,00003f80,1,0,0,0,0,bd14c5924408e4c02800,3000,3000
FPREM_completed,64,RD,random,31,SINGLE_COMPLETE_FINITE_CASE,91825b4d252f035d,ac6a40183abe4a22,bd1892da6929781ae800,bd1892da6929781ae800,91825b4d252f035d,3000,3000,00003f80,1,0,0,0,0,bd1892da6929781ae800,3000,3000
FPREM_completed,64,RD,random,32,SINGLE_COMPLETE_FINITE_CASE,97787847f9bd2af4,fa15567f6a6f1ee1,bd77c3c23fcde957a000,bd77c3c23fcde957a000,97787847f9bd2af4,3000,3000,00003f80,1,0,0,0,0,bd77c3c23fcde957a000,3000,3000
FPREM_completed,64,RD,random,33,X87_MULTISTEP,df47de5513ea6822,1bdd3f3c49777f1a,bdbc9dd84fac431e2000,bdbc9dd84fac431e2000,9bc3bb09f58863c4,3400,7200,00003f80,23,529,3,3,5,c1b89cf920695de20000,3000,3400
FPREM_completed,64,RD,random,33,QUOTIENT_SIGNED_BITS_DIFFER,df47de5513ea6822,1bdd3f3c49777f1a,bdbc9dd84fac431e2000,bdbc9dd84fac431e2000,9bc3bb09f58863c4,3400,7200,00003f80,23,529,3,3,5,c1b89cf920695de20000,3000,3400
FPREM_completed,64,RD,random,33,MORE_THAN_512_SUBTRACTIONS,df47de5513ea6822,1bdd3f3c49777f1a,bdbc9dd84fac431e2000,bdbc9dd84fac431e2000,9bc3bb09f58863c4,3400,7200,00003f80,23,529,3,3,5,c1b89cf920695de20000,3000,3400
FPREM_completed,64,RD,random,33,SINGLE_INSTRUCTION_VALUE_MISMATCH,df47de5513ea6822,1bdd3f3c49777f1a,bdbc9dd84fac431e2000,bdbc9dd84fac431e2000,9bc3bb09f58863c4,3400,7200,00003f80,23,529,3,3,5,c1b89cf920695de20000,3000,3400
FPREM_completed,64,RD,random,33,SINGLE_INSTRUCTION_C2_PARTIAL,df47de5513ea6822,1bdd3f3c49777f1a,bdbc9dd84fac431e2000,bdbc9dd84fac431e2000,9bc3bb09f58863c4,3400,7200,00003f80,23,529,3,3,5,c1b89cf920695de20000,3000,3400
FPREM_completed,64,RD,random,34,X87_MULTISTEP,5ada68c2e5cabb64,978f4e73e3766ff9,3d788fe5fe85dc72f000,3d788fe5fe85dc72f000,1781fcbfd0bb8e5e,3400,7000,00003f80,22,557,2,2,6,41789a93cdfc23e8f800,3000,3400
FPREM_completed,64,RD,random,34,QUOTIENT_SIGNED_BITS_DIFFER,5ada68c2e5cabb64,978f4e73e3766ff9,3d788fe5fe85dc72f000,3d788fe5fe85dc72f000,1781fcbfd0bb8e5e,3400,7000,00003f80,22,557,2,2,6,41789a93cdfc23e8f800,3000,3400
FPREM_completed,64,RD,random,34,MORE_THAN_512_SUBTRACTIONS,5ada68c2e5cabb64,978f4e73e3766ff9,3d788fe5fe85dc72f000,3d788fe5fe85dc72f000,1781fcbfd0bb8e5e,3400,7000,00003f80,22,557,2,2,6,41789a93cdfc23e8f800,3000,3400
FPREM_completed,64,RD,random,34,SINGLE_INSTRUCTION_VALUE_MISMATCH,5ada68c2e5cabb64,978f4e73e3766ff9,3d788fe5fe85dc72f000,3d788fe5fe85dc72f000,1781fcbfd0bb8e5e,3400,7000,00003f80,22,557,2,2,6,41789a93cdfc23e8f800,3000,3400
FPREM_completed,64,RD,random,34,SINGLE_INSTRUCTION_C2_PARTIAL,5ada68c2e5cabb64,978f4e73e3766ff9,3d788fe5fe85dc72f000,3d788fe5fe85dc72f000,1781fcbfd0bb8e5e,3400,7000,00003f80,22,557,2,2,6,41789a93cdfc23e8f800,3000,3400
FPREM_completed,64,RD,random,35,X87_MULTISTEP,a76c958fcc12d08c,989a991372a47146,bd898c77de0d75dc2000,bd898c77de0d75dc2000,98918efbc1aebb84,3400,7000,00003f80,5,121,2,2,2,be49c7bd9c283ee2f000,3000,3400
FPREM_completed,64,RD,random,35,SINGLE_INSTRUCTION_VALUE_MISMATCH,a76c958fcc12d08c,989a991372a47146,bd898c77de0d75dc2000,bd898c77de0d75dc2000,98918efbc1aebb84,3400,7000,00003f80,5,121,2,2,2,be49c7bd9c283ee2f000,3000,3400
FPREM_completed,64,RD,random,35,SINGLE_INSTRUCTION_C2_PARTIAL,a76c958fcc12d08c,989a991372a47146,bd898c77de0d75dc2000,bd898c77de0d75dc2000,98918efbc1aebb84,3400,7000,00003f80,5,121,2,2,2,be49c7bd9c283ee2f000,3000,3400
FPREM_completed,64,RD,random,36,X87_MULTISTEP,73538c0c3447ef9c,69bbc16644e39d84,429696ae4e14f3000000,429696ae4e14f3000000,6962d5c9c29e6000,3400,3000,00003f80,3,83,0,0,0,42fb8ba018ce380f4000,3000,3400
FPREM_completed,64,RD,random,36,SINGLE_INSTRUCTION_VALUE_MISMATCH,73538c0c3447ef9c,69bbc16644e39d84,429696ae4e14f3000000,429696ae4e14f3000000,6962d5c9c29e6000,3400,3000,00003f80,3,83,0,0,0,42fb8ba018ce380f4000,3000,3400
FPREM_completed,64,RD,random,36,SINGLE_INSTRUCTION_C2_PARTIAL,73538c0c3447ef9c,69bbc16644e39d84,429696ae4e14f3000000,429696ae4e14f3000000,6962d5c9c29e6000,3400,3000,00003f80,3,83,0,0,0,42fb8ba018ce380f4000,3000,3400
FPREM_completed,64,RD,random,37,SINGLE_COMPLETE_FINITE_CASE,2fa7c32afc6000ba,6f78d4e5ac78ca42,3efabe1957e30005d000,3efabe1957e30005d000,2fa7c32afc6000ba,3000,3000,00003f80,1,0,0,0,0,3efabe1957e30005d000,3000,3000
FPREM_completed,64,RD,random,38,X87_MULTISTEP,3d43afc97578251a,a04640200977c35b,3e02e186dfd02dd44000,3e02e186dfd02dd44000,202c30dbfa05ba88,3400,7000,00003f80,8,209,2,2,6,3fa1b62ad18302834000,3000,3400
FPREM_completed,64,RD,random,38,QUOTIENT_SIGNED_BITS_DIFFER,3d43afc97578251a,a04640200977c35b,3e02e186dfd02dd44000,3e02e186dfd02dd44000,202c30dbfa05ba88,3400,7000,00003f80,8,209,2,2,6,3fa1b62ad18302834000,3000,3400
FPREM_completed,64,RD,random,38,SINGLE_INSTRUCTION_VALUE_MISMATCH,3d43afc97578251a,a04640200977c35b,3e02e186dfd02dd44000,3e02e186dfd02dd44000,202c30dbfa05ba88,3400,7000,00003f80,8,209,2,2,6,3fa1b62ad18302834000,3000,3400
FPREM_completed,64,RD,random,38,SINGLE_INSTRUCTION_C2_PARTIAL,3d43afc97578251a,a04640200977c35b,3e02e186dfd02dd44000,3e02e186dfd02dd44000,202c30dbfa05ba88,3400,7000,00003f80,8,209,2,2,6,3fa1b62ad18302834000,3000,3400
FPREM_completed,64,RD,random,39,X87_MULTISTEP,de5e7ac0be62872d,966524ac718d39c5,bd64f4a6c0bb5953c000,bd64f4a6c0bb5953c000,964e94d8176b2a78,3400,7000,00003f80,21,530,2,2,2,c1a5cb9ac6b91d17c000,3000,3400
FPREM_completed,64,RD,random,39,MORE_THAN_512_SUBTRACTIONS,de5e7ac0be62872d,966524ac718d39c5,bd64f4a6c0bb5953c000,bd64f4a6c0bb5953c000,964e94d8176b2a78,3400,7000,00003f80,21,530,2,2,2,c1a5cb9ac6b91d17c000,3000,3400
FPREM_completed,64,RD,random,39,SINGLE_INSTRUCTION_VALUE_MISMATCH,de5e7ac0be62872d,966524ac718d39c5,bd64f4a6c0bb5953c000,bd64f4a6c0bb5953c000,964e94d8176b2a78,3400,7000,00003f80,21,530,2,2,2,c1a5cb9ac6b91d17c000,3000,3400
FPREM_completed,64,RD,random,39,SINGLE_INSTRUCTION_C2_PARTIAL,de5e7ac0be62872d,966524ac718d39c5,bd64f4a6c0bb5953c000,bd64f4a6c0bb5953c000,964e94d8176b2a78,3400,7000,00003f80,21,530,2,2,2,c1a5cb9ac6b91d17c000,3000,3400
FPREM_completed,64,RD,random,40,QUOTIENT_SIGNED_BITS_DIFFER,eda549eb3ce9804c,38af62f6b3141d76,bf889a7d3835a621c000,bf889a7d3835a621c000,b8834fa706b4c438,3400,7200,00003f80,18,433,3,3,5,c2aac0b071cba34d2000,3000,3400
FPREM_completed,64,RD,random,42,QUOTIENT_SIGNED_BITS_DIFFER,7347a7d32d010189,bbdc7d30e2d90d34,3fb98d23799480640000,3fb98d23799480640000,3b91a46f32900c80,3400,7100,00003f80,15,450,6,6,2,42fc9fbd6059542a0000,3000,3400
FPREM_completed,64,RD,random,49,QUOTIENT_SIGNED_BITS_DIFFER,5c2a8192de56c7a7,af1cce228ec78966,3eeee9d87ca2a2dd0000,3eeee9d87ca2a2dd0000,2eed3b0f94545ba0,3400,7000,00003f80,14,342,2,2,6,418fe6e4d24d849b4000,3000,3400
FPREM_completed,64,RD,random,53,MORE_THAN_512_SUBTRACTIONS,69920c42a30349f2,121d884a542f682a,3d1ec47d5167226b0000,3d1ec47d5167226b0000,11e88faa2ce44d60,3400,7000,00003f80,30,720,2,2,2,425e8220e02d6a9d0000,3000,3400
FPREM_completed,64,RD,random,56,QUOTIENT_SIGNED_BITS_DIFFER,c4b90a3ed64c2a40,1fe81d7e2ed3fc27,bdfd925b30d6d3c4b000,bdfd925b30d6d3c4b000,9fd24b661ada7896,3400,7200,00003f80,11,284,3,3,5,c018c4c76f8e86c20000,3000,3400
FPREM_completed,64,RD,random,57,QUOTIENT_SIGNED_BITS_DIFFER,ed507db431407d57,0647f267a6605818,bc64b3416ec2299ec000,bc64b3416ec2299ec000,8646682dd84533d8,3400,7300,00003f80,31,853,7,7,1,c2a3e4016d1fd4eb8000,3000,3400
FPREM_completed,64,RD,random,57,MORE_THAN_512_SUBTRACTIONS,ed507db431407d57,0647f267a6605818,bc64b3416ec2299ec000,bc64b3416ec2299ec000,8646682dd84533d8,3400,7300,00003f80,31,853,7,7,1,c2a3e4016d1fd4eb8000,3000,3400
FPREM_completed,64,RD,random,58,QUOTIENT_SIGNED_BITS_DIFFER,0b4cedfe07d58842,881120faae2ba810,3c80ee80e917980e0000,3c80ee80e917980e0000,080dd01d22f301c0,7000,7000,00003f80,1,24,2,2,6,3c80ee80e917980e0000,3000,7000
FPREM_completed,64,RD,random,64,QUOTIENT_SIGNED_BITS_DIFFER,3d6d5518fff5b85a,b2c080d4eacc0f02,3f2bb90880c40596a000,3f2bb90880c40596a000,32b721101880b2d4,3400,7200,00003f80,3,89,3,3,5,3fabfeb20f601b2a0000,3000,3400
FPREM_completed,64,RD,random,65,QUOTIENT_SIGNED_BITS_DIFFER,ea898a5b92cc34b3,61c55622da782f80,c21be355b08463f80000,c21be355b08463f80000,e1bc6ab6108c7f00,3400,7300,00003f80,3,65,7,7,1,c27caa4203562bf00000,3000,3400
FPREM_completed,64,RD,random,74,QUOTIENT_SIGNED_BITS_DIFFER,755e02aa7062ebf6,d55a977a4df97796,4153946a6c7d5f19c000,4153946a6c7d5f19c000,55328d4d8fabe338,3400,7200,00003f80,10,267,3,3,5,4334c0cf178ad3b60000,3000,3400
FPREM_completed,64,RD,random,79,QUOTIENT_SIGNED_BITS_DIFFER,a4c9fe04e3afd8c6,047d0b5baa9fe2fa,bc46f88054550d2ea000,bc46f88054550d2ea000,846f100a8aa1a5d4,3400,7300,00003f80,11,246,7,7,1,be27b23210f0096ab000,3000,3400
FPREM_completed,64,RD,random,81,QUOTIENT_SIGNED_BITS_DIFFER,e68d3c006f201df4,1ee887edcd9168d5,bded8ea30b8a5ec5b000,bded8ea30b8a5ec5b000,9ed1d461714bd8b6,3400,3200,00003f80,19,580,1,1,7,c22bf7786d2b29f64000,3000,3400
FPREM_completed,64,RD,random,81,MORE_THAN_512_SUBTRACTIONS,e68d3c006f201df4,1ee887edcd9168d5,bded8ea30b8a5ec5b000,bded8ea30b8a5ec5b000,9ed1d461714bd8b6,3400,3200,00003f80,19,580,1,1,7,c22bf7786d2b29f64000,3000,3400
FPREM_completed,64,RD,random,84,MORE_THAN_512_SUBTRACTIONS,f993df8021999846,15a30e386b02b404,bd59a37b190d27ff8000,bd59a37b190d27ff8000,95946f6321a4fff0,3400,7000,00003f80,27,791,2,2,6,c356e7264a4b254a0000,3000,3400
FPREM_completed,64,RD,random,86,MORE_THAN_512_SUBTRACTIONS,d5cf4344b88928f2,09de7fb0fe8aac8b,bc9cef6403e237cc2000,bc9cef6403e237cc2000,89cdec807c46f984,3400,7000,00003f80,27,644,2,2,6,c11ccb5db15201948000,3000,3400
FPREM_completed,64,RD,random,87,MORE_THAN_512_SUBTRACTIONS,7b5310c9fc212395,8eda03c9c430ce5f,3ceda67a4035f71e0800,3ceda67a4035f71e0800,0ed4cf4806bee3c1,3400,3200,00003f80,35,862,1,1,7,438dad1847dc972e5000,3000,3400
FPREM_completed,64,RD,random,92,MORE_THAN_512_SUBTRACTIONS,e3a846a2bfbc4178,80f257439666d7d5,bc0efe69ccfe2b88b000,bc0efe69ccfe2b88b000,80efcd399fc57116,3400,3200,00003f80,27,808,1,1,1,c20ed8bfa47883faa000,3000,3400
FPREM_completed,64,RD,random,104,MORE_THAN_512_SUBTRACTIONS,56b9818e16a7fd62,89436d87e2292558,3c9389e4299005490000,3c9389e4299005490000,09313c853200a920,3400,7000,00003f80,21,612,2,2,6,4132e621769844f50000,3000,3400
FPREM_completed,64,RD,random,105,MORE_THAN_512_SUBTRACTIONS,f98f1f2039d4b32c,334ccb14838191dc,bf33b727e9205ee78000,bf33b727e9205ee78000,b336e4fd240bdcf0,3400,7100,00003f80,21,541,6,6,2,c373aa7b214060490000,3000,3400
FPREM_completed,64,RD,random,113,MORE_THAN_512_SUBTRACTIONS,f30db0b39235c396,ad720371ec7fe712,bed6e52447770bc42000,bed6e52447770bc42000,ad6ca488eee17884,3400,7300,00003f80,20,543,7,7,7,c2f780a1106b971c5000,3000,3400
FPREM_completed,64,RD,random,121,MORE_THAN_512_SUBTRACTIONS,7c0ada0c874938dc,97f0e3e5fa42fb78,3d7d92daf8abd3320000,3d7d92daf8abd3320000,17d25b5f157a6640,3400,7000,00003f80,27,815,2,2,6,439dcaa9d3e967880000,3000,3400
FPREM_completed,64,RD,random,135,MORE_THAN_512_SUBTRACTIONS,7acec2800ccf3118,3498831721aad9e8,3f489bf2fc73696c0000,3f489bf2fc73696c0000,34837e5f8e6d2d80,3400,3000,00003f80,24,556,0,0,0,4389952eef1c607c4000,3000,3400
FPREM_completed,64,RD,random,142,MORE_THAN_512_SUBTRACTIONS,7264155fa13b8f59,9c647ced0ca8226b,3dc2bb2947c812938000,3dc2bb2947c812938000,1c276528f9025270,3400,7200,00003f80,23,682,3,3,5,4304bacaa0d979ba8000,3000,3400
FPREM_completed,64,RD,random,144,MORE_THAN_512_SUBTRACTIONS,ed2dc6396c42b6f8,02c3611c2eadf718,bc2c8b01a3a2125f4000,bc2c8b01a3a2125f4000,82c1603474424be8,3400,3200,00003f80,30,845,1,1,7,c2ac86ddaf9c03cf8000,3000,3400
FPREM_completed,64,RD,random,156,MORE_THAN_512_SUBTRACTIONS,c55b68e984a6b54d,8255bc36c1074b77,bc24f0d9566cbcd5c000,bc24f0d9566cbcd5c000,824e1b2acd979ab8,3400,3100,00003f80,21,532,4,4,4,c02598ec8c879ad20000,3000,3400
FPREM_completed,64,RD,random,171,MORE_THAN_512_SUBTRACTIONS,72a584688a7d4f85,b06b0aa08ec0c009,3f058c563cf186254000,3f058c563cf186254000,30518ac79e30c4a8,3400,3100,00003f80,24,550,4,4,4,430287f05a3c364b0000,3000,3400
FPREM_completed,64,RD,random,177,MORE_THAN_512_SUBTRACTIONS,d50cccc31539402e,895a0c6a0dc516b8,bc93c6afd484dbae0000,bc93c6afd484dbae0000,8938d5fa909b75c0,3400,7100,00003f80,26,625,6,6,6,c114a8d95df86a620000,3000,3400
FPREM_completed,64,RD,random,1233,EXCEPTION_FLAGS_MISMATCH,800775f8a1f1e801,335231bcb44634b1,bbffeebf143e3d002000,bbffeebf143e3d002000,800775f8a1f1e801,3002,3002,00003f80,1,0,0,0,0,bbffeebf143e3d002000,3002,3002
FPREM_completed,64,RD,random,2646,INVALID_OR_NONFINITE_INPUT,fffc16448446619e,97c865bf05fa1bc2,ffffe0b22422330cf000,ffffe0b22422330cf000,fffc16448446619e,3000,3000,00003f80,1,0,0,0,0,ffffe0b22422330cf000,3000,3000
FPREM_completed,64,RD,random,2646,NAN_RESULT,fffc16448446619e,97c865bf05fa1bc2,ffffe0b22422330cf000,ffffe0b22422330cf000,fffc16448446619e,3000,3000,00003f80,1,0,0,0,0,ffffe0b22422330cf000,3000,3000
FPREM_completed,64,RD,random,2800,INVALID_OR_NONFINITE_INPUT,7ffec4b85b15dcc9,73ae6374d2acbe2d,7ffff625c2d8aee64800,7ffff625c2d8aee64800,7ffec4b85b15dcc9,3000,3000,00003f80,1,0,0,0,0,7ffff625c2d8aee64800,3000,3000
FPREM_completed,64,RD,random,2800,NAN_RESULT,7ffec4b85b15dcc9,73ae6374d2acbe2d,7ffff625c2d8aee64800,7ffff625c2d8aee64800,7ffec4b85b15dcc9,3000,3000,00003f80,1,0,0,0,0,7ffff625c2d8aee64800,3000,3000
FPREM_completed,64,RD,random,2804,INVALID_OR_NONFINITE_INPUT,215f1284a38934b3,ffff2b4bee625364,fffff95a5f73129b2000,fffff95a5f73129b2000,ffff2b4bee625364,3000,3000,00003f80,1,0,0,0,0,fffff95a5f73129b2000,3000,3000
FPREM_completed,64,RD,random,2804,NAN_RESULT,215f1284a38934b3,ffff2b4bee625364,fffff95a5f73129b2000,fffff95a5f73129b2000,ffff2b4bee625364,3000,3000,00003f80,1,0,0,0,0,fffff95a5f73129b2000,3000,3000
FPREM_completed,64,RD,random,3319,INVALID_OR_NONFINITE_INPUT,8856eee77a72ede6,fff3ef7fd61e7ede,ffffdf7bfeb0f3f6f000,ffffdf7bfeb0f3f6f000,fffbef7fd61e7ede,3001,3001,00003f81,1,0,0,0,0,ffffdf7bfeb0f3f6f000,3001,3001
FPREM_completed,64,RD,random,3319,NAN_RESULT,8856eee77a72ede6,fff3ef7fd61e7ede,ffffdf7bfeb0f3f6f000,ffffdf7bfeb0f3f6f000,fffbef7fd61e7ede,3001,3001,00003f81,1,0,0,0,0,ffffdf7bfeb0f3f6f000,3001,3001
FPREM_completed,64,RD,random,4196,EXCEPTION_FLAGS_MISMATCH,00045d7cbad4eff6,19e3a5eafc13fccf,3bff8baf975a9dfec000,3bff8baf975a9dfec000,00045d7cbad4eff6,3002,3002,00003f80,1,0,0,0,0,3bff8baf975a9dfec000,3002,3002
FPREM_completed,64,RD,random,5293,EXCEPTION_FLAGS_MISMATCH,000042978fcf403b,f113c2471660d47e,3bfb852f1f9e80760000,3bfb852f1f9e80760000,000042978fcf403b,3002,3002,00003f80,1,0,0,0,0,3bfb852f1f9e80760000,3002,3002
FPREM_completed,64,RD,random,5800,EXCEPTION_FLAGS_MISMATCH,000f2db77710b090,70ffa1f579d5ad51,3c00f2db77710b090000,3c00f2db77710b090000,000f2db77710b090,3002,3002,00003f80,1,0,0,0,0,3c00f2db77710b090000,3002,3002
FPREM_completed,64,RD,random,7285,EXCEPTION_FLAGS_MISMATCH,91d7fc48769559e3,800e7bbfc32cef6d,bc00c6b930c4a51f2000,bc00c6b930c4a51f2000,800c6b930c4a51f2,3402,7102,00003f80,5,155,6,6,6,bce0a1f5923ff4eed000,3002,3402
FPREM_completed,64,RD,random,7438,INVALID_OR_NONFINITE_INPUT,7ffcaf4d654f0d5d,233fc0de0338e527,7fffe57a6b2a786ae800,7fffe57a6b2a786ae800,7ffcaf4d654f0d5d,3000,3000,00003f80,1,0,0,0,0,7fffe57a6b2a786ae800,3000,3000
FPREM_completed,64,RD,random,7438,NAN_RESULT,7ffcaf4d654f0d5d,233fc0de0338e527,7fffe57a6b2a786ae800,7fffe57a6b2a786ae800,7ffcaf4d654f0d5d,3000,3000,00003f80,1,0,0,0,0,7fffe57a6b2a786ae800,3000,3000
FPREM_completed,64,RD,random,7596,INVALID_OR_NONFINITE_INPUT,fffbf8822c40c37e,b07d2bef072da5b4,ffffdfc41162061bf000,ffffdfc41162061bf000,fffbf8822c40c37e,3000,3000,00003f80,1,0,0,0,0,ffffdfc41162061bf000,3000,3000
FPREM_completed,64,RD,random,7596,NAN_RESULT,fffbf8822c40c37e,b07d2bef072da5b4,ffffdfc41162061bf000,ffffdfc41162061bf000,fffbf8822c40c37e,3000,3000,00003f80,1,0,0,0,0,ffffdfc41162061bf000,3000,3000
FPREM_completed,64,RD,random,7612,EXCEPTION_FLAGS_MISMATCH,00096c497eed1ace,be99f8ce19a39a1b,3c0096c497eed1ace000,3c0096c497eed1ace000,00096c497eed1ace,3002,3002,00003f80,1,0,0,0,0,3c0096c497eed1ace000,3002,3002
FPREM_completed,64,RD,random,7722,INVALID_OR_NONFINITE_INPUT,fff7691bbe190e08,7bcab5fa750c61cf,fffffb48ddf0c8704000,fffffb48ddf0c8704000,ffff691bbe190e08,3001,3001,00003f81,1,0,0,0,0,fffffb48ddf0c8704000,3001,3001
FPREM_completed,64,RD,random,7722,NAN_RESULT,fff7691bbe190e08,7bcab5fa750c61cf,fffffb48ddf0c8704000,fffffb48ddf0c8704000,ffff691bbe190e08,3001,3001,00003f81,1,0,0,0,0,fffffb48ddf0c8704000,3001,3001
FPREM_completed,64,RD,random,9199,EXCEPTION_FLAGS_MISMATCH,800a9a6921f9b5f3,2d747d032040de41,bc00a9a6921f9b5f3000,bc00a9a6921f9b5f3000,800a9a6921f9b5f3,3002,3002,00003f80,1,0,0,0,0,bc00a9a6921f9b5f3000,3002,3002
FPREM_completed,64,RD,random,10913,INVALID_OR_NONFINITE_INPUT,7fff2484a0f13a1d,6a6fdeea239a6e71,7ffff924250789d0e800,7ffff924250789d0e800,7fff2484a0f13a1d,3000,3000,00003f80,1,0,0,0,0,7ffff924250789d0e800,3000,3000
FPREM_completed,64,RD,random,10913,NAN_RESULT,7fff2484a0f13a1d,6a6fdeea239a6e71,7ffff924250789d0e800,7ffff924250789d0e800,7fff2484a0f13a1d,3000,3000,00003f80,1,0,0,0,0,7ffff924250789d0e800,3000,3000
FPREM_completed,64,RD,random,12128,EXCEPTION_FLAGS_MISMATCH,d8e39eeac74a6b81,000b070f8e9013cd,bbffe8da68fe7df5c000,bbffe8da68fe7df5c000,800746d347f3efae,3402,7002,00003f80,25,725,2,2,6,c15e9c4972fc21654000,3002,3402
FPREM_completed,64,RD,random,13177,INVALID_OR_NONFINITE_INPUT,fff87e6b054cc1e1,8d42223d01aabd08,ffffc3f3582a660f0800,ffffc3f3582a660f0800,fff87e6b054cc1e1,3000,3000,00003f80,1,0,0,0,0,ffffc3f3582a660f0800,3000,3000
FPREM_completed,64,RD,random,13177,NAN_RESULT,fff87e6b054cc1e1,8d42223d01aabd08,ffffc3f3582a660f0800,ffffc3f3582a660f0800,fff87e6b054cc1e1,3000,3000,00003f80,1,0,0,0,0,ffffc3f3582a660f0800,3000,3000
FPREM_completed,64,RD,random,13880,INVALID_OR_NONFINITE_INPUT,ffffe5642b6ad5f8,efcf3776f9f393f5,ffffff2b215b56afc000,ffffff2b215b56afc000,ffffe5642b6ad5f8,3000,3000,00003f80,1,0,0,0,0,ffffff2b215b56afc000,3000,3000
FPREM_completed,64,RD,random,13880,NAN_RESULT,ffffe5642b6ad5f8,efcf3776f9f393f5,ffffff2b215b56afc000,ffffff2b215b56afc000,ffffe5642b6ad5f8,3000,3000,00003f80,1,0,0,0,0,ffffff2b215b56afc000,3000,3000
FPREM_completed,64,RD,random,14177,INVALID_OR_NONFINITE_INPUT,1de067fae84e79b5,fffd194d792e3ad1,ffffe8ca6bc971d68800,ffffe8ca6bc971d68800,fffd194d792e3ad1,3000,3000,00003f80,1,0,0,0,0,ffffe8ca6bc971d68800,3000,3000
FPREM_completed,64,RD,random,14177,NAN_RESULT,1de067fae84e79b5,fffd194d792e3ad1,ffffe8ca6bc971d68800,ffffe8ca6bc971d68800,fffd194d792e3ad1,3000,3000,00003f80,1,0,0,0,0,ffffe8ca6bc971d68800,3000,3000
FPREM_completed,64,RD,random,15808,EXCEPTION_FLAGS_MISMATCH,00078afd5ab9f181,f2aa15676d841be6,3bfff15fab573e302000,3bfff15fab573e302000,00078afd5ab9f181,3002,3002,00003f80,1,0,0,0,0,3bfff15fab573e302000,3002,3002
FPREM_completed,64,RD,random,16005,INVALID_OR_NONFINITE_INPUT,fff611d7cae68af6,86e423ac385d97f2,fffff08ebe573457b000,fffff08ebe573457b000,fffe11d7cae68af6,3001,3001,00003f81,1,0,0,0,0,fffff08ebe573457b000,3001,3001
FPREM_completed,64,RD,random,16005,NAN_RESULT,fff611d7cae68af6,86e423ac385d97f2,fffff08ebe573457b000,fffff08ebe573457b000,fffe11d7cae68af6,3001,3001,00003f81,1,0,0,0,0,fffff08ebe573457b000,3001,3001
FPREM_completed,64,RD,random,16109,INVALID_OR_NONFINITE_INPUT,fff760d464c22dfd,f722efe6567e5e26,fffffb06a326116fe800,fffffb06a326116fe800,ffff60d464c22dfd,3001,3001,00003f81,1,0,0,0,0,fffffb06a326116fe800,3001,3001
FPREM_completed,64,RD,random,16109,NAN_RESULT,fff760d464c22dfd,f722efe6567e5e26,fffffb06a326116fe800,fffffb06a326116fe800,ffff60d464c22dfd,3001,3001,00003f81,1,0,0,0,0,fffffb06a326116fe800,3001,3001
FPREM_completed,64,RD,random,17938,EXCEPTION_FLAGS_MISMATCH,000604a2ddf15aaf,4fac635a1fbf943d,3bffc0945bbe2b55e000,3bffc0945bbe2b55e000,000604a2ddf15aaf,3002,3002,00003f80,1,0,0,0,0,3bffc0945bbe2b55e000,3002,3002
FPREM_completed,64,RD,random,18050,EXCEPTION_FLAGS_MISMATCH,80012b5411c1220b,2bc6fed9f7152b74,bbfd95aa08e091058000,bbfd95aa08e091058000,80012b5411c1220b,3002,3002,00003f80,1,0,0,0,0,bbfd95aa08e091058000,3002,3002
FPREM_completed,64,RD,random,18144,INVALID_OR_NONFINITE_INPUT,1a697067a9d4131e,7ff4caf5a31236d0,7fffe657ad1891b68000,7fffe657ad1891b68000,7ffccaf5a31236d0,3001,3001,00003f81,1,0,0,0,0,7fffe657ad1891b68000,3001,3001
FPREM_completed,64,RD,random,18144,NAN_RESULT,1a697067a9d4131e,7ff4caf5a31236d0,7fffe657ad1891b68000,7fffe657ad1891b68000,7ffccaf5a31236d0,3001,3001,00003f81,1,0,0,0,0,7fffe657ad1891b68000,3001,3001
FPREM_completed,64,RD,random,18393,EXCEPTION_FLAGS_MISMATCH,800a078ea997ffbd,9024b261222329c4,bc00a078ea997ffbd000,bc00a078ea997ffbd000,800a078ea997ffbd,3002,3002,00003f80,1,0,0,0,0,bc00a078ea997ffbd000,3002,3002
FPREM_completed,64,RD,random,18494,INVALID_OR_NONFINITE_INPUT,8b3795aeea5a51e9,fff42510e432a4b0,ffffe128872195258000,ffffe128872195258000,fffc2510e432a4b0,3001,3001,00003f81,1,0,0,0,0,ffffe128872195258000,3001,3001
FPREM_completed,64,RD,random,18494,NAN_RESULT,8b3795aeea5a51e9,fff42510e432a4b0,ffffe128872195258000,ffffe128872195258000,fffc2510e432a4b0,3001,3001,00003f81,1,0,0,0,0,ffffe128872195258000,3001,3001
FPREM_completed,64,RD,random,18855,EXCEPTION_FLAGS_MISMATCH,0009c2ad8c5ab954,e9b24df58db0b1de,3c009c2ad8c5ab954000,3c009c2ad8c5ab954000,0009c2ad8c5ab954,3002,3002,00003f80,1,0,0,0,0,3c009c2ad8c5ab954000,3002,3002
FPREM_completed,64,RD,random,19982,INVALID_OR_NONFINITE_INPUT,7ff1ef37dbd61011,ed987e4fb1101e19,7fffcf79bedeb0808800,7fffcf79bedeb0808800,7ff9ef37dbd61011,3001,3001,00003f81,1,0,0,0,0,7fffcf79bedeb0808800,3001,3001
FPREM_completed,64,RD,random,19982,NAN_RESULT,7ff1ef37dbd61011,ed987e4fb1101e19,7fffcf79bedeb0808800,7fffcf79bedeb0808800,7ff9ef37dbd61011,3001,3001,00003f81,1,0,0,0,0,7fffcf79bedeb0808800,3001,3001
FPREM_completed,64,RD,random,19989,INVALID_OR_NONFINITE_INPUT,6a9d1ec93aecc6ab,fffce7ea399b451a,ffffe73f51ccda28d000,ffffe73f51ccda28d000,fffce7ea399b451a,3000,3000,00003f80,1,0,0,0,0,ffffe73f51ccda28d000,3000,3000
FPREM_completed,64,RD,random,19989,NAN_RESULT,6a9d1ec93aecc6ab,fffce7ea399b451a,ffffe73f51ccda28d000,ffffe73f51ccda28d000,fffce7ea399b451a,3000,3000,00003f80,1,0,0,0,0,ffffe73f51ccda28d000,3000,3000
FPREM_completed,64,RD,random,21129,INVALID_OR_NONFINITE_INPUT,1bd16e2aeeb69c1c,fffd80dcf474289d,ffffec06e7a3a144e800,ffffec06e7a3a144e800,fffd80dcf474289d,3000,3000,00003f80,1,0,0,0,0,ffffec06e7a3a144e800,3000,3000
FPREM_completed,64,RD,random,21129,NAN_RESULT,1bd16e2aeeb69c1c,fffd80dcf474289d,ffffec06e7a3a144e800,ffffec06e7a3a144e800,fffd80dcf474289d,3000,3000,00003f80,1,0,0,0,0,ffffec06e7a3a144e800,3000,3000
FPREM_completed,64,RD,random,21308,EXCEPTION_FLAGS_MISMATCH,80054af5ac397823,0921b43449e9917b,bbffa95eb5872f046000,bbffa95eb5872f046000,80054af5ac397823,3002,3002,00003f80,1,0,0,0,0,bbffa95eb5872f046000,3002,3002
FPREM_completed,64,RD,random,21840,INVALID_OR_NONFINITE_INPUT,7ff452155f935d94,1c775d75320a205c,7fffe290aafc9aeca000,7fffe290aafc9aeca000,7ffc52155f935d94,3001,3001,00003f81,1,0,0,0,0,7fffe290aafc9aeca000,3001,3001
FPREM_completed,64,RD,random,21840,NAN_RESULT,7ff452155f935d94,1c775d75320a205c,7fffe290aafc9aeca000,7fffe290aafc9aeca000,7ffc52155f935d94,3001,3001,00003f81,1,0,0,0,0,7fffe290aafc9aeca000,3001,3001
FPREM_completed,64,RD,random,22001,INVALID_OR_NONFINITE_INPUT,f51f71d5f317fef7,fff038e0bc7f2023,ffffc1c705e3f9011800,ffffc1c705e3f9011800,fff838e0bc7f2023,3001,3001,00003f81,1,0,0,0,0,ffffc1c705e3f9011800,3001,3001
FPREM_completed,64,RD,random,22001,NAN_RESULT,f51f71d5f317fef7,fff038e0bc7f2023,ffffc1c705e3f9011800,ffffc1c705e3f9011800,fff838e0bc7f2023,3001,3001,00003f81,1,0,0,0,0,ffffc1c705e3f9011800,3001,3001
FPREM_completed,64,RD,random,24432,EXCEPTION_FLAGS_MISMATCH,0000524bff113f57,816da281ea85a7a5,3bfba497fe227eae0000,3bfba497fe227eae0000,0000524bff113f57,3002,3002,00003f80,1,0,0,0,0,3bfba497fe227eae0000,3002,3002
FPREM_completed,64,RD,random,24987,EXCEPTION_FLAGS_MISMATCH,c18b370699eb4229,000f5f84366f4102,bc00a94dcf2b4195c000,bc00a94dcf2b4195c000,800a94dcf2b4195c,3402,7002,00003f80,23,527,2,2,6,bfe0b75ee678fa8bc000,3002,3402
FPREM_completed,64,RD,random,25096,EXCEPTION_FLAGS_MISMATCH,80090e781b9805f4,29de74e64bc6bc23,bc0090e781b9805f4000,bc0090e781b9805f4000,80090e781b9805f4,3002,3002,00003f80,1,0,0,0,0,bc0090e781b9805f4000,3002,3002
FPREM_completed,64,RD,random,28782,EXCEPTION_FLAGS_MISMATCH,7b0880470be2fa5b,800c70e46c2bd5e3,3bfffb5bd194a6b34000,3bfffb5bd194a6b34000,0007dade8ca5359a,3402,7002,00003f80,36,969,2,2,6,437f921fd8df6fb1c000,3002,3402
FPREM_completed,64,RD,random,29586,EXCEPTION_FLAGS_MISMATCH,000dad250093a9db,2b750a83e2704927,3c00dad250093a9db000,3c00dad250093a9db000,000dad250093a9db,3002,3002,00003f80,1,0,0,0,0,3c00dad250093a9db000,3002,3002
FPREM_completed,64,RD,random,31461,EXCEPTION_FLAGS_MISMATCH,0004db3d8e9a43b0,d79c4aafc37e3e3d,3bff9b67b1d348760000,3bff9b67b1d348760000,0004db3d8e9a43b0,3002,3002,00003f80,1,0,0,0,0,3bff9b67b1d348760000,3002,3002
FPREM_completed,64,RD,edge,341,VALUE_MISMATCH,7ff8000000000011,fff0000000000222,ffffc000000000111000,7fffc000000000008800,7ff8000000000011,3001,3001,00003f81,1,0,0,0,0,ffffc000000000111000,3001,3001
FPREM_completed,64,RU,random,0,ALL,39005d1b59f41037,aa0bb42747841268,3ea0a6fbf900f9cf4000,3ea0a6fbf900f9cf4000,2a04df7f201f39e8,3400,7300,00005f80,5,120,7,7,1,3f5dc0201f66984c0000,3000,3400
FPREM_completed,64,RU,random,0,X87_MULTISTEP,39005d1b59f41037,aa0bb42747841268,3ea0a6fbf900f9cf4000,3ea0a6fbf900f9cf4000,2a04df7f201f39e8,3400,7300,00005f80,5,120,7,7,1,3f5dc0201f66984c0000,3000,3400
FPREM_completed,64,RU,random,0,QUOTIENT_SIGNED_BITS_DIFFER,39005d1b59f41037,aa0bb42747841268,3ea0a6fbf900f9cf4000,3ea0a6fbf900f9cf4000,2a04df7f201f39e8,3400,7300,00005f80,5,120,7,7,1,3f5dc0201f66984c0000,3000,3400
FPREM_completed,64,RU,random,0,SINGLE_INSTRUCTION_VALUE_MISMATCH,39005d1b59f41037,aa0bb42747841268,3ea0a6fbf900f9cf4000,3ea0a6fbf900f9cf4000,2a04df7f201f39e8,3400,7300,00005f80,5,120,7,7,1,3f5dc0201f66984c0000,3000,3400
FPREM_completed,64,RU,random,0,SINGLE_INSTRUCTION_C2_PARTIAL,39005d1b59f41037,aa0bb42747841268,3ea0a6fbf900f9cf4000,3ea0a6fbf900f9cf4000,2a04df7f201f39e8,3400,7300,00005f80,5,120,7,7,1,3f5dc0201f66984c0000,3000,3400
FPREM_completed,64,RU,random,1,ALL,a79dae131b3431aa,c97db72336427b70,be79ed7098d9a18d5000,be79ed7098d9a18d5000,a79dae131b3431aa,3000,3000,00005f80,1,0,0,0,0,be79ed7098d9a18d5000,3000,3000
FPREM_completed,64,RU,random,1,SINGLE_COMPLETE_FINITE_CASE,a79dae131b3431aa,c97db72336427b70,be79ed7098d9a18d5000,be79ed7098d9a18d5000,a79dae131b3431aa,3000,3000,00005f80,1,0,0,0,0,be79ed7098d9a18d5000,3000,3000
FPREM_completed,64,RU,random,2,ALL,38b1b1cf247332e7,2c69a8de7d10e6c2,3ec4ebb15b13f19a0000,3ec4ebb15b13f19a0000,2c4d762b627e3340,3400,3000,00005f80,4,90,0,0,0,3f65e65f0fd8474c8000,3000,3400
FPREM_completed,64,RU,random,2,X87_MULTISTEP,38b1b1cf247332e7,2c69a8de7d10e6c2,3ec4ebb15b13f19a0000,3ec4ebb15b13f19a0000,2c4d762b627e3340,3400,3000,00005f80,4,90,0,0,0,3f65e65f0fd8474c8000,3000,3400
FPREM_completed,64,RU,random,2,SINGLE_INSTRUCTION_VALUE_MISMATCH,38b1b1cf247332e7,2c69a8de7d10e6c2,3ec4ebb15b13f19a0000,3ec4ebb15b13f19a0000,2c4d762b627e3340,3400,3000,00005f80,4,90,0,0,0,3f65e65f0fd8474c8000,3000,3400
FPREM_completed,64,RU,random,2,SINGLE_INSTRUCTION_C2_PARTIAL,38b1b1cf247332e7,2c69a8de7d10e6c2,3ec4ebb15b13f19a0000,3ec4ebb15b13f19a0000,2c4d762b627e3340,3400,3000,00005f80,4,90,0,0,0,3f65e65f0fd8474c8000,3000,3400
FPREM_completed,64,RU,random,3,ALL,0159a802c6b0e40b,fde8f2dd6b4079e3,3c15cd40163587205800,3c15cd40163587205800,0159a802c6b0e40b,3000,3000,00005f80,1,0,0,0,0,3c15cd40163587205800,3000,3000
FPREM_completed,64,RU,random,3,SINGLE_COMPLETE_FINITE_CASE,0159a802c6b0e40b,fde8f2dd6b4079e3,3c15cd40163587205800,3c15cd40163587205800,0159a802c6b0e40b,3000,3000,00005f80,1,0,0,0,0,3c15cd40163587205800,3000,3000
FPREM_completed,64,RU,random,4,ALL,6eafb6c51d88b719,b33bcb6f9ffd8324,3f33dab784e9e91de000,3f33dab784e9e91de000,333b56f09d3d23bc,3400,3200,00005f80,17,446,1,1,7,42b2c8875468a91ec000,3000,3400
FPREM_completed,64,RU,random,4,X87_MULTISTEP,6eafb6c51d88b719,b33bcb6f9ffd8324,3f33dab784e9e91de000,3f33dab784e9e91de000,333b56f09d3d23bc,3400,3200,00005f80,17,446,1,1,7,42b2c8875468a91ec000,3000,3400
FPREM_completed,64,RU,random,4,QUOTIENT_SIGNED_BITS_DIFFER,6eafb6c51d88b719,b33bcb6f9ffd8324,3f33dab784e9e91de000,3f33dab784e9e91de000,333b56f09d3d23bc,3400,3200,00005f80,17,446,1,1,7,42b2c8875468a91ec000,3000,3400
FPREM_completed,64,RU,random,4,SINGLE_INSTRUCTION_VALUE_MISMATCH,6eafb6c51d88b719,b33bcb6f9ffd8324,3f33dab784e9e91de000,3f33dab784e9e91de000,333b56f09d3d23bc,3400,3200,00005f80,17,446,1,1,7,42b2c8875468a91ec000,3000,3400
FPREM_completed,64,RU,random,4,SINGLE_INSTRUCTION_C2_PARTIAL,6eafb6c51d88b719,b33bcb6f9ffd8324,3f33dab784e9e91de000,3f33dab784e9e91de000,333b56f09d3d23bc,3400,3200,00005f80,17,446,1,1,7,42b2c8875468a91ec000,3000,3400
FPREM_completed,64,RU,random,5,ALL,039d85f35503e50f,6bf5f004e65a440b,3c39ec2f9aa81f287800,3c39ec2f9aa81f287800,039d85f35503e50f,3000,3000,00005f80,1,0,0,0,0,3c39ec2f9aa81f287800,3000,3000
FPREM_completed,64,RU,random,5,SINGLE_COMPLETE_FINITE_CASE,039d85f35503e50f,6bf5f004e65a440b,3c39ec2f9aa81f287800,3c39ec2f9aa81f287800,039d85f35503e50f,3000,3000,00005f80,1,0,0,0,0,3c39ec2f9aa81f287800,3000,3000
FPREM_completed,64,RU,random,6,ALL,3f622dade3a7b6be,bac9d0d4304c687b,3fabd6f9f6607547c000,3fabd6f9f6607547c000,3abadf3ecc0ea8f8,3400,3100,00005f80,2,35,4,4,4,3fc68cbaee446fa20000,3000,3400
FPREM_completed,64,RU,random,6,X87_MULTISTEP,3f622dade3a7b6be,bac9d0d4304c687b,3fabd6f9f6607547c000,3fabd6f9f6607547c000,3abadf3ecc0ea8f8,3400,3100,00005f80,2,35,4,4,4,3fc68cbaee446fa20000,3000,3400
FPREM_completed,64,RU,random,6,SINGLE_INSTRUCTION_VALUE_MISMATCH,3f622dade3a7b6be,bac9d0d4304c687b,3fabd6f9f6607547c000,3fabd6f9f6607547c000,3abadf3ecc0ea8f8,3400,3100,00005f80,2,35,4,4,4,3fc68cbaee446fa20000,3000,3400
FPREM_completed,64,RU,random,6,SINGLE_INSTRUCTION_C2_PARTIAL,3f622dade3a7b6be,bac9d0d4304c687b,3fabd6f9f6607547c000,3fabd6f9f6607547c000,3abadf3ecc0ea8f8,3400,3100,00005f80,2,35,4,4,4,3fc68cbaee446fa20000,3000,3400
FPREM_completed,64,RU,random,7,ALL,1be3526f041fd13f,8f013dda7d97cc0b,3cec83c7ce222eb88000,3cec83c7ce222eb88000,0ec078f9c445d710,3400,3300,00005f80,4,83,5,5,3,3d8f99911c0774abc000,3000,3400
FPREM_completed,64,RU,random,7,X87_MULTISTEP,1be3526f041fd13f,8f013dda7d97cc0b,3cec83c7ce222eb88000,3cec83c7ce222eb88000,0ec078f9c445d710,3400,3300,00005f80,4,83,5,5,3,3d8f99911c0774abc000,3000,3400
FPREM_completed,64,RU,random,7,QUOTIENT_SIGNED_BITS_DIFFER,1be3526f041fd13f,8f013dda7d97cc0b,3cec83c7ce222eb88000,3cec83c7ce222eb88000,0ec078f9c445d710,3400,3300,00005f80,4,83,5,5,3,3d8f99911c0774abc000,3000,3400
FPREM_completed,64,RU,random,7,SINGLE_INSTRUCTION_VALUE_MISMATCH,1be3526f041fd13f,8f013dda7d97cc0b,3cec83c7ce222eb88000,3cec83c7ce222eb88000,0ec078f9c445d710,3400,3300,00005f80,4,83,5,5,3,3d8f99911c0774abc000,3000,3400
FPREM_completed,64,RU,random,7,SINGLE_INSTRUCTION_C2_PARTIAL,1be3526f041fd13f,8f013dda7d97cc0b,3cec83c7ce222eb88000,3cec83c7ce222eb88000,0ec078f9c445d710,3400,3300,00005f80,4,83,5,5,3,3d8f99911c0774abc000,3000,3400
FPREM_completed,64,RU,random,8,ALL,c44d0a1ea70b20ff,0eeac7548da1932d,bceec474924529945800,bceec474924529945800,8ee88e9248a5328b,3400,3200,00005f80,16,424,1,1,7,c008b16b8d55709c0000,3000,3400
FPREM_completed,64,RU,random,8,X87_MULTISTEP,c44d0a1ea70b20ff,0eeac7548da1932d,bceec474924529945800,bceec474924529945800,8ee88e9248a5328b,3400,3200,00005f80,16,424,1,1,7,c008b16b8d55709c0000,3000,3400
FPREM_completed,64,RU,random,8,QUOTIENT_SIGNED_BITS_DIFFER,c44d0a1ea70b20ff,0eeac7548da1932d,bceec474924529945800,bceec474924529945800,8ee88e9248a5328b,3400,3200,00005f80,16,424,1,1,7,c008b16b8d55709c0000,3000,3400
FPREM_completed,64,RU,random,8,SINGLE_INSTRUCTION_VALUE_MISMATCH,c44d0a1ea70b20ff,0eeac7548da1932d,bceec474924529945800,bceec474924529945800,8ee88e9248a5328b,3400,3200,00005f80,16,424,1,1,7,c008b16b8d55709c0000,3000,3400
FPREM_completed,64,RU,random,8,SINGLE_INSTRUCTION_C2_PARTIAL,c44d0a1ea70b20ff,0eeac7548da1932d,bceec474924529945800,bceec474924529945800,8ee88e9248a5328b,3400,3200,00005f80,16,424,1,1,7,c008b16b8d55709c0000,3000,3400
FPREM_completed,64,RU,random,9,ALL,14c615a007ecca11,e2509355b1112f51,3d4cb0ad003f66508800,3d4cb0ad003f66508800,14c615a007ecca11,3000,3000,00005f80,1,0,0,0,0,3d4cb0ad003f66508800,3000,3000
FPREM_completed,64,RU,random,9,SINGLE_COMPLETE_FINITE_CASE,14c615a007ecca11,e2509355b1112f51,3d4cb0ad003f66508800,3d4cb0ad003f66508800,14c615a007ecca11,3000,3000,00005f80,1,0,0,0,0,3d4cb0ad003f66508800,3000,3000
FPREM_completed,64,RU,random,10,ALL,e17a9da691069bad,bf7616c50e54a52d,bff6b2396f9289d0f000,bff6b2396f9289d0f000,bf66472df2513a1e,3400,3300,00005f80,10,266,5,5,5,c1f3b2a68b0280980000,3000,3400
FPREM_completed,64,RU,random,10,X87_MULTISTEP,e17a9da691069bad,bf7616c50e54a52d,bff6b2396f9289d0f000,bff6b2396f9289d0f000,bf66472df2513a1e,3400,3300,00005f80,10,266,5,5,5,c1f3b2a68b0280980000,3000,3400
FPREM_completed,64,RU,random,10,SINGLE_INSTRUCTION_VALUE_MISMATCH,e17a9da691069bad,bf7616c50e54a52d,bff6b2396f9289d0f000,bff6b2396f9289d0f000,bf66472df2513a1e,3400,3300,00005f80,10,266,5,5,5,c1f3b2a68b0280980000,3000,3400
FPREM_completed,64,RU,random,10,SINGLE_INSTRUCTION_C2_PARTIAL,e17a9da691069bad,bf7616c50e54a52d,bff6b2396f9289d0f000,bff6b2396f9289d0f000,bf66472df2513a1e,3400,3300,00005f80,10,266,5,5,5,c1f3b2a68b0280980000,3000,3400
FPREM_completed,64,RU,random,11,ALL,4a4e1234b1a55a7f,29841a150e25814e,3e95abc4469a67fc0000,3e95abc4469a67fc0000,29557888d34cff80,3400,3000,00005f80,9,289,0,0,0,4075d17ea87146938000,3000,3400
FPREM_completed,64,RU,random,11,X87_MULTISTEP,4a4e1234b1a55a7f,29841a150e25814e,3e95abc4469a67fc0000,3e95abc4469a67fc0000,29557888d34cff80,3400,3000,00005f80,9,289,0,0,0,4075d17ea87146938000,3000,3400
FPREM_completed,64,RU,random,11,SINGLE_INSTRUCTION_VALUE_MISMATCH,4a4e1234b1a55a7f,29841a150e25814e,3e95abc4469a67fc0000,3e95abc4469a67fc0000,29557888d34cff80,3400,3000,00005f80,9,289,0,0,0,4075d17ea87146938000,3000,3400
FPREM_completed,64,RU,random,11,SINGLE_INSTRUCTION_C2_PARTIAL,4a4e1234b1a55a7f,29841a150e25814e,3e95abc4469a67fc0000,3e95abc4469a67fc0000,29557888d34cff80,3400,3000,00005f80,9,289,0,0,0,4075d17ea87146938000,3000,3400
FPREM_completed,64,RU,random,12,ALL,6594f41e49bee1a0,3bf5817dfb70df6d,3fbeee382bb4dd19f000,3fbeee382bb4dd19f000,3bedc705769ba33e,3400,3300,00005f80,12,321,5,5,5,421e9b54c40c8e563000,3000,3400
FPREM_completed,64,RU,random,12,X87_MULTISTEP,6594f41e49bee1a0,3bf5817dfb70df6d,3fbeee382bb4dd19f000,3fbeee382bb4dd19f000,3bedc705769ba33e,3400,3300,00005f80,12,321,5,5,5,421e9b54c40c8e563000,3000,3400
FPREM_completed,64,RU,random,12,SINGLE_INSTRUCTION_VALUE_MISMATCH,6594f41e49bee1a0,3bf5817dfb70df6d,3fbeee382bb4dd19f000,3fbeee382bb4dd19f000,3bedc705769ba33e,3400,3300,00005f80,12,321,5,5,5,421e9b54c40c8e563000,3000,3400
FPREM_completed,64,RU,random,12,SINGLE_INSTRUCTION_C2_PARTIAL,6594f41e49bee1a0,3bf5817dfb70df6d,3fbeee382bb4dd19f000,3fbeee382bb4dd19f000,3bedc705769ba33e,3400,3300,00005f80,12,321,5,5,5,421e9b54c40c8e563000,3000,3400
FPREM_completed,64,RU,random,13,ALL,c1132a8b237f2b9d,594d73404f44c27e,c0119954591bf95ce800,c0119954591bf95ce800,c1132a8b237f2b9d,3000,3000,00005f80,1,0,0,0,0,c0119954591bf95ce800,3000,3000
FPREM_completed,64,RU,random,13,SINGLE_COMPLETE_FINITE_CASE,c1132a8b237f2b9d,594d73404f44c27e,c0119954591bf95ce800,c0119954591bf95ce800,c1132a8b237f2b9d,3000,3000,00005f80,1,0,0,0,0,c0119954591bf95ce800,3000,3000
FPREM_completed,64,RU,random,14,ALL,b7683dfbd1805aff,bf598884c49fca9b,bf76c1efde8c02d7f800,bf76c1efde8c02d7f800,b7683dfbd1805aff,3000,3000,00005f80,1,0,0,0,0,bf76c1efde8c02d7f800,3000,3000
FPREM_completed,64,RU,random,14,SINGLE_COMPLETE_FINITE_CASE,b7683dfbd1805aff,bf598884c49fca9b,bf76c1efde8c02d7f800,bf76c1efde8c02d7f800,b7683dfbd1805aff,3000,3000,00005f80,1,0,0,0,0,bf76c1efde8c02d7f800,3000,3000
FPREM_completed,64,RU,random,15,ALL,6f490969190f62c4,ae1215eb462405c7,3ee1818d7f0b5adcc800,3ee1818d7f0b5adcc800,2e1031afe16b5b99,3400,3200,00005f80,17,494,1,1,7,42bddc90617d46440000,3000,3400
FPREM_completed,64,RU,random,15,X87_MULTISTEP,6f490969190f62c4,ae1215eb462405c7,3ee1818d7f0b5adcc800,3ee1818d7f0b5adcc800,2e1031afe16b5b99,3400,3200,00005f80,17,494,1,1,7,42bddc90617d46440000,3000,3400
FPREM_completed,64,RU,random,15,QUOTIENT_SIGNED_BITS_DIFFER,6f490969190f62c4,ae1215eb462405c7,3ee1818d7f0b5adcc800,3ee1818d7f0b5adcc800,2e1031afe16b5b99,3400,3200,00005f80,17,494,1,1,7,42bddc90617d46440000,3000,3400
FPREM_completed,64,RU,random,15,SINGLE_INSTRUCTION_VALUE_MISMATCH,6f490969190f62c4,ae1215eb462405c7,3ee1818d7f0b5adcc800,3ee1818d7f0b5adcc800,2e1031afe16b5b99,3400,3200,00005f80,17,494,1,1,7,42bddc90617d46440000,3000,3400
FPREM_completed,64,RU,random,15,SINGLE_INSTRUCTION_C2_PARTIAL,6f490969190f62c4,ae1215eb462405c7,3ee1818d7f0b5adcc800,3ee1818d7f0b5adcc800,2e1031afe16b5b99,3400,3200,00005f80,17,494,1,1,7,42bddc90617d46440000,3000,3400
FPREM_completed,64,RU,random,16,ALL,8da36025d28a21d8,33ed6497a86d8353,bcda9b012e94510ec000,bcda9b012e94510ec000,8da36025d28a21d8,3000,3000,00005f80,1,0,0,0,0,bcda9b012e94510ec000,3000,3000
FPREM_completed,64,RU,random,16,SINGLE_COMPLETE_FINITE_CASE,8da36025d28a21d8,33ed6497a86d8353,bcda9b012e94510ec000,bcda9b012e94510ec000,8da36025d28a21d8,3000,3000,00005f80,1,0,0,0,0,bcda9b012e94510ec000,3000,3000
FPREM_completed,64,RU,random,17,ALL,b77e8b7c1bae6945,ce13f0f8f189085d,bf77f45be0dd734a2800,bf77f45be0dd734a2800,b77e8b7c1bae6945,3000,3000,00005f80,1,0,0,0,0,bf77f45be0dd734a2800,3000,3000
FPREM_completed,64,RU,random,17,SINGLE_COMPLETE_FINITE_CASE,b77e8b7c1bae6945,ce13f0f8f189085d,bf77f45be0dd734a2800,bf77f45be0dd734a2800,b77e8b7c1bae6945,3000,3000,00005f80,1,0,0,0,0,bf77f45be0dd734a2800,3000,3000
FPREM_completed,64,RU,random,18,ALL,1e56657267a4546d,63b83902f22bfcd7,3de5b32b933d22a36800,3de5b32b933d22a36800,1e56657267a4546d,3000,3000,00005f80,1,0,0,0,0,3de5b32b933d22a36800,3000,3000
FPREM_completed,64,RU,random,18,SINGLE_COMPLETE_FINITE_CASE,1e56657267a4546d,63b83902f22bfcd7,3de5b32b933d22a36800,3de5b32b933d22a36800,1e56657267a4546d,3000,3000,00005f80,1,0,0,0,0,3de5b32b933d22a36800,3000,3000
FPREM_completed,64,RU,random,19,ALL,520a608fd94c71bc,1a0745443aa528a2,3da09d581f06e8e3b000,3da09d581f06e8e3b000,1a03ab03e0dd1c76,3400,3300,00005f80,18,451,5,5,5,4100afcb0604c208c000,3000,3400
FPREM_completed,64,RU,random,19,X87_MULTISTEP,520a608fd94c71bc,1a0745443aa528a2,3da09d581f06e8e3b000,3da09d581f06e8e3b000,1a03ab03e0dd1c76,3400,3300,00005f80,18,451,5,5,5,4100afcb0604c208c000,3000,3400
FPREM_completed,64,RU,random,19,SINGLE_INSTRUCTION_VALUE_MISMATCH,520a608fd94c71bc,1a0745443aa528a2,3da09d581f06e8e3b000,3da09d581f06e8e3b000,1a03ab03e0dd1c76,3400,3300,00005f80,18,451,5,5,5,4100afcb0604c208c000,3000,3400
FPREM_completed,64,RU,random,19,SINGLE_INSTRUCTION_C2_PARTIAL,520a608fd94c71bc,1a0745443aa528a2,3da09d581f06e8e3b000,3da09d581f06e8e3b000,1a03ab03e0dd1c76,3400,3300,00005f80,18,451,5,5,5,4100afcb0604c208c000,3000,3400
FPREM_completed,64,RU,random,20,X87_MULTISTEP,e11dd77714b3258b,2594be96d5414b93,be58a3ced03246e70000,be58a3ced03246e70000,a58479da0648dce0,3400,3000,00005f80,16,468,0,0,0,c1d689da8af23e7a8000,3000,3400
FPREM_completed,64,RU,random,20,SINGLE_INSTRUCTION_VALUE_MISMATCH,e11dd77714b3258b,2594be96d5414b93,be58a3ced03246e70000,be58a3ced03246e70000,a58479da0648dce0,3400,3000,00005f80,16,468,0,0,0,c1d689da8af23e7a8000,3000,3400
FPREM_completed,64,RU,random,20,SINGLE_INSTRUCTION_C2_PARTIAL,e11dd77714b3258b,2594be96d5414b93,be58a3ced03246e70000,be58a3ced03246e70000,a58479da0648dce0,3400,3000,00005f80,16,468,0,0,0,c1d689da8af23e7a8000,3000,3400
FPREM_completed,64,RU,random,21,SINGLE_COMPLETE_FINITE_CASE,b452c0bf0200d818,6b0151688251e8ff,bf459605f81006c0c000,bf459605f81006c0c000,b452c0bf0200d818,3000,3000,00005f80,1,0,0,0,0,bf459605f81006c0c000,3000,3000
FPREM_completed,64,RU,random,22,QUOTIENT_SIGNED_BITS_DIFFER,a04b39e9068ce4c8,1eb552ddc4042814,bdeba22526717ed96000,bdeba22526717ed96000,9eb444a4ce2fdb2c,3000,3200,00005f80,1,14,1,1,7,bdeba22526717ed96000,3000,3200
FPREM_completed,64,RU,random,22,SINGLE_COMPLETE_FINITE_CASE,a04b39e9068ce4c8,1eb552ddc4042814,bdeba22526717ed96000,bdeba22526717ed96000,9eb444a4ce2fdb2c,3000,3200,00005f80,1,14,1,1,7,bdeba22526717ed96000,3000,3200
FPREM_completed,64,RU,random,23,SINGLE_COMPLETE_FINITE_CASE,af4da42f6014ff40,b29387e0e24fc445,bef4ed217b00a7fa0000,bef4ed217b00a7fa0000,af4da42f6014ff40,3000,3000,00005f80,1,0,0,0,0,bef4ed217b00a7fa0000,3000,3000
FPREM_completed,64,RU,random,24,X87_MULTISTEP,d4114ba021dfe810,3c9d3fbdef8f3ad4,bfc899b8aef443cc0000,bfc899b8aef443cc0000,bc833715de887980,3400,3000,00005f80,7,185,0,0,0,c105ea7fac552c3a0000,3000,3400
FPREM_completed,64,RU,random,24,SINGLE_INSTRUCTION_VALUE_MISMATCH,d4114ba021dfe810,3c9d3fbdef8f3ad4,bfc899b8aef443cc0000,bfc899b8aef443cc0000,bc833715de887980,3400,3000,00005f80,7,185,0,0,0,c105ea7fac552c3a0000,3000,3400
FPREM_completed,64,RU,random,24,SINGLE_INSTRUCTION_C2_PARTIAL,d4114ba021dfe810,3c9d3fbdef8f3ad4,bfc899b8aef443cc0000,bfc899b8aef443cc0000,bc833715de887980,3400,3000,00005f80,7,185,0,0,0,c105ea7fac552c3a0000,3000,3400
FPREM_completed,64,RU,random,25,SINGLE_COMPLETE_FINITE_CASE,69ef6e510d168232,717a855f449728e5,429efb728868b4119000,429efb728868b4119000,69ef6e510d168232,3000,3000,00005f80,1,0,0,0,0,429efb728868b4119000,3000,3000
FPREM_completed,64,RU,random,26,SINGLE_COMPLETE_FINITE_CASE,d6883f0417967388,e66311ff39fee26c,c168c1f820bcb39c4000,c168c1f820bcb39c4000,d6883f0417967388,3000,3000,00005f80,1,0,0,0,0,c168c1f820bcb39c4000,3000,3000
FPREM_completed,64,RU,random,27,SINGLE_COMPLETE_FINITE_CASE,4fa14b561f8c01bf,f471624ef4a20fbf,40fa8a5ab0fc600df800,40fa8a5ab0fc600df800,4fa14b561f8c01bf,3000,3000,00005f80,1,0,0,0,0,40fa8a5ab0fc600df800,3000,3000
FPREM_completed,64,RU,random,28,SINGLE_COMPLETE_FINITE_CASE,9d1803c5770d693a,239d03d2d46d3116,bdd1c01e2bb86b49d000,bdd1c01e2bb86b49d000,9d1803c5770d693a,3000,3000,00005f80,1,0,0,0,0,bdd1c01e2bb86b49d000,3000,3000
FPREM_completed,64,RU,random,29,X87_MULTISTEP,7f2c60a814b272c4,e633a951c7718da0,4262993de6ed86800000,4262993de6ed86800000,662327bcddb0d000,3400,3000,00005f80,7,214,0,0,0,43c0ea05ff1215200000,3000,3400
FPREM_completed,64,RU,random,29,SINGLE_INSTRUCTION_VALUE_MISMATCH,7f2c60a814b272c4,e633a951c7718da0,4262993de6ed86800000,4262993de6ed86800000,662327bcddb0d000,3400,3000,00005f80,7,214,0,0,0,43c0ea05ff1215200000,3000,3400
FPREM_completed,64,RU,random,29,SINGLE_INSTRUCTION_C2_PARTIAL,7f2c60a814b272c4,e633a951c7718da0,4262993de6ed86800000,4262993de6ed86800000,662327bcddb0d000,3400,3000,00005f80,7,214,0,0,0,43c0ea05ff1215200000,3000,3400
FPREM_completed,64,RU,random,30,SINGLE_COMPLETE_FINITE_CASE,9148b248811c9805,42fcc655290ba003,bd14c5924408e4c02800,bd14c5924408e4c02800,9148b248811c9805,3000,3000,00005f80,1,0,0,0,0,bd14c5924408e4c02800,3000,3000
FPREM_completed,64,RU,random,31,SINGLE_COMPLETE_FINITE_CASE,91825b4d252f035d,ac6a40183abe4a22,bd1892da6929781ae800,bd1892da6929781ae800,91825b4d252f035d,3000,3000,00005f80,1,0,0,0,0,bd1892da6929781ae800,3000,3000
FPREM_completed,64,RU,random,32,SINGLE_COMPLETE_FINITE_CASE,97787847f9bd2af4,fa15567f6a6f1ee1,bd77c3c23fcde957a000,bd77c3c23fcde957a000,97787847f9bd2af4,3000,3000,00005f80,1,0,0,0,0,bd77c3c23fcde957a000,3000,3000
FPREM_completed,64,RU,random,33,X87_MULTISTEP,df47de5513ea6822,1bdd3f3c49777f1a,bdbc9dd84fac431e2000,bdbc9dd84fac431e2000,9bc3bb09f58863c4,3400,7200,00005f80,23,529,3,3,5,c1b89cf920695de20000,3000,3400
FPREM_completed,64,RU,random,33,QUOTIENT_SIGNED_BITS_DIFFER,df47de5513ea6822,1bdd3f3c49777f1a,bdbc9dd84fac431e2000,bdbc9dd84fac431e2000,9bc3bb09f58863c4,3400,7200,00005f80,23,529,3,3,5,c1b89cf920695de20000,3000,3400
FPREM_completed,64,RU,random,33,MORE_THAN_512_SUBTRACTIONS,df47de5513ea6822,1bdd3f3c49777f1a,bdbc9dd84fac431e2000,bdbc9dd84fac431e2000,9bc3bb09f58863c4,3400,7200,00005f80,23,529,3,3,5,c1b89cf920695de20000,3000,3400
FPREM_completed,64,RU,random,33,SINGLE_INSTRUCTION_VALUE_MISMATCH,df47de5513ea6822,1bdd3f3c49777f1a,bdbc9dd84fac431e2000,bdbc9dd84fac431e2000,9bc3bb09f58863c4,3400,7200,00005f80,23,529,3,3,5,c1b89cf920695de20000,3000,3400
FPREM_completed,64,RU,random,33,SINGLE_INSTRUCTION_C2_PARTIAL,df47de5513ea6822,1bdd3f3c49777f1a,bdbc9dd84fac431e2000,bdbc9dd84fac431e2000,9bc3bb09f58863c4,3400,7200,00005f80,23,529,3,3,5,c1b89cf920695de20000,3000,3400
FPREM_completed,64,RU,random,34,X87_MULTISTEP,5ada68c2e5cabb64,978f4e73e3766ff9,3d788fe5fe85dc72f000,3d788fe5fe85dc72f000,1781fcbfd0bb8e5e,3400,7000,00005f80,22,557,2,2,6,41789a93cdfc23e8f800,3000,3400
FPREM_completed,64,RU,random,34,QUOTIENT_SIGNED_BITS_DIFFER,5ada68c2e5cabb64,978f4e73e3766ff9,3d788fe5fe85dc72f000,3d788fe5fe85dc72f000,1781fcbfd0bb8e5e,3400,7000,00005f80,22,557,2,2,6,41789a93cdfc23e8f800,3000,3400
FPREM_completed,64,RU,random,34,MORE_THAN_512_SUBTRACTIONS,5ada68c2e5cabb64,978f4e73e3766ff9,3d788fe5fe85dc72f000,3d788fe5fe85dc72f000,1781fcbfd0bb8e5e,3400,7000,00005f80,22,557,2,2,6,41789a93cdfc23e8f800,3000,3400
FPREM_completed,64,RU,random,34,SINGLE_INSTRUCTION_VALUE_MISMATCH,5ada68c2e5cabb64,978f4e73e3766ff9,3d788fe5fe85dc72f000,3d788fe5fe85dc72f000,1781fcbfd0bb8e5e,3400,7000,00005f80,22,557,2,2,6,41789a93cdfc23e8f800,3000,3400
FPREM_completed,64,RU,random,34,SINGLE_INSTRUCTION_C2_PARTIAL,5ada68c2e5cabb64,978f4e73e3766ff9,3d788fe5fe85dc72f000,3d788fe5fe85dc72f000,1781fcbfd0bb8e5e,3400,7000,00005f80,22,557,2,2,6,41789a93cdfc23e8f800,3000,3400
FPREM_completed,64,RU,random,35,X87_MULTISTEP,a76c958fcc12d08c,989a991372a47146,bd898c77de0d75dc2000,bd898c77de0d75dc2000,98918efbc1aebb84,3400,7000,00005f80,5,121,2,2,2,be49c7bd9c283ee2f000,3000,3400
FPREM_completed,64,RU,random,35,SINGLE_INSTRUCTION_VALUE_MISMATCH,a76c958fcc12d08c,989a991372a47146,bd898c77de0d75dc2000,bd898c77de0d75dc2000,98918efbc1aebb84,3400,7000,00005f80,5,121,2,2,2,be49c7bd9c283ee2f000,3000,3400
FPREM_completed,64,RU,random,35,SINGLE_INSTRUCTION_C2_PARTIAL,a76c958fcc12d08c,989a991372a47146,bd898c77de0d75dc2000,bd898c77de0d75dc2000,98918efbc1aebb84,3400,7000,00005f80,5,121,2,2,2,be49c7bd9c283ee2f000,3000,3400
FPREM_completed,64,RU,random,36,X87_MULTISTEP,73538c0c3447ef9c,69bbc16644e39d84,429696ae4e14f3000000,429696ae4e14f3000000,6962d5c9c29e6000,3400,3000,00005f80,3,83,0,0,0,42fb8ba018ce380f4000,3000,3400
FPREM_completed,64,RU,random,36,SINGLE_INSTRUCTION_VALUE_MISMATCH,73538c0c3447ef9c,69bbc16644e39d84,429696ae4e14f3000000,429696ae4e14f3000000,6962d5c9c29e6000,3400,3000,00005f80,3,83,0,0,0,42fb8ba018ce380f4000,3000,3400
FPREM_completed,64,RU,random,36,SINGLE_INSTRUCTION_C2_PARTIAL,73538c0c3447ef9c,69bbc16644e39d84,429696ae4e14f3000000,429696ae4e14f3000000,6962d5c9c29e6000,3400,3000,00005f80,3,83,0,0,0,42fb8ba018ce380f4000,3000,3400
FPREM_completed,64,RU,random,37,SINGLE_COMPLETE_FINITE_CASE,2fa7c32afc6000ba,6f78d4e5ac78ca42,3efabe1957e30005d000,3efabe1957e30005d000,2fa7c32afc6000ba,3000,3000,00005f80,1,0,0,0,0,3efabe1957e30005d000,3000,3000
FPREM_completed,64,RU,random,38,X87_MULTISTEP,3d43afc97578251a,a04640200977c35b,3e02e186dfd02dd44000,3e02e186dfd02dd44000,202c30dbfa05ba88,3400,7000,00005f80,8,209,2,2,6,3fa1b62ad18302834000,3000,3400
FPREM_completed,64,RU,random,38,QUOTIENT_SIGNED_BITS_DIFFER,3d43afc97578251a,a04640200977c35b,3e02e186dfd02dd44000,3e02e186dfd02dd44000,202c30dbfa05ba88,3400,7000,00005f80,8,209,2,2,6,3fa1b62ad18302834000,3000,3400
FPREM_completed,64,RU,random,38,SINGLE_INSTRUCTION_VALUE_MISMATCH,3d43afc97578251a,a04640200977c35b,3e02e186dfd02dd44000,3e02e186dfd02dd44000,202c30dbfa05ba88,3400,7000,00005f80,8,209,2,2,6,3fa1b62ad18302834000,3000,3400
FPREM_completed,64,RU,random,38,SINGLE_INSTRUCTION_C2_PARTIAL,3d43afc97578251a,a04640200977c35b,3e02e186dfd02dd44000,3e02e186dfd02dd44000,202c30dbfa05ba88,3400,7000,00005f80,8,209,2,2,6,3fa1b62ad18302834000,3000,3400
FPREM_completed,64,RU,random,39,X87_MULTISTEP,de5e7ac0be62872d,966524ac718d39c5,bd64f4a6c0bb5953c000,bd64f4a6c0bb5953c000,964e94d8176b2a78,3400,7000,00005f80,21,530,2,2,2,c1a5cb9ac6b91d17c000,3000,3400
FPREM_completed,64,RU,random,39,MORE_THAN_512_SUBTRACTIONS,de5e7ac0be62872d,966524ac718d39c5,bd64f4a6c0bb5953c000,bd64f4a6c0bb5953c000,964e94d8176b2a78,3400,7000,00005f80,21,530,2,2,2,c1a5cb9ac6b91d17c000,3000,3400
FPREM_completed,64,RU,random,39,SINGLE_INSTRUCTION_VALUE_MISMATCH,de5e7ac0be62872d,966524ac718d39c5,bd64f4a6c0bb5953c000,bd64f4a6c0bb5953c000,964e94d8176b2a78,3400,7000,00005f80,21,530,2,2,2,c1a5cb9ac6b91d17c000,3000,3400
FPREM_completed,64,RU,random,39,SINGLE_INSTRUCTION_C2_PARTIAL,de5e7ac0be62872d,966524ac718d39c5,bd64f4a6c0bb5953c000,bd64f4a6c0bb5953c000,964e94d8176b2a78,3400,7000,00005f80,21,530,2,2,2,c1a5cb9ac6b91d17c000,3000,3400
FPREM_completed,64,RU,random,40,QUOTIENT_SIGNED_BITS_DIFFER,eda549eb3ce9804c,38af62f6b3141d76,bf889a7d3835a621c000,bf889a7d3835a621c000,b8834fa706b4c438,3400,7200,00005f80,18,433,3,3,5,c2aac0b071cba34d2000,3000,3400
FPREM_completed,64,RU,random,42,QUOTIENT_SIGNED_BITS_DIFFER,7347a7d32d010189,bbdc7d30e2d90d34,3fb98d23799480640000,3fb98d23799480640000,3b91a46f32900c80,3400,7100,00005f80,15,450,6,6,2,42fc9fbd6059542a0000,3000,3400
FPREM_completed,64,RU,random,49,QUOTIENT_SIGNED_BITS_DIFFER,5c2a8192de56c7a7,af1cce228ec78966,3eeee9d87ca2a2dd0000,3eeee9d87ca2a2dd0000,2eed3b0f94545ba0,3400,7000,00005f80,14,342,2,2,6,418fe6e4d24d849b4000,3000,3400
FPREM_completed,64,RU,random,53,MORE_THAN_512_SUBTRACTIONS,69920c42a30349f2,121d884a542f682a,3d1ec47d5167226b0000,3d1ec47d5167226b0000,11e88faa2ce44d60,3400,7000,00005f80,30,720,2,2,2,425e8220e02d6a9d0000,3000,3400
FPREM_completed,64,RU,random,56,QUOTIENT_SIGNED_BITS_DIFFER,c4b90a3ed64c2a40,1fe81d7e2ed3fc27,bdfd925b30d6d3c4b000,bdfd925b30d6d3c4b000,9fd24b661ada7896,3400,7200,00005f80,11,284,3,3,5,c018c4c76f8e86c20000,3000,3400
FPREM_completed,64,RU,random,57,QUOTIENT_SIGNED_BITS_DIFFER,ed507db431407d57,0647f267a6605818,bc64b3416ec2299ec000,bc64b3416ec2299ec000,8646682dd84533d8,3400,7300,00005f80,31,853,7,7,1,c2a3e4016d1fd4eb8000,3000,3400
FPREM_completed,64,RU,random,57,MORE_THAN_512_SUBTRACTIONS,ed507db431407d57,0647f267a6605818,bc64b3416ec2299ec000,bc64b3416ec2299ec000,8646682dd84533d8,3400,7300,00005f80,31,853,7,7,1,c2a3e4016d1fd4eb8000,3000,3400
FPREM_completed,64,RU,random,58,QUOTIENT_SIGNED_BITS_DIFFER,0b4cedfe07d58842,881120faae2ba810,3c80ee80e917980e0000,3c80ee80e917980e0000,080dd01d22f301c0,7000,7000,00005f80,1,24,2,2,6,3c80ee80e917980e0000,3000,7000
FPREM_completed,64,RU,random,64,QUOTIENT_SIGNED_BITS_DIFFER,3d6d5518fff5b85a,b2c080d4eacc0f02,3f2bb90880c40596a000,3f2bb90880c40596a000,32b721101880b2d4,3400,7200,00005f80,3,89,3,3,5,3fabfeb20f601b2a0000,3000,3400
FPREM_completed,64,RU,random,65,QUOTIENT_SIGNED_BITS_DIFFER,ea898a5b92cc34b3,61c55622da782f80,c21be355b08463f80000,c21be355b08463f80000,e1bc6ab6108c7f00,3400,7300,00005f80,3,65,7,7,1,c27caa4203562bf00000,3000,3400
FPREM_completed,64,RU,random,74,QUOTIENT_SIGNED_BITS_DIFFER,755e02aa7062ebf6,d55a977a4df97796,4153946a6c7d5f19c000,4153946a6c7d5f19c000,55328d4d8fabe338,3400,7200,00005f80,10,267,3,3,5,4334c0cf178ad3b60000,3000,3400
FPREM_completed,64,RU,random,79,QUOTIENT_SIGNED_BITS_DIFFER,a4c9fe04e3afd8c6,047d0b5baa9fe2fa,bc46f88054550d2ea000,bc46f88054550d2ea000,846f100a8aa1a5d4,3400,7300,00005f80,11,246,7,7,1,be27b23210f0096ab000,3000,3400
FPREM_completed,64,RU,random,81,QUOTIENT_SIGNED_BITS_DIFFER,e68d3c006f201df4,1ee887edcd9168d5,bded8ea30b8a5ec5b000,bded8ea30b8a5ec5b000,9ed1d461714bd8b6,3400,3200,00005f80,19,580,1,1,7,c22bf7786d2b29f64000,3000,3400
FPREM_completed,64,RU,random,81,MORE_THAN_512_SUBTRACTIONS,e68d3c006f201df4,1ee887edcd9168d5,bded8ea30b8a5ec5b000,bded8ea30b8a5ec5b000,9ed1d461714bd8b6,3400,3200,00005f80,19,580,1,1,7,c22bf7786d2b29f64000,3000,3400
FPREM_completed,64,RU,random,84,MORE_THAN_512_SUBTRACTIONS,f993df8021999846,15a30e386b02b404,bd59a37b190d27ff8000,bd59a37b190d27ff8000,95946f6321a4fff0,3400,7000,00005f80,27,791,2,2,6,c356e7264a4b254a0000,3000,3400
FPREM_completed,64,RU,random,86,MORE_THAN_512_SUBTRACTIONS,d5cf4344b88928f2,09de7fb0fe8aac8b,bc9cef6403e237cc2000,bc9cef6403e237cc2000,89cdec807c46f984,3400,7000,00005f80,27,644,2,2,6,c11ccb5db15201948000,3000,3400
FPREM_completed,64,RU,random,87,MORE_THAN_512_SUBTRACTIONS,7b5310c9fc212395,8eda03c9c430ce5f,3ceda67a4035f71e0800,3ceda67a4035f71e0800,0ed4cf4806bee3c1,3400,3200,00005f80,35,862,1,1,7,438dad1847dc972e5000,3000,3400
FPREM_completed,64,RU,random,92,MORE_THAN_512_SUBTRACTIONS,e3a846a2bfbc4178,80f257439666d7d5,bc0efe69ccfe2b88b000,bc0efe69ccfe2b88b000,80efcd399fc57116,3400,3200,00005f80,27,808,1,1,1,c20ed8bfa47883faa000,3000,3400
FPREM_completed,64,RU,random,104,MORE_THAN_512_SUBTRACTIONS,56b9818e16a7fd62,89436d87e2292558,3c9389e4299005490000,3c9389e4299005490000,09313c853200a920,3400,7000,00005f80,21,612,2,2,6,4132e621769844f50000,3000,3400
FPREM_completed,64,RU,random,105,MORE_THAN_512_SUBTRACTIONS,f98f1f2039d4b32c,334ccb14838191dc,bf33b727e9205ee78000,bf33b727e9205ee78000,b336e4fd240bdcf0,3400,7100,00005f80,21,541,6,6,2,c373aa7b214060490000,3000,3400
FPREM_completed,64,RU,random,113,MORE_THAN_512_SUBTRACTIONS,f30db0b39235c396,ad720371ec7fe712,bed6e52447770bc42000,bed6e52447770bc42000,ad6ca488eee17884,3400,7300,00005f80,20,543,7,7,7,c2f780a1106b971c5000,3000,3400
FPREM_completed,64,RU,random,121,MORE_THAN_512_SUBTRACTIONS,7c0ada0c874938dc,97f0e3e5fa42fb78,3d7d92daf8abd3320000,3d7d92daf8abd3320000,17d25b5f157a6640,3400,7000,00005f80,27,815,2,2,6,439dcaa9d3e967880000,3000,3400
FPREM_completed,64,RU,random,135,MORE_THAN_512_SUBTRACTIONS,7acec2800ccf3118,3498831721aad9e8,3f489bf2fc73696c0000,3f489bf2fc73696c0000,34837e5f8e6d2d80,3400,3000,00005f80,24,556,0,0,0,4389952eef1c607c4000,3000,3400
FPREM_completed,64,RU,random,142,MORE_THAN_512_SUBTRACTIONS,7264155fa13b8f59,9c647ced0ca8226b,3dc2bb2947c812938000,3dc2bb2947c812938000,1c276528f9025270,3400,7200,00005f80,23,682,3,3,5,4304bacaa0d979ba8000,3000,3400
FPREM_completed,64,RU,random,144,MORE_THAN_512_SUBTRACTIONS,ed2dc6396c42b6f8,02c3611c2eadf718,bc2c8b01a3a2125f4000,bc2c8b01a3a2125f4000,82c1603474424be8,3400,3200,00005f80,30,845,1,1,7,c2ac86ddaf9c03cf8000,3000,3400
FPREM_completed,64,RU,random,156,MORE_THAN_512_SUBTRACTIONS,c55b68e984a6b54d,8255bc36c1074b77,bc24f0d9566cbcd5c000,bc24f0d9566cbcd5c000,824e1b2acd979ab8,3400,3100,00005f80,21,532,4,4,4,c02598ec8c879ad20000,3000,3400
FPREM_completed,64,RU,random,171,MORE_THAN_512_SUBTRACTIONS,72a584688a7d4f85,b06b0aa08ec0c009,3f058c563cf186254000,3f058c563cf186254000,30518ac79e30c4a8,3400,3100,00005f80,24,550,4,4,4,430287f05a3c364b0000,3000,3400
FPREM_completed,64,RU,random,177,MORE_THAN_512_SUBTRACTIONS,d50cccc31539402e,895a0c6a0dc516b8,bc93c6afd484dbae0000,bc93c6afd484dbae0000,8938d5fa909b75c0,3400,7100,00005f80,26,625,6,6,6,c114a8d95df86a620000,3000,3400
FPREM_completed,64,RU,random,1233,EXCEPTION_FLAGS_MISMATCH,800775f8a1f1e801,335231bcb44634b1,bbffeebf143e3d002000,bbffeebf143e3d002000,800775f8a1f1e801,3002,3002,00005f80,1,0,0,0,0,bbffeebf143e3d002000,3002,3002
FPREM_completed,64,RU,random,2646,INVALID_OR_NONFINITE_INPUT,fffc16448446619e,97c865bf05fa1bc2,ffffe0b22422330cf000,ffffe0b22422330cf000,fffc16448446619e,3000,3000,00005f80,1,0,0,0,0,ffffe0b22422330cf000,3000,3000
FPREM_completed,64,RU,random,2646,NAN_RESULT,fffc16448446619e,97c865bf05fa1bc2,ffffe0b22422330cf000,ffffe0b22422330cf000,fffc16448446619e,3000,3000,00005f80,1,0,0,0,0,ffffe0b22422330cf000,3000,3000
FPREM_completed,64,RU,random,2800,INVALID_OR_NONFINITE_INPUT,7ffec4b85b15dcc9,73ae6374d2acbe2d,7ffff625c2d8aee64800,7ffff625c2d8aee64800,7ffec4b85b15dcc9,3000,3000,00005f80,1,0,0,0,0,7ffff625c2d8aee64800,3000,3000
FPREM_completed,64,RU,random,2800,NAN_RESULT,7ffec4b85b15dcc9,73ae6374d2acbe2d,7ffff625c2d8aee64800,7ffff625c2d8aee64800,7ffec4b85b15dcc9,3000,3000,00005f80,1,0,0,0,0,7ffff625c2d8aee64800,3000,3000
FPREM_completed,64,RU,random,2804,INVALID_OR_NONFINITE_INPUT,215f1284a38934b3,ffff2b4bee625364,fffff95a5f73129b2000,fffff95a5f73129b2000,ffff2b4bee625364,3000,3000,00005f80,1,0,0,0,0,fffff95a5f73129b2000,3000,3000
FPREM_completed,64,RU,random,2804,NAN_RESULT,215f1284a38934b3,ffff2b4bee625364,fffff95a5f73129b2000,fffff95a5f73129b2000,ffff2b4bee625364,3000,3000,00005f80,1,0,0,0,0,fffff95a5f73129b2000,3000,3000
FPREM_completed,64,RU,random,3319,INVALID_OR_NONFINITE_INPUT,8856eee77a72ede6,fff3ef7fd61e7ede,ffffdf7bfeb0f3f6f000,ffffdf7bfeb0f3f6f000,fffbef7fd61e7ede,3001,3001,00005f81,1,0,0,0,0,ffffdf7bfeb0f3f6f000,3001,3001
FPREM_completed,64,RU,random,3319,NAN_RESULT,8856eee77a72ede6,fff3ef7fd61e7ede,ffffdf7bfeb0f3f6f000,ffffdf7bfeb0f3f6f000,fffbef7fd61e7ede,3001,3001,00005f81,1,0,0,0,0,ffffdf7bfeb0f3f6f000,3001,3001
FPREM_completed,64,RU,random,4196,EXCEPTION_FLAGS_MISMATCH,00045d7cbad4eff6,19e3a5eafc13fccf,3bff8baf975a9dfec000,3bff8baf975a9dfec000,00045d7cbad4eff6,3002,3002,00005f80,1,0,0,0,0,3bff8baf975a9dfec000,3002,3002
FPREM_completed,64,RU,random,5293,EXCEPTION_FLAGS_MISMATCH,000042978fcf403b,f113c2471660d47e,3bfb852f1f9e80760000,3bfb852f1f9e80760000,000042978fcf403b,3002,3002,00005f80,1,0,0,0,0,3bfb852f1f9e80760000,3002,3002
FPREM_completed,64,RU,random,5800,EXCEPTION_FLAGS_MISMATCH,000f2db77710b090,70ffa1f579d5ad51,3c00f2db77710b090000,3c00f2db77710b090000,000f2db77710b090,3002,3002,00005f80,1,0,0,0,0,3c00f2db77710b090000,3002,3002
FPREM_completed,64,RU,random,7285,EXCEPTION_FLAGS_MISMATCH,91d7fc48769559e3,800e7bbfc32cef6d,bc00c6b930c4a51f2000,bc00c6b930c4a51f2000,800c6b930c4a51f2,3402,7102,00005f80,5,155,6,6,6,bce0a1f5923ff4eed000,3002,3402
FPREM_completed,64,RU,random,7438,INVALID_OR_NONFINITE_INPUT,7ffcaf4d654f0d5d,233fc0de0338e527,7fffe57a6b2a786ae800,7fffe57a6b2a786ae800,7ffcaf4d654f0d5d,3000,3000,00005f80,1,0,0,0,0,7fffe57a6b2a786ae800,3000,3000
FPREM_completed,64,RU,random,7438,NAN_RESULT,7ffcaf4d654f0d5d,233fc0de0338e527,7fffe57a6b2a786ae800,7fffe57a6b2a786ae800,7ffcaf4d654f0d5d,3000,3000,00005f80,1,0,0,0,0,7fffe57a6b2a786ae800,3000,3000
FPREM_completed,64,RU,random,7596,INVALID_OR_NONFINITE_INPUT,fffbf8822c40c37e,b07d2bef072da5b4,ffffdfc41162061bf000,ffffdfc41162061bf000,fffbf8822c40c37e,3000,3000,00005f80,1,0,0,0,0,ffffdfc41162061bf000,3000,3000
FPREM_completed,64,RU,random,7596,NAN_RESULT,fffbf8822c40c37e,b07d2bef072da5b4,ffffdfc41162061bf000,ffffdfc41162061bf000,fffbf8822c40c37e,3000,3000,00005f80,1,0,0,0,0,ffffdfc41162061bf000,3000,3000
FPREM_completed,64,RU,random,7612,EXCEPTION_FLAGS_MISMATCH,00096c497eed1ace,be99f8ce19a39a1b,3c0096c497eed1ace000,3c0096c497eed1ace000,00096c497eed1ace,3002,3002,00005f80,1,0,0,0,0,3c0096c497eed1ace000,3002,3002
FPREM_completed,64,RU,random,7722,INVALID_OR_NONFINITE_INPUT,fff7691bbe190e08,7bcab5fa750c61cf,fffffb48ddf0c8704000,fffffb48ddf0c8704000,ffff691bbe190e08,3001,3001,00005f81,1,0,0,0,0,fffffb48ddf0c8704000,3001,3001
FPREM_completed,64,RU,random,7722,NAN_RESULT,fff7691bbe190e08,7bcab5fa750c61cf,fffffb48ddf0c8704000,fffffb48ddf0c8704000,ffff691bbe190e08,3001,3001,00005f81,1,0,0,0,0,fffffb48ddf0c8704000,3001,3001
FPREM_completed,64,RU,random,9199,EXCEPTION_FLAGS_MISMATCH,800a9a6921f9b5f3,2d747d032040de41,bc00a9a6921f9b5f3000,bc00a9a6921f9b5f3000,800a9a6921f9b5f3,3002,3002,00005f80,1,0,0,0,0,bc00a9a6921f9b5f3000,3002,3002
FPREM_completed,64,RU,random,10913,INVALID_OR_NONFINITE_INPUT,7fff2484a0f13a1d,6a6fdeea239a6e71,7ffff924250789d0e800,7ffff924250789d0e800,7fff2484a0f13a1d,3000,3000,00005f80,1,0,0,0,0,7ffff924250789d0e800,3000,3000
FPREM_completed,64,RU,random,10913,NAN_RESULT,7fff2484a0f13a1d,6a6fdeea239a6e71,7ffff924250789d0e800,7ffff924250789d0e800,7fff2484a0f13a1d,3000,3000,00005f80,1,0,0,0,0,7ffff924250789d0e800,3000,3000
FPREM_completed,64,RU,random,12128,EXCEPTION_FLAGS_MISMATCH,d8e39eeac74a6b81,000b070f8e9013cd,bbffe8da68fe7df5c000,bbffe8da68fe7df5c000,800746d347f3efae,3402,7002,00005f80,25,725,2,2,6,c15e9c4972fc21654000,3002,3402
FPREM_completed,64,RU,random,13177,INVALID_OR_NONFINITE_INPUT,fff87e6b054cc1e1,8d42223d01aabd08,ffffc3f3582a660f0800,ffffc3f3582a660f0800,fff87e6b054cc1e1,3000,3000,00005f80,1,0,0,0,0,ffffc3f3582a660f0800,3000,3000
FPREM_completed,64,RU,random,13177,NAN_RESULT,fff87e6b054cc1e1,8d42223d01aabd08,ffffc3f3582a660f0800,ffffc3f3582a660f0800,fff87e6b054cc1e1,3000,3000,00005f80,1,0,0,0,0,ffffc3f3582a660f0800,3000,3000
FPREM_completed,64,RU,random,13880,INVALID_OR_NONFINITE_INPUT,ffffe5642b6ad5f8,efcf3776f9f393f5,ffffff2b215b56afc000,ffffff2b215b56afc000,ffffe5642b6ad5f8,3000,3000,00005f80,1,0,0,0,0,ffffff2b215b56afc000,3000,3000
FPREM_completed,64,RU,random,13880,NAN_RESULT,ffffe5642b6ad5f8,efcf3776f9f393f5,ffffff2b215b56afc000,ffffff2b215b56afc000,ffffe5642b6ad5f8,3000,3000,00005f80,1,0,0,0,0,ffffff2b215b56afc000,3000,3000
FPREM_completed,64,RU,random,14177,INVALID_OR_NONFINITE_INPUT,1de067fae84e79b5,fffd194d792e3ad1,ffffe8ca6bc971d68800,ffffe8ca6bc971d68800,fffd194d792e3ad1,3000,3000,00005f80,1,0,0,0,0,ffffe8ca6bc971d68800,3000,3000
FPREM_completed,64,RU,random,14177,NAN_RESULT,1de067fae84e79b5,fffd194d792e3ad1,ffffe8ca6bc971d68800,ffffe8ca6bc971d68800,fffd194d792e3ad1,3000,3000,00005f80,1,0,0,0,0,ffffe8ca6bc971d68800,3000,3000
FPREM_completed,64,RU,random,15808,EXCEPTION_FLAGS_MISMATCH,00078afd5ab9f181,f2aa15676d841be6,3bfff15fab573e302000,3bfff15fab573e302000,00078afd5ab9f181,3002,3002,00005f80,1,0,0,0,0,3bfff15fab573e302000,3002,3002
FPREM_completed,64,RU,random,16005,INVALID_OR_NONFINITE_INPUT,fff611d7cae68af6,86e423ac385d97f2,fffff08ebe573457b000,fffff08ebe573457b000,fffe11d7cae68af6,3001,3001,00005f81,1,0,0,0,0,fffff08ebe573457b000,3001,3001
FPREM_completed,64,RU,random,16005,NAN_RESULT,fff611d7cae68af6,86e423ac385d97f2,fffff08ebe573457b000,fffff08ebe573457b000,fffe11d7cae68af6,3001,3001,00005f81,1,0,0,0,0,fffff08ebe573457b000,3001,3001
FPREM_completed,64,RU,random,16109,INVALID_OR_NONFINITE_INPUT,fff760d464c22dfd,f722efe6567e5e26,fffffb06a326116fe800,fffffb06a326116fe800,ffff60d464c22dfd,3001,3001,00005f81,1,0,0,0,0,fffffb06a326116fe800,3001,3001
FPREM_completed,64,RU,random,16109,NAN_RESULT,fff760d464c22dfd,f722efe6567e5e26,fffffb06a326116fe800,fffffb06a326116fe800,ffff60d464c22dfd,3001,3001,00005f81,1,0,0,0,0,fffffb06a326116fe800,3001,3001
FPREM_completed,64,RU,random,17938,EXCEPTION_FLAGS_MISMATCH,000604a2ddf15aaf,4fac635a1fbf943d,3bffc0945bbe2b55e000,3bffc0945bbe2b55e000,000604a2ddf15aaf,3002,3002,00005f80,1,0,0,0,0,3bffc0945bbe2b55e000,3002,3002
FPREM_completed,64,RU,random,18050,EXCEPTION_FLAGS_MISMATCH,80012b5411c1220b,2bc6fed9f7152b74,bbfd95aa08e091058000,bbfd95aa08e091058000,80012b5411c1220b,3002,3002,00005f80,1,0,0,0,0,bbfd95aa08e091058000,3002,3002
FPREM_completed,64,RU,random,18144,INVALID_OR_NONFINITE_INPUT,1a697067a9d4131e,7ff4caf5a31236d0,7fffe657ad1891b68000,7fffe657ad1891b68000,7ffccaf5a31236d0,3001,3001,00005f81,1,0,0,0,0,7fffe657ad1891b68000,3001,3001
FPREM_completed,64,RU,random,18144,NAN_RESULT,1a697067a9d4131e,7ff4caf5a31236d0,7fffe657ad1891b68000,7fffe657ad1891b68000,7ffccaf5a31236d0,3001,3001,00005f81,1,0,0,0,0,7fffe657ad1891b68000,3001,3001
FPREM_completed,64,RU,random,18393,EXCEPTION_FLAGS_MISMATCH,800a078ea997ffbd,9024b261222329c4,bc00a078ea997ffbd000,bc00a078ea997ffbd000,800a078ea997ffbd,3002,3002,00005f80,1,0,0,0,0,bc00a078ea997ffbd000,3002,3002
FPREM_completed,64,RU,random,18494,INVALID_OR_NONFINITE_INPUT,8b3795aeea5a51e9,fff42510e432a4b0,ffffe128872195258000,ffffe128872195258000,fffc2510e432a4b0,3001,3001,00005f81,1,0,0,0,0,ffffe128872195258000,3001,3001
FPREM_completed,64,RU,random,18494,NAN_RESULT,8b3795aeea5a51e9,fff42510e432a4b0,ffffe128872195258000,ffffe128872195258000,fffc2510e432a4b0,3001,3001,00005f81,1,0,0,0,0,ffffe128872195258000,3001,3001
FPREM_completed,64,RU,random,18855,EXCEPTION_FLAGS_MISMATCH,0009c2ad8c5ab954,e9b24df58db0b1de,3c009c2ad8c5ab954000,3c009c2ad8c5ab954000,0009c2ad8c5ab954,3002,3002,00005f80,1,0,0,0,0,3c009c2ad8c5ab954000,3002,3002
FPREM_completed,64,RU,random,19982,INVALID_OR_NONFINITE_INPUT,7ff1ef37dbd61011,ed987e4fb1101e19,7fffcf79bedeb0808800,7fffcf79bedeb0808800,7ff9ef37dbd61011,3001,3001,00005f81,1,0,0,0,0,7fffcf79bedeb0808800,3001,3001
FPREM_completed,64,RU,random,19982,NAN_RESULT,7ff1ef37dbd61011,ed987e4fb1101e19,7fffcf79bedeb0808800,7fffcf79bedeb0808800,7ff9ef37dbd61011,3001,3001,00005f81,1,0,0,0,0,7fffcf79bedeb0808800,3001,3001
FPREM_completed,64,RU,random,19989,INVALID_OR_NONFINITE_INPUT,6a9d1ec93aecc6ab,fffce7ea399b451a,ffffe73f51ccda28d000,ffffe73f51ccda28d000,fffce7ea399b451a,3000,3000,00005f80,1,0,0,0,0,ffffe73f51ccda28d000,3000,3000
FPREM_completed,64,RU,random,19989,NAN_RESULT,6a9d1ec93aecc6ab,fffce7ea399b451a,ffffe73f51ccda28d000,ffffe73f51ccda28d000,fffce7ea399b451a,3000,3000,00005f80,1,0,0,0,0,ffffe73f51ccda28d000,3000,3000
FPREM_completed,64,RU,random,21129,INVALID_OR_NONFINITE_INPUT,1bd16e2aeeb69c1c,fffd80dcf474289d,ffffec06e7a3a144e800,ffffec06e7a3a144e800,fffd80dcf474289d,3000,3000,00005f80,1,0,0,0,0,ffffec06e7a3a144e800,3000,3000
FPREM_completed,64,RU,random,21129,NAN_RESULT,1bd16e2aeeb69c1c,fffd80dcf474289d,ffffec06e7a3a144e800,ffffec06e7a3a144e800,fffd80dcf474289d,3000,3000,00005f80,1,0,0,0,0,ffffec06e7a3a144e800,3000,3000
FPREM_completed,64,RU,random,21308,EXCEPTION_FLAGS_MISMATCH,80054af5ac397823,0921b43449e9917b,bbffa95eb5872f046000,bbffa95eb5872f046000,80054af5ac397823,3002,3002,00005f80,1,0,0,0,0,bbffa95eb5872f046000,3002,3002
FPREM_completed,64,RU,random,21840,INVALID_OR_NONFINITE_INPUT,7ff452155f935d94,1c775d75320a205c,7fffe290aafc9aeca000,7fffe290aafc9aeca000,7ffc52155f935d94,3001,3001,00005f81,1,0,0,0,0,7fffe290aafc9aeca000,3001,3001
FPREM_completed,64,RU,random,21840,NAN_RESULT,7ff452155f935d94,1c775d75320a205c,7fffe290aafc9aeca000,7fffe290aafc9aeca000,7ffc52155f935d94,3001,3001,00005f81,1,0,0,0,0,7fffe290aafc9aeca000,3001,3001
FPREM_completed,64,RU,random,22001,INVALID_OR_NONFINITE_INPUT,f51f71d5f317fef7,fff038e0bc7f2023,ffffc1c705e3f9011800,ffffc1c705e3f9011800,fff838e0bc7f2023,3001,3001,00005f81,1,0,0,0,0,ffffc1c705e3f9011800,3001,3001
FPREM_completed,64,RU,random,22001,NAN_RESULT,f51f71d5f317fef7,fff038e0bc7f2023,ffffc1c705e3f9011800,ffffc1c705e3f9011800,fff838e0bc7f2023,3001,3001,00005f81,1,0,0,0,0,ffffc1c705e3f9011800,3001,3001
FPREM_completed,64,RU,random,24432,EXCEPTION_FLAGS_MISMATCH,0000524bff113f57,816da281ea85a7a5,3bfba497fe227eae0000,3bfba497fe227eae0000,0000524bff113f57,3002,3002,00005f80,1,0,0,0,0,3bfba497fe227eae0000,3002,3002
FPREM_completed,64,RU,random,24987,EXCEPTION_FLAGS_MISMATCH,c18b370699eb4229,000f5f84366f4102,bc00a94dcf2b4195c000,bc00a94dcf2b4195c000,800a94dcf2b4195c,3402,7002,00005f80,23,527,2,2,6,bfe0b75ee678fa8bc000,3002,3402
FPREM_completed,64,RU,random,25096,EXCEPTION_FLAGS_MISMATCH,80090e781b9805f4,29de74e64bc6bc23,bc0090e781b9805f4000,bc0090e781b9805f4000,80090e781b9805f4,3002,3002,00005f80,1,0,0,0,0,bc0090e781b9805f4000,3002,3002
FPREM_completed,64,RU,random,28782,EXCEPTION_FLAGS_MISMATCH,7b0880470be2fa5b,800c70e46c2bd5e3,3bfffb5bd194a6b34000,3bfffb5bd194a6b34000,0007dade8ca5359a,3402,7002,00005f80,36,969,2,2,6,437f921fd8df6fb1c000,3002,3402
FPREM_completed,64,RU,random,29586,EXCEPTION_FLAGS_MISMATCH,000dad250093a9db,2b750a83e2704927,3c00dad250093a9db000,3c00dad250093a9db000,000dad250093a9db,3002,3002,00005f80,1,0,0,0,0,3c00dad250093a9db000,3002,3002
FPREM_completed,64,RU,random,31461,EXCEPTION_FLAGS_MISMATCH,0004db3d8e9a43b0,d79c4aafc37e3e3d,3bff9b67b1d348760000,3bff9b67b1d348760000,0004db3d8e9a43b0,3002,3002,00005f80,1,0,0,0,0,3bff9b67b1d348760000,3002,3002
FPREM_completed,64,RU,edge,341,VALUE_MISMATCH,7ff8000000000011,fff0000000000222,ffffc000000000111000,7fffc000000000008800,7ff8000000000011,3001,3001,00005f81,1,0,0,0,0,ffffc000000000111000,3001,3001
FPREM_completed,64,RZ,random,0,ALL,39005d1b59f41037,aa0bb42747841268,3ea0a6fbf900f9cf4000,3ea0a6fbf900f9cf4000,2a04df7f201f39e8,3400,7300,00007f80,5,120,7,7,1,3f5dc0201f66984c0000,3000,3400
FPREM_completed,64,RZ,random,0,X87_MULTISTEP,39005d1b59f41037,aa0bb42747841268,3ea0a6fbf900f9cf4000,3ea0a6fbf900f9cf4000,2a04df7f201f39e8,3400,7300,00007f80,5,120,7,7,1,3f5dc0201f66984c0000,3000,3400
FPREM_completed,64,RZ,random,0,QUOTIENT_SIGNED_BITS_DIFFER,39005d1b59f41037,aa0bb42747841268,3ea0a6fbf900f9cf4000,3ea0a6fbf900f9cf4000,2a04df7f201f39e8,3400,7300,00007f80,5,120,7,7,1,3f5dc0201f66984c0000,3000,3400
FPREM_completed,64,RZ,random,0,SINGLE_INSTRUCTION_VALUE_MISMATCH,39005d1b59f41037,aa0bb42747841268,3ea0a6fbf900f9cf4000,3ea0a6fbf900f9cf4000,2a04df7f201f39e8,3400,7300,00007f80,5,120,7,7,1,3f5dc0201f66984c0000,3000,3400
FPREM_completed,64,RZ,random,0,SINGLE_INSTRUCTION_C2_PARTIAL,39005d1b59f41037,aa0bb42747841268,3ea0a6fbf900f9cf4000,3ea0a6fbf900f9cf4000,2a04df7f201f39e8,3400,7300,00007f80,5,120,7,7,1,3f5dc0201f66984c0000,3000,3400
FPREM_completed,64,RZ,random,1,ALL,a79dae131b3431aa,c97db72336427b70,be79ed7098d9a18d5000,be79ed7098d9a18d5000,a79dae131b3431aa,3000,3000,00007f80,1,0,0,0,0,be79ed7098d9a18d5000,3000,3000
FPREM_completed,64,RZ,random,1,SINGLE_COMPLETE_FINITE_CASE,a79dae131b3431aa,c97db72336427b70,be79ed7098d9a18d5000,be79ed7098d9a18d5000,a79dae131b3431aa,3000,3000,00007f80,1,0,0,0,0,be79ed7098d9a18d5000,3000,3000
FPREM_completed,64,RZ,random,2,ALL,38b1b1cf247332e7,2c69a8de7d10e6c2,3ec4ebb15b13f19a0000,3ec4ebb15b13f19a0000,2c4d762b627e3340,3400,3000,00007f80,4,90,0,0,0,3f65e65f0fd8474c8000,3000,3400
FPREM_completed,64,RZ,random,2,X87_MULTISTEP,38b1b1cf247332e7,2c69a8de7d10e6c2,3ec4ebb15b13f19a0000,3ec4ebb15b13f19a0000,2c4d762b627e3340,3400,3000,00007f80,4,90,0,0,0,3f65e65f0fd8474c8000,3000,3400
FPREM_completed,64,RZ,random,2,SINGLE_INSTRUCTION_VALUE_MISMATCH,38b1b1cf247332e7,2c69a8de7d10e6c2,3ec4ebb15b13f19a0000,3ec4ebb15b13f19a0000,2c4d762b627e3340,3400,3000,00007f80,4,90,0,0,0,3f65e65f0fd8474c8000,3000,3400
FPREM_completed,64,RZ,random,2,SINGLE_INSTRUCTION_C2_PARTIAL,38b1b1cf247332e7,2c69a8de7d10e6c2,3ec4ebb15b13f19a0000,3ec4ebb15b13f19a0000,2c4d762b627e3340,3400,3000,00007f80,4,90,0,0,0,3f65e65f0fd8474c8000,3000,3400
FPREM_completed,64,RZ,random,3,ALL,0159a802c6b0e40b,fde8f2dd6b4079e3,3c15cd40163587205800,3c15cd40163587205800,0159a802c6b0e40b,3000,3000,00007f80,1,0,0,0,0,3c15cd40163587205800,3000,3000
FPREM_completed,64,RZ,random,3,SINGLE_COMPLETE_FINITE_CASE,0159a802c6b0e40b,fde8f2dd6b4079e3,3c15cd40163587205800,3c15cd40163587205800,0159a802c6b0e40b,3000,3000,00007f80,1,0,0,0,0,3c15cd40163587205800,3000,3000
FPREM_completed,64,RZ,random,4,ALL,6eafb6c51d88b719,b33bcb6f9ffd8324,3f33dab784e9e91de000,3f33dab784e9e91de000,333b56f09d3d23bc,3400,3200,00007f80,17,446,1,1,7,42b2c8875468a91ec000,3000,3400
FPREM_completed,64,RZ,random,4,X87_MULTISTEP,6eafb6c51d88b719,b33bcb6f9ffd8324,3f33dab784e9e91de000,3f33dab784e9e91de000,333b56f09d3d23bc,3400,3200,00007f80,17,446,1,1,7,42b2c8875468a91ec000,3000,3400
FPREM_completed,64,RZ,random,4,QUOTIENT_SIGNED_BITS_DIFFER,6eafb6c51d88b719,b33bcb6f9ffd8324,3f33dab784e9e91de000,3f33dab784e9e91de000,333b56f09d3d23bc,3400,3200,00007f80,17,446,1,1,7,42b2c8875468a91ec000,3000,3400
FPREM_completed,64,RZ,random,4,SINGLE_INSTRUCTION_VALUE_MISMATCH,6eafb6c51d88b719,b33bcb6f9ffd8324,3f33dab784e9e91de000,3f33dab784e9e91de000,333b56f09d3d23bc,3400,3200,00007f80,17,446,1,1,7,42b2c8875468a91ec000,3000,3400
FPREM_completed,64,RZ,random,4,SINGLE_INSTRUCTION_C2_PARTIAL,6eafb6c51d88b719,b33bcb6f9ffd8324,3f33dab784e9e91de000,3f33dab784e9e91de000,333b56f09d3d23bc,3400,3200,00007f80,17,446,1,1,7,42b2c8875468a91ec000,3000,3400
FPREM_completed,64,RZ,random,5,ALL,039d85f35503e50f,6bf5f004e65a440b,3c39ec2f9aa81f287800,3c39ec2f9aa81f287800,039d85f35503e50f,3000,3000,00007f80,1,0,0,0,0,3c39ec2f9aa81f287800,3000,3000
FPREM_completed,64,RZ,random,5,SINGLE_COMPLETE_FINITE_CASE,039d85f35503e50f,6bf5f004e65a440b,3c39ec2f9aa81f287800,3c39ec2f9aa81f287800,039d85f35503e50f,3000,3000,00007f80,1,0,0,0,0,3c39ec2f9aa81f287800,3000,3000
FPREM_completed,64,RZ,random,6,ALL,3f622dade3a7b6be,bac9d0d4304c687b,3fabd6f9f6607547c000,3fabd6f9f6607547c000,3abadf3ecc0ea8f8,3400,3100,00007f80,2,35,4,4,4,3fc68cbaee446fa20000,3000,3400
FPREM_completed,64,RZ,random,6,X87_MULTISTEP,3f622dade3a7b6be,bac9d0d4304c687b,3fabd6f9f6607547c000,3fabd6f9f6607547c000,3abadf3ecc0ea8f8,3400,3100,00007f80,2,35,4,4,4,3fc68cbaee446fa20000,3000,3400
FPREM_completed,64,RZ,random,6,SINGLE_INSTRUCTION_VALUE_MISMATCH,3f622dade3a7b6be,bac9d0d4304c687b,3fabd6f9f6607547c000,3fabd6f9f6607547c000,3abadf3ecc0ea8f8,3400,3100,00007f80,2,35,4,4,4,3fc68cbaee446fa20000,3000,3400
FPREM_completed,64,RZ,random,6,SINGLE_INSTRUCTION_C2_PARTIAL,3f622dade3a7b6be,bac9d0d4304c687b,3fabd6f9f6607547c000,3fabd6f9f6607547c000,3abadf3ecc0ea8f8,3400,3100,00007f80,2,35,4,4,4,3fc68cbaee446fa20000,3000,3400
FPREM_completed,64,RZ,random,7,ALL,1be3526f041fd13f,8f013dda7d97cc0b,3cec83c7ce222eb88000,3cec83c7ce222eb88000,0ec078f9c445d710,3400,3300,00007f80,4,83,5,5,3,3d8f99911c0774abc000,3000,3400
FPREM_completed,64,RZ,random,7,X87_MULTISTEP,1be3526f041fd13f,8f013dda7d97cc0b,3cec83c7ce222eb88000,3cec83c7ce222eb88000,0ec078f9c445d710,3400,3300,00007f80,4,83,5,5,3,3d8f99911c0774abc000,3000,3400
FPREM_completed,64,RZ,random,7,QUOTIENT_SIGNED_BITS_DIFFER,1be3526f041fd13f,8f013dda7d97cc0b,3cec83c7ce222eb88000,3cec83c7ce222eb88000,0ec078f9c445d710,3400,3300,00007f80,4,83,5,5,3,3d8f99911c0774abc000,3000,3400
FPREM_completed,64,RZ,random,7,SINGLE_INSTRUCTION_VALUE_MISMATCH,1be3526f041fd13f,8f013dda7d97cc0b,3cec83c7ce222eb88000,3cec83c7ce222eb88000,0ec078f9c445d710,3400,3300,00007f80,4,83,5,5,3,3d8f99911c0774abc000,3000,3400
FPREM_completed,64,RZ,random,7,SINGLE_INSTRUCTION_C2_PARTIAL,1be3526f041fd13f,8f013dda7d97cc0b,3cec83c7ce222eb88000,3cec83c7ce222eb88000,0ec078f9c445d710,3400,3300,00007f80,4,83,5,5,3,3d8f99911c0774abc000,3000,3400
FPREM_completed,64,RZ,random,8,ALL,c44d0a1ea70b20ff,0eeac7548da1932d,bceec474924529945800,bceec474924529945800,8ee88e9248a5328b,3400,3200,00007f80,16,424,1,1,7,c008b16b8d55709c0000,3000,3400
FPREM_completed,64,RZ,random,8,X87_MULTISTEP,c44d0a1ea70b20ff,0eeac7548da1932d,bceec474924529945800,bceec474924529945800,8ee88e9248a5328b,3400,3200,00007f80,16,424,1,1,7,c008b16b8d55709c0000,3000,3400
FPREM_completed,64,RZ,random,8,QUOTIENT_SIGNED_BITS_DIFFER,c44d0a1ea70b20ff,0eeac7548da1932d,bceec474924529945800,bceec474924529945800,8ee88e9248a5328b,3400,3200,00007f80,16,424,1,1,7,c008b16b8d55709c0000,3000,3400
FPREM_completed,64,RZ,random,8,SINGLE_INSTRUCTION_VALUE_MISMATCH,c44d0a1ea70b20ff,0eeac7548da1932d,bceec474924529945800,bceec474924529945800,8ee88e9248a5328b,3400,3200,00007f80,16,424,1,1,7,c008b16b8d55709c0000,3000,3400
FPREM_completed,64,RZ,random,8,SINGLE_INSTRUCTION_C2_PARTIAL,c44d0a1ea70b20ff,0eeac7548da1932d,bceec474924529945800,bceec474924529945800,8ee88e9248a5328b,3400,3200,00007f80,16,424,1,1,7,c008b16b8d55709c0000,3000,3400
FPREM_completed,64,RZ,random,9,ALL,14c615a007ecca11,e2509355b1112f51,3d4cb0ad003f66508800,3d4cb0ad003f66508800,14c615a007ecca11,3000,3000,00007f80,1,0,0,0,0,3d4cb0ad003f66508800,3000,3000
FPREM_completed,64,RZ,random,9,SINGLE_COMPLETE_FINITE_CASE,14c615a007ecca11,e2509355b1112f51,3d4cb0ad003f66508800,3d4cb0ad003f66508800,14c615a007ecca11,3000,3000,00007f80,1,0,0,0,0,3d4cb0ad003f66508800,3000,3000
FPREM_completed,64,RZ,random,10,ALL,e17a9da691069bad,bf7616c50e54a52d,bff6b2396f9289d0f000,bff6b2396f9289d0f000,bf66472df2513a1e,3400,3300,00007f80,10,266,5,5,5,c1f3b2a68b0280980000,3000,3400
FPREM_completed,64,RZ,random,10,X87_MULTISTEP,e17a9da691069bad,bf7616c50e54a52d,bff6b2396f9289d0f000,bff6b2396f9289d0f000,bf66472df2513a1e,3400,3300,00007f80,10,266,5,5,5,c1f3b2a68b0280980000,3000,3400
FPREM_completed,64,RZ,random,10,SINGLE_INSTRUCTION_VALUE_MISMATCH,e17a9da691069bad,bf7616c50e54a52d,bff6b2396f9289d0f000,bff6b2396f9289d0f000,bf66472df2513a1e,3400,3300,00007f80,10,266,5,5,5,c1f3b2a68b0280980000,3000,3400
FPREM_completed,64,RZ,random,10,SINGLE_INSTRUCTION_C2_PARTIAL,e17a9da691069bad,bf7616c50e54a52d,bff6b2396f9289d0f000,bff6b2396f9289d0f000,bf66472df2513a1e,3400,3300,00007f80,10,266,5,5,5,c1f3b2a68b0280980000,3000,3400
FPREM_completed,64,RZ,random,11,ALL,4a4e1234b1a55a7f,29841a150e25814e,3e95abc4469a67fc0000,3e95abc4469a67fc0000,29557888d34cff80,3400,3000,00007f80,9,289,0,0,0,4075d17ea87146938000,3000,3400
FPREM_completed,64,RZ,random,11,X87_MULTISTEP,4a4e1234b1a55a7f,29841a150e25814e,3e95abc4469a67fc0000,3e95abc4469a67fc0000,29557888d34cff80,3400,3000,00007f80,9,289,0,0,0,4075d17ea87146938000,3000,3400
FPREM_completed,64,RZ,random,11,SINGLE_INSTRUCTION_VALUE_MISMATCH,4a4e1234b1a55a7f,29841a150e25814e,3e95abc4469a67fc0000,3e95abc4469a67fc0000,29557888d34cff80,3400,3000,00007f80,9,289,0,0,0,4075d17ea87146938000,3000,3400
FPREM_completed,64,RZ,random,11,SINGLE_INSTRUCTION_C2_PARTIAL,4a4e1234b1a55a7f,29841a150e25814e,3e95abc4469a67fc0000,3e95abc4469a67fc0000,29557888d34cff80,3400,3000,00007f80,9,289,0,0,0,4075d17ea87146938000,3000,3400
FPREM_completed,64,RZ,random,12,ALL,6594f41e49bee1a0,3bf5817dfb70df6d,3fbeee382bb4dd19f000,3fbeee382bb4dd19f000,3bedc705769ba33e,3400,3300,00007f80,12,321,5,5,5,421e9b54c40c8e563000,3000,3400
FPREM_completed,64,RZ,random,12,X87_MULTISTEP,6594f41e49bee1a0,3bf5817dfb70df6d,3fbeee382bb4dd19f000,3fbeee382bb4dd19f000,3bedc705769ba33e,3400,3300,00007f80,12,321,5,5,5,421e9b54c40c8e563000,3000,3400
FPREM_completed,64,RZ,random,12,SINGLE_INSTRUCTION_VALUE_MISMATCH,6594f41e49bee1a0,3bf5817dfb70df6d,3fbeee382bb4dd19f000,3fbeee382bb4dd19f000,3bedc705769ba33e,3400,3300,00007f80,12,321,5,5,5,421e9b54c40c8e563000,3000,3400
FPREM_completed,64,RZ,random,12,SINGLE_INSTRUCTION_C2_PARTIAL,6594f41e49bee1a0,3bf5817dfb70df6d,3fbeee382bb4dd19f000,3fbeee382bb4dd19f000,3bedc705769ba33e,3400,3300,00007f80,12,321,5,5,5,421e9b54c40c8e563000,3000,3400
FPREM_completed,64,RZ,random,13,ALL,c1132a8b237f2b9d,594d73404f44c27e,c0119954591bf95ce800,c0119954591bf95ce800,c1132a8b237f2b9d,3000,3000,00007f80,1,0,0,0,0,c0119954591bf95ce800,3000,3000
FPREM_completed,64,RZ,random,13,SINGLE_COMPLETE_FINITE_CASE,c1132a8b237f2b9d,594d73404f44c27e,c0119954591bf95ce800,c0119954591bf95ce800,c1132a8b237f2b9d,3000,3000,00007f80,1,0,0,0,0,c0119954591bf95ce800,3000,3000
FPREM_completed,64,RZ,random,14,ALL,b7683dfbd1805aff,bf598884c49fca9b,bf76c1efde8c02d7f800,bf76c1efde8c02d7f800,b7683dfbd1805aff,3000,3000,00007f80,1,0,0,0,0,bf76c1efde8c02d7f800,3000,3000
FPREM_completed,64,RZ,random,14,SINGLE_COMPLETE_FINITE_CASE,b7683dfbd1805aff,bf598884c49fca9b,bf76c1efde8c02d7f800,bf76c1efde8c02d7f800,b7683dfbd1805aff,3000,3000,00007f80,1,0,0,0,0,bf76c1efde8c02d7f800,3000,3000
FPREM_completed,64,RZ,random,15,ALL,6f490969190f62c4,ae1215eb462405c7,3ee1818d7f0b5adcc800,3ee1818d7f0b5adcc800,2e1031afe16b5b99,3400,3200,00007f80,17,494,1,1,7,42bddc90617d46440000,3000,3400
FPREM_completed,64,RZ,random,15,X87_MULTISTEP,6f490969190f62c4,ae1215eb462405c7,3ee1818d7f0b5adcc800,3ee1818d7f0b5adcc800,2e1031afe16b5b99,3400,3200,00007f80,17,494,1,1,7,42bddc90617d46440000,3000,3400
FPREM_completed,64,RZ,random,15,QUOTIENT_SIGNED_BITS_DIFFER,6f490969190f62c4,ae1215eb462405c7,3ee1818d7f0b5adcc800,3ee1818d7f0b5adcc800,2e1031afe16b5b99,3400,3200,00007f80,17,494,1,1,7,42bddc90617d46440000,3000,3400
FPREM_completed,64,RZ,random,15,SINGLE_INSTRUCTION_VALUE_MISMATCH,6f490969190f62c4,ae1215eb462405c7,3ee1818d7f0b5adcc800,3ee1818d7f0b5adcc800,2e1031afe16b5b99,3400,3200,00007f80,17,494,1,1,7,42bddc90617d46440000,3000,3400
FPREM_completed,64,RZ,random,15,SINGLE_INSTRUCTION_C2_PARTIAL,6f490969190f62c4,ae1215eb462405c7,3ee1818d7f0b5adcc800,3ee1818d7f0b5adcc800,2e1031afe16b5b99,3400,3200,00007f80,17,494,1,1,7,42bddc90617d46440000,3000,3400
FPREM_completed,64,RZ,random,16,ALL,8da36025d28a21d8,33ed6497a86d8353,bcda9b012e94510ec000,bcda9b012e94510ec000,8da36025d28a21d8,3000,3000,00007f80,1,0,0,0,0,bcda9b012e94510ec000,3000,3000
FPREM_completed,64,RZ,random,16,SINGLE_COMPLETE_FINITE_CASE,8da36025d28a21d8,33ed6497a86d8353,bcda9b012e94510ec000,bcda9b012e94510ec000,8da36025d28a21d8,3000,3000,00007f80,1,0,0,0,0,bcda9b012e94510ec000,3000,3000
FPREM_completed,64,RZ,random,17,ALL,b77e8b7c1bae6945,ce13f0f8f189085d,bf77f45be0dd734a2800,bf77f45be0dd734a2800,b77e8b7c1bae6945,3000,3000,00007f80,1,0,0,0,0,bf77f45be0dd734a2800,3000,3000
FPREM_completed,64,RZ,random,17,SINGLE_COMPLETE_FINITE_CASE,b77e8b7c1bae6945,ce13f0f8f189085d,bf77f45be0dd734a2800,bf77f45be0dd734a2800,b77e8b7c1bae6945,3000,3000,00007f80,1,0,0,0,0,bf77f45be0dd734a2800,3000,3000
FPREM_completed,64,RZ,random,18,ALL,1e56657267a4546d,63b83902f22bfcd7,3de5b32b933d22a36800,3de5b32b933d22a36800,1e56657267a4546d,3000,3000,00007f80,1,0,0,0,0,3de5b32b933d22a36800,3000,3000
FPREM_completed,64,RZ,random,18,SINGLE_COMPLETE_FINITE_CASE,1e56657267a4546d,63b83902f22bfcd7,3de5b32b933d22a36800,3de5b32b933d22a36800,1e56657267a4546d,3000,3000,00007f80,1,0,0,0,0,3de5b32b933d22a36800,3000,3000
FPREM_completed,64,RZ,random,19,ALL,520a608fd94c71bc,1a0745443aa528a2,3da09d581f06e8e3b000,3da09d581f06e8e3b000,1a03ab03e0dd1c76,3400,3300,00007f80,18,451,5,5,5,4100afcb0604c208c000,3000,3400
FPREM_completed,64,RZ,random,19,X87_MULTISTEP,520a608fd94c71bc,1a0745443aa528a2,3da09d581f06e8e3b000,3da09d581f06e8e3b000,1a03ab03e0dd1c76,3400,3300,00007f80,18,451,5,5,5,4100afcb0604c208c000,3000,3400
FPREM_completed,64,RZ,random,19,SINGLE_INSTRUCTION_VALUE_MISMATCH,520a608fd94c71bc,1a0745443aa528a2,3da09d581f06e8e3b000,3da09d581f06e8e3b000,1a03ab03e0dd1c76,3400,3300,00007f80,18,451,5,5,5,4100afcb0604c208c000,3000,3400
FPREM_completed,64,RZ,random,19,SINGLE_INSTRUCTION_C2_PARTIAL,520a608fd94c71bc,1a0745443aa528a2,3da09d581f06e8e3b000,3da09d581f06e8e3b000,1a03ab03e0dd1c76,3400,3300,00007f80,18,451,5,5,5,4100afcb0604c208c000,3000,3400
FPREM_completed,64,RZ,random,20,X87_MULTISTEP,e11dd77714b3258b,2594be96d5414b93,be58a3ced03246e70000,be58a3ced03246e70000,a58479da0648dce0,3400,3000,00007f80,16,468,0,0,0,c1d689da8af23e7a8000,3000,3400
FPREM_completed,64,RZ,random,20,SINGLE_INSTRUCTION_VALUE_MISMATCH,e11dd77714b3258b,2594be96d5414b93,be58a3ced03246e70000,be58a3ced03246e70000,a58479da0648dce0,3400,3000,00007f80,16,468,0,0,0,c1d689da8af23e7a8000,3000,3400
FPREM_completed,64,RZ,random,20,SINGLE_INSTRUCTION_C2_PARTIAL,e11dd77714b3258b,2594be96d5414b93,be58a3ced03246e70000,be58a3ced03246e70000,a58479da0648dce0,3400,3000,00007f80,16,468,0,0,0,c1d689da8af23e7a8000,3000,3400
FPREM_completed,64,RZ,random,21,SINGLE_COMPLETE_FINITE_CASE,b452c0bf0200d818,6b0151688251e8ff,bf459605f81006c0c000,bf459605f81006c0c000,b452c0bf0200d818,3000,3000,00007f80,1,0,0,0,0,bf459605f81006c0c000,3000,3000
FPREM_completed,64,RZ,random,22,QUOTIENT_SIGNED_BITS_DIFFER,a04b39e9068ce4c8,1eb552ddc4042814,bdeba22526717ed96000,bdeba22526717ed96000,9eb444a4ce2fdb2c,3000,3200,00007f80,1,14,1,1,7,bdeba22526717ed96000,3000,3200
FPREM_completed,64,RZ,random,22,SINGLE_COMPLETE_FINITE_CASE,a04b39e9068ce4c8,1eb552ddc4042814,bdeba22526717ed96000,bdeba22526717ed96000,9eb444a4ce2fdb2c,3000,3200,00007f80,1,14,1,1,7,bdeba22526717ed96000,3000,3200
FPREM_completed,64,RZ,random,23,SINGLE_COMPLETE_FINITE_CASE,af4da42f6014ff40,b29387e0e24fc445,bef4ed217b00a7fa0000,bef4ed217b00a7fa0000,af4da42f6014ff40,3000,3000,00007f80,1,0,0,0,0,bef4ed217b00a7fa0000,3000,3000
FPREM_completed,64,RZ,random,24,X87_MULTISTEP,d4114ba021dfe810,3c9d3fbdef8f3ad4,bfc899b8aef443cc0000,bfc899b8aef443cc0000,bc833715de887980,3400,3000,00007f80,7,185,0,0,0,c105ea7fac552c3a0000,3000,3400
FPREM_completed,64,RZ,random,24,SINGLE_INSTRUCTION_VALUE_MISMATCH,d4114ba021dfe810,3c9d3fbdef8f3ad4,bfc899b8aef443cc0000,bfc899b8aef443cc0000,bc833715de887980,3400,3000,00007f80,7,185,0,0,0,c105ea7fac552c3a0000,3000,3400
FPREM_completed,64,RZ,random,24,SINGLE_INSTRUCTION_C2_PARTIAL,d4114ba021dfe810,3c9d3fbdef8f3ad4,bfc899b8aef443cc0000,bfc899b8aef443cc0000,bc833715de887980,3400,3000,00007f80,7,185,0,0,0,c105ea7fac552c3a0000,3000,3400
FPREM_completed,64,RZ,random,25,SINGLE_COMPLETE_FINITE_CASE,69ef6e510d168232,717a855f449728e5,429efb728868b4119000,429efb728868b4119000,69ef6e510d168232,3000,3000,00007f80,1,0,0,0,0,429efb728868b4119000,3000,3000
FPREM_completed,64,RZ,random,26,SINGLE_COMPLETE_FINITE_CASE,d6883f0417967388,e66311ff39fee26c,c168c1f820bcb39c4000,c168c1f820bcb39c4000,d6883f0417967388,3000,3000,00007f80,1,0,0,0,0,c168c1f820bcb39c4000,3000,3000
FPREM_completed,64,RZ,random,27,SINGLE_COMPLETE_FINITE_CASE,4fa14b561f8c01bf,f471624ef4a20fbf,40fa8a5ab0fc600df800,40fa8a5ab0fc600df800,4fa14b561f8c01bf,3000,3000,00007f80,1,0,0,0,0,40fa8a5ab0fc600df800,3000,3000
FPREM_completed,64,RZ,random,28,SINGLE_COMPLETE_FINITE_CASE,9d1803c5770d693a,239d03d2d46d3116,bdd1c01e2bb86b49d000,bdd1c01e2bb86b49d000,9d1803c5770d693a,3000,3000,00007f80,1,0,0,0,0,bdd1c01e2bb86b49d000,3000,3000
FPREM_completed,64,RZ,random,29,X87_MULTISTEP,7f2c60a814b272c4,e633a951c7718da0,4262993de6ed86800000,4262993de6ed86800000,662327bcddb0d000,3400,3000,00007f80,7,214,0,0,0,43c0ea05ff1215200000,3000,3400
FPREM_completed,64,RZ,random,29,SINGLE_INSTRUCTION_VALUE_MISMATCH,7f2c60a814b272c4,e633a951c7718da0,4262993de6ed86800000,4262993de6ed86800000,662327bcddb0d000,3400,3000,00007f80,7,214,0,0,0,43c0ea05ff1215200000,3000,3400
FPREM_completed,64,RZ,random,29,SINGLE_INSTRUCTION_C2_PARTIAL,7f2c60a814b272c4,e633a951c7718da0,4262993de6ed86800000,4262993de6ed86800000,662327bcddb0d000,3400,3000,00007f80,7,214,0,0,0,43c0ea05ff1215200000,3000,3400
FPREM_completed,64,RZ,random,30,SINGLE_COMPLETE_FINITE_CASE,9148b248811c9805,42fcc655290ba003,bd14c5924408e4c02800,bd14c5924408e4c02800,9148b248811c9805,3000,3000,00007f80,1,0,0,0,0,bd14c5924408e4c02800,3000,3000
FPREM_completed,64,RZ,random,31,SINGLE_COMPLETE_FINITE_CASE,91825b4d252f035d,ac6a40183abe4a22,bd1892da6929781ae800,bd1892da6929781ae800,91825b4d252f035d,3000,3000,00007f80,1,0,0,0,0,bd1892da6929781ae800,3000,3000
FPREM_completed,64,RZ,random,32,SINGLE_COMPLETE_FINITE_CASE,97787847f9bd2af4,fa15567f6a6f1ee1,bd77c3c23fcde957a000,bd77c3c23fcde957a000,97787847f9bd2af4,3000,3000,00007f80,1,0,0,0,0,bd77c3c23fcde957a000,3000,3000
FPREM_completed,64,RZ,random,33,X87_MULTISTEP,df47de5513ea6822,1bdd3f3c49777f1a,bdbc9dd84fac431e2000,bdbc9dd84fac431e2000,9bc3bb09f58863c4,3400,7200,00007f80,23,529,3,3,5,c1b89cf920695de20000,3000,3400
FPREM_completed,64,RZ,random,33,QUOTIENT_SIGNED_BITS_DIFFER,df47de5513ea6822,1bdd3f3c49777f1a,bdbc9dd84fac431e2000,bdbc9dd84fac431e2000,9bc3bb09f58863c4,3400,7200,00007f80,23,529,3,3,5,c1b89cf920695de20000,3000,3400
FPREM_completed,64,RZ,random,33,MORE_THAN_512_SUBTRACTIONS,df47de5513ea6822,1bdd3f3c49777f1a,bdbc9dd84fac431e2000,bdbc9dd84fac431e2000,9bc3bb09f58863c4,3400,7200,00007f80,23,529,3,3,5,c1b89cf920695de20000,3000,3400
FPREM_completed,64,RZ,random,33,SINGLE_INSTRUCTION_VALUE_MISMATCH,df47de5513ea6822,1bdd3f3c49777f1a,bdbc9dd84fac431e2000,bdbc9dd84fac431e2000,9bc3bb09f58863c4,3400,7200,00007f80,23,529,3,3,5,c1b89cf920695de20000,3000,3400
FPREM_completed,64,RZ,random,33,SINGLE_INSTRUCTION_C2_PARTIAL,df47de5513ea6822,1bdd3f3c49777f1a,bdbc9dd84fac431e2000,bdbc9dd84fac431e2000,9bc3bb09f58863c4,3400,7200,00007f80,23,529,3,3,5,c1b89cf920695de20000,3000,3400
FPREM_completed,64,RZ,random,34,X87_MULTISTEP,5ada68c2e5cabb64,978f4e73e3766ff9,3d788fe5fe85dc72f000,3d788fe5fe85dc72f000,1781fcbfd0bb8e5e,3400,7000,00007f80,22,557,2,2,6,41789a93cdfc23e8f800,3000,3400
FPREM_completed,64,RZ,random,34,QUOTIENT_SIGNED_BITS_DIFFER,5ada68c2e5cabb64,978f4e73e3766ff9,3d788fe5fe85dc72f000,3d788fe5fe85dc72f000,1781fcbfd0bb8e5e,3400,7000,00007f80,22,557,2,2,6,41789a93cdfc23e8f800,3000,3400
FPREM_completed,64,RZ,random,34,MORE_THAN_512_SUBTRACTIONS,5ada68c2e5cabb64,978f4e73e3766ff9,3d788fe5fe85dc72f000,3d788fe5fe85dc72f000,1781fcbfd0bb8e5e,3400,7000,00007f80,22,557,2,2,6,41789a93cdfc23e8f800,3000,3400
FPREM_completed,64,RZ,random,34,SINGLE_INSTRUCTION_VALUE_MISMATCH,5ada68c2e5cabb64,978f4e73e3766ff9,3d788fe5fe85dc72f000,3d788fe5fe85dc72f000,1781fcbfd0bb8e5e,3400,7000,00007f80,22,557,2,2,6,41789a93cdfc23e8f800,3000,3400
FPREM_completed,64,RZ,random,34,SINGLE_INSTRUCTION_C2_PARTIAL,5ada68c2e5cabb64,978f4e73e3766ff9,3d788fe5fe85dc72f000,3d788fe5fe85dc72f000,1781fcbfd0bb8e5e,3400,7000,00007f80,22,557,2,2,6,41789a93cdfc23e8f800,3000,3400
FPREM_completed,64,RZ,random,35,X87_MULTISTEP,a76c958fcc12d08c,989a991372a47146,bd898c77de0d75dc2000,bd898c77de0d75dc2000,98918efbc1aebb84,3400,7000,00007f80,5,121,2,2,2,be49c7bd9c283ee2f000,3000,3400
FPREM_completed,64,RZ,random,35,SINGLE_INSTRUCTION_VALUE_MISMATCH,a76c958fcc12d08c,989a991372a47146,bd898c77de0d75dc2000,bd898c77de0d75dc2000,98918efbc1aebb84,3400,7000,00007f80,5,121,2,2,2,be49c7bd9c283ee2f000,3000,3400
FPREM_completed,64,RZ,random,35,SINGLE_INSTRUCTION_C2_PARTIAL,a76c958fcc12d08c,989a991372a47146,bd898c77de0d75dc2000,bd898c77de0d75dc2000,98918efbc1aebb84,3400,7000,00007f80,5,121,2,2,2,be49c7bd9c283ee2f000,3000,3400
FPREM_completed,64,RZ,random,36,X87_MULTISTEP,73538c0c3447ef9c,69bbc16644e39d84,429696ae4e14f3000000,429696ae4e14f3000000,6962d5c9c29e6000,3400,3000,00007f80,3,83,0,0,0,42fb8ba018ce380f4000,3000,3400
FPREM_completed,64,RZ,random,36,SINGLE_INSTRUCTION_VALUE_MISMATCH,73538c0c3447ef9c,69bbc16644e39d84,429696ae4e14f3000000,429696ae4e14f3000000,6962d5c9c29e6000,3400,3000,00007f80,3,83,0,0,0,42fb8ba018ce380f4000,3000,3400
FPREM_completed,64,RZ,random,36,SINGLE_INSTRUCTION_C2_PARTIAL,73538c0c3447ef9c,69bbc16644e39d84,429696ae4e14f3000000,429696ae4e14f3000000,6962d5c9c29e6000,3400,3000,00007f80,3,83,0,0,0,42fb8ba018ce380f4000,3000,3400
FPREM_completed,64,RZ,random,37,SINGLE_COMPLETE_FINITE_CASE,2fa7c32afc6000ba,6f78d4e5ac78ca42,3efabe1957e30005d000,3efabe1957e30005d000,2fa7c32afc6000ba,3000,3000,00007f80,1,0,0,0,0,3efabe1957e30005d000,3000,3000
FPREM_completed,64,RZ,random,38,X87_MULTISTEP,3d43afc97578251a,a04640200977c35b,3e02e186dfd02dd44000,3e02e186dfd02dd44000,202c30dbfa05ba88,3400,7000,00007f80,8,209,2,2,6,3fa1b62ad18302834000,3000,3400
FPREM_completed,64,RZ,random,38,QUOTIENT_SIGNED_BITS_DIFFER,3d43afc97578251a,a04640200977c35b,3e02e186dfd02dd44000,3e02e186dfd02dd44000,202c30dbfa05ba88,3400,7000,00007f80,8,209,2,2,6,3fa1b62ad18302834000,3000,3400
FPREM_completed,64,RZ,random,38,SINGLE_INSTRUCTION_VALUE_MISMATCH,3d43afc97578251a,a04640200977c35b,3e02e186dfd02dd44000,3e02e186dfd02dd44000,202c30dbfa05ba88,3400,7000,00007f80,8,209,2,2,6,3fa1b62ad18302834000,3000,3400
FPREM_completed,64,RZ,random,38,SINGLE_INSTRUCTION_C2_PARTIAL,3d43afc97578251a,a04640200977c35b,3e02e186dfd02dd44000,3e02e186dfd02dd44000,202c30dbfa05ba88,3400,7000,00007f80,8,209,2,2,6,3fa1b62ad18302834000,3000,3400
FPREM_completed,64,RZ,random,39,X87_MULTISTEP,de5e7ac0be62872d,966524ac718d39c5,bd64f4a6c0bb5953c000,bd64f4a6c0bb5953c000,964e94d8176b2a78,3400,7000,00007f80,21,530,2,2,2,c1a5cb9ac6b91d17c000,3000,3400
FPREM_completed,64,RZ,random,39,MORE_THAN_512_SUBTRACTIONS,de5e7ac0be62872d,966524ac718d39c5,bd64f4a6c0bb5953c000,bd64f4a6c0bb5953c000,964e94d8176b2a78,3400,7000,00007f80,21,530,2,2,2,c1a5cb9ac6b91d17c000,3000,3400
FPREM_completed,64,RZ,random,39,SINGLE_INSTRUCTION_VALUE_MISMATCH,de5e7ac0be62872d,966524ac718d39c5,bd64f4a6c0bb5953c000,bd64f4a6c0bb5953c000,964e94d8176b2a78,3400,7000,00007f80,21,530,2,2,2,c1a5cb9ac6b91d17c000,3000,3400
FPREM_completed,64,RZ,random,39,SINGLE_INSTRUCTION_C2_PARTIAL,de5e7ac0be62872d,966524ac718d39c5,bd64f4a6c0bb5953c000,bd64f4a6c0bb5953c000,964e94d8176b2a78,3400,7000,00007f80,21,530,2,2,2,c1a5cb9ac6b91d17c000,3000,3400
FPREM_completed,64,RZ,random,40,QUOTIENT_SIGNED_BITS_DIFFER,eda549eb3ce9804c,38af62f6b3141d76,bf889a7d3835a621c000,bf889a7d3835a621c000,b8834fa706b4c438,3400,7200,00007f80,18,433,3,3,5,c2aac0b071cba34d2000,3000,3400
FPREM_completed,64,RZ,random,42,QUOTIENT_SIGNED_BITS_DIFFER,7347a7d32d010189,bbdc7d30e2d90d34,3fb98d23799480640000,3fb98d23799480640000,3b91a46f32900c80,3400,7100,00007f80,15,450,6,6,2,42fc9fbd6059542a0000,3000,3400
FPREM_completed,64,RZ,random,49,QUOTIENT_SIGNED_BITS_DIFFER,5c2a8192de56c7a7,af1cce228ec78966,3eeee9d87ca2a2dd0000,3eeee9d87ca2a2dd0000,2eed3b0f94545ba0,3400,7000,00007f80,14,342,2,2,6,418fe6e4d24d849b4000,3000,3400
FPREM_completed,64,RZ,random,53,MORE_THAN_512_SUBTRACTIONS,69920c42a30349f2,121d884a542f682a,3d1ec47d5167226b0000,3d1ec47d5167226b0000,11e88faa2ce44d60,3400,7000,00007f80,30,720,2,2,2,425e8220e02d6a9d0000,3000,3400
FPREM_completed,64,RZ,random,56,QUOTIENT_SIGNED_BITS_DIFFER,c4b90a3ed64c2a40,1fe81d7e2ed3fc27,bdfd925b30d6d3c4b000,bdfd925b30d6d3c4b000,9fd24b661ada7896,3400,7200,00007f80,11,284,3,3,5,c018c4c76f8e86c20000,3000,3400
FPREM_completed,64,RZ,random,57,QUOTIENT_SIGNED_BITS_DIFFER,ed507db431407d57,0647f267a6605818,bc64b3416ec2299ec000,bc64b3416ec2299ec000,8646682dd84533d8,3400,7300,00007f80,31,853,7,7,1,c2a3e4016d1fd4eb8000,3000,3400
FPREM_completed,64,RZ,random,57,MORE_THAN_512_SUBTRACTIONS,ed507db431407d57,0647f267a6605818,bc64b3416ec2299ec000,bc64b3416ec2299ec000,8646682dd84533d8,3400,7300,00007f80,31,853,7,7,1,c2a3e4016d1fd4eb8000,3000,3400
FPREM_completed,64,RZ,random,58,QUOTIENT_SIGNED_BITS_DIFFER,0b4cedfe07d58842,881120faae2ba810,3c80ee80e917980e0000,3c80ee80e917980e0000,080dd01d22f301c0,7000,7000,00007f80,1,24,2,2,6,3c80ee80e917980e0000,3000,7000
FPREM_completed,64,RZ,random,64,QUOTIENT_SIGNED_BITS_DIFFER,3d6d5518fff5b85a,b2c080d4eacc0f02,3f2bb90880c40596a000,3f2bb90880c40596a000,32b721101880b2d4,3400,7200,00007f80,3,89,3,3,5,3fabfeb20f601b2a0000,3000,3400
FPREM_completed,64,RZ,random,65,QUOTIENT_SIGNED_BITS_DIFFER,ea898a5b92cc34b3,61c55622da782f80,c21be355b08463f80000,c21be355b08463f80000,e1bc6ab6108c7f00,3400,7300,00007f80,3,65,7,7,1,c27caa4203562bf00000,3000,3400
FPREM_completed,64,RZ,random,74,QUOTIENT_SIGNED_BITS_DIFFER,755e02aa7062ebf6,d55a977a4df97796,4153946a6c7d5f19c000,4153946a6c7d5f19c000,55328d4d8fabe338,3400,7200,00007f80,10,267,3,3,5,4334c0cf178ad3b60000,3000,3400
FPREM_completed,64,RZ,random,79,QUOTIENT_SIGNED_BITS_DIFFER,a4c9fe04e3afd8c6,047d0b5baa9fe2fa,bc46f88054550d2ea000,bc46f88054550d2ea000,846f100a8aa1a5d4,3400,7300,00007f80,11,246,7,7,1,be27b23210f0096ab000,3000,3400
FPREM_completed,64,RZ,random,81,QUOTIENT_SIGNED_BITS_DIFFER,e68d3c006f201df4,1ee887edcd9168d5,bded8ea30b8a5ec5b000,bded8ea30b8a5ec5b000,9ed1d461714bd8b6,3400,3200,00007f80,19,580,1,1,7,c22bf7786d2b29f64000,3000,3400
FPREM_completed,64,RZ,random,81,MORE_THAN_512_SUBTRACTIONS,e68d3c006f201df4,1ee887edcd9168d5,bded8ea30b8a5ec5b000,bded8ea30b8a5ec5b000,9ed1d461714bd8b6,3400,3200,00007f80,19,580,1,1,7,c22bf7786d2b29f64000,3000,3400
FPREM_completed,64,RZ,random,84,MORE_THAN_512_SUBTRACTIONS,f993df8021999846,15a30e386b02b404,bd59a37b190d27ff8000,bd59a37b190d27ff8000,95946f6321a4fff0,3400,7000,00007f80,27,791,2,2,6,c356e7264a4b254a0000,3000,3400
FPREM_completed,64,RZ,random,86,MORE_THAN_512_SUBTRACTIONS,d5cf4344b88928f2,09de7fb0fe8aac8b,bc9cef6403e237cc2000,bc9cef6403e237cc2000,89cdec807c46f984,3400,7000,00007f80,27,644,2,2,6,c11ccb5db15201948000,3000,3400
FPREM_completed,64,RZ,random,87,MORE_THAN_512_SUBTRACTIONS,7b5310c9fc212395,8eda03c9c430ce5f,3ceda67a4035f71e0800,3ceda67a4035f71e0800,0ed4cf4806bee3c1,3400,3200,00007f80,35,862,1,1,7,438dad1847dc972e5000,3000,3400
FPREM_completed,64,RZ,random,92,MORE_THAN_512_SUBTRACTIONS,e3a846a2bfbc4178,80f257439666d7d5,bc0efe69ccfe2b88b000,bc0efe69ccfe2b88b000,80efcd399fc57116,3400,3200,00007f80,27,808,1,1,1,c20ed8bfa47883faa000,3000,3400
FPREM_completed,64,RZ,random,104,MORE_THAN_512_SUBTRACTIONS,56b9818e16a7fd62,89436d87e2292558,3c9389e4299005490000,3c9389e4299005490000,09313c853200a920,3400,7000,00007f80,21,612,2,2,6,4132e621769844f50000,3000,3400
FPREM_completed,64,RZ,random,105,MORE_THAN_512_SUBTRACTIONS,f98f1f2039d4b32c,334ccb14838191dc,bf33b727e9205ee78000,bf33b727e9205ee78000,b336e4fd240bdcf0,3400,7100,00007f80,21,541,6,6,2,c373aa7b214060490000,3000,3400
FPREM_completed,64,RZ,random,113,MORE_THAN_512_SUBTRACTIONS,f30db0b39235c396,ad720371ec7fe712,bed6e52447770bc42000,bed6e52447770bc42000,ad6ca488eee17884,3400,7300,00007f80,20,543,7,7,7,c2f780a1106b971c5000,3000,3400
FPREM_completed,64,RZ,random,121,MORE_THAN_512_SUBTRACTIONS,7c0ada0c874938dc,97f0e3e5fa42fb78,3d7d92daf8abd3320000,3d7d92daf8abd3320000,17d25b5f157a6640,3400,7000,00007f80,27,815,2,2,6,439dcaa9d3e967880000,3000,3400
FPREM_completed,64,RZ,random,135,MORE_THAN_512_SUBTRACTIONS,7acec2800ccf3118,3498831721aad9e8,3f489bf2fc73696c0000,3f489bf2fc73696c0000,34837e5f8e6d2d80,3400,3000,00007f80,24,556,0,0,0,4389952eef1c607c4000,3000,3400
FPREM_completed,64,RZ,random,142,MORE_THAN_512_SUBTRACTIONS,7264155fa13b8f59,9c647ced0ca8226b,3dc2bb2947c812938000,3dc2bb2947c812938000,1c276528f9025270,3400,7200,00007f80,23,682,3,3,5,4304bacaa0d979ba8000,3000,3400
FPREM_completed,64,RZ,random,144,MORE_THAN_512_SUBTRACTIONS,ed2dc6396c42b6f8,02c3611c2eadf718,bc2c8b01a3a2125f4000,bc2c8b01a3a2125f4000,82c1603474424be8,3400,3200,00007f80,30,845,1,1,7,c2ac86ddaf9c03cf8000,3000,3400
FPREM_completed,64,RZ,random,156,MORE_THAN_512_SUBTRACTIONS,c55b68e984a6b54d,8255bc36c1074b77,bc24f0d9566cbcd5c000,bc24f0d9566cbcd5c000,824e1b2acd979ab8,3400,3100,00007f80,21,532,4,4,4,c02598ec8c879ad20000,3000,3400
FPREM_completed,64,RZ,random,171,MORE_THAN_512_SUBTRACTIONS,72a584688a7d4f85,b06b0aa08ec0c009,3f058c563cf186254000,3f058c563cf186254000,30518ac79e30c4a8,3400,3100,00007f80,24,550,4,4,4,430287f05a3c364b0000,3000,3400
FPREM_completed,64,RZ,random,177,MORE_THAN_512_SUBTRACTIONS,d50cccc31539402e,895a0c6a0dc516b8,bc93c6afd484dbae0000,bc93c6afd484dbae0000,8938d5fa909b75c0,3400,7100,00007f80,26,625,6,6,6,c114a8d95df86a620000,3000,3400
FPREM_completed,64,RZ,random,1233,EXCEPTION_FLAGS_MISMATCH,800775f8a1f1e801,335231bcb44634b1,bbffeebf143e3d002000,bbffeebf143e3d002000,800775f8a1f1e801,3002,3002,00007f80,1,0,0,0,0,bbffeebf143e3d002000,3002,3002
FPREM_completed,64,RZ,random,2646,INVALID_OR_NONFINITE_INPUT,fffc16448446619e,97c865bf05fa1bc2,ffffe0b22422330cf000,ffffe0b22422330cf000,fffc16448446619e,3000,3000,00007f80,1,0,0,0,0,ffffe0b22422330cf000,3000,3000
FPREM_completed,64,RZ,random,2646,NAN_RESULT,fffc16448446619e,97c865bf05fa1bc2,ffffe0b22422330cf000,ffffe0b22422330cf000,fffc16448446619e,3000,3000,00007f80,1,0,0,0,0,ffffe0b22422330cf000,3000,3000
FPREM_completed,64,RZ,random,2800,INVALID_OR_NONFINITE_INPUT,7ffec4b85b15dcc9,73ae6374d2acbe2d,7ffff625c2d8aee64800,7ffff625c2d8aee64800,7ffec4b85b15dcc9,3000,3000,00007f80,1,0,0,0,0,7ffff625c2d8aee64800,3000,3000
FPREM_completed,64,RZ,random,2800,NAN_RESULT,7ffec4b85b15dcc9,73ae6374d2acbe2d,7ffff625c2d8aee64800,7ffff625c2d8aee64800,7ffec4b85b15dcc9,3000,3000,00007f80,1,0,0,0,0,7ffff625c2d8aee64800,3000,3000
FPREM_completed,64,RZ,random,2804,INVALID_OR_NONFINITE_INPUT,215f1284a38934b3,ffff2b4bee625364,fffff95a5f73129b2000,fffff95a5f73129b2000,ffff2b4bee625364,3000,3000,00007f80,1,0,0,0,0,fffff95a5f73129b2000,3000,3000
FPREM_completed,64,RZ,random,2804,NAN_RESULT,215f1284a38934b3,ffff2b4bee625364,fffff95a5f73129b2000,fffff95a5f73129b2000,ffff2b4bee625364,3000,3000,00007f80,1,0,0,0,0,fffff95a5f73129b2000,3000,3000
FPREM_completed,64,RZ,random,3319,INVALID_OR_NONFINITE_INPUT,8856eee77a72ede6,fff3ef7fd61e7ede,ffffdf7bfeb0f3f6f000,ffffdf7bfeb0f3f6f000,fffbef7fd61e7ede,3001,3001,00007f81,1,0,0,0,0,ffffdf7bfeb0f3f6f000,3001,3001
FPREM_completed,64,RZ,random,3319,NAN_RESULT,8856eee77a72ede6,fff3ef7fd61e7ede,ffffdf7bfeb0f3f6f000,ffffdf7bfeb0f3f6f000,fffbef7fd61e7ede,3001,3001,00007f81,1,0,0,0,0,ffffdf7bfeb0f3f6f000,3001,3001
FPREM_completed,64,RZ,random,4196,EXCEPTION_FLAGS_MISMATCH,00045d7cbad4eff6,19e3a5eafc13fccf,3bff8baf975a9dfec000,3bff8baf975a9dfec000,00045d7cbad4eff6,3002,3002,00007f80,1,0,0,0,0,3bff8baf975a9dfec000,3002,3002
FPREM_completed,64,RZ,random,5293,EXCEPTION_FLAGS_MISMATCH,000042978fcf403b,f113c2471660d47e,3bfb852f1f9e80760000,3bfb852f1f9e80760000,000042978fcf403b,3002,3002,00007f80,1,0,0,0,0,3bfb852f1f9e80760000,3002,3002
FPREM_completed,64,RZ,random,5800,EXCEPTION_FLAGS_MISMATCH,000f2db77710b090,70ffa1f579d5ad51,3c00f2db77710b090000,3c00f2db77710b090000,000f2db77710b090,3002,3002,00007f80,1,0,0,0,0,3c00f2db77710b090000,3002,3002
FPREM_completed,64,RZ,random,7285,EXCEPTION_FLAGS_MISMATCH,91d7fc48769559e3,800e7bbfc32cef6d,bc00c6b930c4a51f2000,bc00c6b930c4a51f2000,800c6b930c4a51f2,3402,7102,00007f80,5,155,6,6,6,bce0a1f5923ff4eed000,3002,3402
FPREM_completed,64,RZ,random,7438,INVALID_OR_NONFINITE_INPUT,7ffcaf4d654f0d5d,233fc0de0338e527,7fffe57a6b2a786ae800,7fffe57a6b2a786ae800,7ffcaf4d654f0d5d,3000,3000,00007f80,1,0,0,0,0,7fffe57a6b2a786ae800,3000,3000
FPREM_completed,64,RZ,random,7438,NAN_RESULT,7ffcaf4d654f0d5d,233fc0de0338e527,7fffe57a6b2a786ae800,7fffe57a6b2a786ae800,7ffcaf4d654f0d5d,3000,3000,00007f80,1,0,0,0,0,7fffe57a6b2a786ae800,3000,3000
FPREM_completed,64,RZ,random,7596,INVALID_OR_NONFINITE_INPUT,fffbf8822c40c37e,b07d2bef072da5b4,ffffdfc41162061bf000,ffffdfc41162061bf000,fffbf8822c40c37e,3000,3000,00007f80,1,0,0,0,0,ffffdfc41162061bf000,3000,3000
FPREM_completed,64,RZ,random,7596,NAN_RESULT,fffbf8822c40c37e,b07d2bef072da5b4,ffffdfc41162061bf000,ffffdfc41162061bf000,fffbf8822c40c37e,3000,3000,00007f80,1,0,0,0,0,ffffdfc41162061bf000,3000,3000
FPREM_completed,64,RZ,random,7612,EXCEPTION_FLAGS_MISMATCH,00096c497eed1ace,be99f8ce19a39a1b,3c0096c497eed1ace000,3c0096c497eed1ace000,00096c497eed1ace,3002,3002,00007f80,1,0,0,0,0,3c0096c497eed1ace000,3002,3002
FPREM_completed,64,RZ,random,7722,INVALID_OR_NONFINITE_INPUT,fff7691bbe190e08,7bcab5fa750c61cf,fffffb48ddf0c8704000,fffffb48ddf0c8704000,ffff691bbe190e08,3001,3001,00007f81,1,0,0,0,0,fffffb48ddf0c8704000,3001,3001
FPREM_completed,64,RZ,random,7722,NAN_RESULT,fff7691bbe190e08,7bcab5fa750c61cf,fffffb48ddf0c8704000,fffffb48ddf0c8704000,ffff691bbe190e08,3001,3001,00007f81,1,0,0,0,0,fffffb48ddf0c8704000,3001,3001
FPREM_completed,64,RZ,random,9199,EXCEPTION_FLAGS_MISMATCH,800a9a6921f9b5f3,2d747d032040de41,bc00a9a6921f9b5f3000,bc00a9a6921f9b5f3000,800a9a6921f9b5f3,3002,3002,00007f80,1,0,0,0,0,bc00a9a6921f9b5f3000,3002,3002
FPREM_completed,64,RZ,random,10913,INVALID_OR_NONFINITE_INPUT,7fff2484a0f13a1d,6a6fdeea239a6e71,7ffff924250789d0e800,7ffff924250789d0e800,7fff2484a0f13a1d,3000,3000,00007f80,1,0,0,0,0,7ffff924250789d0e800,3000,3000
FPREM_completed,64,RZ,random,10913,NAN_RESULT,7fff2484a0f13a1d,6a6fdeea239a6e71,7ffff924250789d0e800,7ffff924250789d0e800,7fff2484a0f13a1d,3000,3000,00007f80,1,0,0,0,0,7ffff924250789d0e800,3000,3000
FPREM_completed,64,RZ,random,12128,EXCEPTION_FLAGS_MISMATCH,d8e39eeac74a6b81,000b070f8e9013cd,bbffe8da68fe7df5c000,bbffe8da68fe7df5c000,800746d347f3efae,3402,7002,00007f80,25,725,2,2,6,c15e9c4972fc21654000,3002,3402
FPREM_completed,64,RZ,random,13177,INVALID_OR_NONFINITE_INPUT,fff87e6b054cc1e1,8d42223d01aabd08,ffffc3f3582a660f0800,ffffc3f3582a660f0800,fff87e6b054cc1e1,3000,3000,00007f80,1,0,0,0,0,ffffc3f3582a660f0800,3000,3000
FPREM_completed,64,RZ,random,13177,NAN_RESULT,fff87e6b054cc1e1,8d42223d01aabd08,ffffc3f3582a660f0800,ffffc3f3582a660f0800,fff87e6b054cc1e1,3000,3000,00007f80,1,0,0,0,0,ffffc3f3582a660f0800,3000,3000
FPREM_completed,64,RZ,random,13880,INVALID_OR_NONFINITE_INPUT,ffffe5642b6ad5f8,efcf3776f9f393f5,ffffff2b215b56afc000,ffffff2b215b56afc000,ffffe5642b6ad5f8,3000,3000,00007f80,1,0,0,0,0,ffffff2b215b56afc000,3000,3000
FPREM_completed,64,RZ,random,13880,NAN_RESULT,ffffe5642b6ad5f8,efcf3776f9f393f5,ffffff2b215b56afc000,ffffff2b215b56afc000,ffffe5642b6ad5f8,3000,3000,00007f80,1,0,0,0,0,ffffff2b215b56afc000,3000,3000
FPREM_completed,64,RZ,random,14177,INVALID_OR_NONFINITE_INPUT,1de067fae84e79b5,fffd194d792e3ad1,ffffe8ca6bc971d68800,ffffe8ca6bc971d68800,fffd194d792e3ad1,3000,3000,00007f80,1,0,0,0,0,ffffe8ca6bc971d68800,3000,3000
FPREM_completed,64,RZ,random,14177,NAN_RESULT,1de067fae84e79b5,fffd194d792e3ad1,ffffe8ca6bc971d68800,ffffe8ca6bc971d68800,fffd194d792e3ad1,3000,3000,00007f80,1,0,0,0,0,ffffe8ca6bc971d68800,3000,3000
FPREM_completed,64,RZ,random,15808,EXCEPTION_FLAGS_MISMATCH,00078afd5ab9f181,f2aa15676d841be6,3bfff15fab573e302000,3bfff15fab573e302000,00078afd5ab9f181,3002,3002,00007f80,1,0,0,0,0,3bfff15fab573e302000,3002,3002
FPREM_completed,64,RZ,random,16005,INVALID_OR_NONFINITE_INPUT,fff611d7cae68af6,86e423ac385d97f2,fffff08ebe573457b000,fffff08ebe573457b000,fffe11d7cae68af6,3001,3001,00007f81,1,0,0,0,0,fffff08ebe573457b000,3001,3001
FPREM_completed,64,RZ,random,16005,NAN_RESULT,fff611d7cae68af6,86e423ac385d97f2,fffff08ebe573457b000,fffff08ebe573457b000,fffe11d7cae68af6,3001,3001,00007f81,1,0,0,0,0,fffff08ebe573457b000,3001,3001
FPREM_completed,64,RZ,random,16109,INVALID_OR_NONFINITE_INPUT,fff760d464c22dfd,f722efe6567e5e26,fffffb06a326116fe800,fffffb06a326116fe800,ffff60d464c22dfd,3001,3001,00007f81,1,0,0,0,0,fffffb06a326116fe800,3001,3001
FPREM_completed,64,RZ,random,16109,NAN_RESULT,fff760d464c22dfd,f722efe6567e5e26,fffffb06a326116fe800,fffffb06a326116fe800,ffff60d464c22dfd,3001,3001,00007f81,1,0,0,0,0,fffffb06a326116fe800,3001,3001
FPREM_completed,64,RZ,random,17938,EXCEPTION_FLAGS_MISMATCH,000604a2ddf15aaf,4fac635a1fbf943d,3bffc0945bbe2b55e000,3bffc0945bbe2b55e000,000604a2ddf15aaf,3002,3002,00007f80,1,0,0,0,0,3bffc0945bbe2b55e000,3002,3002
FPREM_completed,64,RZ,random,18050,EXCEPTION_FLAGS_MISMATCH,80012b5411c1220b,2bc6fed9f7152b74,bbfd95aa08e091058000,bbfd95aa08e091058000,80012b5411c1220b,3002,3002,00007f80,1,0,0,0,0,bbfd95aa08e091058000,3002,3002
FPREM_completed,64,RZ,random,18144,INVALID_OR_NONFINITE_INPUT,1a697067a9d4131e,7ff4caf5a31236d0,7fffe657ad1891b68000,7fffe657ad1891b68000,7ffccaf5a31236d0,3001,3001,00007f81,1,0,0,0,0,7fffe657ad1891b68000,3001,3001
FPREM_completed,64,RZ,random,18144,NAN_RESULT,1a697067a9d4131e,7ff4caf5a31236d0,7fffe657ad1891b68000,7fffe657ad1891b68000,7ffccaf5a31236d0,3001,3001,00007f81,1,0,0,0,0,7fffe657ad1891b68000,3001,3001
FPREM_completed,64,RZ,random,18393,EXCEPTION_FLAGS_MISMATCH,800a078ea997ffbd,9024b261222329c4,bc00a078ea997ffbd000,bc00a078ea997ffbd000,800a078ea997ffbd,3002,3002,00007f80,1,0,0,0,0,bc00a078ea997ffbd000,3002,3002
FPREM_completed,64,RZ,random,18494,INVALID_OR_NONFINITE_INPUT,8b3795aeea5a51e9,fff42510e432a4b0,ffffe128872195258000,ffffe128872195258000,fffc2510e432a4b0,3001,3001,00007f81,1,0,0,0,0,ffffe128872195258000,3001,3001
FPREM_completed,64,RZ,random,18494,NAN_RESULT,8b3795aeea5a51e9,fff42510e432a4b0,ffffe128872195258000,ffffe128872195258000,fffc2510e432a4b0,3001,3001,00007f81,1,0,0,0,0,ffffe128872195258000,3001,3001
FPREM_completed,64,RZ,random,18855,EXCEPTION_FLAGS_MISMATCH,0009c2ad8c5ab954,e9b24df58db0b1de,3c009c2ad8c5ab954000,3c009c2ad8c5ab954000,0009c2ad8c5ab954,3002,3002,00007f80,1,0,0,0,0,3c009c2ad8c5ab954000,3002,3002
FPREM_completed,64,RZ,random,19982,INVALID_OR_NONFINITE_INPUT,7ff1ef37dbd61011,ed987e4fb1101e19,7fffcf79bedeb0808800,7fffcf79bedeb0808800,7ff9ef37dbd61011,3001,3001,00007f81,1,0,0,0,0,7fffcf79bedeb0808800,3001,3001
FPREM_completed,64,RZ,random,19982,NAN_RESULT,7ff1ef37dbd61011,ed987e4fb1101e19,7fffcf79bedeb0808800,7fffcf79bedeb0808800,7ff9ef37dbd61011,3001,3001,00007f81,1,0,0,0,0,7fffcf79bedeb0808800,3001,3001
FPREM_completed,64,RZ,random,19989,INVALID_OR_NONFINITE_INPUT,6a9d1ec93aecc6ab,fffce7ea399b451a,ffffe73f51ccda28d000,ffffe73f51ccda28d000,fffce7ea399b451a,3000,3000,00007f80,1,0,0,0,0,ffffe73f51ccda28d000,3000,3000
FPREM_completed,64,RZ,random,19989,NAN_RESULT,6a9d1ec93aecc6ab,fffce7ea399b451a,ffffe73f51ccda28d000,ffffe73f51ccda28d000,fffce7ea399b451a,3000,3000,00007f80,1,0,0,0,0,ffffe73f51ccda28d000,3000,3000
FPREM_completed,64,RZ,random,21129,INVALID_OR_NONFINITE_INPUT,1bd16e2aeeb69c1c,fffd80dcf474289d,ffffec06e7a3a144e800,ffffec06e7a3a144e800,fffd80dcf474289d,3000,3000,00007f80,1,0,0,0,0,ffffec06e7a3a144e800,3000,3000
FPREM_completed,64,RZ,random,21129,NAN_RESULT,1bd16e2aeeb69c1c,fffd80dcf474289d,ffffec06e7a3a144e800,ffffec06e7a3a144e800,fffd80dcf474289d,3000,3000,00007f80,1,0,0,0,0,ffffec06e7a3a144e800,3000,3000
FPREM_completed,64,RZ,random,21308,EXCEPTION_FLAGS_MISMATCH,80054af5ac397823,0921b43449e9917b,bbffa95eb5872f046000,bbffa95eb5872f046000,80054af5ac397823,3002,3002,00007f80,1,0,0,0,0,bbffa95eb5872f046000,3002,3002
FPREM_completed,64,RZ,random,21840,INVALID_OR_NONFINITE_INPUT,7ff452155f935d94,1c775d75320a205c,7fffe290aafc9aeca000,7fffe290aafc9aeca000,7ffc52155f935d94,3001,3001,00007f81,1,0,0,0,0,7fffe290aafc9aeca000,3001,3001
FPREM_completed,64,RZ,random,21840,NAN_RESULT,7ff452155f935d94,1c775d75320a205c,7fffe290aafc9aeca000,7fffe290aafc9aeca000,7ffc52155f935d94,3001,3001,00007f81,1,0,0,0,0,7fffe290aafc9aeca000,3001,3001
FPREM_completed,64,RZ,random,22001,INVALID_OR_NONFINITE_INPUT,f51f71d5f317fef7,fff038e0bc7f2023,ffffc1c705e3f9011800,ffffc1c705e3f9011800,fff838e0bc7f2023,3001,3001,00007f81,1,0,0,0,0,ffffc1c705e3f9011800,3001,3001
FPREM_completed,64,RZ,random,22001,NAN_RESULT,f51f71d5f317fef7,fff038e0bc7f2023,ffffc1c705e3f9011800,ffffc1c705e3f9011800,fff838e0bc7f2023,3001,3001,00007f81,1,0,0,0,0,ffffc1c705e3f9011800,3001,3001
FPREM_completed,64,RZ,random,24432,EXCEPTION_FLAGS_MISMATCH,0000524bff113f57,816da281ea85a7a5,3bfba497fe227eae0000,3bfba497fe227eae0000,0000524bff113f57,3002,3002,00007f80,1,0,0,0,0,3bfba497fe227eae0000,3002,3002
FPREM_completed,64,RZ,random,24987,EXCEPTION_FLAGS_MISMATCH,c18b370699eb4229,000f5f84366f4102,bc00a94dcf2b4195c000,bc00a94dcf2b4195c000,800a94dcf2b4195c,3402,7002,00007f80,23,527,2,2,6,bfe0b75ee678fa8bc000,3002,3402
FPREM_completed,64,RZ,random,25096,EXCEPTION_FLAGS_MISMATCH,80090e781b9805f4,29de74e64bc6bc23,bc0090e781b9805f4000,bc0090e781b9805f4000,80090e781b9805f4,3002,3002,00007f80,1,0,0,0,0,bc0090e781b9805f4000,3002,3002
FPREM_completed,64,RZ,random,28782,EXCEPTION_FLAGS_MISMATCH,7b0880470be2fa5b,800c70e46c2bd5e3,3bfffb5bd194a6b34000,3bfffb5bd194a6b34000,0007dade8ca5359a,3402,7002,00007f80,36,969,2,2,6,437f921fd8df6fb1c000,3002,3402
FPREM_completed,64,RZ,random,29586,EXCEPTION_FLAGS_MISMATCH,000dad250093a9db,2b750a83e2704927,3c00dad250093a9db000,3c00dad250093a9db000,000dad250093a9db,3002,3002,00007f80,1,0,0,0,0,3c00dad250093a9db000,3002,3002
FPREM_completed,64,RZ,random,31461,EXCEPTION_FLAGS_MISMATCH,0004db3d8e9a43b0,d79c4aafc37e3e3d,3bff9b67b1d348760000,3bff9b67b1d348760000,0004db3d8e9a43b0,3002,3002,00007f80,1,0,0,0,0,3bff9b67b1d348760000,3002,3002
FPREM_completed,64,RZ,edge,341,VALUE_MISMATCH,7ff8000000000011,fff0000000000222,ffffc000000000111000,7fffc000000000008800,7ff8000000000011,3001,3001,00007f81,1,0,0,0,0,ffffc000000000111000,3001,3001
FPREM1_completed,53,RN,random,0,ALL,39005d1b59f41037,aa0bb42747841268,be9eda9504ec9b100000,be9eda9504ec9b100000,a9eb52a09d936200,3400,3000,00001f80,5,120,0,0,0,3f5dc0201f66984c0000,3000,3400
FPREM1_completed,53,RN,random,0,X87_MULTISTEP,39005d1b59f41037,aa0bb42747841268,be9eda9504ec9b100000,be9eda9504ec9b100000,a9eb52a09d936200,3400,3000,00001f80,5,120,0,0,0,3f5dc0201f66984c0000,3000,3400
FPREM1_completed,53,RN,random,0,SINGLE_INSTRUCTION_VALUE_MISMATCH,39005d1b59f41037,aa0bb42747841268,be9eda9504ec9b100000,be9eda9504ec9b100000,a9eb52a09d936200,3400,3000,00001f80,5,120,0,0,0,3f5dc0201f66984c0000,3000,3400
FPREM1_completed,53,RN,random,0,SINGLE_INSTRUCTION_C2_PARTIAL,39005d1b59f41037,aa0bb42747841268,be9eda9504ec9b100000,be9eda9504ec9b100000,a9eb52a09d936200,3400,3000,00001f80,5,120,0,0,0,3f5dc0201f66984c0000,3000,3400
FPREM1_completed,53,RN,random,1,ALL,a79dae131b3431aa,c97db72336427b70,be79ed7098d9a18d5000,be79ed7098d9a18d5000,a79dae131b3431aa,3000,3000,00001f80,1,0,0,0,0,be79ed7098d9a18d5000,3000,3000
FPREM1_completed,53,RN,random,1,SINGLE_COMPLETE_FINITE_CASE,a79dae131b3431aa,c97db72336427b70,be79ed7098d9a18d5000,be79ed7098d9a18d5000,a79dae131b3431aa,3000,3000,00001f80,1,0,0,0,0,be79ed7098d9a18d5000,3000,3000
FPREM1_completed,53,RN,random,2,ALL,38b1b1cf247332e7,2c69a8de7d10e6c2,3ec4ebb15b13f19a0000,3ec4ebb15b13f19a0000,2c4d762b627e3340,3400,3000,00001f80,4,90,0,0,0,3f65e65f0fd8474c8000,3000,3400
FPREM1_completed,53,RN,random,2,X87_MULTISTEP,38b1b1cf247332e7,2c69a8de7d10e6c2,3ec4ebb15b13f19a0000,3ec4ebb15b13f19a0000,2c4d762b627e3340,3400,3000,00001f80,4,90,0,0,0,3f65e65f0fd8474c8000,3000,3400
FPREM1_completed,53,RN,random,2,SINGLE_INSTRUCTION_VALUE_MISMATCH,38b1b1cf247332e7,2c69a8de7d10e6c2,3ec4ebb15b13f19a0000,3ec4ebb15b13f19a0000,2c4d762b627e3340,3400,3000,00001f80,4,90,0,0,0,3f65e65f0fd8474c8000,3000,3400
FPREM1_completed,53,RN,random,2,SINGLE_INSTRUCTION_C2_PARTIAL,38b1b1cf247332e7,2c69a8de7d10e6c2,3ec4ebb15b13f19a0000,3ec4ebb15b13f19a0000,2c4d762b627e3340,3400,3000,00001f80,4,90,0,0,0,3f65e65f0fd8474c8000,3000,3400
FPREM1_completed,53,RN,random,3,ALL,0159a802c6b0e40b,fde8f2dd6b4079e3,3c15cd40163587205800,3c15cd40163587205800,0159a802c6b0e40b,3000,3000,00001f80,1,0,0,0,0,3c15cd40163587205800,3000,3000
FPREM1_completed,53,RN,random,3,SINGLE_COMPLETE_FINITE_CASE,0159a802c6b0e40b,fde8f2dd6b4079e3,3c15cd40163587205800,3c15cd40163587205800,0159a802c6b0e40b,3000,3000,00001f80,1,0,0,0,0,3c15cd40163587205800,3000,3000
FPREM1_completed,53,RN,random,4,ALL,6eafb6c51d88b719,b33bcb6f9ffd8324,bf2de8fe0580bed00000,bf2de8fe0580bed00000,b2dd1fc0b017da00,3400,7000,00001f80,17,446,2,2,6,42b2c8875468a91ec000,3000,3400
FPREM1_completed,53,RN,random,4,X87_MULTISTEP,6eafb6c51d88b719,b33bcb6f9ffd8324,bf2de8fe0580bed00000,bf2de8fe0580bed00000,b2dd1fc0b017da00,3400,7000,00001f80,17,446,2,2,6,42b2c8875468a91ec000,3000,3400
FPREM1_completed,53,RN,random,4,QUOTIENT_SIGNED_BITS_DIFFER,6eafb6c51d88b719,b33bcb6f9ffd8324,bf2de8fe0580bed00000,bf2de8fe0580bed00000,b2dd1fc0b017da00,3400,7000,00001f80,17,446,2,2,6,42b2c8875468a91ec000,3000,3400
FPREM1_completed,53,RN,random,4,SINGLE_INSTRUCTION_VALUE_MISMATCH,6eafb6c51d88b719,b33bcb6f9ffd8324,bf2de8fe0580bed00000,bf2de8fe0580bed00000,b2dd1fc0b017da00,3400,7000,00001f80,17,446,2,2,6,42b2c8875468a91ec000,3000,3400
FPREM1_completed,53,RN,random,4,SINGLE_INSTRUCTION_C2_PARTIAL,6eafb6c51d88b719,b33bcb6f9ffd8324,bf2de8fe0580bed00000,bf2de8fe0580bed00000,b2dd1fc0b017da00,3400,7000,00001f80,17,446,2,2,6,42b2c8875468a91ec000,3000,3400
FPREM1_completed,53,RN,random,5,ALL,039d85f35503e50f,6bf5f004e65a440b,3c39ec2f9aa81f287800,3c39ec2f9aa81f287800,039d85f35503e50f,3000,3000,00001f80,1,0,0,0,0,3c39ec2f9aa81f287800,3000,3000
FPREM1_completed,53,RN,random,5,SINGLE_COMPLETE_FINITE_CASE,039d85f35503e50f,6bf5f004e65a440b,3c39ec2f9aa81f287800,3c39ec2f9aa81f287800,039d85f35503e50f,3000,3000,00001f80,1,0,0,0,0,3c39ec2f9aa81f287800,3000,3000
FPREM1_completed,53,RN,random,6,ALL,3f622dade3a7b6be,bac9d0d4304c687b,bfabc6134ca4513ff000,bfabc6134ca4513ff000,bab8c269948a27fe,3400,3300,00001f80,2,35,5,5,3,3fc68cbaee446fa20000,3000,3400
FPREM1_completed,53,RN,random,6,X87_MULTISTEP,3f622dade3a7b6be,bac9d0d4304c687b,bfabc6134ca4513ff000,bfabc6134ca4513ff000,bab8c269948a27fe,3400,3300,00001f80,2,35,5,5,3,3fc68cbaee446fa20000,3000,3400
FPREM1_completed,53,RN,random,6,QUOTIENT_SIGNED_BITS_DIFFER,3f622dade3a7b6be,bac9d0d4304c687b,bfabc6134ca4513ff000,bfabc6134ca4513ff000,bab8c269948a27fe,3400,3300,00001f80,2,35,5,5,3,3fc68cbaee446fa20000,3000,3400
FPREM1_completed,53,RN,random,6,SINGLE_INSTRUCTION_VALUE_MISMATCH,3f622dade3a7b6be,bac9d0d4304c687b,bfabc6134ca4513ff000,bfabc6134ca4513ff000,bab8c269948a27fe,3400,3300,00001f80,2,35,5,5,3,3fc68cbaee446fa20000,3000,3400
FPREM1_completed,53,RN,random,6,SINGLE_INSTRUCTION_C2_PARTIAL,3f622dade3a7b6be,bac9d0d4304c687b,bfabc6134ca4513ff000,bfabc6134ca4513ff000,bab8c269948a27fe,3400,3300,00001f80,2,35,5,5,3,3fc68cbaee446fa20000,3000,3400
FPREM1_completed,53,RN,random,7,ALL,1be3526f041fd13f,8f013dda7d97cc0b,3cec83c7ce222eb88000,3cec83c7ce222eb88000,0ec078f9c445d710,3400,3300,00001f80,4,83,5,5,3,3d8f99911c0774abc000,3000,3400
FPREM1_completed,53,RN,random,7,X87_MULTISTEP,1be3526f041fd13f,8f013dda7d97cc0b,3cec83c7ce222eb88000,3cec83c7ce222eb88000,0ec078f9c445d710,3400,3300,00001f80,4,83,5,5,3,3d8f99911c0774abc000,3000,3400
FPREM1_completed,53,RN,random,7,QUOTIENT_SIGNED_BITS_DIFFER,1be3526f041fd13f,8f013dda7d97cc0b,3cec83c7ce222eb88000,3cec83c7ce222eb88000,0ec078f9c445d710,3400,3300,00001f80,4,83,5,5,3,3d8f99911c0774abc000,3000,3400
FPREM1_completed,53,RN,random,7,SINGLE_INSTRUCTION_VALUE_MISMATCH,1be3526f041fd13f,8f013dda7d97cc0b,3cec83c7ce222eb88000,3cec83c7ce222eb88000,0ec078f9c445d710,3400,3300,00001f80,4,83,5,5,3,3d8f99911c0774abc000,3000,3400
FPREM1_completed,53,RN,random,7,SINGLE_INSTRUCTION_C2_PARTIAL,1be3526f041fd13f,8f013dda7d97cc0b,3cec83c7ce222eb88000,3cec83c7ce222eb88000,0ec078f9c445d710,3400,3300,00001f80,4,83,5,5,3,3d8f99911c0774abc000,3000,3400
FPREM1_completed,53,RN,random,8,ALL,c44d0a1ea70b20ff,0eeac7548da1932d,3ceb8e30913f18288000,3ceb8e30913f18288000,0eb1c61227e30510,3400,7000,00001f80,16,424,2,2,6,c008b16b8d55709c0000,3000,3400
FPREM1_completed,53,RN,random,8,X87_MULTISTEP,c44d0a1ea70b20ff,0eeac7548da1932d,3ceb8e30913f18288000,3ceb8e30913f18288000,0eb1c61227e30510,3400,7000,00001f80,16,424,2,2,6,c008b16b8d55709c0000,3000,3400
FPREM1_completed,53,RN,random,8,QUOTIENT_SIGNED_BITS_DIFFER,c44d0a1ea70b20ff,0eeac7548da1932d,3ceb8e30913f18288000,3ceb8e30913f18288000,0eb1c61227e30510,3400,7000,00001f80,16,424,2,2,6,c008b16b8d55709c0000,3000,3400
FPREM1_completed,53,RN,random,8,SINGLE_INSTRUCTION_VALUE_MISMATCH,c44d0a1ea70b20ff,0eeac7548da1932d,3ceb8e30913f18288000,3ceb8e30913f18288000,0eb1c61227e30510,3400,7000,00001f80,16,424,2,2,6,c008b16b8d55709c0000,3000,3400
FPREM1_completed,53,RN,random,8,SINGLE_INSTRUCTION_C2_PARTIAL,c44d0a1ea70b20ff,0eeac7548da1932d,3ceb8e30913f18288000,3ceb8e30913f18288000,0eb1c61227e30510,3400,7000,00001f80,16,424,2,2,6,c008b16b8d55709c0000,3000,3400
FPREM1_completed,53,RN,random,9,ALL,14c615a007ecca11,e2509355b1112f51,3d4cb0ad003f66508800,3d4cb0ad003f66508800,14c615a007ecca11,3000,3000,00001f80,1,0,0,0,0,3d4cb0ad003f66508800,3000,3000
FPREM1_completed,53,RN,random,9,SINGLE_COMPLETE_FINITE_CASE,14c615a007ecca11,e2509355b1112f51,3d4cb0ad003f66508800,3d4cb0ad003f66508800,14c615a007ecca11,3000,3000,00001f80,1,0,0,0,0,3d4cb0ad003f66508800,3000,3000
FPREM1_completed,53,RN,random,10,ALL,e17a9da691069bad,bf7616c50e54a52d,3ff6af32e152c081e000,3ff6af32e152c081e000,3f65e65c2a58103c,3400,7100,00001f80,10,266,6,6,6,c1f3b2a68b0280980000,3000,3400
FPREM1_completed,53,RN,random,10,X87_MULTISTEP,e17a9da691069bad,bf7616c50e54a52d,3ff6af32e152c081e000,3ff6af32e152c081e000,3f65e65c2a58103c,3400,7100,00001f80,10,266,6,6,6,c1f3b2a68b0280980000,3000,3400
FPREM1_completed,53,RN,random,10,SINGLE_INSTRUCTION_VALUE_MISMATCH,e17a9da691069bad,bf7616c50e54a52d,3ff6af32e152c081e000,3ff6af32e152c081e000,3f65e65c2a58103c,3400,7100,00001f80,10,266,6,6,6,c1f3b2a68b0280980000,3000,3400
FPREM1_completed,53,RN,random,10,SINGLE_INSTRUCTION_C2_PARTIAL,e17a9da691069bad,bf7616c50e54a52d,3ff6af32e152c081e000,3ff6af32e152c081e000,3f65e65c2a58103c,3400,7100,00001f80,10,266,6,6,6,c1f3b2a68b0280980000,3000,3400
FPREM1_completed,53,RN,random,11,ALL,4a4e1234b1a55a7f,29841a150e25814e,3e95abc4469a67fc0000,3e95abc4469a67fc0000,29557888d34cff80,3400,3000,00001f80,9,289,0,0,0,4075d17ea87146938000,3000,3400
FPREM1_completed,53,RN,random,11,X87_MULTISTEP,4a4e1234b1a55a7f,29841a150e25814e,3e95abc4469a67fc0000,3e95abc4469a67fc0000,29557888d34cff80,3400,3000,00001f80,9,289,0,0,0,4075d17ea87146938000,3000,3400
FPREM1_completed,53,RN,random,11,SINGLE_INSTRUCTION_VALUE_MISMATCH,4a4e1234b1a55a7f,29841a150e25814e,3e95abc4469a67fc0000,3e95abc4469a67fc0000,29557888d34cff80,3400,3000,00001f80,9,289,0,0,0,4075d17ea87146938000,3000,3400
FPREM1_completed,53,RN,random,11,SINGLE_INSTRUCTION_C2_PARTIAL,4a4e1234b1a55a7f,29841a150e25814e,3e95abc4469a67fc0000,3e95abc4469a67fc0000,29557888d34cff80,3400,3000,00001f80,9,289,0,0,0,4075d17ea87146938000,3000,3400
FPREM1_completed,53,RN,random,12,ALL,6594f41e49bee1a0,3bf5817dfb70df6d,bfbdd3bf680461b9c000,bfbdd3bf680461b9c000,bbda77ed008c3738,3400,7100,00001f80,12,321,6,6,6,421e9b54c40c8e563000,3000,3400
FPREM1_completed,53,RN,random,12,X87_MULTISTEP,6594f41e49bee1a0,3bf5817dfb70df6d,bfbdd3bf680461b9c000,bfbdd3bf680461b9c000,bbda77ed008c3738,3400,7100,00001f80,12,321,6,6,6,421e9b54c40c8e563000,3000,3400
FPREM1_completed,53,RN,random,12,SINGLE_INSTRUCTION_VALUE_MISMATCH,6594f41e49bee1a0,3bf5817dfb70df6d,bfbdd3bf680461b9c000,bfbdd3bf680461b9c000,bbda77ed008c3738,3400,7100,00001f80,12,321,6,6,6,421e9b54c40c8e563000,3000,3400
FPREM1_completed,53,RN,random,12,SINGLE_INSTRUCTION_C2_PARTIAL,6594f41e49bee1a0,3bf5817dfb70df6d,bfbdd3bf680461b9c000,bfbdd3bf680461b9c000,bbda77ed008c3738,3400,7100,00001f80,12,321,6,6,6,421e9b54c40c8e563000,3000,3400
FPREM1_completed,53,RN,random,13,ALL,c1132a8b237f2b9d,594d73404f44c27e,c0119954591bf95ce800,c0119954591bf95ce800,c1132a8b237f2b9d,3000,3000,00001f80,1,0,0,0,0,c0119954591bf95ce800,3000,3000
FPREM1_completed,53,RN,random,13,SINGLE_COMPLETE_FINITE_CASE,c1132a8b237f2b9d,594d73404f44c27e,c0119954591bf95ce800,c0119954591bf95ce800,c1132a8b237f2b9d,3000,3000,00001f80,1,0,0,0,0,c0119954591bf95ce800,3000,3000
FPREM1_completed,53,RN,random,14,ALL,b7683dfbd1805aff,bf598884c49fca9b,bf76c1efde8c02d7f800,bf76c1efde8c02d7f800,b7683dfbd1805aff,3000,3000,00001f80,1,0,0,0,0,bf76c1efde8c02d7f800,3000,3000
FPREM1_completed,53,RN,random,14,SINGLE_COMPLETE_FINITE_CASE,b7683dfbd1805aff,bf598884c49fca9b,bf76c1efde8c02d7f800,bf76c1efde8c02d7f800,b7683dfbd1805aff,3000,3000,00001f80,1,0,0,0,0,bf76c1efde8c02d7f800,3000,3000
FPREM1_completed,53,RN,random,15,ALL,6f490969190f62c4,ae1215eb462405c7,beddf21db25c55170000,beddf21db25c55170000,adde43b64b8aa2e0,3400,7000,00001f80,17,494,2,2,6,42bddc90617d46440000,3000,3400
FPREM1_completed,53,RN,random,15,X87_MULTISTEP,6f490969190f62c4,ae1215eb462405c7,beddf21db25c55170000,beddf21db25c55170000,adde43b64b8aa2e0,3400,7000,00001f80,17,494,2,2,6,42bddc90617d46440000,3000,3400
FPREM1_completed,53,RN,random,15,QUOTIENT_SIGNED_BITS_DIFFER,6f490969190f62c4,ae1215eb462405c7,beddf21db25c55170000,beddf21db25c55170000,adde43b64b8aa2e0,3400,7000,00001f80,17,494,2,2,6,42bddc90617d46440000,3000,3400
FPREM1_completed,53,RN,random,15,SINGLE_INSTRUCTION_VALUE_MISMATCH,6f490969190f62c4,ae1215eb462405c7,beddf21db25c55170000,beddf21db25c55170000,adde43b64b8aa2e0,3400,7000,00001f80,17,494,2,2,6,42bddc90617d46440000,3000,3400
FPREM1_completed,53,RN,random,15,SINGLE_INSTRUCTION_C2_PARTIAL,6f490969190f62c4,ae1215eb462405c7,beddf21db25c55170000,beddf21db25c55170000,adde43b64b8aa2e0,3400,7000,00001f80,17,494,2,2,6,42bddc90617d46440000,3000,3400
FPREM1_completed,53,RN,random,16,ALL,8da36025d28a21d8,33ed6497a86d8353,bcda9b012e94510ec000,bcda9b012e94510ec000,8da36025d28a21d8,3000,3000,00001f80,1,0,0,0,0,bcda9b012e94510ec000,3000,3000
FPREM1_completed,53,RN,random,16,SINGLE_COMPLETE_FINITE_CASE,8da36025d28a21d8,33ed6497a86d8353,bcda9b012e94510ec000,bcda9b012e94510ec000,8da36025d28a21d8,3000,3000,00001f80,1,0,0,0,0,bcda9b012e94510ec000,3000,3000
FPREM1_completed,53,RN,random,17,ALL,b77e8b7c1bae6945,ce13f0f8f189085d,bf77f45be0dd734a2800,bf77f45be0dd734a2800,b77e8b7c1bae6945,3000,3000,00001f80,1,0,0,0,0,bf77f45be0dd734a2800,3000,3000
FPREM1_completed,53,RN,random,17,SINGLE_COMPLETE_FINITE_CASE,b77e8b7c1bae6945,ce13f0f8f189085d,bf77f45be0dd734a2800,bf77f45be0dd734a2800,b77e8b7c1bae6945,3000,3000,00001f80,1,0,0,0,0,bf77f45be0dd734a2800,3000,3000
FPREM1_completed,53,RN,random,18,ALL,1e56657267a4546d,63b83902f22bfcd7,3de5b32b933d22a36800,3de5b32b933d22a36800,1e56657267a4546d,3000,3000,00001f80,1,0,0,0,0,3de5b32b933d22a36800,3000,3000
FPREM1_completed,53,RN,random,18,SINGLE_COMPLETE_FINITE_CASE,1e56657267a4546d,63b83902f22bfcd7,3de5b32b933d22a36800,3de5b32b933d22a36800,1e56657267a4546d,3000,3000,00001f80,1,0,0,0,0,3de5b32b933d22a36800,3000,3000
FPREM1_completed,53,RN,random,19,ALL,520a608fd94c71bc,1a0745443aa528a2,bd9de6901672030b0000,bd9de6901672030b0000,99dcd202ce406160,3400,7100,00001f80,18,451,6,6,6,4100afcb0604c208c000,3000,3400
FPREM1_completed,53,RN,random,19,X87_MULTISTEP,520a608fd94c71bc,1a0745443aa528a2,bd9de6901672030b0000,bd9de6901672030b0000,99dcd202ce406160,3400,7100,00001f80,18,451,6,6,6,4100afcb0604c208c000,3000,3400
FPREM1_completed,53,RN,random,19,SINGLE_INSTRUCTION_VALUE_MISMATCH,520a608fd94c71bc,1a0745443aa528a2,bd9de6901672030b0000,bd9de6901672030b0000,99dcd202ce406160,3400,7100,00001f80,18,451,6,6,6,4100afcb0604c208c000,3000,3400
FPREM1_completed,53,RN,random,19,SINGLE_INSTRUCTION_C2_PARTIAL,520a608fd94c71bc,1a0745443aa528a2,bd9de6901672030b0000,bd9de6901672030b0000,99dcd202ce406160,3400,7100,00001f80,18,451,6,6,6,4100afcb0604c208c000,3000,3400
FPREM1_completed,53,RN,random,20,X87_MULTISTEP,e11dd77714b3258b,2594be96d5414b93,be58a3ced03246e70000,be58a3ced03246e70000,a58479da0648dce0,3400,3000,00001f80,16,468,0,0,0,c1d689da8af23e7a8000,3000,3400
FPREM1_completed,53,RN,random,20,SINGLE_INSTRUCTION_VALUE_MISMATCH,e11dd77714b3258b,2594be96d5414b93,be58a3ced03246e70000,be58a3ced03246e70000,a58479da0648dce0,3400,3000,00001f80,16,468,0,0,0,c1d689da8af23e7a8000,3000,3400
FPREM1_completed,53,RN,random,20,SINGLE_INSTRUCTION_C2_PARTIAL,e11dd77714b3258b,2594be96d5414b93,be58a3ced03246e70000,be58a3ced03246e70000,a58479da0648dce0,3400,3000,00001f80,16,468,0,0,0,c1d689da8af23e7a8000,3000,3400
FPREM1_completed,53,RN,random,21,SINGLE_COMPLETE_FINITE_CASE,b452c0bf0200d818,6b0151688251e8ff,bf459605f81006c0c000,bf459605f81006c0c000,b452c0bf0200d818,3000,3000,00001f80,1,0,0,0,0,bf459605f81006c0c000,3000,3000
FPREM1_completed,53,RN,random,22,QUOTIENT_SIGNED_BITS_DIFFER,a04b39e9068ce4c8,1eb552ddc4042814,3de7871c7aea26740000,3de7871c7aea26740000,1e70e38f5d44ce80,7000,7000,00001f80,1,14,2,2,6,3de7871c7aea26740000,3000,7000
FPREM1_completed,53,RN,random,22,SINGLE_COMPLETE_FINITE_CASE,a04b39e9068ce4c8,1eb552ddc4042814,3de7871c7aea26740000,3de7871c7aea26740000,1e70e38f5d44ce80,7000,7000,00001f80,1,14,2,2,6,3de7871c7aea26740000,3000,7000
FPREM1_completed,53,RN,random,23,SINGLE_COMPLETE_FINITE_CASE,af4da42f6014ff40,b29387e0e24fc445,bef4ed217b00a7fa0000,bef4ed217b00a7fa0000,af4da42f6014ff40,3000,3000,00001f80,1,0,0,0,0,bef4ed217b00a7fa0000,3000,3000
FPREM1_completed,53,RN,random,24,X87_MULTISTEP,d4114ba021dfe810,3c9d3fbdef8f3ad4,bfc899b8aef443cc0000,bfc899b8aef443cc0000,bc833715de887980,3400,3000,00001f80,7,185,0,0,0,c105ea7fac552c3a0000,3000,3400
FPREM1_completed,53,RN,random,24,SINGLE_INSTRUCTION_VALUE_MISMATCH,d4114ba021dfe810,3c9d3fbdef8f3ad4,bfc899b8aef443cc0000,bfc899b8aef443cc0000,bc833715de887980,3400,3000,00001f80,7,185,0,0,0,c105ea7fac552c3a0000,3000,3400
FPREM1_completed,53,RN,random,24,SINGLE_INSTRUCTION_C2_PARTIAL,d4114ba021dfe810,3c9d3fbdef8f3ad4,bfc899b8aef443cc0000,bfc899b8aef443cc0000,bc833715de887980,3400,3000,00001f80,7,185,0,0,0,c105ea7fac552c3a0000,3000,3400
FPREM1_completed,53,RN,random,25,SINGLE_COMPLETE_FINITE_CASE,69ef6e510d168232,717a855f449728e5,429efb728868b4119000,429efb728868b4119000,69ef6e510d168232,3000,3000,00001f80,1,0,0,0,0,429efb728868b4119000,3000,3000
FPREM1_completed,53,RN,random,26,SINGLE_COMPLETE_FINITE_CASE,d6883f0417967388,e66311ff39fee26c,c168c1f820bcb39c4000,c168c1f820bcb39c4000,d6883f0417967388,3000,3000,00001f80,1,0,0,0,0,c168c1f820bcb39c4000,3000,3000
FPREM1_completed,53,RN,random,27,SINGLE_COMPLETE_FINITE_CASE,4fa14b561f8c01bf,f471624ef4a20fbf,40fa8a5ab0fc600df800,40fa8a5ab0fc600df800,4fa14b561f8c01bf,3000,3000,00001f80,1,0,0,0,0,40fa8a5ab0fc600df800,3000,3000
FPREM1_completed,53,RN,random,28,SINGLE_COMPLETE_FINITE_CASE,9d1803c5770d693a,239d03d2d46d3116,bdd1c01e2bb86b49d000,bdd1c01e2bb86b49d000,9d1803c5770d693a,3000,3000,00001f80,1,0,0,0,0,bdd1c01e2bb86b49d000,3000,3000
FPREM1_completed,53,RN,random,29,X87_MULTISTEP,7f2c60a814b272c4,e633a951c7718da0,4262993de6ed86800000,4262993de6ed86800000,662327bcddb0d000,3400,3000,00001f80,7,214,0,0,0,43c0ea05ff1215200000,3000,3400
FPREM1_completed,53,RN,random,29,SINGLE_INSTRUCTION_VALUE_MISMATCH,7f2c60a814b272c4,e633a951c7718da0,4262993de6ed86800000,4262993de6ed86800000,662327bcddb0d000,3400,3000,00001f80,7,214,0,0,0,43c0ea05ff1215200000,3000,3400
FPREM1_completed,53,RN,random,29,SINGLE_INSTRUCTION_C2_PARTIAL,7f2c60a814b272c4,e633a951c7718da0,4262993de6ed86800000,4262993de6ed86800000,662327bcddb0d000,3400,3000,00001f80,7,214,0,0,0,43c0ea05ff1215200000,3000,3400
FPREM1_completed,53,RN,random,30,SINGLE_COMPLETE_FINITE_CASE,9148b248811c9805,42fcc655290ba003,bd14c5924408e4c02800,bd14c5924408e4c02800,9148b248811c9805,3000,3000,00001f80,1,0,0,0,0,bd14c5924408e4c02800,3000,3000
FPREM1_completed,53,RN,random,31,SINGLE_COMPLETE_FINITE_CASE,91825b4d252f035d,ac6a40183abe4a22,bd1892da6929781ae800,bd1892da6929781ae800,91825b4d252f035d,3000,3000,00001f80,1,0,0,0,0,bd1892da6929781ae800,3000,3000
FPREM1_completed,53,RN,random,32,SINGLE_COMPLETE_FINITE_CASE,97787847f9bd2af4,fa15567f6a6f1ee1,bd77c3c23fcde957a000,bd77c3c23fcde957a000,97787847f9bd2af4,3000,3000,00001f80,1,0,0,0,0,bd77c3c23fcde957a000,3000,3000
FPREM1_completed,53,RN,random,33,X87_MULTISTEP,df47de5513ea6822,1bdd3f3c49777f1a,bdbc9dd84fac431e2000,bdbc9dd84fac431e2000,9bc3bb09f58863c4,3400,7200,00001f80,23,529,3,3,5,c1b89cf920695de20000,3000,3400
FPREM1_completed,53,RN,random,33,QUOTIENT_SIGNED_BITS_DIFFER,df47de5513ea6822,1bdd3f3c49777f1a,bdbc9dd84fac431e2000,bdbc9dd84fac431e2000,9bc3bb09f58863c4,3400,7200,00001f80,23,529,3,3,5,c1b89cf920695de20000,3000,3400
FPREM1_completed,53,RN,random,33,MORE_THAN_512_SUBTRACTIONS,df47de5513ea6822,1bdd3f3c49777f1a,bdbc9dd84fac431e2000,bdbc9dd84fac431e2000,9bc3bb09f58863c4,3400,7200,00001f80,23,529,3,3,5,c1b89cf920695de20000,3000,3400
FPREM1_completed,53,RN,random,33,SINGLE_INSTRUCTION_VALUE_MISMATCH,df47de5513ea6822,1bdd3f3c49777f1a,bdbc9dd84fac431e2000,bdbc9dd84fac431e2000,9bc3bb09f58863c4,3400,7200,00001f80,23,529,3,3,5,c1b89cf920695de20000,3000,3400
FPREM1_completed,53,RN,random,33,SINGLE_INSTRUCTION_C2_PARTIAL,df47de5513ea6822,1bdd3f3c49777f1a,bdbc9dd84fac431e2000,bdbc9dd84fac431e2000,9bc3bb09f58863c4,3400,7200,00001f80,23,529,3,3,5,c1b89cf920695de20000,3000,3400
FPREM1_completed,53,RN,random,34,X87_MULTISTEP,5ada68c2e5cabb64,978f4e73e3766ff9,bd77d51b412bae19b000,bd77d51b412bae19b000,977aa3682575c336,3400,7200,00001f80,22,557,3,3,5,41789a93cdfc23e8f800,3000,3400
FPREM1_completed,53,RN,random,34,QUOTIENT_SIGNED_BITS_DIFFER,5ada68c2e5cabb64,978f4e73e3766ff9,bd77d51b412bae19b000,bd77d51b412bae19b000,977aa3682575c336,3400,7200,00001f80,22,557,3,3,5,41789a93cdfc23e8f800,3000,3400
FPREM1_completed,53,RN,random,34,MORE_THAN_512_SUBTRACTIONS,5ada68c2e5cabb64,978f4e73e3766ff9,bd77d51b412bae19b000,bd77d51b412bae19b000,977aa3682575c336,3400,7200,00001f80,22,557,3,3,5,41789a93cdfc23e8f800,3000,3400
FPREM1_completed,53,RN,random,34,SINGLE_INSTRUCTION_VALUE_MISMATCH,5ada68c2e5cabb64,978f4e73e3766ff9,bd77d51b412bae19b000,bd77d51b412bae19b000,977aa3682575c336,3400,7200,00001f80,22,557,3,3,5,41789a93cdfc23e8f800,3000,3400
FPREM1_completed,53,RN,random,34,SINGLE_INSTRUCTION_C2_PARTIAL,5ada68c2e5cabb64,978f4e73e3766ff9,bd77d51b412bae19b000,bd77d51b412bae19b000,977aa3682575c336,3400,7200,00001f80,22,557,3,3,5,41789a93cdfc23e8f800,3000,3400
FPREM1_completed,53,RN,random,35,X87_MULTISTEP,a76c958fcc12d08c,989a991372a47146,3d8890a17b0f5b5c2000,3d8890a17b0f5b5c2000,1882142f61eb6b84,3400,7200,00001f80,5,121,3,3,3,be49c7bd9c283ee2f000,3000,3400
FPREM1_completed,53,RN,random,35,SINGLE_INSTRUCTION_VALUE_MISMATCH,a76c958fcc12d08c,989a991372a47146,3d8890a17b0f5b5c2000,3d8890a17b0f5b5c2000,1882142f61eb6b84,3400,7200,00001f80,5,121,3,3,3,be49c7bd9c283ee2f000,3000,3400
FPREM1_completed,53,RN,random,35,SINGLE_INSTRUCTION_C2_PARTIAL,a76c958fcc12d08c,989a991372a47146,3d8890a17b0f5b5c2000,3d8890a17b0f5b5c2000,1882142f61eb6b84,3400,7200,00001f80,5,121,3,3,3,be49c7bd9c283ee2f000,3000,3400
FPREM1_completed,53,RN,random,36,X87_MULTISTEP,73538c0c3447ef9c,69bbc16644e39d84,429696ae4e14f3000000,429696ae4e14f3000000,6962d5c9c29e6000,3400,3000,00001f80,3,83,0,0,0,42fb8ba018ce380f4000,3000,3400
FPREM1_completed,53,RN,random,36,SINGLE_INSTRUCTION_VALUE_MISMATCH,73538c0c3447ef9c,69bbc16644e39d84,429696ae4e14f3000000,429696ae4e14f3000000,6962d5c9c29e6000,3400,3000,00001f80,3,83,0,0,0,42fb8ba018ce380f4000,3000,3400
FPREM1_completed,53,RN,random,36,SINGLE_INSTRUCTION_C2_PARTIAL,73538c0c3447ef9c,69bbc16644e39d84,429696ae4e14f3000000,429696ae4e14f3000000,6962d5c9c29e6000,3400,3000,00001f80,3,83,0,0,0,42fb8ba018ce380f4000,3000,3400
FPREM1_completed,53,RN,random,37,SINGLE_COMPLETE_FINITE_CASE,2fa7c32afc6000ba,6f78d4e5ac78ca42,3efabe1957e30005d000,3efabe1957e30005d000,2fa7c32afc6000ba,3000,3000,00001f80,1,0,0,0,0,3efabe1957e30005d000,3000,3000
FPREM1_completed,53,RN,random,38,X87_MULTISTEP,3d43afc97578251a,a04640200977c35b,3e02e186dfd02dd44000,3e02e186dfd02dd44000,202c30dbfa05ba88,3400,7000,00001f80,8,209,2,2,6,3fa1b62ad18302834000,3000,3400
FPREM1_completed,53,RN,random,38,QUOTIENT_SIGNED_BITS_DIFFER,3d43afc97578251a,a04640200977c35b,3e02e186dfd02dd44000,3e02e186dfd02dd44000,202c30dbfa05ba88,3400,7000,00001f80,8,209,2,2,6,3fa1b62ad18302834000,3000,3400
FPREM1_completed,53,RN,random,38,SINGLE_INSTRUCTION_VALUE_MISMATCH,3d43afc97578251a,a04640200977c35b,3e02e186dfd02dd44000,3e02e186dfd02dd44000,202c30dbfa05ba88,3400,7000,00001f80,8,209,2,2,6,3fa1b62ad18302834000,3000,3400
FPREM1_completed,53,RN,random,38,SINGLE_INSTRUCTION_C2_PARTIAL,3d43afc97578251a,a04640200977c35b,3e02e186dfd02dd44000,3e02e186dfd02dd44000,202c30dbfa05ba88,3400,7000,00001f80,8,209,2,2,6,3fa1b62ad18302834000,3000,3400
FPREM1_completed,53,RN,random,39,X87_MULTISTEP,de5e7ac0be62872d,966524ac718d39c5,bd64f4a6c0bb5953c000,bd64f4a6c0bb5953c000,964e94d8176b2a78,3400,7000,00001f80,21,530,2,2,2,c1a5cb9ac6b91d17c000,3000,3400
FPREM1_completed,53,RN,random,39,MORE_THAN_512_SUBTRACTIONS,de5e7ac0be62872d,966524ac718d39c5,bd64f4a6c0bb5953c000,bd64f4a6c0bb5953c000,964e94d8176b2a78,3400,7000,00001f80,21,530,2,2,2,c1a5cb9ac6b91d17c000,3000,3400
FPREM1_completed,53,RN,random,39,SINGLE_INSTRUCTION_VALUE_MISMATCH,de5e7ac0be62872d,966524ac718d39c5,bd64f4a6c0bb5953c000,bd64f4a6c0bb5953c000,964e94d8176b2a78,3400,7000,00001f80,21,530,2,2,2,c1a5cb9ac6b91d17c000,3000,3400
FPREM1_completed,53,RN,random,39,SINGLE_INSTRUCTION_C2_PARTIAL,de5e7ac0be62872d,966524ac718d39c5,bd64f4a6c0bb5953c000,bd64f4a6c0bb5953c000,964e94d8176b2a78,3400,7000,00001f80,21,530,2,2,2,c1a5cb9ac6b91d17c000,3000,3400
FPREM1_completed,53,RN,random,40,QUOTIENT_SIGNED_BITS_DIFFER,eda549eb3ce9804c,38af62f6b3141d76,bf889a7d3835a621c000,bf889a7d3835a621c000,b8834fa706b4c438,3400,7200,00001f80,18,433,3,3,5,c2aac0b071cba34d2000,3000,3400
FPREM1_completed,53,RN,random,42,QUOTIENT_SIGNED_BITS_DIFFER,7347a7d32d010189,bbdc7d30e2d90d34,3fb98d23799480640000,3fb98d23799480640000,3b91a46f32900c80,3400,7100,00001f80,15,450,6,6,2,42fc9fbd6059542a0000,3000,3400
FPREM1_completed,53,RN,random,49,QUOTIENT_SIGNED_BITS_DIFFER,5c2a8192de56c7a7,af1cce228ec78966,3eeee9d87ca2a2dd0000,3eeee9d87ca2a2dd0000,2eed3b0f94545ba0,3400,7000,00001f80,14,342,2,2,6,418fe6e4d24d849b4000,3000,3400
FPREM1_completed,53,RN,random,50,QUOTIENT_SIGNED_BITS_DIFFER,d4332c5073970392,2a2ce091ab67d52d,3ea0d50b2ee8f4692000,3ea0d50b2ee8f4692000,2a0aa165dd1e8d24,3400,3300,00001f80,14,328,5,5,3,c1228eb28032356a0800,3000,3400
FPREM1_completed,53,RN,random,53,MORE_THAN_512_SUBTRACTIONS,69920c42a30349f2,121d884a542f682a,3d1ec47d5167226b0000,3d1ec47d5167226b0000,11e88faa2ce44d60,3400,7000,00001f80,30,720,2,2,2,425e8220e02d6a9d0000,3000,3400
FPREM1_completed,53,RN,random,56,QUOTIENT_SIGNED_BITS_DIFFER,c4b90a3ed64c2a40,1fe81d7e2ed3fc27,bdfd925b30d6d3c4b000,bdfd925b30d6d3c4b000,9fd24b661ada7896,3400,7200,00001f80,11,284,3,3,5,c018c4c76f8e86c20000,3000,3400
FPREM1_completed,53,RN,random,57,MORE_THAN_512_SUBTRACTIONS,ed507db431407d57,0647f267a6605818,3c60c51ce70d92200000,3c60c51ce70d92200000,0608a39ce1b24400,3400,3000,00001f80,31,853,0,0,0,c2a3e4016d1fd4eb8000,3000,3400
FPREM1_completed,53,RN,random,58,QUOTIENT_SIGNED_BITS_DIFFER,0b4cedfe07d58842,881120faae2ba810,bc7e8e3b072c89cc0000,bc7e8e3b072c89cc0000,87e1c760e5913980,7000,7200,00001f80,1,24,3,3,5,bc7e8e3b072c89cc0000,3000,7200
FPREM1_completed,53,RN,random,74,QUOTIENT_SIGNED_BITS_DIFFER,755e02aa7062ebf6,d55a977a4df97796,4153946a6c7d5f19c000,4153946a6c7d5f19c000,55328d4d8fabe338,3400,7200,00001f80,10,267,3,3,5,4334c0cf178ad3b60000,3000,3400
FPREM1_completed,53,RN,random,78,QUOTIENT_SIGNED_BITS_DIFFER,7a81e0961d310cac,c8a67772091ffa00,c088af5bc3ea0c400000,c088af5bc3ea0c400000,c885eb787d418800,3400,3300,00001f80,15,392,5,5,3,4368ece29c120bc00000,3000,3400
FPREM1_completed,53,RN,random,81,QUOTIENT_SIGNED_BITS_DIFFER,e68d3c006f201df4,1ee887edcd9168d5,bded8ea30b8a5ec5b000,bded8ea30b8a5ec5b000,9ed1d461714bd8b6,3400,3200,00001f80,19,580,1,1,7,c22bf7786d2b29f64000,3000,3400
FPREM1_completed,53,RN,random,81,MORE_THAN_512_SUBTRACTIONS,e68d3c006f201df4,1ee887edcd9168d5,bded8ea30b8a5ec5b000,bded8ea30b8a5ec5b000,9ed1d461714bd8b6,3400,3200,00001f80,19,580,1,1,7,c22bf7786d2b29f64000,3000,3400
FPREM1_completed,53,RN,random,83,QUOTIENT_SIGNED_BITS_DIFFER,3eccab5c4e05dc04,a8b8ed2a40208dea,3e89e0fca07a1c16c000,3e89e0fca07a1c16c000,289c1f940f4382d8,3400,3200,00001f80,7,174,1,1,7,3fcba8096ea7debf4000,3000,3400
FPREM1_completed,53,RN,random,84,QUOTIENT_SIGNED_BITS_DIFFER,f993df8021999846,15a30e386b02b404,3d598d686da30340c000,3d598d686da30340c000,1591ad0db4606818,3400,7200,00001f80,27,791,3,3,5,c356e7264a4b254a0000,3000,3400
FPREM1_completed,53,RN,random,84,MORE_THAN_512_SUBTRACTIONS,f993df8021999846,15a30e386b02b404,3d598d686da30340c000,3d598d686da30340c000,1591ad0db4606818,3400,7200,00001f80,27,791,3,3,5,c356e7264a4b254a0000,3000,3400
FPREM1_completed,53,RN,random,86,MORE_THAN_512_SUBTRACTIONS,d5cf4344b88928f2,09de7fb0fe8aac8b,bc9cef6403e237cc2000,bc9cef6403e237cc2000,89cdec807c46f984,3400,7000,00001f80,27,644,2,2,6,c11ccb5db15201948000,3000,3400
FPREM1_completed,53,RN,random,87,MORE_THAN_512_SUBTRACTIONS,7b5310c9fc212395,8eda03c9c430ce5f,bceba69037ae3d53c000,bceba69037ae3d53c000,8eb4d206f5c7aa78,3400,7000,00001f80,35,862,2,2,6,438dad1847dc972e5000,3000,3400
FPREM1_completed,53,RN,random,92,MORE_THAN_512_SUBTRACTIONS,e3a846a2bfbc4178,80f257439666d7d5,3c0c9c29b1a107d28000,3c0c9c29b1a107d28000,00c385363420fa50,3400,7000,00001f80,27,808,2,2,2,c20ed8bfa47883faa000,3000,3400
FPREM1_completed,53,RN,random,104,MORE_THAN_512_SUBTRACTIONS,56b9818e16a7fd62,89436d87e2292558,3c9389e4299005490000,3c9389e4299005490000,09313c853200a920,3400,7000,00001f80,21,612,2,2,6,4132e621769844f50000,3000,3400
FPREM1_completed,53,RN,random,105,MORE_THAN_512_SUBTRACTIONS,f98f1f2039d4b32c,334ccb14838191dc,bf33b727e9205ee78000,bf33b727e9205ee78000,b336e4fd240bdcf0,3400,7100,00001f80,21,541,6,6,2,c373aa7b214060490000,3000,3400
FPREM1_completed,53,RN,random,113,MORE_THAN_512_SUBTRACTIONS,f30db0b39235c396,ad720371ec7fe712,3ed4ec4b5d43cab40000,3ed4ec4b5d43cab40000,2d4d896ba8795680,3400,3000,00001f80,20,543,0,0,0,c2f780a1106b971c5000,3000,3400
FPREM1_completed,53,RN,random,121,MORE_THAN_512_SUBTRACTIONS,7c0ada0c874938dc,97f0e3e5fa42fb78,3d7d92daf8abd3320000,3d7d92daf8abd3320000,17d25b5f157a6640,3400,7000,00001f80,27,815,2,2,6,439dcaa9d3e967880000,3000,3400
FPREM1_completed,53,RN,random,135,MORE_THAN_512_SUBTRACTIONS,7acec2800ccf3118,3498831721aad9e8,3f489bf2fc73696c0000,3f489bf2fc73696c0000,34837e5f8e6d2d80,3400,3000,00001f80,24,556,0,0,0,4389952eef1c607c4000,3000,3400
FPREM1_completed,53,RN,random,142,MORE_THAN_512_SUBTRACTIONS,7264155fa13b8f59,9c647ced0ca8226b,3dc2bb2947c812938000,3dc2bb2947c812938000,1c276528f9025270,3400,7200,00001f80,23,682,3,3,5,4304bacaa0d979ba8000,3000,3400
FPREM1_completed,53,RN,random,144,MORE_THAN_512_SUBTRACTIONS,ed2dc6396c42b6f8,02c3611c2eadf718,3c298039ee9aeacc0000,3c298039ee9aeacc0000,0290073dd35d5980,3400,7000,00001f80,30,845,2,2,6,c2ac86ddaf9c03cf8000,3000,3400
FPREM1_completed,53,RN,random,156,MORE_THAN_512_SUBTRACTIONS,c55b68e984a6b54d,8255bc36c1074b77,3c23d5d42b476fc36000,3c23d5d42b476fc36000,023aba8568edf86c,3400,3300,00001f80,21,532,5,5,5,c02598ec8c879ad20000,3000,3400
FPREM1_completed,53,RN,random,171,MORE_THAN_512_SUBTRACTIONS,72a584688a7d4f85,b06b0aa08ec0c009,3f058c563cf186254000,3f058c563cf186254000,30518ac79e30c4a8,3400,3100,00001f80,24,550,4,4,4,430287f05a3c364b0000,3000,3400
FPREM1_completed,53,RN,random,177,MORE_THAN_512_SUBTRACTIONS,d50cccc31539402e,895a0c6a0dc516b8,bc93c6afd484dbae0000,bc93c6afd484dbae0000,8938d5fa909b75c0,3400,7100,00001f80,26,625,6,6,6,c114a8d95df86a620000,3000,3400
FPREM1_completed,53,RN,random,1233,EXCEPTION_FLAGS_MISMATCH,800775f8a1f1e801,335231bcb44634b1,bbffeebf143e3d002000,bbffeebf143e3d002000,800775f8a1f1e801,3002,3002,00001f80,1,0,0,0,0,bbffeebf143e3d002000,3002,3002
FPREM1_completed,53,RN,random,2646,INVALID_OR_NONFINITE_INPUT,fffc16448446619e,97c865bf05fa1bc2,ffffe0b22422330cf000,ffffe0b22422330cf000,fffc16448446619e,3000,3000,00001f80,1,0,0,0,0,ffffe0b22422330cf000,3000,3000
FPREM1_completed,53,RN,random,2646,NAN_RESULT,fffc16448446619e,97c865bf05fa1bc2,ffffe0b22422330cf000,ffffe0b22422330cf000,fffc16448446619e,3000,3000,00001f80,1,0,0,0,0,ffffe0b22422330cf000,3000,3000
FPREM1_completed,53,RN,random,2800,INVALID_OR_NONFINITE_INPUT,7ffec4b85b15dcc9,73ae6374d2acbe2d,7ffff625c2d8aee64800,7ffff625c2d8aee64800,7ffec4b85b15dcc9,3000,3000,00001f80,1,0,0,0,0,7ffff625c2d8aee64800,3000,3000
FPREM1_completed,53,RN,random,2800,NAN_RESULT,7ffec4b85b15dcc9,73ae6374d2acbe2d,7ffff625c2d8aee64800,7ffff625c2d8aee64800,7ffec4b85b15dcc9,3000,3000,00001f80,1,0,0,0,0,7ffff625c2d8aee64800,3000,3000
FPREM1_completed,53,RN,random,2804,INVALID_OR_NONFINITE_INPUT,215f1284a38934b3,ffff2b4bee625364,fffff95a5f73129b2000,fffff95a5f73129b2000,ffff2b4bee625364,3000,3000,00001f80,1,0,0,0,0,fffff95a5f73129b2000,3000,3000
FPREM1_completed,53,RN,random,2804,NAN_RESULT,215f1284a38934b3,ffff2b4bee625364,fffff95a5f73129b2000,fffff95a5f73129b2000,ffff2b4bee625364,3000,3000,00001f80,1,0,0,0,0,fffff95a5f73129b2000,3000,3000
FPREM1_completed,53,RN,random,3319,INVALID_OR_NONFINITE_INPUT,8856eee77a72ede6,fff3ef7fd61e7ede,ffffdf7bfeb0f3f6f000,ffffdf7bfeb0f3f6f000,fffbef7fd61e7ede,3001,3001,00001f81,1,0,0,0,0,ffffdf7bfeb0f3f6f000,3001,3001
FPREM1_completed,53,RN,random,3319,NAN_RESULT,8856eee77a72ede6,fff3ef7fd61e7ede,ffffdf7bfeb0f3f6f000,ffffdf7bfeb0f3f6f000,fffbef7fd61e7ede,3001,3001,00001f81,1,0,0,0,0,ffffdf7bfeb0f3f6f000,3001,3001
FPREM1_completed,53,RN,random,4196,EXCEPTION_FLAGS_MISMATCH,00045d7cbad4eff6,19e3a5eafc13fccf,3bff8baf975a9dfec000,3bff8baf975a9dfec000,00045d7cbad4eff6,3002,3002,00001f80,1,0,0,0,0,3bff8baf975a9dfec000,3002,3002
FPREM1_completed,53,RN,random,5293,EXCEPTION_FLAGS_MISMATCH,000042978fcf403b,f113c2471660d47e,3bfb852f1f9e80760000,3bfb852f1f9e80760000,000042978fcf403b,3002,3002,00001f80,1,0,0,0,0,3bfb852f1f9e80760000,3002,3002
FPREM1_completed,53,RN,random,5800,EXCEPTION_FLAGS_MISMATCH,000f2db77710b090,70ffa1f579d5ad51,3c00f2db77710b090000,3c00f2db77710b090000,000f2db77710b090,3002,3002,00001f80,1,0,0,0,0,3c00f2db77710b090000,3002,3002
FPREM1_completed,53,RN,random,7438,INVALID_OR_NONFINITE_INPUT,7ffcaf4d654f0d5d,233fc0de0338e527,7fffe57a6b2a786ae800,7fffe57a6b2a786ae800,7ffcaf4d654f0d5d,3000,3000,00001f80,1,0,0,0,0,7fffe57a6b2a786ae800,3000,3000
FPREM1_completed,53,RN,random,7438,NAN_RESULT,7ffcaf4d654f0d5d,233fc0de0338e527,7fffe57a6b2a786ae800,7fffe57a6b2a786ae800,7ffcaf4d654f0d5d,3000,3000,00001f80,1,0,0,0,0,7fffe57a6b2a786ae800,3000,3000
FPREM1_completed,53,RN,random,7596,INVALID_OR_NONFINITE_INPUT,fffbf8822c40c37e,b07d2bef072da5b4,ffffdfc41162061bf000,ffffdfc41162061bf000,fffbf8822c40c37e,3000,3000,00001f80,1,0,0,0,0,ffffdfc41162061bf000,3000,3000
FPREM1_completed,53,RN,random,7596,NAN_RESULT,fffbf8822c40c37e,b07d2bef072da5b4,ffffdfc41162061bf000,ffffdfc41162061bf000,fffbf8822c40c37e,3000,3000,00001f80,1,0,0,0,0,ffffdfc41162061bf000,3000,3000
FPREM1_completed,53,RN,random,7612,EXCEPTION_FLAGS_MISMATCH,00096c497eed1ace,be99f8ce19a39a1b,3c0096c497eed1ace000,3c0096c497eed1ace000,00096c497eed1ace,3002,3002,00001f80,1,0,0,0,0,3c0096c497eed1ace000,3002,3002
FPREM1_completed,53,RN,random,7722,INVALID_OR_NONFINITE_INPUT,fff7691bbe190e08,7bcab5fa750c61cf,fffffb48ddf0c8704000,fffffb48ddf0c8704000,ffff691bbe190e08,3001,3001,00001f81,1,0,0,0,0,fffffb48ddf0c8704000,3001,3001
FPREM1_completed,53,RN,random,7722,NAN_RESULT,fff7691bbe190e08,7bcab5fa750c61cf,fffffb48ddf0c8704000,fffffb48ddf0c8704000,ffff691bbe190e08,3001,3001,00001f81,1,0,0,0,0,fffffb48ddf0c8704000,3001,3001
FPREM1_completed,53,RN,random,9199,EXCEPTION_FLAGS_MISMATCH,800a9a6921f9b5f3,2d747d032040de41,bc00a9a6921f9b5f3000,bc00a9a6921f9b5f3000,800a9a6921f9b5f3,3002,3002,00001f80,1,0,0,0,0,bc00a9a6921f9b5f3000,3002,3002
FPREM1_completed,53,RN,random,9325,EXCEPTION_FLAGS_MISMATCH,3016045f6aae82c6,801946418bced6bf,bc00c7278092cd6a8000,bc00c7278092cd6a8000,800c7278092cd6a8,3400,3000,00001f82,17,408,0,0,0,3ee0af5a4f3bf22e8000,3000,3400
FPREM1_completed,53,RN,random,10913,INVALID_OR_NONFINITE_INPUT,7fff2484a0f13a1d,6a6fdeea239a6e71,7ffff924250789d0e800,7ffff924250789d0e800,7fff2484a0f13a1d,3000,3000,00001f80,1,0,0,0,0,7ffff924250789d0e800,3000,3000
FPREM1_completed,53,RN,random,10913,NAN_RESULT,7fff2484a0f13a1d,6a6fdeea239a6e71,7ffff924250789d0e800,7ffff924250789d0e800,7fff2484a0f13a1d,3000,3000,00001f80,1,0,0,0,0,7ffff924250789d0e800,3000,3000
FPREM1_completed,53,RN,random,13177,INVALID_OR_NONFINITE_INPUT,fff87e6b054cc1e1,8d42223d01aabd08,ffffc3f3582a660f0800,ffffc3f3582a660f0800,fff87e6b054cc1e1,3000,3000,00001f80,1,0,0,0,0,ffffc3f3582a660f0800,3000,3000
FPREM1_completed,53,RN,random,13177,NAN_RESULT,fff87e6b054cc1e1,8d42223d01aabd08,ffffc3f3582a660f0800,ffffc3f3582a660f0800,fff87e6b054cc1e1,3000,3000,00001f80,1,0,0,0,0,ffffc3f3582a660f0800,3000,3000
FPREM1_completed,53,RN,random,13880,INVALID_OR_NONFINITE_INPUT,ffffe5642b6ad5f8,efcf3776f9f393f5,ffffff2b215b56afc000,ffffff2b215b56afc000,ffffe5642b6ad5f8,3000,3000,00001f80,1,0,0,0,0,ffffff2b215b56afc000,3000,3000
FPREM1_completed,53,RN,random,13880,NAN_RESULT,ffffe5642b6ad5f8,efcf3776f9f393f5,ffffff2b215b56afc000,ffffff2b215b56afc000,ffffe5642b6ad5f8,3000,3000,00001f80,1,0,0,0,0,ffffff2b215b56afc000,3000,3000
FPREM1_completed,53,RN,random,14177,INVALID_OR_NONFINITE_INPUT,1de067fae84e79b5,fffd194d792e3ad1,ffffe8ca6bc971d68800,ffffe8ca6bc971d68800,fffd194d792e3ad1,3000,3000,00001f80,1,0,0,0,0,ffffe8ca6bc971d68800,3000,3000
FPREM1_completed,53,RN,random,14177,NAN_RESULT,1de067fae84e79b5,fffd194d792e3ad1,ffffe8ca6bc971d68800,ffffe8ca6bc971d68800,fffd194d792e3ad1,3000,3000,00001f80,1,0,0,0,0,ffffe8ca6bc971d68800,3000,3000
FPREM1_completed,53,RN,random,15808,EXCEPTION_FLAGS_MISMATCH,00078afd5ab9f181,f2aa15676d841be6,3bfff15fab573e302000,3bfff15fab573e302000,00078afd5ab9f181,3002,3002,00001f80,1,0,0,0,0,3bfff15fab573e302000,3002,3002
FPREM1_completed,53,RN,random,16005,INVALID_OR_NONFINITE_INPUT,fff611d7cae68af6,86e423ac385d97f2,fffff08ebe573457b000,fffff08ebe573457b000,fffe11d7cae68af6,3001,3001,00001f81,1,0,0,0,0,fffff08ebe573457b000,3001,3001
FPREM1_completed,53,RN,random,16005,NAN_RESULT,fff611d7cae68af6,86e423ac385d97f2,fffff08ebe573457b000,fffff08ebe573457b000,fffe11d7cae68af6,3001,3001,00001f81,1,0,0,0,0,fffff08ebe573457b000,3001,3001
FPREM1_completed,53,RN,random,16109,INVALID_OR_NONFINITE_INPUT,fff760d464c22dfd,f722efe6567e5e26,fffffb06a326116fe800,fffffb06a326116fe800,ffff60d464c22dfd,3001,3001,00001f81,1,0,0,0,0,fffffb06a326116fe800,3001,3001
FPREM1_completed,53,RN,random,16109,NAN_RESULT,fff760d464c22dfd,f722efe6567e5e26,fffffb06a326116fe800,fffffb06a326116fe800,ffff60d464c22dfd,3001,3001,00001f81,1,0,0,0,0,fffffb06a326116fe800,3001,3001
FPREM1_completed,53,RN,random,17938,EXCEPTION_FLAGS_MISMATCH,000604a2ddf15aaf,4fac635a1fbf943d,3bffc0945bbe2b55e000,3bffc0945bbe2b55e000,000604a2ddf15aaf,3002,3002,00001f80,1,0,0,0,0,3bffc0945bbe2b55e000,3002,3002
FPREM1_completed,53,RN,random,18050,EXCEPTION_FLAGS_MISMATCH,80012b5411c1220b,2bc6fed9f7152b74,bbfd95aa08e091058000,bbfd95aa08e091058000,80012b5411c1220b,3002,3002,00001f80,1,0,0,0,0,bbfd95aa08e091058000,3002,3002
FPREM1_completed,53,RN,random,18144,INVALID_OR_NONFINITE_INPUT,1a697067a9d4131e,7ff4caf5a31236d0,7fffe657ad1891b68000,7fffe657ad1891b68000,7ffccaf5a31236d0,3001,3001,00001f81,1,0,0,0,0,7fffe657ad1891b68000,3001,3001
FPREM1_completed,53,RN,random,18144,NAN_RESULT,1a697067a9d4131e,7ff4caf5a31236d0,7fffe657ad1891b68000,7fffe657ad1891b68000,7ffccaf5a31236d0,3001,3001,00001f81,1,0,0,0,0,7fffe657ad1891b68000,3001,3001
FPREM1_completed,53,RN,random,18393,EXCEPTION_FLAGS_MISMATCH,800a078ea997ffbd,9024b261222329c4,bc00a078ea997ffbd000,bc00a078ea997ffbd000,800a078ea997ffbd,3002,3002,00001f80,1,0,0,0,0,bc00a078ea997ffbd000,3002,3002
FPREM1_completed,53,RN,random,18494,INVALID_OR_NONFINITE_INPUT,8b3795aeea5a51e9,fff42510e432a4b0,ffffe128872195258000,ffffe128872195258000,fffc2510e432a4b0,3001,3001,00001f81,1,0,0,0,0,ffffe128872195258000,3001,3001
FPREM1_completed,53,RN,random,18494,NAN_RESULT,8b3795aeea5a51e9,fff42510e432a4b0,ffffe128872195258000,ffffe128872195258000,fffc2510e432a4b0,3001,3001,00001f81,1,0,0,0,0,ffffe128872195258000,3001,3001
FPREM1_completed,53,RN,random,18855,EXCEPTION_FLAGS_MISMATCH,0009c2ad8c5ab954,e9b24df58db0b1de,3c009c2ad8c5ab954000,3c009c2ad8c5ab954000,0009c2ad8c5ab954,3002,3002,00001f80,1,0,0,0,0,3c009c2ad8c5ab954000,3002,3002
FPREM1_completed,53,RN,random,19752,EXCEPTION_FLAGS_MISMATCH,30b3a3571edeec86,8011078b8429463d,bbfeb0fc0faf33098000,bbfeb0fc0faf33098000,8002c3f03ebccc26,3400,7100,00001f82,13,416,6,6,2,3ededc1d46cc3fb2c000,3000,3400
FPREM1_completed,53,RN,random,19982,INVALID_OR_NONFINITE_INPUT,7ff1ef37dbd61011,ed987e4fb1101e19,7fffcf79bedeb0808800,7fffcf79bedeb0808800,7ff9ef37dbd61011,3001,3001,00001f81,1,0,0,0,0,7fffcf79bedeb0808800,3001,3001
FPREM1_completed,53,RN,random,19982,NAN_RESULT,7ff1ef37dbd61011,ed987e4fb1101e19,7fffcf79bedeb0808800,7fffcf79bedeb0808800,7ff9ef37dbd61011,3001,3001,00001f81,1,0,0,0,0,7fffcf79bedeb0808800,3001,3001
FPREM1_completed,53,RN,random,19989,INVALID_OR_NONFINITE_INPUT,6a9d1ec93aecc6ab,fffce7ea399b451a,ffffe73f51ccda28d000,ffffe73f51ccda28d000,fffce7ea399b451a,3000,3000,00001f80,1,0,0,0,0,ffffe73f51ccda28d000,3000,3000
FPREM1_completed,53,RN,random,19989,NAN_RESULT,6a9d1ec93aecc6ab,fffce7ea399b451a,ffffe73f51ccda28d000,ffffe73f51ccda28d000,fffce7ea399b451a,3000,3000,00001f80,1,0,0,0,0,ffffe73f51ccda28d000,3000,3000
FPREM1_completed,53,RN,random,21129,INVALID_OR_NONFINITE_INPUT,1bd16e2aeeb69c1c,fffd80dcf474289d,ffffec06e7a3a144e800,ffffec06e7a3a144e800,fffd80dcf474289d,3000,3000,00001f80,1,0,0,0,0,ffffec06e7a3a144e800,3000,3000
FPREM1_completed,53,RN,random,21129,NAN_RESULT,1bd16e2aeeb69c1c,fffd80dcf474289d,ffffec06e7a3a144e800,ffffec06e7a3a144e800,fffd80dcf474289d,3000,3000,00001f80,1,0,0,0,0,ffffec06e7a3a144e800,3000,3000
FPREM1_completed,53,RN,random,21308,EXCEPTION_FLAGS_MISMATCH,80054af5ac397823,0921b43449e9917b,bbffa95eb5872f046000,bbffa95eb5872f046000,80054af5ac397823,3002,3002,00001f80,1,0,0,0,0,bbffa95eb5872f046000,3002,3002
FPREM1_completed,53,RN,random,21840,INVALID_OR_NONFINITE_INPUT,7ff452155f935d94,1c775d75320a205c,7fffe290aafc9aeca000,7fffe290aafc9aeca000,7ffc52155f935d94,3001,3001,00001f81,1,0,0,0,0,7fffe290aafc9aeca000,3001,3001
FPREM1_completed,53,RN,random,21840,NAN_RESULT,7ff452155f935d94,1c775d75320a205c,7fffe290aafc9aeca000,7fffe290aafc9aeca000,7ffc52155f935d94,3001,3001,00001f81,1,0,0,0,0,7fffe290aafc9aeca000,3001,3001
FPREM1_completed,53,RN,random,22001,INVALID_OR_NONFINITE_INPUT,f51f71d5f317fef7,fff038e0bc7f2023,ffffc1c705e3f9011800,ffffc1c705e3f9011800,fff838e0bc7f2023,3001,3001,00001f81,1,0,0,0,0,ffffc1c705e3f9011800,3001,3001
FPREM1_completed,53,RN,random,22001,NAN_RESULT,f51f71d5f317fef7,fff038e0bc7f2023,ffffc1c705e3f9011800,ffffc1c705e3f9011800,fff838e0bc7f2023,3001,3001,00001f81,1,0,0,0,0,ffffc1c705e3f9011800,3001,3001
FPREM1_completed,53,RN,random,24432,EXCEPTION_FLAGS_MISMATCH,0000524bff113f57,816da281ea85a7a5,3bfba497fe227eae0000,3bfba497fe227eae0000,0000524bff113f57,3002,3002,00001f80,1,0,0,0,0,3bfba497fe227eae0000,3002,3002
FPREM1_completed,53,RN,random,25096,EXCEPTION_FLAGS_MISMATCH,80090e781b9805f4,29de74e64bc6bc23,bc0090e781b9805f4000,bc0090e781b9805f4000,80090e781b9805f4,3002,3002,00001f80,1,0,0,0,0,bc0090e781b9805f4000,3002,3002
FPREM1_completed,53,RN,random,29586,EXCEPTION_FLAGS_MISMATCH,000dad250093a9db,2b750a83e2704927,3c00dad250093a9db000,3c00dad250093a9db000,000dad250093a9db,3002,3002,00001f80,1,0,0,0,0,3c00dad250093a9db000,3002,3002
FPREM1_completed,53,RN,random,30173,EXCEPTION_FLAGS_MISMATCH,af543502506f16fe,801065bcb00bd904,3bffbbf2455b429a8000,3bffbbf2455b429a8000,0005df922ada14d4,3400,3300,00001f82,13,392,5,5,5,bebdf1fc46fdee820000,3000,3400
FPREM1_completed,53,RN,random,31461,EXCEPTION_FLAGS_MISMATCH,0004db3d8e9a43b0,d79c4aafc37e3e3d,3bff9b67b1d348760000,3bff9b67b1d348760000,0004db3d8e9a43b0,3002,3002,00001f80,1,0,0,0,0,3bff9b67b1d348760000,3002,3002
FPREM1_completed,53,RN,random,33301,EXCEPTION_FLAGS_MISMATCH,800a11860291f5bc,de153ca097c5d5c7,bc00a11860291f5bc000,bc00a11860291f5bc000,800a11860291f5bc,3002,3002,00001f80,1,0,0,0,0,bc00a11860291f5bc000,3002,3002
FPREM1_completed,53,RN,edge,341,VALUE_MISMATCH,7ff8000000000011,fff0000000000222,ffffc000000000111000,7fffc000000000008800,7ff8000000000011,3001,3001,00001f81,1,0,0,0,0,ffffc000000000111000,3001,3001
FPREM1_completed,53,RD,random,0,ALL,39005d1b59f41037,aa0bb42747841268,be9eda9504ec9b100000,be9eda9504ec9b100000,a9eb52a09d936200,3400,3000,00003f80,5,120,0,0,0,3f5dc0201f66984c0000,3000,3400
FPREM1_completed,53,RD,random,0,X87_MULTISTEP,39005d1b59f41037,aa0bb42747841268,be9eda9504ec9b100000,be9eda9504ec9b100000,a9eb52a09d936200,3400,3000,00003f80,5,120,0,0,0,3f5dc0201f66984c0000,3000,3400
FPREM1_completed,53,RD,random,0,SINGLE_INSTRUCTION_VALUE_MISMATCH,39005d1b59f41037,aa0bb42747841268,be9eda9504ec9b100000,be9eda9504ec9b100000,a9eb52a09d936200,3400,3000,00003f80,5,120,0,0,0,3f5dc0201f66984c0000,3000,3400
FPREM1_completed,53,RD,random,0,SINGLE_INSTRUCTION_C2_PARTIAL,39005d1b59f41037,aa0bb42747841268,be9eda9504ec9b100000,be9eda9504ec9b100000,a9eb52a09d936200,3400,3000,00003f80,5,120,0,0,0,3f5dc0201f66984c0000,3000,3400
FPREM1_completed,53,RD,random,1,ALL,a79dae131b3431aa,c97db72336427b70,be79ed7098d9a18d5000,be79ed7098d9a18d5000,a79dae131b3431aa,3000,3000,00003f80,1,0,0,0,0,be79ed7098d9a18d5000,3000,3000
FPREM1_completed,53,RD,random,1,SINGLE_COMPLETE_FINITE_CASE,a79dae131b3431aa,c97db72336427b70,be79ed7098d9a18d5000,be79ed7098d9a18d5000,a79dae131b3431aa,3000,3000,00003f80,1,0,0,0,0,be79ed7098d9a18d5000,3000,3000
FPREM1_completed,53,RD,random,2,ALL,38b1b1cf247332e7,2c69a8de7d10e6c2,3ec4ebb15b13f19a0000,3ec4ebb15b13f19a0000,2c4d762b627e3340,3400,3000,00003f80,4,90,0,0,0,3f65e65f0fd8474c8000,3000,3400
FPREM1_completed,53,RD,random,2,X87_MULTISTEP,38b1b1cf247332e7,2c69a8de7d10e6c2,3ec4ebb15b13f19a0000,3ec4ebb15b13f19a0000,2c4d762b627e3340,3400,3000,00003f80,4,90,0,0,0,3f65e65f0fd8474c8000,3000,3400
FPREM1_completed,53,RD,random,2,SINGLE_INSTRUCTION_VALUE_MISMATCH,38b1b1cf247332e7,2c69a8de7d10e6c2,3ec4ebb15b13f19a0000,3ec4ebb15b13f19a0000,2c4d762b627e3340,3400,3000,00003f80,4,90,0,0,0,3f65e65f0fd8474c8000,3000,3400
FPREM1_completed,53,RD,random,2,SINGLE_INSTRUCTION_C2_PARTIAL,38b1b1cf247332e7,2c69a8de7d10e6c2,3ec4ebb15b13f19a0000,3ec4ebb15b13f19a0000,2c4d762b627e3340,3400,3000,00003f80,4,90,0,0,0,3f65e65f0fd8474c8000,3000,3400
FPREM1_completed,53,RD,random,3,ALL,0159a802c6b0e40b,fde8f2dd6b4079e3,3c15cd40163587205800,3c15cd40163587205800,0159a802c6b0e40b,3000,3000,00003f80,1,0,0,0,0,3c15cd40163587205800,3000,3000
FPREM1_completed,53,RD,random,3,SINGLE_COMPLETE_FINITE_CASE,0159a802c6b0e40b,fde8f2dd6b4079e3,3c15cd40163587205800,3c15cd40163587205800,0159a802c6b0e40b,3000,3000,00003f80,1,0,0,0,0,3c15cd40163587205800,3000,3000
FPREM1_completed,53,RD,random,4,ALL,6eafb6c51d88b719,b33bcb6f9ffd8324,bf2de8fe0580bed00000,bf2de8fe0580bed00000,b2dd1fc0b017da00,3400,7000,00003f80,17,446,2,2,6,42b2c8875468a91ec000,3000,3400
FPREM1_completed,53,RD,random,4,X87_MULTISTEP,6eafb6c51d88b719,b33bcb6f9ffd8324,bf2de8fe0580bed00000,bf2de8fe0580bed00000,b2dd1fc0b017da00,3400,7000,00003f80,17,446,2,2,6,42b2c8875468a91ec000,3000,3400
FPREM1_completed,53,RD,random,4,QUOTIENT_SIGNED_BITS_DIFFER,6eafb6c51d88b719,b33bcb6f9ffd8324,bf2de8fe0580bed00000,bf2de8fe0580bed00000,b2dd1fc0b017da00,3400,7000,00003f80,17,446,2,2,6,42b2c8875468a91ec000,3000,3400
FPREM1_completed,53,RD,random,4,SINGLE_INSTRUCTION_VALUE_MISMATCH,6eafb6c51d88b719,b33bcb6f9ffd8324,bf2de8fe0580bed00000,bf2de8fe0580bed00000,b2dd1fc0b017da00,3400,7000,00003f80,17,446,2,2,6,42b2c8875468a91ec000,3000,3400
FPREM1_completed,53,RD,random,4,SINGLE_INSTRUCTION_C2_PARTIAL,6eafb6c51d88b719,b33bcb6f9ffd8324,bf2de8fe0580bed00000,bf2de8fe0580bed00000,b2dd1fc0b017da00,3400,7000,00003f80,17,446,2,2,6,42b2c8875468a91ec000,3000,3400
FPREM1_completed,53,RD,random,5,ALL,039d85f35503e50f,6bf5f004e65a440b,3c39ec2f9aa81f287800,3c39ec2f9aa81f287800,039d85f35503e50f,3000,3000,00003f80,1,0,0,0,0,3c39ec2f9aa81f287800,3000,3000
FPREM1_completed,53,RD,random,5,SINGLE_COMPLETE_FINITE_CASE,039d85f35503e50f,6bf5f004e65a440b,3c39ec2f9aa81f287800,3c39ec2f9aa81f287800,039d85f35503e50f,3000,3000,00003f80,1,0,0,0,0,3c39ec2f9aa81f287800,3000,3000
FPREM1_completed,53,RD,random,6,ALL,3f622dade3a7b6be,bac9d0d4304c687b,bfabc6134ca4513ff000,bfabc6134ca4513ff000,bab8c269948a27fe,3400,3300,00003f80,2,35,5,5,3,3fc68cbaee446fa20000,3000,3400
FPREM1_completed,53,RD,random,6,X87_MULTISTEP,3f622dade3a7b6be,bac9d0d4304c687b,bfabc6134ca4513ff000,bfabc6134ca4513ff000,bab8c269948a27fe,3400,3300,00003f80,2,35,5,5,3,3fc68cbaee446fa20000,3000,3400
FPREM1_completed,53,RD,random,6,QUOTIENT_SIGNED_BITS_DIFFER,3f622dade3a7b6be,bac9d0d4304c687b,bfabc6134ca4513ff000,bfabc6134ca4513ff000,bab8c269948a27fe,3400,3300,00003f80,2,35,5,5,3,3fc68cbaee446fa20000,3000,3400
FPREM1_completed,53,RD,random,6,SINGLE_INSTRUCTION_VALUE_MISMATCH,3f622dade3a7b6be,bac9d0d4304c687b,bfabc6134ca4513ff000,bfabc6134ca4513ff000,bab8c269948a27fe,3400,3300,00003f80,2,35,5,5,3,3fc68cbaee446fa20000,3000,3400
FPREM1_completed,53,RD,random,6,SINGLE_INSTRUCTION_C2_PARTIAL,3f622dade3a7b6be,bac9d0d4304c687b,bfabc6134ca4513ff000,bfabc6134ca4513ff000,bab8c269948a27fe,3400,3300,00003f80,2,35,5,5,3,3fc68cbaee446fa20000,3000,3400
FPREM1_completed,53,RD,random,7,ALL,1be3526f041fd13f,8f013dda7d97cc0b,3cec83c7ce222eb88000,3cec83c7ce222eb88000,0ec078f9c445d710,3400,3300,00003f80,4,83,5,5,3,3d8f99911c0774abc000,3000,3400
FPREM1_completed,53,RD,random,7,X87_MULTISTEP,1be3526f041fd13f,8f013dda7d97cc0b,3cec83c7ce222eb88000,3cec83c7ce222eb88000,0ec078f9c445d710,3400,3300,00003f80,4,83,5,5,3,3d8f99911c0774abc000,3000,3400
FPREM1_completed,53,RD,random,7,QUOTIENT_SIGNED_BITS_DIFFER,1be3526f041fd13f,8f013dda7d97cc0b,3cec83c7ce222eb88000,3cec83c7ce222eb88000,0ec078f9c445d710,3400,3300,00003f80,4,83,5,5,3,3d8f99911c0774abc000,3000,3400
FPREM1_completed,53,RD,random,7,SINGLE_INSTRUCTION_VALUE_MISMATCH,1be3526f041fd13f,8f013dda7d97cc0b,3cec83c7ce222eb88000,3cec83c7ce222eb88000,0ec078f9c445d710,3400,3300,00003f80,4,83,5,5,3,3d8f99911c0774abc000,3000,3400
FPREM1_completed,53,RD,random,7,SINGLE_INSTRUCTION_C2_PARTIAL,1be3526f041fd13f,8f013dda7d97cc0b,3cec83c7ce222eb88000,3cec83c7ce222eb88000,0ec078f9c445d710,3400,3300,00003f80,4,83,5,5,3,3d8f99911c0774abc000,3000,3400
FPREM1_completed,53,RD,random,8,ALL,c44d0a1ea70b20ff,0eeac7548da1932d,3ceb8e30913f18288000,3ceb8e30913f18288000,0eb1c61227e30510,3400,7000,00003f80,16,424,2,2,6,c008b16b8d55709c0000,3000,3400
FPREM1_completed,53,RD,random,8,X87_MULTISTEP,c44d0a1ea70b20ff,0eeac7548da1932d,3ceb8e30913f18288000,3ceb8e30913f18288000,0eb1c61227e30510,3400,7000,00003f80,16,424,2,2,6,c008b16b8d55709c0000,3000,3400
FPREM1_completed,53,RD,random,8,QUOTIENT_SIGNED_BITS_DIFFER,c44d0a1ea70b20ff,0eeac7548da1932d,3ceb8e30913f18288000,3ceb8e30913f18288000,0eb1c61227e30510,3400,7000,00003f80,16,424,2,2,6,c008b16b8d55709c0000,3000,3400
FPREM1_completed,53,RD,random,8,SINGLE_INSTRUCTION_VALUE_MISMATCH,c44d0a1ea70b20ff,0eeac7548da1932d,3ceb8e30913f18288000,3ceb8e30913f18288000,0eb1c61227e30510,3400,7000,00003f80,16,424,2,2,6,c008b16b8d55709c0000,3000,3400
FPREM1_completed,53,RD,random,8,SINGLE_INSTRUCTION_C2_PARTIAL,c44d0a1ea70b20ff,0eeac7548da1932d,3ceb8e30913f18288000,3ceb8e30913f18288000,0eb1c61227e30510,3400,7000,00003f80,16,424,2,2,6,c008b16b8d55709c0000,3000,3400
FPREM1_completed,53,RD,random,9,ALL,14c615a007ecca11,e2509355b1112f51,3d4cb0ad003f66508800,3d4cb0ad003f66508800,14c615a007ecca11,3000,3000,00003f80,1,0,0,0,0,3d4cb0ad003f66508800,3000,3000
FPREM1_completed,53,RD,random,9,SINGLE_COMPLETE_FINITE_CASE,14c615a007ecca11,e2509355b1112f51,3d4cb0ad003f66508800,3d4cb0ad003f66508800,14c615a007ecca11,3000,3000,00003f80,1,0,0,0,0,3d4cb0ad003f66508800,3000,3000
FPREM1_completed,53,RD,random,10,ALL,e17a9da691069bad,bf7616c50e54a52d,3ff6af32e152c081e000,3ff6af32e152c081e000,3f65e65c2a58103c,3400,7100,00003f80,10,266,6,6,6,c1f3b2a68b0280980000,3000,3400
FPREM1_completed,53,RD,random,10,X87_MULTISTEP,e17a9da691069bad,bf7616c50e54a52d,3ff6af32e152c081e000,3ff6af32e152c081e000,3f65e65c2a58103c,3400,7100,00003f80,10,266,6,6,6,c1f3b2a68b0280980000,3000,3400
FPREM1_completed,53,RD,random,10,SINGLE_INSTRUCTION_VALUE_MISMATCH,e17a9da691069bad,bf7616c50e54a52d,3ff6af32e152c081e000,3ff6af32e152c081e000,3f65e65c2a58103c,3400,7100,00003f80,10,266,6,6,6,c1f3b2a68b0280980000,3000,3400
FPREM1_completed,53,RD,random,10,SINGLE_INSTRUCTION_C2_PARTIAL,e17a9da691069bad,bf7616c50e54a52d,3ff6af32e152c081e000,3ff6af32e152c081e000,3f65e65c2a58103c,3400,7100,00003f80,10,266,6,6,6,c1f3b2a68b0280980000,3000,3400
FPREM1_completed,53,RD,random,11,ALL,4a4e1234b1a55a7f,29841a150e25814e,3e95abc4469a67fc0000,3e95abc4469a67fc0000,29557888d34cff80,3400,3000,00003f80,9,289,0,0,0,4075d17ea87146938000,3000,3400
FPREM1_completed,53,RD,random,11,X87_MULTISTEP,4a4e1234b1a55a7f,29841a150e25814e,3e95abc4469a67fc0000,3e95abc4469a67fc0000,29557888d34cff80,3400,3000,00003f80,9,289,0,0,0,4075d17ea87146938000,3000,3400
FPREM1_completed,53,RD,random,11,SINGLE_INSTRUCTION_VALUE_MISMATCH,4a4e1234b1a55a7f,29841a150e25814e,3e95abc4469a67fc0000,3e95abc4469a67fc0000,29557888d34cff80,3400,3000,00003f80,9,289,0,0,0,4075d17ea87146938000,3000,3400
FPREM1_completed,53,RD,random,11,SINGLE_INSTRUCTION_C2_PARTIAL,4a4e1234b1a55a7f,29841a150e25814e,3e95abc4469a67fc0000,3e95abc4469a67fc0000,29557888d34cff80,3400,3000,00003f80,9,289,0,0,0,4075d17ea87146938000,3000,3400
FPREM1_completed,53,RD,random,12,ALL,6594f41e49bee1a0,3bf5817dfb70df6d,bfbdd3bf680461b9c000,bfbdd3bf680461b9c000,bbda77ed008c3738,3400,7100,00003f80,12,321,6,6,6,421e9b54c40c8e563000,3000,3400
FPREM1_completed,53,RD,random,12,X87_MULTISTEP,6594f41e49bee1a0,3bf5817dfb70df6d,bfbdd3bf680461b9c000,bfbdd3bf680461b9c000,bbda77ed008c3738,3400,7100,00003f80,12,321,6,6,6,421e9b54c40c8e563000,3000,3400
FPREM1_completed,53,RD,random,12,SINGLE_INSTRUCTION_VALUE_MISMATCH,6594f41e49bee1a0,3bf5817dfb70df6d,bfbdd3bf680461b9c000,bfbdd3bf680461b9c000,bbda77ed008c3738,3400,7100,00003f80,12,321,6,6,6,421e9b54c40c8e563000,3000,3400
FPREM1_completed,53,RD,random,12,SINGLE_INSTRUCTION_C2_PARTIAL,6594f41e49bee1a0,3bf5817dfb70df6d,bfbdd3bf680461b9c000,bfbdd3bf680461b9c000,bbda77ed008c3738,3400,7100,00003f80,12,321,6,6,6,421e9b54c40c8e563000,3000,3400
FPREM1_completed,53,RD,random,13,ALL,c1132a8b237f2b9d,594d73404f44c27e,c0119954591bf95ce800,c0119954591bf95ce800,c1132a8b237f2b9d,3000,3000,00003f80,1,0,0,0,0,c0119954591bf95ce800,3000,3000
FPREM1_completed,53,RD,random,13,SINGLE_COMPLETE_FINITE_CASE,c1132a8b237f2b9d,594d73404f44c27e,c0119954591bf95ce800,c0119954591bf95ce800,c1132a8b237f2b9d,3000,3000,00003f80,1,0,0,0,0,c0119954591bf95ce800,3000,3000
FPREM1_completed,53,RD,random,14,ALL,b7683dfbd1805aff,bf598884c49fca9b,bf76c1efde8c02d7f800,bf76c1efde8c02d7f800,b7683dfbd1805aff,3000,3000,00003f80,1,0,0,0,0,bf76c1efde8c02d7f800,3000,3000
FPREM1_completed,53,RD,random,14,SINGLE_COMPLETE_FINITE_CASE,b7683dfbd1805aff,bf598884c49fca9b,bf76c1efde8c02d7f800,bf76c1efde8c02d7f800,b7683dfbd1805aff,3000,3000,00003f80,1,0,0,0,0,bf76c1efde8c02d7f800,3000,3000
FPREM1_completed,53,RD,random,15,ALL,6f490969190f62c4,ae1215eb462405c7,beddf21db25c55170000,beddf21db25c55170000,adde43b64b8aa2e0,3400,7000,00003f80,17,494,2,2,6,42bddc90617d46440000,3000,3400
FPREM1_completed,53,RD,random,15,X87_MULTISTEP,6f490969190f62c4,ae1215eb462405c7,beddf21db25c55170000,beddf21db25c55170000,adde43b64b8aa2e0,3400,7000,00003f80,17,494,2,2,6,42bddc90617d46440000,3000,3400
FPREM1_completed,53,RD,random,15,QUOTIENT_SIGNED_BITS_DIFFER,6f490969190f62c4,ae1215eb462405c7,beddf21db25c55170000,beddf21db25c55170000,adde43b64b8aa2e0,3400,7000,00003f80,17,494,2,2,6,42bddc90617d46440000,3000,3400
FPREM1_completed,53,RD,random,15,SINGLE_INSTRUCTION_VALUE_MISMATCH,6f490969190f62c4,ae1215eb462405c7,beddf21db25c55170000,beddf21db25c55170000,adde43b64b8aa2e0,3400,7000,00003f80,17,494,2,2,6,42bddc90617d46440000,3000,3400
FPREM1_completed,53,RD,random,15,SINGLE_INSTRUCTION_C2_PARTIAL,6f490969190f62c4,ae1215eb462405c7,beddf21db25c55170000,beddf21db25c55170000,adde43b64b8aa2e0,3400,7000,00003f80,17,494,2,2,6,42bddc90617d46440000,3000,3400
FPREM1_completed,53,RD,random,16,ALL,8da36025d28a21d8,33ed6497a86d8353,bcda9b012e94510ec000,bcda9b012e94510ec000,8da36025d28a21d8,3000,3000,00003f80,1,0,0,0,0,bcda9b012e94510ec000,3000,3000
FPREM1_completed,53,RD,random,16,SINGLE_COMPLETE_FINITE_CASE,8da36025d28a21d8,33ed6497a86d8353,bcda9b012e94510ec000,bcda9b012e94510ec000,8da36025d28a21d8,3000,3000,00003f80,1,0,0,0,0,bcda9b012e94510ec000,3000,3000
FPREM1_completed,53,RD,random,17,ALL,b77e8b7c1bae6945,ce13f0f8f189085d,bf77f45be0dd734a2800,bf77f45be0dd734a2800,b77e8b7c1bae6945,3000,3000,00003f80,1,0,0,0,0,bf77f45be0dd734a2800,3000,3000
FPREM1_completed,53,RD,random,17,SINGLE_COMPLETE_FINITE_CASE,b77e8b7c1bae6945,ce13f0f8f189085d,bf77f45be0dd734a2800,bf77f45be0dd734a2800,b77e8b7c1bae6945,3000,3000,00003f80,1,0,0,0,0,bf77f45be0dd734a2800,3000,3000
FPREM1_completed,53,RD,random,18,ALL,1e56657267a4546d,63b83902f22bfcd7,3de5b32b933d22a36800,3de5b32b933d22a36800,1e56657267a4546d,3000,3000,00003f80,1,0,0,0,0,3de5b32b933d22a36800,3000,3000
FPREM1_completed,53,RD,random,18,SINGLE_COMPLETE_FINITE_CASE,1e56657267a4546d,63b83902f22bfcd7,3de5b32b933d22a36800,3de5b32b933d22a36800,1e56657267a4546d,3000,3000,00003f80,1,0,0,0,0,3de5b32b933d22a36800,3000,3000
FPREM1_completed,53,RD,random,19,ALL,520a608fd94c71bc,1a0745443aa528a2,bd9de6901672030b0000,bd9de6901672030b0000,99dcd202ce406160,3400,7100,00003f80,18,451,6,6,6,4100afcb0604c208c000,3000,3400
FPREM1_completed,53,RD,random,19,X87_MULTISTEP,520a608fd94c71bc,1a0745443aa528a2,bd9de6901672030b0000,bd9de6901672030b0000,99dcd202ce406160,3400,7100,00003f80,18,451,6,6,6,4100afcb0604c208c000,3000,3400
FPREM1_completed,53,RD,random,19,SINGLE_INSTRUCTION_VALUE_MISMATCH,520a608fd94c71bc,1a0745443aa528a2,bd9de6901672030b0000,bd9de6901672030b0000,99dcd202ce406160,3400,7100,00003f80,18,451,6,6,6,4100afcb0604c208c000,3000,3400
FPREM1_completed,53,RD,random,19,SINGLE_INSTRUCTION_C2_PARTIAL,520a608fd94c71bc,1a0745443aa528a2,bd9de6901672030b0000,bd9de6901672030b0000,99dcd202ce406160,3400,7100,00003f80,18,451,6,6,6,4100afcb0604c208c000,3000,3400
FPREM1_completed,53,RD,random,20,X87_MULTISTEP,e11dd77714b3258b,2594be96d5414b93,be58a3ced03246e70000,be58a3ced03246e70000,a58479da0648dce0,3400,3000,00003f80,16,468,0,0,0,c1d689da8af23e7a8000,3000,3400
FPREM1_completed,53,RD,random,20,SINGLE_INSTRUCTION_VALUE_MISMATCH,e11dd77714b3258b,2594be96d5414b93,be58a3ced03246e70000,be58a3ced03246e70000,a58479da0648dce0,3400,3000,00003f80,16,468,0,0,0,c1d689da8af23e7a8000,3000,3400
FPREM1_completed,53,RD,random,20,SINGLE_INSTRUCTION_C2_PARTIAL,e11dd77714b3258b,2594be96d5414b93,be58a3ced03246e70000,be58a3ced03246e70000,a58479da0648dce0,3400,3000,00003f80,16,468,0,0,0,c1d689da8af23e7a8000,3000,3400
FPREM1_completed,53,RD,random,21,SINGLE_COMPLETE_FINITE_CASE,b452c0bf0200d818,6b0151688251e8ff,bf459605f81006c0c000,bf459605f81006c0c000,b452c0bf0200d818,3000,3000,00003f80,1,0,0,0,0,bf459605f81006c0c000,3000,3000
FPREM1_completed,53,RD,random,22,QUOTIENT_SIGNED_BITS_DIFFER,a04b39e9068ce4c8,1eb552ddc4042814,3de7871c7aea26740000,3de7871c7aea26740000,1e70e38f5d44ce80,7000,7000,00003f80,1,14,2,2,6,3de7871c7aea26740000,3000,7000
FPREM1_completed,53,RD,random,22,SINGLE_COMPLETE_FINITE_CASE,a04b39e9068ce4c8,1eb552ddc4042814,3de7871c7aea26740000,3de7871c7aea26740000,1e70e38f5d44ce80,7000,7000,00003f80,1,14,2,2,6,3de7871c7aea26740000,3000,7000
FPREM1_completed,53,RD,random,23,SINGLE_COMPLETE_FINITE_CASE,af4da42f6014ff40,b29387e0e24fc445,bef4ed217b00a7fa0000,bef4ed217b00a7fa0000,af4da42f6014ff40,3000,3000,00003f80,1,0,0,0,0,bef4ed217b00a7fa0000,3000,3000
FPREM1_completed,53,RD,random,24,X87_MULTISTEP,d4114ba021dfe810,3c9d3fbdef8f3ad4,bfc899b8aef443cc0000,bfc899b8aef443cc0000,bc833715de887980,3400,3000,00003f80,7,185,0,0,0,c105ea7fac552c3a0000,3000,3400
FPREM1_completed,53,RD,random,24,SINGLE_INSTRUCTION_VALUE_MISMATCH,d4114ba021dfe810,3c9d3fbdef8f3ad4,bfc899b8aef443cc0000,bfc899b8aef443cc0000,bc833715de887980,3400,3000,00003f80,7,185,0,0,0,c105ea7fac552c3a0000,3000,3400
FPREM1_completed,53,RD,random,24,SINGLE_INSTRUCTION_C2_PARTIAL,d4114ba021dfe810,3c9d3fbdef8f3ad4,bfc899b8aef443cc0000,bfc899b8aef443cc0000,bc833715de887980,3400,3000,00003f80,7,185,0,0,0,c105ea7fac552c3a0000,3000,3400
FPREM1_completed,53,RD,random,25,SINGLE_COMPLETE_FINITE_CASE,69ef6e510d168232,717a855f449728e5,429efb728868b4119000,429efb728868b4119000,69ef6e510d168232,3000,3000,00003f80,1,0,0,0,0,429efb728868b4119000,3000,3000
FPREM1_completed,53,RD,random,26,SINGLE_COMPLETE_FINITE_CASE,d6883f0417967388,e66311ff39fee26c,c168c1f820bcb39c4000,c168c1f820bcb39c4000,d6883f0417967388,3000,3000,00003f80,1,0,0,0,0,c168c1f820bcb39c4000,3000,3000
FPREM1_completed,53,RD,random,27,SINGLE_COMPLETE_FINITE_CASE,4fa14b561f8c01bf,f471624ef4a20fbf,40fa8a5ab0fc600df800,40fa8a5ab0fc600df800,4fa14b561f8c01bf,3000,3000,00003f80,1,0,0,0,0,40fa8a5ab0fc600df800,3000,3000
FPREM1_completed,53,RD,random,28,SINGLE_COMPLETE_FINITE_CASE,9d1803c5770d693a,239d03d2d46d3116,bdd1c01e2bb86b49d000,bdd1c01e2bb86b49d000,9d1803c5770d693a,3000,3000,00003f80,1,0,0,0,0,bdd1c01e2bb86b49d000,3000,3000
FPREM1_completed,53,RD,random,29,X87_MULTISTEP,7f2c60a814b272c4,e633a951c7718da0,4262993de6ed86800000,4262993de6ed86800000,662327bcddb0d000,3400,3000,00003f80,7,214,0,0,0,43c0ea05ff1215200000,3000,3400
FPREM1_completed,53,RD,random,29,SINGLE_INSTRUCTION_VALUE_MISMATCH,7f2c60a814b272c4,e633a951c7718da0,4262993de6ed86800000,4262993de6ed86800000,662327bcddb0d000,3400,3000,00003f80,7,214,0,0,0,43c0ea05ff1215200000,3000,3400
FPREM1_completed,53,RD,random,29,SINGLE_INSTRUCTION_C2_PARTIAL,7f2c60a814b272c4,e633a951c7718da0,4262993de6ed86800000,4262993de6ed86800000,662327bcddb0d000,3400,3000,00003f80,7,214,0,0,0,43c0ea05ff1215200000,3000,3400
FPREM1_completed,53,RD,random,30,SINGLE_COMPLETE_FINITE_CASE,9148b248811c9805,42fcc655290ba003,bd14c5924408e4c02800,bd14c5924408e4c02800,9148b248811c9805,3000,3000,00003f80,1,0,0,0,0,bd14c5924408e4c02800,3000,3000
FPREM1_completed,53,RD,random,31,SINGLE_COMPLETE_FINITE_CASE,91825b4d252f035d,ac6a40183abe4a22,bd1892da6929781ae800,bd1892da6929781ae800,91825b4d252f035d,3000,3000,00003f80,1,0,0,0,0,bd1892da6929781ae800,3000,3000
FPREM1_completed,53,RD,random,32,SINGLE_COMPLETE_FINITE_CASE,97787847f9bd2af4,fa15567f6a6f1ee1,bd77c3c23fcde957a000,bd77c3c23fcde957a000,97787847f9bd2af4,3000,3000,00003f80,1,0,0,0,0,bd77c3c23fcde957a000,3000,3000
FPREM1_completed,53,RD,random,33,X87_MULTISTEP,df47de5513ea6822,1bdd3f3c49777f1a,bdbc9dd84fac431e2000,bdbc9dd84fac431e2000,9bc3bb09f58863c4,3400,7200,00003f80,23,529,3,3,5,c1b89cf920695de20000,3000,3400
FPREM1_completed,53,RD,random,33,QUOTIENT_SIGNED_BITS_DIFFER,df47de5513ea6822,1bdd3f3c49777f1a,bdbc9dd84fac431e2000,bdbc9dd84fac431e2000,9bc3bb09f58863c4,3400,7200,00003f80,23,529,3,3,5,c1b89cf920695de20000,3000,3400
FPREM1_completed,53,RD,random,33,MORE_THAN_512_SUBTRACTIONS,df47de5513ea6822,1bdd3f3c49777f1a,bdbc9dd84fac431e2000,bdbc9dd84fac431e2000,9bc3bb09f58863c4,3400,7200,00003f80,23,529,3,3,5,c1b89cf920695de20000,3000,3400
FPREM1_completed,53,RD,random,33,SINGLE_INSTRUCTION_VALUE_MISMATCH,df47de5513ea6822,1bdd3f3c49777f1a,bdbc9dd84fac431e2000,bdbc9dd84fac431e2000,9bc3bb09f58863c4,3400,7200,00003f80,23,529,3,3,5,c1b89cf920695de20000,3000,3400
FPREM1_completed,53,RD,random,33,SINGLE_INSTRUCTION_C2_PARTIAL,df47de5513ea6822,1bdd3f3c49777f1a,bdbc9dd84fac431e2000,bdbc9dd84fac431e2000,9bc3bb09f58863c4,3400,7200,00003f80,23,529,3,3,5,c1b89cf920695de20000,3000,3400
FPREM1_completed,53,RD,random,34,X87_MULTISTEP,5ada68c2e5cabb64,978f4e73e3766ff9,bd77d51b412bae19b000,bd77d51b412bae19b000,977aa3682575c336,3400,7200,00003f80,22,557,3,3,5,41789a93cdfc23e8f800,3000,3400
FPREM1_completed,53,RD,random,34,QUOTIENT_SIGNED_BITS_DIFFER,5ada68c2e5cabb64,978f4e73e3766ff9,bd77d51b412bae19b000,bd77d51b412bae19b000,977aa3682575c336,3400,7200,00003f80,22,557,3,3,5,41789a93cdfc23e8f800,3000,3400
FPREM1_completed,53,RD,random,34,MORE_THAN_512_SUBTRACTIONS,5ada68c2e5cabb64,978f4e73e3766ff9,bd77d51b412bae19b000,bd77d51b412bae19b000,977aa3682575c336,3400,7200,00003f80,22,557,3,3,5,41789a93cdfc23e8f800,3000,3400
FPREM1_completed,53,RD,random,34,SINGLE_INSTRUCTION_VALUE_MISMATCH,5ada68c2e5cabb64,978f4e73e3766ff9,bd77d51b412bae19b000,bd77d51b412bae19b000,977aa3682575c336,3400,7200,00003f80,22,557,3,3,5,41789a93cdfc23e8f800,3000,3400
FPREM1_completed,53,RD,random,34,SINGLE_INSTRUCTION_C2_PARTIAL,5ada68c2e5cabb64,978f4e73e3766ff9,bd77d51b412bae19b000,bd77d51b412bae19b000,977aa3682575c336,3400,7200,00003f80,22,557,3,3,5,41789a93cdfc23e8f800,3000,3400
FPREM1_completed,53,RD,random,35,X87_MULTISTEP,a76c958fcc12d08c,989a991372a47146,3d8890a17b0f5b5c2000,3d8890a17b0f5b5c2000,1882142f61eb6b84,3400,7200,00003f80,5,121,3,3,3,be49c7bd9c283ee2f000,3000,3400
FPREM1_completed,53,RD,random,35,SINGLE_INSTRUCTION_VALUE_MISMATCH,a76c958fcc12d08c,989a991372a47146,3d8890a17b0f5b5c2000,3d8890a17b0f5b5c2000,1882142f61eb6b84,3400,7200,00003f80,5,121,3,3,3,be49c7bd9c283ee2f000,3000,3400
FPREM1_completed,53,RD,random,35,SINGLE_INSTRUCTION_C2_PARTIAL,a76c958fcc12d08c,989a991372a47146,3d8890a17b0f5b5c2000,3d8890a17b0f5b5c2000,1882142f61eb6b84,3400,7200,00003f80,5,121,3,3,3,be49c7bd9c283ee2f000,3000,3400
FPREM1_completed,53,RD,random,36,X87_MULTISTEP,73538c0c3447ef9c,69bbc16644e39d84,429696ae4e14f3000000,429696ae4e14f3000000,6962d5c9c29e6000,3400,3000,00003f80,3,83,0,0,0,42fb8ba018ce380f4000,3000,3400
FPREM1_completed,53,RD,random,36,SINGLE_INSTRUCTION_VALUE_MISMATCH,73538c0c3447ef9c,69bbc16644e39d84,429696ae4e14f3000000,429696ae4e14f3000000,6962d5c9c29e6000,3400,3000,00003f80,3,83,0,0,0,42fb8ba018ce380f4000,3000,3400
FPREM1_completed,53,RD,random,36,SINGLE_INSTRUCTION_C2_PARTIAL,73538c0c3447ef9c,69bbc16644e39d84,429696ae4e14f3000000,429696ae4e14f3000000,6962d5c9c29e6000,3400,3000,00003f80,3,83,0,0,0,42fb8ba018ce380f4000,3000,3400
FPREM1_completed,53,RD,random,37,SINGLE_COMPLETE_FINITE_CASE,2fa7c32afc6000ba,6f78d4e5ac78ca42,3efabe1957e30005d000,3efabe1957e30005d000,2fa7c32afc6000ba,3000,3000,00003f80,1,0,0,0,0,3efabe1957e30005d000,3000,3000
FPREM1_completed,53,RD,random,38,X87_MULTISTEP,3d43afc97578251a,a04640200977c35b,3e02e186dfd02dd44000,3e02e186dfd02dd44000,202c30dbfa05ba88,3400,7000,00003f80,8,209,2,2,6,3fa1b62ad18302834000,3000,3400
FPREM1_completed,53,RD,random,38,QUOTIENT_SIGNED_BITS_DIFFER,3d43afc97578251a,a04640200977c35b,3e02e186dfd02dd44000,3e02e186dfd02dd44000,202c30dbfa05ba88,3400,7000,00003f80,8,209,2,2,6,3fa1b62ad18302834000,3000,3400
FPREM1_completed,53,RD,random,38,SINGLE_INSTRUCTION_VALUE_MISMATCH,3d43afc97578251a,a04640200977c35b,3e02e186dfd02dd44000,3e02e186dfd02dd44000,202c30dbfa05ba88,3400,7000,00003f80,8,209,2,2,6,3fa1b62ad18302834000,3000,3400
FPREM1_completed,53,RD,random,38,SINGLE_INSTRUCTION_C2_PARTIAL,3d43afc97578251a,a04640200977c35b,3e02e186dfd02dd44000,3e02e186dfd02dd44000,202c30dbfa05ba88,3400,7000,00003f80,8,209,2,2,6,3fa1b62ad18302834000,3000,3400
FPREM1_completed,53,RD,random,39,X87_MULTISTEP,de5e7ac0be62872d,966524ac718d39c5,bd64f4a6c0bb5953c000,bd64f4a6c0bb5953c000,964e94d8176b2a78,3400,7000,00003f80,21,530,2,2,2,c1a5cb9ac6b91d17c000,3000,3400
FPREM1_completed,53,RD,random,39,MORE_THAN_512_SUBTRACTIONS,de5e7ac0be62872d,966524ac718d39c5,bd64f4a6c0bb5953c000,bd64f4a6c0bb5953c000,964e94d8176b2a78,3400,7000,00003f80,21,530,2,2,2,c1a5cb9ac6b91d17c000,3000,3400
FPREM1_completed,53,RD,random,39,SINGLE_INSTRUCTION_VALUE_MISMATCH,de5e7ac0be62872d,966524ac718d39c5,bd64f4a6c0bb5953c000,bd64f4a6c0bb5953c000,964e94d8176b2a78,3400,7000,00003f80,21,530,2,2,2,c1a5cb9ac6b91d17c000,3000,3400
FPREM1_completed,53,RD,random,39,SINGLE_INSTRUCTION_C2_PARTIAL,de5e7ac0be62872d,966524ac718d39c5,bd64f4a6c0bb5953c000,bd64f4a6c0bb5953c000,964e94d8176b2a78,3400,7000,00003f80,21,530,2,2,2,c1a5cb9ac6b91d17c000,3000,3400
FPREM1_completed,53,RD,random,40,QUOTIENT_SIGNED_BITS_DIFFER,eda549eb3ce9804c,38af62f6b3141d76,bf889a7d3835a621c000,bf889a7d3835a621c000,b8834fa706b4c438,3400,7200,00003f80,18,433,3,3,5,c2aac0b071cba34d2000,3000,3400
FPREM1_completed,53,RD,random,42,QUOTIENT_SIGNED_BITS_DIFFER,7347a7d32d010189,bbdc7d30e2d90d34,3fb98d23799480640000,3fb98d23799480640000,3b91a46f32900c80,3400,7100,00003f80,15,450,6,6,2,42fc9fbd6059542a0000,3000,3400
FPREM1_completed,53,RD,random,49,QUOTIENT_SIGNED_BITS_DIFFER,5c2a8192de56c7a7,af1cce228ec78966,3eeee9d87ca2a2dd0000,3eeee9d87ca2a2dd0000,2eed3b0f94545ba0,3400,7000,00003f80,14,342,2,2,6,418fe6e4d24d849b4000,3000,3400
FPREM1_completed,53,RD,random,50,QUOTIENT_SIGNED_BITS_DIFFER,d4332c5073970392,2a2ce091ab67d52d,3ea0d50b2ee8f4692000,3ea0d50b2ee8f4692000,2a0aa165dd1e8d24,3400,3300,00003f80,14,328,5,5,3,c1228eb28032356a0800,3000,3400
FPREM1_completed,53,RD,random,53,MORE_THAN_512_SUBTRACTIONS,69920c42a30349f2,121d884a542f682a,3d1ec47d5167226b0000,3d1ec47d5167226b0000,11e88faa2ce44d60,3400,7000,00003f80,30,720,2,2,2,425e8220e02d6a9d0000,3000,3400
FPREM1_completed,53,RD,random,56,QUOTIENT_SIGNED_BITS_DIFFER,c4b90a3ed64c2a40,1fe81d7e2ed3fc27,bdfd925b30d6d3c4b000,bdfd925b30d6d3c4b000,9fd24b661ada7896,3400,7200,00003f80,11,284,3,3,5,c018c4c76f8e86c20000,3000,3400
FPREM1_completed,53,RD,random,57,MORE_THAN_512_SUBTRACTIONS,ed507db431407d57,0647f267a6605818,3c60c51ce70d92200000,3c60c51ce70d92200000,0608a39ce1b24400,3400,3000,00003f80,31,853,0,0,0,c2a3e4016d1fd4eb8000,3000,3400
FPREM1_completed,53,RD,random,58,QUOTIENT_SIGNED_BITS_DIFFER,0b4cedfe07d58842,881120faae2ba810,bc7e8e3b072c89cc0000,bc7e8e3b072c89cc0000,87e1c760e5913980,7000,7200,00003f80,1,24,3,3,5,bc7e8e3b072c89cc0000,3000,7200
FPREM1_completed,53,RD,random,74,QUOTIENT_SIGNED_BITS_DIFFER,755e02aa7062ebf6,d55a977a4df97796,4153946a6c7d5f19c000,4153946a6c7d5f19c000,55328d4d8fabe338,3400,7200,00003f80,10,267,3,3,5,4334c0cf178ad3b60000,3000,3400
FPREM1_completed,53,RD,random,78,QUOTIENT_SIGNED_BITS_DIFFER,7a81e0961d310cac,c8a67772091ffa00,c088af5bc3ea0c400000,c088af5bc3ea0c400000,c885eb787d418800,3400,3300,00003f80,15,392,5,5,3,4368ece29c120bc00000,3000,3400
FPREM1_completed,53,RD,random,81,QUOTIENT_SIGNED_BITS_DIFFER,e68d3c006f201df4,1ee887edcd9168d5,bded8ea30b8a5ec5b000,bded8ea30b8a5ec5b000,9ed1d461714bd8b6,3400,3200,00003f80,19,580,1,1,7,c22bf7786d2b29f64000,3000,3400
FPREM1_completed,53,RD,random,81,MORE_THAN_512_SUBTRACTIONS,e68d3c006f201df4,1ee887edcd9168d5,bded8ea30b8a5ec5b000,bded8ea30b8a5ec5b000,9ed1d461714bd8b6,3400,3200,00003f80,19,580,1,1,7,c22bf7786d2b29f64000,3000,3400
FPREM1_completed,53,RD,random,83,QUOTIENT_SIGNED_BITS_DIFFER,3eccab5c4e05dc04,a8b8ed2a40208dea,3e89e0fca07a1c16c000,3e89e0fca07a1c16c000,289c1f940f4382d8,3400,3200,00003f80,7,174,1,1,7,3fcba8096ea7debf4000,3000,3400
FPREM1_completed,53,RD,random,84,QUOTIENT_SIGNED_BITS_DIFFER,f993df8021999846,15a30e386b02b404,3d598d686da30340c000,3d598d686da30340c000,1591ad0db4606818,3400,7200,00003f80,27,791,3,3,5,c356e7264a4b254a0000,3000,3400
FPREM1_completed,53,RD,random,84,MORE_THAN_512_SUBTRACTIONS,f993df8021999846,15a30e386b02b404,3d598d686da30340c000,3d598d686da30340c000,1591ad0db4606818,3400,7200,00003f80,27,791,3,3,5,c356e7264a4b254a0000,3000,3400
FPREM1_completed,53,RD,random,86,MORE_THAN_512_SUBTRACTIONS,d5cf4344b88928f2,09de7fb0fe8aac8b,bc9cef6403e237cc2000,bc9cef6403e237cc2000,89cdec807c46f984,3400,7000,00003f80,27,644,2,2,6,c11ccb5db15201948000,3000,3400
FPREM1_completed,53,RD,random,87,MORE_THAN_512_SUBTRACTIONS,7b5310c9fc212395,8eda03c9c430ce5f,bceba69037ae3d53c000,bceba69037ae3d53c000,8eb4d206f5c7aa78,3400,7000,00003f80,35,862,2,2,6,438dad1847dc972e5000,3000,3400
FPREM1_completed,53,RD,random,92,MORE_THAN_512_SUBTRACTIONS,e3a846a2bfbc4178,80f257439666d7d5,3c0c9c29b1a107d28000,3c0c9c29b1a107d28000,00c385363420fa50,3400,7000,00003f80,27,808,2,2,2,c20ed8bfa47883faa000,3000,3400
FPREM1_completed,53,RD,random,104,MORE_THAN_512_SUBTRACTIONS,56b9818e16a7fd62,89436d87e2292558,3c9389e4299005490000,3c9389e4299005490000,09313c853200a920,3400,7000,00003f80,21,612,2,2,6,4132e621769844f50000,3000,3400
FPREM1_completed,53,RD,random,105,MORE_THAN_512_SUBTRACTIONS,f98f1f2039d4b32c,334ccb14838191dc,bf33b727e9205ee78000,bf33b727e9205ee78000,b336e4fd240bdcf0,3400,7100,00003f80,21,541,6,6,2,c373aa7b214060490000,3000,3400
FPREM1_completed,53,RD,random,113,MORE_THAN_512_SUBTRACTIONS,f30db0b39235c396,ad720371ec7fe712,3ed4ec4b5d43cab40000,3ed4ec4b5d43cab40000,2d4d896ba8795680,3400,3000,00003f80,20,543,0,0,0,c2f780a1106b971c5000,3000,3400
FPREM1_completed,53,RD,random,121,MORE_THAN_512_SUBTRACTIONS,7c0ada0c874938dc,97f0e3e5fa42fb78,3d7d92daf8abd3320000,3d7d92daf8abd3320000,17d25b5f157a6640,3400,7000,00003f80,27,815,2,2,6,439dcaa9d3e967880000,3000,3400
FPREM1_completed,53,RD,random,135,MORE_THAN_512_SUBTRACTIONS,7acec2800ccf3118,3498831721aad9e8,3f489bf2fc73696c0000,3f489bf2fc73696c0000,34837e5f8e6d2d80,3400,3000,00003f80,24,556,0,0,0,4389952eef1c607c4000,3000,3400
FPREM1_completed,53,RD,random,142,MORE_THAN_512_SUBTRACTIONS,7264155fa13b8f59,9c647ced0ca8226b,3dc2bb2947c812938000,3dc2bb2947c812938000,1c276528f9025270,3400,7200,00003f80,23,682,3,3,5,4304bacaa0d979ba8000,3000,3400
FPREM1_completed,53,RD,random,144,MORE_THAN_512_SUBTRACTIONS,ed2dc6396c42b6f8,02c3611c2eadf718,3c298039ee9aeacc0000,3c298039ee9aeacc0000,0290073dd35d5980,3400,7000,00003f80,30,845,2,2,6,c2ac86ddaf9c03cf8000,3000,3400
FPREM1_completed,53,RD,random,156,MORE_THAN_512_SUBTRACTIONS,c55b68e984a6b54d,8255bc36c1074b77,3c23d5d42b476fc36000,3c23d5d42b476fc36000,023aba8568edf86c,3400,3300,00003f80,21,532,5,5,5,c02598ec8c879ad20000,3000,3400
FPREM1_completed,53,RD,random,171,MORE_THAN_512_SUBTRACTIONS,72a584688a7d4f85,b06b0aa08ec0c009,3f058c563cf186254000,3f058c563cf186254000,30518ac79e30c4a8,3400,3100,00003f80,24,550,4,4,4,430287f05a3c364b0000,3000,3400
FPREM1_completed,53,RD,random,177,MORE_THAN_512_SUBTRACTIONS,d50cccc31539402e,895a0c6a0dc516b8,bc93c6afd484dbae0000,bc93c6afd484dbae0000,8938d5fa909b75c0,3400,7100,00003f80,26,625,6,6,6,c114a8d95df86a620000,3000,3400
FPREM1_completed,53,RD,random,1233,EXCEPTION_FLAGS_MISMATCH,800775f8a1f1e801,335231bcb44634b1,bbffeebf143e3d002000,bbffeebf143e3d002000,800775f8a1f1e801,3002,3002,00003f80,1,0,0,0,0,bbffeebf143e3d002000,3002,3002
FPREM1_completed,53,RD,random,2646,INVALID_OR_NONFINITE_INPUT,fffc16448446619e,97c865bf05fa1bc2,ffffe0b22422330cf000,ffffe0b22422330cf000,fffc16448446619e,3000,3000,00003f80,1,0,0,0,0,ffffe0b22422330cf000,3000,3000
FPREM1_completed,53,RD,random,2646,NAN_RESULT,fffc16448446619e,97c865bf05fa1bc2,ffffe0b22422330cf000,ffffe0b22422330cf000,fffc16448446619e,3000,3000,00003f80,1,0,0,0,0,ffffe0b22422330cf000,3000,3000
FPREM1_completed,53,RD,random,2800,INVALID_OR_NONFINITE_INPUT,7ffec4b85b15dcc9,73ae6374d2acbe2d,7ffff625c2d8aee64800,7ffff625c2d8aee64800,7ffec4b85b15dcc9,3000,3000,00003f80,1,0,0,0,0,7ffff625c2d8aee64800,3000,3000
FPREM1_completed,53,RD,random,2800,NAN_RESULT,7ffec4b85b15dcc9,73ae6374d2acbe2d,7ffff625c2d8aee64800,7ffff625c2d8aee64800,7ffec4b85b15dcc9,3000,3000,00003f80,1,0,0,0,0,7ffff625c2d8aee64800,3000,3000
FPREM1_completed,53,RD,random,2804,INVALID_OR_NONFINITE_INPUT,215f1284a38934b3,ffff2b4bee625364,fffff95a5f73129b2000,fffff95a5f73129b2000,ffff2b4bee625364,3000,3000,00003f80,1,0,0,0,0,fffff95a5f73129b2000,3000,3000
FPREM1_completed,53,RD,random,2804,NAN_RESULT,215f1284a38934b3,ffff2b4bee625364,fffff95a5f73129b2000,fffff95a5f73129b2000,ffff2b4bee625364,3000,3000,00003f80,1,0,0,0,0,fffff95a5f73129b2000,3000,3000
FPREM1_completed,53,RD,random,3319,INVALID_OR_NONFINITE_INPUT,8856eee77a72ede6,fff3ef7fd61e7ede,ffffdf7bfeb0f3f6f000,ffffdf7bfeb0f3f6f000,fffbef7fd61e7ede,3001,3001,00003f81,1,0,0,0,0,ffffdf7bfeb0f3f6f000,3001,3001
FPREM1_completed,53,RD,random,3319,NAN_RESULT,8856eee77a72ede6,fff3ef7fd61e7ede,ffffdf7bfeb0f3f6f000,ffffdf7bfeb0f3f6f000,fffbef7fd61e7ede,3001,3001,00003f81,1,0,0,0,0,ffffdf7bfeb0f3f6f000,3001,3001
FPREM1_completed,53,RD,random,4196,EXCEPTION_FLAGS_MISMATCH,00045d7cbad4eff6,19e3a5eafc13fccf,3bff8baf975a9dfec000,3bff8baf975a9dfec000,00045d7cbad4eff6,3002,3002,00003f80,1,0,0,0,0,3bff8baf975a9dfec000,3002,3002
FPREM1_completed,53,RD,random,5293,EXCEPTION_FLAGS_MISMATCH,000042978fcf403b,f113c2471660d47e,3bfb852f1f9e80760000,3bfb852f1f9e80760000,000042978fcf403b,3002,3002,00003f80,1,0,0,0,0,3bfb852f1f9e80760000,3002,3002
FPREM1_completed,53,RD,random,5800,EXCEPTION_FLAGS_MISMATCH,000f2db77710b090,70ffa1f579d5ad51,3c00f2db77710b090000,3c00f2db77710b090000,000f2db77710b090,3002,3002,00003f80,1,0,0,0,0,3c00f2db77710b090000,3002,3002
FPREM1_completed,53,RD,random,7438,INVALID_OR_NONFINITE_INPUT,7ffcaf4d654f0d5d,233fc0de0338e527,7fffe57a6b2a786ae800,7fffe57a6b2a786ae800,7ffcaf4d654f0d5d,3000,3000,00003f80,1,0,0,0,0,7fffe57a6b2a786ae800,3000,3000
FPREM1_completed,53,RD,random,7438,NAN_RESULT,7ffcaf4d654f0d5d,233fc0de0338e527,7fffe57a6b2a786ae800,7fffe57a6b2a786ae800,7ffcaf4d654f0d5d,3000,3000,00003f80,1,0,0,0,0,7fffe57a6b2a786ae800,3000,3000
FPREM1_completed,53,RD,random,7596,INVALID_OR_NONFINITE_INPUT,fffbf8822c40c37e,b07d2bef072da5b4,ffffdfc41162061bf000,ffffdfc41162061bf000,fffbf8822c40c37e,3000,3000,00003f80,1,0,0,0,0,ffffdfc41162061bf000,3000,3000
FPREM1_completed,53,RD,random,7596,NAN_RESULT,fffbf8822c40c37e,b07d2bef072da5b4,ffffdfc41162061bf000,ffffdfc41162061bf000,fffbf8822c40c37e,3000,3000,00003f80,1,0,0,0,0,ffffdfc41162061bf000,3000,3000
FPREM1_completed,53,RD,random,7612,EXCEPTION_FLAGS_MISMATCH,00096c497eed1ace,be99f8ce19a39a1b,3c0096c497eed1ace000,3c0096c497eed1ace000,00096c497eed1ace,3002,3002,00003f80,1,0,0,0,0,3c0096c497eed1ace000,3002,3002
FPREM1_completed,53,RD,random,7722,INVALID_OR_NONFINITE_INPUT,fff7691bbe190e08,7bcab5fa750c61cf,fffffb48ddf0c8704000,fffffb48ddf0c8704000,ffff691bbe190e08,3001,3001,00003f81,1,0,0,0,0,fffffb48ddf0c8704000,3001,3001
FPREM1_completed,53,RD,random,7722,NAN_RESULT,fff7691bbe190e08,7bcab5fa750c61cf,fffffb48ddf0c8704000,fffffb48ddf0c8704000,ffff691bbe190e08,3001,3001,00003f81,1,0,0,0,0,fffffb48ddf0c8704000,3001,3001
FPREM1_completed,53,RD,random,9199,EXCEPTION_FLAGS_MISMATCH,800a9a6921f9b5f3,2d747d032040de41,bc00a9a6921f9b5f3000,bc00a9a6921f9b5f3000,800a9a6921f9b5f3,3002,3002,00003f80,1,0,0,0,0,bc00a9a6921f9b5f3000,3002,3002
FPREM1_completed,53,RD,random,9325,EXCEPTION_FLAGS_MISMATCH,3016045f6aae82c6,801946418bced6bf,bc00c7278092cd6a8000,bc00c7278092cd6a8000,800c7278092cd6a8,3400,3000,00003f82,17,408,0,0,0,3ee0af5a4f3bf22e8000,3000,3400
FPREM1_completed,53,RD,random,10913,INVALID_OR_NONFINITE_INPUT,7fff2484a0f13a1d,6a6fdeea239a6e71,7ffff924250789d0e800,7ffff924250789d0e800,7fff2484a0f13a1d,3000,3000,00003f80,1,0,0,0,0,7ffff924250789d0e800,3000,3000
FPREM1_completed,53,RD,random,10913,NAN_RESULT,7fff2484a0f13a1d,6a6fdeea239a6e71,7ffff924250789d0e800,7ffff924250789d0e800,7fff2484a0f13a1d,3000,3000,00003f80,1,0,0,0,0,7ffff924250789d0e800,3000,3000
FPREM1_completed,53,RD,random,13177,INVALID_OR_NONFINITE_INPUT,fff87e6b054cc1e1,8d42223d01aabd08,ffffc3f3582a660f0800,ffffc3f3582a660f0800,fff87e6b054cc1e1,3000,3000,00003f80,1,0,0,0,0,ffffc3f3582a660f0800,3000,3000
FPREM1_completed,53,RD,random,13177,NAN_RESULT,fff87e6b054cc1e1,8d42223d01aabd08,ffffc3f3582a660f0800,ffffc3f3582a660f0800,fff87e6b054cc1e1,3000,3000,00003f80,1,0,0,0,0,ffffc3f3582a660f0800,3000,3000
FPREM1_completed,53,RD,random,13880,INVALID_OR_NONFINITE_INPUT,ffffe5642b6ad5f8,efcf3776f9f393f5,ffffff2b215b56afc000,ffffff2b215b56afc000,ffffe5642b6ad5f8,3000,3000,00003f80,1,0,0,0,0,ffffff2b215b56afc000,3000,3000
FPREM1_completed,53,RD,random,13880,NAN_RESULT,ffffe5642b6ad5f8,efcf3776f9f393f5,ffffff2b215b56afc000,ffffff2b215b56afc000,ffffe5642b6ad5f8,3000,3000,00003f80,1,0,0,0,0,ffffff2b215b56afc000,3000,3000
FPREM1_completed,53,RD,random,14177,INVALID_OR_NONFINITE_INPUT,1de067fae84e79b5,fffd194d792e3ad1,ffffe8ca6bc971d68800,ffffe8ca6bc971d68800,fffd194d792e3ad1,3000,3000,00003f80,1,0,0,0,0,ffffe8ca6bc971d68800,3000,3000
FPREM1_completed,53,RD,random,14177,NAN_RESULT,1de067fae84e79b5,fffd194d792e3ad1,ffffe8ca6bc971d68800,ffffe8ca6bc971d68800,fffd194d792e3ad1,3000,3000,00003f80,1,0,0,0,0,ffffe8ca6bc971d68800,3000,3000
FPREM1_completed,53,RD,random,15808,EXCEPTION_FLAGS_MISMATCH,00078afd5ab9f181,f2aa15676d841be6,3bfff15fab573e302000,3bfff15fab573e302000,00078afd5ab9f181,3002,3002,00003f80,1,0,0,0,0,3bfff15fab573e302000,3002,3002
FPREM1_completed,53,RD,random,16005,INVALID_OR_NONFINITE_INPUT,fff611d7cae68af6,86e423ac385d97f2,fffff08ebe573457b000,fffff08ebe573457b000,fffe11d7cae68af6,3001,3001,00003f81,1,0,0,0,0,fffff08ebe573457b000,3001,3001
FPREM1_completed,53,RD,random,16005,NAN_RESULT,fff611d7cae68af6,86e423ac385d97f2,fffff08ebe573457b000,fffff08ebe573457b000,fffe11d7cae68af6,3001,3001,00003f81,1,0,0,0,0,fffff08ebe573457b000,3001,3001
FPREM1_completed,53,RD,random,16109,INVALID_OR_NONFINITE_INPUT,fff760d464c22dfd,f722efe6567e5e26,fffffb06a326116fe800,fffffb06a326116fe800,ffff60d464c22dfd,3001,3001,00003f81,1,0,0,0,0,fffffb06a326116fe800,3001,3001
FPREM1_completed,53,RD,random,16109,NAN_RESULT,fff760d464c22dfd,f722efe6567e5e26,fffffb06a326116fe800,fffffb06a326116fe800,ffff60d464c22dfd,3001,3001,00003f81,1,0,0,0,0,fffffb06a326116fe800,3001,3001
FPREM1_completed,53,RD,random,17938,EXCEPTION_FLAGS_MISMATCH,000604a2ddf15aaf,4fac635a1fbf943d,3bffc0945bbe2b55e000,3bffc0945bbe2b55e000,000604a2ddf15aaf,3002,3002,00003f80,1,0,0,0,0,3bffc0945bbe2b55e000,3002,3002
FPREM1_completed,53,RD,random,18050,EXCEPTION_FLAGS_MISMATCH,80012b5411c1220b,2bc6fed9f7152b74,bbfd95aa08e091058000,bbfd95aa08e091058000,80012b5411c1220b,3002,3002,00003f80,1,0,0,0,0,bbfd95aa08e091058000,3002,3002
FPREM1_completed,53,RD,random,18144,INVALID_OR_NONFINITE_INPUT,1a697067a9d4131e,7ff4caf5a31236d0,7fffe657ad1891b68000,7fffe657ad1891b68000,7ffccaf5a31236d0,3001,3001,00003f81,1,0,0,0,0,7fffe657ad1891b68000,3001,3001
FPREM1_completed,53,RD,random,18144,NAN_RESULT,1a697067a9d4131e,7ff4caf5a31236d0,7fffe657ad1891b68000,7fffe657ad1891b68000,7ffccaf5a31236d0,3001,3001,00003f81,1,0,0,0,0,7fffe657ad1891b68000,3001,3001
FPREM1_completed,53,RD,random,18393,EXCEPTION_FLAGS_MISMATCH,800a078ea997ffbd,9024b261222329c4,bc00a078ea997ffbd000,bc00a078ea997ffbd000,800a078ea997ffbd,3002,3002,00003f80,1,0,0,0,0,bc00a078ea997ffbd000,3002,3002
FPREM1_completed,53,RD,random,18494,INVALID_OR_NONFINITE_INPUT,8b3795aeea5a51e9,fff42510e432a4b0,ffffe128872195258000,ffffe128872195258000,fffc2510e432a4b0,3001,3001,00003f81,1,0,0,0,0,ffffe128872195258000,3001,3001
FPREM1_completed,53,RD,random,18494,NAN_RESULT,8b3795aeea5a51e9,fff42510e432a4b0,ffffe128872195258000,ffffe128872195258000,fffc2510e432a4b0,3001,3001,00003f81,1,0,0,0,0,ffffe128872195258000,3001,3001
FPREM1_completed,53,RD,random,18855,EXCEPTION_FLAGS_MISMATCH,0009c2ad8c5ab954,e9b24df58db0b1de,3c009c2ad8c5ab954000,3c009c2ad8c5ab954000,0009c2ad8c5ab954,3002,3002,00003f80,1,0,0,0,0,3c009c2ad8c5ab954000,3002,3002
FPREM1_completed,53,RD,random,19752,EXCEPTION_FLAGS_MISMATCH,30b3a3571edeec86,8011078b8429463d,bbfeb0fc0faf33098000,bbfeb0fc0faf33098000,8002c3f03ebccc26,3400,7100,00003f82,13,416,6,6,2,3ededc1d46cc3fb2c000,3000,3400
FPREM1_completed,53,RD,random,19982,INVALID_OR_NONFINITE_INPUT,7ff1ef37dbd61011,ed987e4fb1101e19,7fffcf79bedeb0808800,7fffcf79bedeb0808800,7ff9ef37dbd61011,3001,3001,00003f81,1,0,0,0,0,7fffcf79bedeb0808800,3001,3001
FPREM1_completed,53,RD,random,19982,NAN_RESULT,7ff1ef37dbd61011,ed987e4fb1101e19,7fffcf79bedeb0808800,7fffcf79bedeb0808800,7ff9ef37dbd61011,3001,3001,00003f81,1,0,0,0,0,7fffcf79bedeb0808800,3001,3001
FPREM1_completed,53,RD,random,19989,INVALID_OR_NONFINITE_INPUT,6a9d1ec93aecc6ab,fffce7ea399b451a,ffffe73f51ccda28d000,ffffe73f51ccda28d000,fffce7ea399b451a,3000,3000,00003f80,1,0,0,0,0,ffffe73f51ccda28d000,3000,3000
FPREM1_completed,53,RD,random,19989,NAN_RESULT,6a9d1ec93aecc6ab,fffce7ea399b451a,ffffe73f51ccda28d000,ffffe73f51ccda28d000,fffce7ea399b451a,3000,3000,00003f80,1,0,0,0,0,ffffe73f51ccda28d000,3000,3000
FPREM1_completed,53,RD,random,21129,INVALID_OR_NONFINITE_INPUT,1bd16e2aeeb69c1c,fffd80dcf474289d,ffffec06e7a3a144e800,ffffec06e7a3a144e800,fffd80dcf474289d,3000,3000,00003f80,1,0,0,0,0,ffffec06e7a3a144e800,3000,3000
FPREM1_completed,53,RD,random,21129,NAN_RESULT,1bd16e2aeeb69c1c,fffd80dcf474289d,ffffec06e7a3a144e800,ffffec06e7a3a144e800,fffd80dcf474289d,3000,3000,00003f80,1,0,0,0,0,ffffec06e7a3a144e800,3000,3000
FPREM1_completed,53,RD,random,21308,EXCEPTION_FLAGS_MISMATCH,80054af5ac397823,0921b43449e9917b,bbffa95eb5872f046000,bbffa95eb5872f046000,80054af5ac397823,3002,3002,00003f80,1,0,0,0,0,bbffa95eb5872f046000,3002,3002
FPREM1_completed,53,RD,random,21840,INVALID_OR_NONFINITE_INPUT,7ff452155f935d94,1c775d75320a205c,7fffe290aafc9aeca000,7fffe290aafc9aeca000,7ffc52155f935d94,3001,3001,00003f81,1,0,0,0,0,7fffe290aafc9aeca000,3001,3001
FPREM1_completed,53,RD,random,21840,NAN_RESULT,7ff452155f935d94,1c775d75320a205c,7fffe290aafc9aeca000,7fffe290aafc9aeca000,7ffc52155f935d94,3001,3001,00003f81,1,0,0,0,0,7fffe290aafc9aeca000,3001,3001
FPREM1_completed,53,RD,random,22001,INVALID_OR_NONFINITE_INPUT,f51f71d5f317fef7,fff038e0bc7f2023,ffffc1c705e3f9011800,ffffc1c705e3f9011800,fff838e0bc7f2023,3001,3001,00003f81,1,0,0,0,0,ffffc1c705e3f9011800,3001,3001
FPREM1_completed,53,RD,random,22001,NAN_RESULT,f51f71d5f317fef7,fff038e0bc7f2023,ffffc1c705e3f9011800,ffffc1c705e3f9011800,fff838e0bc7f2023,3001,3001,00003f81,1,0,0,0,0,ffffc1c705e3f9011800,3001,3001
FPREM1_completed,53,RD,random,24432,EXCEPTION_FLAGS_MISMATCH,0000524bff113f57,816da281ea85a7a5,3bfba497fe227eae0000,3bfba497fe227eae0000,0000524bff113f57,3002,3002,00003f80,1,0,0,0,0,3bfba497fe227eae0000,3002,3002
FPREM1_completed,53,RD,random,25096,EXCEPTION_FLAGS_MISMATCH,80090e781b9805f4,29de74e64bc6bc23,bc0090e781b9805f4000,bc0090e781b9805f4000,80090e781b9805f4,3002,3002,00003f80,1,0,0,0,0,bc0090e781b9805f4000,3002,3002
FPREM1_completed,53,RD,random,29586,EXCEPTION_FLAGS_MISMATCH,000dad250093a9db,2b750a83e2704927,3c00dad250093a9db000,3c00dad250093a9db000,000dad250093a9db,3002,3002,00003f80,1,0,0,0,0,3c00dad250093a9db000,3002,3002
FPREM1_completed,53,RD,random,30173,EXCEPTION_FLAGS_MISMATCH,af543502506f16fe,801065bcb00bd904,3bffbbf2455b429a8000,3bffbbf2455b429a8000,0005df922ada14d4,3400,3300,00003f82,13,392,5,5,5,bebdf1fc46fdee820000,3000,3400
FPREM1_completed,53,RD,random,31461,EXCEPTION_FLAGS_MISMATCH,0004db3d8e9a43b0,d79c4aafc37e3e3d,3bff9b67b1d348760000,3bff9b67b1d348760000,0004db3d8e9a43b0,3002,3002,00003f80,1,0,0,0,0,3bff9b67b1d348760000,3002,3002
FPREM1_completed,53,RD,random,33301,EXCEPTION_FLAGS_MISMATCH,800a11860291f5bc,de153ca097c5d5c7,bc00a11860291f5bc000,bc00a11860291f5bc000,800a11860291f5bc,3002,3002,00003f80,1,0,0,0,0,bc00a11860291f5bc000,3002,3002
FPREM1_completed,53,RD,edge,341,VALUE_MISMATCH,7ff8000000000011,fff0000000000222,ffffc000000000111000,7fffc000000000008800,7ff8000000000011,3001,3001,00003f81,1,0,0,0,0,ffffc000000000111000,3001,3001
FPREM1_completed,53,RU,random,0,ALL,39005d1b59f41037,aa0bb42747841268,be9eda9504ec9b100000,be9eda9504ec9b100000,a9eb52a09d936200,3400,3000,00005f80,5,120,0,0,0,3f5dc0201f66984c0000,3000,3400
FPREM1_completed,53,RU,random,0,X87_MULTISTEP,39005d1b59f41037,aa0bb42747841268,be9eda9504ec9b100000,be9eda9504ec9b100000,a9eb52a09d936200,3400,3000,00005f80,5,120,0,0,0,3f5dc0201f66984c0000,3000,3400
FPREM1_completed,53,RU,random,0,SINGLE_INSTRUCTION_VALUE_MISMATCH,39005d1b59f41037,aa0bb42747841268,be9eda9504ec9b100000,be9eda9504ec9b100000,a9eb52a09d936200,3400,3000,00005f80,5,120,0,0,0,3f5dc0201f66984c0000,3000,3400
FPREM1_completed,53,RU,random,0,SINGLE_INSTRUCTION_C2_PARTIAL,39005d1b59f41037,aa0bb42747841268,be9eda9504ec9b100000,be9eda9504ec9b100000,a9eb52a09d936200,3400,3000,00005f80,5,120,0,0,0,3f5dc0201f66984c0000,3000,3400
FPREM1_completed,53,RU,random,1,ALL,a79dae131b3431aa,c97db72336427b70,be79ed7098d9a18d5000,be79ed7098d9a18d5000,a79dae131b3431aa,3000,3000,00005f80,1,0,0,0,0,be79ed7098d9a18d5000,3000,3000
FPREM1_completed,53,RU,random,1,SINGLE_COMPLETE_FINITE_CASE,a79dae131b3431aa,c97db72336427b70,be79ed7098d9a18d5000,be79ed7098d9a18d5000,a79dae131b3431aa,3000,3000,00005f80,1,0,0,0,0,be79ed7098d9a18d5000,3000,3000
FPREM1_completed,53,RU,random,2,ALL,38b1b1cf247332e7,2c69a8de7d10e6c2,3ec4ebb15b13f19a0000,3ec4ebb15b13f19a0000,2c4d762b627e3340,3400,3000,00005f80,4,90,0,0,0,3f65e65f0fd8474c8000,3000,3400
FPREM1_completed,53,RU,random,2,X87_MULTISTEP,38b1b1cf247332e7,2c69a8de7d10e6c2,3ec4ebb15b13f19a0000,3ec4ebb15b13f19a0000,2c4d762b627e3340,3400,3000,00005f80,4,90,0,0,0,3f65e65f0fd8474c8000,3000,3400
FPREM1_completed,53,RU,random,2,SINGLE_INSTRUCTION_VALUE_MISMATCH,38b1b1cf247332e7,2c69a8de7d10e6c2,3ec4ebb15b13f19a0000,3ec4ebb15b13f19a0000,2c4d762b627e3340,3400,3000,00005f80,4,90,0,0,0,3f65e65f0fd8474c8000,3000,3400
FPREM1_completed,53,RU,random,2,SINGLE_INSTRUCTION_C2_PARTIAL,38b1b1cf247332e7,2c69a8de7d10e6c2,3ec4ebb15b13f19a0000,3ec4ebb15b13f19a0000,2c4d762b627e3340,3400,3000,00005f80,4,90,0,0,0,3f65e65f0fd8474c8000,3000,3400
FPREM1_completed,53,RU,random,3,ALL,0159a802c6b0e40b,fde8f2dd6b4079e3,3c15cd40163587205800,3c15cd40163587205800,0159a802c6b0e40b,3000,3000,00005f80,1,0,0,0,0,3c15cd40163587205800,3000,3000
FPREM1_completed,53,RU,random,3,SINGLE_COMPLETE_FINITE_CASE,0159a802c6b0e40b,fde8f2dd6b4079e3,3c15cd40163587205800,3c15cd40163587205800,0159a802c6b0e40b,3000,3000,00005f80,1,0,0,0,0,3c15cd40163587205800,3000,3000
FPREM1_completed,53,RU,random,4,ALL,6eafb6c51d88b719,b33bcb6f9ffd8324,bf2de8fe0580bed00000,bf2de8fe0580bed00000,b2dd1fc0b017da00,3400,7000,00005f80,17,446,2,2,6,42b2c8875468a91ec000,3000,3400
FPREM1_completed,53,RU,random,4,X87_MULTISTEP,6eafb6c51d88b719,b33bcb6f9ffd8324,bf2de8fe0580bed00000,bf2de8fe0580bed00000,b2dd1fc0b017da00,3400,7000,00005f80,17,446,2,2,6,42b2c8875468a91ec000,3000,3400
FPREM1_completed,53,RU,random,4,QUOTIENT_SIGNED_BITS_DIFFER,6eafb6c51d88b719,b33bcb6f9ffd8324,bf2de8fe0580bed00000,bf2de8fe0580bed00000,b2dd1fc0b017da00,3400,7000,00005f80,17,446,2,2,6,42b2c8875468a91ec000,3000,3400
FPREM1_completed,53,RU,random,4,SINGLE_INSTRUCTION_VALUE_MISMATCH,6eafb6c51d88b719,b33bcb6f9ffd8324,bf2de8fe0580bed00000,bf2de8fe0580bed00000,b2dd1fc0b017da00,3400,7000,00005f80,17,446,2,2,6,42b2c8875468a91ec000,3000,3400
FPREM1_completed,53,RU,random,4,SINGLE_INSTRUCTION_C2_PARTIAL,6eafb6c51d88b719,b33bcb6f9ffd8324,bf2de8fe0580bed00000,bf2de8fe0580bed00000,b2dd1fc0b017da00,3400,7000,00005f80,17,446,2,2,6,42b2c8875468a91ec000,3000,3400
FPREM1_completed,53,RU,random,5,ALL,039d85f35503e50f,6bf5f004e65a440b,3c39ec2f9aa81f287800,3c39ec2f9aa81f287800,039d85f35503e50f,3000,3000,00005f80,1,0,0,0,0,3c39ec2f9aa81f287800,3000,3000
FPREM1_completed,53,RU,random,5,SINGLE_COMPLETE_FINITE_CASE,039d85f35503e50f,6bf5f004e65a440b,3c39ec2f9aa81f287800,3c39ec2f9aa81f287800,039d85f35503e50f,3000,3000,00005f80,1,0,0,0,0,3c39ec2f9aa81f287800,3000,3000
FPREM1_completed,53,RU,random,6,ALL,3f622dade3a7b6be,bac9d0d4304c687b,bfabc6134ca4513ff000,bfabc6134ca4513ff000,bab8c269948a27fe,3400,3300,00005f80,2,35,5,5,3,3fc68cbaee446fa20000,3000,3400
FPREM1_completed,53,RU,random,6,X87_MULTISTEP,3f622dade3a7b6be,bac9d0d4304c687b,bfabc6134ca4513ff000,bfabc6134ca4513ff000,bab8c269948a27fe,3400,3300,00005f80,2,35,5,5,3,3fc68cbaee446fa20000,3000,3400
FPREM1_completed,53,RU,random,6,QUOTIENT_SIGNED_BITS_DIFFER,3f622dade3a7b6be,bac9d0d4304c687b,bfabc6134ca4513ff000,bfabc6134ca4513ff000,bab8c269948a27fe,3400,3300,00005f80,2,35,5,5,3,3fc68cbaee446fa20000,3000,3400
FPREM1_completed,53,RU,random,6,SINGLE_INSTRUCTION_VALUE_MISMATCH,3f622dade3a7b6be,bac9d0d4304c687b,bfabc6134ca4513ff000,bfabc6134ca4513ff000,bab8c269948a27fe,3400,3300,00005f80,2,35,5,5,3,3fc68cbaee446fa20000,3000,3400
FPREM1_completed,53,RU,random,6,SINGLE_INSTRUCTION_C2_PARTIAL,3f622dade3a7b6be,bac9d0d4304c687b,bfabc6134ca4513ff000,bfabc6134ca4513ff000,bab8c269948a27fe,3400,3300,00005f80,2,35,5,5,3,3fc68cbaee446fa20000,3000,3400
FPREM1_completed,53,RU,random,7,ALL,1be3526f041fd13f,8f013dda7d97cc0b,3cec83c7ce222eb88000,3cec83c7ce222eb88000,0ec078f9c445d710,3400,3300,00005f80,4,83,5,5,3,3d8f99911c0774abc000,3000,3400
FPREM1_completed,53,RU,random,7,X87_MULTISTEP,1be3526f041fd13f,8f013dda7d97cc0b,3cec83c7ce222eb88000,3cec83c7ce222eb88000,0ec078f9c445d710,3400,3300,00005f80,4,83,5,5,3,3d8f99911c0774abc000,3000,3400
FPREM1_completed,53,RU,random,7,QUOTIENT_SIGNED_BITS_DIFFER,1be3526f041fd13f,8f013dda7d97cc0b,3cec83c7ce222eb88000,3cec83c7ce222eb88000,0ec078f9c445d710,3400,3300,00005f80,4,83,5,5,3,3d8f99911c0774abc000,3000,3400
FPREM1_completed,53,RU,random,7,SINGLE_INSTRUCTION_VALUE_MISMATCH,1be3526f041fd13f,8f013dda7d97cc0b,3cec83c7ce222eb88000,3cec83c7ce222eb88000,0ec078f9c445d710,3400,3300,00005f80,4,83,5,5,3,3d8f99911c0774abc000,3000,3400
FPREM1_completed,53,RU,random,7,SINGLE_INSTRUCTION_C2_PARTIAL,1be3526f041fd13f,8f013dda7d97cc0b,3cec83c7ce222eb88000,3cec83c7ce222eb88000,0ec078f9c445d710,3400,3300,00005f80,4,83,5,5,3,3d8f99911c0774abc000,3000,3400
FPREM1_completed,53,RU,random,8,ALL,c44d0a1ea70b20ff,0eeac7548da1932d,3ceb8e30913f18288000,3ceb8e30913f18288000,0eb1c61227e30510,3400,7000,00005f80,16,424,2,2,6,c008b16b8d55709c0000,3000,3400
FPREM1_completed,53,RU,random,8,X87_MULTISTEP,c44d0a1ea70b20ff,0eeac7548da1932d,3ceb8e30913f18288000,3ceb8e30913f18288000,0eb1c61227e30510,3400,7000,00005f80,16,424,2,2,6,c008b16b8d55709c0000,3000,3400
FPREM1_completed,53,RU,random,8,QUOTIENT_SIGNED_BITS_DIFFER,c44d0a1ea70b20ff,0eeac7548da1932d,3ceb8e30913f18288000,3ceb8e30913f18288000,0eb1c61227e30510,3400,7000,00005f80,16,424,2,2,6,c008b16b8d55709c0000,3000,3400
FPREM1_completed,53,RU,random,8,SINGLE_INSTRUCTION_VALUE_MISMATCH,c44d0a1ea70b20ff,0eeac7548da1932d,3ceb8e30913f18288000,3ceb8e30913f18288000,0eb1c61227e30510,3400,7000,00005f80,16,424,2,2,6,c008b16b8d55709c0000,3000,3400
FPREM1_completed,53,RU,random,8,SINGLE_INSTRUCTION_C2_PARTIAL,c44d0a1ea70b20ff,0eeac7548da1932d,3ceb8e30913f18288000,3ceb8e30913f18288000,0eb1c61227e30510,3400,7000,00005f80,16,424,2,2,6,c008b16b8d55709c0000,3000,3400
FPREM1_completed,53,RU,random,9,ALL,14c615a007ecca11,e2509355b1112f51,3d4cb0ad003f66508800,3d4cb0ad003f66508800,14c615a007ecca11,3000,3000,00005f80,1,0,0,0,0,3d4cb0ad003f66508800,3000,3000
FPREM1_completed,53,RU,random,9,SINGLE_COMPLETE_FINITE_CASE,14c615a007ecca11,e2509355b1112f51,3d4cb0ad003f66508800,3d4cb0ad003f66508800,14c615a007ecca11,3000,3000,00005f80,1,0,0,0,0,3d4cb0ad003f66508800,3000,3000
FPREM1_completed,53,RU,random,10,ALL,e17a9da691069bad,bf7616c50e54a52d,3ff6af32e152c081e000,3ff6af32e152c081e000,3f65e65c2a58103c,3400,7100,00005f80,10,266,6,6,6,c1f3b2a68b0280980000,3000,3400
FPREM1_completed,53,RU,random,10,X87_MULTISTEP,e17a9da691069bad,bf7616c50e54a52d,3ff6af32e152c081e000,3ff6af32e152c081e000,3f65e65c2a58103c,3400,7100,00005f80,10,266,6,6,6,c1f3b2a68b0280980000,3000,3400
FPREM1_completed,53,RU,random,10,SINGLE_INSTRUCTION_VALUE_MISMATCH,e17a9da691069bad,bf7616c50e54a52d,3ff6af32e152c081e000,3ff6af32e152c081e000,3f65e65c2a58103c,3400,7100,00005f80,10,266,6,6,6,c1f3b2a68b0280980000,3000,3400
FPREM1_completed,53,RU,random,10,SINGLE_INSTRUCTION_C2_PARTIAL,e17a9da691069bad,bf7616c50e54a52d,3ff6af32e152c081e000,3ff6af32e152c081e000,3f65e65c2a58103c,3400,7100,00005f80,10,266,6,6,6,c1f3b2a68b0280980000,3000,3400
FPREM1_completed,53,RU,random,11,ALL,4a4e1234b1a55a7f,29841a150e25814e,3e95abc4469a67fc0000,3e95abc4469a67fc0000,29557888d34cff80,3400,3000,00005f80,9,289,0,0,0,4075d17ea87146938000,3000,3400
FPREM1_completed,53,RU,random,11,X87_MULTISTEP,4a4e1234b1a55a7f,29841a150e25814e,3e95abc4469a67fc0000,3e95abc4469a67fc0000,29557888d34cff80,3400,3000,00005f80,9,289,0,0,0,4075d17ea87146938000,3000,3400
FPREM1_completed,53,RU,random,11,SINGLE_INSTRUCTION_VALUE_MISMATCH,4a4e1234b1a55a7f,29841a150e25814e,3e95abc4469a67fc0000,3e95abc4469a67fc0000,29557888d34cff80,3400,3000,00005f80,9,289,0,0,0,4075d17ea87146938000,3000,3400
FPREM1_completed,53,RU,random,11,SINGLE_INSTRUCTION_C2_PARTIAL,4a4e1234b1a55a7f,29841a150e25814e,3e95abc4469a67fc0000,3e95abc4469a67fc0000,29557888d34cff80,3400,3000,00005f80,9,289,0,0,0,4075d17ea87146938000,3000,3400
FPREM1_completed,53,RU,random,12,ALL,6594f41e49bee1a0,3bf5817dfb70df6d,bfbdd3bf680461b9c000,bfbdd3bf680461b9c000,bbda77ed008c3738,3400,7100,00005f80,12,321,6,6,6,421e9b54c40c8e563000,3000,3400
FPREM1_completed,53,RU,random,12,X87_MULTISTEP,6594f41e49bee1a0,3bf5817dfb70df6d,bfbdd3bf680461b9c000,bfbdd3bf680461b9c000,bbda77ed008c3738,3400,7100,00005f80,12,321,6,6,6,421e9b54c40c8e563000,3000,3400
FPREM1_completed,53,RU,random,12,SINGLE_INSTRUCTION_VALUE_MISMATCH,6594f41e49bee1a0,3bf5817dfb70df6d,bfbdd3bf680461b9c000,bfbdd3bf680461b9c000,bbda77ed008c3738,3400,7100,00005f80,12,321,6,6,6,421e9b54c40c8e563000,3000,3400
FPREM1_completed,53,RU,random,12,SINGLE_INSTRUCTION_C2_PARTIAL,6594f41e49bee1a0,3bf5817dfb70df6d,bfbdd3bf680461b9c000,bfbdd3bf680461b9c000,bbda77ed008c3738,3400,7100,00005f80,12,321,6,6,6,421e9b54c40c8e563000,3000,3400
FPREM1_completed,53,RU,random,13,ALL,c1132a8b237f2b9d,594d73404f44c27e,c0119954591bf95ce800,c0119954591bf95ce800,c1132a8b237f2b9d,3000,3000,00005f80,1,0,0,0,0,c0119954591bf95ce800,3000,3000
FPREM1_completed,53,RU,random,13,SINGLE_COMPLETE_FINITE_CASE,c1132a8b237f2b9d,594d73404f44c27e,c0119954591bf95ce800,c0119954591bf95ce800,c1132a8b237f2b9d,3000,3000,00005f80,1,0,0,0,0,c0119954591bf95ce800,3000,3000
FPREM1_completed,53,RU,random,14,ALL,b7683dfbd1805aff,bf598884c49fca9b,bf76c1efde8c02d7f800,bf76c1efde8c02d7f800,b7683dfbd1805aff,3000,3000,00005f80,1,0,0,0,0,bf76c1efde8c02d7f800,3000,3000
FPREM1_completed,53,RU,random,14,SINGLE_COMPLETE_FINITE_CASE,b7683dfbd1805aff,bf598884c49fca9b,bf76c1efde8c02d7f800,bf76c1efde8c02d7f800,b7683dfbd1805aff,3000,3000,00005f80,1,0,0,0,0,bf76c1efde8c02d7f800,3000,3000
FPREM1_completed,53,RU,random,15,ALL,6f490969190f62c4,ae1215eb462405c7,beddf21db25c55170000,beddf21db25c55170000,adde43b64b8aa2e0,3400,7000,00005f80,17,494,2,2,6,42bddc90617d46440000,3000,3400
FPREM1_completed,53,RU,random,15,X87_MULTISTEP,6f490969190f62c4,ae1215eb462405c7,beddf21db25c55170000,beddf21db25c55170000,adde43b64b8aa2e0,3400,7000,00005f80,17,494,2,2,6,42bddc90617d46440000,3000,3400
FPREM1_completed,53,RU,random,15,QUOTIENT_SIGNED_BITS_DIFFER,6f490969190f62c4,ae1215eb462405c7,beddf21db25c55170000,beddf21db25c55170000,adde43b64b8aa2e0,3400,7000,00005f80,17,494,2,2,6,42bddc90617d46440000,3000,3400
FPREM1_completed,53,RU,random,15,SINGLE_INSTRUCTION_VALUE_MISMATCH,6f490969190f62c4,ae1215eb462405c7,beddf21db25c55170000,beddf21db25c55170000,adde43b64b8aa2e0,3400,7000,00005f80,17,494,2,2,6,42bddc90617d46440000,3000,3400
FPREM1_completed,53,RU,random,15,SINGLE_INSTRUCTION_C2_PARTIAL,6f490969190f62c4,ae1215eb462405c7,beddf21db25c55170000,beddf21db25c55170000,adde43b64b8aa2e0,3400,7000,00005f80,17,494,2,2,6,42bddc90617d46440000,3000,3400
FPREM1_completed,53,RU,random,16,ALL,8da36025d28a21d8,33ed6497a86d8353,bcda9b012e94510ec000,bcda9b012e94510ec000,8da36025d28a21d8,3000,3000,00005f80,1,0,0,0,0,bcda9b012e94510ec000,3000,3000
FPREM1_completed,53,RU,random,16,SINGLE_COMPLETE_FINITE_CASE,8da36025d28a21d8,33ed6497a86d8353,bcda9b012e94510ec000,bcda9b012e94510ec000,8da36025d28a21d8,3000,3000,00005f80,1,0,0,0,0,bcda9b012e94510ec000,3000,3000
FPREM1_completed,53,RU,random,17,ALL,b77e8b7c1bae6945,ce13f0f8f189085d,bf77f45be0dd734a2800,bf77f45be0dd734a2800,b77e8b7c1bae6945,3000,3000,00005f80,1,0,0,0,0,bf77f45be0dd734a2800,3000,3000
FPREM1_completed,53,RU,random,17,SINGLE_COMPLETE_FINITE_CASE,b77e8b7c1bae6945,ce13f0f8f189085d,bf77f45be0dd734a2800,bf77f45be0dd734a2800,b77e8b7c1bae6945,3000,3000,00005f80,1,0,0,0,0,bf77f45be0dd734a2800,3000,3000
FPREM1_completed,53,RU,random,18,ALL,1e56657267a4546d,63b83902f22bfcd7,3de5b32b933d22a36800,3de5b32b933d22a36800,1e56657267a4546d,3000,3000,00005f80,1,0,0,0,0,3de5b32b933d22a36800,3000,3000
FPREM1_completed,53,RU,random,18,SINGLE_COMPLETE_FINITE_CASE,1e56657267a4546d,63b83902f22bfcd7,3de5b32b933d22a36800,3de5b32b933d22a36800,1e56657267a4546d,3000,3000,00005f80,1,0,0,0,0,3de5b32b933d22a36800,3000,3000
FPREM1_completed,53,RU,random,19,ALL,520a608fd94c71bc,1a0745443aa528a2,bd9de6901672030b0000,bd9de6901672030b0000,99dcd202ce406160,3400,7100,00005f80,18,451,6,6,6,4100afcb0604c208c000,3000,3400
FPREM1_completed,53,RU,random,19,X87_MULTISTEP,520a608fd94c71bc,1a0745443aa528a2,bd9de6901672030b0000,bd9de6901672030b0000,99dcd202ce406160,3400,7100,00005f80,18,451,6,6,6,4100afcb0604c208c000,3000,3400
FPREM1_completed,53,RU,random,19,SINGLE_INSTRUCTION_VALUE_MISMATCH,520a608fd94c71bc,1a0745443aa528a2,bd9de6901672030b0000,bd9de6901672030b0000,99dcd202ce406160,3400,7100,00005f80,18,451,6,6,6,4100afcb0604c208c000,3000,3400
FPREM1_completed,53,RU,random,19,SINGLE_INSTRUCTION_C2_PARTIAL,520a608fd94c71bc,1a0745443aa528a2,bd9de6901672030b0000,bd9de6901672030b0000,99dcd202ce406160,3400,7100,00005f80,18,451,6,6,6,4100afcb0604c208c000,3000,3400
FPREM1_completed,53,RU,random,20,X87_MULTISTEP,e11dd77714b3258b,2594be96d5414b93,be58a3ced03246e70000,be58a3ced03246e70000,a58479da0648dce0,3400,3000,00005f80,16,468,0,0,0,c1d689da8af23e7a8000,3000,3400
FPREM1_completed,53,RU,random,20,SINGLE_INSTRUCTION_VALUE_MISMATCH,e11dd77714b3258b,2594be96d5414b93,be58a3ced03246e70000,be58a3ced03246e70000,a58479da0648dce0,3400,3000,00005f80,16,468,0,0,0,c1d689da8af23e7a8000,3000,3400
FPREM1_completed,53,RU,random,20,SINGLE_INSTRUCTION_C2_PARTIAL,e11dd77714b3258b,2594be96d5414b93,be58a3ced03246e70000,be58a3ced03246e70000,a58479da0648dce0,3400,3000,00005f80,16,468,0,0,0,c1d689da8af23e7a8000,3000,3400
FPREM1_completed,53,RU,random,21,SINGLE_COMPLETE_FINITE_CASE,b452c0bf0200d818,6b0151688251e8ff,bf459605f81006c0c000,bf459605f81006c0c000,b452c0bf0200d818,3000,3000,00005f80,1,0,0,0,0,bf459605f81006c0c000,3000,3000
FPREM1_completed,53,RU,random,22,QUOTIENT_SIGNED_BITS_DIFFER,a04b39e9068ce4c8,1eb552ddc4042814,3de7871c7aea26740000,3de7871c7aea26740000,1e70e38f5d44ce80,7000,7000,00005f80,1,14,2,2,6,3de7871c7aea26740000,3000,7000
FPREM1_completed,53,RU,random,22,SINGLE_COMPLETE_FINITE_CASE,a04b39e9068ce4c8,1eb552ddc4042814,3de7871c7aea26740000,3de7871c7aea26740000,1e70e38f5d44ce80,7000,7000,00005f80,1,14,2,2,6,3de7871c7aea26740000,3000,7000
FPREM1_completed,53,RU,random,23,SINGLE_COMPLETE_FINITE_CASE,af4da42f6014ff40,b29387e0e24fc445,bef4ed217b00a7fa0000,bef4ed217b00a7fa0000,af4da42f6014ff40,3000,3000,00005f80,1,0,0,0,0,bef4ed217b00a7fa0000,3000,3000
FPREM1_completed,53,RU,random,24,X87_MULTISTEP,d4114ba021dfe810,3c9d3fbdef8f3ad4,bfc899b8aef443cc0000,bfc899b8aef443cc0000,bc833715de887980,3400,3000,00005f80,7,185,0,0,0,c105ea7fac552c3a0000,3000,3400
FPREM1_completed,53,RU,random,24,SINGLE_INSTRUCTION_VALUE_MISMATCH,d4114ba021dfe810,3c9d3fbdef8f3ad4,bfc899b8aef443cc0000,bfc899b8aef443cc0000,bc833715de887980,3400,3000,00005f80,7,185,0,0,0,c105ea7fac552c3a0000,3000,3400
FPREM1_completed,53,RU,random,24,SINGLE_INSTRUCTION_C2_PARTIAL,d4114ba021dfe810,3c9d3fbdef8f3ad4,bfc899b8aef443cc0000,bfc899b8aef443cc0000,bc833715de887980,3400,3000,00005f80,7,185,0,0,0,c105ea7fac552c3a0000,3000,3400
FPREM1_completed,53,RU,random,25,SINGLE_COMPLETE_FINITE_CASE,69ef6e510d168232,717a855f449728e5,429efb728868b4119000,429efb728868b4119000,69ef6e510d168232,3000,3000,00005f80,1,0,0,0,0,429efb728868b4119000,3000,3000
FPREM1_completed,53,RU,random,26,SINGLE_COMPLETE_FINITE_CASE,d6883f0417967388,e66311ff39fee26c,c168c1f820bcb39c4000,c168c1f820bcb39c4000,d6883f0417967388,3000,3000,00005f80,1,0,0,0,0,c168c1f820bcb39c4000,3000,3000
FPREM1_completed,53,RU,random,27,SINGLE_COMPLETE_FINITE_CASE,4fa14b561f8c01bf,f471624ef4a20fbf,40fa8a5ab0fc600df800,40fa8a5ab0fc600df800,4fa14b561f8c01bf,3000,3000,00005f80,1,0,0,0,0,40fa8a5ab0fc600df800,3000,3000
FPREM1_completed,53,RU,random,28,SINGLE_COMPLETE_FINITE_CASE,9d1803c5770d693a,239d03d2d46d3116,bdd1c01e2bb86b49d000,bdd1c01e2bb86b49d000,9d1803c5770d693a,3000,3000,00005f80,1,0,0,0,0,bdd1c01e2bb86b49d000,3000,3000
FPREM1_completed,53,RU,random,29,X87_MULTISTEP,7f2c60a814b272c4,e633a951c7718da0,4262993de6ed86800000,4262993de6ed86800000,662327bcddb0d000,3400,3000,00005f80,7,214,0,0,0,43c0ea05ff1215200000,3000,3400
FPREM1_completed,53,RU,random,29,SINGLE_INSTRUCTION_VALUE_MISMATCH,7f2c60a814b272c4,e633a951c7718da0,4262993de6ed86800000,4262993de6ed86800000,662327bcddb0d000,3400,3000,00005f80,7,214,0,0,0,43c0ea05ff1215200000,3000,3400
FPREM1_completed,53,RU,random,29,SINGLE_INSTRUCTION_C2_PARTIAL,7f2c60a814b272c4,e633a951c7718da0,4262993de6ed86800000,4262993de6ed86800000,662327bcddb0d000,3400,3000,00005f80,7,214,0,0,0,43c0ea05ff1215200000,3000,3400
FPREM1_completed,53,RU,random,30,SINGLE_COMPLETE_FINITE_CASE,9148b248811c9805,42fcc655290ba003,bd14c5924408e4c02800,bd14c5924408e4c02800,9148b248811c9805,3000,3000,00005f80,1,0,0,0,0,bd14c5924408e4c02800,3000,3000
FPREM1_completed,53,RU,random,31,SINGLE_COMPLETE_FINITE_CASE,91825b4d252f035d,ac6a40183abe4a22,bd1892da6929781ae800,bd1892da6929781ae800,91825b4d252f035d,3000,3000,00005f80,1,0,0,0,0,bd1892da6929781ae800,3000,3000
FPREM1_completed,53,RU,random,32,SINGLE_COMPLETE_FINITE_CASE,97787847f9bd2af4,fa15567f6a6f1ee1,bd77c3c23fcde957a000,bd77c3c23fcde957a000,97787847f9bd2af4,3000,3000,00005f80,1,0,0,0,0,bd77c3c23fcde957a000,3000,3000
FPREM1_completed,53,RU,random,33,X87_MULTISTEP,df47de5513ea6822,1bdd3f3c49777f1a,bdbc9dd84fac431e2000,bdbc9dd84fac431e2000,9bc3bb09f58863c4,3400,7200,00005f80,23,529,3,3,5,c1b89cf920695de20000,3000,3400
FPREM1_completed,53,RU,random,33,QUOTIENT_SIGNED_BITS_DIFFER,df47de5513ea6822,1bdd3f3c49777f1a,bdbc9dd84fac431e2000,bdbc9dd84fac431e2000,9bc3bb09f58863c4,3400,7200,00005f80,23,529,3,3,5,c1b89cf920695de20000,3000,3400
FPREM1_completed,53,RU,random,33,MORE_THAN_512_SUBTRACTIONS,df47de5513ea6822,1bdd3f3c49777f1a,bdbc9dd84fac431e2000,bdbc9dd84fac431e2000,9bc3bb09f58863c4,3400,7200,00005f80,23,529,3,3,5,c1b89cf920695de20000,3000,3400
FPREM1_completed,53,RU,random,33,SINGLE_INSTRUCTION_VALUE_MISMATCH,df47de5513ea6822,1bdd3f3c49777f1a,bdbc9dd84fac431e2000,bdbc9dd84fac431e2000,9bc3bb09f58863c4,3400,7200,00005f80,23,529,3,3,5,c1b89cf920695de20000,3000,3400
FPREM1_completed,53,RU,random,33,SINGLE_INSTRUCTION_C2_PARTIAL,df47de5513ea6822,1bdd3f3c49777f1a,bdbc9dd84fac431e2000,bdbc9dd84fac431e2000,9bc3bb09f58863c4,3400,7200,00005f80,23,529,3,3,5,c1b89cf920695de20000,3000,3400
FPREM1_completed,53,RU,random,34,X87_MULTISTEP,5ada68c2e5cabb64,978f4e73e3766ff9,bd77d51b412bae19b000,bd77d51b412bae19b000,977aa3682575c336,3400,7200,00005f80,22,557,3,3,5,41789a93cdfc23e8f800,3000,3400
FPREM1_completed,53,RU,random,34,QUOTIENT_SIGNED_BITS_DIFFER,5ada68c2e5cabb64,978f4e73e3766ff9,bd77d51b412bae19b000,bd77d51b412bae19b000,977aa3682575c336,3400,7200,00005f80,22,557,3,3,5,41789a93cdfc23e8f800,3000,3400
FPREM1_completed,53,RU,random,34,MORE_THAN_512_SUBTRACTIONS,5ada68c2e5cabb64,978f4e73e3766ff9,bd77d51b412bae19b000,bd77d51b412bae19b000,977aa3682575c336,3400,7200,00005f80,22,557,3,3,5,41789a93cdfc23e8f800,3000,3400
FPREM1_completed,53,RU,random,34,SINGLE_INSTRUCTION_VALUE_MISMATCH,5ada68c2e5cabb64,978f4e73e3766ff9,bd77d51b412bae19b000,bd77d51b412bae19b000,977aa3682575c336,3400,7200,00005f80,22,557,3,3,5,41789a93cdfc23e8f800,3000,3400
FPREM1_completed,53,RU,random,34,SINGLE_INSTRUCTION_C2_PARTIAL,5ada68c2e5cabb64,978f4e73e3766ff9,bd77d51b412bae19b000,bd77d51b412bae19b000,977aa3682575c336,3400,7200,00005f80,22,557,3,3,5,41789a93cdfc23e8f800,3000,3400
FPREM1_completed,53,RU,random,35,X87_MULTISTEP,a76c958fcc12d08c,989a991372a47146,3d8890a17b0f5b5c2000,3d8890a17b0f5b5c2000,1882142f61eb6b84,3400,7200,00005f80,5,121,3,3,3,be49c7bd9c283ee2f000,3000,3400
FPREM1_completed,53,RU,random,35,SINGLE_INSTRUCTION_VALUE_MISMATCH,a76c958fcc12d08c,989a991372a47146,3d8890a17b0f5b5c2000,3d8890a17b0f5b5c2000,1882142f61eb6b84,3400,7200,00005f80,5,121,3,3,3,be49c7bd9c283ee2f000,3000,3400
FPREM1_completed,53,RU,random,35,SINGLE_INSTRUCTION_C2_PARTIAL,a76c958fcc12d08c,989a991372a47146,3d8890a17b0f5b5c2000,3d8890a17b0f5b5c2000,1882142f61eb6b84,3400,7200,00005f80,5,121,3,3,3,be49c7bd9c283ee2f000,3000,3400
FPREM1_completed,53,RU,random,36,X87_MULTISTEP,73538c0c3447ef9c,69bbc16644e39d84,429696ae4e14f3000000,429696ae4e14f3000000,6962d5c9c29e6000,3400,3000,00005f80,3,83,0,0,0,42fb8ba018ce380f4000,3000,3400
FPREM1_completed,53,RU,random,36,SINGLE_INSTRUCTION_VALUE_MISMATCH,73538c0c3447ef9c,69bbc16644e39d84,429696ae4e14f3000000,429696ae4e14f3000000,6962d5c9c29e6000,3400,3000,00005f80,3,83,0,0,0,42fb8ba018ce380f4000,3000,3400
FPREM1_completed,53,RU,random,36,SINGLE_INSTRUCTION_C2_PARTIAL,73538c0c3447ef9c,69bbc16644e39d84,429696ae4e14f3000000,429696ae4e14f3000000,6962d5c9c29e6000,3400,3000,00005f80,3,83,0,0,0,42fb8ba018ce380f4000,3000,3400
FPREM1_completed,53,RU,random,37,SINGLE_COMPLETE_FINITE_CASE,2fa7c32afc6000ba,6f78d4e5ac78ca42,3efabe1957e30005d000,3efabe1957e30005d000,2fa7c32afc6000ba,3000,3000,00005f80,1,0,0,0,0,3efabe1957e30005d000,3000,3000
FPREM1_completed,53,RU,random,38,X87_MULTISTEP,3d43afc97578251a,a04640200977c35b,3e02e186dfd02dd44000,3e02e186dfd02dd44000,202c30dbfa05ba88,3400,7000,00005f80,8,209,2,2,6,3fa1b62ad18302834000,3000,3400
FPREM1_completed,53,RU,random,38,QUOTIENT_SIGNED_BITS_DIFFER,3d43afc97578251a,a04640200977c35b,3e02e186dfd02dd44000,3e02e186dfd02dd44000,202c30dbfa05ba88,3400,7000,00005f80,8,209,2,2,6,3fa1b62ad18302834000,3000,3400
FPREM1_completed,53,RU,random,38,SINGLE_INSTRUCTION_VALUE_MISMATCH,3d43afc97578251a,a04640200977c35b,3e02e186dfd02dd44000,3e02e186dfd02dd44000,202c30dbfa05ba88,3400,7000,00005f80,8,209,2,2,6,3fa1b62ad18302834000,3000,3400
FPREM1_completed,53,RU,random,38,SINGLE_INSTRUCTION_C2_PARTIAL,3d43afc97578251a,a04640200977c35b,3e02e186dfd02dd44000,3e02e186dfd02dd44000,202c30dbfa05ba88,3400,7000,00005f80,8,209,2,2,6,3fa1b62ad18302834000,3000,3400
FPREM1_completed,53,RU,random,39,X87_MULTISTEP,de5e7ac0be62872d,966524ac718d39c5,bd64f4a6c0bb5953c000,bd64f4a6c0bb5953c000,964e94d8176b2a78,3400,7000,00005f80,21,530,2,2,2,c1a5cb9ac6b91d17c000,3000,3400
FPREM1_completed,53,RU,random,39,MORE_THAN_512_SUBTRACTIONS,de5e7ac0be62872d,966524ac718d39c5,bd64f4a6c0bb5953c000,bd64f4a6c0bb5953c000,964e94d8176b2a78,3400,7000,00005f80,21,530,2,2,2,c1a5cb9ac6b91d17c000,3000,3400
FPREM1_completed,53,RU,random,39,SINGLE_INSTRUCTION_VALUE_MISMATCH,de5e7ac0be62872d,966524ac718d39c5,bd64f4a6c0bb5953c000,bd64f4a6c0bb5953c000,964e94d8176b2a78,3400,7000,00005f80,21,530,2,2,2,c1a5cb9ac6b91d17c000,3000,3400
FPREM1_completed,53,RU,random,39,SINGLE_INSTRUCTION_C2_PARTIAL,de5e7ac0be62872d,966524ac718d39c5,bd64f4a6c0bb5953c000,bd64f4a6c0bb5953c000,964e94d8176b2a78,3400,7000,00005f80,21,530,2,2,2,c1a5cb9ac6b91d17c000,3000,3400
FPREM1_completed,53,RU,random,40,QUOTIENT_SIGNED_BITS_DIFFER,eda549eb3ce9804c,38af62f6b3141d76,bf889a7d3835a621c000,bf889a7d3835a621c000,b8834fa706b4c438,3400,7200,00005f80,18,433,3,3,5,c2aac0b071cba34d2000,3000,3400
FPREM1_completed,53,RU,random,42,QUOTIENT_SIGNED_BITS_DIFFER,7347a7d32d010189,bbdc7d30e2d90d34,3fb98d23799480640000,3fb98d23799480640000,3b91a46f32900c80,3400,7100,00005f80,15,450,6,6,2,42fc9fbd6059542a0000,3000,3400
FPREM1_completed,53,RU,random,49,QUOTIENT_SIGNED_BITS_DIFFER,5c2a8192de56c7a7,af1cce228ec78966,3eeee9d87ca2a2dd0000,3eeee9d87ca2a2dd0000,2eed3b0f94545ba0,3400,7000,00005f80,14,342,2,2,6,418fe6e4d24d849b4000,3000,3400
FPREM1_completed,53,RU,random,50,QUOTIENT_SIGNED_BITS_DIFFER,d4332c5073970392,2a2ce091ab67d52d,3ea0d50b2ee8f4692000,3ea0d50b2ee8f4692000,2a0aa165dd1e8d24,3400,3300,00005f80,14,328,5,5,3,c1228eb28032356a0800,3000,3400
FPREM1_completed,53,RU,random,53,MORE_THAN_512_SUBTRACTIONS,69920c42a30349f2,121d884a542f682a,3d1ec47d5167226b0000,3d1ec47d5167226b0000,11e88faa2ce44d60,3400,7000,00005f80,30,720,2,2,2,425e8220e02d6a9d0000,3000,3400
FPREM1_completed,53,RU,random,56,QUOTIENT_SIGNED_BITS_DIFFER,c4b90a3ed64c2a40,1fe81d7e2ed3fc27,bdfd925b30d6d3c4b000,bdfd925b30d6d3c4b000,9fd24b661ada7896,3400,7200,00005f80,11,284,3,3,5,c018c4c76f8e86c20000,3000,3400
FPREM1_completed,53,RU,random,57,MORE_THAN_512_SUBTRACTIONS,ed507db431407d57,0647f267a6605818,3c60c51ce70d92200000,3c60c51ce70d92200000,0608a39ce1b24400,3400,3000,00005f80,31,853,0,0,0,c2a3e4016d1fd4eb8000,3000,3400
FPREM1_completed,53,RU,random,58,QUOTIENT_SIGNED_BITS_DIFFER,0b4cedfe07d58842,881120faae2ba810,bc7e8e3b072c89cc0000,bc7e8e3b072c89cc0000,87e1c760e5913980,7000,7200,00005f80,1,24,3,3,5,bc7e8e3b072c89cc0000,3000,7200
FPREM1_completed,53,RU,random,74,QUOTIENT_SIGNED_BITS_DIFFER,755e02aa7062ebf6,d55a977a4df97796,4153946a6c7d5f19c000,4153946a6c7d5f19c000,55328d4d8fabe338,3400,7200,00005f80,10,267,3,3,5,4334c0cf178ad3b60000,3000,3400
FPREM1_completed,53,RU,random,78,QUOTIENT_SIGNED_BITS_DIFFER,7a81e0961d310cac,c8a67772091ffa00,c088af5bc3ea0c400000,c088af5bc3ea0c400000,c885eb787d418800,3400,3300,00005f80,15,392,5,5,3,4368ece29c120bc00000,3000,3400
FPREM1_completed,53,RU,random,81,QUOTIENT_SIGNED_BITS_DIFFER,e68d3c006f201df4,1ee887edcd9168d5,bded8ea30b8a5ec5b000,bded8ea30b8a5ec5b000,9ed1d461714bd8b6,3400,3200,00005f80,19,580,1,1,7,c22bf7786d2b29f64000,3000,3400
FPREM1_completed,53,RU,random,81,MORE_THAN_512_SUBTRACTIONS,e68d3c006f201df4,1ee887edcd9168d5,bded8ea30b8a5ec5b000,bded8ea30b8a5ec5b000,9ed1d461714bd8b6,3400,3200,00005f80,19,580,1,1,7,c22bf7786d2b29f64000,3000,3400
FPREM1_completed,53,RU,random,83,QUOTIENT_SIGNED_BITS_DIFFER,3eccab5c4e05dc04,a8b8ed2a40208dea,3e89e0fca07a1c16c000,3e89e0fca07a1c16c000,289c1f940f4382d8,3400,3200,00005f80,7,174,1,1,7,3fcba8096ea7debf4000,3000,3400
FPREM1_completed,53,RU,random,84,QUOTIENT_SIGNED_BITS_DIFFER,f993df8021999846,15a30e386b02b404,3d598d686da30340c000,3d598d686da30340c000,1591ad0db4606818,3400,7200,00005f80,27,791,3,3,5,c356e7264a4b254a0000,3000,3400
FPREM1_completed,53,RU,random,84,MORE_THAN_512_SUBTRACTIONS,f993df8021999846,15a30e386b02b404,3d598d686da30340c000,3d598d686da30340c000,1591ad0db4606818,3400,7200,00005f80,27,791,3,3,5,c356e7264a4b254a0000,3000,3400
FPREM1_completed,53,RU,random,86,MORE_THAN_512_SUBTRACTIONS,d5cf4344b88928f2,09de7fb0fe8aac8b,bc9cef6403e237cc2000,bc9cef6403e237cc2000,89cdec807c46f984,3400,7000,00005f80,27,644,2,2,6,c11ccb5db15201948000,3000,3400
FPREM1_completed,53,RU,random,87,MORE_THAN_512_SUBTRACTIONS,7b5310c9fc212395,8eda03c9c430ce5f,bceba69037ae3d53c000,bceba69037ae3d53c000,8eb4d206f5c7aa78,3400,7000,00005f80,35,862,2,2,6,438dad1847dc972e5000,3000,3400
FPREM1_completed,53,RU,random,92,MORE_THAN_512_SUBTRACTIONS,e3a846a2bfbc4178,80f257439666d7d5,3c0c9c29b1a107d28000,3c0c9c29b1a107d28000,00c385363420fa50,3400,7000,00005f80,27,808,2,2,2,c20ed8bfa47883faa000,3000,3400
FPREM1_completed,53,RU,random,104,MORE_THAN_512_SUBTRACTIONS,56b9818e16a7fd62,89436d87e2292558,3c9389e4299005490000,3c9389e4299005490000,09313c853200a920,3400,7000,00005f80,21,612,2,2,6,4132e621769844f50000,3000,3400
FPREM1_completed,53,RU,random,105,MORE_THAN_512_SUBTRACTIONS,f98f1f2039d4b32c,334ccb14838191dc,bf33b727e9205ee78000,bf33b727e9205ee78000,b336e4fd240bdcf0,3400,7100,00005f80,21,541,6,6,2,c373aa7b214060490000,3000,3400
FPREM1_completed,53,RU,random,113,MORE_THAN_512_SUBTRACTIONS,f30db0b39235c396,ad720371ec7fe712,3ed4ec4b5d43cab40000,3ed4ec4b5d43cab40000,2d4d896ba8795680,3400,3000,00005f80,20,543,0,0,0,c2f780a1106b971c5000,3000,3400
FPREM1_completed,53,RU,random,121,MORE_THAN_512_SUBTRACTIONS,7c0ada0c874938dc,97f0e3e5fa42fb78,3d7d92daf8abd3320000,3d7d92daf8abd3320000,17d25b5f157a6640,3400,7000,00005f80,27,815,2,2,6,439dcaa9d3e967880000,3000,3400
FPREM1_completed,53,RU,random,135,MORE_THAN_512_SUBTRACTIONS,7acec2800ccf3118,3498831721aad9e8,3f489bf2fc73696c0000,3f489bf2fc73696c0000,34837e5f8e6d2d80,3400,3000,00005f80,24,556,0,0,0,4389952eef1c607c4000,3000,3400
FPREM1_completed,53,RU,random,142,MORE_THAN_512_SUBTRACTIONS,7264155fa13b8f59,9c647ced0ca8226b,3dc2bb2947c812938000,3dc2bb2947c812938000,1c276528f9025270,3400,7200,00005f80,23,682,3,3,5,4304bacaa0d979ba8000,3000,3400
FPREM1_completed,53,RU,random,144,MORE_THAN_512_SUBTRACTIONS,ed2dc6396c42b6f8,02c3611c2eadf718,3c298039ee9aeacc0000,3c298039ee9aeacc0000,0290073dd35d5980,3400,7000,00005f80,30,845,2,2,6,c2ac86ddaf9c03cf8000,3000,3400
FPREM1_completed,53,RU,random,156,MORE_THAN_512_SUBTRACTIONS,c55b68e984a6b54d,8255bc36c1074b77,3c23d5d42b476fc36000,3c23d5d42b476fc36000,023aba8568edf86c,3400,3300,00005f80,21,532,5,5,5,c02598ec8c879ad20000,3000,3400
FPREM1_completed,53,RU,random,171,MORE_THAN_512_SUBTRACTIONS,72a584688a7d4f85,b06b0aa08ec0c009,3f058c563cf186254000,3f058c563cf186254000,30518ac79e30c4a8,3400,3100,00005f80,24,550,4,4,4,430287f05a3c364b0000,3000,3400
FPREM1_completed,53,RU,random,177,MORE_THAN_512_SUBTRACTIONS,d50cccc31539402e,895a0c6a0dc516b8,bc93c6afd484dbae0000,bc93c6afd484dbae0000,8938d5fa909b75c0,3400,7100,00005f80,26,625,6,6,6,c114a8d95df86a620000,3000,3400
FPREM1_completed,53,RU,random,1233,EXCEPTION_FLAGS_MISMATCH,800775f8a1f1e801,335231bcb44634b1,bbffeebf143e3d002000,bbffeebf143e3d002000,800775f8a1f1e801,3002,3002,00005f80,1,0,0,0,0,bbffeebf143e3d002000,3002,3002
FPREM1_completed,53,RU,random,2646,INVALID_OR_NONFINITE_INPUT,fffc16448446619e,97c865bf05fa1bc2,ffffe0b22422330cf000,ffffe0b22422330cf000,fffc16448446619e,3000,3000,00005f80,1,0,0,0,0,ffffe0b22422330cf000,3000,3000
FPREM1_completed,53,RU,random,2646,NAN_RESULT,fffc16448446619e,97c865bf05fa1bc2,ffffe0b22422330cf000,ffffe0b22422330cf000,fffc16448446619e,3000,3000,00005f80,1,0,0,0,0,ffffe0b22422330cf000,3000,3000
FPREM1_completed,53,RU,random,2800,INVALID_OR_NONFINITE_INPUT,7ffec4b85b15dcc9,73ae6374d2acbe2d,7ffff625c2d8aee64800,7ffff625c2d8aee64800,7ffec4b85b15dcc9,3000,3000,00005f80,1,0,0,0,0,7ffff625c2d8aee64800,3000,3000
FPREM1_completed,53,RU,random,2800,NAN_RESULT,7ffec4b85b15dcc9,73ae6374d2acbe2d,7ffff625c2d8aee64800,7ffff625c2d8aee64800,7ffec4b85b15dcc9,3000,3000,00005f80,1,0,0,0,0,7ffff625c2d8aee64800,3000,3000
FPREM1_completed,53,RU,random,2804,INVALID_OR_NONFINITE_INPUT,215f1284a38934b3,ffff2b4bee625364,fffff95a5f73129b2000,fffff95a5f73129b2000,ffff2b4bee625364,3000,3000,00005f80,1,0,0,0,0,fffff95a5f73129b2000,3000,3000
FPREM1_completed,53,RU,random,2804,NAN_RESULT,215f1284a38934b3,ffff2b4bee625364,fffff95a5f73129b2000,fffff95a5f73129b2000,ffff2b4bee625364,3000,3000,00005f80,1,0,0,0,0,fffff95a5f73129b2000,3000,3000
FPREM1_completed,53,RU,random,3319,INVALID_OR_NONFINITE_INPUT,8856eee77a72ede6,fff3ef7fd61e7ede,ffffdf7bfeb0f3f6f000,ffffdf7bfeb0f3f6f000,fffbef7fd61e7ede,3001,3001,00005f81,1,0,0,0,0,ffffdf7bfeb0f3f6f000,3001,3001
FPREM1_completed,53,RU,random,3319,NAN_RESULT,8856eee77a72ede6,fff3ef7fd61e7ede,ffffdf7bfeb0f3f6f000,ffffdf7bfeb0f3f6f000,fffbef7fd61e7ede,3001,3001,00005f81,1,0,0,0,0,ffffdf7bfeb0f3f6f000,3001,3001
FPREM1_completed,53,RU,random,4196,EXCEPTION_FLAGS_MISMATCH,00045d7cbad4eff6,19e3a5eafc13fccf,3bff8baf975a9dfec000,3bff8baf975a9dfec000,00045d7cbad4eff6,3002,3002,00005f80,1,0,0,0,0,3bff8baf975a9dfec000,3002,3002
FPREM1_completed,53,RU,random,5293,EXCEPTION_FLAGS_MISMATCH,000042978fcf403b,f113c2471660d47e,3bfb852f1f9e80760000,3bfb852f1f9e80760000,000042978fcf403b,3002,3002,00005f80,1,0,0,0,0,3bfb852f1f9e80760000,3002,3002
FPREM1_completed,53,RU,random,5800,EXCEPTION_FLAGS_MISMATCH,000f2db77710b090,70ffa1f579d5ad51,3c00f2db77710b090000,3c00f2db77710b090000,000f2db77710b090,3002,3002,00005f80,1,0,0,0,0,3c00f2db77710b090000,3002,3002
FPREM1_completed,53,RU,random,7438,INVALID_OR_NONFINITE_INPUT,7ffcaf4d654f0d5d,233fc0de0338e527,7fffe57a6b2a786ae800,7fffe57a6b2a786ae800,7ffcaf4d654f0d5d,3000,3000,00005f80,1,0,0,0,0,7fffe57a6b2a786ae800,3000,3000
FPREM1_completed,53,RU,random,7438,NAN_RESULT,7ffcaf4d654f0d5d,233fc0de0338e527,7fffe57a6b2a786ae800,7fffe57a6b2a786ae800,7ffcaf4d654f0d5d,3000,3000,00005f80,1,0,0,0,0,7fffe57a6b2a786ae800,3000,3000
FPREM1_completed,53,RU,random,7596,INVALID_OR_NONFINITE_INPUT,fffbf8822c40c37e,b07d2bef072da5b4,ffffdfc41162061bf000,ffffdfc41162061bf000,fffbf8822c40c37e,3000,3000,00005f80,1,0,0,0,0,ffffdfc41162061bf000,3000,3000
FPREM1_completed,53,RU,random,7596,NAN_RESULT,fffbf8822c40c37e,b07d2bef072da5b4,ffffdfc41162061bf000,ffffdfc41162061bf000,fffbf8822c40c37e,3000,3000,00005f80,1,0,0,0,0,ffffdfc41162061bf000,3000,3000
FPREM1_completed,53,RU,random,7612,EXCEPTION_FLAGS_MISMATCH,00096c497eed1ace,be99f8ce19a39a1b,3c0096c497eed1ace000,3c0096c497eed1ace000,00096c497eed1ace,3002,3002,00005f80,1,0,0,0,0,3c0096c497eed1ace000,3002,3002
FPREM1_completed,53,RU,random,7722,INVALID_OR_NONFINITE_INPUT,fff7691bbe190e08,7bcab5fa750c61cf,fffffb48ddf0c8704000,fffffb48ddf0c8704000,ffff691bbe190e08,3001,3001,00005f81,1,0,0,0,0,fffffb48ddf0c8704000,3001,3001
FPREM1_completed,53,RU,random,7722,NAN_RESULT,fff7691bbe190e08,7bcab5fa750c61cf,fffffb48ddf0c8704000,fffffb48ddf0c8704000,ffff691bbe190e08,3001,3001,00005f81,1,0,0,0,0,fffffb48ddf0c8704000,3001,3001
FPREM1_completed,53,RU,random,9199,EXCEPTION_FLAGS_MISMATCH,800a9a6921f9b5f3,2d747d032040de41,bc00a9a6921f9b5f3000,bc00a9a6921f9b5f3000,800a9a6921f9b5f3,3002,3002,00005f80,1,0,0,0,0,bc00a9a6921f9b5f3000,3002,3002
FPREM1_completed,53,RU,random,9325,EXCEPTION_FLAGS_MISMATCH,3016045f6aae82c6,801946418bced6bf,bc00c7278092cd6a8000,bc00c7278092cd6a8000,800c7278092cd6a8,3400,3000,00005f82,17,408,0,0,0,3ee0af5a4f3bf22e8000,3000,3400
FPREM1_completed,53,RU,random,10913,INVALID_OR_NONFINITE_INPUT,7fff2484a0f13a1d,6a6fdeea239a6e71,7ffff924250789d0e800,7ffff924250789d0e800,7fff2484a0f13a1d,3000,3000,00005f80,1,0,0,0,0,7ffff924250789d0e800,3000,3000
FPREM1_completed,53,RU,random,10913,NAN_RESULT,7fff2484a0f13a1d,6a6fdeea239a6e71,7ffff924250789d0e800,7ffff924250789d0e800,7fff2484a0f13a1d,3000,3000,00005f80,1,0,0,0,0,7ffff924250789d0e800,3000,3000
FPREM1_completed,53,RU,random,13177,INVALID_OR_NONFINITE_INPUT,fff87e6b054cc1e1,8d42223d01aabd08,ffffc3f3582a660f0800,ffffc3f3582a660f0800,fff87e6b054cc1e1,3000,3000,00005f80,1,0,0,0,0,ffffc3f3582a660f0800,3000,3000
FPREM1_completed,53,RU,random,13177,NAN_RESULT,fff87e6b054cc1e1,8d42223d01aabd08,ffffc3f3582a660f0800,ffffc3f3582a660f0800,fff87e6b054cc1e1,3000,3000,00005f80,1,0,0,0,0,ffffc3f3582a660f0800,3000,3000
FPREM1_completed,53,RU,random,13880,INVALID_OR_NONFINITE_INPUT,ffffe5642b6ad5f8,efcf3776f9f393f5,ffffff2b215b56afc000,ffffff2b215b56afc000,ffffe5642b6ad5f8,3000,3000,00005f80,1,0,0,0,0,ffffff2b215b56afc000,3000,3000
FPREM1_completed,53,RU,random,13880,NAN_RESULT,ffffe5642b6ad5f8,efcf3776f9f393f5,ffffff2b215b56afc000,ffffff2b215b56afc000,ffffe5642b6ad5f8,3000,3000,00005f80,1,0,0,0,0,ffffff2b215b56afc000,3000,3000
FPREM1_completed,53,RU,random,14177,INVALID_OR_NONFINITE_INPUT,1de067fae84e79b5,fffd194d792e3ad1,ffffe8ca6bc971d68800,ffffe8ca6bc971d68800,fffd194d792e3ad1,3000,3000,00005f80,1,0,0,0,0,ffffe8ca6bc971d68800,3000,3000
FPREM1_completed,53,RU,random,14177,NAN_RESULT,1de067fae84e79b5,fffd194d792e3ad1,ffffe8ca6bc971d68800,ffffe8ca6bc971d68800,fffd194d792e3ad1,3000,3000,00005f80,1,0,0,0,0,ffffe8ca6bc971d68800,3000,3000
FPREM1_completed,53,RU,random,15808,EXCEPTION_FLAGS_MISMATCH,00078afd5ab9f181,f2aa15676d841be6,3bfff15fab573e302000,3bfff15fab573e302000,00078afd5ab9f181,3002,3002,00005f80,1,0,0,0,0,3bfff15fab573e302000,3002,3002
FPREM1_completed,53,RU,random,16005,INVALID_OR_NONFINITE_INPUT,fff611d7cae68af6,86e423ac385d97f2,fffff08ebe573457b000,fffff08ebe573457b000,fffe11d7cae68af6,3001,3001,00005f81,1,0,0,0,0,fffff08ebe573457b000,3001,3001
FPREM1_completed,53,RU,random,16005,NAN_RESULT,fff611d7cae68af6,86e423ac385d97f2,fffff08ebe573457b000,fffff08ebe573457b000,fffe11d7cae68af6,3001,3001,00005f81,1,0,0,0,0,fffff08ebe573457b000,3001,3001
FPREM1_completed,53,RU,random,16109,INVALID_OR_NONFINITE_INPUT,fff760d464c22dfd,f722efe6567e5e26,fffffb06a326116fe800,fffffb06a326116fe800,ffff60d464c22dfd,3001,3001,00005f81,1,0,0,0,0,fffffb06a326116fe800,3001,3001
FPREM1_completed,53,RU,random,16109,NAN_RESULT,fff760d464c22dfd,f722efe6567e5e26,fffffb06a326116fe800,fffffb06a326116fe800,ffff60d464c22dfd,3001,3001,00005f81,1,0,0,0,0,fffffb06a326116fe800,3001,3001
FPREM1_completed,53,RU,random,17938,EXCEPTION_FLAGS_MISMATCH,000604a2ddf15aaf,4fac635a1fbf943d,3bffc0945bbe2b55e000,3bffc0945bbe2b55e000,000604a2ddf15aaf,3002,3002,00005f80,1,0,0,0,0,3bffc0945bbe2b55e000,3002,3002
FPREM1_completed,53,RU,random,18050,EXCEPTION_FLAGS_MISMATCH,80012b5411c1220b,2bc6fed9f7152b74,bbfd95aa08e091058000,bbfd95aa08e091058000,80012b5411c1220b,3002,3002,00005f80,1,0,0,0,0,bbfd95aa08e091058000,3002,3002
FPREM1_completed,53,RU,random,18144,INVALID_OR_NONFINITE_INPUT,1a697067a9d4131e,7ff4caf5a31236d0,7fffe657ad1891b68000,7fffe657ad1891b68000,7ffccaf5a31236d0,3001,3001,00005f81,1,0,0,0,0,7fffe657ad1891b68000,3001,3001
FPREM1_completed,53,RU,random,18144,NAN_RESULT,1a697067a9d4131e,7ff4caf5a31236d0,7fffe657ad1891b68000,7fffe657ad1891b68000,7ffccaf5a31236d0,3001,3001,00005f81,1,0,0,0,0,7fffe657ad1891b68000,3001,3001
FPREM1_completed,53,RU,random,18393,EXCEPTION_FLAGS_MISMATCH,800a078ea997ffbd,9024b261222329c4,bc00a078ea997ffbd000,bc00a078ea997ffbd000,800a078ea997ffbd,3002,3002,00005f80,1,0,0,0,0,bc00a078ea997ffbd000,3002,3002
FPREM1_completed,53,RU,random,18494,INVALID_OR_NONFINITE_INPUT,8b3795aeea5a51e9,fff42510e432a4b0,ffffe128872195258000,ffffe128872195258000,fffc2510e432a4b0,3001,3001,00005f81,1,0,0,0,0,ffffe128872195258000,3001,3001
FPREM1_completed,53,RU,random,18494,NAN_RESULT,8b3795aeea5a51e9,fff42510e432a4b0,ffffe128872195258000,ffffe128872195258000,fffc2510e432a4b0,3001,3001,00005f81,1,0,0,0,0,ffffe128872195258000,3001,3001
FPREM1_completed,53,RU,random,18855,EXCEPTION_FLAGS_MISMATCH,0009c2ad8c5ab954,e9b24df58db0b1de,3c009c2ad8c5ab954000,3c009c2ad8c5ab954000,0009c2ad8c5ab954,3002,3002,00005f80,1,0,0,0,0,3c009c2ad8c5ab954000,3002,3002
FPREM1_completed,53,RU,random,19752,EXCEPTION_FLAGS_MISMATCH,30b3a3571edeec86,8011078b8429463d,bbfeb0fc0faf33098000,bbfeb0fc0faf33098000,8002c3f03ebccc26,3400,7100,00005f82,13,416,6,6,2,3ededc1d46cc3fb2c000,3000,3400
FPREM1_completed,53,RU,random,19982,INVALID_OR_NONFINITE_INPUT,7ff1ef37dbd61011,ed987e4fb1101e19,7fffcf79bedeb0808800,7fffcf79bedeb0808800,7ff9ef37dbd61011,3001,3001,00005f81,1,0,0,0,0,7fffcf79bedeb0808800,3001,3001
FPREM1_completed,53,RU,random,19982,NAN_RESULT,7ff1ef37dbd61011,ed987e4fb1101e19,7fffcf79bedeb0808800,7fffcf79bedeb0808800,7ff9ef37dbd61011,3001,3001,00005f81,1,0,0,0,0,7fffcf79bedeb0808800,3001,3001
FPREM1_completed,53,RU,random,19989,INVALID_OR_NONFINITE_INPUT,6a9d1ec93aecc6ab,fffce7ea399b451a,ffffe73f51ccda28d000,ffffe73f51ccda28d000,fffce7ea399b451a,3000,3000,00005f80,1,0,0,0,0,ffffe73f51ccda28d000,3000,3000
FPREM1_completed,53,RU,random,19989,NAN_RESULT,6a9d1ec93aecc6ab,fffce7ea399b451a,ffffe73f51ccda28d000,ffffe73f51ccda28d000,fffce7ea399b451a,3000,3000,00005f80,1,0,0,0,0,ffffe73f51ccda28d000,3000,3000
FPREM1_completed,53,RU,random,21129,INVALID_OR_NONFINITE_INPUT,1bd16e2aeeb69c1c,fffd80dcf474289d,ffffec06e7a3a144e800,ffffec06e7a3a144e800,fffd80dcf474289d,3000,3000,00005f80,1,0,0,0,0,ffffec06e7a3a144e800,3000,3000
FPREM1_completed,53,RU,random,21129,NAN_RESULT,1bd16e2aeeb69c1c,fffd80dcf474289d,ffffec06e7a3a144e800,ffffec06e7a3a144e800,fffd80dcf474289d,3000,3000,00005f80,1,0,0,0,0,ffffec06e7a3a144e800,3000,3000
FPREM1_completed,53,RU,random,21308,EXCEPTION_FLAGS_MISMATCH,80054af5ac397823,0921b43449e9917b,bbffa95eb5872f046000,bbffa95eb5872f046000,80054af5ac397823,3002,3002,00005f80,1,0,0,0,0,bbffa95eb5872f046000,3002,3002
FPREM1_completed,53,RU,random,21840,INVALID_OR_NONFINITE_INPUT,7ff452155f935d94,1c775d75320a205c,7fffe290aafc9aeca000,7fffe290aafc9aeca000,7ffc52155f935d94,3001,3001,00005f81,1,0,0,0,0,7fffe290aafc9aeca000,3001,3001
FPREM1_completed,53,RU,random,21840,NAN_RESULT,7ff452155f935d94,1c775d75320a205c,7fffe290aafc9aeca000,7fffe290aafc9aeca000,7ffc52155f935d94,3001,3001,00005f81,1,0,0,0,0,7fffe290aafc9aeca000,3001,3001
FPREM1_completed,53,RU,random,22001,INVALID_OR_NONFINITE_INPUT,f51f71d5f317fef7,fff038e0bc7f2023,ffffc1c705e3f9011800,ffffc1c705e3f9011800,fff838e0bc7f2023,3001,3001,00005f81,1,0,0,0,0,ffffc1c705e3f9011800,3001,3001
FPREM1_completed,53,RU,random,22001,NAN_RESULT,f51f71d5f317fef7,fff038e0bc7f2023,ffffc1c705e3f9011800,ffffc1c705e3f9011800,fff838e0bc7f2023,3001,3001,00005f81,1,0,0,0,0,ffffc1c705e3f9011800,3001,3001
FPREM1_completed,53,RU,random,24432,EXCEPTION_FLAGS_MISMATCH,0000524bff113f57,816da281ea85a7a5,3bfba497fe227eae0000,3bfba497fe227eae0000,0000524bff113f57,3002,3002,00005f80,1,0,0,0,0,3bfba497fe227eae0000,3002,3002
FPREM1_completed,53,RU,random,25096,EXCEPTION_FLAGS_MISMATCH,80090e781b9805f4,29de74e64bc6bc23,bc0090e781b9805f4000,bc0090e781b9805f4000,80090e781b9805f4,3002,3002,00005f80,1,0,0,0,0,bc0090e781b9805f4000,3002,3002
FPREM1_completed,53,RU,random,29586,EXCEPTION_FLAGS_MISMATCH,000dad250093a9db,2b750a83e2704927,3c00dad250093a9db000,3c00dad250093a9db000,000dad250093a9db,3002,3002,00005f80,1,0,0,0,0,3c00dad250093a9db000,3002,3002
FPREM1_completed,53,RU,random,30173,EXCEPTION_FLAGS_MISMATCH,af543502506f16fe,801065bcb00bd904,3bffbbf2455b429a8000,3bffbbf2455b429a8000,0005df922ada14d4,3400,3300,00005f82,13,392,5,5,5,bebdf1fc46fdee820000,3000,3400
FPREM1_completed,53,RU,random,31461,EXCEPTION_FLAGS_MISMATCH,0004db3d8e9a43b0,d79c4aafc37e3e3d,3bff9b67b1d348760000,3bff9b67b1d348760000,0004db3d8e9a43b0,3002,3002,00005f80,1,0,0,0,0,3bff9b67b1d348760000,3002,3002
FPREM1_completed,53,RU,random,33301,EXCEPTION_FLAGS_MISMATCH,800a11860291f5bc,de153ca097c5d5c7,bc00a11860291f5bc000,bc00a11860291f5bc000,800a11860291f5bc,3002,3002,00005f80,1,0,0,0,0,bc00a11860291f5bc000,3002,3002
FPREM1_completed,53,RU,edge,341,VALUE_MISMATCH,7ff8000000000011,fff0000000000222,ffffc000000000111000,7fffc000000000008800,7ff8000000000011,3001,3001,00005f81,1,0,0,0,0,ffffc000000000111000,3001,3001
FPREM1_completed,53,RZ,random,0,ALL,39005d1b59f41037,aa0bb42747841268,be9eda9504ec9b100000,be9eda9504ec9b100000,a9eb52a09d936200,3400,3000,00007f80,5,120,0,0,0,3f5dc0201f66984c0000,3000,3400
FPREM1_completed,53,RZ,random,0,X87_MULTISTEP,39005d1b59f41037,aa0bb42747841268,be9eda9504ec9b100000,be9eda9504ec9b100000,a9eb52a09d936200,3400,3000,00007f80,5,120,0,0,0,3f5dc0201f66984c0000,3000,3400
FPREM1_completed,53,RZ,random,0,SINGLE_INSTRUCTION_VALUE_MISMATCH,39005d1b59f41037,aa0bb42747841268,be9eda9504ec9b100000,be9eda9504ec9b100000,a9eb52a09d936200,3400,3000,00007f80,5,120,0,0,0,3f5dc0201f66984c0000,3000,3400
FPREM1_completed,53,RZ,random,0,SINGLE_INSTRUCTION_C2_PARTIAL,39005d1b59f41037,aa0bb42747841268,be9eda9504ec9b100000,be9eda9504ec9b100000,a9eb52a09d936200,3400,3000,00007f80,5,120,0,0,0,3f5dc0201f66984c0000,3000,3400
FPREM1_completed,53,RZ,random,1,ALL,a79dae131b3431aa,c97db72336427b70,be79ed7098d9a18d5000,be79ed7098d9a18d5000,a79dae131b3431aa,3000,3000,00007f80,1,0,0,0,0,be79ed7098d9a18d5000,3000,3000
FPREM1_completed,53,RZ,random,1,SINGLE_COMPLETE_FINITE_CASE,a79dae131b3431aa,c97db72336427b70,be79ed7098d9a18d5000,be79ed7098d9a18d5000,a79dae131b3431aa,3000,3000,00007f80,1,0,0,0,0,be79ed7098d9a18d5000,3000,3000
FPREM1_completed,53,RZ,random,2,ALL,38b1b1cf247332e7,2c69a8de7d10e6c2,3ec4ebb15b13f19a0000,3ec4ebb15b13f19a0000,2c4d762b627e3340,3400,3000,00007f80,4,90,0,0,0,3f65e65f0fd8474c8000,3000,3400
FPREM1_completed,53,RZ,random,2,X87_MULTISTEP,38b1b1cf247332e7,2c69a8de7d10e6c2,3ec4ebb15b13f19a0000,3ec4ebb15b13f19a0000,2c4d762b627e3340,3400,3000,00007f80,4,90,0,0,0,3f65e65f0fd8474c8000,3000,3400
FPREM1_completed,53,RZ,random,2,SINGLE_INSTRUCTION_VALUE_MISMATCH,38b1b1cf247332e7,2c69a8de7d10e6c2,3ec4ebb15b13f19a0000,3ec4ebb15b13f19a0000,2c4d762b627e3340,3400,3000,00007f80,4,90,0,0,0,3f65e65f0fd8474c8000,3000,3400
FPREM1_completed,53,RZ,random,2,SINGLE_INSTRUCTION_C2_PARTIAL,38b1b1cf247332e7,2c69a8de7d10e6c2,3ec4ebb15b13f19a0000,3ec4ebb15b13f19a0000,2c4d762b627e3340,3400,3000,00007f80,4,90,0,0,0,3f65e65f0fd8474c8000,3000,3400
FPREM1_completed,53,RZ,random,3,ALL,0159a802c6b0e40b,fde8f2dd6b4079e3,3c15cd40163587205800,3c15cd40163587205800,0159a802c6b0e40b,3000,3000,00007f80,1,0,0,0,0,3c15cd40163587205800,3000,3000
FPREM1_completed,53,RZ,random,3,SINGLE_COMPLETE_FINITE_CASE,0159a802c6b0e40b,fde8f2dd6b4079e3,3c15cd40163587205800,3c15cd40163587205800,0159a802c6b0e40b,3000,3000,00007f80,1,0,0,0,0,3c15cd40163587205800,3000,3000
FPREM1_completed,53,RZ,random,4,ALL,6eafb6c51d88b719,b33bcb6f9ffd8324,bf2de8fe0580bed00000,bf2de8fe0580bed00000,b2dd1fc0b017da00,3400,7000,00007f80,17,446,2,2,6,42b2c8875468a91ec000,3000,3400
FPREM1_completed,53,RZ,random,4,X87_MULTISTEP,6eafb6c51d88b719,b33bcb6f9ffd8324,bf2de8fe0580bed00000,bf2de8fe0580bed00000,b2dd1fc0b017da00,3400,7000,00007f80,17,446,2,2,6,42b2c8875468a91ec000,3000,3400
FPREM1_completed,53,RZ,random,4,QUOTIENT_SIGNED_BITS_DIFFER,6eafb6c51d88b719,b33bcb6f9ffd8324,bf2de8fe0580bed00000,bf2de8fe0580bed00000,b2dd1fc0b017da00,3400,7000,00007f80,17,446,2,2,6,42b2c8875468a91ec000,3000,3400
FPREM1_completed,53,RZ,random,4,SINGLE_INSTRUCTION_VALUE_MISMATCH,6eafb6c51d88b719,b33bcb6f9ffd8324,bf2de8fe0580bed00000,bf2de8fe0580bed00000,b2dd1fc0b017da00,3400,7000,00007f80,17,446,2,2,6,42b2c8875468a91ec000,3000,3400
FPREM1_completed,53,RZ,random,4,SINGLE_INSTRUCTION_C2_PARTIAL,6eafb6c51d88b719,b33bcb6f9ffd8324,bf2de8fe0580bed00000,bf2de8fe0580bed00000,b2dd1fc0b017da00,3400,7000,00007f80,17,446,2,2,6,42b2c8875468a91ec000,3000,3400
FPREM1_completed,53,RZ,random,5,ALL,039d85f35503e50f,6bf5f004e65a440b,3c39ec2f9aa81f287800,3c39ec2f9aa81f287800,039d85f35503e50f,3000,3000,00007f80,1,0,0,0,0,3c39ec2f9aa81f287800,3000,3000
FPREM1_completed,53,RZ,random,5,SINGLE_COMPLETE_FINITE_CASE,039d85f35503e50f,6bf5f004e65a440b,3c39ec2f9aa81f287800,3c39ec2f9aa81f287800,039d85f35503e50f,3000,3000,00007f80,1,0,0,0,0,3c39ec2f9aa81f287800,3000,3000
FPREM1_completed,53,RZ,random,6,ALL,3f622dade3a7b6be,bac9d0d4304c687b,bfabc6134ca4513ff000,bfabc6134ca4513ff000,bab8c269948a27fe,3400,3300,00007f80,2,35,5,5,3,3fc68cbaee446fa20000,3000,3400
FPREM1_completed,53,RZ,random,6,X87_MULTISTEP,3f622dade3a7b6be,bac9d0d4304c687b,bfabc6134ca4513ff000,bfabc6134ca4513ff000,bab8c269948a27fe,3400,3300,00007f80,2,35,5,5,3,3fc68cbaee446fa20000,3000,3400
FPREM1_completed,53,RZ,random,6,QUOTIENT_SIGNED_BITS_DIFFER,3f622dade3a7b6be,bac9d0d4304c687b,bfabc6134ca4513ff000,bfabc6134ca4513ff000,bab8c269948a27fe,3400,3300,00007f80,2,35,5,5,3,3fc68cbaee446fa20000,3000,3400
FPREM1_completed,53,RZ,random,6,SINGLE_INSTRUCTION_VALUE_MISMATCH,3f622dade3a7b6be,bac9d0d4304c687b,bfabc6134ca4513ff000,bfabc6134ca4513ff000,bab8c269948a27fe,3400,3300,00007f80,2,35,5,5,3,3fc68cbaee446fa20000,3000,3400
FPREM1_completed,53,RZ,random,6,SINGLE_INSTRUCTION_C2_PARTIAL,3f622dade3a7b6be,bac9d0d4304c687b,bfabc6134ca4513ff000,bfabc6134ca4513ff000,bab8c269948a27fe,3400,3300,00007f80,2,35,5,5,3,3fc68cbaee446fa20000,3000,3400
FPREM1_completed,53,RZ,random,7,ALL,1be3526f041fd13f,8f013dda7d97cc0b,3cec83c7ce222eb88000,3cec83c7ce222eb88000,0ec078f9c445d710,3400,3300,00007f80,4,83,5,5,3,3d8f99911c0774abc000,3000,3400
FPREM1_completed,53,RZ,random,7,X87_MULTISTEP,1be3526f041fd13f,8f013dda7d97cc0b,3cec83c7ce222eb88000,3cec83c7ce222eb88000,0ec078f9c445d710,3400,3300,00007f80,4,83,5,5,3,3d8f99911c0774abc000,3000,3400
FPREM1_completed,53,RZ,random,7,QUOTIENT_SIGNED_BITS_DIFFER,1be3526f041fd13f,8f013dda7d97cc0b,3cec83c7ce222eb88000,3cec83c7ce222eb88000,0ec078f9c445d710,3400,3300,00007f80,4,83,5,5,3,3d8f99911c0774abc000,3000,3400
FPREM1_completed,53,RZ,random,7,SINGLE_INSTRUCTION_VALUE_MISMATCH,1be3526f041fd13f,8f013dda7d97cc0b,3cec83c7ce222eb88000,3cec83c7ce222eb88000,0ec078f9c445d710,3400,3300,00007f80,4,83,5,5,3,3d8f99911c0774abc000,3000,3400
FPREM1_completed,53,RZ,random,7,SINGLE_INSTRUCTION_C2_PARTIAL,1be3526f041fd13f,8f013dda7d97cc0b,3cec83c7ce222eb88000,3cec83c7ce222eb88000,0ec078f9c445d710,3400,3300,00007f80,4,83,5,5,3,3d8f99911c0774abc000,3000,3400
FPREM1_completed,53,RZ,random,8,ALL,c44d0a1ea70b20ff,0eeac7548da1932d,3ceb8e30913f18288000,3ceb8e30913f18288000,0eb1c61227e30510,3400,7000,00007f80,16,424,2,2,6,c008b16b8d55709c0000,3000,3400
FPREM1_completed,53,RZ,random,8,X87_MULTISTEP,c44d0a1ea70b20ff,0eeac7548da1932d,3ceb8e30913f18288000,3ceb8e30913f18288000,0eb1c61227e30510,3400,7000,00007f80,16,424,2,2,6,c008b16b8d55709c0000,3000,3400
FPREM1_completed,53,RZ,random,8,QUOTIENT_SIGNED_BITS_DIFFER,c44d0a1ea70b20ff,0eeac7548da1932d,3ceb8e30913f18288000,3ceb8e30913f18288000,0eb1c61227e30510,3400,7000,00007f80,16,424,2,2,6,c008b16b8d55709c0000,3000,3400
FPREM1_completed,53,RZ,random,8,SINGLE_INSTRUCTION_VALUE_MISMATCH,c44d0a1ea70b20ff,0eeac7548da1932d,3ceb8e30913f18288000,3ceb8e30913f18288000,0eb1c61227e30510,3400,7000,00007f80,16,424,2,2,6,c008b16b8d55709c0000,3000,3400
FPREM1_completed,53,RZ,random,8,SINGLE_INSTRUCTION_C2_PARTIAL,c44d0a1ea70b20ff,0eeac7548da1932d,3ceb8e30913f18288000,3ceb8e30913f18288000,0eb1c61227e30510,3400,7000,00007f80,16,424,2,2,6,c008b16b8d55709c0000,3000,3400
FPREM1_completed,53,RZ,random,9,ALL,14c615a007ecca11,e2509355b1112f51,3d4cb0ad003f66508800,3d4cb0ad003f66508800,14c615a007ecca11,3000,3000,00007f80,1,0,0,0,0,3d4cb0ad003f66508800,3000,3000
FPREM1_completed,53,RZ,random,9,SINGLE_COMPLETE_FINITE_CASE,14c615a007ecca11,e2509355b1112f51,3d4cb0ad003f66508800,3d4cb0ad003f66508800,14c615a007ecca11,3000,3000,00007f80,1,0,0,0,0,3d4cb0ad003f66508800,3000,3000
FPREM1_completed,53,RZ,random,10,ALL,e17a9da691069bad,bf7616c50e54a52d,3ff6af32e152c081e000,3ff6af32e152c081e000,3f65e65c2a58103c,3400,7100,00007f80,10,266,6,6,6,c1f3b2a68b0280980000,3000,3400
FPREM1_completed,53,RZ,random,10,X87_MULTISTEP,e17a9da691069bad,bf7616c50e54a52d,3ff6af32e152c081e000,3ff6af32e152c081e000,3f65e65c2a58103c,3400,7100,00007f80,10,266,6,6,6,c1f3b2a68b0280980000,3000,3400
FPREM1_completed,53,RZ,random,10,SINGLE_INSTRUCTION_VALUE_MISMATCH,e17a9da691069bad,bf7616c50e54a52d,3ff6af32e152c081e000,3ff6af32e152c081e000,3f65e65c2a58103c,3400,7100,00007f80,10,266,6,6,6,c1f3b2a68b0280980000,3000,3400
FPREM1_completed,53,RZ,random,10,SINGLE_INSTRUCTION_C2_PARTIAL,e17a9da691069bad,bf7616c50e54a52d,3ff6af32e152c081e000,3ff6af32e152c081e000,3f65e65c2a58103c,3400,7100,00007f80,10,266,6,6,6,c1f3b2a68b0280980000,3000,3400
FPREM1_completed,53,RZ,random,11,ALL,4a4e1234b1a55a7f,29841a150e25814e,3e95abc4469a67fc0000,3e95abc4469a67fc0000,29557888d34cff80,3400,3000,00007f80,9,289,0,0,0,4075d17ea87146938000,3000,3400
FPREM1_completed,53,RZ,random,11,X87_MULTISTEP,4a4e1234b1a55a7f,29841a150e25814e,3e95abc4469a67fc0000,3e95abc4469a67fc0000,29557888d34cff80,3400,3000,00007f80,9,289,0,0,0,4075d17ea87146938000,3000,3400
FPREM1_completed,53,RZ,random,11,SINGLE_INSTRUCTION_VALUE_MISMATCH,4a4e1234b1a55a7f,29841a150e25814e,3e95abc4469a67fc0000,3e95abc4469a67fc0000,29557888d34cff80,3400,3000,00007f80,9,289,0,0,0,4075d17ea87146938000,3000,3400
FPREM1_completed,53,RZ,random,11,SINGLE_INSTRUCTION_C2_PARTIAL,4a4e1234b1a55a7f,29841a150e25814e,3e95abc4469a67fc0000,3e95abc4469a67fc0000,29557888d34cff80,3400,3000,00007f80,9,289,0,0,0,4075d17ea87146938000,3000,3400
FPREM1_completed,53,RZ,random,12,ALL,6594f41e49bee1a0,3bf5817dfb70df6d,bfbdd3bf680461b9c000,bfbdd3bf680461b9c000,bbda77ed008c3738,3400,7100,00007f80,12,321,6,6,6,421e9b54c40c8e563000,3000,3400
FPREM1_completed,53,RZ,random,12,X87_MULTISTEP,6594f41e49bee1a0,3bf5817dfb70df6d,bfbdd3bf680461b9c000,bfbdd3bf680461b9c000,bbda77ed008c3738,3400,7100,00007f80,12,321,6,6,6,421e9b54c40c8e563000,3000,3400
FPREM1_completed,53,RZ,random,12,SINGLE_INSTRUCTION_VALUE_MISMATCH,6594f41e49bee1a0,3bf5817dfb70df6d,bfbdd3bf680461b9c000,bfbdd3bf680461b9c000,bbda77ed008c3738,3400,7100,00007f80,12,321,6,6,6,421e9b54c40c8e563000,3000,3400
FPREM1_completed,53,RZ,random,12,SINGLE_INSTRUCTION_C2_PARTIAL,6594f41e49bee1a0,3bf5817dfb70df6d,bfbdd3bf680461b9c000,bfbdd3bf680461b9c000,bbda77ed008c3738,3400,7100,00007f80,12,321,6,6,6,421e9b54c40c8e563000,3000,3400
FPREM1_completed,53,RZ,random,13,ALL,c1132a8b237f2b9d,594d73404f44c27e,c0119954591bf95ce800,c0119954591bf95ce800,c1132a8b237f2b9d,3000,3000,00007f80,1,0,0,0,0,c0119954591bf95ce800,3000,3000
FPREM1_completed,53,RZ,random,13,SINGLE_COMPLETE_FINITE_CASE,c1132a8b237f2b9d,594d73404f44c27e,c0119954591bf95ce800,c0119954591bf95ce800,c1132a8b237f2b9d,3000,3000,00007f80,1,0,0,0,0,c0119954591bf95ce800,3000,3000
FPREM1_completed,53,RZ,random,14,ALL,b7683dfbd1805aff,bf598884c49fca9b,bf76c1efde8c02d7f800,bf76c1efde8c02d7f800,b7683dfbd1805aff,3000,3000,00007f80,1,0,0,0,0,bf76c1efde8c02d7f800,3000,3000
FPREM1_completed,53,RZ,random,14,SINGLE_COMPLETE_FINITE_CASE,b7683dfbd1805aff,bf598884c49fca9b,bf76c1efde8c02d7f800,bf76c1efde8c02d7f800,b7683dfbd1805aff,3000,3000,00007f80,1,0,0,0,0,bf76c1efde8c02d7f800,3000,3000
FPREM1_completed,53,RZ,random,15,ALL,6f490969190f62c4,ae1215eb462405c7,beddf21db25c55170000,beddf21db25c55170000,adde43b64b8aa2e0,3400,7000,00007f80,17,494,2,2,6,42bddc90617d46440000,3000,3400
FPREM1_completed,53,RZ,random,15,X87_MULTISTEP,6f490969190f62c4,ae1215eb462405c7,beddf21db25c55170000,beddf21db25c55170000,adde43b64b8aa2e0,3400,7000,00007f80,17,494,2,2,6,42bddc90617d46440000,3000,3400
FPREM1_completed,53,RZ,random,15,QUOTIENT_SIGNED_BITS_DIFFER,6f490969190f62c4,ae1215eb462405c7,beddf21db25c55170000,beddf21db25c55170000,adde43b64b8aa2e0,3400,7000,00007f80,17,494,2,2,6,42bddc90617d46440000,3000,3400
FPREM1_completed,53,RZ,random,15,SINGLE_INSTRUCTION_VALUE_MISMATCH,6f490969190f62c4,ae1215eb462405c7,beddf21db25c55170000,beddf21db25c55170000,adde43b64b8aa2e0,3400,7000,00007f80,17,494,2,2,6,42bddc90617d46440000,3000,3400
FPREM1_completed,53,RZ,random,15,SINGLE_INSTRUCTION_C2_PARTIAL,6f490969190f62c4,ae1215eb462405c7,beddf21db25c55170000,beddf21db25c55170000,adde43b64b8aa2e0,3400,7000,00007f80,17,494,2,2,6,42bddc90617d46440000,3000,3400
FPREM1_completed,53,RZ,random,16,ALL,8da36025d28a21d8,33ed6497a86d8353,bcda9b012e94510ec000,bcda9b012e94510ec000,8da36025d28a21d8,3000,3000,00007f80,1,0,0,0,0,bcda9b012e94510ec000,3000,3000
FPREM1_completed,53,RZ,random,16,SINGLE_COMPLETE_FINITE_CASE,8da36025d28a21d8,33ed6497a86d8353,bcda9b012e94510ec000,bcda9b012e94510ec000,8da36025d28a21d8,3000,3000,00007f80,1,0,0,0,0,bcda9b012e94510ec000,3000,3000
FPREM1_completed,53,RZ,random,17,ALL,b77e8b7c1bae6945,ce13f0f8f189085d,bf77f45be0dd734a2800,bf77f45be0dd734a2800,b77e8b7c1bae6945,3000,3000,00007f80,1,0,0,0,0,bf77f45be0dd734a2800,3000,3000
FPREM1_completed,53,RZ,random,17,SINGLE_COMPLETE_FINITE_CASE,b77e8b7c1bae6945,ce13f0f8f189085d,bf77f45be0dd734a2800,bf77f45be0dd734a2800,b77e8b7c1bae6945,3000,3000,00007f80,1,0,0,0,0,bf77f45be0dd734a2800,3000,3000
FPREM1_completed,53,RZ,random,18,ALL,1e56657267a4546d,63b83902f22bfcd7,3de5b32b933d22a36800,3de5b32b933d22a36800,1e56657267a4546d,3000,3000,00007f80,1,0,0,0,0,3de5b32b933d22a36800,3000,3000
FPREM1_completed,53,RZ,random,18,SINGLE_COMPLETE_FINITE_CASE,1e56657267a4546d,63b83902f22bfcd7,3de5b32b933d22a36800,3de5b32b933d22a36800,1e56657267a4546d,3000,3000,00007f80,1,0,0,0,0,3de5b32b933d22a36800,3000,3000
FPREM1_completed,53,RZ,random,19,ALL,520a608fd94c71bc,1a0745443aa528a2,bd9de6901672030b0000,bd9de6901672030b0000,99dcd202ce406160,3400,7100,00007f80,18,451,6,6,6,4100afcb0604c208c000,3000,3400
FPREM1_completed,53,RZ,random,19,X87_MULTISTEP,520a608fd94c71bc,1a0745443aa528a2,bd9de6901672030b0000,bd9de6901672030b0000,99dcd202ce406160,3400,7100,00007f80,18,451,6,6,6,4100afcb0604c208c000,3000,3400
FPREM1_completed,53,RZ,random,19,SINGLE_INSTRUCTION_VALUE_MISMATCH,520a608fd94c71bc,1a0745443aa528a2,bd9de6901672030b0000,bd9de6901672030b0000,99dcd202ce406160,3400,7100,00007f80,18,451,6,6,6,4100afcb0604c208c000,3000,3400
FPREM1_completed,53,RZ,random,19,SINGLE_INSTRUCTION_C2_PARTIAL,520a608fd94c71bc,1a0745443aa528a2,bd9de6901672030b0000,bd9de6901672030b0000,99dcd202ce406160,3400,7100,00007f80,18,451,6,6,6,4100afcb0604c208c000,3000,3400
FPREM1_completed,53,RZ,random,20,X87_MULTISTEP,e11dd77714b3258b,2594be96d5414b93,be58a3ced03246e70000,be58a3ced03246e70000,a58479da0648dce0,3400,3000,00007f80,16,468,0,0,0,c1d689da8af23e7a8000,3000,3400
FPREM1_completed,53,RZ,random,20,SINGLE_INSTRUCTION_VALUE_MISMATCH,e11dd77714b3258b,2594be96d5414b93,be58a3ced03246e70000,be58a3ced03246e70000,a58479da0648dce0,3400,3000,00007f80,16,468,0,0,0,c1d689da8af23e7a8000,3000,3400
FPREM1_completed,53,RZ,random,20,SINGLE_INSTRUCTION_C2_PARTIAL,e11dd77714b3258b,2594be96d5414b93,be58a3ced03246e70000,be58a3ced03246e70000,a58479da0648dce0,3400,3000,00007f80,16,468,0,0,0,c1d689da8af23e7a8000,3000,3400
FPREM1_completed,53,RZ,random,21,SINGLE_COMPLETE_FINITE_CASE,b452c0bf0200d818,6b0151688251e8ff,bf459605f81006c0c000,bf459605f81006c0c000,b452c0bf0200d818,3000,3000,00007f80,1,0,0,0,0,bf459605f81006c0c000,3000,3000
FPREM1_completed,53,RZ,random,22,QUOTIENT_SIGNED_BITS_DIFFER,a04b39e9068ce4c8,1eb552ddc4042814,3de7871c7aea26740000,3de7871c7aea26740000,1e70e38f5d44ce80,7000,7000,00007f80,1,14,2,2,6,3de7871c7aea26740000,3000,7000
FPREM1_completed,53,RZ,random,22,SINGLE_COMPLETE_FINITE_CASE,a04b39e9068ce4c8,1eb552ddc4042814,3de7871c7aea26740000,3de7871c7aea26740000,1e70e38f5d44ce80,7000,7000,00007f80,1,14,2,2,6,3de7871c7aea26740000,3000,7000
FPREM1_completed,53,RZ,random,23,SINGLE_COMPLETE_FINITE_CASE,af4da42f6014ff40,b29387e0e24fc445,bef4ed217b00a7fa0000,bef4ed217b00a7fa0000,af4da42f6014ff40,3000,3000,00007f80,1,0,0,0,0,bef4ed217b00a7fa0000,3000,3000
FPREM1_completed,53,RZ,random,24,X87_MULTISTEP,d4114ba021dfe810,3c9d3fbdef8f3ad4,bfc899b8aef443cc0000,bfc899b8aef443cc0000,bc833715de887980,3400,3000,00007f80,7,185,0,0,0,c105ea7fac552c3a0000,3000,3400
FPREM1_completed,53,RZ,random,24,SINGLE_INSTRUCTION_VALUE_MISMATCH,d4114ba021dfe810,3c9d3fbdef8f3ad4,bfc899b8aef443cc0000,bfc899b8aef443cc0000,bc833715de887980,3400,3000,00007f80,7,185,0,0,0,c105ea7fac552c3a0000,3000,3400
FPREM1_completed,53,RZ,random,24,SINGLE_INSTRUCTION_C2_PARTIAL,d4114ba021dfe810,3c9d3fbdef8f3ad4,bfc899b8aef443cc0000,bfc899b8aef443cc0000,bc833715de887980,3400,3000,00007f80,7,185,0,0,0,c105ea7fac552c3a0000,3000,3400
FPREM1_completed,53,RZ,random,25,SINGLE_COMPLETE_FINITE_CASE,69ef6e510d168232,717a855f449728e5,429efb728868b4119000,429efb728868b4119000,69ef6e510d168232,3000,3000,00007f80,1,0,0,0,0,429efb728868b4119000,3000,3000
FPREM1_completed,53,RZ,random,26,SINGLE_COMPLETE_FINITE_CASE,d6883f0417967388,e66311ff39fee26c,c168c1f820bcb39c4000,c168c1f820bcb39c4000,d6883f0417967388,3000,3000,00007f80,1,0,0,0,0,c168c1f820bcb39c4000,3000,3000
FPREM1_completed,53,RZ,random,27,SINGLE_COMPLETE_FINITE_CASE,4fa14b561f8c01bf,f471624ef4a20fbf,40fa8a5ab0fc600df800,40fa8a5ab0fc600df800,4fa14b561f8c01bf,3000,3000,00007f80,1,0,0,0,0,40fa8a5ab0fc600df800,3000,3000
FPREM1_completed,53,RZ,random,28,SINGLE_COMPLETE_FINITE_CASE,9d1803c5770d693a,239d03d2d46d3116,bdd1c01e2bb86b49d000,bdd1c01e2bb86b49d000,9d1803c5770d693a,3000,3000,00007f80,1,0,0,0,0,bdd1c01e2bb86b49d000,3000,3000
FPREM1_completed,53,RZ,random,29,X87_MULTISTEP,7f2c60a814b272c4,e633a951c7718da0,4262993de6ed86800000,4262993de6ed86800000,662327bcddb0d000,3400,3000,00007f80,7,214,0,0,0,43c0ea05ff1215200000,3000,3400
FPREM1_completed,53,RZ,random,29,SINGLE_INSTRUCTION_VALUE_MISMATCH,7f2c60a814b272c4,e633a951c7718da0,4262993de6ed86800000,4262993de6ed86800000,662327bcddb0d000,3400,3000,00007f80,7,214,0,0,0,43c0ea05ff1215200000,3000,3400
FPREM1_completed,53,RZ,random,29,SINGLE_INSTRUCTION_C2_PARTIAL,7f2c60a814b272c4,e633a951c7718da0,4262993de6ed86800000,4262993de6ed86800000,662327bcddb0d000,3400,3000,00007f80,7,214,0,0,0,43c0ea05ff1215200000,3000,3400
FPREM1_completed,53,RZ,random,30,SINGLE_COMPLETE_FINITE_CASE,9148b248811c9805,42fcc655290ba003,bd14c5924408e4c02800,bd14c5924408e4c02800,9148b248811c9805,3000,3000,00007f80,1,0,0,0,0,bd14c5924408e4c02800,3000,3000
FPREM1_completed,53,RZ,random,31,SINGLE_COMPLETE_FINITE_CASE,91825b4d252f035d,ac6a40183abe4a22,bd1892da6929781ae800,bd1892da6929781ae800,91825b4d252f035d,3000,3000,00007f80,1,0,0,0,0,bd1892da6929781ae800,3000,3000
FPREM1_completed,53,RZ,random,32,SINGLE_COMPLETE_FINITE_CASE,97787847f9bd2af4,fa15567f6a6f1ee1,bd77c3c23fcde957a000,bd77c3c23fcde957a000,97787847f9bd2af4,3000,3000,00007f80,1,0,0,0,0,bd77c3c23fcde957a000,3000,3000
FPREM1_completed,53,RZ,random,33,X87_MULTISTEP,df47de5513ea6822,1bdd3f3c49777f1a,bdbc9dd84fac431e2000,bdbc9dd84fac431e2000,9bc3bb09f58863c4,3400,7200,00007f80,23,529,3,3,5,c1b89cf920695de20000,3000,3400
FPREM1_completed,53,RZ,random,33,QUOTIENT_SIGNED_BITS_DIFFER,df47de5513ea6822,1bdd3f3c49777f1a,bdbc9dd84fac431e2000,bdbc9dd84fac431e2000,9bc3bb09f58863c4,3400,7200,00007f80,23,529,3,3,5,c1b89cf920695de20000,3000,3400
FPREM1_completed,53,RZ,random,33,MORE_THAN_512_SUBTRACTIONS,df47de5513ea6822,1bdd3f3c49777f1a,bdbc9dd84fac431e2000,bdbc9dd84fac431e2000,9bc3bb09f58863c4,3400,7200,00007f80,23,529,3,3,5,c1b89cf920695de20000,3000,3400
FPREM1_completed,53,RZ,random,33,SINGLE_INSTRUCTION_VALUE_MISMATCH,df47de5513ea6822,1bdd3f3c49777f1a,bdbc9dd84fac431e2000,bdbc9dd84fac431e2000,9bc3bb09f58863c4,3400,7200,00007f80,23,529,3,3,5,c1b89cf920695de20000,3000,3400
FPREM1_completed,53,RZ,random,33,SINGLE_INSTRUCTION_C2_PARTIAL,df47de5513ea6822,1bdd3f3c49777f1a,bdbc9dd84fac431e2000,bdbc9dd84fac431e2000,9bc3bb09f58863c4,3400,7200,00007f80,23,529,3,3,5,c1b89cf920695de20000,3000,3400
FPREM1_completed,53,RZ,random,34,X87_MULTISTEP,5ada68c2e5cabb64,978f4e73e3766ff9,bd77d51b412bae19b000,bd77d51b412bae19b000,977aa3682575c336,3400,7200,00007f80,22,557,3,3,5,41789a93cdfc23e8f800,3000,3400
FPREM1_completed,53,RZ,random,34,QUOTIENT_SIGNED_BITS_DIFFER,5ada68c2e5cabb64,978f4e73e3766ff9,bd77d51b412bae19b000,bd77d51b412bae19b000,977aa3682575c336,3400,7200,00007f80,22,557,3,3,5,41789a93cdfc23e8f800,3000,3400
FPREM1_completed,53,RZ,random,34,MORE_THAN_512_SUBTRACTIONS,5ada68c2e5cabb64,978f4e73e3766ff9,bd77d51b412bae19b000,bd77d51b412bae19b000,977aa3682575c336,3400,7200,00007f80,22,557,3,3,5,41789a93cdfc23e8f800,3000,3400
FPREM1_completed,53,RZ,random,34,SINGLE_INSTRUCTION_VALUE_MISMATCH,5ada68c2e5cabb64,978f4e73e3766ff9,bd77d51b412bae19b000,bd77d51b412bae19b000,977aa3682575c336,3400,7200,00007f80,22,557,3,3,5,41789a93cdfc23e8f800,3000,3400
FPREM1_completed,53,RZ,random,34,SINGLE_INSTRUCTION_C2_PARTIAL,5ada68c2e5cabb64,978f4e73e3766ff9,bd77d51b412bae19b000,bd77d51b412bae19b000,977aa3682575c336,3400,7200,00007f80,22,557,3,3,5,41789a93cdfc23e8f800,3000,3400
FPREM1_completed,53,RZ,random,35,X87_MULTISTEP,a76c958fcc12d08c,989a991372a47146,3d8890a17b0f5b5c2000,3d8890a17b0f5b5c2000,1882142f61eb6b84,3400,7200,00007f80,5,121,3,3,3,be49c7bd9c283ee2f000,3000,3400
FPREM1_completed,53,RZ,random,35,SINGLE_INSTRUCTION_VALUE_MISMATCH,a76c958fcc12d08c,989a991372a47146,3d8890a17b0f5b5c2000,3d8890a17b0f5b5c2000,1882142f61eb6b84,3400,7200,00007f80,5,121,3,3,3,be49c7bd9c283ee2f000,3000,3400
FPREM1_completed,53,RZ,random,35,SINGLE_INSTRUCTION_C2_PARTIAL,a76c958fcc12d08c,989a991372a47146,3d8890a17b0f5b5c2000,3d8890a17b0f5b5c2000,1882142f61eb6b84,3400,7200,00007f80,5,121,3,3,3,be49c7bd9c283ee2f000,3000,3400
FPREM1_completed,53,RZ,random,36,X87_MULTISTEP,73538c0c3447ef9c,69bbc16644e39d84,429696ae4e14f3000000,429696ae4e14f3000000,6962d5c9c29e6000,3400,3000,00007f80,3,83,0,0,0,42fb8ba018ce380f4000,3000,3400
FPREM1_completed,53,RZ,random,36,SINGLE_INSTRUCTION_VALUE_MISMATCH,73538c0c3447ef9c,69bbc16644e39d84,429696ae4e14f3000000,429696ae4e14f3000000,6962d5c9c29e6000,3400,3000,00007f80,3,83,0,0,0,42fb8ba018ce380f4000,3000,3400
FPREM1_completed,53,RZ,random,36,SINGLE_INSTRUCTION_C2_PARTIAL,73538c0c3447ef9c,69bbc16644e39d84,429696ae4e14f3000000,429696ae4e14f3000000,6962d5c9c29e6000,3400,3000,00007f80,3,83,0,0,0,42fb8ba018ce380f4000,3000,3400
FPREM1_completed,53,RZ,random,37,SINGLE_COMPLETE_FINITE_CASE,2fa7c32afc6000ba,6f78d4e5ac78ca42,3efabe1957e30005d000,3efabe1957e30005d000,2fa7c32afc6000ba,3000,3000,00007f80,1,0,0,0,0,3efabe1957e30005d000,3000,3000
FPREM1_completed,53,RZ,random,38,X87_MULTISTEP,3d43afc97578251a,a04640200977c35b,3e02e186dfd02dd44000,3e02e186dfd02dd44000,202c30dbfa05ba88,3400,7000,00007f80,8,209,2,2,6,3fa1b62ad18302834000,3000,3400
FPREM1_completed,53,RZ,random,38,QUOTIENT_SIGNED_BITS_DIFFER,3d43afc97578251a,a04640200977c35b,3e02e186dfd02dd44000,3e02e186dfd02dd44000,202c30dbfa05ba88,3400,7000,00007f80,8,209,2,2,6,3fa1b62ad18302834000,3000,3400
FPREM1_completed,53,RZ,random,38,SINGLE_INSTRUCTION_VALUE_MISMATCH,3d43afc97578251a,a04640200977c35b,3e02e186dfd02dd44000,3e02e186dfd02dd44000,202c30dbfa05ba88,3400,7000,00007f80,8,209,2,2,6,3fa1b62ad18302834000,3000,3400
FPREM1_completed,53,RZ,random,38,SINGLE_INSTRUCTION_C2_PARTIAL,3d43afc97578251a,a04640200977c35b,3e02e186dfd02dd44000,3e02e186dfd02dd44000,202c30dbfa05ba88,3400,7000,00007f80,8,209,2,2,6,3fa1b62ad18302834000,3000,3400
FPREM1_completed,53,RZ,random,39,X87_MULTISTEP,de5e7ac0be62872d,966524ac718d39c5,bd64f4a6c0bb5953c000,bd64f4a6c0bb5953c000,964e94d8176b2a78,3400,7000,00007f80,21,530,2,2,2,c1a5cb9ac6b91d17c000,3000,3400
FPREM1_completed,53,RZ,random,39,MORE_THAN_512_SUBTRACTIONS,de5e7ac0be62872d,966524ac718d39c5,bd64f4a6c0bb5953c000,bd64f4a6c0bb5953c000,964e94d8176b2a78,3400,7000,00007f80,21,530,2,2,2,c1a5cb9ac6b91d17c000,3000,3400
FPREM1_completed,53,RZ,random,39,SINGLE_INSTRUCTION_VALUE_MISMATCH,de5e7ac0be62872d,966524ac718d39c5,bd64f4a6c0bb5953c000,bd64f4a6c0bb5953c000,964e94d8176b2a78,3400,7000,00007f80,21,530,2,2,2,c1a5cb9ac6b91d17c000,3000,3400
FPREM1_completed,53,RZ,random,39,SINGLE_INSTRUCTION_C2_PARTIAL,de5e7ac0be62872d,966524ac718d39c5,bd64f4a6c0bb5953c000,bd64f4a6c0bb5953c000,964e94d8176b2a78,3400,7000,00007f80,21,530,2,2,2,c1a5cb9ac6b91d17c000,3000,3400
FPREM1_completed,53,RZ,random,40,QUOTIENT_SIGNED_BITS_DIFFER,eda549eb3ce9804c,38af62f6b3141d76,bf889a7d3835a621c000,bf889a7d3835a621c000,b8834fa706b4c438,3400,7200,00007f80,18,433,3,3,5,c2aac0b071cba34d2000,3000,3400
FPREM1_completed,53,RZ,random,42,QUOTIENT_SIGNED_BITS_DIFFER,7347a7d32d010189,bbdc7d30e2d90d34,3fb98d23799480640000,3fb98d23799480640000,3b91a46f32900c80,3400,7100,00007f80,15,450,6,6,2,42fc9fbd6059542a0000,3000,3400
FPREM1_completed,53,RZ,random,49,QUOTIENT_SIGNED_BITS_DIFFER,5c2a8192de56c7a7,af1cce228ec78966,3eeee9d87ca2a2dd0000,3eeee9d87ca2a2dd0000,2eed3b0f94545ba0,3400,7000,00007f80,14,342,2,2,6,418fe6e4d24d849b4000,3000,3400
FPREM1_completed,53,RZ,random,50,QUOTIENT_SIGNED_BITS_DIFFER,d4332c5073970392,2a2ce091ab67d52d,3ea0d50b2ee8f4692000,3ea0d50b2ee8f4692000,2a0aa165dd1e8d24,3400,3300,00007f80,14,328,5,5,3,c1228eb28032356a0800,3000,3400
FPREM1_completed,53,RZ,random,53,MORE_THAN_512_SUBTRACTIONS,69920c42a30349f2,121d884a542f682a,3d1ec47d5167226b0000,3d1ec47d5167226b0000,11e88faa2ce44d60,3400,7000,00007f80,30,720,2,2,2,425e8220e02d6a9d0000,3000,3400
FPREM1_completed,53,RZ,random,56,QUOTIENT_SIGNED_BITS_DIFFER,c4b90a3ed64c2a40,1fe81d7e2ed3fc27,bdfd925b30d6d3c4b000,bdfd925b30d6d3c4b000,9fd24b661ada7896,3400,7200,00007f80,11,284,3,3,5,c018c4c76f8e86c20000,3000,3400
FPREM1_completed,53,RZ,random,57,MORE_THAN_512_SUBTRACTIONS,ed507db431407d57,0647f267a6605818,3c60c51ce70d92200000,3c60c51ce70d92200000,0608a39ce1b24400,3400,3000,00007f80,31,853,0,0,0,c2a3e4016d1fd4eb8000,3000,3400
FPREM1_completed,53,RZ,random,58,QUOTIENT_SIGNED_BITS_DIFFER,0b4cedfe07d58842,881120faae2ba810,bc7e8e3b072c89cc0000,bc7e8e3b072c89cc0000,87e1c760e5913980,7000,7200,00007f80,1,24,3,3,5,bc7e8e3b072c89cc0000,3000,7200
FPREM1_completed,53,RZ,random,74,QUOTIENT_SIGNED_BITS_DIFFER,755e02aa7062ebf6,d55a977a4df97796,4153946a6c7d5f19c000,4153946a6c7d5f19c000,55328d4d8fabe338,3400,7200,00007f80,10,267,3,3,5,4334c0cf178ad3b60000,3000,3400
FPREM1_completed,53,RZ,random,78,QUOTIENT_SIGNED_BITS_DIFFER,7a81e0961d310cac,c8a67772091ffa00,c088af5bc3ea0c400000,c088af5bc3ea0c400000,c885eb787d418800,3400,3300,00007f80,15,392,5,5,3,4368ece29c120bc00000,3000,3400
FPREM1_completed,53,RZ,random,81,QUOTIENT_SIGNED_BITS_DIFFER,e68d3c006f201df4,1ee887edcd9168d5,bded8ea30b8a5ec5b000,bded8ea30b8a5ec5b000,9ed1d461714bd8b6,3400,3200,00007f80,19,580,1,1,7,c22bf7786d2b29f64000,3000,3400
FPREM1_completed,53,RZ,random,81,MORE_THAN_512_SUBTRACTIONS,e68d3c006f201df4,1ee887edcd9168d5,bded8ea30b8a5ec5b000,bded8ea30b8a5ec5b000,9ed1d461714bd8b6,3400,3200,00007f80,19,580,1,1,7,c22bf7786d2b29f64000,3000,3400
FPREM1_completed,53,RZ,random,83,QUOTIENT_SIGNED_BITS_DIFFER,3eccab5c4e05dc04,a8b8ed2a40208dea,3e89e0fca07a1c16c000,3e89e0fca07a1c16c000,289c1f940f4382d8,3400,3200,00007f80,7,174,1,1,7,3fcba8096ea7debf4000,3000,3400
FPREM1_completed,53,RZ,random,84,QUOTIENT_SIGNED_BITS_DIFFER,f993df8021999846,15a30e386b02b404,3d598d686da30340c000,3d598d686da30340c000,1591ad0db4606818,3400,7200,00007f80,27,791,3,3,5,c356e7264a4b254a0000,3000,3400
FPREM1_completed,53,RZ,random,84,MORE_THAN_512_SUBTRACTIONS,f993df8021999846,15a30e386b02b404,3d598d686da30340c000,3d598d686da30340c000,1591ad0db4606818,3400,7200,00007f80,27,791,3,3,5,c356e7264a4b254a0000,3000,3400
FPREM1_completed,53,RZ,random,86,MORE_THAN_512_SUBTRACTIONS,d5cf4344b88928f2,09de7fb0fe8aac8b,bc9cef6403e237cc2000,bc9cef6403e237cc2000,89cdec807c46f984,3400,7000,00007f80,27,644,2,2,6,c11ccb5db15201948000,3000,3400
FPREM1_completed,53,RZ,random,87,MORE_THAN_512_SUBTRACTIONS,7b5310c9fc212395,8eda03c9c430ce5f,bceba69037ae3d53c000,bceba69037ae3d53c000,8eb4d206f5c7aa78,3400,7000,00007f80,35,862,2,2,6,438dad1847dc972e5000,3000,3400
FPREM1_completed,53,RZ,random,92,MORE_THAN_512_SUBTRACTIONS,e3a846a2bfbc4178,80f257439666d7d5,3c0c9c29b1a107d28000,3c0c9c29b1a107d28000,00c385363420fa50,3400,7000,00007f80,27,808,2,2,2,c20ed8bfa47883faa000,3000,3400
FPREM1_completed,53,RZ,random,104,MORE_THAN_512_SUBTRACTIONS,56b9818e16a7fd62,89436d87e2292558,3c9389e4299005490000,3c9389e4299005490000,09313c853200a920,3400,7000,00007f80,21,612,2,2,6,4132e621769844f50000,3000,3400
FPREM1_completed,53,RZ,random,105,MORE_THAN_512_SUBTRACTIONS,f98f1f2039d4b32c,334ccb14838191dc,bf33b727e9205ee78000,bf33b727e9205ee78000,b336e4fd240bdcf0,3400,7100,00007f80,21,541,6,6,2,c373aa7b214060490000,3000,3400
FPREM1_completed,53,RZ,random,113,MORE_THAN_512_SUBTRACTIONS,f30db0b39235c396,ad720371ec7fe712,3ed4ec4b5d43cab40000,3ed4ec4b5d43cab40000,2d4d896ba8795680,3400,3000,00007f80,20,543,0,0,0,c2f780a1106b971c5000,3000,3400
FPREM1_completed,53,RZ,random,121,MORE_THAN_512_SUBTRACTIONS,7c0ada0c874938dc,97f0e3e5fa42fb78,3d7d92daf8abd3320000,3d7d92daf8abd3320000,17d25b5f157a6640,3400,7000,00007f80,27,815,2,2,6,439dcaa9d3e967880000,3000,3400
FPREM1_completed,53,RZ,random,135,MORE_THAN_512_SUBTRACTIONS,7acec2800ccf3118,3498831721aad9e8,3f489bf2fc73696c0000,3f489bf2fc73696c0000,34837e5f8e6d2d80,3400,3000,00007f80,24,556,0,0,0,4389952eef1c607c4000,3000,3400
FPREM1_completed,53,RZ,random,142,MORE_THAN_512_SUBTRACTIONS,7264155fa13b8f59,9c647ced0ca8226b,3dc2bb2947c812938000,3dc2bb2947c812938000,1c276528f9025270,3400,7200,00007f80,23,682,3,3,5,4304bacaa0d979ba8000,3000,3400
FPREM1_completed,53,RZ,random,144,MORE_THAN_512_SUBTRACTIONS,ed2dc6396c42b6f8,02c3611c2eadf718,3c298039ee9aeacc0000,3c298039ee9aeacc0000,0290073dd35d5980,3400,7000,00007f80,30,845,2,2,6,c2ac86ddaf9c03cf8000,3000,3400
FPREM1_completed,53,RZ,random,156,MORE_THAN_512_SUBTRACTIONS,c55b68e984a6b54d,8255bc36c1074b77,3c23d5d42b476fc36000,3c23d5d42b476fc36000,023aba8568edf86c,3400,3300,00007f80,21,532,5,5,5,c02598ec8c879ad20000,3000,3400
FPREM1_completed,53,RZ,random,171,MORE_THAN_512_SUBTRACTIONS,72a584688a7d4f85,b06b0aa08ec0c009,3f058c563cf186254000,3f058c563cf186254000,30518ac79e30c4a8,3400,3100,00007f80,24,550,4,4,4,430287f05a3c364b0000,3000,3400
FPREM1_completed,53,RZ,random,177,MORE_THAN_512_SUBTRACTIONS,d50cccc31539402e,895a0c6a0dc516b8,bc93c6afd484dbae0000,bc93c6afd484dbae0000,8938d5fa909b75c0,3400,7100,00007f80,26,625,6,6,6,c114a8d95df86a620000,3000,3400
FPREM1_completed,53,RZ,random,1233,EXCEPTION_FLAGS_MISMATCH,800775f8a1f1e801,335231bcb44634b1,bbffeebf143e3d002000,bbffeebf143e3d002000,800775f8a1f1e801,3002,3002,00007f80,1,0,0,0,0,bbffeebf143e3d002000,3002,3002
FPREM1_completed,53,RZ,random,2646,INVALID_OR_NONFINITE_INPUT,fffc16448446619e,97c865bf05fa1bc2,ffffe0b22422330cf000,ffffe0b22422330cf000,fffc16448446619e,3000,3000,00007f80,1,0,0,0,0,ffffe0b22422330cf000,3000,3000
FPREM1_completed,53,RZ,random,2646,NAN_RESULT,fffc16448446619e,97c865bf05fa1bc2,ffffe0b22422330cf000,ffffe0b22422330cf000,fffc16448446619e,3000,3000,00007f80,1,0,0,0,0,ffffe0b22422330cf000,3000,3000
FPREM1_completed,53,RZ,random,2800,INVALID_OR_NONFINITE_INPUT,7ffec4b85b15dcc9,73ae6374d2acbe2d,7ffff625c2d8aee64800,7ffff625c2d8aee64800,7ffec4b85b15dcc9,3000,3000,00007f80,1,0,0,0,0,7ffff625c2d8aee64800,3000,3000
FPREM1_completed,53,RZ,random,2800,NAN_RESULT,7ffec4b85b15dcc9,73ae6374d2acbe2d,7ffff625c2d8aee64800,7ffff625c2d8aee64800,7ffec4b85b15dcc9,3000,3000,00007f80,1,0,0,0,0,7ffff625c2d8aee64800,3000,3000
FPREM1_completed,53,RZ,random,2804,INVALID_OR_NONFINITE_INPUT,215f1284a38934b3,ffff2b4bee625364,fffff95a5f73129b2000,fffff95a5f73129b2000,ffff2b4bee625364,3000,3000,00007f80,1,0,0,0,0,fffff95a5f73129b2000,3000,3000
FPREM1_completed,53,RZ,random,2804,NAN_RESULT,215f1284a38934b3,ffff2b4bee625364,fffff95a5f73129b2000,fffff95a5f73129b2000,ffff2b4bee625364,3000,3000,00007f80,1,0,0,0,0,fffff95a5f73129b2000,3000,3000
FPREM1_completed,53,RZ,random,3319,INVALID_OR_NONFINITE_INPUT,8856eee77a72ede6,fff3ef7fd61e7ede,ffffdf7bfeb0f3f6f000,ffffdf7bfeb0f3f6f000,fffbef7fd61e7ede,3001,3001,00007f81,1,0,0,0,0,ffffdf7bfeb0f3f6f000,3001,3001
FPREM1_completed,53,RZ,random,3319,NAN_RESULT,8856eee77a72ede6,fff3ef7fd61e7ede,ffffdf7bfeb0f3f6f000,ffffdf7bfeb0f3f6f000,fffbef7fd61e7ede,3001,3001,00007f81,1,0,0,0,0,ffffdf7bfeb0f3f6f000,3001,3001
FPREM1_completed,53,RZ,random,4196,EXCEPTION_FLAGS_MISMATCH,00045d7cbad4eff6,19e3a5eafc13fccf,3bff8baf975a9dfec000,3bff8baf975a9dfec000,00045d7cbad4eff6,3002,3002,00007f80,1,0,0,0,0,3bff8baf975a9dfec000,3002,3002
FPREM1_completed,53,RZ,random,5293,EXCEPTION_FLAGS_MISMATCH,000042978fcf403b,f113c2471660d47e,3bfb852f1f9e80760000,3bfb852f1f9e80760000,000042978fcf403b,3002,3002,00007f80,1,0,0,0,0,3bfb852f1f9e80760000,3002,3002
FPREM1_completed,53,RZ,random,5800,EXCEPTION_FLAGS_MISMATCH,000f2db77710b090,70ffa1f579d5ad51,3c00f2db77710b090000,3c00f2db77710b090000,000f2db77710b090,3002,3002,00007f80,1,0,0,0,0,3c00f2db77710b090000,3002,3002
FPREM1_completed,53,RZ,random,7438,INVALID_OR_NONFINITE_INPUT,7ffcaf4d654f0d5d,233fc0de0338e527,7fffe57a6b2a786ae800,7fffe57a6b2a786ae800,7ffcaf4d654f0d5d,3000,3000,00007f80,1,0,0,0,0,7fffe57a6b2a786ae800,3000,3000
FPREM1_completed,53,RZ,random,7438,NAN_RESULT,7ffcaf4d654f0d5d,233fc0de0338e527,7fffe57a6b2a786ae800,7fffe57a6b2a786ae800,7ffcaf4d654f0d5d,3000,3000,00007f80,1,0,0,0,0,7fffe57a6b2a786ae800,3000,3000
FPREM1_completed,53,RZ,random,7596,INVALID_OR_NONFINITE_INPUT,fffbf8822c40c37e,b07d2bef072da5b4,ffffdfc41162061bf000,ffffdfc41162061bf000,fffbf8822c40c37e,3000,3000,00007f80,1,0,0,0,0,ffffdfc41162061bf000,3000,3000
FPREM1_completed,53,RZ,random,7596,NAN_RESULT,fffbf8822c40c37e,b07d2bef072da5b4,ffffdfc41162061bf000,ffffdfc41162061bf000,fffbf8822c40c37e,3000,3000,00007f80,1,0,0,0,0,ffffdfc41162061bf000,3000,3000
FPREM1_completed,53,RZ,random,7612,EXCEPTION_FLAGS_MISMATCH,00096c497eed1ace,be99f8ce19a39a1b,3c0096c497eed1ace000,3c0096c497eed1ace000,00096c497eed1ace,3002,3002,00007f80,1,0,0,0,0,3c0096c497eed1ace000,3002,3002
FPREM1_completed,53,RZ,random,7722,INVALID_OR_NONFINITE_INPUT,fff7691bbe190e08,7bcab5fa750c61cf,fffffb48ddf0c8704000,fffffb48ddf0c8704000,ffff691bbe190e08,3001,3001,00007f81,1,0,0,0,0,fffffb48ddf0c8704000,3001,3001
FPREM1_completed,53,RZ,random,7722,NAN_RESULT,fff7691bbe190e08,7bcab5fa750c61cf,fffffb48ddf0c8704000,fffffb48ddf0c8704000,ffff691bbe190e08,3001,3001,00007f81,1,0,0,0,0,fffffb48ddf0c8704000,3001,3001
FPREM1_completed,53,RZ,random,9199,EXCEPTION_FLAGS_MISMATCH,800a9a6921f9b5f3,2d747d032040de41,bc00a9a6921f9b5f3000,bc00a9a6921f9b5f3000,800a9a6921f9b5f3,3002,3002,00007f80,1,0,0,0,0,bc00a9a6921f9b5f3000,3002,3002
FPREM1_completed,53,RZ,random,9325,EXCEPTION_FLAGS_MISMATCH,3016045f6aae82c6,801946418bced6bf,bc00c7278092cd6a8000,bc00c7278092cd6a8000,800c7278092cd6a8,3400,3000,00007f82,17,408,0,0,0,3ee0af5a4f3bf22e8000,3000,3400
FPREM1_completed,53,RZ,random,10913,INVALID_OR_NONFINITE_INPUT,7fff2484a0f13a1d,6a6fdeea239a6e71,7ffff924250789d0e800,7ffff924250789d0e800,7fff2484a0f13a1d,3000,3000,00007f80,1,0,0,0,0,7ffff924250789d0e800,3000,3000
FPREM1_completed,53,RZ,random,10913,NAN_RESULT,7fff2484a0f13a1d,6a6fdeea239a6e71,7ffff924250789d0e800,7ffff924250789d0e800,7fff2484a0f13a1d,3000,3000,00007f80,1,0,0,0,0,7ffff924250789d0e800,3000,3000
FPREM1_completed,53,RZ,random,13177,INVALID_OR_NONFINITE_INPUT,fff87e6b054cc1e1,8d42223d01aabd08,ffffc3f3582a660f0800,ffffc3f3582a660f0800,fff87e6b054cc1e1,3000,3000,00007f80,1,0,0,0,0,ffffc3f3582a660f0800,3000,3000
FPREM1_completed,53,RZ,random,13177,NAN_RESULT,fff87e6b054cc1e1,8d42223d01aabd08,ffffc3f3582a660f0800,ffffc3f3582a660f0800,fff87e6b054cc1e1,3000,3000,00007f80,1,0,0,0,0,ffffc3f3582a660f0800,3000,3000
FPREM1_completed,53,RZ,random,13880,INVALID_OR_NONFINITE_INPUT,ffffe5642b6ad5f8,efcf3776f9f393f5,ffffff2b215b56afc000,ffffff2b215b56afc000,ffffe5642b6ad5f8,3000,3000,00007f80,1,0,0,0,0,ffffff2b215b56afc000,3000,3000
FPREM1_completed,53,RZ,random,13880,NAN_RESULT,ffffe5642b6ad5f8,efcf3776f9f393f5,ffffff2b215b56afc000,ffffff2b215b56afc000,ffffe5642b6ad5f8,3000,3000,00007f80,1,0,0,0,0,ffffff2b215b56afc000,3000,3000
FPREM1_completed,53,RZ,random,14177,INVALID_OR_NONFINITE_INPUT,1de067fae84e79b5,fffd194d792e3ad1,ffffe8ca6bc971d68800,ffffe8ca6bc971d68800,fffd194d792e3ad1,3000,3000,00007f80,1,0,0,0,0,ffffe8ca6bc971d68800,3000,3000
FPREM1_completed,53,RZ,random,14177,NAN_RESULT,1de067fae84e79b5,fffd194d792e3ad1,ffffe8ca6bc971d68800,ffffe8ca6bc971d68800,fffd194d792e3ad1,3000,3000,00007f80,1,0,0,0,0,ffffe8ca6bc971d68800,3000,3000
FPREM1_completed,53,RZ,random,15808,EXCEPTION_FLAGS_MISMATCH,00078afd5ab9f181,f2aa15676d841be6,3bfff15fab573e302000,3bfff15fab573e302000,00078afd5ab9f181,3002,3002,00007f80,1,0,0,0,0,3bfff15fab573e302000,3002,3002
FPREM1_completed,53,RZ,random,16005,INVALID_OR_NONFINITE_INPUT,fff611d7cae68af6,86e423ac385d97f2,fffff08ebe573457b000,fffff08ebe573457b000,fffe11d7cae68af6,3001,3001,00007f81,1,0,0,0,0,fffff08ebe573457b000,3001,3001
FPREM1_completed,53,RZ,random,16005,NAN_RESULT,fff611d7cae68af6,86e423ac385d97f2,fffff08ebe573457b000,fffff08ebe573457b000,fffe11d7cae68af6,3001,3001,00007f81,1,0,0,0,0,fffff08ebe573457b000,3001,3001
FPREM1_completed,53,RZ,random,16109,INVALID_OR_NONFINITE_INPUT,fff760d464c22dfd,f722efe6567e5e26,fffffb06a326116fe800,fffffb06a326116fe800,ffff60d464c22dfd,3001,3001,00007f81,1,0,0,0,0,fffffb06a326116fe800,3001,3001
FPREM1_completed,53,RZ,random,16109,NAN_RESULT,fff760d464c22dfd,f722efe6567e5e26,fffffb06a326116fe800,fffffb06a326116fe800,ffff60d464c22dfd,3001,3001,00007f81,1,0,0,0,0,fffffb06a326116fe800,3001,3001
FPREM1_completed,53,RZ,random,17938,EXCEPTION_FLAGS_MISMATCH,000604a2ddf15aaf,4fac635a1fbf943d,3bffc0945bbe2b55e000,3bffc0945bbe2b55e000,000604a2ddf15aaf,3002,3002,00007f80,1,0,0,0,0,3bffc0945bbe2b55e000,3002,3002
FPREM1_completed,53,RZ,random,18050,EXCEPTION_FLAGS_MISMATCH,80012b5411c1220b,2bc6fed9f7152b74,bbfd95aa08e091058000,bbfd95aa08e091058000,80012b5411c1220b,3002,3002,00007f80,1,0,0,0,0,bbfd95aa08e091058000,3002,3002
FPREM1_completed,53,RZ,random,18144,INVALID_OR_NONFINITE_INPUT,1a697067a9d4131e,7ff4caf5a31236d0,7fffe657ad1891b68000,7fffe657ad1891b68000,7ffccaf5a31236d0,3001,3001,00007f81,1,0,0,0,0,7fffe657ad1891b68000,3001,3001
FPREM1_completed,53,RZ,random,18144,NAN_RESULT,1a697067a9d4131e,7ff4caf5a31236d0,7fffe657ad1891b68000,7fffe657ad1891b68000,7ffccaf5a31236d0,3001,3001,00007f81,1,0,0,0,0,7fffe657ad1891b68000,3001,3001
FPREM1_completed,53,RZ,random,18393,EXCEPTION_FLAGS_MISMATCH,800a078ea997ffbd,9024b261222329c4,bc00a078ea997ffbd000,bc00a078ea997ffbd000,800a078ea997ffbd,3002,3002,00007f80,1,0,0,0,0,bc00a078ea997ffbd000,3002,3002
FPREM1_completed,53,RZ,random,18494,INVALID_OR_NONFINITE_INPUT,8b3795aeea5a51e9,fff42510e432a4b0,ffffe128872195258000,ffffe128872195258000,fffc2510e432a4b0,3001,3001,00007f81,1,0,0,0,0,ffffe128872195258000,3001,3001
FPREM1_completed,53,RZ,random,18494,NAN_RESULT,8b3795aeea5a51e9,fff42510e432a4b0,ffffe128872195258000,ffffe128872195258000,fffc2510e432a4b0,3001,3001,00007f81,1,0,0,0,0,ffffe128872195258000,3001,3001
FPREM1_completed,53,RZ,random,18855,EXCEPTION_FLAGS_MISMATCH,0009c2ad8c5ab954,e9b24df58db0b1de,3c009c2ad8c5ab954000,3c009c2ad8c5ab954000,0009c2ad8c5ab954,3002,3002,00007f80,1,0,0,0,0,3c009c2ad8c5ab954000,3002,3002
FPREM1_completed,53,RZ,random,19752,EXCEPTION_FLAGS_MISMATCH,30b3a3571edeec86,8011078b8429463d,bbfeb0fc0faf33098000,bbfeb0fc0faf33098000,8002c3f03ebccc26,3400,7100,00007f82,13,416,6,6,2,3ededc1d46cc3fb2c000,3000,3400
FPREM1_completed,53,RZ,random,19982,INVALID_OR_NONFINITE_INPUT,7ff1ef37dbd61011,ed987e4fb1101e19,7fffcf79bedeb0808800,7fffcf79bedeb0808800,7ff9ef37dbd61011,3001,3001,00007f81,1,0,0,0,0,7fffcf79bedeb0808800,3001,3001
FPREM1_completed,53,RZ,random,19982,NAN_RESULT,7ff1ef37dbd61011,ed987e4fb1101e19,7fffcf79bedeb0808800,7fffcf79bedeb0808800,7ff9ef37dbd61011,3001,3001,00007f81,1,0,0,0,0,7fffcf79bedeb0808800,3001,3001
FPREM1_completed,53,RZ,random,19989,INVALID_OR_NONFINITE_INPUT,6a9d1ec93aecc6ab,fffce7ea399b451a,ffffe73f51ccda28d000,ffffe73f51ccda28d000,fffce7ea399b451a,3000,3000,00007f80,1,0,0,0,0,ffffe73f51ccda28d000,3000,3000
FPREM1_completed,53,RZ,random,19989,NAN_RESULT,6a9d1ec93aecc6ab,fffce7ea399b451a,ffffe73f51ccda28d000,ffffe73f51ccda28d000,fffce7ea399b451a,3000,3000,00007f80,1,0,0,0,0,ffffe73f51ccda28d000,3000,3000
FPREM1_completed,53,RZ,random,21129,INVALID_OR_NONFINITE_INPUT,1bd16e2aeeb69c1c,fffd80dcf474289d,ffffec06e7a3a144e800,ffffec06e7a3a144e800,fffd80dcf474289d,3000,3000,00007f80,1,0,0,0,0,ffffec06e7a3a144e800,3000,3000
FPREM1_completed,53,RZ,random,21129,NAN_RESULT,1bd16e2aeeb69c1c,fffd80dcf474289d,ffffec06e7a3a144e800,ffffec06e7a3a144e800,fffd80dcf474289d,3000,3000,00007f80,1,0,0,0,0,ffffec06e7a3a144e800,3000,3000
FPREM1_completed,53,RZ,random,21308,EXCEPTION_FLAGS_MISMATCH,80054af5ac397823,0921b43449e9917b,bbffa95eb5872f046000,bbffa95eb5872f046000,80054af5ac397823,3002,3002,00007f80,1,0,0,0,0,bbffa95eb5872f046000,3002,3002
FPREM1_completed,53,RZ,random,21840,INVALID_OR_NONFINITE_INPUT,7ff452155f935d94,1c775d75320a205c,7fffe290aafc9aeca000,7fffe290aafc9aeca000,7ffc52155f935d94,3001,3001,00007f81,1,0,0,0,0,7fffe290aafc9aeca000,3001,3001
FPREM1_completed,53,RZ,random,21840,NAN_RESULT,7ff452155f935d94,1c775d75320a205c,7fffe290aafc9aeca000,7fffe290aafc9aeca000,7ffc52155f935d94,3001,3001,00007f81,1,0,0,0,0,7fffe290aafc9aeca000,3001,3001
FPREM1_completed,53,RZ,random,22001,INVALID_OR_NONFINITE_INPUT,f51f71d5f317fef7,fff038e0bc7f2023,ffffc1c705e3f9011800,ffffc1c705e3f9011800,fff838e0bc7f2023,3001,3001,00007f81,1,0,0,0,0,ffffc1c705e3f9011800,3001,3001
FPREM1_completed,53,RZ,random,22001,NAN_RESULT,f51f71d5f317fef7,fff038e0bc7f2023,ffffc1c705e3f9011800,ffffc1c705e3f9011800,fff838e0bc7f2023,3001,3001,00007f81,1,0,0,0,0,ffffc1c705e3f9011800,3001,3001
FPREM1_completed,53,RZ,random,24432,EXCEPTION_FLAGS_MISMATCH,0000524bff113f57,816da281ea85a7a5,3bfba497fe227eae0000,3bfba497fe227eae0000,0000524bff113f57,3002,3002,00007f80,1,0,0,0,0,3bfba497fe227eae0000,3002,3002
FPREM1_completed,53,RZ,random,25096,EXCEPTION_FLAGS_MISMATCH,80090e781b9805f4,29de74e64bc6bc23,bc0090e781b9805f4000,bc0090e781b9805f4000,80090e781b9805f4,3002,3002,00007f80,1,0,0,0,0,bc0090e781b9805f4000,3002,3002
FPREM1_completed,53,RZ,random,29586,EXCEPTION_FLAGS_MISMATCH,000dad250093a9db,2b750a83e2704927,3c00dad250093a9db000,3c00dad250093a9db000,000dad250093a9db,3002,3002,00007f80,1,0,0,0,0,3c00dad250093a9db000,3002,3002
FPREM1_completed,53,RZ,random,30173,EXCEPTION_FLAGS_MISMATCH,af543502506f16fe,801065bcb00bd904,3bffbbf2455b429a8000,3bffbbf2455b429a8000,0005df922ada14d4,3400,3300,00007f82,13,392,5,5,5,bebdf1fc46fdee820000,3000,3400
FPREM1_completed,53,RZ,random,31461,EXCEPTION_FLAGS_MISMATCH,0004db3d8e9a43b0,d79c4aafc37e3e3d,3bff9b67b1d348760000,3bff9b67b1d348760000,0004db3d8e9a43b0,3002,3002,00007f80,1,0,0,0,0,3bff9b67b1d348760000,3002,3002
FPREM1_completed,53,RZ,random,33301,EXCEPTION_FLAGS_MISMATCH,800a11860291f5bc,de153ca097c5d5c7,bc00a11860291f5bc000,bc00a11860291f5bc000,800a11860291f5bc,3002,3002,00007f80,1,0,0,0,0,bc00a11860291f5bc000,3002,3002
FPREM1_completed,53,RZ,edge,341,VALUE_MISMATCH,7ff8000000000011,fff0000000000222,ffffc000000000111000,7fffc000000000008800,7ff8000000000011,3001,3001,00007f81,1,0,0,0,0,ffffc000000000111000,3001,3001
FPREM1_completed,24,RN,random,0,ALL,0000000059f41037,0000000047841268,c00aa80a000000000000,c00aa80a000000000000,00000000c5280a00,7000,7000,00001f80,1,17,2,2,2,c00aa80a000000000000,3000,7000
FPREM1_completed,24,RN,random,0,SINGLE_COMPLETE_FINITE_CASE,0000000059f41037,0000000047841268,c00aa80a000000000000,c00aa80a000000000000,00000000c5280a00,7000,7000,00001f80,1,17,2,2,2,c00aa80a000000000000,3000,7000
FPREM1_completed,24,RN,random,1,ALL,000000001b3431aa,0000000036427b70,3fb6b431aa0000000000,3fb6b431aa0000000000,000000001b3431aa,3000,3000,00001f80,1,0,0,0,0,3fb6b431aa0000000000,3000,3000
FPREM1_completed,24,RN,random,1,SINGLE_COMPLETE_FINITE_CASE,000000001b3431aa,0000000036427b70,3fb6b431aa0000000000,3fb6b431aa0000000000,000000001b3431aa,3000,3000,00001f80,1,0,0,0,0,3fb6b431aa0000000000,3000,3000
FPREM1_completed,24,RN,random,2,ALL,00000000247332e7,000000007d10e6c2,3fc8f332e70000000000,3fc8f332e70000000000,00000000247332e7,3000,3000,00001f80,1,0,0,0,0,3fc8f332e70000000000,3000,3000
FPREM1_completed,24,RN,random,2,SINGLE_COMPLETE_FINITE_CASE,00000000247332e7,000000007d10e6c2,3fc8f332e70000000000,3fc8f332e70000000000,00000000247332e7,3000,3000,00001f80,1,0,0,0,0,3fc8f332e70000000000,3000,3000
FPREM1_completed,24,RN,random,3,ALL,00000000c6b0e40b,000000006b4079e3,c00db0e40b0000000000,c00db0e40b0000000000,00000000c6b0e40b,3000,3000,00001f80,1,0,0,0,0,c00db0e40b0000000000,3000,3000
FPREM1_completed,24,RN,random,3,SINGLE_COMPLETE_FINITE_CASE,00000000c6b0e40b,000000006b4079e3,c00db0e40b0000000000,c00db0e40b0000000000,00000000c6b0e40b,3000,3000,00001f80,1,0,0,0,0,c00db0e40b0000000000,3000,3000
FPREM1_completed,24,RN,random,4,ALL,000000001d88b719,000000009ffd8324,3fbb88b7190000000000,3fbb88b7190000000000,000000001d88b719,3000,3000,00001f80,1,0,0,0,0,3fbb88b7190000000000,3000,3000
FPREM1_completed,24,RN,random,4,SINGLE_COMPLETE_FINITE_CASE,000000001d88b719,000000009ffd8324,3fbb88b7190000000000,3fbb88b7190000000000,000000001d88b719,3000,3000,00001f80,1,0,0,0,0,3fbb88b7190000000000,3000,3000
FPREM1_completed,24,RN,random,5,ALL,000000005503e50f,00000000e65a440b,402a83e50f0000000000,402a83e50f0000000000,000000005503e50f,3000,3000,00001f80,1,0,0,0,0,402a83e50f0000000000,3000,3000
FPREM1_completed,24,RN,random,5,SINGLE_COMPLETE_FINITE_CASE,000000005503e50f,00000000e65a440b,402a83e50f0000000000,402a83e50f0000000000,000000005503e50f,3000,3000,00001f80,1,0,0,0,0,402a83e50f0000000000,3000,3000
FPREM1_completed,24,RN,random,6,ALL,00000000e3a7b6be,00000000304c687b,bfddc03e580000000000,bfddc03e580000000000,00000000aec03e58,3400,7300,00001f80,2,45,7,7,1,c01bf95a800000000000,3000,3400
FPREM1_completed,24,RN,random,6,X87_MULTISTEP,00000000e3a7b6be,00000000304c687b,bfddc03e580000000000,bfddc03e580000000000,00000000aec03e58,3400,7300,00001f80,2,45,7,7,1,c01bf95a800000000000,3000,3400
FPREM1_completed,24,RN,random,6,QUOTIENT_SIGNED_BITS_DIFFER,00000000e3a7b6be,00000000304c687b,bfddc03e580000000000,bfddc03e580000000000,00000000aec03e58,3400,7300,00001f80,2,45,7,7,1,c01bf95a800000000000,3000,3400
FPREM1_completed,24,RN,random,6,SINGLE_INSTRUCTION_VALUE_MISMATCH,00000000e3a7b6be,00000000304c687b,bfddc03e580000000000,bfddc03e580000000000,00000000aec03e58,3400,7300,00001f80,2,45,7,7,1,c01bf95a800000000000,3000,3400
FPREM1_completed,24,RN,random,6,SINGLE_INSTRUCTION_C2_PARTIAL,00000000e3a7b6be,00000000304c687b,bfddc03e580000000000,bfddc03e580000000000,00000000aec03e58,3400,7300,00001f80,2,45,7,7,1,c01bf95a800000000000,3000,3400
FPREM1_completed,24,RN,random,7,ALL,00000000041fd13f,000000007d97cc0b,3f889fd13f0000000000,3f889fd13f0000000000,00000000041fd13f,3000,3000,00001f80,1,0,0,0,0,3f889fd13f0000000000,3000,3000
FPREM1_completed,24,RN,random,7,SINGLE_COMPLETE_FINITE_CASE,00000000041fd13f,000000007d97cc0b,3f889fd13f0000000000,3f889fd13f0000000000,00000000041fd13f,3000,3000,00001f80,1,0,0,0,0,3f889fd13f0000000000,3000,3000
FPREM1_completed,24,RN,random,8,ALL,00000000a70b20ff,000000008da1932d,bf98a6a0500000000000,bf98a6a0500000000000,000000008c26a050,7100,7100,00001f80,1,28,6,6,6,bf98a6a0500000000000,3000,7100
FPREM1_completed,24,RN,random,8,SINGLE_COMPLETE_FINITE_CASE,00000000a70b20ff,000000008da1932d,bf98a6a0500000000000,bf98a6a0500000000000,000000008c26a050,7100,7100,00001f80,1,28,6,6,6,bf98a6a0500000000000,3000,7100
FPREM1_completed,24,RN,random,9,ALL,0000000007ecca11,00000000b1112f51,3f8fecca110000000000,3f8fecca110000000000,0000000007ecca11,3000,3000,00001f80,1,0,0,0,0,3f8fecca110000000000,3000,3000
FPREM1_completed,24,RN,random,9,SINGLE_COMPLETE_FINITE_CASE,0000000007ecca11,00000000b1112f51,3f8fecca110000000000,3f8fecca110000000000,0000000007ecca11,3000,3000,00001f80,1,0,0,0,0,3f8fecca110000000000,3000,3000
FPREM1_completed,24,RN,random,10,ALL,0000000091069bad,000000000e54a52d,3f9bcf11ea0000000000,3f9bcf11ea0000000000,000000000dcf11ea,3000,3200,00001f80,1,2,1,1,7,3f9bcf11ea0000000000,3000,3200
FPREM1_completed,24,RN,random,10,QUOTIENT_SIGNED_BITS_DIFFER,0000000091069bad,000000000e54a52d,3f9bcf11ea0000000000,3f9bcf11ea0000000000,000000000dcf11ea,3000,3200,00001f80,1,2,1,1,7,3f9bcf11ea0000000000,3000,3200
FPREM1_completed,24,RN,random,10,SINGLE_COMPLETE_FINITE_CASE,0000000091069bad,000000000e54a52d,3f9bcf11ea0000000000,3f9bcf11ea0000000000,000000000dcf11ea,3000,3200,00001f80,1,2,1,1,7,3f9bcf11ea0000000000,3000,3200
FPREM1_completed,24,RN,random,11,ALL,00000000b1a55a7f,000000000e25814e,bf99bdd7e00000000000,bf99bdd7e00000000000,000000008cbdd7e0,3400,7100,00001f80,2,45,6,6,2,bfbab64c500000000000,3000,3400
FPREM1_completed,24,RN,random,11,X87_MULTISTEP,00000000b1a55a7f,000000000e25814e,bf99bdd7e00000000000,bf99bdd7e00000000000,000000008cbdd7e0,3400,7100,00001f80,2,45,6,6,2,bfbab64c500000000000,3000,3400
FPREM1_completed,24,RN,random,11,QUOTIENT_SIGNED_BITS_DIFFER,00000000b1a55a7f,000000000e25814e,bf99bdd7e00000000000,bf99bdd7e00000000000,000000008cbdd7e0,3400,7100,00001f80,2,45,6,6,2,bfbab64c500000000000,3000,3400
FPREM1_completed,24,RN,random,11,SINGLE_INSTRUCTION_VALUE_MISMATCH,00000000b1a55a7f,000000000e25814e,bf99bdd7e00000000000,bf99bdd7e00000000000,000000008cbdd7e0,3400,7100,00001f80,2,45,6,6,2,bfbab64c500000000000,3000,3400
FPREM1_completed,24,RN,random,11,SINGLE_INSTRUCTION_C2_PARTIAL,00000000b1a55a7f,000000000e25814e,bf99bdd7e00000000000,bf99bdd7e00000000000,000000008cbdd7e0,3400,7100,00001f80,2,45,6,6,2,bfbab64c500000000000,3000,3400
FPREM1_completed,24,RN,random,12,ALL,0000000049bee1a0,00000000fb70df6d,4013bee1a00000000000,4013bee1a00000000000,0000000049bee1a0,3000,3000,00001f80,1,0,0,0,0,4013bee1a00000000000,3000,3000
FPREM1_completed,24,RN,random,12,SINGLE_COMPLETE_FINITE_CASE,0000000049bee1a0,00000000fb70df6d,4013bee1a00000000000,4013bee1a00000000000,0000000049bee1a0,3000,3000,00001f80,1,0,0,0,0,4013bee1a00000000000,3000,3000
FPREM1_completed,24,RN,random,13,ALL,00000000237f2b9d,000000004f44c27e,3fc6ff2b9d0000000000,3fc6ff2b9d0000000000,00000000237f2b9d,3000,3000,00001f80,1,0,0,0,0,3fc6ff2b9d0000000000,3000,3000
FPREM1_completed,24,RN,random,13,SINGLE_COMPLETE_FINITE_CASE,00000000237f2b9d,000000004f44c27e,3fc6ff2b9d0000000000,3fc6ff2b9d0000000000,00000000237f2b9d,3000,3000,00001f80,1,0,0,0,0,3fc6ff2b9d0000000000,3000,3000
FPREM1_completed,24,RN,random,14,ALL,00000000d1805aff,00000000c49fca9b,c00889fa340000000000,c00889fa340000000000,00000000c409fa34,7000,7000,00001f80,1,11,2,2,2,c00889fa340000000000,3000,7000
FPREM1_completed,24,RN,random,14,SINGLE_COMPLETE_FINITE_CASE,00000000d1805aff,00000000c49fca9b,c00889fa340000000000,c00889fa340000000000,00000000c409fa34,7000,7000,00001f80,1,11,2,2,2,c00889fa340000000000,3000,7000
FPREM1_completed,24,RN,random,15,ALL,00000000190f62c4,00000000462405c7,3fb28f62c40000000000,3fb28f62c40000000000,00000000190f62c4,3000,3000,00001f80,1,0,0,0,0,3fb28f62c40000000000,3000,3000
FPREM1_completed,24,RN,random,15,SINGLE_COMPLETE_FINITE_CASE,00000000190f62c4,00000000462405c7,3fb28f62c40000000000,3fb28f62c40000000000,00000000190f62c4,3000,3000,00001f80,1,0,0,0,0,3fb28f62c40000000000,3000,3000
FPREM1_completed,24,RN,random,16,ALL,00000000d28a21d8,00000000a86d8353,3fcf8b0e180000000000,3fcf8b0e180000000000,00000000278b0e18,3400,3100,00001f80,2,48,4,4,4,bfefba7a8a0000000000,3000,3400
FPREM1_completed,24,RN,random,16,X87_MULTISTEP,00000000d28a21d8,00000000a86d8353,3fcf8b0e180000000000,3fcf8b0e180000000000,00000000278b0e18,3400,3100,00001f80,2,48,4,4,4,bfefba7a8a0000000000,3000,3400
FPREM1_completed,24,RN,random,16,SINGLE_INSTRUCTION_VALUE_MISMATCH,00000000d28a21d8,00000000a86d8353,3fcf8b0e180000000000,3fcf8b0e180000000000,00000000278b0e18,3400,3100,00001f80,2,48,4,4,4,bfefba7a8a0000000000,3000,3400
FPREM1_completed,24,RN,random,16,SINGLE_INSTRUCTION_C2_PARTIAL,00000000d28a21d8,00000000a86d8353,3fcf8b0e180000000000,3fcf8b0e180000000000,00000000278b0e18,3400,3100,00001f80,2,48,4,4,4,bfefba7a8a0000000000,3000,3400
FPREM1_completed,24,RN,random,17,ALL,000000001bae6945,00000000f189085d,3fb7ae69450000000000,3fb7ae69450000000000,000000001bae6945,3000,3000,00001f80,1,0,0,0,0,3fb7ae69450000000000,3000,3000
FPREM1_completed,24,RN,random,17,SINGLE_COMPLETE_FINITE_CASE,000000001bae6945,00000000f189085d,3fb7ae69450000000000,3fb7ae69450000000000,000000001bae6945,3000,3000,00001f80,1,0,0,0,0,3fb7ae69450000000000,3000,3000
FPREM1_completed,24,RN,random,18,ALL,0000000067a4546d,00000000f22bfcd7,404fa4546d0000000000,404fa4546d0000000000,0000000067a4546d,3000,3000,00001f80,1,0,0,0,0,404fa4546d0000000000,3000,3000
FPREM1_completed,24,RN,random,18,SINGLE_COMPLETE_FINITE_CASE,0000000067a4546d,00000000f22bfcd7,404fa4546d0000000000,404fa4546d0000000000,0000000067a4546d,3000,3000,00001f80,1,0,0,0,0,404fa4546d0000000000,3000,3000
FPREM1_completed,24,RN,random,19,ALL,00000000d94c71bc,000000003aa528a2,bff3c3ccb00000000000,bff3c3ccb00000000000,00000000b9c3ccb0,7000,7000,00001f80,1,38,2,2,6,bff3c3ccb00000000000,3000,7000
FPREM1_completed,24,RN,random,19,QUOTIENT_SIGNED_BITS_DIFFER,00000000d94c71bc,000000003aa528a2,bff3c3ccb00000000000,bff3c3ccb00000000000,00000000b9c3ccb0,7000,7000,00001f80,1,38,2,2,6,bff3c3ccb00000000000,3000,7000
FPREM1_completed,24,RN,random,19,SINGLE_COMPLETE_FINITE_CASE,00000000d94c71bc,000000003aa528a2,bff3c3ccb00000000000,bff3c3ccb00000000000,00000000b9c3ccb0,7000,7000,00001f80,1,38,2,2,6,bff3c3ccb00000000000,3000,7000
FPREM1_completed,24,RN,random,20,SINGLE_COMPLETE_FINITE_CASE,0000000014b3258b,00000000d5414b93,3fa9b3258b0000000000,3fa9b3258b0000000000,0000000014b3258b,3000,3000,00001f80,1,0,0,0,0,3fa9b3258b0000000000,3000,3000
FPREM1_completed,24,RN,random,21,QUOTIENT_SIGNED_BITS_DIFFER,000000000200d818,000000008251e8ff,bf83a221ce0000000000,bf83a221ce0000000000,0000000081a221ce,3000,3200,00001f80,1,0,1,1,7,bf83a221ce0000000000,3000,3200
FPREM1_completed,24,RN,random,21,SINGLE_COMPLETE_FINITE_CASE,000000000200d818,000000008251e8ff,bf83a221ce0000000000,bf83a221ce0000000000,0000000081a221ce,3000,3200,00001f80,1,0,1,1,7,bf83a221ce0000000000,3000,3200
FPREM1_completed,24,RN,random,22,SINGLE_COMPLETE_FINITE_CASE,00000000068ce4c8,00000000c4042814,3f8d8ce4c80000000000,3f8d8ce4c80000000000,00000000068ce4c8,3000,3000,00001f80,1,0,0,0,0,3f8d8ce4c80000000000,3000,3000
FPREM1_completed,24,RN,random,28,X87_MULTISTEP,00000000770d693a,00000000d46d3116,c0279bc6800000000000,c0279bc6800000000000,00000000d39bc680,3400,3000,00001f80,2,42,0,0,0,4048a62e040000000000,3000,3400
FPREM1_completed,24,RN,random,28,SINGLE_INSTRUCTION_VALUE_MISMATCH,00000000770d693a,00000000d46d3116,c0279bc6800000000000,c0279bc6800000000000,00000000d39bc680,3400,3000,00001f80,2,42,0,0,0,4048a62e040000000000,3000,3400
FPREM1_completed,24,RN,random,28,SINGLE_INSTRUCTION_C2_PARTIAL,00000000770d693a,00000000d46d3116,c0279bc6800000000000,c0279bc6800000000000,00000000d39bc680,3400,3000,00001f80,2,42,0,0,0,4048a62e040000000000,3000,3400
FPREM1_completed,24,RN,random,37,X87_MULTISTEP,00000000fc6000ba,00000000ac78ca42,3fd7b29d9c0000000000,3fd7b29d9c0000000000,000000002bb29d9c,3400,7300,00001f80,4,86,7,7,7,c0588b44260000000000,3000,3400
FPREM1_completed,24,RN,random,37,SINGLE_INSTRUCTION_VALUE_MISMATCH,00000000fc6000ba,00000000ac78ca42,3fd7b29d9c0000000000,3fd7b29d9c0000000000,000000002bb29d9c,3400,7300,00001f80,4,86,7,7,7,c0588b44260000000000,3000,3400
FPREM1_completed,24,RN,random,37,SINGLE_INSTRUCTION_C2_PARTIAL,00000000fc6000ba,00000000ac78ca42,3fd7b29d9c0000000000,3fd7b29d9c0000000000,000000002bb29d9c,3400,7300,00001f80,4,86,7,7,7,c0588b44260000000000,3000,3400
FPREM1_completed,24,RN,random,38,X87_MULTISTEP,000000007578251a,000000000977c35b,3f8dc91b000000000000,3f8dc91b000000000000,0000000006c91b00,3400,3000,00001f80,4,108,0,0,0,4032d8a8470000000000,3000,3400
FPREM1_completed,24,RN,random,38,SINGLE_INSTRUCTION_VALUE_MISMATCH,000000007578251a,000000000977c35b,3f8dc91b000000000000,3f8dc91b000000000000,0000000006c91b00,3400,3000,00001f80,4,108,0,0,0,4032d8a8470000000000,3000,3400
FPREM1_completed,24,RN,random,38,SINGLE_INSTRUCTION_C2_PARTIAL,000000007578251a,000000000977c35b,3f8dc91b000000000000,3f8dc91b000000000000,0000000006c91b00,3400,3000,00001f80,4,108,0,0,0,4032d8a8470000000000,3000,3400
FPREM1_completed,24,RN,random,41,X87_MULTISTEP,0000000078a5afe8,00000000512f554a,c0219a80480000000000,c0219a80480000000000,00000000d09a8048,3400,7000,00001f80,2,45,2,2,2,404288e2de0000000000,3000,3400
FPREM1_completed,24,RN,random,41,SINGLE_INSTRUCTION_VALUE_MISMATCH,0000000078a5afe8,00000000512f554a,c0219a80480000000000,c0219a80480000000000,00000000d09a8048,3400,7000,00001f80,2,45,2,2,2,404288e2de0000000000,3000,3400
FPREM1_completed,24,RN,random,41,SINGLE_INSTRUCTION_C2_PARTIAL,0000000078a5afe8,00000000512f554a,c0219a80480000000000,c0219a80480000000000,00000000d09a8048,3400,7000,00001f80,2,45,2,2,2,404288e2de0000000000,3000,3400
FPREM1_completed,24,RN,random,43,X87_MULTISTEP,00000000f127fc8e,000000000abc999e,bf90d938400000000000,bf90d938400000000000,0000000088593840,3400,3200,00001f80,4,93,1,1,7,c032da1f700000000000,3000,3400
FPREM1_completed,24,RN,random,43,QUOTIENT_SIGNED_BITS_DIFFER,00000000f127fc8e,000000000abc999e,bf90d938400000000000,bf90d938400000000000,0000000088593840,3400,3200,00001f80,4,93,1,1,7,c032da1f700000000000,3000,3400
FPREM1_completed,24,RN,random,43,SINGLE_INSTRUCTION_VALUE_MISMATCH,00000000f127fc8e,000000000abc999e,bf90d938400000000000,bf90d938400000000000,0000000088593840,3400,3200,00001f80,4,93,1,1,7,c032da1f700000000000,3000,3400
FPREM1_completed,24,RN,random,43,SINGLE_INSTRUCTION_C2_PARTIAL,00000000f127fc8e,000000000abc999e,bf90d938400000000000,bf90d938400000000000,0000000088593840,3400,3200,00001f80,4,93,1,1,7,c032da1f700000000000,3000,3400
FPREM1_completed,24,RN,random,49,X87_MULTISTEP,00000000de56c7a7,000000008ec78966,3f9ba703200000000000,3f9ba703200000000000,000000000da70320,3400,3100,00001f80,3,81,4,4,4,bffc8659540000000000,3000,3400
FPREM1_completed,24,RN,random,49,SINGLE_INSTRUCTION_VALUE_MISMATCH,00000000de56c7a7,000000008ec78966,3f9ba703200000000000,3f9ba703200000000000,000000000da70320,3400,3100,00001f80,3,81,4,4,4,bffc8659540000000000,3000,3400
FPREM1_completed,24,RN,random,49,SINGLE_INSTRUCTION_C2_PARTIAL,00000000de56c7a7,000000008ec78966,3f9ba703200000000000,3f9ba703200000000000,000000000da70320,3400,3100,00001f80,3,81,4,4,4,bffc8659540000000000,3000,3400
FPREM1_completed,24,RN,random,50,X87_MULTISTEP,0000000073970392,00000000ab67d52d,bfd4a489d40000000000,bfd4a489d40000000000,00000000aa2489d4,3400,3200,00001f80,3,67,1,1,7,4036d002660000000000,3000,3400
FPREM1_completed,24,RN,random,50,QUOTIENT_SIGNED_BITS_DIFFER,0000000073970392,00000000ab67d52d,bfd4a489d40000000000,bfd4a489d40000000000,00000000aa2489d4,3400,3200,00001f80,3,67,1,1,7,4036d002660000000000,3000,3400
FPREM1_completed,24,RN,random,50,SINGLE_INSTRUCTION_VALUE_MISMATCH,0000000073970392,00000000ab67d52d,bfd4a489d40000000000,bfd4a489d40000000000,00000000aa2489d4,3400,3200,00001f80,3,67,1,1,7,4036d002660000000000,3000,3400
FPREM1_completed,24,RN,random,50,SINGLE_INSTRUCTION_C2_PARTIAL,0000000073970392,00000000ab67d52d,bfd4a489d40000000000,bfd4a489d40000000000,00000000aa2489d4,3400,3200,00001f80,3,67,1,1,7,4036d002660000000000,3000,3400
FPREM1_completed,24,RN,random,54,X87_MULTISTEP,000000006d4aacef,000000003b078ed6,bff4d12f580000000000,bff4d12f580000000000,00000000ba512f58,3400,3200,00001f80,2,57,1,1,1,4034e912580000000000,3000,3400
FPREM1_completed,24,RN,random,54,SINGLE_INSTRUCTION_VALUE_MISMATCH,000000006d4aacef,000000003b078ed6,bff4d12f580000000000,bff4d12f580000000000,00000000ba512f58,3400,3200,00001f80,2,57,1,1,1,4034e912580000000000,3000,3400
FPREM1_completed,24,RN,random,54,SINGLE_INSTRUCTION_C2_PARTIAL,000000006d4aacef,000000003b078ed6,bff4d12f580000000000,bff4d12f580000000000,00000000ba512f58,3400,3200,00001f80,2,57,1,1,1,4034e912580000000000,3000,3400
FPREM1_completed,24,RN,random,56,X87_MULTISTEP,00000000d64c2a40,000000002ed3fc27,3fd9c377500000000000,3fd9c377500000000000,000000002cc37750,3400,7200,00001f80,2,42,3,3,5,bffba569b80000000000,3000,3400
FPREM1_completed,24,RN,random,56,QUOTIENT_SIGNED_BITS_DIFFER,00000000d64c2a40,000000002ed3fc27,3fd9c377500000000000,3fd9c377500000000000,000000002cc37750,3400,7200,00001f80,2,42,3,3,5,bffba569b80000000000,3000,3400
FPREM1_completed,24,RN,random,56,SINGLE_INSTRUCTION_VALUE_MISMATCH,00000000d64c2a40,000000002ed3fc27,3fd9c377500000000000,3fd9c377500000000000,000000002cc37750,3400,7200,00001f80,2,42,3,3,5,bffba569b80000000000,3000,3400
FPREM1_completed,24,RN,random,56,SINGLE_INSTRUCTION_C2_PARTIAL,00000000d64c2a40,000000002ed3fc27,3fd9c377500000000000,3fd9c377500000000000,000000002cc37750,3400,7200,00001f80,2,42,3,3,5,bffba569b80000000000,3000,3400
FPREM1_completed,24,RN,random,57,QUOTIENT_SIGNED_BITS_DIFFER,0000000031407d57,00000000a6605818,bfc9b4fbc00000000000,bfc9b4fbc00000000000,00000000a4b4fbc0,3100,3300,00001f80,1,12,5,5,3,bfc9b4fbc00000000000,3000,3300
FPREM1_completed,24,RN,random,61,X87_MULTISTEP,00000000f2e371c2,000000001af5266f,3fb4eb761c0000000000,3fb4eb761c0000000000,000000001a6b761c,3400,7000,00001f80,4,89,2,2,6,c032e781c00000000000,3000,3400
FPREM1_completed,24,RN,random,61,QUOTIENT_SIGNED_BITS_DIFFER,00000000f2e371c2,000000001af5266f,3fb4eb761c0000000000,3fb4eb761c0000000000,000000001a6b761c,3400,7000,00001f80,4,89,2,2,6,c032e781c00000000000,3000,3400
FPREM1_completed,24,RN,random,61,SINGLE_INSTRUCTION_VALUE_MISMATCH,00000000f2e371c2,000000001af5266f,3fb4eb761c0000000000,3fb4eb761c0000000000,000000001a6b761c,3400,7000,00001f80,4,89,2,2,6,c032e781c00000000000,3000,3400
FPREM1_completed,24,RN,random,61,SINGLE_INSTRUCTION_C2_PARTIAL,00000000f2e371c2,000000001af5266f,3fb4eb761c0000000000,3fb4eb761c0000000000,000000001a6b761c,3400,7000,00001f80,4,89,2,2,6,c032e781c00000000000,3000,3400
FPREM1_completed,24,RN,random,64,INVALID_OR_NONFINITE_INPUT,00000000fff5b85a,00000000eacc0f02,fffff5b85a0000000000,fffff5b85a0000000000,00000000fff5b85a,3000,3000,00001f80,1,0,0,0,0,fffff5b85a0000000000,3000,3000
FPREM1_completed,24,RN,random,64,NAN_RESULT,00000000fff5b85a,00000000eacc0f02,fffff5b85a0000000000,fffff5b85a0000000000,00000000fff5b85a,3000,3000,00001f80,1,0,0,0,0,fffff5b85a0000000000,3000,3000
FPREM1_completed,24,RN,random,66,X87_MULTISTEP,000000005f3aad52,000000009b4b2844,3fb4bbe3700000000000,3fb4bbe3700000000000,000000001a3be370,3400,3200,00001f80,3,62,1,1,7,4011f252800000000000,3000,3400
FPREM1_completed,24,RN,random,66,QUOTIENT_SIGNED_BITS_DIFFER,000000005f3aad52,000000009b4b2844,3fb4bbe3700000000000,3fb4bbe3700000000000,000000001a3be370,3400,3200,00001f80,3,62,1,1,7,4011f252800000000000,3000,3400
FPREM1_completed,24,RN,random,66,SINGLE_INSTRUCTION_VALUE_MISMATCH,000000005f3aad52,000000009b4b2844,3fb4bbe3700000000000,3fb4bbe3700000000000,000000001a3be370,3400,3200,00001f80,3,62,1,1,7,4011f252800000000000,3000,3400
FPREM1_completed,24,RN,random,66,SINGLE_INSTRUCTION_C2_PARTIAL,000000005f3aad52,000000009b4b2844,3fb4bbe3700000000000,3fb4bbe3700000000000,000000001a3be370,3400,3200,00001f80,3,62,1,1,7,4011f252800000000000,3000,3400
FPREM1_completed,24,RN,random,69,QUOTIENT_SIGNED_BITS_DIFFER,000000003e68031a,000000009f05d035,3fbc8072ac0000000000,3fbc8072ac0000000000,000000001e0072ac,3000,3200,00001f80,1,35,1,1,7,3fbc8072ac0000000000,3000,3200
FPREM1_completed,24,RN,random,70,X87_MULTISTEP,00000000d5c993fc,0000000089bf1655,3f92a8697c0000000000,3f92a8697c0000000000,000000000928697c,3400,7100,00001f80,3,85,6,6,6,bff3a4abea0000000000,3000,3400
FPREM1_completed,24,RN,random,70,SINGLE_INSTRUCTION_VALUE_MISMATCH,00000000d5c993fc,0000000089bf1655,3f92a8697c0000000000,3f92a8697c0000000000,000000000928697c,3400,7100,00001f80,3,85,6,6,6,bff3a4abea0000000000,3000,3400
FPREM1_completed,24,RN,random,70,SINGLE_INSTRUCTION_C2_PARTIAL,00000000d5c993fc,0000000089bf1655,3f92a8697c0000000000,3f92a8697c0000000000,000000000928697c,3400,7100,00001f80,3,85,6,6,6,bff3a4abea0000000000,3000,3400
FPREM1_completed,24,RN,random,74,X87_MULTISTEP,000000007062ebf6,000000004df97796,401af05afc0000000000,401af05afc0000000000,000000004d705afc,3400,7200,00001f80,2,38,3,3,3,403af3d5a40000000000,3000,3400
FPREM1_completed,24,RN,random,74,SINGLE_INSTRUCTION_VALUE_MISMATCH,000000007062ebf6,000000004df97796,401af05afc0000000000,401af05afc0000000000,000000004d705afc,3400,7200,00001f80,2,38,3,3,3,403af3d5a40000000000,3000,3400
FPREM1_completed,24,RN,random,74,SINGLE_INSTRUCTION_C2_PARTIAL,000000007062ebf6,000000004df97796,401af05afc0000000000,401af05afc0000000000,000000004d705afc,3400,7200,00001f80,2,38,3,3,3,403af3d5a40000000000,3000,3400
FPREM1_completed,24,RN,random,75,QUOTIENT_SIGNED_BITS_DIFFER,000000006f57ddd6,00000000ed03840b,405889d1080000000000,405889d1080000000000,000000006c09d108,7000,7000,00001f80,1,3,2,2,6,405889d1080000000000,3000,7000
FPREM1_completed,24,RN,random,79,X87_MULTISTEP,00000000e3afd8c6,00000000aa9fe2fa,bfd4815c9c0000000000,bfd4815c9c0000000000,00000000aa015c9c,3400,3300,00001f80,3,53,5,5,5,c0158470c00000000000,3000,3400
FPREM1_completed,24,RN,random,79,SINGLE_INSTRUCTION_VALUE_MISMATCH,00000000e3afd8c6,00000000aa9fe2fa,bfd4815c9c0000000000,bfd4815c9c0000000000,00000000aa015c9c,3400,3300,00001f80,3,53,5,5,5,c0158470c00000000000,3000,3400
FPREM1_completed,24,RN,random,79,SINGLE_INSTRUCTION_C2_PARTIAL,00000000e3afd8c6,00000000aa9fe2fa,bfd4815c9c0000000000,bfd4815c9c0000000000,00000000aa015c9c,3400,3300,00001f80,3,53,5,5,5,c0158470c00000000000,3000,3400
FPREM1_completed,24,RN,random,81,X87_MULTISTEP,000000006f201df4,00000000cd9168d5,c019aec5680000000000,c019aec5680000000000,00000000ccaec568,3400,7000,00001f80,2,34,2,2,6,4039f6df1c0000000000,3000,3400
FPREM1_completed,24,RN,random,81,QUOTIENT_SIGNED_BITS_DIFFER,000000006f201df4,00000000cd9168d5,c019aec5680000000000,c019aec5680000000000,00000000ccaec568,3400,7000,00001f80,2,34,2,2,6,4039f6df1c0000000000,3000,3400
FPREM1_completed,24,RN,random,81,SINGLE_INSTRUCTION_VALUE_MISMATCH,000000006f201df4,00000000cd9168d5,c019aec5680000000000,c019aec5680000000000,00000000ccaec568,3400,7000,00001f80,2,34,2,2,6,4039f6df1c0000000000,3000,3400
FPREM1_completed,24,RN,random,81,SINGLE_INSTRUCTION_C2_PARTIAL,000000006f201df4,00000000cd9168d5,c019aec5680000000000,c019aec5680000000000,00000000ccaec568,3400,7000,00001f80,2,34,2,2,6,4039f6df1c0000000000,3000,3400
FPREM1_completed,24,RN,random,82,X87_MULTISTEP,0000000076570397,00000000a5a9bcad,3fc983bb2c0000000000,3fc983bb2c0000000000,000000002483bb2c,3400,3200,00001f80,4,80,1,1,7,404b9472bf0000000000,3000,3400
FPREM1_completed,24,RN,random,82,QUOTIENT_SIGNED_BITS_DIFFER,0000000076570397,00000000a5a9bcad,3fc983bb2c0000000000,3fc983bb2c0000000000,000000002483bb2c,3400,3200,00001f80,4,80,1,1,7,404b9472bf0000000000,3000,3400
FPREM1_completed,24,RN,random,82,SINGLE_INSTRUCTION_VALUE_MISMATCH,0000000076570397,00000000a5a9bcad,3fc983bb2c0000000000,3fc983bb2c0000000000,000000002483bb2c,3400,3200,00001f80,4,80,1,1,7,404b9472bf0000000000,3000,3400
FPREM1_completed,24,RN,random,82,SINGLE_INSTRUCTION_C2_PARTIAL,0000000076570397,00000000a5a9bcad,3fc983bb2c0000000000,3fc983bb2c0000000000,000000002483bb2c,3400,3200,00001f80,4,80,1,1,7,404b9472bf0000000000,3000,3400
FPREM1_completed,24,RN,random,85,X87_MULTISTEP,00000000caf458ec,00000000913553de,3f9fedae200000000000,3f9fedae200000000000,000000000fedae20,3400,7100,00001f80,2,58,6,6,6,bfdebf4da00000000000,3000,3400
FPREM1_completed,24,RN,random,85,SINGLE_INSTRUCTION_VALUE_MISMATCH,00000000caf458ec,00000000913553de,3f9fedae200000000000,3f9fedae200000000000,000000000fedae20,3400,7100,00001f80,2,58,6,6,6,bfdebf4da00000000000,3000,3400
FPREM1_completed,24,RN,random,85,SINGLE_INSTRUCTION_C2_PARTIAL,00000000caf458ec,00000000913553de,3f9fedae200000000000,3f9fedae200000000000,000000000fedae20,3400,7100,00001f80,2,58,6,6,6,bfdebf4da00000000000,3000,3400
FPREM1_completed,24,RN,random,89,QUOTIENT_SIGNED_BITS_DIFFER,00000000a8dfcf6c,000000001ddd1323,3fbaad31220000000000,3fbaad31220000000000,000000001d2d3122,7000,7200,00001f80,1,10,3,3,5,3fbaad31220000000000,3000,7200
FPREM1_completed,24,RN,random,101,QUOTIENT_SIGNED_BITS_DIFFER,0000000070c2b1e7,00000000a6e0fa78,3fcbc445400000000000,3fcbc445400000000000,0000000025c44540,3400,7000,00001f80,3,74,2,2,6,402d8f58380000000000,3000,3400
FPREM1_completed,24,RN,random,105,QUOTIENT_SIGNED_BITS_DIFFER,0000000039d4b32c,00000000838191dc,bf85a670500000000000,bf85a670500000000000,0000000082a67050,3400,7200,00001f80,2,57,3,3,5,3fc6f45ab80000000000,3000,3400
FPREM1_completed,24,RN,random,108,QUOTIENT_SIGNED_BITS_DIFFER,0000000077d8aab0,00000000b02c7d0a,3fdec378280000000000,3fdec378280000000000,000000002f437828,3400,7300,00001f80,3,73,7,7,1,403f80e0880000000000,3000,3400
FPREM1_completed,24,RN,random,109,QUOTIENT_SIGNED_BITS_DIFFER,00000000a239da83,00000000210ae6fb,bfc0c39c940000000000,bfc0c39c940000000000,00000000a0439c94,3100,3300,00001f80,1,2,5,5,3,bfc0c39c940000000000,3000,3300
FPREM1_completed,24,RN,random,265,INVALID_OR_NONFINITE_INPUT,000000007fcfd6be,0000000027bb93e3,7fffcfd6be0000000000,7fffcfd6be0000000000,000000007fcfd6be,3000,3000,00001f80,1,0,0,0,0,7fffcfd6be0000000000,3000,3000
FPREM1_completed,24,RN,random,265,NAN_RESULT,000000007fcfd6be,0000000027bb93e3,7fffcfd6be0000000000,7fffcfd6be0000000000,000000007fcfd6be,3000,3000,00001f80,1,0,0,0,0,7fffcfd6be0000000000,3000,3000
FPREM1_completed,24,RN,random,305,EXCEPTION_FLAGS_MISMATCH,00000000804f17e9,0000000010edda30,bf809e2fd20000000000,bf809e2fd20000000000,00000000804f17e9,3002,3002,00001f80,1,0,0,0,0,bf809e2fd20000000000,3002,3002
FPREM1_completed,24,RN,random,321,EXCEPTION_FLAGS_MISMATCH,000000000075586a,000000001c54d842,3f80eab0d40000000000,3f80eab0d40000000000,000000000075586a,3002,3002,00001f80,1,0,0,0,0,3f80eab0d40000000000,3002,3002
FPREM1_completed,24,RN,random,334,EXCEPTION_FLAGS_MISMATCH,00000000a9eb0ffc,000000008081f110,3f7d925c000000000000,3f7d925c000000000000,00000000000925c0,3400,3100,00001f82,2,47,4,4,4,bf9f8e98400000000000,3000,3400
FPREM1_completed,24,RN,random,578,INVALID_OR_NONFINITE_INPUT,00000000ffdbf494,00000000fc3118cd,ffffdbf4940000000000,ffffdbf4940000000000,00000000ffdbf494,3000,3000,00001f80,1,0,0,0,0,ffffdbf4940000000000,3000,3000
FPREM1_completed,24,RN,random,578,NAN_RESULT,00000000ffdbf494,00000000fc3118cd,ffffdbf4940000000000,ffffdbf4940000000000,00000000ffdbf494,3000,3000,00001f80,1,0,0,0,0,ffffdbf4940000000000,3000,3000
FPREM1_completed,24,RN,random,594,EXCEPTION_FLAGS_MISMATCH,0000000000487243,00000000668611c6,3f8090e4860000000000,3f8090e4860000000000,0000000000487243,3002,3002,00001f80,1,0,0,0,0,3f8090e4860000000000,3002,3002
FPREM1_completed,24,RN,random,674,EXCEPTION_FLAGS_MISMATCH,00000000007b959a,00000000483ceb5b,3f80f72b340000000000,3f80f72b340000000000,00000000007b959a,3002,3002,00001f80,1,0,0,0,0,3f80f72b340000000000,3002,3002
FPREM1_completed,24,RN,random,830,INVALID_OR_NONFINITE_INPUT,00000000ffa26bba,0000000064b98d15,ffffe26bba0000000000,ffffe26bba0000000000,00000000ffe26bba,3001,3001,00001f81,1,0,0,0,0,ffffe26bba0000000000,3001,3001
FPREM1_completed,24,RN,random,830,NAN_RESULT,00000000ffa26bba,0000000064b98d15,ffffe26bba0000000000,ffffe26bba0000000000,00000000ffe26bba,3001,3001,00001f81,1,0,0,0,0,ffffe26bba0000000000,3001,3001
FPREM1_completed,24,RN,random,893,EXCEPTION_FLAGS_MISMATCH,00000000806e6013,00000000b0908b5f,bf80dcc0260000000000,bf80dcc0260000000000,00000000806e6013,3002,3002,00001f80,1,0,0,0,0,bf80dcc0260000000000,3002,3002
FPREM1_completed,24,RN,random,924,INVALID_OR_NONFINITE_INPUT,00000000fff71ab6,000000000d1d63d5,fffff71ab60000000000,fffff71ab60000000000,00000000fff71ab6,3000,3000,00001f80,1,0,0,0,0,fffff71ab60000000000,3000,3000
FPREM1_completed,24,RN,random,924,NAN_RESULT,00000000fff71ab6,000000000d1d63d5,fffff71ab60000000000,fffff71ab60000000000,00000000fff71ab6,3000,3000,00001f80,1,0,0,0,0,fffff71ab60000000000,3000,3000
FPREM1_completed,24,RN,random,1003,INVALID_OR_NONFINITE_INPUT,000000000c5a929d,000000007f9ad902,7fffdad9020000000000,7fffdad9020000000000,000000007fdad902,3001,3001,00001f81,1,0,0,0,0,7fffdad9020000000000,3001,3001
FPREM1_completed,24,RN,random,1003,NAN_RESULT,000000000c5a929d,000000007f9ad902,7fffdad9020000000000,7fffdad9020000000000,000000007fdad902,3001,3001,00001f81,1,0,0,0,0,7fffdad9020000000000,3001,3001
FPREM1_completed,24,RN,random,1105,INVALID_OR_NONFINITE_INPUT,00000000721c9fe9,00000000ff898023,ffffc980230000000000,ffffc980230000000000,00000000ffc98023,3001,3001,00001f81,1,0,0,0,0,ffffc980230000000000,3001,3001
FPREM1_completed,24,RN,random,1105,NAN_RESULT,00000000721c9fe9,00000000ff898023,ffffc980230000000000,ffffc980230000000000,00000000ffc98023,3001,3001,00001f81,1,0,0,0,0,ffffc980230000000000,3001,3001
FPREM1_completed,24,RN,random,1161,EXCEPTION_FLAGS_MISMATCH,00000000803806a9,000000004b857f17,bf7fe01aa40000000000,bf7fe01aa40000000000,00000000803806a9,3002,3002,00001f80,1,0,0,0,0,bf7fe01aa40000000000,3002,3002
FPREM1_completed,24,RN,random,1224,EXCEPTION_FLAGS_MISMATCH,00000000005ea6b7,00000000296bde8c,3f80bd4d6e0000000000,3f80bd4d6e0000000000,00000000005ea6b7,3002,3002,00001f80,1,0,0,0,0,3f80bd4d6e0000000000,3002,3002
FPREM1_completed,24,RN,random,1418,INVALID_OR_NONFINITE_INPUT,000000007a44ee35,00000000ff9ed49a,ffffded49a0000000000,ffffded49a0000000000,00000000ffded49a,3001,3001,00001f81,1,0,0,0,0,ffffded49a0000000000,3001,3001
FPREM1_completed,24,RN,random,1418,NAN_RESULT,000000007a44ee35,00000000ff9ed49a,ffffded49a0000000000,ffffded49a0000000000,00000000ffded49a,3001,3001,00001f81,1,0,0,0,0,ffffded49a0000000000,3001,3001
FPREM1_completed,24,RN,random,1569,INVALID_OR_NONFINITE_INPUT,00000000ffe92963,00000000c04c1a1f,ffffe929630000000000,ffffe929630000000000,00000000ffe92963,3000,3000,00001f80,1,0,0,0,0,ffffe929630000000000,3000,3000
FPREM1_completed,24,RN,random,1569,NAN_RESULT,00000000ffe92963,00000000c04c1a1f,ffffe929630000000000,ffffe929630000000000,00000000ffe92963,3000,3000,00001f80,1,0,0,0,0,ffffe929630000000000,3000,3000
FPREM1_completed,24,RN,random,1578,INVALID_OR_NONFINITE_INPUT,00000000ff90bbcc,0000000040304957,ffffd0bbcc0000000000,ffffd0bbcc0000000000,00000000ffd0bbcc,3001,3001,00001f81,1,0,0,0,0,ffffd0bbcc0000000000,3001,3001
FPREM1_completed,24,RN,random,1578,NAN_RESULT,00000000ff90bbcc,0000000040304957,ffffd0bbcc0000000000,ffffd0bbcc0000000000,00000000ffd0bbcc,3001,3001,00001f81,1,0,0,0,0,ffffd0bbcc0000000000,3001,3001
FPREM1_completed,24,RN,random,1685,INVALID_OR_NONFINITE_INPUT,000000007fe52e26,000000006884b058,7fffe52e260000000000,7fffe52e260000000000,000000007fe52e26,3000,3000,00001f80,1,0,0,0,0,7fffe52e260000000000,3000,3000
FPREM1_completed,24,RN,random,1685,NAN_RESULT,000000007fe52e26,000000006884b058,7fffe52e260000000000,7fffe52e260000000000,000000007fe52e26,3000,3000,00001f80,1,0,0,0,0,7fffe52e260000000000,3000,3000
FPREM1_completed,24,RN,random,1696,EXCEPTION_FLAGS_MISMATCH,0000000080114cd9,00000000a3a8614e,bf7e8a66c80000000000,bf7e8a66c80000000000,0000000080114cd9,3002,3002,00001f80,1,0,0,0,0,bf7e8a66c80000000000,3002,3002
FPREM1_completed,24,RN,random,1755,INVALID_OR_NONFINITE_INPUT,000000007fbb3a11,00000000e7733929,7ffffb3a110000000000,7ffffb3a110000000000,000000007ffb3a11,3001,3001,00001f81,1,0,0,0,0,7ffffb3a110000000000,3001,3001
FPREM1_completed,24,RN,random,1755,NAN_RESULT,000000007fbb3a11,00000000e7733929,7ffffb3a110000000000,7ffffb3a110000000000,000000007ffb3a11,3001,3001,00001f81,1,0,0,0,0,7ffffb3a110000000000,3001,3001
FPREM1_completed,24,RN,random,1862,INVALID_OR_NONFINITE_INPUT,000000007f92c54b,000000005ca74ec7,7fffd2c54b0000000000,7fffd2c54b0000000000,000000007fd2c54b,3001,3001,00001f81,1,0,0,0,0,7fffd2c54b0000000000,3001,3001
FPREM1_completed,24,RN,random,1862,NAN_RESULT,000000007f92c54b,000000005ca74ec7,7fffd2c54b0000000000,7fffd2c54b0000000000,000000007fd2c54b,3001,3001,00001f81,1,0,0,0,0,7fffd2c54b0000000000,3001,3001
FPREM1_completed,24,RN,random,1867,INVALID_OR_NONFINITE_INPUT,0000000045542a5e,00000000ffb74e9f,fffff74e9f0000000000,fffff74e9f0000000000,00000000fff74e9f,3001,3001,00001f81,1,0,0,0,0,fffff74e9f0000000000,3001,3001
FPREM1_completed,24,RN,random,1867,NAN_RESULT,0000000045542a5e,00000000ffb74e9f,fffff74e9f0000000000,fffff74e9f0000000000,00000000fff74e9f,3001,3001,00001f81,1,0,0,0,0,fffff74e9f0000000000,3001,3001
FPREM1_completed,24,RN,random,1870,INVALID_OR_NONFINITE_INPUT,0000000087e9d2db,000000007f9ce634,7fffdce6340000000000,7fffdce6340000000000,000000007fdce634,3001,3001,00001f81,1,0,0,0,0,7fffdce6340000000000,3001,3001
FPREM1_completed,24,RN,random,1870,NAN_RESULT,0000000087e9d2db,000000007f9ce634,7fffdce6340000000000,7fffdce6340000000000,000000007fdce634,3001,3001,00001f81,1,0,0,0,0,7fffdce6340000000000,3001,3001
FPREM1_completed,24,RN,random,1920,INVALID_OR_NONFINITE_INPUT,000000005882ca2f,000000007fde1f8c,7fffde1f8c0000000000,7fffde1f8c0000000000,000000007fde1f8c,3000,3000,00001f80,1,0,0,0,0,7fffde1f8c0000000000,3000,3000
FPREM1_completed,24,RN,random,1920,NAN_RESULT,000000005882ca2f,000000007fde1f8c,7fffde1f8c0000000000,7fffde1f8c0000000000,000000007fde1f8c,3000,3000,00001f80,1,0,0,0,0,7fffde1f8c0000000000,3000,3000
FPREM1_completed,24,RN,random,2045,EXCEPTION_FLAGS_MISMATCH,00000000b4f706eb,0000000000213af5,bf7c886d800000000000,bf7c886d800000000000,000000008004436c,3402,3102,00001f80,2,43,4,4,4,bfbbeaf4400000000000,3002,3402
FPREM1_completed,24,RN,random,2085,INVALID_OR_NONFINITE_INPUT,000000007f843dcd,00000000a3aa9017,7fffc43dcd0000000000,7fffc43dcd0000000000,000000007fc43dcd,3001,3001,00001f81,1,0,0,0,0,7fffc43dcd0000000000,3001,3001
FPREM1_completed,24,RN,random,2085,NAN_RESULT,000000007f843dcd,00000000a3aa9017,7fffc43dcd0000000000,7fffc43dcd0000000000,000000007fc43dcd,3001,3001,00001f81,1,0,0,0,0,7fffc43dcd0000000000,3001,3001
FPREM1_completed,24,RN,random,2088,INVALID_OR_NONFINITE_INPUT,000000007fa3ec23,00000000715a1f9f,7fffe3ec230000000000,7fffe3ec230000000000,000000007fe3ec23,3001,3001,00001f81,1,0,0,0,0,7fffe3ec230000000000,3001,3001
FPREM1_completed,24,RN,random,2088,NAN_RESULT,000000007fa3ec23,00000000715a1f9f,7fffe3ec230000000000,7fffe3ec230000000000,000000007fe3ec23,3001,3001,00001f81,1,0,0,0,0,7fffe3ec230000000000,3001,3001
FPREM1_completed,24,RN,random,2096,EXCEPTION_FLAGS_MISMATCH,0000000000139f6d,000000005bbf993f,3f7e9cfb680000000000,3f7e9cfb680000000000,0000000000139f6d,3002,3002,00001f80,1,0,0,0,0,3f7e9cfb680000000000,3002,3002
FPREM1_completed,24,RN,random,2098,EXCEPTION_FLAGS_MISMATCH,0000000080371a3c,00000000b99fd606,bf7fdc68f00000000000,bf7fdc68f00000000000,0000000080371a3c,3002,3002,00001f80,1,0,0,0,0,bf7fdc68f00000000000,3002,3002
FPREM1_completed,24,RN,random,2290,INVALID_OR_NONFINITE_INPUT,000000007456aac8,000000007ffafc35,7ffffafc350000000000,7ffffafc350000000000,000000007ffafc35,3000,3000,00001f80,1,0,0,0,0,7ffffafc350000000000,3000,3000
FPREM1_completed,24,RN,random,2290,NAN_RESULT,000000007456aac8,000000007ffafc35,7ffffafc350000000000,7ffffafc350000000000,000000007ffafc35,3000,3000,00001f80,1,0,0,0,0,7ffffafc350000000000,3000,3000
FPREM1_completed,24,RN,random,2346,INVALID_OR_NONFINITE_INPUT,00000000ff9ac52d,00000000bd639620,ffffdac52d0000000000,ffffdac52d0000000000,00000000ffdac52d,3001,3001,00001f81,1,0,0,0,0,ffffdac52d0000000000,3001,3001
FPREM1_completed,24,RN,random,2346,NAN_RESULT,00000000ff9ac52d,00000000bd639620,ffffdac52d0000000000,ffffdac52d0000000000,00000000ffdac52d,3001,3001,00001f81,1,0,0,0,0,ffffdac52d0000000000,3001,3001
FPREM1_completed,24,RN,random,2643,EXCEPTION_FLAGS_MISMATCH,00000000804f881c,000000001fcdb982,bf809f10380000000000,bf809f10380000000000,00000000804f881c,3002,3002,00001f80,1,0,0,0,0,bf809f10380000000000,3002,3002
FPREM1_completed,24,RN,random,2681,EXCEPTION_FLAGS_MISMATCH,00000000806f4799,00000000c2b14fd6,bf80de8f320000000000,bf80de8f320000000000,00000000806f4799,3002,3002,00001f80,1,0,0,0,0,bf80de8f320000000000,3002,3002
FPREM1_completed,24,RN,random,2730,EXCEPTION_FLAGS_MISMATCH,000000008025f976,0000000000a6d3f0,bf7f97e5d80000000000,bf7f97e5d80000000000,000000008025f976,3002,3002,00001f80,1,0,0,0,0,bf7f97e5d80000000000,3002,3002
FPREM1_completed,24,RN,random,2769,EXCEPTION_FLAGS_MISMATCH,00000000801e5c30,000000009156f816,bf7ef2e1800000000000,bf7ef2e1800000000000,00000000801e5c30,3002,3002,00001f80,1,0,0,0,0,bf7ef2e1800000000000,3002,3002
FPREM1_completed,24,RN,random,3068,EXCEPTION_FLAGS_MISMATCH,000000008037a746,00000000490c41df,bf7fde9d180000000000,bf7fde9d180000000000,000000008037a746,3002,3002,00001f80,1,0,0,0,0,bf7fde9d180000000000,3002,3002
FPREM1_completed,24,RN,random,3516,EXCEPTION_FLAGS_MISMATCH,000000009caf2bf9,0000000080838759,3f7fe31a400000000000,3f7fe31a400000000000,000000000038c690,3000,3000,00001f82,1,32,0,0,0,3f7fe31a400000000000,3000,3000
FPREM1_completed,24,RN,random,3628,EXCEPTION_FLAGS_MISMATCH,000000000076b33b,00000000d1903489,3f80ed66760000000000,3f80ed66760000000000,000000000076b33b,3002,3002,00001f80,1,0,0,0,0,3f80ed66760000000000,3002,3002
FPREM1_completed,24,RN,random,3838,EXCEPTION_FLAGS_MISMATCH,00000000186d89f2,000000000094e59c,bf7f9124800000000000,bf7f9124800000000000,0000000080244920,3000,3000,00001f82,1,26,0,0,0,bf7f9124800000000000,3000,3000
FPREM1_completed,24,RN,random,163310,VALUE_MISMATCH,000000007fed1393,000000007fbf408e,7fffff408e0000000000,7fffed13930000000000,000000007fed1393,3001,3001,00001f81,1,0,0,0,0,7fffff408e0000000000,3001,3001
FPREM1_completed,24,RN,random,181020,VALUE_MISMATCH,000000007f905a8c,00000000ffdea620,ffffdea6200000000000,7fffd05a8c0000000000,000000007fd05a8c,3001,3001,00001f81,1,0,0,0,0,ffffdea6200000000000,3001,3001
FPREM1_completed,24,RN,random,187735,VALUE_MISMATCH,000000007fe26d70,000000007fa6bfcf,7fffe6bfcf0000000000,7fffe26d700000000000,000000007fe26d70,3001,3001,00001f81,1,0,0,0,0,7fffe6bfcf0000000000,3001,3001
FPREM1_completed,24,RN,random,304033,VALUE_MISMATCH,00000000ffe14635,000000007ff8b845,7ffff8b8450000000000,ffffe146350000000000,00000000ffe14635,3000,3000,00001f80,1,0,0,0,0,7ffff8b8450000000000,3000,3000
FPREM1_completed,24,RN,random,315406,VALUE_MISMATCH,00000000ff9b55da,000000007fa40275,7fffe402750000000000,ffffdb55da0000000000,00000000ffdb55da,3001,3001,00001f81,1,0,0,0,0,7fffe402750000000000,3001,3001
FPREM1_completed,24,RN,random,369110,VALUE_MISMATCH,00000000ff95d10c,00000000ffbda807,fffffda8070000000000,ffffd5d10c0000000000,00000000ffd5d10c,3001,3001,00001f81,1,0,0,0,0,fffffda8070000000000,3001,3001
FPREM1_completed,24,RN,random,735265,VALUE_MISMATCH,000000007fb03a75,000000007ffcb7c0,7ffffcb7c00000000000,7ffff03a750000000000,000000007ff03a75,3001,3001,00001f81,1,0,0,0,0,7ffffcb7c00000000000,3001,3001
FPREM1_completed,24,RN,random,937141,VALUE_MISMATCH,00000000ff9f1ee7,000000007fec2531,7fffec25310000000000,ffffdf1ee70000000000,00000000ffdf1ee7,3001,3001,00001f81,1,0,0,0,0,7fffec25310000000000,3001,3001
FPREM1_completed,24,RN,edge,341,VALUE_MISMATCH,000000007fc00011,00000000ff800222,ffffc002220000000000,7fffc000110000000000,000000007fc00011,3001,3001,00001f81,1,0,0,0,0,ffffc002220000000000,3001,3001
FPREM1_completed,24,RD,random,0,ALL,0000000059f41037,0000000047841268,c00aa80a000000000000,c00aa80a000000000000,00000000c5280a00,7000,7000,00003f80,1,17,2,2,2,c00aa80a000000000000,3000,7000
FPREM1_completed,24,RD,random,0,SINGLE_COMPLETE_FINITE_CASE,0000000059f41037,0000000047841268,c00aa80a000000000000,c00aa80a000000000000,00000000c5280a00,7000,7000,00003f80,1,17,2,2,2,c00aa80a000000000000,3000,7000
FPREM1_completed,24,RD,random,1,ALL,000000001b3431aa,0000000036427b70,3fb6b431aa0000000000,3fb6b431aa0000000000,000000001b3431aa,3000,3000,00003f80,1,0,0,0,0,3fb6b431aa0000000000,3000,3000
FPREM1_completed,24,RD,random,1,SINGLE_COMPLETE_FINITE_CASE,000000001b3431aa,0000000036427b70,3fb6b431aa0000000000,3fb6b431aa0000000000,000000001b3431aa,3000,3000,00003f80,1,0,0,0,0,3fb6b431aa0000000000,3000,3000
FPREM1_completed,24,RD,random,2,ALL,00000000247332e7,000000007d10e6c2,3fc8f332e70000000000,3fc8f332e70000000000,00000000247332e7,3000,3000,00003f80,1,0,0,0,0,3fc8f332e70000000000,3000,3000
FPREM1_completed,24,RD,random,2,SINGLE_COMPLETE_FINITE_CASE,00000000247332e7,000000007d10e6c2,3fc8f332e70000000000,3fc8f332e70000000000,00000000247332e7,3000,3000,00003f80,1,0,0,0,0,3fc8f332e70000000000,3000,3000
FPREM1_completed,24,RD,random,3,ALL,00000000c6b0e40b,000000006b4079e3,c00db0e40b0000000000,c00db0e40b0000000000,00000000c6b0e40b,3000,3000,00003f80,1,0,0,0,0,c00db0e40b0000000000,3000,3000
FPREM1_completed,24,RD,random,3,SINGLE_COMPLETE_FINITE_CASE,00000000c6b0e40b,000000006b4079e3,c00db0e40b0000000000,c00db0e40b0000000000,00000000c6b0e40b,3000,3000,00003f80,1,0,0,0,0,c00db0e40b0000000000,3000,3000
FPREM1_completed,24,RD,random,4,ALL,000000001d88b719,000000009ffd8324,3fbb88b7190000000000,3fbb88b7190000000000,000000001d88b719,3000,3000,00003f80,1,0,0,0,0,3fbb88b7190000000000,3000,3000
FPREM1_completed,24,RD,random,4,SINGLE_COMPLETE_FINITE_CASE,000000001d88b719,000000009ffd8324,3fbb88b7190000000000,3fbb88b7190000000000,000000001d88b719,3000,3000,00003f80,1,0,0,0,0,3fbb88b7190000000000,3000,3000
FPREM1_completed,24,RD,random,5,ALL,000000005503e50f,00000000e65a440b,402a83e50f0000000000,402a83e50f0000000000,000000005503e50f,3000,3000,00003f80,1,0,0,0,0,402a83e50f0000000000,3000,3000
FPREM1_completed,24,RD,random,5,SINGLE_COMPLETE_FINITE_CASE,000000005503e50f,00000000e65a440b,402a83e50f0000000000,402a83e50f0000000000,000000005503e50f,3000,3000,00003f80,1,0,0,0,0,402a83e50f0000000000,3000,3000
FPREM1_completed,24,RD,random,6,ALL,00000000e3a7b6be,00000000304c687b,bfddc03e580000000000,bfddc03e580000000000,00000000aec03e58,3400,7300,00003f80,2,45,7,7,1,c01bf95a800000000000,3000,3400
FPREM1_completed,24,RD,random,6,X87_MULTISTEP,00000000e3a7b6be,00000000304c687b,bfddc03e580000000000,bfddc03e580000000000,00000000aec03e58,3400,7300,00003f80,2,45,7,7,1,c01bf95a800000000000,3000,3400
FPREM1_completed,24,RD,random,6,QUOTIENT_SIGNED_BITS_DIFFER,00000000e3a7b6be,00000000304c687b,bfddc03e580000000000,bfddc03e580000000000,00000000aec03e58,3400,7300,00003f80,2,45,7,7,1,c01bf95a800000000000,3000,3400
FPREM1_completed,24,RD,random,6,SINGLE_INSTRUCTION_VALUE_MISMATCH,00000000e3a7b6be,00000000304c687b,bfddc03e580000000000,bfddc03e580000000000,00000000aec03e58,3400,7300,00003f80,2,45,7,7,1,c01bf95a800000000000,3000,3400
FPREM1_completed,24,RD,random,6,SINGLE_INSTRUCTION_C2_PARTIAL,00000000e3a7b6be,00000000304c687b,bfddc03e580000000000,bfddc03e580000000000,00000000aec03e58,3400,7300,00003f80,2,45,7,7,1,c01bf95a800000000000,3000,3400
FPREM1_completed,24,RD,random,7,ALL,00000000041fd13f,000000007d97cc0b,3f889fd13f0000000000,3f889fd13f0000000000,00000000041fd13f,3000,3000,00003f80,1,0,0,0,0,3f889fd13f0000000000,3000,3000
FPREM1_completed,24,RD,random,7,SINGLE_COMPLETE_FINITE_CASE,00000000041fd13f,000000007d97cc0b,3f889fd13f0000000000,3f889fd13f0000000000,00000000041fd13f,3000,3000,00003f80,1,0,0,0,0,3f889fd13f0000000000,3000,3000
FPREM1_completed,24,RD,random,8,ALL,00000000a70b20ff,000000008da1932d,bf98a6a0500000000000,bf98a6a0500000000000,000000008c26a050,7100,7100,00003f80,1,28,6,6,6,bf98a6a0500000000000,3000,7100
FPREM1_completed,24,RD,random,8,SINGLE_COMPLETE_FINITE_CASE,00000000a70b20ff,000000008da1932d,bf98a6a0500000000000,bf98a6a0500000000000,000000008c26a050,7100,7100,00003f80,1,28,6,6,6,bf98a6a0500000000000,3000,7100
FPREM1_completed,24,RD,random,9,ALL,0000000007ecca11,00000000b1112f51,3f8fecca110000000000,3f8fecca110000000000,0000000007ecca11,3000,3000,00003f80,1,0,0,0,0,3f8fecca110000000000,3000,3000
FPREM1_completed,24,RD,random,9,SINGLE_COMPLETE_FINITE_CASE,0000000007ecca11,00000000b1112f51,3f8fecca110000000000,3f8fecca110000000000,0000000007ecca11,3000,3000,00003f80,1,0,0,0,0,3f8fecca110000000000,3000,3000
FPREM1_completed,24,RD,random,10,ALL,0000000091069bad,000000000e54a52d,3f9bcf11ea0000000000,3f9bcf11ea0000000000,000000000dcf11ea,3000,3200,00003f80,1,2,1,1,7,3f9bcf11ea0000000000,3000,3200
FPREM1_completed,24,RD,random,10,QUOTIENT_SIGNED_BITS_DIFFER,0000000091069bad,000000000e54a52d,3f9bcf11ea0000000000,3f9bcf11ea0000000000,000000000dcf11ea,3000,3200,00003f80,1,2,1,1,7,3f9bcf11ea0000000000,3000,3200
FPREM1_completed,24,RD,random,10,SINGLE_COMPLETE_FINITE_CASE,0000000091069bad,000000000e54a52d,3f9bcf11ea0000000000,3f9bcf11ea0000000000,000000000dcf11ea,3000,3200,00003f80,1,2,1,1,7,3f9bcf11ea0000000000,3000,3200
FPREM1_completed,24,RD,random,11,ALL,00000000b1a55a7f,000000000e25814e,bf99bdd7e00000000000,bf99bdd7e00000000000,000000008cbdd7e0,3400,7100,00003f80,2,45,6,6,2,bfbab64c500000000000,3000,3400
FPREM1_completed,24,RD,random,11,X87_MULTISTEP,00000000b1a55a7f,000000000e25814e,bf99bdd7e00000000000,bf99bdd7e00000000000,000000008cbdd7e0,3400,7100,00003f80,2,45,6,6,2,bfbab64c500000000000,3000,3400
FPREM1_completed,24,RD,random,11,QUOTIENT_SIGNED_BITS_DIFFER,00000000b1a55a7f,000000000e25814e,bf99bdd7e00000000000,bf99bdd7e00000000000,000000008cbdd7e0,3400,7100,00003f80,2,45,6,6,2,bfbab64c500000000000,3000,3400
FPREM1_completed,24,RD,random,11,SINGLE_INSTRUCTION_VALUE_MISMATCH,00000000b1a55a7f,000000000e25814e,bf99bdd7e00000000000,bf99bdd7e00000000000,000000008cbdd7e0,3400,7100,00003f80,2,45,6,6,2,bfbab64c500000000000,3000,3400
FPREM1_completed,24,RD,random,11,SINGLE_INSTRUCTION_C2_PARTIAL,00000000b1a55a7f,000000000e25814e,bf99bdd7e00000000000,bf99bdd7e00000000000,000000008cbdd7e0,3400,7100,00003f80,2,45,6,6,2,bfbab64c500000000000,3000,3400
FPREM1_completed,24,RD,random,12,ALL,0000000049bee1a0,00000000fb70df6d,4013bee1a00000000000,4013bee1a00000000000,0000000049bee1a0,3000,3000,00003f80,1,0,0,0,0,4013bee1a00000000000,3000,3000
FPREM1_completed,24,RD,random,12,SINGLE_COMPLETE_FINITE_CASE,0000000049bee1a0,00000000fb70df6d,4013bee1a00000000000,4013bee1a00000000000,0000000049bee1a0,3000,3000,00003f80,1,0,0,0,0,4013bee1a00000000000,3000,3000
FPREM1_completed,24,RD,random,13,ALL,00000000237f2b9d,000000004f44c27e,3fc6ff2b9d0000000000,3fc6ff2b9d0000000000,00000000237f2b9d,3000,3000,00003f80,1,0,0,0,0,3fc6ff2b9d0000000000,3000,3000
FPREM1_completed,24,RD,random,13,SINGLE_COMPLETE_FINITE_CASE,00000000237f2b9d,000000004f44c27e,3fc6ff2b9d0000000000,3fc6ff2b9d0000000000,00000000237f2b9d,3000,3000,00003f80,1,0,0,0,0,3fc6ff2b9d0000000000,3000,3000
FPREM1_completed,24,RD,random,14,ALL,00000000d1805aff,00000000c49fca9b,c00889fa340000000000,c00889fa340000000000,00000000c409fa34,7000,7000,00003f80,1,11,2,2,2,c00889fa340000000000,3000,7000
FPREM1_completed,24,RD,random,14,SINGLE_COMPLETE_FINITE_CASE,00000000d1805aff,00000000c49fca9b,c00889fa340000000000,c00889fa340000000000,00000000c409fa34,7000,7000,00003f80,1,11,2,2,2,c00889fa340000000000,3000,7000
FPREM1_completed,24,RD,random,15,ALL,00000000190f62c4,00000000462405c7,3fb28f62c40000000000,3fb28f62c40000000000,00000000190f62c4,3000,3000,00003f80,1,0,0,0,0,3fb28f62c40000000000,3000,3000
FPREM1_completed,24,RD,random,15,SINGLE_COMPLETE_FINITE_CASE,00000000190f62c4,00000000462405c7,3fb28f62c40000000000,3fb28f62c40000000000,00000000190f62c4,3000,3000,00003f80,1,0,0,0,0,3fb28f62c40000000000,3000,3000
FPREM1_completed,24,RD,random,16,ALL,00000000d28a21d8,00000000a86d8353,3fcf8b0e180000000000,3fcf8b0e180000000000,00000000278b0e18,3400,3100,00003f80,2,48,4,4,4,bfefba7a8a0000000000,3000,3400
FPREM1_completed,24,RD,random,16,X87_MULTISTEP,00000000d28a21d8,00000000a86d8353,3fcf8b0e180000000000,3fcf8b0e180000000000,00000000278b0e18,3400,3100,00003f80,2,48,4,4,4,bfefba7a8a0000000000,3000,3400
FPREM1_completed,24,RD,random,16,SINGLE_INSTRUCTION_VALUE_MISMATCH,00000000d28a21d8,00000000a86d8353,3fcf8b0e180000000000,3fcf8b0e180000000000,00000000278b0e18,3400,3100,00003f80,2,48,4,4,4,bfefba7a8a0000000000,3000,3400
FPREM1_completed,24,RD,random,16,SINGLE_INSTRUCTION_C2_PARTIAL,00000000d28a21d8,00000000a86d8353,3fcf8b0e180000000000,3fcf8b0e180000000000,00000000278b0e18,3400,3100,00003f80,2,48,4,4,4,bfefba7a8a0000000000,3000,3400
FPREM1_completed,24,RD,random,17,ALL,000000001bae6945,00000000f189085d,3fb7ae69450000000000,3fb7ae69450000000000,000000001bae6945,3000,3000,00003f80,1,0,0,0,0,3fb7ae69450000000000,3000,3000
FPREM1_completed,24,RD,random,17,SINGLE_COMPLETE_FINITE_CASE,000000001bae6945,00000000f189085d,3fb7ae69450000000000,3fb7ae69450000000000,000000001bae6945,3000,3000,00003f80,1,0,0,0,0,3fb7ae69450000000000,3000,3000
FPREM1_completed,24,RD,random,18,ALL,0000000067a4546d,00000000f22bfcd7,404fa4546d0000000000,404fa4546d0000000000,0000000067a4546d,3000,3000,00003f80,1,0,0,0,0,404fa4546d0000000000,3000,3000
FPREM1_completed,24,RD,random,18,SINGLE_COMPLETE_FINITE_CASE,0000000067a4546d,00000000f22bfcd7,404fa4546d0000000000,404fa4546d0000000000,0000000067a4546d,3000,3000,00003f80,1,0,0,0,0,404fa4546d0000000000,3000,3000
FPREM1_completed,24,RD,random,19,ALL,00000000d94c71bc,000000003aa528a2,bff3c3ccb00000000000,bff3c3ccb00000000000,00000000b9c3ccb0,7000,7000,00003f80,1,38,2,2,6,bff3c3ccb00000000000,3000,7000
FPREM1_completed,24,RD,random,19,QUOTIENT_SIGNED_BITS_DIFFER,00000000d94c71bc,000000003aa528a2,bff3c3ccb00000000000,bff3c3ccb00000000000,00000000b9c3ccb0,7000,7000,00003f80,1,38,2,2,6,bff3c3ccb00000000000,3000,7000
FPREM1_completed,24,RD,random,19,SINGLE_COMPLETE_FINITE_CASE,00000000d94c71bc,000000003aa528a2,bff3c3ccb00000000000,bff3c3ccb00000000000,00000000b9c3ccb0,7000,7000,00003f80,1,38,2,2,6,bff3c3ccb00000000000,3000,7000
FPREM1_completed,24,RD,random,20,SINGLE_COMPLETE_FINITE_CASE,0000000014b3258b,00000000d5414b93,3fa9b3258b0000000000,3fa9b3258b0000000000,0000000014b3258b,3000,3000,00003f80,1,0,0,0,0,3fa9b3258b0000000000,3000,3000
FPREM1_completed,24,RD,random,21,QUOTIENT_SIGNED_BITS_DIFFER,000000000200d818,000000008251e8ff,bf83a221ce0000000000,bf83a221ce0000000000,0000000081a221ce,3000,3200,00003f80,1,0,1,1,7,bf83a221ce0000000000,3000,3200
FPREM1_completed,24,RD,random,21,SINGLE_COMPLETE_FINITE_CASE,000000000200d818,000000008251e8ff,bf83a221ce0000000000,bf83a221ce0000000000,0000000081a221ce,3000,3200,00003f80,1,0,1,1,7,bf83a221ce0000000000,3000,3200
FPREM1_completed,24,RD,random,22,SINGLE_COMPLETE_FINITE_CASE,00000000068ce4c8,00000000c4042814,3f8d8ce4c80000000000,3f8d8ce4c80000000000,00000000068ce4c8,3000,3000,00003f80,1,0,0,0,0,3f8d8ce4c80000000000,3000,3000
FPREM1_completed,24,RD,random,28,X87_MULTISTEP,00000000770d693a,00000000d46d3116,c0279bc6800000000000,c0279bc6800000000000,00000000d39bc680,3400,3000,00003f80,2,42,0,0,0,4048a62e040000000000,3000,3400
FPREM1_completed,24,RD,random,28,SINGLE_INSTRUCTION_VALUE_MISMATCH,00000000770d693a,00000000d46d3116,c0279bc6800000000000,c0279bc6800000000000,00000000d39bc680,3400,3000,00003f80,2,42,0,0,0,4048a62e040000000000,3000,3400
FPREM1_completed,24,RD,random,28,SINGLE_INSTRUCTION_C2_PARTIAL,00000000770d693a,00000000d46d3116,c0279bc6800000000000,c0279bc6800000000000,00000000d39bc680,3400,3000,00003f80,2,42,0,0,0,4048a62e040000000000,3000,3400
FPREM1_completed,24,RD,random,37,X87_MULTISTEP,00000000fc6000ba,00000000ac78ca42,3fd7b29d9c0000000000,3fd7b29d9c0000000000,000000002bb29d9c,3400,7300,00003f80,4,86,7,7,7,c0588b44260000000000,3000,3400
FPREM1_completed,24,RD,random,37,SINGLE_INSTRUCTION_VALUE_MISMATCH,00000000fc6000ba,00000000ac78ca42,3fd7b29d9c0000000000,3fd7b29d9c0000000000,000000002bb29d9c,3400,7300,00003f80,4,86,7,7,7,c0588b44260000000000,3000,3400
FPREM1_completed,24,RD,random,37,SINGLE_INSTRUCTION_C2_PARTIAL,00000000fc6000ba,00000000ac78ca42,3fd7b29d9c0000000000,3fd7b29d9c0000000000,000000002bb29d9c,3400,7300,00003f80,4,86,7,7,7,c0588b44260000000000,3000,3400
FPREM1_completed,24,RD,random,38,X87_MULTISTEP,000000007578251a,000000000977c35b,3f8dc91b000000000000,3f8dc91b000000000000,0000000006c91b00,3400,3000,00003f80,4,108,0,0,0,4032d8a8470000000000,3000,3400
FPREM1_completed,24,RD,random,38,SINGLE_INSTRUCTION_VALUE_MISMATCH,000000007578251a,000000000977c35b,3f8dc91b000000000000,3f8dc91b000000000000,0000000006c91b00,3400,3000,00003f80,4,108,0,0,0,4032d8a8470000000000,3000,3400
FPREM1_completed,24,RD,random,38,SINGLE_INSTRUCTION_C2_PARTIAL,000000007578251a,000000000977c35b,3f8dc91b000000000000,3f8dc91b000000000000,0000000006c91b00,3400,3000,00003f80,4,108,0,0,0,4032d8a8470000000000,3000,3400
FPREM1_completed,24,RD,random,41,X87_MULTISTEP,0000000078a5afe8,00000000512f554a,c0219a80480000000000,c0219a80480000000000,00000000d09a8048,3400,7000,00003f80,2,45,2,2,2,404288e2de0000000000,3000,3400
FPREM1_completed,24,RD,random,41,SINGLE_INSTRUCTION_VALUE_MISMATCH,0000000078a5afe8,00000000512f554a,c0219a80480000000000,c0219a80480000000000,00000000d09a8048,3400,7000,00003f80,2,45,2,2,2,404288e2de0000000000,3000,3400
FPREM1_completed,24,RD,random,41,SINGLE_INSTRUCTION_C2_PARTIAL,0000000078a5afe8,00000000512f554a,c0219a80480000000000,c0219a80480000000000,00000000d09a8048,3400,7000,00003f80,2,45,2,2,2,404288e2de0000000000,3000,3400
FPREM1_completed,24,RD,random,43,X87_MULTISTEP,00000000f127fc8e,000000000abc999e,bf90d938400000000000,bf90d938400000000000,0000000088593840,3400,3200,00003f80,4,93,1,1,7,c032da1f700000000000,3000,3400
FPREM1_completed,24,RD,random,43,QUOTIENT_SIGNED_BITS_DIFFER,00000000f127fc8e,000000000abc999e,bf90d938400000000000,bf90d938400000000000,0000000088593840,3400,3200,00003f80,4,93,1,1,7,c032da1f700000000000,3000,3400
FPREM1_completed,24,RD,random,43,SINGLE_INSTRUCTION_VALUE_MISMATCH,00000000f127fc8e,000000000abc999e,bf90d938400000000000,bf90d938400000000000,0000000088593840,3400,3200,00003f80,4,93,1,1,7,c032da1f700000000000,3000,3400
FPREM1_completed,24,RD,random,43,SINGLE_INSTRUCTION_C2_PARTIAL,00000000f127fc8e,000000000abc999e,bf90d938400000000000,bf90d938400000000000,0000000088593840,3400,3200,00003f80,4,93,1,1,7,c032da1f700000000000,3000,3400
FPREM1_completed,24,RD,random,49,X87_MULTISTEP,00000000de56c7a7,000000008ec78966,3f9ba703200000000000,3f9ba703200000000000,000000000da70320,3400,3100,00003f80,3,81,4,4,4,bffc8659540000000000,3000,3400
FPREM1_completed,24,RD,random,49,SINGLE_INSTRUCTION_VALUE_MISMATCH,00000000de56c7a7,000000008ec78966,3f9ba703200000000000,3f9ba703200000000000,000000000da70320,3400,3100,00003f80,3,81,4,4,4,bffc8659540000000000,3000,3400
FPREM1_completed,24,RD,random,49,SINGLE_INSTRUCTION_C2_PARTIAL,00000000de56c7a7,000000008ec78966,3f9ba703200000000000,3f9ba703200000000000,000000000da70320,3400,3100,00003f80,3,81,4,4,4,bffc8659540000000000,3000,3400
FPREM1_completed,24,RD,random,50,X87_MULTISTEP,0000000073970392,00000000ab67d52d,bfd4a489d40000000000,bfd4a489d40000000000,00000000aa2489d4,3400,3200,00003f80,3,67,1,1,7,4036d002660000000000,3000,3400
FPREM1_completed,24,RD,random,50,QUOTIENT_SIGNED_BITS_DIFFER,0000000073970392,00000000ab67d52d,bfd4a489d40000000000,bfd4a489d40000000000,00000000aa2489d4,3400,3200,00003f80,3,67,1,1,7,4036d002660000000000,3000,3400
FPREM1_completed,24,RD,random,50,SINGLE_INSTRUCTION_VALUE_MISMATCH,0000000073970392,00000000ab67d52d,bfd4a489d40000000000,bfd4a489d40000000000,00000000aa2489d4,3400,3200,00003f80,3,67,1,1,7,4036d002660000000000,3000,3400
FPREM1_completed,24,RD,random,50,SINGLE_INSTRUCTION_C2_PARTIAL,0000000073970392,00000000ab67d52d,bfd4a489d40000000000,bfd4a489d40000000000,00000000aa2489d4,3400,3200,00003f80,3,67,1,1,7,4036d002660000000000,3000,3400
FPREM1_completed,24,RD,random,54,X87_MULTISTEP,000000006d4aacef,000000003b078ed6,bff4d12f580000000000,bff4d12f580000000000,00000000ba512f58,3400,3200,00003f80,2,57,1,1,1,4034e912580000000000,3000,3400
FPREM1_completed,24,RD,random,54,SINGLE_INSTRUCTION_VALUE_MISMATCH,000000006d4aacef,000000003b078ed6,bff4d12f580000000000,bff4d12f580000000000,00000000ba512f58,3400,3200,00003f80,2,57,1,1,1,4034e912580000000000,3000,3400
FPREM1_completed,24,RD,random,54,SINGLE_INSTRUCTION_C2_PARTIAL,000000006d4aacef,000000003b078ed6,bff4d12f580000000000,bff4d12f580000000000,00000000ba512f58,3400,3200,00003f80,2,57,1,1,1,4034e912580000000000,3000,3400
FPREM1_completed,24,RD,random,56,X87_MULTISTEP,00000000d64c2a40,000000002ed3fc27,3fd9c377500000000000,3fd9c377500000000000,000000002cc37750,3400,7200,00003f80,2,42,3,3,5,bffba569b80000000000,3000,3400
FPREM1_completed,24,RD,random,56,QUOTIENT_SIGNED_BITS_DIFFER,00000000d64c2a40,000000002ed3fc27,3fd9c377500000000000,3fd9c377500000000000,000000002cc37750,3400,7200,00003f80,2,42,3,3,5,bffba569b80000000000,3000,3400
FPREM1_completed,24,RD,random,56,SINGLE_INSTRUCTION_VALUE_MISMATCH,00000000d64c2a40,000000002ed3fc27,3fd9c377500000000000,3fd9c377500000000000,000000002cc37750,3400,7200,00003f80,2,42,3,3,5,bffba569b80000000000,3000,3400
FPREM1_completed,24,RD,random,56,SINGLE_INSTRUCTION_C2_PARTIAL,00000000d64c2a40,000000002ed3fc27,3fd9c377500000000000,3fd9c377500000000000,000000002cc37750,3400,7200,00003f80,2,42,3,3,5,bffba569b80000000000,3000,3400
FPREM1_completed,24,RD,random,57,QUOTIENT_SIGNED_BITS_DIFFER,0000000031407d57,00000000a6605818,bfc9b4fbc00000000000,bfc9b4fbc00000000000,00000000a4b4fbc0,3100,3300,00003f80,1,12,5,5,3,bfc9b4fbc00000000000,3000,3300
FPREM1_completed,24,RD,random,61,X87_MULTISTEP,00000000f2e371c2,000000001af5266f,3fb4eb761c0000000000,3fb4eb761c0000000000,000000001a6b761c,3400,7000,00003f80,4,89,2,2,6,c032e781c00000000000,3000,3400
FPREM1_completed,24,RD,random,61,QUOTIENT_SIGNED_BITS_DIFFER,00000000f2e371c2,000000001af5266f,3fb4eb761c0000000000,3fb4eb761c0000000000,000000001a6b761c,3400,7000,00003f80,4,89,2,2,6,c032e781c00000000000,3000,3400
FPREM1_completed,24,RD,random,61,SINGLE_INSTRUCTION_VALUE_MISMATCH,00000000f2e371c2,000000001af5266f,3fb4eb761c0000000000,3fb4eb761c0000000000,000000001a6b761c,3400,7000,00003f80,4,89,2,2,6,c032e781c00000000000,3000,3400
FPREM1_completed,24,RD,random,61,SINGLE_INSTRUCTION_C2_PARTIAL,00000000f2e371c2,000000001af5266f,3fb4eb761c0000000000,3fb4eb761c0000000000,000000001a6b761c,3400,7000,00003f80,4,89,2,2,6,c032e781c00000000000,3000,3400
FPREM1_completed,24,RD,random,64,INVALID_OR_NONFINITE_INPUT,00000000fff5b85a,00000000eacc0f02,fffff5b85a0000000000,fffff5b85a0000000000,00000000fff5b85a,3000,3000,00003f80,1,0,0,0,0,fffff5b85a0000000000,3000,3000
FPREM1_completed,24,RD,random,64,NAN_RESULT,00000000fff5b85a,00000000eacc0f02,fffff5b85a0000000000,fffff5b85a0000000000,00000000fff5b85a,3000,3000,00003f80,1,0,0,0,0,fffff5b85a0000000000,3000,3000
FPREM1_completed,24,RD,random,66,X87_MULTISTEP,000000005f3aad52,000000009b4b2844,3fb4bbe3700000000000,3fb4bbe3700000000000,000000001a3be370,3400,3200,00003f80,3,62,1,1,7,4011f252800000000000,3000,3400
FPREM1_completed,24,RD,random,66,QUOTIENT_SIGNED_BITS_DIFFER,000000005f3aad52,000000009b4b2844,3fb4bbe3700000000000,3fb4bbe3700000000000,000000001a3be370,3400,3200,00003f80,3,62,1,1,7,4011f252800000000000,3000,3400
FPREM1_completed,24,RD,random,66,SINGLE_INSTRUCTION_VALUE_MISMATCH,000000005f3aad52,000000009b4b2844,3fb4bbe3700000000000,3fb4bbe3700000000000,000000001a3be370,3400,3200,00003f80,3,62,1,1,7,4011f252800000000000,3000,3400
FPREM1_completed,24,RD,random,66,SINGLE_INSTRUCTION_C2_PARTIAL,000000005f3aad52,000000009b4b2844,3fb4bbe3700000000000,3fb4bbe3700000000000,000000001a3be370,3400,3200,00003f80,3,62,1,1,7,4011f252800000000000,3000,3400
FPREM1_completed,24,RD,random,69,QUOTIENT_SIGNED_BITS_DIFFER,000000003e68031a,000000009f05d035,3fbc8072ac0000000000,3fbc8072ac0000000000,000000001e0072ac,3000,3200,00003f80,1,35,1,1,7,3fbc8072ac0000000000,3000,3200
FPREM1_completed,24,RD,random,70,X87_MULTISTEP,00000000d5c993fc,0000000089bf1655,3f92a8697c0000000000,3f92a8697c0000000000,000000000928697c,3400,7100,00003f80,3,85,6,6,6,bff3a4abea0000000000,3000,3400
FPREM1_completed,24,RD,random,70,SINGLE_INSTRUCTION_VALUE_MISMATCH,00000000d5c993fc,0000000089bf1655,3f92a8697c0000000000,3f92a8697c0000000000,000000000928697c,3400,7100,00003f80,3,85,6,6,6,bff3a4abea0000000000,3000,3400
FPREM1_completed,24,RD,random,70,SINGLE_INSTRUCTION_C2_PARTIAL,00000000d5c993fc,0000000089bf1655,3f92a8697c0000000000,3f92a8697c0000000000,000000000928697c,3400,7100,00003f80,3,85,6,6,6,bff3a4abea0000000000,3000,3400
FPREM1_completed,24,RD,random,74,X87_MULTISTEP,000000007062ebf6,000000004df97796,401af05afc0000000000,401af05afc0000000000,000000004d705afc,3400,7200,00003f80,2,38,3,3,3,403af3d5a40000000000,3000,3400
FPREM1_completed,24,RD,random,74,SINGLE_INSTRUCTION_VALUE_MISMATCH,000000007062ebf6,000000004df97796,401af05afc0000000000,401af05afc0000000000,000000004d705afc,3400,7200,00003f80,2,38,3,3,3,403af3d5a40000000000,3000,3400
FPREM1_completed,24,RD,random,74,SINGLE_INSTRUCTION_C2_PARTIAL,000000007062ebf6,000000004df97796,401af05afc0000000000,401af05afc0000000000,000000004d705afc,3400,7200,00003f80,2,38,3,3,3,403af3d5a40000000000,3000,3400
FPREM1_completed,24,RD,random,75,QUOTIENT_SIGNED_BITS_DIFFER,000000006f57ddd6,00000000ed03840b,405889d1080000000000,405889d1080000000000,000000006c09d108,7000,7000,00003f80,1,3,2,2,6,405889d1080000000000,3000,7000
FPREM1_completed,24,RD,random,79,X87_MULTISTEP,00000000e3afd8c6,00000000aa9fe2fa,bfd4815c9c0000000000,bfd4815c9c0000000000,00000000aa015c9c,3400,3300,00003f80,3,53,5,5,5,c0158470c00000000000,3000,3400
FPREM1_completed,24,RD,random,79,SINGLE_INSTRUCTION_VALUE_MISMATCH,00000000e3afd8c6,00000000aa9fe2fa,bfd4815c9c0000000000,bfd4815c9c0000000000,00000000aa015c9c,3400,3300,00003f80,3,53,5,5,5,c0158470c00000000000,3000,3400
FPREM1_completed,24,RD,random,79,SINGLE_INSTRUCTION_C2_PARTIAL,00000000e3afd8c6,00000000aa9fe2fa,bfd4815c9c0000000000,bfd4815c9c0000000000,00000000aa015c9c,3400,3300,00003f80,3,53,5,5,5,c0158470c00000000000,3000,3400
FPREM1_completed,24,RD,random,81,X87_MULTISTEP,000000006f201df4,00000000cd9168d5,c019aec5680000000000,c019aec5680000000000,00000000ccaec568,3400,7000,00003f80,2,34,2,2,6,4039f6df1c0000000000,3000,3400
FPREM1_completed,24,RD,random,81,QUOTIENT_SIGNED_BITS_DIFFER,000000006f201df4,00000000cd9168d5,c019aec5680000000000,c019aec5680000000000,00000000ccaec568,3400,7000,00003f80,2,34,2,2,6,4039f6df1c0000000000,3000,3400
FPREM1_completed,24,RD,random,81,SINGLE_INSTRUCTION_VALUE_MISMATCH,000000006f201df4,00000000cd9168d5,c019aec5680000000000,c019aec5680000000000,00000000ccaec568,3400,7000,00003f80,2,34,2,2,6,4039f6df1c0000000000,3000,3400
FPREM1_completed,24,RD,random,81,SINGLE_INSTRUCTION_C2_PARTIAL,000000006f201df4,00000000cd9168d5,c019aec5680000000000,c019aec5680000000000,00000000ccaec568,3400,7000,00003f80,2,34,2,2,6,4039f6df1c0000000000,3000,3400
FPREM1_completed,24,RD,random,82,X87_MULTISTEP,0000000076570397,00000000a5a9bcad,3fc983bb2c0000000000,3fc983bb2c0000000000,000000002483bb2c,3400,3200,00003f80,4,80,1,1,7,404b9472bf0000000000,3000,3400
FPREM1_completed,24,RD,random,82,QUOTIENT_SIGNED_BITS_DIFFER,0000000076570397,00000000a5a9bcad,3fc983bb2c0000000000,3fc983bb2c0000000000,000000002483bb2c,3400,3200,00003f80,4,80,1,1,7,404b9472bf0000000000,3000,3400
FPREM1_completed,24,RD,random,82,SINGLE_INSTRUCTION_VALUE_MISMATCH,0000000076570397,00000000a5a9bcad,3fc983bb2c0000000000,3fc983bb2c0000000000,000000002483bb2c,3400,3200,00003f80,4,80,1,1,7,404b9472bf0000000000,3000,3400
FPREM1_completed,24,RD,random,82,SINGLE_INSTRUCTION_C2_PARTIAL,0000000076570397,00000000a5a9bcad,3fc983bb2c0000000000,3fc983bb2c0000000000,000000002483bb2c,3400,3200,00003f80,4,80,1,1,7,404b9472bf0000000000,3000,3400
FPREM1_completed,24,RD,random,85,X87_MULTISTEP,00000000caf458ec,00000000913553de,3f9fedae200000000000,3f9fedae200000000000,000000000fedae20,3400,7100,00003f80,2,58,6,6,6,bfdebf4da00000000000,3000,3400
FPREM1_completed,24,RD,random,85,SINGLE_INSTRUCTION_VALUE_MISMATCH,00000000caf458ec,00000000913553de,3f9fedae200000000000,3f9fedae200000000000,000000000fedae20,3400,7100,00003f80,2,58,6,6,6,bfdebf4da00000000000,3000,3400
FPREM1_completed,24,RD,random,85,SINGLE_INSTRUCTION_C2_PARTIAL,00000000caf458ec,00000000913553de,3f9fedae200000000000,3f9fedae200000000000,000000000fedae20,3400,7100,00003f80,2,58,6,6,6,bfdebf4da00000000000,3000,3400
FPREM1_completed,24,RD,random,89,QUOTIENT_SIGNED_BITS_DIFFER,00000000a8dfcf6c,000000001ddd1323,3fbaad31220000000000,3fbaad31220000000000,000000001d2d3122,7000,7200,00003f80,1,10,3,3,5,3fbaad31220000000000,3000,7200
FPREM1_completed,24,RD,random,101,QUOTIENT_SIGNED_BITS_DIFFER,0000000070c2b1e7,00000000a6e0fa78,3fcbc445400000000000,3fcbc445400000000000,0000000025c44540,3400,7000,00003f80,3,74,2,2,6,402d8f58380000000000,3000,3400
FPREM1_completed,24,RD,random,105,QUOTIENT_SIGNED_BITS_DIFFER,0000000039d4b32c,00000000838191dc,bf85a670500000000000,bf85a670500000000000,0000000082a67050,3400,7200,00003f80,2,57,3,3,5,3fc6f45ab80000000000,3000,3400
FPREM1_completed,24,RD,random,108,QUOTIENT_SIGNED_BITS_DIFFER,0000000077d8aab0,00000000b02c7d0a,3fdec378280000000000,3fdec378280000000000,000000002f437828,3400,7300,00003f80,3,73,7,7,1,403f80e0880000000000,3000,3400
FPREM1_completed,24,RD,random,109,QUOTIENT_SIGNED_BITS_DIFFER,00000000a239da83,00000000210ae6fb,bfc0c39c940000000000,bfc0c39c940000000000,00000000a0439c94,3100,3300,00003f80,1,2,5,5,3,bfc0c39c940000000000,3000,3300
FPREM1_completed,24,RD,random,265,INVALID_OR_NONFINITE_INPUT,000000007fcfd6be,0000000027bb93e3,7fffcfd6be0000000000,7fffcfd6be0000000000,000000007fcfd6be,3000,3000,00003f80,1,0,0,0,0,7fffcfd6be0000000000,3000,3000
FPREM1_completed,24,RD,random,265,NAN_RESULT,000000007fcfd6be,0000000027bb93e3,7fffcfd6be0000000000,7fffcfd6be0000000000,000000007fcfd6be,3000,3000,00003f80,1,0,0,0,0,7fffcfd6be0000000000,3000,3000
FPREM1_completed,24,RD,random,305,EXCEPTION_FLAGS_MISMATCH,00000000804f17e9,0000000010edda30,bf809e2fd20000000000,bf809e2fd20000000000,00000000804f17e9,3002,3002,00003f80,1,0,0,0,0,bf809e2fd20000000000,3002,3002
FPREM1_completed,24,RD,random,321,EXCEPTION_FLAGS_MISMATCH,000000000075586a,000000001c54d842,3f80eab0d40000000000,3f80eab0d40000000000,000000000075586a,3002,3002,00003f80,1,0,0,0,0,3f80eab0d40000000000,3002,3002
FPREM1_completed,24,RD,random,334,EXCEPTION_FLAGS_MISMATCH,00000000a9eb0ffc,000000008081f110,3f7d925c000000000000,3f7d925c000000000000,00000000000925c0,3400,3100,00003f82,2,47,4,4,4,bf9f8e98400000000000,3000,3400
FPREM1_completed,24,RD,random,578,INVALID_OR_NONFINITE_INPUT,00000000ffdbf494,00000000fc3118cd,ffffdbf4940000000000,ffffdbf4940000000000,00000000ffdbf494,3000,3000,00003f80,1,0,0,0,0,ffffdbf4940000000000,3000,3000
FPREM1_completed,24,RD,random,578,NAN_RESULT,00000000ffdbf494,00000000fc3118cd,ffffdbf4940000000000,ffffdbf4940000000000,00000000ffdbf494,3000,3000,00003f80,1,0,0,0,0,ffffdbf4940000000000,3000,3000
FPREM1_completed,24,RD,random,594,EXCEPTION_FLAGS_MISMATCH,0000000000487243,00000000668611c6,3f8090e4860000000000,3f8090e4860000000000,0000000000487243,3002,3002,00003f80,1,0,0,0,0,3f8090e4860000000000,3002,3002
FPREM1_completed,24,RD,random,674,EXCEPTION_FLAGS_MISMATCH,00000000007b959a,00000000483ceb5b,3f80f72b340000000000,3f80f72b340000000000,00000000007b959a,3002,3002,00003f80,1,0,0,0,0,3f80f72b340000000000,3002,3002
FPREM1_completed,24,RD,random,830,INVALID_OR_NONFINITE_INPUT,00000000ffa26bba,0000000064b98d15,ffffe26bba0000000000,ffffe26bba0000000000,00000000ffe26bba,3001,3001,00003f81,1,0,0,0,0,ffffe26bba0000000000,3001,3001
FPREM1_completed,24,RD,random,830,NAN_RESULT,00000000ffa26bba,0000000064b98d15,ffffe26bba0000000000,ffffe26bba0000000000,00000000ffe26bba,3001,3001,00003f81,1,0,0,0,0,ffffe26bba0000000000,3001,3001
FPREM1_completed,24,RD,random,893,EXCEPTION_FLAGS_MISMATCH,00000000806e6013,00000000b0908b5f,bf80dcc0260000000000,bf80dcc0260000000000,00000000806e6013,3002,3002,00003f80,1,0,0,0,0,bf80dcc0260000000000,3002,3002
FPREM1_completed,24,RD,random,924,INVALID_OR_NONFINITE_INPUT,00000000fff71ab6,000000000d1d63d5,fffff71ab60000000000,fffff71ab60000000000,00000000fff71ab6,3000,3000,00003f80,1,0,0,0,0,fffff71ab60000000000,3000,3000
FPREM1_completed,24,RD,random,924,NAN_RESULT,00000000fff71ab6,000000000d1d63d5,fffff71ab60000000000,fffff71ab60000000000,00000000fff71ab6,3000,3000,00003f80,1,0,0,0,0,fffff71ab60000000000,3000,3000
FPREM1_completed,24,RD,random,1003,INVALID_OR_NONFINITE_INPUT,000000000c5a929d,000000007f9ad902,7fffdad9020000000000,7fffdad9020000000000,000000007fdad902,3001,3001,00003f81,1,0,0,0,0,7fffdad9020000000000,3001,3001
FPREM1_completed,24,RD,random,1003,NAN_RESULT,000000000c5a929d,000000007f9ad902,7fffdad9020000000000,7fffdad9020000000000,000000007fdad902,3001,3001,00003f81,1,0,0,0,0,7fffdad9020000000000,3001,3001
FPREM1_completed,24,RD,random,1105,INVALID_OR_NONFINITE_INPUT,00000000721c9fe9,00000000ff898023,ffffc980230000000000,ffffc980230000000000,00000000ffc98023,3001,3001,00003f81,1,0,0,0,0,ffffc980230000000000,3001,3001
FPREM1_completed,24,RD,random,1105,NAN_RESULT,00000000721c9fe9,00000000ff898023,ffffc980230000000000,ffffc980230000000000,00000000ffc98023,3001,3001,00003f81,1,0,0,0,0,ffffc980230000000000,3001,3001
FPREM1_completed,24,RD,random,1161,EXCEPTION_FLAGS_MISMATCH,00000000803806a9,000000004b857f17,bf7fe01aa40000000000,bf7fe01aa40000000000,00000000803806a9,3002,3002,00003f80,1,0,0,0,0,bf7fe01aa40000000000,3002,3002
FPREM1_completed,24,RD,random,1224,EXCEPTION_FLAGS_MISMATCH,00000000005ea6b7,00000000296bde8c,3f80bd4d6e0000000000,3f80bd4d6e0000000000,00000000005ea6b7,3002,3002,00003f80,1,0,0,0,0,3f80bd4d6e0000000000,3002,3002
FPREM1_completed,24,RD,random,1418,INVALID_OR_NONFINITE_INPUT,000000007a44ee35,00000000ff9ed49a,ffffded49a0000000000,ffffded49a0000000000,00000000ffded49a,3001,3001,00003f81,1,0,0,0,0,ffffded49a0000000000,3001,3001
FPREM1_completed,24,RD,random,1418,NAN_RESULT,000000007a44ee35,00000000ff9ed49a,ffffded49a0000000000,ffffded49a0000000000,00000000ffded49a,3001,3001,00003f81,1,0,0,0,0,ffffded49a0000000000,3001,3001
FPREM1_completed,24,RD,random,1569,INVALID_OR_NONFINITE_INPUT,00000000ffe92963,00000000c04c1a1f,ffffe929630000000000,ffffe929630000000000,00000000ffe92963,3000,3000,00003f80,1,0,0,0,0,ffffe929630000000000,3000,3000
FPREM1_completed,24,RD,random,1569,NAN_RESULT,00000000ffe92963,00000000c04c1a1f,ffffe929630000000000,ffffe929630000000000,00000000ffe92963,3000,3000,00003f80,1,0,0,0,0,ffffe929630000000000,3000,3000
FPREM1_completed,24,RD,random,1578,INVALID_OR_NONFINITE_INPUT,00000000ff90bbcc,0000000040304957,ffffd0bbcc0000000000,ffffd0bbcc0000000000,00000000ffd0bbcc,3001,3001,00003f81,1,0,0,0,0,ffffd0bbcc0000000000,3001,3001
FPREM1_completed,24,RD,random,1578,NAN_RESULT,00000000ff90bbcc,0000000040304957,ffffd0bbcc0000000000,ffffd0bbcc0000000000,00000000ffd0bbcc,3001,3001,00003f81,1,0,0,0,0,ffffd0bbcc0000000000,3001,3001
FPREM1_completed,24,RD,random,1685,INVALID_OR_NONFINITE_INPUT,000000007fe52e26,000000006884b058,7fffe52e260000000000,7fffe52e260000000000,000000007fe52e26,3000,3000,00003f80,1,0,0,0,0,7fffe52e260000000000,3000,3000
FPREM1_completed,24,RD,random,1685,NAN_RESULT,000000007fe52e26,000000006884b058,7fffe52e260000000000,7fffe52e260000000000,000000007fe52e26,3000,3000,00003f80,1,0,0,0,0,7fffe52e260000000000,3000,3000
FPREM1_completed,24,RD,random,1696,EXCEPTION_FLAGS_MISMATCH,0000000080114cd9,00000000a3a8614e,bf7e8a66c80000000000,bf7e8a66c80000000000,0000000080114cd9,3002,3002,00003f80,1,0,0,0,0,bf7e8a66c80000000000,3002,3002
FPREM1_completed,24,RD,random,1755,INVALID_OR_NONFINITE_INPUT,000000007fbb3a11,00000000e7733929,7ffffb3a110000000000,7ffffb3a110000000000,000000007ffb3a11,3001,3001,00003f81,1,0,0,0,0,7ffffb3a110000000000,3001,3001
FPREM1_completed,24,RD,random,1755,NAN_RESULT,000000007fbb3a11,00000000e7733929,7ffffb3a110000000000,7ffffb3a110000000000,000000007ffb3a11,3001,3001,00003f81,1,0,0,0,0,7ffffb3a110000000000,3001,3001
FPREM1_completed,24,RD,random,1862,INVALID_OR_NONFINITE_INPUT,000000007f92c54b,000000005ca74ec7,7fffd2c54b0000000000,7fffd2c54b0000000000,000000007fd2c54b,3001,3001,00003f81,1,0,0,0,0,7fffd2c54b0000000000,3001,3001
FPREM1_completed,24,RD,random,1862,NAN_RESULT,000000007f92c54b,000000005ca74ec7,7fffd2c54b0000000000,7fffd2c54b0000000000,000000007fd2c54b,3001,3001,00003f81,1,0,0,0,0,7fffd2c54b0000000000,3001,3001
FPREM1_completed,24,RD,random,1867,INVALID_OR_NONFINITE_INPUT,0000000045542a5e,00000000ffb74e9f,fffff74e9f0000000000,fffff74e9f0000000000,00000000fff74e9f,3001,3001,00003f81,1,0,0,0,0,fffff74e9f0000000000,3001,3001
FPREM1_completed,24,RD,random,1867,NAN_RESULT,0000000045542a5e,00000000ffb74e9f,fffff74e9f0000000000,fffff74e9f0000000000,00000000fff74e9f,3001,3001,00003f81,1,0,0,0,0,fffff74e9f0000000000,3001,3001
FPREM1_completed,24,RD,random,1870,INVALID_OR_NONFINITE_INPUT,0000000087e9d2db,000000007f9ce634,7fffdce6340000000000,7fffdce6340000000000,000000007fdce634,3001,3001,00003f81,1,0,0,0,0,7fffdce6340000000000,3001,3001
FPREM1_completed,24,RD,random,1870,NAN_RESULT,0000000087e9d2db,000000007f9ce634,7fffdce6340000000000,7fffdce6340000000000,000000007fdce634,3001,3001,00003f81,1,0,0,0,0,7fffdce6340000000000,3001,3001
FPREM1_completed,24,RD,random,1920,INVALID_OR_NONFINITE_INPUT,000000005882ca2f,000000007fde1f8c,7fffde1f8c0000000000,7fffde1f8c0000000000,000000007fde1f8c,3000,3000,00003f80,1,0,0,0,0,7fffde1f8c0000000000,3000,3000
FPREM1_completed,24,RD,random,1920,NAN_RESULT,000000005882ca2f,000000007fde1f8c,7fffde1f8c0000000000,7fffde1f8c0000000000,000000007fde1f8c,3000,3000,00003f80,1,0,0,0,0,7fffde1f8c0000000000,3000,3000
FPREM1_completed,24,RD,random,2045,EXCEPTION_FLAGS_MISMATCH,00000000b4f706eb,0000000000213af5,bf7c886d800000000000,bf7c886d800000000000,000000008004436c,3402,3102,00003f80,2,43,4,4,4,bfbbeaf4400000000000,3002,3402
FPREM1_completed,24,RD,random,2085,INVALID_OR_NONFINITE_INPUT,000000007f843dcd,00000000a3aa9017,7fffc43dcd0000000000,7fffc43dcd0000000000,000000007fc43dcd,3001,3001,00003f81,1,0,0,0,0,7fffc43dcd0000000000,3001,3001
FPREM1_completed,24,RD,random,2085,NAN_RESULT,000000007f843dcd,00000000a3aa9017,7fffc43dcd0000000000,7fffc43dcd0000000000,000000007fc43dcd,3001,3001,00003f81,1,0,0,0,0,7fffc43dcd0000000000,3001,3001
FPREM1_completed,24,RD,random,2088,INVALID_OR_NONFINITE_INPUT,000000007fa3ec23,00000000715a1f9f,7fffe3ec230000000000,7fffe3ec230000000000,000000007fe3ec23,3001,3001,00003f81,1,0,0,0,0,7fffe3ec230000000000,3001,3001
FPREM1_completed,24,RD,random,2088,NAN_RESULT,000000007fa3ec23,00000000715a1f9f,7fffe3ec230000000000,7fffe3ec230000000000,000000007fe3ec23,3001,3001,00003f81,1,0,0,0,0,7fffe3ec230000000000,3001,3001
FPREM1_completed,24,RD,random,2096,EXCEPTION_FLAGS_MISMATCH,0000000000139f6d,000000005bbf993f,3f7e9cfb680000000000,3f7e9cfb680000000000,0000000000139f6d,3002,3002,00003f80,1,0,0,0,0,3f7e9cfb680000000000,3002,3002
FPREM1_completed,24,RD,random,2098,EXCEPTION_FLAGS_MISMATCH,0000000080371a3c,00000000b99fd606,bf7fdc68f00000000000,bf7fdc68f00000000000,0000000080371a3c,3002,3002,00003f80,1,0,0,0,0,bf7fdc68f00000000000,3002,3002
FPREM1_completed,24,RD,random,2290,INVALID_OR_NONFINITE_INPUT,000000007456aac8,000000007ffafc35,7ffffafc350000000000,7ffffafc350000000000,000000007ffafc35,3000,3000,00003f80,1,0,0,0,0,7ffffafc350000000000,3000,3000
FPREM1_completed,24,RD,random,2290,NAN_RESULT,000000007456aac8,000000007ffafc35,7ffffafc350000000000,7ffffafc350000000000,000000007ffafc35,3000,3000,00003f80,1,0,0,0,0,7ffffafc350000000000,3000,3000
FPREM1_completed,24,RD,random,2346,INVALID_OR_NONFINITE_INPUT,00000000ff9ac52d,00000000bd639620,ffffdac52d0000000000,ffffdac52d0000000000,00000000ffdac52d,3001,3001,00003f81,1,0,0,0,0,ffffdac52d0000000000,3001,3001
FPREM1_completed,24,RD,random,2346,NAN_RESULT,00000000ff9ac52d,00000000bd639620,ffffdac52d0000000000,ffffdac52d0000000000,00000000ffdac52d,3001,3001,00003f81,1,0,0,0,0,ffffdac52d0000000000,3001,3001
FPREM1_completed,24,RD,random,2643,EXCEPTION_FLAGS_MISMATCH,00000000804f881c,000000001fcdb982,bf809f10380000000000,bf809f10380000000000,00000000804f881c,3002,3002,00003f80,1,0,0,0,0,bf809f10380000000000,3002,3002
FPREM1_completed,24,RD,random,2681,EXCEPTION_FLAGS_MISMATCH,00000000806f4799,00000000c2b14fd6,bf80de8f320000000000,bf80de8f320000000000,00000000806f4799,3002,3002,00003f80,1,0,0,0,0,bf80de8f320000000000,3002,3002
FPREM1_completed,24,RD,random,2730,EXCEPTION_FLAGS_MISMATCH,000000008025f976,0000000000a6d3f0,bf7f97e5d80000000000,bf7f97e5d80000000000,000000008025f976,3002,3002,00003f80,1,0,0,0,0,bf7f97e5d80000000000,3002,3002
FPREM1_completed,24,RD,random,2769,EXCEPTION_FLAGS_MISMATCH,00000000801e5c30,000000009156f816,bf7ef2e1800000000000,bf7ef2e1800000000000,00000000801e5c30,3002,3002,00003f80,1,0,0,0,0,bf7ef2e1800000000000,3002,3002
FPREM1_completed,24,RD,random,3068,EXCEPTION_FLAGS_MISMATCH,000000008037a746,00000000490c41df,bf7fde9d180000000000,bf7fde9d180000000000,000000008037a746,3002,3002,00003f80,1,0,0,0,0,bf7fde9d180000000000,3002,3002
FPREM1_completed,24,RD,random,3516,EXCEPTION_FLAGS_MISMATCH,000000009caf2bf9,0000000080838759,3f7fe31a400000000000,3f7fe31a400000000000,000000000038c690,3000,3000,00003f82,1,32,0,0,0,3f7fe31a400000000000,3000,3000
FPREM1_completed,24,RD,random,3628,EXCEPTION_FLAGS_MISMATCH,000000000076b33b,00000000d1903489,3f80ed66760000000000,3f80ed66760000000000,000000000076b33b,3002,3002,00003f80,1,0,0,0,0,3f80ed66760000000000,3002,3002
FPREM1_completed,24,RD,random,3838,EXCEPTION_FLAGS_MISMATCH,00000000186d89f2,000000000094e59c,bf7f9124800000000000,bf7f9124800000000000,0000000080244920,3000,3000,00003f82,1,26,0,0,0,bf7f9124800000000000,3000,3000
FPREM1_completed,24,RD,random,163310,VALUE_MISMATCH,000000007fed1393,000000007fbf408e,7fffff408e0000000000,7fffed13930000000000,000000007fed1393,3001,3001,00003f81,1,0,0,0,0,7fffff408e0000000000,3001,3001
FPREM1_completed,24,RD,random,181020,VALUE_MISMATCH,000000007f905a8c,00000000ffdea620,ffffdea6200000000000,7fffd05a8c0000000000,000000007fd05a8c,3001,3001,00003f81,1,0,0,0,0,ffffdea6200000000000,3001,3001
FPREM1_completed,24,RD,random,187735,VALUE_MISMATCH,000000007fe26d70,000000007fa6bfcf,7fffe6bfcf0000000000,7fffe26d700000000000,000000007fe26d70,3001,3001,00003f81,1,0,0,0,0,7fffe6bfcf0000000000,3001,3001
FPREM1_completed,24,RD,random,304033,VALUE_MISMATCH,00000000ffe14635,000000007ff8b845,7ffff8b8450000000000,ffffe146350000000000,00000000ffe14635,3000,3000,00003f80,1,0,0,0,0,7ffff8b8450000000000,3000,3000
FPREM1_completed,24,RD,random,315406,VALUE_MISMATCH,00000000ff9b55da,000000007fa40275,7fffe402750000000000,ffffdb55da0000000000,00000000ffdb55da,3001,3001,00003f81,1,0,0,0,0,7fffe402750000000000,3001,3001
FPREM1_completed,24,RD,random,369110,VALUE_MISMATCH,00000000ff95d10c,00000000ffbda807,fffffda8070000000000,ffffd5d10c0000000000,00000000ffd5d10c,3001,3001,00003f81,1,0,0,0,0,fffffda8070000000000,3001,3001
FPREM1_completed,24,RD,random,735265,VALUE_MISMATCH,000000007fb03a75,000000007ffcb7c0,7ffffcb7c00000000000,7ffff03a750000000000,000000007ff03a75,3001,3001,00003f81,1,0,0,0,0,7ffffcb7c00000000000,3001,3001
FPREM1_completed,24,RD,random,937141,VALUE_MISMATCH,00000000ff9f1ee7,000000007fec2531,7fffec25310000000000,ffffdf1ee70000000000,00000000ffdf1ee7,3001,3001,00003f81,1,0,0,0,0,7fffec25310000000000,3001,3001
FPREM1_completed,24,RD,edge,341,VALUE_MISMATCH,000000007fc00011,00000000ff800222,ffffc002220000000000,7fffc000110000000000,000000007fc00011,3001,3001,00003f81,1,0,0,0,0,ffffc002220000000000,3001,3001
FPREM1_completed,24,RU,random,0,ALL,0000000059f41037,0000000047841268,c00aa80a000000000000,c00aa80a000000000000,00000000c5280a00,7000,7000,00005f80,1,17,2,2,2,c00aa80a000000000000,3000,7000
FPREM1_completed,24,RU,random,0,SINGLE_COMPLETE_FINITE_CASE,0000000059f41037,0000000047841268,c00aa80a000000000000,c00aa80a000000000000,00000000c5280a00,7000,7000,00005f80,1,17,2,2,2,c00aa80a000000000000,3000,7000
FPREM1_completed,24,RU,random,1,ALL,000000001b3431aa,0000000036427b70,3fb6b431aa0000000000,3fb6b431aa0000000000,000000001b3431aa,3000,3000,00005f80,1,0,0,0,0,3fb6b431aa0000000000,3000,3000
FPREM1_completed,24,RU,random,1,SINGLE_COMPLETE_FINITE_CASE,000000001b3431aa,0000000036427b70,3fb6b431aa0000000000,3fb6b431aa0000000000,000000001b3431aa,3000,3000,00005f80,1,0,0,0,0,3fb6b431aa0000000000,3000,3000
FPREM1_completed,24,RU,random,2,ALL,00000000247332e7,000000007d10e6c2,3fc8f332e70000000000,3fc8f332e70000000000,00000000247332e7,3000,3000,00005f80,1,0,0,0,0,3fc8f332e70000000000,3000,3000
FPREM1_completed,24,RU,random,2,SINGLE_COMPLETE_FINITE_CASE,00000000247332e7,000000007d10e6c2,3fc8f332e70000000000,3fc8f332e70000000000,00000000247332e7,3000,3000,00005f80,1,0,0,0,0,3fc8f332e70000000000,3000,3000
FPREM1_completed,24,RU,random,3,ALL,00000000c6b0e40b,000000006b4079e3,c00db0e40b0000000000,c00db0e40b0000000000,00000000c6b0e40b,3000,3000,00005f80,1,0,0,0,0,c00db0e40b0000000000,3000,3000
FPREM1_completed,24,RU,random,3,SINGLE_COMPLETE_FINITE_CASE,00000000c6b0e40b,000000006b4079e3,c00db0e40b0000000000,c00db0e40b0000000000,00000000c6b0e40b,3000,3000,00005f80,1,0,0,0,0,c00db0e40b0000000000,3000,3000
FPREM1_completed,24,RU,random,4,ALL,000000001d88b719,000000009ffd8324,3fbb88b7190000000000,3fbb88b7190000000000,000000001d88b719,3000,3000,00005f80,1,0,0,0,0,3fbb88b7190000000000,3000,3000
FPREM1_completed,24,RU,random,4,SINGLE_COMPLETE_FINITE_CASE,000000001d88b719,000000009ffd8324,3fbb88b7190000000000,3fbb88b7190000000000,000000001d88b719,3000,3000,00005f80,1,0,0,0,0,3fbb88b7190000000000,3000,3000
FPREM1_completed,24,RU,random,5,ALL,000000005503e50f,00000000e65a440b,402a83e50f0000000000,402a83e50f0000000000,000000005503e50f,3000,3000,00005f80,1,0,0,0,0,402a83e50f0000000000,3000,3000
FPREM1_completed,24,RU,random,5,SINGLE_COMPLETE_FINITE_CASE,000000005503e50f,00000000e65a440b,402a83e50f0000000000,402a83e50f0000000000,000000005503e50f,3000,3000,00005f80,1,0,0,0,0,402a83e50f0000000000,3000,3000
FPREM1_completed,24,RU,random,6,ALL,00000000e3a7b6be,00000000304c687b,bfddc03e580000000000,bfddc03e580000000000,00000000aec03e58,3400,7300,00005f80,2,45,7,7,1,c01bf95a800000000000,3000,3400
FPREM1_completed,24,RU,random,6,X87_MULTISTEP,00000000e3a7b6be,00000000304c687b,bfddc03e580000000000,bfddc03e580000000000,00000000aec03e58,3400,7300,00005f80,2,45,7,7,1,c01bf95a800000000000,3000,3400
FPREM1_completed,24,RU,random,6,QUOTIENT_SIGNED_BITS_DIFFER,00000000e3a7b6be,00000000304c687b,bfddc03e580000000000,bfddc03e580000000000,00000000aec03e58,3400,7300,00005f80,2,45,7,7,1,c01bf95a800000000000,3000,3400
FPREM1_completed,24,RU,random,6,SINGLE_INSTRUCTION_VALUE_MISMATCH,00000000e3a7b6be,00000000304c687b,bfddc03e580000000000,bfddc03e580000000000,00000000aec03e58,3400,7300,00005f80,2,45,7,7,1,c01bf95a800000000000,3000,3400
FPREM1_completed,24,RU,random,6,SINGLE_INSTRUCTION_C2_PARTIAL,00000000e3a7b6be,00000000304c687b,bfddc03e580000000000,bfddc03e580000000000,00000000aec03e58,3400,7300,00005f80,2,45,7,7,1,c01bf95a800000000000,3000,3400
FPREM1_completed,24,RU,random,7,ALL,00000000041fd13f,000000007d97cc0b,3f889fd13f0000000000,3f889fd13f0000000000,00000000041fd13f,3000,3000,00005f80,1,0,0,0,0,3f889fd13f0000000000,3000,3000
FPREM1_completed,24,RU,random,7,SINGLE_COMPLETE_FINITE_CASE,00000000041fd13f,000000007d97cc0b,3f889fd13f0000000000,3f889fd13f0000000000,00000000041fd13f,3000,3000,00005f80,1,0,0,0,0,3f889fd13f0000000000,3000,3000
FPREM1_completed,24,RU,random,8,ALL,00000000a70b20ff,000000008da1932d,bf98a6a0500000000000,bf98a6a0500000000000,000000008c26a050,7100,7100,00005f80,1,28,6,6,6,bf98a6a0500000000000,3000,7100
FPREM1_completed,24,RU,random,8,SINGLE_COMPLETE_FINITE_CASE,00000000a70b20ff,000000008da1932d,bf98a6a0500000000000,bf98a6a0500000000000,000000008c26a050,7100,7100,00005f80,1,28,6,6,6,bf98a6a0500000000000,3000,7100
FPREM1_completed,24,RU,random,9,ALL,0000000007ecca11,00000000b1112f51,3f8fecca110000000000,3f8fecca110000000000,0000000007ecca11,3000,3000,00005f80,1,0,0,0,0,3f8fecca110000000000,3000,3000
FPREM1_completed,24,RU,random,9,SINGLE_COMPLETE_FINITE_CASE,0000000007ecca11,00000000b1112f51,3f8fecca110000000000,3f8fecca110000000000,0000000007ecca11,3000,3000,00005f80,1,0,0,0,0,3f8fecca110000000000,3000,3000
FPREM1_completed,24,RU,random,10,ALL,0000000091069bad,000000000e54a52d,3f9bcf11ea0000000000,3f9bcf11ea0000000000,000000000dcf11ea,3000,3200,00005f80,1,2,1,1,7,3f9bcf11ea0000000000,3000,3200
FPREM1_completed,24,RU,random,10,QUOTIENT_SIGNED_BITS_DIFFER,0000000091069bad,000000000e54a52d,3f9bcf11ea0000000000,3f9bcf11ea0000000000,000000000dcf11ea,3000,3200,00005f80,1,2,1,1,7,3f9bcf11ea0000000000,3000,3200
FPREM1_completed,24,RU,random,10,SINGLE_COMPLETE_FINITE_CASE,0000000091069bad,000000000e54a52d,3f9bcf11ea0000000000,3f9bcf11ea0000000000,000000000dcf11ea,3000,3200,00005f80,1,2,1,1,7,3f9bcf11ea0000000000,3000,3200
FPREM1_completed,24,RU,random,11,ALL,00000000b1a55a7f,000000000e25814e,bf99bdd7e00000000000,bf99bdd7e00000000000,000000008cbdd7e0,3400,7100,00005f80,2,45,6,6,2,bfbab64c500000000000,3000,3400
FPREM1_completed,24,RU,random,11,X87_MULTISTEP,00000000b1a55a7f,000000000e25814e,bf99bdd7e00000000000,bf99bdd7e00000000000,000000008cbdd7e0,3400,7100,00005f80,2,45,6,6,2,bfbab64c500000000000,3000,3400
FPREM1_completed,24,RU,random,11,QUOTIENT_SIGNED_BITS_DIFFER,00000000b1a55a7f,000000000e25814e,bf99bdd7e00000000000,bf99bdd7e00000000000,000000008cbdd7e0,3400,7100,00005f80,2,45,6,6,2,bfbab64c500000000000,3000,3400
FPREM1_completed,24,RU,random,11,SINGLE_INSTRUCTION_VALUE_MISMATCH,00000000b1a55a7f,000000000e25814e,bf99bdd7e00000000000,bf99bdd7e00000000000,000000008cbdd7e0,3400,7100,00005f80,2,45,6,6,2,bfbab64c500000000000,3000,3400
FPREM1_completed,24,RU,random,11,SINGLE_INSTRUCTION_C2_PARTIAL,00000000b1a55a7f,000000000e25814e,bf99bdd7e00000000000,bf99bdd7e00000000000,000000008cbdd7e0,3400,7100,00005f80,2,45,6,6,2,bfbab64c500000000000,3000,3400
FPREM1_completed,24,RU,random,12,ALL,0000000049bee1a0,00000000fb70df6d,4013bee1a00000000000,4013bee1a00000000000,0000000049bee1a0,3000,3000,00005f80,1,0,0,0,0,4013bee1a00000000000,3000,3000
FPREM1_completed,24,RU,random,12,SINGLE_COMPLETE_FINITE_CASE,0000000049bee1a0,00000000fb70df6d,4013bee1a00000000000,4013bee1a00000000000,0000000049bee1a0,3000,3000,00005f80,1,0,0,0,0,4013bee1a00000000000,3000,3000
FPREM1_completed,24,RU,random,13,ALL,00000000237f2b9d,000000004f44c27e,3fc6ff2b9d0000000000,3fc6ff2b9d0000000000,00000000237f2b9d,3000,3000,00005f80,1,0,0,0,0,3fc6ff2b9d0000000000,3000,3000
FPREM1_completed,24,RU,random,13,SINGLE_COMPLETE_FINITE_CASE,00000000237f2b9d,000000004f44c27e,3fc6ff2b9d0000000000,3fc6ff2b9d0000000000,00000000237f2b9d,3000,3000,00005f80,1,0,0,0,0,3fc6ff2b9d0000000000,3000,3000
FPREM1_completed,24,RU,random,14,ALL,00000000d1805aff,00000000c49fca9b,c00889fa340000000000,c00889fa340000000000,00000000c409fa34,7000,7000,00005f80,1,11,2,2,2,c00889fa340000000000,3000,7000
FPREM1_completed,24,RU,random,14,SINGLE_COMPLETE_FINITE_CASE,00000000d1805aff,00000000c49fca9b,c00889fa340000000000,c00889fa340000000000,00000000c409fa34,7000,7000,00005f80,1,11,2,2,2,c00889fa340000000000,3000,7000
FPREM1_completed,24,RU,random,15,ALL,00000000190f62c4,00000000462405c7,3fb28f62c40000000000,3fb28f62c40000000000,00000000190f62c4,3000,3000,00005f80,1,0,0,0,0,3fb28f62c40000000000,3000,3000
FPREM1_completed,24,RU,random,15,SINGLE_COMPLETE_FINITE_CASE,00000000190f62c4,00000000462405c7,3fb28f62c40000000000,3fb28f62c40000000000,00000000190f62c4,3000,3000,00005f80,1,0,0,0,0,3fb28f62c40000000000,3000,3000
FPREM1_completed,24,RU,random,16,ALL,00000000d28a21d8,00000000a86d8353,3fcf8b0e180000000000,3fcf8b0e180000000000,00000000278b0e18,3400,3100,00005f80,2,48,4,4,4,bfefba7a8a0000000000,3000,3400
FPREM1_completed,24,RU,random,16,X87_MULTISTEP,00000000d28a21d8,00000000a86d8353,3fcf8b0e180000000000,3fcf8b0e180000000000,00000000278b0e18,3400,3100,00005f80,2,48,4,4,4,bfefba7a8a0000000000,3000,3400
FPREM1_completed,24,RU,random,16,SINGLE_INSTRUCTION_VALUE_MISMATCH,00000000d28a21d8,00000000a86d8353,3fcf8b0e180000000000,3fcf8b0e180000000000,00000000278b0e18,3400,3100,00005f80,2,48,4,4,4,bfefba7a8a0000000000,3000,3400
FPREM1_completed,24,RU,random,16,SINGLE_INSTRUCTION_C2_PARTIAL,00000000d28a21d8,00000000a86d8353,3fcf8b0e180000000000,3fcf8b0e180000000000,00000000278b0e18,3400,3100,00005f80,2,48,4,4,4,bfefba7a8a0000000000,3000,3400
FPREM1_completed,24,RU,random,17,ALL,000000001bae6945,00000000f189085d,3fb7ae69450000000000,3fb7ae69450000000000,000000001bae6945,3000,3000,00005f80,1,0,0,0,0,3fb7ae69450000000000,3000,3000
FPREM1_completed,24,RU,random,17,SINGLE_COMPLETE_FINITE_CASE,000000001bae6945,00000000f189085d,3fb7ae69450000000000,3fb7ae69450000000000,000000001bae6945,3000,3000,00005f80,1,0,0,0,0,3fb7ae69450000000000,3000,3000
FPREM1_completed,24,RU,random,18,ALL,0000000067a4546d,00000000f22bfcd7,404fa4546d0000000000,404fa4546d0000000000,0000000067a4546d,3000,3000,00005f80,1,0,0,0,0,404fa4546d0000000000,3000,3000
FPREM1_completed,24,RU,random,18,SINGLE_COMPLETE_FINITE_CASE,0000000067a4546d,00000000f22bfcd7,404fa4546d0000000000,404fa4546d0000000000,0000000067a4546d,3000,3000,00005f80,1,0,0,0,0,404fa4546d0000000000,3000,3000
FPREM1_completed,24,RU,random,19,ALL,00000000d94c71bc,000000003aa528a2,bff3c3ccb00000000000,bff3c3ccb00000000000,00000000b9c3ccb0,7000,7000,00005f80,1,38,2,2,6,bff3c3ccb00000000000,3000,7000
FPREM1_completed,24,RU,random,19,QUOTIENT_SIGNED_BITS_DIFFER,00000000d94c71bc,000000003aa528a2,bff3c3ccb00000000000,bff3c3ccb00000000000,00000000b9c3ccb0,7000,7000,00005f80,1,38,2,2,6,bff3c3ccb00000000000,3000,7000
FPREM1_completed,24,RU,random,19,SINGLE_COMPLETE_FINITE_CASE,00000000d94c71bc,000000003aa528a2,bff3c3ccb00000000000,bff3c3ccb00000000000,00000000b9c3ccb0,7000,7000,00005f80,1,38,2,2,6,bff3c3ccb00000000000,3000,7000
FPREM1_completed,24,RU,random,20,SINGLE_COMPLETE_FINITE_CASE,0000000014b3258b,00000000d5414b93,3fa9b3258b0000000000,3fa9b3258b0000000000,0000000014b3258b,3000,3000,00005f80,1,0,0,0,0,3fa9b3258b0000000000,3000,3000
FPREM1_completed,24,RU,random,21,QUOTIENT_SIGNED_BITS_DIFFER,000000000200d818,000000008251e8ff,bf83a221ce0000000000,bf83a221ce0000000000,0000000081a221ce,3000,3200,00005f80,1,0,1,1,7,bf83a221ce0000000000,3000,3200
FPREM1_completed,24,RU,random,21,SINGLE_COMPLETE_FINITE_CASE,000000000200d818,000000008251e8ff,bf83a221ce0000000000,bf83a221ce0000000000,0000000081a221ce,3000,3200,00005f80,1,0,1,1,7,bf83a221ce0000000000,3000,3200
FPREM1_completed,24,RU,random,22,SINGLE_COMPLETE_FINITE_CASE,00000000068ce4c8,00000000c4042814,3f8d8ce4c80000000000,3f8d8ce4c80000000000,00000000068ce4c8,3000,3000,00005f80,1,0,0,0,0,3f8d8ce4c80000000000,3000,3000
FPREM1_completed,24,RU,random,28,X87_MULTISTEP,00000000770d693a,00000000d46d3116,c0279bc6800000000000,c0279bc6800000000000,00000000d39bc680,3400,3000,00005f80,2,42,0,0,0,4048a62e040000000000,3000,3400
FPREM1_completed,24,RU,random,28,SINGLE_INSTRUCTION_VALUE_MISMATCH,00000000770d693a,00000000d46d3116,c0279bc6800000000000,c0279bc6800000000000,00000000d39bc680,3400,3000,00005f80,2,42,0,0,0,4048a62e040000000000,3000,3400
FPREM1_completed,24,RU,random,28,SINGLE_INSTRUCTION_C2_PARTIAL,00000000770d693a,00000000d46d3116,c0279bc6800000000000,c0279bc6800000000000,00000000d39bc680,3400,3000,00005f80,2,42,0,0,0,4048a62e040000000000,3000,3400
FPREM1_completed,24,RU,random,37,X87_MULTISTEP,00000000fc6000ba,00000000ac78ca42,3fd7b29d9c0000000000,3fd7b29d9c0000000000,000000002bb29d9c,3400,7300,00005f80,4,86,7,7,7,c0588b44260000000000,3000,3400
FPREM1_completed,24,RU,random,37,SINGLE_INSTRUCTION_VALUE_MISMATCH,00000000fc6000ba,00000000ac78ca42,3fd7b29d9c0000000000,3fd7b29d9c0000000000,000000002bb29d9c,3400,7300,00005f80,4,86,7,7,7,c0588b44260000000000,3000,3400
FPREM1_completed,24,RU,random,37,SINGLE_INSTRUCTION_C2_PARTIAL,00000000fc6000ba,00000000ac78ca42,3fd7b29d9c0000000000,3fd7b29d9c0000000000,000000002bb29d9c,3400,7300,00005f80,4,86,7,7,7,c0588b44260000000000,3000,3400
FPREM1_completed,24,RU,random,38,X87_MULTISTEP,000000007578251a,000000000977c35b,3f8dc91b000000000000,3f8dc91b000000000000,0000000006c91b00,3400,3000,00005f80,4,108,0,0,0,4032d8a8470000000000,3000,3400
FPREM1_completed,24,RU,random,38,SINGLE_INSTRUCTION_VALUE_MISMATCH,000000007578251a,000000000977c35b,3f8dc91b000000000000,3f8dc91b000000000000,0000000006c91b00,3400,3000,00005f80,4,108,0,0,0,4032d8a8470000000000,3000,3400
FPREM1_completed,24,RU,random,38,SINGLE_INSTRUCTION_C2_PARTIAL,000000007578251a,000000000977c35b,3f8dc91b000000000000,3f8dc91b000000000000,0000000006c91b00,3400,3000,00005f80,4,108,0,0,0,4032d8a8470000000000,3000,3400
FPREM1_completed,24,RU,random,41,X87_MULTISTEP,0000000078a5afe8,00000000512f554a,c0219a80480000000000,c0219a80480000000000,00000000d09a8048,3400,7000,00005f80,2,45,2,2,2,404288e2de0000000000,3000,3400
FPREM1_completed,24,RU,random,41,SINGLE_INSTRUCTION_VALUE_MISMATCH,0000000078a5afe8,00000000512f554a,c0219a80480000000000,c0219a80480000000000,00000000d09a8048,3400,7000,00005f80,2,45,2,2,2,404288e2de0000000000,3000,3400
FPREM1_completed,24,RU,random,41,SINGLE_INSTRUCTION_C2_PARTIAL,0000000078a5afe8,00000000512f554a,c0219a80480000000000,c0219a80480000000000,00000000d09a8048,3400,7000,00005f80,2,45,2,2,2,404288e2de0000000000,3000,3400
FPREM1_completed,24,RU,random,43,X87_MULTISTEP,00000000f127fc8e,000000000abc999e,bf90d938400000000000,bf90d938400000000000,0000000088593840,3400,3200,00005f80,4,93,1,1,7,c032da1f700000000000,3000,3400
FPREM1_completed,24,RU,random,43,QUOTIENT_SIGNED_BITS_DIFFER,00000000f127fc8e,000000000abc999e,bf90d938400000000000,bf90d938400000000000,0000000088593840,3400,3200,00005f80,4,93,1,1,7,c032da1f700000000000,3000,3400
FPREM1_completed,24,RU,random,43,SINGLE_INSTRUCTION_VALUE_MISMATCH,00000000f127fc8e,000000000abc999e,bf90d938400000000000,bf90d938400000000000,0000000088593840,3400,3200,00005f80,4,93,1,1,7,c032da1f700000000000,3000,3400
FPREM1_completed,24,RU,random,43,SINGLE_INSTRUCTION_C2_PARTIAL,00000000f127fc8e,000000000abc999e,bf90d938400000000000,bf90d938400000000000,0000000088593840,3400,3200,00005f80,4,93,1,1,7,c032da1f700000000000,3000,3400
FPREM1_completed,24,RU,random,49,X87_MULTISTEP,00000000de56c7a7,000000008ec78966,3f9ba703200000000000,3f9ba703200000000000,000000000da70320,3400,3100,00005f80,3,81,4,4,4,bffc8659540000000000,3000,3400
FPREM1_completed,24,RU,random,49,SINGLE_INSTRUCTION_VALUE_MISMATCH,00000000de56c7a7,000000008ec78966,3f9ba703200000000000,3f9ba703200000000000,000000000da70320,3400,3100,00005f80,3,81,4,4,4,bffc8659540000000000,3000,3400
FPREM1_completed,24,RU,random,49,SINGLE_INSTRUCTION_C2_PARTIAL,00000000de56c7a7,000000008ec78966,3f9ba703200000000000,3f9ba703200000000000,000000000da70320,3400,3100,00005f80,3,81,4,4,4,bffc8659540000000000,3000,3400
FPREM1_completed,24,RU,random,50,X87_MULTISTEP,0000000073970392,00000000ab67d52d,bfd4a489d40000000000,bfd4a489d40000000000,00000000aa2489d4,3400,3200,00005f80,3,67,1,1,7,4036d002660000000000,3000,3400
FPREM1_completed,24,RU,random,50,QUOTIENT_SIGNED_BITS_DIFFER,0000000073970392,00000000ab67d52d,bfd4a489d40000000000,bfd4a489d40000000000,00000000aa2489d4,3400,3200,00005f80,3,67,1,1,7,4036d002660000000000,3000,3400
FPREM1_completed,24,RU,random,50,SINGLE_INSTRUCTION_VALUE_MISMATCH,0000000073970392,00000000ab67d52d,bfd4a489d40000000000,bfd4a489d40000000000,00000000aa2489d4,3400,3200,00005f80,3,67,1,1,7,4036d002660000000000,3000,3400
FPREM1_completed,24,RU,random,50,SINGLE_INSTRUCTION_C2_PARTIAL,0000000073970392,00000000ab67d52d,bfd4a489d40000000000,bfd4a489d40000000000,00000000aa2489d4,3400,3200,00005f80,3,67,1,1,7,4036d002660000000000,3000,3400
FPREM1_completed,24,RU,random,54,X87_MULTISTEP,000000006d4aacef,000000003b078ed6,bff4d12f580000000000,bff4d12f580000000000,00000000ba512f58,3400,3200,00005f80,2,57,1,1,1,4034e912580000000000,3000,3400
FPREM1_completed,24,RU,random,54,SINGLE_INSTRUCTION_VALUE_MISMATCH,000000006d4aacef,000000003b078ed6,bff4d12f580000000000,bff4d12f580000000000,00000000ba512f58,3400,3200,00005f80,2,57,1,1,1,4034e912580000000000,3000,3400
FPREM1_completed,24,RU,random,54,SINGLE_INSTRUCTION_C2_PARTIAL,000000006d4aacef,000000003b078ed6,bff4d12f580000000000,bff4d12f580000000000,00000000ba512f58,3400,3200,00005f80,2,57,1,1,1,4034e912580000000000,3000,3400
FPREM1_completed,24,RU,random,56,X87_MULTISTEP,00000000d64c2a40,000000002ed3fc27,3fd9c377500000000000,3fd9c377500000000000,000000002cc37750,3400,7200,00005f80,2,42,3,3,5,bffba569b80000000000,3000,3400
FPREM1_completed,24,RU,random,56,QUOTIENT_SIGNED_BITS_DIFFER,00000000d64c2a40,000000002ed3fc27,3fd9c377500000000000,3fd9c377500000000000,000000002cc37750,3400,7200,00005f80,2,42,3,3,5,bffba569b80000000000,3000,3400
FPREM1_completed,24,RU,random,56,SINGLE_INSTRUCTION_VALUE_MISMATCH,00000000d64c2a40,000000002ed3fc27,3fd9c377500000000000,3fd9c377500000000000,000000002cc37750,3400,7200,00005f80,2,42,3,3,5,bffba569b80000000000,3000,3400
FPREM1_completed,24,RU,random,56,SINGLE_INSTRUCTION_C2_PARTIAL,00000000d64c2a40,000000002ed3fc27,3fd9c377500000000000,3fd9c377500000000000,000000002cc37750,3400,7200,00005f80,2,42,3,3,5,bffba569b80000000000,3000,3400
FPREM1_completed,24,RU,random,57,QUOTIENT_SIGNED_BITS_DIFFER,0000000031407d57,00000000a6605818,bfc9b4fbc00000000000,bfc9b4fbc00000000000,00000000a4b4fbc0,3100,3300,00005f80,1,12,5,5,3,bfc9b4fbc00000000000,3000,3300
FPREM1_completed,24,RU,random,61,X87_MULTISTEP,00000000f2e371c2,000000001af5266f,3fb4eb761c0000000000,3fb4eb761c0000000000,000000001a6b761c,3400,7000,00005f80,4,89,2,2,6,c032e781c00000000000,3000,3400
FPREM1_completed,24,RU,random,61,QUOTIENT_SIGNED_BITS_DIFFER,00000000f2e371c2,000000001af5266f,3fb4eb761c0000000000,3fb4eb761c0000000000,000000001a6b761c,3400,7000,00005f80,4,89,2,2,6,c032e781c00000000000,3000,3400
FPREM1_completed,24,RU,random,61,SINGLE_INSTRUCTION_VALUE_MISMATCH,00000000f2e371c2,000000001af5266f,3fb4eb761c0000000000,3fb4eb761c0000000000,000000001a6b761c,3400,7000,00005f80,4,89,2,2,6,c032e781c00000000000,3000,3400
FPREM1_completed,24,RU,random,61,SINGLE_INSTRUCTION_C2_PARTIAL,00000000f2e371c2,000000001af5266f,3fb4eb761c0000000000,3fb4eb761c0000000000,000000001a6b761c,3400,7000,00005f80,4,89,2,2,6,c032e781c00000000000,3000,3400
FPREM1_completed,24,RU,random,64,INVALID_OR_NONFINITE_INPUT,00000000fff5b85a,00000000eacc0f02,fffff5b85a0000000000,fffff5b85a0000000000,00000000fff5b85a,3000,3000,00005f80,1,0,0,0,0,fffff5b85a0000000000,3000,3000
FPREM1_completed,24,RU,random,64,NAN_RESULT,00000000fff5b85a,00000000eacc0f02,fffff5b85a0000000000,fffff5b85a0000000000,00000000fff5b85a,3000,3000,00005f80,1,0,0,0,0,fffff5b85a0000000000,3000,3000
FPREM1_completed,24,RU,random,66,X87_MULTISTEP,000000005f3aad52,000000009b4b2844,3fb4bbe3700000000000,3fb4bbe3700000000000,000000001a3be370,3400,3200,00005f80,3,62,1,1,7,4011f252800000000000,3000,3400
FPREM1_completed,24,RU,random,66,QUOTIENT_SIGNED_BITS_DIFFER,000000005f3aad52,000000009b4b2844,3fb4bbe3700000000000,3fb4bbe3700000000000,000000001a3be370,3400,3200,00005f80,3,62,1,1,7,4011f252800000000000,3000,3400
FPREM1_completed,24,RU,random,66,SINGLE_INSTRUCTION_VALUE_MISMATCH,000000005f3aad52,000000009b4b2844,3fb4bbe3700000000000,3fb4bbe3700000000000,000000001a3be370,3400,3200,00005f80,3,62,1,1,7,4011f252800000000000,3000,3400
FPREM1_completed,24,RU,random,66,SINGLE_INSTRUCTION_C2_PARTIAL,000000005f3aad52,000000009b4b2844,3fb4bbe3700000000000,3fb4bbe3700000000000,000000001a3be370,3400,3200,00005f80,3,62,1,1,7,4011f252800000000000,3000,3400
FPREM1_completed,24,RU,random,69,QUOTIENT_SIGNED_BITS_DIFFER,000000003e68031a,000000009f05d035,3fbc8072ac0000000000,3fbc8072ac0000000000,000000001e0072ac,3000,3200,00005f80,1,35,1,1,7,3fbc8072ac0000000000,3000,3200
FPREM1_completed,24,RU,random,70,X87_MULTISTEP,00000000d5c993fc,0000000089bf1655,3f92a8697c0000000000,3f92a8697c0000000000,000000000928697c,3400,7100,00005f80,3,85,6,6,6,bff3a4abea0000000000,3000,3400
FPREM1_completed,24,RU,random,70,SINGLE_INSTRUCTION_VALUE_MISMATCH,00000000d5c993fc,0000000089bf1655,3f92a8697c0000000000,3f92a8697c0000000000,000000000928697c,3400,7100,00005f80,3,85,6,6,6,bff3a4abea0000000000,3000,3400
FPREM1_completed,24,RU,random,70,SINGLE_INSTRUCTION_C2_PARTIAL,00000000d5c993fc,0000000089bf1655,3f92a8697c0000000000,3f92a8697c0000000000,000000000928697c,3400,7100,00005f80,3,85,6,6,6,bff3a4abea0000000000,3000,3400
FPREM1_completed,24,RU,random,74,X87_MULTISTEP,000000007062ebf6,000000004df97796,401af05afc0000000000,401af05afc0000000000,000000004d705afc,3400,7200,00005f80,2,38,3,3,3,403af3d5a40000000000,3000,3400
FPREM1_completed,24,RU,random,74,SINGLE_INSTRUCTION_VALUE_MISMATCH,000000007062ebf6,000000004df97796,401af05afc0000000000,401af05afc0000000000,000000004d705afc,3400,7200,00005f80,2,38,3,3,3,403af3d5a40000000000,3000,3400
FPREM1_completed,24,RU,random,74,SINGLE_INSTRUCTION_C2_PARTIAL,000000007062ebf6,000000004df97796,401af05afc0000000000,401af05afc0000000000,000000004d705afc,3400,7200,00005f80,2,38,3,3,3,403af3d5a40000000000,3000,3400
FPREM1_completed,24,RU,random,75,QUOTIENT_SIGNED_BITS_DIFFER,000000006f57ddd6,00000000ed03840b,405889d1080000000000,405889d1080000000000,000000006c09d108,7000,7000,00005f80,1,3,2,2,6,405889d1080000000000,3000,7000
FPREM1_completed,24,RU,random,79,X87_MULTISTEP,00000000e3afd8c6,00000000aa9fe2fa,bfd4815c9c0000000000,bfd4815c9c0000000000,00000000aa015c9c,3400,3300,00005f80,3,53,5,5,5,c0158470c00000000000,3000,3400
FPREM1_completed,24,RU,random,79,SINGLE_INSTRUCTION_VALUE_MISMATCH,00000000e3afd8c6,00000000aa9fe2fa,bfd4815c9c0000000000,bfd4815c9c0000000000,00000000aa015c9c,3400,3300,00005f80,3,53,5,5,5,c0158470c00000000000,3000,3400
FPREM1_completed,24,RU,random,79,SINGLE_INSTRUCTION_C2_PARTIAL,00000000e3afd8c6,00000000aa9fe2fa,bfd4815c9c0000000000,bfd4815c9c0000000000,00000000aa015c9c,3400,3300,00005f80,3,53,5,5,5,c0158470c00000000000,3000,3400
FPREM1_completed,24,RU,random,81,X87_MULTISTEP,000000006f201df4,00000000cd9168d5,c019aec5680000000000,c019aec5680000000000,00000000ccaec568,3400,7000,00005f80,2,34,2,2,6,4039f6df1c0000000000,3000,3400
FPREM1_completed,24,RU,random,81,QUOTIENT_SIGNED_BITS_DIFFER,000000006f201df4,00000000cd9168d5,c019aec5680000000000,c019aec5680000000000,00000000ccaec568,3400,7000,00005f80,2,34,2,2,6,4039f6df1c0000000000,3000,3400
FPREM1_completed,24,RU,random,81,SINGLE_INSTRUCTION_VALUE_MISMATCH,000000006f201df4,00000000cd9168d5,c019aec5680000000000,c019aec5680000000000,00000000ccaec568,3400,7000,00005f80,2,34,2,2,6,4039f6df1c0000000000,3000,3400
FPREM1_completed,24,RU,random,81,SINGLE_INSTRUCTION_C2_PARTIAL,000000006f201df4,00000000cd9168d5,c019aec5680000000000,c019aec5680000000000,00000000ccaec568,3400,7000,00005f80,2,34,2,2,6,4039f6df1c0000000000,3000,3400
FPREM1_completed,24,RU,random,82,X87_MULTISTEP,0000000076570397,00000000a5a9bcad,3fc983bb2c0000000000,3fc983bb2c0000000000,000000002483bb2c,3400,3200,00005f80,4,80,1,1,7,404b9472bf0000000000,3000,3400
FPREM1_completed,24,RU,random,82,QUOTIENT_SIGNED_BITS_DIFFER,0000000076570397,00000000a5a9bcad,3fc983bb2c0000000000,3fc983bb2c0000000000,000000002483bb2c,3400,3200,00005f80,4,80,1,1,7,404b9472bf0000000000,3000,3400
FPREM1_completed,24,RU,random,82,SINGLE_INSTRUCTION_VALUE_MISMATCH,0000000076570397,00000000a5a9bcad,3fc983bb2c0000000000,3fc983bb2c0000000000,000000002483bb2c,3400,3200,00005f80,4,80,1,1,7,404b9472bf0000000000,3000,3400
FPREM1_completed,24,RU,random,82,SINGLE_INSTRUCTION_C2_PARTIAL,0000000076570397,00000000a5a9bcad,3fc983bb2c0000000000,3fc983bb2c0000000000,000000002483bb2c,3400,3200,00005f80,4,80,1,1,7,404b9472bf0000000000,3000,3400
FPREM1_completed,24,RU,random,85,X87_MULTISTEP,00000000caf458ec,00000000913553de,3f9fedae200000000000,3f9fedae200000000000,000000000fedae20,3400,7100,00005f80,2,58,6,6,6,bfdebf4da00000000000,3000,3400
FPREM1_completed,24,RU,random,85,SINGLE_INSTRUCTION_VALUE_MISMATCH,00000000caf458ec,00000000913553de,3f9fedae200000000000,3f9fedae200000000000,000000000fedae20,3400,7100,00005f80,2,58,6,6,6,bfdebf4da00000000000,3000,3400
FPREM1_completed,24,RU,random,85,SINGLE_INSTRUCTION_C2_PARTIAL,00000000caf458ec,00000000913553de,3f9fedae200000000000,3f9fedae200000000000,000000000fedae20,3400,7100,00005f80,2,58,6,6,6,bfdebf4da00000000000,3000,3400
FPREM1_completed,24,RU,random,89,QUOTIENT_SIGNED_BITS_DIFFER,00000000a8dfcf6c,000000001ddd1323,3fbaad31220000000000,3fbaad31220000000000,000000001d2d3122,7000,7200,00005f80,1,10,3,3,5,3fbaad31220000000000,3000,7200
FPREM1_completed,24,RU,random,101,QUOTIENT_SIGNED_BITS_DIFFER,0000000070c2b1e7,00000000a6e0fa78,3fcbc445400000000000,3fcbc445400000000000,0000000025c44540,3400,7000,00005f80,3,74,2,2,6,402d8f58380000000000,3000,3400
FPREM1_completed,24,RU,random,105,QUOTIENT_SIGNED_BITS_DIFFER,0000000039d4b32c,00000000838191dc,bf85a670500000000000,bf85a670500000000000,0000000082a67050,3400,7200,00005f80,2,57,3,3,5,3fc6f45ab80000000000,3000,3400
FPREM1_completed,24,RU,random,108,QUOTIENT_SIGNED_BITS_DIFFER,0000000077d8aab0,00000000b02c7d0a,3fdec378280000000000,3fdec378280000000000,000000002f437828,3400,7300,00005f80,3,73,7,7,1,403f80e0880000000000,3000,3400
FPREM1_completed,24,RU,random,109,QUOTIENT_SIGNED_BITS_DIFFER,00000000a239da83,00000000210ae6fb,bfc0c39c940000000000,bfc0c39c940000000000,00000000a0439c94,3100,3300,00005f80,1,2,5,5,3,bfc0c39c940000000000,3000,3300
FPREM1_completed,24,RU,random,265,INVALID_OR_NONFINITE_INPUT,000000007fcfd6be,0000000027bb93e3,7fffcfd6be0000000000,7fffcfd6be0000000000,000000007fcfd6be,3000,3000,00005f80,1,0,0,0,0,7fffcfd6be0000000000,3000,3000
FPREM1_completed,24,RU,random,265,NAN_RESULT,000000007fcfd6be,0000000027bb93e3,7fffcfd6be0000000000,7fffcfd6be0000000000,000000007fcfd6be,3000,3000,00005f80,1,0,0,0,0,7fffcfd6be0000000000,3000,3000
FPREM1_completed,24,RU,random,305,EXCEPTION_FLAGS_MISMATCH,00000000804f17e9,0000000010edda30,bf809e2fd20000000000,bf809e2fd20000000000,00000000804f17e9,3002,3002,00005f80,1,0,0,0,0,bf809e2fd20000000000,3002,3002
FPREM1_completed,24,RU,random,321,EXCEPTION_FLAGS_MISMATCH,000000000075586a,000000001c54d842,3f80eab0d40000000000,3f80eab0d40000000000,000000000075586a,3002,3002,00005f80,1,0,0,0,0,3f80eab0d40000000000,3002,3002
FPREM1_completed,24,RU,random,334,EXCEPTION_FLAGS_MISMATCH,00000000a9eb0ffc,000000008081f110,3f7d925c000000000000,3f7d925c000000000000,00000000000925c0,3400,3100,00005f82,2,47,4,4,4,bf9f8e98400000000000,3000,3400
FPREM1_completed,24,RU,random,578,INVALID_OR_NONFINITE_INPUT,00000000ffdbf494,00000000fc3118cd,ffffdbf4940000000000,ffffdbf4940000000000,00000000ffdbf494,3000,3000,00005f80,1,0,0,0,0,ffffdbf4940000000000,3000,3000
FPREM1_completed,24,RU,random,578,NAN_RESULT,00000000ffdbf494,00000000fc3118cd,ffffdbf4940000000000,ffffdbf4940000000000,00000000ffdbf494,3000,3000,00005f80,1,0,0,0,0,ffffdbf4940000000000,3000,3000
FPREM1_completed,24,RU,random,594,EXCEPTION_FLAGS_MISMATCH,0000000000487243,00000000668611c6,3f8090e4860000000000,3f8090e4860000000000,0000000000487243,3002,3002,00005f80,1,0,0,0,0,3f8090e4860000000000,3002,3002
FPREM1_completed,24,RU,random,674,EXCEPTION_FLAGS_MISMATCH,00000000007b959a,00000000483ceb5b,3f80f72b340000000000,3f80f72b340000000000,00000000007b959a,3002,3002,00005f80,1,0,0,0,0,3f80f72b340000000000,3002,3002
FPREM1_completed,24,RU,random,830,INVALID_OR_NONFINITE_INPUT,00000000ffa26bba,0000000064b98d15,ffffe26bba0000000000,ffffe26bba0000000000,00000000ffe26bba,3001,3001,00005f81,1,0,0,0,0,ffffe26bba0000000000,3001,3001
FPREM1_completed,24,RU,random,830,NAN_RESULT,00000000ffa26bba,0000000064b98d15,ffffe26bba0000000000,ffffe26bba0000000000,00000000ffe26bba,3001,3001,00005f81,1,0,0,0,0,ffffe26bba0000000000,3001,3001
FPREM1_completed,24,RU,random,893,EXCEPTION_FLAGS_MISMATCH,00000000806e6013,00000000b0908b5f,bf80dcc0260000000000,bf80dcc0260000000000,00000000806e6013,3002,3002,00005f80,1,0,0,0,0,bf80dcc0260000000000,3002,3002
FPREM1_completed,24,RU,random,924,INVALID_OR_NONFINITE_INPUT,00000000fff71ab6,000000000d1d63d5,fffff71ab60000000000,fffff71ab60000000000,00000000fff71ab6,3000,3000,00005f80,1,0,0,0,0,fffff71ab60000000000,3000,3000
FPREM1_completed,24,RU,random,924,NAN_RESULT,00000000fff71ab6,000000000d1d63d5,fffff71ab60000000000,fffff71ab60000000000,00000000fff71ab6,3000,3000,00005f80,1,0,0,0,0,fffff71ab60000000000,3000,3000
FPREM1_completed,24,RU,random,1003,INVALID_OR_NONFINITE_INPUT,000000000c5a929d,000000007f9ad902,7fffdad9020000000000,7fffdad9020000000000,000000007fdad902,3001,3001,00005f81,1,0,0,0,0,7fffdad9020000000000,3001,3001
FPREM1_completed,24,RU,random,1003,NAN_RESULT,000000000c5a929d,000000007f9ad902,7fffdad9020000000000,7fffdad9020000000000,000000007fdad902,3001,3001,00005f81,1,0,0,0,0,7fffdad9020000000000,3001,3001
FPREM1_completed,24,RU,random,1105,INVALID_OR_NONFINITE_INPUT,00000000721c9fe9,00000000ff898023,ffffc980230000000000,ffffc980230000000000,00000000ffc98023,3001,3001,00005f81,1,0,0,0,0,ffffc980230000000000,3001,3001
FPREM1_completed,24,RU,random,1105,NAN_RESULT,00000000721c9fe9,00000000ff898023,ffffc980230000000000,ffffc980230000000000,00000000ffc98023,3001,3001,00005f81,1,0,0,0,0,ffffc980230000000000,3001,3001
FPREM1_completed,24,RU,random,1161,EXCEPTION_FLAGS_MISMATCH,00000000803806a9,000000004b857f17,bf7fe01aa40000000000,bf7fe01aa40000000000,00000000803806a9,3002,3002,00005f80,1,0,0,0,0,bf7fe01aa40000000000,3002,3002
FPREM1_completed,24,RU,random,1224,EXCEPTION_FLAGS_MISMATCH,00000000005ea6b7,00000000296bde8c,3f80bd4d6e0000000000,3f80bd4d6e0000000000,00000000005ea6b7,3002,3002,00005f80,1,0,0,0,0,3f80bd4d6e0000000000,3002,3002
FPREM1_completed,24,RU,random,1418,INVALID_OR_NONFINITE_INPUT,000000007a44ee35,00000000ff9ed49a,ffffded49a0000000000,ffffded49a0000000000,00000000ffded49a,3001,3001,00005f81,1,0,0,0,0,ffffded49a0000000000,3001,3001
FPREM1_completed,24,RU,random,1418,NAN_RESULT,000000007a44ee35,00000000ff9ed49a,ffffded49a0000000000,ffffded49a0000000000,00000000ffded49a,3001,3001,00005f81,1,0,0,0,0,ffffded49a0000000000,3001,3001
FPREM1_completed,24,RU,random,1569,INVALID_OR_NONFINITE_INPUT,00000000ffe92963,00000000c04c1a1f,ffffe929630000000000,ffffe929630000000000,00000000ffe92963,3000,3000,00005f80,1,0,0,0,0,ffffe929630000000000,3000,3000
FPREM1_completed,24,RU,random,1569,NAN_RESULT,00000000ffe92963,00000000c04c1a1f,ffffe929630000000000,ffffe929630000000000,00000000ffe92963,3000,3000,00005f80,1,0,0,0,0,ffffe929630000000000,3000,3000
FPREM1_completed,24,RU,random,1578,INVALID_OR_NONFINITE_INPUT,00000000ff90bbcc,0000000040304957,ffffd0bbcc0000000000,ffffd0bbcc0000000000,00000000ffd0bbcc,3001,3001,00005f81,1,0,0,0,0,ffffd0bbcc0000000000,3001,3001
FPREM1_completed,24,RU,random,1578,NAN_RESULT,00000000ff90bbcc,0000000040304957,ffffd0bbcc0000000000,ffffd0bbcc0000000000,00000000ffd0bbcc,3001,3001,00005f81,1,0,0,0,0,ffffd0bbcc0000000000,3001,3001
FPREM1_completed,24,RU,random,1685,INVALID_OR_NONFINITE_INPUT,000000007fe52e26,000000006884b058,7fffe52e260000000000,7fffe52e260000000000,000000007fe52e26,3000,3000,00005f80,1,0,0,0,0,7fffe52e260000000000,3000,3000
FPREM1_completed,24,RU,random,1685,NAN_RESULT,000000007fe52e26,000000006884b058,7fffe52e260000000000,7fffe52e260000000000,000000007fe52e26,3000,3000,00005f80,1,0,0,0,0,7fffe52e260000000000,3000,3000
FPREM1_completed,24,RU,random,1696,EXCEPTION_FLAGS_MISMATCH,0000000080114cd9,00000000a3a8614e,bf7e8a66c80000000000,bf7e8a66c80000000000,0000000080114cd9,3002,3002,00005f80,1,0,0,0,0,bf7e8a66c80000000000,3002,3002
FPREM1_completed,24,RU,random,1755,INVALID_OR_NONFINITE_INPUT,000000007fbb3a11,00000000e7733929,7ffffb3a110000000000,7ffffb3a110000000000,000000007ffb3a11,3001,3001,00005f81,1,0,0,0,0,7ffffb3a110000000000,3001,3001
FPREM1_completed,24,RU,random,1755,NAN_RESULT,000000007fbb3a11,00000000e7733929,7ffffb3a110000000000,7ffffb3a110000000000,000000007ffb3a11,3001,3001,00005f81,1,0,0,0,0,7ffffb3a110000000000,3001,3001
FPREM1_completed,24,RU,random,1862,INVALID_OR_NONFINITE_INPUT,000000007f92c54b,000000005ca74ec7,7fffd2c54b0000000000,7fffd2c54b0000000000,000000007fd2c54b,3001,3001,00005f81,1,0,0,0,0,7fffd2c54b0000000000,3001,3001
FPREM1_completed,24,RU,random,1862,NAN_RESULT,000000007f92c54b,000000005ca74ec7,7fffd2c54b0000000000,7fffd2c54b0000000000,000000007fd2c54b,3001,3001,00005f81,1,0,0,0,0,7fffd2c54b0000000000,3001,3001
FPREM1_completed,24,RU,random,1867,INVALID_OR_NONFINITE_INPUT,0000000045542a5e,00000000ffb74e9f,fffff74e9f0000000000,fffff74e9f0000000000,00000000fff74e9f,3001,3001,00005f81,1,0,0,0,0,fffff74e9f0000000000,3001,3001
FPREM1_completed,24,RU,random,1867,NAN_RESULT,0000000045542a5e,00000000ffb74e9f,fffff74e9f0000000000,fffff74e9f0000000000,00000000fff74e9f,3001,3001,00005f81,1,0,0,0,0,fffff74e9f0000000000,3001,3001
FPREM1_completed,24,RU,random,1870,INVALID_OR_NONFINITE_INPUT,0000000087e9d2db,000000007f9ce634,7fffdce6340000000000,7fffdce6340000000000,000000007fdce634,3001,3001,00005f81,1,0,0,0,0,7fffdce6340000000000,3001,3001
FPREM1_completed,24,RU,random,1870,NAN_RESULT,0000000087e9d2db,000000007f9ce634,7fffdce6340000000000,7fffdce6340000000000,000000007fdce634,3001,3001,00005f81,1,0,0,0,0,7fffdce6340000000000,3001,3001
FPREM1_completed,24,RU,random,1920,INVALID_OR_NONFINITE_INPUT,000000005882ca2f,000000007fde1f8c,7fffde1f8c0000000000,7fffde1f8c0000000000,000000007fde1f8c,3000,3000,00005f80,1,0,0,0,0,7fffde1f8c0000000000,3000,3000
FPREM1_completed,24,RU,random,1920,NAN_RESULT,000000005882ca2f,000000007fde1f8c,7fffde1f8c0000000000,7fffde1f8c0000000000,000000007fde1f8c,3000,3000,00005f80,1,0,0,0,0,7fffde1f8c0000000000,3000,3000
FPREM1_completed,24,RU,random,2045,EXCEPTION_FLAGS_MISMATCH,00000000b4f706eb,0000000000213af5,bf7c886d800000000000,bf7c886d800000000000,000000008004436c,3402,3102,00005f80,2,43,4,4,4,bfbbeaf4400000000000,3002,3402
FPREM1_completed,24,RU,random,2085,INVALID_OR_NONFINITE_INPUT,000000007f843dcd,00000000a3aa9017,7fffc43dcd0000000000,7fffc43dcd0000000000,000000007fc43dcd,3001,3001,00005f81,1,0,0,0,0,7fffc43dcd0000000000,3001,3001
FPREM1_completed,24,RU,random,2085,NAN_RESULT,000000007f843dcd,00000000a3aa9017,7fffc43dcd0000000000,7fffc43dcd0000000000,000000007fc43dcd,3001,3001,00005f81,1,0,0,0,0,7fffc43dcd0000000000,3001,3001
FPREM1_completed,24,RU,random,2088,INVALID_OR_NONFINITE_INPUT,000000007fa3ec23,00000000715a1f9f,7fffe3ec230000000000,7fffe3ec230000000000,000000007fe3ec23,3001,3001,00005f81,1,0,0,0,0,7fffe3ec230000000000,3001,3001
FPREM1_completed,24,RU,random,2088,NAN_RESULT,000000007fa3ec23,00000000715a1f9f,7fffe3ec230000000000,7fffe3ec230000000000,000000007fe3ec23,3001,3001,00005f81,1,0,0,0,0,7fffe3ec230000000000,3001,3001
FPREM1_completed,24,RU,random,2096,EXCEPTION_FLAGS_MISMATCH,0000000000139f6d,000000005bbf993f,3f7e9cfb680000000000,3f7e9cfb680000000000,0000000000139f6d,3002,3002,00005f80,1,0,0,0,0,3f7e9cfb680000000000,3002,3002
FPREM1_completed,24,RU,random,2098,EXCEPTION_FLAGS_MISMATCH,0000000080371a3c,00000000b99fd606,bf7fdc68f00000000000,bf7fdc68f00000000000,0000000080371a3c,3002,3002,00005f80,1,0,0,0,0,bf7fdc68f00000000000,3002,3002
FPREM1_completed,24,RU,random,2290,INVALID_OR_NONFINITE_INPUT,000000007456aac8,000000007ffafc35,7ffffafc350000000000,7ffffafc350000000000,000000007ffafc35,3000,3000,00005f80,1,0,0,0,0,7ffffafc350000000000,3000,3000
FPREM1_completed,24,RU,random,2290,NAN_RESULT,000000007456aac8,000000007ffafc35,7ffffafc350000000000,7ffffafc350000000000,000000007ffafc35,3000,3000,00005f80,1,0,0,0,0,7ffffafc350000000000,3000,3000
FPREM1_completed,24,RU,random,2346,INVALID_OR_NONFINITE_INPUT,00000000ff9ac52d,00000000bd639620,ffffdac52d0000000000,ffffdac52d0000000000,00000000ffdac52d,3001,3001,00005f81,1,0,0,0,0,ffffdac52d0000000000,3001,3001
FPREM1_completed,24,RU,random,2346,NAN_RESULT,00000000ff9ac52d,00000000bd639620,ffffdac52d0000000000,ffffdac52d0000000000,00000000ffdac52d,3001,3001,00005f81,1,0,0,0,0,ffffdac52d0000000000,3001,3001
FPREM1_completed,24,RU,random,2643,EXCEPTION_FLAGS_MISMATCH,00000000804f881c,000000001fcdb982,bf809f10380000000000,bf809f10380000000000,00000000804f881c,3002,3002,00005f80,1,0,0,0,0,bf809f10380000000000,3002,3002
FPREM1_completed,24,RU,random,2681,EXCEPTION_FLAGS_MISMATCH,00000000806f4799,00000000c2b14fd6,bf80de8f320000000000,bf80de8f320000000000,00000000806f4799,3002,3002,00005f80,1,0,0,0,0,bf80de8f320000000000,3002,3002
FPREM1_completed,24,RU,random,2730,EXCEPTION_FLAGS_MISMATCH,000000008025f976,0000000000a6d3f0,bf7f97e5d80000000000,bf7f97e5d80000000000,000000008025f976,3002,3002,00005f80,1,0,0,0,0,bf7f97e5d80000000000,3002,3002
FPREM1_completed,24,RU,random,2769,EXCEPTION_FLAGS_MISMATCH,00000000801e5c30,000000009156f816,bf7ef2e1800000000000,bf7ef2e1800000000000,00000000801e5c30,3002,3002,00005f80,1,0,0,0,0,bf7ef2e1800000000000,3002,3002
FPREM1_completed,24,RU,random,3068,EXCEPTION_FLAGS_MISMATCH,000000008037a746,00000000490c41df,bf7fde9d180000000000,bf7fde9d180000000000,000000008037a746,3002,3002,00005f80,1,0,0,0,0,bf7fde9d180000000000,3002,3002
FPREM1_completed,24,RU,random,3516,EXCEPTION_FLAGS_MISMATCH,000000009caf2bf9,0000000080838759,3f7fe31a400000000000,3f7fe31a400000000000,000000000038c690,3000,3000,00005f82,1,32,0,0,0,3f7fe31a400000000000,3000,3000
FPREM1_completed,24,RU,random,3628,EXCEPTION_FLAGS_MISMATCH,000000000076b33b,00000000d1903489,3f80ed66760000000000,3f80ed66760000000000,000000000076b33b,3002,3002,00005f80,1,0,0,0,0,3f80ed66760000000000,3002,3002
FPREM1_completed,24,RU,random,3838,EXCEPTION_FLAGS_MISMATCH,00000000186d89f2,000000000094e59c,bf7f9124800000000000,bf7f9124800000000000,0000000080244920,3000,3000,00005f82,1,26,0,0,0,bf7f9124800000000000,3000,3000
FPREM1_completed,24,RU,random,163310,VALUE_MISMATCH,000000007fed1393,000000007fbf408e,7fffff408e0000000000,7fffed13930000000000,000000007fed1393,3001,3001,00005f81,1,0,0,0,0,7fffff408e0000000000,3001,3001
FPREM1_completed,24,RU,random,181020,VALUE_MISMATCH,000000007f905a8c,00000000ffdea620,ffffdea6200000000000,7fffd05a8c0000000000,000000007fd05a8c,3001,3001,00005f81,1,0,0,0,0,ffffdea6200000000000,3001,3001
FPREM1_completed,24,RU,random,187735,VALUE_MISMATCH,000000007fe26d70,000000007fa6bfcf,7fffe6bfcf0000000000,7fffe26d700000000000,000000007fe26d70,3001,3001,00005f81,1,0,0,0,0,7fffe6bfcf0000000000,3001,3001
FPREM1_completed,24,RU,random,304033,VALUE_MISMATCH,00000000ffe14635,000000007ff8b845,7ffff8b8450000000000,ffffe146350000000000,00000000ffe14635,3000,3000,00005f80,1,0,0,0,0,7ffff8b8450000000000,3000,3000
FPREM1_completed,24,RU,random,315406,VALUE_MISMATCH,00000000ff9b55da,000000007fa40275,7fffe402750000000000,ffffdb55da0000000000,00000000ffdb55da,3001,3001,00005f81,1,0,0,0,0,7fffe402750000000000,3001,3001
FPREM1_completed,24,RU,random,369110,VALUE_MISMATCH,00000000ff95d10c,00000000ffbda807,fffffda8070000000000,ffffd5d10c0000000000,00000000ffd5d10c,3001,3001,00005f81,1,0,0,0,0,fffffda8070000000000,3001,3001
FPREM1_completed,24,RU,random,735265,VALUE_MISMATCH,000000007fb03a75,000000007ffcb7c0,7ffffcb7c00000000000,7ffff03a750000000000,000000007ff03a75,3001,3001,00005f81,1,0,0,0,0,7ffffcb7c00000000000,3001,3001
FPREM1_completed,24,RU,random,937141,VALUE_MISMATCH,00000000ff9f1ee7,000000007fec2531,7fffec25310000000000,ffffdf1ee70000000000,00000000ffdf1ee7,3001,3001,00005f81,1,0,0,0,0,7fffec25310000000000,3001,3001
FPREM1_completed,24,RU,edge,341,VALUE_MISMATCH,000000007fc00011,00000000ff800222,ffffc002220000000000,7fffc000110000000000,000000007fc00011,3001,3001,00005f81,1,0,0,0,0,ffffc002220000000000,3001,3001
FPREM1_completed,24,RZ,random,0,ALL,0000000059f41037,0000000047841268,c00aa80a000000000000,c00aa80a000000000000,00000000c5280a00,7000,7000,00007f80,1,17,2,2,2,c00aa80a000000000000,3000,7000
FPREM1_completed,24,RZ,random,0,SINGLE_COMPLETE_FINITE_CASE,0000000059f41037,0000000047841268,c00aa80a000000000000,c00aa80a000000000000,00000000c5280a00,7000,7000,00007f80,1,17,2,2,2,c00aa80a000000000000,3000,7000
FPREM1_completed,24,RZ,random,1,ALL,000000001b3431aa,0000000036427b70,3fb6b431aa0000000000,3fb6b431aa0000000000,000000001b3431aa,3000,3000,00007f80,1,0,0,0,0,3fb6b431aa0000000000,3000,3000
FPREM1_completed,24,RZ,random,1,SINGLE_COMPLETE_FINITE_CASE,000000001b3431aa,0000000036427b70,3fb6b431aa0000000000,3fb6b431aa0000000000,000000001b3431aa,3000,3000,00007f80,1,0,0,0,0,3fb6b431aa0000000000,3000,3000
FPREM1_completed,24,RZ,random,2,ALL,00000000247332e7,000000007d10e6c2,3fc8f332e70000000000,3fc8f332e70000000000,00000000247332e7,3000,3000,00007f80,1,0,0,0,0,3fc8f332e70000000000,3000,3000
FPREM1_completed,24,RZ,random,2,SINGLE_COMPLETE_FINITE_CASE,00000000247332e7,000000007d10e6c2,3fc8f332e70000000000,3fc8f332e70000000000,00000000247332e7,3000,3000,00007f80,1,0,0,0,0,3fc8f332e70000000000,3000,3000
FPREM1_completed,24,RZ,random,3,ALL,00000000c6b0e40b,000000006b4079e3,c00db0e40b0000000000,c00db0e40b0000000000,00000000c6b0e40b,3000,3000,00007f80,1,0,0,0,0,c00db0e40b0000000000,3000,3000
FPREM1_completed,24,RZ,random,3,SINGLE_COMPLETE_FINITE_CASE,00000000c6b0e40b,000000006b4079e3,c00db0e40b0000000000,c00db0e40b0000000000,00000000c6b0e40b,3000,3000,00007f80,1,0,0,0,0,c00db0e40b0000000000,3000,3000
FPREM1_completed,24,RZ,random,4,ALL,000000001d88b719,000000009ffd8324,3fbb88b7190000000000,3fbb88b7190000000000,000000001d88b719,3000,3000,00007f80,1,0,0,0,0,3fbb88b7190000000000,3000,3000
FPREM1_completed,24,RZ,random,4,SINGLE_COMPLETE_FINITE_CASE,000000001d88b719,000000009ffd8324,3fbb88b7190000000000,3fbb88b7190000000000,000000001d88b719,3000,3000,00007f80,1,0,0,0,0,3fbb88b7190000000000,3000,3000
FPREM1_completed,24,RZ,random,5,ALL,000000005503e50f,00000000e65a440b,402a83e50f0000000000,402a83e50f0000000000,000000005503e50f,3000,3000,00007f80,1,0,0,0,0,402a83e50f0000000000,3000,3000
FPREM1_completed,24,RZ,random,5,SINGLE_COMPLETE_FINITE_CASE,000000005503e50f,00000000e65a440b,402a83e50f0000000000,402a83e50f0000000000,000000005503e50f,3000,3000,00007f80,1,0,0,0,0,402a83e50f0000000000,3000,3000
FPREM1_completed,24,RZ,random,6,ALL,00000000e3a7b6be,00000000304c687b,bfddc03e580000000000,bfddc03e580000000000,00000000aec03e58,3400,7300,00007f80,2,45,7,7,1,c01bf95a800000000000,3000,3400
FPREM1_completed,24,RZ,random,6,X87_MULTISTEP,00000000e3a7b6be,00000000304c687b,bfddc03e580000000000,bfddc03e580000000000,00000000aec03e58,3400,7300,00007f80,2,45,7,7,1,c01bf95a800000000000,3000,3400
FPREM1_completed,24,RZ,random,6,QUOTIENT_SIGNED_BITS_DIFFER,00000000e3a7b6be,00000000304c687b,bfddc03e580000000000,bfddc03e580000000000,00000000aec03e58,3400,7300,00007f80,2,45,7,7,1,c01bf95a800000000000,3000,3400
FPREM1_completed,24,RZ,random,6,SINGLE_INSTRUCTION_VALUE_MISMATCH,00000000e3a7b6be,00000000304c687b,bfddc03e580000000000,bfddc03e580000000000,00000000aec03e58,3400,7300,00007f80,2,45,7,7,1,c01bf95a800000000000,3000,3400
FPREM1_completed,24,RZ,random,6,SINGLE_INSTRUCTION_C2_PARTIAL,00000000e3a7b6be,00000000304c687b,bfddc03e580000000000,bfddc03e580000000000,00000000aec03e58,3400,7300,00007f80,2,45,7,7,1,c01bf95a800000000000,3000,3400
FPREM1_completed,24,RZ,random,7,ALL,00000000041fd13f,000000007d97cc0b,3f889fd13f0000000000,3f889fd13f0000000000,00000000041fd13f,3000,3000,00007f80,1,0,0,0,0,3f889fd13f0000000000,3000,3000
FPREM1_completed,24,RZ,random,7,SINGLE_COMPLETE_FINITE_CASE,00000000041fd13f,000000007d97cc0b,3f889fd13f0000000000,3f889fd13f0000000000,00000000041fd13f,3000,3000,00007f80,1,0,0,0,0,3f889fd13f0000000000,3000,3000
FPREM1_completed,24,RZ,random,8,ALL,00000000a70b20ff,000000008da1932d,bf98a6a0500000000000,bf98a6a0500000000000,000000008c26a050,7100,7100,00007f80,1,28,6,6,6,bf98a6a0500000000000,3000,7100
FPREM1_completed,24,RZ,random,8,SINGLE_COMPLETE_FINITE_CASE,00000000a70b20ff,000000008da1932d,bf98a6a0500000000000,bf98a6a0500000000000,000000008c26a050,7100,7100,00007f80,1,28,6,6,6,bf98a6a0500000000000,3000,7100
FPREM1_completed,24,RZ,random,9,ALL,0000000007ecca11,00000000b1112f51,3f8fecca110000000000,3f8fecca110000000000,0000000007ecca11,3000,3000,00007f80,1,0,0,0,0,3f8fecca110000000000,3000,3000
FPREM1_completed,24,RZ,random,9,SINGLE_COMPLETE_FINITE_CASE,0000000007ecca11,00000000b1112f51,3f8fecca110000000000,3f8fecca110000000000,0000000007ecca11,3000,3000,00007f80,1,0,0,0,0,3f8fecca110000000000,3000,3000
FPREM1_completed,24,RZ,random,10,ALL,0000000091069bad,000000000e54a52d,3f9bcf11ea0000000000,3f9bcf11ea0000000000,000000000dcf11ea,3000,3200,00007f80,1,2,1,1,7,3f9bcf11ea0000000000,3000,3200
FPREM1_completed,24,RZ,random,10,QUOTIENT_SIGNED_BITS_DIFFER,0000000091069bad,000000000e54a52d,3f9bcf11ea0000000000,3f9bcf11ea0000000000,000000000dcf11ea,3000,3200,00007f80,1,2,1,1,7,3f9bcf11ea0000000000,3000,3200
FPREM1_completed,24,RZ,random,10,SINGLE_COMPLETE_FINITE_CASE,0000000091069bad,000000000e54a52d,3f9bcf11ea0000000000,3f9bcf11ea0000000000,000000000dcf11ea,3000,3200,00007f80,1,2,1,1,7,3f9bcf11ea0000000000,3000,3200
FPREM1_completed,24,RZ,random,11,ALL,00000000b1a55a7f,000000000e25814e,bf99bdd7e00000000000,bf99bdd7e00000000000,000000008cbdd7e0,3400,7100,00007f80,2,45,6,6,2,bfbab64c500000000000,3000,3400
FPREM1_completed,24,RZ,random,11,X87_MULTISTEP,00000000b1a55a7f,000000000e25814e,bf99bdd7e00000000000,bf99bdd7e00000000000,000000008cbdd7e0,3400,7100,00007f80,2,45,6,6,2,bfbab64c500000000000,3000,3400
FPREM1_completed,24,RZ,random,11,QUOTIENT_SIGNED_BITS_DIFFER,00000000b1a55a7f,000000000e25814e,bf99bdd7e00000000000,bf99bdd7e00000000000,000000008cbdd7e0,3400,7100,00007f80,2,45,6,6,2,bfbab64c500000000000,3000,3400
FPREM1_completed,24,RZ,random,11,SINGLE_INSTRUCTION_VALUE_MISMATCH,00000000b1a55a7f,000000000e25814e,bf99bdd7e00000000000,bf99bdd7e00000000000,000000008cbdd7e0,3400,7100,00007f80,2,45,6,6,2,bfbab64c500000000000,3000,3400
FPREM1_completed,24,RZ,random,11,SINGLE_INSTRUCTION_C2_PARTIAL,00000000b1a55a7f,000000000e25814e,bf99bdd7e00000000000,bf99bdd7e00000000000,000000008cbdd7e0,3400,7100,00007f80,2,45,6,6,2,bfbab64c500000000000,3000,3400
FPREM1_completed,24,RZ,random,12,ALL,0000000049bee1a0,00000000fb70df6d,4013bee1a00000000000,4013bee1a00000000000,0000000049bee1a0,3000,3000,00007f80,1,0,0,0,0,4013bee1a00000000000,3000,3000
FPREM1_completed,24,RZ,random,12,SINGLE_COMPLETE_FINITE_CASE,0000000049bee1a0,00000000fb70df6d,4013bee1a00000000000,4013bee1a00000000000,0000000049bee1a0,3000,3000,00007f80,1,0,0,0,0,4013bee1a00000000000,3000,3000
FPREM1_completed,24,RZ,random,13,ALL,00000000237f2b9d,000000004f44c27e,3fc6ff2b9d0000000000,3fc6ff2b9d0000000000,00000000237f2b9d,3000,3000,00007f80,1,0,0,0,0,3fc6ff2b9d0000000000,3000,3000
FPREM1_completed,24,RZ,random,13,SINGLE_COMPLETE_FINITE_CASE,00000000237f2b9d,000000004f44c27e,3fc6ff2b9d0000000000,3fc6ff2b9d0000000000,00000000237f2b9d,3000,3000,00007f80,1,0,0,0,0,3fc6ff2b9d0000000000,3000,3000
FPREM1_completed,24,RZ,random,14,ALL,00000000d1805aff,00000000c49fca9b,c00889fa340000000000,c00889fa340000000000,00000000c409fa34,7000,7000,00007f80,1,11,2,2,2,c00889fa340000000000,3000,7000
FPREM1_completed,24,RZ,random,14,SINGLE_COMPLETE_FINITE_CASE,00000000d1805aff,00000000c49fca9b,c00889fa340000000000,c00889fa340000000000,00000000c409fa34,7000,7000,00007f80,1,11,2,2,2,c00889fa340000000000,3000,7000
FPREM1_completed,24,RZ,random,15,ALL,00000000190f62c4,00000000462405c7,3fb28f62c40000000000,3fb28f62c40000000000,00000000190f62c4,3000,3000,00007f80,1,0,0,0,0,3fb28f62c40000000000,3000,3000
FPREM1_completed,24,RZ,random,15,SINGLE_COMPLETE_FINITE_CASE,00000000190f62c4,00000000462405c7,3fb28f62c40000000000,3fb28f62c40000000000,00000000190f62c4,3000,3000,00007f80,1,0,0,0,0,3fb28f62c40000000000,3000,3000
FPREM1_completed,24,RZ,random,16,ALL,00000000d28a21d8,00000000a86d8353,3fcf8b0e180000000000,3fcf8b0e180000000000,00000000278b0e18,3400,3100,00007f80,2,48,4,4,4,bfefba7a8a0000000000,3000,3400
FPREM1_completed,24,RZ,random,16,X87_MULTISTEP,00000000d28a21d8,00000000a86d8353,3fcf8b0e180000000000,3fcf8b0e180000000000,00000000278b0e18,3400,3100,00007f80,2,48,4,4,4,bfefba7a8a0000000000,3000,3400
FPREM1_completed,24,RZ,random,16,SINGLE_INSTRUCTION_VALUE_MISMATCH,00000000d28a21d8,00000000a86d8353,3fcf8b0e180000000000,3fcf8b0e180000000000,00000000278b0e18,3400,3100,00007f80,2,48,4,4,4,bfefba7a8a0000000000,3000,3400
FPREM1_completed,24,RZ,random,16,SINGLE_INSTRUCTION_C2_PARTIAL,00000000d28a21d8,00000000a86d8353,3fcf8b0e180000000000,3fcf8b0e180000000000,00000000278b0e18,3400,3100,00007f80,2,48,4,4,4,bfefba7a8a0000000000,3000,3400
FPREM1_completed,24,RZ,random,17,ALL,000000001bae6945,00000000f189085d,3fb7ae69450000000000,3fb7ae69450000000000,000000001bae6945,3000,3000,00007f80,1,0,0,0,0,3fb7ae69450000000000,3000,3000
FPREM1_completed,24,RZ,random,17,SINGLE_COMPLETE_FINITE_CASE,000000001bae6945,00000000f189085d,3fb7ae69450000000000,3fb7ae69450000000000,000000001bae6945,3000,3000,00007f80,1,0,0,0,0,3fb7ae69450000000000,3000,3000
FPREM1_completed,24,RZ,random,18,ALL,0000000067a4546d,00000000f22bfcd7,404fa4546d0000000000,404fa4546d0000000000,0000000067a4546d,3000,3000,00007f80,1,0,0,0,0,404fa4546d0000000000,3000,3000
FPREM1_completed,24,RZ,random,18,SINGLE_COMPLETE_FINITE_CASE,0000000067a4546d,00000000f22bfcd7,404fa4546d0000000000,404fa4546d0000000000,0000000067a4546d,3000,3000,00007f80,1,0,0,0,0,404fa4546d0000000000,3000,3000
FPREM1_completed,24,RZ,random,19,ALL,00000000d94c71bc,000000003aa528a2,bff3c3ccb00000000000,bff3c3ccb00000000000,00000000b9c3ccb0,7000,7000,00007f80,1,38,2,2,6,bff3c3ccb00000000000,3000,7000
FPREM1_completed,24,RZ,random,19,QUOTIENT_SIGNED_BITS_DIFFER,00000000d94c71bc,000000003aa528a2,bff3c3ccb00000000000,bff3c3ccb00000000000,00000000b9c3ccb0,7000,7000,00007f80,1,38,2,2,6,bff3c3ccb00000000000,3000,7000
FPREM1_completed,24,RZ,random,19,SINGLE_COMPLETE_FINITE_CASE,00000000d94c71bc,000000003aa528a2,bff3c3ccb00000000000,bff3c3ccb00000000000,00000000b9c3ccb0,7000,7000,00007f80,1,38,2,2,6,bff3c3ccb00000000000,3000,7000
FPREM1_completed,24,RZ,random,20,SINGLE_COMPLETE_FINITE_CASE,0000000014b3258b,00000000d5414b93,3fa9b3258b0000000000,3fa9b3258b0000000000,0000000014b3258b,3000,3000,00007f80,1,0,0,0,0,3fa9b3258b0000000000,3000,3000
FPREM1_completed,24,RZ,random,21,QUOTIENT_SIGNED_BITS_DIFFER,000000000200d818,000000008251e8ff,bf83a221ce0000000000,bf83a221ce0000000000,0000000081a221ce,3000,3200,00007f80,1,0,1,1,7,bf83a221ce0000000000,3000,3200
FPREM1_completed,24,RZ,random,21,SINGLE_COMPLETE_FINITE_CASE,000000000200d818,000000008251e8ff,bf83a221ce0000000000,bf83a221ce0000000000,0000000081a221ce,3000,3200,00007f80,1,0,1,1,7,bf83a221ce0000000000,3000,3200
FPREM1_completed,24,RZ,random,22,SINGLE_COMPLETE_FINITE_CASE,00000000068ce4c8,00000000c4042814,3f8d8ce4c80000000000,3f8d8ce4c80000000000,00000000068ce4c8,3000,3000,00007f80,1,0,0,0,0,3f8d8ce4c80000000000,3000,3000
FPREM1_completed,24,RZ,random,28,X87_MULTISTEP,00000000770d693a,00000000d46d3116,c0279bc6800000000000,c0279bc6800000000000,00000000d39bc680,3400,3000,00007f80,2,42,0,0,0,4048a62e040000000000,3000,3400
FPREM1_completed,24,RZ,random,28,SINGLE_INSTRUCTION_VALUE_MISMATCH,00000000770d693a,00000000d46d3116,c0279bc6800000000000,c0279bc6800000000000,00000000d39bc680,3400,3000,00007f80,2,42,0,0,0,4048a62e040000000000,3000,3400
FPREM1_completed,24,RZ,random,28,SINGLE_INSTRUCTION_C2_PARTIAL,00000000770d693a,00000000d46d3116,c0279bc6800000000000,c0279bc6800000000000,00000000d39bc680,3400,3000,00007f80,2,42,0,0,0,4048a62e040000000000,3000,3400
FPREM1_completed,24,RZ,random,37,X87_MULTISTEP,00000000fc6000ba,00000000ac78ca42,3fd7b29d9c0000000000,3fd7b29d9c0000000000,000000002bb29d9c,3400,7300,00007f80,4,86,7,7,7,c0588b44260000000000,3000,3400
FPREM1_completed,24,RZ,random,37,SINGLE_INSTRUCTION_VALUE_MISMATCH,00000000fc6000ba,00000000ac78ca42,3fd7b29d9c0000000000,3fd7b29d9c0000000000,000000002bb29d9c,3400,7300,00007f80,4,86,7,7,7,c0588b44260000000000,3000,3400
FPREM1_completed,24,RZ,random,37,SINGLE_INSTRUCTION_C2_PARTIAL,00000000fc6000ba,00000000ac78ca42,3fd7b29d9c0000000000,3fd7b29d9c0000000000,000000002bb29d9c,3400,7300,00007f80,4,86,7,7,7,c0588b44260000000000,3000,3400
FPREM1_completed,24,RZ,random,38,X87_MULTISTEP,000000007578251a,000000000977c35b,3f8dc91b000000000000,3f8dc91b000000000000,0000000006c91b00,3400,3000,00007f80,4,108,0,0,0,4032d8a8470000000000,3000,3400
FPREM1_completed,24,RZ,random,38,SINGLE_INSTRUCTION_VALUE_MISMATCH,000000007578251a,000000000977c35b,3f8dc91b000000000000,3f8dc91b000000000000,0000000006c91b00,3400,3000,00007f80,4,108,0,0,0,4032d8a8470000000000,3000,3400
FPREM1_completed,24,RZ,random,38,SINGLE_INSTRUCTION_C2_PARTIAL,000000007578251a,000000000977c35b,3f8dc91b000000000000,3f8dc91b000000000000,0000000006c91b00,3400,3000,00007f80,4,108,0,0,0,4032d8a8470000000000,3000,3400
FPREM1_completed,24,RZ,random,41,X87_MULTISTEP,0000000078a5afe8,00000000512f554a,c0219a80480000000000,c0219a80480000000000,00000000d09a8048,3400,7000,00007f80,2,45,2,2,2,404288e2de0000000000,3000,3400
FPREM1_completed,24,RZ,random,41,SINGLE_INSTRUCTION_VALUE_MISMATCH,0000000078a5afe8,00000000512f554a,c0219a80480000000000,c0219a80480000000000,00000000d09a8048,3400,7000,00007f80,2,45,2,2,2,404288e2de0000000000,3000,3400
FPREM1_completed,24,RZ,random,41,SINGLE_INSTRUCTION_C2_PARTIAL,0000000078a5afe8,00000000512f554a,c0219a80480000000000,c0219a80480000000000,00000000d09a8048,3400,7000,00007f80,2,45,2,2,2,404288e2de0000000000,3000,3400
FPREM1_completed,24,RZ,random,43,X87_MULTISTEP,00000000f127fc8e,000000000abc999e,bf90d938400000000000,bf90d938400000000000,0000000088593840,3400,3200,00007f80,4,93,1,1,7,c032da1f700000000000,3000,3400
FPREM1_completed,24,RZ,random,43,QUOTIENT_SIGNED_BITS_DIFFER,00000000f127fc8e,000000000abc999e,bf90d938400000000000,bf90d938400000000000,0000000088593840,3400,3200,00007f80,4,93,1,1,7,c032da1f700000000000,3000,3400
FPREM1_completed,24,RZ,random,43,SINGLE_INSTRUCTION_VALUE_MISMATCH,00000000f127fc8e,000000000abc999e,bf90d938400000000000,bf90d938400000000000,0000000088593840,3400,3200,00007f80,4,93,1,1,7,c032da1f700000000000,3000,3400
FPREM1_completed,24,RZ,random,43,SINGLE_INSTRUCTION_C2_PARTIAL,00000000f127fc8e,000000000abc999e,bf90d938400000000000,bf90d938400000000000,0000000088593840,3400,3200,00007f80,4,93,1,1,7,c032da1f700000000000,3000,3400
FPREM1_completed,24,RZ,random,49,X87_MULTISTEP,00000000de56c7a7,000000008ec78966,3f9ba703200000000000,3f9ba703200000000000,000000000da70320,3400,3100,00007f80,3,81,4,4,4,bffc8659540000000000,3000,3400
FPREM1_completed,24,RZ,random,49,SINGLE_INSTRUCTION_VALUE_MISMATCH,00000000de56c7a7,000000008ec78966,3f9ba703200000000000,3f9ba703200000000000,000000000da70320,3400,3100,00007f80,3,81,4,4,4,bffc8659540000000000,3000,3400
FPREM1_completed,24,RZ,random,49,SINGLE_INSTRUCTION_C2_PARTIAL,00000000de56c7a7,000000008ec78966,3f9ba703200000000000,3f9ba703200000000000,000000000da70320,3400,3100,00007f80,3,81,4,4,4,bffc8659540000000000,3000,3400
FPREM1_completed,24,RZ,random,50,X87_MULTISTEP,0000000073970392,00000000ab67d52d,bfd4a489d40000000000,bfd4a489d40000000000,00000000aa2489d4,3400,3200,00007f80,3,67,1,1,7,4036d002660000000000,3000,3400
FPREM1_completed,24,RZ,random,50,QUOTIENT_SIGNED_BITS_DIFFER,0000000073970392,00000000ab67d52d,bfd4a489d40000000000,bfd4a489d40000000000,00000000aa2489d4,3400,3200,00007f80,3,67,1,1,7,4036d002660000000000,3000,3400
FPREM1_completed,24,RZ,random,50,SINGLE_INSTRUCTION_VALUE_MISMATCH,0000000073970392,00000000ab67d52d,bfd4a489d40000000000,bfd4a489d40000000000,00000000aa2489d4,3400,3200,00007f80,3,67,1,1,7,4036d002660000000000,3000,3400
FPREM1_completed,24,RZ,random,50,SINGLE_INSTRUCTION_C2_PARTIAL,0000000073970392,00000000ab67d52d,bfd4a489d40000000000,bfd4a489d40000000000,00000000aa2489d4,3400,3200,00007f80,3,67,1,1,7,4036d002660000000000,3000,3400
FPREM1_completed,24,RZ,random,54,X87_MULTISTEP,000000006d4aacef,000000003b078ed6,bff4d12f580000000000,bff4d12f580000000000,00000000ba512f58,3400,3200,00007f80,2,57,1,1,1,4034e912580000000000,3000,3400
FPREM1_completed,24,RZ,random,54,SINGLE_INSTRUCTION_VALUE_MISMATCH,000000006d4aacef,000000003b078ed6,bff4d12f580000000000,bff4d12f580000000000,00000000ba512f58,3400,3200,00007f80,2,57,1,1,1,4034e912580000000000,3000,3400
FPREM1_completed,24,RZ,random,54,SINGLE_INSTRUCTION_C2_PARTIAL,000000006d4aacef,000000003b078ed6,bff4d12f580000000000,bff4d12f580000000000,00000000ba512f58,3400,3200,00007f80,2,57,1,1,1,4034e912580000000000,3000,3400
FPREM1_completed,24,RZ,random,56,X87_MULTISTEP,00000000d64c2a40,000000002ed3fc27,3fd9c377500000000000,3fd9c377500000000000,000000002cc37750,3400,7200,00007f80,2,42,3,3,5,bffba569b80000000000,3000,3400
FPREM1_completed,24,RZ,random,56,QUOTIENT_SIGNED_BITS_DIFFER,00000000d64c2a40,000000002ed3fc27,3fd9c377500000000000,3fd9c377500000000000,000000002cc37750,3400,7200,00007f80,2,42,3,3,5,bffba569b80000000000,3000,3400
FPREM1_completed,24,RZ,random,56,SINGLE_INSTRUCTION_VALUE_MISMATCH,00000000d64c2a40,000000002ed3fc27,3fd9c377500000000000,3fd9c377500000000000,000000002cc37750,3400,7200,00007f80,2,42,3,3,5,bffba569b80000000000,3000,3400
FPREM1_completed,24,RZ,random,56,SINGLE_INSTRUCTION_C2_PARTIAL,00000000d64c2a40,000000002ed3fc27,3fd9c377500000000000,3fd9c377500000000000,000000002cc37750,3400,7200,00007f80,2,42,3,3,5,bffba569b80000000000,3000,3400
FPREM1_completed,24,RZ,random,57,QUOTIENT_SIGNED_BITS_DIFFER,0000000031407d57,00000000a6605818,bfc9b4fbc00000000000,bfc9b4fbc00000000000,00000000a4b4fbc0,3100,3300,00007f80,1,12,5,5,3,bfc9b4fbc00000000000,3000,3300
FPREM1_completed,24,RZ,random,61,X87_MULTISTEP,00000000f2e371c2,000000001af5266f,3fb4eb761c0000000000,3fb4eb761c0000000000,000000001a6b761c,3400,7000,00007f80,4,89,2,2,6,c032e781c00000000000,3000,3400
FPREM1_completed,24,RZ,random,61,QUOTIENT_SIGNED_BITS_DIFFER,00000000f2e371c2,000000001af5266f,3fb4eb761c0000000000,3fb4eb761c0000000000,000000001a6b761c,3400,7000,00007f80,4,89,2,2,6,c032e781c00000000000,3000,3400
FPREM1_completed,24,RZ,random,61,SINGLE_INSTRUCTION_VALUE_MISMATCH,00000000f2e371c2,000000001af5266f,3fb4eb761c0000000000,3fb4eb761c0000000000,000000001a6b761c,3400,7000,00007f80,4,89,2,2,6,c032e781c00000000000,3000,3400
FPREM1_completed,24,RZ,random,61,SINGLE_INSTRUCTION_C2_PARTIAL,00000000f2e371c2,000000001af5266f,3fb4eb761c0000000000,3fb4eb761c0000000000,000000001a6b761c,3400,7000,00007f80,4,89,2,2,6,c032e781c00000000000,3000,3400
FPREM1_completed,24,RZ,random,64,INVALID_OR_NONFINITE_INPUT,00000000fff5b85a,00000000eacc0f02,fffff5b85a0000000000,fffff5b85a0000000000,00000000fff5b85a,3000,3000,00007f80,1,0,0,0,0,fffff5b85a0000000000,3000,3000
FPREM1_completed,24,RZ,random,64,NAN_RESULT,00000000fff5b85a,00000000eacc0f02,fffff5b85a0000000000,fffff5b85a0000000000,00000000fff5b85a,3000,3000,00007f80,1,0,0,0,0,fffff5b85a0000000000,3000,3000
FPREM1_completed,24,RZ,random,66,X87_MULTISTEP,000000005f3aad52,000000009b4b2844,3fb4bbe3700000000000,3fb4bbe3700000000000,000000001a3be370,3400,3200,00007f80,3,62,1,1,7,4011f252800000000000,3000,3400
FPREM1_completed,24,RZ,random,66,QUOTIENT_SIGNED_BITS_DIFFER,000000005f3aad52,000000009b4b2844,3fb4bbe3700000000000,3fb4bbe3700000000000,000000001a3be370,3400,3200,00007f80,3,62,1,1,7,4011f252800000000000,3000,3400
FPREM1_completed,24,RZ,random,66,SINGLE_INSTRUCTION_VALUE_MISMATCH,000000005f3aad52,000000009b4b2844,3fb4bbe3700000000000,3fb4bbe3700000000000,000000001a3be370,3400,3200,00007f80,3,62,1,1,7,4011f252800000000000,3000,3400
FPREM1_completed,24,RZ,random,66,SINGLE_INSTRUCTION_C2_PARTIAL,000000005f3aad52,000000009b4b2844,3fb4bbe3700000000000,3fb4bbe3700000000000,000000001a3be370,3400,3200,00007f80,3,62,1,1,7,4011f252800000000000,3000,3400
FPREM1_completed,24,RZ,random,69,QUOTIENT_SIGNED_BITS_DIFFER,000000003e68031a,000000009f05d035,3fbc8072ac0000000000,3fbc8072ac0000000000,000000001e0072ac,3000,3200,00007f80,1,35,1,1,7,3fbc8072ac0000000000,3000,3200
FPREM1_completed,24,RZ,random,70,X87_MULTISTEP,00000000d5c993fc,0000000089bf1655,3f92a8697c0000000000,3f92a8697c0000000000,000000000928697c,3400,7100,00007f80,3,85,6,6,6,bff3a4abea0000000000,3000,3400
FPREM1_completed,24,RZ,random,70,SINGLE_INSTRUCTION_VALUE_MISMATCH,00000000d5c993fc,0000000089bf1655,3f92a8697c0000000000,3f92a8697c0000000000,000000000928697c,3400,7100,00007f80,3,85,6,6,6,bff3a4abea0000000000,3000,3400
FPREM1_completed,24,RZ,random,70,SINGLE_INSTRUCTION_C2_PARTIAL,00000000d5c993fc,0000000089bf1655,3f92a8697c0000000000,3f92a8697c0000000000,000000000928697c,3400,7100,00007f80,3,85,6,6,6,bff3a4abea0000000000,3000,3400
FPREM1_completed,24,RZ,random,74,X87_MULTISTEP,000000007062ebf6,000000004df97796,401af05afc0000000000,401af05afc0000000000,000000004d705afc,3400,7200,00007f80,2,38,3,3,3,403af3d5a40000000000,3000,3400
FPREM1_completed,24,RZ,random,74,SINGLE_INSTRUCTION_VALUE_MISMATCH,000000007062ebf6,000000004df97796,401af05afc0000000000,401af05afc0000000000,000000004d705afc,3400,7200,00007f80,2,38,3,3,3,403af3d5a40000000000,3000,3400
FPREM1_completed,24,RZ,random,74,SINGLE_INSTRUCTION_C2_PARTIAL,000000007062ebf6,000000004df97796,401af05afc0000000000,401af05afc0000000000,000000004d705afc,3400,7200,00007f80,2,38,3,3,3,403af3d5a40000000000,3000,3400
FPREM1_completed,24,RZ,random,75,QUOTIENT_SIGNED_BITS_DIFFER,000000006f57ddd6,00000000ed03840b,405889d1080000000000,405889d1080000000000,000000006c09d108,7000,7000,00007f80,1,3,2,2,6,405889d1080000000000,3000,7000
FPREM1_completed,24,RZ,random,79,X87_MULTISTEP,00000000e3afd8c6,00000000aa9fe2fa,bfd4815c9c0000000000,bfd4815c9c0000000000,00000000aa015c9c,3400,3300,00007f80,3,53,5,5,5,c0158470c00000000000,3000,3400
FPREM1_completed,24,RZ,random,79,SINGLE_INSTRUCTION_VALUE_MISMATCH,00000000e3afd8c6,00000000aa9fe2fa,bfd4815c9c0000000000,bfd4815c9c0000000000,00000000aa015c9c,3400,3300,00007f80,3,53,5,5,5,c0158470c00000000000,3000,3400
FPREM1_completed,24,RZ,random,79,SINGLE_INSTRUCTION_C2_PARTIAL,00000000e3afd8c6,00000000aa9fe2fa,bfd4815c9c0000000000,bfd4815c9c0000000000,00000000aa015c9c,3400,3300,00007f80,3,53,5,5,5,c0158470c00000000000,3000,3400
FPREM1_completed,24,RZ,random,81,X87_MULTISTEP,000000006f201df4,00000000cd9168d5,c019aec5680000000000,c019aec5680000000000,00000000ccaec568,3400,7000,00007f80,2,34,2,2,6,4039f6df1c0000000000,3000,3400
FPREM1_completed,24,RZ,random,81,QUOTIENT_SIGNED_BITS_DIFFER,000000006f201df4,00000000cd9168d5,c019aec5680000000000,c019aec5680000000000,00000000ccaec568,3400,7000,00007f80,2,34,2,2,6,4039f6df1c0000000000,3000,3400
FPREM1_completed,24,RZ,random,81,SINGLE_INSTRUCTION_VALUE_MISMATCH,000000006f201df4,00000000cd9168d5,c019aec5680000000000,c019aec5680000000000,00000000ccaec568,3400,7000,00007f80,2,34,2,2,6,4039f6df1c0000000000,3000,3400
FPREM1_completed,24,RZ,random,81,SINGLE_INSTRUCTION_C2_PARTIAL,000000006f201df4,00000000cd9168d5,c019aec5680000000000,c019aec5680000000000,00000000ccaec568,3400,7000,00007f80,2,34,2,2,6,4039f6df1c0000000000,3000,3400
FPREM1_completed,24,RZ,random,82,X87_MULTISTEP,0000000076570397,00000000a5a9bcad,3fc983bb2c0000000000,3fc983bb2c0000000000,000000002483bb2c,3400,3200,00007f80,4,80,1,1,7,404b9472bf0000000000,3000,3400
FPREM1_completed,24,RZ,random,82,QUOTIENT_SIGNED_BITS_DIFFER,0000000076570397,00000000a5a9bcad,3fc983bb2c0000000000,3fc983bb2c0000000000,000000002483bb2c,3400,3200,00007f80,4,80,1,1,7,404b9472bf0000000000,3000,3400
FPREM1_completed,24,RZ,random,82,SINGLE_INSTRUCTION_VALUE_MISMATCH,0000000076570397,00000000a5a9bcad,3fc983bb2c0000000000,3fc983bb2c0000000000,000000002483bb2c,3400,3200,00007f80,4,80,1,1,7,404b9472bf0000000000,3000,3400
FPREM1_completed,24,RZ,random,82,SINGLE_INSTRUCTION_C2_PARTIAL,0000000076570397,00000000a5a9bcad,3fc983bb2c0000000000,3fc983bb2c0000000000,000000002483bb2c,3400,3200,00007f80,4,80,1,1,7,404b9472bf0000000000,3000,3400
FPREM1_completed,24,RZ,random,85,X87_MULTISTEP,00000000caf458ec,00000000913553de,3f9fedae200000000000,3f9fedae200000000000,000000000fedae20,3400,7100,00007f80,2,58,6,6,6,bfdebf4da00000000000,3000,3400
FPREM1_completed,24,RZ,random,85,SINGLE_INSTRUCTION_VALUE_MISMATCH,00000000caf458ec,00000000913553de,3f9fedae200000000000,3f9fedae200000000000,000000000fedae20,3400,7100,00007f80,2,58,6,6,6,bfdebf4da00000000000,3000,3400
FPREM1_completed,24,RZ,random,85,SINGLE_INSTRUCTION_C2_PARTIAL,00000000caf458ec,00000000913553de,3f9fedae200000000000,3f9fedae200000000000,000000000fedae20,3400,7100,00007f80,2,58,6,6,6,bfdebf4da00000000000,3000,3400
FPREM1_completed,24,RZ,random,89,QUOTIENT_SIGNED_BITS_DIFFER,00000000a8dfcf6c,000000001ddd1323,3fbaad31220000000000,3fbaad31220000000000,000000001d2d3122,7000,7200,00007f80,1,10,3,3,5,3fbaad31220000000000,3000,7200
FPREM1_completed,24,RZ,random,101,QUOTIENT_SIGNED_BITS_DIFFER,0000000070c2b1e7,00000000a6e0fa78,3fcbc445400000000000,3fcbc445400000000000,0000000025c44540,3400,7000,00007f80,3,74,2,2,6,402d8f58380000000000,3000,3400
FPREM1_completed,24,RZ,random,105,QUOTIENT_SIGNED_BITS_DIFFER,0000000039d4b32c,00000000838191dc,bf85a670500000000000,bf85a670500000000000,0000000082a67050,3400,7200,00007f80,2,57,3,3,5,3fc6f45ab80000000000,3000,3400
FPREM1_completed,24,RZ,random,108,QUOTIENT_SIGNED_BITS_DIFFER,0000000077d8aab0,00000000b02c7d0a,3fdec378280000000000,3fdec378280000000000,000000002f437828,3400,7300,00007f80,3,73,7,7,1,403f80e0880000000000,3000,3400
FPREM1_completed,24,RZ,random,109,QUOTIENT_SIGNED_BITS_DIFFER,00000000a239da83,00000000210ae6fb,bfc0c39c940000000000,bfc0c39c940000000000,00000000a0439c94,3100,3300,00007f80,1,2,5,5,3,bfc0c39c940000000000,3000,3300
FPREM1_completed,24,RZ,random,265,INVALID_OR_NONFINITE_INPUT,000000007fcfd6be,0000000027bb93e3,7fffcfd6be0000000000,7fffcfd6be0000000000,000000007fcfd6be,3000,3000,00007f80,1,0,0,0,0,7fffcfd6be0000000000,3000,3000
FPREM1_completed,24,RZ,random,265,NAN_RESULT,000000007fcfd6be,0000000027bb93e3,7fffcfd6be0000000000,7fffcfd6be0000000000,000000007fcfd6be,3000,3000,00007f80,1,0,0,0,0,7fffcfd6be0000000000,3000,3000
FPREM1_completed,24,RZ,random,305,EXCEPTION_FLAGS_MISMATCH,00000000804f17e9,0000000010edda30,bf809e2fd20000000000,bf809e2fd20000000000,00000000804f17e9,3002,3002,00007f80,1,0,0,0,0,bf809e2fd20000000000,3002,3002
FPREM1_completed,24,RZ,random,321,EXCEPTION_FLAGS_MISMATCH,000000000075586a,000000001c54d842,3f80eab0d40000000000,3f80eab0d40000000000,000000000075586a,3002,3002,00007f80,1,0,0,0,0,3f80eab0d40000000000,3002,3002
FPREM1_completed,24,RZ,random,334,EXCEPTION_FLAGS_MISMATCH,00000000a9eb0ffc,000000008081f110,3f7d925c000000000000,3f7d925c000000000000,00000000000925c0,3400,3100,00007f82,2,47,4,4,4,bf9f8e98400000000000,3000,3400
FPREM1_completed,24,RZ,random,578,INVALID_OR_NONFINITE_INPUT,00000000ffdbf494,00000000fc3118cd,ffffdbf4940000000000,ffffdbf4940000000000,00000000ffdbf494,3000,3000,00007f80,1,0,0,0,0,ffffdbf4940000000000,3000,3000
FPREM1_completed,24,RZ,random,578,NAN_RESULT,00000000ffdbf494,00000000fc3118cd,ffffdbf4940000000000,ffffdbf4940000000000,00000000ffdbf494,3000,3000,00007f80,1,0,0,0,0,ffffdbf4940000000000,3000,3000
FPREM1_completed,24,RZ,random,594,EXCEPTION_FLAGS_MISMATCH,0000000000487243,00000000668611c6,3f8090e4860000000000,3f8090e4860000000000,0000000000487243,3002,3002,00007f80,1,0,0,0,0,3f8090e4860000000000,3002,3002
FPREM1_completed,24,RZ,random,674,EXCEPTION_FLAGS_MISMATCH,00000000007b959a,00000000483ceb5b,3f80f72b340000000000,3f80f72b340000000000,00000000007b959a,3002,3002,00007f80,1,0,0,0,0,3f80f72b340000000000,3002,3002
FPREM1_completed,24,RZ,random,830,INVALID_OR_NONFINITE_INPUT,00000000ffa26bba,0000000064b98d15,ffffe26bba0000000000,ffffe26bba0000000000,00000000ffe26bba,3001,3001,00007f81,1,0,0,0,0,ffffe26bba0000000000,3001,3001
FPREM1_completed,24,RZ,random,830,NAN_RESULT,00000000ffa26bba,0000000064b98d15,ffffe26bba0000000000,ffffe26bba0000000000,00000000ffe26bba,3001,3001,00007f81,1,0,0,0,0,ffffe26bba0000000000,3001,3001
FPREM1_completed,24,RZ,random,893,EXCEPTION_FLAGS_MISMATCH,00000000806e6013,00000000b0908b5f,bf80dcc0260000000000,bf80dcc0260000000000,00000000806e6013,3002,3002,00007f80,1,0,0,0,0,bf80dcc0260000000000,3002,3002
FPREM1_completed,24,RZ,random,924,INVALID_OR_NONFINITE_INPUT,00000000fff71ab6,000000000d1d63d5,fffff71ab60000000000,fffff71ab60000000000,00000000fff71ab6,3000,3000,00007f80,1,0,0,0,0,fffff71ab60000000000,3000,3000
FPREM1_completed,24,RZ,random,924,NAN_RESULT,00000000fff71ab6,000000000d1d63d5,fffff71ab60000000000,fffff71ab60000000000,00000000fff71ab6,3000,3000,00007f80,1,0,0,0,0,fffff71ab60000000000,3000,3000
FPREM1_completed,24,RZ,random,1003,INVALID_OR_NONFINITE_INPUT,000000000c5a929d,000000007f9ad902,7fffdad9020000000000,7fffdad9020000000000,000000007fdad902,3001,3001,00007f81,1,0,0,0,0,7fffdad9020000000000,3001,3001
FPREM1_completed,24,RZ,random,1003,NAN_RESULT,000000000c5a929d,000000007f9ad902,7fffdad9020000000000,7fffdad9020000000000,000000007fdad902,3001,3001,00007f81,1,0,0,0,0,7fffdad9020000000000,3001,3001
FPREM1_completed,24,RZ,random,1105,INVALID_OR_NONFINITE_INPUT,00000000721c9fe9,00000000ff898023,ffffc980230000000000,ffffc980230000000000,00000000ffc98023,3001,3001,00007f81,1,0,0,0,0,ffffc980230000000000,3001,3001
FPREM1_completed,24,RZ,random,1105,NAN_RESULT,00000000721c9fe9,00000000ff898023,ffffc980230000000000,ffffc980230000000000,00000000ffc98023,3001,3001,00007f81,1,0,0,0,0,ffffc980230000000000,3001,3001
FPREM1_completed,24,RZ,random,1161,EXCEPTION_FLAGS_MISMATCH,00000000803806a9,000000004b857f17,bf7fe01aa40000000000,bf7fe01aa40000000000,00000000803806a9,3002,3002,00007f80,1,0,0,0,0,bf7fe01aa40000000000,3002,3002
FPREM1_completed,24,RZ,random,1224,EXCEPTION_FLAGS_MISMATCH,00000000005ea6b7,00000000296bde8c,3f80bd4d6e0000000000,3f80bd4d6e0000000000,00000000005ea6b7,3002,3002,00007f80,1,0,0,0,0,3f80bd4d6e0000000000,3002,3002
FPREM1_completed,24,RZ,random,1418,INVALID_OR_NONFINITE_INPUT,000000007a44ee35,00000000ff9ed49a,ffffded49a0000000000,ffffded49a0000000000,00000000ffded49a,3001,3001,00007f81,1,0,0,0,0,ffffded49a0000000000,3001,3001
FPREM1_completed,24,RZ,random,1418,NAN_RESULT,000000007a44ee35,00000000ff9ed49a,ffffded49a0000000000,ffffded49a0000000000,00000000ffded49a,3001,3001,00007f81,1,0,0,0,0,ffffded49a0000000000,3001,3001
FPREM1_completed,24,RZ,random,1569,INVALID_OR_NONFINITE_INPUT,00000000ffe92963,00000000c04c1a1f,ffffe929630000000000,ffffe929630000000000,00000000ffe92963,3000,3000,00007f80,1,0,0,0,0,ffffe929630000000000,3000,3000
FPREM1_completed,24,RZ,random,1569,NAN_RESULT,00000000ffe92963,00000000c04c1a1f,ffffe929630000000000,ffffe929630000000000,00000000ffe92963,3000,3000,00007f80,1,0,0,0,0,ffffe929630000000000,3000,3000
FPREM1_completed,24,RZ,random,1578,INVALID_OR_NONFINITE_INPUT,00000000ff90bbcc,0000000040304957,ffffd0bbcc0000000000,ffffd0bbcc0000000000,00000000ffd0bbcc,3001,3001,00007f81,1,0,0,0,0,ffffd0bbcc0000000000,3001,3001
FPREM1_completed,24,RZ,random,1578,NAN_RESULT,00000000ff90bbcc,0000000040304957,ffffd0bbcc0000000000,ffffd0bbcc0000000000,00000000ffd0bbcc,3001,3001,00007f81,1,0,0,0,0,ffffd0bbcc0000000000,3001,3001
FPREM1_completed,24,RZ,random,1685,INVALID_OR_NONFINITE_INPUT,000000007fe52e26,000000006884b058,7fffe52e260000000000,7fffe52e260000000000,000000007fe52e26,3000,3000,00007f80,1,0,0,0,0,7fffe52e260000000000,3000,3000
FPREM1_completed,24,RZ,random,1685,NAN_RESULT,000000007fe52e26,000000006884b058,7fffe52e260000000000,7fffe52e260000000000,000000007fe52e26,3000,3000,00007f80,1,0,0,0,0,7fffe52e260000000000,3000,3000
FPREM1_completed,24,RZ,random,1696,EXCEPTION_FLAGS_MISMATCH,0000000080114cd9,00000000a3a8614e,bf7e8a66c80000000000,bf7e8a66c80000000000,0000000080114cd9,3002,3002,00007f80,1,0,0,0,0,bf7e8a66c80000000000,3002,3002
FPREM1_completed,24,RZ,random,1755,INVALID_OR_NONFINITE_INPUT,000000007fbb3a11,00000000e7733929,7ffffb3a110000000000,7ffffb3a110000000000,000000007ffb3a11,3001,3001,00007f81,1,0,0,0,0,7ffffb3a110000000000,3001,3001
FPREM1_completed,24,RZ,random,1755,NAN_RESULT,000000007fbb3a11,00000000e7733929,7ffffb3a110000000000,7ffffb3a110000000000,000000007ffb3a11,3001,3001,00007f81,1,0,0,0,0,7ffffb3a110000000000,3001,3001
FPREM1_completed,24,RZ,random,1862,INVALID_OR_NONFINITE_INPUT,000000007f92c54b,000000005ca74ec7,7fffd2c54b0000000000,7fffd2c54b0000000000,000000007fd2c54b,3001,3001,00007f81,1,0,0,0,0,7fffd2c54b0000000000,3001,3001
FPREM1_completed,24,RZ,random,1862,NAN_RESULT,000000007f92c54b,000000005ca74ec7,7fffd2c54b0000000000,7fffd2c54b0000000000,000000007fd2c54b,3001,3001,00007f81,1,0,0,0,0,7fffd2c54b0000000000,3001,3001
FPREM1_completed,24,RZ,random,1867,INVALID_OR_NONFINITE_INPUT,0000000045542a5e,00000000ffb74e9f,fffff74e9f0000000000,fffff74e9f0000000000,00000000fff74e9f,3001,3001,00007f81,1,0,0,0,0,fffff74e9f0000000000,3001,3001
FPREM1_completed,24,RZ,random,1867,NAN_RESULT,0000000045542a5e,00000000ffb74e9f,fffff74e9f0000000000,fffff74e9f0000000000,00000000fff74e9f,3001,3001,00007f81,1,0,0,0,0,fffff74e9f0000000000,3001,3001
FPREM1_completed,24,RZ,random,1870,INVALID_OR_NONFINITE_INPUT,0000000087e9d2db,000000007f9ce634,7fffdce6340000000000,7fffdce6340000000000,000000007fdce634,3001,3001,00007f81,1,0,0,0,0,7fffdce6340000000000,3001,3001
FPREM1_completed,24,RZ,random,1870,NAN_RESULT,0000000087e9d2db,000000007f9ce634,7fffdce6340000000000,7fffdce6340000000000,000000007fdce634,3001,3001,00007f81,1,0,0,0,0,7fffdce6340000000000,3001,3001
FPREM1_completed,24,RZ,random,1920,INVALID_OR_NONFINITE_INPUT,000000005882ca2f,000000007fde1f8c,7fffde1f8c0000000000,7fffde1f8c0000000000,000000007fde1f8c,3000,3000,00007f80,1,0,0,0,0,7fffde1f8c0000000000,3000,3000
FPREM1_completed,24,RZ,random,1920,NAN_RESULT,000000005882ca2f,000000007fde1f8c,7fffde1f8c0000000000,7fffde1f8c0000000000,000000007fde1f8c,3000,3000,00007f80,1,0,0,0,0,7fffde1f8c0000000000,3000,3000
FPREM1_completed,24,RZ,random,2045,EXCEPTION_FLAGS_MISMATCH,00000000b4f706eb,0000000000213af5,bf7c886d800000000000,bf7c886d800000000000,000000008004436c,3402,3102,00007f80,2,43,4,4,4,bfbbeaf4400000000000,3002,3402
FPREM1_completed,24,RZ,random,2085,INVALID_OR_NONFINITE_INPUT,000000007f843dcd,00000000a3aa9017,7fffc43dcd0000000000,7fffc43dcd0000000000,000000007fc43dcd,3001,3001,00007f81,1,0,0,0,0,7fffc43dcd0000000000,3001,3001
FPREM1_completed,24,RZ,random,2085,NAN_RESULT,000000007f843dcd,00000000a3aa9017,7fffc43dcd0000000000,7fffc43dcd0000000000,000000007fc43dcd,3001,3001,00007f81,1,0,0,0,0,7fffc43dcd0000000000,3001,3001
FPREM1_completed,24,RZ,random,2088,INVALID_OR_NONFINITE_INPUT,000000007fa3ec23,00000000715a1f9f,7fffe3ec230000000000,7fffe3ec230000000000,000000007fe3ec23,3001,3001,00007f81,1,0,0,0,0,7fffe3ec230000000000,3001,3001
FPREM1_completed,24,RZ,random,2088,NAN_RESULT,000000007fa3ec23,00000000715a1f9f,7fffe3ec230000000000,7fffe3ec230000000000,000000007fe3ec23,3001,3001,00007f81,1,0,0,0,0,7fffe3ec230000000000,3001,3001
FPREM1_completed,24,RZ,random,2096,EXCEPTION_FLAGS_MISMATCH,0000000000139f6d,000000005bbf993f,3f7e9cfb680000000000,3f7e9cfb680000000000,0000000000139f6d,3002,3002,00007f80,1,0,0,0,0,3f7e9cfb680000000000,3002,3002
FPREM1_completed,24,RZ,random,2098,EXCEPTION_FLAGS_MISMATCH,0000000080371a3c,00000000b99fd606,bf7fdc68f00000000000,bf7fdc68f00000000000,0000000080371a3c,3002,3002,00007f80,1,0,0,0,0,bf7fdc68f00000000000,3002,3002
FPREM1_completed,24,RZ,random,2290,INVALID_OR_NONFINITE_INPUT,000000007456aac8,000000007ffafc35,7ffffafc350000000000,7ffffafc350000000000,000000007ffafc35,3000,3000,00007f80,1,0,0,0,0,7ffffafc350000000000,3000,3000
FPREM1_completed,24,RZ,random,2290,NAN_RESULT,000000007456aac8,000000007ffafc35,7ffffafc350000000000,7ffffafc350000000000,000000007ffafc35,3000,3000,00007f80,1,0,0,0,0,7ffffafc350000000000,3000,3000
FPREM1_completed,24,RZ,random,2346,INVALID_OR_NONFINITE_INPUT,00000000ff9ac52d,00000000bd639620,ffffdac52d0000000000,ffffdac52d0000000000,00000000ffdac52d,3001,3001,00007f81,1,0,0,0,0,ffffdac52d0000000000,3001,3001
FPREM1_completed,24,RZ,random,2346,NAN_RESULT,00000000ff9ac52d,00000000bd639620,ffffdac52d0000000000,ffffdac52d0000000000,00000000ffdac52d,3001,3001,00007f81,1,0,0,0,0,ffffdac52d0000000000,3001,3001
FPREM1_completed,24,RZ,random,2643,EXCEPTION_FLAGS_MISMATCH,00000000804f881c,000000001fcdb982,bf809f10380000000000,bf809f10380000000000,00000000804f881c,3002,3002,00007f80,1,0,0,0,0,bf809f10380000000000,3002,3002
FPREM1_completed,24,RZ,random,2681,EXCEPTION_FLAGS_MISMATCH,00000000806f4799,00000000c2b14fd6,bf80de8f320000000000,bf80de8f320000000000,00000000806f4799,3002,3002,00007f80,1,0,0,0,0,bf80de8f320000000000,3002,3002
FPREM1_completed,24,RZ,random,2730,EXCEPTION_FLAGS_MISMATCH,000000008025f976,0000000000a6d3f0,bf7f97e5d80000000000,bf7f97e5d80000000000,000000008025f976,3002,3002,00007f80,1,0,0,0,0,bf7f97e5d80000000000,3002,3002
FPREM1_completed,24,RZ,random,2769,EXCEPTION_FLAGS_MISMATCH,00000000801e5c30,000000009156f816,bf7ef2e1800000000000,bf7ef2e1800000000000,00000000801e5c30,3002,3002,00007f80,1,0,0,0,0,bf7ef2e1800000000000,3002,3002
FPREM1_completed,24,RZ,random,3068,EXCEPTION_FLAGS_MISMATCH,000000008037a746,00000000490c41df,bf7fde9d180000000000,bf7fde9d180000000000,000000008037a746,3002,3002,00007f80,1,0,0,0,0,bf7fde9d180000000000,3002,3002
FPREM1_completed,24,RZ,random,3516,EXCEPTION_FLAGS_MISMATCH,000000009caf2bf9,0000000080838759,3f7fe31a400000000000,3f7fe31a400000000000,000000000038c690,3000,3000,00007f82,1,32,0,0,0,3f7fe31a400000000000,3000,3000
FPREM1_completed,24,RZ,random,3628,EXCEPTION_FLAGS_MISMATCH,000000000076b33b,00000000d1903489,3f80ed66760000000000,3f80ed66760000000000,000000000076b33b,3002,3002,00007f80,1,0,0,0,0,3f80ed66760000000000,3002,3002
FPREM1_completed,24,RZ,random,3838,EXCEPTION_FLAGS_MISMATCH,00000000186d89f2,000000000094e59c,bf7f9124800000000000,bf7f9124800000000000,0000000080244920,3000,3000,00007f82,1,26,0,0,0,bf7f9124800000000000,3000,3000
FPREM1_completed,24,RZ,random,163310,VALUE_MISMATCH,000000007fed1393,000000007fbf408e,7fffff408e0000000000,7fffed13930000000000,000000007fed1393,3001,3001,00007f81,1,0,0,0,0,7fffff408e0000000000,3001,3001
FPREM1_completed,24,RZ,random,181020,VALUE_MISMATCH,000000007f905a8c,00000000ffdea620,ffffdea6200000000000,7fffd05a8c0000000000,000000007fd05a8c,3001,3001,00007f81,1,0,0,0,0,ffffdea6200000000000,3001,3001
FPREM1_completed,24,RZ,random,187735,VALUE_MISMATCH,000000007fe26d70,000000007fa6bfcf,7fffe6bfcf0000000000,7fffe26d700000000000,000000007fe26d70,3001,3001,00007f81,1,0,0,0,0,7fffe6bfcf0000000000,3001,3001
FPREM1_completed,24,RZ,random,304033,VALUE_MISMATCH,00000000ffe14635,000000007ff8b845,7ffff8b8450000000000,ffffe146350000000000,00000000ffe14635,3000,3000,00007f80,1,0,0,0,0,7ffff8b8450000000000,3000,3000
FPREM1_completed,24,RZ,random,315406,VALUE_MISMATCH,00000000ff9b55da,000000007fa40275,7fffe402750000000000,ffffdb55da0000000000,00000000ffdb55da,3001,3001,00007f81,1,0,0,0,0,7fffe402750000000000,3001,3001
FPREM1_completed,24,RZ,random,369110,VALUE_MISMATCH,00000000ff95d10c,00000000ffbda807,fffffda8070000000000,ffffd5d10c0000000000,00000000ffd5d10c,3001,3001,00007f81,1,0,0,0,0,fffffda8070000000000,3001,3001
FPREM1_completed,24,RZ,random,735265,VALUE_MISMATCH,000000007fb03a75,000000007ffcb7c0,7ffffcb7c00000000000,7ffff03a750000000000,000000007ff03a75,3001,3001,00007f81,1,0,0,0,0,7ffffcb7c00000000000,3001,3001
FPREM1_completed,24,RZ,random,937141,VALUE_MISMATCH,00000000ff9f1ee7,000000007fec2531,7fffec25310000000000,ffffdf1ee70000000000,00000000ffdf1ee7,3001,3001,00007f81,1,0,0,0,0,7fffec25310000000000,3001,3001
FPREM1_completed,24,RZ,edge,341,VALUE_MISMATCH,000000007fc00011,00000000ff800222,ffffc002220000000000,7fffc000110000000000,000000007fc00011,3001,3001,00007f81,1,0,0,0,0,ffffc002220000000000,3001,3001
FPREM1_completed,64,RN,random,0,ALL,39005d1b59f41037,aa0bb42747841268,be9eda9504ec9b100000,be9eda9504ec9b100000,a9eb52a09d936200,3400,3000,00001f80,5,120,0,0,0,3f5dc0201f66984c0000,3000,3400
FPREM1_completed,64,RN,random,0,X87_MULTISTEP,39005d1b59f41037,aa0bb42747841268,be9eda9504ec9b100000,be9eda9504ec9b100000,a9eb52a09d936200,3400,3000,00001f80,5,120,0,0,0,3f5dc0201f66984c0000,3000,3400
FPREM1_completed,64,RN,random,0,SINGLE_INSTRUCTION_VALUE_MISMATCH,39005d1b59f41037,aa0bb42747841268,be9eda9504ec9b100000,be9eda9504ec9b100000,a9eb52a09d936200,3400,3000,00001f80,5,120,0,0,0,3f5dc0201f66984c0000,3000,3400
FPREM1_completed,64,RN,random,0,SINGLE_INSTRUCTION_C2_PARTIAL,39005d1b59f41037,aa0bb42747841268,be9eda9504ec9b100000,be9eda9504ec9b100000,a9eb52a09d936200,3400,3000,00001f80,5,120,0,0,0,3f5dc0201f66984c0000,3000,3400
FPREM1_completed,64,RN,random,1,ALL,a79dae131b3431aa,c97db72336427b70,be79ed7098d9a18d5000,be79ed7098d9a18d5000,a79dae131b3431aa,3000,3000,00001f80,1,0,0,0,0,be79ed7098d9a18d5000,3000,3000
FPREM1_completed,64,RN,random,1,SINGLE_COMPLETE_FINITE_CASE,a79dae131b3431aa,c97db72336427b70,be79ed7098d9a18d5000,be79ed7098d9a18d5000,a79dae131b3431aa,3000,3000,00001f80,1,0,0,0,0,be79ed7098d9a18d5000,3000,3000
FPREM1_completed,64,RN,random,2,ALL,38b1b1cf247332e7,2c69a8de7d10e6c2,3ec4ebb15b13f19a0000,3ec4ebb15b13f19a0000,2c4d762b627e3340,3400,3000,00001f80,4,90,0,0,0,3f65e65f0fd8474c8000,3000,3400
FPREM1_completed,64,RN,random,2,X87_MULTISTEP,38b1b1cf247332e7,2c69a8de7d10e6c2,3ec4ebb15b13f19a0000,3ec4ebb15b13f19a0000,2c4d762b627e3340,3400,3000,00001f80,4,90,0,0,0,3f65e65f0fd8474c8000,3000,3400
FPREM1_completed,64,RN,random,2,SINGLE_INSTRUCTION_VALUE_MISMATCH,38b1b1cf247332e7,2c69a8de7d10e6c2,3ec4ebb15b13f19a0000,3ec4ebb15b13f19a0000,2c4d762b627e3340,3400,3000,00001f80,4,90,0,0,0,3f65e65f0fd8474c8000,3000,3400
FPREM1_completed,64,RN,random,2,SINGLE_INSTRUCTION_C2_PARTIAL,38b1b1cf247332e7,2c69a8de7d10e6c2,3ec4ebb15b13f19a0000,3ec4ebb15b13f19a0000,2c4d762b627e3340,3400,3000,00001f80,4,90,0,0,0,3f65e65f0fd8474c8000,3000,3400
FPREM1_completed,64,RN,random,3,ALL,0159a802c6b0e40b,fde8f2dd6b4079e3,3c15cd40163587205800,3c15cd40163587205800,0159a802c6b0e40b,3000,3000,00001f80,1,0,0,0,0,3c15cd40163587205800,3000,3000
FPREM1_completed,64,RN,random,3,SINGLE_COMPLETE_FINITE_CASE,0159a802c6b0e40b,fde8f2dd6b4079e3,3c15cd40163587205800,3c15cd40163587205800,0159a802c6b0e40b,3000,3000,00001f80,1,0,0,0,0,3c15cd40163587205800,3000,3000
FPREM1_completed,64,RN,random,4,ALL,6eafb6c51d88b719,b33bcb6f9ffd8324,bf2de8fe0580bed00000,bf2de8fe0580bed00000,b2dd1fc0b017da00,3400,7000,00001f80,17,446,2,2,6,42b2c8875468a91ec000,3000,3400
FPREM1_completed,64,RN,random,4,X87_MULTISTEP,6eafb6c51d88b719,b33bcb6f9ffd8324,bf2de8fe0580bed00000,bf2de8fe0580bed00000,b2dd1fc0b017da00,3400,7000,00001f80,17,446,2,2,6,42b2c8875468a91ec000,3000,3400
FPREM1_completed,64,RN,random,4,QUOTIENT_SIGNED_BITS_DIFFER,6eafb6c51d88b719,b33bcb6f9ffd8324,bf2de8fe0580bed00000,bf2de8fe0580bed00000,b2dd1fc0b017da00,3400,7000,00001f80,17,446,2,2,6,42b2c8875468a91ec000,3000,3400
FPREM1_completed,64,RN,random,4,SINGLE_INSTRUCTION_VALUE_MISMATCH,6eafb6c51d88b719,b33bcb6f9ffd8324,bf2de8fe0580bed00000,bf2de8fe0580bed00000,b2dd1fc0b017da00,3400,7000,00001f80,17,446,2,2,6,42b2c8875468a91ec000,3000,3400
FPREM1_completed,64,RN,random,4,SINGLE_INSTRUCTION_C2_PARTIAL,6eafb6c51d88b719,b33bcb6f9ffd8324,bf2de8fe0580bed00000,bf2de8fe0580bed00000,b2dd1fc0b017da00,3400,7000,00001f80,17,446,2,2,6,42b2c8875468a91ec000,3000,3400
FPREM1_completed,64,RN,random,5,ALL,039d85f35503e50f,6bf5f004e65a440b,3c39ec2f9aa81f287800,3c39ec2f9aa81f287800,039d85f35503e50f,3000,3000,00001f80,1,0,0,0,0,3c39ec2f9aa81f287800,3000,3000
FPREM1_completed,64,RN,random,5,SINGLE_COMPLETE_FINITE_CASE,039d85f35503e50f,6bf5f004e65a440b,3c39ec2f9aa81f287800,3c39ec2f9aa81f287800,039d85f35503e50f,3000,3000,00001f80,1,0,0,0,0,3c39ec2f9aa81f287800,3000,3000
FPREM1_completed,64,RN,random,6,ALL,3f622dade3a7b6be,bac9d0d4304c687b,bfabc6134ca4513ff000,bfabc6134ca4513ff000,bab8c269948a27fe,3400,3300,00001f80,2,35,5,5,3,3fc68cbaee446fa20000,3000,3400
FPREM1_completed,64,RN,random,6,X87_MULTISTEP,3f622dade3a7b6be,bac9d0d4304c687b,bfabc6134ca4513ff000,bfabc6134ca4513ff000,bab8c269948a27fe,3400,3300,00001f80,2,35,5,5,3,3fc68cbaee446fa20000,3000,3400
FPREM1_completed,64,RN,random,6,QUOTIENT_SIGNED_BITS_DIFFER,3f622dade3a7b6be,bac9d0d4304c687b,bfabc6134ca4513ff000,bfabc6134ca4513ff000,bab8c269948a27fe,3400,3300,00001f80,2,35,5,5,3,3fc68cbaee446fa20000,3000,3400
FPREM1_completed,64,RN,random,6,SINGLE_INSTRUCTION_VALUE_MISMATCH,3f622dade3a7b6be,bac9d0d4304c687b,bfabc6134ca4513ff000,bfabc6134ca4513ff000,bab8c269948a27fe,3400,3300,00001f80,2,35,5,5,3,3fc68cbaee446fa20000,3000,3400
FPREM1_completed,64,RN,random,6,SINGLE_INSTRUCTION_C2_PARTIAL,3f622dade3a7b6be,bac9d0d4304c687b,bfabc6134ca4513ff000,bfabc6134ca4513ff000,bab8c269948a27fe,3400,3300,00001f80,2,35,5,5,3,3fc68cbaee446fa20000,3000,3400
FPREM1_completed,64,RN,random,7,ALL,1be3526f041fd13f,8f013dda7d97cc0b,3cec83c7ce222eb88000,3cec83c7ce222eb88000,0ec078f9c445d710,3400,3300,00001f80,4,83,5,5,3,3d8f99911c0774abc000,3000,3400
FPREM1_completed,64,RN,random,7,X87_MULTISTEP,1be3526f041fd13f,8f013dda7d97cc0b,3cec83c7ce222eb88000,3cec83c7ce222eb88000,0ec078f9c445d710,3400,3300,00001f80,4,83,5,5,3,3d8f99911c0774abc000,3000,3400
FPREM1_completed,64,RN,random,7,QUOTIENT_SIGNED_BITS_DIFFER,1be3526f041fd13f,8f013dda7d97cc0b,3cec83c7ce222eb88000,3cec83c7ce222eb88000,0ec078f9c445d710,3400,3300,00001f80,4,83,5,5,3,3d8f99911c0774abc000,3000,3400
FPREM1_completed,64,RN,random,7,SINGLE_INSTRUCTION_VALUE_MISMATCH,1be3526f041fd13f,8f013dda7d97cc0b,3cec83c7ce222eb88000,3cec83c7ce222eb88000,0ec078f9c445d710,3400,3300,00001f80,4,83,5,5,3,3d8f99911c0774abc000,3000,3400
FPREM1_completed,64,RN,random,7,SINGLE_INSTRUCTION_C2_PARTIAL,1be3526f041fd13f,8f013dda7d97cc0b,3cec83c7ce222eb88000,3cec83c7ce222eb88000,0ec078f9c445d710,3400,3300,00001f80,4,83,5,5,3,3d8f99911c0774abc000,3000,3400
FPREM1_completed,64,RN,random,8,ALL,c44d0a1ea70b20ff,0eeac7548da1932d,3ceb8e30913f18288000,3ceb8e30913f18288000,0eb1c61227e30510,3400,7000,00001f80,16,424,2,2,6,c008b16b8d55709c0000,3000,3400
FPREM1_completed,64,RN,random,8,X87_MULTISTEP,c44d0a1ea70b20ff,0eeac7548da1932d,3ceb8e30913f18288000,3ceb8e30913f18288000,0eb1c61227e30510,3400,7000,00001f80,16,424,2,2,6,c008b16b8d55709c0000,3000,3400
FPREM1_completed,64,RN,random,8,QUOTIENT_SIGNED_BITS_DIFFER,c44d0a1ea70b20ff,0eeac7548da1932d,3ceb8e30913f18288000,3ceb8e30913f18288000,0eb1c61227e30510,3400,7000,00001f80,16,424,2,2,6,c008b16b8d55709c0000,3000,3400
FPREM1_completed,64,RN,random,8,SINGLE_INSTRUCTION_VALUE_MISMATCH,c44d0a1ea70b20ff,0eeac7548da1932d,3ceb8e30913f18288000,3ceb8e30913f18288000,0eb1c61227e30510,3400,7000,00001f80,16,424,2,2,6,c008b16b8d55709c0000,3000,3400
FPREM1_completed,64,RN,random,8,SINGLE_INSTRUCTION_C2_PARTIAL,c44d0a1ea70b20ff,0eeac7548da1932d,3ceb8e30913f18288000,3ceb8e30913f18288000,0eb1c61227e30510,3400,7000,00001f80,16,424,2,2,6,c008b16b8d55709c0000,3000,3400
FPREM1_completed,64,RN,random,9,ALL,14c615a007ecca11,e2509355b1112f51,3d4cb0ad003f66508800,3d4cb0ad003f66508800,14c615a007ecca11,3000,3000,00001f80,1,0,0,0,0,3d4cb0ad003f66508800,3000,3000
FPREM1_completed,64,RN,random,9,SINGLE_COMPLETE_FINITE_CASE,14c615a007ecca11,e2509355b1112f51,3d4cb0ad003f66508800,3d4cb0ad003f66508800,14c615a007ecca11,3000,3000,00001f80,1,0,0,0,0,3d4cb0ad003f66508800,3000,3000
FPREM1_completed,64,RN,random,10,ALL,e17a9da691069bad,bf7616c50e54a52d,3ff6af32e152c081e000,3ff6af32e152c081e000,3f65e65c2a58103c,3400,7100,00001f80,10,266,6,6,6,c1f3b2a68b0280980000,3000,3400
FPREM1_completed,64,RN,random,10,X87_MULTISTEP,e17a9da691069bad,bf7616c50e54a52d,3ff6af32e152c081e000,3ff6af32e152c081e000,3f65e65c2a58103c,3400,7100,00001f80,10,266,6,6,6,c1f3b2a68b0280980000,3000,3400
FPREM1_completed,64,RN,random,10,SINGLE_INSTRUCTION_VALUE_MISMATCH,e17a9da691069bad,bf7616c50e54a52d,3ff6af32e152c081e000,3ff6af32e152c081e000,3f65e65c2a58103c,3400,7100,00001f80,10,266,6,6,6,c1f3b2a68b0280980000,3000,3400
FPREM1_completed,64,RN,random,10,SINGLE_INSTRUCTION_C2_PARTIAL,e17a9da691069bad,bf7616c50e54a52d,3ff6af32e152c081e000,3ff6af32e152c081e000,3f65e65c2a58103c,3400,7100,00001f80,10,266,6,6,6,c1f3b2a68b0280980000,3000,3400
FPREM1_completed,64,RN,random,11,ALL,4a4e1234b1a55a7f,29841a150e25814e,3e95abc4469a67fc0000,3e95abc4469a67fc0000,29557888d34cff80,3400,3000,00001f80,9,289,0,0,0,4075d17ea87146938000,3000,3400
FPREM1_completed,64,RN,random,11,X87_MULTISTEP,4a4e1234b1a55a7f,29841a150e25814e,3e95abc4469a67fc0000,3e95abc4469a67fc0000,29557888d34cff80,3400,3000,00001f80,9,289,0,0,0,4075d17ea87146938000,3000,3400
FPREM1_completed,64,RN,random,11,SINGLE_INSTRUCTION_VALUE_MISMATCH,4a4e1234b1a55a7f,29841a150e25814e,3e95abc4469a67fc0000,3e95abc4469a67fc0000,29557888d34cff80,3400,3000,00001f80,9,289,0,0,0,4075d17ea87146938000,3000,3400
FPREM1_completed,64,RN,random,11,SINGLE_INSTRUCTION_C2_PARTIAL,4a4e1234b1a55a7f,29841a150e25814e,3e95abc4469a67fc0000,3e95abc4469a67fc0000,29557888d34cff80,3400,3000,00001f80,9,289,0,0,0,4075d17ea87146938000,3000,3400
FPREM1_completed,64,RN,random,12,ALL,6594f41e49bee1a0,3bf5817dfb70df6d,bfbdd3bf680461b9c000,bfbdd3bf680461b9c000,bbda77ed008c3738,3400,7100,00001f80,12,321,6,6,6,421e9b54c40c8e563000,3000,3400
FPREM1_completed,64,RN,random,12,X87_MULTISTEP,6594f41e49bee1a0,3bf5817dfb70df6d,bfbdd3bf680461b9c000,bfbdd3bf680461b9c000,bbda77ed008c3738,3400,7100,00001f80,12,321,6,6,6,421e9b54c40c8e563000,3000,3400
FPREM1_completed,64,RN,random,12,SINGLE_INSTRUCTION_VALUE_MISMATCH,6594f41e49bee1a0,3bf5817dfb70df6d,bfbdd3bf680461b9c000,bfbdd3bf680461b9c000,bbda77ed008c3738,3400,7100,00001f80,12,321,6,6,6,421e9b54c40c8e563000,3000,3400
FPREM1_completed,64,RN,random,12,SINGLE_INSTRUCTION_C2_PARTIAL,6594f41e49bee1a0,3bf5817dfb70df6d,bfbdd3bf680461b9c000,bfbdd3bf680461b9c000,bbda77ed008c3738,3400,7100,00001f80,12,321,6,6,6,421e9b54c40c8e563000,3000,3400
FPREM1_completed,64,RN,random,13,ALL,c1132a8b237f2b9d,594d73404f44c27e,c0119954591bf95ce800,c0119954591bf95ce800,c1132a8b237f2b9d,3000,3000,00001f80,1,0,0,0,0,c0119954591bf95ce800,3000,3000
FPREM1_completed,64,RN,random,13,SINGLE_COMPLETE_FINITE_CASE,c1132a8b237f2b9d,594d73404f44c27e,c0119954591bf95ce800,c0119954591bf95ce800,c1132a8b237f2b9d,3000,3000,00001f80,1,0,0,0,0,c0119954591bf95ce800,3000,3000
FPREM1_completed,64,RN,random,14,ALL,b7683dfbd1805aff,bf598884c49fca9b,bf76c1efde8c02d7f800,bf76c1efde8c02d7f800,b7683dfbd1805aff,3000,3000,00001f80,1,0,0,0,0,bf76c1efde8c02d7f800,3000,3000
FPREM1_completed,64,RN,random,14,SINGLE_COMPLETE_FINITE_CASE,b7683dfbd1805aff,bf598884c49fca9b,bf76c1efde8c02d7f800,bf76c1efde8c02d7f800,b7683dfbd1805aff,3000,3000,00001f80,1,0,0,0,0,bf76c1efde8c02d7f800,3000,3000
FPREM1_completed,64,RN,random,15,ALL,6f490969190f62c4,ae1215eb462405c7,beddf21db25c55170000,beddf21db25c55170000,adde43b64b8aa2e0,3400,7000,00001f80,17,494,2,2,6,42bddc90617d46440000,3000,3400
FPREM1_completed,64,RN,random,15,X87_MULTISTEP,6f490969190f62c4,ae1215eb462405c7,beddf21db25c55170000,beddf21db25c55170000,adde43b64b8aa2e0,3400,7000,00001f80,17,494,2,2,6,42bddc90617d46440000,3000,3400
FPREM1_completed,64,RN,random,15,QUOTIENT_SIGNED_BITS_DIFFER,6f490969190f62c4,ae1215eb462405c7,beddf21db25c55170000,beddf21db25c55170000,adde43b64b8aa2e0,3400,7000,00001f80,17,494,2,2,6,42bddc90617d46440000,3000,3400
FPREM1_completed,64,RN,random,15,SINGLE_INSTRUCTION_VALUE_MISMATCH,6f490969190f62c4,ae1215eb462405c7,beddf21db25c55170000,beddf21db25c55170000,adde43b64b8aa2e0,3400,7000,00001f80,17,494,2,2,6,42bddc90617d46440000,3000,3400
FPREM1_completed,64,RN,random,15,SINGLE_INSTRUCTION_C2_PARTIAL,6f490969190f62c4,ae1215eb462405c7,beddf21db25c55170000,beddf21db25c55170000,adde43b64b8aa2e0,3400,7000,00001f80,17,494,2,2,6,42bddc90617d46440000,3000,3400
FPREM1_completed,64,RN,random,16,ALL,8da36025d28a21d8,33ed6497a86d8353,bcda9b012e94510ec000,bcda9b012e94510ec000,8da36025d28a21d8,3000,3000,00001f80,1,0,0,0,0,bcda9b012e94510ec000,3000,3000
FPREM1_completed,64,RN,random,16,SINGLE_COMPLETE_FINITE_CASE,8da36025d28a21d8,33ed6497a86d8353,bcda9b012e94510ec000,bcda9b012e94510ec000,8da36025d28a21d8,3000,3000,00001f80,1,0,0,0,0,bcda9b012e94510ec000,3000,3000
FPREM1_completed,64,RN,random,17,ALL,b77e8b7c1bae6945,ce13f0f8f189085d,bf77f45be0dd734a2800,bf77f45be0dd734a2800,b77e8b7c1bae6945,3000,3000,00001f80,1,0,0,0,0,bf77f45be0dd734a2800,3000,3000
FPREM1_completed,64,RN,random,17,SINGLE_COMPLETE_FINITE_CASE,b77e8b7c1bae6945,ce13f0f8f189085d,bf77f45be0dd734a2800,bf77f45be0dd734a2800,b77e8b7c1bae6945,3000,3000,00001f80,1,0,0,0,0,bf77f45be0dd734a2800,3000,3000
FPREM1_completed,64,RN,random,18,ALL,1e56657267a4546d,63b83902f22bfcd7,3de5b32b933d22a36800,3de5b32b933d22a36800,1e56657267a4546d,3000,3000,00001f80,1,0,0,0,0,3de5b32b933d22a36800,3000,3000
FPREM1_completed,64,RN,random,18,SINGLE_COMPLETE_FINITE_CASE,1e56657267a4546d,63b83902f22bfcd7,3de5b32b933d22a36800,3de5b32b933d22a36800,1e56657267a4546d,3000,3000,00001f80,1,0,0,0,0,3de5b32b933d22a36800,3000,3000
FPREM1_completed,64,RN,random,19,ALL,520a608fd94c71bc,1a0745443aa528a2,bd9de6901672030b0000,bd9de6901672030b0000,99dcd202ce406160,3400,7100,00001f80,18,451,6,6,6,4100afcb0604c208c000,3000,3400
FPREM1_completed,64,RN,random,19,X87_MULTISTEP,520a608fd94c71bc,1a0745443aa528a2,bd9de6901672030b0000,bd9de6901672030b0000,99dcd202ce406160,3400,7100,00001f80,18,451,6,6,6,4100afcb0604c208c000,3000,3400
FPREM1_completed,64,RN,random,19,SINGLE_INSTRUCTION_VALUE_MISMATCH,520a608fd94c71bc,1a0745443aa528a2,bd9de6901672030b0000,bd9de6901672030b0000,99dcd202ce406160,3400,7100,00001f80,18,451,6,6,6,4100afcb0604c208c000,3000,3400
FPREM1_completed,64,RN,random,19,SINGLE_INSTRUCTION_C2_PARTIAL,520a608fd94c71bc,1a0745443aa528a2,bd9de6901672030b0000,bd9de6901672030b0000,99dcd202ce406160,3400,7100,00001f80,18,451,6,6,6,4100afcb0604c208c000,3000,3400
FPREM1_completed,64,RN,random,20,X87_MULTISTEP,e11dd77714b3258b,2594be96d5414b93,be58a3ced03246e70000,be58a3ced03246e70000,a58479da0648dce0,3400,3000,00001f80,16,468,0,0,0,c1d689da8af23e7a8000,3000,3400
FPREM1_completed,64,RN,random,20,SINGLE_INSTRUCTION_VALUE_MISMATCH,e11dd77714b3258b,2594be96d5414b93,be58a3ced03246e70000,be58a3ced03246e70000,a58479da0648dce0,3400,3000,00001f80,16,468,0,0,0,c1d689da8af23e7a8000,3000,3400
FPREM1_completed,64,RN,random,20,SINGLE_INSTRUCTION_C2_PARTIAL,e11dd77714b3258b,2594be96d5414b93,be58a3ced03246e70000,be58a3ced03246e70000,a58479da0648dce0,3400,3000,00001f80,16,468,0,0,0,c1d689da8af23e7a8000,3000,3400
FPREM1_completed,64,RN,random,21,SINGLE_COMPLETE_FINITE_CASE,b452c0bf0200d818,6b0151688251e8ff,bf459605f81006c0c000,bf459605f81006c0c000,b452c0bf0200d818,3000,3000,00001f80,1,0,0,0,0,bf459605f81006c0c000,3000,3000
FPREM1_completed,64,RN,random,22,QUOTIENT_SIGNED_BITS_DIFFER,a04b39e9068ce4c8,1eb552ddc4042814,3de7871c7aea26740000,3de7871c7aea26740000,1e70e38f5d44ce80,7000,7000,00001f80,1,14,2,2,6,3de7871c7aea26740000,3000,7000
FPREM1_completed,64,RN,random,22,SINGLE_COMPLETE_FINITE_CASE,a04b39e9068ce4c8,1eb552ddc4042814,3de7871c7aea26740000,3de7871c7aea26740000,1e70e38f5d44ce80,7000,7000,00001f80,1,14,2,2,6,3de7871c7aea26740000,3000,7000
FPREM1_completed,64,RN,random,23,SINGLE_COMPLETE_FINITE_CASE,af4da42f6014ff40,b29387e0e24fc445,bef4ed217b00a7fa0000,bef4ed217b00a7fa0000,af4da42f6014ff40,3000,3000,00001f80,1,0,0,0,0,bef4ed217b00a7fa0000,3000,3000
FPREM1_completed,64,RN,random,24,X87_MULTISTEP,d4114ba021dfe810,3c9d3fbdef8f3ad4,bfc899b8aef443cc0000,bfc899b8aef443cc0000,bc833715de887980,3400,3000,00001f80,7,185,0,0,0,c105ea7fac552c3a0000,3000,3400
FPREM1_completed,64,RN,random,24,SINGLE_INSTRUCTION_VALUE_MISMATCH,d4114ba021dfe810,3c9d3fbdef8f3ad4,bfc899b8aef443cc0000,bfc899b8aef443cc0000,bc833715de887980,3400,3000,00001f80,7,185,0,0,0,c105ea7fac552c3a0000,3000,3400
FPREM1_completed,64,RN,random,24,SINGLE_INSTRUCTION_C2_PARTIAL,d4114ba021dfe810,3c9d3fbdef8f3ad4,bfc899b8aef443cc0000,bfc899b8aef443cc0000,bc833715de887980,3400,3000,00001f80,7,185,0,0,0,c105ea7fac552c3a0000,3000,3400
FPREM1_completed,64,RN,random,25,SINGLE_COMPLETE_FINITE_CASE,69ef6e510d168232,717a855f449728e5,429efb728868b4119000,429efb728868b4119000,69ef6e510d168232,3000,3000,00001f80,1,0,0,0,0,429efb728868b4119000,3000,3000
FPREM1_completed,64,RN,random,26,SINGLE_COMPLETE_FINITE_CASE,d6883f0417967388,e66311ff39fee26c,c168c1f820bcb39c4000,c168c1f820bcb39c4000,d6883f0417967388,3000,3000,00001f80,1,0,0,0,0,c168c1f820bcb39c4000,3000,3000
FPREM1_completed,64,RN,random,27,SINGLE_COMPLETE_FINITE_CASE,4fa14b561f8c01bf,f471624ef4a20fbf,40fa8a5ab0fc600df800,40fa8a5ab0fc600df800,4fa14b561f8c01bf,3000,3000,00001f80,1,0,0,0,0,40fa8a5ab0fc600df800,3000,3000
FPREM1_completed,64,RN,random,28,SINGLE_COMPLETE_FINITE_CASE,9d1803c5770d693a,239d03d2d46d3116,bdd1c01e2bb86b49d000,bdd1c01e2bb86b49d000,9d1803c5770d693a,3000,3000,00001f80,1,0,0,0,0,bdd1c01e2bb86b49d000,3000,3000
FPREM1_completed,64,RN,random,29,X87_MULTISTEP,7f2c60a814b272c4,e633a951c7718da0,4262993de6ed86800000,4262993de6ed86800000,662327bcddb0d000,3400,3000,00001f80,7,214,0,0,0,43c0ea05ff1215200000,3000,3400
FPREM1_completed,64,RN,random,29,SINGLE_INSTRUCTION_VALUE_MISMATCH,7f2c60a814b272c4,e633a951c7718da0,4262993de6ed86800000,4262993de6ed86800000,662327bcddb0d000,3400,3000,00001f80,7,214,0,0,0,43c0ea05ff1215200000,3000,3400
FPREM1_completed,64,RN,random,29,SINGLE_INSTRUCTION_C2_PARTIAL,7f2c60a814b272c4,e633a951c7718da0,4262993de6ed86800000,4262993de6ed86800000,662327bcddb0d000,3400,3000,00001f80,7,214,0,0,0,43c0ea05ff1215200000,3000,3400
FPREM1_completed,64,RN,random,30,SINGLE_COMPLETE_FINITE_CASE,9148b248811c9805,42fcc655290ba003,bd14c5924408e4c02800,bd14c5924408e4c02800,9148b248811c9805,3000,3000,00001f80,1,0,0,0,0,bd14c5924408e4c02800,3000,3000
FPREM1_completed,64,RN,random,31,SINGLE_COMPLETE_FINITE_CASE,91825b4d252f035d,ac6a40183abe4a22,bd1892da6929781ae800,bd1892da6929781ae800,91825b4d252f035d,3000,3000,00001f80,1,0,0,0,0,bd1892da6929781ae800,3000,3000
FPREM1_completed,64,RN,random,32,SINGLE_COMPLETE_FINITE_CASE,97787847f9bd2af4,fa15567f6a6f1ee1,bd77c3c23fcde957a000,bd77c3c23fcde957a000,97787847f9bd2af4,3000,3000,00001f80,1,0,0,0,0,bd77c3c23fcde957a000,3000,3000
FPREM1_completed,64,RN,random,33,X87_MULTISTEP,df47de5513ea6822,1bdd3f3c49777f1a,bdbc9dd84fac431e2000,bdbc9dd84fac431e2000,9bc3bb09f58863c4,3400,7200,00001f80,23,529,3,3,5,c1b89cf920695de20000,3000,3400
FPREM1_completed,64,RN,random,33,QUOTIENT_SIGNED_BITS_DIFFER,df47de5513ea6822,1bdd3f3c49777f1a,bdbc9dd84fac431e2000,bdbc9dd84fac431e2000,9bc3bb09f58863c4,3400,7200,00001f80,23,529,3,3,5,c1b89cf920695de20000,3000,3400
FPREM1_completed,64,RN,random,33,MORE_THAN_512_SUBTRACTIONS,df47de5513ea6822,1bdd3f3c49777f1a,bdbc9dd84fac431e2000,bdbc9dd84fac431e2000,9bc3bb09f58863c4,3400,7200,00001f80,23,529,3,3,5,c1b89cf920695de20000,3000,3400
FPREM1_completed,64,RN,random,33,SINGLE_INSTRUCTION_VALUE_MISMATCH,df47de5513ea6822,1bdd3f3c49777f1a,bdbc9dd84fac431e2000,bdbc9dd84fac431e2000,9bc3bb09f58863c4,3400,7200,00001f80,23,529,3,3,5,c1b89cf920695de20000,3000,3400
FPREM1_completed,64,RN,random,33,SINGLE_INSTRUCTION_C2_PARTIAL,df47de5513ea6822,1bdd3f3c49777f1a,bdbc9dd84fac431e2000,bdbc9dd84fac431e2000,9bc3bb09f58863c4,3400,7200,00001f80,23,529,3,3,5,c1b89cf920695de20000,3000,3400
FPREM1_completed,64,RN,random,34,X87_MULTISTEP,5ada68c2e5cabb64,978f4e73e3766ff9,bd77d51b412bae19b000,bd77d51b412bae19b000,977aa3682575c336,3400,7200,00001f80,22,557,3,3,5,41789a93cdfc23e8f800,3000,3400
FPREM1_completed,64,RN,random,34,QUOTIENT_SIGNED_BITS_DIFFER,5ada68c2e5cabb64,978f4e73e3766ff9,bd77d51b412bae19b000,bd77d51b412bae19b000,977aa3682575c336,3400,7200,00001f80,22,557,3,3,5,41789a93cdfc23e8f800,3000,3400
FPREM1_completed,64,RN,random,34,MORE_THAN_512_SUBTRACTIONS,5ada68c2e5cabb64,978f4e73e3766ff9,bd77d51b412bae19b000,bd77d51b412bae19b000,977aa3682575c336,3400,7200,00001f80,22,557,3,3,5,41789a93cdfc23e8f800,3000,3400
FPREM1_completed,64,RN,random,34,SINGLE_INSTRUCTION_VALUE_MISMATCH,5ada68c2e5cabb64,978f4e73e3766ff9,bd77d51b412bae19b000,bd77d51b412bae19b000,977aa3682575c336,3400,7200,00001f80,22,557,3,3,5,41789a93cdfc23e8f800,3000,3400
FPREM1_completed,64,RN,random,34,SINGLE_INSTRUCTION_C2_PARTIAL,5ada68c2e5cabb64,978f4e73e3766ff9,bd77d51b412bae19b000,bd77d51b412bae19b000,977aa3682575c336,3400,7200,00001f80,22,557,3,3,5,41789a93cdfc23e8f800,3000,3400
FPREM1_completed,64,RN,random,35,X87_MULTISTEP,a76c958fcc12d08c,989a991372a47146,3d8890a17b0f5b5c2000,3d8890a17b0f5b5c2000,1882142f61eb6b84,3400,7200,00001f80,5,121,3,3,3,be49c7bd9c283ee2f000,3000,3400
FPREM1_completed,64,RN,random,35,SINGLE_INSTRUCTION_VALUE_MISMATCH,a76c958fcc12d08c,989a991372a47146,3d8890a17b0f5b5c2000,3d8890a17b0f5b5c2000,1882142f61eb6b84,3400,7200,00001f80,5,121,3,3,3,be49c7bd9c283ee2f000,3000,3400
FPREM1_completed,64,RN,random,35,SINGLE_INSTRUCTION_C2_PARTIAL,a76c958fcc12d08c,989a991372a47146,3d8890a17b0f5b5c2000,3d8890a17b0f5b5c2000,1882142f61eb6b84,3400,7200,00001f80,5,121,3,3,3,be49c7bd9c283ee2f000,3000,3400
FPREM1_completed,64,RN,random,36,X87_MULTISTEP,73538c0c3447ef9c,69bbc16644e39d84,429696ae4e14f3000000,429696ae4e14f3000000,6962d5c9c29e6000,3400,3000,00001f80,3,83,0,0,0,42fb8ba018ce380f4000,3000,3400
FPREM1_completed,64,RN,random,36,SINGLE_INSTRUCTION_VALUE_MISMATCH,73538c0c3447ef9c,69bbc16644e39d84,429696ae4e14f3000000,429696ae4e14f3000000,6962d5c9c29e6000,3400,3000,00001f80,3,83,0,0,0,42fb8ba018ce380f4000,3000,3400
FPREM1_completed,64,RN,random,36,SINGLE_INSTRUCTION_C2_PARTIAL,73538c0c3447ef9c,69bbc16644e39d84,429696ae4e14f3000000,429696ae4e14f3000000,6962d5c9c29e6000,3400,3000,00001f80,3,83,0,0,0,42fb8ba018ce380f4000,3000,3400
FPREM1_completed,64,RN,random,37,SINGLE_COMPLETE_FINITE_CASE,2fa7c32afc6000ba,6f78d4e5ac78ca42,3efabe1957e30005d000,3efabe1957e30005d000,2fa7c32afc6000ba,3000,3000,00001f80,1,0,0,0,0,3efabe1957e30005d000,3000,3000
FPREM1_completed,64,RN,random,38,X87_MULTISTEP,3d43afc97578251a,a04640200977c35b,3e02e186dfd02dd44000,3e02e186dfd02dd44000,202c30dbfa05ba88,3400,7000,00001f80,8,209,2,2,6,3fa1b62ad18302834000,3000,3400
FPREM1_completed,64,RN,random,38,QUOTIENT_SIGNED_BITS_DIFFER,3d43afc97578251a,a04640200977c35b,3e02e186dfd02dd44000,3e02e186dfd02dd44000,202c30dbfa05ba88,3400,7000,00001f80,8,209,2,2,6,3fa1b62ad18302834000,3000,3400
FPREM1_completed,64,RN,random,38,SINGLE_INSTRUCTION_VALUE_MISMATCH,3d43afc97578251a,a04640200977c35b,3e02e186dfd02dd44000,3e02e186dfd02dd44000,202c30dbfa05ba88,3400,7000,00001f80,8,209,2,2,6,3fa1b62ad18302834000,3000,3400
FPREM1_completed,64,RN,random,38,SINGLE_INSTRUCTION_C2_PARTIAL,3d43afc97578251a,a04640200977c35b,3e02e186dfd02dd44000,3e02e186dfd02dd44000,202c30dbfa05ba88,3400,7000,00001f80,8,209,2,2,6,3fa1b62ad18302834000,3000,3400
FPREM1_completed,64,RN,random,39,X87_MULTISTEP,de5e7ac0be62872d,966524ac718d39c5,bd64f4a6c0bb5953c000,bd64f4a6c0bb5953c000,964e94d8176b2a78,3400,7000,00001f80,21,530,2,2,2,c1a5cb9ac6b91d17c000,3000,3400
FPREM1_completed,64,RN,random,39,MORE_THAN_512_SUBTRACTIONS,de5e7ac0be62872d,966524ac718d39c5,bd64f4a6c0bb5953c000,bd64f4a6c0bb5953c000,964e94d8176b2a78,3400,7000,00001f80,21,530,2,2,2,c1a5cb9ac6b91d17c000,3000,3400
FPREM1_completed,64,RN,random,39,SINGLE_INSTRUCTION_VALUE_MISMATCH,de5e7ac0be62872d,966524ac718d39c5,bd64f4a6c0bb5953c000,bd64f4a6c0bb5953c000,964e94d8176b2a78,3400,7000,00001f80,21,530,2,2,2,c1a5cb9ac6b91d17c000,3000,3400
FPREM1_completed,64,RN,random,39,SINGLE_INSTRUCTION_C2_PARTIAL,de5e7ac0be62872d,966524ac718d39c5,bd64f4a6c0bb5953c000,bd64f4a6c0bb5953c000,964e94d8176b2a78,3400,7000,00001f80,21,530,2,2,2,c1a5cb9ac6b91d17c000,3000,3400
FPREM1_completed,64,RN,random,40,QUOTIENT_SIGNED_BITS_DIFFER,eda549eb3ce9804c,38af62f6b3141d76,bf889a7d3835a621c000,bf889a7d3835a621c000,b8834fa706b4c438,3400,7200,00001f80,18,433,3,3,5,c2aac0b071cba34d2000,3000,3400
FPREM1_completed,64,RN,random,42,QUOTIENT_SIGNED_BITS_DIFFER,7347a7d32d010189,bbdc7d30e2d90d34,3fb98d23799480640000,3fb98d23799480640000,3b91a46f32900c80,3400,7100,00001f80,15,450,6,6,2,42fc9fbd6059542a0000,3000,3400
FPREM1_completed,64,RN,random,49,QUOTIENT_SIGNED_BITS_DIFFER,5c2a8192de56c7a7,af1cce228ec78966,3eeee9d87ca2a2dd0000,3eeee9d87ca2a2dd0000,2eed3b0f94545ba0,3400,7000,00001f80,14,342,2,2,6,418fe6e4d24d849b4000,3000,3400
FPREM1_completed,64,RN,random,50,QUOTIENT_SIGNED_BITS_DIFFER,d4332c5073970392,2a2ce091ab67d52d,3ea0d50b2ee8f4692000,3ea0d50b2ee8f4692000,2a0aa165dd1e8d24,3400,3300,00001f80,14,328,5,5,3,c1228eb28032356a0800,3000,3400
FPREM1_completed,64,RN,random,53,MORE_THAN_512_SUBTRACTIONS,69920c42a30349f2,121d884a542f682a,3d1ec47d5167226b0000,3d1ec47d5167226b0000,11e88faa2ce44d60,3400,7000,00001f80,30,720,2,2,2,425e8220e02d6a9d0000,3000,3400
FPREM1_completed,64,RN,random,56,QUOTIENT_SIGNED_BITS_DIFFER,c4b90a3ed64c2a40,1fe81d7e2ed3fc27,bdfd925b30d6d3c4b000,bdfd925b30d6d3c4b000,9fd24b661ada7896,3400,7200,00001f80,11,284,3,3,5,c018c4c76f8e86c20000,3000,3400
FPREM1_completed,64,RN,random,57,MORE_THAN_512_SUBTRACTIONS,ed507db431407d57,0647f267a6605818,3c60c51ce70d92200000,3c60c51ce70d92200000,0608a39ce1b24400,3400,3000,00001f80,31,853,0,0,0,c2a3e4016d1fd4eb8000,3000,3400
FPREM1_completed,64,RN,random,58,QUOTIENT_SIGNED_BITS_DIFFER,0b4cedfe07d58842,881120faae2ba810,bc7e8e3b072c89cc0000,bc7e8e3b072c89cc0000,87e1c760e5913980,7000,7200,00001f80,1,24,3,3,5,bc7e8e3b072c89cc0000,3000,7200
FPREM1_completed,64,RN,random,74,QUOTIENT_SIGNED_BITS_DIFFER,755e02aa7062ebf6,d55a977a4df97796,4153946a6c7d5f19c000,4153946a6c7d5f19c000,55328d4d8fabe338,3400,7200,00001f80,10,267,3,3,5,4334c0cf178ad3b60000,3000,3400
FPREM1_completed,64,RN,random,78,QUOTIENT_SIGNED_BITS_DIFFER,7a81e0961d310cac,c8a67772091ffa00,c088af5bc3ea0c400000,c088af5bc3ea0c400000,c885eb787d418800,3400,3300,00001f80,15,392,5,5,3,4368ece29c120bc00000,3000,3400
FPREM1_completed,64,RN,random,81,QUOTIENT_SIGNED_BITS_DIFFER,e68d3c006f201df4,1ee887edcd9168d5,bded8ea30b8a5ec5b000,bded8ea30b8a5ec5b000,9ed1d461714bd8b6,3400,3200,00001f80,19,580,1,1,7,c22bf7786d2b29f64000,3000,3400
FPREM1_completed,64,RN,random,81,MORE_THAN_512_SUBTRACTIONS,e68d3c006f201df4,1ee887edcd9168d5,bded8ea30b8a5ec5b000,bded8ea30b8a5ec5b000,9ed1d461714bd8b6,3400,3200,00001f80,19,580,1,1,7,c22bf7786d2b29f64000,3000,3400
FPREM1_completed,64,RN,random,83,QUOTIENT_SIGNED_BITS_DIFFER,3eccab5c4e05dc04,a8b8ed2a40208dea,3e89e0fca07a1c16c000,3e89e0fca07a1c16c000,289c1f940f4382d8,3400,3200,00001f80,7,174,1,1,7,3fcba8096ea7debf4000,3000,3400
FPREM1_completed,64,RN,random,84,QUOTIENT_SIGNED_BITS_DIFFER,f993df8021999846,15a30e386b02b404,3d598d686da30340c000,3d598d686da30340c000,1591ad0db4606818,3400,7200,00001f80,27,791,3,3,5,c356e7264a4b254a0000,3000,3400
FPREM1_completed,64,RN,random,84,MORE_THAN_512_SUBTRACTIONS,f993df8021999846,15a30e386b02b404,3d598d686da30340c000,3d598d686da30340c000,1591ad0db4606818,3400,7200,00001f80,27,791,3,3,5,c356e7264a4b254a0000,3000,3400
FPREM1_completed,64,RN,random,86,MORE_THAN_512_SUBTRACTIONS,d5cf4344b88928f2,09de7fb0fe8aac8b,bc9cef6403e237cc2000,bc9cef6403e237cc2000,89cdec807c46f984,3400,7000,00001f80,27,644,2,2,6,c11ccb5db15201948000,3000,3400
FPREM1_completed,64,RN,random,87,MORE_THAN_512_SUBTRACTIONS,7b5310c9fc212395,8eda03c9c430ce5f,bceba69037ae3d53c000,bceba69037ae3d53c000,8eb4d206f5c7aa78,3400,7000,00001f80,35,862,2,2,6,438dad1847dc972e5000,3000,3400
FPREM1_completed,64,RN,random,92,MORE_THAN_512_SUBTRACTIONS,e3a846a2bfbc4178,80f257439666d7d5,3c0c9c29b1a107d28000,3c0c9c29b1a107d28000,00c385363420fa50,3400,7000,00001f80,27,808,2,2,2,c20ed8bfa47883faa000,3000,3400
FPREM1_completed,64,RN,random,104,MORE_THAN_512_SUBTRACTIONS,56b9818e16a7fd62,89436d87e2292558,3c9389e4299005490000,3c9389e4299005490000,09313c853200a920,3400,7000,00001f80,21,612,2,2,6,4132e621769844f50000,3000,3400
FPREM1_completed,64,RN,random,105,MORE_THAN_512_SUBTRACTIONS,f98f1f2039d4b32c,334ccb14838191dc,bf33b727e9205ee78000,bf33b727e9205ee78000,b336e4fd240bdcf0,3400,7100,00001f80,21,541,6,6,2,c373aa7b214060490000,3000,3400
FPREM1_completed,64,RN,random,113,MORE_THAN_512_SUBTRACTIONS,f30db0b39235c396,ad720371ec7fe712,3ed4ec4b5d43cab40000,3ed4ec4b5d43cab40000,2d4d896ba8795680,3400,3000,00001f80,20,543,0,0,0,c2f780a1106b971c5000,3000,3400
FPREM1_completed,64,RN,random,121,MORE_THAN_512_SUBTRACTIONS,7c0ada0c874938dc,97f0e3e5fa42fb78,3d7d92daf8abd3320000,3d7d92daf8abd3320000,17d25b5f157a6640,3400,7000,00001f80,27,815,2,2,6,439dcaa9d3e967880000,3000,3400
FPREM1_completed,64,RN,random,135,MORE_THAN_512_SUBTRACTIONS,7acec2800ccf3118,3498831721aad9e8,3f489bf2fc73696c0000,3f489bf2fc73696c0000,34837e5f8e6d2d80,3400,3000,00001f80,24,556,0,0,0,4389952eef1c607c4000,3000,3400
FPREM1_completed,64,RN,random,142,MORE_THAN_512_SUBTRACTIONS,7264155fa13b8f59,9c647ced0ca8226b,3dc2bb2947c812938000,3dc2bb2947c812938000,1c276528f9025270,3400,7200,00001f80,23,682,3,3,5,4304bacaa0d979ba8000,3000,3400
FPREM1_completed,64,RN,random,144,MORE_THAN_512_SUBTRACTIONS,ed2dc6396c42b6f8,02c3611c2eadf718,3c298039ee9aeacc0000,3c298039ee9aeacc0000,0290073dd35d5980,3400,7000,00001f80,30,845,2,2,6,c2ac86ddaf9c03cf8000,3000,3400
FPREM1_completed,64,RN,random,156,MORE_THAN_512_SUBTRACTIONS,c55b68e984a6b54d,8255bc36c1074b77,3c23d5d42b476fc36000,3c23d5d42b476fc36000,023aba8568edf86c,3400,3300,00001f80,21,532,5,5,5,c02598ec8c879ad20000,3000,3400
FPREM1_completed,64,RN,random,171,MORE_THAN_512_SUBTRACTIONS,72a584688a7d4f85,b06b0aa08ec0c009,3f058c563cf186254000,3f058c563cf186254000,30518ac79e30c4a8,3400,3100,00001f80,24,550,4,4,4,430287f05a3c364b0000,3000,3400
FPREM1_completed,64,RN,random,177,MORE_THAN_512_SUBTRACTIONS,d50cccc31539402e,895a0c6a0dc516b8,bc93c6afd484dbae0000,bc93c6afd484dbae0000,8938d5fa909b75c0,3400,7100,00001f80,26,625,6,6,6,c114a8d95df86a620000,3000,3400
FPREM1_completed,64,RN,random,1233,EXCEPTION_FLAGS_MISMATCH,800775f8a1f1e801,335231bcb44634b1,bbffeebf143e3d002000,bbffeebf143e3d002000,800775f8a1f1e801,3002,3002,00001f80,1,0,0,0,0,bbffeebf143e3d002000,3002,3002
FPREM1_completed,64,RN,random,2646,INVALID_OR_NONFINITE_INPUT,fffc16448446619e,97c865bf05fa1bc2,ffffe0b22422330cf000,ffffe0b22422330cf000,fffc16448446619e,3000,3000,00001f80,1,0,0,0,0,ffffe0b22422330cf000,3000,3000
FPREM1_completed,64,RN,random,2646,NAN_RESULT,fffc16448446619e,97c865bf05fa1bc2,ffffe0b22422330cf000,ffffe0b22422330cf000,fffc16448446619e,3000,3000,00001f80,1,0,0,0,0,ffffe0b22422330cf000,3000,3000
FPREM1_completed,64,RN,random,2800,INVALID_OR_NONFINITE_INPUT,7ffec4b85b15dcc9,73ae6374d2acbe2d,7ffff625c2d8aee64800,7ffff625c2d8aee64800,7ffec4b85b15dcc9,3000,3000,00001f80,1,0,0,0,0,7ffff625c2d8aee64800,3000,3000
FPREM1_completed,64,RN,random,2800,NAN_RESULT,7ffec4b85b15dcc9,73ae6374d2acbe2d,7ffff625c2d8aee64800,7ffff625c2d8aee64800,7ffec4b85b15dcc9,3000,3000,00001f80,1,0,0,0,0,7ffff625c2d8aee64800,3000,3000
FPREM1_completed,64,RN,random,2804,INVALID_OR_NONFINITE_INPUT,215f1284a38934b3,ffff2b4bee625364,fffff95a5f73129b2000,fffff95a5f73129b2000,ffff2b4bee625364,3000,3000,00001f80,1,0,0,0,0,fffff95a5f73129b2000,3000,3000
FPREM1_completed,64,RN,random,2804,NAN_RESULT,215f1284a38934b3,ffff2b4bee625364,fffff95a5f73129b2000,fffff95a5f73129b2000,ffff2b4bee625364,3000,3000,00001f80,1,0,0,0,0,fffff95a5f73129b2000,3000,3000
FPREM1_completed,64,RN,random,3319,INVALID_OR_NONFINITE_INPUT,8856eee77a72ede6,fff3ef7fd61e7ede,ffffdf7bfeb0f3f6f000,ffffdf7bfeb0f3f6f000,fffbef7fd61e7ede,3001,3001,00001f81,1,0,0,0,0,ffffdf7bfeb0f3f6f000,3001,3001
FPREM1_completed,64,RN,random,3319,NAN_RESULT,8856eee77a72ede6,fff3ef7fd61e7ede,ffffdf7bfeb0f3f6f000,ffffdf7bfeb0f3f6f000,fffbef7fd61e7ede,3001,3001,00001f81,1,0,0,0,0,ffffdf7bfeb0f3f6f000,3001,3001
FPREM1_completed,64,RN,random,4196,EXCEPTION_FLAGS_MISMATCH,00045d7cbad4eff6,19e3a5eafc13fccf,3bff8baf975a9dfec000,3bff8baf975a9dfec000,00045d7cbad4eff6,3002,3002,00001f80,1,0,0,0,0,3bff8baf975a9dfec000,3002,3002
FPREM1_completed,64,RN,random,5293,EXCEPTION_FLAGS_MISMATCH,000042978fcf403b,f113c2471660d47e,3bfb852f1f9e80760000,3bfb852f1f9e80760000,000042978fcf403b,3002,3002,00001f80,1,0,0,0,0,3bfb852f1f9e80760000,3002,3002
FPREM1_completed,64,RN,random,5800,EXCEPTION_FLAGS_MISMATCH,000f2db77710b090,70ffa1f579d5ad51,3c00f2db77710b090000,3c00f2db77710b090000,000f2db77710b090,3002,3002,00001f80,1,0,0,0,0,3c00f2db77710b090000,3002,3002
FPREM1_completed,64,RN,random,7438,INVALID_OR_NONFINITE_INPUT,7ffcaf4d654f0d5d,233fc0de0338e527,7fffe57a6b2a786ae800,7fffe57a6b2a786ae800,7ffcaf4d654f0d5d,3000,3000,00001f80,1,0,0,0,0,7fffe57a6b2a786ae800,3000,3000
FPREM1_completed,64,RN,random,7438,NAN_RESULT,7ffcaf4d654f0d5d,233fc0de0338e527,7fffe57a6b2a786ae800,7fffe57a6b2a786ae800,7ffcaf4d654f0d5d,3000,3000,00001f80,1,0,0,0,0,7fffe57a6b2a786ae800,3000,3000
FPREM1_completed,64,RN,random,7596,INVALID_OR_NONFINITE_INPUT,fffbf8822c40c37e,b07d2bef072da5b4,ffffdfc41162061bf000,ffffdfc41162061bf000,fffbf8822c40c37e,3000,3000,00001f80,1,0,0,0,0,ffffdfc41162061bf000,3000,3000
FPREM1_completed,64,RN,random,7596,NAN_RESULT,fffbf8822c40c37e,b07d2bef072da5b4,ffffdfc41162061bf000,ffffdfc41162061bf000,fffbf8822c40c37e,3000,3000,00001f80,1,0,0,0,0,ffffdfc41162061bf000,3000,3000
FPREM1_completed,64,RN,random,7612,EXCEPTION_FLAGS_MISMATCH,00096c497eed1ace,be99f8ce19a39a1b,3c0096c497eed1ace000,3c0096c497eed1ace000,00096c497eed1ace,3002,3002,00001f80,1,0,0,0,0,3c0096c497eed1ace000,3002,3002
FPREM1_completed,64,RN,random,7722,INVALID_OR_NONFINITE_INPUT,fff7691bbe190e08,7bcab5fa750c61cf,fffffb48ddf0c8704000,fffffb48ddf0c8704000,ffff691bbe190e08,3001,3001,00001f81,1,0,0,0,0,fffffb48ddf0c8704000,3001,3001
FPREM1_completed,64,RN,random,7722,NAN_RESULT,fff7691bbe190e08,7bcab5fa750c61cf,fffffb48ddf0c8704000,fffffb48ddf0c8704000,ffff691bbe190e08,3001,3001,00001f81,1,0,0,0,0,fffffb48ddf0c8704000,3001,3001
FPREM1_completed,64,RN,random,9199,EXCEPTION_FLAGS_MISMATCH,800a9a6921f9b5f3,2d747d032040de41,bc00a9a6921f9b5f3000,bc00a9a6921f9b5f3000,800a9a6921f9b5f3,3002,3002,00001f80,1,0,0,0,0,bc00a9a6921f9b5f3000,3002,3002
FPREM1_completed,64,RN,random,9325,EXCEPTION_FLAGS_MISMATCH,3016045f6aae82c6,801946418bced6bf,bc00c7278092cd6a8000,bc00c7278092cd6a8000,800c7278092cd6a8,3400,3000,00001f82,17,408,0,0,0,3ee0af5a4f3bf22e8000,3000,3400
FPREM1_completed,64,RN,random,10913,INVALID_OR_NONFINITE_INPUT,7fff2484a0f13a1d,6a6fdeea239a6e71,7ffff924250789d0e800,7ffff924250789d0e800,7fff2484a0f13a1d,3000,3000,00001f80,1,0,0,0,0,7ffff924250789d0e800,3000,3000
FPREM1_completed,64,RN,random,10913,NAN_RESULT,7fff2484a0f13a1d,6a6fdeea239a6e71,7ffff924250789d0e800,7ffff924250789d0e800,7fff2484a0f13a1d,3000,3000,00001f80,1,0,0,0,0,7ffff924250789d0e800,3000,3000
FPREM1_completed,64,RN,random,13177,INVALID_OR_NONFINITE_INPUT,fff87e6b054cc1e1,8d42223d01aabd08,ffffc3f3582a660f0800,ffffc3f3582a660f0800,fff87e6b054cc1e1,3000,3000,00001f80,1,0,0,0,0,ffffc3f3582a660f0800,3000,3000
FPREM1_completed,64,RN,random,13177,NAN_RESULT,fff87e6b054cc1e1,8d42223d01aabd08,ffffc3f3582a660f0800,ffffc3f3582a660f0800,fff87e6b054cc1e1,3000,3000,00001f80,1,0,0,0,0,ffffc3f3582a660f0800,3000,3000
FPREM1_completed,64,RN,random,13880,INVALID_OR_NONFINITE_INPUT,ffffe5642b6ad5f8,efcf3776f9f393f5,ffffff2b215b56afc000,ffffff2b215b56afc000,ffffe5642b6ad5f8,3000,3000,00001f80,1,0,0,0,0,ffffff2b215b56afc000,3000,3000
FPREM1_completed,64,RN,random,13880,NAN_RESULT,ffffe5642b6ad5f8,efcf3776f9f393f5,ffffff2b215b56afc000,ffffff2b215b56afc000,ffffe5642b6ad5f8,3000,3000,00001f80,1,0,0,0,0,ffffff2b215b56afc000,3000,3000
FPREM1_completed,64,RN,random,14177,INVALID_OR_NONFINITE_INPUT,1de067fae84e79b5,fffd194d792e3ad1,ffffe8ca6bc971d68800,ffffe8ca6bc971d68800,fffd194d792e3ad1,3000,3000,00001f80,1,0,0,0,0,ffffe8ca6bc971d68800,3000,3000
FPREM1_completed,64,RN,random,14177,NAN_RESULT,1de067fae84e79b5,fffd194d792e3ad1,ffffe8ca6bc971d68800,ffffe8ca6bc971d68800,fffd194d792e3ad1,3000,3000,00001f80,1,0,0,0,0,ffffe8ca6bc971d68800,3000,3000
FPREM1_completed,64,RN,random,15808,EXCEPTION_FLAGS_MISMATCH,00078afd5ab9f181,f2aa15676d841be6,3bfff15fab573e302000,3bfff15fab573e302000,00078afd5ab9f181,3002,3002,00001f80,1,0,0,0,0,3bfff15fab573e302000,3002,3002
FPREM1_completed,64,RN,random,16005,INVALID_OR_NONFINITE_INPUT,fff611d7cae68af6,86e423ac385d97f2,fffff08ebe573457b000,fffff08ebe573457b000,fffe11d7cae68af6,3001,3001,00001f81,1,0,0,0,0,fffff08ebe573457b000,3001,3001
FPREM1_completed,64,RN,random,16005,NAN_RESULT,fff611d7cae68af6,86e423ac385d97f2,fffff08ebe573457b000,fffff08ebe573457b000,fffe11d7cae68af6,3001,3001,00001f81,1,0,0,0,0,fffff08ebe573457b000,3001,3001
FPREM1_completed,64,RN,random,16109,INVALID_OR_NONFINITE_INPUT,fff760d464c22dfd,f722efe6567e5e26,fffffb06a326116fe800,fffffb06a326116fe800,ffff60d464c22dfd,3001,3001,00001f81,1,0,0,0,0,fffffb06a326116fe800,3001,3001
FPREM1_completed,64,RN,random,16109,NAN_RESULT,fff760d464c22dfd,f722efe6567e5e26,fffffb06a326116fe800,fffffb06a326116fe800,ffff60d464c22dfd,3001,3001,00001f81,1,0,0,0,0,fffffb06a326116fe800,3001,3001
FPREM1_completed,64,RN,random,17938,EXCEPTION_FLAGS_MISMATCH,000604a2ddf15aaf,4fac635a1fbf943d,3bffc0945bbe2b55e000,3bffc0945bbe2b55e000,000604a2ddf15aaf,3002,3002,00001f80,1,0,0,0,0,3bffc0945bbe2b55e000,3002,3002
FPREM1_completed,64,RN,random,18050,EXCEPTION_FLAGS_MISMATCH,80012b5411c1220b,2bc6fed9f7152b74,bbfd95aa08e091058000,bbfd95aa08e091058000,80012b5411c1220b,3002,3002,00001f80,1,0,0,0,0,bbfd95aa08e091058000,3002,3002
FPREM1_completed,64,RN,random,18144,INVALID_OR_NONFINITE_INPUT,1a697067a9d4131e,7ff4caf5a31236d0,7fffe657ad1891b68000,7fffe657ad1891b68000,7ffccaf5a31236d0,3001,3001,00001f81,1,0,0,0,0,7fffe657ad1891b68000,3001,3001
FPREM1_completed,64,RN,random,18144,NAN_RESULT,1a697067a9d4131e,7ff4caf5a31236d0,7fffe657ad1891b68000,7fffe657ad1891b68000,7ffccaf5a31236d0,3001,3001,00001f81,1,0,0,0,0,7fffe657ad1891b68000,3001,3001
FPREM1_completed,64,RN,random,18393,EXCEPTION_FLAGS_MISMATCH,800a078ea997ffbd,9024b261222329c4,bc00a078ea997ffbd000,bc00a078ea997ffbd000,800a078ea997ffbd,3002,3002,00001f80,1,0,0,0,0,bc00a078ea997ffbd000,3002,3002
FPREM1_completed,64,RN,random,18494,INVALID_OR_NONFINITE_INPUT,8b3795aeea5a51e9,fff42510e432a4b0,ffffe128872195258000,ffffe128872195258000,fffc2510e432a4b0,3001,3001,00001f81,1,0,0,0,0,ffffe128872195258000,3001,3001
FPREM1_completed,64,RN,random,18494,NAN_RESULT,8b3795aeea5a51e9,fff42510e432a4b0,ffffe128872195258000,ffffe128872195258000,fffc2510e432a4b0,3001,3001,00001f81,1,0,0,0,0,ffffe128872195258000,3001,3001
FPREM1_completed,64,RN,random,18855,EXCEPTION_FLAGS_MISMATCH,0009c2ad8c5ab954,e9b24df58db0b1de,3c009c2ad8c5ab954000,3c009c2ad8c5ab954000,0009c2ad8c5ab954,3002,3002,00001f80,1,0,0,0,0,3c009c2ad8c5ab954000,3002,3002
FPREM1_completed,64,RN,random,19752,EXCEPTION_FLAGS_MISMATCH,30b3a3571edeec86,8011078b8429463d,bbfeb0fc0faf33098000,bbfeb0fc0faf33098000,8002c3f03ebccc26,3400,7100,00001f82,13,416,6,6,2,3ededc1d46cc3fb2c000,3000,3400
FPREM1_completed,64,RN,random,19982,INVALID_OR_NONFINITE_INPUT,7ff1ef37dbd61011,ed987e4fb1101e19,7fffcf79bedeb0808800,7fffcf79bedeb0808800,7ff9ef37dbd61011,3001,3001,00001f81,1,0,0,0,0,7fffcf79bedeb0808800,3001,3001
FPREM1_completed,64,RN,random,19982,NAN_RESULT,7ff1ef37dbd61011,ed987e4fb1101e19,7fffcf79bedeb0808800,7fffcf79bedeb0808800,7ff9ef37dbd61011,3001,3001,00001f81,1,0,0,0,0,7fffcf79bedeb0808800,3001,3001
FPREM1_completed,64,RN,random,19989,INVALID_OR_NONFINITE_INPUT,6a9d1ec93aecc6ab,fffce7ea399b451a,ffffe73f51ccda28d000,ffffe73f51ccda28d000,fffce7ea399b451a,3000,3000,00001f80,1,0,0,0,0,ffffe73f51ccda28d000,3000,3000
FPREM1_completed,64,RN,random,19989,NAN_RESULT,6a9d1ec93aecc6ab,fffce7ea399b451a,ffffe73f51ccda28d000,ffffe73f51ccda28d000,fffce7ea399b451a,3000,3000,00001f80,1,0,0,0,0,ffffe73f51ccda28d000,3000,3000
FPREM1_completed,64,RN,random,21129,INVALID_OR_NONFINITE_INPUT,1bd16e2aeeb69c1c,fffd80dcf474289d,ffffec06e7a3a144e800,ffffec06e7a3a144e800,fffd80dcf474289d,3000,3000,00001f80,1,0,0,0,0,ffffec06e7a3a144e800,3000,3000
FPREM1_completed,64,RN,random,21129,NAN_RESULT,1bd16e2aeeb69c1c,fffd80dcf474289d,ffffec06e7a3a144e800,ffffec06e7a3a144e800,fffd80dcf474289d,3000,3000,00001f80,1,0,0,0,0,ffffec06e7a3a144e800,3000,3000
FPREM1_completed,64,RN,random,21308,EXCEPTION_FLAGS_MISMATCH,80054af5ac397823,0921b43449e9917b,bbffa95eb5872f046000,bbffa95eb5872f046000,80054af5ac397823,3002,3002,00001f80,1,0,0,0,0,bbffa95eb5872f046000,3002,3002
FPREM1_completed,64,RN,random,21840,INVALID_OR_NONFINITE_INPUT,7ff452155f935d94,1c775d75320a205c,7fffe290aafc9aeca000,7fffe290aafc9aeca000,7ffc52155f935d94,3001,3001,00001f81,1,0,0,0,0,7fffe290aafc9aeca000,3001,3001
FPREM1_completed,64,RN,random,21840,NAN_RESULT,7ff452155f935d94,1c775d75320a205c,7fffe290aafc9aeca000,7fffe290aafc9aeca000,7ffc52155f935d94,3001,3001,00001f81,1,0,0,0,0,7fffe290aafc9aeca000,3001,3001
FPREM1_completed,64,RN,random,22001,INVALID_OR_NONFINITE_INPUT,f51f71d5f317fef7,fff038e0bc7f2023,ffffc1c705e3f9011800,ffffc1c705e3f9011800,fff838e0bc7f2023,3001,3001,00001f81,1,0,0,0,0,ffffc1c705e3f9011800,3001,3001
FPREM1_completed,64,RN,random,22001,NAN_RESULT,f51f71d5f317fef7,fff038e0bc7f2023,ffffc1c705e3f9011800,ffffc1c705e3f9011800,fff838e0bc7f2023,3001,3001,00001f81,1,0,0,0,0,ffffc1c705e3f9011800,3001,3001
FPREM1_completed,64,RN,random,24432,EXCEPTION_FLAGS_MISMATCH,0000524bff113f57,816da281ea85a7a5,3bfba497fe227eae0000,3bfba497fe227eae0000,0000524bff113f57,3002,3002,00001f80,1,0,0,0,0,3bfba497fe227eae0000,3002,3002
FPREM1_completed,64,RN,random,25096,EXCEPTION_FLAGS_MISMATCH,80090e781b9805f4,29de74e64bc6bc23,bc0090e781b9805f4000,bc0090e781b9805f4000,80090e781b9805f4,3002,3002,00001f80,1,0,0,0,0,bc0090e781b9805f4000,3002,3002
FPREM1_completed,64,RN,random,29586,EXCEPTION_FLAGS_MISMATCH,000dad250093a9db,2b750a83e2704927,3c00dad250093a9db000,3c00dad250093a9db000,000dad250093a9db,3002,3002,00001f80,1,0,0,0,0,3c00dad250093a9db000,3002,3002
FPREM1_completed,64,RN,random,30173,EXCEPTION_FLAGS_MISMATCH,af543502506f16fe,801065bcb00bd904,3bffbbf2455b429a8000,3bffbbf2455b429a8000,0005df922ada14d4,3400,3300,00001f82,13,392,5,5,5,bebdf1fc46fdee820000,3000,3400
FPREM1_completed,64,RN,random,31461,EXCEPTION_FLAGS_MISMATCH,0004db3d8e9a43b0,d79c4aafc37e3e3d,3bff9b67b1d348760000,3bff9b67b1d348760000,0004db3d8e9a43b0,3002,3002,00001f80,1,0,0,0,0,3bff9b67b1d348760000,3002,3002
FPREM1_completed,64,RN,random,33301,EXCEPTION_FLAGS_MISMATCH,800a11860291f5bc,de153ca097c5d5c7,bc00a11860291f5bc000,bc00a11860291f5bc000,800a11860291f5bc,3002,3002,00001f80,1,0,0,0,0,bc00a11860291f5bc000,3002,3002
FPREM1_completed,64,RN,edge,341,VALUE_MISMATCH,7ff8000000000011,fff0000000000222,ffffc000000000111000,7fffc000000000008800,7ff8000000000011,3001,3001,00001f81,1,0,0,0,0,ffffc000000000111000,3001,3001
FPREM1_completed,64,RD,random,0,ALL,39005d1b59f41037,aa0bb42747841268,be9eda9504ec9b100000,be9eda9504ec9b100000,a9eb52a09d936200,3400,3000,00003f80,5,120,0,0,0,3f5dc0201f66984c0000,3000,3400
FPREM1_completed,64,RD,random,0,X87_MULTISTEP,39005d1b59f41037,aa0bb42747841268,be9eda9504ec9b100000,be9eda9504ec9b100000,a9eb52a09d936200,3400,3000,00003f80,5,120,0,0,0,3f5dc0201f66984c0000,3000,3400
FPREM1_completed,64,RD,random,0,SINGLE_INSTRUCTION_VALUE_MISMATCH,39005d1b59f41037,aa0bb42747841268,be9eda9504ec9b100000,be9eda9504ec9b100000,a9eb52a09d936200,3400,3000,00003f80,5,120,0,0,0,3f5dc0201f66984c0000,3000,3400
FPREM1_completed,64,RD,random,0,SINGLE_INSTRUCTION_C2_PARTIAL,39005d1b59f41037,aa0bb42747841268,be9eda9504ec9b100000,be9eda9504ec9b100000,a9eb52a09d936200,3400,3000,00003f80,5,120,0,0,0,3f5dc0201f66984c0000,3000,3400
FPREM1_completed,64,RD,random,1,ALL,a79dae131b3431aa,c97db72336427b70,be79ed7098d9a18d5000,be79ed7098d9a18d5000,a79dae131b3431aa,3000,3000,00003f80,1,0,0,0,0,be79ed7098d9a18d5000,3000,3000
FPREM1_completed,64,RD,random,1,SINGLE_COMPLETE_FINITE_CASE,a79dae131b3431aa,c97db72336427b70,be79ed7098d9a18d5000,be79ed7098d9a18d5000,a79dae131b3431aa,3000,3000,00003f80,1,0,0,0,0,be79ed7098d9a18d5000,3000,3000
FPREM1_completed,64,RD,random,2,ALL,38b1b1cf247332e7,2c69a8de7d10e6c2,3ec4ebb15b13f19a0000,3ec4ebb15b13f19a0000,2c4d762b627e3340,3400,3000,00003f80,4,90,0,0,0,3f65e65f0fd8474c8000,3000,3400
FPREM1_completed,64,RD,random,2,X87_MULTISTEP,38b1b1cf247332e7,2c69a8de7d10e6c2,3ec4ebb15b13f19a0000,3ec4ebb15b13f19a0000,2c4d762b627e3340,3400,3000,00003f80,4,90,0,0,0,3f65e65f0fd8474c8000,3000,3400
FPREM1_completed,64,RD,random,2,SINGLE_INSTRUCTION_VALUE_MISMATCH,38b1b1cf247332e7,2c69a8de7d10e6c2,3ec4ebb15b13f19a0000,3ec4ebb15b13f19a0000,2c4d762b627e3340,3400,3000,00003f80,4,90,0,0,0,3f65e65f0fd8474c8000,3000,3400
FPREM1_completed,64,RD,random,2,SINGLE_INSTRUCTION_C2_PARTIAL,38b1b1cf247332e7,2c69a8de7d10e6c2,3ec4ebb15b13f19a0000,3ec4ebb15b13f19a0000,2c4d762b627e3340,3400,3000,00003f80,4,90,0,0,0,3f65e65f0fd8474c8000,3000,3400
FPREM1_completed,64,RD,random,3,ALL,0159a802c6b0e40b,fde8f2dd6b4079e3,3c15cd40163587205800,3c15cd40163587205800,0159a802c6b0e40b,3000,3000,00003f80,1,0,0,0,0,3c15cd40163587205800,3000,3000
FPREM1_completed,64,RD,random,3,SINGLE_COMPLETE_FINITE_CASE,0159a802c6b0e40b,fde8f2dd6b4079e3,3c15cd40163587205800,3c15cd40163587205800,0159a802c6b0e40b,3000,3000,00003f80,1,0,0,0,0,3c15cd40163587205800,3000,3000
FPREM1_completed,64,RD,random,4,ALL,6eafb6c51d88b719,b33bcb6f9ffd8324,bf2de8fe0580bed00000,bf2de8fe0580bed00000,b2dd1fc0b017da00,3400,7000,00003f80,17,446,2,2,6,42b2c8875468a91ec000,3000,3400
FPREM1_completed,64,RD,random,4,X87_MULTISTEP,6eafb6c51d88b719,b33bcb6f9ffd8324,bf2de8fe0580bed00000,bf2de8fe0580bed00000,b2dd1fc0b017da00,3400,7000,00003f80,17,446,2,2,6,42b2c8875468a91ec000,3000,3400
FPREM1_completed,64,RD,random,4,QUOTIENT_SIGNED_BITS_DIFFER,6eafb6c51d88b719,b33bcb6f9ffd8324,bf2de8fe0580bed00000,bf2de8fe0580bed00000,b2dd1fc0b017da00,3400,7000,00003f80,17,446,2,2,6,42b2c8875468a91ec000,3000,3400
FPREM1_completed,64,RD,random,4,SINGLE_INSTRUCTION_VALUE_MISMATCH,6eafb6c51d88b719,b33bcb6f9ffd8324,bf2de8fe0580bed00000,bf2de8fe0580bed00000,b2dd1fc0b017da00,3400,7000,00003f80,17,446,2,2,6,42b2c8875468a91ec000,3000,3400
FPREM1_completed,64,RD,random,4,SINGLE_INSTRUCTION_C2_PARTIAL,6eafb6c51d88b719,b33bcb6f9ffd8324,bf2de8fe0580bed00000,bf2de8fe0580bed00000,b2dd1fc0b017da00,3400,7000,00003f80,17,446,2,2,6,42b2c8875468a91ec000,3000,3400
FPREM1_completed,64,RD,random,5,ALL,039d85f35503e50f,6bf5f004e65a440b,3c39ec2f9aa81f287800,3c39ec2f9aa81f287800,039d85f35503e50f,3000,3000,00003f80,1,0,0,0,0,3c39ec2f9aa81f287800,3000,3000
FPREM1_completed,64,RD,random,5,SINGLE_COMPLETE_FINITE_CASE,039d85f35503e50f,6bf5f004e65a440b,3c39ec2f9aa81f287800,3c39ec2f9aa81f287800,039d85f35503e50f,3000,3000,00003f80,1,0,0,0,0,3c39ec2f9aa81f287800,3000,3000
FPREM1_completed,64,RD,random,6,ALL,3f622dade3a7b6be,bac9d0d4304c687b,bfabc6134ca4513ff000,bfabc6134ca4513ff000,bab8c269948a27fe,3400,3300,00003f80,2,35,5,5,3,3fc68cbaee446fa20000,3000,3400
FPREM1_completed,64,RD,random,6,X87_MULTISTEP,3f622dade3a7b6be,bac9d0d4304c687b,bfabc6134ca4513ff000,bfabc6134ca4513ff000,bab8c269948a27fe,3400,3300,00003f80,2,35,5,5,3,3fc68cbaee446fa20000,3000,3400
FPREM1_completed,64,RD,random,6,QUOTIENT_SIGNED_BITS_DIFFER,3f622dade3a7b6be,bac9d0d4304c687b,bfabc6134ca4513ff000,bfabc6134ca4513ff000,bab8c269948a27fe,3400,3300,00003f80,2,35,5,5,3,3fc68cbaee446fa20000,3000,3400
FPREM1_completed,64,RD,random,6,SINGLE_INSTRUCTION_VALUE_MISMATCH,3f622dade3a7b6be,bac9d0d4304c687b,bfabc6134ca4513ff000,bfabc6134ca4513ff000,bab8c269948a27fe,3400,3300,00003f80,2,35,5,5,3,3fc68cbaee446fa20000,3000,3400
FPREM1_completed,64,RD,random,6,SINGLE_INSTRUCTION_C2_PARTIAL,3f622dade3a7b6be,bac9d0d4304c687b,bfabc6134ca4513ff000,bfabc6134ca4513ff000,bab8c269948a27fe,3400,3300,00003f80,2,35,5,5,3,3fc68cbaee446fa20000,3000,3400
FPREM1_completed,64,RD,random,7,ALL,1be3526f041fd13f,8f013dda7d97cc0b,3cec83c7ce222eb88000,3cec83c7ce222eb88000,0ec078f9c445d710,3400,3300,00003f80,4,83,5,5,3,3d8f99911c0774abc000,3000,3400
FPREM1_completed,64,RD,random,7,X87_MULTISTEP,1be3526f041fd13f,8f013dda7d97cc0b,3cec83c7ce222eb88000,3cec83c7ce222eb88000,0ec078f9c445d710,3400,3300,00003f80,4,83,5,5,3,3d8f99911c0774abc000,3000,3400
FPREM1_completed,64,RD,random,7,QUOTIENT_SIGNED_BITS_DIFFER,1be3526f041fd13f,8f013dda7d97cc0b,3cec83c7ce222eb88000,3cec83c7ce222eb88000,0ec078f9c445d710,3400,3300,00003f80,4,83,5,5,3,3d8f99911c0774abc000,3000,3400
FPREM1_completed,64,RD,random,7,SINGLE_INSTRUCTION_VALUE_MISMATCH,1be3526f041fd13f,8f013dda7d97cc0b,3cec83c7ce222eb88000,3cec83c7ce222eb88000,0ec078f9c445d710,3400,3300,00003f80,4,83,5,5,3,3d8f99911c0774abc000,3000,3400
FPREM1_completed,64,RD,random,7,SINGLE_INSTRUCTION_C2_PARTIAL,1be3526f041fd13f,8f013dda7d97cc0b,3cec83c7ce222eb88000,3cec83c7ce222eb88000,0ec078f9c445d710,3400,3300,00003f80,4,83,5,5,3,3d8f99911c0774abc000,3000,3400
FPREM1_completed,64,RD,random,8,ALL,c44d0a1ea70b20ff,0eeac7548da1932d,3ceb8e30913f18288000,3ceb8e30913f18288000,0eb1c61227e30510,3400,7000,00003f80,16,424,2,2,6,c008b16b8d55709c0000,3000,3400
FPREM1_completed,64,RD,random,8,X87_MULTISTEP,c44d0a1ea70b20ff,0eeac7548da1932d,3ceb8e30913f18288000,3ceb8e30913f18288000,0eb1c61227e30510,3400,7000,00003f80,16,424,2,2,6,c008b16b8d55709c0000,3000,3400
FPREM1_completed,64,RD,random,8,QUOTIENT_SIGNED_BITS_DIFFER,c44d0a1ea70b20ff,0eeac7548da1932d,3ceb8e30913f18288000,3ceb8e30913f18288000,0eb1c61227e30510,3400,7000,00003f80,16,424,2,2,6,c008b16b8d55709c0000,3000,3400
FPREM1_completed,64,RD,random,8,SINGLE_INSTRUCTION_VALUE_MISMATCH,c44d0a1ea70b20ff,0eeac7548da1932d,3ceb8e30913f18288000,3ceb8e30913f18288000,0eb1c61227e30510,3400,7000,00003f80,16,424,2,2,6,c008b16b8d55709c0000,3000,3400
FPREM1_completed,64,RD,random,8,SINGLE_INSTRUCTION_C2_PARTIAL,c44d0a1ea70b20ff,0eeac7548da1932d,3ceb8e30913f18288000,3ceb8e30913f18288000,0eb1c61227e30510,3400,7000,00003f80,16,424,2,2,6,c008b16b8d55709c0000,3000,3400
FPREM1_completed,64,RD,random,9,ALL,14c615a007ecca11,e2509355b1112f51,3d4cb0ad003f66508800,3d4cb0ad003f66508800,14c615a007ecca11,3000,3000,00003f80,1,0,0,0,0,3d4cb0ad003f66508800,3000,3000
FPREM1_completed,64,RD,random,9,SINGLE_COMPLETE_FINITE_CASE,14c615a007ecca11,e2509355b1112f51,3d4cb0ad003f66508800,3d4cb0ad003f66508800,14c615a007ecca11,3000,3000,00003f80,1,0,0,0,0,3d4cb0ad003f66508800,3000,3000
FPREM1_completed,64,RD,random,10,ALL,e17a9da691069bad,bf7616c50e54a52d,3ff6af32e152c081e000,3ff6af32e152c081e000,3f65e65c2a58103c,3400,7100,00003f80,10,266,6,6,6,c1f3b2a68b0280980000,3000,3400
FPREM1_completed,64,RD,random,10,X87_MULTISTEP,e17a9da691069bad,bf7616c50e54a52d,3ff6af32e152c081e000,3ff6af32e152c081e000,3f65e65c2a58103c,3400,7100,00003f80,10,266,6,6,6,c1f3b2a68b0280980000,3000,3400
FPREM1_completed,64,RD,random,10,SINGLE_INSTRUCTION_VALUE_MISMATCH,e17a9da691069bad,bf7616c50e54a52d,3ff6af32e152c081e000,3ff6af32e152c081e000,3f65e65c2a58103c,3400,7100,00003f80,10,266,6,6,6,c1f3b2a68b0280980000,3000,3400
FPREM1_completed,64,RD,random,10,SINGLE_INSTRUCTION_C2_PARTIAL,e17a9da691069bad,bf7616c50e54a52d,3ff6af32e152c081e000,3ff6af32e152c081e000,3f65e65c2a58103c,3400,7100,00003f80,10,266,6,6,6,c1f3b2a68b0280980000,3000,3400
FPREM1_completed,64,RD,random,11,ALL,4a4e1234b1a55a7f,29841a150e25814e,3e95abc4469a67fc0000,3e95abc4469a67fc0000,29557888d34cff80,3400,3000,00003f80,9,289,0,0,0,4075d17ea87146938000,3000,3400
FPREM1_completed,64,RD,random,11,X87_MULTISTEP,4a4e1234b1a55a7f,29841a150e25814e,3e95abc4469a67fc0000,3e95abc4469a67fc0000,29557888d34cff80,3400,3000,00003f80,9,289,0,0,0,4075d17ea87146938000,3000,3400
FPREM1_completed,64,RD,random,11,SINGLE_INSTRUCTION_VALUE_MISMATCH,4a4e1234b1a55a7f,29841a150e25814e,3e95abc4469a67fc0000,3e95abc4469a67fc0000,29557888d34cff80,3400,3000,00003f80,9,289,0,0,0,4075d17ea87146938000,3000,3400
FPREM1_completed,64,RD,random,11,SINGLE_INSTRUCTION_C2_PARTIAL,4a4e1234b1a55a7f,29841a150e25814e,3e95abc4469a67fc0000,3e95abc4469a67fc0000,29557888d34cff80,3400,3000,00003f80,9,289,0,0,0,4075d17ea87146938000,3000,3400
FPREM1_completed,64,RD,random,12,ALL,6594f41e49bee1a0,3bf5817dfb70df6d,bfbdd3bf680461b9c000,bfbdd3bf680461b9c000,bbda77ed008c3738,3400,7100,00003f80,12,321,6,6,6,421e9b54c40c8e563000,3000,3400
FPREM1_completed,64,RD,random,12,X87_MULTISTEP,6594f41e49bee1a0,3bf5817dfb70df6d,bfbdd3bf680461b9c000,bfbdd3bf680461b9c000,bbda77ed008c3738,3400,7100,00003f80,12,321,6,6,6,421e9b54c40c8e563000,3000,3400
FPREM1_completed,64,RD,random,12,SINGLE_INSTRUCTION_VALUE_MISMATCH,6594f41e49bee1a0,3bf5817dfb70df6d,bfbdd3bf680461b9c000,bfbdd3bf680461b9c000,bbda77ed008c3738,3400,7100,00003f80,12,321,6,6,6,421e9b54c40c8e563000,3000,3400
FPREM1_completed,64,RD,random,12,SINGLE_INSTRUCTION_C2_PARTIAL,6594f41e49bee1a0,3bf5817dfb70df6d,bfbdd3bf680461b9c000,bfbdd3bf680461b9c000,bbda77ed008c3738,3400,7100,00003f80,12,321,6,6,6,421e9b54c40c8e563000,3000,3400
FPREM1_completed,64,RD,random,13,ALL,c1132a8b237f2b9d,594d73404f44c27e,c0119954591bf95ce800,c0119954591bf95ce800,c1132a8b237f2b9d,3000,3000,00003f80,1,0,0,0,0,c0119954591bf95ce800,3000,3000
FPREM1_completed,64,RD,random,13,SINGLE_COMPLETE_FINITE_CASE,c1132a8b237f2b9d,594d73404f44c27e,c0119954591bf95ce800,c0119954591bf95ce800,c1132a8b237f2b9d,3000,3000,00003f80,1,0,0,0,0,c0119954591bf95ce800,3000,3000
FPREM1_completed,64,RD,random,14,ALL,b7683dfbd1805aff,bf598884c49fca9b,bf76c1efde8c02d7f800,bf76c1efde8c02d7f800,b7683dfbd1805aff,3000,3000,00003f80,1,0,0,0,0,bf76c1efde8c02d7f800,3000,3000
FPREM1_completed,64,RD,random,14,SINGLE_COMPLETE_FINITE_CASE,b7683dfbd1805aff,bf598884c49fca9b,bf76c1efde8c02d7f800,bf76c1efde8c02d7f800,b7683dfbd1805aff,3000,3000,00003f80,1,0,0,0,0,bf76c1efde8c02d7f800,3000,3000
FPREM1_completed,64,RD,random,15,ALL,6f490969190f62c4,ae1215eb462405c7,beddf21db25c55170000,beddf21db25c55170000,adde43b64b8aa2e0,3400,7000,00003f80,17,494,2,2,6,42bddc90617d46440000,3000,3400
FPREM1_completed,64,RD,random,15,X87_MULTISTEP,6f490969190f62c4,ae1215eb462405c7,beddf21db25c55170000,beddf21db25c55170000,adde43b64b8aa2e0,3400,7000,00003f80,17,494,2,2,6,42bddc90617d46440000,3000,3400
FPREM1_completed,64,RD,random,15,QUOTIENT_SIGNED_BITS_DIFFER,6f490969190f62c4,ae1215eb462405c7,beddf21db25c55170000,beddf21db25c55170000,adde43b64b8aa2e0,3400,7000,00003f80,17,494,2,2,6,42bddc90617d46440000,3000,3400
FPREM1_completed,64,RD,random,15,SINGLE_INSTRUCTION_VALUE_MISMATCH,6f490969190f62c4,ae1215eb462405c7,beddf21db25c55170000,beddf21db25c55170000,adde43b64b8aa2e0,3400,7000,00003f80,17,494,2,2,6,42bddc90617d46440000,3000,3400
FPREM1_completed,64,RD,random,15,SINGLE_INSTRUCTION_C2_PARTIAL,6f490969190f62c4,ae1215eb462405c7,beddf21db25c55170000,beddf21db25c55170000,adde43b64b8aa2e0,3400,7000,00003f80,17,494,2,2,6,42bddc90617d46440000,3000,3400
FPREM1_completed,64,RD,random,16,ALL,8da36025d28a21d8,33ed6497a86d8353,bcda9b012e94510ec000,bcda9b012e94510ec000,8da36025d28a21d8,3000,3000,00003f80,1,0,0,0,0,bcda9b012e94510ec000,3000,3000
FPREM1_completed,64,RD,random,16,SINGLE_COMPLETE_FINITE_CASE,8da36025d28a21d8,33ed6497a86d8353,bcda9b012e94510ec000,bcda9b012e94510ec000,8da36025d28a21d8,3000,3000,00003f80,1,0,0,0,0,bcda9b012e94510ec000,3000,3000
FPREM1_completed,64,RD,random,17,ALL,b77e8b7c1bae6945,ce13f0f8f189085d,bf77f45be0dd734a2800,bf77f45be0dd734a2800,b77e8b7c1bae6945,3000,3000,00003f80,1,0,0,0,0,bf77f45be0dd734a2800,3000,3000
FPREM1_completed,64,RD,random,17,SINGLE_COMPLETE_FINITE_CASE,b77e8b7c1bae6945,ce13f0f8f189085d,bf77f45be0dd734a2800,bf77f45be0dd734a2800,b77e8b7c1bae6945,3000,3000,00003f80,1,0,0,0,0,bf77f45be0dd734a2800,3000,3000
FPREM1_completed,64,RD,random,18,ALL,1e56657267a4546d,63b83902f22bfcd7,3de5b32b933d22a36800,3de5b32b933d22a36800,1e56657267a4546d,3000,3000,00003f80,1,0,0,0,0,3de5b32b933d22a36800,3000,3000
FPREM1_completed,64,RD,random,18,SINGLE_COMPLETE_FINITE_CASE,1e56657267a4546d,63b83902f22bfcd7,3de5b32b933d22a36800,3de5b32b933d22a36800,1e56657267a4546d,3000,3000,00003f80,1,0,0,0,0,3de5b32b933d22a36800,3000,3000
FPREM1_completed,64,RD,random,19,ALL,520a608fd94c71bc,1a0745443aa528a2,bd9de6901672030b0000,bd9de6901672030b0000,99dcd202ce406160,3400,7100,00003f80,18,451,6,6,6,4100afcb0604c208c000,3000,3400
FPREM1_completed,64,RD,random,19,X87_MULTISTEP,520a608fd94c71bc,1a0745443aa528a2,bd9de6901672030b0000,bd9de6901672030b0000,99dcd202ce406160,3400,7100,00003f80,18,451,6,6,6,4100afcb0604c208c000,3000,3400
FPREM1_completed,64,RD,random,19,SINGLE_INSTRUCTION_VALUE_MISMATCH,520a608fd94c71bc,1a0745443aa528a2,bd9de6901672030b0000,bd9de6901672030b0000,99dcd202ce406160,3400,7100,00003f80,18,451,6,6,6,4100afcb0604c208c000,3000,3400
FPREM1_completed,64,RD,random,19,SINGLE_INSTRUCTION_C2_PARTIAL,520a608fd94c71bc,1a0745443aa528a2,bd9de6901672030b0000,bd9de6901672030b0000,99dcd202ce406160,3400,7100,00003f80,18,451,6,6,6,4100afcb0604c208c000,3000,3400
FPREM1_completed,64,RD,random,20,X87_MULTISTEP,e11dd77714b3258b,2594be96d5414b93,be58a3ced03246e70000,be58a3ced03246e70000,a58479da0648dce0,3400,3000,00003f80,16,468,0,0,0,c1d689da8af23e7a8000,3000,3400
FPREM1_completed,64,RD,random,20,SINGLE_INSTRUCTION_VALUE_MISMATCH,e11dd77714b3258b,2594be96d5414b93,be58a3ced03246e70000,be58a3ced03246e70000,a58479da0648dce0,3400,3000,00003f80,16,468,0,0,0,c1d689da8af23e7a8000,3000,3400
FPREM1_completed,64,RD,random,20,SINGLE_INSTRUCTION_C2_PARTIAL,e11dd77714b3258b,2594be96d5414b93,be58a3ced03246e70000,be58a3ced03246e70000,a58479da0648dce0,3400,3000,00003f80,16,468,0,0,0,c1d689da8af23e7a8000,3000,3400
FPREM1_completed,64,RD,random,21,SINGLE_COMPLETE_FINITE_CASE,b452c0bf0200d818,6b0151688251e8ff,bf459605f81006c0c000,bf459605f81006c0c000,b452c0bf0200d818,3000,3000,00003f80,1,0,0,0,0,bf459605f81006c0c000,3000,3000
FPREM1_completed,64,RD,random,22,QUOTIENT_SIGNED_BITS_DIFFER,a04b39e9068ce4c8,1eb552ddc4042814,3de7871c7aea26740000,3de7871c7aea26740000,1e70e38f5d44ce80,7000,7000,00003f80,1,14,2,2,6,3de7871c7aea26740000,3000,7000
FPREM1_completed,64,RD,random,22,SINGLE_COMPLETE_FINITE_CASE,a04b39e9068ce4c8,1eb552ddc4042814,3de7871c7aea26740000,3de7871c7aea26740000,1e70e38f5d44ce80,7000,7000,00003f80,1,14,2,2,6,3de7871c7aea26740000,3000,7000
FPREM1_completed,64,RD,random,23,SINGLE_COMPLETE_FINITE_CASE,af4da42f6014ff40,b29387e0e24fc445,bef4ed217b00a7fa0000,bef4ed217b00a7fa0000,af4da42f6014ff40,3000,3000,00003f80,1,0,0,0,0,bef4ed217b00a7fa0000,3000,3000
FPREM1_completed,64,RD,random,24,X87_MULTISTEP,d4114ba021dfe810,3c9d3fbdef8f3ad4,bfc899b8aef443cc0000,bfc899b8aef443cc0000,bc833715de887980,3400,3000,00003f80,7,185,0,0,0,c105ea7fac552c3a0000,3000,3400
FPREM1_completed,64,RD,random,24,SINGLE_INSTRUCTION_VALUE_MISMATCH,d4114ba021dfe810,3c9d3fbdef8f3ad4,bfc899b8aef443cc0000,bfc899b8aef443cc0000,bc833715de887980,3400,3000,00003f80,7,185,0,0,0,c105ea7fac552c3a0000,3000,3400
FPREM1_completed,64,RD,random,24,SINGLE_INSTRUCTION_C2_PARTIAL,d4114ba021dfe810,3c9d3fbdef8f3ad4,bfc899b8aef443cc0000,bfc899b8aef443cc0000,bc833715de887980,3400,3000,00003f80,7,185,0,0,0,c105ea7fac552c3a0000,3000,3400
FPREM1_completed,64,RD,random,25,SINGLE_COMPLETE_FINITE_CASE,69ef6e510d168232,717a855f449728e5,429efb728868b4119000,429efb728868b4119000,69ef6e510d168232,3000,3000,00003f80,1,0,0,0,0,429efb728868b4119000,3000,3000
FPREM1_completed,64,RD,random,26,SINGLE_COMPLETE_FINITE_CASE,d6883f0417967388,e66311ff39fee26c,c168c1f820bcb39c4000,c168c1f820bcb39c4000,d6883f0417967388,3000,3000,00003f80,1,0,0,0,0,c168c1f820bcb39c4000,3000,3000
FPREM1_completed,64,RD,random,27,SINGLE_COMPLETE_FINITE_CASE,4fa14b561f8c01bf,f471624ef4a20fbf,40fa8a5ab0fc600df800,40fa8a5ab0fc600df800,4fa14b561f8c01bf,3000,3000,00003f80,1,0,0,0,0,40fa8a5ab0fc600df800,3000,3000
FPREM1_completed,64,RD,random,28,SINGLE_COMPLETE_FINITE_CASE,9d1803c5770d693a,239d03d2d46d3116,bdd1c01e2bb86b49d000,bdd1c01e2bb86b49d000,9d1803c5770d693a,3000,3000,00003f80,1,0,0,0,0,bdd1c01e2bb86b49d000,3000,3000
FPREM1_completed,64,RD,random,29,X87_MULTISTEP,7f2c60a814b272c4,e633a951c7718da0,4262993de6ed86800000,4262993de6ed86800000,662327bcddb0d000,3400,3000,00003f80,7,214,0,0,0,43c0ea05ff1215200000,3000,3400
FPREM1_completed,64,RD,random,29,SINGLE_INSTRUCTION_VALUE_MISMATCH,7f2c60a814b272c4,e633a951c7718da0,4262993de6ed86800000,4262993de6ed86800000,662327bcddb0d000,3400,3000,00003f80,7,214,0,0,0,43c0ea05ff1215200000,3000,3400
FPREM1_completed,64,RD,random,29,SINGLE_INSTRUCTION_C2_PARTIAL,7f2c60a814b272c4,e633a951c7718da0,4262993de6ed86800000,4262993de6ed86800000,662327bcddb0d000,3400,3000,00003f80,7,214,0,0,0,43c0ea05ff1215200000,3000,3400
FPREM1_completed,64,RD,random,30,SINGLE_COMPLETE_FINITE_CASE,9148b248811c9805,42fcc655290ba003,bd14c5924408e4c02800,bd14c5924408e4c02800,9148b248811c9805,3000,3000,00003f80,1,0,0,0,0,bd14c5924408e4c02800,3000,3000
FPREM1_completed,64,RD,random,31,SINGLE_COMPLETE_FINITE_CASE,91825b4d252f035d,ac6a40183abe4a22,bd1892da6929781ae800,bd1892da6929781ae800,91825b4d252f035d,3000,3000,00003f80,1,0,0,0,0,bd1892da6929781ae800,3000,3000
FPREM1_completed,64,RD,random,32,SINGLE_COMPLETE_FINITE_CASE,97787847f9bd2af4,fa15567f6a6f1ee1,bd77c3c23fcde957a000,bd77c3c23fcde957a000,97787847f9bd2af4,3000,3000,00003f80,1,0,0,0,0,bd77c3c23fcde957a000,3000,3000
FPREM1_completed,64,RD,random,33,X87_MULTISTEP,df47de5513ea6822,1bdd3f3c49777f1a,bdbc9dd84fac431e2000,bdbc9dd84fac431e2000,9bc3bb09f58863c4,3400,7200,00003f80,23,529,3,3,5,c1b89cf920695de20000,3000,3400
FPREM1_completed,64,RD,random,33,QUOTIENT_SIGNED_BITS_DIFFER,df47de5513ea6822,1bdd3f3c49777f1a,bdbc9dd84fac431e2000,bdbc9dd84fac431e2000,9bc3bb09f58863c4,3400,7200,00003f80,23,529,3,3,5,c1b89cf920695de20000,3000,3400
FPREM1_completed,64,RD,random,33,MORE_THAN_512_SUBTRACTIONS,df47de5513ea6822,1bdd3f3c49777f1a,bdbc9dd84fac431e2000,bdbc9dd84fac431e2000,9bc3bb09f58863c4,3400,7200,00003f80,23,529,3,3,5,c1b89cf920695de20000,3000,3400
FPREM1_completed,64,RD,random,33,SINGLE_INSTRUCTION_VALUE_MISMATCH,df47de5513ea6822,1bdd3f3c49777f1a,bdbc9dd84fac431e2000,bdbc9dd84fac431e2000,9bc3bb09f58863c4,3400,7200,00003f80,23,529,3,3,5,c1b89cf920695de20000,3000,3400
FPREM1_completed,64,RD,random,33,SINGLE_INSTRUCTION_C2_PARTIAL,df47de5513ea6822,1bdd3f3c49777f1a,bdbc9dd84fac431e2000,bdbc9dd84fac431e2000,9bc3bb09f58863c4,3400,7200,00003f80,23,529,3,3,5,c1b89cf920695de20000,3000,3400
FPREM1_completed,64,RD,random,34,X87_MULTISTEP,5ada68c2e5cabb64,978f4e73e3766ff9,bd77d51b412bae19b000,bd77d51b412bae19b000,977aa3682575c336,3400,7200,00003f80,22,557,3,3,5,41789a93cdfc23e8f800,3000,3400
FPREM1_completed,64,RD,random,34,QUOTIENT_SIGNED_BITS_DIFFER,5ada68c2e5cabb64,978f4e73e3766ff9,bd77d51b412bae19b000,bd77d51b412bae19b000,977aa3682575c336,3400,7200,00003f80,22,557,3,3,5,41789a93cdfc23e8f800,3000,3400
FPREM1_completed,64,RD,random,34,MORE_THAN_512_SUBTRACTIONS,5ada68c2e5cabb64,978f4e73e3766ff9,bd77d51b412bae19b000,bd77d51b412bae19b000,977aa3682575c336,3400,7200,00003f80,22,557,3,3,5,41789a93cdfc23e8f800,3000,3400
FPREM1_completed,64,RD,random,34,SINGLE_INSTRUCTION_VALUE_MISMATCH,5ada68c2e5cabb64,978f4e73e3766ff9,bd77d51b412bae19b000,bd77d51b412bae19b000,977aa3682575c336,3400,7200,00003f80,22,557,3,3,5,41789a93cdfc23e8f800,3000,3400
FPREM1_completed,64,RD,random,34,SINGLE_INSTRUCTION_C2_PARTIAL,5ada68c2e5cabb64,978f4e73e3766ff9,bd77d51b412bae19b000,bd77d51b412bae19b000,977aa3682575c336,3400,7200,00003f80,22,557,3,3,5,41789a93cdfc23e8f800,3000,3400
FPREM1_completed,64,RD,random,35,X87_MULTISTEP,a76c958fcc12d08c,989a991372a47146,3d8890a17b0f5b5c2000,3d8890a17b0f5b5c2000,1882142f61eb6b84,3400,7200,00003f80,5,121,3,3,3,be49c7bd9c283ee2f000,3000,3400
FPREM1_completed,64,RD,random,35,SINGLE_INSTRUCTION_VALUE_MISMATCH,a76c958fcc12d08c,989a991372a47146,3d8890a17b0f5b5c2000,3d8890a17b0f5b5c2000,1882142f61eb6b84,3400,7200,00003f80,5,121,3,3,3,be49c7bd9c283ee2f000,3000,3400
FPREM1_completed,64,RD,random,35,SINGLE_INSTRUCTION_C2_PARTIAL,a76c958fcc12d08c,989a991372a47146,3d8890a17b0f5b5c2000,3d8890a17b0f5b5c2000,1882142f61eb6b84,3400,7200,00003f80,5,121,3,3,3,be49c7bd9c283ee2f000,3000,3400
FPREM1_completed,64,RD,random,36,X87_MULTISTEP,73538c0c3447ef9c,69bbc16644e39d84,429696ae4e14f3000000,429696ae4e14f3000000,6962d5c9c29e6000,3400,3000,00003f80,3,83,0,0,0,42fb8ba018ce380f4000,3000,3400
FPREM1_completed,64,RD,random,36,SINGLE_INSTRUCTION_VALUE_MISMATCH,73538c0c3447ef9c,69bbc16644e39d84,429696ae4e14f3000000,429696ae4e14f3000000,6962d5c9c29e6000,3400,3000,00003f80,3,83,0,0,0,42fb8ba018ce380f4000,3000,3400
FPREM1_completed,64,RD,random,36,SINGLE_INSTRUCTION_C2_PARTIAL,73538c0c3447ef9c,69bbc16644e39d84,429696ae4e14f3000000,429696ae4e14f3000000,6962d5c9c29e6000,3400,3000,00003f80,3,83,0,0,0,42fb8ba018ce380f4000,3000,3400
FPREM1_completed,64,RD,random,37,SINGLE_COMPLETE_FINITE_CASE,2fa7c32afc6000ba,6f78d4e5ac78ca42,3efabe1957e30005d000,3efabe1957e30005d000,2fa7c32afc6000ba,3000,3000,00003f80,1,0,0,0,0,3efabe1957e30005d000,3000,3000
FPREM1_completed,64,RD,random,38,X87_MULTISTEP,3d43afc97578251a,a04640200977c35b,3e02e186dfd02dd44000,3e02e186dfd02dd44000,202c30dbfa05ba88,3400,7000,00003f80,8,209,2,2,6,3fa1b62ad18302834000,3000,3400
FPREM1_completed,64,RD,random,38,QUOTIENT_SIGNED_BITS_DIFFER,3d43afc97578251a,a04640200977c35b,3e02e186dfd02dd44000,3e02e186dfd02dd44000,202c30dbfa05ba88,3400,7000,00003f80,8,209,2,2,6,3fa1b62ad18302834000,3000,3400
FPREM1_completed,64,RD,random,38,SINGLE_INSTRUCTION_VALUE_MISMATCH,3d43afc97578251a,a04640200977c35b,3e02e186dfd02dd44000,3e02e186dfd02dd44000,202c30dbfa05ba88,3400,7000,00003f80,8,209,2,2,6,3fa1b62ad18302834000,3000,3400
FPREM1_completed,64,RD,random,38,SINGLE_INSTRUCTION_C2_PARTIAL,3d43afc97578251a,a04640200977c35b,3e02e186dfd02dd44000,3e02e186dfd02dd44000,202c30dbfa05ba88,3400,7000,00003f80,8,209,2,2,6,3fa1b62ad18302834000,3000,3400
FPREM1_completed,64,RD,random,39,X87_MULTISTEP,de5e7ac0be62872d,966524ac718d39c5,bd64f4a6c0bb5953c000,bd64f4a6c0bb5953c000,964e94d8176b2a78,3400,7000,00003f80,21,530,2,2,2,c1a5cb9ac6b91d17c000,3000,3400
FPREM1_completed,64,RD,random,39,MORE_THAN_512_SUBTRACTIONS,de5e7ac0be62872d,966524ac718d39c5,bd64f4a6c0bb5953c000,bd64f4a6c0bb5953c000,964e94d8176b2a78,3400,7000,00003f80,21,530,2,2,2,c1a5cb9ac6b91d17c000,3000,3400
FPREM1_completed,64,RD,random,39,SINGLE_INSTRUCTION_VALUE_MISMATCH,de5e7ac0be62872d,966524ac718d39c5,bd64f4a6c0bb5953c000,bd64f4a6c0bb5953c000,964e94d8176b2a78,3400,7000,00003f80,21,530,2,2,2,c1a5cb9ac6b91d17c000,3000,3400
FPREM1_completed,64,RD,random,39,SINGLE_INSTRUCTION_C2_PARTIAL,de5e7ac0be62872d,966524ac718d39c5,bd64f4a6c0bb5953c000,bd64f4a6c0bb5953c000,964e94d8176b2a78,3400,7000,00003f80,21,530,2,2,2,c1a5cb9ac6b91d17c000,3000,3400
FPREM1_completed,64,RD,random,40,QUOTIENT_SIGNED_BITS_DIFFER,eda549eb3ce9804c,38af62f6b3141d76,bf889a7d3835a621c000,bf889a7d3835a621c000,b8834fa706b4c438,3400,7200,00003f80,18,433,3,3,5,c2aac0b071cba34d2000,3000,3400
FPREM1_completed,64,RD,random,42,QUOTIENT_SIGNED_BITS_DIFFER,7347a7d32d010189,bbdc7d30e2d90d34,3fb98d23799480640000,3fb98d23799480640000,3b91a46f32900c80,3400,7100,00003f80,15,450,6,6,2,42fc9fbd6059542a0000,3000,3400
FPREM1_completed,64,RD,random,49,QUOTIENT_SIGNED_BITS_DIFFER,5c2a8192de56c7a7,af1cce228ec78966,3eeee9d87ca2a2dd0000,3eeee9d87ca2a2dd0000,2eed3b0f94545ba0,3400,7000,00003f80,14,342,2,2,6,418fe6e4d24d849b4000,3000,3400
FPREM1_completed,64,RD,random,50,QUOTIENT_SIGNED_BITS_DIFFER,d4332c5073970392,2a2ce091ab67d52d,3ea0d50b2ee8f4692000,3ea0d50b2ee8f4692000,2a0aa165dd1e8d24,3400,3300,00003f80,14,328,5,5,3,c1228eb28032356a0800,3000,3400
FPREM1_completed,64,RD,random,53,MORE_THAN_512_SUBTRACTIONS,69920c42a30349f2,121d884a542f682a,3d1ec47d5167226b0000,3d1ec47d5167226b0000,11e88faa2ce44d60,3400,7000,00003f80,30,720,2,2,2,425e8220e02d6a9d0000,3000,3400
FPREM1_completed,64,RD,random,56,QUOTIENT_SIGNED_BITS_DIFFER,c4b90a3ed64c2a40,1fe81d7e2ed3fc27,bdfd925b30d6d3c4b000,bdfd925b30d6d3c4b000,9fd24b661ada7896,3400,7200,00003f80,11,284,3,3,5,c018c4c76f8e86c20000,3000,3400
FPREM1_completed,64,RD,random,57,MORE_THAN_512_SUBTRACTIONS,ed507db431407d57,0647f267a6605818,3c60c51ce70d92200000,3c60c51ce70d92200000,0608a39ce1b24400,3400,3000,00003f80,31,853,0,0,0,c2a3e4016d1fd4eb8000,3000,3400
FPREM1_completed,64,RD,random,58,QUOTIENT_SIGNED_BITS_DIFFER,0b4cedfe07d58842,881120faae2ba810,bc7e8e3b072c89cc0000,bc7e8e3b072c89cc0000,87e1c760e5913980,7000,7200,00003f80,1,24,3,3,5,bc7e8e3b072c89cc0000,3000,7200
FPREM1_completed,64,RD,random,74,QUOTIENT_SIGNED_BITS_DIFFER,755e02aa7062ebf6,d55a977a4df97796,4153946a6c7d5f19c000,4153946a6c7d5f19c000,55328d4d8fabe338,3400,7200,00003f80,10,267,3,3,5,4334c0cf178ad3b60000,3000,3400
FPREM1_completed,64,RD,random,78,QUOTIENT_SIGNED_BITS_DIFFER,7a81e0961d310cac,c8a67772091ffa00,c088af5bc3ea0c400000,c088af5bc3ea0c400000,c885eb787d418800,3400,3300,00003f80,15,392,5,5,3,4368ece29c120bc00000,3000,3400
FPREM1_completed,64,RD,random,81,QUOTIENT_SIGNED_BITS_DIFFER,e68d3c006f201df4,1ee887edcd9168d5,bded8ea30b8a5ec5b000,bded8ea30b8a5ec5b000,9ed1d461714bd8b6,3400,3200,00003f80,19,580,1,1,7,c22bf7786d2b29f64000,3000,3400
FPREM1_completed,64,RD,random,81,MORE_THAN_512_SUBTRACTIONS,e68d3c006f201df4,1ee887edcd9168d5,bded8ea30b8a5ec5b000,bded8ea30b8a5ec5b000,9ed1d461714bd8b6,3400,3200,00003f80,19,580,1,1,7,c22bf7786d2b29f64000,3000,3400
FPREM1_completed,64,RD,random,83,QUOTIENT_SIGNED_BITS_DIFFER,3eccab5c4e05dc04,a8b8ed2a40208dea,3e89e0fca07a1c16c000,3e89e0fca07a1c16c000,289c1f940f4382d8,3400,3200,00003f80,7,174,1,1,7,3fcba8096ea7debf4000,3000,3400
FPREM1_completed,64,RD,random,84,QUOTIENT_SIGNED_BITS_DIFFER,f993df8021999846,15a30e386b02b404,3d598d686da30340c000,3d598d686da30340c000,1591ad0db4606818,3400,7200,00003f80,27,791,3,3,5,c356e7264a4b254a0000,3000,3400
FPREM1_completed,64,RD,random,84,MORE_THAN_512_SUBTRACTIONS,f993df8021999846,15a30e386b02b404,3d598d686da30340c000,3d598d686da30340c000,1591ad0db4606818,3400,7200,00003f80,27,791,3,3,5,c356e7264a4b254a0000,3000,3400
FPREM1_completed,64,RD,random,86,MORE_THAN_512_SUBTRACTIONS,d5cf4344b88928f2,09de7fb0fe8aac8b,bc9cef6403e237cc2000,bc9cef6403e237cc2000,89cdec807c46f984,3400,7000,00003f80,27,644,2,2,6,c11ccb5db15201948000,3000,3400
FPREM1_completed,64,RD,random,87,MORE_THAN_512_SUBTRACTIONS,7b5310c9fc212395,8eda03c9c430ce5f,bceba69037ae3d53c000,bceba69037ae3d53c000,8eb4d206f5c7aa78,3400,7000,00003f80,35,862,2,2,6,438dad1847dc972e5000,3000,3400
FPREM1_completed,64,RD,random,92,MORE_THAN_512_SUBTRACTIONS,e3a846a2bfbc4178,80f257439666d7d5,3c0c9c29b1a107d28000,3c0c9c29b1a107d28000,00c385363420fa50,3400,7000,00003f80,27,808,2,2,2,c20ed8bfa47883faa000,3000,3400
FPREM1_completed,64,RD,random,104,MORE_THAN_512_SUBTRACTIONS,56b9818e16a7fd62,89436d87e2292558,3c9389e4299005490000,3c9389e4299005490000,09313c853200a920,3400,7000,00003f80,21,612,2,2,6,4132e621769844f50000,3000,3400
FPREM1_completed,64,RD,random,105,MORE_THAN_512_SUBTRACTIONS,f98f1f2039d4b32c,334ccb14838191dc,bf33b727e9205ee78000,bf33b727e9205ee78000,b336e4fd240bdcf0,3400,7100,00003f80,21,541,6,6,2,c373aa7b214060490000,3000,3400
FPREM1_completed,64,RD,random,113,MORE_THAN_512_SUBTRACTIONS,f30db0b39235c396,ad720371ec7fe712,3ed4ec4b5d43cab40000,3ed4ec4b5d43cab40000,2d4d896ba8795680,3400,3000,00003f80,20,543,0,0,0,c2f780a1106b971c5000,3000,3400
FPREM1_completed,64,RD,random,121,MORE_THAN_512_SUBTRACTIONS,7c0ada0c874938dc,97f0e3e5fa42fb78,3d7d92daf8abd3320000,3d7d92daf8abd3320000,17d25b5f157a6640,3400,7000,00003f80,27,815,2,2,6,439dcaa9d3e967880000,3000,3400
FPREM1_completed,64,RD,random,135,MORE_THAN_512_SUBTRACTIONS,7acec2800ccf3118,3498831721aad9e8,3f489bf2fc73696c0000,3f489bf2fc73696c0000,34837e5f8e6d2d80,3400,3000,00003f80,24,556,0,0,0,4389952eef1c607c4000,3000,3400
FPREM1_completed,64,RD,random,142,MORE_THAN_512_SUBTRACTIONS,7264155fa13b8f59,9c647ced0ca8226b,3dc2bb2947c812938000,3dc2bb2947c812938000,1c276528f9025270,3400,7200,00003f80,23,682,3,3,5,4304bacaa0d979ba8000,3000,3400
FPREM1_completed,64,RD,random,144,MORE_THAN_512_SUBTRACTIONS,ed2dc6396c42b6f8,02c3611c2eadf718,3c298039ee9aeacc0000,3c298039ee9aeacc0000,0290073dd35d5980,3400,7000,00003f80,30,845,2,2,6,c2ac86ddaf9c03cf8000,3000,3400
FPREM1_completed,64,RD,random,156,MORE_THAN_512_SUBTRACTIONS,c55b68e984a6b54d,8255bc36c1074b77,3c23d5d42b476fc36000,3c23d5d42b476fc36000,023aba8568edf86c,3400,3300,00003f80,21,532,5,5,5,c02598ec8c879ad20000,3000,3400
FPREM1_completed,64,RD,random,171,MORE_THAN_512_SUBTRACTIONS,72a584688a7d4f85,b06b0aa08ec0c009,3f058c563cf186254000,3f058c563cf186254000,30518ac79e30c4a8,3400,3100,00003f80,24,550,4,4,4,430287f05a3c364b0000,3000,3400
FPREM1_completed,64,RD,random,177,MORE_THAN_512_SUBTRACTIONS,d50cccc31539402e,895a0c6a0dc516b8,bc93c6afd484dbae0000,bc93c6afd484dbae0000,8938d5fa909b75c0,3400,7100,00003f80,26,625,6,6,6,c114a8d95df86a620000,3000,3400
FPREM1_completed,64,RD,random,1233,EXCEPTION_FLAGS_MISMATCH,800775f8a1f1e801,335231bcb44634b1,bbffeebf143e3d002000,bbffeebf143e3d002000,800775f8a1f1e801,3002,3002,00003f80,1,0,0,0,0,bbffeebf143e3d002000,3002,3002
FPREM1_completed,64,RD,random,2646,INVALID_OR_NONFINITE_INPUT,fffc16448446619e,97c865bf05fa1bc2,ffffe0b22422330cf000,ffffe0b22422330cf000,fffc16448446619e,3000,3000,00003f80,1,0,0,0,0,ffffe0b22422330cf000,3000,3000
FPREM1_completed,64,RD,random,2646,NAN_RESULT,fffc16448446619e,97c865bf05fa1bc2,ffffe0b22422330cf000,ffffe0b22422330cf000,fffc16448446619e,3000,3000,00003f80,1,0,0,0,0,ffffe0b22422330cf000,3000,3000
FPREM1_completed,64,RD,random,2800,INVALID_OR_NONFINITE_INPUT,7ffec4b85b15dcc9,73ae6374d2acbe2d,7ffff625c2d8aee64800,7ffff625c2d8aee64800,7ffec4b85b15dcc9,3000,3000,00003f80,1,0,0,0,0,7ffff625c2d8aee64800,3000,3000
FPREM1_completed,64,RD,random,2800,NAN_RESULT,7ffec4b85b15dcc9,73ae6374d2acbe2d,7ffff625c2d8aee64800,7ffff625c2d8aee64800,7ffec4b85b15dcc9,3000,3000,00003f80,1,0,0,0,0,7ffff625c2d8aee64800,3000,3000
FPREM1_completed,64,RD,random,2804,INVALID_OR_NONFINITE_INPUT,215f1284a38934b3,ffff2b4bee625364,fffff95a5f73129b2000,fffff95a5f73129b2000,ffff2b4bee625364,3000,3000,00003f80,1,0,0,0,0,fffff95a5f73129b2000,3000,3000
FPREM1_completed,64,RD,random,2804,NAN_RESULT,215f1284a38934b3,ffff2b4bee625364,fffff95a5f73129b2000,fffff95a5f73129b2000,ffff2b4bee625364,3000,3000,00003f80,1,0,0,0,0,fffff95a5f73129b2000,3000,3000
FPREM1_completed,64,RD,random,3319,INVALID_OR_NONFINITE_INPUT,8856eee77a72ede6,fff3ef7fd61e7ede,ffffdf7bfeb0f3f6f000,ffffdf7bfeb0f3f6f000,fffbef7fd61e7ede,3001,3001,00003f81,1,0,0,0,0,ffffdf7bfeb0f3f6f000,3001,3001
FPREM1_completed,64,RD,random,3319,NAN_RESULT,8856eee77a72ede6,fff3ef7fd61e7ede,ffffdf7bfeb0f3f6f000,ffffdf7bfeb0f3f6f000,fffbef7fd61e7ede,3001,3001,00003f81,1,0,0,0,0,ffffdf7bfeb0f3f6f000,3001,3001
FPREM1_completed,64,RD,random,4196,EXCEPTION_FLAGS_MISMATCH,00045d7cbad4eff6,19e3a5eafc13fccf,3bff8baf975a9dfec000,3bff8baf975a9dfec000,00045d7cbad4eff6,3002,3002,00003f80,1,0,0,0,0,3bff8baf975a9dfec000,3002,3002
FPREM1_completed,64,RD,random,5293,EXCEPTION_FLAGS_MISMATCH,000042978fcf403b,f113c2471660d47e,3bfb852f1f9e80760000,3bfb852f1f9e80760000,000042978fcf403b,3002,3002,00003f80,1,0,0,0,0,3bfb852f1f9e80760000,3002,3002
FPREM1_completed,64,RD,random,5800,EXCEPTION_FLAGS_MISMATCH,000f2db77710b090,70ffa1f579d5ad51,3c00f2db77710b090000,3c00f2db77710b090000,000f2db77710b090,3002,3002,00003f80,1,0,0,0,0,3c00f2db77710b090000,3002,3002
FPREM1_completed,64,RD,random,7438,INVALID_OR_NONFINITE_INPUT,7ffcaf4d654f0d5d,233fc0de0338e527,7fffe57a6b2a786ae800,7fffe57a6b2a786ae800,7ffcaf4d654f0d5d,3000,3000,00003f80,1,0,0,0,0,7fffe57a6b2a786ae800,3000,3000
FPREM1_completed,64,RD,random,7438,NAN_RESULT,7ffcaf4d654f0d5d,233fc0de0338e527,7fffe57a6b2a786ae800,7fffe57a6b2a786ae800,7ffcaf4d654f0d5d,3000,3000,00003f80,1,0,0,0,0,7fffe57a6b2a786ae800,3000,3000
FPREM1_completed,64,RD,random,7596,INVALID_OR_NONFINITE_INPUT,fffbf8822c40c37e,b07d2bef072da5b4,ffffdfc41162061bf000,ffffdfc41162061bf000,fffbf8822c40c37e,3000,3000,00003f80,1,0,0,0,0,ffffdfc41162061bf000,3000,3000
FPREM1_completed,64,RD,random,7596,NAN_RESULT,fffbf8822c40c37e,b07d2bef072da5b4,ffffdfc41162061bf000,ffffdfc41162061bf000,fffbf8822c40c37e,3000,3000,00003f80,1,0,0,0,0,ffffdfc41162061bf000,3000,3000
FPREM1_completed,64,RD,random,7612,EXCEPTION_FLAGS_MISMATCH,00096c497eed1ace,be99f8ce19a39a1b,3c0096c497eed1ace000,3c0096c497eed1ace000,00096c497eed1ace,3002,3002,00003f80,1,0,0,0,0,3c0096c497eed1ace000,3002,3002
FPREM1_completed,64,RD,random,7722,INVALID_OR_NONFINITE_INPUT,fff7691bbe190e08,7bcab5fa750c61cf,fffffb48ddf0c8704000,fffffb48ddf0c8704000,ffff691bbe190e08,3001,3001,00003f81,1,0,0,0,0,fffffb48ddf0c8704000,3001,3001
FPREM1_completed,64,RD,random,7722,NAN_RESULT,fff7691bbe190e08,7bcab5fa750c61cf,fffffb48ddf0c8704000,fffffb48ddf0c8704000,ffff691bbe190e08,3001,3001,00003f81,1,0,0,0,0,fffffb48ddf0c8704000,3001,3001
FPREM1_completed,64,RD,random,9199,EXCEPTION_FLAGS_MISMATCH,800a9a6921f9b5f3,2d747d032040de41,bc00a9a6921f9b5f3000,bc00a9a6921f9b5f3000,800a9a6921f9b5f3,3002,3002,00003f80,1,0,0,0,0,bc00a9a6921f9b5f3000,3002,3002
FPREM1_completed,64,RD,random,9325,EXCEPTION_FLAGS_MISMATCH,3016045f6aae82c6,801946418bced6bf,bc00c7278092cd6a8000,bc00c7278092cd6a8000,800c7278092cd6a8,3400,3000,00003f82,17,408,0,0,0,3ee0af5a4f3bf22e8000,3000,3400
FPREM1_completed,64,RD,random,10913,INVALID_OR_NONFINITE_INPUT,7fff2484a0f13a1d,6a6fdeea239a6e71,7ffff924250789d0e800,7ffff924250789d0e800,7fff2484a0f13a1d,3000,3000,00003f80,1,0,0,0,0,7ffff924250789d0e800,3000,3000
FPREM1_completed,64,RD,random,10913,NAN_RESULT,7fff2484a0f13a1d,6a6fdeea239a6e71,7ffff924250789d0e800,7ffff924250789d0e800,7fff2484a0f13a1d,3000,3000,00003f80,1,0,0,0,0,7ffff924250789d0e800,3000,3000
FPREM1_completed,64,RD,random,13177,INVALID_OR_NONFINITE_INPUT,fff87e6b054cc1e1,8d42223d01aabd08,ffffc3f3582a660f0800,ffffc3f3582a660f0800,fff87e6b054cc1e1,3000,3000,00003f80,1,0,0,0,0,ffffc3f3582a660f0800,3000,3000
FPREM1_completed,64,RD,random,13177,NAN_RESULT,fff87e6b054cc1e1,8d42223d01aabd08,ffffc3f3582a660f0800,ffffc3f3582a660f0800,fff87e6b054cc1e1,3000,3000,00003f80,1,0,0,0,0,ffffc3f3582a660f0800,3000,3000
FPREM1_completed,64,RD,random,13880,INVALID_OR_NONFINITE_INPUT,ffffe5642b6ad5f8,efcf3776f9f393f5,ffffff2b215b56afc000,ffffff2b215b56afc000,ffffe5642b6ad5f8,3000,3000,00003f80,1,0,0,0,0,ffffff2b215b56afc000,3000,3000
FPREM1_completed,64,RD,random,13880,NAN_RESULT,ffffe5642b6ad5f8,efcf3776f9f393f5,ffffff2b215b56afc000,ffffff2b215b56afc000,ffffe5642b6ad5f8,3000,3000,00003f80,1,0,0,0,0,ffffff2b215b56afc000,3000,3000
FPREM1_completed,64,RD,random,14177,INVALID_OR_NONFINITE_INPUT,1de067fae84e79b5,fffd194d792e3ad1,ffffe8ca6bc971d68800,ffffe8ca6bc971d68800,fffd194d792e3ad1,3000,3000,00003f80,1,0,0,0,0,ffffe8ca6bc971d68800,3000,3000
FPREM1_completed,64,RD,random,14177,NAN_RESULT,1de067fae84e79b5,fffd194d792e3ad1,ffffe8ca6bc971d68800,ffffe8ca6bc971d68800,fffd194d792e3ad1,3000,3000,00003f80,1,0,0,0,0,ffffe8ca6bc971d68800,3000,3000
FPREM1_completed,64,RD,random,15808,EXCEPTION_FLAGS_MISMATCH,00078afd5ab9f181,f2aa15676d841be6,3bfff15fab573e302000,3bfff15fab573e302000,00078afd5ab9f181,3002,3002,00003f80,1,0,0,0,0,3bfff15fab573e302000,3002,3002
FPREM1_completed,64,RD,random,16005,INVALID_OR_NONFINITE_INPUT,fff611d7cae68af6,86e423ac385d97f2,fffff08ebe573457b000,fffff08ebe573457b000,fffe11d7cae68af6,3001,3001,00003f81,1,0,0,0,0,fffff08ebe573457b000,3001,3001
FPREM1_completed,64,RD,random,16005,NAN_RESULT,fff611d7cae68af6,86e423ac385d97f2,fffff08ebe573457b000,fffff08ebe573457b000,fffe11d7cae68af6,3001,3001,00003f81,1,0,0,0,0,fffff08ebe573457b000,3001,3001
FPREM1_completed,64,RD,random,16109,INVALID_OR_NONFINITE_INPUT,fff760d464c22dfd,f722efe6567e5e26,fffffb06a326116fe800,fffffb06a326116fe800,ffff60d464c22dfd,3001,3001,00003f81,1,0,0,0,0,fffffb06a326116fe800,3001,3001
FPREM1_completed,64,RD,random,16109,NAN_RESULT,fff760d464c22dfd,f722efe6567e5e26,fffffb06a326116fe800,fffffb06a326116fe800,ffff60d464c22dfd,3001,3001,00003f81,1,0,0,0,0,fffffb06a326116fe800,3001,3001
FPREM1_completed,64,RD,random,17938,EXCEPTION_FLAGS_MISMATCH,000604a2ddf15aaf,4fac635a1fbf943d,3bffc0945bbe2b55e000,3bffc0945bbe2b55e000,000604a2ddf15aaf,3002,3002,00003f80,1,0,0,0,0,3bffc0945bbe2b55e000,3002,3002
FPREM1_completed,64,RD,random,18050,EXCEPTION_FLAGS_MISMATCH,80012b5411c1220b,2bc6fed9f7152b74,bbfd95aa08e091058000,bbfd95aa08e091058000,80012b5411c1220b,3002,3002,00003f80,1,0,0,0,0,bbfd95aa08e091058000,3002,3002
FPREM1_completed,64,RD,random,18144,INVALID_OR_NONFINITE_INPUT,1a697067a9d4131e,7ff4caf5a31236d0,7fffe657ad1891b68000,7fffe657ad1891b68000,7ffccaf5a31236d0,3001,3001,00003f81,1,0,0,0,0,7fffe657ad1891b68000,3001,3001
FPREM1_completed,64,RD,random,18144,NAN_RESULT,1a697067a9d4131e,7ff4caf5a31236d0,7fffe657ad1891b68000,7fffe657ad1891b68000,7ffccaf5a31236d0,3001,3001,00003f81,1,0,0,0,0,7fffe657ad1891b68000,3001,3001
FPREM1_completed,64,RD,random,18393,EXCEPTION_FLAGS_MISMATCH,800a078ea997ffbd,9024b261222329c4,bc00a078ea997ffbd000,bc00a078ea997ffbd000,800a078ea997ffbd,3002,3002,00003f80,1,0,0,0,0,bc00a078ea997ffbd000,3002,3002
FPREM1_completed,64,RD,random,18494,INVALID_OR_NONFINITE_INPUT,8b3795aeea5a51e9,fff42510e432a4b0,ffffe128872195258000,ffffe128872195258000,fffc2510e432a4b0,3001,3001,00003f81,1,0,0,0,0,ffffe128872195258000,3001,3001
FPREM1_completed,64,RD,random,18494,NAN_RESULT,8b3795aeea5a51e9,fff42510e432a4b0,ffffe128872195258000,ffffe128872195258000,fffc2510e432a4b0,3001,3001,00003f81,1,0,0,0,0,ffffe128872195258000,3001,3001
FPREM1_completed,64,RD,random,18855,EXCEPTION_FLAGS_MISMATCH,0009c2ad8c5ab954,e9b24df58db0b1de,3c009c2ad8c5ab954000,3c009c2ad8c5ab954000,0009c2ad8c5ab954,3002,3002,00003f80,1,0,0,0,0,3c009c2ad8c5ab954000,3002,3002
FPREM1_completed,64,RD,random,19752,EXCEPTION_FLAGS_MISMATCH,30b3a3571edeec86,8011078b8429463d,bbfeb0fc0faf33098000,bbfeb0fc0faf33098000,8002c3f03ebccc26,3400,7100,00003f82,13,416,6,6,2,3ededc1d46cc3fb2c000,3000,3400
FPREM1_completed,64,RD,random,19982,INVALID_OR_NONFINITE_INPUT,7ff1ef37dbd61011,ed987e4fb1101e19,7fffcf79bedeb0808800,7fffcf79bedeb0808800,7ff9ef37dbd61011,3001,3001,00003f81,1,0,0,0,0,7fffcf79bedeb0808800,3001,3001
FPREM1_completed,64,RD,random,19982,NAN_RESULT,7ff1ef37dbd61011,ed987e4fb1101e19,7fffcf79bedeb0808800,7fffcf79bedeb0808800,7ff9ef37dbd61011,3001,3001,00003f81,1,0,0,0,0,7fffcf79bedeb0808800,3001,3001
FPREM1_completed,64,RD,random,19989,INVALID_OR_NONFINITE_INPUT,6a9d1ec93aecc6ab,fffce7ea399b451a,ffffe73f51ccda28d000,ffffe73f51ccda28d000,fffce7ea399b451a,3000,3000,00003f80,1,0,0,0,0,ffffe73f51ccda28d000,3000,3000
FPREM1_completed,64,RD,random,19989,NAN_RESULT,6a9d1ec93aecc6ab,fffce7ea399b451a,ffffe73f51ccda28d000,ffffe73f51ccda28d000,fffce7ea399b451a,3000,3000,00003f80,1,0,0,0,0,ffffe73f51ccda28d000,3000,3000
FPREM1_completed,64,RD,random,21129,INVALID_OR_NONFINITE_INPUT,1bd16e2aeeb69c1c,fffd80dcf474289d,ffffec06e7a3a144e800,ffffec06e7a3a144e800,fffd80dcf474289d,3000,3000,00003f80,1,0,0,0,0,ffffec06e7a3a144e800,3000,3000
FPREM1_completed,64,RD,random,21129,NAN_RESULT,1bd16e2aeeb69c1c,fffd80dcf474289d,ffffec06e7a3a144e800,ffffec06e7a3a144e800,fffd80dcf474289d,3000,3000,00003f80,1,0,0,0,0,ffffec06e7a3a144e800,3000,3000
FPREM1_completed,64,RD,random,21308,EXCEPTION_FLAGS_MISMATCH,80054af5ac397823,0921b43449e9917b,bbffa95eb5872f046000,bbffa95eb5872f046000,80054af5ac397823,3002,3002,00003f80,1,0,0,0,0,bbffa95eb5872f046000,3002,3002
FPREM1_completed,64,RD,random,21840,INVALID_OR_NONFINITE_INPUT,7ff452155f935d94,1c775d75320a205c,7fffe290aafc9aeca000,7fffe290aafc9aeca000,7ffc52155f935d94,3001,3001,00003f81,1,0,0,0,0,7fffe290aafc9aeca000,3001,3001
FPREM1_completed,64,RD,random,21840,NAN_RESULT,7ff452155f935d94,1c775d75320a205c,7fffe290aafc9aeca000,7fffe290aafc9aeca000,7ffc52155f935d94,3001,3001,00003f81,1,0,0,0,0,7fffe290aafc9aeca000,3001,3001
FPREM1_completed,64,RD,random,22001,INVALID_OR_NONFINITE_INPUT,f51f71d5f317fef7,fff038e0bc7f2023,ffffc1c705e3f9011800,ffffc1c705e3f9011800,fff838e0bc7f2023,3001,3001,00003f81,1,0,0,0,0,ffffc1c705e3f9011800,3001,3001
FPREM1_completed,64,RD,random,22001,NAN_RESULT,f51f71d5f317fef7,fff038e0bc7f2023,ffffc1c705e3f9011800,ffffc1c705e3f9011800,fff838e0bc7f2023,3001,3001,00003f81,1,0,0,0,0,ffffc1c705e3f9011800,3001,3001
FPREM1_completed,64,RD,random,24432,EXCEPTION_FLAGS_MISMATCH,0000524bff113f57,816da281ea85a7a5,3bfba497fe227eae0000,3bfba497fe227eae0000,0000524bff113f57,3002,3002,00003f80,1,0,0,0,0,3bfba497fe227eae0000,3002,3002
FPREM1_completed,64,RD,random,25096,EXCEPTION_FLAGS_MISMATCH,80090e781b9805f4,29de74e64bc6bc23,bc0090e781b9805f4000,bc0090e781b9805f4000,80090e781b9805f4,3002,3002,00003f80,1,0,0,0,0,bc0090e781b9805f4000,3002,3002
FPREM1_completed,64,RD,random,29586,EXCEPTION_FLAGS_MISMATCH,000dad250093a9db,2b750a83e2704927,3c00dad250093a9db000,3c00dad250093a9db000,000dad250093a9db,3002,3002,00003f80,1,0,0,0,0,3c00dad250093a9db000,3002,3002
FPREM1_completed,64,RD,random,30173,EXCEPTION_FLAGS_MISMATCH,af543502506f16fe,801065bcb00bd904,3bffbbf2455b429a8000,3bffbbf2455b429a8000,0005df922ada14d4,3400,3300,00003f82,13,392,5,5,5,bebdf1fc46fdee820000,3000,3400
FPREM1_completed,64,RD,random,31461,EXCEPTION_FLAGS_MISMATCH,0004db3d8e9a43b0,d79c4aafc37e3e3d,3bff9b67b1d348760000,3bff9b67b1d348760000,0004db3d8e9a43b0,3002,3002,00003f80,1,0,0,0,0,3bff9b67b1d348760000,3002,3002
FPREM1_completed,64,RD,random,33301,EXCEPTION_FLAGS_MISMATCH,800a11860291f5bc,de153ca097c5d5c7,bc00a11860291f5bc000,bc00a11860291f5bc000,800a11860291f5bc,3002,3002,00003f80,1,0,0,0,0,bc00a11860291f5bc000,3002,3002
FPREM1_completed,64,RD,edge,341,VALUE_MISMATCH,7ff8000000000011,fff0000000000222,ffffc000000000111000,7fffc000000000008800,7ff8000000000011,3001,3001,00003f81,1,0,0,0,0,ffffc000000000111000,3001,3001
FPREM1_completed,64,RU,random,0,ALL,39005d1b59f41037,aa0bb42747841268,be9eda9504ec9b100000,be9eda9504ec9b100000,a9eb52a09d936200,3400,3000,00005f80,5,120,0,0,0,3f5dc0201f66984c0000,3000,3400
FPREM1_completed,64,RU,random,0,X87_MULTISTEP,39005d1b59f41037,aa0bb42747841268,be9eda9504ec9b100000,be9eda9504ec9b100000,a9eb52a09d936200,3400,3000,00005f80,5,120,0,0,0,3f5dc0201f66984c0000,3000,3400
FPREM1_completed,64,RU,random,0,SINGLE_INSTRUCTION_VALUE_MISMATCH,39005d1b59f41037,aa0bb42747841268,be9eda9504ec9b100000,be9eda9504ec9b100000,a9eb52a09d936200,3400,3000,00005f80,5,120,0,0,0,3f5dc0201f66984c0000,3000,3400
FPREM1_completed,64,RU,random,0,SINGLE_INSTRUCTION_C2_PARTIAL,39005d1b59f41037,aa0bb42747841268,be9eda9504ec9b100000,be9eda9504ec9b100000,a9eb52a09d936200,3400,3000,00005f80,5,120,0,0,0,3f5dc0201f66984c0000,3000,3400
FPREM1_completed,64,RU,random,1,ALL,a79dae131b3431aa,c97db72336427b70,be79ed7098d9a18d5000,be79ed7098d9a18d5000,a79dae131b3431aa,3000,3000,00005f80,1,0,0,0,0,be79ed7098d9a18d5000,3000,3000
FPREM1_completed,64,RU,random,1,SINGLE_COMPLETE_FINITE_CASE,a79dae131b3431aa,c97db72336427b70,be79ed7098d9a18d5000,be79ed7098d9a18d5000,a79dae131b3431aa,3000,3000,00005f80,1,0,0,0,0,be79ed7098d9a18d5000,3000,3000
FPREM1_completed,64,RU,random,2,ALL,38b1b1cf247332e7,2c69a8de7d10e6c2,3ec4ebb15b13f19a0000,3ec4ebb15b13f19a0000,2c4d762b627e3340,3400,3000,00005f80,4,90,0,0,0,3f65e65f0fd8474c8000,3000,3400
FPREM1_completed,64,RU,random,2,X87_MULTISTEP,38b1b1cf247332e7,2c69a8de7d10e6c2,3ec4ebb15b13f19a0000,3ec4ebb15b13f19a0000,2c4d762b627e3340,3400,3000,00005f80,4,90,0,0,0,3f65e65f0fd8474c8000,3000,3400
FPREM1_completed,64,RU,random,2,SINGLE_INSTRUCTION_VALUE_MISMATCH,38b1b1cf247332e7,2c69a8de7d10e6c2,3ec4ebb15b13f19a0000,3ec4ebb15b13f19a0000,2c4d762b627e3340,3400,3000,00005f80,4,90,0,0,0,3f65e65f0fd8474c8000,3000,3400
FPREM1_completed,64,RU,random,2,SINGLE_INSTRUCTION_C2_PARTIAL,38b1b1cf247332e7,2c69a8de7d10e6c2,3ec4ebb15b13f19a0000,3ec4ebb15b13f19a0000,2c4d762b627e3340,3400,3000,00005f80,4,90,0,0,0,3f65e65f0fd8474c8000,3000,3400
FPREM1_completed,64,RU,random,3,ALL,0159a802c6b0e40b,fde8f2dd6b4079e3,3c15cd40163587205800,3c15cd40163587205800,0159a802c6b0e40b,3000,3000,00005f80,1,0,0,0,0,3c15cd40163587205800,3000,3000
FPREM1_completed,64,RU,random,3,SINGLE_COMPLETE_FINITE_CASE,0159a802c6b0e40b,fde8f2dd6b4079e3,3c15cd40163587205800,3c15cd40163587205800,0159a802c6b0e40b,3000,3000,00005f80,1,0,0,0,0,3c15cd40163587205800,3000,3000
FPREM1_completed,64,RU,random,4,ALL,6eafb6c51d88b719,b33bcb6f9ffd8324,bf2de8fe0580bed00000,bf2de8fe0580bed00000,b2dd1fc0b017da00,3400,7000,00005f80,17,446,2,2,6,42b2c8875468a91ec000,3000,3400
FPREM1_completed,64,RU,random,4,X87_MULTISTEP,6eafb6c51d88b719,b33bcb6f9ffd8324,bf2de8fe0580bed00000,bf2de8fe0580bed00000,b2dd1fc0b017da00,3400,7000,00005f80,17,446,2,2,6,42b2c8875468a91ec000,3000,3400
FPREM1_completed,64,RU,random,4,QUOTIENT_SIGNED_BITS_DIFFER,6eafb6c51d88b719,b33bcb6f9ffd8324,bf2de8fe0580bed00000,bf2de8fe0580bed00000,b2dd1fc0b017da00,3400,7000,00005f80,17,446,2,2,6,42b2c8875468a91ec000,3000,3400
FPREM1_completed,64,RU,random,4,SINGLE_INSTRUCTION_VALUE_MISMATCH,6eafb6c51d88b719,b33bcb6f9ffd8324,bf2de8fe0580bed00000,bf2de8fe0580bed00000,b2dd1fc0b017da00,3400,7000,00005f80,17,446,2,2,6,42b2c8875468a91ec000,3000,3400
FPREM1_completed,64,RU,random,4,SINGLE_INSTRUCTION_C2_PARTIAL,6eafb6c51d88b719,b33bcb6f9ffd8324,bf2de8fe0580bed00000,bf2de8fe0580bed00000,b2dd1fc0b017da00,3400,7000,00005f80,17,446,2,2,6,42b2c8875468a91ec000,3000,3400
FPREM1_completed,64,RU,random,5,ALL,039d85f35503e50f,6bf5f004e65a440b,3c39ec2f9aa81f287800,3c39ec2f9aa81f287800,039d85f35503e50f,3000,3000,00005f80,1,0,0,0,0,3c39ec2f9aa81f287800,3000,3000
FPREM1_completed,64,RU,random,5,SINGLE_COMPLETE_FINITE_CASE,039d85f35503e50f,6bf5f004e65a440b,3c39ec2f9aa81f287800,3c39ec2f9aa81f287800,039d85f35503e50f,3000,3000,00005f80,1,0,0,0,0,3c39ec2f9aa81f287800,3000,3000
FPREM1_completed,64,RU,random,6,ALL,3f622dade3a7b6be,bac9d0d4304c687b,bfabc6134ca4513ff000,bfabc6134ca4513ff000,bab8c269948a27fe,3400,3300,00005f80,2,35,5,5,3,3fc68cbaee446fa20000,3000,3400
FPREM1_completed,64,RU,random,6,X87_MULTISTEP,3f622dade3a7b6be,bac9d0d4304c687b,bfabc6134ca4513ff000,bfabc6134ca4513ff000,bab8c269948a27fe,3400,3300,00005f80,2,35,5,5,3,3fc68cbaee446fa20000,3000,3400
FPREM1_completed,64,RU,random,6,QUOTIENT_SIGNED_BITS_DIFFER,3f622dade3a7b6be,bac9d0d4304c687b,bfabc6134ca4513ff000,bfabc6134ca4513ff000,bab8c269948a27fe,3400,3300,00005f80,2,35,5,5,3,3fc68cbaee446fa20000,3000,3400
FPREM1_completed,64,RU,random,6,SINGLE_INSTRUCTION_VALUE_MISMATCH,3f622dade3a7b6be,bac9d0d4304c687b,bfabc6134ca4513ff000,bfabc6134ca4513ff000,bab8c269948a27fe,3400,3300,00005f80,2,35,5,5,3,3fc68cbaee446fa20000,3000,3400
FPREM1_completed,64,RU,random,6,SINGLE_INSTRUCTION_C2_PARTIAL,3f622dade3a7b6be,bac9d0d4304c687b,bfabc6134ca4513ff000,bfabc6134ca4513ff000,bab8c269948a27fe,3400,3300,00005f80,2,35,5,5,3,3fc68cbaee446fa20000,3000,3400
FPREM1_completed,64,RU,random,7,ALL,1be3526f041fd13f,8f013dda7d97cc0b,3cec83c7ce222eb88000,3cec83c7ce222eb88000,0ec078f9c445d710,3400,3300,00005f80,4,83,5,5,3,3d8f99911c0774abc000,3000,3400
FPREM1_completed,64,RU,random,7,X87_MULTISTEP,1be3526f041fd13f,8f013dda7d97cc0b,3cec83c7ce222eb88000,3cec83c7ce222eb88000,0ec078f9c445d710,3400,3300,00005f80,4,83,5,5,3,3d8f99911c0774abc000,3000,3400
FPREM1_completed,64,RU,random,7,QUOTIENT_SIGNED_BITS_DIFFER,1be3526f041fd13f,8f013dda7d97cc0b,3cec83c7ce222eb88000,3cec83c7ce222eb88000,0ec078f9c445d710,3400,3300,00005f80,4,83,5,5,3,3d8f99911c0774abc000,3000,3400
FPREM1_completed,64,RU,random,7,SINGLE_INSTRUCTION_VALUE_MISMATCH,1be3526f041fd13f,8f013dda7d97cc0b,3cec83c7ce222eb88000,3cec83c7ce222eb88000,0ec078f9c445d710,3400,3300,00005f80,4,83,5,5,3,3d8f99911c0774abc000,3000,3400
FPREM1_completed,64,RU,random,7,SINGLE_INSTRUCTION_C2_PARTIAL,1be3526f041fd13f,8f013dda7d97cc0b,3cec83c7ce222eb88000,3cec83c7ce222eb88000,0ec078f9c445d710,3400,3300,00005f80,4,83,5,5,3,3d8f99911c0774abc000,3000,3400
FPREM1_completed,64,RU,random,8,ALL,c44d0a1ea70b20ff,0eeac7548da1932d,3ceb8e30913f18288000,3ceb8e30913f18288000,0eb1c61227e30510,3400,7000,00005f80,16,424,2,2,6,c008b16b8d55709c0000,3000,3400
FPREM1_completed,64,RU,random,8,X87_MULTISTEP,c44d0a1ea70b20ff,0eeac7548da1932d,3ceb8e30913f18288000,3ceb8e30913f18288000,0eb1c61227e30510,3400,7000,00005f80,16,424,2,2,6,c008b16b8d55709c0000,3000,3400
FPREM1_completed,64,RU,random,8,QUOTIENT_SIGNED_BITS_DIFFER,c44d0a1ea70b20ff,0eeac7548da1932d,3ceb8e30913f18288000,3ceb8e30913f18288000,0eb1c61227e30510,3400,7000,00005f80,16,424,2,2,6,c008b16b8d55709c0000,3000,3400
FPREM1_completed,64,RU,random,8,SINGLE_INSTRUCTION_VALUE_MISMATCH,c44d0a1ea70b20ff,0eeac7548da1932d,3ceb8e30913f18288000,3ceb8e30913f18288000,0eb1c61227e30510,3400,7000,00005f80,16,424,2,2,6,c008b16b8d55709c0000,3000,3400
FPREM1_completed,64,RU,random,8,SINGLE_INSTRUCTION_C2_PARTIAL,c44d0a1ea70b20ff,0eeac7548da1932d,3ceb8e30913f18288000,3ceb8e30913f18288000,0eb1c61227e30510,3400,7000,00005f80,16,424,2,2,6,c008b16b8d55709c0000,3000,3400
FPREM1_completed,64,RU,random,9,ALL,14c615a007ecca11,e2509355b1112f51,3d4cb0ad003f66508800,3d4cb0ad003f66508800,14c615a007ecca11,3000,3000,00005f80,1,0,0,0,0,3d4cb0ad003f66508800,3000,3000
FPREM1_completed,64,RU,random,9,SINGLE_COMPLETE_FINITE_CASE,14c615a007ecca11,e2509355b1112f51,3d4cb0ad003f66508800,3d4cb0ad003f66508800,14c615a007ecca11,3000,3000,00005f80,1,0,0,0,0,3d4cb0ad003f66508800,3000,3000
FPREM1_completed,64,RU,random,10,ALL,e17a9da691069bad,bf7616c50e54a52d,3ff6af32e152c081e000,3ff6af32e152c081e000,3f65e65c2a58103c,3400,7100,00005f80,10,266,6,6,6,c1f3b2a68b0280980000,3000,3400
FPREM1_completed,64,RU,random,10,X87_MULTISTEP,e17a9da691069bad,bf7616c50e54a52d,3ff6af32e152c081e000,3ff6af32e152c081e000,3f65e65c2a58103c,3400,7100,00005f80,10,266,6,6,6,c1f3b2a68b0280980000,3000,3400
FPREM1_completed,64,RU,random,10,SINGLE_INSTRUCTION_VALUE_MISMATCH,e17a9da691069bad,bf7616c50e54a52d,3ff6af32e152c081e000,3ff6af32e152c081e000,3f65e65c2a58103c,3400,7100,00005f80,10,266,6,6,6,c1f3b2a68b0280980000,3000,3400
FPREM1_completed,64,RU,random,10,SINGLE_INSTRUCTION_C2_PARTIAL,e17a9da691069bad,bf7616c50e54a52d,3ff6af32e152c081e000,3ff6af32e152c081e000,3f65e65c2a58103c,3400,7100,00005f80,10,266,6,6,6,c1f3b2a68b0280980000,3000,3400
FPREM1_completed,64,RU,random,11,ALL,4a4e1234b1a55a7f,29841a150e25814e,3e95abc4469a67fc0000,3e95abc4469a67fc0000,29557888d34cff80,3400,3000,00005f80,9,289,0,0,0,4075d17ea87146938000,3000,3400
FPREM1_completed,64,RU,random,11,X87_MULTISTEP,4a4e1234b1a55a7f,29841a150e25814e,3e95abc4469a67fc0000,3e95abc4469a67fc0000,29557888d34cff80,3400,3000,00005f80,9,289,0,0,0,4075d17ea87146938000,3000,3400
FPREM1_completed,64,RU,random,11,SINGLE_INSTRUCTION_VALUE_MISMATCH,4a4e1234b1a55a7f,29841a150e25814e,3e95abc4469a67fc0000,3e95abc4469a67fc0000,29557888d34cff80,3400,3000,00005f80,9,289,0,0,0,4075d17ea87146938000,3000,3400
FPREM1_completed,64,RU,random,11,SINGLE_INSTRUCTION_C2_PARTIAL,4a4e1234b1a55a7f,29841a150e25814e,3e95abc4469a67fc0000,3e95abc4469a67fc0000,29557888d34cff80,3400,3000,00005f80,9,289,0,0,0,4075d17ea87146938000,3000,3400
FPREM1_completed,64,RU,random,12,ALL,6594f41e49bee1a0,3bf5817dfb70df6d,bfbdd3bf680461b9c000,bfbdd3bf680461b9c000,bbda77ed008c3738,3400,7100,00005f80,12,321,6,6,6,421e9b54c40c8e563000,3000,3400
FPREM1_completed,64,RU,random,12,X87_MULTISTEP,6594f41e49bee1a0,3bf5817dfb70df6d,bfbdd3bf680461b9c000,bfbdd3bf680461b9c000,bbda77ed008c3738,3400,7100,00005f80,12,321,6,6,6,421e9b54c40c8e563000,3000,3400
FPREM1_completed,64,RU,random,12,SINGLE_INSTRUCTION_VALUE_MISMATCH,6594f41e49bee1a0,3bf5817dfb70df6d,bfbdd3bf680461b9c000,bfbdd3bf680461b9c000,bbda77ed008c3738,3400,7100,00005f80,12,321,6,6,6,421e9b54c40c8e563000,3000,3400
FPREM1_completed,64,RU,random,12,SINGLE_INSTRUCTION_C2_PARTIAL,6594f41e49bee1a0,3bf5817dfb70df6d,bfbdd3bf680461b9c000,bfbdd3bf680461b9c000,bbda77ed008c3738,3400,7100,00005f80,12,321,6,6,6,421e9b54c40c8e563000,3000,3400
FPREM1_completed,64,RU,random,13,ALL,c1132a8b237f2b9d,594d73404f44c27e,c0119954591bf95ce800,c0119954591bf95ce800,c1132a8b237f2b9d,3000,3000,00005f80,1,0,0,0,0,c0119954591bf95ce800,3000,3000
FPREM1_completed,64,RU,random,13,SINGLE_COMPLETE_FINITE_CASE,c1132a8b237f2b9d,594d73404f44c27e,c0119954591bf95ce800,c0119954591bf95ce800,c1132a8b237f2b9d,3000,3000,00005f80,1,0,0,0,0,c0119954591bf95ce800,3000,3000
FPREM1_completed,64,RU,random,14,ALL,b7683dfbd1805aff,bf598884c49fca9b,bf76c1efde8c02d7f800,bf76c1efde8c02d7f800,b7683dfbd1805aff,3000,3000,00005f80,1,0,0,0,0,bf76c1efde8c02d7f800,3000,3000
FPREM1_completed,64,RU,random,14,SINGLE_COMPLETE_FINITE_CASE,b7683dfbd1805aff,bf598884c49fca9b,bf76c1efde8c02d7f800,bf76c1efde8c02d7f800,b7683dfbd1805aff,3000,3000,00005f80,1,0,0,0,0,bf76c1efde8c02d7f800,3000,3000
FPREM1_completed,64,RU,random,15,ALL,6f490969190f62c4,ae1215eb462405c7,beddf21db25c55170000,beddf21db25c55170000,adde43b64b8aa2e0,3400,7000,00005f80,17,494,2,2,6,42bddc90617d46440000,3000,3400
FPREM1_completed,64,RU,random,15,X87_MULTISTEP,6f490969190f62c4,ae1215eb462405c7,beddf21db25c55170000,beddf21db25c55170000,adde43b64b8aa2e0,3400,7000,00005f80,17,494,2,2,6,42bddc90617d46440000,3000,3400
FPREM1_completed,64,RU,random,15,QUOTIENT_SIGNED_BITS_DIFFER,6f490969190f62c4,ae1215eb462405c7,beddf21db25c55170000,beddf21db25c55170000,adde43b64b8aa2e0,3400,7000,00005f80,17,494,2,2,6,42bddc90617d46440000,3000,3400
FPREM1_completed,64,RU,random,15,SINGLE_INSTRUCTION_VALUE_MISMATCH,6f490969190f62c4,ae1215eb462405c7,beddf21db25c55170000,beddf21db25c55170000,adde43b64b8aa2e0,3400,7000,00005f80,17,494,2,2,6,42bddc90617d46440000,3000,3400
FPREM1_completed,64,RU,random,15,SINGLE_INSTRUCTION_C2_PARTIAL,6f490969190f62c4,ae1215eb462405c7,beddf21db25c55170000,beddf21db25c55170000,adde43b64b8aa2e0,3400,7000,00005f80,17,494,2,2,6,42bddc90617d46440000,3000,3400
FPREM1_completed,64,RU,random,16,ALL,8da36025d28a21d8,33ed6497a86d8353,bcda9b012e94510ec000,bcda9b012e94510ec000,8da36025d28a21d8,3000,3000,00005f80,1,0,0,0,0,bcda9b012e94510ec000,3000,3000
FPREM1_completed,64,RU,random,16,SINGLE_COMPLETE_FINITE_CASE,8da36025d28a21d8,33ed6497a86d8353,bcda9b012e94510ec000,bcda9b012e94510ec000,8da36025d28a21d8,3000,3000,00005f80,1,0,0,0,0,bcda9b012e94510ec000,3000,3000
FPREM1_completed,64,RU,random,17,ALL,b77e8b7c1bae6945,ce13f0f8f189085d,bf77f45be0dd734a2800,bf77f45be0dd734a2800,b77e8b7c1bae6945,3000,3000,00005f80,1,0,0,0,0,bf77f45be0dd734a2800,3000,3000
FPREM1_completed,64,RU,random,17,SINGLE_COMPLETE_FINITE_CASE,b77e8b7c1bae6945,ce13f0f8f189085d,bf77f45be0dd734a2800,bf77f45be0dd734a2800,b77e8b7c1bae6945,3000,3000,00005f80,1,0,0,0,0,bf77f45be0dd734a2800,3000,3000
FPREM1_completed,64,RU,random,18,ALL,1e56657267a4546d,63b83902f22bfcd7,3de5b32b933d22a36800,3de5b32b933d22a36800,1e56657267a4546d,3000,3000,00005f80,1,0,0,0,0,3de5b32b933d22a36800,3000,3000
FPREM1_completed,64,RU,random,18,SINGLE_COMPLETE_FINITE_CASE,1e56657267a4546d,63b83902f22bfcd7,3de5b32b933d22a36800,3de5b32b933d22a36800,1e56657267a4546d,3000,3000,00005f80,1,0,0,0,0,3de5b32b933d22a36800,3000,3000
FPREM1_completed,64,RU,random,19,ALL,520a608fd94c71bc,1a0745443aa528a2,bd9de6901672030b0000,bd9de6901672030b0000,99dcd202ce406160,3400,7100,00005f80,18,451,6,6,6,4100afcb0604c208c000,3000,3400
FPREM1_completed,64,RU,random,19,X87_MULTISTEP,520a608fd94c71bc,1a0745443aa528a2,bd9de6901672030b0000,bd9de6901672030b0000,99dcd202ce406160,3400,7100,00005f80,18,451,6,6,6,4100afcb0604c208c000,3000,3400
FPREM1_completed,64,RU,random,19,SINGLE_INSTRUCTION_VALUE_MISMATCH,520a608fd94c71bc,1a0745443aa528a2,bd9de6901672030b0000,bd9de6901672030b0000,99dcd202ce406160,3400,7100,00005f80,18,451,6,6,6,4100afcb0604c208c000,3000,3400
FPREM1_completed,64,RU,random,19,SINGLE_INSTRUCTION_C2_PARTIAL,520a608fd94c71bc,1a0745443aa528a2,bd9de6901672030b0000,bd9de6901672030b0000,99dcd202ce406160,3400,7100,00005f80,18,451,6,6,6,4100afcb0604c208c000,3000,3400
FPREM1_completed,64,RU,random,20,X87_MULTISTEP,e11dd77714b3258b,2594be96d5414b93,be58a3ced03246e70000,be58a3ced03246e70000,a58479da0648dce0,3400,3000,00005f80,16,468,0,0,0,c1d689da8af23e7a8000,3000,3400
FPREM1_completed,64,RU,random,20,SINGLE_INSTRUCTION_VALUE_MISMATCH,e11dd77714b3258b,2594be96d5414b93,be58a3ced03246e70000,be58a3ced03246e70000,a58479da0648dce0,3400,3000,00005f80,16,468,0,0,0,c1d689da8af23e7a8000,3000,3400
FPREM1_completed,64,RU,random,20,SINGLE_INSTRUCTION_C2_PARTIAL,e11dd77714b3258b,2594be96d5414b93,be58a3ced03246e70000,be58a3ced03246e70000,a58479da0648dce0,3400,3000,00005f80,16,468,0,0,0,c1d689da8af23e7a8000,3000,3400
FPREM1_completed,64,RU,random,21,SINGLE_COMPLETE_FINITE_CASE,b452c0bf0200d818,6b0151688251e8ff,bf459605f81006c0c000,bf459605f81006c0c000,b452c0bf0200d818,3000,3000,00005f80,1,0,0,0,0,bf459605f81006c0c000,3000,3000
FPREM1_completed,64,RU,random,22,QUOTIENT_SIGNED_BITS_DIFFER,a04b39e9068ce4c8,1eb552ddc4042814,3de7871c7aea26740000,3de7871c7aea26740000,1e70e38f5d44ce80,7000,7000,00005f80,1,14,2,2,6,3de7871c7aea26740000,3000,7000
FPREM1_completed,64,RU,random,22,SINGLE_COMPLETE_FINITE_CASE,a04b39e9068ce4c8,1eb552ddc4042814,3de7871c7aea26740000,3de7871c7aea26740000,1e70e38f5d44ce80,7000,7000,00005f80,1,14,2,2,6,3de7871c7aea26740000,3000,7000
FPREM1_completed,64,RU,random,23,SINGLE_COMPLETE_FINITE_CASE,af4da42f6014ff40,b29387e0e24fc445,bef4ed217b00a7fa0000,bef4ed217b00a7fa0000,af4da42f6014ff40,3000,3000,00005f80,1,0,0,0,0,bef4ed217b00a7fa0000,3000,3000
FPREM1_completed,64,RU,random,24,X87_MULTISTEP,d4114ba021dfe810,3c9d3fbdef8f3ad4,bfc899b8aef443cc0000,bfc899b8aef443cc0000,bc833715de887980,3400,3000,00005f80,7,185,0,0,0,c105ea7fac552c3a0000,3000,3400
FPREM1_completed,64,RU,random,24,SINGLE_INSTRUCTION_VALUE_MISMATCH,d4114ba021dfe810,3c9d3fbdef8f3ad4,bfc899b8aef443cc0000,bfc899b8aef443cc0000,bc833715de887980,3400,3000,00005f80,7,185,0,0,0,c105ea7fac552c3a0000,3000,3400
FPREM1_completed,64,RU,random,24,SINGLE_INSTRUCTION_C2_PARTIAL,d4114ba021dfe810,3c9d3fbdef8f3ad4,bfc899b8aef443cc0000,bfc899b8aef443cc0000,bc833715de887980,3400,3000,00005f80,7,185,0,0,0,c105ea7fac552c3a0000,3000,3400
FPREM1_completed,64,RU,random,25,SINGLE_COMPLETE_FINITE_CASE,69ef6e510d168232,717a855f449728e5,429efb728868b4119000,429efb728868b4119000,69ef6e510d168232,3000,3000,00005f80,1,0,0,0,0,429efb728868b4119000,3000,3000
FPREM1_completed,64,RU,random,26,SINGLE_COMPLETE_FINITE_CASE,d6883f0417967388,e66311ff39fee26c,c168c1f820bcb39c4000,c168c1f820bcb39c4000,d6883f0417967388,3000,3000,00005f80,1,0,0,0,0,c168c1f820bcb39c4000,3000,3000
FPREM1_completed,64,RU,random,27,SINGLE_COMPLETE_FINITE_CASE,4fa14b561f8c01bf,f471624ef4a20fbf,40fa8a5ab0fc600df800,40fa8a5ab0fc600df800,4fa14b561f8c01bf,3000,3000,00005f80,1,0,0,0,0,40fa8a5ab0fc600df800,3000,3000
FPREM1_completed,64,RU,random,28,SINGLE_COMPLETE_FINITE_CASE,9d1803c5770d693a,239d03d2d46d3116,bdd1c01e2bb86b49d000,bdd1c01e2bb86b49d000,9d1803c5770d693a,3000,3000,00005f80,1,0,0,0,0,bdd1c01e2bb86b49d000,3000,3000
FPREM1_completed,64,RU,random,29,X87_MULTISTEP,7f2c60a814b272c4,e633a951c7718da0,4262993de6ed86800000,4262993de6ed86800000,662327bcddb0d000,3400,3000,00005f80,7,214,0,0,0,43c0ea05ff1215200000,3000,3400
FPREM1_completed,64,RU,random,29,SINGLE_INSTRUCTION_VALUE_MISMATCH,7f2c60a814b272c4,e633a951c7718da0,4262993de6ed86800000,4262993de6ed86800000,662327bcddb0d000,3400,3000,00005f80,7,214,0,0,0,43c0ea05ff1215200000,3000,3400
FPREM1_completed,64,RU,random,29,SINGLE_INSTRUCTION_C2_PARTIAL,7f2c60a814b272c4,e633a951c7718da0,4262993de6ed86800000,4262993de6ed86800000,662327bcddb0d000,3400,3000,00005f80,7,214,0,0,0,43c0ea05ff1215200000,3000,3400
FPREM1_completed,64,RU,random,30,SINGLE_COMPLETE_FINITE_CASE,9148b248811c9805,42fcc655290ba003,bd14c5924408e4c02800,bd14c5924408e4c02800,9148b248811c9805,3000,3000,00005f80,1,0,0,0,0,bd14c5924408e4c02800,3000,3000
FPREM1_completed,64,RU,random,31,SINGLE_COMPLETE_FINITE_CASE,91825b4d252f035d,ac6a40183abe4a22,bd1892da6929781ae800,bd1892da6929781ae800,91825b4d252f035d,3000,3000,00005f80,1,0,0,0,0,bd1892da6929781ae800,3000,3000
FPREM1_completed,64,RU,random,32,SINGLE_COMPLETE_FINITE_CASE,97787847f9bd2af4,fa15567f6a6f1ee1,bd77c3c23fcde957a000,bd77c3c23fcde957a000,97787847f9bd2af4,3000,3000,00005f80,1,0,0,0,0,bd77c3c23fcde957a000,3000,3000
FPREM1_completed,64,RU,random,33,X87_MULTISTEP,df47de5513ea6822,1bdd3f3c49777f1a,bdbc9dd84fac431e2000,bdbc9dd84fac431e2000,9bc3bb09f58863c4,3400,7200,00005f80,23,529,3,3,5,c1b89cf920695de20000,3000,3400
FPREM1_completed,64,RU,random,33,QUOTIENT_SIGNED_BITS_DIFFER,df47de5513ea6822,1bdd3f3c49777f1a,bdbc9dd84fac431e2000,bdbc9dd84fac431e2000,9bc3bb09f58863c4,3400,7200,00005f80,23,529,3,3,5,c1b89cf920695de20000,3000,3400
FPREM1_completed,64,RU,random,33,MORE_THAN_512_SUBTRACTIONS,df47de5513ea6822,1bdd3f3c49777f1a,bdbc9dd84fac431e2000,bdbc9dd84fac431e2000,9bc3bb09f58863c4,3400,7200,00005f80,23,529,3,3,5,c1b89cf920695de20000,3000,3400
FPREM1_completed,64,RU,random,33,SINGLE_INSTRUCTION_VALUE_MISMATCH,df47de5513ea6822,1bdd3f3c49777f1a,bdbc9dd84fac431e2000,bdbc9dd84fac431e2000,9bc3bb09f58863c4,3400,7200,00005f80,23,529,3,3,5,c1b89cf920695de20000,3000,3400
FPREM1_completed,64,RU,random,33,SINGLE_INSTRUCTION_C2_PARTIAL,df47de5513ea6822,1bdd3f3c49777f1a,bdbc9dd84fac431e2000,bdbc9dd84fac431e2000,9bc3bb09f58863c4,3400,7200,00005f80,23,529,3,3,5,c1b89cf920695de20000,3000,3400
FPREM1_completed,64,RU,random,34,X87_MULTISTEP,5ada68c2e5cabb64,978f4e73e3766ff9,bd77d51b412bae19b000,bd77d51b412bae19b000,977aa3682575c336,3400,7200,00005f80,22,557,3,3,5,41789a93cdfc23e8f800,3000,3400
FPREM1_completed,64,RU,random,34,QUOTIENT_SIGNED_BITS_DIFFER,5ada68c2e5cabb64,978f4e73e3766ff9,bd77d51b412bae19b000,bd77d51b412bae19b000,977aa3682575c336,3400,7200,00005f80,22,557,3,3,5,41789a93cdfc23e8f800,3000,3400
FPREM1_completed,64,RU,random,34,MORE_THAN_512_SUBTRACTIONS,5ada68c2e5cabb64,978f4e73e3766ff9,bd77d51b412bae19b000,bd77d51b412bae19b000,977aa3682575c336,3400,7200,00005f80,22,557,3,3,5,41789a93cdfc23e8f800,3000,3400
FPREM1_completed,64,RU,random,34,SINGLE_INSTRUCTION_VALUE_MISMATCH,5ada68c2e5cabb64,978f4e73e3766ff9,bd77d51b412bae19b000,bd77d51b412bae19b000,977aa3682575c336,3400,7200,00005f80,22,557,3,3,5,41789a93cdfc23e8f800,3000,3400
FPREM1_completed,64,RU,random,34,SINGLE_INSTRUCTION_C2_PARTIAL,5ada68c2e5cabb64,978f4e73e3766ff9,bd77d51b412bae19b000,bd77d51b412bae19b000,977aa3682575c336,3400,7200,00005f80,22,557,3,3,5,41789a93cdfc23e8f800,3000,3400
FPREM1_completed,64,RU,random,35,X87_MULTISTEP,a76c958fcc12d08c,989a991372a47146,3d8890a17b0f5b5c2000,3d8890a17b0f5b5c2000,1882142f61eb6b84,3400,7200,00005f80,5,121,3,3,3,be49c7bd9c283ee2f000,3000,3400
FPREM1_completed,64,RU,random,35,SINGLE_INSTRUCTION_VALUE_MISMATCH,a76c958fcc12d08c,989a991372a47146,3d8890a17b0f5b5c2000,3d8890a17b0f5b5c2000,1882142f61eb6b84,3400,7200,00005f80,5,121,3,3,3,be49c7bd9c283ee2f000,3000,3400
FPREM1_completed,64,RU,random,35,SINGLE_INSTRUCTION_C2_PARTIAL,a76c958fcc12d08c,989a991372a47146,3d8890a17b0f5b5c2000,3d8890a17b0f5b5c2000,1882142f61eb6b84,3400,7200,00005f80,5,121,3,3,3,be49c7bd9c283ee2f000,3000,3400
FPREM1_completed,64,RU,random,36,X87_MULTISTEP,73538c0c3447ef9c,69bbc16644e39d84,429696ae4e14f3000000,429696ae4e14f3000000,6962d5c9c29e6000,3400,3000,00005f80,3,83,0,0,0,42fb8ba018ce380f4000,3000,3400
FPREM1_completed,64,RU,random,36,SINGLE_INSTRUCTION_VALUE_MISMATCH,73538c0c3447ef9c,69bbc16644e39d84,429696ae4e14f3000000,429696ae4e14f3000000,6962d5c9c29e6000,3400,3000,00005f80,3,83,0,0,0,42fb8ba018ce380f4000,3000,3400
FPREM1_completed,64,RU,random,36,SINGLE_INSTRUCTION_C2_PARTIAL,73538c0c3447ef9c,69bbc16644e39d84,429696ae4e14f3000000,429696ae4e14f3000000,6962d5c9c29e6000,3400,3000,00005f80,3,83,0,0,0,42fb8ba018ce380f4000,3000,3400
FPREM1_completed,64,RU,random,37,SINGLE_COMPLETE_FINITE_CASE,2fa7c32afc6000ba,6f78d4e5ac78ca42,3efabe1957e30005d000,3efabe1957e30005d000,2fa7c32afc6000ba,3000,3000,00005f80,1,0,0,0,0,3efabe1957e30005d000,3000,3000
FPREM1_completed,64,RU,random,38,X87_MULTISTEP,3d43afc97578251a,a04640200977c35b,3e02e186dfd02dd44000,3e02e186dfd02dd44000,202c30dbfa05ba88,3400,7000,00005f80,8,209,2,2,6,3fa1b62ad18302834000,3000,3400
FPREM1_completed,64,RU,random,38,QUOTIENT_SIGNED_BITS_DIFFER,3d43afc97578251a,a04640200977c35b,3e02e186dfd02dd44000,3e02e186dfd02dd44000,202c30dbfa05ba88,3400,7000,00005f80,8,209,2,2,6,3fa1b62ad18302834000,3000,3400
FPREM1_completed,64,RU,random,38,SINGLE_INSTRUCTION_VALUE_MISMATCH,3d43afc97578251a,a04640200977c35b,3e02e186dfd02dd44000,3e02e186dfd02dd44000,202c30dbfa05ba88,3400,7000,00005f80,8,209,2,2,6,3fa1b62ad18302834000,3000,3400
FPREM1_completed,64,RU,random,38,SINGLE_INSTRUCTION_C2_PARTIAL,3d43afc97578251a,a04640200977c35b,3e02e186dfd02dd44000,3e02e186dfd02dd44000,202c30dbfa05ba88,3400,7000,00005f80,8,209,2,2,6,3fa1b62ad18302834000,3000,3400
FPREM1_completed,64,RU,random,39,X87_MULTISTEP,de5e7ac0be62872d,966524ac718d39c5,bd64f4a6c0bb5953c000,bd64f4a6c0bb5953c000,964e94d8176b2a78,3400,7000,00005f80,21,530,2,2,2,c1a5cb9ac6b91d17c000,3000,3400
FPREM1_completed,64,RU,random,39,MORE_THAN_512_SUBTRACTIONS,de5e7ac0be62872d,966524ac718d39c5,bd64f4a6c0bb5953c000,bd64f4a6c0bb5953c000,964e94d8176b2a78,3400,7000,00005f80,21,530,2,2,2,c1a5cb9ac6b91d17c000,3000,3400
FPREM1_completed,64,RU,random,39,SINGLE_INSTRUCTION_VALUE_MISMATCH,de5e7ac0be62872d,966524ac718d39c5,bd64f4a6c0bb5953c000,bd64f4a6c0bb5953c000,964e94d8176b2a78,3400,7000,00005f80,21,530,2,2,2,c1a5cb9ac6b91d17c000,3000,3400
FPREM1_completed,64,RU,random,39,SINGLE_INSTRUCTION_C2_PARTIAL,de5e7ac0be62872d,966524ac718d39c5,bd64f4a6c0bb5953c000,bd64f4a6c0bb5953c000,964e94d8176b2a78,3400,7000,00005f80,21,530,2,2,2,c1a5cb9ac6b91d17c000,3000,3400
FPREM1_completed,64,RU,random,40,QUOTIENT_SIGNED_BITS_DIFFER,eda549eb3ce9804c,38af62f6b3141d76,bf889a7d3835a621c000,bf889a7d3835a621c000,b8834fa706b4c438,3400,7200,00005f80,18,433,3,3,5,c2aac0b071cba34d2000,3000,3400
FPREM1_completed,64,RU,random,42,QUOTIENT_SIGNED_BITS_DIFFER,7347a7d32d010189,bbdc7d30e2d90d34,3fb98d23799480640000,3fb98d23799480640000,3b91a46f32900c80,3400,7100,00005f80,15,450,6,6,2,42fc9fbd6059542a0000,3000,3400
FPREM1_completed,64,RU,random,49,QUOTIENT_SIGNED_BITS_DIFFER,5c2a8192de56c7a7,af1cce228ec78966,3eeee9d87ca2a2dd0000,3eeee9d87ca2a2dd0000,2eed3b0f94545ba0,3400,7000,00005f80,14,342,2,2,6,418fe6e4d24d849b4000,3000,3400
FPREM1_completed,64,RU,random,50,QUOTIENT_SIGNED_BITS_DIFFER,d4332c5073970392,2a2ce091ab67d52d,3ea0d50b2ee8f4692000,3ea0d50b2ee8f4692000,2a0aa165dd1e8d24,3400,3300,00005f80,14,328,5,5,3,c1228eb28032356a0800,3000,3400
FPREM1_completed,64,RU,random,53,MORE_THAN_512_SUBTRACTIONS,69920c42a30349f2,121d884a542f682a,3d1ec47d5167226b0000,3d1ec47d5167226b0000,11e88faa2ce44d60,3400,7000,00005f80,30,720,2,2,2,425e8220e02d6a9d0000,3000,3400
FPREM1_completed,64,RU,random,56,QUOTIENT_SIGNED_BITS_DIFFER,c4b90a3ed64c2a40,1fe81d7e2ed3fc27,bdfd925b30d6d3c4b000,bdfd925b30d6d3c4b000,9fd24b661ada7896,3400,7200,00005f80,11,284,3,3,5,c018c4c76f8e86c20000,3000,3400
FPREM1_completed,64,RU,random,57,MORE_THAN_512_SUBTRACTIONS,ed507db431407d57,0647f267a6605818,3c60c51ce70d92200000,3c60c51ce70d92200000,0608a39ce1b24400,3400,3000,00005f80,31,853,0,0,0,c2a3e4016d1fd4eb8000,3000,3400
FPREM1_completed,64,RU,random,58,QUOTIENT_SIGNED_BITS_DIFFER,0b4cedfe07d58842,881120faae2ba810,bc7e8e3b072c89cc0000,bc7e8e3b072c89cc0000,87e1c760e5913980,7000,7200,00005f80,1,24,3,3,5,bc7e8e3b072c89cc0000,3000,7200
FPREM1_completed,64,RU,random,74,QUOTIENT_SIGNED_BITS_DIFFER,755e02aa7062ebf6,d55a977a4df97796,4153946a6c7d5f19c000,4153946a6c7d5f19c000,55328d4d8fabe338,3400,7200,00005f80,10,267,3,3,5,4334c0cf178ad3b60000,3000,3400
FPREM1_completed,64,RU,random,78,QUOTIENT_SIGNED_BITS_DIFFER,7a81e0961d310cac,c8a67772091ffa00,c088af5bc3ea0c400000,c088af5bc3ea0c400000,c885eb787d418800,3400,3300,00005f80,15,392,5,5,3,4368ece29c120bc00000,3000,3400
FPREM1_completed,64,RU,random,81,QUOTIENT_SIGNED_BITS_DIFFER,e68d3c006f201df4,1ee887edcd9168d5,bded8ea30b8a5ec5b000,bded8ea30b8a5ec5b000,9ed1d461714bd8b6,3400,3200,00005f80,19,580,1,1,7,c22bf7786d2b29f64000,3000,3400
FPREM1_completed,64,RU,random,81,MORE_THAN_512_SUBTRACTIONS,e68d3c006f201df4,1ee887edcd9168d5,bded8ea30b8a5ec5b000,bded8ea30b8a5ec5b000,9ed1d461714bd8b6,3400,3200,00005f80,19,580,1,1,7,c22bf7786d2b29f64000,3000,3400
FPREM1_completed,64,RU,random,83,QUOTIENT_SIGNED_BITS_DIFFER,3eccab5c4e05dc04,a8b8ed2a40208dea,3e89e0fca07a1c16c000,3e89e0fca07a1c16c000,289c1f940f4382d8,3400,3200,00005f80,7,174,1,1,7,3fcba8096ea7debf4000,3000,3400
FPREM1_completed,64,RU,random,84,QUOTIENT_SIGNED_BITS_DIFFER,f993df8021999846,15a30e386b02b404,3d598d686da30340c000,3d598d686da30340c000,1591ad0db4606818,3400,7200,00005f80,27,791,3,3,5,c356e7264a4b254a0000,3000,3400
FPREM1_completed,64,RU,random,84,MORE_THAN_512_SUBTRACTIONS,f993df8021999846,15a30e386b02b404,3d598d686da30340c000,3d598d686da30340c000,1591ad0db4606818,3400,7200,00005f80,27,791,3,3,5,c356e7264a4b254a0000,3000,3400
FPREM1_completed,64,RU,random,86,MORE_THAN_512_SUBTRACTIONS,d5cf4344b88928f2,09de7fb0fe8aac8b,bc9cef6403e237cc2000,bc9cef6403e237cc2000,89cdec807c46f984,3400,7000,00005f80,27,644,2,2,6,c11ccb5db15201948000,3000,3400
FPREM1_completed,64,RU,random,87,MORE_THAN_512_SUBTRACTIONS,7b5310c9fc212395,8eda03c9c430ce5f,bceba69037ae3d53c000,bceba69037ae3d53c000,8eb4d206f5c7aa78,3400,7000,00005f80,35,862,2,2,6,438dad1847dc972e5000,3000,3400
FPREM1_completed,64,RU,random,92,MORE_THAN_512_SUBTRACTIONS,e3a846a2bfbc4178,80f257439666d7d5,3c0c9c29b1a107d28000,3c0c9c29b1a107d28000,00c385363420fa50,3400,7000,00005f80,27,808,2,2,2,c20ed8bfa47883faa000,3000,3400
FPREM1_completed,64,RU,random,104,MORE_THAN_512_SUBTRACTIONS,56b9818e16a7fd62,89436d87e2292558,3c9389e4299005490000,3c9389e4299005490000,09313c853200a920,3400,7000,00005f80,21,612,2,2,6,4132e621769844f50000,3000,3400
FPREM1_completed,64,RU,random,105,MORE_THAN_512_SUBTRACTIONS,f98f1f2039d4b32c,334ccb14838191dc,bf33b727e9205ee78000,bf33b727e9205ee78000,b336e4fd240bdcf0,3400,7100,00005f80,21,541,6,6,2,c373aa7b214060490000,3000,3400
FPREM1_completed,64,RU,random,113,MORE_THAN_512_SUBTRACTIONS,f30db0b39235c396,ad720371ec7fe712,3ed4ec4b5d43cab40000,3ed4ec4b5d43cab40000,2d4d896ba8795680,3400,3000,00005f80,20,543,0,0,0,c2f780a1106b971c5000,3000,3400
FPREM1_completed,64,RU,random,121,MORE_THAN_512_SUBTRACTIONS,7c0ada0c874938dc,97f0e3e5fa42fb78,3d7d92daf8abd3320000,3d7d92daf8abd3320000,17d25b5f157a6640,3400,7000,00005f80,27,815,2,2,6,439dcaa9d3e967880000,3000,3400
FPREM1_completed,64,RU,random,135,MORE_THAN_512_SUBTRACTIONS,7acec2800ccf3118,3498831721aad9e8,3f489bf2fc73696c0000,3f489bf2fc73696c0000,34837e5f8e6d2d80,3400,3000,00005f80,24,556,0,0,0,4389952eef1c607c4000,3000,3400
FPREM1_completed,64,RU,random,142,MORE_THAN_512_SUBTRACTIONS,7264155fa13b8f59,9c647ced0ca8226b,3dc2bb2947c812938000,3dc2bb2947c812938000,1c276528f9025270,3400,7200,00005f80,23,682,3,3,5,4304bacaa0d979ba8000,3000,3400
FPREM1_completed,64,RU,random,144,MORE_THAN_512_SUBTRACTIONS,ed2dc6396c42b6f8,02c3611c2eadf718,3c298039ee9aeacc0000,3c298039ee9aeacc0000,0290073dd35d5980,3400,7000,00005f80,30,845,2,2,6,c2ac86ddaf9c03cf8000,3000,3400
FPREM1_completed,64,RU,random,156,MORE_THAN_512_SUBTRACTIONS,c55b68e984a6b54d,8255bc36c1074b77,3c23d5d42b476fc36000,3c23d5d42b476fc36000,023aba8568edf86c,3400,3300,00005f80,21,532,5,5,5,c02598ec8c879ad20000,3000,3400
FPREM1_completed,64,RU,random,171,MORE_THAN_512_SUBTRACTIONS,72a584688a7d4f85,b06b0aa08ec0c009,3f058c563cf186254000,3f058c563cf186254000,30518ac79e30c4a8,3400,3100,00005f80,24,550,4,4,4,430287f05a3c364b0000,3000,3400
FPREM1_completed,64,RU,random,177,MORE_THAN_512_SUBTRACTIONS,d50cccc31539402e,895a0c6a0dc516b8,bc93c6afd484dbae0000,bc93c6afd484dbae0000,8938d5fa909b75c0,3400,7100,00005f80,26,625,6,6,6,c114a8d95df86a620000,3000,3400
FPREM1_completed,64,RU,random,1233,EXCEPTION_FLAGS_MISMATCH,800775f8a1f1e801,335231bcb44634b1,bbffeebf143e3d002000,bbffeebf143e3d002000,800775f8a1f1e801,3002,3002,00005f80,1,0,0,0,0,bbffeebf143e3d002000,3002,3002
FPREM1_completed,64,RU,random,2646,INVALID_OR_NONFINITE_INPUT,fffc16448446619e,97c865bf05fa1bc2,ffffe0b22422330cf000,ffffe0b22422330cf000,fffc16448446619e,3000,3000,00005f80,1,0,0,0,0,ffffe0b22422330cf000,3000,3000
FPREM1_completed,64,RU,random,2646,NAN_RESULT,fffc16448446619e,97c865bf05fa1bc2,ffffe0b22422330cf000,ffffe0b22422330cf000,fffc16448446619e,3000,3000,00005f80,1,0,0,0,0,ffffe0b22422330cf000,3000,3000
FPREM1_completed,64,RU,random,2800,INVALID_OR_NONFINITE_INPUT,7ffec4b85b15dcc9,73ae6374d2acbe2d,7ffff625c2d8aee64800,7ffff625c2d8aee64800,7ffec4b85b15dcc9,3000,3000,00005f80,1,0,0,0,0,7ffff625c2d8aee64800,3000,3000
FPREM1_completed,64,RU,random,2800,NAN_RESULT,7ffec4b85b15dcc9,73ae6374d2acbe2d,7ffff625c2d8aee64800,7ffff625c2d8aee64800,7ffec4b85b15dcc9,3000,3000,00005f80,1,0,0,0,0,7ffff625c2d8aee64800,3000,3000
FPREM1_completed,64,RU,random,2804,INVALID_OR_NONFINITE_INPUT,215f1284a38934b3,ffff2b4bee625364,fffff95a5f73129b2000,fffff95a5f73129b2000,ffff2b4bee625364,3000,3000,00005f80,1,0,0,0,0,fffff95a5f73129b2000,3000,3000
FPREM1_completed,64,RU,random,2804,NAN_RESULT,215f1284a38934b3,ffff2b4bee625364,fffff95a5f73129b2000,fffff95a5f73129b2000,ffff2b4bee625364,3000,3000,00005f80,1,0,0,0,0,fffff95a5f73129b2000,3000,3000
FPREM1_completed,64,RU,random,3319,INVALID_OR_NONFINITE_INPUT,8856eee77a72ede6,fff3ef7fd61e7ede,ffffdf7bfeb0f3f6f000,ffffdf7bfeb0f3f6f000,fffbef7fd61e7ede,3001,3001,00005f81,1,0,0,0,0,ffffdf7bfeb0f3f6f000,3001,3001
FPREM1_completed,64,RU,random,3319,NAN_RESULT,8856eee77a72ede6,fff3ef7fd61e7ede,ffffdf7bfeb0f3f6f000,ffffdf7bfeb0f3f6f000,fffbef7fd61e7ede,3001,3001,00005f81,1,0,0,0,0,ffffdf7bfeb0f3f6f000,3001,3001
FPREM1_completed,64,RU,random,4196,EXCEPTION_FLAGS_MISMATCH,00045d7cbad4eff6,19e3a5eafc13fccf,3bff8baf975a9dfec000,3bff8baf975a9dfec000,00045d7cbad4eff6,3002,3002,00005f80,1,0,0,0,0,3bff8baf975a9dfec000,3002,3002
FPREM1_completed,64,RU,random,5293,EXCEPTION_FLAGS_MISMATCH,000042978fcf403b,f113c2471660d47e,3bfb852f1f9e80760000,3bfb852f1f9e80760000,000042978fcf403b,3002,3002,00005f80,1,0,0,0,0,3bfb852f1f9e80760000,3002,3002
FPREM1_completed,64,RU,random,5800,EXCEPTION_FLAGS_MISMATCH,000f2db77710b090,70ffa1f579d5ad51,3c00f2db77710b090000,3c00f2db77710b090000,000f2db77710b090,3002,3002,00005f80,1,0,0,0,0,3c00f2db77710b090000,3002,3002
FPREM1_completed,64,RU,random,7438,INVALID_OR_NONFINITE_INPUT,7ffcaf4d654f0d5d,233fc0de0338e527,7fffe57a6b2a786ae800,7fffe57a6b2a786ae800,7ffcaf4d654f0d5d,3000,3000,00005f80,1,0,0,0,0,7fffe57a6b2a786ae800,3000,3000
FPREM1_completed,64,RU,random,7438,NAN_RESULT,7ffcaf4d654f0d5d,233fc0de0338e527,7fffe57a6b2a786ae800,7fffe57a6b2a786ae800,7ffcaf4d654f0d5d,3000,3000,00005f80,1,0,0,0,0,7fffe57a6b2a786ae800,3000,3000
FPREM1_completed,64,RU,random,7596,INVALID_OR_NONFINITE_INPUT,fffbf8822c40c37e,b07d2bef072da5b4,ffffdfc41162061bf000,ffffdfc41162061bf000,fffbf8822c40c37e,3000,3000,00005f80,1,0,0,0,0,ffffdfc41162061bf000,3000,3000
FPREM1_completed,64,RU,random,7596,NAN_RESULT,fffbf8822c40c37e,b07d2bef072da5b4,ffffdfc41162061bf000,ffffdfc41162061bf000,fffbf8822c40c37e,3000,3000,00005f80,1,0,0,0,0,ffffdfc41162061bf000,3000,3000
FPREM1_completed,64,RU,random,7612,EXCEPTION_FLAGS_MISMATCH,00096c497eed1ace,be99f8ce19a39a1b,3c0096c497eed1ace000,3c0096c497eed1ace000,00096c497eed1ace,3002,3002,00005f80,1,0,0,0,0,3c0096c497eed1ace000,3002,3002
FPREM1_completed,64,RU,random,7722,INVALID_OR_NONFINITE_INPUT,fff7691bbe190e08,7bcab5fa750c61cf,fffffb48ddf0c8704000,fffffb48ddf0c8704000,ffff691bbe190e08,3001,3001,00005f81,1,0,0,0,0,fffffb48ddf0c8704000,3001,3001
FPREM1_completed,64,RU,random,7722,NAN_RESULT,fff7691bbe190e08,7bcab5fa750c61cf,fffffb48ddf0c8704000,fffffb48ddf0c8704000,ffff691bbe190e08,3001,3001,00005f81,1,0,0,0,0,fffffb48ddf0c8704000,3001,3001
FPREM1_completed,64,RU,random,9199,EXCEPTION_FLAGS_MISMATCH,800a9a6921f9b5f3,2d747d032040de41,bc00a9a6921f9b5f3000,bc00a9a6921f9b5f3000,800a9a6921f9b5f3,3002,3002,00005f80,1,0,0,0,0,bc00a9a6921f9b5f3000,3002,3002
FPREM1_completed,64,RU,random,9325,EXCEPTION_FLAGS_MISMATCH,3016045f6aae82c6,801946418bced6bf,bc00c7278092cd6a8000,bc00c7278092cd6a8000,800c7278092cd6a8,3400,3000,00005f82,17,408,0,0,0,3ee0af5a4f3bf22e8000,3000,3400
FPREM1_completed,64,RU,random,10913,INVALID_OR_NONFINITE_INPUT,7fff2484a0f13a1d,6a6fdeea239a6e71,7ffff924250789d0e800,7ffff924250789d0e800,7fff2484a0f13a1d,3000,3000,00005f80,1,0,0,0,0,7ffff924250789d0e800,3000,3000
FPREM1_completed,64,RU,random,10913,NAN_RESULT,7fff2484a0f13a1d,6a6fdeea239a6e71,7ffff924250789d0e800,7ffff924250789d0e800,7fff2484a0f13a1d,3000,3000,00005f80,1,0,0,0,0,7ffff924250789d0e800,3000,3000
FPREM1_completed,64,RU,random,13177,INVALID_OR_NONFINITE_INPUT,fff87e6b054cc1e1,8d42223d01aabd08,ffffc3f3582a660f0800,ffffc3f3582a660f0800,fff87e6b054cc1e1,3000,3000,00005f80,1,0,0,0,0,ffffc3f3582a660f0800,3000,3000
FPREM1_completed,64,RU,random,13177,NAN_RESULT,fff87e6b054cc1e1,8d42223d01aabd08,ffffc3f3582a660f0800,ffffc3f3582a660f0800,fff87e6b054cc1e1,3000,3000,00005f80,1,0,0,0,0,ffffc3f3582a660f0800,3000,3000
FPREM1_completed,64,RU,random,13880,INVALID_OR_NONFINITE_INPUT,ffffe5642b6ad5f8,efcf3776f9f393f5,ffffff2b215b56afc000,ffffff2b215b56afc000,ffffe5642b6ad5f8,3000,3000,00005f80,1,0,0,0,0,ffffff2b215b56afc000,3000,3000
FPREM1_completed,64,RU,random,13880,NAN_RESULT,ffffe5642b6ad5f8,efcf3776f9f393f5,ffffff2b215b56afc000,ffffff2b215b56afc000,ffffe5642b6ad5f8,3000,3000,00005f80,1,0,0,0,0,ffffff2b215b56afc000,3000,3000
FPREM1_completed,64,RU,random,14177,INVALID_OR_NONFINITE_INPUT,1de067fae84e79b5,fffd194d792e3ad1,ffffe8ca6bc971d68800,ffffe8ca6bc971d68800,fffd194d792e3ad1,3000,3000,00005f80,1,0,0,0,0,ffffe8ca6bc971d68800,3000,3000
FPREM1_completed,64,RU,random,14177,NAN_RESULT,1de067fae84e79b5,fffd194d792e3ad1,ffffe8ca6bc971d68800,ffffe8ca6bc971d68800,fffd194d792e3ad1,3000,3000,00005f80,1,0,0,0,0,ffffe8ca6bc971d68800,3000,3000
FPREM1_completed,64,RU,random,15808,EXCEPTION_FLAGS_MISMATCH,00078afd5ab9f181,f2aa15676d841be6,3bfff15fab573e302000,3bfff15fab573e302000,00078afd5ab9f181,3002,3002,00005f80,1,0,0,0,0,3bfff15fab573e302000,3002,3002
FPREM1_completed,64,RU,random,16005,INVALID_OR_NONFINITE_INPUT,fff611d7cae68af6,86e423ac385d97f2,fffff08ebe573457b000,fffff08ebe573457b000,fffe11d7cae68af6,3001,3001,00005f81,1,0,0,0,0,fffff08ebe573457b000,3001,3001
FPREM1_completed,64,RU,random,16005,NAN_RESULT,fff611d7cae68af6,86e423ac385d97f2,fffff08ebe573457b000,fffff08ebe573457b000,fffe11d7cae68af6,3001,3001,00005f81,1,0,0,0,0,fffff08ebe573457b000,3001,3001
FPREM1_completed,64,RU,random,16109,INVALID_OR_NONFINITE_INPUT,fff760d464c22dfd,f722efe6567e5e26,fffffb06a326116fe800,fffffb06a326116fe800,ffff60d464c22dfd,3001,3001,00005f81,1,0,0,0,0,fffffb06a326116fe800,3001,3001
FPREM1_completed,64,RU,random,16109,NAN_RESULT,fff760d464c22dfd,f722efe6567e5e26,fffffb06a326116fe800,fffffb06a326116fe800,ffff60d464c22dfd,3001,3001,00005f81,1,0,0,0,0,fffffb06a326116fe800,3001,3001
FPREM1_completed,64,RU,random,17938,EXCEPTION_FLAGS_MISMATCH,000604a2ddf15aaf,4fac635a1fbf943d,3bffc0945bbe2b55e000,3bffc0945bbe2b55e000,000604a2ddf15aaf,3002,3002,00005f80,1,0,0,0,0,3bffc0945bbe2b55e000,3002,3002
FPREM1_completed,64,RU,random,18050,EXCEPTION_FLAGS_MISMATCH,80012b5411c1220b,2bc6fed9f7152b74,bbfd95aa08e091058000,bbfd95aa08e091058000,80012b5411c1220b,3002,3002,00005f80,1,0,0,0,0,bbfd95aa08e091058000,3002,3002
FPREM1_completed,64,RU,random,18144,INVALID_OR_NONFINITE_INPUT,1a697067a9d4131e,7ff4caf5a31236d0,7fffe657ad1891b68000,7fffe657ad1891b68000,7ffccaf5a31236d0,3001,3001,00005f81,1,0,0,0,0,7fffe657ad1891b68000,3001,3001
FPREM1_completed,64,RU,random,18144,NAN_RESULT,1a697067a9d4131e,7ff4caf5a31236d0,7fffe657ad1891b68000,7fffe657ad1891b68000,7ffccaf5a31236d0,3001,3001,00005f81,1,0,0,0,0,7fffe657ad1891b68000,3001,3001
FPREM1_completed,64,RU,random,18393,EXCEPTION_FLAGS_MISMATCH,800a078ea997ffbd,9024b261222329c4,bc00a078ea997ffbd000,bc00a078ea997ffbd000,800a078ea997ffbd,3002,3002,00005f80,1,0,0,0,0,bc00a078ea997ffbd000,3002,3002
FPREM1_completed,64,RU,random,18494,INVALID_OR_NONFINITE_INPUT,8b3795aeea5a51e9,fff42510e432a4b0,ffffe128872195258000,ffffe128872195258000,fffc2510e432a4b0,3001,3001,00005f81,1,0,0,0,0,ffffe128872195258000,3001,3001
FPREM1_completed,64,RU,random,18494,NAN_RESULT,8b3795aeea5a51e9,fff42510e432a4b0,ffffe128872195258000,ffffe128872195258000,fffc2510e432a4b0,3001,3001,00005f81,1,0,0,0,0,ffffe128872195258000,3001,3001
FPREM1_completed,64,RU,random,18855,EXCEPTION_FLAGS_MISMATCH,0009c2ad8c5ab954,e9b24df58db0b1de,3c009c2ad8c5ab954000,3c009c2ad8c5ab954000,0009c2ad8c5ab954,3002,3002,00005f80,1,0,0,0,0,3c009c2ad8c5ab954000,3002,3002
FPREM1_completed,64,RU,random,19752,EXCEPTION_FLAGS_MISMATCH,30b3a3571edeec86,8011078b8429463d,bbfeb0fc0faf33098000,bbfeb0fc0faf33098000,8002c3f03ebccc26,3400,7100,00005f82,13,416,6,6,2,3ededc1d46cc3fb2c000,3000,3400
FPREM1_completed,64,RU,random,19982,INVALID_OR_NONFINITE_INPUT,7ff1ef37dbd61011,ed987e4fb1101e19,7fffcf79bedeb0808800,7fffcf79bedeb0808800,7ff9ef37dbd61011,3001,3001,00005f81,1,0,0,0,0,7fffcf79bedeb0808800,3001,3001
FPREM1_completed,64,RU,random,19982,NAN_RESULT,7ff1ef37dbd61011,ed987e4fb1101e19,7fffcf79bedeb0808800,7fffcf79bedeb0808800,7ff9ef37dbd61011,3001,3001,00005f81,1,0,0,0,0,7fffcf79bedeb0808800,3001,3001
FPREM1_completed,64,RU,random,19989,INVALID_OR_NONFINITE_INPUT,6a9d1ec93aecc6ab,fffce7ea399b451a,ffffe73f51ccda28d000,ffffe73f51ccda28d000,fffce7ea399b451a,3000,3000,00005f80,1,0,0,0,0,ffffe73f51ccda28d000,3000,3000
FPREM1_completed,64,RU,random,19989,NAN_RESULT,6a9d1ec93aecc6ab,fffce7ea399b451a,ffffe73f51ccda28d000,ffffe73f51ccda28d000,fffce7ea399b451a,3000,3000,00005f80,1,0,0,0,0,ffffe73f51ccda28d000,3000,3000
FPREM1_completed,64,RU,random,21129,INVALID_OR_NONFINITE_INPUT,1bd16e2aeeb69c1c,fffd80dcf474289d,ffffec06e7a3a144e800,ffffec06e7a3a144e800,fffd80dcf474289d,3000,3000,00005f80,1,0,0,0,0,ffffec06e7a3a144e800,3000,3000
FPREM1_completed,64,RU,random,21129,NAN_RESULT,1bd16e2aeeb69c1c,fffd80dcf474289d,ffffec06e7a3a144e800,ffffec06e7a3a144e800,fffd80dcf474289d,3000,3000,00005f80,1,0,0,0,0,ffffec06e7a3a144e800,3000,3000
FPREM1_completed,64,RU,random,21308,EXCEPTION_FLAGS_MISMATCH,80054af5ac397823,0921b43449e9917b,bbffa95eb5872f046000,bbffa95eb5872f046000,80054af5ac397823,3002,3002,00005f80,1,0,0,0,0,bbffa95eb5872f046000,3002,3002
FPREM1_completed,64,RU,random,21840,INVALID_OR_NONFINITE_INPUT,7ff452155f935d94,1c775d75320a205c,7fffe290aafc9aeca000,7fffe290aafc9aeca000,7ffc52155f935d94,3001,3001,00005f81,1,0,0,0,0,7fffe290aafc9aeca000,3001,3001
FPREM1_completed,64,RU,random,21840,NAN_RESULT,7ff452155f935d94,1c775d75320a205c,7fffe290aafc9aeca000,7fffe290aafc9aeca000,7ffc52155f935d94,3001,3001,00005f81,1,0,0,0,0,7fffe290aafc9aeca000,3001,3001
FPREM1_completed,64,RU,random,22001,INVALID_OR_NONFINITE_INPUT,f51f71d5f317fef7,fff038e0bc7f2023,ffffc1c705e3f9011800,ffffc1c705e3f9011800,fff838e0bc7f2023,3001,3001,00005f81,1,0,0,0,0,ffffc1c705e3f9011800,3001,3001
FPREM1_completed,64,RU,random,22001,NAN_RESULT,f51f71d5f317fef7,fff038e0bc7f2023,ffffc1c705e3f9011800,ffffc1c705e3f9011800,fff838e0bc7f2023,3001,3001,00005f81,1,0,0,0,0,ffffc1c705e3f9011800,3001,3001
FPREM1_completed,64,RU,random,24432,EXCEPTION_FLAGS_MISMATCH,0000524bff113f57,816da281ea85a7a5,3bfba497fe227eae0000,3bfba497fe227eae0000,0000524bff113f57,3002,3002,00005f80,1,0,0,0,0,3bfba497fe227eae0000,3002,3002
FPREM1_completed,64,RU,random,25096,EXCEPTION_FLAGS_MISMATCH,80090e781b9805f4,29de74e64bc6bc23,bc0090e781b9805f4000,bc0090e781b9805f4000,80090e781b9805f4,3002,3002,00005f80,1,0,0,0,0,bc0090e781b9805f4000,3002,3002
FPREM1_completed,64,RU,random,29586,EXCEPTION_FLAGS_MISMATCH,000dad250093a9db,2b750a83e2704927,3c00dad250093a9db000,3c00dad250093a9db000,000dad250093a9db,3002,3002,00005f80,1,0,0,0,0,3c00dad250093a9db000,3002,3002
FPREM1_completed,64,RU,random,30173,EXCEPTION_FLAGS_MISMATCH,af543502506f16fe,801065bcb00bd904,3bffbbf2455b429a8000,3bffbbf2455b429a8000,0005df922ada14d4,3400,3300,00005f82,13,392,5,5,5,bebdf1fc46fdee820000,3000,3400
FPREM1_completed,64,RU,random,31461,EXCEPTION_FLAGS_MISMATCH,0004db3d8e9a43b0,d79c4aafc37e3e3d,3bff9b67b1d348760000,3bff9b67b1d348760000,0004db3d8e9a43b0,3002,3002,00005f80,1,0,0,0,0,3bff9b67b1d348760000,3002,3002
FPREM1_completed,64,RU,random,33301,EXCEPTION_FLAGS_MISMATCH,800a11860291f5bc,de153ca097c5d5c7,bc00a11860291f5bc000,bc00a11860291f5bc000,800a11860291f5bc,3002,3002,00005f80,1,0,0,0,0,bc00a11860291f5bc000,3002,3002
FPREM1_completed,64,RU,edge,341,VALUE_MISMATCH,7ff8000000000011,fff0000000000222,ffffc000000000111000,7fffc000000000008800,7ff8000000000011,3001,3001,00005f81,1,0,0,0,0,ffffc000000000111000,3001,3001
FPREM1_completed,64,RZ,random,0,ALL,39005d1b59f41037,aa0bb42747841268,be9eda9504ec9b100000,be9eda9504ec9b100000,a9eb52a09d936200,3400,3000,00007f80,5,120,0,0,0,3f5dc0201f66984c0000,3000,3400
FPREM1_completed,64,RZ,random,0,X87_MULTISTEP,39005d1b59f41037,aa0bb42747841268,be9eda9504ec9b100000,be9eda9504ec9b100000,a9eb52a09d936200,3400,3000,00007f80,5,120,0,0,0,3f5dc0201f66984c0000,3000,3400
FPREM1_completed,64,RZ,random,0,SINGLE_INSTRUCTION_VALUE_MISMATCH,39005d1b59f41037,aa0bb42747841268,be9eda9504ec9b100000,be9eda9504ec9b100000,a9eb52a09d936200,3400,3000,00007f80,5,120,0,0,0,3f5dc0201f66984c0000,3000,3400
FPREM1_completed,64,RZ,random,0,SINGLE_INSTRUCTION_C2_PARTIAL,39005d1b59f41037,aa0bb42747841268,be9eda9504ec9b100000,be9eda9504ec9b100000,a9eb52a09d936200,3400,3000,00007f80,5,120,0,0,0,3f5dc0201f66984c0000,3000,3400
FPREM1_completed,64,RZ,random,1,ALL,a79dae131b3431aa,c97db72336427b70,be79ed7098d9a18d5000,be79ed7098d9a18d5000,a79dae131b3431aa,3000,3000,00007f80,1,0,0,0,0,be79ed7098d9a18d5000,3000,3000
FPREM1_completed,64,RZ,random,1,SINGLE_COMPLETE_FINITE_CASE,a79dae131b3431aa,c97db72336427b70,be79ed7098d9a18d5000,be79ed7098d9a18d5000,a79dae131b3431aa,3000,3000,00007f80,1,0,0,0,0,be79ed7098d9a18d5000,3000,3000
FPREM1_completed,64,RZ,random,2,ALL,38b1b1cf247332e7,2c69a8de7d10e6c2,3ec4ebb15b13f19a0000,3ec4ebb15b13f19a0000,2c4d762b627e3340,3400,3000,00007f80,4,90,0,0,0,3f65e65f0fd8474c8000,3000,3400
FPREM1_completed,64,RZ,random,2,X87_MULTISTEP,38b1b1cf247332e7,2c69a8de7d10e6c2,3ec4ebb15b13f19a0000,3ec4ebb15b13f19a0000,2c4d762b627e3340,3400,3000,00007f80,4,90,0,0,0,3f65e65f0fd8474c8000,3000,3400
FPREM1_completed,64,RZ,random,2,SINGLE_INSTRUCTION_VALUE_MISMATCH,38b1b1cf247332e7,2c69a8de7d10e6c2,3ec4ebb15b13f19a0000,3ec4ebb15b13f19a0000,2c4d762b627e3340,3400,3000,00007f80,4,90,0,0,0,3f65e65f0fd8474c8000,3000,3400
FPREM1_completed,64,RZ,random,2,SINGLE_INSTRUCTION_C2_PARTIAL,38b1b1cf247332e7,2c69a8de7d10e6c2,3ec4ebb15b13f19a0000,3ec4ebb15b13f19a0000,2c4d762b627e3340,3400,3000,00007f80,4,90,0,0,0,3f65e65f0fd8474c8000,3000,3400
FPREM1_completed,64,RZ,random,3,ALL,0159a802c6b0e40b,fde8f2dd6b4079e3,3c15cd40163587205800,3c15cd40163587205800,0159a802c6b0e40b,3000,3000,00007f80,1,0,0,0,0,3c15cd40163587205800,3000,3000
FPREM1_completed,64,RZ,random,3,SINGLE_COMPLETE_FINITE_CASE,0159a802c6b0e40b,fde8f2dd6b4079e3,3c15cd40163587205800,3c15cd40163587205800,0159a802c6b0e40b,3000,3000,00007f80,1,0,0,0,0,3c15cd40163587205800,3000,3000
FPREM1_completed,64,RZ,random,4,ALL,6eafb6c51d88b719,b33bcb6f9ffd8324,bf2de8fe0580bed00000,bf2de8fe0580bed00000,b2dd1fc0b017da00,3400,7000,00007f80,17,446,2,2,6,42b2c8875468a91ec000,3000,3400
FPREM1_completed,64,RZ,random,4,X87_MULTISTEP,6eafb6c51d88b719,b33bcb6f9ffd8324,bf2de8fe0580bed00000,bf2de8fe0580bed00000,b2dd1fc0b017da00,3400,7000,00007f80,17,446,2,2,6,42b2c8875468a91ec000,3000,3400
FPREM1_completed,64,RZ,random,4,QUOTIENT_SIGNED_BITS_DIFFER,6eafb6c51d88b719,b33bcb6f9ffd8324,bf2de8fe0580bed00000,bf2de8fe0580bed00000,b2dd1fc0b017da00,3400,7000,00007f80,17,446,2,2,6,42b2c8875468a91ec000,3000,3400
FPREM1_completed,64,RZ,random,4,SINGLE_INSTRUCTION_VALUE_MISMATCH,6eafb6c51d88b719,b33bcb6f9ffd8324,bf2de8fe0580bed00000,bf2de8fe0580bed00000,b2dd1fc0b017da00,3400,7000,00007f80,17,446,2,2,6,42b2c8875468a91ec000,3000,3400
FPREM1_completed,64,RZ,random,4,SINGLE_INSTRUCTION_C2_PARTIAL,6eafb6c51d88b719,b33bcb6f9ffd8324,bf2de8fe0580bed00000,bf2de8fe0580bed00000,b2dd1fc0b017da00,3400,7000,00007f80,17,446,2,2,6,42b2c8875468a91ec000,3000,3400
FPREM1_completed,64,RZ,random,5,ALL,039d85f35503e50f,6bf5f004e65a440b,3c39ec2f9aa81f287800,3c39ec2f9aa81f287800,039d85f35503e50f,3000,3000,00007f80,1,0,0,0,0,3c39ec2f9aa81f287800,3000,3000
FPREM1_completed,64,RZ,random,5,SINGLE_COMPLETE_FINITE_CASE,039d85f35503e50f,6bf5f004e65a440b,3c39ec2f9aa81f287800,3c39ec2f9aa81f287800,039d85f35503e50f,3000,3000,00007f80,1,0,0,0,0,3c39ec2f9aa81f287800,3000,3000
FPREM1_completed,64,RZ,random,6,ALL,3f622dade3a7b6be,bac9d0d4304c687b,bfabc6134ca4513ff000,bfabc6134ca4513ff000,bab8c269948a27fe,3400,3300,00007f80,2,35,5,5,3,3fc68cbaee446fa20000,3000,3400
FPREM1_completed,64,RZ,random,6,X87_MULTISTEP,3f622dade3a7b6be,bac9d0d4304c687b,bfabc6134ca4513ff000,bfabc6134ca4513ff000,bab8c269948a27fe,3400,3300,00007f80,2,35,5,5,3,3fc68cbaee446fa20000,3000,3400
FPREM1_completed,64,RZ,random,6,QUOTIENT_SIGNED_BITS_DIFFER,3f622dade3a7b6be,bac9d0d4304c687b,bfabc6134ca4513ff000,bfabc6134ca4513ff000,bab8c269948a27fe,3400,3300,00007f80,2,35,5,5,3,3fc68cbaee446fa20000,3000,3400
FPREM1_completed,64,RZ,random,6,SINGLE_INSTRUCTION_VALUE_MISMATCH,3f622dade3a7b6be,bac9d0d4304c687b,bfabc6134ca4513ff000,bfabc6134ca4513ff000,bab8c269948a27fe,3400,3300,00007f80,2,35,5,5,3,3fc68cbaee446fa20000,3000,3400
FPREM1_completed,64,RZ,random,6,SINGLE_INSTRUCTION_C2_PARTIAL,3f622dade3a7b6be,bac9d0d4304c687b,bfabc6134ca4513ff000,bfabc6134ca4513ff000,bab8c269948a27fe,3400,3300,00007f80,2,35,5,5,3,3fc68cbaee446fa20000,3000,3400
FPREM1_completed,64,RZ,random,7,ALL,1be3526f041fd13f,8f013dda7d97cc0b,3cec83c7ce222eb88000,3cec83c7ce222eb88000,0ec078f9c445d710,3400,3300,00007f80,4,83,5,5,3,3d8f99911c0774abc000,3000,3400
FPREM1_completed,64,RZ,random,7,X87_MULTISTEP,1be3526f041fd13f,8f013dda7d97cc0b,3cec83c7ce222eb88000,3cec83c7ce222eb88000,0ec078f9c445d710,3400,3300,00007f80,4,83,5,5,3,3d8f99911c0774abc000,3000,3400
FPREM1_completed,64,RZ,random,7,QUOTIENT_SIGNED_BITS_DIFFER,1be3526f041fd13f,8f013dda7d97cc0b,3cec83c7ce222eb88000,3cec83c7ce222eb88000,0ec078f9c445d710,3400,3300,00007f80,4,83,5,5,3,3d8f99911c0774abc000,3000,3400
FPREM1_completed,64,RZ,random,7,SINGLE_INSTRUCTION_VALUE_MISMATCH,1be3526f041fd13f,8f013dda7d97cc0b,3cec83c7ce222eb88000,3cec83c7ce222eb88000,0ec078f9c445d710,3400,3300,00007f80,4,83,5,5,3,3d8f99911c0774abc000,3000,3400
FPREM1_completed,64,RZ,random,7,SINGLE_INSTRUCTION_C2_PARTIAL,1be3526f041fd13f,8f013dda7d97cc0b,3cec83c7ce222eb88000,3cec83c7ce222eb88000,0ec078f9c445d710,3400,3300,00007f80,4,83,5,5,3,3d8f99911c0774abc000,3000,3400
FPREM1_completed,64,RZ,random,8,ALL,c44d0a1ea70b20ff,0eeac7548da1932d,3ceb8e30913f18288000,3ceb8e30913f18288000,0eb1c61227e30510,3400,7000,00007f80,16,424,2,2,6,c008b16b8d55709c0000,3000,3400
FPREM1_completed,64,RZ,random,8,X87_MULTISTEP,c44d0a1ea70b20ff,0eeac7548da1932d,3ceb8e30913f18288000,3ceb8e30913f18288000,0eb1c61227e30510,3400,7000,00007f80,16,424,2,2,6,c008b16b8d55709c0000,3000,3400
FPREM1_completed,64,RZ,random,8,QUOTIENT_SIGNED_BITS_DIFFER,c44d0a1ea70b20ff,0eeac7548da1932d,3ceb8e30913f18288000,3ceb8e30913f18288000,0eb1c61227e30510,3400,7000,00007f80,16,424,2,2,6,c008b16b8d55709c0000,3000,3400
FPREM1_completed,64,RZ,random,8,SINGLE_INSTRUCTION_VALUE_MISMATCH,c44d0a1ea70b20ff,0eeac7548da1932d,3ceb8e30913f18288000,3ceb8e30913f18288000,0eb1c61227e30510,3400,7000,00007f80,16,424,2,2,6,c008b16b8d55709c0000,3000,3400
FPREM1_completed,64,RZ,random,8,SINGLE_INSTRUCTION_C2_PARTIAL,c44d0a1ea70b20ff,0eeac7548da1932d,3ceb8e30913f18288000,3ceb8e30913f18288000,0eb1c61227e30510,3400,7000,00007f80,16,424,2,2,6,c008b16b8d55709c0000,3000,3400
FPREM1_completed,64,RZ,random,9,ALL,14c615a007ecca11,e2509355b1112f51,3d4cb0ad003f66508800,3d4cb0ad003f66508800,14c615a007ecca11,3000,3000,00007f80,1,0,0,0,0,3d4cb0ad003f66508800,3000,3000
FPREM1_completed,64,RZ,random,9,SINGLE_COMPLETE_FINITE_CASE,14c615a007ecca11,e2509355b1112f51,3d4cb0ad003f66508800,3d4cb0ad003f66508800,14c615a007ecca11,3000,3000,00007f80,1,0,0,0,0,3d4cb0ad003f66508800,3000,3000
FPREM1_completed,64,RZ,random,10,ALL,e17a9da691069bad,bf7616c50e54a52d,3ff6af32e152c081e000,3ff6af32e152c081e000,3f65e65c2a58103c,3400,7100,00007f80,10,266,6,6,6,c1f3b2a68b0280980000,3000,3400
FPREM1_completed,64,RZ,random,10,X87_MULTISTEP,e17a9da691069bad,bf7616c50e54a52d,3ff6af32e152c081e000,3ff6af32e152c081e000,3f65e65c2a58103c,3400,7100,00007f80,10,266,6,6,6,c1f3b2a68b0280980000,3000,3400
FPREM1_completed,64,RZ,random,10,SINGLE_INSTRUCTION_VALUE_MISMATCH,e17a9da691069bad,bf7616c50e54a52d,3ff6af32e152c081e000,3ff6af32e152c081e000,3f65e65c2a58103c,3400,7100,00007f80,10,266,6,6,6,c1f3b2a68b0280980000,3000,3400
FPREM1_completed,64,RZ,random,10,SINGLE_INSTRUCTION_C2_PARTIAL,e17a9da691069bad,bf7616c50e54a52d,3ff6af32e152c081e000,3ff6af32e152c081e000,3f65e65c2a58103c,3400,7100,00007f80,10,266,6,6,6,c1f3b2a68b0280980000,3000,3400
FPREM1_completed,64,RZ,random,11,ALL,4a4e1234b1a55a7f,29841a150e25814e,3e95abc4469a67fc0000,3e95abc4469a67fc0000,29557888d34cff80,3400,3000,00007f80,9,289,0,0,0,4075d17ea87146938000,3000,3400
FPREM1_completed,64,RZ,random,11,X87_MULTISTEP,4a4e1234b1a55a7f,29841a150e25814e,3e95abc4469a67fc0000,3e95abc4469a67fc0000,29557888d34cff80,3400,3000,00007f80,9,289,0,0,0,4075d17ea87146938000,3000,3400
FPREM1_completed,64,RZ,random,11,SINGLE_INSTRUCTION_VALUE_MISMATCH,4a4e1234b1a55a7f,29841a150e25814e,3e95abc4469a67fc0000,3e95abc4469a67fc0000,29557888d34cff80,3400,3000,00007f80,9,289,0,0,0,4075d17ea87146938000,3000,3400
FPREM1_completed,64,RZ,random,11,SINGLE_INSTRUCTION_C2_PARTIAL,4a4e1234b1a55a7f,29841a150e25814e,3e95abc4469a67fc0000,3e95abc4469a67fc0000,29557888d34cff80,3400,3000,00007f80,9,289,0,0,0,4075d17ea87146938000,3000,3400
FPREM1_completed,64,RZ,random,12,ALL,6594f41e49bee1a0,3bf5817dfb70df6d,bfbdd3bf680461b9c000,bfbdd3bf680461b9c000,bbda77ed008c3738,3400,7100,00007f80,12,321,6,6,6,421e9b54c40c8e563000,3000,3400
FPREM1_completed,64,RZ,random,12,X87_MULTISTEP,6594f41e49bee1a0,3bf5817dfb70df6d,bfbdd3bf680461b9c000,bfbdd3bf680461b9c000,bbda77ed008c3738,3400,7100,00007f80,12,321,6,6,6,421e9b54c40c8e563000,3000,3400
FPREM1_completed,64,RZ,random,12,SINGLE_INSTRUCTION_VALUE_MISMATCH,6594f41e49bee1a0,3bf5817dfb70df6d,bfbdd3bf680461b9c000,bfbdd3bf680461b9c000,bbda77ed008c3738,3400,7100,00007f80,12,321,6,6,6,421e9b54c40c8e563000,3000,3400
FPREM1_completed,64,RZ,random,12,SINGLE_INSTRUCTION_C2_PARTIAL,6594f41e49bee1a0,3bf5817dfb70df6d,bfbdd3bf680461b9c000,bfbdd3bf680461b9c000,bbda77ed008c3738,3400,7100,00007f80,12,321,6,6,6,421e9b54c40c8e563000,3000,3400
FPREM1_completed,64,RZ,random,13,ALL,c1132a8b237f2b9d,594d73404f44c27e,c0119954591bf95ce800,c0119954591bf95ce800,c1132a8b237f2b9d,3000,3000,00007f80,1,0,0,0,0,c0119954591bf95ce800,3000,3000
FPREM1_completed,64,RZ,random,13,SINGLE_COMPLETE_FINITE_CASE,c1132a8b237f2b9d,594d73404f44c27e,c0119954591bf95ce800,c0119954591bf95ce800,c1132a8b237f2b9d,3000,3000,00007f80,1,0,0,0,0,c0119954591bf95ce800,3000,3000
FPREM1_completed,64,RZ,random,14,ALL,b7683dfbd1805aff,bf598884c49fca9b,bf76c1efde8c02d7f800,bf76c1efde8c02d7f800,b7683dfbd1805aff,3000,3000,00007f80,1,0,0,0,0,bf76c1efde8c02d7f800,3000,3000
FPREM1_completed,64,RZ,random,14,SINGLE_COMPLETE_FINITE_CASE,b7683dfbd1805aff,bf598884c49fca9b,bf76c1efde8c02d7f800,bf76c1efde8c02d7f800,b7683dfbd1805aff,3000,3000,00007f80,1,0,0,0,0,bf76c1efde8c02d7f800,3000,3000
FPREM1_completed,64,RZ,random,15,ALL,6f490969190f62c4,ae1215eb462405c7,beddf21db25c55170000,beddf21db25c55170000,adde43b64b8aa2e0,3400,7000,00007f80,17,494,2,2,6,42bddc90617d46440000,3000,3400
FPREM1_completed,64,RZ,random,15,X87_MULTISTEP,6f490969190f62c4,ae1215eb462405c7,beddf21db25c55170000,beddf21db25c55170000,adde43b64b8aa2e0,3400,7000,00007f80,17,494,2,2,6,42bddc90617d46440000,3000,3400
FPREM1_completed,64,RZ,random,15,QUOTIENT_SIGNED_BITS_DIFFER,6f490969190f62c4,ae1215eb462405c7,beddf21db25c55170000,beddf21db25c55170000,adde43b64b8aa2e0,3400,7000,00007f80,17,494,2,2,6,42bddc90617d46440000,3000,3400
FPREM1_completed,64,RZ,random,15,SINGLE_INSTRUCTION_VALUE_MISMATCH,6f490969190f62c4,ae1215eb462405c7,beddf21db25c55170000,beddf21db25c55170000,adde43b64b8aa2e0,3400,7000,00007f80,17,494,2,2,6,42bddc90617d46440000,3000,3400
FPREM1_completed,64,RZ,random,15,SINGLE_INSTRUCTION_C2_PARTIAL,6f490969190f62c4,ae1215eb462405c7,beddf21db25c55170000,beddf21db25c55170000,adde43b64b8aa2e0,3400,7000,00007f80,17,494,2,2,6,42bddc90617d46440000,3000,3400
FPREM1_completed,64,RZ,random,16,ALL,8da36025d28a21d8,33ed6497a86d8353,bcda9b012e94510ec000,bcda9b012e94510ec000,8da36025d28a21d8,3000,3000,00007f80,1,0,0,0,0,bcda9b012e94510ec000,3000,3000
FPREM1_completed,64,RZ,random,16,SINGLE_COMPLETE_FINITE_CASE,8da36025d28a21d8,33ed6497a86d8353,bcda9b012e94510ec000,bcda9b012e94510ec000,8da36025d28a21d8,3000,3000,00007f80,1,0,0,0,0,bcda9b012e94510ec000,3000,3000
FPREM1_completed,64,RZ,random,17,ALL,b77e8b7c1bae6945,ce13f0f8f189085d,bf77f45be0dd734a2800,bf77f45be0dd734a2800,b77e8b7c1bae6945,3000,3000,00007f80,1,0,0,0,0,bf77f45be0dd734a2800,3000,3000
FPREM1_completed,64,RZ,random,17,SINGLE_COMPLETE_FINITE_CASE,b77e8b7c1bae6945,ce13f0f8f189085d,bf77f45be0dd734a2800,bf77f45be0dd734a2800,b77e8b7c1bae6945,3000,3000,00007f80,1,0,0,0,0,bf77f45be0dd734a2800,3000,3000
FPREM1_completed,64,RZ,random,18,ALL,1e56657267a4546d,63b83902f22bfcd7,3de5b32b933d22a36800,3de5b32b933d22a36800,1e56657267a4546d,3000,3000,00007f80,1,0,0,0,0,3de5b32b933d22a36800,3000,3000
FPREM1_completed,64,RZ,random,18,SINGLE_COMPLETE_FINITE_CASE,1e56657267a4546d,63b83902f22bfcd7,3de5b32b933d22a36800,3de5b32b933d22a36800,1e56657267a4546d,3000,3000,00007f80,1,0,0,0,0,3de5b32b933d22a36800,3000,3000
FPREM1_completed,64,RZ,random,19,ALL,520a608fd94c71bc,1a0745443aa528a2,bd9de6901672030b0000,bd9de6901672030b0000,99dcd202ce406160,3400,7100,00007f80,18,451,6,6,6,4100afcb0604c208c000,3000,3400
FPREM1_completed,64,RZ,random,19,X87_MULTISTEP,520a608fd94c71bc,1a0745443aa528a2,bd9de6901672030b0000,bd9de6901672030b0000,99dcd202ce406160,3400,7100,00007f80,18,451,6,6,6,4100afcb0604c208c000,3000,3400
FPREM1_completed,64,RZ,random,19,SINGLE_INSTRUCTION_VALUE_MISMATCH,520a608fd94c71bc,1a0745443aa528a2,bd9de6901672030b0000,bd9de6901672030b0000,99dcd202ce406160,3400,7100,00007f80,18,451,6,6,6,4100afcb0604c208c000,3000,3400
FPREM1_completed,64,RZ,random,19,SINGLE_INSTRUCTION_C2_PARTIAL,520a608fd94c71bc,1a0745443aa528a2,bd9de6901672030b0000,bd9de6901672030b0000,99dcd202ce406160,3400,7100,00007f80,18,451,6,6,6,4100afcb0604c208c000,3000,3400
FPREM1_completed,64,RZ,random,20,X87_MULTISTEP,e11dd77714b3258b,2594be96d5414b93,be58a3ced03246e70000,be58a3ced03246e70000,a58479da0648dce0,3400,3000,00007f80,16,468,0,0,0,c1d689da8af23e7a8000,3000,3400
FPREM1_completed,64,RZ,random,20,SINGLE_INSTRUCTION_VALUE_MISMATCH,e11dd77714b3258b,2594be96d5414b93,be58a3ced03246e70000,be58a3ced03246e70000,a58479da0648dce0,3400,3000,00007f80,16,468,0,0,0,c1d689da8af23e7a8000,3000,3400
FPREM1_completed,64,RZ,random,20,SINGLE_INSTRUCTION_C2_PARTIAL,e11dd77714b3258b,2594be96d5414b93,be58a3ced03246e70000,be58a3ced03246e70000,a58479da0648dce0,3400,3000,00007f80,16,468,0,0,0,c1d689da8af23e7a8000,3000,3400
FPREM1_completed,64,RZ,random,21,SINGLE_COMPLETE_FINITE_CASE,b452c0bf0200d818,6b0151688251e8ff,bf459605f81006c0c000,bf459605f81006c0c000,b452c0bf0200d818,3000,3000,00007f80,1,0,0,0,0,bf459605f81006c0c000,3000,3000
FPREM1_completed,64,RZ,random,22,QUOTIENT_SIGNED_BITS_DIFFER,a04b39e9068ce4c8,1eb552ddc4042814,3de7871c7aea26740000,3de7871c7aea26740000,1e70e38f5d44ce80,7000,7000,00007f80,1,14,2,2,6,3de7871c7aea26740000,3000,7000
FPREM1_completed,64,RZ,random,22,SINGLE_COMPLETE_FINITE_CASE,a04b39e9068ce4c8,1eb552ddc4042814,3de7871c7aea26740000,3de7871c7aea26740000,1e70e38f5d44ce80,7000,7000,00007f80,1,14,2,2,6,3de7871c7aea26740000,3000,7000
FPREM1_completed,64,RZ,random,23,SINGLE_COMPLETE_FINITE_CASE,af4da42f6014ff40,b29387e0e24fc445,bef4ed217b00a7fa0000,bef4ed217b00a7fa0000,af4da42f6014ff40,3000,3000,00007f80,1,0,0,0,0,bef4ed217b00a7fa0000,3000,3000
FPREM1_completed,64,RZ,random,24,X87_MULTISTEP,d4114ba021dfe810,3c9d3fbdef8f3ad4,bfc899b8aef443cc0000,bfc899b8aef443cc0000,bc833715de887980,3400,3000,00007f80,7,185,0,0,0,c105ea7fac552c3a0000,3000,3400
FPREM1_completed,64,RZ,random,24,SINGLE_INSTRUCTION_VALUE_MISMATCH,d4114ba021dfe810,3c9d3fbdef8f3ad4,bfc899b8aef443cc0000,bfc899b8aef443cc0000,bc833715de887980,3400,3000,00007f80,7,185,0,0,0,c105ea7fac552c3a0000,3000,3400
FPREM1_completed,64,RZ,random,24,SINGLE_INSTRUCTION_C2_PARTIAL,d4114ba021dfe810,3c9d3fbdef8f3ad4,bfc899b8aef443cc0000,bfc899b8aef443cc0000,bc833715de887980,3400,3000,00007f80,7,185,0,0,0,c105ea7fac552c3a0000,3000,3400
FPREM1_completed,64,RZ,random,25,SINGLE_COMPLETE_FINITE_CASE,69ef6e510d168232,717a855f449728e5,429efb728868b4119000,429efb728868b4119000,69ef6e510d168232,3000,3000,00007f80,1,0,0,0,0,429efb728868b4119000,3000,3000
FPREM1_completed,64,RZ,random,26,SINGLE_COMPLETE_FINITE_CASE,d6883f0417967388,e66311ff39fee26c,c168c1f820bcb39c4000,c168c1f820bcb39c4000,d6883f0417967388,3000,3000,00007f80,1,0,0,0,0,c168c1f820bcb39c4000,3000,3000
FPREM1_completed,64,RZ,random,27,SINGLE_COMPLETE_FINITE_CASE,4fa14b561f8c01bf,f471624ef4a20fbf,40fa8a5ab0fc600df800,40fa8a5ab0fc600df800,4fa14b561f8c01bf,3000,3000,00007f80,1,0,0,0,0,40fa8a5ab0fc600df800,3000,3000
FPREM1_completed,64,RZ,random,28,SINGLE_COMPLETE_FINITE_CASE,9d1803c5770d693a,239d03d2d46d3116,bdd1c01e2bb86b49d000,bdd1c01e2bb86b49d000,9d1803c5770d693a,3000,3000,00007f80,1,0,0,0,0,bdd1c01e2bb86b49d000,3000,3000
FPREM1_completed,64,RZ,random,29,X87_MULTISTEP,7f2c60a814b272c4,e633a951c7718da0,4262993de6ed86800000,4262993de6ed86800000,662327bcddb0d000,3400,3000,00007f80,7,214,0,0,0,43c0ea05ff1215200000,3000,3400
FPREM1_completed,64,RZ,random,29,SINGLE_INSTRUCTION_VALUE_MISMATCH,7f2c60a814b272c4,e633a951c7718da0,4262993de6ed86800000,4262993de6ed86800000,662327bcddb0d000,3400,3000,00007f80,7,214,0,0,0,43c0ea05ff1215200000,3000,3400
FPREM1_completed,64,RZ,random,29,SINGLE_INSTRUCTION_C2_PARTIAL,7f2c60a814b272c4,e633a951c7718da0,4262993de6ed86800000,4262993de6ed86800000,662327bcddb0d000,3400,3000,00007f80,7,214,0,0,0,43c0ea05ff1215200000,3000,3400
FPREM1_completed,64,RZ,random,30,SINGLE_COMPLETE_FINITE_CASE,9148b248811c9805,42fcc655290ba003,bd14c5924408e4c02800,bd14c5924408e4c02800,9148b248811c9805,3000,3000,00007f80,1,0,0,0,0,bd14c5924408e4c02800,3000,3000
FPREM1_completed,64,RZ,random,31,SINGLE_COMPLETE_FINITE_CASE,91825b4d252f035d,ac6a40183abe4a22,bd1892da6929781ae800,bd1892da6929781ae800,91825b4d252f035d,3000,3000,00007f80,1,0,0,0,0,bd1892da6929781ae800,3000,3000
FPREM1_completed,64,RZ,random,32,SINGLE_COMPLETE_FINITE_CASE,97787847f9bd2af4,fa15567f6a6f1ee1,bd77c3c23fcde957a000,bd77c3c23fcde957a000,97787847f9bd2af4,3000,3000,00007f80,1,0,0,0,0,bd77c3c23fcde957a000,3000,3000
FPREM1_completed,64,RZ,random,33,X87_MULTISTEP,df47de5513ea6822,1bdd3f3c49777f1a,bdbc9dd84fac431e2000,bdbc9dd84fac431e2000,9bc3bb09f58863c4,3400,7200,00007f80,23,529,3,3,5,c1b89cf920695de20000,3000,3400
FPREM1_completed,64,RZ,random,33,QUOTIENT_SIGNED_BITS_DIFFER,df47de5513ea6822,1bdd3f3c49777f1a,bdbc9dd84fac431e2000,bdbc9dd84fac431e2000,9bc3bb09f58863c4,3400,7200,00007f80,23,529,3,3,5,c1b89cf920695de20000,3000,3400
FPREM1_completed,64,RZ,random,33,MORE_THAN_512_SUBTRACTIONS,df47de5513ea6822,1bdd3f3c49777f1a,bdbc9dd84fac431e2000,bdbc9dd84fac431e2000,9bc3bb09f58863c4,3400,7200,00007f80,23,529,3,3,5,c1b89cf920695de20000,3000,3400
FPREM1_completed,64,RZ,random,33,SINGLE_INSTRUCTION_VALUE_MISMATCH,df47de5513ea6822,1bdd3f3c49777f1a,bdbc9dd84fac431e2000,bdbc9dd84fac431e2000,9bc3bb09f58863c4,3400,7200,00007f80,23,529,3,3,5,c1b89cf920695de20000,3000,3400
FPREM1_completed,64,RZ,random,33,SINGLE_INSTRUCTION_C2_PARTIAL,df47de5513ea6822,1bdd3f3c49777f1a,bdbc9dd84fac431e2000,bdbc9dd84fac431e2000,9bc3bb09f58863c4,3400,7200,00007f80,23,529,3,3,5,c1b89cf920695de20000,3000,3400
FPREM1_completed,64,RZ,random,34,X87_MULTISTEP,5ada68c2e5cabb64,978f4e73e3766ff9,bd77d51b412bae19b000,bd77d51b412bae19b000,977aa3682575c336,3400,7200,00007f80,22,557,3,3,5,41789a93cdfc23e8f800,3000,3400
FPREM1_completed,64,RZ,random,34,QUOTIENT_SIGNED_BITS_DIFFER,5ada68c2e5cabb64,978f4e73e3766ff9,bd77d51b412bae19b000,bd77d51b412bae19b000,977aa3682575c336,3400,7200,00007f80,22,557,3,3,5,41789a93cdfc23e8f800,3000,3400
FPREM1_completed,64,RZ,random,34,MORE_THAN_512_SUBTRACTIONS,5ada68c2e5cabb64,978f4e73e3766ff9,bd77d51b412bae19b000,bd77d51b412bae19b000,977aa3682575c336,3400,7200,00007f80,22,557,3,3,5,41789a93cdfc23e8f800,3000,3400
FPREM1_completed,64,RZ,random,34,SINGLE_INSTRUCTION_VALUE_MISMATCH,5ada68c2e5cabb64,978f4e73e3766ff9,bd77d51b412bae19b000,bd77d51b412bae19b000,977aa3682575c336,3400,7200,00007f80,22,557,3,3,5,41789a93cdfc23e8f800,3000,3400
FPREM1_completed,64,RZ,random,34,SINGLE_INSTRUCTION_C2_PARTIAL,5ada68c2e5cabb64,978f4e73e3766ff9,bd77d51b412bae19b000,bd77d51b412bae19b000,977aa3682575c336,3400,7200,00007f80,22,557,3,3,5,41789a93cdfc23e8f800,3000,3400
FPREM1_completed,64,RZ,random,35,X87_MULTISTEP,a76c958fcc12d08c,989a991372a47146,3d8890a17b0f5b5c2000,3d8890a17b0f5b5c2000,1882142f61eb6b84,3400,7200,00007f80,5,121,3,3,3,be49c7bd9c283ee2f000,3000,3400
FPREM1_completed,64,RZ,random,35,SINGLE_INSTRUCTION_VALUE_MISMATCH,a76c958fcc12d08c,989a991372a47146,3d8890a17b0f5b5c2000,3d8890a17b0f5b5c2000,1882142f61eb6b84,3400,7200,00007f80,5,121,3,3,3,be49c7bd9c283ee2f000,3000,3400
FPREM1_completed,64,RZ,random,35,SINGLE_INSTRUCTION_C2_PARTIAL,a76c958fcc12d08c,989a991372a47146,3d8890a17b0f5b5c2000,3d8890a17b0f5b5c2000,1882142f61eb6b84,3400,7200,00007f80,5,121,3,3,3,be49c7bd9c283ee2f000,3000,3400
FPREM1_completed,64,RZ,random,36,X87_MULTISTEP,73538c0c3447ef9c,69bbc16644e39d84,429696ae4e14f3000000,429696ae4e14f3000000,6962d5c9c29e6000,3400,3000,00007f80,3,83,0,0,0,42fb8ba018ce380f4000,3000,3400
FPREM1_completed,64,RZ,random,36,SINGLE_INSTRUCTION_VALUE_MISMATCH,73538c0c3447ef9c,69bbc16644e39d84,429696ae4e14f3000000,429696ae4e14f3000000,6962d5c9c29e6000,3400,3000,00007f80,3,83,0,0,0,42fb8ba018ce380f4000,3000,3400
FPREM1_completed,64,RZ,random,36,SINGLE_INSTRUCTION_C2_PARTIAL,73538c0c3447ef9c,69bbc16644e39d84,429696ae4e14f3000000,429696ae4e14f3000000,6962d5c9c29e6000,3400,3000,00007f80,3,83,0,0,0,42fb8ba018ce380f4000,3000,3400
FPREM1_completed,64,RZ,random,37,SINGLE_COMPLETE_FINITE_CASE,2fa7c32afc6000ba,6f78d4e5ac78ca42,3efabe1957e30005d000,3efabe1957e30005d000,2fa7c32afc6000ba,3000,3000,00007f80,1,0,0,0,0,3efabe1957e30005d000,3000,3000
FPREM1_completed,64,RZ,random,38,X87_MULTISTEP,3d43afc97578251a,a04640200977c35b,3e02e186dfd02dd44000,3e02e186dfd02dd44000,202c30dbfa05ba88,3400,7000,00007f80,8,209,2,2,6,3fa1b62ad18302834000,3000,3400
FPREM1_completed,64,RZ,random,38,QUOTIENT_SIGNED_BITS_DIFFER,3d43afc97578251a,a04640200977c35b,3e02e186dfd02dd44000,3e02e186dfd02dd44000,202c30dbfa05ba88,3400,7000,00007f80,8,209,2,2,6,3fa1b62ad18302834000,3000,3400
FPREM1_completed,64,RZ,random,38,SINGLE_INSTRUCTION_VALUE_MISMATCH,3d43afc97578251a,a04640200977c35b,3e02e186dfd02dd44000,3e02e186dfd02dd44000,202c30dbfa05ba88,3400,7000,00007f80,8,209,2,2,6,3fa1b62ad18302834000,3000,3400
FPREM1_completed,64,RZ,random,38,SINGLE_INSTRUCTION_C2_PARTIAL,3d43afc97578251a,a04640200977c35b,3e02e186dfd02dd44000,3e02e186dfd02dd44000,202c30dbfa05ba88,3400,7000,00007f80,8,209,2,2,6,3fa1b62ad18302834000,3000,3400
FPREM1_completed,64,RZ,random,39,X87_MULTISTEP,de5e7ac0be62872d,966524ac718d39c5,bd64f4a6c0bb5953c000,bd64f4a6c0bb5953c000,964e94d8176b2a78,3400,7000,00007f80,21,530,2,2,2,c1a5cb9ac6b91d17c000,3000,3400
FPREM1_completed,64,RZ,random,39,MORE_THAN_512_SUBTRACTIONS,de5e7ac0be62872d,966524ac718d39c5,bd64f4a6c0bb5953c000,bd64f4a6c0bb5953c000,964e94d8176b2a78,3400,7000,00007f80,21,530,2,2,2,c1a5cb9ac6b91d17c000,3000,3400
FPREM1_completed,64,RZ,random,39,SINGLE_INSTRUCTION_VALUE_MISMATCH,de5e7ac0be62872d,966524ac718d39c5,bd64f4a6c0bb5953c000,bd64f4a6c0bb5953c000,964e94d8176b2a78,3400,7000,00007f80,21,530,2,2,2,c1a5cb9ac6b91d17c000,3000,3400
FPREM1_completed,64,RZ,random,39,SINGLE_INSTRUCTION_C2_PARTIAL,de5e7ac0be62872d,966524ac718d39c5,bd64f4a6c0bb5953c000,bd64f4a6c0bb5953c000,964e94d8176b2a78,3400,7000,00007f80,21,530,2,2,2,c1a5cb9ac6b91d17c000,3000,3400
FPREM1_completed,64,RZ,random,40,QUOTIENT_SIGNED_BITS_DIFFER,eda549eb3ce9804c,38af62f6b3141d76,bf889a7d3835a621c000,bf889a7d3835a621c000,b8834fa706b4c438,3400,7200,00007f80,18,433,3,3,5,c2aac0b071cba34d2000,3000,3400
FPREM1_completed,64,RZ,random,42,QUOTIENT_SIGNED_BITS_DIFFER,7347a7d32d010189,bbdc7d30e2d90d34,3fb98d23799480640000,3fb98d23799480640000,3b91a46f32900c80,3400,7100,00007f80,15,450,6,6,2,42fc9fbd6059542a0000,3000,3400
FPREM1_completed,64,RZ,random,49,QUOTIENT_SIGNED_BITS_DIFFER,5c2a8192de56c7a7,af1cce228ec78966,3eeee9d87ca2a2dd0000,3eeee9d87ca2a2dd0000,2eed3b0f94545ba0,3400,7000,00007f80,14,342,2,2,6,418fe6e4d24d849b4000,3000,3400
FPREM1_completed,64,RZ,random,50,QUOTIENT_SIGNED_BITS_DIFFER,d4332c5073970392,2a2ce091ab67d52d,3ea0d50b2ee8f4692000,3ea0d50b2ee8f4692000,2a0aa165dd1e8d24,3400,3300,00007f80,14,328,5,5,3,c1228eb28032356a0800,3000,3400
FPREM1_completed,64,RZ,random,53,MORE_THAN_512_SUBTRACTIONS,69920c42a30349f2,121d884a542f682a,3d1ec47d5167226b0000,3d1ec47d5167226b0000,11e88faa2ce44d60,3400,7000,00007f80,30,720,2,2,2,425e8220e02d6a9d0000,3000,3400
FPREM1_completed,64,RZ,random,56,QUOTIENT_SIGNED_BITS_DIFFER,c4b90a3ed64c2a40,1fe81d7e2ed3fc27,bdfd925b30d6d3c4b000,bdfd925b30d6d3c4b000,9fd24b661ada7896,3400,7200,00007f80,11,284,3,3,5,c018c4c76f8e86c20000,3000,3400
FPREM1_completed,64,RZ,random,57,MORE_THAN_512_SUBTRACTIONS,ed507db431407d57,0647f267a6605818,3c60c51ce70d92200000,3c60c51ce70d92200000,0608a39ce1b24400,3400,3000,00007f80,31,853,0,0,0,c2a3e4016d1fd4eb8000,3000,3400
FPREM1_completed,64,RZ,random,58,QUOTIENT_SIGNED_BITS_DIFFER,0b4cedfe07d58842,881120faae2ba810,bc7e8e3b072c89cc0000,bc7e8e3b072c89cc0000,87e1c760e5913980,7000,7200,00007f80,1,24,3,3,5,bc7e8e3b072c89cc0000,3000,7200
FPREM1_completed,64,RZ,random,74,QUOTIENT_SIGNED_BITS_DIFFER,755e02aa7062ebf6,d55a977a4df97796,4153946a6c7d5f19c000,4153946a6c7d5f19c000,55328d4d8fabe338,3400,7200,00007f80,10,267,3,3,5,4334c0cf178ad3b60000,3000,3400
FPREM1_completed,64,RZ,random,78,QUOTIENT_SIGNED_BITS_DIFFER,7a81e0961d310cac,c8a67772091ffa00,c088af5bc3ea0c400000,c088af5bc3ea0c400000,c885eb787d418800,3400,3300,00007f80,15,392,5,5,3,4368ece29c120bc00000,3000,3400
FPREM1_completed,64,RZ,random,81,QUOTIENT_SIGNED_BITS_DIFFER,e68d3c006f201df4,1ee887edcd9168d5,bded8ea30b8a5ec5b000,bded8ea30b8a5ec5b000,9ed1d461714bd8b6,3400,3200,00007f80,19,580,1,1,7,c22bf7786d2b29f64000,3000,3400
FPREM1_completed,64,RZ,random,81,MORE_THAN_512_SUBTRACTIONS,e68d3c006f201df4,1ee887edcd9168d5,bded8ea30b8a5ec5b000,bded8ea30b8a5ec5b000,9ed1d461714bd8b6,3400,3200,00007f80,19,580,1,1,7,c22bf7786d2b29f64000,3000,3400
FPREM1_completed,64,RZ,random,83,QUOTIENT_SIGNED_BITS_DIFFER,3eccab5c4e05dc04,a8b8ed2a40208dea,3e89e0fca07a1c16c000,3e89e0fca07a1c16c000,289c1f940f4382d8,3400,3200,00007f80,7,174,1,1,7,3fcba8096ea7debf4000,3000,3400
FPREM1_completed,64,RZ,random,84,QUOTIENT_SIGNED_BITS_DIFFER,f993df8021999846,15a30e386b02b404,3d598d686da30340c000,3d598d686da30340c000,1591ad0db4606818,3400,7200,00007f80,27,791,3,3,5,c356e7264a4b254a0000,3000,3400
FPREM1_completed,64,RZ,random,84,MORE_THAN_512_SUBTRACTIONS,f993df8021999846,15a30e386b02b404,3d598d686da30340c000,3d598d686da30340c000,1591ad0db4606818,3400,7200,00007f80,27,791,3,3,5,c356e7264a4b254a0000,3000,3400
FPREM1_completed,64,RZ,random,86,MORE_THAN_512_SUBTRACTIONS,d5cf4344b88928f2,09de7fb0fe8aac8b,bc9cef6403e237cc2000,bc9cef6403e237cc2000,89cdec807c46f984,3400,7000,00007f80,27,644,2,2,6,c11ccb5db15201948000,3000,3400
FPREM1_completed,64,RZ,random,87,MORE_THAN_512_SUBTRACTIONS,7b5310c9fc212395,8eda03c9c430ce5f,bceba69037ae3d53c000,bceba69037ae3d53c000,8eb4d206f5c7aa78,3400,7000,00007f80,35,862,2,2,6,438dad1847dc972e5000,3000,3400
FPREM1_completed,64,RZ,random,92,MORE_THAN_512_SUBTRACTIONS,e3a846a2bfbc4178,80f257439666d7d5,3c0c9c29b1a107d28000,3c0c9c29b1a107d28000,00c385363420fa50,3400,7000,00007f80,27,808,2,2,2,c20ed8bfa47883faa000,3000,3400
FPREM1_completed,64,RZ,random,104,MORE_THAN_512_SUBTRACTIONS,56b9818e16a7fd62,89436d87e2292558,3c9389e4299005490000,3c9389e4299005490000,09313c853200a920,3400,7000,00007f80,21,612,2,2,6,4132e621769844f50000,3000,3400
FPREM1_completed,64,RZ,random,105,MORE_THAN_512_SUBTRACTIONS,f98f1f2039d4b32c,334ccb14838191dc,bf33b727e9205ee78000,bf33b727e9205ee78000,b336e4fd240bdcf0,3400,7100,00007f80,21,541,6,6,2,c373aa7b214060490000,3000,3400
FPREM1_completed,64,RZ,random,113,MORE_THAN_512_SUBTRACTIONS,f30db0b39235c396,ad720371ec7fe712,3ed4ec4b5d43cab40000,3ed4ec4b5d43cab40000,2d4d896ba8795680,3400,3000,00007f80,20,543,0,0,0,c2f780a1106b971c5000,3000,3400
FPREM1_completed,64,RZ,random,121,MORE_THAN_512_SUBTRACTIONS,7c0ada0c874938dc,97f0e3e5fa42fb78,3d7d92daf8abd3320000,3d7d92daf8abd3320000,17d25b5f157a6640,3400,7000,00007f80,27,815,2,2,6,439dcaa9d3e967880000,3000,3400
FPREM1_completed,64,RZ,random,135,MORE_THAN_512_SUBTRACTIONS,7acec2800ccf3118,3498831721aad9e8,3f489bf2fc73696c0000,3f489bf2fc73696c0000,34837e5f8e6d2d80,3400,3000,00007f80,24,556,0,0,0,4389952eef1c607c4000,3000,3400
FPREM1_completed,64,RZ,random,142,MORE_THAN_512_SUBTRACTIONS,7264155fa13b8f59,9c647ced0ca8226b,3dc2bb2947c812938000,3dc2bb2947c812938000,1c276528f9025270,3400,7200,00007f80,23,682,3,3,5,4304bacaa0d979ba8000,3000,3400
FPREM1_completed,64,RZ,random,144,MORE_THAN_512_SUBTRACTIONS,ed2dc6396c42b6f8,02c3611c2eadf718,3c298039ee9aeacc0000,3c298039ee9aeacc0000,0290073dd35d5980,3400,7000,00007f80,30,845,2,2,6,c2ac86ddaf9c03cf8000,3000,3400
FPREM1_completed,64,RZ,random,156,MORE_THAN_512_SUBTRACTIONS,c55b68e984a6b54d,8255bc36c1074b77,3c23d5d42b476fc36000,3c23d5d42b476fc36000,023aba8568edf86c,3400,3300,00007f80,21,532,5,5,5,c02598ec8c879ad20000,3000,3400
FPREM1_completed,64,RZ,random,171,MORE_THAN_512_SUBTRACTIONS,72a584688a7d4f85,b06b0aa08ec0c009,3f058c563cf186254000,3f058c563cf186254000,30518ac79e30c4a8,3400,3100,00007f80,24,550,4,4,4,430287f05a3c364b0000,3000,3400
FPREM1_completed,64,RZ,random,177,MORE_THAN_512_SUBTRACTIONS,d50cccc31539402e,895a0c6a0dc516b8,bc93c6afd484dbae0000,bc93c6afd484dbae0000,8938d5fa909b75c0,3400,7100,00007f80,26,625,6,6,6,c114a8d95df86a620000,3000,3400
FPREM1_completed,64,RZ,random,1233,EXCEPTION_FLAGS_MISMATCH,800775f8a1f1e801,335231bcb44634b1,bbffeebf143e3d002000,bbffeebf143e3d002000,800775f8a1f1e801,3002,3002,00007f80,1,0,0,0,0,bbffeebf143e3d002000,3002,3002
FPREM1_completed,64,RZ,random,2646,INVALID_OR_NONFINITE_INPUT,fffc16448446619e,97c865bf05fa1bc2,ffffe0b22422330cf000,ffffe0b22422330cf000,fffc16448446619e,3000,3000,00007f80,1,0,0,0,0,ffffe0b22422330cf000,3000,3000
FPREM1_completed,64,RZ,random,2646,NAN_RESULT,fffc16448446619e,97c865bf05fa1bc2,ffffe0b22422330cf000,ffffe0b22422330cf000,fffc16448446619e,3000,3000,00007f80,1,0,0,0,0,ffffe0b22422330cf000,3000,3000
FPREM1_completed,64,RZ,random,2800,INVALID_OR_NONFINITE_INPUT,7ffec4b85b15dcc9,73ae6374d2acbe2d,7ffff625c2d8aee64800,7ffff625c2d8aee64800,7ffec4b85b15dcc9,3000,3000,00007f80,1,0,0,0,0,7ffff625c2d8aee64800,3000,3000
FPREM1_completed,64,RZ,random,2800,NAN_RESULT,7ffec4b85b15dcc9,73ae6374d2acbe2d,7ffff625c2d8aee64800,7ffff625c2d8aee64800,7ffec4b85b15dcc9,3000,3000,00007f80,1,0,0,0,0,7ffff625c2d8aee64800,3000,3000
FPREM1_completed,64,RZ,random,2804,INVALID_OR_NONFINITE_INPUT,215f1284a38934b3,ffff2b4bee625364,fffff95a5f73129b2000,fffff95a5f73129b2000,ffff2b4bee625364,3000,3000,00007f80,1,0,0,0,0,fffff95a5f73129b2000,3000,3000
FPREM1_completed,64,RZ,random,2804,NAN_RESULT,215f1284a38934b3,ffff2b4bee625364,fffff95a5f73129b2000,fffff95a5f73129b2000,ffff2b4bee625364,3000,3000,00007f80,1,0,0,0,0,fffff95a5f73129b2000,3000,3000
FPREM1_completed,64,RZ,random,3319,INVALID_OR_NONFINITE_INPUT,8856eee77a72ede6,fff3ef7fd61e7ede,ffffdf7bfeb0f3f6f000,ffffdf7bfeb0f3f6f000,fffbef7fd61e7ede,3001,3001,00007f81,1,0,0,0,0,ffffdf7bfeb0f3f6f000,3001,3001
FPREM1_completed,64,RZ,random,3319,NAN_RESULT,8856eee77a72ede6,fff3ef7fd61e7ede,ffffdf7bfeb0f3f6f000,ffffdf7bfeb0f3f6f000,fffbef7fd61e7ede,3001,3001,00007f81,1,0,0,0,0,ffffdf7bfeb0f3f6f000,3001,3001
FPREM1_completed,64,RZ,random,4196,EXCEPTION_FLAGS_MISMATCH,00045d7cbad4eff6,19e3a5eafc13fccf,3bff8baf975a9dfec000,3bff8baf975a9dfec000,00045d7cbad4eff6,3002,3002,00007f80,1,0,0,0,0,3bff8baf975a9dfec000,3002,3002
FPREM1_completed,64,RZ,random,5293,EXCEPTION_FLAGS_MISMATCH,000042978fcf403b,f113c2471660d47e,3bfb852f1f9e80760000,3bfb852f1f9e80760000,000042978fcf403b,3002,3002,00007f80,1,0,0,0,0,3bfb852f1f9e80760000,3002,3002
FPREM1_completed,64,RZ,random,5800,EXCEPTION_FLAGS_MISMATCH,000f2db77710b090,70ffa1f579d5ad51,3c00f2db77710b090000,3c00f2db77710b090000,000f2db77710b090,3002,3002,00007f80,1,0,0,0,0,3c00f2db77710b090000,3002,3002
FPREM1_completed,64,RZ,random,7438,INVALID_OR_NONFINITE_INPUT,7ffcaf4d654f0d5d,233fc0de0338e527,7fffe57a6b2a786ae800,7fffe57a6b2a786ae800,7ffcaf4d654f0d5d,3000,3000,00007f80,1,0,0,0,0,7fffe57a6b2a786ae800,3000,3000
FPREM1_completed,64,RZ,random,7438,NAN_RESULT,7ffcaf4d654f0d5d,233fc0de0338e527,7fffe57a6b2a786ae800,7fffe57a6b2a786ae800,7ffcaf4d654f0d5d,3000,3000,00007f80,1,0,0,0,0,7fffe57a6b2a786ae800,3000,3000
FPREM1_completed,64,RZ,random,7596,INVALID_OR_NONFINITE_INPUT,fffbf8822c40c37e,b07d2bef072da5b4,ffffdfc41162061bf000,ffffdfc41162061bf000,fffbf8822c40c37e,3000,3000,00007f80,1,0,0,0,0,ffffdfc41162061bf000,3000,3000
FPREM1_completed,64,RZ,random,7596,NAN_RESULT,fffbf8822c40c37e,b07d2bef072da5b4,ffffdfc41162061bf000,ffffdfc41162061bf000,fffbf8822c40c37e,3000,3000,00007f80,1,0,0,0,0,ffffdfc41162061bf000,3000,3000
FPREM1_completed,64,RZ,random,7612,EXCEPTION_FLAGS_MISMATCH,00096c497eed1ace,be99f8ce19a39a1b,3c0096c497eed1ace000,3c0096c497eed1ace000,00096c497eed1ace,3002,3002,00007f80,1,0,0,0,0,3c0096c497eed1ace000,3002,3002
FPREM1_completed,64,RZ,random,7722,INVALID_OR_NONFINITE_INPUT,fff7691bbe190e08,7bcab5fa750c61cf,fffffb48ddf0c8704000,fffffb48ddf0c8704000,ffff691bbe190e08,3001,3001,00007f81,1,0,0,0,0,fffffb48ddf0c8704000,3001,3001
FPREM1_completed,64,RZ,random,7722,NAN_RESULT,fff7691bbe190e08,7bcab5fa750c61cf,fffffb48ddf0c8704000,fffffb48ddf0c8704000,ffff691bbe190e08,3001,3001,00007f81,1,0,0,0,0,fffffb48ddf0c8704000,3001,3001
FPREM1_completed,64,RZ,random,9199,EXCEPTION_FLAGS_MISMATCH,800a9a6921f9b5f3,2d747d032040de41,bc00a9a6921f9b5f3000,bc00a9a6921f9b5f3000,800a9a6921f9b5f3,3002,3002,00007f80,1,0,0,0,0,bc00a9a6921f9b5f3000,3002,3002
FPREM1_completed,64,RZ,random,9325,EXCEPTION_FLAGS_MISMATCH,3016045f6aae82c6,801946418bced6bf,bc00c7278092cd6a8000,bc00c7278092cd6a8000,800c7278092cd6a8,3400,3000,00007f82,17,408,0,0,0,3ee0af5a4f3bf22e8000,3000,3400
FPREM1_completed,64,RZ,random,10913,INVALID_OR_NONFINITE_INPUT,7fff2484a0f13a1d,6a6fdeea239a6e71,7ffff924250789d0e800,7ffff924250789d0e800,7fff2484a0f13a1d,3000,3000,00007f80,1,0,0,0,0,7ffff924250789d0e800,3000,3000
FPREM1_completed,64,RZ,random,10913,NAN_RESULT,7fff2484a0f13a1d,6a6fdeea239a6e71,7ffff924250789d0e800,7ffff924250789d0e800,7fff2484a0f13a1d,3000,3000,00007f80,1,0,0,0,0,7ffff924250789d0e800,3000,3000
FPREM1_completed,64,RZ,random,13177,INVALID_OR_NONFINITE_INPUT,fff87e6b054cc1e1,8d42223d01aabd08,ffffc3f3582a660f0800,ffffc3f3582a660f0800,fff87e6b054cc1e1,3000,3000,00007f80,1,0,0,0,0,ffffc3f3582a660f0800,3000,3000
FPREM1_completed,64,RZ,random,13177,NAN_RESULT,fff87e6b054cc1e1,8d42223d01aabd08,ffffc3f3582a660f0800,ffffc3f3582a660f0800,fff87e6b054cc1e1,3000,3000,00007f80,1,0,0,0,0,ffffc3f3582a660f0800,3000,3000
FPREM1_completed,64,RZ,random,13880,INVALID_OR_NONFINITE_INPUT,ffffe5642b6ad5f8,efcf3776f9f393f5,ffffff2b215b56afc000,ffffff2b215b56afc000,ffffe5642b6ad5f8,3000,3000,00007f80,1,0,0,0,0,ffffff2b215b56afc000,3000,3000
FPREM1_completed,64,RZ,random,13880,NAN_RESULT,ffffe5642b6ad5f8,efcf3776f9f393f5,ffffff2b215b56afc000,ffffff2b215b56afc000,ffffe5642b6ad5f8,3000,3000,00007f80,1,0,0,0,0,ffffff2b215b56afc000,3000,3000
FPREM1_completed,64,RZ,random,14177,INVALID_OR_NONFINITE_INPUT,1de067fae84e79b5,fffd194d792e3ad1,ffffe8ca6bc971d68800,ffffe8ca6bc971d68800,fffd194d792e3ad1,3000,3000,00007f80,1,0,0,0,0,ffffe8ca6bc971d68800,3000,3000
FPREM1_completed,64,RZ,random,14177,NAN_RESULT,1de067fae84e79b5,fffd194d792e3ad1,ffffe8ca6bc971d68800,ffffe8ca6bc971d68800,fffd194d792e3ad1,3000,3000,00007f80,1,0,0,0,0,ffffe8ca6bc971d68800,3000,3000
FPREM1_completed,64,RZ,random,15808,EXCEPTION_FLAGS_MISMATCH,00078afd5ab9f181,f2aa15676d841be6,3bfff15fab573e302000,3bfff15fab573e302000,00078afd5ab9f181,3002,3002,00007f80,1,0,0,0,0,3bfff15fab573e302000,3002,3002
FPREM1_completed,64,RZ,random,16005,INVALID_OR_NONFINITE_INPUT,fff611d7cae68af6,86e423ac385d97f2,fffff08ebe573457b000,fffff08ebe573457b000,fffe11d7cae68af6,3001,3001,00007f81,1,0,0,0,0,fffff08ebe573457b000,3001,3001
FPREM1_completed,64,RZ,random,16005,NAN_RESULT,fff611d7cae68af6,86e423ac385d97f2,fffff08ebe573457b000,fffff08ebe573457b000,fffe11d7cae68af6,3001,3001,00007f81,1,0,0,0,0,fffff08ebe573457b000,3001,3001
FPREM1_completed,64,RZ,random,16109,INVALID_OR_NONFINITE_INPUT,fff760d464c22dfd,f722efe6567e5e26,fffffb06a326116fe800,fffffb06a326116fe800,ffff60d464c22dfd,3001,3001,00007f81,1,0,0,0,0,fffffb06a326116fe800,3001,3001
FPREM1_completed,64,RZ,random,16109,NAN_RESULT,fff760d464c22dfd,f722efe6567e5e26,fffffb06a326116fe800,fffffb06a326116fe800,ffff60d464c22dfd,3001,3001,00007f81,1,0,0,0,0,fffffb06a326116fe800,3001,3001
FPREM1_completed,64,RZ,random,17938,EXCEPTION_FLAGS_MISMATCH,000604a2ddf15aaf,4fac635a1fbf943d,3bffc0945bbe2b55e000,3bffc0945bbe2b55e000,000604a2ddf15aaf,3002,3002,00007f80,1,0,0,0,0,3bffc0945bbe2b55e000,3002,3002
FPREM1_completed,64,RZ,random,18050,EXCEPTION_FLAGS_MISMATCH,80012b5411c1220b,2bc6fed9f7152b74,bbfd95aa08e091058000,bbfd95aa08e091058000,80012b5411c1220b,3002,3002,00007f80,1,0,0,0,0,bbfd95aa08e091058000,3002,3002
FPREM1_completed,64,RZ,random,18144,INVALID_OR_NONFINITE_INPUT,1a697067a9d4131e,7ff4caf5a31236d0,7fffe657ad1891b68000,7fffe657ad1891b68000,7ffccaf5a31236d0,3001,3001,00007f81,1,0,0,0,0,7fffe657ad1891b68000,3001,3001
FPREM1_completed,64,RZ,random,18144,NAN_RESULT,1a697067a9d4131e,7ff4caf5a31236d0,7fffe657ad1891b68000,7fffe657ad1891b68000,7ffccaf5a31236d0,3001,3001,00007f81,1,0,0,0,0,7fffe657ad1891b68000,3001,3001
FPREM1_completed,64,RZ,random,18393,EXCEPTION_FLAGS_MISMATCH,800a078ea997ffbd,9024b261222329c4,bc00a078ea997ffbd000,bc00a078ea997ffbd000,800a078ea997ffbd,3002,3002,00007f80,1,0,0,0,0,bc00a078ea997ffbd000,3002,3002
FPREM1_completed,64,RZ,random,18494,INVALID_OR_NONFINITE_INPUT,8b3795aeea5a51e9,fff42510e432a4b0,ffffe128872195258000,ffffe128872195258000,fffc2510e432a4b0,3001,3001,00007f81,1,0,0,0,0,ffffe128872195258000,3001,3001
FPREM1_completed,64,RZ,random,18494,NAN_RESULT,8b3795aeea5a51e9,fff42510e432a4b0,ffffe128872195258000,ffffe128872195258000,fffc2510e432a4b0,3001,3001,00007f81,1,0,0,0,0,ffffe128872195258000,3001,3001
FPREM1_completed,64,RZ,random,18855,EXCEPTION_FLAGS_MISMATCH,0009c2ad8c5ab954,e9b24df58db0b1de,3c009c2ad8c5ab954000,3c009c2ad8c5ab954000,0009c2ad8c5ab954,3002,3002,00007f80,1,0,0,0,0,3c009c2ad8c5ab954000,3002,3002
FPREM1_completed,64,RZ,random,19752,EXCEPTION_FLAGS_MISMATCH,30b3a3571edeec86,8011078b8429463d,bbfeb0fc0faf33098000,bbfeb0fc0faf33098000,8002c3f03ebccc26,3400,7100,00007f82,13,416,6,6,2,3ededc1d46cc3fb2c000,3000,3400
FPREM1_completed,64,RZ,random,19982,INVALID_OR_NONFINITE_INPUT,7ff1ef37dbd61011,ed987e4fb1101e19,7fffcf79bedeb0808800,7fffcf79bedeb0808800,7ff9ef37dbd61011,3001,3001,00007f81,1,0,0,0,0,7fffcf79bedeb0808800,3001,3001
FPREM1_completed,64,RZ,random,19982,NAN_RESULT,7ff1ef37dbd61011,ed987e4fb1101e19,7fffcf79bedeb0808800,7fffcf79bedeb0808800,7ff9ef37dbd61011,3001,3001,00007f81,1,0,0,0,0,7fffcf79bedeb0808800,3001,3001
FPREM1_completed,64,RZ,random,19989,INVALID_OR_NONFINITE_INPUT,6a9d1ec93aecc6ab,fffce7ea399b451a,ffffe73f51ccda28d000,ffffe73f51ccda28d000,fffce7ea399b451a,3000,3000,00007f80,1,0,0,0,0,ffffe73f51ccda28d000,3000,3000
FPREM1_completed,64,RZ,random,19989,NAN_RESULT,6a9d1ec93aecc6ab,fffce7ea399b451a,ffffe73f51ccda28d000,ffffe73f51ccda28d000,fffce7ea399b451a,3000,3000,00007f80,1,0,0,0,0,ffffe73f51ccda28d000,3000,3000
FPREM1_completed,64,RZ,random,21129,INVALID_OR_NONFINITE_INPUT,1bd16e2aeeb69c1c,fffd80dcf474289d,ffffec06e7a3a144e800,ffffec06e7a3a144e800,fffd80dcf474289d,3000,3000,00007f80,1,0,0,0,0,ffffec06e7a3a144e800,3000,3000
FPREM1_completed,64,RZ,random,21129,NAN_RESULT,1bd16e2aeeb69c1c,fffd80dcf474289d,ffffec06e7a3a144e800,ffffec06e7a3a144e800,fffd80dcf474289d,3000,3000,00007f80,1,0,0,0,0,ffffec06e7a3a144e800,3000,3000
FPREM1_completed,64,RZ,random,21308,EXCEPTION_FLAGS_MISMATCH,80054af5ac397823,0921b43449e9917b,bbffa95eb5872f046000,bbffa95eb5872f046000,80054af5ac397823,3002,3002,00007f80,1,0,0,0,0,bbffa95eb5872f046000,3002,3002
FPREM1_completed,64,RZ,random,21840,INVALID_OR_NONFINITE_INPUT,7ff452155f935d94,1c775d75320a205c,7fffe290aafc9aeca000,7fffe290aafc9aeca000,7ffc52155f935d94,3001,3001,00007f81,1,0,0,0,0,7fffe290aafc9aeca000,3001,3001
FPREM1_completed,64,RZ,random,21840,NAN_RESULT,7ff452155f935d94,1c775d75320a205c,7fffe290aafc9aeca000,7fffe290aafc9aeca000,7ffc52155f935d94,3001,3001,00007f81,1,0,0,0,0,7fffe290aafc9aeca000,3001,3001
FPREM1_completed,64,RZ,random,22001,INVALID_OR_NONFINITE_INPUT,f51f71d5f317fef7,fff038e0bc7f2023,ffffc1c705e3f9011800,ffffc1c705e3f9011800,fff838e0bc7f2023,3001,3001,00007f81,1,0,0,0,0,ffffc1c705e3f9011800,3001,3001
FPREM1_completed,64,RZ,random,22001,NAN_RESULT,f51f71d5f317fef7,fff038e0bc7f2023,ffffc1c705e3f9011800,ffffc1c705e3f9011800,fff838e0bc7f2023,3001,3001,00007f81,1,0,0,0,0,ffffc1c705e3f9011800,3001,3001
FPREM1_completed,64,RZ,random,24432,EXCEPTION_FLAGS_MISMATCH,0000524bff113f57,816da281ea85a7a5,3bfba497fe227eae0000,3bfba497fe227eae0000,0000524bff113f57,3002,3002,00007f80,1,0,0,0,0,3bfba497fe227eae0000,3002,3002
FPREM1_completed,64,RZ,random,25096,EXCEPTION_FLAGS_MISMATCH,80090e781b9805f4,29de74e64bc6bc23,bc0090e781b9805f4000,bc0090e781b9805f4000,80090e781b9805f4,3002,3002,00007f80,1,0,0,0,0,bc0090e781b9805f4000,3002,3002
FPREM1_completed,64,RZ,random,29586,EXCEPTION_FLAGS_MISMATCH,000dad250093a9db,2b750a83e2704927,3c00dad250093a9db000,3c00dad250093a9db000,000dad250093a9db,3002,3002,00007f80,1,0,0,0,0,3c00dad250093a9db000,3002,3002
FPREM1_completed,64,RZ,random,30173,EXCEPTION_FLAGS_MISMATCH,af543502506f16fe,801065bcb00bd904,3bffbbf2455b429a8000,3bffbbf2455b429a8000,0005df922ada14d4,3400,3300,00007f82,13,392,5,5,5,bebdf1fc46fdee820000,3000,3400
FPREM1_completed,64,RZ,random,31461,EXCEPTION_FLAGS_MISMATCH,0004db3d8e9a43b0,d79c4aafc37e3e3d,3bff9b67b1d348760000,3bff9b67b1d348760000,0004db3d8e9a43b0,3002,3002,00007f80,1,0,0,0,0,3bff9b67b1d348760000,3002,3002
FPREM1_completed,64,RZ,random,33301,EXCEPTION_FLAGS_MISMATCH,800a11860291f5bc,de153ca097c5d5c7,bc00a11860291f5bc000,bc00a11860291f5bc000,800a11860291f5bc,3002,3002,00007f80,1,0,0,0,0,bc00a11860291f5bc000,3002,3002
FPREM1_completed,64,RZ,edge,341,VALUE_MISMATCH,7ff8000000000011,fff0000000000222,ffffc000000000111000,7fffc000000000008800,7ff8000000000011,3001,3001,00007f81,1,0,0,0,0,ffffc000000000111000,3001,3001
