operation,pc,rounding,source,index,class,a_hex,b_hex,x87_80_hex,sse_80_hex,x87_narrowed_hex,sse_native_hex,fsw_before,fsw_after,mxcsr,fsw_store,clamped_scale,sse_multiplications
FSCALE_composite,53,RN,random,0,ALL,b6f18e37d06f946d,50244be11bde34e9,ffff8000000000000000,ffff8000000000000000,fff0000000000000,fff0000000000000,3000,3228,00001fa8,0000,4096,5
FSCALE_composite,53,RN,random,1,ALL,876d795dd9352870,fedc9a4a1b764562,80000000000000000000,80000000000000000000,8000000000000000,8000000000000000,3000,3030,00001fb0,0000,-4096,5
FSCALE_composite,53,RN,random,2,ALL,1a68fd5a97c81d24,6e84bd74e6c52c55,7fff8000000000000000,7fff8000000000000000,7ff0000000000000,7ff0000000000000,3000,3228,00001fa8,0000,4096,5
FSCALE_composite,53,RN,random,3,ALL,126f786491e7f180,e251798ffe1268f1,00000000000000000000,00000000000000000000,0000000000000000,0000000000000000,3000,3030,00001fb0,0000,-4096,5
FSCALE_composite,53,RN,random,4,ALL,9dc28fda721f60fe,c26d7a6a3fd88c6b,80000000000000000000,80000000000000000000,8000000000000000,8000000000000000,3000,3030,00001fb0,0000,-4096,5
FSCALE_composite,53,RN,random,5,ALL,98ca6cf7d6f2da83,01b9604968398519,bd8cd367beb796d41800,bd8cd367beb796d41800,98ca6cf7d6f2da83,98ca6cf7d6f2da83,3000,3000,00001f80,0000,0,1
FSCALE_composite,53,RN,random,6,ALL,f5e76745255edafb,96b51a397efdbd82,c35ebb3a292af6d7d800,c35ebb3a292af6d7d800,f5e76745255edafb,f5e76745255edafb,3000,3000,00001f80,0000,0,1
FSCALE_composite,53,RN,random,7,ALL,7b6f4f2cd446e560,ab357e271cfd6c54,43b6fa7966a2372b0000,43b6fa7966a2372b0000,7b6f4f2cd446e560,7b6f4f2cd446e560,3000,3000,00001f80,0000,0,1
FSCALE_composite,53,RN,random,8,ALL,c5c3eaaaba46176c,3bf68efb3c4e6859,c05c9f5555d230bb6000,c05c9f5555d230bb6000,c5c3eaaaba46176c,c5c3eaaaba46176c,3000,3000,00001f80,0000,0,1
FSCALE_composite,53,RN,random,9,ALL,9d83649b70124cea,6b9b24f35473b6d3,ffff8000000000000000,ffff8000000000000000,fff0000000000000,fff0000000000000,3000,3228,00001fa8,0000,4096,5
FSCALE_composite,53,RN,random,10,ALL,179529e926b8486f,924499999a1b1ba9,3d79a94f4935c2437800,3d79a94f4935c2437800,179529e926b8486f,179529e926b8486f,3000,3000,00001f80,0000,0,1
FSCALE_composite,53,RN,random,11,ALL,0dab419b1e9a8f25,1e9892a226e069f4,3cdada0cd8f4d4792800,3cdada0cd8f4d4792800,0dab419b1e9a8f25,0dab419b1e9a8f25,3000,3000,00001f80,0000,0,1
FSCALE_composite,53,RN,random,12,ALL,78fb00bab95c2e2c,9fe4a2f8b8104187,438fd805d5cae1716000,438fd805d5cae1716000,78fb00bab95c2e2c,78fb00bab95c2e2c,3000,3000,00001f80,0000,0,1
FSCALE_composite,53,RN,random,13,ALL,2f754fc56cc1e283,e653875b6612f471,00000000000000000000,00000000000000000000,0000000000000000,0000000000000000,3000,3030,00001fb0,0000,-4096,5
FSCALE_composite,53,RN,random,14,ALL,0007988a21e68365,2ba463a8549332ce,3bfff311443cd06ca000,3bfff311443cd06ca000,0007988a21e68365,0007988a21e68365,3002,3002,00001f82,0000,0,1
FSCALE_composite,53,RN,random,14,BELOW_TARGET_NORMAL_EXP,0007988a21e68365,2ba463a8549332ce,3bfff311443cd06ca000,3bfff311443cd06ca000,0007988a21e68365,0007988a21e68365,3002,3002,00001f82,0000,0,1
FSCALE_composite,53,RN,random,15,ALL,dfede9a4fa7c67cf,05b1a4629beb8404,c1feef4d27d3e33e7800,c1feef4d27d3e33e7800,dfede9a4fa7c67cf,dfede9a4fa7c67cf,3000,3000,00001f80,0000,0,1
FSCALE_composite,53,RN,random,16,ALL,77f020e2806e9527,09f3b456d18b51d9,437f8107140374a93800,437f8107140374a93800,77f020e2806e9527,77f020e2806e9527,3000,3000,00001f80,0000,0,1
FSCALE_composite,53,RN,random,17,ALL,26af025b0dac67e9,e4176b36534d29f4,00000000000000000000,00000000000000000000,0000000000000000,0000000000000000,3000,3030,00001fb0,0000,-4096,5
FSCALE_composite,53,RN,random,18,ALL,53b1a632f5448c93,8fb96d4d8436a104,413b8d3197aa24649800,413b8d3197aa24649800,53b1a632f5448c93,53b1a632f5448c93,3000,3000,00001f80,0000,0,1
FSCALE_composite,53,RN,random,19,ALL,aae0a3410a186549,a5501394232e40dc,beae851a0850c32a4800,beae851a0850c32a4800,aae0a3410a186549,aae0a3410a186549,3000,3000,00001f80,0000,0,1
FSCALE_composite,53,RN,random,50,EXCEPTION_FLAGS_MISMATCH,005afc080777a983,c5975c29dfe589ea,00000000000000000000,00000000000000000000,0000000000000000,0000000000000000,3000,3030,00001fb2,0000,-4096,5
FSCALE_composite,53,RN,random,71,EXCEPTION_FLAGS_MISMATCH,80167771944d67fe,dd5b5dbefa623032,80000000000000000000,80000000000000000000,8000000000000000,8000000000000000,3000,3030,00001fb2,0000,-4096,5
FSCALE_composite,53,RN,random,258,BELOW_TARGET_NORMAL_EXP,8000a130da9f44c9,b2b76010a7e65749,bbfca130da9f44c90000,bbfca130da9f44c90000,8000a130da9f44c9,8000a130da9f44c9,3002,3002,00001f82,0000,0,1
FSCALE_composite,53,RN,random,264,EXCEPTION_FLAGS_MISMATCH,fe86cd1d89b24e1f,f82af9f5443fa5d8,80000000000000000000,80000000000000000000,8000000000000000,8000000000000000,3000,3030,00001fb2,0000,-4096,5
FSCALE_composite,53,RN,random,304,REGISTER_VALUE_MISMATCH,046b1ee590c417d9,c0750c61e0902e47,3af6d8f72c8620bec800,00000000000000000000,0000000000000000,0000000000000000,3000,3000,00001fb0,0030,-336,1
FSCALE_composite,53,RN,random,304,EXCEPTION_FLAGS_MISMATCH,046b1ee590c417d9,c0750c61e0902e47,3af6d8f72c8620bec800,00000000000000000000,0000000000000000,0000000000000000,3000,3000,00001fb0,0030,-336,1
FSCALE_composite,53,RN,random,304,BELOW_TARGET_NORMAL_EXP,046b1ee590c417d9,c0750c61e0902e47,3af6d8f72c8620bec800,00000000000000000000,0000000000000000,0000000000000000,3000,3000,00001fb0,0030,-336,1
FSCALE_composite,53,RN,random,397,EXCEPTION_FLAGS_MISMATCH,3dd10972c570399a,fb6f5757fe850cde,00000000000000000000,00000000000000000000,0000000000000000,0000000000000000,3000,3030,00001fb2,0000,-4096,5
FSCALE_composite,53,RN,random,436,NAN_RESULT,7fff1ecf209fa9c6,34ed3665f84af8f6,7ffff8f67904fd4e3000,7ffff8f67904fd4e3000,7fff1ecf209fa9c6,7fff1ecf209fa9c6,3000,3000,00001f80,0000,0,1
FSCALE_composite,53,RN,random,471,EXCEPTION_FLAGS_MISMATCH,bd679cca93fb1a16,e4c850f5ad7adffe,80000000000000000000,80000000000000000000,8000000000000000,8000000000000000,3000,3030,00001fb2,0000,-4096,5
FSCALE_composite,53,RN,random,542,EXCEPTION_FLAGS_MISMATCH,3ee935c14d766a72,c6c6f5f3388930eb,00000000000000000000,00000000000000000000,0000000000000000,0000000000000000,3000,3030,00001fb2,0000,-4096,5
FSCALE_composite,53,RN,random,574,EXCEPTION_FLAGS_MISMATCH,3e10db08e03787db,fe3b2db0a320c462,00000000000000000000,00000000000000000000,0000000000000000,0000000000000000,3000,3030,00001fb2,0000,-4096,5
FSCALE_composite,53,RN,random,578,REGISTER_VALUE_MISMATCH,eb8929b40b92a239,c09dfe80382bf4ba,bb39c94da05c9511c800,80000000000000000000,8000000000000000,8000000000000000,3000,3000,00001fb0,0030,-1919,2
FSCALE_composite,53,RN,random,578,EXCEPTION_FLAGS_MISMATCH,eb8929b40b92a239,c09dfe80382bf4ba,bb39c94da05c9511c800,80000000000000000000,8000000000000000,8000000000000000,3000,3000,00001fb0,0030,-1919,2
FSCALE_composite,53,RN,random,578,BELOW_TARGET_NORMAL_EXP,eb8929b40b92a239,c09dfe80382bf4ba,bb39c94da05c9511c800,80000000000000000000,8000000000000000,8000000000000000,3000,3000,00001fb0,0030,-1919,2
FSCALE_composite,53,RN,random,608,REGISTER_VALUE_MISMATCH,9848d1827da82a5a,40b49729ee173e75,d21bc68c13ed4152d000,ffff8000000000000000,fff0000000000000,fff0000000000000,3000,3000,00001fa8,0228,4096,5
FSCALE_composite,53,RN,random,608,EXCEPTION_FLAGS_MISMATCH,9848d1827da82a5a,40b49729ee173e75,d21bc68c13ed4152d000,ffff8000000000000000,fff0000000000000,fff0000000000000,3000,3000,00001fa8,0228,4096,5
FSCALE_composite,53,RN,random,608,ABOVE_TARGET_MAX_EXP,9848d1827da82a5a,40b49729ee173e75,d21bc68c13ed4152d000,ffff8000000000000000,fff0000000000000,fff0000000000000,3000,3000,00001fa8,0228,4096,5
FSCALE_composite,53,RN,random,687,EXCEPTION_FLAGS_MISMATCH,7d50f32c204b5ade,f0fe98702c2af8b0,00000000000000000000,00000000000000000000,0000000000000000,0000000000000000,3000,3030,00001fb2,0000,-4096,5
FSCALE_composite,53,RN,random,774,EXCEPTION_FLAGS_MISMATCH,fd84e45a13547456,cd5de0b541fa0953,80000000000000000000,80000000000000000000,8000000000000000,8000000000000000,3000,3030,00001fb2,0000,-4096,5
FSCALE_composite,53,RN,random,790,REGISTER_VALUE_MISMATCH,2f035a6f4ef98d7e,c0c03977b2accd1b,1e7e9ad37a77cc6bf000,00000000000000000000,0000000000000000,0000000000000000,3000,3000,00001fb0,0030,-4096,5
FSCALE_composite,53,RN,random,790,EXCEPTION_FLAGS_MISMATCH,2f035a6f4ef98d7e,c0c03977b2accd1b,1e7e9ad37a77cc6bf000,00000000000000000000,0000000000000000,0000000000000000,3000,3000,00001fb0,0030,-4096,5
FSCALE_composite,53,RN,random,790,BELOW_TARGET_NORMAL_EXP,2f035a6f4ef98d7e,c0c03977b2accd1b,1e7e9ad37a77cc6bf000,00000000000000000000,0000000000000000,0000000000000000,3000,3000,00001fb0,0030,-4096,5
FSCALE_composite,53,RN,random,796,EXCEPTION_FLAGS_MISMATCH,bf8ee3e66d616240,ca0eef11d377359c,80000000000000000000,80000000000000000000,8000000000000000,8000000000000000,3000,3030,00001fb2,0000,-4096,5
FSCALE_composite,53,RN,random,818,REGISTER_VALUE_MISMATCH,069d414d0f34828f,c05fccb426caaa9c,3beaea0a6879a4147800,3beaea0a687800000000,000000003a829a1e,000000003a829a1e,3000,3000,00001fb0,0030,-127,1
FSCALE_composite,53,RN,random,818,EXCEPTION_FLAGS_MISMATCH,069d414d0f34828f,c05fccb426caaa9c,3beaea0a6879a4147800,3beaea0a687800000000,000000003a829a1e,000000003a829a1e,3000,3000,00001fb0,0030,-127,1
FSCALE_composite,53,RN,random,818,BELOW_TARGET_NORMAL_EXP,069d414d0f34828f,c05fccb426caaa9c,3beaea0a6879a4147800,3beaea0a687800000000,000000003a829a1e,000000003a829a1e,3000,3000,00001fb0,0030,-127,1
FSCALE_composite,53,RN,random,868,EXCEPTION_FLAGS_MISMATCH,fdffaf7c5dd364a3,e4283722f6c66a90,80000000000000000000,80000000000000000000,8000000000000000,8000000000000000,3000,3030,00001fb2,0000,-4096,5
FSCALE_composite,53,RN,random,876,EXCEPTION_FLAGS_MISMATCH,3e8e25bc65ae2a45,d16d65f448359bef,00000000000000000000,00000000000000000000,0000000000000000,0000000000000000,3000,3030,00001fb2,0000,-4096,5
FSCALE_composite,53,RN,random,903,EXCEPTION_FLAGS_MISMATCH,fef6f12e697bcc09,de3ccecd69d84b91,80000000000000000000,80000000000000000000,8000000000000000,8000000000000000,3000,3030,00001fb2,0000,-4096,5
FSCALE_composite,53,RN,random,1021,EXCEPTION_FLAGS_MISMATCH,fe6774d1a94864e1,ddc6f3c8ce66ef1a,80000000000000000000,80000000000000000000,8000000000000000,8000000000000000,3000,3030,00001fb2,0000,-4096,5
FSCALE_composite,53,RN,random,1202,EXCEPTION_FLAGS_MISMATCH,7e01ae6771ed8311,f8c2772056cf11ee,00000000000000000000,00000000000000000000,0000000000000000,0000000000000000,3000,3030,00001fb2,0000,-4096,5
FSCALE_composite,53,RN,random,1276,NAN_RESULT,7ff68a6d8a57bf82,805b077497036ce1,7ffff4536c52bdfc1000,7ffff4536c52bdfc1000,7ffe8a6d8a57bf82,7ffe8a6d8a57bf82,3001,3001,00001f81,0000,0,1
FSCALE_composite,53,RN,random,1838,REGISTER_VALUE_MISMATCH,0200299f6e0001aa,40b2fa89a2fd812f,4f1a814cfb70000d5000,7fff8000000000000000,7ff0000000000000,7ff0000000000000,3000,3000,00001fa8,0228,4096,5
FSCALE_composite,53,RN,random,1838,ABOVE_TARGET_MAX_EXP,0200299f6e0001aa,40b2fa89a2fd812f,4f1a814cfb70000d5000,7fff8000000000000000,7ff0000000000000,7ff0000000000000,3000,3000,00001fa8,0228,4096,5
FSCALE_composite,53,RN,random,2024,REGISTER_VALUE_MISMATCH,109f7187cf5e84e8,40b249aae23678d1,4f52fb8c3e7af4274000,7fff8000000000000000,7ff0000000000000,7ff0000000000000,3000,3000,00001fa8,0228,4096,5
FSCALE_composite,53,RN,random,2024,ABOVE_TARGET_MAX_EXP,109f7187cf5e84e8,40b249aae23678d1,4f52fb8c3e7af4274000,7fff8000000000000000,7ff0000000000000,7ff0000000000000,3000,3000,00001fa8,0228,4096,5
FSCALE_composite,53,RN,random,2679,REGISTER_VALUE_MISMATCH,ce4cb99578b3cece,c095e1ae2bf5fe9a,bb6ce5ccabc59e767000,80000000000000000000,8000000000000000,8000000000000000,3000,3000,00001fb0,0030,-1400,2
FSCALE_composite,53,RN,random,2679,BELOW_TARGET_NORMAL_EXP,ce4cb99578b3cece,c095e1ae2bf5fe9a,bb6ce5ccabc59e767000,80000000000000000000,8000000000000000,8000000000000000,3000,3000,00001fb0,0030,-1400,2
FSCALE_composite,53,RN,random,2981,REGISTER_VALUE_MISMATCH,fc8c06a54cbc619e,405941ce8ee70ff4,c42de0352a65e30cf000,ffff8000000000000000,fff0000000000000,fff0000000000000,3000,3000,00001fa8,0228,101,1
FSCALE_composite,53,RN,random,2981,ABOVE_TARGET_MAX_EXP,fc8c06a54cbc619e,405941ce8ee70ff4,c42de0352a65e30cf000,ffff8000000000000000,fff0000000000000,fff0000000000000,3000,3000,00001fa8,0228,101,1
FSCALE_composite,53,RN,random,3130,REGISTER_VALUE_MISMATCH,9ff4fe222b6f9e05,40b44d86786f5cbe,d24ca7f1115b7cf02800,ffff8000000000000000,fff0000000000000,fff0000000000000,3000,3000,00001fa8,0228,4096,5
FSCALE_composite,53,RN,random,3130,ABOVE_TARGET_MAX_EXP,9ff4fe222b6f9e05,40b44d86786f5cbe,d24ca7f1115b7cf02800,ffff8000000000000000,fff0000000000000,fff0000000000000,3000,3000,00001fa8,0228,4096,5
FSCALE_composite,53,RN,random,3242,REGISTER_VALUE_MISMATCH,fce1ea6a4327a801,c0ac5362b3984b73,b5a58f5352193d400800,80000000000000000000,8000000000000000,8000000000000000,3000,3000,00001fb0,0030,-3625,4
FSCALE_composite,53,RN,random,3242,BELOW_TARGET_NORMAL_EXP,fce1ea6a4327a801,c0ac5362b3984b73,b5a58f5352193d400800,80000000000000000000,8000000000000000,8000000000000000,3000,3000,00001fb0,0030,-3625,4
FSCALE_composite,53,RN,random,3778,BELOW_TARGET_NORMAL_EXP,0002508eb1f5c0f1,09dbe7207ceed065,3bfe9423ac7d703c4000,3bfe9423ac7d703c4000,0002508eb1f5c0f1,0002508eb1f5c0f1,3002,3002,00001f82,0000,0,1
FSCALE_composite,53,RN,random,3962,NAN_RESULT,7ff2b56876a3d94d,4fcc10e4323999c1,7fffd5ab43b51eca6800,7fffd5ab43b51eca6800,7ffab56876a3d94d,7ffab56876a3d94d,3001,3001,00001f81,0000,4096,5
FSCALE_composite,53,RN,random,4319,REGISTER_VALUE_MISMATCH,d93b131cf8858bb2,409a64c2d8659418,c82cd898e7c42c5d9000,ffff8000000000000000,fff0000000000000,fff0000000000000,3000,3000,00001fa8,0228,1689,2
FSCALE_composite,53,RN,random,4319,ABOVE_TARGET_MAX_EXP,d93b131cf8858bb2,409a64c2d8659418,c82cd898e7c42c5d9000,ffff8000000000000000,fff0000000000000,fff0000000000000,3000,3000,00001fa8,0228,1689,2
FSCALE_composite,53,RN,random,4404,REGISTER_VALUE_MISMATCH,fbc8f47385f58e8a,40839e6e80ef43ac,c62fc7a39c2fac745000,ffff8000000000000000,fff0000000000000,fff0000000000000,3000,3000,00001fa8,0228,627,1
FSCALE_composite,53,RN,random,4404,ABOVE_TARGET_MAX_EXP,fbc8f47385f58e8a,40839e6e80ef43ac,c62fc7a39c2fac745000,ffff8000000000000000,fff0000000000000,fff0000000000000,3000,3000,00001fa8,0228,627,1
FSCALE_composite,53,RN,random,4833,NAN_RESULT,fff7cd014dafca45,202b131e5c179673,fffffe680a6d7e522800,fffffe680a6d7e522800,ffffcd014dafca45,ffffcd014dafca45,3001,3001,00001f81,0000,0,1
FSCALE_composite,53,RN,random,4852,REGISTER_VALUE_MISMATCH,63714c001138c7d7,c0bb3637cb3bfa75,27018a600089c63eb800,00000000000000000000,0000000000000000,0000000000000000,3000,3000,00001fb0,0030,-4096,5
FSCALE_composite,53,RN,random,4852,BELOW_TARGET_NORMAL_EXP,63714c001138c7d7,c0bb3637cb3bfa75,27018a600089c63eb800,00000000000000000000,0000000000000000,0000000000000000,3000,3000,00001fb0,0030,-4096,5
FSCALE_composite,53,RN,random,4934,REGISTER_VALUE_MISMATCH,f6933f66e1758ee6,c0c1413ccfdc455d,a0e799fb370bac773000,80000000000000000000,8000000000000000,8000000000000000,3000,3000,00001fb0,0030,-4096,5
FSCALE_composite,53,RN,random,4934,BELOW_TARGET_NORMAL_EXP,f6933f66e1758ee6,c0c1413ccfdc455d,a0e799fb370bac773000,80000000000000000000,8000000000000000,8000000000000000,3000,3000,00001fb0,0030,-4096,5
FSCALE_composite,53,RN,random,5101,REGISTER_VALUE_MISMATCH,f470dc8a19a9e68f,40afaa4e1b2f682d,d31c86e450cd4f347800,ffff8000000000000000,fff0000000000000,fff0000000000000,3000,3000,00001fa8,0228,4053,4
FSCALE_composite,53,RN,random,5101,ABOVE_TARGET_MAX_EXP,f470dc8a19a9e68f,40afaa4e1b2f682d,d31c86e450cd4f347800,ffff8000000000000000,fff0000000000000,fff0000000000000,3000,3000,00001fa8,0228,4053,4
FSCALE_composite,53,RN,random,5136,REGISTER_VALUE_MISMATCH,082b1ec9396d1c21,c07d8307809c52e7,3aaad8f649cb68e10800,00000000000000000000,0000000000000000,0000000000000000,3000,3000,00001fb0,0030,-472,1
FSCALE_composite,53,RN,random,5136,BELOW_TARGET_NORMAL_EXP,082b1ec9396d1c21,c07d8307809c52e7,3aaad8f649cb68e10800,00000000000000000000,0000000000000000,0000000000000000,3000,3000,00001fb0,0030,-472,1
FSCALE_composite,53,RN,random,5225,NAN_RESULT,fff911ee97dfa19e,56576e8ccc5afbeb,ffffc88f74befd0cf000,ffffc88f74befd0cf000,fff911ee97dfa19e,fff911ee97dfa19e,3000,3000,00001f80,0000,4096,5
FSCALE_composite,53,RN,random,5288,BELOW_TARGET_NORMAL_EXP,0004d5f3e950123f,baaf8f925a461562,3bff9abe7d2a0247e000,3bff9abe7d2a0247e000,0004d5f3e950123f,0004d5f3e950123f,3002,3002,00001f82,0000,0,1
FSCALE_composite,53,RN,random,5320,NAN_RESULT,fff597ccdb722d53,545caaff9873a284,ffffecbe66db916a9800,ffffecbe66db916a9800,fffd97ccdb722d53,fffd97ccdb722d53,3001,3001,00001f81,0000,4096,5
FSCALE_composite,53,RN,random,5643,NAN_RESULT,fff73e76dd032547,c160f1eeecd5f8b2,fffff9f3b6e8192a3800,fffff9f3b6e8192a3800,ffff3e76dd032547,ffff3e76dd032547,3001,3001,00001f81,0000,-4096,5
FSCALE_composite,53,RN,random,6278,REGISTER_VALUE_MISMATCH,2b921f1059094007,40a1147ea9e42145,474390f882c84a003800,7fff8000000000000000,7ff0000000000000,7ff0000000000000,3000,3000,00001fa8,0228,2186,3
FSCALE_composite,53,RN,random,6278,ABOVE_TARGET_MAX_EXP,2b921f1059094007,40a1147ea9e42145,474390f882c84a003800,7fff8000000000000000,7ff0000000000000,7ff0000000000000,3000,3000,00001fa8,0228,2186,3
FSCALE_composite,53,RN,random,6299,REGISTER_VALUE_MISMATCH,ca40ffb5aad56b45,c0bd2eaaf944d18a,a37687fdad56ab5a2800,80000000000000000000,8000000000000000,8000000000000000,3000,3000,00001fb0,0030,-4096,5
FSCALE_composite,53,RN,random,6299,BELOW_TARGET_NORMAL_EXP,ca40ffb5aad56b45,c0bd2eaaf944d18a,a37687fdad56ab5a2800,80000000000000000000,8000000000000000,8000000000000000,3000,3000,00001fb0,0030,-4096,5
FSCALE_composite,53,RN,random,6531,REGISTER_VALUE_MISMATCH,61dafe43d121804c,4084bc13ee01fcf3,44b4d7f21e890c026000,7fff8000000000000000,7ff0000000000000,7ff0000000000000,3000,3000,00001fa8,0228,663,1
FSCALE_composite,53,RN,random,6531,ABOVE_TARGET_MAX_EXP,61dafe43d121804c,4084bc13ee01fcf3,44b4d7f21e890c026000,7fff8000000000000000,7ff0000000000000,7ff0000000000000,3000,3000,00001fa8,0228,663,1
FSCALE_composite,53,RN,random,6857,NAN_RESULT,fff2b9e1230f5bb5,33ba8d362a00422c,ffffd5cf09187adda800,ffffd5cf09187adda800,fffab9e1230f5bb5,fffab9e1230f5bb5,3001,3001,00001f81,0000,0,1
FSCALE_composite,53,RN,random,7005,ABOVE_TARGET_MAX_EXP,a97d6afe44a44418,409b847c5b133be3,c578eb57f2252220c000,ffff8000000000000000,fff0000000000000,fff0000000000000,3000,3000,00001fa8,0228,1761,2
FSCALE_composite,53,RN,random,7112,NAN_RESULT,7ff5fa7714e3a43e,06f1f331d917c213,7fffefd3b8a71d21f000,7fffefd3b8a71d21f000,7ffdfa7714e3a43e,7ffdfa7714e3a43e,3001,3001,00001f81,0000,0,1
FSCALE_composite,53,RN,random,7144,NAN_RESULT,3832221b7de1a141,7ff94c2e50bb9ddd,7fffca617285dceee800,7fffca617285dceee800,7ff94c2e50bb9ddd,7ff94c2e50bb9ddd,3000,3000,00001f80,0000,0,1
FSCALE_composite,53,RN,random,7144,NONFINITE_SCALE_INPUT,3832221b7de1a141,7ff94c2e50bb9ddd,7fffca617285dceee800,7fffca617285dceee800,7ff94c2e50bb9ddd,7ff94c2e50bb9ddd,3000,3000,00001f80,0000,0,1
FSCALE_composite,53,RN,random,7150,NAN_RESULT,7ff64d3afab83048,b903d1b62938cc6f,7ffff269d7d5c1824000,7ffff269d7d5c1824000,7ffe4d3afab83048,7ffe4d3afab83048,3001,3001,00001f81,0000,0,1
FSCALE_composite,53,RN,random,7157,NAN_RESULT,5021548c0d3ee499,fff7c82667cd086f,fffffe41333e68437800,fffffe41333e68437800,ffffc82667cd086f,ffffc82667cd086f,3001,3001,00001f81,0000,0,1
FSCALE_composite,53,RN,random,7157,NONFINITE_SCALE_INPUT,5021548c0d3ee499,fff7c82667cd086f,fffffe41333e68437800,fffffe41333e68437800,ffffc82667cd086f,ffffc82667cd086f,3001,3001,00001f81,0000,0,1
FSCALE_composite,53,RN,random,7865,BELOW_TARGET_NORMAL_EXP,5ea99d06d898b2b9,c0caebce6e3a1eb6,0c13cce836c4c595c800,00000000000000000000,0000000000000000,0000000000000000,3000,3000,00001fb0,0030,-4096,5
FSCALE_composite,53,RN,random,8755,BELOW_TARGET_NORMAL_EXP,1e0a43bd7481e26a,c0c25273dbf6956b,193cd21deba40f135000,00000000000000000000,0000000000000000,0000000000000000,3000,3000,00001fb0,0030,-4096,5
FSCALE_composite,53,RN,random,9337,ABOVE_TARGET_MAX_EXP,67b3001701543b4b,407b4a1ee436b055,442f9800b80aa1da5800,7fff8000000000000000,7ff0000000000000,7ff0000000000000,3000,3000,00001fa8,0228,436,1
FSCALE_composite,53,RN,random,10369,NAN_RESULT,7ff831954fabc586,ab35d11c1c885b1e,7fffc18caa7d5e2c3000,7fffc18caa7d5e2c3000,7ff831954fabc586,7ff831954fabc586,3000,3000,00001f80,0000,0,1
FSCALE_composite,53,RN,random,10393,BELOW_TARGET_NORMAL_EXP,3cc5fc9500459ce2,c0aba27ad4c54e45,31fbafe4a8022ce71000,00000000000000000000,0000000000000000,0000000000000000,3000,3000,00001fb0,0030,-3537,4
FSCALE_composite,53,RN,random,10666,NAN_RESULT,c905b38af98eb6fc,fff966a6305ea046,ffffcb353182f5023000,ffffcb353182f5023000,fff966a6305ea046,fff966a6305ea046,3000,3000,00001f80,0000,0,1
FSCALE_composite,53,RN,random,10666,NONFINITE_SCALE_INPUT,c905b38af98eb6fc,fff966a6305ea046,ffffcb353182f5023000,ffffcb353182f5023000,fff966a6305ea046,fff966a6305ea046,3000,3000,00001f80,0000,0,1
FSCALE_composite,53,RN,random,10688,BELOW_TARGET_NORMAL_EXP,eab9a1486a4cc203,c0a5450f00dd06b4,b809cd0a435266101800,80000000000000000000,8000000000000000,8000000000000000,3000,3000,00001fb0,0030,-2722,3
FSCALE_composite,53,RN,random,10731,NAN_RESULT,1ea86fb8076c0379,fff8b9f3af83f460,ffffc5cf9d7c1fa30000,ffffc5cf9d7c1fa30000,fff8b9f3af83f460,fff8b9f3af83f460,3000,3000,00001f80,0000,0,1
FSCALE_composite,53,RN,random,10731,NONFINITE_SCALE_INPUT,1ea86fb8076c0379,fff8b9f3af83f460,ffffc5cf9d7c1fa30000,ffffc5cf9d7c1fa30000,fff8b9f3af83f460,fff8b9f3af83f460,3000,3000,00001f80,0000,0,1
FSCALE_composite,53,RN,random,11022,BELOW_TARGET_NORMAL_EXP,13f9bc0352ab96ab,c092ed3916188cb6,3884cde01a955cb55800,00000000000000000000,0000000000000000,0000000000000000,3000,3000,00001fb0,0030,-1211,2
FSCALE_composite,53,RN,random,11522,NAN_RESULT,7ffdb528cf0afc2e,b091db1050246ff4,7fffeda9467857e17000,7fffeda9467857e17000,7ffdb528cf0afc2e,7ffdb528cf0afc2e,3000,3000,00001f80,0000,0,1
FSCALE_composite,53,RN,random,11556,ABOVE_TARGET_MAX_EXP,afac3bed97a5a7b5,40cebbac0d2a637a,fc71e1df6cbd2d3da800,ffff8000000000000000,fff0000000000000,fff0000000000000,3000,3000,00001fa8,0228,4096,5
FSCALE_composite,53,RN,random,11718,ABOVE_TARGET_MAX_EXP,16ea56c0cc9ad666,40c09a13d6f2ed82,5ea2d2b60664d6b33000,7fff8000000000000000,7ff0000000000000,7ff0000000000000,3000,3000,00001fa8,0228,4096,5
FSCALE_composite,53,RN,random,12374,ABOVE_TARGET_MAX_EXP,7f44bf300350b458,4082b23e7844a395,464aa5f9801a85a2c000,7fff8000000000000000,7ff0000000000000,7ff0000000000000,3000,3000,00001fa8,0228,598,1
FSCALE_composite,53,RN,random,13303,NAN_RESULT,7ff0c1e6a8fb5b16,e7b97527a0d3b195,7fffc60f3547dad8b000,7fffc60f3547dad8b000,7ff8c1e6a8fb5b16,7ff8c1e6a8fb5b16,3001,3001,00001f81,0000,-4096,5
FSCALE_composite,53,RN,random,13470,ABOVE_TARGET_MAX_EXP,0a2c4daaa8a5dcd9,40c439739222496f,6514e26d55452ee6c800,7fff8000000000000000,7ff0000000000000,7ff0000000000000,3000,3000,00001fa8,0228,4096,5
FSCALE_composite,53,RN,random,13524,BELOW_TARGET_NORMAL_EXP,cef5662c53d483e5,c09557ba2ff8fd76,bb9aab31629ea41f2800,80000000000000000000,8000000000000000,8000000000000000,3000,3000,00001fb0,0030,-1365,2
FSCALE_composite,53,RN,random,13530,NAN_RESULT,509f06ee712cd603,7ffbfa8500a13df5,7fffdfd4280509efa800,7fffdfd4280509efa800,7ffbfa8500a13df5,7ffbfa8500a13df5,3000,3000,00001f80,0000,0,1
FSCALE_composite,53,RN,random,13530,NONFINITE_SCALE_INPUT,509f06ee712cd603,7ffbfa8500a13df5,7fffdfd4280509efa800,7fffdfd4280509efa800,7ffbfa8500a13df5,7ffbfa8500a13df5,3000,3000,00001f80,0000,0,1
FSCALE_composite,53,RN,random,13834,ABOVE_TARGET_MAX_EXP,6ac9df6b0a9ff3fd,40920ba75f7a1b04,472ecefb5854ff9fe800,7fff8000000000000000,7ff0000000000000,7ff0000000000000,3000,3000,00001fa8,0228,1154,2
FSCALE_composite,53,RN,random,13912,NAN_RESULT,7fff3b6898a23a09,0cf584f32c80c25d,7ffff9db44c511d04800,7ffff9db44c511d04800,7fff3b6898a23a09,7fff3b6898a23a09,3000,3000,00001f80,0000,0,1
FSCALE_composite,53,RN,random,14028,NAN_RESULT,e4510164c84bd860,fff80ef429af2c44,ffffc077a14d79622000,ffffc077a14d79622000,fff80ef429af2c44,fff80ef429af2c44,3000,3000,00001f80,0000,0,1
FSCALE_composite,53,RN,random,14028,NONFINITE_SCALE_INPUT,e4510164c84bd860,fff80ef429af2c44,ffffc077a14d79622000,ffffc077a14d79622000,fff80ef429af2c44,fff80ef429af2c44,3000,3000,00001f80,0000,0,1
FSCALE_composite,53,RN,random,15349,ABOVE_TARGET_MAX_EXP,6c89463c50eefd5c,40cd63cd2df57c52,7d8fca31e28777eae000,7fff8000000000000000,7ff0000000000000,7ff0000000000000,3000,3000,00001fa8,0228,4096,5
FSCALE_composite,53,RN,random,17463,NONFINITE_SCALE_INPUT,ae97694884f57e2e,fffea3460cfdb166,fffff51a3067ed8b3000,fffff51a3067ed8b3000,fffea3460cfdb166,fffea3460cfdb166,3000,3000,00001f80,0000,0,1
FSCALE_composite,53,RN,random,17657,ABOVE_TARGET_MAX_EXP,d2ca53d45cf3d598,40c32ca0b818938a,e785d29ea2e79eacc000,ffff8000000000000000,fff0000000000000,fff0000000000000,3000,3000,00001fa8,0228,4096,5
FSCALE_composite,53,RN,random,18298,ABOVE_TARGET_MAX_EXP,3700139d417afcd6,40be9c312eb4377d,5e0c809cea0bd7e6b000,7fff8000000000000000,7ff0000000000000,7ff0000000000000,3000,3000,00001fa8,0228,4096,5
FSCALE_composite,53,RN,random,19729,NONFINITE_SCALE_INPUT,85cab8a711059b62,7ffe194562b9a845,7ffff0ca2b15cd422800,7ffff0ca2b15cd422800,7ffe194562b9a845,7ffe194562b9a845,3000,3000,00001f80,0000,0,1
FSCALE_composite,53,RN,random,21169,NONFINITE_SCALE_INPUT,8508f7867c1f4e58,7ff9bd611b24fe9f,7fffcdeb08d927f4f800,7fffcdeb08d927f4f800,7ff9bd611b24fe9f,7ff9bd611b24fe9f,3000,3000,00001f80,0000,0,1
FSCALE_composite,53,RN,random,22487,NONFINITE_SCALE_INPUT,ebc042449b86ea5b,fff669a1cf1aa58f,fffff34d0e78d52c7800,fffff34d0e78d52c7800,fffe69a1cf1aa58f,fffe69a1cf1aa58f,3001,3001,00001f81,0000,0,1
FSCALE_composite,53,RN,random,27835,NONFINITE_SCALE_INPUT,f2fd80f38f424efe,fff2da063c0c807a,ffffd6d031e06403d000,ffffd6d031e06403d000,fffada063c0c807a,fffada063c0c807a,3001,3001,00001f81,0000,0,1
FSCALE_composite,53,RN,random,28664,NONFINITE_SCALE_INPUT,3fce322de0a04ebf,7ff8853a607d2519,7fffc429d303e928c800,7fffc429d303e928c800,7ff8853a607d2519,7ff8853a607d2519,3000,3000,00001f80,0000,0,1
FSCALE_composite,53,RN,random,29838,NONFINITE_SCALE_INPUT,cea3f1a43e653081,fff223b728d8cf44,ffffd11db946c67a2000,ffffd11db946c67a2000,fffa23b728d8cf44,fffa23b728d8cf44,3001,3001,00001f81,0000,0,1
FSCALE_composite,53,RN,random,30212,NONFINITE_SCALE_INPUT,a05dae3ac7bd2709,fff14b385a30b761,ffffca59c2d185bb0800,ffffca59c2d185bb0800,fff94b385a30b761,fff94b385a30b761,3001,3001,00001f81,0000,0,1
FSCALE_composite,53,RN,random,30390,NONFINITE_SCALE_INPUT,73bfca66e8381a0f,7fffedbce165b7b0,7fffff6de70b2dbd8000,7fffff6de70b2dbd8000,7fffedbce165b7b0,7fffedbce165b7b0,3000,3000,00001f80,0000,0,1
FSCALE_composite,53,RN,random,31049,NONFINITE_SCALE_INPUT,0cb86b5d19534f80,7ff07fcbe8ab5efe,7fffc3fe5f455af7f000,7fffc3fe5f455af7f000,7ff87fcbe8ab5efe,7ff87fcbe8ab5efe,3001,3001,00001f81,0000,0,1
FSCALE_composite,53,RN,random,32430,NONFINITE_SCALE_INPUT,c6df2d76546bd32d,ffffd71320501ffb,fffffeb8990280ffd800,fffffeb8990280ffd800,ffffd71320501ffb,ffffd71320501ffb,3000,3000,00001f80,0000,0,1
FSCALE_composite,53,RN,random,34942,NONFINITE_SCALE_INPUT,dd3873fc3b4b06dc,7ff1ba871d023ee9,7fffcdd438e811f74800,7fffcdd438e811f74800,7ff9ba871d023ee9,7ff9ba871d023ee9,3001,3001,00001f81,0000,0,1
FSCALE_composite,53,RN,random,36325,NONFINITE_SCALE_INPUT,946aa5a8febd61e8,7ff75654cbb39dc7,7ffffab2a65d9cee3800,7ffffab2a65d9cee3800,7fff5654cbb39dc7,7fff5654cbb39dc7,3001,3001,00001f81,0000,0,1
FSCALE_composite,53,RN,random,37339,NONFINITE_SCALE_INPUT,791cbfeb5fb09591,fff623b04005571f,fffff11d82002ab8f800,fffff11d82002ab8f800,fffe23b04005571f,fffe23b04005571f,3001,3001,00001f81,0000,0,1
FSCALE_composite,53,RN,random,67494,NARROWED_VALUE_MISMATCH,fffd381a91724d02,fff6628cb6f5ee32,fffff31465b7af719000,ffffe9c0d48b92681000,fffe628cb6f5ee32,fffd381a91724d02,3001,3001,00001f81,0000,0,1
FSCALE_composite,53,RN,edge,489,NARROWED_VALUE_MISMATCH,7ff8000000000000,fff8000000000123,ffffc000000000091800,7fffc000000000000000,fff8000000000123,7ff8000000000000,3000,3000,00001f80,0000,0,1
FSCALE_composite,53,RN,edge,490,NARROWED_VALUE_MISMATCH,7ff8000000000000,7ff0000000000001,7fffc000000000000800,7fffc000000000000000,7ff8000000000001,7ff8000000000000,3001,3001,00001f81,0000,0,1
FSCALE_composite,53,RN,edge,491,NARROWED_VALUE_MISMATCH,7ff8000000000000,fff0000000000100,ffffc000000000080000,7fffc000000000000000,fff8000000000100,7ff8000000000000,3001,3001,00001f81,0000,0,1
FSCALE_composite,53,RN,edge,609,NARROWED_VALUE_MISMATCH,7ff0000000000001,fff8000000000123,ffffc000000000091800,7fffc000000000000800,fff8000000000123,7ff8000000000001,3001,3001,00001f81,0000,0,1
FSCALE_composite,53,RN,edge,611,NARROWED_VALUE_MISMATCH,7ff0000000000001,fff0000000000100,ffffc000000000080000,7fffc000000000000800,fff8000000000100,7ff8000000000001,3001,3001,00001f81,0000,0,1
FSCALE_composite,53,RN,edge,669,NARROWED_VALUE_MISMATCH,fff0000000000100,fff8000000000123,ffffc000000000091800,ffffc000000000080000,fff8000000000123,fff8000000000100,3001,3001,00001f81,0000,0,1
FSCALE_composite,53,RD,random,0,ALL,b6f18e37d06f946d,50244be11bde34e9,ffff8000000000000000,ffff8000000000000000,fff0000000000000,fff0000000000000,3000,3228,00003fa8,0000,4096,5
FSCALE_composite,53,RD,random,1,ALL,876d795dd9352870,fedc9a4a1b764562,80000000000000000001,bbcd8000000000000000,8000000000000001,8000000000000001,3000,3230,00003fb2,0230,-4096,5
FSCALE_composite,53,RD,random,1,REGISTER_VALUE_MISMATCH,876d795dd9352870,fedc9a4a1b764562,80000000000000000001,bbcd8000000000000000,8000000000000001,8000000000000001,3000,3230,00003fb2,0230,-4096,5
FSCALE_composite,53,RD,random,1,EXCEPTION_FLAGS_MISMATCH,876d795dd9352870,fedc9a4a1b764562,80000000000000000001,bbcd8000000000000000,8000000000000001,8000000000000001,3000,3230,00003fb2,0230,-4096,5
FSCALE_composite,53,RD,random,1,BELOW_TARGET_NORMAL_EXP,876d795dd9352870,fedc9a4a1b764562,80000000000000000001,bbcd8000000000000000,8000000000000001,8000000000000001,3000,3230,00003fb2,0230,-4096,5
FSCALE_composite,53,RD,random,2,ALL,1a68fd5a97c81d24,6e84bd74e6c52c55,7ffeffffffffffffffff,43fefffffffffffff800,7fefffffffffffff,7fefffffffffffff,3000,3028,00003fa8,0028,4096,5
FSCALE_composite,53,RD,random,2,REGISTER_VALUE_MISMATCH,1a68fd5a97c81d24,6e84bd74e6c52c55,7ffeffffffffffffffff,43fefffffffffffff800,7fefffffffffffff,7fefffffffffffff,3000,3028,00003fa8,0028,4096,5
FSCALE_composite,53,RD,random,2,ABOVE_TARGET_MAX_EXP,1a68fd5a97c81d24,6e84bd74e6c52c55,7ffeffffffffffffffff,43fefffffffffffff800,7fefffffffffffff,7fefffffffffffff,3000,3028,00003fa8,0028,4096,5
FSCALE_composite,53,RD,random,3,ALL,126f786491e7f180,e251798ffe1268f1,00000000000000000000,00000000000000000000,0000000000000000,0000000000000000,3000,3030,00003fb0,0000,-4096,5
FSCALE_composite,53,RD,random,4,ALL,9dc28fda721f60fe,c26d7a6a3fd88c6b,80000000000000000001,bbcd8000000000000000,8000000000000001,8000000000000001,3000,3230,00003fb2,0230,-4096,5
FSCALE_composite,53,RD,random,4,REGISTER_VALUE_MISMATCH,9dc28fda721f60fe,c26d7a6a3fd88c6b,80000000000000000001,bbcd8000000000000000,8000000000000001,8000000000000001,3000,3230,00003fb2,0230,-4096,5
FSCALE_composite,53,RD,random,4,EXCEPTION_FLAGS_MISMATCH,9dc28fda721f60fe,c26d7a6a3fd88c6b,80000000000000000001,bbcd8000000000000000,8000000000000001,8000000000000001,3000,3230,00003fb2,0230,-4096,5
FSCALE_composite,53,RD,random,4,BELOW_TARGET_NORMAL_EXP,9dc28fda721f60fe,c26d7a6a3fd88c6b,80000000000000000001,bbcd8000000000000000,8000000000000001,8000000000000001,3000,3230,00003fb2,0230,-4096,5
FSCALE_composite,53,RD,random,5,ALL,98ca6cf7d6f2da83,01b9604968398519,bd8cd367beb796d41800,bd8cd367beb796d41800,98ca6cf7d6f2da83,98ca6cf7d6f2da83,3000,3000,00003f80,0000,0,1
FSCALE_composite,53,RD,random,6,ALL,f5e76745255edafb,96b51a397efdbd82,c35ebb3a292af6d7d800,c35ebb3a292af6d7d800,f5e76745255edafb,f5e76745255edafb,3000,3000,00003f80,0000,0,1
FSCALE_composite,53,RD,random,7,ALL,7b6f4f2cd446e560,ab357e271cfd6c54,43b6fa7966a2372b0000,43b6fa7966a2372b0000,7b6f4f2cd446e560,7b6f4f2cd446e560,3000,3000,00003f80,0000,0,1
FSCALE_composite,53,RD,random,8,ALL,c5c3eaaaba46176c,3bf68efb3c4e6859,c05c9f5555d230bb6000,c05c9f5555d230bb6000,c5c3eaaaba46176c,c5c3eaaaba46176c,3000,3000,00003f80,0000,0,1
FSCALE_composite,53,RD,random,9,ALL,9d83649b70124cea,6b9b24f35473b6d3,ffff8000000000000000,ffff8000000000000000,fff0000000000000,fff0000000000000,3000,3228,00003fa8,0000,4096,5
FSCALE_composite,53,RD,random,10,ALL,179529e926b8486f,924499999a1b1ba9,3d79a94f4935c2437800,3d79a94f4935c2437800,179529e926b8486f,179529e926b8486f,3000,3000,00003f80,0000,0,1
FSCALE_composite,53,RD,random,11,ALL,0dab419b1e9a8f25,1e9892a226e069f4,3cdada0cd8f4d4792800,3cdada0cd8f4d4792800,0dab419b1e9a8f25,0dab419b1e9a8f25,3000,3000,00003f80,0000,0,1
FSCALE_composite,53,RD,random,12,ALL,78fb00bab95c2e2c,9fe4a2f8b8104187,438fd805d5cae1716000,438fd805d5cae1716000,78fb00bab95c2e2c,78fb00bab95c2e2c,3000,3000,00003f80,0000,0,1
FSCALE_composite,53,RD,random,13,ALL,2f754fc56cc1e283,e653875b6612f471,00000000000000000000,00000000000000000000,0000000000000000,0000000000000000,3000,3030,00003fb0,0000,-4096,5
FSCALE_composite,53,RD,random,14,ALL,0007988a21e68365,2ba463a8549332ce,3bfff311443cd06ca000,3bfff311443cd06ca000,0007988a21e68365,0007988a21e68365,3002,3002,00003f82,0000,0,1
FSCALE_composite,53,RD,random,14,BELOW_TARGET_NORMAL_EXP,0007988a21e68365,2ba463a8549332ce,3bfff311443cd06ca000,3bfff311443cd06ca000,0007988a21e68365,0007988a21e68365,3002,3002,00003f82,0000,0,1
FSCALE_composite,53,RD,random,15,ALL,dfede9a4fa7c67cf,05b1a4629beb8404,c1feef4d27d3e33e7800,c1feef4d27d3e33e7800,dfede9a4fa7c67cf,dfede9a4fa7c67cf,3000,3000,00003f80,0000,0,1
FSCALE_composite,53,RD,random,16,ALL,77f020e2806e9527,09f3b456d18b51d9,437f8107140374a93800,437f8107140374a93800,77f020e2806e9527,77f020e2806e9527,3000,3000,00003f80,0000,0,1
FSCALE_composite,53,RD,random,17,ALL,26af025b0dac67e9,e4176b36534d29f4,00000000000000000000,00000000000000000000,0000000000000000,0000000000000000,3000,3030,00003fb0,0000,-4096,5
FSCALE_composite,53,RD,random,18,ALL,53b1a632f5448c93,8fb96d4d8436a104,413b8d3197aa24649800,413b8d3197aa24649800,53b1a632f5448c93,53b1a632f5448c93,3000,3000,00003f80,0000,0,1
FSCALE_composite,53,RD,random,19,ALL,aae0a3410a186549,a5501394232e40dc,beae851a0850c32a4800,beae851a0850c32a4800,aae0a3410a186549,aae0a3410a186549,3000,3000,00003f80,0000,0,1
FSCALE_composite,53,RD,random,24,REGISTER_VALUE_MISMATCH,cca1450b6e9d1a28,c27a7d10aafb2215,80000000000000000001,bbcd8000000000000000,8000000000000001,8000000000000001,3000,3230,00003fb2,0230,-4096,5
FSCALE_composite,53,RD,random,24,EXCEPTION_FLAGS_MISMATCH,cca1450b6e9d1a28,c27a7d10aafb2215,80000000000000000001,bbcd8000000000000000,8000000000000001,8000000000000001,3000,3230,00003fb2,0230,-4096,5
FSCALE_composite,53,RD,random,24,BELOW_TARGET_NORMAL_EXP,cca1450b6e9d1a28,c27a7d10aafb2215,80000000000000000001,bbcd8000000000000000,8000000000000001,8000000000000001,3000,3230,00003fb2,0230,-4096,5
FSCALE_composite,53,RD,random,26,REGISTER_VALUE_MISMATCH,6ba56b3d50d3fb0c,4ca131710fd87eca,7ffeffffffffffffffff,43fefffffffffffff800,7fefffffffffffff,7fefffffffffffff,3000,3028,00003fa8,0028,4096,5
FSCALE_composite,53,RD,random,26,ABOVE_TARGET_MAX_EXP,6ba56b3d50d3fb0c,4ca131710fd87eca,7ffeffffffffffffffff,43fefffffffffffff800,7fefffffffffffff,7fefffffffffffff,3000,3028,00003fa8,0028,4096,5
FSCALE_composite,53,RD,random,27,REGISTER_VALUE_MISMATCH,8a07a32118827380,e39b59389687ebea,80000000000000000001,bbcd8000000000000000,8000000000000001,8000000000000001,3000,3230,00003fb2,0230,-4096,5
FSCALE_composite,53,RD,random,27,EXCEPTION_FLAGS_MISMATCH,8a07a32118827380,e39b59389687ebea,80000000000000000001,bbcd8000000000000000,8000000000000001,8000000000000001,3000,3230,00003fb2,0230,-4096,5
FSCALE_composite,53,RD,random,27,BELOW_TARGET_NORMAL_EXP,8a07a32118827380,e39b59389687ebea,80000000000000000001,bbcd8000000000000000,8000000000000001,8000000000000001,3000,3230,00003fb2,0230,-4096,5
FSCALE_composite,53,RD,random,30,REGISTER_VALUE_MISMATCH,49c41eba1346af2d,6dd77e8a0adedf5c,7ffeffffffffffffffff,43fefffffffffffff800,7fefffffffffffff,7fefffffffffffff,3000,3028,00003fa8,0028,4096,5
FSCALE_composite,53,RD,random,30,ABOVE_TARGET_MAX_EXP,49c41eba1346af2d,6dd77e8a0adedf5c,7ffeffffffffffffffff,43fefffffffffffff800,7fefffffffffffff,7fefffffffffffff,3000,3028,00003fa8,0028,4096,5
FSCALE_composite,53,RD,random,33,REGISTER_VALUE_MISMATCH,f2a640bfc8801e90,ed96d3a96764a91b,80000000000000000001,bbcd8000000000000000,8000000000000001,8000000000000001,3000,3230,00003fb2,0230,-4096,5
FSCALE_composite,53,RD,random,33,EXCEPTION_FLAGS_MISMATCH,f2a640bfc8801e90,ed96d3a96764a91b,80000000000000000001,bbcd8000000000000000,8000000000000001,8000000000000001,3000,3230,00003fb2,0230,-4096,5
FSCALE_composite,53,RD,random,33,BELOW_TARGET_NORMAL_EXP,f2a640bfc8801e90,ed96d3a96764a91b,80000000000000000001,bbcd8000000000000000,8000000000000001,8000000000000001,3000,3230,00003fb2,0230,-4096,5
FSCALE_composite,53,RD,random,34,REGISTER_VALUE_MISMATCH,9962540af037d39d,fab54d3495c37062,80000000000000000001,bbcd8000000000000000,8000000000000001,8000000000000001,3000,3230,00003fb2,0230,-4096,5
FSCALE_composite,53,RD,random,34,EXCEPTION_FLAGS_MISMATCH,9962540af037d39d,fab54d3495c37062,80000000000000000001,bbcd8000000000000000,8000000000000001,8000000000000001,3000,3230,00003fb2,0230,-4096,5
FSCALE_composite,53,RD,random,34,BELOW_TARGET_NORMAL_EXP,9962540af037d39d,fab54d3495c37062,80000000000000000001,bbcd8000000000000000,8000000000000001,8000000000000001,3000,3230,00003fb2,0230,-4096,5
FSCALE_composite,53,RD,random,43,REGISTER_VALUE_MISMATCH,66b063400329f0b2,6e1e537f0da983f9,7ffeffffffffffffffff,43fefffffffffffff800,7fefffffffffffff,7fefffffffffffff,3000,3028,00003fa8,0028,4096,5
FSCALE_composite,53,RD,random,43,ABOVE_TARGET_MAX_EXP,66b063400329f0b2,6e1e537f0da983f9,7ffeffffffffffffffff,43fefffffffffffff800,7fefffffffffffff,7fefffffffffffff,3000,3028,00003fa8,0028,4096,5
FSCALE_composite,53,RD,random,46,REGISTER_VALUE_MISMATCH,89a5739ea0452a02,e57f1ad70c90aa6d,80000000000000000001,bbcd8000000000000000,8000000000000001,8000000000000001,3000,3230,00003fb2,0230,-4096,5
FSCALE_composite,53,RD,random,46,EXCEPTION_FLAGS_MISMATCH,89a5739ea0452a02,e57f1ad70c90aa6d,80000000000000000001,bbcd8000000000000000,8000000000000001,8000000000000001,3000,3230,00003fb2,0230,-4096,5
FSCALE_composite,53,RD,random,46,BELOW_TARGET_NORMAL_EXP,89a5739ea0452a02,e57f1ad70c90aa6d,80000000000000000001,bbcd8000000000000000,8000000000000001,8000000000000001,3000,3230,00003fb2,0230,-4096,5
FSCALE_composite,53,RD,random,50,EXCEPTION_FLAGS_MISMATCH,005afc080777a983,c5975c29dfe589ea,00000000000000000000,00000000000000000000,0000000000000000,0000000000000000,3000,3030,00003fb2,0000,-4096,5
FSCALE_composite,53,RD,random,58,REGISTER_VALUE_MISMATCH,c57d451ce7afe98c,f8778bbe110e8cb3,80000000000000000001,bbcd8000000000000000,8000000000000001,8000000000000001,3000,3230,00003fb2,0230,-4096,5
FSCALE_composite,53,RD,random,58,EXCEPTION_FLAGS_MISMATCH,c57d451ce7afe98c,f8778bbe110e8cb3,80000000000000000001,bbcd8000000000000000,8000000000000001,8000000000000001,3000,3230,00003fb2,0230,-4096,5
FSCALE_composite,53,RD,random,58,BELOW_TARGET_NORMAL_EXP,c57d451ce7afe98c,f8778bbe110e8cb3,80000000000000000001,bbcd8000000000000000,8000000000000001,8000000000000001,3000,3230,00003fb2,0230,-4096,5
FSCALE_composite,53,RD,random,60,REGISTER_VALUE_MISMATCH,1c4fe92684b484f9,70d4a555651ba586,7ffeffffffffffffffff,43fefffffffffffff800,7fefffffffffffff,7fefffffffffffff,3000,3028,00003fa8,0028,4096,5
FSCALE_composite,53,RD,random,60,ABOVE_TARGET_MAX_EXP,1c4fe92684b484f9,70d4a555651ba586,7ffeffffffffffffffff,43fefffffffffffff800,7fefffffffffffff,7fefffffffffffff,3000,3028,00003fa8,0028,4096,5
FSCALE_composite,53,RD,random,69,REGISTER_VALUE_MISMATCH,1ac0d7409bdd60c8,47f7e7023a84f5ed,7ffeffffffffffffffff,43fefffffffffffff800,7fefffffffffffff,7fefffffffffffff,3000,3028,00003fa8,0028,4096,5
FSCALE_composite,53,RD,random,69,ABOVE_TARGET_MAX_EXP,1ac0d7409bdd60c8,47f7e7023a84f5ed,7ffeffffffffffffffff,43fefffffffffffff800,7fefffffffffffff,7fefffffffffffff,3000,3028,00003fa8,0028,4096,5
FSCALE_composite,53,RD,random,70,REGISTER_VALUE_MISMATCH,dbdd0be6987afabe,d92ac11211e431c6,80000000000000000001,bbcd8000000000000000,8000000000000001,8000000000000001,3000,3230,00003fb2,0230,-4096,5
FSCALE_composite,53,RD,random,70,EXCEPTION_FLAGS_MISMATCH,dbdd0be6987afabe,d92ac11211e431c6,80000000000000000001,bbcd8000000000000000,8000000000000001,8000000000000001,3000,3230,00003fb2,0230,-4096,5
FSCALE_composite,53,RD,random,70,BELOW_TARGET_NORMAL_EXP,dbdd0be6987afabe,d92ac11211e431c6,80000000000000000001,bbcd8000000000000000,8000000000000001,8000000000000001,3000,3230,00003fb2,0230,-4096,5
FSCALE_composite,53,RD,random,71,REGISTER_VALUE_MISMATCH,80167771944d67fe,dd5b5dbefa623032,80000000000000000001,bbcd8000000000000000,8000000000000001,8000000000000001,3000,3230,00003fb2,0230,-4096,5
FSCALE_composite,53,RD,random,71,EXCEPTION_FLAGS_MISMATCH,80167771944d67fe,dd5b5dbefa623032,80000000000000000001,bbcd8000000000000000,8000000000000001,8000000000000001,3000,3230,00003fb2,0230,-4096,5
FSCALE_composite,53,RD,random,71,BELOW_TARGET_NORMAL_EXP,80167771944d67fe,dd5b5dbefa623032,80000000000000000001,bbcd8000000000000000,8000000000000001,8000000000000001,3000,3230,00003fb2,0230,-4096,5
FSCALE_composite,53,RD,random,74,REGISTER_VALUE_MISMATCH,dd39915dabc56064,fef682df307014f4,80000000000000000001,bbcd8000000000000000,8000000000000001,8000000000000001,3000,3230,00003fb2,0230,-4096,5
FSCALE_composite,53,RD,random,74,EXCEPTION_FLAGS_MISMATCH,dd39915dabc56064,fef682df307014f4,80000000000000000001,bbcd8000000000000000,8000000000000001,8000000000000001,3000,3230,00003fb2,0230,-4096,5
FSCALE_composite,53,RD,random,74,BELOW_TARGET_NORMAL_EXP,dd39915dabc56064,fef682df307014f4,80000000000000000001,bbcd8000000000000000,8000000000000001,8000000000000001,3000,3230,00003fb2,0230,-4096,5
FSCALE_composite,53,RD,random,75,REGISTER_VALUE_MISMATCH,14af6333062f3307,5265f606341425cc,7ffeffffffffffffffff,43fefffffffffffff800,7fefffffffffffff,7fefffffffffffff,3000,3028,00003fa8,0028,4096,5
FSCALE_composite,53,RD,random,75,ABOVE_TARGET_MAX_EXP,14af6333062f3307,5265f606341425cc,7ffeffffffffffffffff,43fefffffffffffff800,7fefffffffffffff,7fefffffffffffff,3000,3028,00003fa8,0028,4096,5
FSCALE_composite,53,RD,random,78,REGISTER_VALUE_MISMATCH,41ad335049ac51f0,5e78c7d8814b32dd,7ffeffffffffffffffff,43fefffffffffffff800,7fefffffffffffff,7fefffffffffffff,3000,3028,00003fa8,0028,4096,5
FSCALE_composite,53,RD,random,78,ABOVE_TARGET_MAX_EXP,41ad335049ac51f0,5e78c7d8814b32dd,7ffeffffffffffffffff,43fefffffffffffff800,7fefffffffffffff,7fefffffffffffff,3000,3028,00003fa8,0028,4096,5
FSCALE_composite,53,RD,random,82,REGISTER_VALUE_MISMATCH,9e872751b2f112dd,ee28d8f7c4788ca7,80000000000000000001,bbcd8000000000000000,8000000000000001,8000000000000001,3000,3230,00003fb2,0230,-4096,5
FSCALE_composite,53,RD,random,82,EXCEPTION_FLAGS_MISMATCH,9e872751b2f112dd,ee28d8f7c4788ca7,80000000000000000001,bbcd8000000000000000,8000000000000001,8000000000000001,3000,3230,00003fb2,0230,-4096,5
FSCALE_composite,53,RD,random,82,BELOW_TARGET_NORMAL_EXP,9e872751b2f112dd,ee28d8f7c4788ca7,80000000000000000001,bbcd8000000000000000,8000000000000001,8000000000000001,3000,3230,00003fb2,0230,-4096,5
FSCALE_composite,53,RD,random,94,EXCEPTION_FLAGS_MISMATCH,afaf070a5b2860f8,cf19c1eca72224ef,80000000000000000001,bbcd8000000000000000,8000000000000001,8000000000000001,3000,3230,00003fb2,0230,-4096,5
FSCALE_composite,53,RD,random,94,BELOW_TARGET_NORMAL_EXP,afaf070a5b2860f8,cf19c1eca72224ef,80000000000000000001,bbcd8000000000000000,8000000000000001,8000000000000001,3000,3230,00003fb2,0230,-4096,5
FSCALE_composite,53,RD,random,100,ABOVE_TARGET_MAX_EXP,347a4aa02639d55e,7cd2df91b31e702d,7ffeffffffffffffffff,43fefffffffffffff800,7fefffffffffffff,7fefffffffffffff,3000,3028,00003fa8,0028,4096,5
FSCALE_composite,53,RD,random,106,ABOVE_TARGET_MAX_EXP,4101a49192dc84c3,7507d6c403169dd2,7ffeffffffffffffffff,43fefffffffffffff800,7fefffffffffffff,7fefffffffffffff,3000,3028,00003fa8,0028,4096,5
FSCALE_composite,53,RD,random,107,EXCEPTION_FLAGS_MISMATCH,a99ad57967b77734,f965f80bce64d547,80000000000000000001,bbcd8000000000000000,8000000000000001,8000000000000001,3000,3230,00003fb2,0230,-4096,5
FSCALE_composite,53,RD,random,107,BELOW_TARGET_NORMAL_EXP,a99ad57967b77734,f965f80bce64d547,80000000000000000001,bbcd8000000000000000,8000000000000001,8000000000000001,3000,3230,00003fb2,0230,-4096,5
FSCALE_composite,53,RD,random,108,EXCEPTION_FLAGS_MISMATCH,fa499268bc62db5b,c6d492fb24b52be7,80000000000000000001,bbcd8000000000000000,8000000000000001,8000000000000001,3000,3230,00003fb2,0230,-4096,5
FSCALE_composite,53,RD,random,108,BELOW_TARGET_NORMAL_EXP,fa499268bc62db5b,c6d492fb24b52be7,80000000000000000001,bbcd8000000000000000,8000000000000001,8000000000000001,3000,3230,00003fb2,0230,-4096,5
FSCALE_composite,53,RD,random,110,ABOVE_TARGET_MAX_EXP,228d88871dbfdce1,46ace85a7ff6cf7b,7ffeffffffffffffffff,43fefffffffffffff800,7fefffffffffffff,7fefffffffffffff,3000,3028,00003fa8,0028,4096,5
FSCALE_composite,53,RD,random,116,ABOVE_TARGET_MAX_EXP,7055d5a453ee0bc0,6cd997cb515bc396,7ffeffffffffffffffff,43fefffffffffffff800,7fefffffffffffff,7fefffffffffffff,3000,3028,00003fa8,0028,4096,5
FSCALE_composite,53,RD,random,118,ABOVE_TARGET_MAX_EXP,66ebdcb2c9dd41ec,57c71a22bb5894f9,7ffeffffffffffffffff,43fefffffffffffff800,7fefffffffffffff,7fefffffffffffff,3000,3028,00003fa8,0028,4096,5
FSCALE_composite,53,RD,random,120,ABOVE_TARGET_MAX_EXP,7a5b0cdfc2c2eaed,53a5c058503145f6,7ffeffffffffffffffff,43fefffffffffffff800,7fefffffffffffff,7fefffffffffffff,3000,3028,00003fa8,0028,4096,5
FSCALE_composite,53,RD,random,131,ABOVE_TARGET_MAX_EXP,7fb3454f140e0648,7f14ca872e298120,7ffeffffffffffffffff,43fefffffffffffff800,7fefffffffffffff,7fefffffffffffff,3000,3028,00003fa8,0028,4096,5
FSCALE_composite,53,RD,random,133,EXCEPTION_FLAGS_MISMATCH,aae75a2ac9585fec,f6e2fed5969179ad,80000000000000000001,bbcd8000000000000000,8000000000000001,8000000000000001,3000,3230,00003fb2,0230,-4096,5
FSCALE_composite,53,RD,random,133,BELOW_TARGET_NORMAL_EXP,aae75a2ac9585fec,f6e2fed5969179ad,80000000000000000001,bbcd8000000000000000,8000000000000001,8000000000000001,3000,3230,00003fb2,0230,-4096,5
FSCALE_composite,53,RD,random,145,ABOVE_TARGET_MAX_EXP,7587a5475d349335,4c399885cb6f67aa,7ffeffffffffffffffff,43fefffffffffffff800,7fefffffffffffff,7fefffffffffffff,3000,3028,00003fa8,0028,4096,5
FSCALE_composite,53,RD,random,150,ABOVE_TARGET_MAX_EXP,02c39cad5fbb8e77,4fe5c586c80c5c76,7ffeffffffffffffffff,43fefffffffffffff800,7fefffffffffffff,7fefffffffffffff,3000,3028,00003fa8,0028,4096,5
FSCALE_composite,53,RD,random,151,ABOVE_TARGET_MAX_EXP,5907512811fc4d6a,726160bc927601a0,7ffeffffffffffffffff,43fefffffffffffff800,7fefffffffffffff,7fefffffffffffff,3000,3028,00003fa8,0028,4096,5
FSCALE_composite,53,RD,random,153,ABOVE_TARGET_MAX_EXP,2b6f9d7165d91d47,735831d77e383c3b,7ffeffffffffffffffff,43fefffffffffffff800,7fefffffffffffff,7fefffffffffffff,3000,3028,00003fa8,0028,4096,5
FSCALE_composite,53,RD,random,154,EXCEPTION_FLAGS_MISMATCH,f4429b212c1676ea,ed018d33baab9838,80000000000000000001,bbcd8000000000000000,8000000000000001,8000000000000001,3000,3230,00003fb2,0230,-4096,5
FSCALE_composite,53,RD,random,154,BELOW_TARGET_NORMAL_EXP,f4429b212c1676ea,ed018d33baab9838,80000000000000000001,bbcd8000000000000000,8000000000000001,8000000000000001,3000,3230,00003fb2,0230,-4096,5
FSCALE_composite,53,RD,random,165,ABOVE_TARGET_MAX_EXP,4939cf9b74900947,64b2f692cd933c61,7ffeffffffffffffffff,43fefffffffffffff800,7fefffffffffffff,7fefffffffffffff,3000,3028,00003fa8,0028,4096,5
FSCALE_composite,53,RD,random,166,EXCEPTION_FLAGS_MISMATCH,bc851c3c8fbf5627,fa646c52a47e5b79,80000000000000000001,bbcd8000000000000000,8000000000000001,8000000000000001,3000,3230,00003fb2,0230,-4096,5
FSCALE_composite,53,RD,random,166,BELOW_TARGET_NORMAL_EXP,bc851c3c8fbf5627,fa646c52a47e5b79,80000000000000000001,bbcd8000000000000000,8000000000000001,8000000000000001,3000,3230,00003fb2,0230,-4096,5
FSCALE_composite,53,RD,random,193,EXCEPTION_FLAGS_MISMATCH,ba797ec41c952d82,cca50d761d1f102a,80000000000000000001,bbcd8000000000000000,8000000000000001,8000000000000001,3000,3230,00003fb2,0230,-4096,5
FSCALE_composite,53,RD,random,193,BELOW_TARGET_NORMAL_EXP,ba797ec41c952d82,cca50d761d1f102a,80000000000000000001,bbcd8000000000000000,8000000000000001,8000000000000001,3000,3230,00003fb2,0230,-4096,5
FSCALE_composite,53,RD,random,436,NAN_RESULT,7fff1ecf209fa9c6,34ed3665f84af8f6,7ffff8f67904fd4e3000,7ffff8f67904fd4e3000,7fff1ecf209fa9c6,7fff1ecf209fa9c6,3000,3000,00003f80,0000,0,1
FSCALE_composite,53,RD,random,1276,NAN_RESULT,7ff68a6d8a57bf82,805b077497036ce1,7ffff4536c52bdfc1000,7ffff4536c52bdfc1000,7ffe8a6d8a57bf82,7ffe8a6d8a57bf82,3001,3001,00003f81,0000,0,1
FSCALE_composite,53,RD,random,3962,NAN_RESULT,7ff2b56876a3d94d,4fcc10e4323999c1,7fffd5ab43b51eca6800,7fffd5ab43b51eca6800,7ffab56876a3d94d,7ffab56876a3d94d,3001,3001,00003f81,0000,4096,5
FSCALE_composite,53,RD,random,4833,NAN_RESULT,fff7cd014dafca45,202b131e5c179673,fffffe680a6d7e522800,fffffe680a6d7e522800,ffffcd014dafca45,ffffcd014dafca45,3001,3001,00003f81,0000,0,1
FSCALE_composite,53,RD,random,5225,NAN_RESULT,fff911ee97dfa19e,56576e8ccc5afbeb,ffffc88f74befd0cf000,ffffc88f74befd0cf000,fff911ee97dfa19e,fff911ee97dfa19e,3000,3000,00003f80,0000,4096,5
FSCALE_composite,53,RD,random,5320,NAN_RESULT,fff597ccdb722d53,545caaff9873a284,ffffecbe66db916a9800,ffffecbe66db916a9800,fffd97ccdb722d53,fffd97ccdb722d53,3001,3001,00003f81,0000,4096,5
FSCALE_composite,53,RD,random,5643,NAN_RESULT,fff73e76dd032547,c160f1eeecd5f8b2,fffff9f3b6e8192a3800,fffff9f3b6e8192a3800,ffff3e76dd032547,ffff3e76dd032547,3001,3001,00003f81,0000,-4096,5
FSCALE_composite,53,RD,random,6857,NAN_RESULT,fff2b9e1230f5bb5,33ba8d362a00422c,ffffd5cf09187adda800,ffffd5cf09187adda800,fffab9e1230f5bb5,fffab9e1230f5bb5,3001,3001,00003f81,0000,0,1
FSCALE_composite,53,RD,random,7112,NAN_RESULT,7ff5fa7714e3a43e,06f1f331d917c213,7fffefd3b8a71d21f000,7fffefd3b8a71d21f000,7ffdfa7714e3a43e,7ffdfa7714e3a43e,3001,3001,00003f81,0000,0,1
FSCALE_composite,53,RD,random,7144,NAN_RESULT,3832221b7de1a141,7ff94c2e50bb9ddd,7fffca617285dceee800,7fffca617285dceee800,7ff94c2e50bb9ddd,7ff94c2e50bb9ddd,3000,3000,00003f80,0000,0,1
FSCALE_composite,53,RD,random,7144,NONFINITE_SCALE_INPUT,3832221b7de1a141,7ff94c2e50bb9ddd,7fffca617285dceee800,7fffca617285dceee800,7ff94c2e50bb9ddd,7ff94c2e50bb9ddd,3000,3000,00003f80,0000,0,1
FSCALE_composite,53,RD,random,7150,NAN_RESULT,7ff64d3afab83048,b903d1b62938cc6f,7ffff269d7d5c1824000,7ffff269d7d5c1824000,7ffe4d3afab83048,7ffe4d3afab83048,3001,3001,00003f81,0000,0,1
FSCALE_composite,53,RD,random,7157,NAN_RESULT,5021548c0d3ee499,fff7c82667cd086f,fffffe41333e68437800,fffffe41333e68437800,ffffc82667cd086f,ffffc82667cd086f,3001,3001,00003f81,0000,0,1
FSCALE_composite,53,RD,random,7157,NONFINITE_SCALE_INPUT,5021548c0d3ee499,fff7c82667cd086f,fffffe41333e68437800,fffffe41333e68437800,ffffc82667cd086f,ffffc82667cd086f,3001,3001,00003f81,0000,0,1
FSCALE_composite,53,RD,random,10369,NAN_RESULT,7ff831954fabc586,ab35d11c1c885b1e,7fffc18caa7d5e2c3000,7fffc18caa7d5e2c3000,7ff831954fabc586,7ff831954fabc586,3000,3000,00003f80,0000,0,1
FSCALE_composite,53,RD,random,10666,NAN_RESULT,c905b38af98eb6fc,fff966a6305ea046,ffffcb353182f5023000,ffffcb353182f5023000,fff966a6305ea046,fff966a6305ea046,3000,3000,00003f80,0000,0,1
FSCALE_composite,53,RD,random,10666,NONFINITE_SCALE_INPUT,c905b38af98eb6fc,fff966a6305ea046,ffffcb353182f5023000,ffffcb353182f5023000,fff966a6305ea046,fff966a6305ea046,3000,3000,00003f80,0000,0,1
FSCALE_composite,53,RD,random,10731,NAN_RESULT,1ea86fb8076c0379,fff8b9f3af83f460,ffffc5cf9d7c1fa30000,ffffc5cf9d7c1fa30000,fff8b9f3af83f460,fff8b9f3af83f460,3000,3000,00003f80,0000,0,1
FSCALE_composite,53,RD,random,10731,NONFINITE_SCALE_INPUT,1ea86fb8076c0379,fff8b9f3af83f460,ffffc5cf9d7c1fa30000,ffffc5cf9d7c1fa30000,fff8b9f3af83f460,fff8b9f3af83f460,3000,3000,00003f80,0000,0,1
FSCALE_composite,53,RD,random,11522,NAN_RESULT,7ffdb528cf0afc2e,b091db1050246ff4,7fffeda9467857e17000,7fffeda9467857e17000,7ffdb528cf0afc2e,7ffdb528cf0afc2e,3000,3000,00003f80,0000,0,1
FSCALE_composite,53,RD,random,13303,NAN_RESULT,7ff0c1e6a8fb5b16,e7b97527a0d3b195,7fffc60f3547dad8b000,7fffc60f3547dad8b000,7ff8c1e6a8fb5b16,7ff8c1e6a8fb5b16,3001,3001,00003f81,0000,-4096,5
FSCALE_composite,53,RD,random,13530,NAN_RESULT,509f06ee712cd603,7ffbfa8500a13df5,7fffdfd4280509efa800,7fffdfd4280509efa800,7ffbfa8500a13df5,7ffbfa8500a13df5,3000,3000,00003f80,0000,0,1
FSCALE_composite,53,RD,random,13530,NONFINITE_SCALE_INPUT,509f06ee712cd603,7ffbfa8500a13df5,7fffdfd4280509efa800,7fffdfd4280509efa800,7ffbfa8500a13df5,7ffbfa8500a13df5,3000,3000,00003f80,0000,0,1
FSCALE_composite,53,RD,random,13912,NAN_RESULT,7fff3b6898a23a09,0cf584f32c80c25d,7ffff9db44c511d04800,7ffff9db44c511d04800,7fff3b6898a23a09,7fff3b6898a23a09,3000,3000,00003f80,0000,0,1
FSCALE_composite,53,RD,random,14028,NAN_RESULT,e4510164c84bd860,fff80ef429af2c44,ffffc077a14d79622000,ffffc077a14d79622000,fff80ef429af2c44,fff80ef429af2c44,3000,3000,00003f80,0000,0,1
FSCALE_composite,53,RD,random,14028,NONFINITE_SCALE_INPUT,e4510164c84bd860,fff80ef429af2c44,ffffc077a14d79622000,ffffc077a14d79622000,fff80ef429af2c44,fff80ef429af2c44,3000,3000,00003f80,0000,0,1
FSCALE_composite,53,RD,random,17463,NONFINITE_SCALE_INPUT,ae97694884f57e2e,fffea3460cfdb166,fffff51a3067ed8b3000,fffff51a3067ed8b3000,fffea3460cfdb166,fffea3460cfdb166,3000,3000,00003f80,0000,0,1
FSCALE_composite,53,RD,random,19729,NONFINITE_SCALE_INPUT,85cab8a711059b62,7ffe194562b9a845,7ffff0ca2b15cd422800,7ffff0ca2b15cd422800,7ffe194562b9a845,7ffe194562b9a845,3000,3000,00003f80,0000,0,1
FSCALE_composite,53,RD,random,21169,NONFINITE_SCALE_INPUT,8508f7867c1f4e58,7ff9bd611b24fe9f,7fffcdeb08d927f4f800,7fffcdeb08d927f4f800,7ff9bd611b24fe9f,7ff9bd611b24fe9f,3000,3000,00003f80,0000,0,1
FSCALE_composite,53,RD,random,22487,NONFINITE_SCALE_INPUT,ebc042449b86ea5b,fff669a1cf1aa58f,fffff34d0e78d52c7800,fffff34d0e78d52c7800,fffe69a1cf1aa58f,fffe69a1cf1aa58f,3001,3001,00003f81,0000,0,1
FSCALE_composite,53,RD,random,27835,NONFINITE_SCALE_INPUT,f2fd80f38f424efe,fff2da063c0c807a,ffffd6d031e06403d000,ffffd6d031e06403d000,fffada063c0c807a,fffada063c0c807a,3001,3001,00003f81,0000,0,1
FSCALE_composite,53,RD,random,28664,NONFINITE_SCALE_INPUT,3fce322de0a04ebf,7ff8853a607d2519,7fffc429d303e928c800,7fffc429d303e928c800,7ff8853a607d2519,7ff8853a607d2519,3000,3000,00003f80,0000,0,1
FSCALE_composite,53,RD,random,29838,NONFINITE_SCALE_INPUT,cea3f1a43e653081,fff223b728d8cf44,ffffd11db946c67a2000,ffffd11db946c67a2000,fffa23b728d8cf44,fffa23b728d8cf44,3001,3001,00003f81,0000,0,1
FSCALE_composite,53,RD,random,30212,NONFINITE_SCALE_INPUT,a05dae3ac7bd2709,fff14b385a30b761,ffffca59c2d185bb0800,ffffca59c2d185bb0800,fff94b385a30b761,fff94b385a30b761,3001,3001,00003f81,0000,0,1
FSCALE_composite,53,RD,random,30390,NONFINITE_SCALE_INPUT,73bfca66e8381a0f,7fffedbce165b7b0,7fffff6de70b2dbd8000,7fffff6de70b2dbd8000,7fffedbce165b7b0,7fffedbce165b7b0,3000,3000,00003f80,0000,0,1
FSCALE_composite,53,RD,random,31049,NONFINITE_SCALE_INPUT,0cb86b5d19534f80,7ff07fcbe8ab5efe,7fffc3fe5f455af7f000,7fffc3fe5f455af7f000,7ff87fcbe8ab5efe,7ff87fcbe8ab5efe,3001,3001,00003f81,0000,0,1
FSCALE_composite,53,RD,random,32430,NONFINITE_SCALE_INPUT,c6df2d76546bd32d,ffffd71320501ffb,fffffeb8990280ffd800,fffffeb8990280ffd800,ffffd71320501ffb,ffffd71320501ffb,3000,3000,00003f80,0000,0,1
FSCALE_composite,53,RD,random,34942,NONFINITE_SCALE_INPUT,dd3873fc3b4b06dc,7ff1ba871d023ee9,7fffcdd438e811f74800,7fffcdd438e811f74800,7ff9ba871d023ee9,7ff9ba871d023ee9,3001,3001,00003f81,0000,0,1
FSCALE_composite,53,RD,random,36325,NONFINITE_SCALE_INPUT,946aa5a8febd61e8,7ff75654cbb39dc7,7ffffab2a65d9cee3800,7ffffab2a65d9cee3800,7fff5654cbb39dc7,7fff5654cbb39dc7,3001,3001,00003f81,0000,0,1
FSCALE_composite,53,RD,random,37339,NONFINITE_SCALE_INPUT,791cbfeb5fb09591,fff623b04005571f,fffff11d82002ab8f800,fffff11d82002ab8f800,fffe23b04005571f,fffe23b04005571f,3001,3001,00003f81,0000,0,1
FSCALE_composite,53,RD,random,67494,NARROWED_VALUE_MISMATCH,fffd381a91724d02,fff6628cb6f5ee32,fffff31465b7af719000,ffffe9c0d48b92681000,fffe628cb6f5ee32,fffd381a91724d02,3001,3001,00003f81,0000,0,1
FSCALE_composite,53,RD,edge,489,NARROWED_VALUE_MISMATCH,7ff8000000000000,fff8000000000123,ffffc000000000091800,7fffc000000000000000,fff8000000000123,7ff8000000000000,3000,3000,00003f80,0000,0,1
FSCALE_composite,53,RD,edge,490,NARROWED_VALUE_MISMATCH,7ff8000000000000,7ff0000000000001,7fffc000000000000800,7fffc000000000000000,7ff8000000000001,7ff8000000000000,3001,3001,00003f81,0000,0,1
FSCALE_composite,53,RD,edge,491,NARROWED_VALUE_MISMATCH,7ff8000000000000,fff0000000000100,ffffc000000000080000,7fffc000000000000000,fff8000000000100,7ff8000000000000,3001,3001,00003f81,0000,0,1
FSCALE_composite,53,RD,edge,609,NARROWED_VALUE_MISMATCH,7ff0000000000001,fff8000000000123,ffffc000000000091800,7fffc000000000000800,fff8000000000123,7ff8000000000001,3001,3001,00003f81,0000,0,1
FSCALE_composite,53,RD,edge,611,NARROWED_VALUE_MISMATCH,7ff0000000000001,fff0000000000100,ffffc000000000080000,7fffc000000000000800,fff8000000000100,7ff8000000000001,3001,3001,00003f81,0000,0,1
FSCALE_composite,53,RD,edge,669,NARROWED_VALUE_MISMATCH,fff0000000000100,fff8000000000123,ffffc000000000091800,ffffc000000000080000,fff8000000000123,fff8000000000100,3001,3001,00003f81,0000,0,1
FSCALE_composite,53,RU,random,0,ALL,b6f18e37d06f946d,50244be11bde34e9,fffeffffffffffffffff,c3fefffffffffffff800,ffefffffffffffff,ffefffffffffffff,3000,3028,00005fa8,0028,4096,5
FSCALE_composite,53,RU,random,0,REGISTER_VALUE_MISMATCH,b6f18e37d06f946d,50244be11bde34e9,fffeffffffffffffffff,c3fefffffffffffff800,ffefffffffffffff,ffefffffffffffff,3000,3028,00005fa8,0028,4096,5
FSCALE_composite,53,RU,random,0,ABOVE_TARGET_MAX_EXP,b6f18e37d06f946d,50244be11bde34e9,fffeffffffffffffffff,c3fefffffffffffff800,ffefffffffffffff,ffefffffffffffff,3000,3028,00005fa8,0028,4096,5
FSCALE_composite,53,RU,random,1,ALL,876d795dd9352870,fedc9a4a1b764562,80000000000000000000,80000000000000000000,8000000000000000,8000000000000000,3000,3030,00005fb0,0000,-4096,5
FSCALE_composite,53,RU,random,2,ALL,1a68fd5a97c81d24,6e84bd74e6c52c55,7fff8000000000000000,7fff8000000000000000,7ff0000000000000,7ff0000000000000,3000,3228,00005fa8,0000,4096,5
FSCALE_composite,53,RU,random,3,ALL,126f786491e7f180,e251798ffe1268f1,00000000000000000001,3bcd8000000000000000,0000000000000001,0000000000000001,3000,3230,00005fb2,0230,-4096,5
FSCALE_composite,53,RU,random,3,REGISTER_VALUE_MISMATCH,126f786491e7f180,e251798ffe1268f1,00000000000000000001,3bcd8000000000000000,0000000000000001,0000000000000001,3000,3230,00005fb2,0230,-4096,5
FSCALE_composite,53,RU,random,3,EXCEPTION_FLAGS_MISMATCH,126f786491e7f180,e251798ffe1268f1,00000000000000000001,3bcd8000000000000000,0000000000000001,0000000000000001,3000,3230,00005fb2,0230,-4096,5
FSCALE_composite,53,RU,random,3,BELOW_TARGET_NORMAL_EXP,126f786491e7f180,e251798ffe1268f1,00000000000000000001,3bcd8000000000000000,0000000000000001,0000000000000001,3000,3230,00005fb2,0230,-4096,5
FSCALE_composite,53,RU,random,4,ALL,9dc28fda721f60fe,c26d7a6a3fd88c6b,80000000000000000000,80000000000000000000,8000000000000000,8000000000000000,3000,3030,00005fb0,0000,-4096,5
FSCALE_composite,53,RU,random,5,ALL,98ca6cf7d6f2da83,01b9604968398519,bd8cd367beb796d41800,bd8cd367beb796d41800,98ca6cf7d6f2da83,98ca6cf7d6f2da83,3000,3000,00005f80,0000,0,1
FSCALE_composite,53,RU,random,6,ALL,f5e76745255edafb,96b51a397efdbd82,c35ebb3a292af6d7d800,c35ebb3a292af6d7d800,f5e76745255edafb,f5e76745255edafb,3000,3000,00005f80,0000,0,1
FSCALE_composite,53,RU,random,7,ALL,7b6f4f2cd446e560,ab357e271cfd6c54,43b6fa7966a2372b0000,43b6fa7966a2372b0000,7b6f4f2cd446e560,7b6f4f2cd446e560,3000,3000,00005f80,0000,0,1
FSCALE_composite,53,RU,random,8,ALL,c5c3eaaaba46176c,3bf68efb3c4e6859,c05c9f5555d230bb6000,c05c9f5555d230bb6000,c5c3eaaaba46176c,c5c3eaaaba46176c,3000,3000,00005f80,0000,0,1
FSCALE_composite,53,RU,random,9,ALL,9d83649b70124cea,6b9b24f35473b6d3,fffeffffffffffffffff,c3fefffffffffffff800,ffefffffffffffff,ffefffffffffffff,3000,3028,00005fa8,0028,4096,5
FSCALE_composite,53,RU,random,9,REGISTER_VALUE_MISMATCH,9d83649b70124cea,6b9b24f35473b6d3,fffeffffffffffffffff,c3fefffffffffffff800,ffefffffffffffff,ffefffffffffffff,3000,3028,00005fa8,0028,4096,5
FSCALE_composite,53,RU,random,9,ABOVE_TARGET_MAX_EXP,9d83649b70124cea,6b9b24f35473b6d3,fffeffffffffffffffff,c3fefffffffffffff800,ffefffffffffffff,ffefffffffffffff,3000,3028,00005fa8,0028,4096,5
FSCALE_composite,53,RU,random,10,ALL,179529e926b8486f,924499999a1b1ba9,3d79a94f4935c2437800,3d79a94f4935c2437800,179529e926b8486f,179529e926b8486f,3000,3000,00005f80,0000,0,1
FSCALE_composite,53,RU,random,11,ALL,0dab419b1e9a8f25,1e9892a226e069f4,3cdada0cd8f4d4792800,3cdada0cd8f4d4792800,0dab419b1e9a8f25,0dab419b1e9a8f25,3000,3000,00005f80,0000,0,1
FSCALE_composite,53,RU,random,12,ALL,78fb00bab95c2e2c,9fe4a2f8b8104187,438fd805d5cae1716000,438fd805d5cae1716000,78fb00bab95c2e2c,78fb00bab95c2e2c,3000,3000,00005f80,0000,0,1
FSCALE_composite,53,RU,random,13,ALL,2f754fc56cc1e283,e653875b6612f471,00000000000000000001,3bcd8000000000000000,0000000000000001,0000000000000001,3000,3230,00005fb2,0230,-4096,5
FSCALE_composite,53,RU,random,13,REGISTER_VALUE_MISMATCH,2f754fc56cc1e283,e653875b6612f471,00000000000000000001,3bcd8000000000000000,0000000000000001,0000000000000001,3000,3230,00005fb2,0230,-4096,5
FSCALE_composite,53,RU,random,13,EXCEPTION_FLAGS_MISMATCH,2f754fc56cc1e283,e653875b6612f471,00000000000000000001,3bcd8000000000000000,0000000000000001,0000000000000001,3000,3230,00005fb2,0230,-4096,5
FSCALE_composite,53,RU,random,13,BELOW_TARGET_NORMAL_EXP,2f754fc56cc1e283,e653875b6612f471,00000000000000000001,3bcd8000000000000000,0000000000000001,0000000000000001,3000,3230,00005fb2,0230,-4096,5
FSCALE_composite,53,RU,random,14,ALL,0007988a21e68365,2ba463a8549332ce,3bfff311443cd06ca000,3bfff311443cd06ca000,0007988a21e68365,0007988a21e68365,3002,3002,00005f82,0000,0,1
FSCALE_composite,53,RU,random,14,BELOW_TARGET_NORMAL_EXP,0007988a21e68365,2ba463a8549332ce,3bfff311443cd06ca000,3bfff311443cd06ca000,0007988a21e68365,0007988a21e68365,3002,3002,00005f82,0000,0,1
FSCALE_composite,53,RU,random,15,ALL,dfede9a4fa7c67cf,05b1a4629beb8404,c1feef4d27d3e33e7800,c1feef4d27d3e33e7800,dfede9a4fa7c67cf,dfede9a4fa7c67cf,3000,3000,00005f80,0000,0,1
FSCALE_composite,53,RU,random,16,ALL,77f020e2806e9527,09f3b456d18b51d9,437f8107140374a93800,437f8107140374a93800,77f020e2806e9527,77f020e2806e9527,3000,3000,00005f80,0000,0,1
FSCALE_composite,53,RU,random,17,ALL,26af025b0dac67e9,e4176b36534d29f4,00000000000000000001,3bcd8000000000000000,0000000000000001,0000000000000001,3000,3230,00005fb2,0230,-4096,5
FSCALE_composite,53,RU,random,17,REGISTER_VALUE_MISMATCH,26af025b0dac67e9,e4176b36534d29f4,00000000000000000001,3bcd8000000000000000,0000000000000001,0000000000000001,3000,3230,00005fb2,0230,-4096,5
FSCALE_composite,53,RU,random,17,EXCEPTION_FLAGS_MISMATCH,26af025b0dac67e9,e4176b36534d29f4,00000000000000000001,3bcd8000000000000000,0000000000000001,0000000000000001,3000,3230,00005fb2,0230,-4096,5
FSCALE_composite,53,RU,random,17,BELOW_TARGET_NORMAL_EXP,26af025b0dac67e9,e4176b36534d29f4,00000000000000000001,3bcd8000000000000000,0000000000000001,0000000000000001,3000,3230,00005fb2,0230,-4096,5
FSCALE_composite,53,RU,random,18,ALL,53b1a632f5448c93,8fb96d4d8436a104,413b8d3197aa24649800,413b8d3197aa24649800,53b1a632f5448c93,53b1a632f5448c93,3000,3000,00005f80,0000,0,1
FSCALE_composite,53,RU,random,19,ALL,aae0a3410a186549,a5501394232e40dc,beae851a0850c32a4800,beae851a0850c32a4800,aae0a3410a186549,aae0a3410a186549,3000,3000,00005f80,0000,0,1
FSCALE_composite,53,RU,random,20,REGISTER_VALUE_MISMATCH,551a6561caeb5848,de5b36ad5145a476,00000000000000000001,3bcd8000000000000000,0000000000000001,0000000000000001,3000,3230,00005fb2,0230,-4096,5
FSCALE_composite,53,RU,random,20,EXCEPTION_FLAGS_MISMATCH,551a6561caeb5848,de5b36ad5145a476,00000000000000000001,3bcd8000000000000000,0000000000000001,0000000000000001,3000,3230,00005fb2,0230,-4096,5
FSCALE_composite,53,RU,random,20,BELOW_TARGET_NORMAL_EXP,551a6561caeb5848,de5b36ad5145a476,00000000000000000001,3bcd8000000000000000,0000000000000001,0000000000000001,3000,3230,00005fb2,0230,-4096,5
FSCALE_composite,53,RU,random,21,REGISTER_VALUE_MISMATCH,5060496bbd513516,ef4fb06f39af39df,00000000000000000001,3bcd8000000000000000,0000000000000001,0000000000000001,3000,3230,00005fb2,0230,-4096,5
FSCALE_composite,53,RU,random,21,EXCEPTION_FLAGS_MISMATCH,5060496bbd513516,ef4fb06f39af39df,00000000000000000001,3bcd8000000000000000,0000000000000001,0000000000000001,3000,3230,00005fb2,0230,-4096,5
FSCALE_composite,53,RU,random,21,BELOW_TARGET_NORMAL_EXP,5060496bbd513516,ef4fb06f39af39df,00000000000000000001,3bcd8000000000000000,0000000000000001,0000000000000001,3000,3230,00005fb2,0230,-4096,5
FSCALE_composite,53,RU,random,23,REGISTER_VALUE_MISMATCH,1071fcfaac2291e1,ee1f3d623e9f6062,00000000000000000001,3bcd8000000000000000,0000000000000001,0000000000000001,3000,3230,00005fb2,0230,-4096,5
FSCALE_composite,53,RU,random,23,EXCEPTION_FLAGS_MISMATCH,1071fcfaac2291e1,ee1f3d623e9f6062,00000000000000000001,3bcd8000000000000000,0000000000000001,0000000000000001,3000,3230,00005fb2,0230,-4096,5
FSCALE_composite,53,RU,random,23,BELOW_TARGET_NORMAL_EXP,1071fcfaac2291e1,ee1f3d623e9f6062,00000000000000000001,3bcd8000000000000000,0000000000000001,0000000000000001,3000,3230,00005fb2,0230,-4096,5
FSCALE_composite,53,RU,random,32,REGISTER_VALUE_MISMATCH,43c23611b7df6de8,f94f33a3a0260a31,00000000000000000001,3bcd8000000000000000,0000000000000001,0000000000000001,3000,3230,00005fb2,0230,-4096,5
FSCALE_composite,53,RU,random,32,EXCEPTION_FLAGS_MISMATCH,43c23611b7df6de8,f94f33a3a0260a31,00000000000000000001,3bcd8000000000000000,0000000000000001,0000000000000001,3000,3230,00005fb2,0230,-4096,5
FSCALE_composite,53,RU,random,32,BELOW_TARGET_NORMAL_EXP,43c23611b7df6de8,f94f33a3a0260a31,00000000000000000001,3bcd8000000000000000,0000000000000001,0000000000000001,3000,3230,00005fb2,0230,-4096,5
FSCALE_composite,53,RU,random,35,REGISTER_VALUE_MISMATCH,15a229fda65fc432,d2a2392ec230659e,00000000000000000001,3bcd8000000000000000,0000000000000001,0000000000000001,3000,3230,00005fb2,0230,-4096,5
FSCALE_composite,53,RU,random,35,EXCEPTION_FLAGS_MISMATCH,15a229fda65fc432,d2a2392ec230659e,00000000000000000001,3bcd8000000000000000,0000000000000001,0000000000000001,3000,3230,00005fb2,0230,-4096,5
FSCALE_composite,53,RU,random,35,BELOW_TARGET_NORMAL_EXP,15a229fda65fc432,d2a2392ec230659e,00000000000000000001,3bcd8000000000000000,0000000000000001,0000000000000001,3000,3230,00005fb2,0230,-4096,5
FSCALE_composite,53,RU,random,36,REGISTER_VALUE_MISMATCH,f691d280deb1a41f,7875c4f76f48228f,fffeffffffffffffffff,c3fefffffffffffff800,ffefffffffffffff,ffefffffffffffff,3000,3028,00005fa8,0028,4096,5
FSCALE_composite,53,RU,random,36,ABOVE_TARGET_MAX_EXP,f691d280deb1a41f,7875c4f76f48228f,fffeffffffffffffffff,c3fefffffffffffff800,ffefffffffffffff,ffefffffffffffff,3000,3028,00005fa8,0028,4096,5
FSCALE_composite,53,RU,random,40,REGISTER_VALUE_MISMATCH,eea5561ce066842f,4930553e1ff7cb18,fffeffffffffffffffff,c3fefffffffffffff800,ffefffffffffffff,ffefffffffffffff,3000,3028,00005fa8,0028,4096,5
FSCALE_composite,53,RU,random,40,ABOVE_TARGET_MAX_EXP,eea5561ce066842f,4930553e1ff7cb18,fffeffffffffffffffff,c3fefffffffffffff800,ffefffffffffffff,ffefffffffffffff,3000,3028,00005fa8,0028,4096,5
FSCALE_composite,53,RU,random,45,REGISTER_VALUE_MISMATCH,67faf4c8e5399194,cd780757e45c47b8,00000000000000000001,3bcd8000000000000000,0000000000000001,0000000000000001,3000,3230,00005fb2,0230,-4096,5
FSCALE_composite,53,RU,random,45,EXCEPTION_FLAGS_MISMATCH,67faf4c8e5399194,cd780757e45c47b8,00000000000000000001,3bcd8000000000000000,0000000000000001,0000000000000001,3000,3230,00005fb2,0230,-4096,5
FSCALE_composite,53,RU,random,45,BELOW_TARGET_NORMAL_EXP,67faf4c8e5399194,cd780757e45c47b8,00000000000000000001,3bcd8000000000000000,0000000000000001,0000000000000001,3000,3230,00005fb2,0230,-4096,5
FSCALE_composite,53,RU,random,47,REGISTER_VALUE_MISMATCH,23732b5ba5cce1a4,e1cdca1aa79fb3fe,00000000000000000001,3bcd8000000000000000,0000000000000001,0000000000000001,3000,3230,00005fb2,0230,-4096,5
FSCALE_composite,53,RU,random,47,EXCEPTION_FLAGS_MISMATCH,23732b5ba5cce1a4,e1cdca1aa79fb3fe,00000000000000000001,3bcd8000000000000000,0000000000000001,0000000000000001,3000,3230,00005fb2,0230,-4096,5
FSCALE_composite,53,RU,random,47,BELOW_TARGET_NORMAL_EXP,23732b5ba5cce1a4,e1cdca1aa79fb3fe,00000000000000000001,3bcd8000000000000000,0000000000000001,0000000000000001,3000,3230,00005fb2,0230,-4096,5
FSCALE_composite,53,RU,random,50,REGISTER_VALUE_MISMATCH,005afc080777a983,c5975c29dfe589ea,00000000000000000001,3bcd8000000000000000,0000000000000001,0000000000000001,3000,3230,00005fb2,0230,-4096,5
FSCALE_composite,53,RU,random,50,EXCEPTION_FLAGS_MISMATCH,005afc080777a983,c5975c29dfe589ea,00000000000000000001,3bcd8000000000000000,0000000000000001,0000000000000001,3000,3230,00005fb2,0230,-4096,5
FSCALE_composite,53,RU,random,50,BELOW_TARGET_NORMAL_EXP,005afc080777a983,c5975c29dfe589ea,00000000000000000001,3bcd8000000000000000,0000000000000001,0000000000000001,3000,3230,00005fb2,0230,-4096,5
FSCALE_composite,53,RU,random,51,REGISTER_VALUE_MISMATCH,01bf4f4c51f4effb,c5c50c1c96f6ab2d,00000000000000000001,3bcd8000000000000000,0000000000000001,0000000000000001,3000,3230,00005fb2,0230,-4096,5
FSCALE_composite,53,RU,random,51,EXCEPTION_FLAGS_MISMATCH,01bf4f4c51f4effb,c5c50c1c96f6ab2d,00000000000000000001,3bcd8000000000000000,0000000000000001,0000000000000001,3000,3230,00005fb2,0230,-4096,5
FSCALE_composite,53,RU,random,51,BELOW_TARGET_NORMAL_EXP,01bf4f4c51f4effb,c5c50c1c96f6ab2d,00000000000000000001,3bcd8000000000000000,0000000000000001,0000000000000001,3000,3230,00005fb2,0230,-4096,5
FSCALE_composite,53,RU,random,59,REGISTER_VALUE_MISMATCH,0e4cc82507f3b065,d0ce9e7a52581614,00000000000000000001,3bcd8000000000000000,0000000000000001,0000000000000001,3000,3230,00005fb2,0230,-4096,5
FSCALE_composite,53,RU,random,59,EXCEPTION_FLAGS_MISMATCH,0e4cc82507f3b065,d0ce9e7a52581614,00000000000000000001,3bcd8000000000000000,0000000000000001,0000000000000001,3000,3230,00005fb2,0230,-4096,5
FSCALE_composite,53,RU,random,59,BELOW_TARGET_NORMAL_EXP,0e4cc82507f3b065,d0ce9e7a52581614,00000000000000000001,3bcd8000000000000000,0000000000000001,0000000000000001,3000,3230,00005fb2,0230,-4096,5
FSCALE_composite,53,RU,random,63,REGISTER_VALUE_MISMATCH,78ce22068d62527e,d0d2c0b02b5e00ab,00000000000000000001,3bcd8000000000000000,0000000000000001,0000000000000001,3000,3230,00005fb2,0230,-4096,5
FSCALE_composite,53,RU,random,63,EXCEPTION_FLAGS_MISMATCH,78ce22068d62527e,d0d2c0b02b5e00ab,00000000000000000001,3bcd8000000000000000,0000000000000001,0000000000000001,3000,3230,00005fb2,0230,-4096,5
FSCALE_composite,53,RU,random,63,BELOW_TARGET_NORMAL_EXP,78ce22068d62527e,d0d2c0b02b5e00ab,00000000000000000001,3bcd8000000000000000,0000000000000001,0000000000000001,3000,3230,00005fb2,0230,-4096,5
FSCALE_composite,53,RU,random,65,REGISTER_VALUE_MISMATCH,9fa4dd70f95979ae,468c01a537482a27,fffeffffffffffffffff,c3fefffffffffffff800,ffefffffffffffff,ffefffffffffffff,3000,3028,00005fa8,0028,4096,5
FSCALE_composite,53,RU,random,65,ABOVE_TARGET_MAX_EXP,9fa4dd70f95979ae,468c01a537482a27,fffeffffffffffffffff,c3fefffffffffffff800,ffefffffffffffff,ffefffffffffffff,3000,3028,00005fa8,0028,4096,5
FSCALE_composite,53,RU,random,66,REGISTER_VALUE_MISMATCH,c87f09cdd1c0ba07,5d17dfbef91f80b9,fffeffffffffffffffff,c3fefffffffffffff800,ffefffffffffffff,ffefffffffffffff,3000,3028,00005fa8,0028,4096,5
FSCALE_composite,53,RU,random,66,ABOVE_TARGET_MAX_EXP,c87f09cdd1c0ba07,5d17dfbef91f80b9,fffeffffffffffffffff,c3fefffffffffffff800,ffefffffffffffff,ffefffffffffffff,3000,3028,00005fa8,0028,4096,5
FSCALE_composite,53,RU,random,68,ABOVE_TARGET_MAX_EXP,95ecfbfe240f165d,4b3dc582d832f85a,fffeffffffffffffffff,c3fefffffffffffff800,ffefffffffffffff,ffefffffffffffff,3000,3028,00005fa8,0028,4096,5
FSCALE_composite,53,RU,random,71,EXCEPTION_FLAGS_MISMATCH,80167771944d67fe,dd5b5dbefa623032,80000000000000000000,80000000000000000000,8000000000000000,8000000000000000,3000,3030,00005fb2,0000,-4096,5
FSCALE_composite,53,RU,random,73,EXCEPTION_FLAGS_MISMATCH,4472ae140bb42275,d7dba7a4281195f0,00000000000000000001,3bcd8000000000000000,0000000000000001,0000000000000001,3000,3230,00005fb2,0230,-4096,5
FSCALE_composite,53,RU,random,73,BELOW_TARGET_NORMAL_EXP,4472ae140bb42275,d7dba7a4281195f0,00000000000000000001,3bcd8000000000000000,0000000000000001,0000000000000001,3000,3230,00005fb2,0230,-4096,5
FSCALE_composite,53,RU,random,77,ABOVE_TARGET_MAX_EXP,b1d38357e69ce7cc,4b683fae2448bb4f,fffeffffffffffffffff,c3fefffffffffffff800,ffefffffffffffff,ffefffffffffffff,3000,3028,00005fa8,0028,4096,5
FSCALE_composite,53,RU,random,79,ABOVE_TARGET_MAX_EXP,bfe29b999c575004,7d774f20f1f1f5a9,fffeffffffffffffffff,c3fefffffffffffff800,ffefffffffffffff,ffefffffffffffff,3000,3028,00005fa8,0028,4096,5
FSCALE_composite,53,RU,random,83,EXCEPTION_FLAGS_MISMATCH,5f0369bb8d29bb9c,f5a2e6002f408faf,00000000000000000001,3bcd8000000000000000,0000000000000001,0000000000000001,3000,3230,00005fb2,0230,-4096,5
FSCALE_composite,53,RU,random,83,BELOW_TARGET_NORMAL_EXP,5f0369bb8d29bb9c,f5a2e6002f408faf,00000000000000000001,3bcd8000000000000000,0000000000000001,0000000000000001,3000,3230,00005fb2,0230,-4096,5
FSCALE_composite,53,RU,random,86,EXCEPTION_FLAGS_MISMATCH,672adb4123ec82b8,d7e615bbab2fc525,00000000000000000001,3bcd8000000000000000,0000000000000001,0000000000000001,3000,3230,00005fb2,0230,-4096,5
FSCALE_composite,53,RU,random,86,BELOW_TARGET_NORMAL_EXP,672adb4123ec82b8,d7e615bbab2fc525,00000000000000000001,3bcd8000000000000000,0000000000000001,0000000000000001,3000,3230,00005fb2,0230,-4096,5
FSCALE_composite,53,RU,random,92,EXCEPTION_FLAGS_MISMATCH,6c219994bb5f858c,f14b6d0522e35abf,00000000000000000001,3bcd8000000000000000,0000000000000001,0000000000000001,3000,3230,00005fb2,0230,-4096,5
FSCALE_composite,53,RU,random,92,BELOW_TARGET_NORMAL_EXP,6c219994bb5f858c,f14b6d0522e35abf,00000000000000000001,3bcd8000000000000000,0000000000000001,0000000000000001,3000,3230,00005fb2,0230,-4096,5
FSCALE_composite,53,RU,random,93,EXCEPTION_FLAGS_MISMATCH,0d56ea56ff6a7994,e3215ac72f0cf116,00000000000000000001,3bcd8000000000000000,0000000000000001,0000000000000001,3000,3230,00005fb2,0230,-4096,5
FSCALE_composite,53,RU,random,93,BELOW_TARGET_NORMAL_EXP,0d56ea56ff6a7994,e3215ac72f0cf116,00000000000000000001,3bcd8000000000000000,0000000000000001,0000000000000001,3000,3230,00005fb2,0230,-4096,5
FSCALE_composite,53,RU,random,98,ABOVE_TARGET_MAX_EXP,c400470eb69e0013,5e5edb2719c00574,fffeffffffffffffffff,c3fefffffffffffff800,ffefffffffffffff,ffefffffffffffff,3000,3028,00005fa8,0028,4096,5
FSCALE_composite,53,RU,random,103,ABOVE_TARGET_MAX_EXP,d88a1bbd3045c5bc,75a5fb6dd3e1d50a,fffeffffffffffffffff,c3fefffffffffffff800,ffefffffffffffff,ffefffffffffffff,3000,3028,00005fa8,0028,4096,5
FSCALE_composite,53,RU,random,104,ABOVE_TARGET_MAX_EXP,c85285890f9863c0,5e37a6a750e2cb5b,fffeffffffffffffffff,c3fefffffffffffff800,ffefffffffffffff,ffefffffffffffff,3000,3028,00005fa8,0028,4096,5
FSCALE_composite,53,RU,random,105,ABOVE_TARGET_MAX_EXP,b34c82f6df0d167b,5552d9edb5173cf8,fffeffffffffffffffff,c3fefffffffffffff800,ffefffffffffffff,ffefffffffffffff,3000,3028,00005fa8,0028,4096,5
FSCALE_composite,53,RU,random,111,ABOVE_TARGET_MAX_EXP,aa071222088512cf,46b17c4751a53a80,fffeffffffffffffffff,c3fefffffffffffff800,ffefffffffffffff,ffefffffffffffff,3000,3028,00005fa8,0028,4096,5
FSCALE_composite,53,RU,random,117,ABOVE_TARGET_MAX_EXP,cec4871f11f7e7d5,66f89891326c000a,fffeffffffffffffffff,c3fefffffffffffff800,ffefffffffffffff,ffefffffffffffff,3000,3028,00005fa8,0028,4096,5
FSCALE_composite,53,RU,random,126,ABOVE_TARGET_MAX_EXP,a73d66e2c33d233b,490571000c41ff0e,fffeffffffffffffffff,c3fefffffffffffff800,ffefffffffffffff,ffefffffffffffff,3000,3028,00005fa8,0028,4096,5
FSCALE_composite,53,RU,random,139,ABOVE_TARGET_MAX_EXP,cb9f836b3b2f2f67,4a34d365c33c369f,fffeffffffffffffffff,c3fefffffffffffff800,ffefffffffffffff,ffefffffffffffff,3000,3028,00005fa8,0028,4096,5
FSCALE_composite,53,RU,random,140,ABOVE_TARGET_MAX_EXP,ae3e1f33f325d3c2,505940441116f3d5,fffeffffffffffffffff,c3fefffffffffffff800,ffefffffffffffff,ffefffffffffffff,3000,3028,00005fa8,0028,4096,5
FSCALE_composite,53,RU,random,143,ABOVE_TARGET_MAX_EXP,85df8ae88b2a0322,54fa13e1c07f2442,fffeffffffffffffffff,c3fefffffffffffff800,ffefffffffffffff,ffefffffffffffff,3000,3028,00005fa8,0028,4096,5
FSCALE_composite,53,RU,random,173,ABOVE_TARGET_MAX_EXP,b54eaa153f0e6f63,5b3e4900bcc1191d,fffeffffffffffffffff,c3fefffffffffffff800,ffefffffffffffff,ffefffffffffffff,3000,3028,00005fa8,0028,4096,5
FSCALE_composite,53,RU,random,436,NAN_RESULT,7fff1ecf209fa9c6,34ed3665f84af8f6,7ffff8f67904fd4e3000,7ffff8f67904fd4e3000,7fff1ecf209fa9c6,7fff1ecf209fa9c6,3000,3000,00005f80,0000,0,1
FSCALE_composite,53,RU,random,1276,NAN_RESULT,7ff68a6d8a57bf82,805b077497036ce1,7ffff4536c52bdfc1000,7ffff4536c52bdfc1000,7ffe8a6d8a57bf82,7ffe8a6d8a57bf82,3001,3001,00005f81,0000,0,1
FSCALE_composite,53,RU,random,3962,NAN_RESULT,7ff2b56876a3d94d,4fcc10e4323999c1,7fffd5ab43b51eca6800,7fffd5ab43b51eca6800,7ffab56876a3d94d,7ffab56876a3d94d,3001,3001,00005f81,0000,4096,5
FSCALE_composite,53,RU,random,4833,NAN_RESULT,fff7cd014dafca45,202b131e5c179673,fffffe680a6d7e522800,fffffe680a6d7e522800,ffffcd014dafca45,ffffcd014dafca45,3001,3001,00005f81,0000,0,1
FSCALE_composite,53,RU,random,5225,NAN_RESULT,fff911ee97dfa19e,56576e8ccc5afbeb,ffffc88f74befd0cf000,ffffc88f74befd0cf000,fff911ee97dfa19e,fff911ee97dfa19e,3000,3000,00005f80,0000,4096,5
FSCALE_composite,53,RU,random,5320,NAN_RESULT,fff597ccdb722d53,545caaff9873a284,ffffecbe66db916a9800,ffffecbe66db916a9800,fffd97ccdb722d53,fffd97ccdb722d53,3001,3001,00005f81,0000,4096,5
FSCALE_composite,53,RU,random,5643,NAN_RESULT,fff73e76dd032547,c160f1eeecd5f8b2,fffff9f3b6e8192a3800,fffff9f3b6e8192a3800,ffff3e76dd032547,ffff3e76dd032547,3001,3001,00005f81,0000,-4096,5
FSCALE_composite,53,RU,random,6857,NAN_RESULT,fff2b9e1230f5bb5,33ba8d362a00422c,ffffd5cf09187adda800,ffffd5cf09187adda800,fffab9e1230f5bb5,fffab9e1230f5bb5,3001,3001,00005f81,0000,0,1
FSCALE_composite,53,RU,random,7112,NAN_RESULT,7ff5fa7714e3a43e,06f1f331d917c213,7fffefd3b8a71d21f000,7fffefd3b8a71d21f000,7ffdfa7714e3a43e,7ffdfa7714e3a43e,3001,3001,00005f81,0000,0,1
FSCALE_composite,53,RU,random,7144,NAN_RESULT,3832221b7de1a141,7ff94c2e50bb9ddd,7fffca617285dceee800,7fffca617285dceee800,7ff94c2e50bb9ddd,7ff94c2e50bb9ddd,3000,3000,00005f80,0000,0,1
FSCALE_composite,53,RU,random,7144,NONFINITE_SCALE_INPUT,3832221b7de1a141,7ff94c2e50bb9ddd,7fffca617285dceee800,7fffca617285dceee800,7ff94c2e50bb9ddd,7ff94c2e50bb9ddd,3000,3000,00005f80,0000,0,1
FSCALE_composite,53,RU,random,7150,NAN_RESULT,7ff64d3afab83048,b903d1b62938cc6f,7ffff269d7d5c1824000,7ffff269d7d5c1824000,7ffe4d3afab83048,7ffe4d3afab83048,3001,3001,00005f81,0000,0,1
FSCALE_composite,53,RU,random,7157,NAN_RESULT,5021548c0d3ee499,fff7c82667cd086f,fffffe41333e68437800,fffffe41333e68437800,ffffc82667cd086f,ffffc82667cd086f,3001,3001,00005f81,0000,0,1
FSCALE_composite,53,RU,random,7157,NONFINITE_SCALE_INPUT,5021548c0d3ee499,fff7c82667cd086f,fffffe41333e68437800,fffffe41333e68437800,ffffc82667cd086f,ffffc82667cd086f,3001,3001,00005f81,0000,0,1
FSCALE_composite,53,RU,random,10369,NAN_RESULT,7ff831954fabc586,ab35d11c1c885b1e,7fffc18caa7d5e2c3000,7fffc18caa7d5e2c3000,7ff831954fabc586,7ff831954fabc586,3000,3000,00005f80,0000,0,1
FSCALE_composite,53,RU,random,10666,NAN_RESULT,c905b38af98eb6fc,fff966a6305ea046,ffffcb353182f5023000,ffffcb353182f5023000,fff966a6305ea046,fff966a6305ea046,3000,3000,00005f80,0000,0,1
FSCALE_composite,53,RU,random,10666,NONFINITE_SCALE_INPUT,c905b38af98eb6fc,fff966a6305ea046,ffffcb353182f5023000,ffffcb353182f5023000,fff966a6305ea046,fff966a6305ea046,3000,3000,00005f80,0000,0,1
FSCALE_composite,53,RU,random,10731,NAN_RESULT,1ea86fb8076c0379,fff8b9f3af83f460,ffffc5cf9d7c1fa30000,ffffc5cf9d7c1fa30000,fff8b9f3af83f460,fff8b9f3af83f460,3000,3000,00005f80,0000,0,1
FSCALE_composite,53,RU,random,10731,NONFINITE_SCALE_INPUT,1ea86fb8076c0379,fff8b9f3af83f460,ffffc5cf9d7c1fa30000,ffffc5cf9d7c1fa30000,fff8b9f3af83f460,fff8b9f3af83f460,3000,3000,00005f80,0000,0,1
FSCALE_composite,53,RU,random,11522,NAN_RESULT,7ffdb528cf0afc2e,b091db1050246ff4,7fffeda9467857e17000,7fffeda9467857e17000,7ffdb528cf0afc2e,7ffdb528cf0afc2e,3000,3000,00005f80,0000,0,1
FSCALE_composite,53,RU,random,13303,NAN_RESULT,7ff0c1e6a8fb5b16,e7b97527a0d3b195,7fffc60f3547dad8b000,7fffc60f3547dad8b000,7ff8c1e6a8fb5b16,7ff8c1e6a8fb5b16,3001,3001,00005f81,0000,-4096,5
FSCALE_composite,53,RU,random,13530,NAN_RESULT,509f06ee712cd603,7ffbfa8500a13df5,7fffdfd4280509efa800,7fffdfd4280509efa800,7ffbfa8500a13df5,7ffbfa8500a13df5,3000,3000,00005f80,0000,0,1
FSCALE_composite,53,RU,random,13530,NONFINITE_SCALE_INPUT,509f06ee712cd603,7ffbfa8500a13df5,7fffdfd4280509efa800,7fffdfd4280509efa800,7ffbfa8500a13df5,7ffbfa8500a13df5,3000,3000,00005f80,0000,0,1
FSCALE_composite,53,RU,random,13912,NAN_RESULT,7fff3b6898a23a09,0cf584f32c80c25d,7ffff9db44c511d04800,7ffff9db44c511d04800,7fff3b6898a23a09,7fff3b6898a23a09,3000,3000,00005f80,0000,0,1
FSCALE_composite,53,RU,random,14028,NAN_RESULT,e4510164c84bd860,fff80ef429af2c44,ffffc077a14d79622000,ffffc077a14d79622000,fff80ef429af2c44,fff80ef429af2c44,3000,3000,00005f80,0000,0,1
FSCALE_composite,53,RU,random,14028,NONFINITE_SCALE_INPUT,e4510164c84bd860,fff80ef429af2c44,ffffc077a14d79622000,ffffc077a14d79622000,fff80ef429af2c44,fff80ef429af2c44,3000,3000,00005f80,0000,0,1
FSCALE_composite,53,RU,random,17463,NONFINITE_SCALE_INPUT,ae97694884f57e2e,fffea3460cfdb166,fffff51a3067ed8b3000,fffff51a3067ed8b3000,fffea3460cfdb166,fffea3460cfdb166,3000,3000,00005f80,0000,0,1
FSCALE_composite,53,RU,random,19729,NONFINITE_SCALE_INPUT,85cab8a711059b62,7ffe194562b9a845,7ffff0ca2b15cd422800,7ffff0ca2b15cd422800,7ffe194562b9a845,7ffe194562b9a845,3000,3000,00005f80,0000,0,1
FSCALE_composite,53,RU,random,21169,NONFINITE_SCALE_INPUT,8508f7867c1f4e58,7ff9bd611b24fe9f,7fffcdeb08d927f4f800,7fffcdeb08d927f4f800,7ff9bd611b24fe9f,7ff9bd611b24fe9f,3000,3000,00005f80,0000,0,1
FSCALE_composite,53,RU,random,22487,NONFINITE_SCALE_INPUT,ebc042449b86ea5b,fff669a1cf1aa58f,fffff34d0e78d52c7800,fffff34d0e78d52c7800,fffe69a1cf1aa58f,fffe69a1cf1aa58f,3001,3001,00005f81,0000,0,1
FSCALE_composite,53,RU,random,27835,NONFINITE_SCALE_INPUT,f2fd80f38f424efe,fff2da063c0c807a,ffffd6d031e06403d000,ffffd6d031e06403d000,fffada063c0c807a,fffada063c0c807a,3001,3001,00005f81,0000,0,1
FSCALE_composite,53,RU,random,28664,NONFINITE_SCALE_INPUT,3fce322de0a04ebf,7ff8853a607d2519,7fffc429d303e928c800,7fffc429d303e928c800,7ff8853a607d2519,7ff8853a607d2519,3000,3000,00005f80,0000,0,1
FSCALE_composite,53,RU,random,29838,NONFINITE_SCALE_INPUT,cea3f1a43e653081,fff223b728d8cf44,ffffd11db946c67a2000,ffffd11db946c67a2000,fffa23b728d8cf44,fffa23b728d8cf44,3001,3001,00005f81,0000,0,1
FSCALE_composite,53,RU,random,30212,NONFINITE_SCALE_INPUT,a05dae3ac7bd2709,fff14b385a30b761,ffffca59c2d185bb0800,ffffca59c2d185bb0800,fff94b385a30b761,fff94b385a30b761,3001,3001,00005f81,0000,0,1
FSCALE_composite,53,RU,random,30390,NONFINITE_SCALE_INPUT,73bfca66e8381a0f,7fffedbce165b7b0,7fffff6de70b2dbd8000,7fffff6de70b2dbd8000,7fffedbce165b7b0,7fffedbce165b7b0,3000,3000,00005f80,0000,0,1
FSCALE_composite,53,RU,random,31049,NONFINITE_SCALE_INPUT,0cb86b5d19534f80,7ff07fcbe8ab5efe,7fffc3fe5f455af7f000,7fffc3fe5f455af7f000,7ff87fcbe8ab5efe,7ff87fcbe8ab5efe,3001,3001,00005f81,0000,0,1
FSCALE_composite,53,RU,random,32430,NONFINITE_SCALE_INPUT,c6df2d76546bd32d,ffffd71320501ffb,fffffeb8990280ffd800,fffffeb8990280ffd800,ffffd71320501ffb,ffffd71320501ffb,3000,3000,00005f80,0000,0,1
FSCALE_composite,53,RU,random,34942,NONFINITE_SCALE_INPUT,dd3873fc3b4b06dc,7ff1ba871d023ee9,7fffcdd438e811f74800,7fffcdd438e811f74800,7ff9ba871d023ee9,7ff9ba871d023ee9,3001,3001,00005f81,0000,0,1
FSCALE_composite,53,RU,random,36325,NONFINITE_SCALE_INPUT,946aa5a8febd61e8,7ff75654cbb39dc7,7ffffab2a65d9cee3800,7ffffab2a65d9cee3800,7fff5654cbb39dc7,7fff5654cbb39dc7,3001,3001,00005f81,0000,0,1
FSCALE_composite,53,RU,random,37339,NONFINITE_SCALE_INPUT,791cbfeb5fb09591,fff623b04005571f,fffff11d82002ab8f800,fffff11d82002ab8f800,fffe23b04005571f,fffe23b04005571f,3001,3001,00005f81,0000,0,1
FSCALE_composite,53,RU,random,67494,NARROWED_VALUE_MISMATCH,fffd381a91724d02,fff6628cb6f5ee32,fffff31465b7af719000,ffffe9c0d48b92681000,fffe628cb6f5ee32,fffd381a91724d02,3001,3001,00005f81,0000,0,1
FSCALE_composite,53,RU,edge,489,NARROWED_VALUE_MISMATCH,7ff8000000000000,fff8000000000123,ffffc000000000091800,7fffc000000000000000,fff8000000000123,7ff8000000000000,3000,3000,00005f80,0000,0,1
FSCALE_composite,53,RU,edge,490,NARROWED_VALUE_MISMATCH,7ff8000000000000,7ff0000000000001,7fffc000000000000800,7fffc000000000000000,7ff8000000000001,7ff8000000000000,3001,3001,00005f81,0000,0,1
FSCALE_composite,53,RU,edge,491,NARROWED_VALUE_MISMATCH,7ff8000000000000,fff0000000000100,ffffc000000000080000,7fffc000000000000000,fff8000000000100,7ff8000000000000,3001,3001,00005f81,0000,0,1
FSCALE_composite,53,RU,edge,609,NARROWED_VALUE_MISMATCH,7ff0000000000001,fff8000000000123,ffffc000000000091800,7fffc000000000000800,fff8000000000123,7ff8000000000001,3001,3001,00005f81,0000,0,1
FSCALE_composite,53,RU,edge,611,NARROWED_VALUE_MISMATCH,7ff0000000000001,fff0000000000100,ffffc000000000080000,7fffc000000000000800,fff8000000000100,7ff8000000000001,3001,3001,00005f81,0000,0,1
FSCALE_composite,53,RU,edge,669,NARROWED_VALUE_MISMATCH,fff0000000000100,fff8000000000123,ffffc000000000091800,ffffc000000000080000,fff8000000000123,fff8000000000100,3001,3001,00005f81,0000,0,1
FSCALE_composite,53,RZ,random,0,ALL,b6f18e37d06f946d,50244be11bde34e9,fffeffffffffffffffff,c3fefffffffffffff800,ffefffffffffffff,ffefffffffffffff,3000,3028,00007fa8,0028,4096,5
FSCALE_composite,53,RZ,random,0,REGISTER_VALUE_MISMATCH,b6f18e37d06f946d,50244be11bde34e9,fffeffffffffffffffff,c3fefffffffffffff800,ffefffffffffffff,ffefffffffffffff,3000,3028,00007fa8,0028,4096,5
FSCALE_composite,53,RZ,random,0,ABOVE_TARGET_MAX_EXP,b6f18e37d06f946d,50244be11bde34e9,fffeffffffffffffffff,c3fefffffffffffff800,ffefffffffffffff,ffefffffffffffff,3000,3028,00007fa8,0028,4096,5
FSCALE_composite,53,RZ,random,1,ALL,876d795dd9352870,fedc9a4a1b764562,80000000000000000000,80000000000000000000,8000000000000000,8000000000000000,3000,3030,00007fb0,0000,-4096,5
FSCALE_composite,53,RZ,random,2,ALL,1a68fd5a97c81d24,6e84bd74e6c52c55,7ffeffffffffffffffff,43fefffffffffffff800,7fefffffffffffff,7fefffffffffffff,3000,3028,00007fa8,0028,4096,5
FSCALE_composite,53,RZ,random,2,REGISTER_VALUE_MISMATCH,1a68fd5a97c81d24,6e84bd74e6c52c55,7ffeffffffffffffffff,43fefffffffffffff800,7fefffffffffffff,7fefffffffffffff,3000,3028,00007fa8,0028,4096,5
FSCALE_composite,53,RZ,random,2,ABOVE_TARGET_MAX_EXP,1a68fd5a97c81d24,6e84bd74e6c52c55,7ffeffffffffffffffff,43fefffffffffffff800,7fefffffffffffff,7fefffffffffffff,3000,3028,00007fa8,0028,4096,5
FSCALE_composite,53,RZ,random,3,ALL,126f786491e7f180,e251798ffe1268f1,00000000000000000000,00000000000000000000,0000000000000000,0000000000000000,3000,3030,00007fb0,0000,-4096,5
FSCALE_composite,53,RZ,random,4,ALL,9dc28fda721f60fe,c26d7a6a3fd88c6b,80000000000000000000,80000000000000000000,8000000000000000,8000000000000000,3000,3030,00007fb0,0000,-4096,5
FSCALE_composite,53,RZ,random,5,ALL,98ca6cf7d6f2da83,01b9604968398519,bd8cd367beb796d41800,bd8cd367beb796d41800,98ca6cf7d6f2da83,98ca6cf7d6f2da83,3000,3000,00007f80,0000,0,1
FSCALE_composite,53,RZ,random,6,ALL,f5e76745255edafb,96b51a397efdbd82,c35ebb3a292af6d7d800,c35ebb3a292af6d7d800,f5e76745255edafb,f5e76745255edafb,3000,3000,00007f80,0000,0,1
FSCALE_composite,53,RZ,random,7,ALL,7b6f4f2cd446e560,ab357e271cfd6c54,43b6fa7966a2372b0000,43b6fa7966a2372b0000,7b6f4f2cd446e560,7b6f4f2cd446e560,3000,3000,00007f80,0000,0,1
FSCALE_composite,53,RZ,random,8,ALL,c5c3eaaaba46176c,3bf68efb3c4e6859,c05c9f5555d230bb6000,c05c9f5555d230bb6000,c5c3eaaaba46176c,c5c3eaaaba46176c,3000,3000,00007f80,0000,0,1
FSCALE_composite,53,RZ,random,9,ALL,9d83649b70124cea,6b9b24f35473b6d3,fffeffffffffffffffff,c3fefffffffffffff800,ffefffffffffffff,ffefffffffffffff,3000,3028,00007fa8,0028,4096,5
FSCALE_composite,53,RZ,random,9,REGISTER_VALUE_MISMATCH,9d83649b70124cea,6b9b24f35473b6d3,fffeffffffffffffffff,c3fefffffffffffff800,ffefffffffffffff,ffefffffffffffff,3000,3028,00007fa8,0028,4096,5
FSCALE_composite,53,RZ,random,9,ABOVE_TARGET_MAX_EXP,9d83649b70124cea,6b9b24f35473b6d3,fffeffffffffffffffff,c3fefffffffffffff800,ffefffffffffffff,ffefffffffffffff,3000,3028,00007fa8,0028,4096,5
FSCALE_composite,53,RZ,random,10,ALL,179529e926b8486f,924499999a1b1ba9,3d79a94f4935c2437800,3d79a94f4935c2437800,179529e926b8486f,179529e926b8486f,3000,3000,00007f80,0000,0,1
FSCALE_composite,53,RZ,random,11,ALL,0dab419b1e9a8f25,1e9892a226e069f4,3cdada0cd8f4d4792800,3cdada0cd8f4d4792800,0dab419b1e9a8f25,0dab419b1e9a8f25,3000,3000,00007f80,0000,0,1
FSCALE_composite,53,RZ,random,12,ALL,78fb00bab95c2e2c,9fe4a2f8b8104187,438fd805d5cae1716000,438fd805d5cae1716000,78fb00bab95c2e2c,78fb00bab95c2e2c,3000,3000,00007f80,0000,0,1
FSCALE_composite,53,RZ,random,13,ALL,2f754fc56cc1e283,e653875b6612f471,00000000000000000000,00000000000000000000,0000000000000000,0000000000000000,3000,3030,00007fb0,0000,-4096,5
FSCALE_composite,53,RZ,random,14,ALL,0007988a21e68365,2ba463a8549332ce,3bfff311443cd06ca000,3bfff311443cd06ca000,0007988a21e68365,0007988a21e68365,3002,3002,00007f82,0000,0,1
FSCALE_composite,53,RZ,random,14,BELOW_TARGET_NORMAL_EXP,0007988a21e68365,2ba463a8549332ce,3bfff311443cd06ca000,3bfff311443cd06ca000,0007988a21e68365,0007988a21e68365,3002,3002,00007f82,0000,0,1
FSCALE_composite,53,RZ,random,15,ALL,dfede9a4fa7c67cf,05b1a4629beb8404,c1feef4d27d3e33e7800,c1feef4d27d3e33e7800,dfede9a4fa7c67cf,dfede9a4fa7c67cf,3000,3000,00007f80,0000,0,1
FSCALE_composite,53,RZ,random,16,ALL,77f020e2806e9527,09f3b456d18b51d9,437f8107140374a93800,437f8107140374a93800,77f020e2806e9527,77f020e2806e9527,3000,3000,00007f80,0000,0,1
FSCALE_composite,53,RZ,random,17,ALL,26af025b0dac67e9,e4176b36534d29f4,00000000000000000000,00000000000000000000,0000000000000000,0000000000000000,3000,3030,00007fb0,0000,-4096,5
FSCALE_composite,53,RZ,random,18,ALL,53b1a632f5448c93,8fb96d4d8436a104,413b8d3197aa24649800,413b8d3197aa24649800,53b1a632f5448c93,53b1a632f5448c93,3000,3000,00007f80,0000,0,1
FSCALE_composite,53,RZ,random,19,ALL,aae0a3410a186549,a5501394232e40dc,beae851a0850c32a4800,beae851a0850c32a4800,aae0a3410a186549,aae0a3410a186549,3000,3000,00007f80,0000,0,1
FSCALE_composite,53,RZ,random,26,REGISTER_VALUE_MISMATCH,6ba56b3d50d3fb0c,4ca131710fd87eca,7ffeffffffffffffffff,43fefffffffffffff800,7fefffffffffffff,7fefffffffffffff,3000,3028,00007fa8,0028,4096,5
FSCALE_composite,53,RZ,random,26,ABOVE_TARGET_MAX_EXP,6ba56b3d50d3fb0c,4ca131710fd87eca,7ffeffffffffffffffff,43fefffffffffffff800,7fefffffffffffff,7fefffffffffffff,3000,3028,00007fa8,0028,4096,5
FSCALE_composite,53,RZ,random,30,REGISTER_VALUE_MISMATCH,49c41eba1346af2d,6dd77e8a0adedf5c,7ffeffffffffffffffff,43fefffffffffffff800,7fefffffffffffff,7fefffffffffffff,3000,3028,00007fa8,0028,4096,5
FSCALE_composite,53,RZ,random,30,ABOVE_TARGET_MAX_EXP,49c41eba1346af2d,6dd77e8a0adedf5c,7ffeffffffffffffffff,43fefffffffffffff800,7fefffffffffffff,7fefffffffffffff,3000,3028,00007fa8,0028,4096,5
FSCALE_composite,53,RZ,random,36,REGISTER_VALUE_MISMATCH,f691d280deb1a41f,7875c4f76f48228f,fffeffffffffffffffff,c3fefffffffffffff800,ffefffffffffffff,ffefffffffffffff,3000,3028,00007fa8,0028,4096,5
FSCALE_composite,53,RZ,random,36,ABOVE_TARGET_MAX_EXP,f691d280deb1a41f,7875c4f76f48228f,fffeffffffffffffffff,c3fefffffffffffff800,ffefffffffffffff,ffefffffffffffff,3000,3028,00007fa8,0028,4096,5
FSCALE_composite,53,RZ,random,40,REGISTER_VALUE_MISMATCH,eea5561ce066842f,4930553e1ff7cb18,fffeffffffffffffffff,c3fefffffffffffff800,ffefffffffffffff,ffefffffffffffff,3000,3028,00007fa8,0028,4096,5
FSCALE_composite,53,RZ,random,40,ABOVE_TARGET_MAX_EXP,eea5561ce066842f,4930553e1ff7cb18,fffeffffffffffffffff,c3fefffffffffffff800,ffefffffffffffff,ffefffffffffffff,3000,3028,00007fa8,0028,4096,5
FSCALE_composite,53,RZ,random,43,REGISTER_VALUE_MISMATCH,66b063400329f0b2,6e1e537f0da983f9,7ffeffffffffffffffff,43fefffffffffffff800,7fefffffffffffff,7fefffffffffffff,3000,3028,00007fa8,0028,4096,5
FSCALE_composite,53,RZ,random,43,ABOVE_TARGET_MAX_EXP,66b063400329f0b2,6e1e537f0da983f9,7ffeffffffffffffffff,43fefffffffffffff800,7fefffffffffffff,7fefffffffffffff,3000,3028,00007fa8,0028,4096,5
FSCALE_composite,53,RZ,random,50,EXCEPTION_FLAGS_MISMATCH,005afc080777a983,c5975c29dfe589ea,00000000000000000000,00000000000000000000,0000000000000000,0000000000000000,3000,3030,00007fb2,0000,-4096,5
FSCALE_composite,53,RZ,random,60,REGISTER_VALUE_MISMATCH,1c4fe92684b484f9,70d4a555651ba586,7ffeffffffffffffffff,43fefffffffffffff800,7fefffffffffffff,7fefffffffffffff,3000,3028,00007fa8,0028,4096,5
FSCALE_composite,53,RZ,random,60,ABOVE_TARGET_MAX_EXP,1c4fe92684b484f9,70d4a555651ba586,7ffeffffffffffffffff,43fefffffffffffff800,7fefffffffffffff,7fefffffffffffff,3000,3028,00007fa8,0028,4096,5
FSCALE_composite,53,RZ,random,65,REGISTER_VALUE_MISMATCH,9fa4dd70f95979ae,468c01a537482a27,fffeffffffffffffffff,c3fefffffffffffff800,ffefffffffffffff,ffefffffffffffff,3000,3028,00007fa8,0028,4096,5
FSCALE_composite,53,RZ,random,65,ABOVE_TARGET_MAX_EXP,9fa4dd70f95979ae,468c01a537482a27,fffeffffffffffffffff,c3fefffffffffffff800,ffefffffffffffff,ffefffffffffffff,3000,3028,00007fa8,0028,4096,5
FSCALE_composite,53,RZ,random,66,REGISTER_VALUE_MISMATCH,c87f09cdd1c0ba07,5d17dfbef91f80b9,fffeffffffffffffffff,c3fefffffffffffff800,ffefffffffffffff,ffefffffffffffff,3000,3028,00007fa8,0028,4096,5
FSCALE_composite,53,RZ,random,66,ABOVE_TARGET_MAX_EXP,c87f09cdd1c0ba07,5d17dfbef91f80b9,fffeffffffffffffffff,c3fefffffffffffff800,ffefffffffffffff,ffefffffffffffff,3000,3028,00007fa8,0028,4096,5
FSCALE_composite,53,RZ,random,68,REGISTER_VALUE_MISMATCH,95ecfbfe240f165d,4b3dc582d832f85a,fffeffffffffffffffff,c3fefffffffffffff800,ffefffffffffffff,ffefffffffffffff,3000,3028,00007fa8,0028,4096,5
FSCALE_composite,53,RZ,random,68,ABOVE_TARGET_MAX_EXP,95ecfbfe240f165d,4b3dc582d832f85a,fffeffffffffffffffff,c3fefffffffffffff800,ffefffffffffffff,ffefffffffffffff,3000,3028,00007fa8,0028,4096,5
FSCALE_composite,53,RZ,random,69,REGISTER_VALUE_MISMATCH,1ac0d7409bdd60c8,47f7e7023a84f5ed,7ffeffffffffffffffff,43fefffffffffffff800,7fefffffffffffff,7fefffffffffffff,3000,3028,00007fa8,0028,4096,5
FSCALE_composite,53,RZ,random,69,ABOVE_TARGET_MAX_EXP,1ac0d7409bdd60c8,47f7e7023a84f5ed,7ffeffffffffffffffff,43fefffffffffffff800,7fefffffffffffff,7fefffffffffffff,3000,3028,00007fa8,0028,4096,5
FSCALE_composite,53,RZ,random,71,EXCEPTION_FLAGS_MISMATCH,80167771944d67fe,dd5b5dbefa623032,80000000000000000000,80000000000000000000,8000000000000000,8000000000000000,3000,3030,00007fb2,0000,-4096,5
FSCALE_composite,53,RZ,random,75,REGISTER_VALUE_MISMATCH,14af6333062f3307,5265f606341425cc,7ffeffffffffffffffff,43fefffffffffffff800,7fefffffffffffff,7fefffffffffffff,3000,3028,00007fa8,0028,4096,5
FSCALE_composite,53,RZ,random,75,ABOVE_TARGET_MAX_EXP,14af6333062f3307,5265f606341425cc,7ffeffffffffffffffff,43fefffffffffffff800,7fefffffffffffff,7fefffffffffffff,3000,3028,00007fa8,0028,4096,5
FSCALE_composite,53,RZ,random,77,REGISTER_VALUE_MISMATCH,b1d38357e69ce7cc,4b683fae2448bb4f,fffeffffffffffffffff,c3fefffffffffffff800,ffefffffffffffff,ffefffffffffffff,3000,3028,00007fa8,0028,4096,5
FSCALE_composite,53,RZ,random,77,ABOVE_TARGET_MAX_EXP,b1d38357e69ce7cc,4b683fae2448bb4f,fffeffffffffffffffff,c3fefffffffffffff800,ffefffffffffffff,ffefffffffffffff,3000,3028,00007fa8,0028,4096,5
FSCALE_composite,53,RZ,random,78,REGISTER_VALUE_MISMATCH,41ad335049ac51f0,5e78c7d8814b32dd,7ffeffffffffffffffff,43fefffffffffffff800,7fefffffffffffff,7fefffffffffffff,3000,3028,00007fa8,0028,4096,5
FSCALE_composite,53,RZ,random,78,ABOVE_TARGET_MAX_EXP,41ad335049ac51f0,5e78c7d8814b32dd,7ffeffffffffffffffff,43fefffffffffffff800,7fefffffffffffff,7fefffffffffffff,3000,3028,00007fa8,0028,4096,5
FSCALE_composite,53,RZ,random,79,REGISTER_VALUE_MISMATCH,bfe29b999c575004,7d774f20f1f1f5a9,fffeffffffffffffffff,c3fefffffffffffff800,ffefffffffffffff,ffefffffffffffff,3000,3028,00007fa8,0028,4096,5
FSCALE_composite,53,RZ,random,79,ABOVE_TARGET_MAX_EXP,bfe29b999c575004,7d774f20f1f1f5a9,fffeffffffffffffffff,c3fefffffffffffff800,ffefffffffffffff,ffefffffffffffff,3000,3028,00007fa8,0028,4096,5
FSCALE_composite,53,RZ,random,98,REGISTER_VALUE_MISMATCH,c400470eb69e0013,5e5edb2719c00574,fffeffffffffffffffff,c3fefffffffffffff800,ffefffffffffffff,ffefffffffffffff,3000,3028,00007fa8,0028,4096,5
FSCALE_composite,53,RZ,random,98,ABOVE_TARGET_MAX_EXP,c400470eb69e0013,5e5edb2719c00574,fffeffffffffffffffff,c3fefffffffffffff800,ffefffffffffffff,ffefffffffffffff,3000,3028,00007fa8,0028,4096,5
FSCALE_composite,53,RZ,random,100,REGISTER_VALUE_MISMATCH,347a4aa02639d55e,7cd2df91b31e702d,7ffeffffffffffffffff,43fefffffffffffff800,7fefffffffffffff,7fefffffffffffff,3000,3028,00007fa8,0028,4096,5
FSCALE_composite,53,RZ,random,100,ABOVE_TARGET_MAX_EXP,347a4aa02639d55e,7cd2df91b31e702d,7ffeffffffffffffffff,43fefffffffffffff800,7fefffffffffffff,7fefffffffffffff,3000,3028,00007fa8,0028,4096,5
FSCALE_composite,53,RZ,random,103,REGISTER_VALUE_MISMATCH,d88a1bbd3045c5bc,75a5fb6dd3e1d50a,fffeffffffffffffffff,c3fefffffffffffff800,ffefffffffffffff,ffefffffffffffff,3000,3028,00007fa8,0028,4096,5
FSCALE_composite,53,RZ,random,103,ABOVE_TARGET_MAX_EXP,d88a1bbd3045c5bc,75a5fb6dd3e1d50a,fffeffffffffffffffff,c3fefffffffffffff800,ffefffffffffffff,ffefffffffffffff,3000,3028,00007fa8,0028,4096,5
FSCALE_composite,53,RZ,random,258,BELOW_TARGET_NORMAL_EXP,8000a130da9f44c9,b2b76010a7e65749,bbfca130da9f44c90000,bbfca130da9f44c90000,8000a130da9f44c9,8000a130da9f44c9,3002,3002,00007f82,0000,0,1
FSCALE_composite,53,RZ,random,264,EXCEPTION_FLAGS_MISMATCH,fe86cd1d89b24e1f,f82af9f5443fa5d8,80000000000000000000,80000000000000000000,8000000000000000,8000000000000000,3000,3030,00007fb2,0000,-4096,5
FSCALE_composite,53,RZ,random,304,EXCEPTION_FLAGS_MISMATCH,046b1ee590c417d9,c0750c61e0902e47,3af6d8f72c8620bec800,00000000000000000000,0000000000000000,0000000000000000,3000,3000,00007fb0,0030,-336,1
FSCALE_composite,53,RZ,random,304,BELOW_TARGET_NORMAL_EXP,046b1ee590c417d9,c0750c61e0902e47,3af6d8f72c8620bec800,00000000000000000000,0000000000000000,0000000000000000,3000,3000,00007fb0,0030,-336,1
FSCALE_composite,53,RZ,random,397,EXCEPTION_FLAGS_MISMATCH,3dd10972c570399a,fb6f5757fe850cde,00000000000000000000,00000000000000000000,0000000000000000,0000000000000000,3000,3030,00007fb2,0000,-4096,5
FSCALE_composite,53,RZ,random,436,NAN_RESULT,7fff1ecf209fa9c6,34ed3665f84af8f6,7ffff8f67904fd4e3000,7ffff8f67904fd4e3000,7fff1ecf209fa9c6,7fff1ecf209fa9c6,3000,3000,00007f80,0000,0,1
FSCALE_composite,53,RZ,random,471,EXCEPTION_FLAGS_MISMATCH,bd679cca93fb1a16,e4c850f5ad7adffe,80000000000000000000,80000000000000000000,8000000000000000,8000000000000000,3000,3030,00007fb2,0000,-4096,5
FSCALE_composite,53,RZ,random,542,EXCEPTION_FLAGS_MISMATCH,3ee935c14d766a72,c6c6f5f3388930eb,00000000000000000000,00000000000000000000,0000000000000000,0000000000000000,3000,3030,00007fb2,0000,-4096,5
FSCALE_composite,53,RZ,random,574,EXCEPTION_FLAGS_MISMATCH,3e10db08e03787db,fe3b2db0a320c462,00000000000000000000,00000000000000000000,0000000000000000,0000000000000000,3000,3030,00007fb2,0000,-4096,5
FSCALE_composite,53,RZ,random,578,EXCEPTION_FLAGS_MISMATCH,eb8929b40b92a239,c09dfe80382bf4ba,bb39c94da05c9511c800,80000000000000000000,8000000000000000,8000000000000000,3000,3000,00007fb0,0030,-1919,2
FSCALE_composite,53,RZ,random,578,BELOW_TARGET_NORMAL_EXP,eb8929b40b92a239,c09dfe80382bf4ba,bb39c94da05c9511c800,80000000000000000000,8000000000000000,8000000000000000,3000,3000,00007fb0,0030,-1919,2
FSCALE_composite,53,RZ,random,608,EXCEPTION_FLAGS_MISMATCH,9848d1827da82a5a,40b49729ee173e75,d21bc68c13ed4152d000,c3fefffffffffffff800,ffefffffffffffff,ffefffffffffffff,3000,3000,00007fa8,0028,4096,5
FSCALE_composite,53,RZ,random,687,EXCEPTION_FLAGS_MISMATCH,7d50f32c204b5ade,f0fe98702c2af8b0,00000000000000000000,00000000000000000000,0000000000000000,0000000000000000,3000,3030,00007fb2,0000,-4096,5
FSCALE_composite,53,RZ,random,774,EXCEPTION_FLAGS_MISMATCH,fd84e45a13547456,cd5de0b541fa0953,80000000000000000000,80000000000000000000,8000000000000000,8000000000000000,3000,3030,00007fb2,0000,-4096,5
FSCALE_composite,53,RZ,random,790,EXCEPTION_FLAGS_MISMATCH,2f035a6f4ef98d7e,c0c03977b2accd1b,1e7e9ad37a77cc6bf000,00000000000000000000,0000000000000000,0000000000000000,3000,3000,00007fb0,0030,-4096,5
FSCALE_composite,53,RZ,random,790,BELOW_TARGET_NORMAL_EXP,2f035a6f4ef98d7e,c0c03977b2accd1b,1e7e9ad37a77cc6bf000,00000000000000000000,0000000000000000,0000000000000000,3000,3000,00007fb0,0030,-4096,5
FSCALE_composite,53,RZ,random,796,EXCEPTION_FLAGS_MISMATCH,bf8ee3e66d616240,ca0eef11d377359c,80000000000000000000,80000000000000000000,8000000000000000,8000000000000000,3000,3030,00007fb2,0000,-4096,5
FSCALE_composite,53,RZ,random,818,EXCEPTION_FLAGS_MISMATCH,069d414d0f34828f,c05fccb426caaa9c,3beaea0a6879a4147800,3beaea0a687800000000,000000003a829a1e,000000003a829a1e,3000,3000,00007fb0,0030,-127,1
FSCALE_composite,53,RZ,random,818,BELOW_TARGET_NORMAL_EXP,069d414d0f34828f,c05fccb426caaa9c,3beaea0a6879a4147800,3beaea0a687800000000,000000003a829a1e,000000003a829a1e,3000,3000,00007fb0,0030,-127,1
FSCALE_composite,53,RZ,random,868,EXCEPTION_FLAGS_MISMATCH,fdffaf7c5dd364a3,e4283722f6c66a90,80000000000000000000,80000000000000000000,8000000000000000,8000000000000000,3000,3030,00007fb2,0000,-4096,5
FSCALE_composite,53,RZ,random,876,EXCEPTION_FLAGS_MISMATCH,3e8e25bc65ae2a45,d16d65f448359bef,00000000000000000000,00000000000000000000,0000000000000000,0000000000000000,3000,3030,00007fb2,0000,-4096,5
FSCALE_composite,53,RZ,random,903,EXCEPTION_FLAGS_MISMATCH,fef6f12e697bcc09,de3ccecd69d84b91,80000000000000000000,80000000000000000000,8000000000000000,8000000000000000,3000,3030,00007fb2,0000,-4096,5
FSCALE_composite,53,RZ,random,1021,EXCEPTION_FLAGS_MISMATCH,fe6774d1a94864e1,ddc6f3c8ce66ef1a,80000000000000000000,80000000000000000000,8000000000000000,8000000000000000,3000,3030,00007fb2,0000,-4096,5
FSCALE_composite,53,RZ,random,1202,EXCEPTION_FLAGS_MISMATCH,7e01ae6771ed8311,f8c2772056cf11ee,00000000000000000000,00000000000000000000,0000000000000000,0000000000000000,3000,3030,00007fb2,0000,-4096,5
FSCALE_composite,53,RZ,random,1276,NAN_RESULT,7ff68a6d8a57bf82,805b077497036ce1,7ffff4536c52bdfc1000,7ffff4536c52bdfc1000,7ffe8a6d8a57bf82,7ffe8a6d8a57bf82,3001,3001,00007f81,0000,0,1
FSCALE_composite,53,RZ,random,2679,BELOW_TARGET_NORMAL_EXP,ce4cb99578b3cece,c095e1ae2bf5fe9a,bb6ce5ccabc59e767000,80000000000000000000,8000000000000000,8000000000000000,3000,3000,00007fb0,0030,-1400,2
FSCALE_composite,53,RZ,random,3242,BELOW_TARGET_NORMAL_EXP,fce1ea6a4327a801,c0ac5362b3984b73,b5a58f5352193d400800,80000000000000000000,8000000000000000,8000000000000000,3000,3000,00007fb0,0030,-3625,4
FSCALE_composite,53,RZ,random,3778,BELOW_TARGET_NORMAL_EXP,0002508eb1f5c0f1,09dbe7207ceed065,3bfe9423ac7d703c4000,3bfe9423ac7d703c4000,0002508eb1f5c0f1,0002508eb1f5c0f1,3002,3002,00007f82,0000,0,1
FSCALE_composite,53,RZ,random,3962,NAN_RESULT,7ff2b56876a3d94d,4fcc10e4323999c1,7fffd5ab43b51eca6800,7fffd5ab43b51eca6800,7ffab56876a3d94d,7ffab56876a3d94d,3001,3001,00007f81,0000,4096,5
FSCALE_composite,53,RZ,random,4833,NAN_RESULT,fff7cd014dafca45,202b131e5c179673,fffffe680a6d7e522800,fffffe680a6d7e522800,ffffcd014dafca45,ffffcd014dafca45,3001,3001,00007f81,0000,0,1
FSCALE_composite,53,RZ,random,4852,BELOW_TARGET_NORMAL_EXP,63714c001138c7d7,c0bb3637cb3bfa75,27018a600089c63eb800,00000000000000000000,0000000000000000,0000000000000000,3000,3000,00007fb0,0030,-4096,5
FSCALE_composite,53,RZ,random,4934,BELOW_TARGET_NORMAL_EXP,f6933f66e1758ee6,c0c1413ccfdc455d,a0e799fb370bac773000,80000000000000000000,8000000000000000,8000000000000000,3000,3000,00007fb0,0030,-4096,5
FSCALE_composite,53,RZ,random,5136,BELOW_TARGET_NORMAL_EXP,082b1ec9396d1c21,c07d8307809c52e7,3aaad8f649cb68e10800,00000000000000000000,0000000000000000,0000000000000000,3000,3000,00007fb0,0030,-472,1
FSCALE_composite,53,RZ,random,5225,NAN_RESULT,fff911ee97dfa19e,56576e8ccc5afbeb,ffffc88f74befd0cf000,ffffc88f74befd0cf000,fff911ee97dfa19e,fff911ee97dfa19e,3000,3000,00007f80,0000,4096,5
FSCALE_composite,53,RZ,random,5288,BELOW_TARGET_NORMAL_EXP,0004d5f3e950123f,baaf8f925a461562,3bff9abe7d2a0247e000,3bff9abe7d2a0247e000,0004d5f3e950123f,0004d5f3e950123f,3002,3002,00007f82,0000,0,1
FSCALE_composite,53,RZ,random,5320,NAN_RESULT,fff597ccdb722d53,545caaff9873a284,ffffecbe66db916a9800,ffffecbe66db916a9800,fffd97ccdb722d53,fffd97ccdb722d53,3001,3001,00007f81,0000,4096,5
FSCALE_composite,53,RZ,random,5643,NAN_RESULT,fff73e76dd032547,c160f1eeecd5f8b2,fffff9f3b6e8192a3800,fffff9f3b6e8192a3800,ffff3e76dd032547,ffff3e76dd032547,3001,3001,00007f81,0000,-4096,5
FSCALE_composite,53,RZ,random,6299,BELOW_TARGET_NORMAL_EXP,ca40ffb5aad56b45,c0bd2eaaf944d18a,a37687fdad56ab5a2800,80000000000000000000,8000000000000000,8000000000000000,3000,3000,00007fb0,0030,-4096,5
FSCALE_composite,53,RZ,random,6857,NAN_RESULT,fff2b9e1230f5bb5,33ba8d362a00422c,ffffd5cf09187adda800,ffffd5cf09187adda800,fffab9e1230f5bb5,fffab9e1230f5bb5,3001,3001,00007f81,0000,0,1
FSCALE_composite,53,RZ,random,7112,NAN_RESULT,7ff5fa7714e3a43e,06f1f331d917c213,7fffefd3b8a71d21f000,7fffefd3b8a71d21f000,7ffdfa7714e3a43e,7ffdfa7714e3a43e,3001,3001,00007f81,0000,0,1
FSCALE_composite,53,RZ,random,7144,NAN_RESULT,3832221b7de1a141,7ff94c2e50bb9ddd,7fffca617285dceee800,7fffca617285dceee800,7ff94c2e50bb9ddd,7ff94c2e50bb9ddd,3000,3000,00007f80,0000,0,1
FSCALE_composite,53,RZ,random,7144,NONFINITE_SCALE_INPUT,3832221b7de1a141,7ff94c2e50bb9ddd,7fffca617285dceee800,7fffca617285dceee800,7ff94c2e50bb9ddd,7ff94c2e50bb9ddd,3000,3000,00007f80,0000,0,1
FSCALE_composite,53,RZ,random,7150,NAN_RESULT,7ff64d3afab83048,b903d1b62938cc6f,7ffff269d7d5c1824000,7ffff269d7d5c1824000,7ffe4d3afab83048,7ffe4d3afab83048,3001,3001,00007f81,0000,0,1
FSCALE_composite,53,RZ,random,7157,NAN_RESULT,5021548c0d3ee499,fff7c82667cd086f,fffffe41333e68437800,fffffe41333e68437800,ffffc82667cd086f,ffffc82667cd086f,3001,3001,00007f81,0000,0,1
FSCALE_composite,53,RZ,random,7157,NONFINITE_SCALE_INPUT,5021548c0d3ee499,fff7c82667cd086f,fffffe41333e68437800,fffffe41333e68437800,ffffc82667cd086f,ffffc82667cd086f,3001,3001,00007f81,0000,0,1
FSCALE_composite,53,RZ,random,7865,BELOW_TARGET_NORMAL_EXP,5ea99d06d898b2b9,c0caebce6e3a1eb6,0c13cce836c4c595c800,00000000000000000000,0000000000000000,0000000000000000,3000,3000,00007fb0,0030,-4096,5
FSCALE_composite,53,RZ,random,8755,BELOW_TARGET_NORMAL_EXP,1e0a43bd7481e26a,c0c25273dbf6956b,193cd21deba40f135000,00000000000000000000,0000000000000000,0000000000000000,3000,3000,00007fb0,0030,-4096,5
FSCALE_composite,53,RZ,random,10369,NAN_RESULT,7ff831954fabc586,ab35d11c1c885b1e,7fffc18caa7d5e2c3000,7fffc18caa7d5e2c3000,7ff831954fabc586,7ff831954fabc586,3000,3000,00007f80,0000,0,1
FSCALE_composite,53,RZ,random,10393,BELOW_TARGET_NORMAL_EXP,3cc5fc9500459ce2,c0aba27ad4c54e45,31fbafe4a8022ce71000,00000000000000000000,0000000000000000,0000000000000000,3000,3000,00007fb0,0030,-3537,4
FSCALE_composite,53,RZ,random,10666,NAN_RESULT,c905b38af98eb6fc,fff966a6305ea046,ffffcb353182f5023000,ffffcb353182f5023000,fff966a6305ea046,fff966a6305ea046,3000,3000,00007f80,0000,0,1
FSCALE_composite,53,RZ,random,10666,NONFINITE_SCALE_INPUT,c905b38af98eb6fc,fff966a6305ea046,ffffcb353182f5023000,ffffcb353182f5023000,fff966a6305ea046,fff966a6305ea046,3000,3000,00007f80,0000,0,1
FSCALE_composite,53,RZ,random,10688,BELOW_TARGET_NORMAL_EXP,eab9a1486a4cc203,c0a5450f00dd06b4,b809cd0a435266101800,80000000000000000000,8000000000000000,8000000000000000,3000,3000,00007fb0,0030,-2722,3
FSCALE_composite,53,RZ,random,10731,NAN_RESULT,1ea86fb8076c0379,fff8b9f3af83f460,ffffc5cf9d7c1fa30000,ffffc5cf9d7c1fa30000,fff8b9f3af83f460,fff8b9f3af83f460,3000,3000,00007f80,0000,0,1
FSCALE_composite,53,RZ,random,10731,NONFINITE_SCALE_INPUT,1ea86fb8076c0379,fff8b9f3af83f460,ffffc5cf9d7c1fa30000,ffffc5cf9d7c1fa30000,fff8b9f3af83f460,fff8b9f3af83f460,3000,3000,00007f80,0000,0,1
FSCALE_composite,53,RZ,random,11022,BELOW_TARGET_NORMAL_EXP,13f9bc0352ab96ab,c092ed3916188cb6,3884cde01a955cb55800,00000000000000000000,0000000000000000,0000000000000000,3000,3000,00007fb0,0030,-1211,2
FSCALE_composite,53,RZ,random,11522,NAN_RESULT,7ffdb528cf0afc2e,b091db1050246ff4,7fffeda9467857e17000,7fffeda9467857e17000,7ffdb528cf0afc2e,7ffdb528cf0afc2e,3000,3000,00007f80,0000,0,1
FSCALE_composite,53,RZ,random,13303,NAN_RESULT,7ff0c1e6a8fb5b16,e7b97527a0d3b195,7fffc60f3547dad8b000,7fffc60f3547dad8b000,7ff8c1e6a8fb5b16,7ff8c1e6a8fb5b16,3001,3001,00007f81,0000,-4096,5
FSCALE_composite,53,RZ,random,13524,BELOW_TARGET_NORMAL_EXP,cef5662c53d483e5,c09557ba2ff8fd76,bb9aab31629ea41f2800,80000000000000000000,8000000000000000,8000000000000000,3000,3000,00007fb0,0030,-1365,2
FSCALE_composite,53,RZ,random,13530,NAN_RESULT,509f06ee712cd603,7ffbfa8500a13df5,7fffdfd4280509efa800,7fffdfd4280509efa800,7ffbfa8500a13df5,7ffbfa8500a13df5,3000,3000,00007f80,0000,0,1
FSCALE_composite,53,RZ,random,13530,NONFINITE_SCALE_INPUT,509f06ee712cd603,7ffbfa8500a13df5,7fffdfd4280509efa800,7fffdfd4280509efa800,7ffbfa8500a13df5,7ffbfa8500a13df5,3000,3000,00007f80,0000,0,1
FSCALE_composite,53,RZ,random,13912,NAN_RESULT,7fff3b6898a23a09,0cf584f32c80c25d,7ffff9db44c511d04800,7ffff9db44c511d04800,7fff3b6898a23a09,7fff3b6898a23a09,3000,3000,00007f80,0000,0,1
FSCALE_composite,53,RZ,random,14028,NAN_RESULT,e4510164c84bd860,fff80ef429af2c44,ffffc077a14d79622000,ffffc077a14d79622000,fff80ef429af2c44,fff80ef429af2c44,3000,3000,00007f80,0000,0,1
FSCALE_composite,53,RZ,random,14028,NONFINITE_SCALE_INPUT,e4510164c84bd860,fff80ef429af2c44,ffffc077a14d79622000,ffffc077a14d79622000,fff80ef429af2c44,fff80ef429af2c44,3000,3000,00007f80,0000,0,1
FSCALE_composite,53,RZ,random,17463,NONFINITE_SCALE_INPUT,ae97694884f57e2e,fffea3460cfdb166,fffff51a3067ed8b3000,fffff51a3067ed8b3000,fffea3460cfdb166,fffea3460cfdb166,3000,3000,00007f80,0000,0,1
FSCALE_composite,53,RZ,random,19729,NONFINITE_SCALE_INPUT,85cab8a711059b62,7ffe194562b9a845,7ffff0ca2b15cd422800,7ffff0ca2b15cd422800,7ffe194562b9a845,7ffe194562b9a845,3000,3000,00007f80,0000,0,1
FSCALE_composite,53,RZ,random,21169,NONFINITE_SCALE_INPUT,8508f7867c1f4e58,7ff9bd611b24fe9f,7fffcdeb08d927f4f800,7fffcdeb08d927f4f800,7ff9bd611b24fe9f,7ff9bd611b24fe9f,3000,3000,00007f80,0000,0,1
FSCALE_composite,53,RZ,random,22487,NONFINITE_SCALE_INPUT,ebc042449b86ea5b,fff669a1cf1aa58f,fffff34d0e78d52c7800,fffff34d0e78d52c7800,fffe69a1cf1aa58f,fffe69a1cf1aa58f,3001,3001,00007f81,0000,0,1
FSCALE_composite,53,RZ,random,27835,NONFINITE_SCALE_INPUT,f2fd80f38f424efe,fff2da063c0c807a,ffffd6d031e06403d000,ffffd6d031e06403d000,fffada063c0c807a,fffada063c0c807a,3001,3001,00007f81,0000,0,1
FSCALE_composite,53,RZ,random,28664,NONFINITE_SCALE_INPUT,3fce322de0a04ebf,7ff8853a607d2519,7fffc429d303e928c800,7fffc429d303e928c800,7ff8853a607d2519,7ff8853a607d2519,3000,3000,00007f80,0000,0,1
FSCALE_composite,53,RZ,random,29838,NONFINITE_SCALE_INPUT,cea3f1a43e653081,fff223b728d8cf44,ffffd11db946c67a2000,ffffd11db946c67a2000,fffa23b728d8cf44,fffa23b728d8cf44,3001,3001,00007f81,0000,0,1
FSCALE_composite,53,RZ,random,30212,NONFINITE_SCALE_INPUT,a05dae3ac7bd2709,fff14b385a30b761,ffffca59c2d185bb0800,ffffca59c2d185bb0800,fff94b385a30b761,fff94b385a30b761,3001,3001,00007f81,0000,0,1
FSCALE_composite,53,RZ,random,30390,NONFINITE_SCALE_INPUT,73bfca66e8381a0f,7fffedbce165b7b0,7fffff6de70b2dbd8000,7fffff6de70b2dbd8000,7fffedbce165b7b0,7fffedbce165b7b0,3000,3000,00007f80,0000,0,1
FSCALE_composite,53,RZ,random,31049,NONFINITE_SCALE_INPUT,0cb86b5d19534f80,7ff07fcbe8ab5efe,7fffc3fe5f455af7f000,7fffc3fe5f455af7f000,7ff87fcbe8ab5efe,7ff87fcbe8ab5efe,3001,3001,00007f81,0000,0,1
FSCALE_composite,53,RZ,random,32430,NONFINITE_SCALE_INPUT,c6df2d76546bd32d,ffffd71320501ffb,fffffeb8990280ffd800,fffffeb8990280ffd800,ffffd71320501ffb,ffffd71320501ffb,3000,3000,00007f80,0000,0,1
FSCALE_composite,53,RZ,random,34942,NONFINITE_SCALE_INPUT,dd3873fc3b4b06dc,7ff1ba871d023ee9,7fffcdd438e811f74800,7fffcdd438e811f74800,7ff9ba871d023ee9,7ff9ba871d023ee9,3001,3001,00007f81,0000,0,1
FSCALE_composite,53,RZ,random,36325,NONFINITE_SCALE_INPUT,946aa5a8febd61e8,7ff75654cbb39dc7,7ffffab2a65d9cee3800,7ffffab2a65d9cee3800,7fff5654cbb39dc7,7fff5654cbb39dc7,3001,3001,00007f81,0000,0,1
FSCALE_composite,53,RZ,random,37339,NONFINITE_SCALE_INPUT,791cbfeb5fb09591,fff623b04005571f,fffff11d82002ab8f800,fffff11d82002ab8f800,fffe23b04005571f,fffe23b04005571f,3001,3001,00007f81,0000,0,1
FSCALE_composite,53,RZ,random,67494,NARROWED_VALUE_MISMATCH,fffd381a91724d02,fff6628cb6f5ee32,fffff31465b7af719000,ffffe9c0d48b92681000,fffe628cb6f5ee32,fffd381a91724d02,3001,3001,00007f81,0000,0,1
FSCALE_composite,53,RZ,edge,489,NARROWED_VALUE_MISMATCH,7ff8000000000000,fff8000000000123,ffffc000000000091800,7fffc000000000000000,fff8000000000123,7ff8000000000000,3000,3000,00007f80,0000,0,1
FSCALE_composite,53,RZ,edge,490,NARROWED_VALUE_MISMATCH,7ff8000000000000,7ff0000000000001,7fffc000000000000800,7fffc000000000000000,7ff8000000000001,7ff8000000000000,3001,3001,00007f81,0000,0,1
FSCALE_composite,53,RZ,edge,491,NARROWED_VALUE_MISMATCH,7ff8000000000000,fff0000000000100,ffffc000000000080000,7fffc000000000000000,fff8000000000100,7ff8000000000000,3001,3001,00007f81,0000,0,1
FSCALE_composite,53,RZ,edge,609,NARROWED_VALUE_MISMATCH,7ff0000000000001,fff8000000000123,ffffc000000000091800,7fffc000000000000800,fff8000000000123,7ff8000000000001,3001,3001,00007f81,0000,0,1
FSCALE_composite,53,RZ,edge,611,NARROWED_VALUE_MISMATCH,7ff0000000000001,fff0000000000100,ffffc000000000080000,7fffc000000000000800,fff8000000000100,7ff8000000000001,3001,3001,00007f81,0000,0,1
FSCALE_composite,53,RZ,edge,669,NARROWED_VALUE_MISMATCH,fff0000000000100,fff8000000000123,ffffc000000000091800,ffffc000000000080000,fff8000000000123,fff8000000000100,3001,3001,00007f81,0000,0,1
FSCALE_composite,24,RN,random,0,ALL,00000000d06f946d,000000001bde34e9,c020ef946d0000000000,c020ef946d0000000000,00000000d06f946d,00000000d06f946d,3000,3000,00001f80,0000,0,1
FSCALE_composite,24,RN,random,1,ALL,00000000d9352870,000000001b764562,c032b528700000000000,c032b528700000000000,00000000d9352870,00000000d9352870,3000,3000,00001f80,0000,0,1
FSCALE_composite,24,RN,random,2,ALL,0000000097c81d24,00000000e6c52c55,80000000000000000000,80000000000000000000,0000000080000000,0000000080000000,3000,3030,00001fb2,0000,-4096,33
FSCALE_composite,24,RN,random,2,EXCEPTION_FLAGS_MISMATCH,0000000097c81d24,00000000e6c52c55,80000000000000000000,80000000000000000000,0000000080000000,0000000080000000,3000,3030,00001fb2,0000,-4096,33
FSCALE_composite,24,RN,random,3,ALL,0000000091e7f180,00000000fe1268f1,80000000000000000000,80000000000000000000,0000000080000000,0000000080000000,3000,3030,00001fb0,0000,-4096,33
FSCALE_composite,24,RN,random,4,ALL,00000000721f60fe,000000003fd88c6b,40659f60fe0000000000,40659f60fe0000000000,00000000729f60fe,00000000729f60fe,3000,3000,00001f80,0000,1,1
FSCALE_composite,24,RN,random,5,ALL,00000000d6f2da83,0000000068398519,ffff8000000000000000,ffff8000000000000000,00000000ff800000,00000000ff800000,3000,3228,00001fa8,0000,4096,33
FSCALE_composite,24,RN,random,6,ALL,00000000255edafb,000000007efdbd82,7fff8000000000000000,7fff8000000000000000,000000007f800000,000000007f800000,3000,3228,00001fa8,0000,4096,33
FSCALE_composite,24,RN,random,7,ALL,00000000d446e560,000000001cfd6c54,c028c6e5600000000000,c028c6e5600000000000,00000000d446e560,00000000d446e560,3000,3000,00001f80,0000,0,1
FSCALE_composite,24,RN,random,8,ALL,00000000ba46176c,000000003c4e6859,bff4c6176c0000000000,bff4c6176c0000000000,00000000ba46176c,00000000ba46176c,3000,3000,00001f80,0000,0,1
FSCALE_composite,24,RN,random,9,ALL,0000000070124cea,000000005473b6d3,7fff8000000000000000,7fff8000000000000000,000000007f800000,000000007f800000,3000,3228,00001fa8,0000,4096,33
FSCALE_composite,24,RN,random,10,ALL,0000000026b8486f,000000009a1b1ba9,3fcdb8486f0000000000,3fcdb8486f0000000000,0000000026b8486f,0000000026b8486f,3000,3000,00001f80,0000,0,1
FSCALE_composite,24,RN,random,11,ALL,000000001e9a8f25,0000000026e069f4,3fbd9a8f250000000000,3fbd9a8f250000000000,000000001e9a8f25,000000001e9a8f25,3000,3000,00001f80,0000,0,1
FSCALE_composite,24,RN,random,12,ALL,00000000b95c2e2c,00000000b8104187,bff2dc2e2c0000000000,bff2dc2e2c0000000000,00000000b95c2e2c,00000000b95c2e2c,3000,3000,00001f80,0000,0,1
FSCALE_composite,24,RN,random,13,ALL,000000006cc1e283,000000006612f471,7fff8000000000000000,7fff8000000000000000,000000007f800000,000000007f800000,3000,3228,00001fa8,0000,4096,33
FSCALE_composite,24,RN,random,14,ALL,0000000021e68365,00000000549332ce,7fff8000000000000000,7fff8000000000000000,000000007f800000,000000007f800000,3000,3228,00001fa8,0000,4096,33
FSCALE_composite,24,RN,random,15,ALL,00000000fa7c67cf,000000009beb8404,c074fc67cf0000000000,c074fc67cf0000000000,00000000fa7c67cf,00000000fa7c67cf,3000,3000,00001f80,0000,0,1
FSCALE_composite,24,RN,random,16,ALL,00000000806e9527,00000000d18b51d9,80000000000000000000,80000000000000000000,0000000080000000,0000000080000000,3002,3032,00001fb2,0000,-4096,33
FSCALE_composite,24,RN,random,17,ALL,000000000dac67e9,00000000534d29f4,7fff8000000000000000,7fff8000000000000000,000000007f800000,000000007f800000,3000,3228,00001fa8,0000,4096,33
FSCALE_composite,24,RN,random,18,ALL,00000000f5448c93,000000008436a104,c06ac48c930000000000,c06ac48c930000000000,00000000f5448c93,00000000f5448c93,3000,3000,00001f80,0000,0,1
FSCALE_composite,24,RN,random,19,ALL,000000000a186549,00000000232e40dc,3f949865490000000000,3f949865490000000000,000000000a186549,000000000a186549,3000,3000,00001f80,0000,0,1
FSCALE_composite,24,RN,random,41,REGISTER_VALUE_MISMATCH,0000000080205e9a,0000000045280694,c9ff817a680000000000,ffff8000000000000000,00000000ff800000,00000000ff800000,3002,3002,00001faa,0228,2688,22
FSCALE_composite,24,RN,random,41,EXCEPTION_FLAGS_MISMATCH,0000000080205e9a,0000000045280694,c9ff817a680000000000,ffff8000000000000000,00000000ff800000,00000000ff800000,3002,3002,00001faa,0228,2688,22
FSCALE_composite,24,RN,random,41,ABOVE_TARGET_MAX_EXP,0000000080205e9a,0000000045280694,c9ff817a680000000000,ffff8000000000000000,00000000ff800000,00000000ff800000,3002,3002,00001faa,0228,2688,22
FSCALE_composite,24,RN,random,52,EXCEPTION_FLAGS_MISMATCH,00000000db1d7d0d,00000000d07fdeb0,80000000000000000000,80000000000000000000,0000000080000000,0000000080000000,3000,3030,00001fb2,0000,-4096,33
FSCALE_composite,24,RN,random,79,EXCEPTION_FLAGS_MISMATCH,000000009c575004,00000000f1f1f5a9,80000000000000000000,80000000000000000000,0000000080000000,0000000080000000,3000,3030,00001fb2,0000,-4096,33
FSCALE_composite,24,RN,random,82,REGISTER_VALUE_MISMATCH,00000000b2f112dd,00000000c4788ca7,bc03f112dd0000000000,80000000000000000000,0000000080000000,0000000080000000,3000,3000,00001fb2,0030,-994,8
FSCALE_composite,24,RN,random,82,EXCEPTION_FLAGS_MISMATCH,00000000b2f112dd,00000000c4788ca7,bc03f112dd0000000000,80000000000000000000,0000000080000000,0000000080000000,3000,3000,00001fb2,0030,-994,8
FSCALE_composite,24,RN,random,82,BELOW_TARGET_NORMAL_EXP,00000000b2f112dd,00000000c4788ca7,bc03f112dd0000000000,80000000000000000000,0000000080000000,0000000080000000,3000,3000,00001fb2,0030,-994,8
FSCALE_composite,24,RN,random,89,EXCEPTION_FLAGS_MISMATCH,0000000097a09680,00000000cec3c654,80000000000000000000,80000000000000000000,0000000080000000,0000000080000000,3000,3030,00001fb2,0000,-4096,33
FSCALE_composite,24,RN,random,110,NAN_RESULT,000000001dbfdce1,000000007ff6cf7b,7ffff6cf7b0000000000,7ffff6cf7b0000000000,000000007ff6cf7b,000000007ff6cf7b,3000,3000,00001f80,0000,0,1
FSCALE_composite,24,RN,random,110,NONFINITE_SCALE_INPUT,000000001dbfdce1,000000007ff6cf7b,7ffff6cf7b0000000000,7ffff6cf7b0000000000,000000007ff6cf7b,000000007ff6cf7b,3000,3000,00001f80,0000,0,1
FSCALE_composite,24,RN,random,127,EXCEPTION_FLAGS_MISMATCH,0000000053e0ea71,00000000e4737018,00000000000000000000,00000000000000000000,0000000000000000,0000000000000000,3000,3030,00001fb2,0000,-4096,33
FSCALE_composite,24,RN,random,139,REGISTER_VALUE_MISMATCH,000000003b2f2f67,00000000c33c369f,3f3aaf2f670000000000,00000000000000000000,0000000000000000,0000000000000000,3000,3000,00001fb0,0030,-188,2
FSCALE_composite,24,RN,random,139,EXCEPTION_FLAGS_MISMATCH,000000003b2f2f67,00000000c33c369f,3f3aaf2f670000000000,00000000000000000000,0000000000000000,0000000000000000,3000,3000,00001fb0,0030,-188,2
FSCALE_composite,24,RN,random,139,BELOW_TARGET_NORMAL_EXP,000000003b2f2f67,00000000c33c369f,3f3aaf2f670000000000,00000000000000000000,0000000000000000,0000000000000000,3000,3000,00001fb0,0030,-188,2
FSCALE_composite,24,RN,random,142,EXCEPTION_FLAGS_MISMATCH,000000007e96e2b2,00000000801bb324,407d96e2b20000000000,407d96e2b20000000000,000000007e96e2b2,000000007e96e2b2,3002,3002,00001f80,0000,0,1
FSCALE_composite,24,RN,random,145,EXCEPTION_FLAGS_MISMATCH,000000005d349335,00000000cb6f67aa,00000000000000000000,00000000000000000000,0000000000000000,0000000000000000,3000,3030,00001fb2,0000,-4096,33
FSCALE_composite,24,RN,random,146,REGISTER_VALUE_MISMATCH,0000000078f20e0e,0000000042149e55,4096f20e0e0000000000,7fff8000000000000000,000000007f800000,000000007f800000,3000,3000,00001fa8,0228,37,1
FSCALE_composite,24,RN,random,146,EXCEPTION_FLAGS_MISMATCH,0000000078f20e0e,0000000042149e55,4096f20e0e0000000000,7fff8000000000000000,000000007f800000,000000007f800000,3000,3000,00001fa8,0228,37,1
FSCALE_composite,24,RN,random,146,ABOVE_TARGET_MAX_EXP,0000000078f20e0e,0000000042149e55,4096f20e0e0000000000,7fff8000000000000000,000000007f800000,000000007f800000,3000,3000,00001fa8,0228,37,1
FSCALE_composite,24,RN,random,171,REGISTER_VALUE_MISMATCH,0000000091b5ca32,00000000c50bde19,b6e6b5ca320000000000,80000000000000000000,0000000080000000,0000000080000000,3000,3000,00001fb0,0030,-2237,18
FSCALE_composite,24,RN,random,171,EXCEPTION_FLAGS_MISMATCH,0000000091b5ca32,00000000c50bde19,b6e6b5ca320000000000,80000000000000000000,0000000080000000,0000000080000000,3000,3000,00001fb0,0030,-2237,18
FSCALE_composite,24,RN,random,171,BELOW_TARGET_NORMAL_EXP,0000000091b5ca32,00000000c50bde19,b6e6b5ca320000000000,80000000000000000000,0000000080000000,0000000080000000,3000,3000,00001fb0,0030,-2237,18
FSCALE_composite,24,RN,random,178,EXCEPTION_FLAGS_MISMATCH,000000001e6318aa,00000000dd440a3c,00000000000000000000,00000000000000000000,0000000000000000,0000000000000000,3000,3030,00001fb2,0000,-4096,33
FSCALE_composite,24,RN,random,201,REGISTER_VALUE_MISMATCH,0000000032630f87,00000000c547ec32,3366e30f870000000000,00000000000000000000,0000000000000000,0000000000000000,3000,3000,00001fb0,0030,-3198,26
FSCALE_composite,24,RN,random,201,EXCEPTION_FLAGS_MISMATCH,0000000032630f87,00000000c547ec32,3366e30f870000000000,00000000000000000000,0000000000000000,0000000000000000,3000,3000,00001fb0,0030,-3198,26
FSCALE_composite,24,RN,random,201,BELOW_TARGET_NORMAL_EXP,0000000032630f87,00000000c547ec32,3366e30f870000000000,00000000000000000000,0000000000000000,0000000000000000,3000,3000,00001fb0,0030,-3198,26
FSCALE_composite,24,RN,random,203,BELOW_TARGET_NORMAL_EXP,0000000080053b0d,00000000b8fce25b,bf7ca761a00000000000,bf7ca761a00000000000,0000000080053b0d,0000000080053b0d,3002,3002,00001f82,0000,0,1
FSCALE_composite,24,RN,random,234,REGISTER_VALUE_MISMATCH,000000006afa7a9b,000000004289968c,4099fa7a9b0000000000,7fff8000000000000000,000000007f800000,000000007f800000,3000,3000,00001fa8,0228,68,1
FSCALE_composite,24,RN,random,234,EXCEPTION_FLAGS_MISMATCH,000000006afa7a9b,000000004289968c,4099fa7a9b0000000000,7fff8000000000000000,000000007f800000,000000007f800000,3000,3000,00001fa8,0228,68,1
FSCALE_composite,24,RN,random,234,ABOVE_TARGET_MAX_EXP,000000006afa7a9b,000000004289968c,4099fa7a9b0000000000,7fff8000000000000000,000000007f800000,000000007f800000,3000,3000,00001fa8,0228,68,1
FSCALE_composite,24,RN,random,238,REGISTER_VALUE_MISMATCH,00000000975d0352,00000000c4def145,b8b7dd03520000000000,80000000000000000000,0000000080000000,0000000080000000,3000,3000,00001fb0,0030,-1783,15
FSCALE_composite,24,RN,random,238,EXCEPTION_FLAGS_MISMATCH,00000000975d0352,00000000c4def145,b8b7dd03520000000000,80000000000000000000,0000000080000000,0000000080000000,3000,3000,00001fb0,0030,-1783,15
FSCALE_composite,24,RN,random,238,BELOW_TARGET_NORMAL_EXP,00000000975d0352,00000000c4def145,b8b7dd03520000000000,80000000000000000000,0000000080000000,0000000080000000,3000,3000,00001fb0,0030,-1783,15
FSCALE_composite,24,RN,random,248,NAN_RESULT,00000000ff828917,00000000b3dd3a50,ffffc289170000000000,ffffc289170000000000,00000000ffc28917,00000000ffc28917,3001,3001,00001f81,0000,0,1
FSCALE_composite,24,RN,random,256,EXCEPTION_FLAGS_MISMATCH,000000009970f904,00000000e5379fd9,80000000000000000000,80000000000000000000,0000000080000000,0000000080000000,3000,3030,00001fb2,0000,-4096,33
FSCALE_composite,24,RN,random,259,NAN_RESULT,000000007f9b4c89,000000002e94de2c,7fffdb4c890000000000,7fffdb4c890000000000,000000007fdb4c89,000000007fdb4c89,3001,3001,00001f81,0000,0,1
FSCALE_composite,24,RN,random,264,REGISTER_VALUE_MISMATCH,0000000089b24e1f,00000000443fa5d8,c291b24e1f0000000000,ffff8000000000000000,00000000ff800000,00000000ff800000,3000,3000,00001fa8,0228,766,7
FSCALE_composite,24,RN,random,264,EXCEPTION_FLAGS_MISMATCH,0000000089b24e1f,00000000443fa5d8,c291b24e1f0000000000,ffff8000000000000000,00000000ff800000,00000000ff800000,3000,3000,00001fa8,0228,766,7
FSCALE_composite,24,RN,random,264,ABOVE_TARGET_MAX_EXP,0000000089b24e1f,00000000443fa5d8,c291b24e1f0000000000,ffff8000000000000000,00000000ff800000,00000000ff800000,3000,3000,00001fa8,0228,766,7
FSCALE_composite,24,RN,random,273,EXCEPTION_FLAGS_MISMATCH,00000000953d01b9,00000000d288f824,80000000000000000000,80000000000000000000,0000000080000000,0000000080000000,3000,3030,00001fb2,0000,-4096,33
FSCALE_composite,24,RN,random,288,EXCEPTION_FLAGS_MISMATCH,00000000582b16b0,00000000ea9be05c,00000000000000000000,00000000000000000000,0000000000000000,0000000000000000,3000,3030,00001fb2,0000,-4096,33
FSCALE_composite,24,RN,random,347,REGISTER_VALUE_MISMATCH,00000000d0eac70b,000000004438f162,c304eac70b0000000000,ffff8000000000000000,00000000ff800000,00000000ff800000,3000,3000,00001fa8,0228,739,6
FSCALE_composite,24,RN,random,347,ABOVE_TARGET_MAX_EXP,00000000d0eac70b,000000004438f162,c304eac70b0000000000,ffff8000000000000000,00000000ff800000,00000000ff800000,3000,3000,00001fa8,0228,739,6
FSCALE_composite,24,RN,random,364,REGISTER_VALUE_MISMATCH,00000000f163ee35,0000000045861cf7,d125e3ee350000000000,ffff8000000000000000,00000000ff800000,00000000ff800000,3000,3000,00001fa8,0228,4096,33
FSCALE_composite,24,RN,random,364,ABOVE_TARGET_MAX_EXP,00000000f163ee35,0000000045861cf7,d125e3ee350000000000,ffff8000000000000000,00000000ff800000,00000000ff800000,3000,3000,00001fa8,0228,4096,33
FSCALE_composite,24,RN,random,386,NAN_RESULT,00000000ff94bd00,00000000c9dd3176,ffffd4bd000000000000,ffffd4bd000000000000,00000000ffd4bd00,00000000ffd4bd00,3001,3001,00001f81,0000,-4096,33
FSCALE_composite,24,RN,random,474,REGISTER_VALUE_MISMATCH,0000000055d51c30,00000000c40d4911,3df6d51c300000000000,00000000000000000000,0000000000000000,0000000000000000,3000,3000,00001fb2,0030,-565,5
FSCALE_composite,24,RN,random,474,BELOW_TARGET_NORMAL_EXP,0000000055d51c30,00000000c40d4911,3df6d51c300000000000,00000000000000000000,0000000000000000,0000000000000000,3000,3000,00001fb2,0030,-565,5
FSCALE_composite,24,RN,random,486,REGISTER_VALUE_MISMATCH,0000000054d12cc6,00000000c4c7729d,39eed12cc60000000000,00000000000000000000,0000000000000000,0000000000000000,3000,3000,00001fb0,0030,-1595,13
FSCALE_composite,24,RN,random,486,BELOW_TARGET_NORMAL_EXP,0000000054d12cc6,00000000c4c7729d,39eed12cc60000000000,00000000000000000000,0000000000000000,0000000000000000,3000,3000,00001fb0,0030,-1595,13
FSCALE_composite,24,RN,random,537,NAN_RESULT,00000000ffee36e5,00000000fc75a7d3,ffffee36e50000000000,ffffee36e50000000000,00000000ffee36e5,00000000ffee36e5,3000,3000,00001f80,0000,-4096,33
FSCALE_composite,24,RN,random,597,REGISTER_VALUE_MISMATCH,00000000acdb5760,00000000c3ca1da5,be45db57600000000000,80000000000000000000,0000000080000000,0000000080000000,3000,3000,00001fb0,0030,-404,4
FSCALE_composite,24,RN,random,597,BELOW_TARGET_NORMAL_EXP,00000000acdb5760,00000000c3ca1da5,be45db57600000000000,80000000000000000000,0000000080000000,0000000080000000,3000,3000,00001fb0,0030,-404,4
FSCALE_composite,24,RN,random,662,REGISTER_VALUE_MISMATCH,0000000075ca411c,0000000043150e18,4100ca411c0000000000,7fff8000000000000000,000000007f800000,000000007f800000,3000,3000,00001fa8,0228,149,2
FSCALE_composite,24,RN,random,662,ABOVE_TARGET_MAX_EXP,0000000075ca411c,0000000043150e18,4100ca411c0000000000,7fff8000000000000000,000000007f800000,000000007f800000,3000,3000,00001fa8,0228,149,2
FSCALE_composite,24,RN,random,674,REGISTER_VALUE_MISMATCH,000000000f830e47,0000000045d639e1,5a66830e470000000000,7fff8000000000000000,000000007f800000,000000007f800000,3000,3000,00001fa8,0228,4096,33
FSCALE_composite,24,RN,random,674,ABOVE_TARGET_MAX_EXP,000000000f830e47,0000000045d639e1,5a66830e470000000000,7fff8000000000000000,000000007f800000,000000007f800000,3000,3000,00001fa8,0228,4096,33
FSCALE_composite,24,RN,random,682,REGISTER_VALUE_MISMATCH,000000006d941a2e,00000000c5c13b2b,2834941a2e0000000000,00000000000000000000,0000000000000000,0000000000000000,3000,3000,00001fb0,0030,-4096,33
FSCALE_composite,24,RN,random,682,BELOW_TARGET_NORMAL_EXP,000000006d941a2e,00000000c5c13b2b,2834941a2e0000000000,00000000000000000000,0000000000000000,0000000000000000,3000,3000,00001fb0,0030,-4096,33
FSCALE_composite,24,RN,random,731,REGISTER_VALUE_MISMATCH,00000000ad225779,00000000c4ef7ef5,b85fa257790000000000,80000000000000000000,0000000080000000,0000000080000000,3000,3000,00001fb0,0030,-1915,16
FSCALE_composite,24,RN,random,731,BELOW_TARGET_NORMAL_EXP,00000000ad225779,00000000c4ef7ef5,b85fa257790000000000,80000000000000000000,0000000080000000,0000000080000000,3000,3000,00001fb0,0030,-1915,16
FSCALE_composite,24,RN,random,737,NAN_RESULT,000000009b5f07ce,00000000ffea4391,ffffea43910000000000,ffffea43910000000000,00000000ffea4391,00000000ffea4391,3000,3000,00001f80,0000,0,1
FSCALE_composite,24,RN,random,737,NONFINITE_SCALE_INPUT,000000009b5f07ce,00000000ffea4391,ffffea43910000000000,ffffea43910000000000,00000000ffea4391,00000000ffea4391,3000,3000,00001f80,0000,0,1
FSCALE_composite,24,RN,random,738,REGISTER_VALUE_MISMATCH,00000000cc345f55,0000000042e91655,c08cb45f550000000000,ffff8000000000000000,00000000ff800000,00000000ff800000,3000,3000,00001fa8,0228,116,1
FSCALE_composite,24,RN,random,738,ABOVE_TARGET_MAX_EXP,00000000cc345f55,0000000042e91655,c08cb45f550000000000,ffff8000000000000000,00000000ff800000,00000000ff800000,3000,3000,00001fa8,0228,116,1
FSCALE_composite,24,RN,random,752,REGISTER_VALUE_MISMATCH,000000002a722755,00000000c452fed8,3c89f227550000000000,00000000000000000000,0000000000000000,0000000000000000,3000,3000,00001fb2,0030,-843,7
FSCALE_composite,24,RN,random,752,BELOW_TARGET_NORMAL_EXP,000000002a722755,00000000c452fed8,3c89f227550000000000,00000000000000000000,0000000000000000,0000000000000000,3000,3000,00001fb2,0030,-843,7
FSCALE_composite,24,RN,random,757,BELOW_TARGET_NORMAL_EXP,00000000e135ca42,00000000c5f08a1b,a231b5ca420000000000,80000000000000000000,0000000080000000,0000000080000000,3000,3000,00001fb0,0030,-4096,33
FSCALE_composite,24,RN,random,789,NAN_RESULT,000000007fb032f0,000000006fbf56d3,7ffff032f00000000000,7ffff032f00000000000,000000007ff032f0,000000007ff032f0,3001,3001,00001f81,0000,4096,33
FSCALE_composite,24,RN,random,794,ABOVE_TARGET_MAX_EXP,00000000a0a8e849,0000000044aaf2a0,c518a8e8490000000000,ffff8000000000000000,00000000ff800000,00000000ff800000,3000,3000,00001fa8,0228,1367,11
FSCALE_composite,24,RN,random,834,NAN_RESULT,000000007fa4929b,00000000ab56782f,7fffe4929b0000000000,7fffe4929b0000000000,000000007fe4929b,000000007fe4929b,3001,3001,00001f81,0000,0,1
FSCALE_composite,24,RN,random,1013,BELOW_TARGET_NORMAL_EXP,00000000a6289a4d,00000000c54f2eb4,b2daa89a4d0000000000,80000000000000000000,0000000080000000,0000000080000000,3000,3000,00001fb0,0030,-3314,27
FSCALE_composite,24,RN,random,1019,ABOVE_TARGET_MAX_EXP,0000000088cfe486,00000000447404d4,c361cfe4860000000000,ffff8000000000000000,00000000ff800000,00000000ff800000,3000,3000,00001fa8,0228,976,8
FSCALE_composite,24,RN,random,1056,BELOW_TARGET_NORMAL_EXP,00000000bf723f92,00000000c46640cf,bc65f23f920000000000,80000000000000000000,0000000080000000,0000000080000000,3000,3000,00001fb0,0030,-921,8
FSCALE_composite,24,RN,random,1113,ABOVE_TARGET_MAX_EXP,0000000085e149c1,0000000043ef258a,c169e149c10000000000,ffff8000000000000000,00000000ff800000,00000000ff800000,3000,3000,00001fa8,0228,478,4
FSCALE_composite,24,RN,random,1120,NAN_RESULT,00000000949c8708,000000007ff68089,7ffff680890000000000,7ffff680890000000000,000000007ff68089,000000007ff68089,3000,3000,00001f80,0000,0,1
FSCALE_composite,24,RN,random,1120,NONFINITE_SCALE_INPUT,00000000949c8708,000000007ff68089,7ffff680890000000000,7ffff680890000000000,000000007ff68089,000000007ff68089,3000,3000,00001f80,0000,0,1
FSCALE_composite,24,RN,random,1126,NAN_RESULT,000000007f681766,00000000ffd74dad,ffffd74dad0000000000,ffffd74dad0000000000,00000000ffd74dad,00000000ffd74dad,3000,3000,00001f80,0000,0,1
FSCALE_composite,24,RN,random,1126,NONFINITE_SCALE_INPUT,000000007f681766,00000000ffd74dad,ffffd74dad0000000000,ffffd74dad0000000000,00000000ffd74dad,00000000ffd74dad,3000,3000,00001f80,0000,0,1
FSCALE_composite,24,RN,random,1165,ABOVE_TARGET_MAX_EXP,00000000171558e7,0000000043f9c15d,41a19558e70000000000,7fff8000000000000000,000000007f800000,000000007f800000,3000,3000,00001fa8,0228,499,4
FSCALE_composite,24,RN,random,1249,BELOW_TARGET_NORMAL_EXP,000000006c7c5636,00000000c5e0139f,2456fc56360000000000,00000000000000000000,0000000000000000,0000000000000000,3000,3000,00001fb0,0030,-4096,33
FSCALE_composite,24,RN,random,1289,BELOW_TARGET_NORMAL_EXP,00000000fb398ca8,00000000c521c5e4,b65ab98ca80000000000,80000000000000000000,0000000080000000,0000000080000000,3000,3000,00001fb0,0030,-2588,21
FSCALE_composite,24,RN,random,1301,ABOVE_TARGET_MAX_EXP,0000000041422da1,0000000044055316,4217c22da10000000000,7fff8000000000000000,000000007f800000,000000007f800000,3000,3000,00001fa8,0228,533,5
FSCALE_composite,24,RN,random,1312,BELOW_TARGET_NORMAL_EXP,00000000003690a0,00000000385779d5,3f7fda42800000000000,3f7fda42800000000000,00000000003690a0,00000000003690a0,3002,3002,00001f82,0000,0,1
FSCALE_composite,24,RN,random,1327,NAN_RESULT,00000000ff9f187e,00000000e43ae31c,ffffdf187e0000000000,ffffdf187e0000000000,00000000ffdf187e,00000000ffdf187e,3001,3001,00001f81,0000,-4096,33
FSCALE_composite,24,RN,random,1341,BELOW_TARGET_NORMAL_EXP,000000006adaf16f,00000000c3634c16,3f72daf16f0000000000,3f72db00000000000000,00000000000001b6,00000000000001b6,3000,3000,00001fb0,0230,-227,2
FSCALE_composite,24,RN,random,1358,BELOW_TARGET_NORMAL_EXP,00000000804c68a1,00000000afcb65bb,bf8098d1420000000000,bf8098d1420000000000,00000000804c68a1,00000000804c68a1,3002,3002,00001f82,0000,0,1
FSCALE_composite,24,RN,random,1361,NAN_RESULT,000000002c19774e,00000000ffe83723,ffffe837230000000000,ffffe837230000000000,00000000ffe83723,00000000ffe83723,3000,3000,00001f80,0000,0,1
FSCALE_composite,24,RN,random,1361,NONFINITE_SCALE_INPUT,000000002c19774e,00000000ffe83723,ffffe837230000000000,ffffe837230000000000,00000000ffe83723,00000000ffe83723,3000,3000,00001f80,0000,0,1
FSCALE_composite,24,RN,random,1451,ABOVE_TARGET_MAX_EXP,00000000f5384887,00000000462f1c87,ec31b848870000000000,ffff8000000000000000,00000000ff800000,00000000ff800000,3000,3000,00001fa8,0228,4096,33
FSCALE_composite,24,RN,random,1475,NAN_RESULT,000000007fc358fb,000000000c022c66,7fffc358fb0000000000,7fffc358fb0000000000,000000007fc358fb,000000007fc358fb,3000,3000,00001f80,0000,0,1
FSCALE_composite,24,RN,random,1562,ABOVE_TARGET_MAX_EXP,000000005b02f483,0000000045f515d9,5ed882f4830000000000,7fff8000000000000000,000000007f800000,000000007f800000,3000,3000,00001fa8,0228,4096,33
FSCALE_composite,24,RN,random,1587,ABOVE_TARGET_MAX_EXP,00000000994ea93b,000000004583d537,d02ccea93b0000000000,ffff8000000000000000,00000000ff800000,00000000ff800000,3000,3000,00001fa8,0228,4096,33
FSCALE_composite,24,RN,random,1607,NAN_RESULT,00000000e5fa00d7,000000007fa0becd,7fffe0becd0000000000,7fffe0becd0000000000,000000007fe0becd,000000007fe0becd,3001,3001,00001f81,0000,0,1
FSCALE_composite,24,RN,random,1607,NONFINITE_SCALE_INPUT,00000000e5fa00d7,000000007fa0becd,7fffe0becd0000000000,7fffe0becd0000000000,000000007fe0becd,000000007fe0becd,3001,3001,00001f81,0000,0,1
FSCALE_composite,24,RN,random,1617,NAN_RESULT,000000001495e3c5,00000000fff8c46e,fffff8c46e0000000000,fffff8c46e0000000000,00000000fff8c46e,00000000fff8c46e,3000,3000,00001f80,0000,0,1
FSCALE_composite,24,RN,random,1617,NONFINITE_SCALE_INPUT,000000001495e3c5,00000000fff8c46e,fffff8c46e0000000000,fffff8c46e0000000000,00000000fff8c46e,00000000fff8c46e,3000,3000,00001f80,0000,0,1
FSCALE_composite,24,RN,random,1685,ABOVE_TARGET_MAX_EXP,000000008780a2ec,00000000455e3a67,cd7280a2ec0000000000,ffff8000000000000000,00000000ff800000,00000000ff800000,3000,3000,00001fa8,0228,3555,28
FSCALE_composite,24,RN,random,1706,ABOVE_TARGET_MAX_EXP,000000009ce536a3,00000000466631ad,f945e536a30000000000,ffff8000000000000000,00000000ff800000,00000000ff800000,3000,3000,00001fa8,0228,4096,33
FSCALE_composite,24,RN,random,1722,NAN_RESULT,000000007fef8875,00000000f89a979f,7fffef88750000000000,7fffef88750000000000,000000007fef8875,000000007fef8875,3000,3000,00001f80,0000,-4096,33
FSCALE_composite,24,RN,random,1875,NAN_RESULT,000000000b8e8b45,000000007ff9b8a3,7ffff9b8a30000000000,7ffff9b8a30000000000,000000007ff9b8a3,000000007ff9b8a3,3000,3000,00001f80,0000,0,1
FSCALE_composite,24,RN,random,1875,NONFINITE_SCALE_INPUT,000000000b8e8b45,000000007ff9b8a3,7ffff9b8a30000000000,7ffff9b8a30000000000,000000007ff9b8a3,000000007ff9b8a3,3000,3000,00001f80,0000,0,1
FSCALE_composite,24,RN,random,2004,ABOVE_TARGET_MAX_EXP,00000000c70d6430,000000004473c653,c3dd8d64300000000000,ffff8000000000000000,00000000ff800000,00000000ff800000,3000,3000,00001fa8,0228,975,8
FSCALE_composite,24,RN,random,2014,NAN_RESULT,000000008c292833,000000007fd01963,7fffd019630000000000,7fffd019630000000000,000000007fd01963,000000007fd01963,3000,3000,00001f80,0000,0,1
FSCALE_composite,24,RN,random,2014,NONFINITE_SCALE_INPUT,000000008c292833,000000007fd01963,7fffd019630000000000,7fffd019630000000000,000000007fd01963,000000007fd01963,3000,3000,00001f80,0000,0,1
FSCALE_composite,24,RN,random,2224,NAN_RESULT,00000000047a5b01,000000007ff77b95,7ffff77b950000000000,7ffff77b950000000000,000000007ff77b95,000000007ff77b95,3000,3000,00001f80,0000,0,1
FSCALE_composite,24,RN,random,2224,NONFINITE_SCALE_INPUT,00000000047a5b01,000000007ff77b95,7ffff77b950000000000,7ffff77b950000000000,000000007ff77b95,000000007ff77b95,3000,3000,00001f80,0000,0,1
FSCALE_composite,24,RN,random,2338,NAN_RESULT,00000000ffbf2ffc,000000001afb0306,ffffff2ffc0000000000,ffffff2ffc0000000000,00000000ffff2ffc,00000000ffff2ffc,3001,3001,00001f81,0000,0,1
FSCALE_composite,24,RN,random,2875,NONFINITE_SCALE_INPUT,0000000083bc42ae,00000000ff9106f0,ffffd106f00000000000,ffffd106f00000000000,00000000ffd106f0,00000000ffd106f0,3001,3001,00001f81,0000,0,1
FSCALE_composite,24,RN,random,3209,NONFINITE_SCALE_INPUT,00000000a3615495,000000007f9fe10e,7fffdfe10e0000000000,7fffdfe10e0000000000,000000007fdfe10e,000000007fdfe10e,3001,3001,00001f81,0000,0,1
FSCALE_composite,24,RN,random,3343,NONFINITE_SCALE_INPUT,0000000010039fbb,00000000ffbc60e3,fffffc60e30000000000,fffffc60e30000000000,00000000fffc60e3,00000000fffc60e3,3001,3001,00001f81,0000,0,1
FSCALE_composite,24,RN,random,3477,NONFINITE_SCALE_INPUT,00000000bf1e6c82,000000007f920217,7fffd202170000000000,7fffd202170000000000,000000007fd20217,000000007fd20217,3001,3001,00001f81,0000,0,1
FSCALE_composite,24,RN,random,3874,NONFINITE_SCALE_INPUT,0000000003abb84a,000000007f919f07,7fffd19f070000000000,7fffd19f070000000000,000000007fd19f07,000000007fd19f07,3001,3001,00001f81,0000,0,1
FSCALE_composite,24,RN,random,3930,NONFINITE_SCALE_INPUT,0000000079de5ee3,000000007fbbd65c,7ffffbd65c0000000000,7ffffbd65c0000000000,000000007ffbd65c,000000007ffbd65c,3001,3001,00001f81,0000,0,1
FSCALE_composite,24,RN,random,4214,NONFINITE_SCALE_INPUT,00000000a7ede3a0,000000007ff0806b,7ffff0806b0000000000,7ffff0806b0000000000,000000007ff0806b,000000007ff0806b,3000,3000,00001f80,0000,0,1
FSCALE_composite,24,RN,random,4476,NONFINITE_SCALE_INPUT,0000000027ff1cea,00000000ff8fa4b6,ffffcfa4b60000000000,ffffcfa4b60000000000,00000000ffcfa4b6,00000000ffcfa4b6,3001,3001,00001f81,0000,0,1
FSCALE_composite,24,RN,random,4513,NONFINITE_SCALE_INPUT,00000000a3a0066d,000000007fe40ba8,7fffe40ba80000000000,7fffe40ba80000000000,000000007fe40ba8,000000007fe40ba8,3000,3000,00001f80,0000,0,1
FSCALE_composite,24,RN,random,5119,NONFINITE_SCALE_INPUT,000000004bc17b76,000000007fcb1fd6,7fffcb1fd60000000000,7fffcb1fd60000000000,000000007fcb1fd6,000000007fcb1fd6,3000,3000,00001f80,0000,0,1
FSCALE_composite,24,RN,random,175583,NARROWED_VALUE_MISMATCH,000000007fc8966c,00000000ffebe580,ffffebe5800000000000,7fffc8966c0000000000,00000000ffebe580,000000007fc8966c,3000,3000,00001f80,0000,0,1
FSCALE_composite,24,RN,random,241922,NARROWED_VALUE_MISMATCH,000000007fe0eb80,00000000ffb1a918,fffff1a9180000000000,7fffe0eb800000000000,00000000fff1a918,000000007fe0eb80,3001,3001,00001f81,0000,0,1
FSCALE_composite,24,RN,random,304384,NARROWED_VALUE_MISMATCH,00000000ffcdaf64,00000000ffb9d729,fffff9d7290000000000,ffffcdaf640000000000,00000000fff9d729,00000000ffcdaf64,3001,3001,00001f81,0000,0,1
FSCALE_composite,24,RN,random,319549,NARROWED_VALUE_MISMATCH,000000007f9f8bff,00000000ffea6ce4,ffffea6ce40000000000,7fffdf8bff0000000000,00000000ffea6ce4,000000007fdf8bff,3001,3001,00001f81,0000,0,1
FSCALE_composite,24,RN,random,339259,NARROWED_VALUE_MISMATCH,000000007f9fa508,000000007ffe4dda,7ffffe4dda0000000000,7fffdfa5080000000000,000000007ffe4dda,000000007fdfa508,3001,3001,00001f81,0000,0,1
FSCALE_composite,24,RN,random,454712,NARROWED_VALUE_MISMATCH,000000007fc7bce4,000000007fca0871,7fffca08710000000000,7fffc7bce40000000000,000000007fca0871,000000007fc7bce4,3000,3000,00001f80,0000,0,1
FSCALE_composite,24,RN,random,667835,NARROWED_VALUE_MISMATCH,000000007f8bcce2,00000000ffcf58b1,ffffcf58b10000000000,7fffcbcce20000000000,00000000ffcf58b1,000000007fcbcce2,3001,3001,00001f81,0000,0,1
FSCALE_composite,24,RN,random,723024,NARROWED_VALUE_MISMATCH,000000007f8fe35a,000000007fe5f7a1,7fffe5f7a10000000000,7fffcfe35a0000000000,000000007fe5f7a1,000000007fcfe35a,3001,3001,00001f81,0000,0,1
FSCALE_composite,24,RN,random,908550,NARROWED_VALUE_MISMATCH,00000000ffd9f81b,00000000ffba088b,fffffa088b0000000000,ffffd9f81b0000000000,00000000fffa088b,00000000ffd9f81b,3001,3001,00001f81,0000,0,1
FSCALE_composite,24,RN,random,935958,NARROWED_VALUE_MISMATCH,000000007f8ada90,00000000ffd32acc,ffffd32acc0000000000,7fffcada900000000000,00000000ffd32acc,000000007fcada90,3001,3001,00001f81,0000,0,1
FSCALE_composite,24,RN,edge,489,NARROWED_VALUE_MISMATCH,000000007fc00000,00000000ffc00123,ffffc001230000000000,7fffc000000000000000,00000000ffc00123,000000007fc00000,3000,3000,00001f80,0000,0,1
FSCALE_composite,24,RN,edge,490,NARROWED_VALUE_MISMATCH,000000007fc00000,000000007f800001,7fffc000010000000000,7fffc000000000000000,000000007fc00001,000000007fc00000,3001,3001,00001f81,0000,0,1
FSCALE_composite,24,RN,edge,491,NARROWED_VALUE_MISMATCH,000000007fc00000,00000000ff800100,ffffc001000000000000,7fffc000000000000000,00000000ffc00100,000000007fc00000,3001,3001,00001f81,0000,0,1
FSCALE_composite,24,RN,edge,609,NARROWED_VALUE_MISMATCH,000000007f800001,00000000ffc00123,ffffc001230000000000,7fffc000010000000000,00000000ffc00123,000000007fc00001,3001,3001,00001f81,0000,0,1
FSCALE_composite,24,RN,edge,611,NARROWED_VALUE_MISMATCH,000000007f800001,00000000ff800100,ffffc001000000000000,7fffc000010000000000,00000000ffc00100,000000007fc00001,3001,3001,00001f81,0000,0,1
FSCALE_composite,24,RN,edge,669,NARROWED_VALUE_MISMATCH,00000000ff800100,00000000ffc00123,ffffc001230000000000,ffffc001000000000000,00000000ffc00123,00000000ffc00100,3001,3001,00001f81,0000,0,1
FSCALE_composite,24,RD,random,0,ALL,00000000d06f946d,000000001bde34e9,c020ef946d0000000000,c020ef946d0000000000,00000000d06f946d,00000000d06f946d,3000,3000,00003f80,0000,0,1
FSCALE_composite,24,RD,random,1,ALL,00000000d9352870,000000001b764562,c032b528700000000000,c032b528700000000000,00000000d9352870,00000000d9352870,3000,3000,00003f80,0000,0,1
FSCALE_composite,24,RD,random,2,ALL,0000000097c81d24,00000000e6c52c55,80000000000000000001,bf6a8000000000000000,0000000080000001,0000000080000001,3000,3230,00003fb2,0230,-4096,33
FSCALE_composite,24,RD,random,2,REGISTER_VALUE_MISMATCH,0000000097c81d24,00000000e6c52c55,80000000000000000001,bf6a8000000000000000,0000000080000001,0000000080000001,3000,3230,00003fb2,0230,-4096,33
FSCALE_composite,24,RD,random,2,EXCEPTION_FLAGS_MISMATCH,0000000097c81d24,00000000e6c52c55,80000000000000000001,bf6a8000000000000000,0000000080000001,0000000080000001,3000,3230,00003fb2,0230,-4096,33
FSCALE_composite,24,RD,random,2,BELOW_TARGET_NORMAL_EXP,0000000097c81d24,00000000e6c52c55,80000000000000000001,bf6a8000000000000000,0000000080000001,0000000080000001,3000,3230,00003fb2,0230,-4096,33
FSCALE_composite,24,RD,random,3,ALL,0000000091e7f180,00000000fe1268f1,80000000000000000001,bf6a8000000000000000,0000000080000001,0000000080000001,3000,3230,00003fb2,0230,-4096,33
FSCALE_composite,24,RD,random,3,REGISTER_VALUE_MISMATCH,0000000091e7f180,00000000fe1268f1,80000000000000000001,bf6a8000000000000000,0000000080000001,0000000080000001,3000,3230,00003fb2,0230,-4096,33
FSCALE_composite,24,RD,random,3,EXCEPTION_FLAGS_MISMATCH,0000000091e7f180,00000000fe1268f1,80000000000000000001,bf6a8000000000000000,0000000080000001,0000000080000001,3000,3230,00003fb2,0230,-4096,33
FSCALE_composite,24,RD,random,3,BELOW_TARGET_NORMAL_EXP,0000000091e7f180,00000000fe1268f1,80000000000000000001,bf6a8000000000000000,0000000080000001,0000000080000001,3000,3230,00003fb2,0230,-4096,33
FSCALE_composite,24,RD,random,4,ALL,00000000721f60fe,000000003fd88c6b,40659f60fe0000000000,40659f60fe0000000000,00000000729f60fe,00000000729f60fe,3000,3000,00003f80,0000,1,1
FSCALE_composite,24,RD,random,5,ALL,00000000d6f2da83,0000000068398519,ffff8000000000000000,ffff8000000000000000,00000000ff800000,00000000ff800000,3000,3228,00003fa8,0000,4096,33
FSCALE_composite,24,RD,random,6,ALL,00000000255edafb,000000007efdbd82,7ffeffffffffffffffff,407effffff0000000000,000000007f7fffff,000000007f7fffff,3000,3028,00003fa8,0028,4096,33
FSCALE_composite,24,RD,random,6,REGISTER_VALUE_MISMATCH,00000000255edafb,000000007efdbd82,7ffeffffffffffffffff,407effffff0000000000,000000007f7fffff,000000007f7fffff,3000,3028,00003fa8,0028,4096,33
FSCALE_composite,24,RD,random,6,ABOVE_TARGET_MAX_EXP,00000000255edafb,000000007efdbd82,7ffeffffffffffffffff,407effffff0000000000,000000007f7fffff,000000007f7fffff,3000,3028,00003fa8,0028,4096,33
FSCALE_composite,24,RD,random,7,ALL,00000000d446e560,000000001cfd6c54,c028c6e5600000000000,c028c6e5600000000000,00000000d446e560,00000000d446e560,3000,3000,00003f80,0000,0,1
FSCALE_composite,24,RD,random,8,ALL,00000000ba46176c,000000003c4e6859,bff4c6176c0000000000,bff4c6176c0000000000,00000000ba46176c,00000000ba46176c,3000,3000,00003f80,0000,0,1
FSCALE_composite,24,RD,random,9,ALL,0000000070124cea,000000005473b6d3,7ffeffffffffffffffff,407effffff0000000000,000000007f7fffff,000000007f7fffff,3000,3028,00003fa8,0028,4096,33
FSCALE_composite,24,RD,random,9,REGISTER_VALUE_MISMATCH,0000000070124cea,000000005473b6d3,7ffeffffffffffffffff,407effffff0000000000,000000007f7fffff,000000007f7fffff,3000,3028,00003fa8,0028,4096,33
FSCALE_composite,24,RD,random,9,ABOVE_TARGET_MAX_EXP,0000000070124cea,000000005473b6d3,7ffeffffffffffffffff,407effffff0000000000,000000007f7fffff,000000007f7fffff,3000,3028,00003fa8,0028,4096,33
FSCALE_composite,24,RD,random,10,ALL,0000000026b8486f,000000009a1b1ba9,3fcdb8486f0000000000,3fcdb8486f0000000000,0000000026b8486f,0000000026b8486f,3000,3000,00003f80,0000,0,1
FSCALE_composite,24,RD,random,11,ALL,000000001e9a8f25,0000000026e069f4,3fbd9a8f250000000000,3fbd9a8f250000000000,000000001e9a8f25,000000001e9a8f25,3000,3000,00003f80,0000,0,1
FSCALE_composite,24,RD,random,12,ALL,00000000b95c2e2c,00000000b8104187,bff2dc2e2c0000000000,bff2dc2e2c0000000000,00000000b95c2e2c,00000000b95c2e2c,3000,3000,00003f80,0000,0,1
FSCALE_composite,24,RD,random,13,ALL,000000006cc1e283,000000006612f471,7ffeffffffffffffffff,407effffff0000000000,000000007f7fffff,000000007f7fffff,3000,3028,00003fa8,0028,4096,33
FSCALE_composite,24,RD,random,13,REGISTER_VALUE_MISMATCH,000000006cc1e283,000000006612f471,7ffeffffffffffffffff,407effffff0000000000,000000007f7fffff,000000007f7fffff,3000,3028,00003fa8,0028,4096,33
FSCALE_composite,24,RD,random,13,ABOVE_TARGET_MAX_EXP,000000006cc1e283,000000006612f471,7ffeffffffffffffffff,407effffff0000000000,000000007f7fffff,000000007f7fffff,3000,3028,00003fa8,0028,4096,33
FSCALE_composite,24,RD,random,14,ALL,0000000021e68365,00000000549332ce,7ffeffffffffffffffff,407effffff0000000000,000000007f7fffff,000000007f7fffff,3000,3028,00003fa8,0028,4096,33
FSCALE_composite,24,RD,random,14,REGISTER_VALUE_MISMATCH,0000000021e68365,00000000549332ce,7ffeffffffffffffffff,407effffff0000000000,000000007f7fffff,000000007f7fffff,3000,3028,00003fa8,0028,4096,33
FSCALE_composite,24,RD,random,14,ABOVE_TARGET_MAX_EXP,0000000021e68365,00000000549332ce,7ffeffffffffffffffff,407effffff0000000000,000000007f7fffff,000000007f7fffff,3000,3028,00003fa8,0028,4096,33
FSCALE_composite,24,RD,random,15,ALL,00000000fa7c67cf,000000009beb8404,c074fc67cf0000000000,c074fc67cf0000000000,00000000fa7c67cf,00000000fa7c67cf,3000,3000,00003f80,0000,0,1
FSCALE_composite,24,RD,random,16,ALL,00000000806e9527,00000000d18b51d9,80000000000000000001,bf6a8000000000000000,0000000080000001,0000000080000001,3002,3232,00003fb2,0230,-4096,33
FSCALE_composite,24,RD,random,16,REGISTER_VALUE_MISMATCH,00000000806e9527,00000000d18b51d9,80000000000000000001,bf6a8000000000000000,0000000080000001,0000000080000001,3002,3232,00003fb2,0230,-4096,33
FSCALE_composite,24,RD,random,16,BELOW_TARGET_NORMAL_EXP,00000000806e9527,00000000d18b51d9,80000000000000000001,bf6a8000000000000000,0000000080000001,0000000080000001,3002,3232,00003fb2,0230,-4096,33
FSCALE_composite,24,RD,random,17,ALL,000000000dac67e9,00000000534d29f4,7ffeffffffffffffffff,407effffff0000000000,000000007f7fffff,000000007f7fffff,3000,3028,00003fa8,0028,4096,33
FSCALE_composite,24,RD,random,17,REGISTER_VALUE_MISMATCH,000000000dac67e9,00000000534d29f4,7ffeffffffffffffffff,407effffff0000000000,000000007f7fffff,000000007f7fffff,3000,3028,00003fa8,0028,4096,33
FSCALE_composite,24,RD,random,17,ABOVE_TARGET_MAX_EXP,000000000dac67e9,00000000534d29f4,7ffeffffffffffffffff,407effffff0000000000,000000007f7fffff,000000007f7fffff,3000,3028,00003fa8,0028,4096,33
FSCALE_composite,24,RD,random,18,ALL,00000000f5448c93,000000008436a104,c06ac48c930000000000,c06ac48c930000000000,00000000f5448c93,00000000f5448c93,3000,3000,00003f80,0000,0,1
FSCALE_composite,24,RD,random,19,ALL,000000000a186549,00000000232e40dc,3f949865490000000000,3f949865490000000000,000000000a186549,000000000a186549,3000,3000,00003f80,0000,0,1
FSCALE_composite,24,RD,random,25,REGISTER_VALUE_MISMATCH,00000000616389a9,00000000704cba20,7ffeffffffffffffffff,407effffff0000000000,000000007f7fffff,000000007f7fffff,3000,3028,00003fa8,0028,4096,33
FSCALE_composite,24,RD,random,25,ABOVE_TARGET_MAX_EXP,00000000616389a9,00000000704cba20,7ffeffffffffffffffff,407effffff0000000000,000000007f7fffff,000000007f7fffff,3000,3028,00003fa8,0028,4096,33
FSCALE_composite,24,RD,random,28,REGISTER_VALUE_MISMATCH,00000000ca9620cd,00000000e3cbc33a,80000000000000000001,bf6a8000000000000000,0000000080000001,0000000080000001,3000,3230,00003fb2,0230,-4096,33
FSCALE_composite,24,RD,random,28,EXCEPTION_FLAGS_MISMATCH,00000000ca9620cd,00000000e3cbc33a,80000000000000000001,bf6a8000000000000000,0000000080000001,0000000080000001,3000,3230,00003fb2,0230,-4096,33
FSCALE_composite,24,RD,random,28,BELOW_TARGET_NORMAL_EXP,00000000ca9620cd,00000000e3cbc33a,80000000000000000001,bf6a8000000000000000,0000000080000001,0000000080000001,3000,3230,00003fb2,0230,-4096,33
FSCALE_composite,24,RD,random,41,REGISTER_VALUE_MISMATCH,0000000080205e9a,0000000045280694,c9ff817a680000000000,ffff8000000000000000,00000000ff800000,00000000ff800000,3002,3002,00003faa,0228,2688,22
FSCALE_composite,24,RD,random,41,EXCEPTION_FLAGS_MISMATCH,0000000080205e9a,0000000045280694,c9ff817a680000000000,ffff8000000000000000,00000000ff800000,00000000ff800000,3002,3002,00003faa,0228,2688,22
FSCALE_composite,24,RD,random,41,ABOVE_TARGET_MAX_EXP,0000000080205e9a,0000000045280694,c9ff817a680000000000,ffff8000000000000000,00000000ff800000,00000000ff800000,3002,3002,00003faa,0228,2688,22
FSCALE_composite,24,RD,random,45,REGISTER_VALUE_MISMATCH,00000000e5399194,00000000e45c47b8,80000000000000000001,bf6a8000000000000000,0000000080000001,0000000080000001,3000,3230,00003fb2,0230,-4096,33
FSCALE_composite,24,RD,random,45,EXCEPTION_FLAGS_MISMATCH,00000000e5399194,00000000e45c47b8,80000000000000000001,bf6a8000000000000000,0000000080000001,0000000080000001,3000,3230,00003fb2,0230,-4096,33
FSCALE_composite,24,RD,random,45,BELOW_TARGET_NORMAL_EXP,00000000e5399194,00000000e45c47b8,80000000000000000001,bf6a8000000000000000,0000000080000001,0000000080000001,3000,3230,00003fb2,0230,-4096,33
FSCALE_composite,24,RD,random,52,REGISTER_VALUE_MISMATCH,00000000db1d7d0d,00000000d07fdeb0,80000000000000000001,bf6a8000000000000000,0000000080000001,0000000080000001,3000,3230,00003fb2,0230,-4096,33
FSCALE_composite,24,RD,random,52,EXCEPTION_FLAGS_MISMATCH,00000000db1d7d0d,00000000d07fdeb0,80000000000000000001,bf6a8000000000000000,0000000080000001,0000000080000001,3000,3230,00003fb2,0230,-4096,33
FSCALE_composite,24,RD,random,52,BELOW_TARGET_NORMAL_EXP,00000000db1d7d0d,00000000d07fdeb0,80000000000000000001,bf6a8000000000000000,0000000080000001,0000000080000001,3000,3230,00003fb2,0230,-4096,33
FSCALE_composite,24,RD,random,56,REGISTER_VALUE_MISMATCH,0000000063f2649b,0000000064eefaa1,7ffeffffffffffffffff,407effffff0000000000,000000007f7fffff,000000007f7fffff,3000,3028,00003fa8,0028,4096,33
FSCALE_composite,24,RD,random,56,ABOVE_TARGET_MAX_EXP,0000000063f2649b,0000000064eefaa1,7ffeffffffffffffffff,407effffff0000000000,000000007f7fffff,000000007f7fffff,3000,3028,00003fa8,0028,4096,33
FSCALE_composite,24,RD,random,59,REGISTER_VALUE_MISMATCH,0000000007f3b065,0000000052581614,7ffeffffffffffffffff,407effffff0000000000,000000007f7fffff,000000007f7fffff,3000,3028,00003fa8,0028,4096,33
FSCALE_composite,24,RD,random,59,ABOVE_TARGET_MAX_EXP,0000000007f3b065,0000000052581614,7ffeffffffffffffffff,407effffff0000000000,000000007f7fffff,000000007f7fffff,3000,3028,00003fa8,0028,4096,33
FSCALE_composite,24,RD,random,66,REGISTER_VALUE_MISMATCH,00000000d1c0ba07,00000000f91f80b9,80000000000000000001,bf6a8000000000000000,0000000080000001,0000000080000001,3000,3230,00003fb2,0230,-4096,33
FSCALE_composite,24,RD,random,66,EXCEPTION_FLAGS_MISMATCH,00000000d1c0ba07,00000000f91f80b9,80000000000000000001,bf6a8000000000000000,0000000080000001,0000000080000001,3000,3230,00003fb2,0230,-4096,33
FSCALE_composite,24,RD,random,66,BELOW_TARGET_NORMAL_EXP,00000000d1c0ba07,00000000f91f80b9,80000000000000000001,bf6a8000000000000000,0000000080000001,0000000080000001,3000,3230,00003fb2,0230,-4096,33
FSCALE_composite,24,RD,random,71,REGISTER_VALUE_MISMATCH,00000000944d67fe,00000000fa623032,80000000000000000001,bf6a8000000000000000,0000000080000001,0000000080000001,3000,3230,00003fb2,0230,-4096,33
FSCALE_composite,24,RD,random,71,EXCEPTION_FLAGS_MISMATCH,00000000944d67fe,00000000fa623032,80000000000000000001,bf6a8000000000000000,0000000080000001,0000000080000001,3000,3230,00003fb2,0230,-4096,33
FSCALE_composite,24,RD,random,71,BELOW_TARGET_NORMAL_EXP,00000000944d67fe,00000000fa623032,80000000000000000001,bf6a8000000000000000,0000000080000001,0000000080000001,3000,3230,00003fb2,0230,-4096,33
FSCALE_composite,24,RD,random,79,REGISTER_VALUE_MISMATCH,000000009c575004,00000000f1f1f5a9,80000000000000000001,bf6a8000000000000000,0000000080000001,0000000080000001,3000,3230,00003fb2,0230,-4096,33
FSCALE_composite,24,RD,random,79,EXCEPTION_FLAGS_MISMATCH,000000009c575004,00000000f1f1f5a9,80000000000000000001,bf6a8000000000000000,0000000080000001,0000000080000001,3000,3230,00003fb2,0230,-4096,33
FSCALE_composite,24,RD,random,79,BELOW_TARGET_NORMAL_EXP,000000009c575004,00000000f1f1f5a9,80000000000000000001,bf6a8000000000000000,0000000080000001,0000000080000001,3000,3230,00003fb2,0230,-4096,33
FSCALE_composite,24,RD,random,82,REGISTER_VALUE_MISMATCH,00000000b2f112dd,00000000c4788ca7,bc03f112dd0000000000,bf6a8000000000000000,0000000080000001,0000000080000001,3000,3000,00003fb2,0230,-994,8
FSCALE_composite,24,RD,random,82,EXCEPTION_FLAGS_MISMATCH,00000000b2f112dd,00000000c4788ca7,bc03f112dd0000000000,bf6a8000000000000000,0000000080000001,0000000080000001,3000,3000,00003fb2,0230,-994,8
FSCALE_composite,24,RD,random,82,BELOW_TARGET_NORMAL_EXP,00000000b2f112dd,00000000c4788ca7,bc03f112dd0000000000,bf6a8000000000000000,0000000080000001,0000000080000001,3000,3000,00003fb2,0230,-994,8
FSCALE_composite,24,RD,random,85,REGISTER_VALUE_MISMATCH,00000000784c6e3e,0000000055746f7c,7ffeffffffffffffffff,407effffff0000000000,000000007f7fffff,000000007f7fffff,3000,3028,00003fa8,0028,4096,33
FSCALE_composite,24,RD,random,85,ABOVE_TARGET_MAX_EXP,00000000784c6e3e,0000000055746f7c,7ffeffffffffffffffff,407effffff0000000000,000000007f7fffff,000000007f7fffff,3000,3028,00003fa8,0028,4096,33
FSCALE_composite,24,RD,random,89,EXCEPTION_FLAGS_MISMATCH,0000000097a09680,00000000cec3c654,80000000000000000001,bf6a8000000000000000,0000000080000001,0000000080000001,3000,3230,00003fb2,0230,-4096,33
FSCALE_composite,24,RD,random,89,BELOW_TARGET_NORMAL_EXP,0000000097a09680,00000000cec3c654,80000000000000000001,bf6a8000000000000000,0000000080000001,0000000080000001,3000,3230,00003fb2,0230,-4096,33
FSCALE_composite,24,RD,random,104,ABOVE_TARGET_MAX_EXP,000000000f9863c0,0000000050e2cb5b,7ffeffffffffffffffff,407effffff0000000000,000000007f7fffff,000000007f7fffff,3000,3028,00003fa8,0028,4096,33
FSCALE_composite,24,RD,random,109,ABOVE_TARGET_MAX_EXP,0000000003621621,000000007abccec6,7ffeffffffffffffffff,407effffff0000000000,000000007f7fffff,000000007f7fffff,3000,3028,00003fa8,0028,4096,33
FSCALE_composite,24,RD,random,110,NAN_RESULT,000000001dbfdce1,000000007ff6cf7b,7ffff6cf7b0000000000,7ffff6cf7b0000000000,000000007ff6cf7b,000000007ff6cf7b,3000,3000,00003f80,0000,0,1
FSCALE_composite,24,RD,random,110,NONFINITE_SCALE_INPUT,000000001dbfdce1,000000007ff6cf7b,7ffff6cf7b0000000000,7ffff6cf7b0000000000,000000007ff6cf7b,000000007ff6cf7b,3000,3000,00003f80,0000,0,1
FSCALE_composite,24,RD,random,111,ABOVE_TARGET_MAX_EXP,00000000088512cf,0000000051a53a80,7ffeffffffffffffffff,407effffff0000000000,000000007f7fffff,000000007f7fffff,3000,3028,00003fa8,0028,4096,33
FSCALE_composite,24,RD,random,115,ABOVE_TARGET_MAX_EXP,0000000010144133,00000000757e8423,7ffeffffffffffffffff,407effffff0000000000,000000007f7fffff,000000007f7fffff,3000,3028,00003fa8,0028,4096,33
FSCALE_composite,24,RD,random,116,ABOVE_TARGET_MAX_EXP,0000000053ee0bc0,00000000515bc396,7ffeffffffffffffffff,407effffff0000000000,000000007f7fffff,000000007f7fffff,3000,3028,00003fa8,0028,4096,33
FSCALE_composite,24,RD,random,132,EXCEPTION_FLAGS_MISMATCH,0000000083ccfc43,00000000d15055ea,80000000000000000001,bf6a8000000000000000,0000000080000001,0000000080000001,3000,3230,00003fb2,0230,-4096,33
FSCALE_composite,24,RD,random,132,BELOW_TARGET_NORMAL_EXP,0000000083ccfc43,00000000d15055ea,80000000000000000001,bf6a8000000000000000,0000000080000001,0000000080000001,3000,3230,00003fb2,0230,-4096,33
FSCALE_composite,24,RD,random,138,ABOVE_TARGET_MAX_EXP,000000007629bf32,000000006e9b401f,7ffeffffffffffffffff,407effffff0000000000,000000007f7fffff,000000007f7fffff,3000,3028,00003fa8,0028,4096,33
FSCALE_composite,24,RD,random,139,EXCEPTION_FLAGS_MISMATCH,000000003b2f2f67,00000000c33c369f,3f3aaf2f670000000000,00000000000000000000,0000000000000000,0000000000000000,3000,3000,00003fb0,0030,-188,2
FSCALE_composite,24,RD,random,139,BELOW_TARGET_NORMAL_EXP,000000003b2f2f67,00000000c33c369f,3f3aaf2f670000000000,00000000000000000000,0000000000000000,0000000000000000,3000,3000,00003fb0,0030,-188,2
FSCALE_composite,24,RD,random,141,EXCEPTION_FLAGS_MISMATCH,00000000841003c9,00000000d36e93ec,80000000000000000001,bf6a8000000000000000,0000000080000001,0000000080000001,3000,3230,00003fb2,0230,-4096,33
FSCALE_composite,24,RD,random,141,BELOW_TARGET_NORMAL_EXP,00000000841003c9,00000000d36e93ec,80000000000000000001,bf6a8000000000000000,0000000080000001,0000000080000001,3000,3230,00003fb2,0230,-4096,33
FSCALE_composite,24,RD,random,142,EXCEPTION_FLAGS_MISMATCH,000000007e96e2b2,00000000801bb324,407d96e2b20000000000,407d96e2b20000000000,000000007e96e2b2,000000007e96e2b2,3002,3002,00003f80,0000,0,1
FSCALE_composite,24,RD,random,144,EXCEPTION_FLAGS_MISMATCH,00000000875eb136,00000000de020e05,80000000000000000001,bf6a8000000000000000,0000000080000001,0000000080000001,3000,3230,00003fb2,0230,-4096,33
FSCALE_composite,24,RD,random,144,BELOW_TARGET_NORMAL_EXP,00000000875eb136,00000000de020e05,80000000000000000001,bf6a8000000000000000,0000000080000001,0000000080000001,3000,3230,00003fb2,0230,-4096,33
FSCALE_composite,24,RD,random,145,EXCEPTION_FLAGS_MISMATCH,000000005d349335,00000000cb6f67aa,00000000000000000000,00000000000000000000,0000000000000000,0000000000000000,3000,3030,00003fb2,0000,-4096,33
FSCALE_composite,24,RD,random,146,EXCEPTION_FLAGS_MISMATCH,0000000078f20e0e,0000000042149e55,4096f20e0e0000000000,407effffff0000000000,000000007f7fffff,000000007f7fffff,3000,3000,00003fa8,0028,37,1
FSCALE_composite,24,RD,random,146,ABOVE_TARGET_MAX_EXP,0000000078f20e0e,0000000042149e55,4096f20e0e0000000000,407effffff0000000000,000000007f7fffff,000000007f7fffff,3000,3000,00003fa8,0028,37,1
FSCALE_composite,24,RD,random,152,ABOVE_TARGET_MAX_EXP,000000000b287e88,00000000735b8e29,7ffeffffffffffffffff,407effffff0000000000,000000007f7fffff,000000007f7fffff,3000,3028,00003fa8,0028,4096,33
FSCALE_composite,24,RD,random,153,ABOVE_TARGET_MAX_EXP,0000000065d91d47,000000007e383c3b,7ffeffffffffffffffff,407effffff0000000000,000000007f7fffff,000000007f7fffff,3000,3028,00003fa8,0028,4096,33
FSCALE_composite,24,RD,random,162,ABOVE_TARGET_MAX_EXP,0000000059ae0570,0000000056976aa4,7ffeffffffffffffffff,407effffff0000000000,000000007f7fffff,000000007f7fffff,3000,3028,00003fa8,0028,4096,33
FSCALE_composite,24,RD,random,163,EXCEPTION_FLAGS_MISMATCH,00000000b884fc4f,00000000e6ca0459,80000000000000000001,bf6a8000000000000000,0000000080000001,0000000080000001,3000,3230,00003fb2,0230,-4096,33
FSCALE_composite,24,RD,random,163,BELOW_TARGET_NORMAL_EXP,00000000b884fc4f,00000000e6ca0459,80000000000000000001,bf6a8000000000000000,0000000080000001,0000000080000001,3000,3230,00003fb2,0230,-4096,33
FSCALE_composite,24,RD,random,171,EXCEPTION_FLAGS_MISMATCH,0000000091b5ca32,00000000c50bde19,b6e6b5ca320000000000,bf6a8000000000000000,0000000080000001,0000000080000001,3000,3000,00003fb2,0230,-2237,18
FSCALE_composite,24,RD,random,171,BELOW_TARGET_NORMAL_EXP,0000000091b5ca32,00000000c50bde19,b6e6b5ca320000000000,bf6a8000000000000000,0000000080000001,0000000080000001,3000,3000,00003fb2,0230,-2237,18
FSCALE_composite,24,RD,random,179,BELOW_TARGET_NORMAL_EXP,00000000c491e4e0,00000000ff5e18e5,80000000000000000001,bf6a8000000000000000,0000000080000001,0000000080000001,3000,3230,00003fb2,0230,-4096,33
FSCALE_composite,24,RD,random,186,BELOW_TARGET_NORMAL_EXP,00000000c20d5eee,00000000db16875f,80000000000000000001,bf6a8000000000000000,0000000080000001,0000000080000001,3000,3230,00003fb2,0230,-4096,33
FSCALE_composite,24,RD,random,201,BELOW_TARGET_NORMAL_EXP,0000000032630f87,00000000c547ec32,3366e30f870000000000,00000000000000000000,0000000000000000,0000000000000000,3000,3000,00003fb0,0030,-3198,26
FSCALE_composite,24,RD,random,248,NAN_RESULT,00000000ff828917,00000000b3dd3a50,ffffc289170000000000,ffffc289170000000000,00000000ffc28917,00000000ffc28917,3001,3001,00003f81,0000,0,1
FSCALE_composite,24,RD,random,259,NAN_RESULT,000000007f9b4c89,000000002e94de2c,7fffdb4c890000000000,7fffdb4c890000000000,000000007fdb4c89,000000007fdb4c89,3001,3001,00003f81,0000,0,1
FSCALE_composite,24,RD,random,386,NAN_RESULT,00000000ff94bd00,00000000c9dd3176,ffffd4bd000000000000,ffffd4bd000000000000,00000000ffd4bd00,00000000ffd4bd00,3001,3001,00003f81,0000,-4096,33
FSCALE_composite,24,RD,random,537,NAN_RESULT,00000000ffee36e5,00000000fc75a7d3,ffffee36e50000000000,ffffee36e50000000000,00000000ffee36e5,00000000ffee36e5,3000,3000,00003f80,0000,-4096,33
FSCALE_composite,24,RD,random,737,NAN_RESULT,000000009b5f07ce,00000000ffea4391,ffffea43910000000000,ffffea43910000000000,00000000ffea4391,00000000ffea4391,3000,3000,00003f80,0000,0,1
FSCALE_composite,24,RD,random,737,NONFINITE_SCALE_INPUT,000000009b5f07ce,00000000ffea4391,ffffea43910000000000,ffffea43910000000000,00000000ffea4391,00000000ffea4391,3000,3000,00003f80,0000,0,1
FSCALE_composite,24,RD,random,789,NAN_RESULT,000000007fb032f0,000000006fbf56d3,7ffff032f00000000000,7ffff032f00000000000,000000007ff032f0,000000007ff032f0,3001,3001,00003f81,0000,4096,33
FSCALE_composite,24,RD,random,834,NAN_RESULT,000000007fa4929b,00000000ab56782f,7fffe4929b0000000000,7fffe4929b0000000000,000000007fe4929b,000000007fe4929b,3001,3001,00003f81,0000,0,1
FSCALE_composite,24,RD,random,1120,NAN_RESULT,00000000949c8708,000000007ff68089,7ffff680890000000000,7ffff680890000000000,000000007ff68089,000000007ff68089,3000,3000,00003f80,0000,0,1
FSCALE_composite,24,RD,random,1120,NONFINITE_SCALE_INPUT,00000000949c8708,000000007ff68089,7ffff680890000000000,7ffff680890000000000,000000007ff68089,000000007ff68089,3000,3000,00003f80,0000,0,1
FSCALE_composite,24,RD,random,1126,NAN_RESULT,000000007f681766,00000000ffd74dad,ffffd74dad0000000000,ffffd74dad0000000000,00000000ffd74dad,00000000ffd74dad,3000,3000,00003f80,0000,0,1
FSCALE_composite,24,RD,random,1126,NONFINITE_SCALE_INPUT,000000007f681766,00000000ffd74dad,ffffd74dad0000000000,ffffd74dad0000000000,00000000ffd74dad,00000000ffd74dad,3000,3000,00003f80,0000,0,1
FSCALE_composite,24,RD,random,1327,NAN_RESULT,00000000ff9f187e,00000000e43ae31c,ffffdf187e0000000000,ffffdf187e0000000000,00000000ffdf187e,00000000ffdf187e,3001,3001,00003f81,0000,-4096,33
FSCALE_composite,24,RD,random,1361,NAN_RESULT,000000002c19774e,00000000ffe83723,ffffe837230000000000,ffffe837230000000000,00000000ffe83723,00000000ffe83723,3000,3000,00003f80,0000,0,1
FSCALE_composite,24,RD,random,1361,NONFINITE_SCALE_INPUT,000000002c19774e,00000000ffe83723,ffffe837230000000000,ffffe837230000000000,00000000ffe83723,00000000ffe83723,3000,3000,00003f80,0000,0,1
FSCALE_composite,24,RD,random,1475,NAN_RESULT,000000007fc358fb,000000000c022c66,7fffc358fb0000000000,7fffc358fb0000000000,000000007fc358fb,000000007fc358fb,3000,3000,00003f80,0000,0,1
FSCALE_composite,24,RD,random,1607,NAN_RESULT,00000000e5fa00d7,000000007fa0becd,7fffe0becd0000000000,7fffe0becd0000000000,000000007fe0becd,000000007fe0becd,3001,3001,00003f81,0000,0,1
FSCALE_composite,24,RD,random,1607,NONFINITE_SCALE_INPUT,00000000e5fa00d7,000000007fa0becd,7fffe0becd0000000000,7fffe0becd0000000000,000000007fe0becd,000000007fe0becd,3001,3001,00003f81,0000,0,1
FSCALE_composite,24,RD,random,1617,NAN_RESULT,000000001495e3c5,00000000fff8c46e,fffff8c46e0000000000,fffff8c46e0000000000,00000000fff8c46e,00000000fff8c46e,3000,3000,00003f80,0000,0,1
FSCALE_composite,24,RD,random,1617,NONFINITE_SCALE_INPUT,000000001495e3c5,00000000fff8c46e,fffff8c46e0000000000,fffff8c46e0000000000,00000000fff8c46e,00000000fff8c46e,3000,3000,00003f80,0000,0,1
FSCALE_composite,24,RD,random,1722,NAN_RESULT,000000007fef8875,00000000f89a979f,7fffef88750000000000,7fffef88750000000000,000000007fef8875,000000007fef8875,3000,3000,00003f80,0000,-4096,33
FSCALE_composite,24,RD,random,1875,NAN_RESULT,000000000b8e8b45,000000007ff9b8a3,7ffff9b8a30000000000,7ffff9b8a30000000000,000000007ff9b8a3,000000007ff9b8a3,3000,3000,00003f80,0000,0,1
FSCALE_composite,24,RD,random,1875,NONFINITE_SCALE_INPUT,000000000b8e8b45,000000007ff9b8a3,7ffff9b8a30000000000,7ffff9b8a30000000000,000000007ff9b8a3,000000007ff9b8a3,3000,3000,00003f80,0000,0,1
FSCALE_composite,24,RD,random,2014,NAN_RESULT,000000008c292833,000000007fd01963,7fffd019630000000000,7fffd019630000000000,000000007fd01963,000000007fd01963,3000,3000,00003f80,0000,0,1
FSCALE_composite,24,RD,random,2014,NONFINITE_SCALE_INPUT,000000008c292833,000000007fd01963,7fffd019630000000000,7fffd019630000000000,000000007fd01963,000000007fd01963,3000,3000,00003f80,0000,0,1
FSCALE_composite,24,RD,random,2224,NAN_RESULT,00000000047a5b01,000000007ff77b95,7ffff77b950000000000,7ffff77b950000000000,000000007ff77b95,000000007ff77b95,3000,3000,00003f80,0000,0,1
FSCALE_composite,24,RD,random,2224,NONFINITE_SCALE_INPUT,00000000047a5b01,000000007ff77b95,7ffff77b950000000000,7ffff77b950000000000,000000007ff77b95,000000007ff77b95,3000,3000,00003f80,0000,0,1
FSCALE_composite,24,RD,random,2338,NAN_RESULT,00000000ffbf2ffc,000000001afb0306,ffffff2ffc0000000000,ffffff2ffc0000000000,00000000ffff2ffc,00000000ffff2ffc,3001,3001,00003f81,0000,0,1
FSCALE_composite,24,RD,random,2875,NONFINITE_SCALE_INPUT,0000000083bc42ae,00000000ff9106f0,ffffd106f00000000000,ffffd106f00000000000,00000000ffd106f0,00000000ffd106f0,3001,3001,00003f81,0000,0,1
FSCALE_composite,24,RD,random,3209,NONFINITE_SCALE_INPUT,00000000a3615495,000000007f9fe10e,7fffdfe10e0000000000,7fffdfe10e0000000000,000000007fdfe10e,000000007fdfe10e,3001,3001,00003f81,0000,0,1
FSCALE_composite,24,RD,random,3343,NONFINITE_SCALE_INPUT,0000000010039fbb,00000000ffbc60e3,fffffc60e30000000000,fffffc60e30000000000,00000000fffc60e3,00000000fffc60e3,3001,3001,00003f81,0000,0,1
FSCALE_composite,24,RD,random,3477,NONFINITE_SCALE_INPUT,00000000bf1e6c82,000000007f920217,7fffd202170000000000,7fffd202170000000000,000000007fd20217,000000007fd20217,3001,3001,00003f81,0000,0,1
FSCALE_composite,24,RD,random,3874,NONFINITE_SCALE_INPUT,0000000003abb84a,000000007f919f07,7fffd19f070000000000,7fffd19f070000000000,000000007fd19f07,000000007fd19f07,3001,3001,00003f81,0000,0,1
FSCALE_composite,24,RD,random,3930,NONFINITE_SCALE_INPUT,0000000079de5ee3,000000007fbbd65c,7ffffbd65c0000000000,7ffffbd65c0000000000,000000007ffbd65c,000000007ffbd65c,3001,3001,00003f81,0000,0,1
FSCALE_composite,24,RD,random,4214,NONFINITE_SCALE_INPUT,00000000a7ede3a0,000000007ff0806b,7ffff0806b0000000000,7ffff0806b0000000000,000000007ff0806b,000000007ff0806b,3000,3000,00003f80,0000,0,1
FSCALE_composite,24,RD,random,4476,NONFINITE_SCALE_INPUT,0000000027ff1cea,00000000ff8fa4b6,ffffcfa4b60000000000,ffffcfa4b60000000000,00000000ffcfa4b6,00000000ffcfa4b6,3001,3001,00003f81,0000,0,1
FSCALE_composite,24,RD,random,4513,NONFINITE_SCALE_INPUT,00000000a3a0066d,000000007fe40ba8,7fffe40ba80000000000,7fffe40ba80000000000,000000007fe40ba8,000000007fe40ba8,3000,3000,00003f80,0000,0,1
FSCALE_composite,24,RD,random,5119,NONFINITE_SCALE_INPUT,000000004bc17b76,000000007fcb1fd6,7fffcb1fd60000000000,7fffcb1fd60000000000,000000007fcb1fd6,000000007fcb1fd6,3000,3000,00003f80,0000,0,1
FSCALE_composite,24,RD,random,175583,NARROWED_VALUE_MISMATCH,000000007fc8966c,00000000ffebe580,ffffebe5800000000000,7fffc8966c0000000000,00000000ffebe580,000000007fc8966c,3000,3000,00003f80,0000,0,1
FSCALE_composite,24,RD,random,241922,NARROWED_VALUE_MISMATCH,000000007fe0eb80,00000000ffb1a918,fffff1a9180000000000,7fffe0eb800000000000,00000000fff1a918,000000007fe0eb80,3001,3001,00003f81,0000,0,1
FSCALE_composite,24,RD,random,304384,NARROWED_VALUE_MISMATCH,00000000ffcdaf64,00000000ffb9d729,fffff9d7290000000000,ffffcdaf640000000000,00000000fff9d729,00000000ffcdaf64,3001,3001,00003f81,0000,0,1
FSCALE_composite,24,RD,random,319549,NARROWED_VALUE_MISMATCH,000000007f9f8bff,00000000ffea6ce4,ffffea6ce40000000000,7fffdf8bff0000000000,00000000ffea6ce4,000000007fdf8bff,3001,3001,00003f81,0000,0,1
FSCALE_composite,24,RD,random,339259,NARROWED_VALUE_MISMATCH,000000007f9fa508,000000007ffe4dda,7ffffe4dda0000000000,7fffdfa5080000000000,000000007ffe4dda,000000007fdfa508,3001,3001,00003f81,0000,0,1
FSCALE_composite,24,RD,random,454712,NARROWED_VALUE_MISMATCH,000000007fc7bce4,000000007fca0871,7fffca08710000000000,7fffc7bce40000000000,000000007fca0871,000000007fc7bce4,3000,3000,00003f80,0000,0,1
FSCALE_composite,24,RD,random,667835,NARROWED_VALUE_MISMATCH,000000007f8bcce2,00000000ffcf58b1,ffffcf58b10000000000,7fffcbcce20000000000,00000000ffcf58b1,000000007fcbcce2,3001,3001,00003f81,0000,0,1
FSCALE_composite,24,RD,random,723024,NARROWED_VALUE_MISMATCH,000000007f8fe35a,000000007fe5f7a1,7fffe5f7a10000000000,7fffcfe35a0000000000,000000007fe5f7a1,000000007fcfe35a,3001,3001,00003f81,0000,0,1
FSCALE_composite,24,RD,random,908550,NARROWED_VALUE_MISMATCH,00000000ffd9f81b,00000000ffba088b,fffffa088b0000000000,ffffd9f81b0000000000,00000000fffa088b,00000000ffd9f81b,3001,3001,00003f81,0000,0,1
FSCALE_composite,24,RD,random,935958,NARROWED_VALUE_MISMATCH,000000007f8ada90,00000000ffd32acc,ffffd32acc0000000000,7fffcada900000000000,00000000ffd32acc,000000007fcada90,3001,3001,00003f81,0000,0,1
FSCALE_composite,24,RD,edge,489,NARROWED_VALUE_MISMATCH,000000007fc00000,00000000ffc00123,ffffc001230000000000,7fffc000000000000000,00000000ffc00123,000000007fc00000,3000,3000,00003f80,0000,0,1
FSCALE_composite,24,RD,edge,490,NARROWED_VALUE_MISMATCH,000000007fc00000,000000007f800001,7fffc000010000000000,7fffc000000000000000,000000007fc00001,000000007fc00000,3001,3001,00003f81,0000,0,1
FSCALE_composite,24,RD,edge,491,NARROWED_VALUE_MISMATCH,000000007fc00000,00000000ff800100,ffffc001000000000000,7fffc000000000000000,00000000ffc00100,000000007fc00000,3001,3001,00003f81,0000,0,1
FSCALE_composite,24,RD,edge,609,NARROWED_VALUE_MISMATCH,000000007f800001,00000000ffc00123,ffffc001230000000000,7fffc000010000000000,00000000ffc00123,000000007fc00001,3001,3001,00003f81,0000,0,1
FSCALE_composite,24,RD,edge,611,NARROWED_VALUE_MISMATCH,000000007f800001,00000000ff800100,ffffc001000000000000,7fffc000010000000000,00000000ffc00100,000000007fc00001,3001,3001,00003f81,0000,0,1
FSCALE_composite,24,RD,edge,669,NARROWED_VALUE_MISMATCH,00000000ff800100,00000000ffc00123,ffffc001230000000000,ffffc001000000000000,00000000ffc00123,00000000ffc00100,3001,3001,00003f81,0000,0,1
FSCALE_composite,24,RU,random,0,ALL,00000000d06f946d,000000001bde34e9,c020ef946d0000000000,c020ef946d0000000000,00000000d06f946d,00000000d06f946d,3000,3000,00005f80,0000,0,1
FSCALE_composite,24,RU,random,1,ALL,00000000d9352870,000000001b764562,c032b528700000000000,c032b528700000000000,00000000d9352870,00000000d9352870,3000,3000,00005f80,0000,0,1
FSCALE_composite,24,RU,random,2,ALL,0000000097c81d24,00000000e6c52c55,80000000000000000000,80000000000000000000,0000000080000000,0000000080000000,3000,3030,00005fb2,0000,-4096,33
FSCALE_composite,24,RU,random,2,EXCEPTION_FLAGS_MISMATCH,0000000097c81d24,00000000e6c52c55,80000000000000000000,80000000000000000000,0000000080000000,0000000080000000,3000,3030,00005fb2,0000,-4096,33
FSCALE_composite,24,RU,random,3,ALL,0000000091e7f180,00000000fe1268f1,80000000000000000000,80000000000000000000,0000000080000000,0000000080000000,3000,3030,00005fb0,0000,-4096,33
FSCALE_composite,24,RU,random,4,ALL,00000000721f60fe,000000003fd88c6b,40659f60fe0000000000,40659f60fe0000000000,00000000729f60fe,00000000729f60fe,3000,3000,00005f80,0000,1,1
FSCALE_composite,24,RU,random,5,ALL,00000000d6f2da83,0000000068398519,fffeffffffffffffffff,c07effffff0000000000,00000000ff7fffff,00000000ff7fffff,3000,3028,00005fa8,0028,4096,33
FSCALE_composite,24,RU,random,5,REGISTER_VALUE_MISMATCH,00000000d6f2da83,0000000068398519,fffeffffffffffffffff,c07effffff0000000000,00000000ff7fffff,00000000ff7fffff,3000,3028,00005fa8,0028,4096,33
FSCALE_composite,24,RU,random,5,ABOVE_TARGET_MAX_EXP,00000000d6f2da83,0000000068398519,fffeffffffffffffffff,c07effffff0000000000,00000000ff7fffff,00000000ff7fffff,3000,3028,00005fa8,0028,4096,33
FSCALE_composite,24,RU,random,6,ALL,00000000255edafb,000000007efdbd82,7fff8000000000000000,7fff8000000000000000,000000007f800000,000000007f800000,3000,3228,00005fa8,0000,4096,33
FSCALE_composite,24,RU,random,7,ALL,00000000d446e560,000000001cfd6c54,c028c6e5600000000000,c028c6e5600000000000,00000000d446e560,00000000d446e560,3000,3000,00005f80,0000,0,1
FSCALE_composite,24,RU,random,8,ALL,00000000ba46176c,000000003c4e6859,bff4c6176c0000000000,bff4c6176c0000000000,00000000ba46176c,00000000ba46176c,3000,3000,00005f80,0000,0,1
FSCALE_composite,24,RU,random,9,ALL,0000000070124cea,000000005473b6d3,7fff8000000000000000,7fff8000000000000000,000000007f800000,000000007f800000,3000,3228,00005fa8,0000,4096,33
FSCALE_composite,24,RU,random,10,ALL,0000000026b8486f,000000009a1b1ba9,3fcdb8486f0000000000,3fcdb8486f0000000000,0000000026b8486f,0000000026b8486f,3000,3000,00005f80,0000,0,1
FSCALE_composite,24,RU,random,11,ALL,000000001e9a8f25,0000000026e069f4,3fbd9a8f250000000000,3fbd9a8f250000000000,000000001e9a8f25,000000001e9a8f25,3000,3000,00005f80,0000,0,1
FSCALE_composite,24,RU,random,12,ALL,00000000b95c2e2c,00000000b8104187,bff2dc2e2c0000000000,bff2dc2e2c0000000000,00000000b95c2e2c,00000000b95c2e2c,3000,3000,00005f80,0000,0,1
FSCALE_composite,24,RU,random,13,ALL,000000006cc1e283,000000006612f471,7fff8000000000000000,7fff8000000000000000,000000007f800000,000000007f800000,3000,3228,00005fa8,0000,4096,33
FSCALE_composite,24,RU,random,14,ALL,0000000021e68365,00000000549332ce,7fff8000000000000000,7fff8000000000000000,000000007f800000,000000007f800000,3000,3228,00005fa8,0000,4096,33
FSCALE_composite,24,RU,random,15,ALL,00000000fa7c67cf,000000009beb8404,c074fc67cf0000000000,c074fc67cf0000000000,00000000fa7c67cf,00000000fa7c67cf,3000,3000,00005f80,0000,0,1
FSCALE_composite,24,RU,random,16,ALL,00000000806e9527,00000000d18b51d9,80000000000000000000,80000000000000000000,0000000080000000,0000000080000000,3002,3032,00005fb2,0000,-4096,33
FSCALE_composite,24,RU,random,17,ALL,000000000dac67e9,00000000534d29f4,7fff8000000000000000,7fff8000000000000000,000000007f800000,000000007f800000,3000,3228,00005fa8,0000,4096,33
FSCALE_composite,24,RU,random,18,ALL,00000000f5448c93,000000008436a104,c06ac48c930000000000,c06ac48c930000000000,00000000f5448c93,00000000f5448c93,3000,3000,00005f80,0000,0,1
FSCALE_composite,24,RU,random,19,ALL,000000000a186549,00000000232e40dc,3f949865490000000000,3f949865490000000000,000000000a186549,000000000a186549,3000,3000,00005f80,0000,0,1
FSCALE_composite,24,RU,random,20,REGISTER_VALUE_MISMATCH,00000000caeb5848,000000005145a476,fffeffffffffffffffff,c07effffff0000000000,00000000ff7fffff,00000000ff7fffff,3000,3028,00005fa8,0028,4096,33
FSCALE_composite,24,RU,random,20,ABOVE_TARGET_MAX_EXP,00000000caeb5848,000000005145a476,fffeffffffffffffffff,c07effffff0000000000,00000000ff7fffff,00000000ff7fffff,3000,3028,00005fa8,0028,4096,33
FSCALE_composite,24,RU,random,33,REGISTER_VALUE_MISMATCH,00000000c8801e90,000000006764a91b,fffeffffffffffffffff,c07effffff0000000000,00000000ff7fffff,00000000ff7fffff,3000,3028,00005fa8,0028,4096,33
FSCALE_composite,24,RU,random,33,ABOVE_TARGET_MAX_EXP,00000000c8801e90,000000006764a91b,fffeffffffffffffffff,c07effffff0000000000,00000000ff7fffff,00000000ff7fffff,3000,3028,00005fa8,0028,4096,33
FSCALE_composite,24,RU,random,36,REGISTER_VALUE_MISMATCH,00000000deb1a41f,000000006f48228f,fffeffffffffffffffff,c07effffff0000000000,00000000ff7fffff,00000000ff7fffff,3000,3028,00005fa8,0028,4096,33
FSCALE_composite,24,RU,random,36,ABOVE_TARGET_MAX_EXP,00000000deb1a41f,000000006f48228f,fffeffffffffffffffff,c07effffff0000000000,00000000ff7fffff,00000000ff7fffff,3000,3028,00005fa8,0028,4096,33
FSCALE_composite,24,RU,random,37,REGISTER_VALUE_MISMATCH,000000000b043766,00000000e5bc1065,00000000000000000001,3f6a8000000000000000,0000000000000001,0000000000000001,3000,3230,00005fb2,0230,-4096,33
FSCALE_composite,24,RU,random,37,EXCEPTION_FLAGS_MISMATCH,000000000b043766,00000000e5bc1065,00000000000000000001,3f6a8000000000000000,0000000000000001,0000000000000001,3000,3230,00005fb2,0230,-4096,33
FSCALE_composite,24,RU,random,37,BELOW_TARGET_NORMAL_EXP,000000000b043766,00000000e5bc1065,00000000000000000001,3f6a8000000000000000,0000000000000001,0000000000000001,3000,3230,00005fb2,0230,-4096,33
FSCALE_composite,24,RU,random,41,REGISTER_VALUE_MISMATCH,0000000080205e9a,0000000045280694,c9ff817a680000000000,c07effffff0000000000,00000000ff7fffff,00000000ff7fffff,3002,3002,00005faa,0028,2688,22
FSCALE_composite,24,RU,random,41,EXCEPTION_FLAGS_MISMATCH,0000000080205e9a,0000000045280694,c9ff817a680000000000,c07effffff0000000000,00000000ff7fffff,00000000ff7fffff,3002,3002,00005faa,0028,2688,22
FSCALE_composite,24,RU,random,41,ABOVE_TARGET_MAX_EXP,0000000080205e9a,0000000045280694,c9ff817a680000000000,c07effffff0000000000,00000000ff7fffff,00000000ff7fffff,3002,3002,00005faa,0028,2688,22
FSCALE_composite,24,RU,random,48,REGISTER_VALUE_MISMATCH,00000000895a4f92,000000007b6b042a,fffeffffffffffffffff,c07effffff0000000000,00000000ff7fffff,00000000ff7fffff,3000,3028,00005fa8,0028,4096,33
FSCALE_composite,24,RU,random,48,ABOVE_TARGET_MAX_EXP,00000000895a4f92,000000007b6b042a,fffeffffffffffffffff,c07effffff0000000000,00000000ff7fffff,00000000ff7fffff,3000,3028,00005fa8,0028,4096,33
FSCALE_composite,24,RU,random,50,REGISTER_VALUE_MISMATCH,000000000777a983,00000000dfe589ea,00000000000000000001,3f6a8000000000000000,0000000000000001,0000000000000001,3000,3230,00005fb2,0230,-4096,33
FSCALE_composite,24,RU,random,50,EXCEPTION_FLAGS_MISMATCH,000000000777a983,00000000dfe589ea,00000000000000000001,3f6a8000000000000000,0000000000000001,0000000000000001,3000,3230,00005fb2,0230,-4096,33
FSCALE_composite,24,RU,random,50,BELOW_TARGET_NORMAL_EXP,000000000777a983,00000000dfe589ea,00000000000000000001,3f6a8000000000000000,0000000000000001,0000000000000001,3000,3230,00005fb2,0230,-4096,33
FSCALE_composite,24,RU,random,52,EXCEPTION_FLAGS_MISMATCH,00000000db1d7d0d,00000000d07fdeb0,80000000000000000000,80000000000000000000,0000000080000000,0000000080000000,3000,3030,00005fb2,0000,-4096,33
FSCALE_composite,24,RU,random,53,REGISTER_VALUE_MISMATCH,0000000086587630,000000005ef06049,fffeffffffffffffffff,c07effffff0000000000,00000000ff7fffff,00000000ff7fffff,3000,3028,00005fa8,0028,4096,33
FSCALE_composite,24,RU,random,53,ABOVE_TARGET_MAX_EXP,0000000086587630,000000005ef06049,fffeffffffffffffffff,c07effffff0000000000,00000000ff7fffff,00000000ff7fffff,3000,3028,00005fa8,0028,4096,33
FSCALE_composite,24,RU,random,55,REGISTER_VALUE_MISMATCH,00000000b3ad1d17,00000000652fa4b6,fffeffffffffffffffff,c07effffff0000000000,00000000ff7fffff,00000000ff7fffff,3000,3028,00005fa8,0028,4096,33
FSCALE_composite,24,RU,random,55,ABOVE_TARGET_MAX_EXP,00000000b3ad1d17,00000000652fa4b6,fffeffffffffffffffff,c07effffff0000000000,00000000ff7fffff,00000000ff7fffff,3000,3028,00005fa8,0028,4096,33
FSCALE_composite,24,RU,random,60,REGISTER_VALUE_MISMATCH,0000000084b484f9,00000000651ba586,fffeffffffffffffffff,c07effffff0000000000,00000000ff7fffff,00000000ff7fffff,3000,3028,00005fa8,0028,4096,33
FSCALE_composite,24,RU,random,60,ABOVE_TARGET_MAX_EXP,0000000084b484f9,00000000651ba586,fffeffffffffffffffff,c07effffff0000000000,00000000ff7fffff,00000000ff7fffff,3000,3028,00005fa8,0028,4096,33
FSCALE_composite,24,RU,random,62,REGISTER_VALUE_MISMATCH,000000004936df9d,00000000fb69f131,00000000000000000001,3f6a8000000000000000,0000000000000001,0000000000000001,3000,3230,00005fb2,0230,-4096,33
FSCALE_composite,24,RU,random,62,EXCEPTION_FLAGS_MISMATCH,000000004936df9d,00000000fb69f131,00000000000000000001,3f6a8000000000000000,0000000000000001,0000000000000001,3000,3230,00005fb2,0230,-4096,33
FSCALE_composite,24,RU,random,62,BELOW_TARGET_NORMAL_EXP,000000004936df9d,00000000fb69f131,00000000000000000001,3f6a8000000000000000,0000000000000001,0000000000000001,3000,3230,00005fb2,0230,-4096,33
FSCALE_composite,24,RU,random,68,REGISTER_VALUE_MISMATCH,00000000240f165d,00000000d832f85a,00000000000000000001,3f6a8000000000000000,0000000000000001,0000000000000001,3000,3230,00005fb2,0230,-4096,33
FSCALE_composite,24,RU,random,68,EXCEPTION_FLAGS_MISMATCH,00000000240f165d,00000000d832f85a,00000000000000000001,3f6a8000000000000000,0000000000000001,0000000000000001,3000,3230,00005fb2,0230,-4096,33
FSCALE_composite,24,RU,random,68,BELOW_TARGET_NORMAL_EXP,00000000240f165d,00000000d832f85a,00000000000000000001,3f6a8000000000000000,0000000000000001,0000000000000001,3000,3230,00005fb2,0230,-4096,33
FSCALE_composite,24,RU,random,79,EXCEPTION_FLAGS_MISMATCH,000000009c575004,00000000f1f1f5a9,80000000000000000000,80000000000000000000,0000000080000000,0000000080000000,3000,3030,00005fb2,0000,-4096,33
FSCALE_composite,24,RU,random,80,REGISTER_VALUE_MISMATCH,00000000c2e83c79,0000000056cc72db,fffeffffffffffffffff,c07effffff0000000000,00000000ff7fffff,00000000ff7fffff,3000,3028,00005fa8,0028,4096,33
FSCALE_composite,24,RU,random,80,ABOVE_TARGET_MAX_EXP,00000000c2e83c79,0000000056cc72db,fffeffffffffffffffff,c07effffff0000000000,00000000ff7fffff,00000000ff7fffff,3000,3028,00005fa8,0028,4096,33
FSCALE_composite,24,RU,random,82,REGISTER_VALUE_MISMATCH,00000000b2f112dd,00000000c4788ca7,bc03f112dd0000000000,80000000000000000000,0000000080000000,0000000080000000,3000,3000,00005fb2,0030,-994,8
FSCALE_composite,24,RU,random,82,EXCEPTION_FLAGS_MISMATCH,00000000b2f112dd,00000000c4788ca7,bc03f112dd0000000000,80000000000000000000,0000000080000000,0000000080000000,3000,3000,00005fb2,0030,-994,8
FSCALE_composite,24,RU,random,82,BELOW_TARGET_NORMAL_EXP,00000000b2f112dd,00000000c4788ca7,bc03f112dd0000000000,80000000000000000000,0000000080000000,0000000080000000,3000,3000,00005fb2,0030,-994,8
FSCALE_composite,24,RU,random,89,EXCEPTION_FLAGS_MISMATCH,0000000097a09680,00000000cec3c654,80000000000000000000,80000000000000000000,0000000080000000,0000000080000000,3000,3030,00005fb2,0000,-4096,33
FSCALE_composite,24,RU,random,103,REGISTER_VALUE_MISMATCH,000000003045c5bc,00000000d3e1d50a,00000000000000000001,3f6a8000000000000000,0000000000000001,0000000000000001,3000,3230,00005fb2,0230,-4096,33
FSCALE_composite,24,RU,random,103,EXCEPTION_FLAGS_MISMATCH,000000003045c5bc,00000000d3e1d50a,00000000000000000001,3f6a8000000000000000,0000000000000001,0000000000000001,3000,3230,00005fb2,0230,-4096,33
FSCALE_composite,24,RU,random,103,BELOW_TARGET_NORMAL_EXP,000000003045c5bc,00000000d3e1d50a,00000000000000000001,3f6a8000000000000000,0000000000000001,0000000000000001,3000,3230,00005fb2,0230,-4096,33
FSCALE_composite,24,RU,random,107,REGISTER_VALUE_MISMATCH,0000000067b77734,00000000ce64d547,00000000000000000001,3f6a8000000000000000,0000000000000001,0000000000000001,3000,3230,00005fb2,0230,-4096,33
FSCALE_composite,24,RU,random,107,EXCEPTION_FLAGS_MISMATCH,0000000067b77734,00000000ce64d547,00000000000000000001,3f6a8000000000000000,0000000000000001,0000000000000001,3000,3230,00005fb2,0230,-4096,33
FSCALE_composite,24,RU,random,107,BELOW_TARGET_NORMAL_EXP,0000000067b77734,00000000ce64d547,00000000000000000001,3f6a8000000000000000,0000000000000001,0000000000000001,3000,3230,00005fb2,0230,-4096,33
FSCALE_composite,24,RU,random,110,NAN_RESULT,000000001dbfdce1,000000007ff6cf7b,7ffff6cf7b0000000000,7ffff6cf7b0000000000,000000007ff6cf7b,000000007ff6cf7b,3000,3000,00005f80,0000,0,1
FSCALE_composite,24,RU,random,110,NONFINITE_SCALE_INPUT,000000001dbfdce1,000000007ff6cf7b,7ffff6cf7b0000000000,7ffff6cf7b0000000000,000000007ff6cf7b,000000007ff6cf7b,3000,3000,00005f80,0000,0,1
FSCALE_composite,24,RU,random,112,REGISTER_VALUE_MISMATCH,000000007bd0e502,00000000fe3ad9e1,00000000000000000001,3f6a8000000000000000,0000000000000001,0000000000000001,3000,3230,00005fb2,0230,-4096,33
FSCALE_composite,24,RU,random,112,EXCEPTION_FLAGS_MISMATCH,000000007bd0e502,00000000fe3ad9e1,00000000000000000001,3f6a8000000000000000,0000000000000001,0000000000000001,3000,3230,00005fb2,0230,-4096,33
FSCALE_composite,24,RU,random,112,BELOW_TARGET_NORMAL_EXP,000000007bd0e502,00000000fe3ad9e1,00000000000000000001,3f6a8000000000000000,0000000000000001,0000000000000001,3000,3230,00005fb2,0230,-4096,33
FSCALE_composite,24,RU,random,113,REGISTER_VALUE_MISMATCH,0000000039615615,00000000f2ec7c50,00000000000000000001,3f6a8000000000000000,0000000000000001,0000000000000001,3000,3230,00005fb2,0230,-4096,33
FSCALE_composite,24,RU,random,113,EXCEPTION_FLAGS_MISMATCH,0000000039615615,00000000f2ec7c50,00000000000000000001,3f6a8000000000000000,0000000000000001,0000000000000001,3000,3230,00005fb2,0230,-4096,33
FSCALE_composite,24,RU,random,113,BELOW_TARGET_NORMAL_EXP,0000000039615615,00000000f2ec7c50,00000000000000000001,3f6a8000000000000000,0000000000000001,0000000000000001,3000,3230,00005fb2,0230,-4096,33
FSCALE_composite,24,RU,random,114,REGISTER_VALUE_MISMATCH,00000000aa0178ef,000000004c9364c0,fffeffffffffffffffff,c07effffff0000000000,00000000ff7fffff,00000000ff7fffff,3000,3028,00005fa8,0028,4096,33
FSCALE_composite,24,RU,random,114,ABOVE_TARGET_MAX_EXP,00000000aa0178ef,000000004c9364c0,fffeffffffffffffffff,c07effffff0000000000,00000000ff7fffff,00000000ff7fffff,3000,3028,00005fa8,0028,4096,33
FSCALE_composite,24,RU,random,120,ABOVE_TARGET_MAX_EXP,00000000c2c2eaed,00000000503145f6,fffeffffffffffffffff,c07effffff0000000000,00000000ff7fffff,00000000ff7fffff,3000,3028,00005fa8,0028,4096,33
FSCALE_composite,24,RU,random,125,ABOVE_TARGET_MAX_EXP,00000000c3327445,000000005ea20141,fffeffffffffffffffff,c07effffff0000000000,00000000ff7fffff,00000000ff7fffff,3000,3028,00005fa8,0028,4096,33
FSCALE_composite,24,RU,random,127,EXCEPTION_FLAGS_MISMATCH,0000000053e0ea71,00000000e4737018,00000000000000000001,3f6a8000000000000000,0000000000000001,0000000000000001,3000,3230,00005fb2,0230,-4096,33
FSCALE_composite,24,RU,random,127,BELOW_TARGET_NORMAL_EXP,0000000053e0ea71,00000000e4737018,00000000000000000001,3f6a8000000000000000,0000000000000001,0000000000000001,3000,3230,00005fb2,0230,-4096,33
FSCALE_composite,24,RU,random,129,EXCEPTION_FLAGS_MISMATCH,00000000355a8cf8,00000000f85e88ff,00000000000000000001,3f6a8000000000000000,0000000000000001,0000000000000001,3000,3230,00005fb2,0230,-4096,33
FSCALE_composite,24,RU,random,129,BELOW_TARGET_NORMAL_EXP,00000000355a8cf8,00000000f85e88ff,00000000000000000001,3f6a8000000000000000,0000000000000001,0000000000000001,3000,3230,00005fb2,0230,-4096,33
FSCALE_composite,24,RU,random,139,EXCEPTION_FLAGS_MISMATCH,000000003b2f2f67,00000000c33c369f,3f3aaf2f670000000000,3f6a8000000000000000,0000000000000001,0000000000000001,3000,3000,00005fb0,0230,-188,2
FSCALE_composite,24,RU,random,139,BELOW_TARGET_NORMAL_EXP,000000003b2f2f67,00000000c33c369f,3f3aaf2f670000000000,3f6a8000000000000000,0000000000000001,0000000000000001,3000,3000,00005fb0,0230,-188,2
FSCALE_composite,24,RU,random,142,EXCEPTION_FLAGS_MISMATCH,000000007e96e2b2,00000000801bb324,407d96e2b20000000000,407d96e2b20000000000,000000007e96e2b2,000000007e96e2b2,3002,3002,00005f80,0000,0,1
FSCALE_composite,24,RU,random,145,EXCEPTION_FLAGS_MISMATCH,000000005d349335,00000000cb6f67aa,00000000000000000001,3f6a8000000000000000,0000000000000001,0000000000000001,3000,3230,00005fb2,0230,-4096,33
FSCALE_composite,24,RU,random,145,BELOW_TARGET_NORMAL_EXP,000000005d349335,00000000cb6f67aa,00000000000000000001,3f6a8000000000000000,0000000000000001,0000000000000001,3000,3230,00005fb2,0230,-4096,33
FSCALE_composite,24,RU,random,146,EXCEPTION_FLAGS_MISMATCH,0000000078f20e0e,0000000042149e55,4096f20e0e0000000000,7fff8000000000000000,000000007f800000,000000007f800000,3000,3000,00005fa8,0228,37,1
FSCALE_composite,24,RU,random,146,ABOVE_TARGET_MAX_EXP,0000000078f20e0e,0000000042149e55,4096f20e0e0000000000,7fff8000000000000000,000000007f800000,000000007f800000,3000,3000,00005fa8,0228,37,1
FSCALE_composite,24,RU,random,150,BELOW_TARGET_NORMAL_EXP,000000005fbb8e77,00000000c80c5c76,00000000000000000001,3f6a8000000000000000,0000000000000001,0000000000000001,3000,3230,00005fb2,0230,-4096,33
FSCALE_composite,24,RU,random,157,ABOVE_TARGET_MAX_EXP,00000000eabe5202,000000006f58fe56,fffeffffffffffffffff,c07effffff0000000000,00000000ff7fffff,00000000ff7fffff,3000,3028,00005fa8,0028,4096,33
FSCALE_composite,24,RU,random,158,BELOW_TARGET_NORMAL_EXP,000000003f963fd3,00000000e9e6d991,00000000000000000001,3f6a8000000000000000,0000000000000001,0000000000000001,3000,3230,00005fb2,0230,-4096,33
FSCALE_composite,24,RU,random,165,BELOW_TARGET_NORMAL_EXP,0000000074900947,00000000cd933c61,00000000000000000001,3f6a8000000000000000,0000000000000001,0000000000000001,3000,3230,00005fb2,0230,-4096,33
FSCALE_composite,24,RU,random,167,ABOVE_TARGET_MAX_EXP,000000009c9d2b37,00000000531d69ac,fffeffffffffffffffff,c07effffff0000000000,00000000ff7fffff,00000000ff7fffff,3000,3028,00005fa8,0028,4096,33
FSCALE_composite,24,RU,random,171,BELOW_TARGET_NORMAL_EXP,0000000091b5ca32,00000000c50bde19,b6e6b5ca320000000000,80000000000000000000,0000000080000000,0000000080000000,3000,3000,00005fb0,0030,-2237,18
FSCALE_composite,24,RU,random,175,BELOW_TARGET_NORMAL_EXP,000000007b8013d3,00000000f89dee12,00000000000000000001,3f6a8000000000000000,0000000000000001,0000000000000001,3000,3230,00005fb2,0230,-4096,33
FSCALE_composite,24,RU,random,178,BELOW_TARGET_NORMAL_EXP,000000001e6318aa,00000000dd440a3c,00000000000000000001,3f6a8000000000000000,0000000000000001,0000000000000001,3000,3230,00005fb2,0230,-4096,33
FSCALE_composite,24,RU,random,180,ABOVE_TARGET_MAX_EXP,00000000ef818cce,0000000070533711,fffeffffffffffffffff,c07effffff0000000000,00000000ff7fffff,00000000ff7fffff,3000,3028,00005fa8,0028,4096,33
FSCALE_composite,24,RU,random,181,BELOW_TARGET_NORMAL_EXP,000000002bc9a5a3,00000000e8c4c8d3,00000000000000000001,3f6a8000000000000000,0000000000000001,0000000000000001,3000,3230,00005fb2,0230,-4096,33
FSCALE_composite,24,RU,random,188,ABOVE_TARGET_MAX_EXP,000000008827004b,000000005df82657,fffeffffffffffffffff,c07effffff0000000000,00000000ff7fffff,00000000ff7fffff,3000,3028,00005fa8,0028,4096,33
FSCALE_composite,24,RU,random,189,ABOVE_TARGET_MAX_EXP,00000000ef0eb6a1,00000000559590bd,fffeffffffffffffffff,c07effffff0000000000,00000000ff7fffff,00000000ff7fffff,3000,3028,00005fa8,0028,4096,33
FSCALE_composite,24,RU,random,191,ABOVE_TARGET_MAX_EXP,00000000ebb025d9,000000006cc93f5e,fffeffffffffffffffff,c07effffff0000000000,00000000ff7fffff,00000000ff7fffff,3000,3028,00005fa8,0028,4096,33
FSCALE_composite,24,RU,random,248,NAN_RESULT,00000000ff828917,00000000b3dd3a50,ffffc289170000000000,ffffc289170000000000,00000000ffc28917,00000000ffc28917,3001,3001,00005f81,0000,0,1
FSCALE_composite,24,RU,random,259,NAN_RESULT,000000007f9b4c89,000000002e94de2c,7fffdb4c890000000000,7fffdb4c890000000000,000000007fdb4c89,000000007fdb4c89,3001,3001,00005f81,0000,0,1
FSCALE_composite,24,RU,random,386,NAN_RESULT,00000000ff94bd00,00000000c9dd3176,ffffd4bd000000000000,ffffd4bd000000000000,00000000ffd4bd00,00000000ffd4bd00,3001,3001,00005f81,0000,-4096,33
FSCALE_composite,24,RU,random,537,NAN_RESULT,00000000ffee36e5,00000000fc75a7d3,ffffee36e50000000000,ffffee36e50000000000,00000000ffee36e5,00000000ffee36e5,3000,3000,00005f80,0000,-4096,33
FSCALE_composite,24,RU,random,737,NAN_RESULT,000000009b5f07ce,00000000ffea4391,ffffea43910000000000,ffffea43910000000000,00000000ffea4391,00000000ffea4391,3000,3000,00005f80,0000,0,1
FSCALE_composite,24,RU,random,737,NONFINITE_SCALE_INPUT,000000009b5f07ce,00000000ffea4391,ffffea43910000000000,ffffea43910000000000,00000000ffea4391,00000000ffea4391,3000,3000,00005f80,0000,0,1
FSCALE_composite,24,RU,random,789,NAN_RESULT,000000007fb032f0,000000006fbf56d3,7ffff032f00000000000,7ffff032f00000000000,000000007ff032f0,000000007ff032f0,3001,3001,00005f81,0000,4096,33
FSCALE_composite,24,RU,random,834,NAN_RESULT,000000007fa4929b,00000000ab56782f,7fffe4929b0000000000,7fffe4929b0000000000,000000007fe4929b,000000007fe4929b,3001,3001,00005f81,0000,0,1
FSCALE_composite,24,RU,random,1120,NAN_RESULT,00000000949c8708,000000007ff68089,7ffff680890000000000,7ffff680890000000000,000000007ff68089,000000007ff68089,3000,3000,00005f80,0000,0,1
FSCALE_composite,24,RU,random,1120,NONFINITE_SCALE_INPUT,00000000949c8708,000000007ff68089,7ffff680890000000000,7ffff680890000000000,000000007ff68089,000000007ff68089,3000,3000,00005f80,0000,0,1
FSCALE_composite,24,RU,random,1126,NAN_RESULT,000000007f681766,00000000ffd74dad,ffffd74dad0000000000,ffffd74dad0000000000,00000000ffd74dad,00000000ffd74dad,3000,3000,00005f80,0000,0,1
FSCALE_composite,24,RU,random,1126,NONFINITE_SCALE_INPUT,000000007f681766,00000000ffd74dad,ffffd74dad0000000000,ffffd74dad0000000000,00000000ffd74dad,00000000ffd74dad,3000,3000,00005f80,0000,0,1
FSCALE_composite,24,RU,random,1327,NAN_RESULT,00000000ff9f187e,00000000e43ae31c,ffffdf187e0000000000,ffffdf187e0000000000,00000000ffdf187e,00000000ffdf187e,3001,3001,00005f81,0000,-4096,33
FSCALE_composite,24,RU,random,1361,NAN_RESULT,000000002c19774e,00000000ffe83723,ffffe837230000000000,ffffe837230000000000,00000000ffe83723,00000000ffe83723,3000,3000,00005f80,0000,0,1
FSCALE_composite,24,RU,random,1361,NONFINITE_SCALE_INPUT,000000002c19774e,00000000ffe83723,ffffe837230000000000,ffffe837230000000000,00000000ffe83723,00000000ffe83723,3000,3000,00005f80,0000,0,1
FSCALE_composite,24,RU,random,1475,NAN_RESULT,000000007fc358fb,000000000c022c66,7fffc358fb0000000000,7fffc358fb0000000000,000000007fc358fb,000000007fc358fb,3000,3000,00005f80,0000,0,1
FSCALE_composite,24,RU,random,1607,NAN_RESULT,00000000e5fa00d7,000000007fa0becd,7fffe0becd0000000000,7fffe0becd0000000000,000000007fe0becd,000000007fe0becd,3001,3001,00005f81,0000,0,1
FSCALE_composite,24,RU,random,1607,NONFINITE_SCALE_INPUT,00000000e5fa00d7,000000007fa0becd,7fffe0becd0000000000,7fffe0becd0000000000,000000007fe0becd,000000007fe0becd,3001,3001,00005f81,0000,0,1
FSCALE_composite,24,RU,random,1617,NAN_RESULT,000000001495e3c5,00000000fff8c46e,fffff8c46e0000000000,fffff8c46e0000000000,00000000fff8c46e,00000000fff8c46e,3000,3000,00005f80,0000,0,1
FSCALE_composite,24,RU,random,1617,NONFINITE_SCALE_INPUT,000000001495e3c5,00000000fff8c46e,fffff8c46e0000000000,fffff8c46e0000000000,00000000fff8c46e,00000000fff8c46e,3000,3000,00005f80,0000,0,1
FSCALE_composite,24,RU,random,1722,NAN_RESULT,000000007fef8875,00000000f89a979f,7fffef88750000000000,7fffef88750000000000,000000007fef8875,000000007fef8875,3000,3000,00005f80,0000,-4096,33
FSCALE_composite,24,RU,random,1875,NAN_RESULT,000000000b8e8b45,000000007ff9b8a3,7ffff9b8a30000000000,7ffff9b8a30000000000,000000007ff9b8a3,000000007ff9b8a3,3000,3000,00005f80,0000,0,1
FSCALE_composite,24,RU,random,1875,NONFINITE_SCALE_INPUT,000000000b8e8b45,000000007ff9b8a3,7ffff9b8a30000000000,7ffff9b8a30000000000,000000007ff9b8a3,000000007ff9b8a3,3000,3000,00005f80,0000,0,1
FSCALE_composite,24,RU,random,2014,NAN_RESULT,000000008c292833,000000007fd01963,7fffd019630000000000,7fffd019630000000000,000000007fd01963,000000007fd01963,3000,3000,00005f80,0000,0,1
FSCALE_composite,24,RU,random,2014,NONFINITE_SCALE_INPUT,000000008c292833,000000007fd01963,7fffd019630000000000,7fffd019630000000000,000000007fd01963,000000007fd01963,3000,3000,00005f80,0000,0,1
FSCALE_composite,24,RU,random,2224,NAN_RESULT,00000000047a5b01,000000007ff77b95,7ffff77b950000000000,7ffff77b950000000000,000000007ff77b95,000000007ff77b95,3000,3000,00005f80,0000,0,1
FSCALE_composite,24,RU,random,2224,NONFINITE_SCALE_INPUT,00000000047a5b01,000000007ff77b95,7ffff77b950000000000,7ffff77b950000000000,000000007ff77b95,000000007ff77b95,3000,3000,00005f80,0000,0,1
FSCALE_composite,24,RU,random,2338,NAN_RESULT,00000000ffbf2ffc,000000001afb0306,ffffff2ffc0000000000,ffffff2ffc0000000000,00000000ffff2ffc,00000000ffff2ffc,3001,3001,00005f81,0000,0,1
FSCALE_composite,24,RU,random,2875,NONFINITE_SCALE_INPUT,0000000083bc42ae,00000000ff9106f0,ffffd106f00000000000,ffffd106f00000000000,00000000ffd106f0,00000000ffd106f0,3001,3001,00005f81,0000,0,1
FSCALE_composite,24,RU,random,3209,NONFINITE_SCALE_INPUT,00000000a3615495,000000007f9fe10e,7fffdfe10e0000000000,7fffdfe10e0000000000,000000007fdfe10e,000000007fdfe10e,3001,3001,00005f81,0000,0,1
FSCALE_composite,24,RU,random,3343,NONFINITE_SCALE_INPUT,0000000010039fbb,00000000ffbc60e3,fffffc60e30000000000,fffffc60e30000000000,00000000fffc60e3,00000000fffc60e3,3001,3001,00005f81,0000,0,1
FSCALE_composite,24,RU,random,3477,NONFINITE_SCALE_INPUT,00000000bf1e6c82,000000007f920217,7fffd202170000000000,7fffd202170000000000,000000007fd20217,000000007fd20217,3001,3001,00005f81,0000,0,1
FSCALE_composite,24,RU,random,3874,NONFINITE_SCALE_INPUT,0000000003abb84a,000000007f919f07,7fffd19f070000000000,7fffd19f070000000000,000000007fd19f07,000000007fd19f07,3001,3001,00005f81,0000,0,1
FSCALE_composite,24,RU,random,3930,NONFINITE_SCALE_INPUT,0000000079de5ee3,000000007fbbd65c,7ffffbd65c0000000000,7ffffbd65c0000000000,000000007ffbd65c,000000007ffbd65c,3001,3001,00005f81,0000,0,1
FSCALE_composite,24,RU,random,4214,NONFINITE_SCALE_INPUT,00000000a7ede3a0,000000007ff0806b,7ffff0806b0000000000,7ffff0806b0000000000,000000007ff0806b,000000007ff0806b,3000,3000,00005f80,0000,0,1
FSCALE_composite,24,RU,random,4476,NONFINITE_SCALE_INPUT,0000000027ff1cea,00000000ff8fa4b6,ffffcfa4b60000000000,ffffcfa4b60000000000,00000000ffcfa4b6,00000000ffcfa4b6,3001,3001,00005f81,0000,0,1
FSCALE_composite,24,RU,random,4513,NONFINITE_SCALE_INPUT,00000000a3a0066d,000000007fe40ba8,7fffe40ba80000000000,7fffe40ba80000000000,000000007fe40ba8,000000007fe40ba8,3000,3000,00005f80,0000,0,1
FSCALE_composite,24,RU,random,5119,NONFINITE_SCALE_INPUT,000000004bc17b76,000000007fcb1fd6,7fffcb1fd60000000000,7fffcb1fd60000000000,000000007fcb1fd6,000000007fcb1fd6,3000,3000,00005f80,0000,0,1
FSCALE_composite,24,RU,random,175583,NARROWED_VALUE_MISMATCH,000000007fc8966c,00000000ffebe580,ffffebe5800000000000,7fffc8966c0000000000,00000000ffebe580,000000007fc8966c,3000,3000,00005f80,0000,0,1
FSCALE_composite,24,RU,random,241922,NARROWED_VALUE_MISMATCH,000000007fe0eb80,00000000ffb1a918,fffff1a9180000000000,7fffe0eb800000000000,00000000fff1a918,000000007fe0eb80,3001,3001,00005f81,0000,0,1
FSCALE_composite,24,RU,random,304384,NARROWED_VALUE_MISMATCH,00000000ffcdaf64,00000000ffb9d729,fffff9d7290000000000,ffffcdaf640000000000,00000000fff9d729,00000000ffcdaf64,3001,3001,00005f81,0000,0,1
FSCALE_composite,24,RU,random,319549,NARROWED_VALUE_MISMATCH,000000007f9f8bff,00000000ffea6ce4,ffffea6ce40000000000,7fffdf8bff0000000000,00000000ffea6ce4,000000007fdf8bff,3001,3001,00005f81,0000,0,1
FSCALE_composite,24,RU,random,339259,NARROWED_VALUE_MISMATCH,000000007f9fa508,000000007ffe4dda,7ffffe4dda0000000000,7fffdfa5080000000000,000000007ffe4dda,000000007fdfa508,3001,3001,00005f81,0000,0,1
FSCALE_composite,24,RU,random,454712,NARROWED_VALUE_MISMATCH,000000007fc7bce4,000000007fca0871,7fffca08710000000000,7fffc7bce40000000000,000000007fca0871,000000007fc7bce4,3000,3000,00005f80,0000,0,1
FSCALE_composite,24,RU,random,667835,NARROWED_VALUE_MISMATCH,000000007f8bcce2,00000000ffcf58b1,ffffcf58b10000000000,7fffcbcce20000000000,00000000ffcf58b1,000000007fcbcce2,3001,3001,00005f81,0000,0,1
FSCALE_composite,24,RU,random,723024,NARROWED_VALUE_MISMATCH,000000007f8fe35a,000000007fe5f7a1,7fffe5f7a10000000000,7fffcfe35a0000000000,000000007fe5f7a1,000000007fcfe35a,3001,3001,00005f81,0000,0,1
FSCALE_composite,24,RU,random,908550,NARROWED_VALUE_MISMATCH,00000000ffd9f81b,00000000ffba088b,fffffa088b0000000000,ffffd9f81b0000000000,00000000fffa088b,00000000ffd9f81b,3001,3001,00005f81,0000,0,1
FSCALE_composite,24,RU,random,935958,NARROWED_VALUE_MISMATCH,000000007f8ada90,00000000ffd32acc,ffffd32acc0000000000,7fffcada900000000000,00000000ffd32acc,000000007fcada90,3001,3001,00005f81,0000,0,1
FSCALE_composite,24,RU,edge,489,NARROWED_VALUE_MISMATCH,000000007fc00000,00000000ffc00123,ffffc001230000000000,7fffc000000000000000,00000000ffc00123,000000007fc00000,3000,3000,00005f80,0000,0,1
FSCALE_composite,24,RU,edge,490,NARROWED_VALUE_MISMATCH,000000007fc00000,000000007f800001,7fffc000010000000000,7fffc000000000000000,000000007fc00001,000000007fc00000,3001,3001,00005f81,0000,0,1
FSCALE_composite,24,RU,edge,491,NARROWED_VALUE_MISMATCH,000000007fc00000,00000000ff800100,ffffc001000000000000,7fffc000000000000000,00000000ffc00100,000000007fc00000,3001,3001,00005f81,0000,0,1
FSCALE_composite,24,RU,edge,609,NARROWED_VALUE_MISMATCH,000000007f800001,00000000ffc00123,ffffc001230000000000,7fffc000010000000000,00000000ffc00123,000000007fc00001,3001,3001,00005f81,0000,0,1
FSCALE_composite,24,RU,edge,611,NARROWED_VALUE_MISMATCH,000000007f800001,00000000ff800100,ffffc001000000000000,7fffc000010000000000,00000000ffc00100,000000007fc00001,3001,3001,00005f81,0000,0,1
FSCALE_composite,24,RU,edge,669,NARROWED_VALUE_MISMATCH,00000000ff800100,00000000ffc00123,ffffc001230000000000,ffffc001000000000000,00000000ffc00123,00000000ffc00100,3001,3001,00005f81,0000,0,1
FSCALE_composite,24,RZ,random,0,ALL,00000000d06f946d,000000001bde34e9,c020ef946d0000000000,c020ef946d0000000000,00000000d06f946d,00000000d06f946d,3000,3000,00007f80,0000,0,1
FSCALE_composite,24,RZ,random,1,ALL,00000000d9352870,000000001b764562,c032b528700000000000,c032b528700000000000,00000000d9352870,00000000d9352870,3000,3000,00007f80,0000,0,1
FSCALE_composite,24,RZ,random,2,ALL,0000000097c81d24,00000000e6c52c55,80000000000000000000,80000000000000000000,0000000080000000,0000000080000000,3000,3030,00007fb2,0000,-4096,33
FSCALE_composite,24,RZ,random,2,EXCEPTION_FLAGS_MISMATCH,0000000097c81d24,00000000e6c52c55,80000000000000000000,80000000000000000000,0000000080000000,0000000080000000,3000,3030,00007fb2,0000,-4096,33
FSCALE_composite,24,RZ,random,3,ALL,0000000091e7f180,00000000fe1268f1,80000000000000000000,80000000000000000000,0000000080000000,0000000080000000,3000,3030,00007fb0,0000,-4096,33
FSCALE_composite,24,RZ,random,4,ALL,00000000721f60fe,000000003fd88c6b,40659f60fe0000000000,40659f60fe0000000000,00000000729f60fe,00000000729f60fe,3000,3000,00007f80,0000,1,1
FSCALE_composite,24,RZ,random,5,ALL,00000000d6f2da83,0000000068398519,fffeffffffffffffffff,c07effffff0000000000,00000000ff7fffff,00000000ff7fffff,3000,3028,00007fa8,0028,4096,33
FSCALE_composite,24,RZ,random,5,REGISTER_VALUE_MISMATCH,00000000d6f2da83,0000000068398519,fffeffffffffffffffff,c07effffff0000000000,00000000ff7fffff,00000000ff7fffff,3000,3028,00007fa8,0028,4096,33
FSCALE_composite,24,RZ,random,5,ABOVE_TARGET_MAX_EXP,00000000d6f2da83,0000000068398519,fffeffffffffffffffff,c07effffff0000000000,00000000ff7fffff,00000000ff7fffff,3000,3028,00007fa8,0028,4096,33
FSCALE_composite,24,RZ,random,6,ALL,00000000255edafb,000000007efdbd82,7ffeffffffffffffffff,407effffff0000000000,000000007f7fffff,000000007f7fffff,3000,3028,00007fa8,0028,4096,33
FSCALE_composite,24,RZ,random,6,REGISTER_VALUE_MISMATCH,00000000255edafb,000000007efdbd82,7ffeffffffffffffffff,407effffff0000000000,000000007f7fffff,000000007f7fffff,3000,3028,00007fa8,0028,4096,33
FSCALE_composite,24,RZ,random,6,ABOVE_TARGET_MAX_EXP,00000000255edafb,000000007efdbd82,7ffeffffffffffffffff,407effffff0000000000,000000007f7fffff,000000007f7fffff,3000,3028,00007fa8,0028,4096,33
FSCALE_composite,24,RZ,random,7,ALL,00000000d446e560,000000001cfd6c54,c028c6e5600000000000,c028c6e5600000000000,00000000d446e560,00000000d446e560,3000,3000,00007f80,0000,0,1
FSCALE_composite,24,RZ,random,8,ALL,00000000ba46176c,000000003c4e6859,bff4c6176c0000000000,bff4c6176c0000000000,00000000ba46176c,00000000ba46176c,3000,3000,00007f80,0000,0,1
FSCALE_composite,24,RZ,random,9,ALL,0000000070124cea,000000005473b6d3,7ffeffffffffffffffff,407effffff0000000000,000000007f7fffff,000000007f7fffff,3000,3028,00007fa8,0028,4096,33
FSCALE_composite,24,RZ,random,9,REGISTER_VALUE_MISMATCH,0000000070124cea,000000005473b6d3,7ffeffffffffffffffff,407effffff0000000000,000000007f7fffff,000000007f7fffff,3000,3028,00007fa8,0028,4096,33
FSCALE_composite,24,RZ,random,9,ABOVE_TARGET_MAX_EXP,0000000070124cea,000000005473b6d3,7ffeffffffffffffffff,407effffff0000000000,000000007f7fffff,000000007f7fffff,3000,3028,00007fa8,0028,4096,33
FSCALE_composite,24,RZ,random,10,ALL,0000000026b8486f,000000009a1b1ba9,3fcdb8486f0000000000,3fcdb8486f0000000000,0000000026b8486f,0000000026b8486f,3000,3000,00007f80,0000,0,1
FSCALE_composite,24,RZ,random,11,ALL,000000001e9a8f25,0000000026e069f4,3fbd9a8f250000000000,3fbd9a8f250000000000,000000001e9a8f25,000000001e9a8f25,3000,3000,00007f80,0000,0,1
FSCALE_composite,24,RZ,random,12,ALL,00000000b95c2e2c,00000000b8104187,bff2dc2e2c0000000000,bff2dc2e2c0000000000,00000000b95c2e2c,00000000b95c2e2c,3000,3000,00007f80,0000,0,1
FSCALE_composite,24,RZ,random,13,ALL,000000006cc1e283,000000006612f471,7ffeffffffffffffffff,407effffff0000000000,000000007f7fffff,000000007f7fffff,3000,3028,00007fa8,0028,4096,33
FSCALE_composite,24,RZ,random,13,REGISTER_VALUE_MISMATCH,000000006cc1e283,000000006612f471,7ffeffffffffffffffff,407effffff0000000000,000000007f7fffff,000000007f7fffff,3000,3028,00007fa8,0028,4096,33
FSCALE_composite,24,RZ,random,13,ABOVE_TARGET_MAX_EXP,000000006cc1e283,000000006612f471,7ffeffffffffffffffff,407effffff0000000000,000000007f7fffff,000000007f7fffff,3000,3028,00007fa8,0028,4096,33
FSCALE_composite,24,RZ,random,14,ALL,0000000021e68365,00000000549332ce,7ffeffffffffffffffff,407effffff0000000000,000000007f7fffff,000000007f7fffff,3000,3028,00007fa8,0028,4096,33
FSCALE_composite,24,RZ,random,14,REGISTER_VALUE_MISMATCH,0000000021e68365,00000000549332ce,7ffeffffffffffffffff,407effffff0000000000,000000007f7fffff,000000007f7fffff,3000,3028,00007fa8,0028,4096,33
FSCALE_composite,24,RZ,random,14,ABOVE_TARGET_MAX_EXP,0000000021e68365,00000000549332ce,7ffeffffffffffffffff,407effffff0000000000,000000007f7fffff,000000007f7fffff,3000,3028,00007fa8,0028,4096,33
FSCALE_composite,24,RZ,random,15,ALL,00000000fa7c67cf,000000009beb8404,c074fc67cf0000000000,c074fc67cf0000000000,00000000fa7c67cf,00000000fa7c67cf,3000,3000,00007f80,0000,0,1
FSCALE_composite,24,RZ,random,16,ALL,00000000806e9527,00000000d18b51d9,80000000000000000000,80000000000000000000,0000000080000000,0000000080000000,3002,3032,00007fb2,0000,-4096,33
FSCALE_composite,24,RZ,random,17,ALL,000000000dac67e9,00000000534d29f4,7ffeffffffffffffffff,407effffff0000000000,000000007f7fffff,000000007f7fffff,3000,3028,00007fa8,0028,4096,33
FSCALE_composite,24,RZ,random,17,REGISTER_VALUE_MISMATCH,000000000dac67e9,00000000534d29f4,7ffeffffffffffffffff,407effffff0000000000,000000007f7fffff,000000007f7fffff,3000,3028,00007fa8,0028,4096,33
FSCALE_composite,24,RZ,random,17,ABOVE_TARGET_MAX_EXP,000000000dac67e9,00000000534d29f4,7ffeffffffffffffffff,407effffff0000000000,000000007f7fffff,000000007f7fffff,3000,3028,00007fa8,0028,4096,33
FSCALE_composite,24,RZ,random,18,ALL,00000000f5448c93,000000008436a104,c06ac48c930000000000,c06ac48c930000000000,00000000f5448c93,00000000f5448c93,3000,3000,00007f80,0000,0,1
FSCALE_composite,24,RZ,random,19,ALL,000000000a186549,00000000232e40dc,3f949865490000000000,3f949865490000000000,000000000a186549,000000000a186549,3000,3000,00007f80,0000,0,1
FSCALE_composite,24,RZ,random,20,REGISTER_VALUE_MISMATCH,00000000caeb5848,000000005145a476,fffeffffffffffffffff,c07effffff0000000000,00000000ff7fffff,00000000ff7fffff,3000,3028,00007fa8,0028,4096,33
FSCALE_composite,24,RZ,random,20,ABOVE_TARGET_MAX_EXP,00000000caeb5848,000000005145a476,fffeffffffffffffffff,c07effffff0000000000,00000000ff7fffff,00000000ff7fffff,3000,3028,00007fa8,0028,4096,33
FSCALE_composite,24,RZ,random,25,REGISTER_VALUE_MISMATCH,00000000616389a9,00000000704cba20,7ffeffffffffffffffff,407effffff0000000000,000000007f7fffff,000000007f7fffff,3000,3028,00007fa8,0028,4096,33
FSCALE_composite,24,RZ,random,25,ABOVE_TARGET_MAX_EXP,00000000616389a9,00000000704cba20,7ffeffffffffffffffff,407effffff0000000000,000000007f7fffff,000000007f7fffff,3000,3028,00007fa8,0028,4096,33
FSCALE_composite,24,RZ,random,33,REGISTER_VALUE_MISMATCH,00000000c8801e90,000000006764a91b,fffeffffffffffffffff,c07effffff0000000000,00000000ff7fffff,00000000ff7fffff,3000,3028,00007fa8,0028,4096,33
FSCALE_composite,24,RZ,random,33,ABOVE_TARGET_MAX_EXP,00000000c8801e90,000000006764a91b,fffeffffffffffffffff,c07effffff0000000000,00000000ff7fffff,00000000ff7fffff,3000,3028,00007fa8,0028,4096,33
FSCALE_composite,24,RZ,random,36,REGISTER_VALUE_MISMATCH,00000000deb1a41f,000000006f48228f,fffeffffffffffffffff,c07effffff0000000000,00000000ff7fffff,00000000ff7fffff,3000,3028,00007fa8,0028,4096,33
FSCALE_composite,24,RZ,random,36,ABOVE_TARGET_MAX_EXP,00000000deb1a41f,000000006f48228f,fffeffffffffffffffff,c07effffff0000000000,00000000ff7fffff,00000000ff7fffff,3000,3028,00007fa8,0028,4096,33
FSCALE_composite,24,RZ,random,41,REGISTER_VALUE_MISMATCH,0000000080205e9a,0000000045280694,c9ff817a680000000000,c07effffff0000000000,00000000ff7fffff,00000000ff7fffff,3002,3002,00007faa,0028,2688,22
FSCALE_composite,24,RZ,random,41,EXCEPTION_FLAGS_MISMATCH,0000000080205e9a,0000000045280694,c9ff817a680000000000,c07effffff0000000000,00000000ff7fffff,00000000ff7fffff,3002,3002,00007faa,0028,2688,22
FSCALE_composite,24,RZ,random,41,ABOVE_TARGET_MAX_EXP,0000000080205e9a,0000000045280694,c9ff817a680000000000,c07effffff0000000000,00000000ff7fffff,00000000ff7fffff,3002,3002,00007faa,0028,2688,22
FSCALE_composite,24,RZ,random,48,REGISTER_VALUE_MISMATCH,00000000895a4f92,000000007b6b042a,fffeffffffffffffffff,c07effffff0000000000,00000000ff7fffff,00000000ff7fffff,3000,3028,00007fa8,0028,4096,33
FSCALE_composite,24,RZ,random,48,ABOVE_TARGET_MAX_EXP,00000000895a4f92,000000007b6b042a,fffeffffffffffffffff,c07effffff0000000000,00000000ff7fffff,00000000ff7fffff,3000,3028,00007fa8,0028,4096,33
FSCALE_composite,24,RZ,random,52,EXCEPTION_FLAGS_MISMATCH,00000000db1d7d0d,00000000d07fdeb0,80000000000000000000,80000000000000000000,0000000080000000,0000000080000000,3000,3030,00007fb2,0000,-4096,33
FSCALE_composite,24,RZ,random,53,REGISTER_VALUE_MISMATCH,0000000086587630,000000005ef06049,fffeffffffffffffffff,c07effffff0000000000,00000000ff7fffff,00000000ff7fffff,3000,3028,00007fa8,0028,4096,33
FSCALE_composite,24,RZ,random,53,ABOVE_TARGET_MAX_EXP,0000000086587630,000000005ef06049,fffeffffffffffffffff,c07effffff0000000000,00000000ff7fffff,00000000ff7fffff,3000,3028,00007fa8,0028,4096,33
FSCALE_composite,24,RZ,random,55,REGISTER_VALUE_MISMATCH,00000000b3ad1d17,00000000652fa4b6,fffeffffffffffffffff,c07effffff0000000000,00000000ff7fffff,00000000ff7fffff,3000,3028,00007fa8,0028,4096,33
FSCALE_composite,24,RZ,random,55,ABOVE_TARGET_MAX_EXP,00000000b3ad1d17,00000000652fa4b6,fffeffffffffffffffff,c07effffff0000000000,00000000ff7fffff,00000000ff7fffff,3000,3028,00007fa8,0028,4096,33
FSCALE_composite,24,RZ,random,56,REGISTER_VALUE_MISMATCH,0000000063f2649b,0000000064eefaa1,7ffeffffffffffffffff,407effffff0000000000,000000007f7fffff,000000007f7fffff,3000,3028,00007fa8,0028,4096,33
FSCALE_composite,24,RZ,random,56,ABOVE_TARGET_MAX_EXP,0000000063f2649b,0000000064eefaa1,7ffeffffffffffffffff,407effffff0000000000,000000007f7fffff,000000007f7fffff,3000,3028,00007fa8,0028,4096,33
FSCALE_composite,24,RZ,random,59,REGISTER_VALUE_MISMATCH,0000000007f3b065,0000000052581614,7ffeffffffffffffffff,407effffff0000000000,000000007f7fffff,000000007f7fffff,3000,3028,00007fa8,0028,4096,33
FSCALE_composite,24,RZ,random,59,ABOVE_TARGET_MAX_EXP,0000000007f3b065,0000000052581614,7ffeffffffffffffffff,407effffff0000000000,000000007f7fffff,000000007f7fffff,3000,3028,00007fa8,0028,4096,33
FSCALE_composite,24,RZ,random,60,REGISTER_VALUE_MISMATCH,0000000084b484f9,00000000651ba586,fffeffffffffffffffff,c07effffff0000000000,00000000ff7fffff,00000000ff7fffff,3000,3028,00007fa8,0028,4096,33
FSCALE_composite,24,RZ,random,60,ABOVE_TARGET_MAX_EXP,0000000084b484f9,00000000651ba586,fffeffffffffffffffff,c07effffff0000000000,00000000ff7fffff,00000000ff7fffff,3000,3028,00007fa8,0028,4096,33
FSCALE_composite,24,RZ,random,79,EXCEPTION_FLAGS_MISMATCH,000000009c575004,00000000f1f1f5a9,80000000000000000000,80000000000000000000,0000000080000000,0000000080000000,3000,3030,00007fb2,0000,-4096,33
FSCALE_composite,24,RZ,random,80,REGISTER_VALUE_MISMATCH,00000000c2e83c79,0000000056cc72db,fffeffffffffffffffff,c07effffff0000000000,00000000ff7fffff,00000000ff7fffff,3000,3028,00007fa8,0028,4096,33
FSCALE_composite,24,RZ,random,80,ABOVE_TARGET_MAX_EXP,00000000c2e83c79,0000000056cc72db,fffeffffffffffffffff,c07effffff0000000000,00000000ff7fffff,00000000ff7fffff,3000,3028,00007fa8,0028,4096,33
FSCALE_composite,24,RZ,random,82,REGISTER_VALUE_MISMATCH,00000000b2f112dd,00000000c4788ca7,bc03f112dd0000000000,80000000000000000000,0000000080000000,0000000080000000,3000,3000,00007fb2,0030,-994,8
FSCALE_composite,24,RZ,random,82,EXCEPTION_FLAGS_MISMATCH,00000000b2f112dd,00000000c4788ca7,bc03f112dd0000000000,80000000000000000000,0000000080000000,0000000080000000,3000,3000,00007fb2,0030,-994,8
FSCALE_composite,24,RZ,random,82,BELOW_TARGET_NORMAL_EXP,00000000b2f112dd,00000000c4788ca7,bc03f112dd0000000000,80000000000000000000,0000000080000000,0000000080000000,3000,3000,00007fb2,0030,-994,8
FSCALE_composite,24,RZ,random,85,REGISTER_VALUE_MISMATCH,00000000784c6e3e,0000000055746f7c,7ffeffffffffffffffff,407effffff0000000000,000000007f7fffff,000000007f7fffff,3000,3028,00007fa8,0028,4096,33
FSCALE_composite,24,RZ,random,85,ABOVE_TARGET_MAX_EXP,00000000784c6e3e,0000000055746f7c,7ffeffffffffffffffff,407effffff0000000000,000000007f7fffff,000000007f7fffff,3000,3028,00007fa8,0028,4096,33
FSCALE_composite,24,RZ,random,89,EXCEPTION_FLAGS_MISMATCH,0000000097a09680,00000000cec3c654,80000000000000000000,80000000000000000000,0000000080000000,0000000080000000,3000,3030,00007fb2,0000,-4096,33
FSCALE_composite,24,RZ,random,104,ABOVE_TARGET_MAX_EXP,000000000f9863c0,0000000050e2cb5b,7ffeffffffffffffffff,407effffff0000000000,000000007f7fffff,000000007f7fffff,3000,3028,00007fa8,0028,4096,33
FSCALE_composite,24,RZ,random,110,NAN_RESULT,000000001dbfdce1,000000007ff6cf7b,7ffff6cf7b0000000000,7ffff6cf7b0000000000,000000007ff6cf7b,000000007ff6cf7b,3000,3000,00007f80,0000,0,1
FSCALE_composite,24,RZ,random,110,NONFINITE_SCALE_INPUT,000000001dbfdce1,000000007ff6cf7b,7ffff6cf7b0000000000,7ffff6cf7b0000000000,000000007ff6cf7b,000000007ff6cf7b,3000,3000,00007f80,0000,0,1
FSCALE_composite,24,RZ,random,139,EXCEPTION_FLAGS_MISMATCH,000000003b2f2f67,00000000c33c369f,3f3aaf2f670000000000,00000000000000000000,0000000000000000,0000000000000000,3000,3000,00007fb0,0030,-188,2
FSCALE_composite,24,RZ,random,139,BELOW_TARGET_NORMAL_EXP,000000003b2f2f67,00000000c33c369f,3f3aaf2f670000000000,00000000000000000000,0000000000000000,0000000000000000,3000,3000,00007fb0,0030,-188,2
FSCALE_composite,24,RZ,random,142,EXCEPTION_FLAGS_MISMATCH,000000007e96e2b2,00000000801bb324,407d96e2b20000000000,407d96e2b20000000000,000000007e96e2b2,000000007e96e2b2,3002,3002,00007f80,0000,0,1
FSCALE_composite,24,RZ,random,145,EXCEPTION_FLAGS_MISMATCH,000000005d349335,00000000cb6f67aa,00000000000000000000,00000000000000000000,0000000000000000,0000000000000000,3000,3030,00007fb2,0000,-4096,33
FSCALE_composite,24,RZ,random,146,EXCEPTION_FLAGS_MISMATCH,0000000078f20e0e,0000000042149e55,4096f20e0e0000000000,407effffff0000000000,000000007f7fffff,000000007f7fffff,3000,3000,00007fa8,0028,37,1
FSCALE_composite,24,RZ,random,171,EXCEPTION_FLAGS_MISMATCH,0000000091b5ca32,00000000c50bde19,b6e6b5ca320000000000,80000000000000000000,0000000080000000,0000000080000000,3000,3000,00007fb0,0030,-2237,18
FSCALE_composite,24,RZ,random,171,BELOW_TARGET_NORMAL_EXP,0000000091b5ca32,00000000c50bde19,b6e6b5ca320000000000,80000000000000000000,0000000080000000,0000000080000000,3000,3000,00007fb0,0030,-2237,18
FSCALE_composite,24,RZ,random,178,EXCEPTION_FLAGS_MISMATCH,000000001e6318aa,00000000dd440a3c,00000000000000000000,00000000000000000000,0000000000000000,0000000000000000,3000,3030,00007fb2,0000,-4096,33
FSCALE_composite,24,RZ,random,201,EXCEPTION_FLAGS_MISMATCH,0000000032630f87,00000000c547ec32,3366e30f870000000000,00000000000000000000,0000000000000000,0000000000000000,3000,3000,00007fb0,0030,-3198,26
FSCALE_composite,24,RZ,random,201,BELOW_TARGET_NORMAL_EXP,0000000032630f87,00000000c547ec32,3366e30f870000000000,00000000000000000000,0000000000000000,0000000000000000,3000,3000,00007fb0,0030,-3198,26
FSCALE_composite,24,RZ,random,203,BELOW_TARGET_NORMAL_EXP,0000000080053b0d,00000000b8fce25b,bf7ca761a00000000000,bf7ca761a00000000000,0000000080053b0d,0000000080053b0d,3002,3002,00007f82,0000,0,1
FSCALE_composite,24,RZ,random,234,EXCEPTION_FLAGS_MISMATCH,000000006afa7a9b,000000004289968c,4099fa7a9b0000000000,407effffff0000000000,000000007f7fffff,000000007f7fffff,3000,3000,00007fa8,0028,68,1
FSCALE_composite,24,RZ,random,238,EXCEPTION_FLAGS_MISMATCH,00000000975d0352,00000000c4def145,b8b7dd03520000000000,80000000000000000000,0000000080000000,0000000080000000,3000,3000,00007fb0,0030,-1783,15
FSCALE_composite,24,RZ,random,238,BELOW_TARGET_NORMAL_EXP,00000000975d0352,00000000c4def145,b8b7dd03520000000000,80000000000000000000,0000000080000000,0000000080000000,3000,3000,00007fb0,0030,-1783,15
FSCALE_composite,24,RZ,random,248,NAN_RESULT,00000000ff828917,00000000b3dd3a50,ffffc289170000000000,ffffc289170000000000,00000000ffc28917,00000000ffc28917,3001,3001,00007f81,0000,0,1
FSCALE_composite,24,RZ,random,256,EXCEPTION_FLAGS_MISMATCH,000000009970f904,00000000e5379fd9,80000000000000000000,80000000000000000000,0000000080000000,0000000080000000,3000,3030,00007fb2,0000,-4096,33
FSCALE_composite,24,RZ,random,259,NAN_RESULT,000000007f9b4c89,000000002e94de2c,7fffdb4c890000000000,7fffdb4c890000000000,000000007fdb4c89,000000007fdb4c89,3001,3001,00007f81,0000,0,1
FSCALE_composite,24,RZ,random,264,EXCEPTION_FLAGS_MISMATCH,0000000089b24e1f,00000000443fa5d8,c291b24e1f0000000000,c07effffff0000000000,00000000ff7fffff,00000000ff7fffff,3000,3000,00007fa8,0028,766,7
FSCALE_composite,24,RZ,random,273,EXCEPTION_FLAGS_MISMATCH,00000000953d01b9,00000000d288f824,80000000000000000000,80000000000000000000,0000000080000000,0000000080000000,3000,3030,00007fb2,0000,-4096,33
FSCALE_composite,24,RZ,random,288,EXCEPTION_FLAGS_MISMATCH,00000000582b16b0,00000000ea9be05c,00000000000000000000,00000000000000000000,0000000000000000,0000000000000000,3000,3030,00007fb2,0000,-4096,33
FSCALE_composite,24,RZ,random,307,EXCEPTION_FLAGS_MISMATCH,000000009738acfd,00000000da1c9910,80000000000000000000,80000000000000000000,0000000080000000,0000000080000000,3000,3030,00007fb2,0000,-4096,33
FSCALE_composite,24,RZ,random,386,NAN_RESULT,00000000ff94bd00,00000000c9dd3176,ffffd4bd000000000000,ffffd4bd000000000000,00000000ffd4bd00,00000000ffd4bd00,3001,3001,00007f81,0000,-4096,33
FSCALE_composite,24,RZ,random,474,BELOW_TARGET_NORMAL_EXP,0000000055d51c30,00000000c40d4911,3df6d51c300000000000,00000000000000000000,0000000000000000,0000000000000000,3000,3000,00007fb2,0030,-565,5
FSCALE_composite,24,RZ,random,486,BELOW_TARGET_NORMAL_EXP,0000000054d12cc6,00000000c4c7729d,39eed12cc60000000000,00000000000000000000,0000000000000000,0000000000000000,3000,3000,00007fb0,0030,-1595,13
FSCALE_composite,24,RZ,random,537,NAN_RESULT,00000000ffee36e5,00000000fc75a7d3,ffffee36e50000000000,ffffee36e50000000000,00000000ffee36e5,00000000ffee36e5,3000,3000,00007f80,0000,-4096,33
FSCALE_composite,24,RZ,random,597,BELOW_TARGET_NORMAL_EXP,00000000acdb5760,00000000c3ca1da5,be45db57600000000000,80000000000000000000,0000000080000000,0000000080000000,3000,3000,00007fb0,0030,-404,4
FSCALE_composite,24,RZ,random,682,BELOW_TARGET_NORMAL_EXP,000000006d941a2e,00000000c5c13b2b,2834941a2e0000000000,00000000000000000000,0000000000000000,0000000000000000,3000,3000,00007fb0,0030,-4096,33
FSCALE_composite,24,RZ,random,731,BELOW_TARGET_NORMAL_EXP,00000000ad225779,00000000c4ef7ef5,b85fa257790000000000,80000000000000000000,0000000080000000,0000000080000000,3000,3000,00007fb0,0030,-1915,16
FSCALE_composite,24,RZ,random,737,NAN_RESULT,000000009b5f07ce,00000000ffea4391,ffffea43910000000000,ffffea43910000000000,00000000ffea4391,00000000ffea4391,3000,3000,00007f80,0000,0,1
FSCALE_composite,24,RZ,random,737,NONFINITE_SCALE_INPUT,000000009b5f07ce,00000000ffea4391,ffffea43910000000000,ffffea43910000000000,00000000ffea4391,00000000ffea4391,3000,3000,00007f80,0000,0,1
FSCALE_composite,24,RZ,random,752,BELOW_TARGET_NORMAL_EXP,000000002a722755,00000000c452fed8,3c89f227550000000000,00000000000000000000,0000000000000000,0000000000000000,3000,3000,00007fb2,0030,-843,7
FSCALE_composite,24,RZ,random,757,BELOW_TARGET_NORMAL_EXP,00000000e135ca42,00000000c5f08a1b,a231b5ca420000000000,80000000000000000000,0000000080000000,0000000080000000,3000,3000,00007fb0,0030,-4096,33
FSCALE_composite,24,RZ,random,789,NAN_RESULT,000000007fb032f0,000000006fbf56d3,7ffff032f00000000000,7ffff032f00000000000,000000007ff032f0,000000007ff032f0,3001,3001,00007f81,0000,4096,33
FSCALE_composite,24,RZ,random,834,NAN_RESULT,000000007fa4929b,00000000ab56782f,7fffe4929b0000000000,7fffe4929b0000000000,000000007fe4929b,000000007fe4929b,3001,3001,00007f81,0000,0,1
FSCALE_composite,24,RZ,random,1013,BELOW_TARGET_NORMAL_EXP,00000000a6289a4d,00000000c54f2eb4,b2daa89a4d0000000000,80000000000000000000,0000000080000000,0000000080000000,3000,3000,00007fb0,0030,-3314,27
FSCALE_composite,24,RZ,random,1056,BELOW_TARGET_NORMAL_EXP,00000000bf723f92,00000000c46640cf,bc65f23f920000000000,80000000000000000000,0000000080000000,0000000080000000,3000,3000,00007fb0,0030,-921,8
FSCALE_composite,24,RZ,random,1120,NAN_RESULT,00000000949c8708,000000007ff68089,7ffff680890000000000,7ffff680890000000000,000000007ff68089,000000007ff68089,3000,3000,00007f80,0000,0,1
FSCALE_composite,24,RZ,random,1120,NONFINITE_SCALE_INPUT,00000000949c8708,000000007ff68089,7ffff680890000000000,7ffff680890000000000,000000007ff68089,000000007ff68089,3000,3000,00007f80,0000,0,1
FSCALE_composite,24,RZ,random,1126,NAN_RESULT,000000007f681766,00000000ffd74dad,ffffd74dad0000000000,ffffd74dad0000000000,00000000ffd74dad,00000000ffd74dad,3000,3000,00007f80,0000,0,1
FSCALE_composite,24,RZ,random,1126,NONFINITE_SCALE_INPUT,000000007f681766,00000000ffd74dad,ffffd74dad0000000000,ffffd74dad0000000000,00000000ffd74dad,00000000ffd74dad,3000,3000,00007f80,0000,0,1
FSCALE_composite,24,RZ,random,1249,BELOW_TARGET_NORMAL_EXP,000000006c7c5636,00000000c5e0139f,2456fc56360000000000,00000000000000000000,0000000000000000,0000000000000000,3000,3000,00007fb0,0030,-4096,33
FSCALE_composite,24,RZ,random,1289,BELOW_TARGET_NORMAL_EXP,00000000fb398ca8,00000000c521c5e4,b65ab98ca80000000000,80000000000000000000,0000000080000000,0000000080000000,3000,3000,00007fb0,0030,-2588,21
FSCALE_composite,24,RZ,random,1312,BELOW_TARGET_NORMAL_EXP,00000000003690a0,00000000385779d5,3f7fda42800000000000,3f7fda42800000000000,00000000003690a0,00000000003690a0,3002,3002,00007f82,0000,0,1
FSCALE_composite,24,RZ,random,1327,NAN_RESULT,00000000ff9f187e,00000000e43ae31c,ffffdf187e0000000000,ffffdf187e0000000000,00000000ffdf187e,00000000ffdf187e,3001,3001,00007f81,0000,-4096,33
FSCALE_composite,24,RZ,random,1341,BELOW_TARGET_NORMAL_EXP,000000006adaf16f,00000000c3634c16,3f72daf16f0000000000,3f72da80000000000000,00000000000001b5,00000000000001b5,3000,3000,00007fb0,0030,-227,2
FSCALE_composite,24,RZ,random,1358,BELOW_TARGET_NORMAL_EXP,00000000804c68a1,00000000afcb65bb,bf8098d1420000000000,bf8098d1420000000000,00000000804c68a1,00000000804c68a1,3002,3002,00007f82,0000,0,1
FSCALE_composite,24,RZ,random,1361,NAN_RESULT,000000002c19774e,00000000ffe83723,ffffe837230000000000,ffffe837230000000000,00000000ffe83723,00000000ffe83723,3000,3000,00007f80,0000,0,1
FSCALE_composite,24,RZ,random,1361,NONFINITE_SCALE_INPUT,000000002c19774e,00000000ffe83723,ffffe837230000000000,ffffe837230000000000,00000000ffe83723,00000000ffe83723,3000,3000,00007f80,0000,0,1
FSCALE_composite,24,RZ,random,1475,NAN_RESULT,000000007fc358fb,000000000c022c66,7fffc358fb0000000000,7fffc358fb0000000000,000000007fc358fb,000000007fc358fb,3000,3000,00007f80,0000,0,1
FSCALE_composite,24,RZ,random,1607,NAN_RESULT,00000000e5fa00d7,000000007fa0becd,7fffe0becd0000000000,7fffe0becd0000000000,000000007fe0becd,000000007fe0becd,3001,3001,00007f81,0000,0,1
FSCALE_composite,24,RZ,random,1607,NONFINITE_SCALE_INPUT,00000000e5fa00d7,000000007fa0becd,7fffe0becd0000000000,7fffe0becd0000000000,000000007fe0becd,000000007fe0becd,3001,3001,00007f81,0000,0,1
FSCALE_composite,24,RZ,random,1617,NAN_RESULT,000000001495e3c5,00000000fff8c46e,fffff8c46e0000000000,fffff8c46e0000000000,00000000fff8c46e,00000000fff8c46e,3000,3000,00007f80,0000,0,1
FSCALE_composite,24,RZ,random,1617,NONFINITE_SCALE_INPUT,000000001495e3c5,00000000fff8c46e,fffff8c46e0000000000,fffff8c46e0000000000,00000000fff8c46e,00000000fff8c46e,3000,3000,00007f80,0000,0,1
FSCALE_composite,24,RZ,random,1722,NAN_RESULT,000000007fef8875,00000000f89a979f,7fffef88750000000000,7fffef88750000000000,000000007fef8875,000000007fef8875,3000,3000,00007f80,0000,-4096,33
FSCALE_composite,24,RZ,random,1875,NAN_RESULT,000000000b8e8b45,000000007ff9b8a3,7ffff9b8a30000000000,7ffff9b8a30000000000,000000007ff9b8a3,000000007ff9b8a3,3000,3000,00007f80,0000,0,1
FSCALE_composite,24,RZ,random,1875,NONFINITE_SCALE_INPUT,000000000b8e8b45,000000007ff9b8a3,7ffff9b8a30000000000,7ffff9b8a30000000000,000000007ff9b8a3,000000007ff9b8a3,3000,3000,00007f80,0000,0,1
FSCALE_composite,24,RZ,random,2014,NAN_RESULT,000000008c292833,000000007fd01963,7fffd019630000000000,7fffd019630000000000,000000007fd01963,000000007fd01963,3000,3000,00007f80,0000,0,1
FSCALE_composite,24,RZ,random,2014,NONFINITE_SCALE_INPUT,000000008c292833,000000007fd01963,7fffd019630000000000,7fffd019630000000000,000000007fd01963,000000007fd01963,3000,3000,00007f80,0000,0,1
FSCALE_composite,24,RZ,random,2224,NAN_RESULT,00000000047a5b01,000000007ff77b95,7ffff77b950000000000,7ffff77b950000000000,000000007ff77b95,000000007ff77b95,3000,3000,00007f80,0000,0,1
FSCALE_composite,24,RZ,random,2224,NONFINITE_SCALE_INPUT,00000000047a5b01,000000007ff77b95,7ffff77b950000000000,7ffff77b950000000000,000000007ff77b95,000000007ff77b95,3000,3000,00007f80,0000,0,1
FSCALE_composite,24,RZ,random,2338,NAN_RESULT,00000000ffbf2ffc,000000001afb0306,ffffff2ffc0000000000,ffffff2ffc0000000000,00000000ffff2ffc,00000000ffff2ffc,3001,3001,00007f81,0000,0,1
FSCALE_composite,24,RZ,random,2875,NONFINITE_SCALE_INPUT,0000000083bc42ae,00000000ff9106f0,ffffd106f00000000000,ffffd106f00000000000,00000000ffd106f0,00000000ffd106f0,3001,3001,00007f81,0000,0,1
FSCALE_composite,24,RZ,random,3209,NONFINITE_SCALE_INPUT,00000000a3615495,000000007f9fe10e,7fffdfe10e0000000000,7fffdfe10e0000000000,000000007fdfe10e,000000007fdfe10e,3001,3001,00007f81,0000,0,1
FSCALE_composite,24,RZ,random,3343,NONFINITE_SCALE_INPUT,0000000010039fbb,00000000ffbc60e3,fffffc60e30000000000,fffffc60e30000000000,00000000fffc60e3,00000000fffc60e3,3001,3001,00007f81,0000,0,1
FSCALE_composite,24,RZ,random,3477,NONFINITE_SCALE_INPUT,00000000bf1e6c82,000000007f920217,7fffd202170000000000,7fffd202170000000000,000000007fd20217,000000007fd20217,3001,3001,00007f81,0000,0,1
FSCALE_composite,24,RZ,random,3874,NONFINITE_SCALE_INPUT,0000000003abb84a,000000007f919f07,7fffd19f070000000000,7fffd19f070000000000,000000007fd19f07,000000007fd19f07,3001,3001,00007f81,0000,0,1
FSCALE_composite,24,RZ,random,3930,NONFINITE_SCALE_INPUT,0000000079de5ee3,000000007fbbd65c,7ffffbd65c0000000000,7ffffbd65c0000000000,000000007ffbd65c,000000007ffbd65c,3001,3001,00007f81,0000,0,1
FSCALE_composite,24,RZ,random,4214,NONFINITE_SCALE_INPUT,00000000a7ede3a0,000000007ff0806b,7ffff0806b0000000000,7ffff0806b0000000000,000000007ff0806b,000000007ff0806b,3000,3000,00007f80,0000,0,1
FSCALE_composite,24,RZ,random,4476,NONFINITE_SCALE_INPUT,0000000027ff1cea,00000000ff8fa4b6,ffffcfa4b60000000000,ffffcfa4b60000000000,00000000ffcfa4b6,00000000ffcfa4b6,3001,3001,00007f81,0000,0,1
FSCALE_composite,24,RZ,random,4513,NONFINITE_SCALE_INPUT,00000000a3a0066d,000000007fe40ba8,7fffe40ba80000000000,7fffe40ba80000000000,000000007fe40ba8,000000007fe40ba8,3000,3000,00007f80,0000,0,1
FSCALE_composite,24,RZ,random,5119,NONFINITE_SCALE_INPUT,000000004bc17b76,000000007fcb1fd6,7fffcb1fd60000000000,7fffcb1fd60000000000,000000007fcb1fd6,000000007fcb1fd6,3000,3000,00007f80,0000,0,1
FSCALE_composite,24,RZ,random,175583,NARROWED_VALUE_MISMATCH,000000007fc8966c,00000000ffebe580,ffffebe5800000000000,7fffc8966c0000000000,00000000ffebe580,000000007fc8966c,3000,3000,00007f80,0000,0,1
FSCALE_composite,24,RZ,random,241922,NARROWED_VALUE_MISMATCH,000000007fe0eb80,00000000ffb1a918,fffff1a9180000000000,7fffe0eb800000000000,00000000fff1a918,000000007fe0eb80,3001,3001,00007f81,0000,0,1
FSCALE_composite,24,RZ,random,304384,NARROWED_VALUE_MISMATCH,00000000ffcdaf64,00000000ffb9d729,fffff9d7290000000000,ffffcdaf640000000000,00000000fff9d729,00000000ffcdaf64,3001,3001,00007f81,0000,0,1
FSCALE_composite,24,RZ,random,319549,NARROWED_VALUE_MISMATCH,000000007f9f8bff,00000000ffea6ce4,ffffea6ce40000000000,7fffdf8bff0000000000,00000000ffea6ce4,000000007fdf8bff,3001,3001,00007f81,0000,0,1
FSCALE_composite,24,RZ,random,339259,NARROWED_VALUE_MISMATCH,000000007f9fa508,000000007ffe4dda,7ffffe4dda0000000000,7fffdfa5080000000000,000000007ffe4dda,000000007fdfa508,3001,3001,00007f81,0000,0,1
FSCALE_composite,24,RZ,random,454712,NARROWED_VALUE_MISMATCH,000000007fc7bce4,000000007fca0871,7fffca08710000000000,7fffc7bce40000000000,000000007fca0871,000000007fc7bce4,3000,3000,00007f80,0000,0,1
FSCALE_composite,24,RZ,random,667835,NARROWED_VALUE_MISMATCH,000000007f8bcce2,00000000ffcf58b1,ffffcf58b10000000000,7fffcbcce20000000000,00000000ffcf58b1,000000007fcbcce2,3001,3001,00007f81,0000,0,1
FSCALE_composite,24,RZ,random,723024,NARROWED_VALUE_MISMATCH,000000007f8fe35a,000000007fe5f7a1,7fffe5f7a10000000000,7fffcfe35a0000000000,000000007fe5f7a1,000000007fcfe35a,3001,3001,00007f81,0000,0,1
FSCALE_composite,24,RZ,random,908550,NARROWED_VALUE_MISMATCH,00000000ffd9f81b,00000000ffba088b,fffffa088b0000000000,ffffd9f81b0000000000,00000000fffa088b,00000000ffd9f81b,3001,3001,00007f81,0000,0,1
FSCALE_composite,24,RZ,random,935958,NARROWED_VALUE_MISMATCH,000000007f8ada90,00000000ffd32acc,ffffd32acc0000000000,7fffcada900000000000,00000000ffd32acc,000000007fcada90,3001,3001,00007f81,0000,0,1
FSCALE_composite,24,RZ,edge,489,NARROWED_VALUE_MISMATCH,000000007fc00000,00000000ffc00123,ffffc001230000000000,7fffc000000000000000,00000000ffc00123,000000007fc00000,3000,3000,00007f80,0000,0,1
FSCALE_composite,24,RZ,edge,490,NARROWED_VALUE_MISMATCH,000000007fc00000,000000007f800001,7fffc000010000000000,7fffc000000000000000,000000007fc00001,000000007fc00000,3001,3001,00007f81,0000,0,1
FSCALE_composite,24,RZ,edge,491,NARROWED_VALUE_MISMATCH,000000007fc00000,00000000ff800100,ffffc001000000000000,7fffc000000000000000,00000000ffc00100,000000007fc00000,3001,3001,00007f81,0000,0,1
FSCALE_composite,24,RZ,edge,609,NARROWED_VALUE_MISMATCH,000000007f800001,00000000ffc00123,ffffc001230000000000,7fffc000010000000000,00000000ffc00123,000000007fc00001,3001,3001,00007f81,0000,0,1
FSCALE_composite,24,RZ,edge,611,NARROWED_VALUE_MISMATCH,000000007f800001,00000000ff800100,ffffc001000000000000,7fffc000010000000000,00000000ffc00100,000000007fc00001,3001,3001,00007f81,0000,0,1
FSCALE_composite,24,RZ,edge,669,NARROWED_VALUE_MISMATCH,00000000ff800100,00000000ffc00123,ffffc001230000000000,ffffc001000000000000,00000000ffc00123,00000000ffc00100,3001,3001,00007f81,0000,0,1
FSCALE_composite,64,RN,random,0,ALL,b6f18e37d06f946d,50244be11bde34e9,ffff8000000000000000,ffff8000000000000000,fff0000000000000,fff0000000000000,3000,3228,00001fa8,0000,4096,5
FSCALE_composite,64,RN,random,1,ALL,876d795dd9352870,fedc9a4a1b764562,80000000000000000000,80000000000000000000,8000000000000000,8000000000000000,3000,3030,00001fb0,0000,-4096,5
FSCALE_composite,64,RN,random,2,ALL,1a68fd5a97c81d24,6e84bd74e6c52c55,7fff8000000000000000,7fff8000000000000000,7ff0000000000000,7ff0000000000000,3000,3228,00001fa8,0000,4096,5
FSCALE_composite,64,RN,random,3,ALL,126f786491e7f180,e251798ffe1268f1,00000000000000000000,00000000000000000000,0000000000000000,0000000000000000,3000,3030,00001fb0,0000,-4096,5
FSCALE_composite,64,RN,random,4,ALL,9dc28fda721f60fe,c26d7a6a3fd88c6b,80000000000000000000,80000000000000000000,8000000000000000,8000000000000000,3000,3030,00001fb0,0000,-4096,5
FSCALE_composite,64,RN,random,5,ALL,98ca6cf7d6f2da83,01b9604968398519,bd8cd367beb796d41800,bd8cd367beb796d41800,98ca6cf7d6f2da83,98ca6cf7d6f2da83,3000,3000,00001f80,0000,0,1
FSCALE_composite,64,RN,random,6,ALL,f5e76745255edafb,96b51a397efdbd82,c35ebb3a292af6d7d800,c35ebb3a292af6d7d800,f5e76745255edafb,f5e76745255edafb,3000,3000,00001f80,0000,0,1
FSCALE_composite,64,RN,random,7,ALL,7b6f4f2cd446e560,ab357e271cfd6c54,43b6fa7966a2372b0000,43b6fa7966a2372b0000,7b6f4f2cd446e560,7b6f4f2cd446e560,3000,3000,00001f80,0000,0,1
FSCALE_composite,64,RN,random,8,ALL,c5c3eaaaba46176c,3bf68efb3c4e6859,c05c9f5555d230bb6000,c05c9f5555d230bb6000,c5c3eaaaba46176c,c5c3eaaaba46176c,3000,3000,00001f80,0000,0,1
FSCALE_composite,64,RN,random,9,ALL,9d83649b70124cea,6b9b24f35473b6d3,ffff8000000000000000,ffff8000000000000000,fff0000000000000,fff0000000000000,3000,3228,00001fa8,0000,4096,5
FSCALE_composite,64,RN,random,10,ALL,179529e926b8486f,924499999a1b1ba9,3d79a94f4935c2437800,3d79a94f4935c2437800,179529e926b8486f,179529e926b8486f,3000,3000,00001f80,0000,0,1
FSCALE_composite,64,RN,random,11,ALL,0dab419b1e9a8f25,1e9892a226e069f4,3cdada0cd8f4d4792800,3cdada0cd8f4d4792800,0dab419b1e9a8f25,0dab419b1e9a8f25,3000,3000,00001f80,0000,0,1
FSCALE_composite,64,RN,random,12,ALL,78fb00bab95c2e2c,9fe4a2f8b8104187,438fd805d5cae1716000,438fd805d5cae1716000,78fb00bab95c2e2c,78fb00bab95c2e2c,3000,3000,00001f80,0000,0,1
FSCALE_composite,64,RN,random,13,ALL,2f754fc56cc1e283,e653875b6612f471,00000000000000000000,00000000000000000000,0000000000000000,0000000000000000,3000,3030,00001fb0,0000,-4096,5
FSCALE_composite,64,RN,random,14,ALL,0007988a21e68365,2ba463a8549332ce,3bfff311443cd06ca000,3bfff311443cd06ca000,0007988a21e68365,0007988a21e68365,3002,3002,00001f82,0000,0,1
FSCALE_composite,64,RN,random,14,BELOW_TARGET_NORMAL_EXP,0007988a21e68365,2ba463a8549332ce,3bfff311443cd06ca000,3bfff311443cd06ca000,0007988a21e68365,0007988a21e68365,3002,3002,00001f82,0000,0,1
FSCALE_composite,64,RN,random,15,ALL,dfede9a4fa7c67cf,05b1a4629beb8404,c1feef4d27d3e33e7800,c1feef4d27d3e33e7800,dfede9a4fa7c67cf,dfede9a4fa7c67cf,3000,3000,00001f80,0000,0,1
FSCALE_composite,64,RN,random,16,ALL,77f020e2806e9527,09f3b456d18b51d9,437f8107140374a93800,437f8107140374a93800,77f020e2806e9527,77f020e2806e9527,3000,3000,00001f80,0000,0,1
FSCALE_composite,64,RN,random,17,ALL,26af025b0dac67e9,e4176b36534d29f4,00000000000000000000,00000000000000000000,0000000000000000,0000000000000000,3000,3030,00001fb0,0000,-4096,5
FSCALE_composite,64,RN,random,18,ALL,53b1a632f5448c93,8fb96d4d8436a104,413b8d3197aa24649800,413b8d3197aa24649800,53b1a632f5448c93,53b1a632f5448c93,3000,3000,00001f80,0000,0,1
FSCALE_composite,64,RN,random,19,ALL,aae0a3410a186549,a5501394232e40dc,beae851a0850c32a4800,beae851a0850c32a4800,aae0a3410a186549,aae0a3410a186549,3000,3000,00001f80,0000,0,1
FSCALE_composite,64,RN,random,50,EXCEPTION_FLAGS_MISMATCH,005afc080777a983,c5975c29dfe589ea,00000000000000000000,00000000000000000000,0000000000000000,0000000000000000,3000,3030,00001fb2,0000,-4096,5
FSCALE_composite,64,RN,random,71,EXCEPTION_FLAGS_MISMATCH,80167771944d67fe,dd5b5dbefa623032,80000000000000000000,80000000000000000000,8000000000000000,8000000000000000,3000,3030,00001fb2,0000,-4096,5
FSCALE_composite,64,RN,random,258,BELOW_TARGET_NORMAL_EXP,8000a130da9f44c9,b2b76010a7e65749,bbfca130da9f44c90000,bbfca130da9f44c90000,8000a130da9f44c9,8000a130da9f44c9,3002,3002,00001f82,0000,0,1
FSCALE_composite,64,RN,random,264,EXCEPTION_FLAGS_MISMATCH,fe86cd1d89b24e1f,f82af9f5443fa5d8,80000000000000000000,80000000000000000000,8000000000000000,8000000000000000,3000,3030,00001fb2,0000,-4096,5
FSCALE_composite,64,RN,random,304,REGISTER_VALUE_MISMATCH,046b1ee590c417d9,c0750c61e0902e47,3af6d8f72c8620bec800,00000000000000000000,0000000000000000,0000000000000000,3000,3000,00001fb0,0030,-336,1
FSCALE_composite,64,RN,random,304,EXCEPTION_FLAGS_MISMATCH,046b1ee590c417d9,c0750c61e0902e47,3af6d8f72c8620bec800,00000000000000000000,0000000000000000,0000000000000000,3000,3000,00001fb0,0030,-336,1
FSCALE_composite,64,RN,random,304,BELOW_TARGET_NORMAL_EXP,046b1ee590c417d9,c0750c61e0902e47,3af6d8f72c8620bec800,00000000000000000000,0000000000000000,0000000000000000,3000,3000,00001fb0,0030,-336,1
FSCALE_composite,64,RN,random,397,EXCEPTION_FLAGS_MISMATCH,3dd10972c570399a,fb6f5757fe850cde,00000000000000000000,00000000000000000000,0000000000000000,0000000000000000,3000,3030,00001fb2,0000,-4096,5
FSCALE_composite,64,RN,random,436,NAN_RESULT,7fff1ecf209fa9c6,34ed3665f84af8f6,7ffff8f67904fd4e3000,7ffff8f67904fd4e3000,7fff1ecf209fa9c6,7fff1ecf209fa9c6,3000,3000,00001f80,0000,0,1
FSCALE_composite,64,RN,random,471,EXCEPTION_FLAGS_MISMATCH,bd679cca93fb1a16,e4c850f5ad7adffe,80000000000000000000,80000000000000000000,8000000000000000,8000000000000000,3000,3030,00001fb2,0000,-4096,5
FSCALE_composite,64,RN,random,542,EXCEPTION_FLAGS_MISMATCH,3ee935c14d766a72,c6c6f5f3388930eb,00000000000000000000,00000000000000000000,0000000000000000,0000000000000000,3000,3030,00001fb2,0000,-4096,5
FSCALE_composite,64,RN,random,574,EXCEPTION_FLAGS_MISMATCH,3e10db08e03787db,fe3b2db0a320c462,00000000000000000000,00000000000000000000,0000000000000000,0000000000000000,3000,3030,00001fb2,0000,-4096,5
FSCALE_composite,64,RN,random,578,REGISTER_VALUE_MISMATCH,eb8929b40b92a239,c09dfe80382bf4ba,bb39c94da05c9511c800,80000000000000000000,8000000000000000,8000000000000000,3000,3000,00001fb0,0030,-1919,2
FSCALE_composite,64,RN,random,578,EXCEPTION_FLAGS_MISMATCH,eb8929b40b92a239,c09dfe80382bf4ba,bb39c94da05c9511c800,80000000000000000000,8000000000000000,8000000000000000,3000,3000,00001fb0,0030,-1919,2
FSCALE_composite,64,RN,random,578,BELOW_TARGET_NORMAL_EXP,eb8929b40b92a239,c09dfe80382bf4ba,bb39c94da05c9511c800,80000000000000000000,8000000000000000,8000000000000000,3000,3000,00001fb0,0030,-1919,2
FSCALE_composite,64,RN,random,608,REGISTER_VALUE_MISMATCH,9848d1827da82a5a,40b49729ee173e75,d21bc68c13ed4152d000,ffff8000000000000000,fff0000000000000,fff0000000000000,3000,3000,00001fa8,0228,4096,5
FSCALE_composite,64,RN,random,608,EXCEPTION_FLAGS_MISMATCH,9848d1827da82a5a,40b49729ee173e75,d21bc68c13ed4152d000,ffff8000000000000000,fff0000000000000,fff0000000000000,3000,3000,00001fa8,0228,4096,5
FSCALE_composite,64,RN,random,608,ABOVE_TARGET_MAX_EXP,9848d1827da82a5a,40b49729ee173e75,d21bc68c13ed4152d000,ffff8000000000000000,fff0000000000000,fff0000000000000,3000,3000,00001fa8,0228,4096,5
FSCALE_composite,64,RN,random,687,EXCEPTION_FLAGS_MISMATCH,7d50f32c204b5ade,f0fe98702c2af8b0,00000000000000000000,00000000000000000000,0000000000000000,0000000000000000,3000,3030,00001fb2,0000,-4096,5
FSCALE_composite,64,RN,random,774,EXCEPTION_FLAGS_MISMATCH,fd84e45a13547456,cd5de0b541fa0953,80000000000000000000,80000000000000000000,8000000000000000,8000000000000000,3000,3030,00001fb2,0000,-4096,5
FSCALE_composite,64,RN,random,790,REGISTER_VALUE_MISMATCH,2f035a6f4ef98d7e,c0c03977b2accd1b,1e7e9ad37a77cc6bf000,00000000000000000000,0000000000000000,0000000000000000,3000,3000,00001fb0,0030,-4096,5
FSCALE_composite,64,RN,random,790,EXCEPTION_FLAGS_MISMATCH,2f035a6f4ef98d7e,c0c03977b2accd1b,1e7e9ad37a77cc6bf000,00000000000000000000,0000000000000000,0000000000000000,3000,3000,00001fb0,0030,-4096,5
FSCALE_composite,64,RN,random,790,BELOW_TARGET_NORMAL_EXP,2f035a6f4ef98d7e,c0c03977b2accd1b,1e7e9ad37a77cc6bf000,00000000000000000000,0000000000000000,0000000000000000,3000,3000,00001fb0,0030,-4096,5
FSCALE_composite,64,RN,random,796,EXCEPTION_FLAGS_MISMATCH,bf8ee3e66d616240,ca0eef11d377359c,80000000000000000000,80000000000000000000,8000000000000000,8000000000000000,3000,3030,00001fb2,0000,-4096,5
FSCALE_composite,64,RN,random,818,REGISTER_VALUE_MISMATCH,069d414d0f34828f,c05fccb426caaa9c,3beaea0a6879a4147800,3beaea0a687800000000,000000003a829a1e,000000003a829a1e,3000,3000,00001fb0,0030,-127,1
FSCALE_composite,64,RN,random,818,EXCEPTION_FLAGS_MISMATCH,069d414d0f34828f,c05fccb426caaa9c,3beaea0a6879a4147800,3beaea0a687800000000,000000003a829a1e,000000003a829a1e,3000,3000,00001fb0,0030,-127,1
FSCALE_composite,64,RN,random,818,BELOW_TARGET_NORMAL_EXP,069d414d0f34828f,c05fccb426caaa9c,3beaea0a6879a4147800,3beaea0a687800000000,000000003a829a1e,000000003a829a1e,3000,3000,00001fb0,0030,-127,1
FSCALE_composite,64,RN,random,868,EXCEPTION_FLAGS_MISMATCH,fdffaf7c5dd364a3,e4283722f6c66a90,80000000000000000000,80000000000000000000,8000000000000000,8000000000000000,3000,3030,00001fb2,0000,-4096,5
FSCALE_composite,64,RN,random,876,EXCEPTION_FLAGS_MISMATCH,3e8e25bc65ae2a45,d16d65f448359bef,00000000000000000000,00000000000000000000,0000000000000000,0000000000000000,3000,3030,00001fb2,0000,-4096,5
FSCALE_composite,64,RN,random,903,EXCEPTION_FLAGS_MISMATCH,fef6f12e697bcc09,de3ccecd69d84b91,80000000000000000000,80000000000000000000,8000000000000000,8000000000000000,3000,3030,00001fb2,0000,-4096,5
FSCALE_composite,64,RN,random,1021,EXCEPTION_FLAGS_MISMATCH,fe6774d1a94864e1,ddc6f3c8ce66ef1a,80000000000000000000,80000000000000000000,8000000000000000,8000000000000000,3000,3030,00001fb2,0000,-4096,5
FSCALE_composite,64,RN,random,1202,EXCEPTION_FLAGS_MISMATCH,7e01ae6771ed8311,f8c2772056cf11ee,00000000000000000000,00000000000000000000,0000000000000000,0000000000000000,3000,3030,00001fb2,0000,-4096,5
FSCALE_composite,64,RN,random,1276,NAN_RESULT,7ff68a6d8a57bf82,805b077497036ce1,7ffff4536c52bdfc1000,7ffff4536c52bdfc1000,7ffe8a6d8a57bf82,7ffe8a6d8a57bf82,3001,3001,00001f81,0000,0,1
FSCALE_composite,64,RN,random,1838,REGISTER_VALUE_MISMATCH,0200299f6e0001aa,40b2fa89a2fd812f,4f1a814cfb70000d5000,7fff8000000000000000,7ff0000000000000,7ff0000000000000,3000,3000,00001fa8,0228,4096,5
FSCALE_composite,64,RN,random,1838,ABOVE_TARGET_MAX_EXP,0200299f6e0001aa,40b2fa89a2fd812f,4f1a814cfb70000d5000,7fff8000000000000000,7ff0000000000000,7ff0000000000000,3000,3000,00001fa8,0228,4096,5
FSCALE_composite,64,RN,random,2024,REGISTER_VALUE_MISMATCH,109f7187cf5e84e8,40b249aae23678d1,4f52fb8c3e7af4274000,7fff8000000000000000,7ff0000000000000,7ff0000000000000,3000,3000,00001fa8,0228,4096,5
FSCALE_composite,64,RN,random,2024,ABOVE_TARGET_MAX_EXP,109f7187cf5e84e8,40b249aae23678d1,4f52fb8c3e7af4274000,7fff8000000000000000,7ff0000000000000,7ff0000000000000,3000,3000,00001fa8,0228,4096,5
FSCALE_composite,64,RN,random,2679,REGISTER_VALUE_MISMATCH,ce4cb99578b3cece,c095e1ae2bf5fe9a,bb6ce5ccabc59e767000,80000000000000000000,8000000000000000,8000000000000000,3000,3000,00001fb0,0030,-1400,2
FSCALE_composite,64,RN,random,2679,BELOW_TARGET_NORMAL_EXP,ce4cb99578b3cece,c095e1ae2bf5fe9a,bb6ce5ccabc59e767000,80000000000000000000,8000000000000000,8000000000000000,3000,3000,00001fb0,0030,-1400,2
FSCALE_composite,64,RN,random,2981,REGISTER_VALUE_MISMATCH,fc8c06a54cbc619e,405941ce8ee70ff4,c42de0352a65e30cf000,ffff8000000000000000,fff0000000000000,fff0000000000000,3000,3000,00001fa8,0228,101,1
FSCALE_composite,64,RN,random,2981,ABOVE_TARGET_MAX_EXP,fc8c06a54cbc619e,405941ce8ee70ff4,c42de0352a65e30cf000,ffff8000000000000000,fff0000000000000,fff0000000000000,3000,3000,00001fa8,0228,101,1
FSCALE_composite,64,RN,random,3130,REGISTER_VALUE_MISMATCH,9ff4fe222b6f9e05,40b44d86786f5cbe,d24ca7f1115b7cf02800,ffff8000000000000000,fff0000000000000,fff0000000000000,3000,3000,00001fa8,0228,4096,5
FSCALE_composite,64,RN,random,3130,ABOVE_TARGET_MAX_EXP,9ff4fe222b6f9e05,40b44d86786f5cbe,d24ca7f1115b7cf02800,ffff8000000000000000,fff0000000000000,fff0000000000000,3000,3000,00001fa8,0228,4096,5
FSCALE_composite,64,RN,random,3242,REGISTER_VALUE_MISMATCH,fce1ea6a4327a801,c0ac5362b3984b73,b5a58f5352193d400800,80000000000000000000,8000000000000000,8000000000000000,3000,3000,00001fb0,0030,-3625,4
FSCALE_composite,64,RN,random,3242,BELOW_TARGET_NORMAL_EXP,fce1ea6a4327a801,c0ac5362b3984b73,b5a58f5352193d400800,80000000000000000000,8000000000000000,8000000000000000,3000,3000,00001fb0,0030,-3625,4
FSCALE_composite,64,RN,random,3778,BELOW_TARGET_NORMAL_EXP,0002508eb1f5c0f1,09dbe7207ceed065,3bfe9423ac7d703c4000,3bfe9423ac7d703c4000,0002508eb1f5c0f1,0002508eb1f5c0f1,3002,3002,00001f82,0000,0,1
FSCALE_composite,64,RN,random,3962,NAN_RESULT,7ff2b56876a3d94d,4fcc10e4323999c1,7fffd5ab43b51eca6800,7fffd5ab43b51eca6800,7ffab56876a3d94d,7ffab56876a3d94d,3001,3001,00001f81,0000,4096,5
FSCALE_composite,64,RN,random,4319,REGISTER_VALUE_MISMATCH,d93b131cf8858bb2,409a64c2d8659418,c82cd898e7c42c5d9000,ffff8000000000000000,fff0000000000000,fff0000000000000,3000,3000,00001fa8,0228,1689,2
FSCALE_composite,64,RN,random,4319,ABOVE_TARGET_MAX_EXP,d93b131cf8858bb2,409a64c2d8659418,c82cd898e7c42c5d9000,ffff8000000000000000,fff0000000000000,fff0000000000000,3000,3000,00001fa8,0228,1689,2
FSCALE_composite,64,RN,random,4404,REGISTER_VALUE_MISMATCH,fbc8f47385f58e8a,40839e6e80ef43ac,c62fc7a39c2fac745000,ffff8000000000000000,fff0000000000000,fff0000000000000,3000,3000,00001fa8,0228,627,1
FSCALE_composite,64,RN,random,4404,ABOVE_TARGET_MAX_EXP,fbc8f47385f58e8a,40839e6e80ef43ac,c62fc7a39c2fac745000,ffff8000000000000000,fff0000000000000,fff0000000000000,3000,3000,00001fa8,0228,627,1
FSCALE_composite,64,RN,random,4833,NAN_RESULT,fff7cd014dafca45,202b131e5c179673,fffffe680a6d7e522800,fffffe680a6d7e522800,ffffcd014dafca45,ffffcd014dafca45,3001,3001,00001f81,0000,0,1
FSCALE_composite,64,RN,random,4852,REGISTER_VALUE_MISMATCH,63714c001138c7d7,c0bb3637cb3bfa75,27018a600089c63eb800,00000000000000000000,0000000000000000,0000000000000000,3000,3000,00001fb0,0030,-4096,5
FSCALE_composite,64,RN,random,4852,BELOW_TARGET_NORMAL_EXP,63714c001138c7d7,c0bb3637cb3bfa75,27018a600089c63eb800,00000000000000000000,0000000000000000,0000000000000000,3000,3000,00001fb0,0030,-4096,5
FSCALE_composite,64,RN,random,4934,REGISTER_VALUE_MISMATCH,f6933f66e1758ee6,c0c1413ccfdc455d,a0e799fb370bac773000,80000000000000000000,8000000000000000,8000000000000000,3000,3000,00001fb0,0030,-4096,5
FSCALE_composite,64,RN,random,4934,BELOW_TARGET_NORMAL_EXP,f6933f66e1758ee6,c0c1413ccfdc455d,a0e799fb370bac773000,80000000000000000000,8000000000000000,8000000000000000,3000,3000,00001fb0,0030,-4096,5
FSCALE_composite,64,RN,random,5101,REGISTER_VALUE_MISMATCH,f470dc8a19a9e68f,40afaa4e1b2f682d,d31c86e450cd4f347800,ffff8000000000000000,fff0000000000000,fff0000000000000,3000,3000,00001fa8,0228,4053,4
FSCALE_composite,64,RN,random,5101,ABOVE_TARGET_MAX_EXP,f470dc8a19a9e68f,40afaa4e1b2f682d,d31c86e450cd4f347800,ffff8000000000000000,fff0000000000000,fff0000000000000,3000,3000,00001fa8,0228,4053,4
FSCALE_composite,64,RN,random,5136,REGISTER_VALUE_MISMATCH,082b1ec9396d1c21,c07d8307809c52e7,3aaad8f649cb68e10800,00000000000000000000,0000000000000000,0000000000000000,3000,3000,00001fb0,0030,-472,1
FSCALE_composite,64,RN,random,5136,BELOW_TARGET_NORMAL_EXP,082b1ec9396d1c21,c07d8307809c52e7,3aaad8f649cb68e10800,00000000000000000000,0000000000000000,0000000000000000,3000,3000,00001fb0,0030,-472,1
FSCALE_composite,64,RN,random,5225,NAN_RESULT,fff911ee97dfa19e,56576e8ccc5afbeb,ffffc88f74befd0cf000,ffffc88f74befd0cf000,fff911ee97dfa19e,fff911ee97dfa19e,3000,3000,00001f80,0000,4096,5
FSCALE_composite,64,RN,random,5288,BELOW_TARGET_NORMAL_EXP,0004d5f3e950123f,baaf8f925a461562,3bff9abe7d2a0247e000,3bff9abe7d2a0247e000,0004d5f3e950123f,0004d5f3e950123f,3002,3002,00001f82,0000,0,1
FSCALE_composite,64,RN,random,5320,NAN_RESULT,fff597ccdb722d53,545caaff9873a284,ffffecbe66db916a9800,ffffecbe66db916a9800,fffd97ccdb722d53,fffd97ccdb722d53,3001,3001,00001f81,0000,4096,5
FSCALE_composite,64,RN,random,5643,NAN_RESULT,fff73e76dd032547,c160f1eeecd5f8b2,fffff9f3b6e8192a3800,fffff9f3b6e8192a3800,ffff3e76dd032547,ffff3e76dd032547,3001,3001,00001f81,0000,-4096,5
FSCALE_composite,64,RN,random,6278,REGISTER_VALUE_MISMATCH,2b921f1059094007,40a1147ea9e42145,474390f882c84a003800,7fff8000000000000000,7ff0000000000000,7ff0000000000000,3000,3000,00001fa8,0228,2186,3
FSCALE_composite,64,RN,random,6278,ABOVE_TARGET_MAX_EXP,2b921f1059094007,40a1147ea9e42145,474390f882c84a003800,7fff8000000000000000,7ff0000000000000,7ff0000000000000,3000,3000,00001fa8,0228,2186,3
FSCALE_composite,64,RN,random,6299,REGISTER_VALUE_MISMATCH,ca40ffb5aad56b45,c0bd2eaaf944d18a,a37687fdad56ab5a2800,80000000000000000000,8000000000000000,8000000000000000,3000,3000,00001fb0,0030,-4096,5
FSCALE_composite,64,RN,random,6299,BELOW_TARGET_NORMAL_EXP,ca40ffb5aad56b45,c0bd2eaaf944d18a,a37687fdad56ab5a2800,80000000000000000000,8000000000000000,8000000000000000,3000,3000,00001fb0,0030,-4096,5
FSCALE_composite,64,RN,random,6531,REGISTER_VALUE_MISMATCH,61dafe43d121804c,4084bc13ee01fcf3,44b4d7f21e890c026000,7fff8000000000000000,7ff0000000000000,7ff0000000000000,3000,3000,00001fa8,0228,663,1
FSCALE_composite,64,RN,random,6531,ABOVE_TARGET_MAX_EXP,61dafe43d121804c,4084bc13ee01fcf3,44b4d7f21e890c026000,7fff8000000000000000,7ff0000000000000,7ff0000000000000,3000,3000,00001fa8,0228,663,1
FSCALE_composite,64,RN,random,6857,NAN_RESULT,fff2b9e1230f5bb5,33ba8d362a00422c,ffffd5cf09187adda800,ffffd5cf09187adda800,fffab9e1230f5bb5,fffab9e1230f5bb5,3001,3001,00001f81,0000,0,1
FSCALE_composite,64,RN,random,7005,ABOVE_TARGET_MAX_EXP,a97d6afe44a44418,409b847c5b133be3,c578eb57f2252220c000,ffff8000000000000000,fff0000000000000,fff0000000000000,3000,3000,00001fa8,0228,1761,2
FSCALE_composite,64,RN,random,7112,NAN_RESULT,7ff5fa7714e3a43e,06f1f331d917c213,7fffefd3b8a71d21f000,7fffefd3b8a71d21f000,7ffdfa7714e3a43e,7ffdfa7714e3a43e,3001,3001,00001f81,0000,0,1
FSCALE_composite,64,RN,random,7144,NAN_RESULT,3832221b7de1a141,7ff94c2e50bb9ddd,7fffca617285dceee800,7fffca617285dceee800,7ff94c2e50bb9ddd,7ff94c2e50bb9ddd,3000,3000,00001f80,0000,0,1
FSCALE_composite,64,RN,random,7144,NONFINITE_SCALE_INPUT,3832221b7de1a141,7ff94c2e50bb9ddd,7fffca617285dceee800,7fffca617285dceee800,7ff94c2e50bb9ddd,7ff94c2e50bb9ddd,3000,3000,00001f80,0000,0,1
FSCALE_composite,64,RN,random,7150,NAN_RESULT,7ff64d3afab83048,b903d1b62938cc6f,7ffff269d7d5c1824000,7ffff269d7d5c1824000,7ffe4d3afab83048,7ffe4d3afab83048,3001,3001,00001f81,0000,0,1
FSCALE_composite,64,RN,random,7157,NAN_RESULT,5021548c0d3ee499,fff7c82667cd086f,fffffe41333e68437800,fffffe41333e68437800,ffffc82667cd086f,ffffc82667cd086f,3001,3001,00001f81,0000,0,1
FSCALE_composite,64,RN,random,7157,NONFINITE_SCALE_INPUT,5021548c0d3ee499,fff7c82667cd086f,fffffe41333e68437800,fffffe41333e68437800,ffffc82667cd086f,ffffc82667cd086f,3001,3001,00001f81,0000,0,1
FSCALE_composite,64,RN,random,7865,BELOW_TARGET_NORMAL_EXP,5ea99d06d898b2b9,c0caebce6e3a1eb6,0c13cce836c4c595c800,00000000000000000000,0000000000000000,0000000000000000,3000,3000,00001fb0,0030,-4096,5
FSCALE_composite,64,RN,random,8755,BELOW_TARGET_NORMAL_EXP,1e0a43bd7481e26a,c0c25273dbf6956b,193cd21deba40f135000,00000000000000000000,0000000000000000,0000000000000000,3000,3000,00001fb0,0030,-4096,5
FSCALE_composite,64,RN,random,9337,ABOVE_TARGET_MAX_EXP,67b3001701543b4b,407b4a1ee436b055,442f9800b80aa1da5800,7fff8000000000000000,7ff0000000000000,7ff0000000000000,3000,3000,00001fa8,0228,436,1
FSCALE_composite,64,RN,random,10369,NAN_RESULT,7ff831954fabc586,ab35d11c1c885b1e,7fffc18caa7d5e2c3000,7fffc18caa7d5e2c3000,7ff831954fabc586,7ff831954fabc586,3000,3000,00001f80,0000,0,1
FSCALE_composite,64,RN,random,10393,BELOW_TARGET_NORMAL_EXP,3cc5fc9500459ce2,c0aba27ad4c54e45,31fbafe4a8022ce71000,00000000000000000000,0000000000000000,0000000000000000,3000,3000,00001fb0,0030,-3537,4
FSCALE_composite,64,RN,random,10666,NAN_RESULT,c905b38af98eb6fc,fff966a6305ea046,ffffcb353182f5023000,ffffcb353182f5023000,fff966a6305ea046,fff966a6305ea046,3000,3000,00001f80,0000,0,1
FSCALE_composite,64,RN,random,10666,NONFINITE_SCALE_INPUT,c905b38af98eb6fc,fff966a6305ea046,ffffcb353182f5023000,ffffcb353182f5023000,fff966a6305ea046,fff966a6305ea046,3000,3000,00001f80,0000,0,1
FSCALE_composite,64,RN,random,10688,BELOW_TARGET_NORMAL_EXP,eab9a1486a4cc203,c0a5450f00dd06b4,b809cd0a435266101800,80000000000000000000,8000000000000000,8000000000000000,3000,3000,00001fb0,0030,-2722,3
FSCALE_composite,64,RN,random,10731,NAN_RESULT,1ea86fb8076c0379,fff8b9f3af83f460,ffffc5cf9d7c1fa30000,ffffc5cf9d7c1fa30000,fff8b9f3af83f460,fff8b9f3af83f460,3000,3000,00001f80,0000,0,1
FSCALE_composite,64,RN,random,10731,NONFINITE_SCALE_INPUT,1ea86fb8076c0379,fff8b9f3af83f460,ffffc5cf9d7c1fa30000,ffffc5cf9d7c1fa30000,fff8b9f3af83f460,fff8b9f3af83f460,3000,3000,00001f80,0000,0,1
FSCALE_composite,64,RN,random,11022,BELOW_TARGET_NORMAL_EXP,13f9bc0352ab96ab,c092ed3916188cb6,3884cde01a955cb55800,00000000000000000000,0000000000000000,0000000000000000,3000,3000,00001fb0,0030,-1211,2
FSCALE_composite,64,RN,random,11522,NAN_RESULT,7ffdb528cf0afc2e,b091db1050246ff4,7fffeda9467857e17000,7fffeda9467857e17000,7ffdb528cf0afc2e,7ffdb528cf0afc2e,3000,3000,00001f80,0000,0,1
FSCALE_composite,64,RN,random,11556,ABOVE_TARGET_MAX_EXP,afac3bed97a5a7b5,40cebbac0d2a637a,fc71e1df6cbd2d3da800,ffff8000000000000000,fff0000000000000,fff0000000000000,3000,3000,00001fa8,0228,4096,5
FSCALE_composite,64,RN,random,11718,ABOVE_TARGET_MAX_EXP,16ea56c0cc9ad666,40c09a13d6f2ed82,5ea2d2b60664d6b33000,7fff8000000000000000,7ff0000000000000,7ff0000000000000,3000,3000,00001fa8,0228,4096,5
FSCALE_composite,64,RN,random,12374,ABOVE_TARGET_MAX_EXP,7f44bf300350b458,4082b23e7844a395,464aa5f9801a85a2c000,7fff8000000000000000,7ff0000000000000,7ff0000000000000,3000,3000,00001fa8,0228,598,1
FSCALE_composite,64,RN,random,13303,NAN_RESULT,7ff0c1e6a8fb5b16,e7b97527a0d3b195,7fffc60f3547dad8b000,7fffc60f3547dad8b000,7ff8c1e6a8fb5b16,7ff8c1e6a8fb5b16,3001,3001,00001f81,0000,-4096,5
FSCALE_composite,64,RN,random,13470,ABOVE_TARGET_MAX_EXP,0a2c4daaa8a5dcd9,40c439739222496f,6514e26d55452ee6c800,7fff8000000000000000,7ff0000000000000,7ff0000000000000,3000,3000,00001fa8,0228,4096,5
FSCALE_composite,64,RN,random,13524,BELOW_TARGET_NORMAL_EXP,cef5662c53d483e5,c09557ba2ff8fd76,bb9aab31629ea41f2800,80000000000000000000,8000000000000000,8000000000000000,3000,3000,00001fb0,0030,-1365,2
FSCALE_composite,64,RN,random,13530,NAN_RESULT,509f06ee712cd603,7ffbfa8500a13df5,7fffdfd4280509efa800,7fffdfd4280509efa800,7ffbfa8500a13df5,7ffbfa8500a13df5,3000,3000,00001f80,0000,0,1
FSCALE_composite,64,RN,random,13530,NONFINITE_SCALE_INPUT,509f06ee712cd603,7ffbfa8500a13df5,7fffdfd4280509efa800,7fffdfd4280509efa800,7ffbfa8500a13df5,7ffbfa8500a13df5,3000,3000,00001f80,0000,0,1
FSCALE_composite,64,RN,random,13834,ABOVE_TARGET_MAX_EXP,6ac9df6b0a9ff3fd,40920ba75f7a1b04,472ecefb5854ff9fe800,7fff8000000000000000,7ff0000000000000,7ff0000000000000,3000,3000,00001fa8,0228,1154,2
FSCALE_composite,64,RN,random,13912,NAN_RESULT,7fff3b6898a23a09,0cf584f32c80c25d,7ffff9db44c511d04800,7ffff9db44c511d04800,7fff3b6898a23a09,7fff3b6898a23a09,3000,3000,00001f80,0000,0,1
FSCALE_composite,64,RN,random,14028,NAN_RESULT,e4510164c84bd860,fff80ef429af2c44,ffffc077a14d79622000,ffffc077a14d79622000,fff80ef429af2c44,fff80ef429af2c44,3000,3000,00001f80,0000,0,1
FSCALE_composite,64,RN,random,14028,NONFINITE_SCALE_INPUT,e4510164c84bd860,fff80ef429af2c44,ffffc077a14d79622000,ffffc077a14d79622000,fff80ef429af2c44,fff80ef429af2c44,3000,3000,00001f80,0000,0,1
FSCALE_composite,64,RN,random,15349,ABOVE_TARGET_MAX_EXP,6c89463c50eefd5c,40cd63cd2df57c52,7d8fca31e28777eae000,7fff8000000000000000,7ff0000000000000,7ff0000000000000,3000,3000,00001fa8,0228,4096,5
FSCALE_composite,64,RN,random,17463,NONFINITE_SCALE_INPUT,ae97694884f57e2e,fffea3460cfdb166,fffff51a3067ed8b3000,fffff51a3067ed8b3000,fffea3460cfdb166,fffea3460cfdb166,3000,3000,00001f80,0000,0,1
FSCALE_composite,64,RN,random,17657,ABOVE_TARGET_MAX_EXP,d2ca53d45cf3d598,40c32ca0b818938a,e785d29ea2e79eacc000,ffff8000000000000000,fff0000000000000,fff0000000000000,3000,3000,00001fa8,0228,4096,5
FSCALE_composite,64,RN,random,18298,ABOVE_TARGET_MAX_EXP,3700139d417afcd6,40be9c312eb4377d,5e0c809cea0bd7e6b000,7fff8000000000000000,7ff0000000000000,7ff0000000000000,3000,3000,00001fa8,0228,4096,5
FSCALE_composite,64,RN,random,19729,NONFINITE_SCALE_INPUT,85cab8a711059b62,7ffe194562b9a845,7ffff0ca2b15cd422800,7ffff0ca2b15cd422800,7ffe194562b9a845,7ffe194562b9a845,3000,3000,00001f80,0000,0,1
FSCALE_composite,64,RN,random,21169,NONFINITE_SCALE_INPUT,8508f7867c1f4e58,7ff9bd611b24fe9f,7fffcdeb08d927f4f800,7fffcdeb08d927f4f800,7ff9bd611b24fe9f,7ff9bd611b24fe9f,3000,3000,00001f80,0000,0,1
FSCALE_composite,64,RN,random,22487,NONFINITE_SCALE_INPUT,ebc042449b86ea5b,fff669a1cf1aa58f,fffff34d0e78d52c7800,fffff34d0e78d52c7800,fffe69a1cf1aa58f,fffe69a1cf1aa58f,3001,3001,00001f81,0000,0,1
FSCALE_composite,64,RN,random,27835,NONFINITE_SCALE_INPUT,f2fd80f38f424efe,fff2da063c0c807a,ffffd6d031e06403d000,ffffd6d031e06403d000,fffada063c0c807a,fffada063c0c807a,3001,3001,00001f81,0000,0,1
FSCALE_composite,64,RN,random,28664,NONFINITE_SCALE_INPUT,3fce322de0a04ebf,7ff8853a607d2519,7fffc429d303e928c800,7fffc429d303e928c800,7ff8853a607d2519,7ff8853a607d2519,3000,3000,00001f80,0000,0,1
FSCALE_composite,64,RN,random,29838,NONFINITE_SCALE_INPUT,cea3f1a43e653081,fff223b728d8cf44,ffffd11db946c67a2000,ffffd11db946c67a2000,fffa23b728d8cf44,fffa23b728d8cf44,3001,3001,00001f81,0000,0,1
FSCALE_composite,64,RN,random,30212,NONFINITE_SCALE_INPUT,a05dae3ac7bd2709,fff14b385a30b761,ffffca59c2d185bb0800,ffffca59c2d185bb0800,fff94b385a30b761,fff94b385a30b761,3001,3001,00001f81,0000,0,1
FSCALE_composite,64,RN,random,30390,NONFINITE_SCALE_INPUT,73bfca66e8381a0f,7fffedbce165b7b0,7fffff6de70b2dbd8000,7fffff6de70b2dbd8000,7fffedbce165b7b0,7fffedbce165b7b0,3000,3000,00001f80,0000,0,1
FSCALE_composite,64,RN,random,31049,NONFINITE_SCALE_INPUT,0cb86b5d19534f80,7ff07fcbe8ab5efe,7fffc3fe5f455af7f000,7fffc3fe5f455af7f000,7ff87fcbe8ab5efe,7ff87fcbe8ab5efe,3001,3001,00001f81,0000,0,1
FSCALE_composite,64,RN,random,32430,NONFINITE_SCALE_INPUT,c6df2d76546bd32d,ffffd71320501ffb,fffffeb8990280ffd800,fffffeb8990280ffd800,ffffd71320501ffb,ffffd71320501ffb,3000,3000,00001f80,0000,0,1
FSCALE_composite,64,RN,random,34942,NONFINITE_SCALE_INPUT,dd3873fc3b4b06dc,7ff1ba871d023ee9,7fffcdd438e811f74800,7fffcdd438e811f74800,7ff9ba871d023ee9,7ff9ba871d023ee9,3001,3001,00001f81,0000,0,1
FSCALE_composite,64,RN,random,36325,NONFINITE_SCALE_INPUT,946aa5a8febd61e8,7ff75654cbb39dc7,7ffffab2a65d9cee3800,7ffffab2a65d9cee3800,7fff5654cbb39dc7,7fff5654cbb39dc7,3001,3001,00001f81,0000,0,1
FSCALE_composite,64,RN,random,37339,NONFINITE_SCALE_INPUT,791cbfeb5fb09591,fff623b04005571f,fffff11d82002ab8f800,fffff11d82002ab8f800,fffe23b04005571f,fffe23b04005571f,3001,3001,00001f81,0000,0,1
FSCALE_composite,64,RN,random,67494,NARROWED_VALUE_MISMATCH,fffd381a91724d02,fff6628cb6f5ee32,fffff31465b7af719000,ffffe9c0d48b92681000,fffe628cb6f5ee32,fffd381a91724d02,3001,3001,00001f81,0000,0,1
FSCALE_composite,64,RN,edge,489,NARROWED_VALUE_MISMATCH,7ff8000000000000,fff8000000000123,ffffc000000000091800,7fffc000000000000000,fff8000000000123,7ff8000000000000,3000,3000,00001f80,0000,0,1
FSCALE_composite,64,RN,edge,490,NARROWED_VALUE_MISMATCH,7ff8000000000000,7ff0000000000001,7fffc000000000000800,7fffc000000000000000,7ff8000000000001,7ff8000000000000,3001,3001,00001f81,0000,0,1
FSCALE_composite,64,RN,edge,491,NARROWED_VALUE_MISMATCH,7ff8000000000000,fff0000000000100,ffffc000000000080000,7fffc000000000000000,fff8000000000100,7ff8000000000000,3001,3001,00001f81,0000,0,1
FSCALE_composite,64,RN,edge,609,NARROWED_VALUE_MISMATCH,7ff0000000000001,fff8000000000123,ffffc000000000091800,7fffc000000000000800,fff8000000000123,7ff8000000000001,3001,3001,00001f81,0000,0,1
FSCALE_composite,64,RN,edge,611,NARROWED_VALUE_MISMATCH,7ff0000000000001,fff0000000000100,ffffc000000000080000,7fffc000000000000800,fff8000000000100,7ff8000000000001,3001,3001,00001f81,0000,0,1
FSCALE_composite,64,RN,edge,669,NARROWED_VALUE_MISMATCH,fff0000000000100,fff8000000000123,ffffc000000000091800,ffffc000000000080000,fff8000000000123,fff8000000000100,3001,3001,00001f81,0000,0,1
FSCALE_composite,64,RD,random,0,ALL,b6f18e37d06f946d,50244be11bde34e9,ffff8000000000000000,ffff8000000000000000,fff0000000000000,fff0000000000000,3000,3228,00003fa8,0000,4096,5
FSCALE_composite,64,RD,random,1,ALL,876d795dd9352870,fedc9a4a1b764562,80000000000000000001,bbcd8000000000000000,8000000000000001,8000000000000001,3000,3230,00003fb2,0230,-4096,5
FSCALE_composite,64,RD,random,1,REGISTER_VALUE_MISMATCH,876d795dd9352870,fedc9a4a1b764562,80000000000000000001,bbcd8000000000000000,8000000000000001,8000000000000001,3000,3230,00003fb2,0230,-4096,5
FSCALE_composite,64,RD,random,1,EXCEPTION_FLAGS_MISMATCH,876d795dd9352870,fedc9a4a1b764562,80000000000000000001,bbcd8000000000000000,8000000000000001,8000000000000001,3000,3230,00003fb2,0230,-4096,5
FSCALE_composite,64,RD,random,1,BELOW_TARGET_NORMAL_EXP,876d795dd9352870,fedc9a4a1b764562,80000000000000000001,bbcd8000000000000000,8000000000000001,8000000000000001,3000,3230,00003fb2,0230,-4096,5
FSCALE_composite,64,RD,random,2,ALL,1a68fd5a97c81d24,6e84bd74e6c52c55,7ffeffffffffffffffff,43fefffffffffffff800,7fefffffffffffff,7fefffffffffffff,3000,3028,00003fa8,0028,4096,5
FSCALE_composite,64,RD,random,2,REGISTER_VALUE_MISMATCH,1a68fd5a97c81d24,6e84bd74e6c52c55,7ffeffffffffffffffff,43fefffffffffffff800,7fefffffffffffff,7fefffffffffffff,3000,3028,00003fa8,0028,4096,5
FSCALE_composite,64,RD,random,2,ABOVE_TARGET_MAX_EXP,1a68fd5a97c81d24,6e84bd74e6c52c55,7ffeffffffffffffffff,43fefffffffffffff800,7fefffffffffffff,7fefffffffffffff,3000,3028,00003fa8,0028,4096,5
FSCALE_composite,64,RD,random,3,ALL,126f786491e7f180,e251798ffe1268f1,00000000000000000000,00000000000000000000,0000000000000000,0000000000000000,3000,3030,00003fb0,0000,-4096,5
FSCALE_composite,64,RD,random,4,ALL,9dc28fda721f60fe,c26d7a6a3fd88c6b,80000000000000000001,bbcd8000000000000000,8000000000000001,8000000000000001,3000,3230,00003fb2,0230,-4096,5
FSCALE_composite,64,RD,random,4,REGISTER_VALUE_MISMATCH,9dc28fda721f60fe,c26d7a6a3fd88c6b,80000000000000000001,bbcd8000000000000000,8000000000000001,8000000000000001,3000,3230,00003fb2,0230,-4096,5
FSCALE_composite,64,RD,random,4,EXCEPTION_FLAGS_MISMATCH,9dc28fda721f60fe,c26d7a6a3fd88c6b,80000000000000000001,bbcd8000000000000000,8000000000000001,8000000000000001,3000,3230,00003fb2,0230,-4096,5
FSCALE_composite,64,RD,random,4,BELOW_TARGET_NORMAL_EXP,9dc28fda721f60fe,c26d7a6a3fd88c6b,80000000000000000001,bbcd8000000000000000,8000000000000001,8000000000000001,3000,3230,00003fb2,0230,-4096,5
FSCALE_composite,64,RD,random,5,ALL,98ca6cf7d6f2da83,01b9604968398519,bd8cd367beb796d41800,bd8cd367beb796d41800,98ca6cf7d6f2da83,98ca6cf7d6f2da83,3000,3000,00003f80,0000,0,1
FSCALE_composite,64,RD,random,6,ALL,f5e76745255edafb,96b51a397efdbd82,c35ebb3a292af6d7d800,c35ebb3a292af6d7d800,f5e76745255edafb,f5e76745255edafb,3000,3000,00003f80,0000,0,1
FSCALE_composite,64,RD,random,7,ALL,7b6f4f2cd446e560,ab357e271cfd6c54,43b6fa7966a2372b0000,43b6fa7966a2372b0000,7b6f4f2cd446e560,7b6f4f2cd446e560,3000,3000,00003f80,0000,0,1
FSCALE_composite,64,RD,random,8,ALL,c5c3eaaaba46176c,3bf68efb3c4e6859,c05c9f5555d230bb6000,c05c9f5555d230bb6000,c5c3eaaaba46176c,c5c3eaaaba46176c,3000,3000,00003f80,0000,0,1
FSCALE_composite,64,RD,random,9,ALL,9d83649b70124cea,6b9b24f35473b6d3,ffff8000000000000000,ffff8000000000000000,fff0000000000000,fff0000000000000,3000,3228,00003fa8,0000,4096,5
FSCALE_composite,64,RD,random,10,ALL,179529e926b8486f,924499999a1b1ba9,3d79a94f4935c2437800,3d79a94f4935c2437800,179529e926b8486f,179529e926b8486f,3000,3000,00003f80,0000,0,1
FSCALE_composite,64,RD,random,11,ALL,0dab419b1e9a8f25,1e9892a226e069f4,3cdada0cd8f4d4792800,3cdada0cd8f4d4792800,0dab419b1e9a8f25,0dab419b1e9a8f25,3000,3000,00003f80,0000,0,1
FSCALE_composite,64,RD,random,12,ALL,78fb00bab95c2e2c,9fe4a2f8b8104187,438fd805d5cae1716000,438fd805d5cae1716000,78fb00bab95c2e2c,78fb00bab95c2e2c,3000,3000,00003f80,0000,0,1
FSCALE_composite,64,RD,random,13,ALL,2f754fc56cc1e283,e653875b6612f471,00000000000000000000,00000000000000000000,0000000000000000,0000000000000000,3000,3030,00003fb0,0000,-4096,5
FSCALE_composite,64,RD,random,14,ALL,0007988a21e68365,2ba463a8549332ce,3bfff311443cd06ca000,3bfff311443cd06ca000,0007988a21e68365,0007988a21e68365,3002,3002,00003f82,0000,0,1
FSCALE_composite,64,RD,random,14,BELOW_TARGET_NORMAL_EXP,0007988a21e68365,2ba463a8549332ce,3bfff311443cd06ca000,3bfff311443cd06ca000,0007988a21e68365,0007988a21e68365,3002,3002,00003f82,0000,0,1
FSCALE_composite,64,RD,random,15,ALL,dfede9a4fa7c67cf,05b1a4629beb8404,c1feef4d27d3e33e7800,c1feef4d27d3e33e7800,dfede9a4fa7c67cf,dfede9a4fa7c67cf,3000,3000,00003f80,0000,0,1
FSCALE_composite,64,RD,random,16,ALL,77f020e2806e9527,09f3b456d18b51d9,437f8107140374a93800,437f8107140374a93800,77f020e2806e9527,77f020e2806e9527,3000,3000,00003f80,0000,0,1
FSCALE_composite,64,RD,random,17,ALL,26af025b0dac67e9,e4176b36534d29f4,00000000000000000000,00000000000000000000,0000000000000000,0000000000000000,3000,3030,00003fb0,0000,-4096,5
FSCALE_composite,64,RD,random,18,ALL,53b1a632f5448c93,8fb96d4d8436a104,413b8d3197aa24649800,413b8d3197aa24649800,53b1a632f5448c93,53b1a632f5448c93,3000,3000,00003f80,0000,0,1
FSCALE_composite,64,RD,random,19,ALL,aae0a3410a186549,a5501394232e40dc,beae851a0850c32a4800,beae851a0850c32a4800,aae0a3410a186549,aae0a3410a186549,3000,3000,00003f80,0000,0,1
FSCALE_composite,64,RD,random,24,REGISTER_VALUE_MISMATCH,cca1450b6e9d1a28,c27a7d10aafb2215,80000000000000000001,bbcd8000000000000000,8000000000000001,8000000000000001,3000,3230,00003fb2,0230,-4096,5
FSCALE_composite,64,RD,random,24,EXCEPTION_FLAGS_MISMATCH,cca1450b6e9d1a28,c27a7d10aafb2215,80000000000000000001,bbcd8000000000000000,8000000000000001,8000000000000001,3000,3230,00003fb2,0230,-4096,5
FSCALE_composite,64,RD,random,24,BELOW_TARGET_NORMAL_EXP,cca1450b6e9d1a28,c27a7d10aafb2215,80000000000000000001,bbcd8000000000000000,8000000000000001,8000000000000001,3000,3230,00003fb2,0230,-4096,5
FSCALE_composite,64,RD,random,26,REGISTER_VALUE_MISMATCH,6ba56b3d50d3fb0c,4ca131710fd87eca,7ffeffffffffffffffff,43fefffffffffffff800,7fefffffffffffff,7fefffffffffffff,3000,3028,00003fa8,0028,4096,5
FSCALE_composite,64,RD,random,26,ABOVE_TARGET_MAX_EXP,6ba56b3d50d3fb0c,4ca131710fd87eca,7ffeffffffffffffffff,43fefffffffffffff800,7fefffffffffffff,7fefffffffffffff,3000,3028,00003fa8,0028,4096,5
FSCALE_composite,64,RD,random,27,REGISTER_VALUE_MISMATCH,8a07a32118827380,e39b59389687ebea,80000000000000000001,bbcd8000000000000000,8000000000000001,8000000000000001,3000,3230,00003fb2,0230,-4096,5
FSCALE_composite,64,RD,random,27,EXCEPTION_FLAGS_MISMATCH,8a07a32118827380,e39b59389687ebea,80000000000000000001,bbcd8000000000000000,8000000000000001,8000000000000001,3000,3230,00003fb2,0230,-4096,5
FSCALE_composite,64,RD,random,27,BELOW_TARGET_NORMAL_EXP,8a07a32118827380,e39b59389687ebea,80000000000000000001,bbcd8000000000000000,8000000000000001,8000000000000001,3000,3230,00003fb2,0230,-4096,5
FSCALE_composite,64,RD,random,30,REGISTER_VALUE_MISMATCH,49c41eba1346af2d,6dd77e8a0adedf5c,7ffeffffffffffffffff,43fefffffffffffff800,7fefffffffffffff,7fefffffffffffff,3000,3028,00003fa8,0028,4096,5
FSCALE_composite,64,RD,random,30,ABOVE_TARGET_MAX_EXP,49c41eba1346af2d,6dd77e8a0adedf5c,7ffeffffffffffffffff,43fefffffffffffff800,7fefffffffffffff,7fefffffffffffff,3000,3028,00003fa8,0028,4096,5
FSCALE_composite,64,RD,random,33,REGISTER_VALUE_MISMATCH,f2a640bfc8801e90,ed96d3a96764a91b,80000000000000000001,bbcd8000000000000000,8000000000000001,8000000000000001,3000,3230,00003fb2,0230,-4096,5
FSCALE_composite,64,RD,random,33,EXCEPTION_FLAGS_MISMATCH,f2a640bfc8801e90,ed96d3a96764a91b,80000000000000000001,bbcd8000000000000000,8000000000000001,8000000000000001,3000,3230,00003fb2,0230,-4096,5
FSCALE_composite,64,RD,random,33,BELOW_TARGET_NORMAL_EXP,f2a640bfc8801e90,ed96d3a96764a91b,80000000000000000001,bbcd8000000000000000,8000000000000001,8000000000000001,3000,3230,00003fb2,0230,-4096,5
FSCALE_composite,64,RD,random,34,REGISTER_VALUE_MISMATCH,9962540af037d39d,fab54d3495c37062,80000000000000000001,bbcd8000000000000000,8000000000000001,8000000000000001,3000,3230,00003fb2,0230,-4096,5
FSCALE_composite,64,RD,random,34,EXCEPTION_FLAGS_MISMATCH,9962540af037d39d,fab54d3495c37062,80000000000000000001,bbcd8000000000000000,8000000000000001,8000000000000001,3000,3230,00003fb2,0230,-4096,5
FSCALE_composite,64,RD,random,34,BELOW_TARGET_NORMAL_EXP,9962540af037d39d,fab54d3495c37062,80000000000000000001,bbcd8000000000000000,8000000000000001,8000000000000001,3000,3230,00003fb2,0230,-4096,5
FSCALE_composite,64,RD,random,43,REGISTER_VALUE_MISMATCH,66b063400329f0b2,6e1e537f0da983f9,7ffeffffffffffffffff,43fefffffffffffff800,7fefffffffffffff,7fefffffffffffff,3000,3028,00003fa8,0028,4096,5
FSCALE_composite,64,RD,random,43,ABOVE_TARGET_MAX_EXP,66b063400329f0b2,6e1e537f0da983f9,7ffeffffffffffffffff,43fefffffffffffff800,7fefffffffffffff,7fefffffffffffff,3000,3028,00003fa8,0028,4096,5
FSCALE_composite,64,RD,random,46,REGISTER_VALUE_MISMATCH,89a5739ea0452a02,e57f1ad70c90aa6d,80000000000000000001,bbcd8000000000000000,8000000000000001,8000000000000001,3000,3230,00003fb2,0230,-4096,5
FSCALE_composite,64,RD,random,46,EXCEPTION_FLAGS_MISMATCH,89a5739ea0452a02,e57f1ad70c90aa6d,80000000000000000001,bbcd8000000000000000,8000000000000001,8000000000000001,3000,3230,00003fb2,0230,-4096,5
FSCALE_composite,64,RD,random,46,BELOW_TARGET_NORMAL_EXP,89a5739ea0452a02,e57f1ad70c90aa6d,80000000000000000001,bbcd8000000000000000,8000000000000001,8000000000000001,3000,3230,00003fb2,0230,-4096,5
FSCALE_composite,64,RD,random,50,EXCEPTION_FLAGS_MISMATCH,005afc080777a983,c5975c29dfe589ea,00000000000000000000,00000000000000000000,0000000000000000,0000000000000000,3000,3030,00003fb2,0000,-4096,5
FSCALE_composite,64,RD,random,58,REGISTER_VALUE_MISMATCH,c57d451ce7afe98c,f8778bbe110e8cb3,80000000000000000001,bbcd8000000000000000,8000000000000001,8000000000000001,3000,3230,00003fb2,0230,-4096,5
FSCALE_composite,64,RD,random,58,EXCEPTION_FLAGS_MISMATCH,c57d451ce7afe98c,f8778bbe110e8cb3,80000000000000000001,bbcd8000000000000000,8000000000000001,8000000000000001,3000,3230,00003fb2,0230,-4096,5
FSCALE_composite,64,RD,random,58,BELOW_TARGET_NORMAL_EXP,c57d451ce7afe98c,f8778bbe110e8cb3,80000000000000000001,bbcd8000000000000000,8000000000000001,8000000000000001,3000,3230,00003fb2,0230,-4096,5
FSCALE_composite,64,RD,random,60,REGISTER_VALUE_MISMATCH,1c4fe92684b484f9,70d4a555651ba586,7ffeffffffffffffffff,43fefffffffffffff800,7fefffffffffffff,7fefffffffffffff,3000,3028,00003fa8,0028,4096,5
FSCALE_composite,64,RD,random,60,ABOVE_TARGET_MAX_EXP,1c4fe92684b484f9,70d4a555651ba586,7ffeffffffffffffffff,43fefffffffffffff800,7fefffffffffffff,7fefffffffffffff,3000,3028,00003fa8,0028,4096,5
FSCALE_composite,64,RD,random,69,REGISTER_VALUE_MISMATCH,1ac0d7409bdd60c8,47f7e7023a84f5ed,7ffeffffffffffffffff,43fefffffffffffff800,7fefffffffffffff,7fefffffffffffff,3000,3028,00003fa8,0028,4096,5
FSCALE_composite,64,RD,random,69,ABOVE_TARGET_MAX_EXP,1ac0d7409bdd60c8,47f7e7023a84f5ed,7ffeffffffffffffffff,43fefffffffffffff800,7fefffffffffffff,7fefffffffffffff,3000,3028,00003fa8,0028,4096,5
FSCALE_composite,64,RD,random,70,REGISTER_VALUE_MISMATCH,dbdd0be6987afabe,d92ac11211e431c6,80000000000000000001,bbcd8000000000000000,8000000000000001,8000000000000001,3000,3230,00003fb2,0230,-4096,5
FSCALE_composite,64,RD,random,70,EXCEPTION_FLAGS_MISMATCH,dbdd0be6987afabe,d92ac11211e431c6,80000000000000000001,bbcd8000000000000000,8000000000000001,8000000000000001,3000,3230,00003fb2,0230,-4096,5
FSCALE_composite,64,RD,random,70,BELOW_TARGET_NORMAL_EXP,dbdd0be6987afabe,d92ac11211e431c6,80000000000000000001,bbcd8000000000000000,8000000000000001,8000000000000001,3000,3230,00003fb2,0230,-4096,5
FSCALE_composite,64,RD,random,71,REGISTER_VALUE_MISMATCH,80167771944d67fe,dd5b5dbefa623032,80000000000000000001,bbcd8000000000000000,8000000000000001,8000000000000001,3000,3230,00003fb2,0230,-4096,5
FSCALE_composite,64,RD,random,71,EXCEPTION_FLAGS_MISMATCH,80167771944d67fe,dd5b5dbefa623032,80000000000000000001,bbcd8000000000000000,8000000000000001,8000000000000001,3000,3230,00003fb2,0230,-4096,5
FSCALE_composite,64,RD,random,71,BELOW_TARGET_NORMAL_EXP,80167771944d67fe,dd5b5dbefa623032,80000000000000000001,bbcd8000000000000000,8000000000000001,8000000000000001,3000,3230,00003fb2,0230,-4096,5
FSCALE_composite,64,RD,random,74,REGISTER_VALUE_MISMATCH,dd39915dabc56064,fef682df307014f4,80000000000000000001,bbcd8000000000000000,8000000000000001,8000000000000001,3000,3230,00003fb2,0230,-4096,5
FSCALE_composite,64,RD,random,74,EXCEPTION_FLAGS_MISMATCH,dd39915dabc56064,fef682df307014f4,80000000000000000001,bbcd8000000000000000,8000000000000001,8000000000000001,3000,3230,00003fb2,0230,-4096,5
FSCALE_composite,64,RD,random,74,BELOW_TARGET_NORMAL_EXP,dd39915dabc56064,fef682df307014f4,80000000000000000001,bbcd8000000000000000,8000000000000001,8000000000000001,3000,3230,00003fb2,0230,-4096,5
FSCALE_composite,64,RD,random,75,REGISTER_VALUE_MISMATCH,14af6333062f3307,5265f606341425cc,7ffeffffffffffffffff,43fefffffffffffff800,7fefffffffffffff,7fefffffffffffff,3000,3028,00003fa8,0028,4096,5
FSCALE_composite,64,RD,random,75,ABOVE_TARGET_MAX_EXP,14af6333062f3307,5265f606341425cc,7ffeffffffffffffffff,43fefffffffffffff800,7fefffffffffffff,7fefffffffffffff,3000,3028,00003fa8,0028,4096,5
FSCALE_composite,64,RD,random,78,REGISTER_VALUE_MISMATCH,41ad335049ac51f0,5e78c7d8814b32dd,7ffeffffffffffffffff,43fefffffffffffff800,7fefffffffffffff,7fefffffffffffff,3000,3028,00003fa8,0028,4096,5
FSCALE_composite,64,RD,random,78,ABOVE_TARGET_MAX_EXP,41ad335049ac51f0,5e78c7d8814b32dd,7ffeffffffffffffffff,43fefffffffffffff800,7fefffffffffffff,7fefffffffffffff,3000,3028,00003fa8,0028,4096,5
FSCALE_composite,64,RD,random,82,REGISTER_VALUE_MISMATCH,9e872751b2f112dd,ee28d8f7c4788ca7,80000000000000000001,bbcd8000000000000000,8000000000000001,8000000000000001,3000,3230,00003fb2,0230,-4096,5
FSCALE_composite,64,RD,random,82,EXCEPTION_FLAGS_MISMATCH,9e872751b2f112dd,ee28d8f7c4788ca7,80000000000000000001,bbcd8000000000000000,8000000000000001,8000000000000001,3000,3230,00003fb2,0230,-4096,5
FSCALE_composite,64,RD,random,82,BELOW_TARGET_NORMAL_EXP,9e872751b2f112dd,ee28d8f7c4788ca7,80000000000000000001,bbcd8000000000000000,8000000000000001,8000000000000001,3000,3230,00003fb2,0230,-4096,5
FSCALE_composite,64,RD,random,94,EXCEPTION_FLAGS_MISMATCH,afaf070a5b2860f8,cf19c1eca72224ef,80000000000000000001,bbcd8000000000000000,8000000000000001,8000000000000001,3000,3230,00003fb2,0230,-4096,5
FSCALE_composite,64,RD,random,94,BELOW_TARGET_NORMAL_EXP,afaf070a5b2860f8,cf19c1eca72224ef,80000000000000000001,bbcd8000000000000000,8000000000000001,8000000000000001,3000,3230,00003fb2,0230,-4096,5
FSCALE_composite,64,RD,random,100,ABOVE_TARGET_MAX_EXP,347a4aa02639d55e,7cd2df91b31e702d,7ffeffffffffffffffff,43fefffffffffffff800,7fefffffffffffff,7fefffffffffffff,3000,3028,00003fa8,0028,4096,5
FSCALE_composite,64,RD,random,106,ABOVE_TARGET_MAX_EXP,4101a49192dc84c3,7507d6c403169dd2,7ffeffffffffffffffff,43fefffffffffffff800,7fefffffffffffff,7fefffffffffffff,3000,3028,00003fa8,0028,4096,5
FSCALE_composite,64,RD,random,107,EXCEPTION_FLAGS_MISMATCH,a99ad57967b77734,f965f80bce64d547,80000000000000000001,bbcd8000000000000000,8000000000000001,8000000000000001,3000,3230,00003fb2,0230,-4096,5
FSCALE_composite,64,RD,random,107,BELOW_TARGET_NORMAL_EXP,a99ad57967b77734,f965f80bce64d547,80000000000000000001,bbcd8000000000000000,8000000000000001,8000000000000001,3000,3230,00003fb2,0230,-4096,5
FSCALE_composite,64,RD,random,108,EXCEPTION_FLAGS_MISMATCH,fa499268bc62db5b,c6d492fb24b52be7,80000000000000000001,bbcd8000000000000000,8000000000000001,8000000000000001,3000,3230,00003fb2,0230,-4096,5
FSCALE_composite,64,RD,random,108,BELOW_TARGET_NORMAL_EXP,fa499268bc62db5b,c6d492fb24b52be7,80000000000000000001,bbcd8000000000000000,8000000000000001,8000000000000001,3000,3230,00003fb2,0230,-4096,5
FSCALE_composite,64,RD,random,110,ABOVE_TARGET_MAX_EXP,228d88871dbfdce1,46ace85a7ff6cf7b,7ffeffffffffffffffff,43fefffffffffffff800,7fefffffffffffff,7fefffffffffffff,3000,3028,00003fa8,0028,4096,5
FSCALE_composite,64,RD,random,116,ABOVE_TARGET_MAX_EXP,7055d5a453ee0bc0,6cd997cb515bc396,7ffeffffffffffffffff,43fefffffffffffff800,7fefffffffffffff,7fefffffffffffff,3000,3028,00003fa8,0028,4096,5
FSCALE_composite,64,RD,random,118,ABOVE_TARGET_MAX_EXP,66ebdcb2c9dd41ec,57c71a22bb5894f9,7ffeffffffffffffffff,43fefffffffffffff800,7fefffffffffffff,7fefffffffffffff,3000,3028,00003fa8,0028,4096,5
FSCALE_composite,64,RD,random,120,ABOVE_TARGET_MAX_EXP,7a5b0cdfc2c2eaed,53a5c058503145f6,7ffeffffffffffffffff,43fefffffffffffff800,7fefffffffffffff,7fefffffffffffff,3000,3028,00003fa8,0028,4096,5
FSCALE_composite,64,RD,random,131,ABOVE_TARGET_MAX_EXP,7fb3454f140e0648,7f14ca872e298120,7ffeffffffffffffffff,43fefffffffffffff800,7fefffffffffffff,7fefffffffffffff,3000,3028,00003fa8,0028,4096,5
FSCALE_composite,64,RD,random,133,EXCEPTION_FLAGS_MISMATCH,aae75a2ac9585fec,f6e2fed5969179ad,80000000000000000001,bbcd8000000000000000,8000000000000001,8000000000000001,3000,3230,00003fb2,0230,-4096,5
FSCALE_composite,64,RD,random,133,BELOW_TARGET_NORMAL_EXP,aae75a2ac9585fec,f6e2fed5969179ad,80000000000000000001,bbcd8000000000000000,8000000000000001,8000000000000001,3000,3230,00003fb2,0230,-4096,5
FSCALE_composite,64,RD,random,145,ABOVE_TARGET_MAX_EXP,7587a5475d349335,4c399885cb6f67aa,7ffeffffffffffffffff,43fefffffffffffff800,7fefffffffffffff,7fefffffffffffff,3000,3028,00003fa8,0028,4096,5
FSCALE_composite,64,RD,random,150,ABOVE_TARGET_MAX_EXP,02c39cad5fbb8e77,4fe5c586c80c5c76,7ffeffffffffffffffff,43fefffffffffffff800,7fefffffffffffff,7fefffffffffffff,3000,3028,00003fa8,0028,4096,5
FSCALE_composite,64,RD,random,151,ABOVE_TARGET_MAX_EXP,5907512811fc4d6a,726160bc927601a0,7ffeffffffffffffffff,43fefffffffffffff800,7fefffffffffffff,7fefffffffffffff,3000,3028,00003fa8,0028,4096,5
FSCALE_composite,64,RD,random,153,ABOVE_TARGET_MAX_EXP,2b6f9d7165d91d47,735831d77e383c3b,7ffeffffffffffffffff,43fefffffffffffff800,7fefffffffffffff,7fefffffffffffff,3000,3028,00003fa8,0028,4096,5
FSCALE_composite,64,RD,random,154,EXCEPTION_FLAGS_MISMATCH,f4429b212c1676ea,ed018d33baab9838,80000000000000000001,bbcd8000000000000000,8000000000000001,8000000000000001,3000,3230,00003fb2,0230,-4096,5
FSCALE_composite,64,RD,random,154,BELOW_TARGET_NORMAL_EXP,f4429b212c1676ea,ed018d33baab9838,80000000000000000001,bbcd8000000000000000,8000000000000001,8000000000000001,3000,3230,00003fb2,0230,-4096,5
FSCALE_composite,64,RD,random,165,ABOVE_TARGET_MAX_EXP,4939cf9b74900947,64b2f692cd933c61,7ffeffffffffffffffff,43fefffffffffffff800,7fefffffffffffff,7fefffffffffffff,3000,3028,00003fa8,0028,4096,5
FSCALE_composite,64,RD,random,166,EXCEPTION_FLAGS_MISMATCH,bc851c3c8fbf5627,fa646c52a47e5b79,80000000000000000001,bbcd8000000000000000,8000000000000001,8000000000000001,3000,3230,00003fb2,0230,-4096,5
FSCALE_composite,64,RD,random,166,BELOW_TARGET_NORMAL_EXP,bc851c3c8fbf5627,fa646c52a47e5b79,80000000000000000001,bbcd8000000000000000,8000000000000001,8000000000000001,3000,3230,00003fb2,0230,-4096,5
FSCALE_composite,64,RD,random,193,EXCEPTION_FLAGS_MISMATCH,ba797ec41c952d82,cca50d761d1f102a,80000000000000000001,bbcd8000000000000000,8000000000000001,8000000000000001,3000,3230,00003fb2,0230,-4096,5
FSCALE_composite,64,RD,random,193,BELOW_TARGET_NORMAL_EXP,ba797ec41c952d82,cca50d761d1f102a,80000000000000000001,bbcd8000000000000000,8000000000000001,8000000000000001,3000,3230,00003fb2,0230,-4096,5
FSCALE_composite,64,RD,random,436,NAN_RESULT,7fff1ecf209fa9c6,34ed3665f84af8f6,7ffff8f67904fd4e3000,7ffff8f67904fd4e3000,7fff1ecf209fa9c6,7fff1ecf209fa9c6,3000,3000,00003f80,0000,0,1
FSCALE_composite,64,RD,random,1276,NAN_RESULT,7ff68a6d8a57bf82,805b077497036ce1,7ffff4536c52bdfc1000,7ffff4536c52bdfc1000,7ffe8a6d8a57bf82,7ffe8a6d8a57bf82,3001,3001,00003f81,0000,0,1
FSCALE_composite,64,RD,random,3962,NAN_RESULT,7ff2b56876a3d94d,4fcc10e4323999c1,7fffd5ab43b51eca6800,7fffd5ab43b51eca6800,7ffab56876a3d94d,7ffab56876a3d94d,3001,3001,00003f81,0000,4096,5
FSCALE_composite,64,RD,random,4833,NAN_RESULT,fff7cd014dafca45,202b131e5c179673,fffffe680a6d7e522800,fffffe680a6d7e522800,ffffcd014dafca45,ffffcd014dafca45,3001,3001,00003f81,0000,0,1
FSCALE_composite,64,RD,random,5225,NAN_RESULT,fff911ee97dfa19e,56576e8ccc5afbeb,ffffc88f74befd0cf000,ffffc88f74befd0cf000,fff911ee97dfa19e,fff911ee97dfa19e,3000,3000,00003f80,0000,4096,5
FSCALE_composite,64,RD,random,5320,NAN_RESULT,fff597ccdb722d53,545caaff9873a284,ffffecbe66db916a9800,ffffecbe66db916a9800,fffd97ccdb722d53,fffd97ccdb722d53,3001,3001,00003f81,0000,4096,5
FSCALE_composite,64,RD,random,5643,NAN_RESULT,fff73e76dd032547,c160f1eeecd5f8b2,fffff9f3b6e8192a3800,fffff9f3b6e8192a3800,ffff3e76dd032547,ffff3e76dd032547,3001,3001,00003f81,0000,-4096,5
FSCALE_composite,64,RD,random,6857,NAN_RESULT,fff2b9e1230f5bb5,33ba8d362a00422c,ffffd5cf09187adda800,ffffd5cf09187adda800,fffab9e1230f5bb5,fffab9e1230f5bb5,3001,3001,00003f81,0000,0,1
FSCALE_composite,64,RD,random,7112,NAN_RESULT,7ff5fa7714e3a43e,06f1f331d917c213,7fffefd3b8a71d21f000,7fffefd3b8a71d21f000,7ffdfa7714e3a43e,7ffdfa7714e3a43e,3001,3001,00003f81,0000,0,1
FSCALE_composite,64,RD,random,7144,NAN_RESULT,3832221b7de1a141,7ff94c2e50bb9ddd,7fffca617285dceee800,7fffca617285dceee800,7ff94c2e50bb9ddd,7ff94c2e50bb9ddd,3000,3000,00003f80,0000,0,1
FSCALE_composite,64,RD,random,7144,NONFINITE_SCALE_INPUT,3832221b7de1a141,7ff94c2e50bb9ddd,7fffca617285dceee800,7fffca617285dceee800,7ff94c2e50bb9ddd,7ff94c2e50bb9ddd,3000,3000,00003f80,0000,0,1
FSCALE_composite,64,RD,random,7150,NAN_RESULT,7ff64d3afab83048,b903d1b62938cc6f,7ffff269d7d5c1824000,7ffff269d7d5c1824000,7ffe4d3afab83048,7ffe4d3afab83048,3001,3001,00003f81,0000,0,1
FSCALE_composite,64,RD,random,7157,NAN_RESULT,5021548c0d3ee499,fff7c82667cd086f,fffffe41333e68437800,fffffe41333e68437800,ffffc82667cd086f,ffffc82667cd086f,3001,3001,00003f81,0000,0,1
FSCALE_composite,64,RD,random,7157,NONFINITE_SCALE_INPUT,5021548c0d3ee499,fff7c82667cd086f,fffffe41333e68437800,fffffe41333e68437800,ffffc82667cd086f,ffffc82667cd086f,3001,3001,00003f81,0000,0,1
FSCALE_composite,64,RD,random,10369,NAN_RESULT,7ff831954fabc586,ab35d11c1c885b1e,7fffc18caa7d5e2c3000,7fffc18caa7d5e2c3000,7ff831954fabc586,7ff831954fabc586,3000,3000,00003f80,0000,0,1
FSCALE_composite,64,RD,random,10666,NAN_RESULT,c905b38af98eb6fc,fff966a6305ea046,ffffcb353182f5023000,ffffcb353182f5023000,fff966a6305ea046,fff966a6305ea046,3000,3000,00003f80,0000,0,1
FSCALE_composite,64,RD,random,10666,NONFINITE_SCALE_INPUT,c905b38af98eb6fc,fff966a6305ea046,ffffcb353182f5023000,ffffcb353182f5023000,fff966a6305ea046,fff966a6305ea046,3000,3000,00003f80,0000,0,1
FSCALE_composite,64,RD,random,10731,NAN_RESULT,1ea86fb8076c0379,fff8b9f3af83f460,ffffc5cf9d7c1fa30000,ffffc5cf9d7c1fa30000,fff8b9f3af83f460,fff8b9f3af83f460,3000,3000,00003f80,0000,0,1
FSCALE_composite,64,RD,random,10731,NONFINITE_SCALE_INPUT,1ea86fb8076c0379,fff8b9f3af83f460,ffffc5cf9d7c1fa30000,ffffc5cf9d7c1fa30000,fff8b9f3af83f460,fff8b9f3af83f460,3000,3000,00003f80,0000,0,1
FSCALE_composite,64,RD,random,11522,NAN_RESULT,7ffdb528cf0afc2e,b091db1050246ff4,7fffeda9467857e17000,7fffeda9467857e17000,7ffdb528cf0afc2e,7ffdb528cf0afc2e,3000,3000,00003f80,0000,0,1
FSCALE_composite,64,RD,random,13303,NAN_RESULT,7ff0c1e6a8fb5b16,e7b97527a0d3b195,7fffc60f3547dad8b000,7fffc60f3547dad8b000,7ff8c1e6a8fb5b16,7ff8c1e6a8fb5b16,3001,3001,00003f81,0000,-4096,5
FSCALE_composite,64,RD,random,13530,NAN_RESULT,509f06ee712cd603,7ffbfa8500a13df5,7fffdfd4280509efa800,7fffdfd4280509efa800,7ffbfa8500a13df5,7ffbfa8500a13df5,3000,3000,00003f80,0000,0,1
FSCALE_composite,64,RD,random,13530,NONFINITE_SCALE_INPUT,509f06ee712cd603,7ffbfa8500a13df5,7fffdfd4280509efa800,7fffdfd4280509efa800,7ffbfa8500a13df5,7ffbfa8500a13df5,3000,3000,00003f80,0000,0,1
FSCALE_composite,64,RD,random,13912,NAN_RESULT,7fff3b6898a23a09,0cf584f32c80c25d,7ffff9db44c511d04800,7ffff9db44c511d04800,7fff3b6898a23a09,7fff3b6898a23a09,3000,3000,00003f80,0000,0,1
FSCALE_composite,64,RD,random,14028,NAN_RESULT,e4510164c84bd860,fff80ef429af2c44,ffffc077a14d79622000,ffffc077a14d79622000,fff80ef429af2c44,fff80ef429af2c44,3000,3000,00003f80,0000,0,1
FSCALE_composite,64,RD,random,14028,NONFINITE_SCALE_INPUT,e4510164c84bd860,fff80ef429af2c44,ffffc077a14d79622000,ffffc077a14d79622000,fff80ef429af2c44,fff80ef429af2c44,3000,3000,00003f80,0000,0,1
FSCALE_composite,64,RD,random,17463,NONFINITE_SCALE_INPUT,ae97694884f57e2e,fffea3460cfdb166,fffff51a3067ed8b3000,fffff51a3067ed8b3000,fffea3460cfdb166,fffea3460cfdb166,3000,3000,00003f80,0000,0,1
FSCALE_composite,64,RD,random,19729,NONFINITE_SCALE_INPUT,85cab8a711059b62,7ffe194562b9a845,7ffff0ca2b15cd422800,7ffff0ca2b15cd422800,7ffe194562b9a845,7ffe194562b9a845,3000,3000,00003f80,0000,0,1
FSCALE_composite,64,RD,random,21169,NONFINITE_SCALE_INPUT,8508f7867c1f4e58,7ff9bd611b24fe9f,7fffcdeb08d927f4f800,7fffcdeb08d927f4f800,7ff9bd611b24fe9f,7ff9bd611b24fe9f,3000,3000,00003f80,0000,0,1
FSCALE_composite,64,RD,random,22487,NONFINITE_SCALE_INPUT,ebc042449b86ea5b,fff669a1cf1aa58f,fffff34d0e78d52c7800,fffff34d0e78d52c7800,fffe69a1cf1aa58f,fffe69a1cf1aa58f,3001,3001,00003f81,0000,0,1
FSCALE_composite,64,RD,random,27835,NONFINITE_SCALE_INPUT,f2fd80f38f424efe,fff2da063c0c807a,ffffd6d031e06403d000,ffffd6d031e06403d000,fffada063c0c807a,fffada063c0c807a,3001,3001,00003f81,0000,0,1
FSCALE_composite,64,RD,random,28664,NONFINITE_SCALE_INPUT,3fce322de0a04ebf,7ff8853a607d2519,7fffc429d303e928c800,7fffc429d303e928c800,7ff8853a607d2519,7ff8853a607d2519,3000,3000,00003f80,0000,0,1
FSCALE_composite,64,RD,random,29838,NONFINITE_SCALE_INPUT,cea3f1a43e653081,fff223b728d8cf44,ffffd11db946c67a2000,ffffd11db946c67a2000,fffa23b728d8cf44,fffa23b728d8cf44,3001,3001,00003f81,0000,0,1
FSCALE_composite,64,RD,random,30212,NONFINITE_SCALE_INPUT,a05dae3ac7bd2709,fff14b385a30b761,ffffca59c2d185bb0800,ffffca59c2d185bb0800,fff94b385a30b761,fff94b385a30b761,3001,3001,00003f81,0000,0,1
FSCALE_composite,64,RD,random,30390,NONFINITE_SCALE_INPUT,73bfca66e8381a0f,7fffedbce165b7b0,7fffff6de70b2dbd8000,7fffff6de70b2dbd8000,7fffedbce165b7b0,7fffedbce165b7b0,3000,3000,00003f80,0000,0,1
FSCALE_composite,64,RD,random,31049,NONFINITE_SCALE_INPUT,0cb86b5d19534f80,7ff07fcbe8ab5efe,7fffc3fe5f455af7f000,7fffc3fe5f455af7f000,7ff87fcbe8ab5efe,7ff87fcbe8ab5efe,3001,3001,00003f81,0000,0,1
FSCALE_composite,64,RD,random,32430,NONFINITE_SCALE_INPUT,c6df2d76546bd32d,ffffd71320501ffb,fffffeb8990280ffd800,fffffeb8990280ffd800,ffffd71320501ffb,ffffd71320501ffb,3000,3000,00003f80,0000,0,1
FSCALE_composite,64,RD,random,34942,NONFINITE_SCALE_INPUT,dd3873fc3b4b06dc,7ff1ba871d023ee9,7fffcdd438e811f74800,7fffcdd438e811f74800,7ff9ba871d023ee9,7ff9ba871d023ee9,3001,3001,00003f81,0000,0,1
FSCALE_composite,64,RD,random,36325,NONFINITE_SCALE_INPUT,946aa5a8febd61e8,7ff75654cbb39dc7,7ffffab2a65d9cee3800,7ffffab2a65d9cee3800,7fff5654cbb39dc7,7fff5654cbb39dc7,3001,3001,00003f81,0000,0,1
FSCALE_composite,64,RD,random,37339,NONFINITE_SCALE_INPUT,791cbfeb5fb09591,fff623b04005571f,fffff11d82002ab8f800,fffff11d82002ab8f800,fffe23b04005571f,fffe23b04005571f,3001,3001,00003f81,0000,0,1
FSCALE_composite,64,RD,random,67494,NARROWED_VALUE_MISMATCH,fffd381a91724d02,fff6628cb6f5ee32,fffff31465b7af719000,ffffe9c0d48b92681000,fffe628cb6f5ee32,fffd381a91724d02,3001,3001,00003f81,0000,0,1
FSCALE_composite,64,RD,edge,489,NARROWED_VALUE_MISMATCH,7ff8000000000000,fff8000000000123,ffffc000000000091800,7fffc000000000000000,fff8000000000123,7ff8000000000000,3000,3000,00003f80,0000,0,1
FSCALE_composite,64,RD,edge,490,NARROWED_VALUE_MISMATCH,7ff8000000000000,7ff0000000000001,7fffc000000000000800,7fffc000000000000000,7ff8000000000001,7ff8000000000000,3001,3001,00003f81,0000,0,1
FSCALE_composite,64,RD,edge,491,NARROWED_VALUE_MISMATCH,7ff8000000000000,fff0000000000100,ffffc000000000080000,7fffc000000000000000,fff8000000000100,7ff8000000000000,3001,3001,00003f81,0000,0,1
FSCALE_composite,64,RD,edge,609,NARROWED_VALUE_MISMATCH,7ff0000000000001,fff8000000000123,ffffc000000000091800,7fffc000000000000800,fff8000000000123,7ff8000000000001,3001,3001,00003f81,0000,0,1
FSCALE_composite,64,RD,edge,611,NARROWED_VALUE_MISMATCH,7ff0000000000001,fff0000000000100,ffffc000000000080000,7fffc000000000000800,fff8000000000100,7ff8000000000001,3001,3001,00003f81,0000,0,1
FSCALE_composite,64,RD,edge,669,NARROWED_VALUE_MISMATCH,fff0000000000100,fff8000000000123,ffffc000000000091800,ffffc000000000080000,fff8000000000123,fff8000000000100,3001,3001,00003f81,0000,0,1
FSCALE_composite,64,RU,random,0,ALL,b6f18e37d06f946d,50244be11bde34e9,fffeffffffffffffffff,c3fefffffffffffff800,ffefffffffffffff,ffefffffffffffff,3000,3028,00005fa8,0028,4096,5
FSCALE_composite,64,RU,random,0,REGISTER_VALUE_MISMATCH,b6f18e37d06f946d,50244be11bde34e9,fffeffffffffffffffff,c3fefffffffffffff800,ffefffffffffffff,ffefffffffffffff,3000,3028,00005fa8,0028,4096,5
FSCALE_composite,64,RU,random,0,ABOVE_TARGET_MAX_EXP,b6f18e37d06f946d,50244be11bde34e9,fffeffffffffffffffff,c3fefffffffffffff800,ffefffffffffffff,ffefffffffffffff,3000,3028,00005fa8,0028,4096,5
FSCALE_composite,64,RU,random,1,ALL,876d795dd9352870,fedc9a4a1b764562,80000000000000000000,80000000000000000000,8000000000000000,8000000000000000,3000,3030,00005fb0,0000,-4096,5
FSCALE_composite,64,RU,random,2,ALL,1a68fd5a97c81d24,6e84bd74e6c52c55,7fff8000000000000000,7fff8000000000000000,7ff0000000000000,7ff0000000000000,3000,3228,00005fa8,0000,4096,5
FSCALE_composite,64,RU,random,3,ALL,126f786491e7f180,e251798ffe1268f1,00000000000000000001,3bcd8000000000000000,0000000000000001,0000000000000001,3000,3230,00005fb2,0230,-4096,5
FSCALE_composite,64,RU,random,3,REGISTER_VALUE_MISMATCH,126f786491e7f180,e251798ffe1268f1,00000000000000000001,3bcd8000000000000000,0000000000000001,0000000000000001,3000,3230,00005fb2,0230,-4096,5
FSCALE_composite,64,RU,random,3,EXCEPTION_FLAGS_MISMATCH,126f786491e7f180,e251798ffe1268f1,00000000000000000001,3bcd8000000000000000,0000000000000001,0000000000000001,3000,3230,00005fb2,0230,-4096,5
FSCALE_composite,64,RU,random,3,BELOW_TARGET_NORMAL_EXP,126f786491e7f180,e251798ffe1268f1,00000000000000000001,3bcd8000000000000000,0000000000000001,0000000000000001,3000,3230,00005fb2,0230,-4096,5
FSCALE_composite,64,RU,random,4,ALL,9dc28fda721f60fe,c26d7a6a3fd88c6b,80000000000000000000,80000000000000000000,8000000000000000,8000000000000000,3000,3030,00005fb0,0000,-4096,5
FSCALE_composite,64,RU,random,5,ALL,98ca6cf7d6f2da83,01b9604968398519,bd8cd367beb796d41800,bd8cd367beb796d41800,98ca6cf7d6f2da83,98ca6cf7d6f2da83,3000,3000,00005f80,0000,0,1
FSCALE_composite,64,RU,random,6,ALL,f5e76745255edafb,96b51a397efdbd82,c35ebb3a292af6d7d800,c35ebb3a292af6d7d800,f5e76745255edafb,f5e76745255edafb,3000,3000,00005f80,0000,0,1
FSCALE_composite,64,RU,random,7,ALL,7b6f4f2cd446e560,ab357e271cfd6c54,43b6fa7966a2372b0000,43b6fa7966a2372b0000,7b6f4f2cd446e560,7b6f4f2cd446e560,3000,3000,00005f80,0000,0,1
FSCALE_composite,64,RU,random,8,ALL,c5c3eaaaba46176c,3bf68efb3c4e6859,c05c9f5555d230bb6000,c05c9f5555d230bb6000,c5c3eaaaba46176c,c5c3eaaaba46176c,3000,3000,00005f80,0000,0,1
FSCALE_composite,64,RU,random,9,ALL,9d83649b70124cea,6b9b24f35473b6d3,fffeffffffffffffffff,c3fefffffffffffff800,ffefffffffffffff,ffefffffffffffff,3000,3028,00005fa8,0028,4096,5
FSCALE_composite,64,RU,random,9,REGISTER_VALUE_MISMATCH,9d83649b70124cea,6b9b24f35473b6d3,fffeffffffffffffffff,c3fefffffffffffff800,ffefffffffffffff,ffefffffffffffff,3000,3028,00005fa8,0028,4096,5
FSCALE_composite,64,RU,random,9,ABOVE_TARGET_MAX_EXP,9d83649b70124cea,6b9b24f35473b6d3,fffeffffffffffffffff,c3fefffffffffffff800,ffefffffffffffff,ffefffffffffffff,3000,3028,00005fa8,0028,4096,5
FSCALE_composite,64,RU,random,10,ALL,179529e926b8486f,924499999a1b1ba9,3d79a94f4935c2437800,3d79a94f4935c2437800,179529e926b8486f,179529e926b8486f,3000,3000,00005f80,0000,0,1
FSCALE_composite,64,RU,random,11,ALL,0dab419b1e9a8f25,1e9892a226e069f4,3cdada0cd8f4d4792800,3cdada0cd8f4d4792800,0dab419b1e9a8f25,0dab419b1e9a8f25,3000,3000,00005f80,0000,0,1
FSCALE_composite,64,RU,random,12,ALL,78fb00bab95c2e2c,9fe4a2f8b8104187,438fd805d5cae1716000,438fd805d5cae1716000,78fb00bab95c2e2c,78fb00bab95c2e2c,3000,3000,00005f80,0000,0,1
FSCALE_composite,64,RU,random,13,ALL,2f754fc56cc1e283,e653875b6612f471,00000000000000000001,3bcd8000000000000000,0000000000000001,0000000000000001,3000,3230,00005fb2,0230,-4096,5
FSCALE_composite,64,RU,random,13,REGISTER_VALUE_MISMATCH,2f754fc56cc1e283,e653875b6612f471,00000000000000000001,3bcd8000000000000000,0000000000000001,0000000000000001,3000,3230,00005fb2,0230,-4096,5
FSCALE_composite,64,RU,random,13,EXCEPTION_FLAGS_MISMATCH,2f754fc56cc1e283,e653875b6612f471,00000000000000000001,3bcd8000000000000000,0000000000000001,0000000000000001,3000,3230,00005fb2,0230,-4096,5
FSCALE_composite,64,RU,random,13,BELOW_TARGET_NORMAL_EXP,2f754fc56cc1e283,e653875b6612f471,00000000000000000001,3bcd8000000000000000,0000000000000001,0000000000000001,3000,3230,00005fb2,0230,-4096,5
FSCALE_composite,64,RU,random,14,ALL,0007988a21e68365,2ba463a8549332ce,3bfff311443cd06ca000,3bfff311443cd06ca000,0007988a21e68365,0007988a21e68365,3002,3002,00005f82,0000,0,1
FSCALE_composite,64,RU,random,14,BELOW_TARGET_NORMAL_EXP,0007988a21e68365,2ba463a8549332ce,3bfff311443cd06ca000,3bfff311443cd06ca000,0007988a21e68365,0007988a21e68365,3002,3002,00005f82,0000,0,1
FSCALE_composite,64,RU,random,15,ALL,dfede9a4fa7c67cf,05b1a4629beb8404,c1feef4d27d3e33e7800,c1feef4d27d3e33e7800,dfede9a4fa7c67cf,dfede9a4fa7c67cf,3000,3000,00005f80,0000,0,1
FSCALE_composite,64,RU,random,16,ALL,77f020e2806e9527,09f3b456d18b51d9,437f8107140374a93800,437f8107140374a93800,77f020e2806e9527,77f020e2806e9527,3000,3000,00005f80,0000,0,1
FSCALE_composite,64,RU,random,17,ALL,26af025b0dac67e9,e4176b36534d29f4,00000000000000000001,3bcd8000000000000000,0000000000000001,0000000000000001,3000,3230,00005fb2,0230,-4096,5
FSCALE_composite,64,RU,random,17,REGISTER_VALUE_MISMATCH,26af025b0dac67e9,e4176b36534d29f4,00000000000000000001,3bcd8000000000000000,0000000000000001,0000000000000001,3000,3230,00005fb2,0230,-4096,5
FSCALE_composite,64,RU,random,17,EXCEPTION_FLAGS_MISMATCH,26af025b0dac67e9,e4176b36534d29f4,00000000000000000001,3bcd8000000000000000,0000000000000001,0000000000000001,3000,3230,00005fb2,0230,-4096,5
FSCALE_composite,64,RU,random,17,BELOW_TARGET_NORMAL_EXP,26af025b0dac67e9,e4176b36534d29f4,00000000000000000001,3bcd8000000000000000,0000000000000001,0000000000000001,3000,3230,00005fb2,0230,-4096,5
FSCALE_composite,64,RU,random,18,ALL,53b1a632f5448c93,8fb96d4d8436a104,413b8d3197aa24649800,413b8d3197aa24649800,53b1a632f5448c93,53b1a632f5448c93,3000,3000,00005f80,0000,0,1
FSCALE_composite,64,RU,random,19,ALL,aae0a3410a186549,a5501394232e40dc,beae851a0850c32a4800,beae851a0850c32a4800,aae0a3410a186549,aae0a3410a186549,3000,3000,00005f80,0000,0,1
FSCALE_composite,64,RU,random,20,REGISTER_VALUE_MISMATCH,551a6561caeb5848,de5b36ad5145a476,00000000000000000001,3bcd8000000000000000,0000000000000001,0000000000000001,3000,3230,00005fb2,0230,-4096,5
FSCALE_composite,64,RU,random,20,EXCEPTION_FLAGS_MISMATCH,551a6561caeb5848,de5b36ad5145a476,00000000000000000001,3bcd8000000000000000,0000000000000001,0000000000000001,3000,3230,00005fb2,0230,-4096,5
FSCALE_composite,64,RU,random,20,BELOW_TARGET_NORMAL_EXP,551a6561caeb5848,de5b36ad5145a476,00000000000000000001,3bcd8000000000000000,0000000000000001,0000000000000001,3000,3230,00005fb2,0230,-4096,5
FSCALE_composite,64,RU,random,21,REGISTER_VALUE_MISMATCH,5060496bbd513516,ef4fb06f39af39df,00000000000000000001,3bcd8000000000000000,0000000000000001,0000000000000001,3000,3230,00005fb2,0230,-4096,5
FSCALE_composite,64,RU,random,21,EXCEPTION_FLAGS_MISMATCH,5060496bbd513516,ef4fb06f39af39df,00000000000000000001,3bcd8000000000000000,0000000000000001,0000000000000001,3000,3230,00005fb2,0230,-4096,5
FSCALE_composite,64,RU,random,21,BELOW_TARGET_NORMAL_EXP,5060496bbd513516,ef4fb06f39af39df,00000000000000000001,3bcd8000000000000000,0000000000000001,0000000000000001,3000,3230,00005fb2,0230,-4096,5
FSCALE_composite,64,RU,random,23,REGISTER_VALUE_MISMATCH,1071fcfaac2291e1,ee1f3d623e9f6062,00000000000000000001,3bcd8000000000000000,0000000000000001,0000000000000001,3000,3230,00005fb2,0230,-4096,5
FSCALE_composite,64,RU,random,23,EXCEPTION_FLAGS_MISMATCH,1071fcfaac2291e1,ee1f3d623e9f6062,00000000000000000001,3bcd8000000000000000,0000000000000001,0000000000000001,3000,3230,00005fb2,0230,-4096,5
FSCALE_composite,64,RU,random,23,BELOW_TARGET_NORMAL_EXP,1071fcfaac2291e1,ee1f3d623e9f6062,00000000000000000001,3bcd8000000000000000,0000000000000001,0000000000000001,3000,3230,00005fb2,0230,-4096,5
FSCALE_composite,64,RU,random,32,REGISTER_VALUE_MISMATCH,43c23611b7df6de8,f94f33a3a0260a31,00000000000000000001,3bcd8000000000000000,0000000000000001,0000000000000001,3000,3230,00005fb2,0230,-4096,5
FSCALE_composite,64,RU,random,32,EXCEPTION_FLAGS_MISMATCH,43c23611b7df6de8,f94f33a3a0260a31,00000000000000000001,3bcd8000000000000000,0000000000000001,0000000000000001,3000,3230,00005fb2,0230,-4096,5
FSCALE_composite,64,RU,random,32,BELOW_TARGET_NORMAL_EXP,43c23611b7df6de8,f94f33a3a0260a31,00000000000000000001,3bcd8000000000000000,0000000000000001,0000000000000001,3000,3230,00005fb2,0230,-4096,5
FSCALE_composite,64,RU,random,35,REGISTER_VALUE_MISMATCH,15a229fda65fc432,d2a2392ec230659e,00000000000000000001,3bcd8000000000000000,0000000000000001,0000000000000001,3000,3230,00005fb2,0230,-4096,5
FSCALE_composite,64,RU,random,35,EXCEPTION_FLAGS_MISMATCH,15a229fda65fc432,d2a2392ec230659e,00000000000000000001,3bcd8000000000000000,0000000000000001,0000000000000001,3000,3230,00005fb2,0230,-4096,5
FSCALE_composite,64,RU,random,35,BELOW_TARGET_NORMAL_EXP,15a229fda65fc432,d2a2392ec230659e,00000000000000000001,3bcd8000000000000000,0000000000000001,0000000000000001,3000,3230,00005fb2,0230,-4096,5
FSCALE_composite,64,RU,random,36,REGISTER_VALUE_MISMATCH,f691d280deb1a41f,7875c4f76f48228f,fffeffffffffffffffff,c3fefffffffffffff800,ffefffffffffffff,ffefffffffffffff,3000,3028,00005fa8,0028,4096,5
FSCALE_composite,64,RU,random,36,ABOVE_TARGET_MAX_EXP,f691d280deb1a41f,7875c4f76f48228f,fffeffffffffffffffff,c3fefffffffffffff800,ffefffffffffffff,ffefffffffffffff,3000,3028,00005fa8,0028,4096,5
FSCALE_composite,64,RU,random,40,REGISTER_VALUE_MISMATCH,eea5561ce066842f,4930553e1ff7cb18,fffeffffffffffffffff,c3fefffffffffffff800,ffefffffffffffff,ffefffffffffffff,3000,3028,00005fa8,0028,4096,5
FSCALE_composite,64,RU,random,40,ABOVE_TARGET_MAX_EXP,eea5561ce066842f,4930553e1ff7cb18,fffeffffffffffffffff,c3fefffffffffffff800,ffefffffffffffff,ffefffffffffffff,3000,3028,00005fa8,0028,4096,5
FSCALE_composite,64,RU,random,45,REGISTER_VALUE_MISMATCH,67faf4c8e5399194,cd780757e45c47b8,00000000000000000001,3bcd8000000000000000,0000000000000001,0000000000000001,3000,3230,00005fb2,0230,-4096,5
FSCALE_composite,64,RU,random,45,EXCEPTION_FLAGS_MISMATCH,67faf4c8e5399194,cd780757e45c47b8,00000000000000000001,3bcd8000000000000000,0000000000000001,0000000000000001,3000,3230,00005fb2,0230,-4096,5
FSCALE_composite,64,RU,random,45,BELOW_TARGET_NORMAL_EXP,67faf4c8e5399194,cd780757e45c47b8,00000000000000000001,3bcd8000000000000000,0000000000000001,0000000000000001,3000,3230,00005fb2,0230,-4096,5
FSCALE_composite,64,RU,random,47,REGISTER_VALUE_MISMATCH,23732b5ba5cce1a4,e1cdca1aa79fb3fe,00000000000000000001,3bcd8000000000000000,0000000000000001,0000000000000001,3000,3230,00005fb2,0230,-4096,5
FSCALE_composite,64,RU,random,47,EXCEPTION_FLAGS_MISMATCH,23732b5ba5cce1a4,e1cdca1aa79fb3fe,00000000000000000001,3bcd8000000000000000,0000000000000001,0000000000000001,3000,3230,00005fb2,0230,-4096,5
FSCALE_composite,64,RU,random,47,BELOW_TARGET_NORMAL_EXP,23732b5ba5cce1a4,e1cdca1aa79fb3fe,00000000000000000001,3bcd8000000000000000,0000000000000001,0000000000000001,3000,3230,00005fb2,0230,-4096,5
FSCALE_composite,64,RU,random,50,REGISTER_VALUE_MISMATCH,005afc080777a983,c5975c29dfe589ea,00000000000000000001,3bcd8000000000000000,0000000000000001,0000000000000001,3000,3230,00005fb2,0230,-4096,5
FSCALE_composite,64,RU,random,50,EXCEPTION_FLAGS_MISMATCH,005afc080777a983,c5975c29dfe589ea,00000000000000000001,3bcd8000000000000000,0000000000000001,0000000000000001,3000,3230,00005fb2,0230,-4096,5
FSCALE_composite,64,RU,random,50,BELOW_TARGET_NORMAL_EXP,005afc080777a983,c5975c29dfe589ea,00000000000000000001,3bcd8000000000000000,0000000000000001,0000000000000001,3000,3230,00005fb2,0230,-4096,5
FSCALE_composite,64,RU,random,51,REGISTER_VALUE_MISMATCH,01bf4f4c51f4effb,c5c50c1c96f6ab2d,00000000000000000001,3bcd8000000000000000,0000000000000001,0000000000000001,3000,3230,00005fb2,0230,-4096,5
FSCALE_composite,64,RU,random,51,EXCEPTION_FLAGS_MISMATCH,01bf4f4c51f4effb,c5c50c1c96f6ab2d,00000000000000000001,3bcd8000000000000000,0000000000000001,0000000000000001,3000,3230,00005fb2,0230,-4096,5
FSCALE_composite,64,RU,random,51,BELOW_TARGET_NORMAL_EXP,01bf4f4c51f4effb,c5c50c1c96f6ab2d,00000000000000000001,3bcd8000000000000000,0000000000000001,0000000000000001,3000,3230,00005fb2,0230,-4096,5
FSCALE_composite,64,RU,random,59,REGISTER_VALUE_MISMATCH,0e4cc82507f3b065,d0ce9e7a52581614,00000000000000000001,3bcd8000000000000000,0000000000000001,0000000000000001,3000,3230,00005fb2,0230,-4096,5
FSCALE_composite,64,RU,random,59,EXCEPTION_FLAGS_MISMATCH,0e4cc82507f3b065,d0ce9e7a52581614,00000000000000000001,3bcd8000000000000000,0000000000000001,0000000000000001,3000,3230,00005fb2,0230,-4096,5
FSCALE_composite,64,RU,random,59,BELOW_TARGET_NORMAL_EXP,0e4cc82507f3b065,d0ce9e7a52581614,00000000000000000001,3bcd8000000000000000,0000000000000001,0000000000000001,3000,3230,00005fb2,0230,-4096,5
FSCALE_composite,64,RU,random,63,REGISTER_VALUE_MISMATCH,78ce22068d62527e,d0d2c0b02b5e00ab,00000000000000000001,3bcd8000000000000000,0000000000000001,0000000000000001,3000,3230,00005fb2,0230,-4096,5
FSCALE_composite,64,RU,random,63,EXCEPTION_FLAGS_MISMATCH,78ce22068d62527e,d0d2c0b02b5e00ab,00000000000000000001,3bcd8000000000000000,0000000000000001,0000000000000001,3000,3230,00005fb2,0230,-4096,5
FSCALE_composite,64,RU,random,63,BELOW_TARGET_NORMAL_EXP,78ce22068d62527e,d0d2c0b02b5e00ab,00000000000000000001,3bcd8000000000000000,0000000000000001,0000000000000001,3000,3230,00005fb2,0230,-4096,5
FSCALE_composite,64,RU,random,65,REGISTER_VALUE_MISMATCH,9fa4dd70f95979ae,468c01a537482a27,fffeffffffffffffffff,c3fefffffffffffff800,ffefffffffffffff,ffefffffffffffff,3000,3028,00005fa8,0028,4096,5
FSCALE_composite,64,RU,random,65,ABOVE_TARGET_MAX_EXP,9fa4dd70f95979ae,468c01a537482a27,fffeffffffffffffffff,c3fefffffffffffff800,ffefffffffffffff,ffefffffffffffff,3000,3028,00005fa8,0028,4096,5
FSCALE_composite,64,RU,random,66,REGISTER_VALUE_MISMATCH,c87f09cdd1c0ba07,5d17dfbef91f80b9,fffeffffffffffffffff,c3fefffffffffffff800,ffefffffffffffff,ffefffffffffffff,3000,3028,00005fa8,0028,4096,5
FSCALE_composite,64,RU,random,66,ABOVE_TARGET_MAX_EXP,c87f09cdd1c0ba07,5d17dfbef91f80b9,fffeffffffffffffffff,c3fefffffffffffff800,ffefffffffffffff,ffefffffffffffff,3000,3028,00005fa8,0028,4096,5
FSCALE_composite,64,RU,random,68,ABOVE_TARGET_MAX_EXP,95ecfbfe240f165d,4b3dc582d832f85a,fffeffffffffffffffff,c3fefffffffffffff800,ffefffffffffffff,ffefffffffffffff,3000,3028,00005fa8,0028,4096,5
FSCALE_composite,64,RU,random,71,EXCEPTION_FLAGS_MISMATCH,80167771944d67fe,dd5b5dbefa623032,80000000000000000000,80000000000000000000,8000000000000000,8000000000000000,3000,3030,00005fb2,0000,-4096,5
FSCALE_composite,64,RU,random,73,EXCEPTION_FLAGS_MISMATCH,4472ae140bb42275,d7dba7a4281195f0,00000000000000000001,3bcd8000000000000000,0000000000000001,0000000000000001,3000,3230,00005fb2,0230,-4096,5
FSCALE_composite,64,RU,random,73,BELOW_TARGET_NORMAL_EXP,4472ae140bb42275,d7dba7a4281195f0,00000000000000000001,3bcd8000000000000000,0000000000000001,0000000000000001,3000,3230,00005fb2,0230,-4096,5
FSCALE_composite,64,RU,random,77,ABOVE_TARGET_MAX_EXP,b1d38357e69ce7cc,4b683fae2448bb4f,fffeffffffffffffffff,c3fefffffffffffff800,ffefffffffffffff,ffefffffffffffff,3000,3028,00005fa8,0028,4096,5
FSCALE_composite,64,RU,random,79,ABOVE_TARGET_MAX_EXP,bfe29b999c575004,7d774f20f1f1f5a9,fffeffffffffffffffff,c3fefffffffffffff800,ffefffffffffffff,ffefffffffffffff,3000,3028,00005fa8,0028,4096,5
FSCALE_composite,64,RU,random,83,EXCEPTION_FLAGS_MISMATCH,5f0369bb8d29bb9c,f5a2e6002f408faf,00000000000000000001,3bcd8000000000000000,0000000000000001,0000000000000001,3000,3230,00005fb2,0230,-4096,5
FSCALE_composite,64,RU,random,83,BELOW_TARGET_NORMAL_EXP,5f0369bb8d29bb9c,f5a2e6002f408faf,00000000000000000001,3bcd8000000000000000,0000000000000001,0000000000000001,3000,3230,00005fb2,0230,-4096,5
FSCALE_composite,64,RU,random,86,EXCEPTION_FLAGS_MISMATCH,672adb4123ec82b8,d7e615bbab2fc525,00000000000000000001,3bcd8000000000000000,0000000000000001,0000000000000001,3000,3230,00005fb2,0230,-4096,5
FSCALE_composite,64,RU,random,86,BELOW_TARGET_NORMAL_EXP,672adb4123ec82b8,d7e615bbab2fc525,00000000000000000001,3bcd8000000000000000,0000000000000001,0000000000000001,3000,3230,00005fb2,0230,-4096,5
FSCALE_composite,64,RU,random,92,EXCEPTION_FLAGS_MISMATCH,6c219994bb5f858c,f14b6d0522e35abf,00000000000000000001,3bcd8000000000000000,0000000000000001,0000000000000001,3000,3230,00005fb2,0230,-4096,5
FSCALE_composite,64,RU,random,92,BELOW_TARGET_NORMAL_EXP,6c219994bb5f858c,f14b6d0522e35abf,00000000000000000001,3bcd8000000000000000,0000000000000001,0000000000000001,3000,3230,00005fb2,0230,-4096,5
FSCALE_composite,64,RU,random,93,EXCEPTION_FLAGS_MISMATCH,0d56ea56ff6a7994,e3215ac72f0cf116,00000000000000000001,3bcd8000000000000000,0000000000000001,0000000000000001,3000,3230,00005fb2,0230,-4096,5
FSCALE_composite,64,RU,random,93,BELOW_TARGET_NORMAL_EXP,0d56ea56ff6a7994,e3215ac72f0cf116,00000000000000000001,3bcd8000000000000000,0000000000000001,0000000000000001,3000,3230,00005fb2,0230,-4096,5
FSCALE_composite,64,RU,random,98,ABOVE_TARGET_MAX_EXP,c400470eb69e0013,5e5edb2719c00574,fffeffffffffffffffff,c3fefffffffffffff800,ffefffffffffffff,ffefffffffffffff,3000,3028,00005fa8,0028,4096,5
FSCALE_composite,64,RU,random,103,ABOVE_TARGET_MAX_EXP,d88a1bbd3045c5bc,75a5fb6dd3e1d50a,fffeffffffffffffffff,c3fefffffffffffff800,ffefffffffffffff,ffefffffffffffff,3000,3028,00005fa8,0028,4096,5
FSCALE_composite,64,RU,random,104,ABOVE_TARGET_MAX_EXP,c85285890f9863c0,5e37a6a750e2cb5b,fffeffffffffffffffff,c3fefffffffffffff800,ffefffffffffffff,ffefffffffffffff,3000,3028,00005fa8,0028,4096,5
FSCALE_composite,64,RU,random,105,ABOVE_TARGET_MAX_EXP,b34c82f6df0d167b,5552d9edb5173cf8,fffeffffffffffffffff,c3fefffffffffffff800,ffefffffffffffff,ffefffffffffffff,3000,3028,00005fa8,0028,4096,5
FSCALE_composite,64,RU,random,111,ABOVE_TARGET_MAX_EXP,aa071222088512cf,46b17c4751a53a80,fffeffffffffffffffff,c3fefffffffffffff800,ffefffffffffffff,ffefffffffffffff,3000,3028,00005fa8,0028,4096,5
FSCALE_composite,64,RU,random,117,ABOVE_TARGET_MAX_EXP,cec4871f11f7e7d5,66f89891326c000a,fffeffffffffffffffff,c3fefffffffffffff800,ffefffffffffffff,ffefffffffffffff,3000,3028,00005fa8,0028,4096,5
FSCALE_composite,64,RU,random,126,ABOVE_TARGET_MAX_EXP,a73d66e2c33d233b,490571000c41ff0e,fffeffffffffffffffff,c3fefffffffffffff800,ffefffffffffffff,ffefffffffffffff,3000,3028,00005fa8,0028,4096,5
FSCALE_composite,64,RU,random,139,ABOVE_TARGET_MAX_EXP,cb9f836b3b2f2f67,4a34d365c33c369f,fffeffffffffffffffff,c3fefffffffffffff800,ffefffffffffffff,ffefffffffffffff,3000,3028,00005fa8,0028,4096,5
FSCALE_composite,64,RU,random,140,ABOVE_TARGET_MAX_EXP,ae3e1f33f325d3c2,505940441116f3d5,fffeffffffffffffffff,c3fefffffffffffff800,ffefffffffffffff,ffefffffffffffff,3000,3028,00005fa8,0028,4096,5
FSCALE_composite,64,RU,random,143,ABOVE_TARGET_MAX_EXP,85df8ae88b2a0322,54fa13e1c07f2442,fffeffffffffffffffff,c3fefffffffffffff800,ffefffffffffffff,ffefffffffffffff,3000,3028,00005fa8,0028,4096,5
FSCALE_composite,64,RU,random,173,ABOVE_TARGET_MAX_EXP,b54eaa153f0e6f63,5b3e4900bcc1191d,fffeffffffffffffffff,c3fefffffffffffff800,ffefffffffffffff,ffefffffffffffff,3000,3028,00005fa8,0028,4096,5
FSCALE_composite,64,RU,random,436,NAN_RESULT,7fff1ecf209fa9c6,34ed3665f84af8f6,7ffff8f67904fd4e3000,7ffff8f67904fd4e3000,7fff1ecf209fa9c6,7fff1ecf209fa9c6,3000,3000,00005f80,0000,0,1
FSCALE_composite,64,RU,random,1276,NAN_RESULT,7ff68a6d8a57bf82,805b077497036ce1,7ffff4536c52bdfc1000,7ffff4536c52bdfc1000,7ffe8a6d8a57bf82,7ffe8a6d8a57bf82,3001,3001,00005f81,0000,0,1
FSCALE_composite,64,RU,random,3962,NAN_RESULT,7ff2b56876a3d94d,4fcc10e4323999c1,7fffd5ab43b51eca6800,7fffd5ab43b51eca6800,7ffab56876a3d94d,7ffab56876a3d94d,3001,3001,00005f81,0000,4096,5
FSCALE_composite,64,RU,random,4833,NAN_RESULT,fff7cd014dafca45,202b131e5c179673,fffffe680a6d7e522800,fffffe680a6d7e522800,ffffcd014dafca45,ffffcd014dafca45,3001,3001,00005f81,0000,0,1
FSCALE_composite,64,RU,random,5225,NAN_RESULT,fff911ee97dfa19e,56576e8ccc5afbeb,ffffc88f74befd0cf000,ffffc88f74befd0cf000,fff911ee97dfa19e,fff911ee97dfa19e,3000,3000,00005f80,0000,4096,5
FSCALE_composite,64,RU,random,5320,NAN_RESULT,fff597ccdb722d53,545caaff9873a284,ffffecbe66db916a9800,ffffecbe66db916a9800,fffd97ccdb722d53,fffd97ccdb722d53,3001,3001,00005f81,0000,4096,5
FSCALE_composite,64,RU,random,5643,NAN_RESULT,fff73e76dd032547,c160f1eeecd5f8b2,fffff9f3b6e8192a3800,fffff9f3b6e8192a3800,ffff3e76dd032547,ffff3e76dd032547,3001,3001,00005f81,0000,-4096,5
FSCALE_composite,64,RU,random,6857,NAN_RESULT,fff2b9e1230f5bb5,33ba8d362a00422c,ffffd5cf09187adda800,ffffd5cf09187adda800,fffab9e1230f5bb5,fffab9e1230f5bb5,3001,3001,00005f81,0000,0,1
FSCALE_composite,64,RU,random,7112,NAN_RESULT,7ff5fa7714e3a43e,06f1f331d917c213,7fffefd3b8a71d21f000,7fffefd3b8a71d21f000,7ffdfa7714e3a43e,7ffdfa7714e3a43e,3001,3001,00005f81,0000,0,1
FSCALE_composite,64,RU,random,7144,NAN_RESULT,3832221b7de1a141,7ff94c2e50bb9ddd,7fffca617285dceee800,7fffca617285dceee800,7ff94c2e50bb9ddd,7ff94c2e50bb9ddd,3000,3000,00005f80,0000,0,1
FSCALE_composite,64,RU,random,7144,NONFINITE_SCALE_INPUT,3832221b7de1a141,7ff94c2e50bb9ddd,7fffca617285dceee800,7fffca617285dceee800,7ff94c2e50bb9ddd,7ff94c2e50bb9ddd,3000,3000,00005f80,0000,0,1
FSCALE_composite,64,RU,random,7150,NAN_RESULT,7ff64d3afab83048,b903d1b62938cc6f,7ffff269d7d5c1824000,7ffff269d7d5c1824000,7ffe4d3afab83048,7ffe4d3afab83048,3001,3001,00005f81,0000,0,1
FSCALE_composite,64,RU,random,7157,NAN_RESULT,5021548c0d3ee499,fff7c82667cd086f,fffffe41333e68437800,fffffe41333e68437800,ffffc82667cd086f,ffffc82667cd086f,3001,3001,00005f81,0000,0,1
FSCALE_composite,64,RU,random,7157,NONFINITE_SCALE_INPUT,5021548c0d3ee499,fff7c82667cd086f,fffffe41333e68437800,fffffe41333e68437800,ffffc82667cd086f,ffffc82667cd086f,3001,3001,00005f81,0000,0,1
FSCALE_composite,64,RU,random,10369,NAN_RESULT,7ff831954fabc586,ab35d11c1c885b1e,7fffc18caa7d5e2c3000,7fffc18caa7d5e2c3000,7ff831954fabc586,7ff831954fabc586,3000,3000,00005f80,0000,0,1
FSCALE_composite,64,RU,random,10666,NAN_RESULT,c905b38af98eb6fc,fff966a6305ea046,ffffcb353182f5023000,ffffcb353182f5023000,fff966a6305ea046,fff966a6305ea046,3000,3000,00005f80,0000,0,1
FSCALE_composite,64,RU,random,10666,NONFINITE_SCALE_INPUT,c905b38af98eb6fc,fff966a6305ea046,ffffcb353182f5023000,ffffcb353182f5023000,fff966a6305ea046,fff966a6305ea046,3000,3000,00005f80,0000,0,1
FSCALE_composite,64,RU,random,10731,NAN_RESULT,1ea86fb8076c0379,fff8b9f3af83f460,ffffc5cf9d7c1fa30000,ffffc5cf9d7c1fa30000,fff8b9f3af83f460,fff8b9f3af83f460,3000,3000,00005f80,0000,0,1
FSCALE_composite,64,RU,random,10731,NONFINITE_SCALE_INPUT,1ea86fb8076c0379,fff8b9f3af83f460,ffffc5cf9d7c1fa30000,ffffc5cf9d7c1fa30000,fff8b9f3af83f460,fff8b9f3af83f460,3000,3000,00005f80,0000,0,1
FSCALE_composite,64,RU,random,11522,NAN_RESULT,7ffdb528cf0afc2e,b091db1050246ff4,7fffeda9467857e17000,7fffeda9467857e17000,7ffdb528cf0afc2e,7ffdb528cf0afc2e,3000,3000,00005f80,0000,0,1
FSCALE_composite,64,RU,random,13303,NAN_RESULT,7ff0c1e6a8fb5b16,e7b97527a0d3b195,7fffc60f3547dad8b000,7fffc60f3547dad8b000,7ff8c1e6a8fb5b16,7ff8c1e6a8fb5b16,3001,3001,00005f81,0000,-4096,5
FSCALE_composite,64,RU,random,13530,NAN_RESULT,509f06ee712cd603,7ffbfa8500a13df5,7fffdfd4280509efa800,7fffdfd4280509efa800,7ffbfa8500a13df5,7ffbfa8500a13df5,3000,3000,00005f80,0000,0,1
FSCALE_composite,64,RU,random,13530,NONFINITE_SCALE_INPUT,509f06ee712cd603,7ffbfa8500a13df5,7fffdfd4280509efa800,7fffdfd4280509efa800,7ffbfa8500a13df5,7ffbfa8500a13df5,3000,3000,00005f80,0000,0,1
FSCALE_composite,64,RU,random,13912,NAN_RESULT,7fff3b6898a23a09,0cf584f32c80c25d,7ffff9db44c511d04800,7ffff9db44c511d04800,7fff3b6898a23a09,7fff3b6898a23a09,3000,3000,00005f80,0000,0,1
FSCALE_composite,64,RU,random,14028,NAN_RESULT,e4510164c84bd860,fff80ef429af2c44,ffffc077a14d79622000,ffffc077a14d79622000,fff80ef429af2c44,fff80ef429af2c44,3000,3000,00005f80,0000,0,1
FSCALE_composite,64,RU,random,14028,NONFINITE_SCALE_INPUT,e4510164c84bd860,fff80ef429af2c44,ffffc077a14d79622000,ffffc077a14d79622000,fff80ef429af2c44,fff80ef429af2c44,3000,3000,00005f80,0000,0,1
FSCALE_composite,64,RU,random,17463,NONFINITE_SCALE_INPUT,ae97694884f57e2e,fffea3460cfdb166,fffff51a3067ed8b3000,fffff51a3067ed8b3000,fffea3460cfdb166,fffea3460cfdb166,3000,3000,00005f80,0000,0,1
FSCALE_composite,64,RU,random,19729,NONFINITE_SCALE_INPUT,85cab8a711059b62,7ffe194562b9a845,7ffff0ca2b15cd422800,7ffff0ca2b15cd422800,7ffe194562b9a845,7ffe194562b9a845,3000,3000,00005f80,0000,0,1
FSCALE_composite,64,RU,random,21169,NONFINITE_SCALE_INPUT,8508f7867c1f4e58,7ff9bd611b24fe9f,7fffcdeb08d927f4f800,7fffcdeb08d927f4f800,7ff9bd611b24fe9f,7ff9bd611b24fe9f,3000,3000,00005f80,0000,0,1
FSCALE_composite,64,RU,random,22487,NONFINITE_SCALE_INPUT,ebc042449b86ea5b,fff669a1cf1aa58f,fffff34d0e78d52c7800,fffff34d0e78d52c7800,fffe69a1cf1aa58f,fffe69a1cf1aa58f,3001,3001,00005f81,0000,0,1
FSCALE_composite,64,RU,random,27835,NONFINITE_SCALE_INPUT,f2fd80f38f424efe,fff2da063c0c807a,ffffd6d031e06403d000,ffffd6d031e06403d000,fffada063c0c807a,fffada063c0c807a,3001,3001,00005f81,0000,0,1
FSCALE_composite,64,RU,random,28664,NONFINITE_SCALE_INPUT,3fce322de0a04ebf,7ff8853a607d2519,7fffc429d303e928c800,7fffc429d303e928c800,7ff8853a607d2519,7ff8853a607d2519,3000,3000,00005f80,0000,0,1
FSCALE_composite,64,RU,random,29838,NONFINITE_SCALE_INPUT,cea3f1a43e653081,fff223b728d8cf44,ffffd11db946c67a2000,ffffd11db946c67a2000,fffa23b728d8cf44,fffa23b728d8cf44,3001,3001,00005f81,0000,0,1
FSCALE_composite,64,RU,random,30212,NONFINITE_SCALE_INPUT,a05dae3ac7bd2709,fff14b385a30b761,ffffca59c2d185bb0800,ffffca59c2d185bb0800,fff94b385a30b761,fff94b385a30b761,3001,3001,00005f81,0000,0,1
FSCALE_composite,64,RU,random,30390,NONFINITE_SCALE_INPUT,73bfca66e8381a0f,7fffedbce165b7b0,7fffff6de70b2dbd8000,7fffff6de70b2dbd8000,7fffedbce165b7b0,7fffedbce165b7b0,3000,3000,00005f80,0000,0,1
FSCALE_composite,64,RU,random,31049,NONFINITE_SCALE_INPUT,0cb86b5d19534f80,7ff07fcbe8ab5efe,7fffc3fe5f455af7f000,7fffc3fe5f455af7f000,7ff87fcbe8ab5efe,7ff87fcbe8ab5efe,3001,3001,00005f81,0000,0,1
FSCALE_composite,64,RU,random,32430,NONFINITE_SCALE_INPUT,c6df2d76546bd32d,ffffd71320501ffb,fffffeb8990280ffd800,fffffeb8990280ffd800,ffffd71320501ffb,ffffd71320501ffb,3000,3000,00005f80,0000,0,1
FSCALE_composite,64,RU,random,34942,NONFINITE_SCALE_INPUT,dd3873fc3b4b06dc,7ff1ba871d023ee9,7fffcdd438e811f74800,7fffcdd438e811f74800,7ff9ba871d023ee9,7ff9ba871d023ee9,3001,3001,00005f81,0000,0,1
FSCALE_composite,64,RU,random,36325,NONFINITE_SCALE_INPUT,946aa5a8febd61e8,7ff75654cbb39dc7,7ffffab2a65d9cee3800,7ffffab2a65d9cee3800,7fff5654cbb39dc7,7fff5654cbb39dc7,3001,3001,00005f81,0000,0,1
FSCALE_composite,64,RU,random,37339,NONFINITE_SCALE_INPUT,791cbfeb5fb09591,fff623b04005571f,fffff11d82002ab8f800,fffff11d82002ab8f800,fffe23b04005571f,fffe23b04005571f,3001,3001,00005f81,0000,0,1
FSCALE_composite,64,RU,random,67494,NARROWED_VALUE_MISMATCH,fffd381a91724d02,fff6628cb6f5ee32,fffff31465b7af719000,ffffe9c0d48b92681000,fffe628cb6f5ee32,fffd381a91724d02,3001,3001,00005f81,0000,0,1
FSCALE_composite,64,RU,edge,489,NARROWED_VALUE_MISMATCH,7ff8000000000000,fff8000000000123,ffffc000000000091800,7fffc000000000000000,fff8000000000123,7ff8000000000000,3000,3000,00005f80,0000,0,1
FSCALE_composite,64,RU,edge,490,NARROWED_VALUE_MISMATCH,7ff8000000000000,7ff0000000000001,7fffc000000000000800,7fffc000000000000000,7ff8000000000001,7ff8000000000000,3001,3001,00005f81,0000,0,1
FSCALE_composite,64,RU,edge,491,NARROWED_VALUE_MISMATCH,7ff8000000000000,fff0000000000100,ffffc000000000080000,7fffc000000000000000,fff8000000000100,7ff8000000000000,3001,3001,00005f81,0000,0,1
FSCALE_composite,64,RU,edge,609,NARROWED_VALUE_MISMATCH,7ff0000000000001,fff8000000000123,ffffc000000000091800,7fffc000000000000800,fff8000000000123,7ff8000000000001,3001,3001,00005f81,0000,0,1
FSCALE_composite,64,RU,edge,611,NARROWED_VALUE_MISMATCH,7ff0000000000001,fff0000000000100,ffffc000000000080000,7fffc000000000000800,fff8000000000100,7ff8000000000001,3001,3001,00005f81,0000,0,1
FSCALE_composite,64,RU,edge,669,NARROWED_VALUE_MISMATCH,fff0000000000100,fff8000000000123,ffffc000000000091800,ffffc000000000080000,fff8000000000123,fff8000000000100,3001,3001,00005f81,0000,0,1
FSCALE_composite,64,RZ,random,0,ALL,b6f18e37d06f946d,50244be11bde34e9,fffeffffffffffffffff,c3fefffffffffffff800,ffefffffffffffff,ffefffffffffffff,3000,3028,00007fa8,0028,4096,5
FSCALE_composite,64,RZ,random,0,REGISTER_VALUE_MISMATCH,b6f18e37d06f946d,50244be11bde34e9,fffeffffffffffffffff,c3fefffffffffffff800,ffefffffffffffff,ffefffffffffffff,3000,3028,00007fa8,0028,4096,5
FSCALE_composite,64,RZ,random,0,ABOVE_TARGET_MAX_EXP,b6f18e37d06f946d,50244be11bde34e9,fffeffffffffffffffff,c3fefffffffffffff800,ffefffffffffffff,ffefffffffffffff,3000,3028,00007fa8,0028,4096,5
FSCALE_composite,64,RZ,random,1,ALL,876d795dd9352870,fedc9a4a1b764562,80000000000000000000,80000000000000000000,8000000000000000,8000000000000000,3000,3030,00007fb0,0000,-4096,5
FSCALE_composite,64,RZ,random,2,ALL,1a68fd5a97c81d24,6e84bd74e6c52c55,7ffeffffffffffffffff,43fefffffffffffff800,7fefffffffffffff,7fefffffffffffff,3000,3028,00007fa8,0028,4096,5
FSCALE_composite,64,RZ,random,2,REGISTER_VALUE_MISMATCH,1a68fd5a97c81d24,6e84bd74e6c52c55,7ffeffffffffffffffff,43fefffffffffffff800,7fefffffffffffff,7fefffffffffffff,3000,3028,00007fa8,0028,4096,5
FSCALE_composite,64,RZ,random,2,ABOVE_TARGET_MAX_EXP,1a68fd5a97c81d24,6e84bd74e6c52c55,7ffeffffffffffffffff,43fefffffffffffff800,7fefffffffffffff,7fefffffffffffff,3000,3028,00007fa8,0028,4096,5
FSCALE_composite,64,RZ,random,3,ALL,126f786491e7f180,e251798ffe1268f1,00000000000000000000,00000000000000000000,0000000000000000,0000000000000000,3000,3030,00007fb0,0000,-4096,5
FSCALE_composite,64,RZ,random,4,ALL,9dc28fda721f60fe,c26d7a6a3fd88c6b,80000000000000000000,80000000000000000000,8000000000000000,8000000000000000,3000,3030,00007fb0,0000,-4096,5
FSCALE_composite,64,RZ,random,5,ALL,98ca6cf7d6f2da83,01b9604968398519,bd8cd367beb796d41800,bd8cd367beb796d41800,98ca6cf7d6f2da83,98ca6cf7d6f2da83,3000,3000,00007f80,0000,0,1
FSCALE_composite,64,RZ,random,6,ALL,f5e76745255edafb,96b51a397efdbd82,c35ebb3a292af6d7d800,c35ebb3a292af6d7d800,f5e76745255edafb,f5e76745255edafb,3000,3000,00007f80,0000,0,1
FSCALE_composite,64,RZ,random,7,ALL,7b6f4f2cd446e560,ab357e271cfd6c54,43b6fa7966a2372b0000,43b6fa7966a2372b0000,7b6f4f2cd446e560,7b6f4f2cd446e560,3000,3000,00007f80,0000,0,1
FSCALE_composite,64,RZ,random,8,ALL,c5c3eaaaba46176c,3bf68efb3c4e6859,c05c9f5555d230bb6000,c05c9f5555d230bb6000,c5c3eaaaba46176c,c5c3eaaaba46176c,3000,3000,00007f80,0000,0,1
FSCALE_composite,64,RZ,random,9,ALL,9d83649b70124cea,6b9b24f35473b6d3,fffeffffffffffffffff,c3fefffffffffffff800,ffefffffffffffff,ffefffffffffffff,3000,3028,00007fa8,0028,4096,5
FSCALE_composite,64,RZ,random,9,REGISTER_VALUE_MISMATCH,9d83649b70124cea,6b9b24f35473b6d3,fffeffffffffffffffff,c3fefffffffffffff800,ffefffffffffffff,ffefffffffffffff,3000,3028,00007fa8,0028,4096,5
FSCALE_composite,64,RZ,random,9,ABOVE_TARGET_MAX_EXP,9d83649b70124cea,6b9b24f35473b6d3,fffeffffffffffffffff,c3fefffffffffffff800,ffefffffffffffff,ffefffffffffffff,3000,3028,00007fa8,0028,4096,5
FSCALE_composite,64,RZ,random,10,ALL,179529e926b8486f,924499999a1b1ba9,3d79a94f4935c2437800,3d79a94f4935c2437800,179529e926b8486f,179529e926b8486f,3000,3000,00007f80,0000,0,1
FSCALE_composite,64,RZ,random,11,ALL,0dab419b1e9a8f25,1e9892a226e069f4,3cdada0cd8f4d4792800,3cdada0cd8f4d4792800,0dab419b1e9a8f25,0dab419b1e9a8f25,3000,3000,00007f80,0000,0,1
FSCALE_composite,64,RZ,random,12,ALL,78fb00bab95c2e2c,9fe4a2f8b8104187,438fd805d5cae1716000,438fd805d5cae1716000,78fb00bab95c2e2c,78fb00bab95c2e2c,3000,3000,00007f80,0000,0,1
FSCALE_composite,64,RZ,random,13,ALL,2f754fc56cc1e283,e653875b6612f471,00000000000000000000,00000000000000000000,0000000000000000,0000000000000000,3000,3030,00007fb0,0000,-4096,5
FSCALE_composite,64,RZ,random,14,ALL,0007988a21e68365,2ba463a8549332ce,3bfff311443cd06ca000,3bfff311443cd06ca000,0007988a21e68365,0007988a21e68365,3002,3002,00007f82,0000,0,1
FSCALE_composite,64,RZ,random,14,BELOW_TARGET_NORMAL_EXP,0007988a21e68365,2ba463a8549332ce,3bfff311443cd06ca000,3bfff311443cd06ca000,0007988a21e68365,0007988a21e68365,3002,3002,00007f82,0000,0,1
FSCALE_composite,64,RZ,random,15,ALL,dfede9a4fa7c67cf,05b1a4629beb8404,c1feef4d27d3e33e7800,c1feef4d27d3e33e7800,dfede9a4fa7c67cf,dfede9a4fa7c67cf,3000,3000,00007f80,0000,0,1
FSCALE_composite,64,RZ,random,16,ALL,77f020e2806e9527,09f3b456d18b51d9,437f8107140374a93800,437f8107140374a93800,77f020e2806e9527,77f020e2806e9527,3000,3000,00007f80,0000,0,1
FSCALE_composite,64,RZ,random,17,ALL,26af025b0dac67e9,e4176b36534d29f4,00000000000000000000,00000000000000000000,0000000000000000,0000000000000000,3000,3030,00007fb0,0000,-4096,5
FSCALE_composite,64,RZ,random,18,ALL,53b1a632f5448c93,8fb96d4d8436a104,413b8d3197aa24649800,413b8d3197aa24649800,53b1a632f5448c93,53b1a632f5448c93,3000,3000,00007f80,0000,0,1
FSCALE_composite,64,RZ,random,19,ALL,aae0a3410a186549,a5501394232e40dc,beae851a0850c32a4800,beae851a0850c32a4800,aae0a3410a186549,aae0a3410a186549,3000,3000,00007f80,0000,0,1
FSCALE_composite,64,RZ,random,26,REGISTER_VALUE_MISMATCH,6ba56b3d50d3fb0c,4ca131710fd87eca,7ffeffffffffffffffff,43fefffffffffffff800,7fefffffffffffff,7fefffffffffffff,3000,3028,00007fa8,0028,4096,5
FSCALE_composite,64,RZ,random,26,ABOVE_TARGET_MAX_EXP,6ba56b3d50d3fb0c,4ca131710fd87eca,7ffeffffffffffffffff,43fefffffffffffff800,7fefffffffffffff,7fefffffffffffff,3000,3028,00007fa8,0028,4096,5
FSCALE_composite,64,RZ,random,30,REGISTER_VALUE_MISMATCH,49c41eba1346af2d,6dd77e8a0adedf5c,7ffeffffffffffffffff,43fefffffffffffff800,7fefffffffffffff,7fefffffffffffff,3000,3028,00007fa8,0028,4096,5
FSCALE_composite,64,RZ,random,30,ABOVE_TARGET_MAX_EXP,49c41eba1346af2d,6dd77e8a0adedf5c,7ffeffffffffffffffff,43fefffffffffffff800,7fefffffffffffff,7fefffffffffffff,3000,3028,00007fa8,0028,4096,5
FSCALE_composite,64,RZ,random,36,REGISTER_VALUE_MISMATCH,f691d280deb1a41f,7875c4f76f48228f,fffeffffffffffffffff,c3fefffffffffffff800,ffefffffffffffff,ffefffffffffffff,3000,3028,00007fa8,0028,4096,5
FSCALE_composite,64,RZ,random,36,ABOVE_TARGET_MAX_EXP,f691d280deb1a41f,7875c4f76f48228f,fffeffffffffffffffff,c3fefffffffffffff800,ffefffffffffffff,ffefffffffffffff,3000,3028,00007fa8,0028,4096,5
FSCALE_composite,64,RZ,random,40,REGISTER_VALUE_MISMATCH,eea5561ce066842f,4930553e1ff7cb18,fffeffffffffffffffff,c3fefffffffffffff800,ffefffffffffffff,ffefffffffffffff,3000,3028,00007fa8,0028,4096,5
FSCALE_composite,64,RZ,random,40,ABOVE_TARGET_MAX_EXP,eea5561ce066842f,4930553e1ff7cb18,fffeffffffffffffffff,c3fefffffffffffff800,ffefffffffffffff,ffefffffffffffff,3000,3028,00007fa8,0028,4096,5
FSCALE_composite,64,RZ,random,43,REGISTER_VALUE_MISMATCH,66b063400329f0b2,6e1e537f0da983f9,7ffeffffffffffffffff,43fefffffffffffff800,7fefffffffffffff,7fefffffffffffff,3000,3028,00007fa8,0028,4096,5
FSCALE_composite,64,RZ,random,43,ABOVE_TARGET_MAX_EXP,66b063400329f0b2,6e1e537f0da983f9,7ffeffffffffffffffff,43fefffffffffffff800,7fefffffffffffff,7fefffffffffffff,3000,3028,00007fa8,0028,4096,5
FSCALE_composite,64,RZ,random,50,EXCEPTION_FLAGS_MISMATCH,005afc080777a983,c5975c29dfe589ea,00000000000000000000,00000000000000000000,0000000000000000,0000000000000000,3000,3030,00007fb2,0000,-4096,5
FSCALE_composite,64,RZ,random,60,REGISTER_VALUE_MISMATCH,1c4fe92684b484f9,70d4a555651ba586,7ffeffffffffffffffff,43fefffffffffffff800,7fefffffffffffff,7fefffffffffffff,3000,3028,00007fa8,0028,4096,5
FSCALE_composite,64,RZ,random,60,ABOVE_TARGET_MAX_EXP,1c4fe92684b484f9,70d4a555651ba586,7ffeffffffffffffffff,43fefffffffffffff800,7fefffffffffffff,7fefffffffffffff,3000,3028,00007fa8,0028,4096,5
FSCALE_composite,64,RZ,random,65,REGISTER_VALUE_MISMATCH,9fa4dd70f95979ae,468c01a537482a27,fffeffffffffffffffff,c3fefffffffffffff800,ffefffffffffffff,ffefffffffffffff,3000,3028,00007fa8,0028,4096,5
FSCALE_composite,64,RZ,random,65,ABOVE_TARGET_MAX_EXP,9fa4dd70f95979ae,468c01a537482a27,fffeffffffffffffffff,c3fefffffffffffff800,ffefffffffffffff,ffefffffffffffff,3000,3028,00007fa8,0028,4096,5
FSCALE_composite,64,RZ,random,66,REGISTER_VALUE_MISMATCH,c87f09cdd1c0ba07,5d17dfbef91f80b9,fffeffffffffffffffff,c3fefffffffffffff800,ffefffffffffffff,ffefffffffffffff,3000,3028,00007fa8,0028,4096,5
FSCALE_composite,64,RZ,random,66,ABOVE_TARGET_MAX_EXP,c87f09cdd1c0ba07,5d17dfbef91f80b9,fffeffffffffffffffff,c3fefffffffffffff800,ffefffffffffffff,ffefffffffffffff,3000,3028,00007fa8,0028,4096,5
FSCALE_composite,64,RZ,random,68,REGISTER_VALUE_MISMATCH,95ecfbfe240f165d,4b3dc582d832f85a,fffeffffffffffffffff,c3fefffffffffffff800,ffefffffffffffff,ffefffffffffffff,3000,3028,00007fa8,0028,4096,5
FSCALE_composite,64,RZ,random,68,ABOVE_TARGET_MAX_EXP,95ecfbfe240f165d,4b3dc582d832f85a,fffeffffffffffffffff,c3fefffffffffffff800,ffefffffffffffff,ffefffffffffffff,3000,3028,00007fa8,0028,4096,5
FSCALE_composite,64,RZ,random,69,REGISTER_VALUE_MISMATCH,1ac0d7409bdd60c8,47f7e7023a84f5ed,7ffeffffffffffffffff,43fefffffffffffff800,7fefffffffffffff,7fefffffffffffff,3000,3028,00007fa8,0028,4096,5
FSCALE_composite,64,RZ,random,69,ABOVE_TARGET_MAX_EXP,1ac0d7409bdd60c8,47f7e7023a84f5ed,7ffeffffffffffffffff,43fefffffffffffff800,7fefffffffffffff,7fefffffffffffff,3000,3028,00007fa8,0028,4096,5
FSCALE_composite,64,RZ,random,71,EXCEPTION_FLAGS_MISMATCH,80167771944d67fe,dd5b5dbefa623032,80000000000000000000,80000000000000000000,8000000000000000,8000000000000000,3000,3030,00007fb2,0000,-4096,5
FSCALE_composite,64,RZ,random,75,REGISTER_VALUE_MISMATCH,14af6333062f3307,5265f606341425cc,7ffeffffffffffffffff,43fefffffffffffff800,7fefffffffffffff,7fefffffffffffff,3000,3028,00007fa8,0028,4096,5
FSCALE_composite,64,RZ,random,75,ABOVE_TARGET_MAX_EXP,14af6333062f3307,5265f606341425cc,7ffeffffffffffffffff,43fefffffffffffff800,7fefffffffffffff,7fefffffffffffff,3000,3028,00007fa8,0028,4096,5
FSCALE_composite,64,RZ,random,77,REGISTER_VALUE_MISMATCH,b1d38357e69ce7cc,4b683fae2448bb4f,fffeffffffffffffffff,c3fefffffffffffff800,ffefffffffffffff,ffefffffffffffff,3000,3028,00007fa8,0028,4096,5
FSCALE_composite,64,RZ,random,77,ABOVE_TARGET_MAX_EXP,b1d38357e69ce7cc,4b683fae2448bb4f,fffeffffffffffffffff,c3fefffffffffffff800,ffefffffffffffff,ffefffffffffffff,3000,3028,00007fa8,0028,4096,5
FSCALE_composite,64,RZ,random,78,REGISTER_VALUE_MISMATCH,41ad335049ac51f0,5e78c7d8814b32dd,7ffeffffffffffffffff,43fefffffffffffff800,7fefffffffffffff,7fefffffffffffff,3000,3028,00007fa8,0028,4096,5
FSCALE_composite,64,RZ,random,78,ABOVE_TARGET_MAX_EXP,41ad335049ac51f0,5e78c7d8814b32dd,7ffeffffffffffffffff,43fefffffffffffff800,7fefffffffffffff,7fefffffffffffff,3000,3028,00007fa8,0028,4096,5
FSCALE_composite,64,RZ,random,79,REGISTER_VALUE_MISMATCH,bfe29b999c575004,7d774f20f1f1f5a9,fffeffffffffffffffff,c3fefffffffffffff800,ffefffffffffffff,ffefffffffffffff,3000,3028,00007fa8,0028,4096,5
FSCALE_composite,64,RZ,random,79,ABOVE_TARGET_MAX_EXP,bfe29b999c575004,7d774f20f1f1f5a9,fffeffffffffffffffff,c3fefffffffffffff800,ffefffffffffffff,ffefffffffffffff,3000,3028,00007fa8,0028,4096,5
FSCALE_composite,64,RZ,random,98,REGISTER_VALUE_MISMATCH,c400470eb69e0013,5e5edb2719c00574,fffeffffffffffffffff,c3fefffffffffffff800,ffefffffffffffff,ffefffffffffffff,3000,3028,00007fa8,0028,4096,5
FSCALE_composite,64,RZ,random,98,ABOVE_TARGET_MAX_EXP,c400470eb69e0013,5e5edb2719c00574,fffeffffffffffffffff,c3fefffffffffffff800,ffefffffffffffff,ffefffffffffffff,3000,3028,00007fa8,0028,4096,5
FSCALE_composite,64,RZ,random,100,REGISTER_VALUE_MISMATCH,347a4aa02639d55e,7cd2df91b31e702d,7ffeffffffffffffffff,43fefffffffffffff800,7fefffffffffffff,7fefffffffffffff,3000,3028,00007fa8,0028,4096,5
FSCALE_composite,64,RZ,random,100,ABOVE_TARGET_MAX_EXP,347a4aa02639d55e,7cd2df91b31e702d,7ffeffffffffffffffff,43fefffffffffffff800,7fefffffffffffff,7fefffffffffffff,3000,3028,00007fa8,0028,4096,5
FSCALE_composite,64,RZ,random,103,REGISTER_VALUE_MISMATCH,d88a1bbd3045c5bc,75a5fb6dd3e1d50a,fffeffffffffffffffff,c3fefffffffffffff800,ffefffffffffffff,ffefffffffffffff,3000,3028,00007fa8,0028,4096,5
FSCALE_composite,64,RZ,random,103,ABOVE_TARGET_MAX_EXP,d88a1bbd3045c5bc,75a5fb6dd3e1d50a,fffeffffffffffffffff,c3fefffffffffffff800,ffefffffffffffff,ffefffffffffffff,3000,3028,00007fa8,0028,4096,5
FSCALE_composite,64,RZ,random,258,BELOW_TARGET_NORMAL_EXP,8000a130da9f44c9,b2b76010a7e65749,bbfca130da9f44c90000,bbfca130da9f44c90000,8000a130da9f44c9,8000a130da9f44c9,3002,3002,00007f82,0000,0,1
FSCALE_composite,64,RZ,random,264,EXCEPTION_FLAGS_MISMATCH,fe86cd1d89b24e1f,f82af9f5443fa5d8,80000000000000000000,80000000000000000000,8000000000000000,8000000000000000,3000,3030,00007fb2,0000,-4096,5
FSCALE_composite,64,RZ,random,304,EXCEPTION_FLAGS_MISMATCH,046b1ee590c417d9,c0750c61e0902e47,3af6d8f72c8620bec800,00000000000000000000,0000000000000000,0000000000000000,3000,3000,00007fb0,0030,-336,1
FSCALE_composite,64,RZ,random,304,BELOW_TARGET_NORMAL_EXP,046b1ee590c417d9,c0750c61e0902e47,3af6d8f72c8620bec800,00000000000000000000,0000000000000000,0000000000000000,3000,3000,00007fb0,0030,-336,1
FSCALE_composite,64,RZ,random,397,EXCEPTION_FLAGS_MISMATCH,3dd10972c570399a,fb6f5757fe850cde,00000000000000000000,00000000000000000000,0000000000000000,0000000000000000,3000,3030,00007fb2,0000,-4096,5
FSCALE_composite,64,RZ,random,436,NAN_RESULT,7fff1ecf209fa9c6,34ed3665f84af8f6,7ffff8f67904fd4e3000,7ffff8f67904fd4e3000,7fff1ecf209fa9c6,7fff1ecf209fa9c6,3000,3000,00007f80,0000,0,1
FSCALE_composite,64,RZ,random,471,EXCEPTION_FLAGS_MISMATCH,bd679cca93fb1a16,e4c850f5ad7adffe,80000000000000000000,80000000000000000000,8000000000000000,8000000000000000,3000,3030,00007fb2,0000,-4096,5
FSCALE_composite,64,RZ,random,542,EXCEPTION_FLAGS_MISMATCH,3ee935c14d766a72,c6c6f5f3388930eb,00000000000000000000,00000000000000000000,0000000000000000,0000000000000000,3000,3030,00007fb2,0000,-4096,5
FSCALE_composite,64,RZ,random,574,EXCEPTION_FLAGS_MISMATCH,3e10db08e03787db,fe3b2db0a320c462,00000000000000000000,00000000000000000000,0000000000000000,0000000000000000,3000,3030,00007fb2,0000,-4096,5
FSCALE_composite,64,RZ,random,578,EXCEPTION_FLAGS_MISMATCH,eb8929b40b92a239,c09dfe80382bf4ba,bb39c94da05c9511c800,80000000000000000000,8000000000000000,8000000000000000,3000,3000,00007fb0,0030,-1919,2
FSCALE_composite,64,RZ,random,578,BELOW_TARGET_NORMAL_EXP,eb8929b40b92a239,c09dfe80382bf4ba,bb39c94da05c9511c800,80000000000000000000,8000000000000000,8000000000000000,3000,3000,00007fb0,0030,-1919,2
FSCALE_composite,64,RZ,random,608,EXCEPTION_FLAGS_MISMATCH,9848d1827da82a5a,40b49729ee173e75,d21bc68c13ed4152d000,c3fefffffffffffff800,ffefffffffffffff,ffefffffffffffff,3000,3000,00007fa8,0028,4096,5
FSCALE_composite,64,RZ,random,687,EXCEPTION_FLAGS_MISMATCH,7d50f32c204b5ade,f0fe98702c2af8b0,00000000000000000000,00000000000000000000,0000000000000000,0000000000000000,3000,3030,00007fb2,0000,-4096,5
FSCALE_composite,64,RZ,random,774,EXCEPTION_FLAGS_MISMATCH,fd84e45a13547456,cd5de0b541fa0953,80000000000000000000,80000000000000000000,8000000000000000,8000000000000000,3000,3030,00007fb2,0000,-4096,5
FSCALE_composite,64,RZ,random,790,EXCEPTION_FLAGS_MISMATCH,2f035a6f4ef98d7e,c0c03977b2accd1b,1e7e9ad37a77cc6bf000,00000000000000000000,0000000000000000,0000000000000000,3000,3000,00007fb0,0030,-4096,5
FSCALE_composite,64,RZ,random,790,BELOW_TARGET_NORMAL_EXP,2f035a6f4ef98d7e,c0c03977b2accd1b,1e7e9ad37a77cc6bf000,00000000000000000000,0000000000000000,0000000000000000,3000,3000,00007fb0,0030,-4096,5
FSCALE_composite,64,RZ,random,796,EXCEPTION_FLAGS_MISMATCH,bf8ee3e66d616240,ca0eef11d377359c,80000000000000000000,80000000000000000000,8000000000000000,8000000000000000,3000,3030,00007fb2,0000,-4096,5
FSCALE_composite,64,RZ,random,818,EXCEPTION_FLAGS_MISMATCH,069d414d0f34828f,c05fccb426caaa9c,3beaea0a6879a4147800,3beaea0a687800000000,000000003a829a1e,000000003a829a1e,3000,3000,00007fb0,0030,-127,1
FSCALE_composite,64,RZ,random,818,BELOW_TARGET_NORMAL_EXP,069d414d0f34828f,c05fccb426caaa9c,3beaea0a6879a4147800,3beaea0a687800000000,000000003a829a1e,000000003a829a1e,3000,3000,00007fb0,0030,-127,1
FSCALE_composite,64,RZ,random,868,EXCEPTION_FLAGS_MISMATCH,fdffaf7c5dd364a3,e4283722f6c66a90,80000000000000000000,80000000000000000000,8000000000000000,8000000000000000,3000,3030,00007fb2,0000,-4096,5
FSCALE_composite,64,RZ,random,876,EXCEPTION_FLAGS_MISMATCH,3e8e25bc65ae2a45,d16d65f448359bef,00000000000000000000,00000000000000000000,0000000000000000,0000000000000000,3000,3030,00007fb2,0000,-4096,5
FSCALE_composite,64,RZ,random,903,EXCEPTION_FLAGS_MISMATCH,fef6f12e697bcc09,de3ccecd69d84b91,80000000000000000000,80000000000000000000,8000000000000000,8000000000000000,3000,3030,00007fb2,0000,-4096,5
FSCALE_composite,64,RZ,random,1021,EXCEPTION_FLAGS_MISMATCH,fe6774d1a94864e1,ddc6f3c8ce66ef1a,80000000000000000000,80000000000000000000,8000000000000000,8000000000000000,3000,3030,00007fb2,0000,-4096,5
FSCALE_composite,64,RZ,random,1202,EXCEPTION_FLAGS_MISMATCH,7e01ae6771ed8311,f8c2772056cf11ee,00000000000000000000,00000000000000000000,0000000000000000,0000000000000000,3000,3030,00007fb2,0000,-4096,5
FSCALE_composite,64,RZ,random,1276,NAN_RESULT,7ff68a6d8a57bf82,805b077497036ce1,7ffff4536c52bdfc1000,7ffff4536c52bdfc1000,7ffe8a6d8a57bf82,7ffe8a6d8a57bf82,3001,3001,00007f81,0000,0,1
FSCALE_composite,64,RZ,random,2679,BELOW_TARGET_NORMAL_EXP,ce4cb99578b3cece,c095e1ae2bf5fe9a,bb6ce5ccabc59e767000,80000000000000000000,8000000000000000,8000000000000000,3000,3000,00007fb0,0030,-1400,2
FSCALE_composite,64,RZ,random,3242,BELOW_TARGET_NORMAL_EXP,fce1ea6a4327a801,c0ac5362b3984b73,b5a58f5352193d400800,80000000000000000000,8000000000000000,8000000000000000,3000,3000,00007fb0,0030,-3625,4
FSCALE_composite,64,RZ,random,3778,BELOW_TARGET_NORMAL_EXP,0002508eb1f5c0f1,09dbe7207ceed065,3bfe9423ac7d703c4000,3bfe9423ac7d703c4000,0002508eb1f5c0f1,0002508eb1f5c0f1,3002,3002,00007f82,0000,0,1
FSCALE_composite,64,RZ,random,3962,NAN_RESULT,7ff2b56876a3d94d,4fcc10e4323999c1,7fffd5ab43b51eca6800,7fffd5ab43b51eca6800,7ffab56876a3d94d,7ffab56876a3d94d,3001,3001,00007f81,0000,4096,5
FSCALE_composite,64,RZ,random,4833,NAN_RESULT,fff7cd014dafca45,202b131e5c179673,fffffe680a6d7e522800,fffffe680a6d7e522800,ffffcd014dafca45,ffffcd014dafca45,3001,3001,00007f81,0000,0,1
FSCALE_composite,64,RZ,random,4852,BELOW_TARGET_NORMAL_EXP,63714c001138c7d7,c0bb3637cb3bfa75,27018a600089c63eb800,00000000000000000000,0000000000000000,0000000000000000,3000,3000,00007fb0,0030,-4096,5
FSCALE_composite,64,RZ,random,4934,BELOW_TARGET_NORMAL_EXP,f6933f66e1758ee6,c0c1413ccfdc455d,a0e799fb370bac773000,80000000000000000000,8000000000000000,8000000000000000,3000,3000,00007fb0,0030,-4096,5
FSCALE_composite,64,RZ,random,5136,BELOW_TARGET_NORMAL_EXP,082b1ec9396d1c21,c07d8307809c52e7,3aaad8f649cb68e10800,00000000000000000000,0000000000000000,0000000000000000,3000,3000,00007fb0,0030,-472,1
FSCALE_composite,64,RZ,random,5225,NAN_RESULT,fff911ee97dfa19e,56576e8ccc5afbeb,ffffc88f74befd0cf000,ffffc88f74befd0cf000,fff911ee97dfa19e,fff911ee97dfa19e,3000,3000,00007f80,0000,4096,5
FSCALE_composite,64,RZ,random,5288,BELOW_TARGET_NORMAL_EXP,0004d5f3e950123f,baaf8f925a461562,3bff9abe7d2a0247e000,3bff9abe7d2a0247e000,0004d5f3e950123f,0004d5f3e950123f,3002,3002,00007f82,0000,0,1
FSCALE_composite,64,RZ,random,5320,NAN_RESULT,fff597ccdb722d53,545caaff9873a284,ffffecbe66db916a9800,ffffecbe66db916a9800,fffd97ccdb722d53,fffd97ccdb722d53,3001,3001,00007f81,0000,4096,5
FSCALE_composite,64,RZ,random,5643,NAN_RESULT,fff73e76dd032547,c160f1eeecd5f8b2,fffff9f3b6e8192a3800,fffff9f3b6e8192a3800,ffff3e76dd032547,ffff3e76dd032547,3001,3001,00007f81,0000,-4096,5
FSCALE_composite,64,RZ,random,6299,BELOW_TARGET_NORMAL_EXP,ca40ffb5aad56b45,c0bd2eaaf944d18a,a37687fdad56ab5a2800,80000000000000000000,8000000000000000,8000000000000000,3000,3000,00007fb0,0030,-4096,5
FSCALE_composite,64,RZ,random,6857,NAN_RESULT,fff2b9e1230f5bb5,33ba8d362a00422c,ffffd5cf09187adda800,ffffd5cf09187adda800,fffab9e1230f5bb5,fffab9e1230f5bb5,3001,3001,00007f81,0000,0,1
FSCALE_composite,64,RZ,random,7112,NAN_RESULT,7ff5fa7714e3a43e,06f1f331d917c213,7fffefd3b8a71d21f000,7fffefd3b8a71d21f000,7ffdfa7714e3a43e,7ffdfa7714e3a43e,3001,3001,00007f81,0000,0,1
FSCALE_composite,64,RZ,random,7144,NAN_RESULT,3832221b7de1a141,7ff94c2e50bb9ddd,7fffca617285dceee800,7fffca617285dceee800,7ff94c2e50bb9ddd,7ff94c2e50bb9ddd,3000,3000,00007f80,0000,0,1
FSCALE_composite,64,RZ,random,7144,NONFINITE_SCALE_INPUT,3832221b7de1a141,7ff94c2e50bb9ddd,7fffca617285dceee800,7fffca617285dceee800,7ff94c2e50bb9ddd,7ff94c2e50bb9ddd,3000,3000,00007f80,0000,0,1
FSCALE_composite,64,RZ,random,7150,NAN_RESULT,7ff64d3afab83048,b903d1b62938cc6f,7ffff269d7d5c1824000,7ffff269d7d5c1824000,7ffe4d3afab83048,7ffe4d3afab83048,3001,3001,00007f81,0000,0,1
FSCALE_composite,64,RZ,random,7157,NAN_RESULT,5021548c0d3ee499,fff7c82667cd086f,fffffe41333e68437800,fffffe41333e68437800,ffffc82667cd086f,ffffc82667cd086f,3001,3001,00007f81,0000,0,1
FSCALE_composite,64,RZ,random,7157,NONFINITE_SCALE_INPUT,5021548c0d3ee499,fff7c82667cd086f,fffffe41333e68437800,fffffe41333e68437800,ffffc82667cd086f,ffffc82667cd086f,3001,3001,00007f81,0000,0,1
FSCALE_composite,64,RZ,random,7865,BELOW_TARGET_NORMAL_EXP,5ea99d06d898b2b9,c0caebce6e3a1eb6,0c13cce836c4c595c800,00000000000000000000,0000000000000000,0000000000000000,3000,3000,00007fb0,0030,-4096,5
FSCALE_composite,64,RZ,random,8755,BELOW_TARGET_NORMAL_EXP,1e0a43bd7481e26a,c0c25273dbf6956b,193cd21deba40f135000,00000000000000000000,0000000000000000,0000000000000000,3000,3000,00007fb0,0030,-4096,5
FSCALE_composite,64,RZ,random,10369,NAN_RESULT,7ff831954fabc586,ab35d11c1c885b1e,7fffc18caa7d5e2c3000,7fffc18caa7d5e2c3000,7ff831954fabc586,7ff831954fabc586,3000,3000,00007f80,0000,0,1
FSCALE_composite,64,RZ,random,10393,BELOW_TARGET_NORMAL_EXP,3cc5fc9500459ce2,c0aba27ad4c54e45,31fbafe4a8022ce71000,00000000000000000000,0000000000000000,0000000000000000,3000,3000,00007fb0,0030,-3537,4
FSCALE_composite,64,RZ,random,10666,NAN_RESULT,c905b38af98eb6fc,fff966a6305ea046,ffffcb353182f5023000,ffffcb353182f5023000,fff966a6305ea046,fff966a6305ea046,3000,3000,00007f80,0000,0,1
FSCALE_composite,64,RZ,random,10666,NONFINITE_SCALE_INPUT,c905b38af98eb6fc,fff966a6305ea046,ffffcb353182f5023000,ffffcb353182f5023000,fff966a6305ea046,fff966a6305ea046,3000,3000,00007f80,0000,0,1
FSCALE_composite,64,RZ,random,10688,BELOW_TARGET_NORMAL_EXP,eab9a1486a4cc203,c0a5450f00dd06b4,b809cd0a435266101800,80000000000000000000,8000000000000000,8000000000000000,3000,3000,00007fb0,0030,-2722,3
FSCALE_composite,64,RZ,random,10731,NAN_RESULT,1ea86fb8076c0379,fff8b9f3af83f460,ffffc5cf9d7c1fa30000,ffffc5cf9d7c1fa30000,fff8b9f3af83f460,fff8b9f3af83f460,3000,3000,00007f80,0000,0,1
FSCALE_composite,64,RZ,random,10731,NONFINITE_SCALE_INPUT,1ea86fb8076c0379,fff8b9f3af83f460,ffffc5cf9d7c1fa30000,ffffc5cf9d7c1fa30000,fff8b9f3af83f460,fff8b9f3af83f460,3000,3000,00007f80,0000,0,1
FSCALE_composite,64,RZ,random,11022,BELOW_TARGET_NORMAL_EXP,13f9bc0352ab96ab,c092ed3916188cb6,3884cde01a955cb55800,00000000000000000000,0000000000000000,0000000000000000,3000,3000,00007fb0,0030,-1211,2
FSCALE_composite,64,RZ,random,11522,NAN_RESULT,7ffdb528cf0afc2e,b091db1050246ff4,7fffeda9467857e17000,7fffeda9467857e17000,7ffdb528cf0afc2e,7ffdb528cf0afc2e,3000,3000,00007f80,0000,0,1
FSCALE_composite,64,RZ,random,13303,NAN_RESULT,7ff0c1e6a8fb5b16,e7b97527a0d3b195,7fffc60f3547dad8b000,7fffc60f3547dad8b000,7ff8c1e6a8fb5b16,7ff8c1e6a8fb5b16,3001,3001,00007f81,0000,-4096,5
FSCALE_composite,64,RZ,random,13524,BELOW_TARGET_NORMAL_EXP,cef5662c53d483e5,c09557ba2ff8fd76,bb9aab31629ea41f2800,80000000000000000000,8000000000000000,8000000000000000,3000,3000,00007fb0,0030,-1365,2
FSCALE_composite,64,RZ,random,13530,NAN_RESULT,509f06ee712cd603,7ffbfa8500a13df5,7fffdfd4280509efa800,7fffdfd4280509efa800,7ffbfa8500a13df5,7ffbfa8500a13df5,3000,3000,00007f80,0000,0,1
FSCALE_composite,64,RZ,random,13530,NONFINITE_SCALE_INPUT,509f06ee712cd603,7ffbfa8500a13df5,7fffdfd4280509efa800,7fffdfd4280509efa800,7ffbfa8500a13df5,7ffbfa8500a13df5,3000,3000,00007f80,0000,0,1
FSCALE_composite,64,RZ,random,13912,NAN_RESULT,7fff3b6898a23a09,0cf584f32c80c25d,7ffff9db44c511d04800,7ffff9db44c511d04800,7fff3b6898a23a09,7fff3b6898a23a09,3000,3000,00007f80,0000,0,1
FSCALE_composite,64,RZ,random,14028,NAN_RESULT,e4510164c84bd860,fff80ef429af2c44,ffffc077a14d79622000,ffffc077a14d79622000,fff80ef429af2c44,fff80ef429af2c44,3000,3000,00007f80,0000,0,1
FSCALE_composite,64,RZ,random,14028,NONFINITE_SCALE_INPUT,e4510164c84bd860,fff80ef429af2c44,ffffc077a14d79622000,ffffc077a14d79622000,fff80ef429af2c44,fff80ef429af2c44,3000,3000,00007f80,0000,0,1
FSCALE_composite,64,RZ,random,17463,NONFINITE_SCALE_INPUT,ae97694884f57e2e,fffea3460cfdb166,fffff51a3067ed8b3000,fffff51a3067ed8b3000,fffea3460cfdb166,fffea3460cfdb166,3000,3000,00007f80,0000,0,1
FSCALE_composite,64,RZ,random,19729,NONFINITE_SCALE_INPUT,85cab8a711059b62,7ffe194562b9a845,7ffff0ca2b15cd422800,7ffff0ca2b15cd422800,7ffe194562b9a845,7ffe194562b9a845,3000,3000,00007f80,0000,0,1
FSCALE_composite,64,RZ,random,21169,NONFINITE_SCALE_INPUT,8508f7867c1f4e58,7ff9bd611b24fe9f,7fffcdeb08d927f4f800,7fffcdeb08d927f4f800,7ff9bd611b24fe9f,7ff9bd611b24fe9f,3000,3000,00007f80,0000,0,1
FSCALE_composite,64,RZ,random,22487,NONFINITE_SCALE_INPUT,ebc042449b86ea5b,fff669a1cf1aa58f,fffff34d0e78d52c7800,fffff34d0e78d52c7800,fffe69a1cf1aa58f,fffe69a1cf1aa58f,3001,3001,00007f81,0000,0,1
FSCALE_composite,64,RZ,random,27835,NONFINITE_SCALE_INPUT,f2fd80f38f424efe,fff2da063c0c807a,ffffd6d031e06403d000,ffffd6d031e06403d000,fffada063c0c807a,fffada063c0c807a,3001,3001,00007f81,0000,0,1
FSCALE_composite,64,RZ,random,28664,NONFINITE_SCALE_INPUT,3fce322de0a04ebf,7ff8853a607d2519,7fffc429d303e928c800,7fffc429d303e928c800,7ff8853a607d2519,7ff8853a607d2519,3000,3000,00007f80,0000,0,1
FSCALE_composite,64,RZ,random,29838,NONFINITE_SCALE_INPUT,cea3f1a43e653081,fff223b728d8cf44,ffffd11db946c67a2000,ffffd11db946c67a2000,fffa23b728d8cf44,fffa23b728d8cf44,3001,3001,00007f81,0000,0,1
FSCALE_composite,64,RZ,random,30212,NONFINITE_SCALE_INPUT,a05dae3ac7bd2709,fff14b385a30b761,ffffca59c2d185bb0800,ffffca59c2d185bb0800,fff94b385a30b761,fff94b385a30b761,3001,3001,00007f81,0000,0,1
FSCALE_composite,64,RZ,random,30390,NONFINITE_SCALE_INPUT,73bfca66e8381a0f,7fffedbce165b7b0,7fffff6de70b2dbd8000,7fffff6de70b2dbd8000,7fffedbce165b7b0,7fffedbce165b7b0,3000,3000,00007f80,0000,0,1
FSCALE_composite,64,RZ,random,31049,NONFINITE_SCALE_INPUT,0cb86b5d19534f80,7ff07fcbe8ab5efe,7fffc3fe5f455af7f000,7fffc3fe5f455af7f000,7ff87fcbe8ab5efe,7ff87fcbe8ab5efe,3001,3001,00007f81,0000,0,1
FSCALE_composite,64,RZ,random,32430,NONFINITE_SCALE_INPUT,c6df2d76546bd32d,ffffd71320501ffb,fffffeb8990280ffd800,fffffeb8990280ffd800,ffffd71320501ffb,ffffd71320501ffb,3000,3000,00007f80,0000,0,1
FSCALE_composite,64,RZ,random,34942,NONFINITE_SCALE_INPUT,dd3873fc3b4b06dc,7ff1ba871d023ee9,7fffcdd438e811f74800,7fffcdd438e811f74800,7ff9ba871d023ee9,7ff9ba871d023ee9,3001,3001,00007f81,0000,0,1
FSCALE_composite,64,RZ,random,36325,NONFINITE_SCALE_INPUT,946aa5a8febd61e8,7ff75654cbb39dc7,7ffffab2a65d9cee3800,7ffffab2a65d9cee3800,7fff5654cbb39dc7,7fff5654cbb39dc7,3001,3001,00007f81,0000,0,1
FSCALE_composite,64,RZ,random,37339,NONFINITE_SCALE_INPUT,791cbfeb5fb09591,fff623b04005571f,fffff11d82002ab8f800,fffff11d82002ab8f800,fffe23b04005571f,fffe23b04005571f,3001,3001,00007f81,0000,0,1
FSCALE_composite,64,RZ,random,67494,NARROWED_VALUE_MISMATCH,fffd381a91724d02,fff6628cb6f5ee32,fffff31465b7af719000,ffffe9c0d48b92681000,fffe628cb6f5ee32,fffd381a91724d02,3001,3001,00007f81,0000,0,1
FSCALE_composite,64,RZ,edge,489,NARROWED_VALUE_MISMATCH,7ff8000000000000,fff8000000000123,ffffc000000000091800,7fffc000000000000000,fff8000000000123,7ff8000000000000,3000,3000,00007f80,0000,0,1
FSCALE_composite,64,RZ,edge,490,NARROWED_VALUE_MISMATCH,7ff8000000000000,7ff0000000000001,7fffc000000000000800,7fffc000000000000000,7ff8000000000001,7ff8000000000000,3001,3001,00007f81,0000,0,1
FSCALE_composite,64,RZ,edge,491,NARROWED_VALUE_MISMATCH,7ff8000000000000,fff0000000000100,ffffc000000000080000,7fffc000000000000000,fff8000000000100,7ff8000000000000,3001,3001,00007f81,0000,0,1
FSCALE_composite,64,RZ,edge,609,NARROWED_VALUE_MISMATCH,7ff0000000000001,fff8000000000123,ffffc000000000091800,7fffc000000000000800,fff8000000000123,7ff8000000000001,3001,3001,00007f81,0000,0,1
FSCALE_composite,64,RZ,edge,611,NARROWED_VALUE_MISMATCH,7ff0000000000001,fff0000000000100,ffffc000000000080000,7fffc000000000000800,fff8000000000100,7ff8000000000001,3001,3001,00007f81,0000,0,1
FSCALE_composite,64,RZ,edge,669,NARROWED_VALUE_MISMATCH,fff0000000000100,fff8000000000123,ffffc000000000091800,ffffc000000000080000,fff8000000000123,fff8000000000100,3001,3001,00007f81,0000,0,1
