section,geometry,status,requested_core_A,repeat_identical,form,width_bits,layout,cross_offset_bytes_in_first_page,destination_offset,encoding_hex,faults_c1,initial_pages,c2_faults,c2_handler_overwrite,c2_final_pages,c2_final_regs,c2_six_flags,c2_equals_original_clean,full_context_source
A,page_and_cacheline_cross,measured,True,True,add_reg_16_lock,16,cross_rw_ro,1,4095,66f0011f,"[{""address"":""data+4096"",""error"":7,""execution_phase"":1,""fpstate_size"":2436,""gregs"":{""cr2"":""data+4096"",""csgsfs"":""0x002b000000000033"",""err"":""0x0000000000000007"",""oldmask"":""0x0000000000000000"",""r10"":""0x1010101010101010"",""r11"":""0x1212121212121212"",""r12"":""0x1313131313131313"",""r13"":""0x1414141414141414"",""r14"":""0x1515151515151515"",""r15"":""0x1616161616161616"",""r8"":""0x0808080808080808"",""r9"":""0x0909090909090909"",""rax"":""0x1122334455667788"",""rbp"":""0x778899aabbccddee"",""rbx"":""0xa1b2c3d4e5f60718"",""rcx"":""0x0000000000000003"",""rdi"":""data+4095"",""rdx"":""0x99aabbccddeeff00"",""rflags"":""0x0000000000010203"",""rip"":""code+0"",""rsi"":""source+256"",""rsp"":""stack+32768"",""trapno"":""0x000000000000000e""},""kernel_sigmask"":""0000000000000000"",""pages"":{""fill"":""11"",""page2_mapped"":true,""patches"":[],""size"":8192},""partial_write"":false,""si_code"":2,""signal"":11,""six_flags"":{""AF"":0,""CF"":1,""OF"":0,""PF"":0,""SF"":0,""ZF"":0},""trap"":14,""uc_flags"":7,""uc_link"":""0x0000000000000000"",""uc_stack"":{""flags"":0,""size"":65536,""sp"":""altstack+0""}}]","{""fill"":""11"",""page2_mapped"":true,""patches"":[],""size"":8192}","[{""address"":""data+4096"",""error"":7,""execution_phase"":1,""fpstate_size"":2436,""gregs"":{""cr2"":""data+4096"",""csgsfs"":""0x002b000000000033"",""err"":""0x0000000000000007"",""oldmask"":""0x0000000000000000"",""r10"":""0x1010101010101010"",""r11"":""0x1212121212121212"",""r12"":""0x1313131313131313"",""r13"":""0x1414141414141414"",""r14"":""0x1515151515151515"",""r15"":""0x1616161616161616"",""r8"":""0x0808080808080808"",""r9"":""0x0909090909090909"",""rax"":""0x1122334455667788"",""rbp"":""0x778899aabbccddee"",""rbx"":""0xa1b2c3d4e5f60718"",""rcx"":""0x0000000000000003"",""rdi"":""data+4095"",""rdx"":""0x99aabbccddeeff00"",""rflags"":""0x0000000000010203"",""rip"":""code+0"",""rsi"":""source+256"",""rsp"":""stack+32768"",""trapno"":""0x000000000000000e""},""kernel_sigmask"":""0000000000000000"",""pages"":{""fill"":""11"",""page2_mapped"":true,""patches"":[],""size"":8192},""partial_write"":false,""si_code"":2,""signal"":11,""six_flags"":{""AF"":0,""CF"":1,""OF"":0,""PF"":0,""SF"":0,""ZF"":0},""trap"":14,""uc_flags"":7,""uc_link"":""0x0000000000000000"",""uc_stack"":{""flags"":0,""size"":65536,""sp"":""altstack+0""}}]","0x3c across full destination footprint after mapping/protection repair, before sigreturn","{""fill"":""11"",""page2_mapped"":true,""patches"":[[4095,""5443""]],""size"":8192}","{""r10"":""0x1010101010101010"",""r11"":""0x1212121212121212"",""r12"":""0x1313131313131313"",""r13"":""0x1414141414141414"",""r14"":""0x1515151515151515"",""r15"":""0x1616161616161616"",""r8"":""0x0808080808080808"",""r9"":""0x0909090909090909"",""rax"":""0x1122334455667788"",""rbp"":""0x778899aabbccddee"",""rbx"":""0xa1b2c3d4e5f60718"",""rcx"":""0x0000000000000003"",""rdi"":""data+4095"",""rdx"":""0x99aabbccddeeff00"",""rflags"":""0x0000000000000212"",""rsi"":""source+256"",""rsp"":""stack+32768""}","{""AF"":1,""CF"":0,""OF"":0,""PF"":0,""SF"":0,""ZF"":0}",False,rmw.run1.jsonl.gz: matching form/layout/cross_offset/continuation
A,page_and_cacheline_cross,measured,True,True,add_reg_16_lock,16,cross_ro_rw,1,4095,66f0011f,"[{""address"":""data+4095"",""error"":7,""execution_phase"":1,""fpstate_size"":2436,""gregs"":{""cr2"":""data+4095"",""csgsfs"":""0x002b000000000033"",""err"":""0x0000000000000007"",""oldmask"":""0x0000000000000000"",""r10"":""0x1010101010101010"",""r11"":""0x1212121212121212"",""r12"":""0x1313131313131313"",""r13"":""0x1414141414141414"",""r14"":""0x1515151515151515"",""r15"":""0x1616161616161616"",""r8"":""0x0808080808080808"",""r9"":""0x0909090909090909"",""rax"":""0x1122334455667788"",""rbp"":""0x778899aabbccddee"",""rbx"":""0xa1b2c3d4e5f60718"",""rcx"":""0x0000000000000003"",""rdi"":""data+4095"",""rdx"":""0x99aabbccddeeff00"",""rflags"":""0x0000000000010203"",""rip"":""code+0"",""rsi"":""source+256"",""rsp"":""stack+32768"",""trapno"":""0x000000000000000e""},""kernel_sigmask"":""0000000000000000"",""pages"":{""fill"":""11"",""page2_mapped"":true,""patches"":[],""size"":8192},""partial_write"":false,""si_code"":2,""signal"":11,""six_flags"":{""AF"":0,""CF"":1,""OF"":0,""PF"":0,""SF"":0,""ZF"":0},""trap"":14,""uc_flags"":7,""uc_link"":""0x0000000000000000"",""uc_stack"":{""flags"":0,""size"":65536,""sp"":""altstack+0""}}]","{""fill"":""11"",""page2_mapped"":true,""patches"":[],""size"":8192}","[{""address"":""data+4095"",""error"":7,""execution_phase"":1,""fpstate_size"":2436,""gregs"":{""cr2"":""data+4095"",""csgsfs"":""0x002b000000000033"",""err"":""0x0000000000000007"",""oldmask"":""0x0000000000000000"",""r10"":""0x1010101010101010"",""r11"":""0x1212121212121212"",""r12"":""0x1313131313131313"",""r13"":""0x1414141414141414"",""r14"":""0x1515151515151515"",""r15"":""0x1616161616161616"",""r8"":""0x0808080808080808"",""r9"":""0x0909090909090909"",""rax"":""0x1122334455667788"",""rbp"":""0x778899aabbccddee"",""rbx"":""0xa1b2c3d4e5f60718"",""rcx"":""0x0000000000000003"",""rdi"":""data+4095"",""rdx"":""0x99aabbccddeeff00"",""rflags"":""0x0000000000010203"",""rip"":""code+0"",""rsi"":""source+256"",""rsp"":""stack+32768"",""trapno"":""0x000000000000000e""},""kernel_sigmask"":""0000000000000000"",""pages"":{""fill"":""11"",""page2_mapped"":true,""patches"":[],""size"":8192},""partial_write"":false,""si_code"":2,""signal"":11,""six_flags"":{""AF"":0,""CF"":1,""OF"":0,""PF"":0,""SF"":0,""ZF"":0},""trap"":14,""uc_flags"":7,""uc_link"":""0x0000000000000000"",""uc_stack"":{""flags"":0,""size"":65536,""sp"":""altstack+0""}}]","0x3c across full destination footprint after mapping/protection repair, before sigreturn","{""fill"":""11"",""page2_mapped"":true,""patches"":[[4095,""5443""]],""size"":8192}","{""r10"":""0x1010101010101010"",""r11"":""0x1212121212121212"",""r12"":""0x1313131313131313"",""r13"":""0x1414141414141414"",""r14"":""0x1515151515151515"",""r15"":""0x1616161616161616"",""r8"":""0x0808080808080808"",""r9"":""0x0909090909090909"",""rax"":""0x1122334455667788"",""rbp"":""0x778899aabbccddee"",""rbx"":""0xa1b2c3d4e5f60718"",""rcx"":""0x0000000000000003"",""rdi"":""data+4095"",""rdx"":""0x99aabbccddeeff00"",""rflags"":""0x0000000000000212"",""rsi"":""source+256"",""rsp"":""stack+32768""}","{""AF"":1,""CF"":0,""OF"":0,""PF"":0,""SF"":0,""ZF"":0}",False,rmw.run1.jsonl.gz: matching form/layout/cross_offset/continuation
A,page_and_cacheline_cross,measured,False,True,add_imm16_16_lock,16,cross_rw_ro,1,4095,66f081075aa5,"[{""address"":""data+4096"",""error"":7,""execution_phase"":1,""fpstate_size"":2436,""gregs"":{""cr2"":""data+4096"",""csgsfs"":""0x002b000000000033"",""err"":""0x0000000000000007"",""oldmask"":""0x0000000000000000"",""r10"":""0x1010101010101010"",""r11"":""0x1212121212121212"",""r12"":""0x1313131313131313"",""r13"":""0x1414141414141414"",""r14"":""0x1515151515151515"",""r15"":""0x1616161616161616"",""r8"":""0x0808080808080808"",""r9"":""0x0909090909090909"",""rax"":""0x1122334455667788"",""rbp"":""0x778899aabbccddee"",""rbx"":""0xa1b2c3d4e5f60718"",""rcx"":""0x0000000000000003"",""rdi"":""data+4095"",""rdx"":""0x99aabbccddeeff00"",""rflags"":""0x0000000000010203"",""rip"":""code+0"",""rsi"":""source+256"",""rsp"":""stack+32768"",""trapno"":""0x000000000000000e""},""kernel_sigmask"":""0000000000000000"",""pages"":{""fill"":""11"",""page2_mapped"":true,""patches"":[],""size"":8192},""partial_write"":false,""si_code"":2,""signal"":11,""six_flags"":{""AF"":0,""CF"":1,""OF"":0,""PF"":0,""SF"":0,""ZF"":0},""trap"":14,""uc_flags"":7,""uc_link"":""0x0000000000000000"",""uc_stack"":{""flags"":0,""size"":65536,""sp"":""altstack+0""}}]","{""fill"":""11"",""page2_mapped"":true,""patches"":[],""size"":8192}","[{""address"":""data+4096"",""error"":7,""execution_phase"":1,""fpstate_size"":2436,""gregs"":{""cr2"":""data+4096"",""csgsfs"":""0x002b000000000033"",""err"":""0x0000000000000007"",""oldmask"":""0x0000000000000000"",""r10"":""0x1010101010101010"",""r11"":""0x1212121212121212"",""r12"":""0x1313131313131313"",""r13"":""0x1414141414141414"",""r14"":""0x1515151515151515"",""r15"":""0x1616161616161616"",""r8"":""0x0808080808080808"",""r9"":""0x0909090909090909"",""rax"":""0x1122334455667788"",""rbp"":""0x778899aabbccddee"",""rbx"":""0xa1b2c3d4e5f60718"",""rcx"":""0x0000000000000003"",""rdi"":""data+4095"",""rdx"":""0x99aabbccddeeff00"",""rflags"":""0x0000000000010203"",""rip"":""code+0"",""rsi"":""source+256"",""rsp"":""stack+32768"",""trapno"":""0x000000000000000e""},""kernel_sigmask"":""0000000000000000"",""pages"":{""fill"":""11"",""page2_mapped"":true,""patches"":[],""size"":8192},""partial_write"":false,""si_code"":2,""signal"":11,""six_flags"":{""AF"":0,""CF"":1,""OF"":0,""PF"":0,""SF"":0,""ZF"":0},""trap"":14,""uc_flags"":7,""uc_link"":""0x0000000000000000"",""uc_stack"":{""flags"":0,""size"":65536,""sp"":""altstack+0""}}]","0x3c across full destination footprint after mapping/protection repair, before sigreturn","{""fill"":""11"",""page2_mapped"":true,""patches"":[[4095,""96e1""]],""size"":8192}","{""r10"":""0x1010101010101010"",""r11"":""0x1212121212121212"",""r12"":""0x1313131313131313"",""r13"":""0x1414141414141414"",""r14"":""0x1515151515151515"",""r15"":""0x1616161616161616"",""r8"":""0x0808080808080808"",""r9"":""0x0909090909090909"",""rax"":""0x1122334455667788"",""rbp"":""0x778899aabbccddee"",""rbx"":""0xa1b2c3d4e5f60718"",""rcx"":""0x0000000000000003"",""rdi"":""data+4095"",""rdx"":""0x99aabbccddeeff00"",""rflags"":""0x0000000000000296"",""rsi"":""source+256"",""rsp"":""stack+32768""}","{""AF"":1,""CF"":0,""OF"":0,""PF"":1,""SF"":1,""ZF"":0}",False,rmw.run1.jsonl.gz: matching form/layout/cross_offset/continuation
A,page_and_cacheline_cross,measured,False,True,add_imm16_16_lock,16,cross_ro_rw,1,4095,66f081075aa5,"[{""address"":""data+4095"",""error"":7,""execution_phase"":1,""fpstate_size"":2436,""gregs"":{""cr2"":""data+4095"",""csgsfs"":""0x002b000000000033"",""err"":""0x0000000000000007"",""oldmask"":""0x0000000000000000"",""r10"":""0x1010101010101010"",""r11"":""0x1212121212121212"",""r12"":""0x1313131313131313"",""r13"":""0x1414141414141414"",""r14"":""0x1515151515151515"",""r15"":""0x1616161616161616"",""r8"":""0x0808080808080808"",""r9"":""0x0909090909090909"",""rax"":""0x1122334455667788"",""rbp"":""0x778899aabbccddee"",""rbx"":""0xa1b2c3d4e5f60718"",""rcx"":""0x0000000000000003"",""rdi"":""data+4095"",""rdx"":""0x99aabbccddeeff00"",""rflags"":""0x0000000000010203"",""rip"":""code+0"",""rsi"":""source+256"",""rsp"":""stack+32768"",""trapno"":""0x000000000000000e""},""kernel_sigmask"":""0000000000000000"",""pages"":{""fill"":""11"",""page2_mapped"":true,""patches"":[],""size"":8192},""partial_write"":false,""si_code"":2,""signal"":11,""six_flags"":{""AF"":0,""CF"":1,""OF"":0,""PF"":0,""SF"":0,""ZF"":0},""trap"":14,""uc_flags"":7,""uc_link"":""0x0000000000000000"",""uc_stack"":{""flags"":0,""size"":65536,""sp"":""altstack+0""}}]","{""fill"":""11"",""page2_mapped"":true,""patches"":[],""size"":8192}","[{""address"":""data+4095"",""error"":7,""execution_phase"":1,""fpstate_size"":2436,""gregs"":{""cr2"":""data+4095"",""csgsfs"":""0x002b000000000033"",""err"":""0x0000000000000007"",""oldmask"":""0x0000000000000000"",""r10"":""0x1010101010101010"",""r11"":""0x1212121212121212"",""r12"":""0x1313131313131313"",""r13"":""0x1414141414141414"",""r14"":""0x1515151515151515"",""r15"":""0x1616161616161616"",""r8"":""0x0808080808080808"",""r9"":""0x0909090909090909"",""rax"":""0x1122334455667788"",""rbp"":""0x778899aabbccddee"",""rbx"":""0xa1b2c3d4e5f60718"",""rcx"":""0x0000000000000003"",""rdi"":""data+4095"",""rdx"":""0x99aabbccddeeff00"",""rflags"":""0x0000000000010203"",""rip"":""code+0"",""rsi"":""source+256"",""rsp"":""stack+32768"",""trapno"":""0x000000000000000e""},""kernel_sigmask"":""0000000000000000"",""pages"":{""fill"":""11"",""page2_mapped"":true,""patches"":[],""size"":8192},""partial_write"":false,""si_code"":2,""signal"":11,""six_flags"":{""AF"":0,""CF"":1,""OF"":0,""PF"":0,""SF"":0,""ZF"":0},""trap"":14,""uc_flags"":7,""uc_link"":""0x0000000000000000"",""uc_stack"":{""flags"":0,""size"":65536,""sp"":""altstack+0""}}]","0x3c across full destination footprint after mapping/protection repair, before sigreturn","{""fill"":""11"",""page2_mapped"":true,""patches"":[[4095,""96e1""]],""size"":8192}","{""r10"":""0x1010101010101010"",""r11"":""0x1212121212121212"",""r12"":""0x1313131313131313"",""r13"":""0x1414141414141414"",""r14"":""0x1515151515151515"",""r15"":""0x1616161616161616"",""r8"":""0x0808080808080808"",""r9"":""0x0909090909090909"",""rax"":""0x1122334455667788"",""rbp"":""0x778899aabbccddee"",""rbx"":""0xa1b2c3d4e5f60718"",""rcx"":""0x0000000000000003"",""rdi"":""data+4095"",""rdx"":""0x99aabbccddeeff00"",""rflags"":""0x0000000000000296"",""rsi"":""source+256"",""rsp"":""stack+32768""}","{""AF"":1,""CF"":0,""OF"":0,""PF"":1,""SF"":1,""ZF"":0}",False,rmw.run1.jsonl.gz: matching form/layout/cross_offset/continuation
A,page_and_cacheline_cross,measured,False,True,add_imm8sx_16_lock,16,cross_rw_ro,1,4095,66f08307a5,"[{""address"":""data+4096"",""error"":7,""execution_phase"":1,""fpstate_size"":2436,""gregs"":{""cr2"":""data+4096"",""csgsfs"":""0x002b000000000033"",""err"":""0x0000000000000007"",""oldmask"":""0x0000000000000000"",""r10"":""0x1010101010101010"",""r11"":""0x1212121212121212"",""r12"":""0x1313131313131313"",""r13"":""0x1414141414141414"",""r14"":""0x1515151515151515"",""r15"":""0x1616161616161616"",""r8"":""0x0808080808080808"",""r9"":""0x0909090909090909"",""rax"":""0x1122334455667788"",""rbp"":""0x778899aabbccddee"",""rbx"":""0xa1b2c3d4e5f60718"",""rcx"":""0x0000000000000003"",""rdi"":""data+4095"",""rdx"":""0x99aabbccddeeff00"",""rflags"":""0x0000000000010203"",""rip"":""code+0"",""rsi"":""source+256"",""rsp"":""stack+32768"",""trapno"":""0x000000000000000e""},""kernel_sigmask"":""0000000000000000"",""pages"":{""fill"":""11"",""page2_mapped"":true,""patches"":[],""size"":8192},""partial_write"":false,""si_code"":2,""signal"":11,""six_flags"":{""AF"":0,""CF"":1,""OF"":0,""PF"":0,""SF"":0,""ZF"":0},""trap"":14,""uc_flags"":7,""uc_link"":""0x0000000000000000"",""uc_stack"":{""flags"":0,""size"":65536,""sp"":""altstack+0""}}]","{""fill"":""11"",""page2_mapped"":true,""patches"":[],""size"":8192}","[{""address"":""data+4096"",""error"":7,""execution_phase"":1,""fpstate_size"":2436,""gregs"":{""cr2"":""data+4096"",""csgsfs"":""0x002b000000000033"",""err"":""0x0000000000000007"",""oldmask"":""0x0000000000000000"",""r10"":""0x1010101010101010"",""r11"":""0x1212121212121212"",""r12"":""0x1313131313131313"",""r13"":""0x1414141414141414"",""r14"":""0x1515151515151515"",""r15"":""0x1616161616161616"",""r8"":""0x0808080808080808"",""r9"":""0x0909090909090909"",""rax"":""0x1122334455667788"",""rbp"":""0x778899aabbccddee"",""rbx"":""0xa1b2c3d4e5f60718"",""rcx"":""0x0000000000000003"",""rdi"":""data+4095"",""rdx"":""0x99aabbccddeeff00"",""rflags"":""0x0000000000010203"",""rip"":""code+0"",""rsi"":""source+256"",""rsp"":""stack+32768"",""trapno"":""0x000000000000000e""},""kernel_sigmask"":""0000000000000000"",""pages"":{""fill"":""11"",""page2_mapped"":true,""patches"":[],""size"":8192},""partial_write"":false,""si_code"":2,""signal"":11,""six_flags"":{""AF"":0,""CF"":1,""OF"":0,""PF"":0,""SF"":0,""ZF"":0},""trap"":14,""uc_flags"":7,""uc_link"":""0x0000000000000000"",""uc_stack"":{""flags"":0,""size"":65536,""sp"":""altstack+0""}}]","0x3c across full destination footprint after mapping/protection repair, before sigreturn","{""fill"":""11"",""page2_mapped"":true,""patches"":[[4095,""e13b""]],""size"":8192}","{""r10"":""0x1010101010101010"",""r11"":""0x1212121212121212"",""r12"":""0x1313131313131313"",""r13"":""0x1414141414141414"",""r14"":""0x1515151515151515"",""r15"":""0x1616161616161616"",""r8"":""0x0808080808080808"",""r9"":""0x0909090909090909"",""rax"":""0x1122334455667788"",""rbp"":""0x778899aabbccddee"",""rbx"":""0xa1b2c3d4e5f60718"",""rcx"":""0x0000000000000003"",""rdi"":""data+4095"",""rdx"":""0x99aabbccddeeff00"",""rflags"":""0x0000000000000217"",""rsi"":""source+256"",""rsp"":""stack+32768""}","{""AF"":1,""CF"":1,""OF"":0,""PF"":1,""SF"":0,""ZF"":0}",False,rmw.run1.jsonl.gz: matching form/layout/cross_offset/continuation
A,page_and_cacheline_cross,measured,False,True,add_imm8sx_16_lock,16,cross_ro_rw,1,4095,66f08307a5,"[{""address"":""data+4095"",""error"":7,""execution_phase"":1,""fpstate_size"":2436,""gregs"":{""cr2"":""data+4095"",""csgsfs"":""0x002b000000000033"",""err"":""0x0000000000000007"",""oldmask"":""0x0000000000000000"",""r10"":""0x1010101010101010"",""r11"":""0x1212121212121212"",""r12"":""0x1313131313131313"",""r13"":""0x1414141414141414"",""r14"":""0x1515151515151515"",""r15"":""0x1616161616161616"",""r8"":""0x0808080808080808"",""r9"":""0x0909090909090909"",""rax"":""0x1122334455667788"",""rbp"":""0x778899aabbccddee"",""rbx"":""0xa1b2c3d4e5f60718"",""rcx"":""0x0000000000000003"",""rdi"":""data+4095"",""rdx"":""0x99aabbccddeeff00"",""rflags"":""0x0000000000010203"",""rip"":""code+0"",""rsi"":""source+256"",""rsp"":""stack+32768"",""trapno"":""0x000000000000000e""},""kernel_sigmask"":""0000000000000000"",""pages"":{""fill"":""11"",""page2_mapped"":true,""patches"":[],""size"":8192},""partial_write"":false,""si_code"":2,""signal"":11,""six_flags"":{""AF"":0,""CF"":1,""OF"":0,""PF"":0,""SF"":0,""ZF"":0},""trap"":14,""uc_flags"":7,""uc_link"":""0x0000000000000000"",""uc_stack"":{""flags"":0,""size"":65536,""sp"":""altstack+0""}}]","{""fill"":""11"",""page2_mapped"":true,""patches"":[],""size"":8192}","[{""address"":""data+4095"",""error"":7,""execution_phase"":1,""fpstate_size"":2436,""gregs"":{""cr2"":""data+4095"",""csgsfs"":""0x002b000000000033"",""err"":""0x0000000000000007"",""oldmask"":""0x0000000000000000"",""r10"":""0x1010101010101010"",""r11"":""0x1212121212121212"",""r12"":""0x1313131313131313"",""r13"":""0x1414141414141414"",""r14"":""0x1515151515151515"",""r15"":""0x1616161616161616"",""r8"":""0x0808080808080808"",""r9"":""0x0909090909090909"",""rax"":""0x1122334455667788"",""rbp"":""0x778899aabbccddee"",""rbx"":""0xa1b2c3d4e5f60718"",""rcx"":""0x0000000000000003"",""rdi"":""data+4095"",""rdx"":""0x99aabbccddeeff00"",""rflags"":""0x0000000000010203"",""rip"":""code+0"",""rsi"":""source+256"",""rsp"":""stack+32768"",""trapno"":""0x000000000000000e""},""kernel_sigmask"":""0000000000000000"",""pages"":{""fill"":""11"",""page2_mapped"":true,""patches"":[],""size"":8192},""partial_write"":false,""si_code"":2,""signal"":11,""six_flags"":{""AF"":0,""CF"":1,""OF"":0,""PF"":0,""SF"":0,""ZF"":0},""trap"":14,""uc_flags"":7,""uc_link"":""0x0000000000000000"",""uc_stack"":{""flags"":0,""size"":65536,""sp"":""altstack+0""}}]","0x3c across full destination footprint after mapping/protection repair, before sigreturn","{""fill"":""11"",""page2_mapped"":true,""patches"":[[4095,""e13b""]],""size"":8192}","{""r10"":""0x1010101010101010"",""r11"":""0x1212121212121212"",""r12"":""0x1313131313131313"",""r13"":""0x1414141414141414"",""r14"":""0x1515151515151515"",""r15"":""0x1616161616161616"",""r8"":""0x0808080808080808"",""r9"":""0x0909090909090909"",""rax"":""0x1122334455667788"",""rbp"":""0x778899aabbccddee"",""rbx"":""0xa1b2c3d4e5f60718"",""rcx"":""0x0000000000000003"",""rdi"":""data+4095"",""rdx"":""0x99aabbccddeeff00"",""rflags"":""0x0000000000000217"",""rsi"":""source+256"",""rsp"":""stack+32768""}","{""AF"":1,""CF"":1,""OF"":0,""PF"":1,""SF"":0,""ZF"":0}",False,rmw.run1.jsonl.gz: matching form/layout/cross_offset/continuation
A,page_and_cacheline_cross,measured,True,True,add_reg_32_lock,32,cross_rw_ro,1,4095,f0011f,"[{""address"":""data+4096"",""error"":7,""execution_phase"":1,""fpstate_size"":2436,""gregs"":{""cr2"":""data+4096"",""csgsfs"":""0x002b000000000033"",""err"":""0x0000000000000007"",""oldmask"":""0x0000000000000000"",""r10"":""0x1010101010101010"",""r11"":""0x1212121212121212"",""r12"":""0x1313131313131313"",""r13"":""0x1414141414141414"",""r14"":""0x1515151515151515"",""r15"":""0x1616161616161616"",""r8"":""0x0808080808080808"",""r9"":""0x0909090909090909"",""rax"":""0x1122334455667788"",""rbp"":""0x778899aabbccddee"",""rbx"":""0xa1b2c3d4e5f60718"",""rcx"":""0x0000000000000003"",""rdi"":""data+4095"",""rdx"":""0x99aabbccddeeff00"",""rflags"":""0x0000000000010203"",""rip"":""code+0"",""rsi"":""source+256"",""rsp"":""stack+32768"",""trapno"":""0x000000000000000e""},""kernel_sigmask"":""0000000000000000"",""pages"":{""fill"":""11"",""page2_mapped"":true,""patches"":[],""size"":8192},""partial_write"":false,""si_code"":2,""signal"":11,""six_flags"":{""AF"":0,""CF"":1,""OF"":0,""PF"":0,""SF"":0,""ZF"":0},""trap"":14,""uc_flags"":7,""uc_link"":""0x0000000000000000"",""uc_stack"":{""flags"":0,""size"":65536,""sp"":""altstack+0""}}]","{""fill"":""11"",""page2_mapped"":true,""patches"":[],""size"":8192}","[{""address"":""data+4096"",""error"":7,""execution_phase"":1,""fpstate_size"":2436,""gregs"":{""cr2"":""data+4096"",""csgsfs"":""0x002b000000000033"",""err"":""0x0000000000000007"",""oldmask"":""0x0000000000000000"",""r10"":""0x1010101010101010"",""r11"":""0x1212121212121212"",""r12"":""0x1313131313131313"",""r13"":""0x1414141414141414"",""r14"":""0x1515151515151515"",""r15"":""0x1616161616161616"",""r8"":""0x0808080808080808"",""r9"":""0x0909090909090909"",""rax"":""0x1122334455667788"",""rbp"":""0x778899aabbccddee"",""rbx"":""0xa1b2c3d4e5f60718"",""rcx"":""0x0000000000000003"",""rdi"":""data+4095"",""rdx"":""0x99aabbccddeeff00"",""rflags"":""0x0000000000010203"",""rip"":""code+0"",""rsi"":""source+256"",""rsp"":""stack+32768"",""trapno"":""0x000000000000000e""},""kernel_sigmask"":""0000000000000000"",""pages"":{""fill"":""11"",""page2_mapped"":true,""patches"":[],""size"":8192},""partial_write"":false,""si_code"":2,""signal"":11,""six_flags"":{""AF"":0,""CF"":1,""OF"":0,""PF"":0,""SF"":0,""ZF"":0},""trap"":14,""uc_flags"":7,""uc_link"":""0x0000000000000000"",""uc_stack"":{""flags"":0,""size"":65536,""sp"":""altstack+0""}}]","0x3c across full destination footprint after mapping/protection repair, before sigreturn","{""fill"":""11"",""page2_mapped"":true,""patches"":[[4095,""54433222""]],""size"":8192}","{""r10"":""0x1010101010101010"",""r11"":""0x1212121212121212"",""r12"":""0x1313131313131313"",""r13"":""0x1414141414141414"",""r14"":""0x1515151515151515"",""r15"":""0x1616161616161616"",""r8"":""0x0808080808080808"",""r9"":""0x0909090909090909"",""rax"":""0x1122334455667788"",""rbp"":""0x778899aabbccddee"",""rbx"":""0xa1b2c3d4e5f60718"",""rcx"":""0x0000000000000003"",""rdi"":""data+4095"",""rdx"":""0x99aabbccddeeff00"",""rflags"":""0x0000000000000213"",""rsi"":""source+256"",""rsp"":""stack+32768""}","{""AF"":1,""CF"":1,""OF"":0,""PF"":0,""SF"":0,""ZF"":0}",False,rmw.run1.jsonl.gz: matching form/layout/cross_offset/continuation
A,page_and_cacheline_cross,measured,True,True,add_reg_32_lock,32,cross_rw_ro,2,4094,f0011f,"[{""address"":""data+4096"",""error"":7,""execution_phase"":1,""fpstate_size"":2436,""gregs"":{""cr2"":""data+4096"",""csgsfs"":""0x002b000000000033"",""err"":""0x0000000000000007"",""oldmask"":""0x0000000000000000"",""r10"":""0x1010101010101010"",""r11"":""0x1212121212121212"",""r12"":""0x1313131313131313"",""r13"":""0x1414141414141414"",""r14"":""0x1515151515151515"",""r15"":""0x1616161616161616"",""r8"":""0x0808080808080808"",""r9"":""0x0909090909090909"",""rax"":""0x1122334455667788"",""rbp"":""0x778899aabbccddee"",""rbx"":""0xa1b2c3d4e5f60718"",""rcx"":""0x0000000000000003"",""rdi"":""data+4094"",""rdx"":""0x99aabbccddeeff00"",""rflags"":""0x0000000000010203"",""rip"":""code+0"",""rsi"":""source+256"",""rsp"":""stack+32768"",""trapno"":""0x000000000000000e""},""kernel_sigmask"":""0000000000000000"",""pages"":{""fill"":""11"",""page2_mapped"":true,""patches"":[],""size"":8192},""partial_write"":false,""si_code"":2,""signal"":11,""six_flags"":{""AF"":0,""CF"":1,""OF"":0,""PF"":0,""SF"":0,""ZF"":0},""trap"":14,""uc_flags"":7,""uc_link"":""0x0000000000000000"",""uc_stack"":{""flags"":0,""size"":65536,""sp"":""altstack+0""}}]","{""fill"":""11"",""page2_mapped"":true,""patches"":[],""size"":8192}","[{""address"":""data+4096"",""error"":7,""execution_phase"":1,""fpstate_size"":2436,""gregs"":{""cr2"":""data+4096"",""csgsfs"":""0x002b000000000033"",""err"":""0x0000000000000007"",""oldmask"":""0x0000000000000000"",""r10"":""0x1010101010101010"",""r11"":""0x1212121212121212"",""r12"":""0x1313131313131313"",""r13"":""0x1414141414141414"",""r14"":""0x1515151515151515"",""r15"":""0x1616161616161616"",""r8"":""0x0808080808080808"",""r9"":""0x0909090909090909"",""rax"":""0x1122334455667788"",""rbp"":""0x778899aabbccddee"",""rbx"":""0xa1b2c3d4e5f60718"",""rcx"":""0x0000000000000003"",""rdi"":""data+4094"",""rdx"":""0x99aabbccddeeff00"",""rflags"":""0x0000000000010203"",""rip"":""code+0"",""rsi"":""source+256"",""rsp"":""stack+32768"",""trapno"":""0x000000000000000e""},""kernel_sigmask"":""0000000000000000"",""pages"":{""fill"":""11"",""page2_mapped"":true,""patches"":[],""size"":8192},""partial_write"":false,""si_code"":2,""signal"":11,""six_flags"":{""AF"":0,""CF"":1,""OF"":0,""PF"":0,""SF"":0,""ZF"":0},""trap"":14,""uc_flags"":7,""uc_link"":""0x0000000000000000"",""uc_stack"":{""flags"":0,""size"":65536,""sp"":""altstack+0""}}]","0x3c across full destination footprint after mapping/protection repair, before sigreturn","{""fill"":""11"",""page2_mapped"":true,""patches"":[[4094,""54433222""]],""size"":8192}","{""r10"":""0x1010101010101010"",""r11"":""0x1212121212121212"",""r12"":""0x1313131313131313"",""r13"":""0x1414141414141414"",""r14"":""0x1515151515151515"",""r15"":""0x1616161616161616"",""r8"":""0x0808080808080808"",""r9"":""0x0909090909090909"",""rax"":""0x1122334455667788"",""rbp"":""0x778899aabbccddee"",""rbx"":""0xa1b2c3d4e5f60718"",""rcx"":""0x0000000000000003"",""rdi"":""data+4094"",""rdx"":""0x99aabbccddeeff00"",""rflags"":""0x0000000000000213"",""rsi"":""source+256"",""rsp"":""stack+32768""}","{""AF"":1,""CF"":1,""OF"":0,""PF"":0,""SF"":0,""ZF"":0}",False,rmw.run1.jsonl.gz: matching form/layout/cross_offset/continuation
A,page_and_cacheline_cross,measured,True,True,add_reg_32_lock,32,cross_rw_ro,3,4093,f0011f,"[{""address"":""data+4096"",""error"":7,""execution_phase"":1,""fpstate_size"":2436,""gregs"":{""cr2"":""data+4096"",""csgsfs"":""0x002b000000000033"",""err"":""0x0000000000000007"",""oldmask"":""0x0000000000000000"",""r10"":""0x1010101010101010"",""r11"":""0x1212121212121212"",""r12"":""0x1313131313131313"",""r13"":""0x1414141414141414"",""r14"":""0x1515151515151515"",""r15"":""0x1616161616161616"",""r8"":""0x0808080808080808"",""r9"":""0x0909090909090909"",""rax"":""0x1122334455667788"",""rbp"":""0x778899aabbccddee"",""rbx"":""0xa1b2c3d4e5f60718"",""rcx"":""0x0000000000000003"",""rdi"":""data+4093"",""rdx"":""0x99aabbccddeeff00"",""rflags"":""0x0000000000010203"",""rip"":""code+0"",""rsi"":""source+256"",""rsp"":""stack+32768"",""trapno"":""0x000000000000000e""},""kernel_sigmask"":""0000000000000000"",""pages"":{""fill"":""11"",""page2_mapped"":true,""patches"":[],""size"":8192},""partial_write"":false,""si_code"":2,""signal"":11,""six_flags"":{""AF"":0,""CF"":1,""OF"":0,""PF"":0,""SF"":0,""ZF"":0},""trap"":14,""uc_flags"":7,""uc_link"":""0x0000000000000000"",""uc_stack"":{""flags"":0,""size"":65536,""sp"":""altstack+0""}}]","{""fill"":""11"",""page2_mapped"":true,""patches"":[],""size"":8192}","[{""address"":""data+4096"",""error"":7,""execution_phase"":1,""fpstate_size"":2436,""gregs"":{""cr2"":""data+4096"",""csgsfs"":""0x002b000000000033"",""err"":""0x0000000000000007"",""oldmask"":""0x0000000000000000"",""r10"":""0x1010101010101010"",""r11"":""0x1212121212121212"",""r12"":""0x1313131313131313"",""r13"":""0x1414141414141414"",""r14"":""0x1515151515151515"",""r15"":""0x1616161616161616"",""r8"":""0x0808080808080808"",""r9"":""0x0909090909090909"",""rax"":""0x1122334455667788"",""rbp"":""0x778899aabbccddee"",""rbx"":""0xa1b2c3d4e5f60718"",""rcx"":""0x0000000000000003"",""rdi"":""data+4093"",""rdx"":""0x99aabbccddeeff00"",""rflags"":""0x0000000000010203"",""rip"":""code+0"",""rsi"":""source+256"",""rsp"":""stack+32768"",""trapno"":""0x000000000000000e""},""kernel_sigmask"":""0000000000000000"",""pages"":{""fill"":""11"",""page2_mapped"":true,""patches"":[],""size"":8192},""partial_write"":false,""si_code"":2,""signal"":11,""six_flags"":{""AF"":0,""CF"":1,""OF"":0,""PF"":0,""SF"":0,""ZF"":0},""trap"":14,""uc_flags"":7,""uc_link"":""0x0000000000000000"",""uc_stack"":{""flags"":0,""size"":65536,""sp"":""altstack+0""}}]","0x3c across full destination footprint after mapping/protection repair, before sigreturn","{""fill"":""11"",""page2_mapped"":true,""patches"":[[4093,""54433222""]],""size"":8192}","{""r10"":""0x1010101010101010"",""r11"":""0x1212121212121212"",""r12"":""0x1313131313131313"",""r13"":""0x1414141414141414"",""r14"":""0x1515151515151515"",""r15"":""0x1616161616161616"",""r8"":""0x0808080808080808"",""r9"":""0x0909090909090909"",""rax"":""0x1122334455667788"",""rbp"":""0x778899aabbccddee"",""rbx"":""0xa1b2c3d4e5f60718"",""rcx"":""0x0000000000000003"",""rdi"":""data+4093"",""rdx"":""0x99aabbccddeeff00"",""rflags"":""0x0000000000000213"",""rsi"":""source+256"",""rsp"":""stack+32768""}","{""AF"":1,""CF"":1,""OF"":0,""PF"":0,""SF"":0,""ZF"":0}",False,rmw.run1.jsonl.gz: matching form/layout/cross_offset/continuation
A,page_and_cacheline_cross,measured,True,True,add_reg_32_lock,32,cross_ro_rw,1,4095,f0011f,"[{""address"":""data+4095"",""error"":7,""execution_phase"":1,""fpstate_size"":2436,""gregs"":{""cr2"":""data+4095"",""csgsfs"":""0x002b000000000033"",""err"":""0x0000000000000007"",""oldmask"":""0x0000000000000000"",""r10"":""0x1010101010101010"",""r11"":""0x1212121212121212"",""r12"":""0x1313131313131313"",""r13"":""0x1414141414141414"",""r14"":""0x1515151515151515"",""r15"":""0x1616161616161616"",""r8"":""0x0808080808080808"",""r9"":""0x0909090909090909"",""rax"":""0x1122334455667788"",""rbp"":""0x778899aabbccddee"",""rbx"":""0xa1b2c3d4e5f60718"",""rcx"":""0x0000000000000003"",""rdi"":""data+4095"",""rdx"":""0x99aabbccddeeff00"",""rflags"":""0x0000000000010203"",""rip"":""code+0"",""rsi"":""source+256"",""rsp"":""stack+32768"",""trapno"":""0x000000000000000e""},""kernel_sigmask"":""0000000000000000"",""pages"":{""fill"":""11"",""page2_mapped"":true,""patches"":[],""size"":8192},""partial_write"":false,""si_code"":2,""signal"":11,""six_flags"":{""AF"":0,""CF"":1,""OF"":0,""PF"":0,""SF"":0,""ZF"":0},""trap"":14,""uc_flags"":7,""uc_link"":""0x0000000000000000"",""uc_stack"":{""flags"":0,""size"":65536,""sp"":""altstack+0""}}]","{""fill"":""11"",""page2_mapped"":true,""patches"":[],""size"":8192}","[{""address"":""data+4095"",""error"":7,""execution_phase"":1,""fpstate_size"":2436,""gregs"":{""cr2"":""data+4095"",""csgsfs"":""0x002b000000000033"",""err"":""0x0000000000000007"",""oldmask"":""0x0000000000000000"",""r10"":""0x1010101010101010"",""r11"":""0x1212121212121212"",""r12"":""0x1313131313131313"",""r13"":""0x1414141414141414"",""r14"":""0x1515151515151515"",""r15"":""0x1616161616161616"",""r8"":""0x0808080808080808"",""r9"":""0x0909090909090909"",""rax"":""0x1122334455667788"",""rbp"":""0x778899aabbccddee"",""rbx"":""0xa1b2c3d4e5f60718"",""rcx"":""0x0000000000000003"",""rdi"":""data+4095"",""rdx"":""0x99aabbccddeeff00"",""rflags"":""0x0000000000010203"",""rip"":""code+0"",""rsi"":""source+256"",""rsp"":""stack+32768"",""trapno"":""0x000000000000000e""},""kernel_sigmask"":""0000000000000000"",""pages"":{""fill"":""11"",""page2_mapped"":true,""patches"":[],""size"":8192},""partial_write"":false,""si_code"":2,""signal"":11,""six_flags"":{""AF"":0,""CF"":1,""OF"":0,""PF"":0,""SF"":0,""ZF"":0},""trap"":14,""uc_flags"":7,""uc_link"":""0x0000000000000000"",""uc_stack"":{""flags"":0,""size"":65536,""sp"":""altstack+0""}}]","0x3c across full destination footprint after mapping/protection repair, before sigreturn","{""fill"":""11"",""page2_mapped"":true,""patches"":[[4095,""54433222""]],""size"":8192}","{""r10"":""0x1010101010101010"",""r11"":""0x1212121212121212"",""r12"":""0x1313131313131313"",""r13"":""0x1414141414141414"",""r14"":""0x1515151515151515"",""r15"":""0x1616161616161616"",""r8"":""0x0808080808080808"",""r9"":""0x0909090909090909"",""rax"":""0x1122334455667788"",""rbp"":""0x778899aabbccddee"",""rbx"":""0xa1b2c3d4e5f60718"",""rcx"":""0x0000000000000003"",""rdi"":""data+4095"",""rdx"":""0x99aabbccddeeff00"",""rflags"":""0x0000000000000213"",""rsi"":""source+256"",""rsp"":""stack+32768""}","{""AF"":1,""CF"":1,""OF"":0,""PF"":0,""SF"":0,""ZF"":0}",False,rmw.run1.jsonl.gz: matching form/layout/cross_offset/continuation
A,page_and_cacheline_cross,measured,True,True,add_reg_32_lock,32,cross_ro_rw,2,4094,f0011f,"[{""address"":""data+4094"",""error"":7,""execution_phase"":1,""fpstate_size"":2436,""gregs"":{""cr2"":""data+4094"",""csgsfs"":""0x002b000000000033"",""err"":""0x0000000000000007"",""oldmask"":""0x0000000000000000"",""r10"":""0x1010101010101010"",""r11"":""0x1212121212121212"",""r12"":""0x1313131313131313"",""r13"":""0x1414141414141414"",""r14"":""0x1515151515151515"",""r15"":""0x1616161616161616"",""r8"":""0x0808080808080808"",""r9"":""0x0909090909090909"",""rax"":""0x1122334455667788"",""rbp"":""0x778899aabbccddee"",""rbx"":""0xa1b2c3d4e5f60718"",""rcx"":""0x0000000000000003"",""rdi"":""data+4094"",""rdx"":""0x99aabbccddeeff00"",""rflags"":""0x0000000000010203"",""rip"":""code+0"",""rsi"":""source+256"",""rsp"":""stack+32768"",""trapno"":""0x000000000000000e""},""kernel_sigmask"":""0000000000000000"",""pages"":{""fill"":""11"",""page2_mapped"":true,""patches"":[],""size"":8192},""partial_write"":false,""si_code"":2,""signal"":11,""six_flags"":{""AF"":0,""CF"":1,""OF"":0,""PF"":0,""SF"":0,""ZF"":0},""trap"":14,""uc_flags"":7,""uc_link"":""0x0000000000000000"",""uc_stack"":{""flags"":0,""size"":65536,""sp"":""altstack+0""}}]","{""fill"":""11"",""page2_mapped"":true,""patches"":[],""size"":8192}","[{""address"":""data+4094"",""error"":7,""execution_phase"":1,""fpstate_size"":2436,""gregs"":{""cr2"":""data+4094"",""csgsfs"":""0x002b000000000033"",""err"":""0x0000000000000007"",""oldmask"":""0x0000000000000000"",""r10"":""0x1010101010101010"",""r11"":""0x1212121212121212"",""r12"":""0x1313131313131313"",""r13"":""0x1414141414141414"",""r14"":""0x1515151515151515"",""r15"":""0x1616161616161616"",""r8"":""0x0808080808080808"",""r9"":""0x0909090909090909"",""rax"":""0x1122334455667788"",""rbp"":""0x778899aabbccddee"",""rbx"":""0xa1b2c3d4e5f60718"",""rcx"":""0x0000000000000003"",""rdi"":""data+4094"",""rdx"":""0x99aabbccddeeff00"",""rflags"":""0x0000000000010203"",""rip"":""code+0"",""rsi"":""source+256"",""rsp"":""stack+32768"",""trapno"":""0x000000000000000e""},""kernel_sigmask"":""0000000000000000"",""pages"":{""fill"":""11"",""page2_mapped"":true,""patches"":[],""size"":8192},""partial_write"":false,""si_code"":2,""signal"":11,""six_flags"":{""AF"":0,""CF"":1,""OF"":0,""PF"":0,""SF"":0,""ZF"":0},""trap"":14,""uc_flags"":7,""uc_link"":""0x0000000000000000"",""uc_stack"":{""flags"":0,""size"":65536,""sp"":""altstack+0""}}]","0x3c across full destination footprint after mapping/protection repair, before sigreturn","{""fill"":""11"",""page2_mapped"":true,""patches"":[[4094,""54433222""]],""size"":8192}","{""r10"":""0x1010101010101010"",""r11"":""0x1212121212121212"",""r12"":""0x1313131313131313"",""r13"":""0x1414141414141414"",""r14"":""0x1515151515151515"",""r15"":""0x1616161616161616"",""r8"":""0x0808080808080808"",""r9"":""0x0909090909090909"",""rax"":""0x1122334455667788"",""rbp"":""0x778899aabbccddee"",""rbx"":""0xa1b2c3d4e5f60718"",""rcx"":""0x0000000000000003"",""rdi"":""data+4094"",""rdx"":""0x99aabbccddeeff00"",""rflags"":""0x0000000000000213"",""rsi"":""source+256"",""rsp"":""stack+32768""}","{""AF"":1,""CF"":1,""OF"":0,""PF"":0,""SF"":0,""ZF"":0}",False,rmw.run1.jsonl.gz: matching form/layout/cross_offset/continuation
A,page_and_cacheline_cross,measured,True,True,add_reg_32_lock,32,cross_ro_rw,3,4093,f0011f,"[{""address"":""data+4093"",""error"":7,""execution_phase"":1,""fpstate_size"":2436,""gregs"":{""cr2"":""data+4093"",""csgsfs"":""0x002b000000000033"",""err"":""0x0000000000000007"",""oldmask"":""0x0000000000000000"",""r10"":""0x1010101010101010"",""r11"":""0x1212121212121212"",""r12"":""0x1313131313131313"",""r13"":""0x1414141414141414"",""r14"":""0x1515151515151515"",""r15"":""0x1616161616161616"",""r8"":""0x0808080808080808"",""r9"":""0x0909090909090909"",""rax"":""0x1122334455667788"",""rbp"":""0x778899aabbccddee"",""rbx"":""0xa1b2c3d4e5f60718"",""rcx"":""0x0000000000000003"",""rdi"":""data+4093"",""rdx"":""0x99aabbccddeeff00"",""rflags"":""0x0000000000010203"",""rip"":""code+0"",""rsi"":""source+256"",""rsp"":""stack+32768"",""trapno"":""0x000000000000000e""},""kernel_sigmask"":""0000000000000000"",""pages"":{""fill"":""11"",""page2_mapped"":true,""patches"":[],""size"":8192},""partial_write"":false,""si_code"":2,""signal"":11,""six_flags"":{""AF"":0,""CF"":1,""OF"":0,""PF"":0,""SF"":0,""ZF"":0},""trap"":14,""uc_flags"":7,""uc_link"":""0x0000000000000000"",""uc_stack"":{""flags"":0,""size"":65536,""sp"":""altstack+0""}}]","{""fill"":""11"",""page2_mapped"":true,""patches"":[],""size"":8192}","[{""address"":""data+4093"",""error"":7,""execution_phase"":1,""fpstate_size"":2436,""gregs"":{""cr2"":""data+4093"",""csgsfs"":""0x002b000000000033"",""err"":""0x0000000000000007"",""oldmask"":""0x0000000000000000"",""r10"":""0x1010101010101010"",""r11"":""0x1212121212121212"",""r12"":""0x1313131313131313"",""r13"":""0x1414141414141414"",""r14"":""0x1515151515151515"",""r15"":""0x1616161616161616"",""r8"":""0x0808080808080808"",""r9"":""0x0909090909090909"",""rax"":""0x1122334455667788"",""rbp"":""0x778899aabbccddee"",""rbx"":""0xa1b2c3d4e5f60718"",""rcx"":""0x0000000000000003"",""rdi"":""data+4093"",""rdx"":""0x99aabbccddeeff00"",""rflags"":""0x0000000000010203"",""rip"":""code+0"",""rsi"":""source+256"",""rsp"":""stack+32768"",""trapno"":""0x000000000000000e""},""kernel_sigmask"":""0000000000000000"",""pages"":{""fill"":""11"",""page2_mapped"":true,""patches"":[],""size"":8192},""partial_write"":false,""si_code"":2,""signal"":11,""six_flags"":{""AF"":0,""CF"":1,""OF"":0,""PF"":0,""SF"":0,""ZF"":0},""trap"":14,""uc_flags"":7,""uc_link"":""0x0000000000000000"",""uc_stack"":{""flags"":0,""size"":65536,""sp"":""altstack+0""}}]","0x3c across full destination footprint after mapping/protection repair, before sigreturn","{""fill"":""11"",""page2_mapped"":true,""patches"":[[4093,""54433222""]],""size"":8192}","{""r10"":""0x1010101010101010"",""r11"":""0x1212121212121212"",""r12"":""0x1313131313131313"",""r13"":""0x1414141414141414"",""r14"":""0x1515151515151515"",""r15"":""0x1616161616161616"",""r8"":""0x0808080808080808"",""r9"":""0x0909090909090909"",""rax"":""0x1122334455667788"",""rbp"":""0x778899aabbccddee"",""rbx"":""0xa1b2c3d4e5f60718"",""rcx"":""0x0000000000000003"",""rdi"":""data+4093"",""rdx"":""0x99aabbccddeeff00"",""rflags"":""0x0000000000000213"",""rsi"":""source+256"",""rsp"":""stack+32768""}","{""AF"":1,""CF"":1,""OF"":0,""PF"":0,""SF"":0,""ZF"":0}",False,rmw.run1.jsonl.gz: matching form/layout/cross_offset/continuation
A,page_and_cacheline_cross,measured,False,True,add_imm32_32_lock,32,cross_rw_ro,1,4095,f08107a5315aa5,"[{""address"":""data+4096"",""error"":7,""execution_phase"":1,""fpstate_size"":2436,""gregs"":{""cr2"":""data+4096"",""csgsfs"":""0x002b000000000033"",""err"":""0x0000000000000007"",""oldmask"":""0x0000000000000000"",""r10"":""0x1010101010101010"",""r11"":""0x1212121212121212"",""r12"":""0x1313131313131313"",""r13"":""0x1414141414141414"",""r14"":""0x1515151515151515"",""r15"":""0x1616161616161616"",""r8"":""0x0808080808080808"",""r9"":""0x0909090909090909"",""rax"":""0x1122334455667788"",""rbp"":""0x778899aabbccddee"",""rbx"":""0xa1b2c3d4e5f60718"",""rcx"":""0x0000000000000003"",""rdi"":""data+4095"",""rdx"":""0x99aabbccddeeff00"",""rflags"":""0x0000000000010203"",""rip"":""code+0"",""rsi"":""source+256"",""rsp"":""stack+32768"",""trapno"":""0x000000000000000e""},""kernel_sigmask"":""0000000000000000"",""pages"":{""fill"":""11"",""page2_mapped"":true,""patches"":[],""size"":8192},""partial_write"":false,""si_code"":2,""signal"":11,""six_flags"":{""AF"":0,""CF"":1,""OF"":0,""PF"":0,""SF"":0,""ZF"":0},""trap"":14,""uc_flags"":7,""uc_link"":""0x0000000000000000"",""uc_stack"":{""flags"":0,""size"":65536,""sp"":""altstack+0""}}]","{""fill"":""11"",""page2_mapped"":true,""patches"":[],""size"":8192}","[{""address"":""data+4096"",""error"":7,""execution_phase"":1,""fpstate_size"":2436,""gregs"":{""cr2"":""data+4096"",""csgsfs"":""0x002b000000000033"",""err"":""0x0000000000000007"",""oldmask"":""0x0000000000000000"",""r10"":""0x1010101010101010"",""r11"":""0x1212121212121212"",""r12"":""0x1313131313131313"",""r13"":""0x1414141414141414"",""r14"":""0x1515151515151515"",""r15"":""0x1616161616161616"",""r8"":""0x0808080808080808"",""r9"":""0x0909090909090909"",""rax"":""0x1122334455667788"",""rbp"":""0x778899aabbccddee"",""rbx"":""0xa1b2c3d4e5f60718"",""rcx"":""0x0000000000000003"",""rdi"":""data+4095"",""rdx"":""0x99aabbccddeeff00"",""rflags"":""0x0000000000010203"",""rip"":""code+0"",""rsi"":""source+256"",""rsp"":""stack+32768"",""trapno"":""0x000000000000000e""},""kernel_sigmask"":""0000000000000000"",""pages"":{""fill"":""11"",""page2_mapped"":true,""patches"":[],""size"":8192},""partial_write"":false,""si_code"":2,""signal"":11,""six_flags"":{""AF"":0,""CF"":1,""OF"":0,""PF"":0,""SF"":0,""ZF"":0},""trap"":14,""uc_flags"":7,""uc_link"":""0x0000000000000000"",""uc_stack"":{""flags"":0,""size"":65536,""sp"":""altstack+0""}}]","0x3c across full destination footprint after mapping/protection repair, before sigreturn","{""fill"":""11"",""page2_mapped"":true,""patches"":[[4095,""e16d96e1""]],""size"":8192}","{""r10"":""0x1010101010101010"",""r11"":""0x1212121212121212"",""r12"":""0x1313131313131313"",""r13"":""0x1414141414141414"",""r14"":""0x1515151515151515"",""r15"":""0x1616161616161616"",""r8"":""0x0808080808080808"",""r9"":""0x0909090909090909"",""rax"":""0x1122334455667788"",""rbp"":""0x778899aabbccddee"",""rbx"":""0xa1b2c3d4e5f60718"",""rcx"":""0x0000000000000003"",""rdi"":""data+4095"",""rdx"":""0x99aabbccddeeff00"",""rflags"":""0x0000000000000296"",""rsi"":""source+256"",""rsp"":""stack+32768""}","{""AF"":1,""CF"":0,""OF"":0,""PF"":1,""SF"":1,""ZF"":0}",False,rmw.run1.jsonl.gz: matching form/layout/cross_offset/continuation
A,page_and_cacheline_cross,measured,False,True,add_imm32_32_lock,32,cross_rw_ro,2,4094,f08107a5315aa5,"[{""address"":""data+4096"",""error"":7,""execution_phase"":1,""fpstate_size"":2436,""gregs"":{""cr2"":""data+4096"",""csgsfs"":""0x002b000000000033"",""err"":""0x0000000000000007"",""oldmask"":""0x0000000000000000"",""r10"":""0x1010101010101010"",""r11"":""0x1212121212121212"",""r12"":""0x1313131313131313"",""r13"":""0x1414141414141414"",""r14"":""0x1515151515151515"",""r15"":""0x1616161616161616"",""r8"":""0x0808080808080808"",""r9"":""0x0909090909090909"",""rax"":""0x1122334455667788"",""rbp"":""0x778899aabbccddee"",""rbx"":""0xa1b2c3d4e5f60718"",""rcx"":""0x0000000000000003"",""rdi"":""data+4094"",""rdx"":""0x99aabbccddeeff00"",""rflags"":""0x0000000000010203"",""rip"":""code+0"",""rsi"":""source+256"",""rsp"":""stack+32768"",""trapno"":""0x000000000000000e""},""kernel_sigmask"":""0000000000000000"",""pages"":{""fill"":""11"",""page2_mapped"":true,""patches"":[],""size"":8192},""partial_write"":false,""si_code"":2,""signal"":11,""six_flags"":{""AF"":0,""CF"":1,""OF"":0,""PF"":0,""SF"":0,""ZF"":0},""trap"":14,""uc_flags"":7,""uc_link"":""0x0000000000000000"",""uc_stack"":{""flags"":0,""size"":65536,""sp"":""altstack+0""}}]","{""fill"":""11"",""page2_mapped"":true,""patches"":[],""size"":8192}","[{""address"":""data+4096"",""error"":7,""execution_phase"":1,""fpstate_size"":2436,""gregs"":{""cr2"":""data+4096"",""csgsfs"":""0x002b000000000033"",""err"":""0x0000000000000007"",""oldmask"":""0x0000000000000000"",""r10"":""0x1010101010101010"",""r11"":""0x1212121212121212"",""r12"":""0x1313131313131313"",""r13"":""0x1414141414141414"",""r14"":""0x1515151515151515"",""r15"":""0x1616161616161616"",""r8"":""0x0808080808080808"",""r9"":""0x0909090909090909"",""rax"":""0x1122334455667788"",""rbp"":""0x778899aabbccddee"",""rbx"":""0xa1b2c3d4e5f60718"",""rcx"":""0x0000000000000003"",""rdi"":""data+4094"",""rdx"":""0x99aabbccddeeff00"",""rflags"":""0x0000000000010203"",""rip"":""code+0"",""rsi"":""source+256"",""rsp"":""stack+32768"",""trapno"":""0x000000000000000e""},""kernel_sigmask"":""0000000000000000"",""pages"":{""fill"":""11"",""page2_mapped"":true,""patches"":[],""size"":8192},""partial_write"":false,""si_code"":2,""signal"":11,""six_flags"":{""AF"":0,""CF"":1,""OF"":0,""PF"":0,""SF"":0,""ZF"":0},""trap"":14,""uc_flags"":7,""uc_link"":""0x0000000000000000"",""uc_stack"":{""flags"":0,""size"":65536,""sp"":""altstack+0""}}]","0x3c across full destination footprint after mapping/protection repair, before sigreturn","{""fill"":""11"",""page2_mapped"":true,""patches"":[[4094,""e16d96e1""]],""size"":8192}","{""r10"":""0x1010101010101010"",""r11"":""0x1212121212121212"",""r12"":""0x1313131313131313"",""r13"":""0x1414141414141414"",""r14"":""0x1515151515151515"",""r15"":""0x1616161616161616"",""r8"":""0x0808080808080808"",""r9"":""0x0909090909090909"",""rax"":""0x1122334455667788"",""rbp"":""0x778899aabbccddee"",""rbx"":""0xa1b2c3d4e5f60718"",""rcx"":""0x0000000000000003"",""rdi"":""data+4094"",""rdx"":""0x99aabbccddeeff00"",""rflags"":""0x0000000000000296"",""rsi"":""source+256"",""rsp"":""stack+32768""}","{""AF"":1,""CF"":0,""OF"":0,""PF"":1,""SF"":1,""ZF"":0}",False,rmw.run1.jsonl.gz: matching form/layout/cross_offset/continuation
A,page_and_cacheline_cross,measured,False,True,add_imm32_32_lock,32,cross_rw_ro,3,4093,f08107a5315aa5,"[{""address"":""data+4096"",""error"":7,""execution_phase"":1,""fpstate_size"":2436,""gregs"":{""cr2"":""data+4096"",""csgsfs"":""0x002b000000000033"",""err"":""0x0000000000000007"",""oldmask"":""0x0000000000000000"",""r10"":""0x1010101010101010"",""r11"":""0x1212121212121212"",""r12"":""0x1313131313131313"",""r13"":""0x1414141414141414"",""r14"":""0x1515151515151515"",""r15"":""0x1616161616161616"",""r8"":""0x0808080808080808"",""r9"":""0x0909090909090909"",""rax"":""0x1122334455667788"",""rbp"":""0x778899aabbccddee"",""rbx"":""0xa1b2c3d4e5f60718"",""rcx"":""0x0000000000000003"",""rdi"":""data+4093"",""rdx"":""0x99aabbccddeeff00"",""rflags"":""0x0000000000010203"",""rip"":""code+0"",""rsi"":""source+256"",""rsp"":""stack+32768"",""trapno"":""0x000000000000000e""},""kernel_sigmask"":""0000000000000000"",""pages"":{""fill"":""11"",""page2_mapped"":true,""patches"":[],""size"":8192},""partial_write"":false,""si_code"":2,""signal"":11,""six_flags"":{""AF"":0,""CF"":1,""OF"":0,""PF"":0,""SF"":0,""ZF"":0},""trap"":14,""uc_flags"":7,""uc_link"":""0x0000000000000000"",""uc_stack"":{""flags"":0,""size"":65536,""sp"":""altstack+0""}}]","{""fill"":""11"",""page2_mapped"":true,""patches"":[],""size"":8192}","[{""address"":""data+4096"",""error"":7,""execution_phase"":1,""fpstate_size"":2436,""gregs"":{""cr2"":""data+4096"",""csgsfs"":""0x002b000000000033"",""err"":""0x0000000000000007"",""oldmask"":""0x0000000000000000"",""r10"":""0x1010101010101010"",""r11"":""0x1212121212121212"",""r12"":""0x1313131313131313"",""r13"":""0x1414141414141414"",""r14"":""0x1515151515151515"",""r15"":""0x1616161616161616"",""r8"":""0x0808080808080808"",""r9"":""0x0909090909090909"",""rax"":""0x1122334455667788"",""rbp"":""0x778899aabbccddee"",""rbx"":""0xa1b2c3d4e5f60718"",""rcx"":""0x0000000000000003"",""rdi"":""data+4093"",""rdx"":""0x99aabbccddeeff00"",""rflags"":""0x0000000000010203"",""rip"":""code+0"",""rsi"":""source+256"",""rsp"":""stack+32768"",""trapno"":""0x000000000000000e""},""kernel_sigmask"":""0000000000000000"",""pages"":{""fill"":""11"",""page2_mapped"":true,""patches"":[],""size"":8192},""partial_write"":false,""si_code"":2,""signal"":11,""six_flags"":{""AF"":0,""CF"":1,""OF"":0,""PF"":0,""SF"":0,""ZF"":0},""trap"":14,""uc_flags"":7,""uc_link"":""0x0000000000000000"",""uc_stack"":{""flags"":0,""size"":65536,""sp"":""altstack+0""}}]","0x3c across full destination footprint after mapping/protection repair, before sigreturn","{""fill"":""11"",""page2_mapped"":true,""patches"":[[4093,""e16d96e1""]],""size"":8192}","{""r10"":""0x1010101010101010"",""r11"":""0x1212121212121212"",""r12"":""0x1313131313131313"",""r13"":""0x1414141414141414"",""r14"":""0x1515151515151515"",""r15"":""0x1616161616161616"",""r8"":""0x0808080808080808"",""r9"":""0x0909090909090909"",""rax"":""0x1122334455667788"",""rbp"":""0x778899aabbccddee"",""rbx"":""0xa1b2c3d4e5f60718"",""rcx"":""0x0000000000000003"",""rdi"":""data+4093"",""rdx"":""0x99aabbccddeeff00"",""rflags"":""0x0000000000000296"",""rsi"":""source+256"",""rsp"":""stack+32768""}","{""AF"":1,""CF"":0,""OF"":0,""PF"":1,""SF"":1,""ZF"":0}",False,rmw.run1.jsonl.gz: matching form/layout/cross_offset/continuation
A,page_and_cacheline_cross,measured,False,True,add_imm32_32_lock,32,cross_ro_rw,1,4095,f08107a5315aa5,"[{""address"":""data+4095"",""error"":7,""execution_phase"":1,""fpstate_size"":2436,""gregs"":{""cr2"":""data+4095"",""csgsfs"":""0x002b000000000033"",""err"":""0x0000000000000007"",""oldmask"":""0x0000000000000000"",""r10"":""0x1010101010101010"",""r11"":""0x1212121212121212"",""r12"":""0x1313131313131313"",""r13"":""0x1414141414141414"",""r14"":""0x1515151515151515"",""r15"":""0x1616161616161616"",""r8"":""0x0808080808080808"",""r9"":""0x0909090909090909"",""rax"":""0x1122334455667788"",""rbp"":""0x778899aabbccddee"",""rbx"":""0xa1b2c3d4e5f60718"",""rcx"":""0x0000000000000003"",""rdi"":""data+4095"",""rdx"":""0x99aabbccddeeff00"",""rflags"":""0x0000000000010203"",""rip"":""code+0"",""rsi"":""source+256"",""rsp"":""stack+32768"",""trapno"":""0x000000000000000e""},""kernel_sigmask"":""0000000000000000"",""pages"":{""fill"":""11"",""page2_mapped"":true,""patches"":[],""size"":8192},""partial_write"":false,""si_code"":2,""signal"":11,""six_flags"":{""AF"":0,""CF"":1,""OF"":0,""PF"":0,""SF"":0,""ZF"":0},""trap"":14,""uc_flags"":7,""uc_link"":""0x0000000000000000"",""uc_stack"":{""flags"":0,""size"":65536,""sp"":""altstack+0""}}]","{""fill"":""11"",""page2_mapped"":true,""patches"":[],""size"":8192}","[{""address"":""data+4095"",""error"":7,""execution_phase"":1,""fpstate_size"":2436,""gregs"":{""cr2"":""data+4095"",""csgsfs"":""0x002b000000000033"",""err"":""0x0000000000000007"",""oldmask"":""0x0000000000000000"",""r10"":""0x1010101010101010"",""r11"":""0x1212121212121212"",""r12"":""0x1313131313131313"",""r13"":""0x1414141414141414"",""r14"":""0x1515151515151515"",""r15"":""0x1616161616161616"",""r8"":""0x0808080808080808"",""r9"":""0x0909090909090909"",""rax"":""0x1122334455667788"",""rbp"":""0x778899aabbccddee"",""rbx"":""0xa1b2c3d4e5f60718"",""rcx"":""0x0000000000000003"",""rdi"":""data+4095"",""rdx"":""0x99aabbccddeeff00"",""rflags"":""0x0000000000010203"",""rip"":""code+0"",""rsi"":""source+256"",""rsp"":""stack+32768"",""trapno"":""0x000000000000000e""},""kernel_sigmask"":""0000000000000000"",""pages"":{""fill"":""11"",""page2_mapped"":true,""patches"":[],""size"":8192},""partial_write"":false,""si_code"":2,""signal"":11,""six_flags"":{""AF"":0,""CF"":1,""OF"":0,""PF"":0,""SF"":0,""ZF"":0},""trap"":14,""uc_flags"":7,""uc_link"":""0x0000000000000000"",""uc_stack"":{""flags"":0,""size"":65536,""sp"":""altstack+0""}}]","0x3c across full destination footprint after mapping/protection repair, before sigreturn","{""fill"":""11"",""page2_mapped"":true,""patches"":[[4095,""e16d96e1""]],""size"":8192}","{""r10"":""0x1010101010101010"",""r11"":""0x1212121212121212"",""r12"":""0x1313131313131313"",""r13"":""0x1414141414141414"",""r14"":""0x1515151515151515"",""r15"":""0x1616161616161616"",""r8"":""0x0808080808080808"",""r9"":""0x0909090909090909"",""rax"":""0x1122334455667788"",""rbp"":""0x778899aabbccddee"",""rbx"":""0xa1b2c3d4e5f60718"",""rcx"":""0x0000000000000003"",""rdi"":""data+4095"",""rdx"":""0x99aabbccddeeff00"",""rflags"":""0x0000000000000296"",""rsi"":""source+256"",""rsp"":""stack+32768""}","{""AF"":1,""CF"":0,""OF"":0,""PF"":1,""SF"":1,""ZF"":0}",False,rmw.run1.jsonl.gz: matching form/layout/cross_offset/continuation
A,page_and_cacheline_cross,measured,False,True,add_imm32_32_lock,32,cross_ro_rw,2,4094,f08107a5315aa5,"[{""address"":""data+4094"",""error"":7,""execution_phase"":1,""fpstate_size"":2436,""gregs"":{""cr2"":""data+4094"",""csgsfs"":""0x002b000000000033"",""err"":""0x0000000000000007"",""oldmask"":""0x0000000000000000"",""r10"":""0x1010101010101010"",""r11"":""0x1212121212121212"",""r12"":""0x1313131313131313"",""r13"":""0x1414141414141414"",""r14"":""0x1515151515151515"",""r15"":""0x1616161616161616"",""r8"":""0x0808080808080808"",""r9"":""0x0909090909090909"",""rax"":""0x1122334455667788"",""rbp"":""0x778899aabbccddee"",""rbx"":""0xa1b2c3d4e5f60718"",""rcx"":""0x0000000000000003"",""rdi"":""data+4094"",""rdx"":""0x99aabbccddeeff00"",""rflags"":""0x0000000000010203"",""rip"":""code+0"",""rsi"":""source+256"",""rsp"":""stack+32768"",""trapno"":""0x000000000000000e""},""kernel_sigmask"":""0000000000000000"",""pages"":{""fill"":""11"",""page2_mapped"":true,""patches"":[],""size"":8192},""partial_write"":false,""si_code"":2,""signal"":11,""six_flags"":{""AF"":0,""CF"":1,""OF"":0,""PF"":0,""SF"":0,""ZF"":0},""trap"":14,""uc_flags"":7,""uc_link"":""0x0000000000000000"",""uc_stack"":{""flags"":0,""size"":65536,""sp"":""altstack+0""}}]","{""fill"":""11"",""page2_mapped"":true,""patches"":[],""size"":8192}","[{""address"":""data+4094"",""error"":7,""execution_phase"":1,""fpstate_size"":2436,""gregs"":{""cr2"":""data+4094"",""csgsfs"":""0x002b000000000033"",""err"":""0x0000000000000007"",""oldmask"":""0x0000000000000000"",""r10"":""0x1010101010101010"",""r11"":""0x1212121212121212"",""r12"":""0x1313131313131313"",""r13"":""0x1414141414141414"",""r14"":""0x1515151515151515"",""r15"":""0x1616161616161616"",""r8"":""0x0808080808080808"",""r9"":""0x0909090909090909"",""rax"":""0x1122334455667788"",""rbp"":""0x778899aabbccddee"",""rbx"":""0xa1b2c3d4e5f60718"",""rcx"":""0x0000000000000003"",""rdi"":""data+4094"",""rdx"":""0x99aabbccddeeff00"",""rflags"":""0x0000000000010203"",""rip"":""code+0"",""rsi"":""source+256"",""rsp"":""stack+32768"",""trapno"":""0x000000000000000e""},""kernel_sigmask"":""0000000000000000"",""pages"":{""fill"":""11"",""page2_mapped"":true,""patches"":[],""size"":8192},""partial_write"":false,""si_code"":2,""signal"":11,""six_flags"":{""AF"":0,""CF"":1,""OF"":0,""PF"":0,""SF"":0,""ZF"":0},""trap"":14,""uc_flags"":7,""uc_link"":""0x0000000000000000"",""uc_stack"":{""flags"":0,""size"":65536,""sp"":""altstack+0""}}]","0x3c across full destination footprint after mapping/protection repair, before sigreturn","{""fill"":""11"",""page2_mapped"":true,""patches"":[[4094,""e16d96e1""]],""size"":8192}","{""r10"":""0x1010101010101010"",""r11"":""0x1212121212121212"",""r12"":""0x1313131313131313"",""r13"":""0x1414141414141414"",""r14"":""0x1515151515151515"",""r15"":""0x1616161616161616"",""r8"":""0x0808080808080808"",""r9"":""0x0909090909090909"",""rax"":""0x1122334455667788"",""rbp"":""0x778899aabbccddee"",""rbx"":""0xa1b2c3d4e5f60718"",""rcx"":""0x0000000000000003"",""rdi"":""data+4094"",""rdx"":""0x99aabbccddeeff00"",""rflags"":""0x0000000000000296"",""rsi"":""source+256"",""rsp"":""stack+32768""}","{""AF"":1,""CF"":0,""OF"":0,""PF"":1,""SF"":1,""ZF"":0}",False,rmw.run1.jsonl.gz: matching form/layout/cross_offset/continuation
A,page_and_cacheline_cross,measured,False,True,add_imm32_32_lock,32,cross_ro_rw,3,4093,f08107a5315aa5,"[{""address"":""data+4093"",""error"":7,""execution_phase"":1,""fpstate_size"":2436,""gregs"":{""cr2"":""data+4093"",""csgsfs"":""0x002b000000000033"",""err"":""0x0000000000000007"",""oldmask"":""0x0000000000000000"",""r10"":""0x1010101010101010"",""r11"":""0x1212121212121212"",""r12"":""0x1313131313131313"",""r13"":""0x1414141414141414"",""r14"":""0x1515151515151515"",""r15"":""0x1616161616161616"",""r8"":""0x0808080808080808"",""r9"":""0x0909090909090909"",""rax"":""0x1122334455667788"",""rbp"":""0x778899aabbccddee"",""rbx"":""0xa1b2c3d4e5f60718"",""rcx"":""0x0000000000000003"",""rdi"":""data+4093"",""rdx"":""0x99aabbccddeeff00"",""rflags"":""0x0000000000010203"",""rip"":""code+0"",""rsi"":""source+256"",""rsp"":""stack+32768"",""trapno"":""0x000000000000000e""},""kernel_sigmask"":""0000000000000000"",""pages"":{""fill"":""11"",""page2_mapped"":true,""patches"":[],""size"":8192},""partial_write"":false,""si_code"":2,""signal"":11,""six_flags"":{""AF"":0,""CF"":1,""OF"":0,""PF"":0,""SF"":0,""ZF"":0},""trap"":14,""uc_flags"":7,""uc_link"":""0x0000000000000000"",""uc_stack"":{""flags"":0,""size"":65536,""sp"":""altstack+0""}}]","{""fill"":""11"",""page2_mapped"":true,""patches"":[],""size"":8192}","[{""address"":""data+4093"",""error"":7,""execution_phase"":1,""fpstate_size"":2436,""gregs"":{""cr2"":""data+4093"",""csgsfs"":""0x002b000000000033"",""err"":""0x0000000000000007"",""oldmask"":""0x0000000000000000"",""r10"":""0x1010101010101010"",""r11"":""0x1212121212121212"",""r12"":""0x1313131313131313"",""r13"":""0x1414141414141414"",""r14"":""0x1515151515151515"",""r15"":""0x1616161616161616"",""r8"":""0x0808080808080808"",""r9"":""0x0909090909090909"",""rax"":""0x1122334455667788"",""rbp"":""0x778899aabbccddee"",""rbx"":""0xa1b2c3d4e5f60718"",""rcx"":""0x0000000000000003"",""rdi"":""data+4093"",""rdx"":""0x99aabbccddeeff00"",""rflags"":""0x0000000000010203"",""rip"":""code+0"",""rsi"":""source+256"",""rsp"":""stack+32768"",""trapno"":""0x000000000000000e""},""kernel_sigmask"":""0000000000000000"",""pages"":{""fill"":""11"",""page2_mapped"":true,""patches"":[],""size"":8192},""partial_write"":false,""si_code"":2,""signal"":11,""six_flags"":{""AF"":0,""CF"":1,""OF"":0,""PF"":0,""SF"":0,""ZF"":0},""trap"":14,""uc_flags"":7,""uc_link"":""0x0000000000000000"",""uc_stack"":{""flags"":0,""size"":65536,""sp"":""altstack+0""}}]","0x3c across full destination footprint after mapping/protection repair, before sigreturn","{""fill"":""11"",""page2_mapped"":true,""patches"":[[4093,""e16d96e1""]],""size"":8192}","{""r10"":""0x1010101010101010"",""r11"":""0x1212121212121212"",""r12"":""0x1313131313131313"",""r13"":""0x1414141414141414"",""r14"":""0x1515151515151515"",""r15"":""0x1616161616161616"",""r8"":""0x0808080808080808"",""r9"":""0x0909090909090909"",""rax"":""0x1122334455667788"",""rbp"":""0x778899aabbccddee"",""rbx"":""0xa1b2c3d4e5f60718"",""rcx"":""0x0000000000000003"",""rdi"":""data+4093"",""rdx"":""0x99aabbccddeeff00"",""rflags"":""0x0000000000000296"",""rsi"":""source+256"",""rsp"":""stack+32768""}","{""AF"":1,""CF"":0,""OF"":0,""PF"":1,""SF"":1,""ZF"":0}",False,rmw.run1.jsonl.gz: matching form/layout/cross_offset/continuation
A,page_and_cacheline_cross,measured,False,True,add_imm8sx_32_lock,32,cross_rw_ro,1,4095,f08307a5,"[{""address"":""data+4096"",""error"":7,""execution_phase"":1,""fpstate_size"":2436,""gregs"":{""cr2"":""data+4096"",""csgsfs"":""0x002b000000000033"",""err"":""0x0000000000000007"",""oldmask"":""0x0000000000000000"",""r10"":""0x1010101010101010"",""r11"":""0x1212121212121212"",""r12"":""0x1313131313131313"",""r13"":""0x1414141414141414"",""r14"":""0x1515151515151515"",""r15"":""0x1616161616161616"",""r8"":""0x0808080808080808"",""r9"":""0x0909090909090909"",""rax"":""0x1122334455667788"",""rbp"":""0x778899aabbccddee"",""rbx"":""0xa1b2c3d4e5f60718"",""rcx"":""0x0000000000000003"",""rdi"":""data+4095"",""rdx"":""0x99aabbccddeeff00"",""rflags"":""0x0000000000010203"",""rip"":""code+0"",""rsi"":""source+256"",""rsp"":""stack+32768"",""trapno"":""0x000000000000000e""},""kernel_sigmask"":""0000000000000000"",""pages"":{""fill"":""11"",""page2_mapped"":true,""patches"":[],""size"":8192},""partial_write"":false,""si_code"":2,""signal"":11,""six_flags"":{""AF"":0,""CF"":1,""OF"":0,""PF"":0,""SF"":0,""ZF"":0},""trap"":14,""uc_flags"":7,""uc_link"":""0x0000000000000000"",""uc_stack"":{""flags"":0,""size"":65536,""sp"":""altstack+0""}}]","{""fill"":""11"",""page2_mapped"":true,""patches"":[],""size"":8192}","[{""address"":""data+4096"",""error"":7,""execution_phase"":1,""fpstate_size"":2436,""gregs"":{""cr2"":""data+4096"",""csgsfs"":""0x002b000000000033"",""err"":""0x0000000000000007"",""oldmask"":""0x0000000000000000"",""r10"":""0x1010101010101010"",""r11"":""0x1212121212121212"",""r12"":""0x1313131313131313"",""r13"":""0x1414141414141414"",""r14"":""0x1515151515151515"",""r15"":""0x1616161616161616"",""r8"":""0x0808080808080808"",""r9"":""0x0909090909090909"",""rax"":""0x1122334455667788"",""rbp"":""0x778899aabbccddee"",""rbx"":""0xa1b2c3d4e5f60718"",""rcx"":""0x0000000000000003"",""rdi"":""data+4095"",""rdx"":""0x99aabbccddeeff00"",""rflags"":""0x0000000000010203"",""rip"":""code+0"",""rsi"":""source+256"",""rsp"":""stack+32768"",""trapno"":""0x000000000000000e""},""kernel_sigmask"":""0000000000000000"",""pages"":{""fill"":""11"",""page2_mapped"":true,""patches"":[],""size"":8192},""partial_write"":false,""si_code"":2,""signal"":11,""six_flags"":{""AF"":0,""CF"":1,""OF"":0,""PF"":0,""SF"":0,""ZF"":0},""trap"":14,""uc_flags"":7,""uc_link"":""0x0000000000000000"",""uc_stack"":{""flags"":0,""size"":65536,""sp"":""altstack+0""}}]","0x3c across full destination footprint after mapping/protection repair, before sigreturn","{""fill"":""11"",""page2_mapped"":true,""patches"":[[4095,""e13b3c3c""]],""size"":8192}","{""r10"":""0x1010101010101010"",""r11"":""0x1212121212121212"",""r12"":""0x1313131313131313"",""r13"":""0x1414141414141414"",""r14"":""0x1515151515151515"",""r15"":""0x1616161616161616"",""r8"":""0x0808080808080808"",""r9"":""0x0909090909090909"",""rax"":""0x1122334455667788"",""rbp"":""0x778899aabbccddee"",""rbx"":""0xa1b2c3d4e5f60718"",""rcx"":""0x0000000000000003"",""rdi"":""data+4095"",""rdx"":""0x99aabbccddeeff00"",""rflags"":""0x0000000000000217"",""rsi"":""source+256"",""rsp"":""stack+32768""}","{""AF"":1,""CF"":1,""OF"":0,""PF"":1,""SF"":0,""ZF"":0}",False,rmw.run1.jsonl.gz: matching form/layout/cross_offset/continuation
A,page_and_cacheline_cross,measured,False,True,add_imm8sx_32_lock,32,cross_rw_ro,2,4094,f08307a5,"[{""address"":""data+4096"",""error"":7,""execution_phase"":1,""fpstate_size"":2436,""gregs"":{""cr2"":""data+4096"",""csgsfs"":""0x002b000000000033"",""err"":""0x0000000000000007"",""oldmask"":""0x0000000000000000"",""r10"":""0x1010101010101010"",""r11"":""0x1212121212121212"",""r12"":""0x1313131313131313"",""r13"":""0x1414141414141414"",""r14"":""0x1515151515151515"",""r15"":""0x1616161616161616"",""r8"":""0x0808080808080808"",""r9"":""0x0909090909090909"",""rax"":""0x1122334455667788"",""rbp"":""0x778899aabbccddee"",""rbx"":""0xa1b2c3d4e5f60718"",""rcx"":""0x0000000000000003"",""rdi"":""data+4094"",""rdx"":""0x99aabbccddeeff00"",""rflags"":""0x0000000000010203"",""rip"":""code+0"",""rsi"":""source+256"",""rsp"":""stack+32768"",""trapno"":""0x000000000000000e""},""kernel_sigmask"":""0000000000000000"",""pages"":{""fill"":""11"",""page2_mapped"":true,""patches"":[],""size"":8192},""partial_write"":false,""si_code"":2,""signal"":11,""six_flags"":{""AF"":0,""CF"":1,""OF"":0,""PF"":0,""SF"":0,""ZF"":0},""trap"":14,""uc_flags"":7,""uc_link"":""0x0000000000000000"",""uc_stack"":{""flags"":0,""size"":65536,""sp"":""altstack+0""}}]","{""fill"":""11"",""page2_mapped"":true,""patches"":[],""size"":8192}","[{""address"":""data+4096"",""error"":7,""execution_phase"":1,""fpstate_size"":2436,""gregs"":{""cr2"":""data+4096"",""csgsfs"":""0x002b000000000033"",""err"":""0x0000000000000007"",""oldmask"":""0x0000000000000000"",""r10"":""0x1010101010101010"",""r11"":""0x1212121212121212"",""r12"":""0x1313131313131313"",""r13"":""0x1414141414141414"",""r14"":""0x1515151515151515"",""r15"":""0x1616161616161616"",""r8"":""0x0808080808080808"",""r9"":""0x0909090909090909"",""rax"":""0x1122334455667788"",""rbp"":""0x778899aabbccddee"",""rbx"":""0xa1b2c3d4e5f60718"",""rcx"":""0x0000000000000003"",""rdi"":""data+4094"",""rdx"":""0x99aabbccddeeff00"",""rflags"":""0x0000000000010203"",""rip"":""code+0"",""rsi"":""source+256"",""rsp"":""stack+32768"",""trapno"":""0x000000000000000e""},""kernel_sigmask"":""0000000000000000"",""pages"":{""fill"":""11"",""page2_mapped"":true,""patches"":[],""size"":8192},""partial_write"":false,""si_code"":2,""signal"":11,""six_flags"":{""AF"":0,""CF"":1,""OF"":0,""PF"":0,""SF"":0,""ZF"":0},""trap"":14,""uc_flags"":7,""uc_link"":""0x0000000000000000"",""uc_stack"":{""flags"":0,""size"":65536,""sp"":""altstack+0""}}]","0x3c across full destination footprint after mapping/protection repair, before sigreturn","{""fill"":""11"",""page2_mapped"":true,""patches"":[[4094,""e13b3c3c""]],""size"":8192}","{""r10"":""0x1010101010101010"",""r11"":""0x1212121212121212"",""r12"":""0x1313131313131313"",""r13"":""0x1414141414141414"",""r14"":""0x1515151515151515"",""r15"":""0x1616161616161616"",""r8"":""0x0808080808080808"",""r9"":""0x0909090909090909"",""rax"":""0x1122334455667788"",""rbp"":""0x778899aabbccddee"",""rbx"":""0xa1b2c3d4e5f60718"",""rcx"":""0x0000000000000003"",""rdi"":""data+4094"",""rdx"":""0x99aabbccddeeff00"",""rflags"":""0x0000000000000217"",""rsi"":""source+256"",""rsp"":""stack+32768""}","{""AF"":1,""CF"":1,""OF"":0,""PF"":1,""SF"":0,""ZF"":0}",False,rmw.run1.jsonl.gz: matching form/layout/cross_offset/continuation
A,page_and_cacheline_cross,measured,False,True,add_imm8sx_32_lock,32,cross_rw_ro,3,4093,f08307a5,"[{""address"":""data+4096"",""error"":7,""execution_phase"":1,""fpstate_size"":2436,""gregs"":{""cr2"":""data+4096"",""csgsfs"":""0x002b000000000033"",""err"":""0x0000000000000007"",""oldmask"":""0x0000000000000000"",""r10"":""0x1010101010101010"",""r11"":""0x1212121212121212"",""r12"":""0x1313131313131313"",""r13"":""0x1414141414141414"",""r14"":""0x1515151515151515"",""r15"":""0x1616161616161616"",""r8"":""0x0808080808080808"",""r9"":""0x0909090909090909"",""rax"":""0x1122334455667788"",""rbp"":""0x778899aabbccddee"",""rbx"":""0xa1b2c3d4e5f60718"",""rcx"":""0x0000000000000003"",""rdi"":""data+4093"",""rdx"":""0x99aabbccddeeff00"",""rflags"":""0x0000000000010203"",""rip"":""code+0"",""rsi"":""source+256"",""rsp"":""stack+32768"",""trapno"":""0x000000000000000e""},""kernel_sigmask"":""0000000000000000"",""pages"":{""fill"":""11"",""page2_mapped"":true,""patches"":[],""size"":8192},""partial_write"":false,""si_code"":2,""signal"":11,""six_flags"":{""AF"":0,""CF"":1,""OF"":0,""PF"":0,""SF"":0,""ZF"":0},""trap"":14,""uc_flags"":7,""uc_link"":""0x0000000000000000"",""uc_stack"":{""flags"":0,""size"":65536,""sp"":""altstack+0""}}]","{""fill"":""11"",""page2_mapped"":true,""patches"":[],""size"":8192}","[{""address"":""data+4096"",""error"":7,""execution_phase"":1,""fpstate_size"":2436,""gregs"":{""cr2"":""data+4096"",""csgsfs"":""0x002b000000000033"",""err"":""0x0000000000000007"",""oldmask"":""0x0000000000000000"",""r10"":""0x1010101010101010"",""r11"":""0x1212121212121212"",""r12"":""0x1313131313131313"",""r13"":""0x1414141414141414"",""r14"":""0x1515151515151515"",""r15"":""0x1616161616161616"",""r8"":""0x0808080808080808"",""r9"":""0x0909090909090909"",""rax"":""0x1122334455667788"",""rbp"":""0x778899aabbccddee"",""rbx"":""0xa1b2c3d4e5f60718"",""rcx"":""0x0000000000000003"",""rdi"":""data+4093"",""rdx"":""0x99aabbccddeeff00"",""rflags"":""0x0000000000010203"",""rip"":""code+0"",""rsi"":""source+256"",""rsp"":""stack+32768"",""trapno"":""0x000000000000000e""},""kernel_sigmask"":""0000000000000000"",""pages"":{""fill"":""11"",""page2_mapped"":true,""patches"":[],""size"":8192},""partial_write"":false,""si_code"":2,""signal"":11,""six_flags"":{""AF"":0,""CF"":1,""OF"":0,""PF"":0,""SF"":0,""ZF"":0},""trap"":14,""uc_flags"":7,""uc_link"":""0x0000000000000000"",""uc_stack"":{""flags"":0,""size"":65536,""sp"":""altstack+0""}}]","0x3c across full destination footprint after mapping/protection repair, before sigreturn","{""fill"":""11"",""page2_mapped"":true,""patches"":[[4093,""e13b3c3c""]],""size"":8192}","{""r10"":""0x1010101010101010"",""r11"":""0x1212121212121212"",""r12"":""0x1313131313131313"",""r13"":""0x1414141414141414"",""r14"":""0x1515151515151515"",""r15"":""0x1616161616161616"",""r8"":""0x0808080808080808"",""r9"":""0x0909090909090909"",""rax"":""0x1122334455667788"",""rbp"":""0x778899aabbccddee"",""rbx"":""0xa1b2c3d4e5f60718"",""rcx"":""0x0000000000000003"",""rdi"":""data+4093"",""rdx"":""0x99aabbccddeeff00"",""rflags"":""0x0000000000000217"",""rsi"":""source+256"",""rsp"":""stack+32768""}","{""AF"":1,""CF"":1,""OF"":0,""PF"":1,""SF"":0,""ZF"":0}",False,rmw.run1.jsonl.gz: matching form/layout/cross_offset/continuation
A,page_and_cacheline_cross,measured,False,True,add_imm8sx_32_lock,32,cross_ro_rw,1,4095,f08307a5,"[{""address"":""data+4095"",""error"":7,""execution_phase"":1,""fpstate_size"":2436,""gregs"":{""cr2"":""data+4095"",""csgsfs"":""0x002b000000000033"",""err"":""0x0000000000000007"",""oldmask"":""0x0000000000000000"",""r10"":""0x1010101010101010"",""r11"":""0x1212121212121212"",""r12"":""0x1313131313131313"",""r13"":""0x1414141414141414"",""r14"":""0x1515151515151515"",""r15"":""0x1616161616161616"",""r8"":""0x0808080808080808"",""r9"":""0x0909090909090909"",""rax"":""0x1122334455667788"",""rbp"":""0x778899aabbccddee"",""rbx"":""0xa1b2c3d4e5f60718"",""rcx"":""0x0000000000000003"",""rdi"":""data+4095"",""rdx"":""0x99aabbccddeeff00"",""rflags"":""0x0000000000010203"",""rip"":""code+0"",""rsi"":""source+256"",""rsp"":""stack+32768"",""trapno"":""0x000000000000000e""},""kernel_sigmask"":""0000000000000000"",""pages"":{""fill"":""11"",""page2_mapped"":true,""patches"":[],""size"":8192},""partial_write"":false,""si_code"":2,""signal"":11,""six_flags"":{""AF"":0,""CF"":1,""OF"":0,""PF"":0,""SF"":0,""ZF"":0},""trap"":14,""uc_flags"":7,""uc_link"":""0x0000000000000000"",""uc_stack"":{""flags"":0,""size"":65536,""sp"":""altstack+0""}}]","{""fill"":""11"",""page2_mapped"":true,""patches"":[],""size"":8192}","[{""address"":""data+4095"",""error"":7,""execution_phase"":1,""fpstate_size"":2436,""gregs"":{""cr2"":""data+4095"",""csgsfs"":""0x002b000000000033"",""err"":""0x0000000000000007"",""oldmask"":""0x0000000000000000"",""r10"":""0x1010101010101010"",""r11"":""0x1212121212121212"",""r12"":""0x1313131313131313"",""r13"":""0x1414141414141414"",""r14"":""0x1515151515151515"",""r15"":""0x1616161616161616"",""r8"":""0x0808080808080808"",""r9"":""0x0909090909090909"",""rax"":""0x1122334455667788"",""rbp"":""0x778899aabbccddee"",""rbx"":""0xa1b2c3d4e5f60718"",""rcx"":""0x0000000000000003"",""rdi"":""data+4095"",""rdx"":""0x99aabbccddeeff00"",""rflags"":""0x0000000000010203"",""rip"":""code+0"",""rsi"":""source+256"",""rsp"":""stack+32768"",""trapno"":""0x000000000000000e""},""kernel_sigmask"":""0000000000000000"",""pages"":{""fill"":""11"",""page2_mapped"":true,""patches"":[],""size"":8192},""partial_write"":false,""si_code"":2,""signal"":11,""six_flags"":{""AF"":0,""CF"":1,""OF"":0,""PF"":0,""SF"":0,""ZF"":0},""trap"":14,""uc_flags"":7,""uc_link"":""0x0000000000000000"",""uc_stack"":{""flags"":0,""size"":65536,""sp"":""altstack+0""}}]","0x3c across full destination footprint after mapping/protection repair, before sigreturn","{""fill"":""11"",""page2_mapped"":true,""patches"":[[4095,""e13b3c3c""]],""size"":8192}","{""r10"":""0x1010101010101010"",""r11"":""0x1212121212121212"",""r12"":""0x1313131313131313"",""r13"":""0x1414141414141414"",""r14"":""0x1515151515151515"",""r15"":""0x1616161616161616"",""r8"":""0x0808080808080808"",""r9"":""0x0909090909090909"",""rax"":""0x1122334455667788"",""rbp"":""0x778899aabbccddee"",""rbx"":""0xa1b2c3d4e5f60718"",""rcx"":""0x0000000000000003"",""rdi"":""data+4095"",""rdx"":""0x99aabbccddeeff00"",""rflags"":""0x0000000000000217"",""rsi"":""source+256"",""rsp"":""stack+32768""}","{""AF"":1,""CF"":1,""OF"":0,""PF"":1,""SF"":0,""ZF"":0}",False,rmw.run1.jsonl.gz: matching form/layout/cross_offset/continuation
A,page_and_cacheline_cross,measured,False,True,add_imm8sx_32_lock,32,cross_ro_rw,2,4094,f08307a5,"[{""address"":""data+4094"",""error"":7,""execution_phase"":1,""fpstate_size"":2436,""gregs"":{""cr2"":""data+4094"",""csgsfs"":""0x002b000000000033"",""err"":""0x0000000000000007"",""oldmask"":""0x0000000000000000"",""r10"":""0x1010101010101010"",""r11"":""0x1212121212121212"",""r12"":""0x1313131313131313"",""r13"":""0x1414141414141414"",""r14"":""0x1515151515151515"",""r15"":""0x1616161616161616"",""r8"":""0x0808080808080808"",""r9"":""0x0909090909090909"",""rax"":""0x1122334455667788"",""rbp"":""0x778899aabbccddee"",""rbx"":""0xa1b2c3d4e5f60718"",""rcx"":""0x0000000000000003"",""rdi"":""data+4094"",""rdx"":""0x99aabbccddeeff00"",""rflags"":""0x0000000000010203"",""rip"":""code+0"",""rsi"":""source+256"",""rsp"":""stack+32768"",""trapno"":""0x000000000000000e""},""kernel_sigmask"":""0000000000000000"",""pages"":{""fill"":""11"",""page2_mapped"":true,""patches"":[],""size"":8192},""partial_write"":false,""si_code"":2,""signal"":11,""six_flags"":{""AF"":0,""CF"":1,""OF"":0,""PF"":0,""SF"":0,""ZF"":0},""trap"":14,""uc_flags"":7,""uc_link"":""0x0000000000000000"",""uc_stack"":{""flags"":0,""size"":65536,""sp"":""altstack+0""}}]","{""fill"":""11"",""page2_mapped"":true,""patches"":[],""size"":8192}","[{""address"":""data+4094"",""error"":7,""execution_phase"":1,""fpstate_size"":2436,""gregs"":{""cr2"":""data+4094"",""csgsfs"":""0x002b000000000033"",""err"":""0x0000000000000007"",""oldmask"":""0x0000000000000000"",""r10"":""0x1010101010101010"",""r11"":""0x1212121212121212"",""r12"":""0x1313131313131313"",""r13"":""0x1414141414141414"",""r14"":""0x1515151515151515"",""r15"":""0x1616161616161616"",""r8"":""0x0808080808080808"",""r9"":""0x0909090909090909"",""rax"":""0x1122334455667788"",""rbp"":""0x778899aabbccddee"",""rbx"":""0xa1b2c3d4e5f60718"",""rcx"":""0x0000000000000003"",""rdi"":""data+4094"",""rdx"":""0x99aabbccddeeff00"",""rflags"":""0x0000000000010203"",""rip"":""code+0"",""rsi"":""source+256"",""rsp"":""stack+32768"",""trapno"":""0x000000000000000e""},""kernel_sigmask"":""0000000000000000"",""pages"":{""fill"":""11"",""page2_mapped"":true,""patches"":[],""size"":8192},""partial_write"":false,""si_code"":2,""signal"":11,""six_flags"":{""AF"":0,""CF"":1,""OF"":0,""PF"":0,""SF"":0,""ZF"":0},""trap"":14,""uc_flags"":7,""uc_link"":""0x0000000000000000"",""uc_stack"":{""flags"":0,""size"":65536,""sp"":""altstack+0""}}]","0x3c across full destination footprint after mapping/protection repair, before sigreturn","{""fill"":""11"",""page2_mapped"":true,""patches"":[[4094,""e13b3c3c""]],""size"":8192}","{""r10"":""0x1010101010101010"",""r11"":""0x1212121212121212"",""r12"":""0x1313131313131313"",""r13"":""0x1414141414141414"",""r14"":""0x1515151515151515"",""r15"":""0x1616161616161616"",""r8"":""0x0808080808080808"",""r9"":""0x0909090909090909"",""rax"":""0x1122334455667788"",""rbp"":""0x778899aabbccddee"",""rbx"":""0xa1b2c3d4e5f60718"",""rcx"":""0x0000000000000003"",""rdi"":""data+4094"",""rdx"":""0x99aabbccddeeff00"",""rflags"":""0x0000000000000217"",""rsi"":""source+256"",""rsp"":""stack+32768""}","{""AF"":1,""CF"":1,""OF"":0,""PF"":1,""SF"":0,""ZF"":0}",False,rmw.run1.jsonl.gz: matching form/layout/cross_offset/continuation
A,page_and_cacheline_cross,measured,False,True,add_imm8sx_32_lock,32,cross_ro_rw,3,4093,f08307a5,"[{""address"":""data+4093"",""error"":7,""execution_phase"":1,""fpstate_size"":2436,""gregs"":{""cr2"":""data+4093"",""csgsfs"":""0x002b000000000033"",""err"":""0x0000000000000007"",""oldmask"":""0x0000000000000000"",""r10"":""0x1010101010101010"",""r11"":""0x1212121212121212"",""r12"":""0x1313131313131313"",""r13"":""0x1414141414141414"",""r14"":""0x1515151515151515"",""r15"":""0x1616161616161616"",""r8"":""0x0808080808080808"",""r9"":""0x0909090909090909"",""rax"":""0x1122334455667788"",""rbp"":""0x778899aabbccddee"",""rbx"":""0xa1b2c3d4e5f60718"",""rcx"":""0x0000000000000003"",""rdi"":""data+4093"",""rdx"":""0x99aabbccddeeff00"",""rflags"":""0x0000000000010203"",""rip"":""code+0"",""rsi"":""source+256"",""rsp"":""stack+32768"",""trapno"":""0x000000000000000e""},""kernel_sigmask"":""0000000000000000"",""pages"":{""fill"":""11"",""page2_mapped"":true,""patches"":[],""size"":8192},""partial_write"":false,""si_code"":2,""signal"":11,""six_flags"":{""AF"":0,""CF"":1,""OF"":0,""PF"":0,""SF"":0,""ZF"":0},""trap"":14,""uc_flags"":7,""uc_link"":""0x0000000000000000"",""uc_stack"":{""flags"":0,""size"":65536,""sp"":""altstack+0""}}]","{""fill"":""11"",""page2_mapped"":true,""patches"":[],""size"":8192}","[{""address"":""data+4093"",""error"":7,""execution_phase"":1,""fpstate_size"":2436,""gregs"":{""cr2"":""data+4093"",""csgsfs"":""0x002b000000000033"",""err"":""0x0000000000000007"",""oldmask"":""0x0000000000000000"",""r10"":""0x1010101010101010"",""r11"":""0x1212121212121212"",""r12"":""0x1313131313131313"",""r13"":""0x1414141414141414"",""r14"":""0x1515151515151515"",""r15"":""0x1616161616161616"",""r8"":""0x0808080808080808"",""r9"":""0x0909090909090909"",""rax"":""0x1122334455667788"",""rbp"":""0x778899aabbccddee"",""rbx"":""0xa1b2c3d4e5f60718"",""rcx"":""0x0000000000000003"",""rdi"":""data+4093"",""rdx"":""0x99aabbccddeeff00"",""rflags"":""0x0000000000010203"",""rip"":""code+0"",""rsi"":""source+256"",""rsp"":""stack+32768"",""trapno"":""0x000000000000000e""},""kernel_sigmask"":""0000000000000000"",""pages"":{""fill"":""11"",""page2_mapped"":true,""patches"":[],""size"":8192},""partial_write"":false,""si_code"":2,""signal"":11,""six_flags"":{""AF"":0,""CF"":1,""OF"":0,""PF"":0,""SF"":0,""ZF"":0},""trap"":14,""uc_flags"":7,""uc_link"":""0x0000000000000000"",""uc_stack"":{""flags"":0,""size"":65536,""sp"":""altstack+0""}}]","0x3c across full destination footprint after mapping/protection repair, before sigreturn","{""fill"":""11"",""page2_mapped"":true,""patches"":[[4093,""e13b3c3c""]],""size"":8192}","{""r10"":""0x1010101010101010"",""r11"":""0x1212121212121212"",""r12"":""0x1313131313131313"",""r13"":""0x1414141414141414"",""r14"":""0x1515151515151515"",""r15"":""0x1616161616161616"",""r8"":""0x0808080808080808"",""r9"":""0x0909090909090909"",""rax"":""0x1122334455667788"",""rbp"":""0x778899aabbccddee"",""rbx"":""0xa1b2c3d4e5f60718"",""rcx"":""0x0000000000000003"",""rdi"":""data+4093"",""rdx"":""0x99aabbccddeeff00"",""rflags"":""0x0000000000000217"",""rsi"":""source+256"",""rsp"":""stack+32768""}","{""AF"":1,""CF"":1,""OF"":0,""PF"":1,""SF"":0,""ZF"":0}",False,rmw.run1.jsonl.gz: matching form/layout/cross_offset/continuation
A,page_and_cacheline_cross,measured,True,True,add_reg_64_lock,64,cross_rw_ro,1,4095,f048011f,"[{""address"":""data+4096"",""error"":7,""execution_phase"":1,""fpstate_size"":2436,""gregs"":{""cr2"":""data+4096"",""csgsfs"":""0x002b000000000033"",""err"":""0x0000000000000007"",""oldmask"":""0x0000000000000000"",""r10"":""0x1010101010101010"",""r11"":""0x1212121212121212"",""r12"":""0x1313131313131313"",""r13"":""0x1414141414141414"",""r14"":""0x1515151515151515"",""r15"":""0x1616161616161616"",""r8"":""0x0808080808080808"",""r9"":""0x0909090909090909"",""rax"":""0x1122334455667788"",""rbp"":""0x778899aabbccddee"",""rbx"":""0xa1b2c3d4e5f60718"",""rcx"":""0x0000000000000003"",""rdi"":""data+4095"",""rdx"":""0x99aabbccddeeff00"",""rflags"":""0x0000000000010203"",""rip"":""code+0"",""rsi"":""source+256"",""rsp"":""stack+32768"",""trapno"":""0x000000000000000e""},""kernel_sigmask"":""0000000000000000"",""pages"":{""fill"":""11"",""page2_mapped"":true,""patches"":[],""size"":8192},""partial_write"":false,""si_code"":2,""signal"":11,""six_flags"":{""AF"":0,""CF"":1,""OF"":0,""PF"":0,""SF"":0,""ZF"":0},""trap"":14,""uc_flags"":7,""uc_link"":""0x0000000000000000"",""uc_stack"":{""flags"":0,""size"":65536,""sp"":""altstack+0""}}]","{""fill"":""11"",""page2_mapped"":true,""patches"":[],""size"":8192}","[{""address"":""data+4096"",""error"":7,""execution_phase"":1,""fpstate_size"":2436,""gregs"":{""cr2"":""data+4096"",""csgsfs"":""0x002b000000000033"",""err"":""0x0000000000000007"",""oldmask"":""0x0000000000000000"",""r10"":""0x1010101010101010"",""r11"":""0x1212121212121212"",""r12"":""0x1313131313131313"",""r13"":""0x1414141414141414"",""r14"":""0x1515151515151515"",""r15"":""0x1616161616161616"",""r8"":""0x0808080808080808"",""r9"":""0x0909090909090909"",""rax"":""0x1122334455667788"",""rbp"":""0x778899aabbccddee"",""rbx"":""0xa1b2c3d4e5f60718"",""rcx"":""0x0000000000000003"",""rdi"":""data+4095"",""rdx"":""0x99aabbccddeeff00"",""rflags"":""0x0000000000010203"",""rip"":""code+0"",""rsi"":""source+256"",""rsp"":""stack+32768"",""trapno"":""0x000000000000000e""},""kernel_sigmask"":""0000000000000000"",""pages"":{""fill"":""11"",""page2_mapped"":true,""patches"":[],""size"":8192},""partial_write"":false,""si_code"":2,""signal"":11,""six_flags"":{""AF"":0,""CF"":1,""OF"":0,""PF"":0,""SF"":0,""ZF"":0},""trap"":14,""uc_flags"":7,""uc_link"":""0x0000000000000000"",""uc_stack"":{""flags"":0,""size"":65536,""sp"":""altstack+0""}}]","0x3c across full destination footprint after mapping/protection repair, before sigreturn","{""fill"":""11"",""page2_mapped"":true,""patches"":[[4095,""54433222""],[4100,""00efdd""]],""size"":8192}","{""r10"":""0x1010101010101010"",""r11"":""0x1212121212121212"",""r12"":""0x1313131313131313"",""r13"":""0x1414141414141414"",""r14"":""0x1515151515151515"",""r15"":""0x1616161616161616"",""r8"":""0x0808080808080808"",""r9"":""0x0909090909090909"",""rax"":""0x1122334455667788"",""rbp"":""0x778899aabbccddee"",""rbx"":""0xa1b2c3d4e5f60718"",""rcx"":""0x0000000000000003"",""rdi"":""data+4095"",""rdx"":""0x99aabbccddeeff00"",""rflags"":""0x0000000000000292"",""rsi"":""source+256"",""rsp"":""stack+32768""}","{""AF"":1,""CF"":0,""OF"":0,""PF"":0,""SF"":1,""ZF"":0}",False,rmw.run1.jsonl.gz: matching form/layout/cross_offset/continuation
A,page_and_cacheline_cross,measured,True,True,add_reg_64_lock,64,cross_rw_ro,2,4094,f048011f,"[{""address"":""data+4096"",""error"":7,""execution_phase"":1,""fpstate_size"":2436,""gregs"":{""cr2"":""data+4096"",""csgsfs"":""0x002b000000000033"",""err"":""0x0000000000000007"",""oldmask"":""0x0000000000000000"",""r10"":""0x1010101010101010"",""r11"":""0x1212121212121212"",""r12"":""0x1313131313131313"",""r13"":""0x1414141414141414"",""r14"":""0x1515151515151515"",""r15"":""0x1616161616161616"",""r8"":""0x0808080808080808"",""r9"":""0x0909090909090909"",""rax"":""0x1122334455667788"",""rbp"":""0x778899aabbccddee"",""rbx"":""0xa1b2c3d4e5f60718"",""rcx"":""0x0000000000000003"",""rdi"":""data+4094"",""rdx"":""0x99aabbccddeeff00"",""rflags"":""0x0000000000010203"",""rip"":""code+0"",""rsi"":""source+256"",""rsp"":""stack+32768"",""trapno"":""0x000000000000000e""},""kernel_sigmask"":""0000000000000000"",""pages"":{""fill"":""11"",""page2_mapped"":true,""patches"":[],""size"":8192},""partial_write"":false,""si_code"":2,""signal"":11,""six_flags"":{""AF"":0,""CF"":1,""OF"":0,""PF"":0,""SF"":0,""ZF"":0},""trap"":14,""uc_flags"":7,""uc_link"":""0x0000000000000000"",""uc_stack"":{""flags"":0,""size"":65536,""sp"":""altstack+0""}}]","{""fill"":""11"",""page2_mapped"":true,""patches"":[],""size"":8192}","[{""address"":""data+4096"",""error"":7,""execution_phase"":1,""fpstate_size"":2436,""gregs"":{""cr2"":""data+4096"",""csgsfs"":""0x002b000000000033"",""err"":""0x0000000000000007"",""oldmask"":""0x0000000000000000"",""r10"":""0x1010101010101010"",""r11"":""0x1212121212121212"",""r12"":""0x1313131313131313"",""r13"":""0x1414141414141414"",""r14"":""0x1515151515151515"",""r15"":""0x1616161616161616"",""r8"":""0x0808080808080808"",""r9"":""0x0909090909090909"",""rax"":""0x1122334455667788"",""rbp"":""0x778899aabbccddee"",""rbx"":""0xa1b2c3d4e5f60718"",""rcx"":""0x0000000000000003"",""rdi"":""data+4094"",""rdx"":""0x99aabbccddeeff00"",""rflags"":""0x0000000000010203"",""rip"":""code+0"",""rsi"":""source+256"",""rsp"":""stack+32768"",""trapno"":""0x000000000000000e""},""kernel_sigmask"":""0000000000000000"",""pages"":{""fill"":""11"",""page2_mapped"":true,""patches"":[],""size"":8192},""partial_write"":false,""si_code"":2,""signal"":11,""six_flags"":{""AF"":0,""CF"":1,""OF"":0,""PF"":0,""SF"":0,""ZF"":0},""trap"":14,""uc_flags"":7,""uc_link"":""0x0000000000000000"",""uc_stack"":{""flags"":0,""size"":65536,""sp"":""altstack+0""}}]","0x3c across full destination footprint after mapping/protection repair, before sigreturn","{""fill"":""11"",""page2_mapped"":true,""patches"":[[4094,""54433222""],[4099,""00efdd""]],""size"":8192}","{""r10"":""0x1010101010101010"",""r11"":""0x1212121212121212"",""r12"":""0x1313131313131313"",""r13"":""0x1414141414141414"",""r14"":""0x1515151515151515"",""r15"":""0x1616161616161616"",""r8"":""0x0808080808080808"",""r9"":""0x0909090909090909"",""rax"":""0x1122334455667788"",""rbp"":""0x778899aabbccddee"",""rbx"":""0xa1b2c3d4e5f60718"",""rcx"":""0x0000000000000003"",""rdi"":""data+4094"",""rdx"":""0x99aabbccddeeff00"",""rflags"":""0x0000000000000292"",""rsi"":""source+256"",""rsp"":""stack+32768""}","{""AF"":1,""CF"":0,""OF"":0,""PF"":0,""SF"":1,""ZF"":0}",False,rmw.run1.jsonl.gz: matching form/layout/cross_offset/continuation
A,page_and_cacheline_cross,measured,True,True,add_reg_64_lock,64,cross_rw_ro,3,4093,f048011f,"[{""address"":""data+4096"",""error"":7,""execution_phase"":1,""fpstate_size"":2436,""gregs"":{""cr2"":""data+4096"",""csgsfs"":""0x002b000000000033"",""err"":""0x0000000000000007"",""oldmask"":""0x0000000000000000"",""r10"":""0x1010101010101010"",""r11"":""0x1212121212121212"",""r12"":""0x1313131313131313"",""r13"":""0x1414141414141414"",""r14"":""0x1515151515151515"",""r15"":""0x1616161616161616"",""r8"":""0x0808080808080808"",""r9"":""0x0909090909090909"",""rax"":""0x1122334455667788"",""rbp"":""0x778899aabbccddee"",""rbx"":""0xa1b2c3d4e5f60718"",""rcx"":""0x0000000000000003"",""rdi"":""data+4093"",""rdx"":""0x99aabbccddeeff00"",""rflags"":""0x0000000000010203"",""rip"":""code+0"",""rsi"":""source+256"",""rsp"":""stack+32768"",""trapno"":""0x000000000000000e""},""kernel_sigmask"":""0000000000000000"",""pages"":{""fill"":""11"",""page2_mapped"":true,""patches"":[],""size"":8192},""partial_write"":false,""si_code"":2,""signal"":11,""six_flags"":{""AF"":0,""CF"":1,""OF"":0,""PF"":0,""SF"":0,""ZF"":0},""trap"":14,""uc_flags"":7,""uc_link"":""0x0000000000000000"",""uc_stack"":{""flags"":0,""size"":65536,""sp"":""altstack+0""}}]","{""fill"":""11"",""page2_mapped"":true,""patches"":[],""size"":8192}","[{""address"":""data+4096"",""error"":7,""execution_phase"":1,""fpstate_size"":2436,""gregs"":{""cr2"":""data+4096"",""csgsfs"":""0x002b000000000033"",""err"":""0x0000000000000007"",""oldmask"":""0x0000000000000000"",""r10"":""0x1010101010101010"",""r11"":""0x1212121212121212"",""r12"":""0x1313131313131313"",""r13"":""0x1414141414141414"",""r14"":""0x1515151515151515"",""r15"":""0x1616161616161616"",""r8"":""0x0808080808080808"",""r9"":""0x0909090909090909"",""rax"":""0x1122334455667788"",""rbp"":""0x778899aabbccddee"",""rbx"":""0xa1b2c3d4e5f60718"",""rcx"":""0x0000000000000003"",""rdi"":""data+4093"",""rdx"":""0x99aabbccddeeff00"",""rflags"":""0x0000000000010203"",""rip"":""code+0"",""rsi"":""source+256"",""rsp"":""stack+32768"",""trapno"":""0x000000000000000e""},""kernel_sigmask"":""0000000000000000"",""pages"":{""fill"":""11"",""page2_mapped"":true,""patches"":[],""size"":8192},""partial_write"":false,""si_code"":2,""signal"":11,""six_flags"":{""AF"":0,""CF"":1,""OF"":0,""PF"":0,""SF"":0,""ZF"":0},""trap"":14,""uc_flags"":7,""uc_link"":""0x0000000000000000"",""uc_stack"":{""flags"":0,""size"":65536,""sp"":""altstack+0""}}]","0x3c across full destination footprint after mapping/protection repair, before sigreturn","{""fill"":""11"",""page2_mapped"":true,""patches"":[[4093,""54433222""],[4098,""00efdd""]],""size"":8192}","{""r10"":""0x1010101010101010"",""r11"":""0x1212121212121212"",""r12"":""0x1313131313131313"",""r13"":""0x1414141414141414"",""r14"":""0x1515151515151515"",""r15"":""0x1616161616161616"",""r8"":""0x0808080808080808"",""r9"":""0x0909090909090909"",""rax"":""0x1122334455667788"",""rbp"":""0x778899aabbccddee"",""rbx"":""0xa1b2c3d4e5f60718"",""rcx"":""0x0000000000000003"",""rdi"":""data+4093"",""rdx"":""0x99aabbccddeeff00"",""rflags"":""0x0000000000000292"",""rsi"":""source+256"",""rsp"":""stack+32768""}","{""AF"":1,""CF"":0,""OF"":0,""PF"":0,""SF"":1,""ZF"":0}",False,rmw.run1.jsonl.gz: matching form/layout/cross_offset/continuation
A,page_and_cacheline_cross,measured,True,True,add_reg_64_lock,64,cross_rw_ro,4,4092,f048011f,"[{""address"":""data+4096"",""error"":7,""execution_phase"":1,""fpstate_size"":2436,""gregs"":{""cr2"":""data+4096"",""csgsfs"":""0x002b000000000033"",""err"":""0x0000000000000007"",""oldmask"":""0x0000000000000000"",""r10"":""0x1010101010101010"",""r11"":""0x1212121212121212"",""r12"":""0x1313131313131313"",""r13"":""0x1414141414141414"",""r14"":""0x1515151515151515"",""r15"":""0x1616161616161616"",""r8"":""0x0808080808080808"",""r9"":""0x0909090909090909"",""rax"":""0x1122334455667788"",""rbp"":""0x778899aabbccddee"",""rbx"":""0xa1b2c3d4e5f60718"",""rcx"":""0x0000000000000003"",""rdi"":""data+4092"",""rdx"":""0x99aabbccddeeff00"",""rflags"":""0x0000000000010203"",""rip"":""code+0"",""rsi"":""source+256"",""rsp"":""stack+32768"",""trapno"":""0x000000000000000e""},""kernel_sigmask"":""0000000000000000"",""pages"":{""fill"":""11"",""page2_mapped"":true,""patches"":[],""size"":8192},""partial_write"":false,""si_code"":2,""signal"":11,""six_flags"":{""AF"":0,""CF"":1,""OF"":0,""PF"":0,""SF"":0,""ZF"":0},""trap"":14,""uc_flags"":7,""uc_link"":""0x0000000000000000"",""uc_stack"":{""flags"":0,""size"":65536,""sp"":""altstack+0""}}]","{""fill"":""11"",""page2_mapped"":true,""patches"":[],""size"":8192}","[{""address"":""data+4096"",""error"":7,""execution_phase"":1,""fpstate_size"":2436,""gregs"":{""cr2"":""data+4096"",""csgsfs"":""0x002b000000000033"",""err"":""0x0000000000000007"",""oldmask"":""0x0000000000000000"",""r10"":""0x1010101010101010"",""r11"":""0x1212121212121212"",""r12"":""0x1313131313131313"",""r13"":""0x1414141414141414"",""r14"":""0x1515151515151515"",""r15"":""0x1616161616161616"",""r8"":""0x0808080808080808"",""r9"":""0x0909090909090909"",""rax"":""0x1122334455667788"",""rbp"":""0x778899aabbccddee"",""rbx"":""0xa1b2c3d4e5f60718"",""rcx"":""0x0000000000000003"",""rdi"":""data+4092"",""rdx"":""0x99aabbccddeeff00"",""rflags"":""0x0000000000010203"",""rip"":""code+0"",""rsi"":""source+256"",""rsp"":""stack+32768"",""trapno"":""0x000000000000000e""},""kernel_sigmask"":""0000000000000000"",""pages"":{""fill"":""11"",""page2_mapped"":true,""patches"":[],""size"":8192},""partial_write"":false,""si_code"":2,""signal"":11,""six_flags"":{""AF"":0,""CF"":1,""OF"":0,""PF"":0,""SF"":0,""ZF"":0},""trap"":14,""uc_flags"":7,""uc_link"":""0x0000000000000000"",""uc_stack"":{""flags"":0,""size"":65536,""sp"":""altstack+0""}}]","0x3c across full destination footprint after mapping/protection repair, before sigreturn","{""fill"":""11"",""page2_mapped"":true,""patches"":[[4092,""54433222""],[4097,""00efdd""]],""size"":8192}","{""r10"":""0x1010101010101010"",""r11"":""0x1212121212121212"",""r12"":""0x1313131313131313"",""r13"":""0x1414141414141414"",""r14"":""0x1515151515151515"",""r15"":""0x1616161616161616"",""r8"":""0x0808080808080808"",""r9"":""0x0909090909090909"",""rax"":""0x1122334455667788"",""rbp"":""0x778899aabbccddee"",""rbx"":""0xa1b2c3d4e5f60718"",""rcx"":""0x0000000000000003"",""rdi"":""data+4092"",""rdx"":""0x99aabbccddeeff00"",""rflags"":""0x0000000000000292"",""rsi"":""source+256"",""rsp"":""stack+32768""}","{""AF"":1,""CF"":0,""OF"":0,""PF"":0,""SF"":1,""ZF"":0}",False,rmw.run1.jsonl.gz: matching form/layout/cross_offset/continuation
A,page_and_cacheline_cross,measured,True,True,add_reg_64_lock,64,cross_rw_ro,5,4091,f048011f,"[{""address"":""data+4096"",""error"":7,""execution_phase"":1,""fpstate_size"":2436,""gregs"":{""cr2"":""data+4096"",""csgsfs"":""0x002b000000000033"",""err"":""0x0000000000000007"",""oldmask"":""0x0000000000000000"",""r10"":""0x1010101010101010"",""r11"":""0x1212121212121212"",""r12"":""0x1313131313131313"",""r13"":""0x1414141414141414"",""r14"":""0x1515151515151515"",""r15"":""0x1616161616161616"",""r8"":""0x0808080808080808"",""r9"":""0x0909090909090909"",""rax"":""0x1122334455667788"",""rbp"":""0x778899aabbccddee"",""rbx"":""0xa1b2c3d4e5f60718"",""rcx"":""0x0000000000000003"",""rdi"":""data+4091"",""rdx"":""0x99aabbccddeeff00"",""rflags"":""0x0000000000010203"",""rip"":""code+0"",""rsi"":""source+256"",""rsp"":""stack+32768"",""trapno"":""0x000000000000000e""},""kernel_sigmask"":""0000000000000000"",""pages"":{""fill"":""11"",""page2_mapped"":true,""patches"":[],""size"":8192},""partial_write"":false,""si_code"":2,""signal"":11,""six_flags"":{""AF"":0,""CF"":1,""OF"":0,""PF"":0,""SF"":0,""ZF"":0},""trap"":14,""uc_flags"":7,""uc_link"":""0x0000000000000000"",""uc_stack"":{""flags"":0,""size"":65536,""sp"":""altstack+0""}}]","{""fill"":""11"",""page2_mapped"":true,""patches"":[],""size"":8192}","[{""address"":""data+4096"",""error"":7,""execution_phase"":1,""fpstate_size"":2436,""gregs"":{""cr2"":""data+4096"",""csgsfs"":""0x002b000000000033"",""err"":""0x0000000000000007"",""oldmask"":""0x0000000000000000"",""r10"":""0x1010101010101010"",""r11"":""0x1212121212121212"",""r12"":""0x1313131313131313"",""r13"":""0x1414141414141414"",""r14"":""0x1515151515151515"",""r15"":""0x1616161616161616"",""r8"":""0x0808080808080808"",""r9"":""0x0909090909090909"",""rax"":""0x1122334455667788"",""rbp"":""0x778899aabbccddee"",""rbx"":""0xa1b2c3d4e5f60718"",""rcx"":""0x0000000000000003"",""rdi"":""data+4091"",""rdx"":""0x99aabbccddeeff00"",""rflags"":""0x0000000000010203"",""rip"":""code+0"",""rsi"":""source+256"",""rsp"":""stack+32768"",""trapno"":""0x000000000000000e""},""kernel_sigmask"":""0000000000000000"",""pages"":{""fill"":""11"",""page2_mapped"":true,""patches"":[],""size"":8192},""partial_write"":false,""si_code"":2,""signal"":11,""six_flags"":{""AF"":0,""CF"":1,""OF"":0,""PF"":0,""SF"":0,""ZF"":0},""trap"":14,""uc_flags"":7,""uc_link"":""0x0000000000000000"",""uc_stack"":{""flags"":0,""size"":65536,""sp"":""altstack+0""}}]","0x3c across full destination footprint after mapping/protection repair, before sigreturn","{""fill"":""11"",""page2_mapped"":true,""patches"":[[4091,""54433222""],[4096,""00efdd""]],""size"":8192}","{""r10"":""0x1010101010101010"",""r11"":""0x1212121212121212"",""r12"":""0x1313131313131313"",""r13"":""0x1414141414141414"",""r14"":""0x1515151515151515"",""r15"":""0x1616161616161616"",""r8"":""0x0808080808080808"",""r9"":""0x0909090909090909"",""rax"":""0x1122334455667788"",""rbp"":""0x778899aabbccddee"",""rbx"":""0xa1b2c3d4e5f60718"",""rcx"":""0x0000000000000003"",""rdi"":""data+4091"",""rdx"":""0x99aabbccddeeff00"",""rflags"":""0x0000000000000292"",""rsi"":""source+256"",""rsp"":""stack+32768""}","{""AF"":1,""CF"":0,""OF"":0,""PF"":0,""SF"":1,""ZF"":0}",False,rmw.run1.jsonl.gz: matching form/layout/cross_offset/continuation
A,page_and_cacheline_cross,measured,True,True,add_reg_64_lock,64,cross_rw_ro,6,4090,f048011f,"[{""address"":""data+4096"",""error"":7,""execution_phase"":1,""fpstate_size"":2436,""gregs"":{""cr2"":""data+4096"",""csgsfs"":""0x002b000000000033"",""err"":""0x0000000000000007"",""oldmask"":""0x0000000000000000"",""r10"":""0x1010101010101010"",""r11"":""0x1212121212121212"",""r12"":""0x1313131313131313"",""r13"":""0x1414141414141414"",""r14"":""0x1515151515151515"",""r15"":""0x1616161616161616"",""r8"":""0x0808080808080808"",""r9"":""0x0909090909090909"",""rax"":""0x1122334455667788"",""rbp"":""0x778899aabbccddee"",""rbx"":""0xa1b2c3d4e5f60718"",""rcx"":""0x0000000000000003"",""rdi"":""data+4090"",""rdx"":""0x99aabbccddeeff00"",""rflags"":""0x0000000000010203"",""rip"":""code+0"",""rsi"":""source+256"",""rsp"":""stack+32768"",""trapno"":""0x000000000000000e""},""kernel_sigmask"":""0000000000000000"",""pages"":{""fill"":""11"",""page2_mapped"":true,""patches"":[],""size"":8192},""partial_write"":false,""si_code"":2,""signal"":11,""six_flags"":{""AF"":0,""CF"":1,""OF"":0,""PF"":0,""SF"":0,""ZF"":0},""trap"":14,""uc_flags"":7,""uc_link"":""0x0000000000000000"",""uc_stack"":{""flags"":0,""size"":65536,""sp"":""altstack+0""}}]","{""fill"":""11"",""page2_mapped"":true,""patches"":[],""size"":8192}","[{""address"":""data+4096"",""error"":7,""execution_phase"":1,""fpstate_size"":2436,""gregs"":{""cr2"":""data+4096"",""csgsfs"":""0x002b000000000033"",""err"":""0x0000000000000007"",""oldmask"":""0x0000000000000000"",""r10"":""0x1010101010101010"",""r11"":""0x1212121212121212"",""r12"":""0x1313131313131313"",""r13"":""0x1414141414141414"",""r14"":""0x1515151515151515"",""r15"":""0x1616161616161616"",""r8"":""0x0808080808080808"",""r9"":""0x0909090909090909"",""rax"":""0x1122334455667788"",""rbp"":""0x778899aabbccddee"",""rbx"":""0xa1b2c3d4e5f60718"",""rcx"":""0x0000000000000003"",""rdi"":""data+4090"",""rdx"":""0x99aabbccddeeff00"",""rflags"":""0x0000000000010203"",""rip"":""code+0"",""rsi"":""source+256"",""rsp"":""stack+32768"",""trapno"":""0x000000000000000e""},""kernel_sigmask"":""0000000000000000"",""pages"":{""fill"":""11"",""page2_mapped"":true,""patches"":[],""size"":8192},""partial_write"":false,""si_code"":2,""signal"":11,""six_flags"":{""AF"":0,""CF"":1,""OF"":0,""PF"":0,""SF"":0,""ZF"":0},""trap"":14,""uc_flags"":7,""uc_link"":""0x0000000000000000"",""uc_stack"":{""flags"":0,""size"":65536,""sp"":""altstack+0""}}]","0x3c across full destination footprint after mapping/protection repair, before sigreturn","{""fill"":""11"",""page2_mapped"":true,""patches"":[[4090,""54433222""],[4095,""00efdd""]],""size"":8192}","{""r10"":""0x1010101010101010"",""r11"":""0x1212121212121212"",""r12"":""0x1313131313131313"",""r13"":""0x1414141414141414"",""r14"":""0x1515151515151515"",""r15"":""0x1616161616161616"",""r8"":""0x0808080808080808"",""r9"":""0x0909090909090909"",""rax"":""0x1122334455667788"",""rbp"":""0x778899aabbccddee"",""rbx"":""0xa1b2c3d4e5f60718"",""rcx"":""0x0000000000000003"",""rdi"":""data+4090"",""rdx"":""0x99aabbccddeeff00"",""rflags"":""0x0000000000000292"",""rsi"":""source+256"",""rsp"":""stack+32768""}","{""AF"":1,""CF"":0,""OF"":0,""PF"":0,""SF"":1,""ZF"":0}",False,rmw.run1.jsonl.gz: matching form/layout/cross_offset/continuation
A,page_and_cacheline_cross,measured,True,True,add_reg_64_lock,64,cross_rw_ro,7,4089,f048011f,"[{""address"":""data+4096"",""error"":7,""execution_phase"":1,""fpstate_size"":2436,""gregs"":{""cr2"":""data+4096"",""csgsfs"":""0x002b000000000033"",""err"":""0x0000000000000007"",""oldmask"":""0x0000000000000000"",""r10"":""0x1010101010101010"",""r11"":""0x1212121212121212"",""r12"":""0x1313131313131313"",""r13"":""0x1414141414141414"",""r14"":""0x1515151515151515"",""r15"":""0x1616161616161616"",""r8"":""0x0808080808080808"",""r9"":""0x0909090909090909"",""rax"":""0x1122334455667788"",""rbp"":""0x778899aabbccddee"",""rbx"":""0xa1b2c3d4e5f60718"",""rcx"":""0x0000000000000003"",""rdi"":""data+4089"",""rdx"":""0x99aabbccddeeff00"",""rflags"":""0x0000000000010203"",""rip"":""code+0"",""rsi"":""source+256"",""rsp"":""stack+32768"",""trapno"":""0x000000000000000e""},""kernel_sigmask"":""0000000000000000"",""pages"":{""fill"":""11"",""page2_mapped"":true,""patches"":[],""size"":8192},""partial_write"":false,""si_code"":2,""signal"":11,""six_flags"":{""AF"":0,""CF"":1,""OF"":0,""PF"":0,""SF"":0,""ZF"":0},""trap"":14,""uc_flags"":7,""uc_link"":""0x0000000000000000"",""uc_stack"":{""flags"":0,""size"":65536,""sp"":""altstack+0""}}]","{""fill"":""11"",""page2_mapped"":true,""patches"":[],""size"":8192}","[{""address"":""data+4096"",""error"":7,""execution_phase"":1,""fpstate_size"":2436,""gregs"":{""cr2"":""data+4096"",""csgsfs"":""0x002b000000000033"",""err"":""0x0000000000000007"",""oldmask"":""0x0000000000000000"",""r10"":""0x1010101010101010"",""r11"":""0x1212121212121212"",""r12"":""0x1313131313131313"",""r13"":""0x1414141414141414"",""r14"":""0x1515151515151515"",""r15"":""0x1616161616161616"",""r8"":""0x0808080808080808"",""r9"":""0x0909090909090909"",""rax"":""0x1122334455667788"",""rbp"":""0x778899aabbccddee"",""rbx"":""0xa1b2c3d4e5f60718"",""rcx"":""0x0000000000000003"",""rdi"":""data+4089"",""rdx"":""0x99aabbccddeeff00"",""rflags"":""0x0000000000010203"",""rip"":""code+0"",""rsi"":""source+256"",""rsp"":""stack+32768"",""trapno"":""0x000000000000000e""},""kernel_sigmask"":""0000000000000000"",""pages"":{""fill"":""11"",""page2_mapped"":true,""patches"":[],""size"":8192},""partial_write"":false,""si_code"":2,""signal"":11,""six_flags"":{""AF"":0,""CF"":1,""OF"":0,""PF"":0,""SF"":0,""ZF"":0},""trap"":14,""uc_flags"":7,""uc_link"":""0x0000000000000000"",""uc_stack"":{""flags"":0,""size"":65536,""sp"":""altstack+0""}}]","0x3c across full destination footprint after mapping/protection repair, before sigreturn","{""fill"":""11"",""page2_mapped"":true,""patches"":[[4089,""54433222""],[4094,""00efdd""]],""size"":8192}","{""r10"":""0x1010101010101010"",""r11"":""0x1212121212121212"",""r12"":""0x1313131313131313"",""r13"":""0x1414141414141414"",""r14"":""0x1515151515151515"",""r15"":""0x1616161616161616"",""r8"":""0x0808080808080808"",""r9"":""0x0909090909090909"",""rax"":""0x1122334455667788"",""rbp"":""0x778899aabbccddee"",""rbx"":""0xa1b2c3d4e5f60718"",""rcx"":""0x0000000000000003"",""rdi"":""data+4089"",""rdx"":""0x99aabbccddeeff00"",""rflags"":""0x0000000000000292"",""rsi"":""source+256"",""rsp"":""stack+32768""}","{""AF"":1,""CF"":0,""OF"":0,""PF"":0,""SF"":1,""ZF"":0}",False,rmw.run1.jsonl.gz: matching form/layout/cross_offset/continuation
A,page_and_cacheline_cross,measured,True,True,add_reg_64_lock,64,cross_ro_rw,1,4095,f048011f,"[{""address"":""data+4095"",""error"":7,""execution_phase"":1,""fpstate_size"":2436,""gregs"":{""cr2"":""data+4095"",""csgsfs"":""0x002b000000000033"",""err"":""0x0000000000000007"",""oldmask"":""0x0000000000000000"",""r10"":""0x1010101010101010"",""r11"":""0x1212121212121212"",""r12"":""0x1313131313131313"",""r13"":""0x1414141414141414"",""r14"":""0x1515151515151515"",""r15"":""0x1616161616161616"",""r8"":""0x0808080808080808"",""r9"":""0x0909090909090909"",""rax"":""0x1122334455667788"",""rbp"":""0x778899aabbccddee"",""rbx"":""0xa1b2c3d4e5f60718"",""rcx"":""0x0000000000000003"",""rdi"":""data+4095"",""rdx"":""0x99aabbccddeeff00"",""rflags"":""0x0000000000010203"",""rip"":""code+0"",""rsi"":""source+256"",""rsp"":""stack+32768"",""trapno"":""0x000000000000000e""},""kernel_sigmask"":""0000000000000000"",""pages"":{""fill"":""11"",""page2_mapped"":true,""patches"":[],""size"":8192},""partial_write"":false,""si_code"":2,""signal"":11,""six_flags"":{""AF"":0,""CF"":1,""OF"":0,""PF"":0,""SF"":0,""ZF"":0},""trap"":14,""uc_flags"":7,""uc_link"":""0x0000000000000000"",""uc_stack"":{""flags"":0,""size"":65536,""sp"":""altstack+0""}}]","{""fill"":""11"",""page2_mapped"":true,""patches"":[],""size"":8192}","[{""address"":""data+4095"",""error"":7,""execution_phase"":1,""fpstate_size"":2436,""gregs"":{""cr2"":""data+4095"",""csgsfs"":""0x002b000000000033"",""err"":""0x0000000000000007"",""oldmask"":""0x0000000000000000"",""r10"":""0x1010101010101010"",""r11"":""0x1212121212121212"",""r12"":""0x1313131313131313"",""r13"":""0x1414141414141414"",""r14"":""0x1515151515151515"",""r15"":""0x1616161616161616"",""r8"":""0x0808080808080808"",""r9"":""0x0909090909090909"",""rax"":""0x1122334455667788"",""rbp"":""0x778899aabbccddee"",""rbx"":""0xa1b2c3d4e5f60718"",""rcx"":""0x0000000000000003"",""rdi"":""data+4095"",""rdx"":""0x99aabbccddeeff00"",""rflags"":""0x0000000000010203"",""rip"":""code+0"",""rsi"":""source+256"",""rsp"":""stack+32768"",""trapno"":""0x000000000000000e""},""kernel_sigmask"":""0000000000000000"",""pages"":{""fill"":""11"",""page2_mapped"":true,""patches"":[],""size"":8192},""partial_write"":false,""si_code"":2,""signal"":11,""six_flags"":{""AF"":0,""CF"":1,""OF"":0,""PF"":0,""SF"":0,""ZF"":0},""trap"":14,""uc_flags"":7,""uc_link"":""0x0000000000000000"",""uc_stack"":{""flags"":0,""size"":65536,""sp"":""altstack+0""}}]","0x3c across full destination footprint after mapping/protection repair, before sigreturn","{""fill"":""11"",""page2_mapped"":true,""patches"":[[4095,""54433222""],[4100,""00efdd""]],""size"":8192}","{""r10"":""0x1010101010101010"",""r11"":""0x1212121212121212"",""r12"":""0x1313131313131313"",""r13"":""0x1414141414141414"",""r14"":""0x1515151515151515"",""r15"":""0x1616161616161616"",""r8"":""0x0808080808080808"",""r9"":""0x0909090909090909"",""rax"":""0x1122334455667788"",""rbp"":""0x778899aabbccddee"",""rbx"":""0xa1b2c3d4e5f60718"",""rcx"":""0x0000000000000003"",""rdi"":""data+4095"",""rdx"":""0x99aabbccddeeff00"",""rflags"":""0x0000000000000292"",""rsi"":""source+256"",""rsp"":""stack+32768""}","{""AF"":1,""CF"":0,""OF"":0,""PF"":0,""SF"":1,""ZF"":0}",False,rmw.run1.jsonl.gz: matching form/layout/cross_offset/continuation
A,page_and_cacheline_cross,measured,True,True,add_reg_64_lock,64,cross_ro_rw,2,4094,f048011f,"[{""address"":""data+4094"",""error"":7,""execution_phase"":1,""fpstate_size"":2436,""gregs"":{""cr2"":""data+4094"",""csgsfs"":""0x002b000000000033"",""err"":""0x0000000000000007"",""oldmask"":""0x0000000000000000"",""r10"":""0x1010101010101010"",""r11"":""0x1212121212121212"",""r12"":""0x1313131313131313"",""r13"":""0x1414141414141414"",""r14"":""0x1515151515151515"",""r15"":""0x1616161616161616"",""r8"":""0x0808080808080808"",""r9"":""0x0909090909090909"",""rax"":""0x1122334455667788"",""rbp"":""0x778899aabbccddee"",""rbx"":""0xa1b2c3d4e5f60718"",""rcx"":""0x0000000000000003"",""rdi"":""data+4094"",""rdx"":""0x99aabbccddeeff00"",""rflags"":""0x0000000000010203"",""rip"":""code+0"",""rsi"":""source+256"",""rsp"":""stack+32768"",""trapno"":""0x000000000000000e""},""kernel_sigmask"":""0000000000000000"",""pages"":{""fill"":""11"",""page2_mapped"":true,""patches"":[],""size"":8192},""partial_write"":false,""si_code"":2,""signal"":11,""six_flags"":{""AF"":0,""CF"":1,""OF"":0,""PF"":0,""SF"":0,""ZF"":0},""trap"":14,""uc_flags"":7,""uc_link"":""0x0000000000000000"",""uc_stack"":{""flags"":0,""size"":65536,""sp"":""altstack+0""}}]","{""fill"":""11"",""page2_mapped"":true,""patches"":[],""size"":8192}","[{""address"":""data+4094"",""error"":7,""execution_phase"":1,""fpstate_size"":2436,""gregs"":{""cr2"":""data+4094"",""csgsfs"":""0x002b000000000033"",""err"":""0x0000000000000007"",""oldmask"":""0x0000000000000000"",""r10"":""0x1010101010101010"",""r11"":""0x1212121212121212"",""r12"":""0x1313131313131313"",""r13"":""0x1414141414141414"",""r14"":""0x1515151515151515"",""r15"":""0x1616161616161616"",""r8"":""0x0808080808080808"",""r9"":""0x0909090909090909"",""rax"":""0x1122334455667788"",""rbp"":""0x778899aabbccddee"",""rbx"":""0xa1b2c3d4e5f60718"",""rcx"":""0x0000000000000003"",""rdi"":""data+4094"",""rdx"":""0x99aabbccddeeff00"",""rflags"":""0x0000000000010203"",""rip"":""code+0"",""rsi"":""source+256"",""rsp"":""stack+32768"",""trapno"":""0x000000000000000e""},""kernel_sigmask"":""0000000000000000"",""pages"":{""fill"":""11"",""page2_mapped"":true,""patches"":[],""size"":8192},""partial_write"":false,""si_code"":2,""signal"":11,""six_flags"":{""AF"":0,""CF"":1,""OF"":0,""PF"":0,""SF"":0,""ZF"":0},""trap"":14,""uc_flags"":7,""uc_link"":""0x0000000000000000"",""uc_stack"":{""flags"":0,""size"":65536,""sp"":""altstack+0""}}]","0x3c across full destination footprint after mapping/protection repair, before sigreturn","{""fill"":""11"",""page2_mapped"":true,""patches"":[[4094,""54433222""],[4099,""00efdd""]],""size"":8192}","{""r10"":""0x1010101010101010"",""r11"":""0x1212121212121212"",""r12"":""0x1313131313131313"",""r13"":""0x1414141414141414"",""r14"":""0x1515151515151515"",""r15"":""0x1616161616161616"",""r8"":""0x0808080808080808"",""r9"":""0x0909090909090909"",""rax"":""0x1122334455667788"",""rbp"":""0x778899aabbccddee"",""rbx"":""0xa1b2c3d4e5f60718"",""rcx"":""0x0000000000000003"",""rdi"":""data+4094"",""rdx"":""0x99aabbccddeeff00"",""rflags"":""0x0000000000000292"",""rsi"":""source+256"",""rsp"":""stack+32768""}","{""AF"":1,""CF"":0,""OF"":0,""PF"":0,""SF"":1,""ZF"":0}",False,rmw.run1.jsonl.gz: matching form/layout/cross_offset/continuation
A,page_and_cacheline_cross,measured,True,True,add_reg_64_lock,64,cross_ro_rw,3,4093,f048011f,"[{""address"":""data+4093"",""error"":7,""execution_phase"":1,""fpstate_size"":2436,""gregs"":{""cr2"":""data+4093"",""csgsfs"":""0x002b000000000033"",""err"":""0x0000000000000007"",""oldmask"":""0x0000000000000000"",""r10"":""0x1010101010101010"",""r11"":""0x1212121212121212"",""r12"":""0x1313131313131313"",""r13"":""0x1414141414141414"",""r14"":""0x1515151515151515"",""r15"":""0x1616161616161616"",""r8"":""0x0808080808080808"",""r9"":""0x0909090909090909"",""rax"":""0x1122334455667788"",""rbp"":""0x778899aabbccddee"",""rbx"":""0xa1b2c3d4e5f60718"",""rcx"":""0x0000000000000003"",""rdi"":""data+4093"",""rdx"":""0x99aabbccddeeff00"",""rflags"":""0x0000000000010203"",""rip"":""code+0"",""rsi"":""source+256"",""rsp"":""stack+32768"",""trapno"":""0x000000000000000e""},""kernel_sigmask"":""0000000000000000"",""pages"":{""fill"":""11"",""page2_mapped"":true,""patches"":[],""size"":8192},""partial_write"":false,""si_code"":2,""signal"":11,""six_flags"":{""AF"":0,""CF"":1,""OF"":0,""PF"":0,""SF"":0,""ZF"":0},""trap"":14,""uc_flags"":7,""uc_link"":""0x0000000000000000"",""uc_stack"":{""flags"":0,""size"":65536,""sp"":""altstack+0""}}]","{""fill"":""11"",""page2_mapped"":true,""patches"":[],""size"":8192}","[{""address"":""data+4093"",""error"":7,""execution_phase"":1,""fpstate_size"":2436,""gregs"":{""cr2"":""data+4093"",""csgsfs"":""0x002b000000000033"",""err"":""0x0000000000000007"",""oldmask"":""0x0000000000000000"",""r10"":""0x1010101010101010"",""r11"":""0x1212121212121212"",""r12"":""0x1313131313131313"",""r13"":""0x1414141414141414"",""r14"":""0x1515151515151515"",""r15"":""0x1616161616161616"",""r8"":""0x0808080808080808"",""r9"":""0x0909090909090909"",""rax"":""0x1122334455667788"",""rbp"":""0x778899aabbccddee"",""rbx"":""0xa1b2c3d4e5f60718"",""rcx"":""0x0000000000000003"",""rdi"":""data+4093"",""rdx"":""0x99aabbccddeeff00"",""rflags"":""0x0000000000010203"",""rip"":""code+0"",""rsi"":""source+256"",""rsp"":""stack+32768"",""trapno"":""0x000000000000000e""},""kernel_sigmask"":""0000000000000000"",""pages"":{""fill"":""11"",""page2_mapped"":true,""patches"":[],""size"":8192},""partial_write"":false,""si_code"":2,""signal"":11,""six_flags"":{""AF"":0,""CF"":1,""OF"":0,""PF"":0,""SF"":0,""ZF"":0},""trap"":14,""uc_flags"":7,""uc_link"":""0x0000000000000000"",""uc_stack"":{""flags"":0,""size"":65536,""sp"":""altstack+0""}}]","0x3c across full destination footprint after mapping/protection repair, before sigreturn","{""fill"":""11"",""page2_mapped"":true,""patches"":[[4093,""54433222""],[4098,""00efdd""]],""size"":8192}","{""r10"":""0x1010101010101010"",""r11"":""0x1212121212121212"",""r12"":""0x1313131313131313"",""r13"":""0x1414141414141414"",""r14"":""0x1515151515151515"",""r15"":""0x1616161616161616"",""r8"":""0x0808080808080808"",""r9"":""0x0909090909090909"",""rax"":""0x1122334455667788"",""rbp"":""0x778899aabbccddee"",""rbx"":""0xa1b2c3d4e5f60718"",""rcx"":""0x0000000000000003"",""rdi"":""data+4093"",""rdx"":""0x99aabbccddeeff00"",""rflags"":""0x0000000000000292"",""rsi"":""source+256"",""rsp"":""stack+32768""}","{""AF"":1,""CF"":0,""OF"":0,""PF"":0,""SF"":1,""ZF"":0}",False,rmw.run1.jsonl.gz: matching form/layout/cross_offset/continuation
A,page_and_cacheline_cross,measured,True,True,add_reg_64_lock,64,cross_ro_rw,4,4092,f048011f,"[{""address"":""data+4092"",""error"":7,""execution_phase"":1,""fpstate_size"":2436,""gregs"":{""cr2"":""data+4092"",""csgsfs"":""0x002b000000000033"",""err"":""0x0000000000000007"",""oldmask"":""0x0000000000000000"",""r10"":""0x1010101010101010"",""r11"":""0x1212121212121212"",""r12"":""0x1313131313131313"",""r13"":""0x1414141414141414"",""r14"":""0x1515151515151515"",""r15"":""0x1616161616161616"",""r8"":""0x0808080808080808"",""r9"":""0x0909090909090909"",""rax"":""0x1122334455667788"",""rbp"":""0x778899aabbccddee"",""rbx"":""0xa1b2c3d4e5f60718"",""rcx"":""0x0000000000000003"",""rdi"":""data+4092"",""rdx"":""0x99aabbccddeeff00"",""rflags"":""0x0000000000010203"",""rip"":""code+0"",""rsi"":""source+256"",""rsp"":""stack+32768"",""trapno"":""0x000000000000000e""},""kernel_sigmask"":""0000000000000000"",""pages"":{""fill"":""11"",""page2_mapped"":true,""patches"":[],""size"":8192},""partial_write"":false,""si_code"":2,""signal"":11,""six_flags"":{""AF"":0,""CF"":1,""OF"":0,""PF"":0,""SF"":0,""ZF"":0},""trap"":14,""uc_flags"":7,""uc_link"":""0x0000000000000000"",""uc_stack"":{""flags"":0,""size"":65536,""sp"":""altstack+0""}}]","{""fill"":""11"",""page2_mapped"":true,""patches"":[],""size"":8192}","[{""address"":""data+4092"",""error"":7,""execution_phase"":1,""fpstate_size"":2436,""gregs"":{""cr2"":""data+4092"",""csgsfs"":""0x002b000000000033"",""err"":""0x0000000000000007"",""oldmask"":""0x0000000000000000"",""r10"":""0x1010101010101010"",""r11"":""0x1212121212121212"",""r12"":""0x1313131313131313"",""r13"":""0x1414141414141414"",""r14"":""0x1515151515151515"",""r15"":""0x1616161616161616"",""r8"":""0x0808080808080808"",""r9"":""0x0909090909090909"",""rax"":""0x1122334455667788"",""rbp"":""0x778899aabbccddee"",""rbx"":""0xa1b2c3d4e5f60718"",""rcx"":""0x0000000000000003"",""rdi"":""data+4092"",""rdx"":""0x99aabbccddeeff00"",""rflags"":""0x0000000000010203"",""rip"":""code+0"",""rsi"":""source+256"",""rsp"":""stack+32768"",""trapno"":""0x000000000000000e""},""kernel_sigmask"":""0000000000000000"",""pages"":{""fill"":""11"",""page2_mapped"":true,""patches"":[],""size"":8192},""partial_write"":false,""si_code"":2,""signal"":11,""six_flags"":{""AF"":0,""CF"":1,""OF"":0,""PF"":0,""SF"":0,""ZF"":0},""trap"":14,""uc_flags"":7,""uc_link"":""0x0000000000000000"",""uc_stack"":{""flags"":0,""size"":65536,""sp"":""altstack+0""}}]","0x3c across full destination footprint after mapping/protection repair, before sigreturn","{""fill"":""11"",""page2_mapped"":true,""patches"":[[4092,""54433222""],[4097,""00efdd""]],""size"":8192}","{""r10"":""0x1010101010101010"",""r11"":""0x1212121212121212"",""r12"":""0x1313131313131313"",""r13"":""0x1414141414141414"",""r14"":""0x1515151515151515"",""r15"":""0x1616161616161616"",""r8"":""0x0808080808080808"",""r9"":""0x0909090909090909"",""rax"":""0x1122334455667788"",""rbp"":""0x778899aabbccddee"",""rbx"":""0xa1b2c3d4e5f60718"",""rcx"":""0x0000000000000003"",""rdi"":""data+4092"",""rdx"":""0x99aabbccddeeff00"",""rflags"":""0x0000000000000292"",""rsi"":""source+256"",""rsp"":""stack+32768""}","{""AF"":1,""CF"":0,""OF"":0,""PF"":0,""SF"":1,""ZF"":0}",False,rmw.run1.jsonl.gz: matching form/layout/cross_offset/continuation
A,page_and_cacheline_cross,measured,True,True,add_reg_64_lock,64,cross_ro_rw,5,4091,f048011f,"[{""address"":""data+4091"",""error"":7,""execution_phase"":1,""fpstate_size"":2436,""gregs"":{""cr2"":""data+4091"",""csgsfs"":""0x002b000000000033"",""err"":""0x0000000000000007"",""oldmask"":""0x0000000000000000"",""r10"":""0x1010101010101010"",""r11"":""0x1212121212121212"",""r12"":""0x1313131313131313"",""r13"":""0x1414141414141414"",""r14"":""0x1515151515151515"",""r15"":""0x1616161616161616"",""r8"":""0x0808080808080808"",""r9"":""0x0909090909090909"",""rax"":""0x1122334455667788"",""rbp"":""0x778899aabbccddee"",""rbx"":""0xa1b2c3d4e5f60718"",""rcx"":""0x0000000000000003"",""rdi"":""data+4091"",""rdx"":""0x99aabbccddeeff00"",""rflags"":""0x0000000000010203"",""rip"":""code+0"",""rsi"":""source+256"",""rsp"":""stack+32768"",""trapno"":""0x000000000000000e""},""kernel_sigmask"":""0000000000000000"",""pages"":{""fill"":""11"",""page2_mapped"":true,""patches"":[],""size"":8192},""partial_write"":false,""si_code"":2,""signal"":11,""six_flags"":{""AF"":0,""CF"":1,""OF"":0,""PF"":0,""SF"":0,""ZF"":0},""trap"":14,""uc_flags"":7,""uc_link"":""0x0000000000000000"",""uc_stack"":{""flags"":0,""size"":65536,""sp"":""altstack+0""}}]","{""fill"":""11"",""page2_mapped"":true,""patches"":[],""size"":8192}","[{""address"":""data+4091"",""error"":7,""execution_phase"":1,""fpstate_size"":2436,""gregs"":{""cr2"":""data+4091"",""csgsfs"":""0x002b000000000033"",""err"":""0x0000000000000007"",""oldmask"":""0x0000000000000000"",""r10"":""0x1010101010101010"",""r11"":""0x1212121212121212"",""r12"":""0x1313131313131313"",""r13"":""0x1414141414141414"",""r14"":""0x1515151515151515"",""r15"":""0x1616161616161616"",""r8"":""0x0808080808080808"",""r9"":""0x0909090909090909"",""rax"":""0x1122334455667788"",""rbp"":""0x778899aabbccddee"",""rbx"":""0xa1b2c3d4e5f60718"",""rcx"":""0x0000000000000003"",""rdi"":""data+4091"",""rdx"":""0x99aabbccddeeff00"",""rflags"":""0x0000000000010203"",""rip"":""code+0"",""rsi"":""source+256"",""rsp"":""stack+32768"",""trapno"":""0x000000000000000e""},""kernel_sigmask"":""0000000000000000"",""pages"":{""fill"":""11"",""page2_mapped"":true,""patches"":[],""size"":8192},""partial_write"":false,""si_code"":2,""signal"":11,""six_flags"":{""AF"":0,""CF"":1,""OF"":0,""PF"":0,""SF"":0,""ZF"":0},""trap"":14,""uc_flags"":7,""uc_link"":""0x0000000000000000"",""uc_stack"":{""flags"":0,""size"":65536,""sp"":""altstack+0""}}]","0x3c across full destination footprint after mapping/protection repair, before sigreturn","{""fill"":""11"",""page2_mapped"":true,""patches"":[[4091,""54433222""],[4096,""00efdd""]],""size"":8192}","{""r10"":""0x1010101010101010"",""r11"":""0x1212121212121212"",""r12"":""0x1313131313131313"",""r13"":""0x1414141414141414"",""r14"":""0x1515151515151515"",""r15"":""0x1616161616161616"",""r8"":""0x0808080808080808"",""r9"":""0x0909090909090909"",""rax"":""0x1122334455667788"",""rbp"":""0x778899aabbccddee"",""rbx"":""0xa1b2c3d4e5f60718"",""rcx"":""0x0000000000000003"",""rdi"":""data+4091"",""rdx"":""0x99aabbccddeeff00"",""rflags"":""0x0000000000000292"",""rsi"":""source+256"",""rsp"":""stack+32768""}","{""AF"":1,""CF"":0,""OF"":0,""PF"":0,""SF"":1,""ZF"":0}",False,rmw.run1.jsonl.gz: matching form/layout/cross_offset/continuation
A,page_and_cacheline_cross,measured,True,True,add_reg_64_lock,64,cross_ro_rw,6,4090,f048011f,"[{""address"":""data+4090"",""error"":7,""execution_phase"":1,""fpstate_size"":2436,""gregs"":{""cr2"":""data+4090"",""csgsfs"":""0x002b000000000033"",""err"":""0x0000000000000007"",""oldmask"":""0x0000000000000000"",""r10"":""0x1010101010101010"",""r11"":""0x1212121212121212"",""r12"":""0x1313131313131313"",""r13"":""0x1414141414141414"",""r14"":""0x1515151515151515"",""r15"":""0x1616161616161616"",""r8"":""0x0808080808080808"",""r9"":""0x0909090909090909"",""rax"":""0x1122334455667788"",""rbp"":""0x778899aabbccddee"",""rbx"":""0xa1b2c3d4e5f60718"",""rcx"":""0x0000000000000003"",""rdi"":""data+4090"",""rdx"":""0x99aabbccddeeff00"",""rflags"":""0x0000000000010203"",""rip"":""code+0"",""rsi"":""source+256"",""rsp"":""stack+32768"",""trapno"":""0x000000000000000e""},""kernel_sigmask"":""0000000000000000"",""pages"":{""fill"":""11"",""page2_mapped"":true,""patches"":[],""size"":8192},""partial_write"":false,""si_code"":2,""signal"":11,""six_flags"":{""AF"":0,""CF"":1,""OF"":0,""PF"":0,""SF"":0,""ZF"":0},""trap"":14,""uc_flags"":7,""uc_link"":""0x0000000000000000"",""uc_stack"":{""flags"":0,""size"":65536,""sp"":""altstack+0""}}]","{""fill"":""11"",""page2_mapped"":true,""patches"":[],""size"":8192}","[{""address"":""data+4090"",""error"":7,""execution_phase"":1,""fpstate_size"":2436,""gregs"":{""cr2"":""data+4090"",""csgsfs"":""0x002b000000000033"",""err"":""0x0000000000000007"",""oldmask"":""0x0000000000000000"",""r10"":""0x1010101010101010"",""r11"":""0x1212121212121212"",""r12"":""0x1313131313131313"",""r13"":""0x1414141414141414"",""r14"":""0x1515151515151515"",""r15"":""0x1616161616161616"",""r8"":""0x0808080808080808"",""r9"":""0x0909090909090909"",""rax"":""0x1122334455667788"",""rbp"":""0x778899aabbccddee"",""rbx"":""0xa1b2c3d4e5f60718"",""rcx"":""0x0000000000000003"",""rdi"":""data+4090"",""rdx"":""0x99aabbccddeeff00"",""rflags"":""0x0000000000010203"",""rip"":""code+0"",""rsi"":""source+256"",""rsp"":""stack+32768"",""trapno"":""0x000000000000000e""},""kernel_sigmask"":""0000000000000000"",""pages"":{""fill"":""11"",""page2_mapped"":true,""patches"":[],""size"":8192},""partial_write"":false,""si_code"":2,""signal"":11,""six_flags"":{""AF"":0,""CF"":1,""OF"":0,""PF"":0,""SF"":0,""ZF"":0},""trap"":14,""uc_flags"":7,""uc_link"":""0x0000000000000000"",""uc_stack"":{""flags"":0,""size"":65536,""sp"":""altstack+0""}}]","0x3c across full destination footprint after mapping/protection repair, before sigreturn","{""fill"":""11"",""page2_mapped"":true,""patches"":[[4090,""54433222""],[4095,""00efdd""]],""size"":8192}","{""r10"":""0x1010101010101010"",""r11"":""0x1212121212121212"",""r12"":""0x1313131313131313"",""r13"":""0x1414141414141414"",""r14"":""0x1515151515151515"",""r15"":""0x1616161616161616"",""r8"":""0x0808080808080808"",""r9"":""0x0909090909090909"",""rax"":""0x1122334455667788"",""rbp"":""0x778899aabbccddee"",""rbx"":""0xa1b2c3d4e5f60718"",""rcx"":""0x0000000000000003"",""rdi"":""data+4090"",""rdx"":""0x99aabbccddeeff00"",""rflags"":""0x0000000000000292"",""rsi"":""source+256"",""rsp"":""stack+32768""}","{""AF"":1,""CF"":0,""OF"":0,""PF"":0,""SF"":1,""ZF"":0}",False,rmw.run1.jsonl.gz: matching form/layout/cross_offset/continuation
A,page_and_cacheline_cross,measured,True,True,add_reg_64_lock,64,cross_ro_rw,7,4089,f048011f,"[{""address"":""data+4089"",""error"":7,""execution_phase"":1,""fpstate_size"":2436,""gregs"":{""cr2"":""data+4089"",""csgsfs"":""0x002b000000000033"",""err"":""0x0000000000000007"",""oldmask"":""0x0000000000000000"",""r10"":""0x1010101010101010"",""r11"":""0x1212121212121212"",""r12"":""0x1313131313131313"",""r13"":""0x1414141414141414"",""r14"":""0x1515151515151515"",""r15"":""0x1616161616161616"",""r8"":""0x0808080808080808"",""r9"":""0x0909090909090909"",""rax"":""0x1122334455667788"",""rbp"":""0x778899aabbccddee"",""rbx"":""0xa1b2c3d4e5f60718"",""rcx"":""0x0000000000000003"",""rdi"":""data+4089"",""rdx"":""0x99aabbccddeeff00"",""rflags"":""0x0000000000010203"",""rip"":""code+0"",""rsi"":""source+256"",""rsp"":""stack+32768"",""trapno"":""0x000000000000000e""},""kernel_sigmask"":""0000000000000000"",""pages"":{""fill"":""11"",""page2_mapped"":true,""patches"":[],""size"":8192},""partial_write"":false,""si_code"":2,""signal"":11,""six_flags"":{""AF"":0,""CF"":1,""OF"":0,""PF"":0,""SF"":0,""ZF"":0},""trap"":14,""uc_flags"":7,""uc_link"":""0x0000000000000000"",""uc_stack"":{""flags"":0,""size"":65536,""sp"":""altstack+0""}}]","{""fill"":""11"",""page2_mapped"":true,""patches"":[],""size"":8192}","[{""address"":""data+4089"",""error"":7,""execution_phase"":1,""fpstate_size"":2436,""gregs"":{""cr2"":""data+4089"",""csgsfs"":""0x002b000000000033"",""err"":""0x0000000000000007"",""oldmask"":""0x0000000000000000"",""r10"":""0x1010101010101010"",""r11"":""0x1212121212121212"",""r12"":""0x1313131313131313"",""r13"":""0x1414141414141414"",""r14"":""0x1515151515151515"",""r15"":""0x1616161616161616"",""r8"":""0x0808080808080808"",""r9"":""0x0909090909090909"",""rax"":""0x1122334455667788"",""rbp"":""0x778899aabbccddee"",""rbx"":""0xa1b2c3d4e5f60718"",""rcx"":""0x0000000000000003"",""rdi"":""data+4089"",""rdx"":""0x99aabbccddeeff00"",""rflags"":""0x0000000000010203"",""rip"":""code+0"",""rsi"":""source+256"",""rsp"":""stack+32768"",""trapno"":""0x000000000000000e""},""kernel_sigmask"":""0000000000000000"",""pages"":{""fill"":""11"",""page2_mapped"":true,""patches"":[],""size"":8192},""partial_write"":false,""si_code"":2,""signal"":11,""six_flags"":{""AF"":0,""CF"":1,""OF"":0,""PF"":0,""SF"":0,""ZF"":0},""trap"":14,""uc_flags"":7,""uc_link"":""0x0000000000000000"",""uc_stack"":{""flags"":0,""size"":65536,""sp"":""altstack+0""}}]","0x3c across full destination footprint after mapping/protection repair, before sigreturn","{""fill"":""11"",""page2_mapped"":true,""patches"":[[4089,""54433222""],[4094,""00efdd""]],""size"":8192}","{""r10"":""0x1010101010101010"",""r11"":""0x1212121212121212"",""r12"":""0x1313131313131313"",""r13"":""0x1414141414141414"",""r14"":""0x1515151515151515"",""r15"":""0x1616161616161616"",""r8"":""0x0808080808080808"",""r9"":""0x0909090909090909"",""rax"":""0x1122334455667788"",""rbp"":""0x778899aabbccddee"",""rbx"":""0xa1b2c3d4e5f60718"",""rcx"":""0x0000000000000003"",""rdi"":""data+4089"",""rdx"":""0x99aabbccddeeff00"",""rflags"":""0x0000000000000292"",""rsi"":""source+256"",""rsp"":""stack+32768""}","{""AF"":1,""CF"":0,""OF"":0,""PF"":0,""SF"":1,""ZF"":0}",False,rmw.run1.jsonl.gz: matching form/layout/cross_offset/continuation
A,page_and_cacheline_cross,measured,False,True,add_imm32sx_64_lock,64,cross_rw_ro,1,4095,f0488107a5315aa5,"[{""address"":""data+4096"",""error"":7,""execution_phase"":1,""fpstate_size"":2436,""gregs"":{""cr2"":""data+4096"",""csgsfs"":""0x002b000000000033"",""err"":""0x0000000000000007"",""oldmask"":""0x0000000000000000"",""r10"":""0x1010101010101010"",""r11"":""0x1212121212121212"",""r12"":""0x1313131313131313"",""r13"":""0x1414141414141414"",""r14"":""0x1515151515151515"",""r15"":""0x1616161616161616"",""r8"":""0x0808080808080808"",""r9"":""0x0909090909090909"",""rax"":""0x1122334455667788"",""rbp"":""0x778899aabbccddee"",""rbx"":""0xa1b2c3d4e5f60718"",""rcx"":""0x0000000000000003"",""rdi"":""data+4095"",""rdx"":""0x99aabbccddeeff00"",""rflags"":""0x0000000000010203"",""rip"":""code+0"",""rsi"":""source+256"",""rsp"":""stack+32768"",""trapno"":""0x000000000000000e""},""kernel_sigmask"":""0000000000000000"",""pages"":{""fill"":""11"",""page2_mapped"":true,""patches"":[],""size"":8192},""partial_write"":false,""si_code"":2,""signal"":11,""six_flags"":{""AF"":0,""CF"":1,""OF"":0,""PF"":0,""SF"":0,""ZF"":0},""trap"":14,""uc_flags"":7,""uc_link"":""0x0000000000000000"",""uc_stack"":{""flags"":0,""size"":65536,""sp"":""altstack+0""}}]","{""fill"":""11"",""page2_mapped"":true,""patches"":[],""size"":8192}","[{""address"":""data+4096"",""error"":7,""execution_phase"":1,""fpstate_size"":2436,""gregs"":{""cr2"":""data+4096"",""csgsfs"":""0x002b000000000033"",""err"":""0x0000000000000007"",""oldmask"":""0x0000000000000000"",""r10"":""0x1010101010101010"",""r11"":""0x1212121212121212"",""r12"":""0x1313131313131313"",""r13"":""0x1414141414141414"",""r14"":""0x1515151515151515"",""r15"":""0x1616161616161616"",""r8"":""0x0808080808080808"",""r9"":""0x0909090909090909"",""rax"":""0x1122334455667788"",""rbp"":""0x778899aabbccddee"",""rbx"":""0xa1b2c3d4e5f60718"",""rcx"":""0x0000000000000003"",""rdi"":""data+4095"",""rdx"":""0x99aabbccddeeff00"",""rflags"":""0x0000000000010203"",""rip"":""code+0"",""rsi"":""source+256"",""rsp"":""stack+32768"",""trapno"":""0x000000000000000e""},""kernel_sigmask"":""0000000000000000"",""pages"":{""fill"":""11"",""page2_mapped"":true,""patches"":[],""size"":8192},""partial_write"":false,""si_code"":2,""signal"":11,""six_flags"":{""AF"":0,""CF"":1,""OF"":0,""PF"":0,""SF"":0,""ZF"":0},""trap"":14,""uc_flags"":7,""uc_link"":""0x0000000000000000"",""uc_stack"":{""flags"":0,""size"":65536,""sp"":""altstack+0""}}]","0x3c across full destination footprint after mapping/protection repair, before sigreturn","{""fill"":""11"",""page2_mapped"":true,""patches"":[[4095,""e16d96e13b3c3c3c""]],""size"":8192}","{""r10"":""0x1010101010101010"",""r11"":""0x1212121212121212"",""r12"":""0x1313131313131313"",""r13"":""0x1414141414141414"",""r14"":""0x1515151515151515"",""r15"":""0x1616161616161616"",""r8"":""0x0808080808080808"",""r9"":""0x0909090909090909"",""rax"":""0x1122334455667788"",""rbp"":""0x778899aabbccddee"",""rbx"":""0xa1b2c3d4e5f60718"",""rcx"":""0x0000000000000003"",""rdi"":""data+4095"",""rdx"":""0x99aabbccddeeff00"",""rflags"":""0x0000000000000217"",""rsi"":""source+256"",""rsp"":""stack+32768""}","{""AF"":1,""CF"":1,""OF"":0,""PF"":1,""SF"":0,""ZF"":0}",False,rmw.run1.jsonl.gz: matching form/layout/cross_offset/continuation
A,page_and_cacheline_cross,measured,False,True,add_imm32sx_64_lock,64,cross_rw_ro,2,4094,f0488107a5315aa5,"[{""address"":""data+4096"",""error"":7,""execution_phase"":1,""fpstate_size"":2436,""gregs"":{""cr2"":""data+4096"",""csgsfs"":""0x002b000000000033"",""err"":""0x0000000000000007"",""oldmask"":""0x0000000000000000"",""r10"":""0x1010101010101010"",""r11"":""0x1212121212121212"",""r12"":""0x1313131313131313"",""r13"":""0x1414141414141414"",""r14"":""0x1515151515151515"",""r15"":""0x1616161616161616"",""r8"":""0x0808080808080808"",""r9"":""0x0909090909090909"",""rax"":""0x1122334455667788"",""rbp"":""0x778899aabbccddee"",""rbx"":""0xa1b2c3d4e5f60718"",""rcx"":""0x0000000000000003"",""rdi"":""data+4094"",""rdx"":""0x99aabbccddeeff00"",""rflags"":""0x0000000000010203"",""rip"":""code+0"",""rsi"":""source+256"",""rsp"":""stack+32768"",""trapno"":""0x000000000000000e""},""kernel_sigmask"":""0000000000000000"",""pages"":{""fill"":""11"",""page2_mapped"":true,""patches"":[],""size"":8192},""partial_write"":false,""si_code"":2,""signal"":11,""six_flags"":{""AF"":0,""CF"":1,""OF"":0,""PF"":0,""SF"":0,""ZF"":0},""trap"":14,""uc_flags"":7,""uc_link"":""0x0000000000000000"",""uc_stack"":{""flags"":0,""size"":65536,""sp"":""altstack+0""}}]","{""fill"":""11"",""page2_mapped"":true,""patches"":[],""size"":8192}","[{""address"":""data+4096"",""error"":7,""execution_phase"":1,""fpstate_size"":2436,""gregs"":{""cr2"":""data+4096"",""csgsfs"":""0x002b000000000033"",""err"":""0x0000000000000007"",""oldmask"":""0x0000000000000000"",""r10"":""0x1010101010101010"",""r11"":""0x1212121212121212"",""r12"":""0x1313131313131313"",""r13"":""0x1414141414141414"",""r14"":""0x1515151515151515"",""r15"":""0x1616161616161616"",""r8"":""0x0808080808080808"",""r9"":""0x0909090909090909"",""rax"":""0x1122334455667788"",""rbp"":""0x778899aabbccddee"",""rbx"":""0xa1b2c3d4e5f60718"",""rcx"":""0x0000000000000003"",""rdi"":""data+4094"",""rdx"":""0x99aabbccddeeff00"",""rflags"":""0x0000000000010203"",""rip"":""code+0"",""rsi"":""source+256"",""rsp"":""stack+32768"",""trapno"":""0x000000000000000e""},""kernel_sigmask"":""0000000000000000"",""pages"":{""fill"":""11"",""page2_mapped"":true,""patches"":[],""size"":8192},""partial_write"":false,""si_code"":2,""signal"":11,""six_flags"":{""AF"":0,""CF"":1,""OF"":0,""PF"":0,""SF"":0,""ZF"":0},""trap"":14,""uc_flags"":7,""uc_link"":""0x0000000000000000"",""uc_stack"":{""flags"":0,""size"":65536,""sp"":""altstack+0""}}]","0x3c across full destination footprint after mapping/protection repair, before sigreturn","{""fill"":""11"",""page2_mapped"":true,""patches"":[[4094,""e16d96e13b3c3c3c""]],""size"":8192}","{""r10"":""0x1010101010101010"",""r11"":""0x1212121212121212"",""r12"":""0x1313131313131313"",""r13"":""0x1414141414141414"",""r14"":""0x1515151515151515"",""r15"":""0x1616161616161616"",""r8"":""0x0808080808080808"",""r9"":""0x0909090909090909"",""rax"":""0x1122334455667788"",""rbp"":""0x778899aabbccddee"",""rbx"":""0xa1b2c3d4e5f60718"",""rcx"":""0x0000000000000003"",""rdi"":""data+4094"",""rdx"":""0x99aabbccddeeff00"",""rflags"":""0x0000000000000217"",""rsi"":""source+256"",""rsp"":""stack+32768""}","{""AF"":1,""CF"":1,""OF"":0,""PF"":1,""SF"":0,""ZF"":0}",False,rmw.run1.jsonl.gz: matching form/layout/cross_offset/continuation
A,page_and_cacheline_cross,measured,False,True,add_imm32sx_64_lock,64,cross_rw_ro,3,4093,f0488107a5315aa5,"[{""address"":""data+4096"",""error"":7,""execution_phase"":1,""fpstate_size"":2436,""gregs"":{""cr2"":""data+4096"",""csgsfs"":""0x002b000000000033"",""err"":""0x0000000000000007"",""oldmask"":""0x0000000000000000"",""r10"":""0x1010101010101010"",""r11"":""0x1212121212121212"",""r12"":""0x1313131313131313"",""r13"":""0x1414141414141414"",""r14"":""0x1515151515151515"",""r15"":""0x1616161616161616"",""r8"":""0x0808080808080808"",""r9"":""0x0909090909090909"",""rax"":""0x1122334455667788"",""rbp"":""0x778899aabbccddee"",""rbx"":""0xa1b2c3d4e5f60718"",""rcx"":""0x0000000000000003"",""rdi"":""data+4093"",""rdx"":""0x99aabbccddeeff00"",""rflags"":""0x0000000000010203"",""rip"":""code+0"",""rsi"":""source+256"",""rsp"":""stack+32768"",""trapno"":""0x000000000000000e""},""kernel_sigmask"":""0000000000000000"",""pages"":{""fill"":""11"",""page2_mapped"":true,""patches"":[],""size"":8192},""partial_write"":false,""si_code"":2,""signal"":11,""six_flags"":{""AF"":0,""CF"":1,""OF"":0,""PF"":0,""SF"":0,""ZF"":0},""trap"":14,""uc_flags"":7,""uc_link"":""0x0000000000000000"",""uc_stack"":{""flags"":0,""size"":65536,""sp"":""altstack+0""}}]","{""fill"":""11"",""page2_mapped"":true,""patches"":[],""size"":8192}","[{""address"":""data+4096"",""error"":7,""execution_phase"":1,""fpstate_size"":2436,""gregs"":{""cr2"":""data+4096"",""csgsfs"":""0x002b000000000033"",""err"":""0x0000000000000007"",""oldmask"":""0x0000000000000000"",""r10"":""0x1010101010101010"",""r11"":""0x1212121212121212"",""r12"":""0x1313131313131313"",""r13"":""0x1414141414141414"",""r14"":""0x1515151515151515"",""r15"":""0x1616161616161616"",""r8"":""0x0808080808080808"",""r9"":""0x0909090909090909"",""rax"":""0x1122334455667788"",""rbp"":""0x778899aabbccddee"",""rbx"":""0xa1b2c3d4e5f60718"",""rcx"":""0x0000000000000003"",""rdi"":""data+4093"",""rdx"":""0x99aabbccddeeff00"",""rflags"":""0x0000000000010203"",""rip"":""code+0"",""rsi"":""source+256"",""rsp"":""stack+32768"",""trapno"":""0x000000000000000e""},""kernel_sigmask"":""0000000000000000"",""pages"":{""fill"":""11"",""page2_mapped"":true,""patches"":[],""size"":8192},""partial_write"":false,""si_code"":2,""signal"":11,""six_flags"":{""AF"":0,""CF"":1,""OF"":0,""PF"":0,""SF"":0,""ZF"":0},""trap"":14,""uc_flags"":7,""uc_link"":""0x0000000000000000"",""uc_stack"":{""flags"":0,""size"":65536,""sp"":""altstack+0""}}]","0x3c across full destination footprint after mapping/protection repair, before sigreturn","{""fill"":""11"",""page2_mapped"":true,""patches"":[[4093,""e16d96e13b3c3c3c""]],""size"":8192}","{""r10"":""0x1010101010101010"",""r11"":""0x1212121212121212"",""r12"":""0x1313131313131313"",""r13"":""0x1414141414141414"",""r14"":""0x1515151515151515"",""r15"":""0x1616161616161616"",""r8"":""0x0808080808080808"",""r9"":""0x0909090909090909"",""rax"":""0x1122334455667788"",""rbp"":""0x778899aabbccddee"",""rbx"":""0xa1b2c3d4e5f60718"",""rcx"":""0x0000000000000003"",""rdi"":""data+4093"",""rdx"":""0x99aabbccddeeff00"",""rflags"":""0x0000000000000217"",""rsi"":""source+256"",""rsp"":""stack+32768""}","{""AF"":1,""CF"":1,""OF"":0,""PF"":1,""SF"":0,""ZF"":0}",False,rmw.run1.jsonl.gz: matching form/layout/cross_offset/continuation
A,page_and_cacheline_cross,measured,False,True,add_imm32sx_64_lock,64,cross_rw_ro,4,4092,f0488107a5315aa5,"[{""address"":""data+4096"",""error"":7,""execution_phase"":1,""fpstate_size"":2436,""gregs"":{""cr2"":""data+4096"",""csgsfs"":""0x002b000000000033"",""err"":""0x0000000000000007"",""oldmask"":""0x0000000000000000"",""r10"":""0x1010101010101010"",""r11"":""0x1212121212121212"",""r12"":""0x1313131313131313"",""r13"":""0x1414141414141414"",""r14"":""0x1515151515151515"",""r15"":""0x1616161616161616"",""r8"":""0x0808080808080808"",""r9"":""0x0909090909090909"",""rax"":""0x1122334455667788"",""rbp"":""0x778899aabbccddee"",""rbx"":""0xa1b2c3d4e5f60718"",""rcx"":""0x0000000000000003"",""rdi"":""data+4092"",""rdx"":""0x99aabbccddeeff00"",""rflags"":""0x0000000000010203"",""rip"":""code+0"",""rsi"":""source+256"",""rsp"":""stack+32768"",""trapno"":""0x000000000000000e""},""kernel_sigmask"":""0000000000000000"",""pages"":{""fill"":""11"",""page2_mapped"":true,""patches"":[],""size"":8192},""partial_write"":false,""si_code"":2,""signal"":11,""six_flags"":{""AF"":0,""CF"":1,""OF"":0,""PF"":0,""SF"":0,""ZF"":0},""trap"":14,""uc_flags"":7,""uc_link"":""0x0000000000000000"",""uc_stack"":{""flags"":0,""size"":65536,""sp"":""altstack+0""}}]","{""fill"":""11"",""page2_mapped"":true,""patches"":[],""size"":8192}","[{""address"":""data+4096"",""error"":7,""execution_phase"":1,""fpstate_size"":2436,""gregs"":{""cr2"":""data+4096"",""csgsfs"":""0x002b000000000033"",""err"":""0x0000000000000007"",""oldmask"":""0x0000000000000000"",""r10"":""0x1010101010101010"",""r11"":""0x1212121212121212"",""r12"":""0x1313131313131313"",""r13"":""0x1414141414141414"",""r14"":""0x1515151515151515"",""r15"":""0x1616161616161616"",""r8"":""0x0808080808080808"",""r9"":""0x0909090909090909"",""rax"":""0x1122334455667788"",""rbp"":""0x778899aabbccddee"",""rbx"":""0xa1b2c3d4e5f60718"",""rcx"":""0x0000000000000003"",""rdi"":""data+4092"",""rdx"":""0x99aabbccddeeff00"",""rflags"":""0x0000000000010203"",""rip"":""code+0"",""rsi"":""source+256"",""rsp"":""stack+32768"",""trapno"":""0x000000000000000e""},""kernel_sigmask"":""0000000000000000"",""pages"":{""fill"":""11"",""page2_mapped"":true,""patches"":[],""size"":8192},""partial_write"":false,""si_code"":2,""signal"":11,""six_flags"":{""AF"":0,""CF"":1,""OF"":0,""PF"":0,""SF"":0,""ZF"":0},""trap"":14,""uc_flags"":7,""uc_link"":""0x0000000000000000"",""uc_stack"":{""flags"":0,""size"":65536,""sp"":""altstack+0""}}]","0x3c across full destination footprint after mapping/protection repair, before sigreturn","{""fill"":""11"",""page2_mapped"":true,""patches"":[[4092,""e16d96e13b3c3c3c""]],""size"":8192}","{""r10"":""0x1010101010101010"",""r11"":""0x1212121212121212"",""r12"":""0x1313131313131313"",""r13"":""0x1414141414141414"",""r14"":""0x1515151515151515"",""r15"":""0x1616161616161616"",""r8"":""0x0808080808080808"",""r9"":""0x0909090909090909"",""rax"":""0x1122334455667788"",""rbp"":""0x778899aabbccddee"",""rbx"":""0xa1b2c3d4e5f60718"",""rcx"":""0x0000000000000003"",""rdi"":""data+4092"",""rdx"":""0x99aabbccddeeff00"",""rflags"":""0x0000000000000217"",""rsi"":""source+256"",""rsp"":""stack+32768""}","{""AF"":1,""CF"":1,""OF"":0,""PF"":1,""SF"":0,""ZF"":0}",False,rmw.run1.jsonl.gz: matching form/layout/cross_offset/continuation
A,page_and_cacheline_cross,measured,False,True,add_imm32sx_64_lock,64,cross_rw_ro,5,4091,f0488107a5315aa5,"[{""address"":""data+4096"",""error"":7,""execution_phase"":1,""fpstate_size"":2436,""gregs"":{""cr2"":""data+4096"",""csgsfs"":""0x002b000000000033"",""err"":""0x0000000000000007"",""oldmask"":""0x0000000000000000"",""r10"":""0x1010101010101010"",""r11"":""0x1212121212121212"",""r12"":""0x1313131313131313"",""r13"":""0x1414141414141414"",""r14"":""0x1515151515151515"",""r15"":""0x1616161616161616"",""r8"":""0x0808080808080808"",""r9"":""0x0909090909090909"",""rax"":""0x1122334455667788"",""rbp"":""0x778899aabbccddee"",""rbx"":""0xa1b2c3d4e5f60718"",""rcx"":""0x0000000000000003"",""rdi"":""data+4091"",""rdx"":""0x99aabbccddeeff00"",""rflags"":""0x0000000000010203"",""rip"":""code+0"",""rsi"":""source+256"",""rsp"":""stack+32768"",""trapno"":""0x000000000000000e""},""kernel_sigmask"":""0000000000000000"",""pages"":{""fill"":""11"",""page2_mapped"":true,""patches"":[],""size"":8192},""partial_write"":false,""si_code"":2,""signal"":11,""six_flags"":{""AF"":0,""CF"":1,""OF"":0,""PF"":0,""SF"":0,""ZF"":0},""trap"":14,""uc_flags"":7,""uc_link"":""0x0000000000000000"",""uc_stack"":{""flags"":0,""size"":65536,""sp"":""altstack+0""}}]","{""fill"":""11"",""page2_mapped"":true,""patches"":[],""size"":8192}","[{""address"":""data+4096"",""error"":7,""execution_phase"":1,""fpstate_size"":2436,""gregs"":{""cr2"":""data+4096"",""csgsfs"":""0x002b000000000033"",""err"":""0x0000000000000007"",""oldmask"":""0x0000000000000000"",""r10"":""0x1010101010101010"",""r11"":""0x1212121212121212"",""r12"":""0x1313131313131313"",""r13"":""0x1414141414141414"",""r14"":""0x1515151515151515"",""r15"":""0x1616161616161616"",""r8"":""0x0808080808080808"",""r9"":""0x0909090909090909"",""rax"":""0x1122334455667788"",""rbp"":""0x778899aabbccddee"",""rbx"":""0xa1b2c3d4e5f60718"",""rcx"":""0x0000000000000003"",""rdi"":""data+4091"",""rdx"":""0x99aabbccddeeff00"",""rflags"":""0x0000000000010203"",""rip"":""code+0"",""rsi"":""source+256"",""rsp"":""stack+32768"",""trapno"":""0x000000000000000e""},""kernel_sigmask"":""0000000000000000"",""pages"":{""fill"":""11"",""page2_mapped"":true,""patches"":[],""size"":8192},""partial_write"":false,""si_code"":2,""signal"":11,""six_flags"":{""AF"":0,""CF"":1,""OF"":0,""PF"":0,""SF"":0,""ZF"":0},""trap"":14,""uc_flags"":7,""uc_link"":""0x0000000000000000"",""uc_stack"":{""flags"":0,""size"":65536,""sp"":""altstack+0""}}]","0x3c across full destination footprint after mapping/protection repair, before sigreturn","{""fill"":""11"",""page2_mapped"":true,""patches"":[[4091,""e16d96e13b3c3c3c""]],""size"":8192}","{""r10"":""0x1010101010101010"",""r11"":""0x1212121212121212"",""r12"":""0x1313131313131313"",""r13"":""0x1414141414141414"",""r14"":""0x1515151515151515"",""r15"":""0x1616161616161616"",""r8"":""0x0808080808080808"",""r9"":""0x0909090909090909"",""rax"":""0x1122334455667788"",""rbp"":""0x778899aabbccddee"",""rbx"":""0xa1b2c3d4e5f60718"",""rcx"":""0x0000000000000003"",""rdi"":""data+4091"",""rdx"":""0x99aabbccddeeff00"",""rflags"":""0x0000000000000217"",""rsi"":""source+256"",""rsp"":""stack+32768""}","{""AF"":1,""CF"":1,""OF"":0,""PF"":1,""SF"":0,""ZF"":0}",False,rmw.run1.jsonl.gz: matching form/layout/cross_offset/continuation
A,page_and_cacheline_cross,measured,False,True,add_imm32sx_64_lock,64,cross_rw_ro,6,4090,f0488107a5315aa5,"[{""address"":""data+4096"",""error"":7,""execution_phase"":1,""fpstate_size"":2436,""gregs"":{""cr2"":""data+4096"",""csgsfs"":""0x002b000000000033"",""err"":""0x0000000000000007"",""oldmask"":""0x0000000000000000"",""r10"":""0x1010101010101010"",""r11"":""0x1212121212121212"",""r12"":""0x1313131313131313"",""r13"":""0x1414141414141414"",""r14"":""0x1515151515151515"",""r15"":""0x1616161616161616"",""r8"":""0x0808080808080808"",""r9"":""0x0909090909090909"",""rax"":""0x1122334455667788"",""rbp"":""0x778899aabbccddee"",""rbx"":""0xa1b2c3d4e5f60718"",""rcx"":""0x0000000000000003"",""rdi"":""data+4090"",""rdx"":""0x99aabbccddeeff00"",""rflags"":""0x0000000000010203"",""rip"":""code+0"",""rsi"":""source+256"",""rsp"":""stack+32768"",""trapno"":""0x000000000000000e""},""kernel_sigmask"":""0000000000000000"",""pages"":{""fill"":""11"",""page2_mapped"":true,""patches"":[],""size"":8192},""partial_write"":false,""si_code"":2,""signal"":11,""six_flags"":{""AF"":0,""CF"":1,""OF"":0,""PF"":0,""SF"":0,""ZF"":0},""trap"":14,""uc_flags"":7,""uc_link"":""0x0000000000000000"",""uc_stack"":{""flags"":0,""size"":65536,""sp"":""altstack+0""}}]","{""fill"":""11"",""page2_mapped"":true,""patches"":[],""size"":8192}","[{""address"":""data+4096"",""error"":7,""execution_phase"":1,""fpstate_size"":2436,""gregs"":{""cr2"":""data+4096"",""csgsfs"":""0x002b000000000033"",""err"":""0x0000000000000007"",""oldmask"":""0x0000000000000000"",""r10"":""0x1010101010101010"",""r11"":""0x1212121212121212"",""r12"":""0x1313131313131313"",""r13"":""0x1414141414141414"",""r14"":""0x1515151515151515"",""r15"":""0x1616161616161616"",""r8"":""0x0808080808080808"",""r9"":""0x0909090909090909"",""rax"":""0x1122334455667788"",""rbp"":""0x778899aabbccddee"",""rbx"":""0xa1b2c3d4e5f60718"",""rcx"":""0x0000000000000003"",""rdi"":""data+4090"",""rdx"":""0x99aabbccddeeff00"",""rflags"":""0x0000000000010203"",""rip"":""code+0"",""rsi"":""source+256"",""rsp"":""stack+32768"",""trapno"":""0x000000000000000e""},""kernel_sigmask"":""0000000000000000"",""pages"":{""fill"":""11"",""page2_mapped"":true,""patches"":[],""size"":8192},""partial_write"":false,""si_code"":2,""signal"":11,""six_flags"":{""AF"":0,""CF"":1,""OF"":0,""PF"":0,""SF"":0,""ZF"":0},""trap"":14,""uc_flags"":7,""uc_link"":""0x0000000000000000"",""uc_stack"":{""flags"":0,""size"":65536,""sp"":""altstack+0""}}]","0x3c across full destination footprint after mapping/protection repair, before sigreturn","{""fill"":""11"",""page2_mapped"":true,""patches"":[[4090,""e16d96e13b3c3c3c""]],""size"":8192}","{""r10"":""0x1010101010101010"",""r11"":""0x1212121212121212"",""r12"":""0x1313131313131313"",""r13"":""0x1414141414141414"",""r14"":""0x1515151515151515"",""r15"":""0x1616161616161616"",""r8"":""0x0808080808080808"",""r9"":""0x0909090909090909"",""rax"":""0x1122334455667788"",""rbp"":""0x778899aabbccddee"",""rbx"":""0xa1b2c3d4e5f60718"",""rcx"":""0x0000000000000003"",""rdi"":""data+4090"",""rdx"":""0x99aabbccddeeff00"",""rflags"":""0x0000000000000217"",""rsi"":""source+256"",""rsp"":""stack+32768""}","{""AF"":1,""CF"":1,""OF"":0,""PF"":1,""SF"":0,""ZF"":0}",False,rmw.run1.jsonl.gz: matching form/layout/cross_offset/continuation
A,page_and_cacheline_cross,measured,False,True,add_imm32sx_64_lock,64,cross_rw_ro,7,4089,f0488107a5315aa5,"[{""address"":""data+4096"",""error"":7,""execution_phase"":1,""fpstate_size"":2436,""gregs"":{""cr2"":""data+4096"",""csgsfs"":""0x002b000000000033"",""err"":""0x0000000000000007"",""oldmask"":""0x0000000000000000"",""r10"":""0x1010101010101010"",""r11"":""0x1212121212121212"",""r12"":""0x1313131313131313"",""r13"":""0x1414141414141414"",""r14"":""0x1515151515151515"",""r15"":""0x1616161616161616"",""r8"":""0x0808080808080808"",""r9"":""0x0909090909090909"",""rax"":""0x1122334455667788"",""rbp"":""0x778899aabbccddee"",""rbx"":""0xa1b2c3d4e5f60718"",""rcx"":""0x0000000000000003"",""rdi"":""data+4089"",""rdx"":""0x99aabbccddeeff00"",""rflags"":""0x0000000000010203"",""rip"":""code+0"",""rsi"":""source+256"",""rsp"":""stack+32768"",""trapno"":""0x000000000000000e""},""kernel_sigmask"":""0000000000000000"",""pages"":{""fill"":""11"",""page2_mapped"":true,""patches"":[],""size"":8192},""partial_write"":false,""si_code"":2,""signal"":11,""six_flags"":{""AF"":0,""CF"":1,""OF"":0,""PF"":0,""SF"":0,""ZF"":0},""trap"":14,""uc_flags"":7,""uc_link"":""0x0000000000000000"",""uc_stack"":{""flags"":0,""size"":65536,""sp"":""altstack+0""}}]","{""fill"":""11"",""page2_mapped"":true,""patches"":[],""size"":8192}","[{""address"":""data+4096"",""error"":7,""execution_phase"":1,""fpstate_size"":2436,""gregs"":{""cr2"":""data+4096"",""csgsfs"":""0x002b000000000033"",""err"":""0x0000000000000007"",""oldmask"":""0x0000000000000000"",""r10"":""0x1010101010101010"",""r11"":""0x1212121212121212"",""r12"":""0x1313131313131313"",""r13"":""0x1414141414141414"",""r14"":""0x1515151515151515"",""r15"":""0x1616161616161616"",""r8"":""0x0808080808080808"",""r9"":""0x0909090909090909"",""rax"":""0x1122334455667788"",""rbp"":""0x778899aabbccddee"",""rbx"":""0xa1b2c3d4e5f60718"",""rcx"":""0x0000000000000003"",""rdi"":""data+4089"",""rdx"":""0x99aabbccddeeff00"",""rflags"":""0x0000000000010203"",""rip"":""code+0"",""rsi"":""source+256"",""rsp"":""stack+32768"",""trapno"":""0x000000000000000e""},""kernel_sigmask"":""0000000000000000"",""pages"":{""fill"":""11"",""page2_mapped"":true,""patches"":[],""size"":8192},""partial_write"":false,""si_code"":2,""signal"":11,""six_flags"":{""AF"":0,""CF"":1,""OF"":0,""PF"":0,""SF"":0,""ZF"":0},""trap"":14,""uc_flags"":7,""uc_link"":""0x0000000000000000"",""uc_stack"":{""flags"":0,""size"":65536,""sp"":""altstack+0""}}]","0x3c across full destination footprint after mapping/protection repair, before sigreturn","{""fill"":""11"",""page2_mapped"":true,""patches"":[[4089,""e16d96e13b3c3c3c""]],""size"":8192}","{""r10"":""0x1010101010101010"",""r11"":""0x1212121212121212"",""r12"":""0x1313131313131313"",""r13"":""0x1414141414141414"",""r14"":""0x1515151515151515"",""r15"":""0x1616161616161616"",""r8"":""0x0808080808080808"",""r9"":""0x0909090909090909"",""rax"":""0x1122334455667788"",""rbp"":""0x778899aabbccddee"",""rbx"":""0xa1b2c3d4e5f60718"",""rcx"":""0x0000000000000003"",""rdi"":""data+4089"",""rdx"":""0x99aabbccddeeff00"",""rflags"":""0x0000000000000217"",""rsi"":""source+256"",""rsp"":""stack+32768""}","{""AF"":1,""CF"":1,""OF"":0,""PF"":1,""SF"":0,""ZF"":0}",False,rmw.run1.jsonl.gz: matching form/layout/cross_offset/continuation
A,page_and_cacheline_cross,measured,False,True,add_imm32sx_64_lock,64,cross_ro_rw,1,4095,f0488107a5315aa5,"[{""address"":""data+4095"",""error"":7,""execution_phase"":1,""fpstate_size"":2436,""gregs"":{""cr2"":""data+4095"",""csgsfs"":""0x002b000000000033"",""err"":""0x0000000000000007"",""oldmask"":""0x0000000000000000"",""r10"":""0x1010101010101010"",""r11"":""0x1212121212121212"",""r12"":""0x1313131313131313"",""r13"":""0x1414141414141414"",""r14"":""0x1515151515151515"",""r15"":""0x1616161616161616"",""r8"":""0x0808080808080808"",""r9"":""0x0909090909090909"",""rax"":""0x1122334455667788"",""rbp"":""0x778899aabbccddee"",""rbx"":""0xa1b2c3d4e5f60718"",""rcx"":""0x0000000000000003"",""rdi"":""data+4095"",""rdx"":""0x99aabbccddeeff00"",""rflags"":""0x0000000000010203"",""rip"":""code+0"",""rsi"":""source+256"",""rsp"":""stack+32768"",""trapno"":""0x000000000000000e""},""kernel_sigmask"":""0000000000000000"",""pages"":{""fill"":""11"",""page2_mapped"":true,""patches"":[],""size"":8192},""partial_write"":false,""si_code"":2,""signal"":11,""six_flags"":{""AF"":0,""CF"":1,""OF"":0,""PF"":0,""SF"":0,""ZF"":0},""trap"":14,""uc_flags"":7,""uc_link"":""0x0000000000000000"",""uc_stack"":{""flags"":0,""size"":65536,""sp"":""altstack+0""}}]","{""fill"":""11"",""page2_mapped"":true,""patches"":[],""size"":8192}","[{""address"":""data+4095"",""error"":7,""execution_phase"":1,""fpstate_size"":2436,""gregs"":{""cr2"":""data+4095"",""csgsfs"":""0x002b000000000033"",""err"":""0x0000000000000007"",""oldmask"":""0x0000000000000000"",""r10"":""0x1010101010101010"",""r11"":""0x1212121212121212"",""r12"":""0x1313131313131313"",""r13"":""0x1414141414141414"",""r14"":""0x1515151515151515"",""r15"":""0x1616161616161616"",""r8"":""0x0808080808080808"",""r9"":""0x0909090909090909"",""rax"":""0x1122334455667788"",""rbp"":""0x778899aabbccddee"",""rbx"":""0xa1b2c3d4e5f60718"",""rcx"":""0x0000000000000003"",""rdi"":""data+4095"",""rdx"":""0x99aabbccddeeff00"",""rflags"":""0x0000000000010203"",""rip"":""code+0"",""rsi"":""source+256"",""rsp"":""stack+32768"",""trapno"":""0x000000000000000e""},""kernel_sigmask"":""0000000000000000"",""pages"":{""fill"":""11"",""page2_mapped"":true,""patches"":[],""size"":8192},""partial_write"":false,""si_code"":2,""signal"":11,""six_flags"":{""AF"":0,""CF"":1,""OF"":0,""PF"":0,""SF"":0,""ZF"":0},""trap"":14,""uc_flags"":7,""uc_link"":""0x0000000000000000"",""uc_stack"":{""flags"":0,""size"":65536,""sp"":""altstack+0""}}]","0x3c across full destination footprint after mapping/protection repair, before sigreturn","{""fill"":""11"",""page2_mapped"":true,""patches"":[[4095,""e16d96e13b3c3c3c""]],""size"":8192}","{""r10"":""0x1010101010101010"",""r11"":""0x1212121212121212"",""r12"":""0x1313131313131313"",""r13"":""0x1414141414141414"",""r14"":""0x1515151515151515"",""r15"":""0x1616161616161616"",""r8"":""0x0808080808080808"",""r9"":""0x0909090909090909"",""rax"":""0x1122334455667788"",""rbp"":""0x778899aabbccddee"",""rbx"":""0xa1b2c3d4e5f60718"",""rcx"":""0x0000000000000003"",""rdi"":""data+4095"",""rdx"":""0x99aabbccddeeff00"",""rflags"":""0x0000000000000217"",""rsi"":""source+256"",""rsp"":""stack+32768""}","{""AF"":1,""CF"":1,""OF"":0,""PF"":1,""SF"":0,""ZF"":0}",False,rmw.run1.jsonl.gz: matching form/layout/cross_offset/continuation
A,page_and_cacheline_cross,measured,False,True,add_imm32sx_64_lock,64,cross_ro_rw,2,4094,f0488107a5315aa5,"[{""address"":""data+4094"",""error"":7,""execution_phase"":1,""fpstate_size"":2436,""gregs"":{""cr2"":""data+4094"",""csgsfs"":""0x002b000000000033"",""err"":""0x0000000000000007"",""oldmask"":""0x0000000000000000"",""r10"":""0x1010101010101010"",""r11"":""0x1212121212121212"",""r12"":""0x1313131313131313"",""r13"":""0x1414141414141414"",""r14"":""0x1515151515151515"",""r15"":""0x1616161616161616"",""r8"":""0x0808080808080808"",""r9"":""0x0909090909090909"",""rax"":""0x1122334455667788"",""rbp"":""0x778899aabbccddee"",""rbx"":""0xa1b2c3d4e5f60718"",""rcx"":""0x0000000000000003"",""rdi"":""data+4094"",""rdx"":""0x99aabbccddeeff00"",""rflags"":""0x0000000000010203"",""rip"":""code+0"",""rsi"":""source+256"",""rsp"":""stack+32768"",""trapno"":""0x000000000000000e""},""kernel_sigmask"":""0000000000000000"",""pages"":{""fill"":""11"",""page2_mapped"":true,""patches"":[],""size"":8192},""partial_write"":false,""si_code"":2,""signal"":11,""six_flags"":{""AF"":0,""CF"":1,""OF"":0,""PF"":0,""SF"":0,""ZF"":0},""trap"":14,""uc_flags"":7,""uc_link"":""0x0000000000000000"",""uc_stack"":{""flags"":0,""size"":65536,""sp"":""altstack+0""}}]","{""fill"":""11"",""page2_mapped"":true,""patches"":[],""size"":8192}","[{""address"":""data+4094"",""error"":7,""execution_phase"":1,""fpstate_size"":2436,""gregs"":{""cr2"":""data+4094"",""csgsfs"":""0x002b000000000033"",""err"":""0x0000000000000007"",""oldmask"":""0x0000000000000000"",""r10"":""0x1010101010101010"",""r11"":""0x1212121212121212"",""r12"":""0x1313131313131313"",""r13"":""0x1414141414141414"",""r14"":""0x1515151515151515"",""r15"":""0x1616161616161616"",""r8"":""0x0808080808080808"",""r9"":""0x0909090909090909"",""rax"":""0x1122334455667788"",""rbp"":""0x778899aabbccddee"",""rbx"":""0xa1b2c3d4e5f60718"",""rcx"":""0x0000000000000003"",""rdi"":""data+4094"",""rdx"":""0x99aabbccddeeff00"",""rflags"":""0x0000000000010203"",""rip"":""code+0"",""rsi"":""source+256"",""rsp"":""stack+32768"",""trapno"":""0x000000000000000e""},""kernel_sigmask"":""0000000000000000"",""pages"":{""fill"":""11"",""page2_mapped"":true,""patches"":[],""size"":8192},""partial_write"":false,""si_code"":2,""signal"":11,""six_flags"":{""AF"":0,""CF"":1,""OF"":0,""PF"":0,""SF"":0,""ZF"":0},""trap"":14,""uc_flags"":7,""uc_link"":""0x0000000000000000"",""uc_stack"":{""flags"":0,""size"":65536,""sp"":""altstack+0""}}]","0x3c across full destination footprint after mapping/protection repair, before sigreturn","{""fill"":""11"",""page2_mapped"":true,""patches"":[[4094,""e16d96e13b3c3c3c""]],""size"":8192}","{""r10"":""0x1010101010101010"",""r11"":""0x1212121212121212"",""r12"":""0x1313131313131313"",""r13"":""0x1414141414141414"",""r14"":""0x1515151515151515"",""r15"":""0x1616161616161616"",""r8"":""0x0808080808080808"",""r9"":""0x0909090909090909"",""rax"":""0x1122334455667788"",""rbp"":""0x778899aabbccddee"",""rbx"":""0xa1b2c3d4e5f60718"",""rcx"":""0x0000000000000003"",""rdi"":""data+4094"",""rdx"":""0x99aabbccddeeff00"",""rflags"":""0x0000000000000217"",""rsi"":""source+256"",""rsp"":""stack+32768""}","{""AF"":1,""CF"":1,""OF"":0,""PF"":1,""SF"":0,""ZF"":0}",False,rmw.run1.jsonl.gz: matching form/layout/cross_offset/continuation
A,page_and_cacheline_cross,measured,False,True,add_imm32sx_64_lock,64,cross_ro_rw,3,4093,f0488107a5315aa5,"[{""address"":""data+4093"",""error"":7,""execution_phase"":1,""fpstate_size"":2436,""gregs"":{""cr2"":""data+4093"",""csgsfs"":""0x002b000000000033"",""err"":""0x0000000000000007"",""oldmask"":""0x0000000000000000"",""r10"":""0x1010101010101010"",""r11"":""0x1212121212121212"",""r12"":""0x1313131313131313"",""r13"":""0x1414141414141414"",""r14"":""0x1515151515151515"",""r15"":""0x1616161616161616"",""r8"":""0x0808080808080808"",""r9"":""0x0909090909090909"",""rax"":""0x1122334455667788"",""rbp"":""0x778899aabbccddee"",""rbx"":""0xa1b2c3d4e5f60718"",""rcx"":""0x0000000000000003"",""rdi"":""data+4093"",""rdx"":""0x99aabbccddeeff00"",""rflags"":""0x0000000000010203"",""rip"":""code+0"",""rsi"":""source+256"",""rsp"":""stack+32768"",""trapno"":""0x000000000000000e""},""kernel_sigmask"":""0000000000000000"",""pages"":{""fill"":""11"",""page2_mapped"":true,""patches"":[],""size"":8192},""partial_write"":false,""si_code"":2,""signal"":11,""six_flags"":{""AF"":0,""CF"":1,""OF"":0,""PF"":0,""SF"":0,""ZF"":0},""trap"":14,""uc_flags"":7,""uc_link"":""0x0000000000000000"",""uc_stack"":{""flags"":0,""size"":65536,""sp"":""altstack+0""}}]","{""fill"":""11"",""page2_mapped"":true,""patches"":[],""size"":8192}","[{""address"":""data+4093"",""error"":7,""execution_phase"":1,""fpstate_size"":2436,""gregs"":{""cr2"":""data+4093"",""csgsfs"":""0x002b000000000033"",""err"":""0x0000000000000007"",""oldmask"":""0x0000000000000000"",""r10"":""0x1010101010101010"",""r11"":""0x1212121212121212"",""r12"":""0x1313131313131313"",""r13"":""0x1414141414141414"",""r14"":""0x1515151515151515"",""r15"":""0x1616161616161616"",""r8"":""0x0808080808080808"",""r9"":""0x0909090909090909"",""rax"":""0x1122334455667788"",""rbp"":""0x778899aabbccddee"",""rbx"":""0xa1b2c3d4e5f60718"",""rcx"":""0x0000000000000003"",""rdi"":""data+4093"",""rdx"":""0x99aabbccddeeff00"",""rflags"":""0x0000000000010203"",""rip"":""code+0"",""rsi"":""source+256"",""rsp"":""stack+32768"",""trapno"":""0x000000000000000e""},""kernel_sigmask"":""0000000000000000"",""pages"":{""fill"":""11"",""page2_mapped"":true,""patches"":[],""size"":8192},""partial_write"":false,""si_code"":2,""signal"":11,""six_flags"":{""AF"":0,""CF"":1,""OF"":0,""PF"":0,""SF"":0,""ZF"":0},""trap"":14,""uc_flags"":7,""uc_link"":""0x0000000000000000"",""uc_stack"":{""flags"":0,""size"":65536,""sp"":""altstack+0""}}]","0x3c across full destination footprint after mapping/protection repair, before sigreturn","{""fill"":""11"",""page2_mapped"":true,""patches"":[[4093,""e16d96e13b3c3c3c""]],""size"":8192}","{""r10"":""0x1010101010101010"",""r11"":""0x1212121212121212"",""r12"":""0x1313131313131313"",""r13"":""0x1414141414141414"",""r14"":""0x1515151515151515"",""r15"":""0x1616161616161616"",""r8"":""0x0808080808080808"",""r9"":""0x0909090909090909"",""rax"":""0x1122334455667788"",""rbp"":""0x778899aabbccddee"",""rbx"":""0xa1b2c3d4e5f60718"",""rcx"":""0x0000000000000003"",""rdi"":""data+4093"",""rdx"":""0x99aabbccddeeff00"",""rflags"":""0x0000000000000217"",""rsi"":""source+256"",""rsp"":""stack+32768""}","{""AF"":1,""CF"":1,""OF"":0,""PF"":1,""SF"":0,""ZF"":0}",False,rmw.run1.jsonl.gz: matching form/layout/cross_offset/continuation
A,page_and_cacheline_cross,measured,False,True,add_imm32sx_64_lock,64,cross_ro_rw,4,4092,f0488107a5315aa5,"[{""address"":""data+4092"",""error"":7,""execution_phase"":1,""fpstate_size"":2436,""gregs"":{""cr2"":""data+4092"",""csgsfs"":""0x002b000000000033"",""err"":""0x0000000000000007"",""oldmask"":""0x0000000000000000"",""r10"":""0x1010101010101010"",""r11"":""0x1212121212121212"",""r12"":""0x1313131313131313"",""r13"":""0x1414141414141414"",""r14"":""0x1515151515151515"",""r15"":""0x1616161616161616"",""r8"":""0x0808080808080808"",""r9"":""0x0909090909090909"",""rax"":""0x1122334455667788"",""rbp"":""0x778899aabbccddee"",""rbx"":""0xa1b2c3d4e5f60718"",""rcx"":""0x0000000000000003"",""rdi"":""data+4092"",""rdx"":""0x99aabbccddeeff00"",""rflags"":""0x0000000000010203"",""rip"":""code+0"",""rsi"":""source+256"",""rsp"":""stack+32768"",""trapno"":""0x000000000000000e""},""kernel_sigmask"":""0000000000000000"",""pages"":{""fill"":""11"",""page2_mapped"":true,""patches"":[],""size"":8192},""partial_write"":false,""si_code"":2,""signal"":11,""six_flags"":{""AF"":0,""CF"":1,""OF"":0,""PF"":0,""SF"":0,""ZF"":0},""trap"":14,""uc_flags"":7,""uc_link"":""0x0000000000000000"",""uc_stack"":{""flags"":0,""size"":65536,""sp"":""altstack+0""}}]","{""fill"":""11"",""page2_mapped"":true,""patches"":[],""size"":8192}","[{""address"":""data+4092"",""error"":7,""execution_phase"":1,""fpstate_size"":2436,""gregs"":{""cr2"":""data+4092"",""csgsfs"":""0x002b000000000033"",""err"":""0x0000000000000007"",""oldmask"":""0x0000000000000000"",""r10"":""0x1010101010101010"",""r11"":""0x1212121212121212"",""r12"":""0x1313131313131313"",""r13"":""0x1414141414141414"",""r14"":""0x1515151515151515"",""r15"":""0x1616161616161616"",""r8"":""0x0808080808080808"",""r9"":""0x0909090909090909"",""rax"":""0x1122334455667788"",""rbp"":""0x778899aabbccddee"",""rbx"":""0xa1b2c3d4e5f60718"",""rcx"":""0x0000000000000003"",""rdi"":""data+4092"",""rdx"":""0x99aabbccddeeff00"",""rflags"":""0x0000000000010203"",""rip"":""code+0"",""rsi"":""source+256"",""rsp"":""stack+32768"",""trapno"":""0x000000000000000e""},""kernel_sigmask"":""0000000000000000"",""pages"":{""fill"":""11"",""page2_mapped"":true,""patches"":[],""size"":8192},""partial_write"":false,""si_code"":2,""signal"":11,""six_flags"":{""AF"":0,""CF"":1,""OF"":0,""PF"":0,""SF"":0,""ZF"":0},""trap"":14,""uc_flags"":7,""uc_link"":""0x0000000000000000"",""uc_stack"":{""flags"":0,""size"":65536,""sp"":""altstack+0""}}]","0x3c across full destination footprint after mapping/protection repair, before sigreturn","{""fill"":""11"",""page2_mapped"":true,""patches"":[[4092,""e16d96e13b3c3c3c""]],""size"":8192}","{""r10"":""0x1010101010101010"",""r11"":""0x1212121212121212"",""r12"":""0x1313131313131313"",""r13"":""0x1414141414141414"",""r14"":""0x1515151515151515"",""r15"":""0x1616161616161616"",""r8"":""0x0808080808080808"",""r9"":""0x0909090909090909"",""rax"":""0x1122334455667788"",""rbp"":""0x778899aabbccddee"",""rbx"":""0xa1b2c3d4e5f60718"",""rcx"":""0x0000000000000003"",""rdi"":""data+4092"",""rdx"":""0x99aabbccddeeff00"",""rflags"":""0x0000000000000217"",""rsi"":""source+256"",""rsp"":""stack+32768""}","{""AF"":1,""CF"":1,""OF"":0,""PF"":1,""SF"":0,""ZF"":0}",False,rmw.run1.jsonl.gz: matching form/layout/cross_offset/continuation
A,page_and_cacheline_cross,measured,False,True,add_imm32sx_64_lock,64,cross_ro_rw,5,4091,f0488107a5315aa5,"[{""address"":""data+4091"",""error"":7,""execution_phase"":1,""fpstate_size"":2436,""gregs"":{""cr2"":""data+4091"",""csgsfs"":""0x002b000000000033"",""err"":""0x0000000000000007"",""oldmask"":""0x0000000000000000"",""r10"":""0x1010101010101010"",""r11"":""0x1212121212121212"",""r12"":""0x1313131313131313"",""r13"":""0x1414141414141414"",""r14"":""0x1515151515151515"",""r15"":""0x1616161616161616"",""r8"":""0x0808080808080808"",""r9"":""0x0909090909090909"",""rax"":""0x1122334455667788"",""rbp"":""0x778899aabbccddee"",""rbx"":""0xa1b2c3d4e5f60718"",""rcx"":""0x0000000000000003"",""rdi"":""data+4091"",""rdx"":""0x99aabbccddeeff00"",""rflags"":""0x0000000000010203"",""rip"":""code+0"",""rsi"":""source+256"",""rsp"":""stack+32768"",""trapno"":""0x000000000000000e""},""kernel_sigmask"":""0000000000000000"",""pages"":{""fill"":""11"",""page2_mapped"":true,""patches"":[],""size"":8192},""partial_write"":false,""si_code"":2,""signal"":11,""six_flags"":{""AF"":0,""CF"":1,""OF"":0,""PF"":0,""SF"":0,""ZF"":0},""trap"":14,""uc_flags"":7,""uc_link"":""0x0000000000000000"",""uc_stack"":{""flags"":0,""size"":65536,""sp"":""altstack+0""}}]","{""fill"":""11"",""page2_mapped"":true,""patches"":[],""size"":8192}","[{""address"":""data+4091"",""error"":7,""execution_phase"":1,""fpstate_size"":2436,""gregs"":{""cr2"":""data+4091"",""csgsfs"":""0x002b000000000033"",""err"":""0x0000000000000007"",""oldmask"":""0x0000000000000000"",""r10"":""0x1010101010101010"",""r11"":""0x1212121212121212"",""r12"":""0x1313131313131313"",""r13"":""0x1414141414141414"",""r14"":""0x1515151515151515"",""r15"":""0x1616161616161616"",""r8"":""0x0808080808080808"",""r9"":""0x0909090909090909"",""rax"":""0x1122334455667788"",""rbp"":""0x778899aabbccddee"",""rbx"":""0xa1b2c3d4e5f60718"",""rcx"":""0x0000000000000003"",""rdi"":""data+4091"",""rdx"":""0x99aabbccddeeff00"",""rflags"":""0x0000000000010203"",""rip"":""code+0"",""rsi"":""source+256"",""rsp"":""stack+32768"",""trapno"":""0x000000000000000e""},""kernel_sigmask"":""0000000000000000"",""pages"":{""fill"":""11"",""page2_mapped"":true,""patches"":[],""size"":8192},""partial_write"":false,""si_code"":2,""signal"":11,""six_flags"":{""AF"":0,""CF"":1,""OF"":0,""PF"":0,""SF"":0,""ZF"":0},""trap"":14,""uc_flags"":7,""uc_link"":""0x0000000000000000"",""uc_stack"":{""flags"":0,""size"":65536,""sp"":""altstack+0""}}]","0x3c across full destination footprint after mapping/protection repair, before sigreturn","{""fill"":""11"",""page2_mapped"":true,""patches"":[[4091,""e16d96e13b3c3c3c""]],""size"":8192}","{""r10"":""0x1010101010101010"",""r11"":""0x1212121212121212"",""r12"":""0x1313131313131313"",""r13"":""0x1414141414141414"",""r14"":""0x1515151515151515"",""r15"":""0x1616161616161616"",""r8"":""0x0808080808080808"",""r9"":""0x0909090909090909"",""rax"":""0x1122334455667788"",""rbp"":""0x778899aabbccddee"",""rbx"":""0xa1b2c3d4e5f60718"",""rcx"":""0x0000000000000003"",""rdi"":""data+4091"",""rdx"":""0x99aabbccddeeff00"",""rflags"":""0x0000000000000217"",""rsi"":""source+256"",""rsp"":""stack+32768""}","{""AF"":1,""CF"":1,""OF"":0,""PF"":1,""SF"":0,""ZF"":0}",False,rmw.run1.jsonl.gz: matching form/layout/cross_offset/continuation
A,page_and_cacheline_cross,measured,False,True,add_imm32sx_64_lock,64,cross_ro_rw,6,4090,f0488107a5315aa5,"[{""address"":""data+4090"",""error"":7,""execution_phase"":1,""fpstate_size"":2436,""gregs"":{""cr2"":""data+4090"",""csgsfs"":""0x002b000000000033"",""err"":""0x0000000000000007"",""oldmask"":""0x0000000000000000"",""r10"":""0x1010101010101010"",""r11"":""0x1212121212121212"",""r12"":""0x1313131313131313"",""r13"":""0x1414141414141414"",""r14"":""0x1515151515151515"",""r15"":""0x1616161616161616"",""r8"":""0x0808080808080808"",""r9"":""0x0909090909090909"",""rax"":""0x1122334455667788"",""rbp"":""0x778899aabbccddee"",""rbx"":""0xa1b2c3d4e5f60718"",""rcx"":""0x0000000000000003"",""rdi"":""data+4090"",""rdx"":""0x99aabbccddeeff00"",""rflags"":""0x0000000000010203"",""rip"":""code+0"",""rsi"":""source+256"",""rsp"":""stack+32768"",""trapno"":""0x000000000000000e""},""kernel_sigmask"":""0000000000000000"",""pages"":{""fill"":""11"",""page2_mapped"":true,""patches"":[],""size"":8192},""partial_write"":false,""si_code"":2,""signal"":11,""six_flags"":{""AF"":0,""CF"":1,""OF"":0,""PF"":0,""SF"":0,""ZF"":0},""trap"":14,""uc_flags"":7,""uc_link"":""0x0000000000000000"",""uc_stack"":{""flags"":0,""size"":65536,""sp"":""altstack+0""}}]","{""fill"":""11"",""page2_mapped"":true,""patches"":[],""size"":8192}","[{""address"":""data+4090"",""error"":7,""execution_phase"":1,""fpstate_size"":2436,""gregs"":{""cr2"":""data+4090"",""csgsfs"":""0x002b000000000033"",""err"":""0x0000000000000007"",""oldmask"":""0x0000000000000000"",""r10"":""0x1010101010101010"",""r11"":""0x1212121212121212"",""r12"":""0x1313131313131313"",""r13"":""0x1414141414141414"",""r14"":""0x1515151515151515"",""r15"":""0x1616161616161616"",""r8"":""0x0808080808080808"",""r9"":""0x0909090909090909"",""rax"":""0x1122334455667788"",""rbp"":""0x778899aabbccddee"",""rbx"":""0xa1b2c3d4e5f60718"",""rcx"":""0x0000000000000003"",""rdi"":""data+4090"",""rdx"":""0x99aabbccddeeff00"",""rflags"":""0x0000000000010203"",""rip"":""code+0"",""rsi"":""source+256"",""rsp"":""stack+32768"",""trapno"":""0x000000000000000e""},""kernel_sigmask"":""0000000000000000"",""pages"":{""fill"":""11"",""page2_mapped"":true,""patches"":[],""size"":8192},""partial_write"":false,""si_code"":2,""signal"":11,""six_flags"":{""AF"":0,""CF"":1,""OF"":0,""PF"":0,""SF"":0,""ZF"":0},""trap"":14,""uc_flags"":7,""uc_link"":""0x0000000000000000"",""uc_stack"":{""flags"":0,""size"":65536,""sp"":""altstack+0""}}]","0x3c across full destination footprint after mapping/protection repair, before sigreturn","{""fill"":""11"",""page2_mapped"":true,""patches"":[[4090,""e16d96e13b3c3c3c""]],""size"":8192}","{""r10"":""0x1010101010101010"",""r11"":""0x1212121212121212"",""r12"":""0x1313131313131313"",""r13"":""0x1414141414141414"",""r14"":""0x1515151515151515"",""r15"":""0x1616161616161616"",""r8"":""0x0808080808080808"",""r9"":""0x0909090909090909"",""rax"":""0x1122334455667788"",""rbp"":""0x778899aabbccddee"",""rbx"":""0xa1b2c3d4e5f60718"",""rcx"":""0x0000000000000003"",""rdi"":""data+4090"",""rdx"":""0x99aabbccddeeff00"",""rflags"":""0x0000000000000217"",""rsi"":""source+256"",""rsp"":""stack+32768""}","{""AF"":1,""CF"":1,""OF"":0,""PF"":1,""SF"":0,""ZF"":0}",False,rmw.run1.jsonl.gz: matching form/layout/cross_offset/continuation
A,page_and_cacheline_cross,measured,False,True,add_imm32sx_64_lock,64,cross_ro_rw,7,4089,f0488107a5315aa5,"[{""address"":""data+4089"",""error"":7,""execution_phase"":1,""fpstate_size"":2436,""gregs"":{""cr2"":""data+4089"",""csgsfs"":""0x002b000000000033"",""err"":""0x0000000000000007"",""oldmask"":""0x0000000000000000"",""r10"":""0x1010101010101010"",""r11"":""0x1212121212121212"",""r12"":""0x1313131313131313"",""r13"":""0x1414141414141414"",""r14"":""0x1515151515151515"",""r15"":""0x1616161616161616"",""r8"":""0x0808080808080808"",""r9"":""0x0909090909090909"",""rax"":""0x1122334455667788"",""rbp"":""0x778899aabbccddee"",""rbx"":""0xa1b2c3d4e5f60718"",""rcx"":""0x0000000000000003"",""rdi"":""data+4089"",""rdx"":""0x99aabbccddeeff00"",""rflags"":""0x0000000000010203"",""rip"":""code+0"",""rsi"":""source+256"",""rsp"":""stack+32768"",""trapno"":""0x000000000000000e""},""kernel_sigmask"":""0000000000000000"",""pages"":{""fill"":""11"",""page2_mapped"":true,""patches"":[],""size"":8192},""partial_write"":false,""si_code"":2,""signal"":11,""six_flags"":{""AF"":0,""CF"":1,""OF"":0,""PF"":0,""SF"":0,""ZF"":0},""trap"":14,""uc_flags"":7,""uc_link"":""0x0000000000000000"",""uc_stack"":{""flags"":0,""size"":65536,""sp"":""altstack+0""}}]","{""fill"":""11"",""page2_mapped"":true,""patches"":[],""size"":8192}","[{""address"":""data+4089"",""error"":7,""execution_phase"":1,""fpstate_size"":2436,""gregs"":{""cr2"":""data+4089"",""csgsfs"":""0x002b000000000033"",""err"":""0x0000000000000007"",""oldmask"":""0x0000000000000000"",""r10"":""0x1010101010101010"",""r11"":""0x1212121212121212"",""r12"":""0x1313131313131313"",""r13"":""0x1414141414141414"",""r14"":""0x1515151515151515"",""r15"":""0x1616161616161616"",""r8"":""0x0808080808080808"",""r9"":""0x0909090909090909"",""rax"":""0x1122334455667788"",""rbp"":""0x778899aabbccddee"",""rbx"":""0xa1b2c3d4e5f60718"",""rcx"":""0x0000000000000003"",""rdi"":""data+4089"",""rdx"":""0x99aabbccddeeff00"",""rflags"":""0x0000000000010203"",""rip"":""code+0"",""rsi"":""source+256"",""rsp"":""stack+32768"",""trapno"":""0x000000000000000e""},""kernel_sigmask"":""0000000000000000"",""pages"":{""fill"":""11"",""page2_mapped"":true,""patches"":[],""size"":8192},""partial_write"":false,""si_code"":2,""signal"":11,""six_flags"":{""AF"":0,""CF"":1,""OF"":0,""PF"":0,""SF"":0,""ZF"":0},""trap"":14,""uc_flags"":7,""uc_link"":""0x0000000000000000"",""uc_stack"":{""flags"":0,""size"":65536,""sp"":""altstack+0""}}]","0x3c across full destination footprint after mapping/protection repair, before sigreturn","{""fill"":""11"",""page2_mapped"":true,""patches"":[[4089,""e16d96e13b3c3c3c""]],""size"":8192}","{""r10"":""0x1010101010101010"",""r11"":""0x1212121212121212"",""r12"":""0x1313131313131313"",""r13"":""0x1414141414141414"",""r14"":""0x1515151515151515"",""r15"":""0x1616161616161616"",""r8"":""0x0808080808080808"",""r9"":""0x0909090909090909"",""rax"":""0x1122334455667788"",""rbp"":""0x778899aabbccddee"",""rbx"":""0xa1b2c3d4e5f60718"",""rcx"":""0x0000000000000003"",""rdi"":""data+4089"",""rdx"":""0x99aabbccddeeff00"",""rflags"":""0x0000000000000217"",""rsi"":""source+256"",""rsp"":""stack+32768""}","{""AF"":1,""CF"":1,""OF"":0,""PF"":1,""SF"":0,""ZF"":0}",False,rmw.run1.jsonl.gz: matching form/layout/cross_offset/continuation
A,page_and_cacheline_cross,measured,False,True,add_imm8sx_64_lock,64,cross_rw_ro,1,4095,f0488307a5,"[{""address"":""data+4096"",""error"":7,""execution_phase"":1,""fpstate_size"":2436,""gregs"":{""cr2"":""data+4096"",""csgsfs"":""0x002b000000000033"",""err"":""0x0000000000000007"",""oldmask"":""0x0000000000000000"",""r10"":""0x1010101010101010"",""r11"":""0x1212121212121212"",""r12"":""0x1313131313131313"",""r13"":""0x1414141414141414"",""r14"":""0x1515151515151515"",""r15"":""0x1616161616161616"",""r8"":""0x0808080808080808"",""r9"":""0x0909090909090909"",""rax"":""0x1122334455667788"",""rbp"":""0x778899aabbccddee"",""rbx"":""0xa1b2c3d4e5f60718"",""rcx"":""0x0000000000000003"",""rdi"":""data+4095"",""rdx"":""0x99aabbccddeeff00"",""rflags"":""0x0000000000010203"",""rip"":""code+0"",""rsi"":""source+256"",""rsp"":""stack+32768"",""trapno"":""0x000000000000000e""},""kernel_sigmask"":""0000000000000000"",""pages"":{""fill"":""11"",""page2_mapped"":true,""patches"":[],""size"":8192},""partial_write"":false,""si_code"":2,""signal"":11,""six_flags"":{""AF"":0,""CF"":1,""OF"":0,""PF"":0,""SF"":0,""ZF"":0},""trap"":14,""uc_flags"":7,""uc_link"":""0x0000000000000000"",""uc_stack"":{""flags"":0,""size"":65536,""sp"":""altstack+0""}}]","{""fill"":""11"",""page2_mapped"":true,""patches"":[],""size"":8192}","[{""address"":""data+4096"",""error"":7,""execution_phase"":1,""fpstate_size"":2436,""gregs"":{""cr2"":""data+4096"",""csgsfs"":""0x002b000000000033"",""err"":""0x0000000000000007"",""oldmask"":""0x0000000000000000"",""r10"":""0x1010101010101010"",""r11"":""0x1212121212121212"",""r12"":""0x1313131313131313"",""r13"":""0x1414141414141414"",""r14"":""0x1515151515151515"",""r15"":""0x1616161616161616"",""r8"":""0x0808080808080808"",""r9"":""0x0909090909090909"",""rax"":""0x1122334455667788"",""rbp"":""0x778899aabbccddee"",""rbx"":""0xa1b2c3d4e5f60718"",""rcx"":""0x0000000000000003"",""rdi"":""data+4095"",""rdx"":""0x99aabbccddeeff00"",""rflags"":""0x0000000000010203"",""rip"":""code+0"",""rsi"":""source+256"",""rsp"":""stack+32768"",""trapno"":""0x000000000000000e""},""kernel_sigmask"":""0000000000000000"",""pages"":{""fill"":""11"",""page2_mapped"":true,""patches"":[],""size"":8192},""partial_write"":false,""si_code"":2,""signal"":11,""six_flags"":{""AF"":0,""CF"":1,""OF"":0,""PF"":0,""SF"":0,""ZF"":0},""trap"":14,""uc_flags"":7,""uc_link"":""0x0000000000000000"",""uc_stack"":{""flags"":0,""size"":65536,""sp"":""altstack+0""}}]","0x3c across full destination footprint after mapping/protection repair, before sigreturn","{""fill"":""11"",""page2_mapped"":true,""patches"":[[4095,""e13b3c3c3c3c3c3c""]],""size"":8192}","{""r10"":""0x1010101010101010"",""r11"":""0x1212121212121212"",""r12"":""0x1313131313131313"",""r13"":""0x1414141414141414"",""r14"":""0x1515151515151515"",""r15"":""0x1616161616161616"",""r8"":""0x0808080808080808"",""r9"":""0x0909090909090909"",""rax"":""0x1122334455667788"",""rbp"":""0x778899aabbccddee"",""rbx"":""0xa1b2c3d4e5f60718"",""rcx"":""0x0000000000000003"",""rdi"":""data+4095"",""rdx"":""0x99aabbccddeeff00"",""rflags"":""0x0000000000000217"",""rsi"":""source+256"",""rsp"":""stack+32768""}","{""AF"":1,""CF"":1,""OF"":0,""PF"":1,""SF"":0,""ZF"":0}",False,rmw.run1.jsonl.gz: matching form/layout/cross_offset/continuation
A,page_and_cacheline_cross,measured,False,True,add_imm8sx_64_lock,64,cross_rw_ro,2,4094,f0488307a5,"[{""address"":""data+4096"",""error"":7,""execution_phase"":1,""fpstate_size"":2436,""gregs"":{""cr2"":""data+4096"",""csgsfs"":""0x002b000000000033"",""err"":""0x0000000000000007"",""oldmask"":""0x0000000000000000"",""r10"":""0x1010101010101010"",""r11"":""0x1212121212121212"",""r12"":""0x1313131313131313"",""r13"":""0x1414141414141414"",""r14"":""0x1515151515151515"",""r15"":""0x1616161616161616"",""r8"":""0x0808080808080808"",""r9"":""0x0909090909090909"",""rax"":""0x1122334455667788"",""rbp"":""0x778899aabbccddee"",""rbx"":""0xa1b2c3d4e5f60718"",""rcx"":""0x0000000000000003"",""rdi"":""data+4094"",""rdx"":""0x99aabbccddeeff00"",""rflags"":""0x0000000000010203"",""rip"":""code+0"",""rsi"":""source+256"",""rsp"":""stack+32768"",""trapno"":""0x000000000000000e""},""kernel_sigmask"":""0000000000000000"",""pages"":{""fill"":""11"",""page2_mapped"":true,""patches"":[],""size"":8192},""partial_write"":false,""si_code"":2,""signal"":11,""six_flags"":{""AF"":0,""CF"":1,""OF"":0,""PF"":0,""SF"":0,""ZF"":0},""trap"":14,""uc_flags"":7,""uc_link"":""0x0000000000000000"",""uc_stack"":{""flags"":0,""size"":65536,""sp"":""altstack+0""}}]","{""fill"":""11"",""page2_mapped"":true,""patches"":[],""size"":8192}","[{""address"":""data+4096"",""error"":7,""execution_phase"":1,""fpstate_size"":2436,""gregs"":{""cr2"":""data+4096"",""csgsfs"":""0x002b000000000033"",""err"":""0x0000000000000007"",""oldmask"":""0x0000000000000000"",""r10"":""0x1010101010101010"",""r11"":""0x1212121212121212"",""r12"":""0x1313131313131313"",""r13"":""0x1414141414141414"",""r14"":""0x1515151515151515"",""r15"":""0x1616161616161616"",""r8"":""0x0808080808080808"",""r9"":""0x0909090909090909"",""rax"":""0x1122334455667788"",""rbp"":""0x778899aabbccddee"",""rbx"":""0xa1b2c3d4e5f60718"",""rcx"":""0x0000000000000003"",""rdi"":""data+4094"",""rdx"":""0x99aabbccddeeff00"",""rflags"":""0x0000000000010203"",""rip"":""code+0"",""rsi"":""source+256"",""rsp"":""stack+32768"",""trapno"":""0x000000000000000e""},""kernel_sigmask"":""0000000000000000"",""pages"":{""fill"":""11"",""page2_mapped"":true,""patches"":[],""size"":8192},""partial_write"":false,""si_code"":2,""signal"":11,""six_flags"":{""AF"":0,""CF"":1,""OF"":0,""PF"":0,""SF"":0,""ZF"":0},""trap"":14,""uc_flags"":7,""uc_link"":""0x0000000000000000"",""uc_stack"":{""flags"":0,""size"":65536,""sp"":""altstack+0""}}]","0x3c across full destination footprint after mapping/protection repair, before sigreturn","{""fill"":""11"",""page2_mapped"":true,""patches"":[[4094,""e13b3c3c3c3c3c3c""]],""size"":8192}","{""r10"":""0x1010101010101010"",""r11"":""0x1212121212121212"",""r12"":""0x1313131313131313"",""r13"":""0x1414141414141414"",""r14"":""0x1515151515151515"",""r15"":""0x1616161616161616"",""r8"":""0x0808080808080808"",""r9"":""0x0909090909090909"",""rax"":""0x1122334455667788"",""rbp"":""0x778899aabbccddee"",""rbx"":""0xa1b2c3d4e5f60718"",""rcx"":""0x0000000000000003"",""rdi"":""data+4094"",""rdx"":""0x99aabbccddeeff00"",""rflags"":""0x0000000000000217"",""rsi"":""source+256"",""rsp"":""stack+32768""}","{""AF"":1,""CF"":1,""OF"":0,""PF"":1,""SF"":0,""ZF"":0}",False,rmw.run1.jsonl.gz: matching form/layout/cross_offset/continuation
A,page_and_cacheline_cross,measured,False,True,add_imm8sx_64_lock,64,cross_rw_ro,3,4093,f0488307a5,"[{""address"":""data+4096"",""error"":7,""execution_phase"":1,""fpstate_size"":2436,""gregs"":{""cr2"":""data+4096"",""csgsfs"":""0x002b000000000033"",""err"":""0x0000000000000007"",""oldmask"":""0x0000000000000000"",""r10"":""0x1010101010101010"",""r11"":""0x1212121212121212"",""r12"":""0x1313131313131313"",""r13"":""0x1414141414141414"",""r14"":""0x1515151515151515"",""r15"":""0x1616161616161616"",""r8"":""0x0808080808080808"",""r9"":""0x0909090909090909"",""rax"":""0x1122334455667788"",""rbp"":""0x778899aabbccddee"",""rbx"":""0xa1b2c3d4e5f60718"",""rcx"":""0x0000000000000003"",""rdi"":""data+4093"",""rdx"":""0x99aabbccddeeff00"",""rflags"":""0x0000000000010203"",""rip"":""code+0"",""rsi"":""source+256"",""rsp"":""stack+32768"",""trapno"":""0x000000000000000e""},""kernel_sigmask"":""0000000000000000"",""pages"":{""fill"":""11"",""page2_mapped"":true,""patches"":[],""size"":8192},""partial_write"":false,""si_code"":2,""signal"":11,""six_flags"":{""AF"":0,""CF"":1,""OF"":0,""PF"":0,""SF"":0,""ZF"":0},""trap"":14,""uc_flags"":7,""uc_link"":""0x0000000000000000"",""uc_stack"":{""flags"":0,""size"":65536,""sp"":""altstack+0""}}]","{""fill"":""11"",""page2_mapped"":true,""patches"":[],""size"":8192}","[{""address"":""data+4096"",""error"":7,""execution_phase"":1,""fpstate_size"":2436,""gregs"":{""cr2"":""data+4096"",""csgsfs"":""0x002b000000000033"",""err"":""0x0000000000000007"",""oldmask"":""0x0000000000000000"",""r10"":""0x1010101010101010"",""r11"":""0x1212121212121212"",""r12"":""0x1313131313131313"",""r13"":""0x1414141414141414"",""r14"":""0x1515151515151515"",""r15"":""0x1616161616161616"",""r8"":""0x0808080808080808"",""r9"":""0x0909090909090909"",""rax"":""0x1122334455667788"",""rbp"":""0x778899aabbccddee"",""rbx"":""0xa1b2c3d4e5f60718"",""rcx"":""0x0000000000000003"",""rdi"":""data+4093"",""rdx"":""0x99aabbccddeeff00"",""rflags"":""0x0000000000010203"",""rip"":""code+0"",""rsi"":""source+256"",""rsp"":""stack+32768"",""trapno"":""0x000000000000000e""},""kernel_sigmask"":""0000000000000000"",""pages"":{""fill"":""11"",""page2_mapped"":true,""patches"":[],""size"":8192},""partial_write"":false,""si_code"":2,""signal"":11,""six_flags"":{""AF"":0,""CF"":1,""OF"":0,""PF"":0,""SF"":0,""ZF"":0},""trap"":14,""uc_flags"":7,""uc_link"":""0x0000000000000000"",""uc_stack"":{""flags"":0,""size"":65536,""sp"":""altstack+0""}}]","0x3c across full destination footprint after mapping/protection repair, before sigreturn","{""fill"":""11"",""page2_mapped"":true,""patches"":[[4093,""e13b3c3c3c3c3c3c""]],""size"":8192}","{""r10"":""0x1010101010101010"",""r11"":""0x1212121212121212"",""r12"":""0x1313131313131313"",""r13"":""0x1414141414141414"",""r14"":""0x1515151515151515"",""r15"":""0x1616161616161616"",""r8"":""0x0808080808080808"",""r9"":""0x0909090909090909"",""rax"":""0x1122334455667788"",""rbp"":""0x778899aabbccddee"",""rbx"":""0xa1b2c3d4e5f60718"",""rcx"":""0x0000000000000003"",""rdi"":""data+4093"",""rdx"":""0x99aabbccddeeff00"",""rflags"":""0x0000000000000217"",""rsi"":""source+256"",""rsp"":""stack+32768""}","{""AF"":1,""CF"":1,""OF"":0,""PF"":1,""SF"":0,""ZF"":0}",False,rmw.run1.jsonl.gz: matching form/layout/cross_offset/continuation
A,page_and_cacheline_cross,measured,False,True,add_imm8sx_64_lock,64,cross_rw_ro,4,4092,f0488307a5,"[{""address"":""data+4096"",""error"":7,""execution_phase"":1,""fpstate_size"":2436,""gregs"":{""cr2"":""data+4096"",""csgsfs"":""0x002b000000000033"",""err"":""0x0000000000000007"",""oldmask"":""0x0000000000000000"",""r10"":""0x1010101010101010"",""r11"":""0x1212121212121212"",""r12"":""0x1313131313131313"",""r13"":""0x1414141414141414"",""r14"":""0x1515151515151515"",""r15"":""0x1616161616161616"",""r8"":""0x0808080808080808"",""r9"":""0x0909090909090909"",""rax"":""0x1122334455667788"",""rbp"":""0x778899aabbccddee"",""rbx"":""0xa1b2c3d4e5f60718"",""rcx"":""0x0000000000000003"",""rdi"":""data+4092"",""rdx"":""0x99aabbccddeeff00"",""rflags"":""0x0000000000010203"",""rip"":""code+0"",""rsi"":""source+256"",""rsp"":""stack+32768"",""trapno"":""0x000000000000000e""},""kernel_sigmask"":""0000000000000000"",""pages"":{""fill"":""11"",""page2_mapped"":true,""patches"":[],""size"":8192},""partial_write"":false,""si_code"":2,""signal"":11,""six_flags"":{""AF"":0,""CF"":1,""OF"":0,""PF"":0,""SF"":0,""ZF"":0},""trap"":14,""uc_flags"":7,""uc_link"":""0x0000000000000000"",""uc_stack"":{""flags"":0,""size"":65536,""sp"":""altstack+0""}}]","{""fill"":""11"",""page2_mapped"":true,""patches"":[],""size"":8192}","[{""address"":""data+4096"",""error"":7,""execution_phase"":1,""fpstate_size"":2436,""gregs"":{""cr2"":""data+4096"",""csgsfs"":""0x002b000000000033"",""err"":""0x0000000000000007"",""oldmask"":""0x0000000000000000"",""r10"":""0x1010101010101010"",""r11"":""0x1212121212121212"",""r12"":""0x1313131313131313"",""r13"":""0x1414141414141414"",""r14"":""0x1515151515151515"",""r15"":""0x1616161616161616"",""r8"":""0x0808080808080808"",""r9"":""0x0909090909090909"",""rax"":""0x1122334455667788"",""rbp"":""0x778899aabbccddee"",""rbx"":""0xa1b2c3d4e5f60718"",""rcx"":""0x0000000000000003"",""rdi"":""data+4092"",""rdx"":""0x99aabbccddeeff00"",""rflags"":""0x0000000000010203"",""rip"":""code+0"",""rsi"":""source+256"",""rsp"":""stack+32768"",""trapno"":""0x000000000000000e""},""kernel_sigmask"":""0000000000000000"",""pages"":{""fill"":""11"",""page2_mapped"":true,""patches"":[],""size"":8192},""partial_write"":false,""si_code"":2,""signal"":11,""six_flags"":{""AF"":0,""CF"":1,""OF"":0,""PF"":0,""SF"":0,""ZF"":0},""trap"":14,""uc_flags"":7,""uc_link"":""0x0000000000000000"",""uc_stack"":{""flags"":0,""size"":65536,""sp"":""altstack+0""}}]","0x3c across full destination footprint after mapping/protection repair, before sigreturn","{""fill"":""11"",""page2_mapped"":true,""patches"":[[4092,""e13b3c3c3c3c3c3c""]],""size"":8192}","{""r10"":""0x1010101010101010"",""r11"":""0x1212121212121212"",""r12"":""0x1313131313131313"",""r13"":""0x1414141414141414"",""r14"":""0x1515151515151515"",""r15"":""0x1616161616161616"",""r8"":""0x0808080808080808"",""r9"":""0x0909090909090909"",""rax"":""0x1122334455667788"",""rbp"":""0x778899aabbccddee"",""rbx"":""0xa1b2c3d4e5f60718"",""rcx"":""0x0000000000000003"",""rdi"":""data+4092"",""rdx"":""0x99aabbccddeeff00"",""rflags"":""0x0000000000000217"",""rsi"":""source+256"",""rsp"":""stack+32768""}","{""AF"":1,""CF"":1,""OF"":0,""PF"":1,""SF"":0,""ZF"":0}",False,rmw.run1.jsonl.gz: matching form/layout/cross_offset/continuation
A,page_and_cacheline_cross,measured,False,True,add_imm8sx_64_lock,64,cross_rw_ro,5,4091,f0488307a5,"[{""address"":""data+4096"",""error"":7,""execution_phase"":1,""fpstate_size"":2436,""gregs"":{""cr2"":""data+4096"",""csgsfs"":""0x002b000000000033"",""err"":""0x0000000000000007"",""oldmask"":""0x0000000000000000"",""r10"":""0x1010101010101010"",""r11"":""0x1212121212121212"",""r12"":""0x1313131313131313"",""r13"":""0x1414141414141414"",""r14"":""0x1515151515151515"",""r15"":""0x1616161616161616"",""r8"":""0x0808080808080808"",""r9"":""0x0909090909090909"",""rax"":""0x1122334455667788"",""rbp"":""0x778899aabbccddee"",""rbx"":""0xa1b2c3d4e5f60718"",""rcx"":""0x0000000000000003"",""rdi"":""data+4091"",""rdx"":""0x99aabbccddeeff00"",""rflags"":""0x0000000000010203"",""rip"":""code+0"",""rsi"":""source+256"",""rsp"":""stack+32768"",""trapno"":""0x000000000000000e""},""kernel_sigmask"":""0000000000000000"",""pages"":{""fill"":""11"",""page2_mapped"":true,""patches"":[],""size"":8192},""partial_write"":false,""si_code"":2,""signal"":11,""six_flags"":{""AF"":0,""CF"":1,""OF"":0,""PF"":0,""SF"":0,""ZF"":0},""trap"":14,""uc_flags"":7,""uc_link"":""0x0000000000000000"",""uc_stack"":{""flags"":0,""size"":65536,""sp"":""altstack+0""}}]","{""fill"":""11"",""page2_mapped"":true,""patches"":[],""size"":8192}","[{""address"":""data+4096"",""error"":7,""execution_phase"":1,""fpstate_size"":2436,""gregs"":{""cr2"":""data+4096"",""csgsfs"":""0x002b000000000033"",""err"":""0x0000000000000007"",""oldmask"":""0x0000000000000000"",""r10"":""0x1010101010101010"",""r11"":""0x1212121212121212"",""r12"":""0x1313131313131313"",""r13"":""0x1414141414141414"",""r14"":""0x1515151515151515"",""r15"":""0x1616161616161616"",""r8"":""0x0808080808080808"",""r9"":""0x0909090909090909"",""rax"":""0x1122334455667788"",""rbp"":""0x778899aabbccddee"",""rbx"":""0xa1b2c3d4e5f60718"",""rcx"":""0x0000000000000003"",""rdi"":""data+4091"",""rdx"":""0x99aabbccddeeff00"",""rflags"":""0x0000000000010203"",""rip"":""code+0"",""rsi"":""source+256"",""rsp"":""stack+32768"",""trapno"":""0x000000000000000e""},""kernel_sigmask"":""0000000000000000"",""pages"":{""fill"":""11"",""page2_mapped"":true,""patches"":[],""size"":8192},""partial_write"":false,""si_code"":2,""signal"":11,""six_flags"":{""AF"":0,""CF"":1,""OF"":0,""PF"":0,""SF"":0,""ZF"":0},""trap"":14,""uc_flags"":7,""uc_link"":""0x0000000000000000"",""uc_stack"":{""flags"":0,""size"":65536,""sp"":""altstack+0""}}]","0x3c across full destination footprint after mapping/protection repair, before sigreturn","{""fill"":""11"",""page2_mapped"":true,""patches"":[[4091,""e13b3c3c3c3c3c3c""]],""size"":8192}","{""r10"":""0x1010101010101010"",""r11"":""0x1212121212121212"",""r12"":""0x1313131313131313"",""r13"":""0x1414141414141414"",""r14"":""0x1515151515151515"",""r15"":""0x1616161616161616"",""r8"":""0x0808080808080808"",""r9"":""0x0909090909090909"",""rax"":""0x1122334455667788"",""rbp"":""0x778899aabbccddee"",""rbx"":""0xa1b2c3d4e5f60718"",""rcx"":""0x0000000000000003"",""rdi"":""data+4091"",""rdx"":""0x99aabbccddeeff00"",""rflags"":""0x0000000000000217"",""rsi"":""source+256"",""rsp"":""stack+32768""}","{""AF"":1,""CF"":1,""OF"":0,""PF"":1,""SF"":0,""ZF"":0}",False,rmw.run1.jsonl.gz: matching form/layout/cross_offset/continuation
A,page_and_cacheline_cross,measured,False,True,add_imm8sx_64_lock,64,cross_rw_ro,6,4090,f0488307a5,"[{""address"":""data+4096"",""error"":7,""execution_phase"":1,""fpstate_size"":2436,""gregs"":{""cr2"":""data+4096"",""csgsfs"":""0x002b000000000033"",""err"":""0x0000000000000007"",""oldmask"":""0x0000000000000000"",""r10"":""0x1010101010101010"",""r11"":""0x1212121212121212"",""r12"":""0x1313131313131313"",""r13"":""0x1414141414141414"",""r14"":""0x1515151515151515"",""r15"":""0x1616161616161616"",""r8"":""0x0808080808080808"",""r9"":""0x0909090909090909"",""rax"":""0x1122334455667788"",""rbp"":""0x778899aabbccddee"",""rbx"":""0xa1b2c3d4e5f60718"",""rcx"":""0x0000000000000003"",""rdi"":""data+4090"",""rdx"":""0x99aabbccddeeff00"",""rflags"":""0x0000000000010203"",""rip"":""code+0"",""rsi"":""source+256"",""rsp"":""stack+32768"",""trapno"":""0x000000000000000e""},""kernel_sigmask"":""0000000000000000"",""pages"":{""fill"":""11"",""page2_mapped"":true,""patches"":[],""size"":8192},""partial_write"":false,""si_code"":2,""signal"":11,""six_flags"":{""AF"":0,""CF"":1,""OF"":0,""PF"":0,""SF"":0,""ZF"":0},""trap"":14,""uc_flags"":7,""uc_link"":""0x0000000000000000"",""uc_stack"":{""flags"":0,""size"":65536,""sp"":""altstack+0""}}]","{""fill"":""11"",""page2_mapped"":true,""patches"":[],""size"":8192}","[{""address"":""data+4096"",""error"":7,""execution_phase"":1,""fpstate_size"":2436,""gregs"":{""cr2"":""data+4096"",""csgsfs"":""0x002b000000000033"",""err"":""0x0000000000000007"",""oldmask"":""0x0000000000000000"",""r10"":""0x1010101010101010"",""r11"":""0x1212121212121212"",""r12"":""0x1313131313131313"",""r13"":""0x1414141414141414"",""r14"":""0x1515151515151515"",""r15"":""0x1616161616161616"",""r8"":""0x0808080808080808"",""r9"":""0x0909090909090909"",""rax"":""0x1122334455667788"",""rbp"":""0x778899aabbccddee"",""rbx"":""0xa1b2c3d4e5f60718"",""rcx"":""0x0000000000000003"",""rdi"":""data+4090"",""rdx"":""0x99aabbccddeeff00"",""rflags"":""0x0000000000010203"",""rip"":""code+0"",""rsi"":""source+256"",""rsp"":""stack+32768"",""trapno"":""0x000000000000000e""},""kernel_sigmask"":""0000000000000000"",""pages"":{""fill"":""11"",""page2_mapped"":true,""patches"":[],""size"":8192},""partial_write"":false,""si_code"":2,""signal"":11,""six_flags"":{""AF"":0,""CF"":1,""OF"":0,""PF"":0,""SF"":0,""ZF"":0},""trap"":14,""uc_flags"":7,""uc_link"":""0x0000000000000000"",""uc_stack"":{""flags"":0,""size"":65536,""sp"":""altstack+0""}}]","0x3c across full destination footprint after mapping/protection repair, before sigreturn","{""fill"":""11"",""page2_mapped"":true,""patches"":[[4090,""e13b3c3c3c3c3c3c""]],""size"":8192}","{""r10"":""0x1010101010101010"",""r11"":""0x1212121212121212"",""r12"":""0x1313131313131313"",""r13"":""0x1414141414141414"",""r14"":""0x1515151515151515"",""r15"":""0x1616161616161616"",""r8"":""0x0808080808080808"",""r9"":""0x0909090909090909"",""rax"":""0x1122334455667788"",""rbp"":""0x778899aabbccddee"",""rbx"":""0xa1b2c3d4e5f60718"",""rcx"":""0x0000000000000003"",""rdi"":""data+4090"",""rdx"":""0x99aabbccddeeff00"",""rflags"":""0x0000000000000217"",""rsi"":""source+256"",""rsp"":""stack+32768""}","{""AF"":1,""CF"":1,""OF"":0,""PF"":1,""SF"":0,""ZF"":0}",False,rmw.run1.jsonl.gz: matching form/layout/cross_offset/continuation
A,page_and_cacheline_cross,measured,False,True,add_imm8sx_64_lock,64,cross_rw_ro,7,4089,f0488307a5,"[{""address"":""data+4096"",""error"":7,""execution_phase"":1,""fpstate_size"":2436,""gregs"":{""cr2"":""data+4096"",""csgsfs"":""0x002b000000000033"",""err"":""0x0000000000000007"",""oldmask"":""0x0000000000000000"",""r10"":""0x1010101010101010"",""r11"":""0x1212121212121212"",""r12"":""0x1313131313131313"",""r13"":""0x1414141414141414"",""r14"":""0x1515151515151515"",""r15"":""0x1616161616161616"",""r8"":""0x0808080808080808"",""r9"":""0x0909090909090909"",""rax"":""0x1122334455667788"",""rbp"":""0x778899aabbccddee"",""rbx"":""0xa1b2c3d4e5f60718"",""rcx"":""0x0000000000000003"",""rdi"":""data+4089"",""rdx"":""0x99aabbccddeeff00"",""rflags"":""0x0000000000010203"",""rip"":""code+0"",""rsi"":""source+256"",""rsp"":""stack+32768"",""trapno"":""0x000000000000000e""},""kernel_sigmask"":""0000000000000000"",""pages"":{""fill"":""11"",""page2_mapped"":true,""patches"":[],""size"":8192},""partial_write"":false,""si_code"":2,""signal"":11,""six_flags"":{""AF"":0,""CF"":1,""OF"":0,""PF"":0,""SF"":0,""ZF"":0},""trap"":14,""uc_flags"":7,""uc_link"":""0x0000000000000000"",""uc_stack"":{""flags"":0,""size"":65536,""sp"":""altstack+0""}}]","{""fill"":""11"",""page2_mapped"":true,""patches"":[],""size"":8192}","[{""address"":""data+4096"",""error"":7,""execution_phase"":1,""fpstate_size"":2436,""gregs"":{""cr2"":""data+4096"",""csgsfs"":""0x002b000000000033"",""err"":""0x0000000000000007"",""oldmask"":""0x0000000000000000"",""r10"":""0x1010101010101010"",""r11"":""0x1212121212121212"",""r12"":""0x1313131313131313"",""r13"":""0x1414141414141414"",""r14"":""0x1515151515151515"",""r15"":""0x1616161616161616"",""r8"":""0x0808080808080808"",""r9"":""0x0909090909090909"",""rax"":""0x1122334455667788"",""rbp"":""0x778899aabbccddee"",""rbx"":""0xa1b2c3d4e5f60718"",""rcx"":""0x0000000000000003"",""rdi"":""data+4089"",""rdx"":""0x99aabbccddeeff00"",""rflags"":""0x0000000000010203"",""rip"":""code+0"",""rsi"":""source+256"",""rsp"":""stack+32768"",""trapno"":""0x000000000000000e""},""kernel_sigmask"":""0000000000000000"",""pages"":{""fill"":""11"",""page2_mapped"":true,""patches"":[],""size"":8192},""partial_write"":false,""si_code"":2,""signal"":11,""six_flags"":{""AF"":0,""CF"":1,""OF"":0,""PF"":0,""SF"":0,""ZF"":0},""trap"":14,""uc_flags"":7,""uc_link"":""0x0000000000000000"",""uc_stack"":{""flags"":0,""size"":65536,""sp"":""altstack+0""}}]","0x3c across full destination footprint after mapping/protection repair, before sigreturn","{""fill"":""11"",""page2_mapped"":true,""patches"":[[4089,""e13b3c3c3c3c3c3c""]],""size"":8192}","{""r10"":""0x1010101010101010"",""r11"":""0x1212121212121212"",""r12"":""0x1313131313131313"",""r13"":""0x1414141414141414"",""r14"":""0x1515151515151515"",""r15"":""0x1616161616161616"",""r8"":""0x0808080808080808"",""r9"":""0x0909090909090909"",""rax"":""0x1122334455667788"",""rbp"":""0x778899aabbccddee"",""rbx"":""0xa1b2c3d4e5f60718"",""rcx"":""0x0000000000000003"",""rdi"":""data+4089"",""rdx"":""0x99aabbccddeeff00"",""rflags"":""0x0000000000000217"",""rsi"":""source+256"",""rsp"":""stack+32768""}","{""AF"":1,""CF"":1,""OF"":0,""PF"":1,""SF"":0,""ZF"":0}",False,rmw.run1.jsonl.gz: matching form/layout/cross_offset/continuation
A,page_and_cacheline_cross,measured,False,True,add_imm8sx_64_lock,64,cross_ro_rw,1,4095,f0488307a5,"[{""address"":""data+4095"",""error"":7,""execution_phase"":1,""fpstate_size"":2436,""gregs"":{""cr2"":""data+4095"",""csgsfs"":""0x002b000000000033"",""err"":""0x0000000000000007"",""oldmask"":""0x0000000000000000"",""r10"":""0x1010101010101010"",""r11"":""0x1212121212121212"",""r12"":""0x1313131313131313"",""r13"":""0x1414141414141414"",""r14"":""0x1515151515151515"",""r15"":""0x1616161616161616"",""r8"":""0x0808080808080808"",""r9"":""0x0909090909090909"",""rax"":""0x1122334455667788"",""rbp"":""0x778899aabbccddee"",""rbx"":""0xa1b2c3d4e5f60718"",""rcx"":""0x0000000000000003"",""rdi"":""data+4095"",""rdx"":""0x99aabbccddeeff00"",""rflags"":""0x0000000000010203"",""rip"":""code+0"",""rsi"":""source+256"",""rsp"":""stack+32768"",""trapno"":""0x000000000000000e""},""kernel_sigmask"":""0000000000000000"",""pages"":{""fill"":""11"",""page2_mapped"":true,""patches"":[],""size"":8192},""partial_write"":false,""si_code"":2,""signal"":11,""six_flags"":{""AF"":0,""CF"":1,""OF"":0,""PF"":0,""SF"":0,""ZF"":0},""trap"":14,""uc_flags"":7,""uc_link"":""0x0000000000000000"",""uc_stack"":{""flags"":0,""size"":65536,""sp"":""altstack+0""}}]","{""fill"":""11"",""page2_mapped"":true,""patches"":[],""size"":8192}","[{""address"":""data+4095"",""error"":7,""execution_phase"":1,""fpstate_size"":2436,""gregs"":{""cr2"":""data+4095"",""csgsfs"":""0x002b000000000033"",""err"":""0x0000000000000007"",""oldmask"":""0x0000000000000000"",""r10"":""0x1010101010101010"",""r11"":""0x1212121212121212"",""r12"":""0x1313131313131313"",""r13"":""0x1414141414141414"",""r14"":""0x1515151515151515"",""r15"":""0x1616161616161616"",""r8"":""0x0808080808080808"",""r9"":""0x0909090909090909"",""rax"":""0x1122334455667788"",""rbp"":""0x778899aabbccddee"",""rbx"":""0xa1b2c3d4e5f60718"",""rcx"":""0x0000000000000003"",""rdi"":""data+4095"",""rdx"":""0x99aabbccddeeff00"",""rflags"":""0x0000000000010203"",""rip"":""code+0"",""rsi"":""source+256"",""rsp"":""stack+32768"",""trapno"":""0x000000000000000e""},""kernel_sigmask"":""0000000000000000"",""pages"":{""fill"":""11"",""page2_mapped"":true,""patches"":[],""size"":8192},""partial_write"":false,""si_code"":2,""signal"":11,""six_flags"":{""AF"":0,""CF"":1,""OF"":0,""PF"":0,""SF"":0,""ZF"":0},""trap"":14,""uc_flags"":7,""uc_link"":""0x0000000000000000"",""uc_stack"":{""flags"":0,""size"":65536,""sp"":""altstack+0""}}]","0x3c across full destination footprint after mapping/protection repair, before sigreturn","{""fill"":""11"",""page2_mapped"":true,""patches"":[[4095,""e13b3c3c3c3c3c3c""]],""size"":8192}","{""r10"":""0x1010101010101010"",""r11"":""0x1212121212121212"",""r12"":""0x1313131313131313"",""r13"":""0x1414141414141414"",""r14"":""0x1515151515151515"",""r15"":""0x1616161616161616"",""r8"":""0x0808080808080808"",""r9"":""0x0909090909090909"",""rax"":""0x1122334455667788"",""rbp"":""0x778899aabbccddee"",""rbx"":""0xa1b2c3d4e5f60718"",""rcx"":""0x0000000000000003"",""rdi"":""data+4095"",""rdx"":""0x99aabbccddeeff00"",""rflags"":""0x0000000000000217"",""rsi"":""source+256"",""rsp"":""stack+32768""}","{""AF"":1,""CF"":1,""OF"":0,""PF"":1,""SF"":0,""ZF"":0}",False,rmw.run1.jsonl.gz: matching form/layout/cross_offset/continuation
A,page_and_cacheline_cross,measured,False,True,add_imm8sx_64_lock,64,cross_ro_rw,2,4094,f0488307a5,"[{""address"":""data+4094"",""error"":7,""execution_phase"":1,""fpstate_size"":2436,""gregs"":{""cr2"":""data+4094"",""csgsfs"":""0x002b000000000033"",""err"":""0x0000000000000007"",""oldmask"":""0x0000000000000000"",""r10"":""0x1010101010101010"",""r11"":""0x1212121212121212"",""r12"":""0x1313131313131313"",""r13"":""0x1414141414141414"",""r14"":""0x1515151515151515"",""r15"":""0x1616161616161616"",""r8"":""0x0808080808080808"",""r9"":""0x0909090909090909"",""rax"":""0x1122334455667788"",""rbp"":""0x778899aabbccddee"",""rbx"":""0xa1b2c3d4e5f60718"",""rcx"":""0x0000000000000003"",""rdi"":""data+4094"",""rdx"":""0x99aabbccddeeff00"",""rflags"":""0x0000000000010203"",""rip"":""code+0"",""rsi"":""source+256"",""rsp"":""stack+32768"",""trapno"":""0x000000000000000e""},""kernel_sigmask"":""0000000000000000"",""pages"":{""fill"":""11"",""page2_mapped"":true,""patches"":[],""size"":8192},""partial_write"":false,""si_code"":2,""signal"":11,""six_flags"":{""AF"":0,""CF"":1,""OF"":0,""PF"":0,""SF"":0,""ZF"":0},""trap"":14,""uc_flags"":7,""uc_link"":""0x0000000000000000"",""uc_stack"":{""flags"":0,""size"":65536,""sp"":""altstack+0""}}]","{""fill"":""11"",""page2_mapped"":true,""patches"":[],""size"":8192}","[{""address"":""data+4094"",""error"":7,""execution_phase"":1,""fpstate_size"":2436,""gregs"":{""cr2"":""data+4094"",""csgsfs"":""0x002b000000000033"",""err"":""0x0000000000000007"",""oldmask"":""0x0000000000000000"",""r10"":""0x1010101010101010"",""r11"":""0x1212121212121212"",""r12"":""0x1313131313131313"",""r13"":""0x1414141414141414"",""r14"":""0x1515151515151515"",""r15"":""0x1616161616161616"",""r8"":""0x0808080808080808"",""r9"":""0x0909090909090909"",""rax"":""0x1122334455667788"",""rbp"":""0x778899aabbccddee"",""rbx"":""0xa1b2c3d4e5f60718"",""rcx"":""0x0000000000000003"",""rdi"":""data+4094"",""rdx"":""0x99aabbccddeeff00"",""rflags"":""0x0000000000010203"",""rip"":""code+0"",""rsi"":""source+256"",""rsp"":""stack+32768"",""trapno"":""0x000000000000000e""},""kernel_sigmask"":""0000000000000000"",""pages"":{""fill"":""11"",""page2_mapped"":true,""patches"":[],""size"":8192},""partial_write"":false,""si_code"":2,""signal"":11,""six_flags"":{""AF"":0,""CF"":1,""OF"":0,""PF"":0,""SF"":0,""ZF"":0},""trap"":14,""uc_flags"":7,""uc_link"":""0x0000000000000000"",""uc_stack"":{""flags"":0,""size"":65536,""sp"":""altstack+0""}}]","0x3c across full destination footprint after mapping/protection repair, before sigreturn","{""fill"":""11"",""page2_mapped"":true,""patches"":[[4094,""e13b3c3c3c3c3c3c""]],""size"":8192}","{""r10"":""0x1010101010101010"",""r11"":""0x1212121212121212"",""r12"":""0x1313131313131313"",""r13"":""0x1414141414141414"",""r14"":""0x1515151515151515"",""r15"":""0x1616161616161616"",""r8"":""0x0808080808080808"",""r9"":""0x0909090909090909"",""rax"":""0x1122334455667788"",""rbp"":""0x778899aabbccddee"",""rbx"":""0xa1b2c3d4e5f60718"",""rcx"":""0x0000000000000003"",""rdi"":""data+4094"",""rdx"":""0x99aabbccddeeff00"",""rflags"":""0x0000000000000217"",""rsi"":""source+256"",""rsp"":""stack+32768""}","{""AF"":1,""CF"":1,""OF"":0,""PF"":1,""SF"":0,""ZF"":0}",False,rmw.run1.jsonl.gz: matching form/layout/cross_offset/continuation
A,page_and_cacheline_cross,measured,False,True,add_imm8sx_64_lock,64,cross_ro_rw,3,4093,f0488307a5,"[{""address"":""data+4093"",""error"":7,""execution_phase"":1,""fpstate_size"":2436,""gregs"":{""cr2"":""data+4093"",""csgsfs"":""0x002b000000000033"",""err"":""0x0000000000000007"",""oldmask"":""0x0000000000000000"",""r10"":""0x1010101010101010"",""r11"":""0x1212121212121212"",""r12"":""0x1313131313131313"",""r13"":""0x1414141414141414"",""r14"":""0x1515151515151515"",""r15"":""0x1616161616161616"",""r8"":""0x0808080808080808"",""r9"":""0x0909090909090909"",""rax"":""0x1122334455667788"",""rbp"":""0x778899aabbccddee"",""rbx"":""0xa1b2c3d4e5f60718"",""rcx"":""0x0000000000000003"",""rdi"":""data+4093"",""rdx"":""0x99aabbccddeeff00"",""rflags"":""0x0000000000010203"",""rip"":""code+0"",""rsi"":""source+256"",""rsp"":""stack+32768"",""trapno"":""0x000000000000000e""},""kernel_sigmask"":""0000000000000000"",""pages"":{""fill"":""11"",""page2_mapped"":true,""patches"":[],""size"":8192},""partial_write"":false,""si_code"":2,""signal"":11,""six_flags"":{""AF"":0,""CF"":1,""OF"":0,""PF"":0,""SF"":0,""ZF"":0},""trap"":14,""uc_flags"":7,""uc_link"":""0x0000000000000000"",""uc_stack"":{""flags"":0,""size"":65536,""sp"":""altstack+0""}}]","{""fill"":""11"",""page2_mapped"":true,""patches"":[],""size"":8192}","[{""address"":""data+4093"",""error"":7,""execution_phase"":1,""fpstate_size"":2436,""gregs"":{""cr2"":""data+4093"",""csgsfs"":""0x002b000000000033"",""err"":""0x0000000000000007"",""oldmask"":""0x0000000000000000"",""r10"":""0x1010101010101010"",""r11"":""0x1212121212121212"",""r12"":""0x1313131313131313"",""r13"":""0x1414141414141414"",""r14"":""0x1515151515151515"",""r15"":""0x1616161616161616"",""r8"":""0x0808080808080808"",""r9"":""0x0909090909090909"",""rax"":""0x1122334455667788"",""rbp"":""0x778899aabbccddee"",""rbx"":""0xa1b2c3d4e5f60718"",""rcx"":""0x0000000000000003"",""rdi"":""data+4093"",""rdx"":""0x99aabbccddeeff00"",""rflags"":""0x0000000000010203"",""rip"":""code+0"",""rsi"":""source+256"",""rsp"":""stack+32768"",""trapno"":""0x000000000000000e""},""kernel_sigmask"":""0000000000000000"",""pages"":{""fill"":""11"",""page2_mapped"":true,""patches"":[],""size"":8192},""partial_write"":false,""si_code"":2,""signal"":11,""six_flags"":{""AF"":0,""CF"":1,""OF"":0,""PF"":0,""SF"":0,""ZF"":0},""trap"":14,""uc_flags"":7,""uc_link"":""0x0000000000000000"",""uc_stack"":{""flags"":0,""size"":65536,""sp"":""altstack+0""}}]","0x3c across full destination footprint after mapping/protection repair, before sigreturn","{""fill"":""11"",""page2_mapped"":true,""patches"":[[4093,""e13b3c3c3c3c3c3c""]],""size"":8192}","{""r10"":""0x1010101010101010"",""r11"":""0x1212121212121212"",""r12"":""0x1313131313131313"",""r13"":""0x1414141414141414"",""r14"":""0x1515151515151515"",""r15"":""0x1616161616161616"",""r8"":""0x0808080808080808"",""r9"":""0x0909090909090909"",""rax"":""0x1122334455667788"",""rbp"":""0x778899aabbccddee"",""rbx"":""0xa1b2c3d4e5f60718"",""rcx"":""0x0000000000000003"",""rdi"":""data+4093"",""rdx"":""0x99aabbccddeeff00"",""rflags"":""0x0000000000000217"",""rsi"":""source+256"",""rsp"":""stack+32768""}","{""AF"":1,""CF"":1,""OF"":0,""PF"":1,""SF"":0,""ZF"":0}",False,rmw.run1.jsonl.gz: matching form/layout/cross_offset/continuation
A,page_and_cacheline_cross,measured,False,True,add_imm8sx_64_lock,64,cross_ro_rw,4,4092,f0488307a5,"[{""address"":""data+4092"",""error"":7,""execution_phase"":1,""fpstate_size"":2436,""gregs"":{""cr2"":""data+4092"",""csgsfs"":""0x002b000000000033"",""err"":""0x0000000000000007"",""oldmask"":""0x0000000000000000"",""r10"":""0x1010101010101010"",""r11"":""0x1212121212121212"",""r12"":""0x1313131313131313"",""r13"":""0x1414141414141414"",""r14"":""0x1515151515151515"",""r15"":""0x1616161616161616"",""r8"":""0x0808080808080808"",""r9"":""0x0909090909090909"",""rax"":""0x1122334455667788"",""rbp"":""0x778899aabbccddee"",""rbx"":""0xa1b2c3d4e5f60718"",""rcx"":""0x0000000000000003"",""rdi"":""data+4092"",""rdx"":""0x99aabbccddeeff00"",""rflags"":""0x0000000000010203"",""rip"":""code+0"",""rsi"":""source+256"",""rsp"":""stack+32768"",""trapno"":""0x000000000000000e""},""kernel_sigmask"":""0000000000000000"",""pages"":{""fill"":""11"",""page2_mapped"":true,""patches"":[],""size"":8192},""partial_write"":false,""si_code"":2,""signal"":11,""six_flags"":{""AF"":0,""CF"":1,""OF"":0,""PF"":0,""SF"":0,""ZF"":0},""trap"":14,""uc_flags"":7,""uc_link"":""0x0000000000000000"",""uc_stack"":{""flags"":0,""size"":65536,""sp"":""altstack+0""}}]","{""fill"":""11"",""page2_mapped"":true,""patches"":[],""size"":8192}","[{""address"":""data+4092"",""error"":7,""execution_phase"":1,""fpstate_size"":2436,""gregs"":{""cr2"":""data+4092"",""csgsfs"":""0x002b000000000033"",""err"":""0x0000000000000007"",""oldmask"":""0x0000000000000000"",""r10"":""0x1010101010101010"",""r11"":""0x1212121212121212"",""r12"":""0x1313131313131313"",""r13"":""0x1414141414141414"",""r14"":""0x1515151515151515"",""r15"":""0x1616161616161616"",""r8"":""0x0808080808080808"",""r9"":""0x0909090909090909"",""rax"":""0x1122334455667788"",""rbp"":""0x778899aabbccddee"",""rbx"":""0xa1b2c3d4e5f60718"",""rcx"":""0x0000000000000003"",""rdi"":""data+4092"",""rdx"":""0x99aabbccddeeff00"",""rflags"":""0x0000000000010203"",""rip"":""code+0"",""rsi"":""source+256"",""rsp"":""stack+32768"",""trapno"":""0x000000000000000e""},""kernel_sigmask"":""0000000000000000"",""pages"":{""fill"":""11"",""page2_mapped"":true,""patches"":[],""size"":8192},""partial_write"":false,""si_code"":2,""signal"":11,""six_flags"":{""AF"":0,""CF"":1,""OF"":0,""PF"":0,""SF"":0,""ZF"":0},""trap"":14,""uc_flags"":7,""uc_link"":""0x0000000000000000"",""uc_stack"":{""flags"":0,""size"":65536,""sp"":""altstack+0""}}]","0x3c across full destination footprint after mapping/protection repair, before sigreturn","{""fill"":""11"",""page2_mapped"":true,""patches"":[[4092,""e13b3c3c3c3c3c3c""]],""size"":8192}","{""r10"":""0x1010101010101010"",""r11"":""0x1212121212121212"",""r12"":""0x1313131313131313"",""r13"":""0x1414141414141414"",""r14"":""0x1515151515151515"",""r15"":""0x1616161616161616"",""r8"":""0x0808080808080808"",""r9"":""0x0909090909090909"",""rax"":""0x1122334455667788"",""rbp"":""0x778899aabbccddee"",""rbx"":""0xa1b2c3d4e5f60718"",""rcx"":""0x0000000000000003"",""rdi"":""data+4092"",""rdx"":""0x99aabbccddeeff00"",""rflags"":""0x0000000000000217"",""rsi"":""source+256"",""rsp"":""stack+32768""}","{""AF"":1,""CF"":1,""OF"":0,""PF"":1,""SF"":0,""ZF"":0}",False,rmw.run1.jsonl.gz: matching form/layout/cross_offset/continuation
A,page_and_cacheline_cross,measured,False,True,add_imm8sx_64_lock,64,cross_ro_rw,5,4091,f0488307a5,"[{""address"":""data+4091"",""error"":7,""execution_phase"":1,""fpstate_size"":2436,""gregs"":{""cr2"":""data+4091"",""csgsfs"":""0x002b000000000033"",""err"":""0x0000000000000007"",""oldmask"":""0x0000000000000000"",""r10"":""0x1010101010101010"",""r11"":""0x1212121212121212"",""r12"":""0x1313131313131313"",""r13"":""0x1414141414141414"",""r14"":""0x1515151515151515"",""r15"":""0x1616161616161616"",""r8"":""0x0808080808080808"",""r9"":""0x0909090909090909"",""rax"":""0x1122334455667788"",""rbp"":""0x778899aabbccddee"",""rbx"":""0xa1b2c3d4e5f60718"",""rcx"":""0x0000000000000003"",""rdi"":""data+4091"",""rdx"":""0x99aabbccddeeff00"",""rflags"":""0x0000000000010203"",""rip"":""code+0"",""rsi"":""source+256"",""rsp"":""stack+32768"",""trapno"":""0x000000000000000e""},""kernel_sigmask"":""0000000000000000"",""pages"":{""fill"":""11"",""page2_mapped"":true,""patches"":[],""size"":8192},""partial_write"":false,""si_code"":2,""signal"":11,""six_flags"":{""AF"":0,""CF"":1,""OF"":0,""PF"":0,""SF"":0,""ZF"":0},""trap"":14,""uc_flags"":7,""uc_link"":""0x0000000000000000"",""uc_stack"":{""flags"":0,""size"":65536,""sp"":""altstack+0""}}]","{""fill"":""11"",""page2_mapped"":true,""patches"":[],""size"":8192}","[{""address"":""data+4091"",""error"":7,""execution_phase"":1,""fpstate_size"":2436,""gregs"":{""cr2"":""data+4091"",""csgsfs"":""0x002b000000000033"",""err"":""0x0000000000000007"",""oldmask"":""0x0000000000000000"",""r10"":""0x1010101010101010"",""r11"":""0x1212121212121212"",""r12"":""0x1313131313131313"",""r13"":""0x1414141414141414"",""r14"":""0x1515151515151515"",""r15"":""0x1616161616161616"",""r8"":""0x0808080808080808"",""r9"":""0x0909090909090909"",""rax"":""0x1122334455667788"",""rbp"":""0x778899aabbccddee"",""rbx"":""0xa1b2c3d4e5f60718"",""rcx"":""0x0000000000000003"",""rdi"":""data+4091"",""rdx"":""0x99aabbccddeeff00"",""rflags"":""0x0000000000010203"",""rip"":""code+0"",""rsi"":""source+256"",""rsp"":""stack+32768"",""trapno"":""0x000000000000000e""},""kernel_sigmask"":""0000000000000000"",""pages"":{""fill"":""11"",""page2_mapped"":true,""patches"":[],""size"":8192},""partial_write"":false,""si_code"":2,""signal"":11,""six_flags"":{""AF"":0,""CF"":1,""OF"":0,""PF"":0,""SF"":0,""ZF"":0},""trap"":14,""uc_flags"":7,""uc_link"":""0x0000000000000000"",""uc_stack"":{""flags"":0,""size"":65536,""sp"":""altstack+0""}}]","0x3c across full destination footprint after mapping/protection repair, before sigreturn","{""fill"":""11"",""page2_mapped"":true,""patches"":[[4091,""e13b3c3c3c3c3c3c""]],""size"":8192}","{""r10"":""0x1010101010101010"",""r11"":""0x1212121212121212"",""r12"":""0x1313131313131313"",""r13"":""0x1414141414141414"",""r14"":""0x1515151515151515"",""r15"":""0x1616161616161616"",""r8"":""0x0808080808080808"",""r9"":""0x0909090909090909"",""rax"":""0x1122334455667788"",""rbp"":""0x778899aabbccddee"",""rbx"":""0xa1b2c3d4e5f60718"",""rcx"":""0x0000000000000003"",""rdi"":""data+4091"",""rdx"":""0x99aabbccddeeff00"",""rflags"":""0x0000000000000217"",""rsi"":""source+256"",""rsp"":""stack+32768""}","{""AF"":1,""CF"":1,""OF"":0,""PF"":1,""SF"":0,""ZF"":0}",False,rmw.run1.jsonl.gz: matching form/layout/cross_offset/continuation
A,page_and_cacheline_cross,measured,False,True,add_imm8sx_64_lock,64,cross_ro_rw,6,4090,f0488307a5,"[{""address"":""data+4090"",""error"":7,""execution_phase"":1,""fpstate_size"":2436,""gregs"":{""cr2"":""data+4090"",""csgsfs"":""0x002b000000000033"",""err"":""0x0000000000000007"",""oldmask"":""0x0000000000000000"",""r10"":""0x1010101010101010"",""r11"":""0x1212121212121212"",""r12"":""0x1313131313131313"",""r13"":""0x1414141414141414"",""r14"":""0x1515151515151515"",""r15"":""0x1616161616161616"",""r8"":""0x0808080808080808"",""r9"":""0x0909090909090909"",""rax"":""0x1122334455667788"",""rbp"":""0x778899aabbccddee"",""rbx"":""0xa1b2c3d4e5f60718"",""rcx"":""0x0000000000000003"",""rdi"":""data+4090"",""rdx"":""0x99aabbccddeeff00"",""rflags"":""0x0000000000010203"",""rip"":""code+0"",""rsi"":""source+256"",""rsp"":""stack+32768"",""trapno"":""0x000000000000000e""},""kernel_sigmask"":""0000000000000000"",""pages"":{""fill"":""11"",""page2_mapped"":true,""patches"":[],""size"":8192},""partial_write"":false,""si_code"":2,""signal"":11,""six_flags"":{""AF"":0,""CF"":1,""OF"":0,""PF"":0,""SF"":0,""ZF"":0},""trap"":14,""uc_flags"":7,""uc_link"":""0x0000000000000000"",""uc_stack"":{""flags"":0,""size"":65536,""sp"":""altstack+0""}}]","{""fill"":""11"",""page2_mapped"":true,""patches"":[],""size"":8192}","[{""address"":""data+4090"",""error"":7,""execution_phase"":1,""fpstate_size"":2436,""gregs"":{""cr2"":""data+4090"",""csgsfs"":""0x002b000000000033"",""err"":""0x0000000000000007"",""oldmask"":""0x0000000000000000"",""r10"":""0x1010101010101010"",""r11"":""0x1212121212121212"",""r12"":""0x1313131313131313"",""r13"":""0x1414141414141414"",""r14"":""0x1515151515151515"",""r15"":""0x1616161616161616"",""r8"":""0x0808080808080808"",""r9"":""0x0909090909090909"",""rax"":""0x1122334455667788"",""rbp"":""0x778899aabbccddee"",""rbx"":""0xa1b2c3d4e5f60718"",""rcx"":""0x0000000000000003"",""rdi"":""data+4090"",""rdx"":""0x99aabbccddeeff00"",""rflags"":""0x0000000000010203"",""rip"":""code+0"",""rsi"":""source+256"",""rsp"":""stack+32768"",""trapno"":""0x000000000000000e""},""kernel_sigmask"":""0000000000000000"",""pages"":{""fill"":""11"",""page2_mapped"":true,""patches"":[],""size"":8192},""partial_write"":false,""si_code"":2,""signal"":11,""six_flags"":{""AF"":0,""CF"":1,""OF"":0,""PF"":0,""SF"":0,""ZF"":0},""trap"":14,""uc_flags"":7,""uc_link"":""0x0000000000000000"",""uc_stack"":{""flags"":0,""size"":65536,""sp"":""altstack+0""}}]","0x3c across full destination footprint after mapping/protection repair, before sigreturn","{""fill"":""11"",""page2_mapped"":true,""patches"":[[4090,""e13b3c3c3c3c3c3c""]],""size"":8192}","{""r10"":""0x1010101010101010"",""r11"":""0x1212121212121212"",""r12"":""0x1313131313131313"",""r13"":""0x1414141414141414"",""r14"":""0x1515151515151515"",""r15"":""0x1616161616161616"",""r8"":""0x0808080808080808"",""r9"":""0x0909090909090909"",""rax"":""0x1122334455667788"",""rbp"":""0x778899aabbccddee"",""rbx"":""0xa1b2c3d4e5f60718"",""rcx"":""0x0000000000000003"",""rdi"":""data+4090"",""rdx"":""0x99aabbccddeeff00"",""rflags"":""0x0000000000000217"",""rsi"":""source+256"",""rsp"":""stack+32768""}","{""AF"":1,""CF"":1,""OF"":0,""PF"":1,""SF"":0,""ZF"":0}",False,rmw.run1.jsonl.gz: matching form/layout/cross_offset/continuation
A,page_and_cacheline_cross,measured,False,True,add_imm8sx_64_lock,64,cross_ro_rw,7,4089,f0488307a5,"[{""address"":""data+4089"",""error"":7,""execution_phase"":1,""fpstate_size"":2436,""gregs"":{""cr2"":""data+4089"",""csgsfs"":""0x002b000000000033"",""err"":""0x0000000000000007"",""oldmask"":""0x0000000000000000"",""r10"":""0x1010101010101010"",""r11"":""0x1212121212121212"",""r12"":""0x1313131313131313"",""r13"":""0x1414141414141414"",""r14"":""0x1515151515151515"",""r15"":""0x1616161616161616"",""r8"":""0x0808080808080808"",""r9"":""0x0909090909090909"",""rax"":""0x1122334455667788"",""rbp"":""0x778899aabbccddee"",""rbx"":""0xa1b2c3d4e5f60718"",""rcx"":""0x0000000000000003"",""rdi"":""data+4089"",""rdx"":""0x99aabbccddeeff00"",""rflags"":""0x0000000000010203"",""rip"":""code+0"",""rsi"":""source+256"",""rsp"":""stack+32768"",""trapno"":""0x000000000000000e""},""kernel_sigmask"":""0000000000000000"",""pages"":{""fill"":""11"",""page2_mapped"":true,""patches"":[],""size"":8192},""partial_write"":false,""si_code"":2,""signal"":11,""six_flags"":{""AF"":0,""CF"":1,""OF"":0,""PF"":0,""SF"":0,""ZF"":0},""trap"":14,""uc_flags"":7,""uc_link"":""0x0000000000000000"",""uc_stack"":{""flags"":0,""size"":65536,""sp"":""altstack+0""}}]","{""fill"":""11"",""page2_mapped"":true,""patches"":[],""size"":8192}","[{""address"":""data+4089"",""error"":7,""execution_phase"":1,""fpstate_size"":2436,""gregs"":{""cr2"":""data+4089"",""csgsfs"":""0x002b000000000033"",""err"":""0x0000000000000007"",""oldmask"":""0x0000000000000000"",""r10"":""0x1010101010101010"",""r11"":""0x1212121212121212"",""r12"":""0x1313131313131313"",""r13"":""0x1414141414141414"",""r14"":""0x1515151515151515"",""r15"":""0x1616161616161616"",""r8"":""0x0808080808080808"",""r9"":""0x0909090909090909"",""rax"":""0x1122334455667788"",""rbp"":""0x778899aabbccddee"",""rbx"":""0xa1b2c3d4e5f60718"",""rcx"":""0x0000000000000003"",""rdi"":""data+4089"",""rdx"":""0x99aabbccddeeff00"",""rflags"":""0x0000000000010203"",""rip"":""code+0"",""rsi"":""source+256"",""rsp"":""stack+32768"",""trapno"":""0x000000000000000e""},""kernel_sigmask"":""0000000000000000"",""pages"":{""fill"":""11"",""page2_mapped"":true,""patches"":[],""size"":8192},""partial_write"":false,""si_code"":2,""signal"":11,""six_flags"":{""AF"":0,""CF"":1,""OF"":0,""PF"":0,""SF"":0,""ZF"":0},""trap"":14,""uc_flags"":7,""uc_link"":""0x0000000000000000"",""uc_stack"":{""flags"":0,""size"":65536,""sp"":""altstack+0""}}]","0x3c across full destination footprint after mapping/protection repair, before sigreturn","{""fill"":""11"",""page2_mapped"":true,""patches"":[[4089,""e13b3c3c3c3c3c3c""]],""size"":8192}","{""r10"":""0x1010101010101010"",""r11"":""0x1212121212121212"",""r12"":""0x1313131313131313"",""r13"":""0x1414141414141414"",""r14"":""0x1515151515151515"",""r15"":""0x1616161616161616"",""r8"":""0x0808080808080808"",""r9"":""0x0909090909090909"",""rax"":""0x1122334455667788"",""rbp"":""0x778899aabbccddee"",""rbx"":""0xa1b2c3d4e5f60718"",""rcx"":""0x0000000000000003"",""rdi"":""data+4089"",""rdx"":""0x99aabbccddeeff00"",""rflags"":""0x0000000000000217"",""rsi"":""source+256"",""rsp"":""stack+32768""}","{""AF"":1,""CF"":1,""OF"":0,""PF"":1,""SF"":0,""ZF"":0}",False,rmw.run1.jsonl.gz: matching form/layout/cross_offset/continuation
A,page_and_cacheline_cross,measured,True,True,inc_16_lock,16,cross_rw_ro,1,4095,66f0ff07,"[{""address"":""data+4096"",""error"":7,""execution_phase"":1,""fpstate_size"":2436,""gregs"":{""cr2"":""data+4096"",""csgsfs"":""0x002b000000000033"",""err"":""0x0000000000000007"",""oldmask"":""0x0000000000000000"",""r10"":""0x1010101010101010"",""r11"":""0x1212121212121212"",""r12"":""0x1313131313131313"",""r13"":""0x1414141414141414"",""r14"":""0x1515151515151515"",""r15"":""0x1616161616161616"",""r8"":""0x0808080808080808"",""r9"":""0x0909090909090909"",""rax"":""0x1122334455667788"",""rbp"":""0x778899aabbccddee"",""rbx"":""0xa1b2c3d4e5f60718"",""rcx"":""0x0000000000000003"",""rdi"":""data+4095"",""rdx"":""0x99aabbccddeeff00"",""rflags"":""0x0000000000010203"",""rip"":""code+0"",""rsi"":""source+256"",""rsp"":""stack+32768"",""trapno"":""0x000000000000000e""},""kernel_sigmask"":""0000000000000000"",""pages"":{""fill"":""11"",""page2_mapped"":true,""patches"":[],""size"":8192},""partial_write"":false,""si_code"":2,""signal"":11,""six_flags"":{""AF"":0,""CF"":1,""OF"":0,""PF"":0,""SF"":0,""ZF"":0},""trap"":14,""uc_flags"":7,""uc_link"":""0x0000000000000000"",""uc_stack"":{""flags"":0,""size"":65536,""sp"":""altstack+0""}}]","{""fill"":""11"",""page2_mapped"":true,""patches"":[],""size"":8192}","[{""address"":""data+4096"",""error"":7,""execution_phase"":1,""fpstate_size"":2436,""gregs"":{""cr2"":""data+4096"",""csgsfs"":""0x002b000000000033"",""err"":""0x0000000000000007"",""oldmask"":""0x0000000000000000"",""r10"":""0x1010101010101010"",""r11"":""0x1212121212121212"",""r12"":""0x1313131313131313"",""r13"":""0x1414141414141414"",""r14"":""0x1515151515151515"",""r15"":""0x1616161616161616"",""r8"":""0x0808080808080808"",""r9"":""0x0909090909090909"",""rax"":""0x1122334455667788"",""rbp"":""0x778899aabbccddee"",""rbx"":""0xa1b2c3d4e5f60718"",""rcx"":""0x0000000000000003"",""rdi"":""data+4095"",""rdx"":""0x99aabbccddeeff00"",""rflags"":""0x0000000000010203"",""rip"":""code+0"",""rsi"":""source+256"",""rsp"":""stack+32768"",""trapno"":""0x000000000000000e""},""kernel_sigmask"":""0000000000000000"",""pages"":{""fill"":""11"",""page2_mapped"":true,""patches"":[],""size"":8192},""partial_write"":false,""si_code"":2,""signal"":11,""six_flags"":{""AF"":0,""CF"":1,""OF"":0,""PF"":0,""SF"":0,""ZF"":0},""trap"":14,""uc_flags"":7,""uc_link"":""0x0000000000000000"",""uc_stack"":{""flags"":0,""size"":65536,""sp"":""altstack+0""}}]","0x3c across full destination footprint after mapping/protection repair, before sigreturn","{""fill"":""11"",""page2_mapped"":true,""patches"":[[4095,""3d3c""]],""size"":8192}","{""r10"":""0x1010101010101010"",""r11"":""0x1212121212121212"",""r12"":""0x1313131313131313"",""r13"":""0x1414141414141414"",""r14"":""0x1515151515151515"",""r15"":""0x1616161616161616"",""r8"":""0x0808080808080808"",""r9"":""0x0909090909090909"",""rax"":""0x1122334455667788"",""rbp"":""0x778899aabbccddee"",""rbx"":""0xa1b2c3d4e5f60718"",""rcx"":""0x0000000000000003"",""rdi"":""data+4095"",""rdx"":""0x99aabbccddeeff00"",""rflags"":""0x0000000000000203"",""rsi"":""source+256"",""rsp"":""stack+32768""}","{""AF"":0,""CF"":1,""OF"":0,""PF"":0,""SF"":0,""ZF"":0}",False,rmw.run1.jsonl.gz: matching form/layout/cross_offset/continuation
A,page_and_cacheline_cross,measured,True,True,inc_16_lock,16,cross_ro_rw,1,4095,66f0ff07,"[{""address"":""data+4095"",""error"":7,""execution_phase"":1,""fpstate_size"":2436,""gregs"":{""cr2"":""data+4095"",""csgsfs"":""0x002b000000000033"",""err"":""0x0000000000000007"",""oldmask"":""0x0000000000000000"",""r10"":""0x1010101010101010"",""r11"":""0x1212121212121212"",""r12"":""0x1313131313131313"",""r13"":""0x1414141414141414"",""r14"":""0x1515151515151515"",""r15"":""0x1616161616161616"",""r8"":""0x0808080808080808"",""r9"":""0x0909090909090909"",""rax"":""0x1122334455667788"",""rbp"":""0x778899aabbccddee"",""rbx"":""0xa1b2c3d4e5f60718"",""rcx"":""0x0000000000000003"",""rdi"":""data+4095"",""rdx"":""0x99aabbccddeeff00"",""rflags"":""0x0000000000010203"",""rip"":""code+0"",""rsi"":""source+256"",""rsp"":""stack+32768"",""trapno"":""0x000000000000000e""},""kernel_sigmask"":""0000000000000000"",""pages"":{""fill"":""11"",""page2_mapped"":true,""patches"":[],""size"":8192},""partial_write"":false,""si_code"":2,""signal"":11,""six_flags"":{""AF"":0,""CF"":1,""OF"":0,""PF"":0,""SF"":0,""ZF"":0},""trap"":14,""uc_flags"":7,""uc_link"":""0x0000000000000000"",""uc_stack"":{""flags"":0,""size"":65536,""sp"":""altstack+0""}}]","{""fill"":""11"",""page2_mapped"":true,""patches"":[],""size"":8192}","[{""address"":""data+4095"",""error"":7,""execution_phase"":1,""fpstate_size"":2436,""gregs"":{""cr2"":""data+4095"",""csgsfs"":""0x002b000000000033"",""err"":""0x0000000000000007"",""oldmask"":""0x0000000000000000"",""r10"":""0x1010101010101010"",""r11"":""0x1212121212121212"",""r12"":""0x1313131313131313"",""r13"":""0x1414141414141414"",""r14"":""0x1515151515151515"",""r15"":""0x1616161616161616"",""r8"":""0x0808080808080808"",""r9"":""0x0909090909090909"",""rax"":""0x1122334455667788"",""rbp"":""0x778899aabbccddee"",""rbx"":""0xa1b2c3d4e5f60718"",""rcx"":""0x0000000000000003"",""rdi"":""data+4095"",""rdx"":""0x99aabbccddeeff00"",""rflags"":""0x0000000000010203"",""rip"":""code+0"",""rsi"":""source+256"",""rsp"":""stack+32768"",""trapno"":""0x000000000000000e""},""kernel_sigmask"":""0000000000000000"",""pages"":{""fill"":""11"",""page2_mapped"":true,""patches"":[],""size"":8192},""partial_write"":false,""si_code"":2,""signal"":11,""six_flags"":{""AF"":0,""CF"":1,""OF"":0,""PF"":0,""SF"":0,""ZF"":0},""trap"":14,""uc_flags"":7,""uc_link"":""0x0000000000000000"",""uc_stack"":{""flags"":0,""size"":65536,""sp"":""altstack+0""}}]","0x3c across full destination footprint after mapping/protection repair, before sigreturn","{""fill"":""11"",""page2_mapped"":true,""patches"":[[4095,""3d3c""]],""size"":8192}","{""r10"":""0x1010101010101010"",""r11"":""0x1212121212121212"",""r12"":""0x1313131313131313"",""r13"":""0x1414141414141414"",""r14"":""0x1515151515151515"",""r15"":""0x1616161616161616"",""r8"":""0x0808080808080808"",""r9"":""0x0909090909090909"",""rax"":""0x1122334455667788"",""rbp"":""0x778899aabbccddee"",""rbx"":""0xa1b2c3d4e5f60718"",""rcx"":""0x0000000000000003"",""rdi"":""data+4095"",""rdx"":""0x99aabbccddeeff00"",""rflags"":""0x0000000000000203"",""rsi"":""source+256"",""rsp"":""stack+32768""}","{""AF"":0,""CF"":1,""OF"":0,""PF"":0,""SF"":0,""ZF"":0}",False,rmw.run1.jsonl.gz: matching form/layout/cross_offset/continuation
A,page_and_cacheline_cross,measured,True,True,inc_32_lock,32,cross_rw_ro,1,4095,f0ff07,"[{""address"":""data+4096"",""error"":7,""execution_phase"":1,""fpstate_size"":2436,""gregs"":{""cr2"":""data+4096"",""csgsfs"":""0x002b000000000033"",""err"":""0x0000000000000007"",""oldmask"":""0x0000000000000000"",""r10"":""0x1010101010101010"",""r11"":""0x1212121212121212"",""r12"":""0x1313131313131313"",""r13"":""0x1414141414141414"",""r14"":""0x1515151515151515"",""r15"":""0x1616161616161616"",""r8"":""0x0808080808080808"",""r9"":""0x0909090909090909"",""rax"":""0x1122334455667788"",""rbp"":""0x778899aabbccddee"",""rbx"":""0xa1b2c3d4e5f60718"",""rcx"":""0x0000000000000003"",""rdi"":""data+4095"",""rdx"":""0x99aabbccddeeff00"",""rflags"":""0x0000000000010203"",""rip"":""code+0"",""rsi"":""source+256"",""rsp"":""stack+32768"",""trapno"":""0x000000000000000e""},""kernel_sigmask"":""0000000000000000"",""pages"":{""fill"":""11"",""page2_mapped"":true,""patches"":[],""size"":8192},""partial_write"":false,""si_code"":2,""signal"":11,""six_flags"":{""AF"":0,""CF"":1,""OF"":0,""PF"":0,""SF"":0,""ZF"":0},""trap"":14,""uc_flags"":7,""uc_link"":""0x0000000000000000"",""uc_stack"":{""flags"":0,""size"":65536,""sp"":""altstack+0""}}]","{""fill"":""11"",""page2_mapped"":true,""patches"":[],""size"":8192}","[{""address"":""data+4096"",""error"":7,""execution_phase"":1,""fpstate_size"":2436,""gregs"":{""cr2"":""data+4096"",""csgsfs"":""0x002b000000000033"",""err"":""0x0000000000000007"",""oldmask"":""0x0000000000000000"",""r10"":""0x1010101010101010"",""r11"":""0x1212121212121212"",""r12"":""0x1313131313131313"",""r13"":""0x1414141414141414"",""r14"":""0x1515151515151515"",""r15"":""0x1616161616161616"",""r8"":""0x0808080808080808"",""r9"":""0x0909090909090909"",""rax"":""0x1122334455667788"",""rbp"":""0x778899aabbccddee"",""rbx"":""0xa1b2c3d4e5f60718"",""rcx"":""0x0000000000000003"",""rdi"":""data+4095"",""rdx"":""0x99aabbccddeeff00"",""rflags"":""0x0000000000010203"",""rip"":""code+0"",""rsi"":""source+256"",""rsp"":""stack+32768"",""trapno"":""0x000000000000000e""},""kernel_sigmask"":""0000000000000000"",""pages"":{""fill"":""11"",""page2_mapped"":true,""patches"":[],""size"":8192},""partial_write"":false,""si_code"":2,""signal"":11,""six_flags"":{""AF"":0,""CF"":1,""OF"":0,""PF"":0,""SF"":0,""ZF"":0},""trap"":14,""uc_flags"":7,""uc_link"":""0x0000000000000000"",""uc_stack"":{""flags"":0,""size"":65536,""sp"":""altstack+0""}}]","0x3c across full destination footprint after mapping/protection repair, before sigreturn","{""fill"":""11"",""page2_mapped"":true,""patches"":[[4095,""3d3c3c3c""]],""size"":8192}","{""r10"":""0x1010101010101010"",""r11"":""0x1212121212121212"",""r12"":""0x1313131313131313"",""r13"":""0x1414141414141414"",""r14"":""0x1515151515151515"",""r15"":""0x1616161616161616"",""r8"":""0x0808080808080808"",""r9"":""0x0909090909090909"",""rax"":""0x1122334455667788"",""rbp"":""0x778899aabbccddee"",""rbx"":""0xa1b2c3d4e5f60718"",""rcx"":""0x0000000000000003"",""rdi"":""data+4095"",""rdx"":""0x99aabbccddeeff00"",""rflags"":""0x0000000000000203"",""rsi"":""source+256"",""rsp"":""stack+32768""}","{""AF"":0,""CF"":1,""OF"":0,""PF"":0,""SF"":0,""ZF"":0}",False,rmw.run1.jsonl.gz: matching form/layout/cross_offset/continuation
A,page_and_cacheline_cross,measured,True,True,inc_32_lock,32,cross_rw_ro,2,4094,f0ff07,"[{""address"":""data+4096"",""error"":7,""execution_phase"":1,""fpstate_size"":2436,""gregs"":{""cr2"":""data+4096"",""csgsfs"":""0x002b000000000033"",""err"":""0x0000000000000007"",""oldmask"":""0x0000000000000000"",""r10"":""0x1010101010101010"",""r11"":""0x1212121212121212"",""r12"":""0x1313131313131313"",""r13"":""0x1414141414141414"",""r14"":""0x1515151515151515"",""r15"":""0x1616161616161616"",""r8"":""0x0808080808080808"",""r9"":""0x0909090909090909"",""rax"":""0x1122334455667788"",""rbp"":""0x778899aabbccddee"",""rbx"":""0xa1b2c3d4e5f60718"",""rcx"":""0x0000000000000003"",""rdi"":""data+4094"",""rdx"":""0x99aabbccddeeff00"",""rflags"":""0x0000000000010203"",""rip"":""code+0"",""rsi"":""source+256"",""rsp"":""stack+32768"",""trapno"":""0x000000000000000e""},""kernel_sigmask"":""0000000000000000"",""pages"":{""fill"":""11"",""page2_mapped"":true,""patches"":[],""size"":8192},""partial_write"":false,""si_code"":2,""signal"":11,""six_flags"":{""AF"":0,""CF"":1,""OF"":0,""PF"":0,""SF"":0,""ZF"":0},""trap"":14,""uc_flags"":7,""uc_link"":""0x0000000000000000"",""uc_stack"":{""flags"":0,""size"":65536,""sp"":""altstack+0""}}]","{""fill"":""11"",""page2_mapped"":true,""patches"":[],""size"":8192}","[{""address"":""data+4096"",""error"":7,""execution_phase"":1,""fpstate_size"":2436,""gregs"":{""cr2"":""data+4096"",""csgsfs"":""0x002b000000000033"",""err"":""0x0000000000000007"",""oldmask"":""0x0000000000000000"",""r10"":""0x1010101010101010"",""r11"":""0x1212121212121212"",""r12"":""0x1313131313131313"",""r13"":""0x1414141414141414"",""r14"":""0x1515151515151515"",""r15"":""0x1616161616161616"",""r8"":""0x0808080808080808"",""r9"":""0x0909090909090909"",""rax"":""0x1122334455667788"",""rbp"":""0x778899aabbccddee"",""rbx"":""0xa1b2c3d4e5f60718"",""rcx"":""0x0000000000000003"",""rdi"":""data+4094"",""rdx"":""0x99aabbccddeeff00"",""rflags"":""0x0000000000010203"",""rip"":""code+0"",""rsi"":""source+256"",""rsp"":""stack+32768"",""trapno"":""0x000000000000000e""},""kernel_sigmask"":""0000000000000000"",""pages"":{""fill"":""11"",""page2_mapped"":true,""patches"":[],""size"":8192},""partial_write"":false,""si_code"":2,""signal"":11,""six_flags"":{""AF"":0,""CF"":1,""OF"":0,""PF"":0,""SF"":0,""ZF"":0},""trap"":14,""uc_flags"":7,""uc_link"":""0x0000000000000000"",""uc_stack"":{""flags"":0,""size"":65536,""sp"":""altstack+0""}}]","0x3c across full destination footprint after mapping/protection repair, before sigreturn","{""fill"":""11"",""page2_mapped"":true,""patches"":[[4094,""3d3c3c3c""]],""size"":8192}","{""r10"":""0x1010101010101010"",""r11"":""0x1212121212121212"",""r12"":""0x1313131313131313"",""r13"":""0x1414141414141414"",""r14"":""0x1515151515151515"",""r15"":""0x1616161616161616"",""r8"":""0x0808080808080808"",""r9"":""0x0909090909090909"",""rax"":""0x1122334455667788"",""rbp"":""0x778899aabbccddee"",""rbx"":""0xa1b2c3d4e5f60718"",""rcx"":""0x0000000000000003"",""rdi"":""data+4094"",""rdx"":""0x99aabbccddeeff00"",""rflags"":""0x0000000000000203"",""rsi"":""source+256"",""rsp"":""stack+32768""}","{""AF"":0,""CF"":1,""OF"":0,""PF"":0,""SF"":0,""ZF"":0}",False,rmw.run1.jsonl.gz: matching form/layout/cross_offset/continuation
A,page_and_cacheline_cross,measured,True,True,inc_32_lock,32,cross_rw_ro,3,4093,f0ff07,"[{""address"":""data+4096"",""error"":7,""execution_phase"":1,""fpstate_size"":2436,""gregs"":{""cr2"":""data+4096"",""csgsfs"":""0x002b000000000033"",""err"":""0x0000000000000007"",""oldmask"":""0x0000000000000000"",""r10"":""0x1010101010101010"",""r11"":""0x1212121212121212"",""r12"":""0x1313131313131313"",""r13"":""0x1414141414141414"",""r14"":""0x1515151515151515"",""r15"":""0x1616161616161616"",""r8"":""0x0808080808080808"",""r9"":""0x0909090909090909"",""rax"":""0x1122334455667788"",""rbp"":""0x778899aabbccddee"",""rbx"":""0xa1b2c3d4e5f60718"",""rcx"":""0x0000000000000003"",""rdi"":""data+4093"",""rdx"":""0x99aabbccddeeff00"",""rflags"":""0x0000000000010203"",""rip"":""code+0"",""rsi"":""source+256"",""rsp"":""stack+32768"",""trapno"":""0x000000000000000e""},""kernel_sigmask"":""0000000000000000"",""pages"":{""fill"":""11"",""page2_mapped"":true,""patches"":[],""size"":8192},""partial_write"":false,""si_code"":2,""signal"":11,""six_flags"":{""AF"":0,""CF"":1,""OF"":0,""PF"":0,""SF"":0,""ZF"":0},""trap"":14,""uc_flags"":7,""uc_link"":""0x0000000000000000"",""uc_stack"":{""flags"":0,""size"":65536,""sp"":""altstack+0""}}]","{""fill"":""11"",""page2_mapped"":true,""patches"":[],""size"":8192}","[{""address"":""data+4096"",""error"":7,""execution_phase"":1,""fpstate_size"":2436,""gregs"":{""cr2"":""data+4096"",""csgsfs"":""0x002b000000000033"",""err"":""0x0000000000000007"",""oldmask"":""0x0000000000000000"",""r10"":""0x1010101010101010"",""r11"":""0x1212121212121212"",""r12"":""0x1313131313131313"",""r13"":""0x1414141414141414"",""r14"":""0x1515151515151515"",""r15"":""0x1616161616161616"",""r8"":""0x0808080808080808"",""r9"":""0x0909090909090909"",""rax"":""0x1122334455667788"",""rbp"":""0x778899aabbccddee"",""rbx"":""0xa1b2c3d4e5f60718"",""rcx"":""0x0000000000000003"",""rdi"":""data+4093"",""rdx"":""0x99aabbccddeeff00"",""rflags"":""0x0000000000010203"",""rip"":""code+0"",""rsi"":""source+256"",""rsp"":""stack+32768"",""trapno"":""0x000000000000000e""},""kernel_sigmask"":""0000000000000000"",""pages"":{""fill"":""11"",""page2_mapped"":true,""patches"":[],""size"":8192},""partial_write"":false,""si_code"":2,""signal"":11,""six_flags"":{""AF"":0,""CF"":1,""OF"":0,""PF"":0,""SF"":0,""ZF"":0},""trap"":14,""uc_flags"":7,""uc_link"":""0x0000000000000000"",""uc_stack"":{""flags"":0,""size"":65536,""sp"":""altstack+0""}}]","0x3c across full destination footprint after mapping/protection repair, before sigreturn","{""fill"":""11"",""page2_mapped"":true,""patches"":[[4093,""3d3c3c3c""]],""size"":8192}","{""r10"":""0x1010101010101010"",""r11"":""0x1212121212121212"",""r12"":""0x1313131313131313"",""r13"":""0x1414141414141414"",""r14"":""0x1515151515151515"",""r15"":""0x1616161616161616"",""r8"":""0x0808080808080808"",""r9"":""0x0909090909090909"",""rax"":""0x1122334455667788"",""rbp"":""0x778899aabbccddee"",""rbx"":""0xa1b2c3d4e5f60718"",""rcx"":""0x0000000000000003"",""rdi"":""data+4093"",""rdx"":""0x99aabbccddeeff00"",""rflags"":""0x0000000000000203"",""rsi"":""source+256"",""rsp"":""stack+32768""}","{""AF"":0,""CF"":1,""OF"":0,""PF"":0,""SF"":0,""ZF"":0}",False,rmw.run1.jsonl.gz: matching form/layout/cross_offset/continuation
A,page_and_cacheline_cross,measured,True,True,inc_32_lock,32,cross_ro_rw,1,4095,f0ff07,"[{""address"":""data+4095"",""error"":7,""execution_phase"":1,""fpstate_size"":2436,""gregs"":{""cr2"":""data+4095"",""csgsfs"":""0x002b000000000033"",""err"":""0x0000000000000007"",""oldmask"":""0x0000000000000000"",""r10"":""0x1010101010101010"",""r11"":""0x1212121212121212"",""r12"":""0x1313131313131313"",""r13"":""0x1414141414141414"",""r14"":""0x1515151515151515"",""r15"":""0x1616161616161616"",""r8"":""0x0808080808080808"",""r9"":""0x0909090909090909"",""rax"":""0x1122334455667788"",""rbp"":""0x778899aabbccddee"",""rbx"":""0xa1b2c3d4e5f60718"",""rcx"":""0x0000000000000003"",""rdi"":""data+4095"",""rdx"":""0x99aabbccddeeff00"",""rflags"":""0x0000000000010203"",""rip"":""code+0"",""rsi"":""source+256"",""rsp"":""stack+32768"",""trapno"":""0x000000000000000e""},""kernel_sigmask"":""0000000000000000"",""pages"":{""fill"":""11"",""page2_mapped"":true,""patches"":[],""size"":8192},""partial_write"":false,""si_code"":2,""signal"":11,""six_flags"":{""AF"":0,""CF"":1,""OF"":0,""PF"":0,""SF"":0,""ZF"":0},""trap"":14,""uc_flags"":7,""uc_link"":""0x0000000000000000"",""uc_stack"":{""flags"":0,""size"":65536,""sp"":""altstack+0""}}]","{""fill"":""11"",""page2_mapped"":true,""patches"":[],""size"":8192}","[{""address"":""data+4095"",""error"":7,""execution_phase"":1,""fpstate_size"":2436,""gregs"":{""cr2"":""data+4095"",""csgsfs"":""0x002b000000000033"",""err"":""0x0000000000000007"",""oldmask"":""0x0000000000000000"",""r10"":""0x1010101010101010"",""r11"":""0x1212121212121212"",""r12"":""0x1313131313131313"",""r13"":""0x1414141414141414"",""r14"":""0x1515151515151515"",""r15"":""0x1616161616161616"",""r8"":""0x0808080808080808"",""r9"":""0x0909090909090909"",""rax"":""0x1122334455667788"",""rbp"":""0x778899aabbccddee"",""rbx"":""0xa1b2c3d4e5f60718"",""rcx"":""0x0000000000000003"",""rdi"":""data+4095"",""rdx"":""0x99aabbccddeeff00"",""rflags"":""0x0000000000010203"",""rip"":""code+0"",""rsi"":""source+256"",""rsp"":""stack+32768"",""trapno"":""0x000000000000000e""},""kernel_sigmask"":""0000000000000000"",""pages"":{""fill"":""11"",""page2_mapped"":true,""patches"":[],""size"":8192},""partial_write"":false,""si_code"":2,""signal"":11,""six_flags"":{""AF"":0,""CF"":1,""OF"":0,""PF"":0,""SF"":0,""ZF"":0},""trap"":14,""uc_flags"":7,""uc_link"":""0x0000000000000000"",""uc_stack"":{""flags"":0,""size"":65536,""sp"":""altstack+0""}}]","0x3c across full destination footprint after mapping/protection repair, before sigreturn","{""fill"":""11"",""page2_mapped"":true,""patches"":[[4095,""3d3c3c3c""]],""size"":8192}","{""r10"":""0x1010101010101010"",""r11"":""0x1212121212121212"",""r12"":""0x1313131313131313"",""r13"":""0x1414141414141414"",""r14"":""0x1515151515151515"",""r15"":""0x1616161616161616"",""r8"":""0x0808080808080808"",""r9"":""0x0909090909090909"",""rax"":""0x1122334455667788"",""rbp"":""0x778899aabbccddee"",""rbx"":""0xa1b2c3d4e5f60718"",""rcx"":""0x0000000000000003"",""rdi"":""data+4095"",""rdx"":""0x99aabbccddeeff00"",""rflags"":""0x0000000000000203"",""rsi"":""source+256"",""rsp"":""stack+32768""}","{""AF"":0,""CF"":1,""OF"":0,""PF"":0,""SF"":0,""ZF"":0}",False,rmw.run1.jsonl.gz: matching form/layout/cross_offset/continuation
A,page_and_cacheline_cross,measured,True,True,inc_32_lock,32,cross_ro_rw,2,4094,f0ff07,"[{""address"":""data+4094"",""error"":7,""execution_phase"":1,""fpstate_size"":2436,""gregs"":{""cr2"":""data+4094"",""csgsfs"":""0x002b000000000033"",""err"":""0x0000000000000007"",""oldmask"":""0x0000000000000000"",""r10"":""0x1010101010101010"",""r11"":""0x1212121212121212"",""r12"":""0x1313131313131313"",""r13"":""0x1414141414141414"",""r14"":""0x1515151515151515"",""r15"":""0x1616161616161616"",""r8"":""0x0808080808080808"",""r9"":""0x0909090909090909"",""rax"":""0x1122334455667788"",""rbp"":""0x778899aabbccddee"",""rbx"":""0xa1b2c3d4e5f60718"",""rcx"":""0x0000000000000003"",""rdi"":""data+4094"",""rdx"":""0x99aabbccddeeff00"",""rflags"":""0x0000000000010203"",""rip"":""code+0"",""rsi"":""source+256"",""rsp"":""stack+32768"",""trapno"":""0x000000000000000e""},""kernel_sigmask"":""0000000000000000"",""pages"":{""fill"":""11"",""page2_mapped"":true,""patches"":[],""size"":8192},""partial_write"":false,""si_code"":2,""signal"":11,""six_flags"":{""AF"":0,""CF"":1,""OF"":0,""PF"":0,""SF"":0,""ZF"":0},""trap"":14,""uc_flags"":7,""uc_link"":""0x0000000000000000"",""uc_stack"":{""flags"":0,""size"":65536,""sp"":""altstack+0""}}]","{""fill"":""11"",""page2_mapped"":true,""patches"":[],""size"":8192}","[{""address"":""data+4094"",""error"":7,""execution_phase"":1,""fpstate_size"":2436,""gregs"":{""cr2"":""data+4094"",""csgsfs"":""0x002b000000000033"",""err"":""0x0000000000000007"",""oldmask"":""0x0000000000000000"",""r10"":""0x1010101010101010"",""r11"":""0x1212121212121212"",""r12"":""0x1313131313131313"",""r13"":""0x1414141414141414"",""r14"":""0x1515151515151515"",""r15"":""0x1616161616161616"",""r8"":""0x0808080808080808"",""r9"":""0x0909090909090909"",""rax"":""0x1122334455667788"",""rbp"":""0x778899aabbccddee"",""rbx"":""0xa1b2c3d4e5f60718"",""rcx"":""0x0000000000000003"",""rdi"":""data+4094"",""rdx"":""0x99aabbccddeeff00"",""rflags"":""0x0000000000010203"",""rip"":""code+0"",""rsi"":""source+256"",""rsp"":""stack+32768"",""trapno"":""0x000000000000000e""},""kernel_sigmask"":""0000000000000000"",""pages"":{""fill"":""11"",""page2_mapped"":true,""patches"":[],""size"":8192},""partial_write"":false,""si_code"":2,""signal"":11,""six_flags"":{""AF"":0,""CF"":1,""OF"":0,""PF"":0,""SF"":0,""ZF"":0},""trap"":14,""uc_flags"":7,""uc_link"":""0x0000000000000000"",""uc_stack"":{""flags"":0,""size"":65536,""sp"":""altstack+0""}}]","0x3c across full destination footprint after mapping/protection repair, before sigreturn","{""fill"":""11"",""page2_mapped"":true,""patches"":[[4094,""3d3c3c3c""]],""size"":8192}","{""r10"":""0x1010101010101010"",""r11"":""0x1212121212121212"",""r12"":""0x1313131313131313"",""r13"":""0x1414141414141414"",""r14"":""0x1515151515151515"",""r15"":""0x1616161616161616"",""r8"":""0x0808080808080808"",""r9"":""0x0909090909090909"",""rax"":""0x1122334455667788"",""rbp"":""0x778899aabbccddee"",""rbx"":""0xa1b2c3d4e5f60718"",""rcx"":""0x0000000000000003"",""rdi"":""data+4094"",""rdx"":""0x99aabbccddeeff00"",""rflags"":""0x0000000000000203"",""rsi"":""source+256"",""rsp"":""stack+32768""}","{""AF"":0,""CF"":1,""OF"":0,""PF"":0,""SF"":0,""ZF"":0}",False,rmw.run1.jsonl.gz: matching form/layout/cross_offset/continuation
A,page_and_cacheline_cross,measured,True,True,inc_32_lock,32,cross_ro_rw,3,4093,f0ff07,"[{""address"":""data+4093"",""error"":7,""execution_phase"":1,""fpstate_size"":2436,""gregs"":{""cr2"":""data+4093"",""csgsfs"":""0x002b000000000033"",""err"":""0x0000000000000007"",""oldmask"":""0x0000000000000000"",""r10"":""0x1010101010101010"",""r11"":""0x1212121212121212"",""r12"":""0x1313131313131313"",""r13"":""0x1414141414141414"",""r14"":""0x1515151515151515"",""r15"":""0x1616161616161616"",""r8"":""0x0808080808080808"",""r9"":""0x0909090909090909"",""rax"":""0x1122334455667788"",""rbp"":""0x778899aabbccddee"",""rbx"":""0xa1b2c3d4e5f60718"",""rcx"":""0x0000000000000003"",""rdi"":""data+4093"",""rdx"":""0x99aabbccddeeff00"",""rflags"":""0x0000000000010203"",""rip"":""code+0"",""rsi"":""source+256"",""rsp"":""stack+32768"",""trapno"":""0x000000000000000e""},""kernel_sigmask"":""0000000000000000"",""pages"":{""fill"":""11"",""page2_mapped"":true,""patches"":[],""size"":8192},""partial_write"":false,""si_code"":2,""signal"":11,""six_flags"":{""AF"":0,""CF"":1,""OF"":0,""PF"":0,""SF"":0,""ZF"":0},""trap"":14,""uc_flags"":7,""uc_link"":""0x0000000000000000"",""uc_stack"":{""flags"":0,""size"":65536,""sp"":""altstack+0""}}]","{""fill"":""11"",""page2_mapped"":true,""patches"":[],""size"":8192}","[{""address"":""data+4093"",""error"":7,""execution_phase"":1,""fpstate_size"":2436,""gregs"":{""cr2"":""data+4093"",""csgsfs"":""0x002b000000000033"",""err"":""0x0000000000000007"",""oldmask"":""0x0000000000000000"",""r10"":""0x1010101010101010"",""r11"":""0x1212121212121212"",""r12"":""0x1313131313131313"",""r13"":""0x1414141414141414"",""r14"":""0x1515151515151515"",""r15"":""0x1616161616161616"",""r8"":""0x0808080808080808"",""r9"":""0x0909090909090909"",""rax"":""0x1122334455667788"",""rbp"":""0x778899aabbccddee"",""rbx"":""0xa1b2c3d4e5f60718"",""rcx"":""0x0000000000000003"",""rdi"":""data+4093"",""rdx"":""0x99aabbccddeeff00"",""rflags"":""0x0000000000010203"",""rip"":""code+0"",""rsi"":""source+256"",""rsp"":""stack+32768"",""trapno"":""0x000000000000000e""},""kernel_sigmask"":""0000000000000000"",""pages"":{""fill"":""11"",""page2_mapped"":true,""patches"":[],""size"":8192},""partial_write"":false,""si_code"":2,""signal"":11,""six_flags"":{""AF"":0,""CF"":1,""OF"":0,""PF"":0,""SF"":0,""ZF"":0},""trap"":14,""uc_flags"":7,""uc_link"":""0x0000000000000000"",""uc_stack"":{""flags"":0,""size"":65536,""sp"":""altstack+0""}}]","0x3c across full destination footprint after mapping/protection repair, before sigreturn","{""fill"":""11"",""page2_mapped"":true,""patches"":[[4093,""3d3c3c3c""]],""size"":8192}","{""r10"":""0x1010101010101010"",""r11"":""0x1212121212121212"",""r12"":""0x1313131313131313"",""r13"":""0x1414141414141414"",""r14"":""0x1515151515151515"",""r15"":""0x1616161616161616"",""r8"":""0x0808080808080808"",""r9"":""0x0909090909090909"",""rax"":""0x1122334455667788"",""rbp"":""0x778899aabbccddee"",""rbx"":""0xa1b2c3d4e5f60718"",""rcx"":""0x0000000000000003"",""rdi"":""data+4093"",""rdx"":""0x99aabbccddeeff00"",""rflags"":""0x0000000000000203"",""rsi"":""source+256"",""rsp"":""stack+32768""}","{""AF"":0,""CF"":1,""OF"":0,""PF"":0,""SF"":0,""ZF"":0}",False,rmw.run1.jsonl.gz: matching form/layout/cross_offset/continuation
A,page_and_cacheline_cross,measured,True,True,inc_64_lock,64,cross_rw_ro,1,4095,f048ff07,"[{""address"":""data+4096"",""error"":7,""execution_phase"":1,""fpstate_size"":2436,""gregs"":{""cr2"":""data+4096"",""csgsfs"":""0x002b000000000033"",""err"":""0x0000000000000007"",""oldmask"":""0x0000000000000000"",""r10"":""0x1010101010101010"",""r11"":""0x1212121212121212"",""r12"":""0x1313131313131313"",""r13"":""0x1414141414141414"",""r14"":""0x1515151515151515"",""r15"":""0x1616161616161616"",""r8"":""0x0808080808080808"",""r9"":""0x0909090909090909"",""rax"":""0x1122334455667788"",""rbp"":""0x778899aabbccddee"",""rbx"":""0xa1b2c3d4e5f60718"",""rcx"":""0x0000000000000003"",""rdi"":""data+4095"",""rdx"":""0x99aabbccddeeff00"",""rflags"":""0x0000000000010203"",""rip"":""code+0"",""rsi"":""source+256"",""rsp"":""stack+32768"",""trapno"":""0x000000000000000e""},""kernel_sigmask"":""0000000000000000"",""pages"":{""fill"":""11"",""page2_mapped"":true,""patches"":[],""size"":8192},""partial_write"":false,""si_code"":2,""signal"":11,""six_flags"":{""AF"":0,""CF"":1,""OF"":0,""PF"":0,""SF"":0,""ZF"":0},""trap"":14,""uc_flags"":7,""uc_link"":""0x0000000000000000"",""uc_stack"":{""flags"":0,""size"":65536,""sp"":""altstack+0""}}]","{""fill"":""11"",""page2_mapped"":true,""patches"":[],""size"":8192}","[{""address"":""data+4096"",""error"":7,""execution_phase"":1,""fpstate_size"":2436,""gregs"":{""cr2"":""data+4096"",""csgsfs"":""0x002b000000000033"",""err"":""0x0000000000000007"",""oldmask"":""0x0000000000000000"",""r10"":""0x1010101010101010"",""r11"":""0x1212121212121212"",""r12"":""0x1313131313131313"",""r13"":""0x1414141414141414"",""r14"":""0x1515151515151515"",""r15"":""0x1616161616161616"",""r8"":""0x0808080808080808"",""r9"":""0x0909090909090909"",""rax"":""0x1122334455667788"",""rbp"":""0x778899aabbccddee"",""rbx"":""0xa1b2c3d4e5f60718"",""rcx"":""0x0000000000000003"",""rdi"":""data+4095"",""rdx"":""0x99aabbccddeeff00"",""rflags"":""0x0000000000010203"",""rip"":""code+0"",""rsi"":""source+256"",""rsp"":""stack+32768"",""trapno"":""0x000000000000000e""},""kernel_sigmask"":""0000000000000000"",""pages"":{""fill"":""11"",""page2_mapped"":true,""patches"":[],""size"":8192},""partial_write"":false,""si_code"":2,""signal"":11,""six_flags"":{""AF"":0,""CF"":1,""OF"":0,""PF"":0,""SF"":0,""ZF"":0},""trap"":14,""uc_flags"":7,""uc_link"":""0x0000000000000000"",""uc_stack"":{""flags"":0,""size"":65536,""sp"":""altstack+0""}}]","0x3c across full destination footprint after mapping/protection repair, before sigreturn","{""fill"":""11"",""page2_mapped"":true,""patches"":[[4095,""3d3c3c3c3c3c3c3c""]],""size"":8192}","{""r10"":""0x1010101010101010"",""r11"":""0x1212121212121212"",""r12"":""0x1313131313131313"",""r13"":""0x1414141414141414"",""r14"":""0x1515151515151515"",""r15"":""0x1616161616161616"",""r8"":""0x0808080808080808"",""r9"":""0x0909090909090909"",""rax"":""0x1122334455667788"",""rbp"":""0x778899aabbccddee"",""rbx"":""0xa1b2c3d4e5f60718"",""rcx"":""0x0000000000000003"",""rdi"":""data+4095"",""rdx"":""0x99aabbccddeeff00"",""rflags"":""0x0000000000000203"",""rsi"":""source+256"",""rsp"":""stack+32768""}","{""AF"":0,""CF"":1,""OF"":0,""PF"":0,""SF"":0,""ZF"":0}",False,rmw.run1.jsonl.gz: matching form/layout/cross_offset/continuation
A,page_and_cacheline_cross,measured,True,True,inc_64_lock,64,cross_rw_ro,2,4094,f048ff07,"[{""address"":""data+4096"",""error"":7,""execution_phase"":1,""fpstate_size"":2436,""gregs"":{""cr2"":""data+4096"",""csgsfs"":""0x002b000000000033"",""err"":""0x0000000000000007"",""oldmask"":""0x0000000000000000"",""r10"":""0x1010101010101010"",""r11"":""0x1212121212121212"",""r12"":""0x1313131313131313"",""r13"":""0x1414141414141414"",""r14"":""0x1515151515151515"",""r15"":""0x1616161616161616"",""r8"":""0x0808080808080808"",""r9"":""0x0909090909090909"",""rax"":""0x1122334455667788"",""rbp"":""0x778899aabbccddee"",""rbx"":""0xa1b2c3d4e5f60718"",""rcx"":""0x0000000000000003"",""rdi"":""data+4094"",""rdx"":""0x99aabbccddeeff00"",""rflags"":""0x0000000000010203"",""rip"":""code+0"",""rsi"":""source+256"",""rsp"":""stack+32768"",""trapno"":""0x000000000000000e""},""kernel_sigmask"":""0000000000000000"",""pages"":{""fill"":""11"",""page2_mapped"":true,""patches"":[],""size"":8192},""partial_write"":false,""si_code"":2,""signal"":11,""six_flags"":{""AF"":0,""CF"":1,""OF"":0,""PF"":0,""SF"":0,""ZF"":0},""trap"":14,""uc_flags"":7,""uc_link"":""0x0000000000000000"",""uc_stack"":{""flags"":0,""size"":65536,""sp"":""altstack+0""}}]","{""fill"":""11"",""page2_mapped"":true,""patches"":[],""size"":8192}","[{""address"":""data+4096"",""error"":7,""execution_phase"":1,""fpstate_size"":2436,""gregs"":{""cr2"":""data+4096"",""csgsfs"":""0x002b000000000033"",""err"":""0x0000000000000007"",""oldmask"":""0x0000000000000000"",""r10"":""0x1010101010101010"",""r11"":""0x1212121212121212"",""r12"":""0x1313131313131313"",""r13"":""0x1414141414141414"",""r14"":""0x1515151515151515"",""r15"":""0x1616161616161616"",""r8"":""0x0808080808080808"",""r9"":""0x0909090909090909"",""rax"":""0x1122334455667788"",""rbp"":""0x778899aabbccddee"",""rbx"":""0xa1b2c3d4e5f60718"",""rcx"":""0x0000000000000003"",""rdi"":""data+4094"",""rdx"":""0x99aabbccddeeff00"",""rflags"":""0x0000000000010203"",""rip"":""code+0"",""rsi"":""source+256"",""rsp"":""stack+32768"",""trapno"":""0x000000000000000e""},""kernel_sigmask"":""0000000000000000"",""pages"":{""fill"":""11"",""page2_mapped"":true,""patches"":[],""size"":8192},""partial_write"":false,""si_code"":2,""signal"":11,""six_flags"":{""AF"":0,""CF"":1,""OF"":0,""PF"":0,""SF"":0,""ZF"":0},""trap"":14,""uc_flags"":7,""uc_link"":""0x0000000000000000"",""uc_stack"":{""flags"":0,""size"":65536,""sp"":""altstack+0""}}]","0x3c across full destination footprint after mapping/protection repair, before sigreturn","{""fill"":""11"",""page2_mapped"":true,""patches"":[[4094,""3d3c3c3c3c3c3c3c""]],""size"":8192}","{""r10"":""0x1010101010101010"",""r11"":""0x1212121212121212"",""r12"":""0x1313131313131313"",""r13"":""0x1414141414141414"",""r14"":""0x1515151515151515"",""r15"":""0x1616161616161616"",""r8"":""0x0808080808080808"",""r9"":""0x0909090909090909"",""rax"":""0x1122334455667788"",""rbp"":""0x778899aabbccddee"",""rbx"":""0xa1b2c3d4e5f60718"",""rcx"":""0x0000000000000003"",""rdi"":""data+4094"",""rdx"":""0x99aabbccddeeff00"",""rflags"":""0x0000000000000203"",""rsi"":""source+256"",""rsp"":""stack+32768""}","{""AF"":0,""CF"":1,""OF"":0,""PF"":0,""SF"":0,""ZF"":0}",False,rmw.run1.jsonl.gz: matching form/layout/cross_offset/continuation
A,page_and_cacheline_cross,measured,True,True,inc_64_lock,64,cross_rw_ro,3,4093,f048ff07,"[{""address"":""data+4096"",""error"":7,""execution_phase"":1,""fpstate_size"":2436,""gregs"":{""cr2"":""data+4096"",""csgsfs"":""0x002b000000000033"",""err"":""0x0000000000000007"",""oldmask"":""0x0000000000000000"",""r10"":""0x1010101010101010"",""r11"":""0x1212121212121212"",""r12"":""0x1313131313131313"",""r13"":""0x1414141414141414"",""r14"":""0x1515151515151515"",""r15"":""0x1616161616161616"",""r8"":""0x0808080808080808"",""r9"":""0x0909090909090909"",""rax"":""0x1122334455667788"",""rbp"":""0x778899aabbccddee"",""rbx"":""0xa1b2c3d4e5f60718"",""rcx"":""0x0000000000000003"",""rdi"":""data+4093"",""rdx"":""0x99aabbccddeeff00"",""rflags"":""0x0000000000010203"",""rip"":""code+0"",""rsi"":""source+256"",""rsp"":""stack+32768"",""trapno"":""0x000000000000000e""},""kernel_sigmask"":""0000000000000000"",""pages"":{""fill"":""11"",""page2_mapped"":true,""patches"":[],""size"":8192},""partial_write"":false,""si_code"":2,""signal"":11,""six_flags"":{""AF"":0,""CF"":1,""OF"":0,""PF"":0,""SF"":0,""ZF"":0},""trap"":14,""uc_flags"":7,""uc_link"":""0x0000000000000000"",""uc_stack"":{""flags"":0,""size"":65536,""sp"":""altstack+0""}}]","{""fill"":""11"",""page2_mapped"":true,""patches"":[],""size"":8192}","[{""address"":""data+4096"",""error"":7,""execution_phase"":1,""fpstate_size"":2436,""gregs"":{""cr2"":""data+4096"",""csgsfs"":""0x002b000000000033"",""err"":""0x0000000000000007"",""oldmask"":""0x0000000000000000"",""r10"":""0x1010101010101010"",""r11"":""0x1212121212121212"",""r12"":""0x1313131313131313"",""r13"":""0x1414141414141414"",""r14"":""0x1515151515151515"",""r15"":""0x1616161616161616"",""r8"":""0x0808080808080808"",""r9"":""0x0909090909090909"",""rax"":""0x1122334455667788"",""rbp"":""0x778899aabbccddee"",""rbx"":""0xa1b2c3d4e5f60718"",""rcx"":""0x0000000000000003"",""rdi"":""data+4093"",""rdx"":""0x99aabbccddeeff00"",""rflags"":""0x0000000000010203"",""rip"":""code+0"",""rsi"":""source+256"",""rsp"":""stack+32768"",""trapno"":""0x000000000000000e""},""kernel_sigmask"":""0000000000000000"",""pages"":{""fill"":""11"",""page2_mapped"":true,""patches"":[],""size"":8192},""partial_write"":false,""si_code"":2,""signal"":11,""six_flags"":{""AF"":0,""CF"":1,""OF"":0,""PF"":0,""SF"":0,""ZF"":0},""trap"":14,""uc_flags"":7,""uc_link"":""0x0000000000000000"",""uc_stack"":{""flags"":0,""size"":65536,""sp"":""altstack+0""}}]","0x3c across full destination footprint after mapping/protection repair, before sigreturn","{""fill"":""11"",""page2_mapped"":true,""patches"":[[4093,""3d3c3c3c3c3c3c3c""]],""size"":8192}","{""r10"":""0x1010101010101010"",""r11"":""0x1212121212121212"",""r12"":""0x1313131313131313"",""r13"":""0x1414141414141414"",""r14"":""0x1515151515151515"",""r15"":""0x1616161616161616"",""r8"":""0x0808080808080808"",""r9"":""0x0909090909090909"",""rax"":""0x1122334455667788"",""rbp"":""0x778899aabbccddee"",""rbx"":""0xa1b2c3d4e5f60718"",""rcx"":""0x0000000000000003"",""rdi"":""data+4093"",""rdx"":""0x99aabbccddeeff00"",""rflags"":""0x0000000000000203"",""rsi"":""source+256"",""rsp"":""stack+32768""}","{""AF"":0,""CF"":1,""OF"":0,""PF"":0,""SF"":0,""ZF"":0}",False,rmw.run1.jsonl.gz: matching form/layout/cross_offset/continuation
A,page_and_cacheline_cross,measured,True,True,inc_64_lock,64,cross_rw_ro,4,4092,f048ff07,"[{""address"":""data+4096"",""error"":7,""execution_phase"":1,""fpstate_size"":2436,""gregs"":{""cr2"":""data+4096"",""csgsfs"":""0x002b000000000033"",""err"":""0x0000000000000007"",""oldmask"":""0x0000000000000000"",""r10"":""0x1010101010101010"",""r11"":""0x1212121212121212"",""r12"":""0x1313131313131313"",""r13"":""0x1414141414141414"",""r14"":""0x1515151515151515"",""r15"":""0x1616161616161616"",""r8"":""0x0808080808080808"",""r9"":""0x0909090909090909"",""rax"":""0x1122334455667788"",""rbp"":""0x778899aabbccddee"",""rbx"":""0xa1b2c3d4e5f60718"",""rcx"":""0x0000000000000003"",""rdi"":""data+4092"",""rdx"":""0x99aabbccddeeff00"",""rflags"":""0x0000000000010203"",""rip"":""code+0"",""rsi"":""source+256"",""rsp"":""stack+32768"",""trapno"":""0x000000000000000e""},""kernel_sigmask"":""0000000000000000"",""pages"":{""fill"":""11"",""page2_mapped"":true,""patches"":[],""size"":8192},""partial_write"":false,""si_code"":2,""signal"":11,""six_flags"":{""AF"":0,""CF"":1,""OF"":0,""PF"":0,""SF"":0,""ZF"":0},""trap"":14,""uc_flags"":7,""uc_link"":""0x0000000000000000"",""uc_stack"":{""flags"":0,""size"":65536,""sp"":""altstack+0""}}]","{""fill"":""11"",""page2_mapped"":true,""patches"":[],""size"":8192}","[{""address"":""data+4096"",""error"":7,""execution_phase"":1,""fpstate_size"":2436,""gregs"":{""cr2"":""data+4096"",""csgsfs"":""0x002b000000000033"",""err"":""0x0000000000000007"",""oldmask"":""0x0000000000000000"",""r10"":""0x1010101010101010"",""r11"":""0x1212121212121212"",""r12"":""0x1313131313131313"",""r13"":""0x1414141414141414"",""r14"":""0x1515151515151515"",""r15"":""0x1616161616161616"",""r8"":""0x0808080808080808"",""r9"":""0x0909090909090909"",""rax"":""0x1122334455667788"",""rbp"":""0x778899aabbccddee"",""rbx"":""0xa1b2c3d4e5f60718"",""rcx"":""0x0000000000000003"",""rdi"":""data+4092"",""rdx"":""0x99aabbccddeeff00"",""rflags"":""0x0000000000010203"",""rip"":""code+0"",""rsi"":""source+256"",""rsp"":""stack+32768"",""trapno"":""0x000000000000000e""},""kernel_sigmask"":""0000000000000000"",""pages"":{""fill"":""11"",""page2_mapped"":true,""patches"":[],""size"":8192},""partial_write"":false,""si_code"":2,""signal"":11,""six_flags"":{""AF"":0,""CF"":1,""OF"":0,""PF"":0,""SF"":0,""ZF"":0},""trap"":14,""uc_flags"":7,""uc_link"":""0x0000000000000000"",""uc_stack"":{""flags"":0,""size"":65536,""sp"":""altstack+0""}}]","0x3c across full destination footprint after mapping/protection repair, before sigreturn","{""fill"":""11"",""page2_mapped"":true,""patches"":[[4092,""3d3c3c3c3c3c3c3c""]],""size"":8192}","{""r10"":""0x1010101010101010"",""r11"":""0x1212121212121212"",""r12"":""0x1313131313131313"",""r13"":""0x1414141414141414"",""r14"":""0x1515151515151515"",""r15"":""0x1616161616161616"",""r8"":""0x0808080808080808"",""r9"":""0x0909090909090909"",""rax"":""0x1122334455667788"",""rbp"":""0x778899aabbccddee"",""rbx"":""0xa1b2c3d4e5f60718"",""rcx"":""0x0000000000000003"",""rdi"":""data+4092"",""rdx"":""0x99aabbccddeeff00"",""rflags"":""0x0000000000000203"",""rsi"":""source+256"",""rsp"":""stack+32768""}","{""AF"":0,""CF"":1,""OF"":0,""PF"":0,""SF"":0,""ZF"":0}",False,rmw.run1.jsonl.gz: matching form/layout/cross_offset/continuation
A,page_and_cacheline_cross,measured,True,True,inc_64_lock,64,cross_rw_ro,5,4091,f048ff07,"[{""address"":""data+4096"",""error"":7,""execution_phase"":1,""fpstate_size"":2436,""gregs"":{""cr2"":""data+4096"",""csgsfs"":""0x002b000000000033"",""err"":""0x0000000000000007"",""oldmask"":""0x0000000000000000"",""r10"":""0x1010101010101010"",""r11"":""0x1212121212121212"",""r12"":""0x1313131313131313"",""r13"":""0x1414141414141414"",""r14"":""0x1515151515151515"",""r15"":""0x1616161616161616"",""r8"":""0x0808080808080808"",""r9"":""0x0909090909090909"",""rax"":""0x1122334455667788"",""rbp"":""0x778899aabbccddee"",""rbx"":""0xa1b2c3d4e5f60718"",""rcx"":""0x0000000000000003"",""rdi"":""data+4091"",""rdx"":""0x99aabbccddeeff00"",""rflags"":""0x0000000000010203"",""rip"":""code+0"",""rsi"":""source+256"",""rsp"":""stack+32768"",""trapno"":""0x000000000000000e""},""kernel_sigmask"":""0000000000000000"",""pages"":{""fill"":""11"",""page2_mapped"":true,""patches"":[],""size"":8192},""partial_write"":false,""si_code"":2,""signal"":11,""six_flags"":{""AF"":0,""CF"":1,""OF"":0,""PF"":0,""SF"":0,""ZF"":0},""trap"":14,""uc_flags"":7,""uc_link"":""0x0000000000000000"",""uc_stack"":{""flags"":0,""size"":65536,""sp"":""altstack+0""}}]","{""fill"":""11"",""page2_mapped"":true,""patches"":[],""size"":8192}","[{""address"":""data+4096"",""error"":7,""execution_phase"":1,""fpstate_size"":2436,""gregs"":{""cr2"":""data+4096"",""csgsfs"":""0x002b000000000033"",""err"":""0x0000000000000007"",""oldmask"":""0x0000000000000000"",""r10"":""0x1010101010101010"",""r11"":""0x1212121212121212"",""r12"":""0x1313131313131313"",""r13"":""0x1414141414141414"",""r14"":""0x1515151515151515"",""r15"":""0x1616161616161616"",""r8"":""0x0808080808080808"",""r9"":""0x0909090909090909"",""rax"":""0x1122334455667788"",""rbp"":""0x778899aabbccddee"",""rbx"":""0xa1b2c3d4e5f60718"",""rcx"":""0x0000000000000003"",""rdi"":""data+4091"",""rdx"":""0x99aabbccddeeff00"",""rflags"":""0x0000000000010203"",""rip"":""code+0"",""rsi"":""source+256"",""rsp"":""stack+32768"",""trapno"":""0x000000000000000e""},""kernel_sigmask"":""0000000000000000"",""pages"":{""fill"":""11"",""page2_mapped"":true,""patches"":[],""size"":8192},""partial_write"":false,""si_code"":2,""signal"":11,""six_flags"":{""AF"":0,""CF"":1,""OF"":0,""PF"":0,""SF"":0,""ZF"":0},""trap"":14,""uc_flags"":7,""uc_link"":""0x0000000000000000"",""uc_stack"":{""flags"":0,""size"":65536,""sp"":""altstack+0""}}]","0x3c across full destination footprint after mapping/protection repair, before sigreturn","{""fill"":""11"",""page2_mapped"":true,""patches"":[[4091,""3d3c3c3c3c3c3c3c""]],""size"":8192}","{""r10"":""0x1010101010101010"",""r11"":""0x1212121212121212"",""r12"":""0x1313131313131313"",""r13"":""0x1414141414141414"",""r14"":""0x1515151515151515"",""r15"":""0x1616161616161616"",""r8"":""0x0808080808080808"",""r9"":""0x0909090909090909"",""rax"":""0x1122334455667788"",""rbp"":""0x778899aabbccddee"",""rbx"":""0xa1b2c3d4e5f60718"",""rcx"":""0x0000000000000003"",""rdi"":""data+4091"",""rdx"":""0x99aabbccddeeff00"",""rflags"":""0x0000000000000203"",""rsi"":""source+256"",""rsp"":""stack+32768""}","{""AF"":0,""CF"":1,""OF"":0,""PF"":0,""SF"":0,""ZF"":0}",False,rmw.run1.jsonl.gz: matching form/layout/cross_offset/continuation
A,page_and_cacheline_cross,measured,True,True,inc_64_lock,64,cross_rw_ro,6,4090,f048ff07,"[{""address"":""data+4096"",""error"":7,""execution_phase"":1,""fpstate_size"":2436,""gregs"":{""cr2"":""data+4096"",""csgsfs"":""0x002b000000000033"",""err"":""0x0000000000000007"",""oldmask"":""0x0000000000000000"",""r10"":""0x1010101010101010"",""r11"":""0x1212121212121212"",""r12"":""0x1313131313131313"",""r13"":""0x1414141414141414"",""r14"":""0x1515151515151515"",""r15"":""0x1616161616161616"",""r8"":""0x0808080808080808"",""r9"":""0x0909090909090909"",""rax"":""0x1122334455667788"",""rbp"":""0x778899aabbccddee"",""rbx"":""0xa1b2c3d4e5f60718"",""rcx"":""0x0000000000000003"",""rdi"":""data+4090"",""rdx"":""0x99aabbccddeeff00"",""rflags"":""0x0000000000010203"",""rip"":""code+0"",""rsi"":""source+256"",""rsp"":""stack+32768"",""trapno"":""0x000000000000000e""},""kernel_sigmask"":""0000000000000000"",""pages"":{""fill"":""11"",""page2_mapped"":true,""patches"":[],""size"":8192},""partial_write"":false,""si_code"":2,""signal"":11,""six_flags"":{""AF"":0,""CF"":1,""OF"":0,""PF"":0,""SF"":0,""ZF"":0},""trap"":14,""uc_flags"":7,""uc_link"":""0x0000000000000000"",""uc_stack"":{""flags"":0,""size"":65536,""sp"":""altstack+0""}}]","{""fill"":""11"",""page2_mapped"":true,""patches"":[],""size"":8192}","[{""address"":""data+4096"",""error"":7,""execution_phase"":1,""fpstate_size"":2436,""gregs"":{""cr2"":""data+4096"",""csgsfs"":""0x002b000000000033"",""err"":""0x0000000000000007"",""oldmask"":""0x0000000000000000"",""r10"":""0x1010101010101010"",""r11"":""0x1212121212121212"",""r12"":""0x1313131313131313"",""r13"":""0x1414141414141414"",""r14"":""0x1515151515151515"",""r15"":""0x1616161616161616"",""r8"":""0x0808080808080808"",""r9"":""0x0909090909090909"",""rax"":""0x1122334455667788"",""rbp"":""0x778899aabbccddee"",""rbx"":""0xa1b2c3d4e5f60718"",""rcx"":""0x0000000000000003"",""rdi"":""data+4090"",""rdx"":""0x99aabbccddeeff00"",""rflags"":""0x0000000000010203"",""rip"":""code+0"",""rsi"":""source+256"",""rsp"":""stack+32768"",""trapno"":""0x000000000000000e""},""kernel_sigmask"":""0000000000000000"",""pages"":{""fill"":""11"",""page2_mapped"":true,""patches"":[],""size"":8192},""partial_write"":false,""si_code"":2,""signal"":11,""six_flags"":{""AF"":0,""CF"":1,""OF"":0,""PF"":0,""SF"":0,""ZF"":0},""trap"":14,""uc_flags"":7,""uc_link"":""0x0000000000000000"",""uc_stack"":{""flags"":0,""size"":65536,""sp"":""altstack+0""}}]","0x3c across full destination footprint after mapping/protection repair, before sigreturn","{""fill"":""11"",""page2_mapped"":true,""patches"":[[4090,""3d3c3c3c3c3c3c3c""]],""size"":8192}","{""r10"":""0x1010101010101010"",""r11"":""0x1212121212121212"",""r12"":""0x1313131313131313"",""r13"":""0x1414141414141414"",""r14"":""0x1515151515151515"",""r15"":""0x1616161616161616"",""r8"":""0x0808080808080808"",""r9"":""0x0909090909090909"",""rax"":""0x1122334455667788"",""rbp"":""0x778899aabbccddee"",""rbx"":""0xa1b2c3d4e5f60718"",""rcx"":""0x0000000000000003"",""rdi"":""data+4090"",""rdx"":""0x99aabbccddeeff00"",""rflags"":""0x0000000000000203"",""rsi"":""source+256"",""rsp"":""stack+32768""}","{""AF"":0,""CF"":1,""OF"":0,""PF"":0,""SF"":0,""ZF"":0}",False,rmw.run1.jsonl.gz: matching form/layout/cross_offset/continuation
A,page_and_cacheline_cross,measured,True,True,inc_64_lock,64,cross_rw_ro,7,4089,f048ff07,"[{""address"":""data+4096"",""error"":7,""execution_phase"":1,""fpstate_size"":2436,""gregs"":{""cr2"":""data+4096"",""csgsfs"":""0x002b000000000033"",""err"":""0x0000000000000007"",""oldmask"":""0x0000000000000000"",""r10"":""0x1010101010101010"",""r11"":""0x1212121212121212"",""r12"":""0x1313131313131313"",""r13"":""0x1414141414141414"",""r14"":""0x1515151515151515"",""r15"":""0x1616161616161616"",""r8"":""0x0808080808080808"",""r9"":""0x0909090909090909"",""rax"":""0x1122334455667788"",""rbp"":""0x778899aabbccddee"",""rbx"":""0xa1b2c3d4e5f60718"",""rcx"":""0x0000000000000003"",""rdi"":""data+4089"",""rdx"":""0x99aabbccddeeff00"",""rflags"":""0x0000000000010203"",""rip"":""code+0"",""rsi"":""source+256"",""rsp"":""stack+32768"",""trapno"":""0x000000000000000e""},""kernel_sigmask"":""0000000000000000"",""pages"":{""fill"":""11"",""page2_mapped"":true,""patches"":[],""size"":8192},""partial_write"":false,""si_code"":2,""signal"":11,""six_flags"":{""AF"":0,""CF"":1,""OF"":0,""PF"":0,""SF"":0,""ZF"":0},""trap"":14,""uc_flags"":7,""uc_link"":""0x0000000000000000"",""uc_stack"":{""flags"":0,""size"":65536,""sp"":""altstack+0""}}]","{""fill"":""11"",""page2_mapped"":true,""patches"":[],""size"":8192}","[{""address"":""data+4096"",""error"":7,""execution_phase"":1,""fpstate_size"":2436,""gregs"":{""cr2"":""data+4096"",""csgsfs"":""0x002b000000000033"",""err"":""0x0000000000000007"",""oldmask"":""0x0000000000000000"",""r10"":""0x1010101010101010"",""r11"":""0x1212121212121212"",""r12"":""0x1313131313131313"",""r13"":""0x1414141414141414"",""r14"":""0x1515151515151515"",""r15"":""0x1616161616161616"",""r8"":""0x0808080808080808"",""r9"":""0x0909090909090909"",""rax"":""0x1122334455667788"",""rbp"":""0x778899aabbccddee"",""rbx"":""0xa1b2c3d4e5f60718"",""rcx"":""0x0000000000000003"",""rdi"":""data+4089"",""rdx"":""0x99aabbccddeeff00"",""rflags"":""0x0000000000010203"",""rip"":""code+0"",""rsi"":""source+256"",""rsp"":""stack+32768"",""trapno"":""0x000000000000000e""},""kernel_sigmask"":""0000000000000000"",""pages"":{""fill"":""11"",""page2_mapped"":true,""patches"":[],""size"":8192},""partial_write"":false,""si_code"":2,""signal"":11,""six_flags"":{""AF"":0,""CF"":1,""OF"":0,""PF"":0,""SF"":0,""ZF"":0},""trap"":14,""uc_flags"":7,""uc_link"":""0x0000000000000000"",""uc_stack"":{""flags"":0,""size"":65536,""sp"":""altstack+0""}}]","0x3c across full destination footprint after mapping/protection repair, before sigreturn","{""fill"":""11"",""page2_mapped"":true,""patches"":[[4089,""3d3c3c3c3c3c3c3c""]],""size"":8192}","{""r10"":""0x1010101010101010"",""r11"":""0x1212121212121212"",""r12"":""0x1313131313131313"",""r13"":""0x1414141414141414"",""r14"":""0x1515151515151515"",""r15"":""0x1616161616161616"",""r8"":""0x0808080808080808"",""r9"":""0x0909090909090909"",""rax"":""0x1122334455667788"",""rbp"":""0x778899aabbccddee"",""rbx"":""0xa1b2c3d4e5f60718"",""rcx"":""0x0000000000000003"",""rdi"":""data+4089"",""rdx"":""0x99aabbccddeeff00"",""rflags"":""0x0000000000000203"",""rsi"":""source+256"",""rsp"":""stack+32768""}","{""AF"":0,""CF"":1,""OF"":0,""PF"":0,""SF"":0,""ZF"":0}",False,rmw.run1.jsonl.gz: matching form/layout/cross_offset/continuation
A,page_and_cacheline_cross,measured,True,True,inc_64_lock,64,cross_ro_rw,1,4095,f048ff07,"[{""address"":""data+4095"",""error"":7,""execution_phase"":1,""fpstate_size"":2436,""gregs"":{""cr2"":""data+4095"",""csgsfs"":""0x002b000000000033"",""err"":""0x0000000000000007"",""oldmask"":""0x0000000000000000"",""r10"":""0x1010101010101010"",""r11"":""0x1212121212121212"",""r12"":""0x1313131313131313"",""r13"":""0x1414141414141414"",""r14"":""0x1515151515151515"",""r15"":""0x1616161616161616"",""r8"":""0x0808080808080808"",""r9"":""0x0909090909090909"",""rax"":""0x1122334455667788"",""rbp"":""0x778899aabbccddee"",""rbx"":""0xa1b2c3d4e5f60718"",""rcx"":""0x0000000000000003"",""rdi"":""data+4095"",""rdx"":""0x99aabbccddeeff00"",""rflags"":""0x0000000000010203"",""rip"":""code+0"",""rsi"":""source+256"",""rsp"":""stack+32768"",""trapno"":""0x000000000000000e""},""kernel_sigmask"":""0000000000000000"",""pages"":{""fill"":""11"",""page2_mapped"":true,""patches"":[],""size"":8192},""partial_write"":false,""si_code"":2,""signal"":11,""six_flags"":{""AF"":0,""CF"":1,""OF"":0,""PF"":0,""SF"":0,""ZF"":0},""trap"":14,""uc_flags"":7,""uc_link"":""0x0000000000000000"",""uc_stack"":{""flags"":0,""size"":65536,""sp"":""altstack+0""}}]","{""fill"":""11"",""page2_mapped"":true,""patches"":[],""size"":8192}","[{""address"":""data+4095"",""error"":7,""execution_phase"":1,""fpstate_size"":2436,""gregs"":{""cr2"":""data+4095"",""csgsfs"":""0x002b000000000033"",""err"":""0x0000000000000007"",""oldmask"":""0x0000000000000000"",""r10"":""0x1010101010101010"",""r11"":""0x1212121212121212"",""r12"":""0x1313131313131313"",""r13"":""0x1414141414141414"",""r14"":""0x1515151515151515"",""r15"":""0x1616161616161616"",""r8"":""0x0808080808080808"",""r9"":""0x0909090909090909"",""rax"":""0x1122334455667788"",""rbp"":""0x778899aabbccddee"",""rbx"":""0xa1b2c3d4e5f60718"",""rcx"":""0x0000000000000003"",""rdi"":""data+4095"",""rdx"":""0x99aabbccddeeff00"",""rflags"":""0x0000000000010203"",""rip"":""code+0"",""rsi"":""source+256"",""rsp"":""stack+32768"",""trapno"":""0x000000000000000e""},""kernel_sigmask"":""0000000000000000"",""pages"":{""fill"":""11"",""page2_mapped"":true,""patches"":[],""size"":8192},""partial_write"":false,""si_code"":2,""signal"":11,""six_flags"":{""AF"":0,""CF"":1,""OF"":0,""PF"":0,""SF"":0,""ZF"":0},""trap"":14,""uc_flags"":7,""uc_link"":""0x0000000000000000"",""uc_stack"":{""flags"":0,""size"":65536,""sp"":""altstack+0""}}]","0x3c across full destination footprint after mapping/protection repair, before sigreturn","{""fill"":""11"",""page2_mapped"":true,""patches"":[[4095,""3d3c3c3c3c3c3c3c""]],""size"":8192}","{""r10"":""0x1010101010101010"",""r11"":""0x1212121212121212"",""r12"":""0x1313131313131313"",""r13"":""0x1414141414141414"",""r14"":""0x1515151515151515"",""r15"":""0x1616161616161616"",""r8"":""0x0808080808080808"",""r9"":""0x0909090909090909"",""rax"":""0x1122334455667788"",""rbp"":""0x778899aabbccddee"",""rbx"":""0xa1b2c3d4e5f60718"",""rcx"":""0x0000000000000003"",""rdi"":""data+4095"",""rdx"":""0x99aabbccddeeff00"",""rflags"":""0x0000000000000203"",""rsi"":""source+256"",""rsp"":""stack+32768""}","{""AF"":0,""CF"":1,""OF"":0,""PF"":0,""SF"":0,""ZF"":0}",False,rmw.run1.jsonl.gz: matching form/layout/cross_offset/continuation
A,page_and_cacheline_cross,measured,True,True,inc_64_lock,64,cross_ro_rw,2,4094,f048ff07,"[{""address"":""data+4094"",""error"":7,""execution_phase"":1,""fpstate_size"":2436,""gregs"":{""cr2"":""data+4094"",""csgsfs"":""0x002b000000000033"",""err"":""0x0000000000000007"",""oldmask"":""0x0000000000000000"",""r10"":""0x1010101010101010"",""r11"":""0x1212121212121212"",""r12"":""0x1313131313131313"",""r13"":""0x1414141414141414"",""r14"":""0x1515151515151515"",""r15"":""0x1616161616161616"",""r8"":""0x0808080808080808"",""r9"":""0x0909090909090909"",""rax"":""0x1122334455667788"",""rbp"":""0x778899aabbccddee"",""rbx"":""0xa1b2c3d4e5f60718"",""rcx"":""0x0000000000000003"",""rdi"":""data+4094"",""rdx"":""0x99aabbccddeeff00"",""rflags"":""0x0000000000010203"",""rip"":""code+0"",""rsi"":""source+256"",""rsp"":""stack+32768"",""trapno"":""0x000000000000000e""},""kernel_sigmask"":""0000000000000000"",""pages"":{""fill"":""11"",""page2_mapped"":true,""patches"":[],""size"":8192},""partial_write"":false,""si_code"":2,""signal"":11,""six_flags"":{""AF"":0,""CF"":1,""OF"":0,""PF"":0,""SF"":0,""ZF"":0},""trap"":14,""uc_flags"":7,""uc_link"":""0x0000000000000000"",""uc_stack"":{""flags"":0,""size"":65536,""sp"":""altstack+0""}}]","{""fill"":""11"",""page2_mapped"":true,""patches"":[],""size"":8192}","[{""address"":""data+4094"",""error"":7,""execution_phase"":1,""fpstate_size"":2436,""gregs"":{""cr2"":""data+4094"",""csgsfs"":""0x002b000000000033"",""err"":""0x0000000000000007"",""oldmask"":""0x0000000000000000"",""r10"":""0x1010101010101010"",""r11"":""0x1212121212121212"",""r12"":""0x1313131313131313"",""r13"":""0x1414141414141414"",""r14"":""0x1515151515151515"",""r15"":""0x1616161616161616"",""r8"":""0x0808080808080808"",""r9"":""0x0909090909090909"",""rax"":""0x1122334455667788"",""rbp"":""0x778899aabbccddee"",""rbx"":""0xa1b2c3d4e5f60718"",""rcx"":""0x0000000000000003"",""rdi"":""data+4094"",""rdx"":""0x99aabbccddeeff00"",""rflags"":""0x0000000000010203"",""rip"":""code+0"",""rsi"":""source+256"",""rsp"":""stack+32768"",""trapno"":""0x000000000000000e""},""kernel_sigmask"":""0000000000000000"",""pages"":{""fill"":""11"",""page2_mapped"":true,""patches"":[],""size"":8192},""partial_write"":false,""si_code"":2,""signal"":11,""six_flags"":{""AF"":0,""CF"":1,""OF"":0,""PF"":0,""SF"":0,""ZF"":0},""trap"":14,""uc_flags"":7,""uc_link"":""0x0000000000000000"",""uc_stack"":{""flags"":0,""size"":65536,""sp"":""altstack+0""}}]","0x3c across full destination footprint after mapping/protection repair, before sigreturn","{""fill"":""11"",""page2_mapped"":true,""patches"":[[4094,""3d3c3c3c3c3c3c3c""]],""size"":8192}","{""r10"":""0x1010101010101010"",""r11"":""0x1212121212121212"",""r12"":""0x1313131313131313"",""r13"":""0x1414141414141414"",""r14"":""0x1515151515151515"",""r15"":""0x1616161616161616"",""r8"":""0x0808080808080808"",""r9"":""0x0909090909090909"",""rax"":""0x1122334455667788"",""rbp"":""0x778899aabbccddee"",""rbx"":""0xa1b2c3d4e5f60718"",""rcx"":""0x0000000000000003"",""rdi"":""data+4094"",""rdx"":""0x99aabbccddeeff00"",""rflags"":""0x0000000000000203"",""rsi"":""source+256"",""rsp"":""stack+32768""}","{""AF"":0,""CF"":1,""OF"":0,""PF"":0,""SF"":0,""ZF"":0}",False,rmw.run1.jsonl.gz: matching form/layout/cross_offset/continuation
A,page_and_cacheline_cross,measured,True,True,inc_64_lock,64,cross_ro_rw,3,4093,f048ff07,"[{""address"":""data+4093"",""error"":7,""execution_phase"":1,""fpstate_size"":2436,""gregs"":{""cr2"":""data+4093"",""csgsfs"":""0x002b000000000033"",""err"":""0x0000000000000007"",""oldmask"":""0x0000000000000000"",""r10"":""0x1010101010101010"",""r11"":""0x1212121212121212"",""r12"":""0x1313131313131313"",""r13"":""0x1414141414141414"",""r14"":""0x1515151515151515"",""r15"":""0x1616161616161616"",""r8"":""0x0808080808080808"",""r9"":""0x0909090909090909"",""rax"":""0x1122334455667788"",""rbp"":""0x778899aabbccddee"",""rbx"":""0xa1b2c3d4e5f60718"",""rcx"":""0x0000000000000003"",""rdi"":""data+4093"",""rdx"":""0x99aabbccddeeff00"",""rflags"":""0x0000000000010203"",""rip"":""code+0"",""rsi"":""source+256"",""rsp"":""stack+32768"",""trapno"":""0x000000000000000e""},""kernel_sigmask"":""0000000000000000"",""pages"":{""fill"":""11"",""page2_mapped"":true,""patches"":[],""size"":8192},""partial_write"":false,""si_code"":2,""signal"":11,""six_flags"":{""AF"":0,""CF"":1,""OF"":0,""PF"":0,""SF"":0,""ZF"":0},""trap"":14,""uc_flags"":7,""uc_link"":""0x0000000000000000"",""uc_stack"":{""flags"":0,""size"":65536,""sp"":""altstack+0""}}]","{""fill"":""11"",""page2_mapped"":true,""patches"":[],""size"":8192}","[{""address"":""data+4093"",""error"":7,""execution_phase"":1,""fpstate_size"":2436,""gregs"":{""cr2"":""data+4093"",""csgsfs"":""0x002b000000000033"",""err"":""0x0000000000000007"",""oldmask"":""0x0000000000000000"",""r10"":""0x1010101010101010"",""r11"":""0x1212121212121212"",""r12"":""0x1313131313131313"",""r13"":""0x1414141414141414"",""r14"":""0x1515151515151515"",""r15"":""0x1616161616161616"",""r8"":""0x0808080808080808"",""r9"":""0x0909090909090909"",""rax"":""0x1122334455667788"",""rbp"":""0x778899aabbccddee"",""rbx"":""0xa1b2c3d4e5f60718"",""rcx"":""0x0000000000000003"",""rdi"":""data+4093"",""rdx"":""0x99aabbccddeeff00"",""rflags"":""0x0000000000010203"",""rip"":""code+0"",""rsi"":""source+256"",""rsp"":""stack+32768"",""trapno"":""0x000000000000000e""},""kernel_sigmask"":""0000000000000000"",""pages"":{""fill"":""11"",""page2_mapped"":true,""patches"":[],""size"":8192},""partial_write"":false,""si_code"":2,""signal"":11,""six_flags"":{""AF"":0,""CF"":1,""OF"":0,""PF"":0,""SF"":0,""ZF"":0},""trap"":14,""uc_flags"":7,""uc_link"":""0x0000000000000000"",""uc_stack"":{""flags"":0,""size"":65536,""sp"":""altstack+0""}}]","0x3c across full destination footprint after mapping/protection repair, before sigreturn","{""fill"":""11"",""page2_mapped"":true,""patches"":[[4093,""3d3c3c3c3c3c3c3c""]],""size"":8192}","{""r10"":""0x1010101010101010"",""r11"":""0x1212121212121212"",""r12"":""0x1313131313131313"",""r13"":""0x1414141414141414"",""r14"":""0x1515151515151515"",""r15"":""0x1616161616161616"",""r8"":""0x0808080808080808"",""r9"":""0x0909090909090909"",""rax"":""0x1122334455667788"",""rbp"":""0x778899aabbccddee"",""rbx"":""0xa1b2c3d4e5f60718"",""rcx"":""0x0000000000000003"",""rdi"":""data+4093"",""rdx"":""0x99aabbccddeeff00"",""rflags"":""0x0000000000000203"",""rsi"":""source+256"",""rsp"":""stack+32768""}","{""AF"":0,""CF"":1,""OF"":0,""PF"":0,""SF"":0,""ZF"":0}",False,rmw.run1.jsonl.gz: matching form/layout/cross_offset/continuation
A,page_and_cacheline_cross,measured,True,True,inc_64_lock,64,cross_ro_rw,4,4092,f048ff07,"[{""address"":""data+4092"",""error"":7,""execution_phase"":1,""fpstate_size"":2436,""gregs"":{""cr2"":""data+4092"",""csgsfs"":""0x002b000000000033"",""err"":""0x0000000000000007"",""oldmask"":""0x0000000000000000"",""r10"":""0x1010101010101010"",""r11"":""0x1212121212121212"",""r12"":""0x1313131313131313"",""r13"":""0x1414141414141414"",""r14"":""0x1515151515151515"",""r15"":""0x1616161616161616"",""r8"":""0x0808080808080808"",""r9"":""0x0909090909090909"",""rax"":""0x1122334455667788"",""rbp"":""0x778899aabbccddee"",""rbx"":""0xa1b2c3d4e5f60718"",""rcx"":""0x0000000000000003"",""rdi"":""data+4092"",""rdx"":""0x99aabbccddeeff00"",""rflags"":""0x0000000000010203"",""rip"":""code+0"",""rsi"":""source+256"",""rsp"":""stack+32768"",""trapno"":""0x000000000000000e""},""kernel_sigmask"":""0000000000000000"",""pages"":{""fill"":""11"",""page2_mapped"":true,""patches"":[],""size"":8192},""partial_write"":false,""si_code"":2,""signal"":11,""six_flags"":{""AF"":0,""CF"":1,""OF"":0,""PF"":0,""SF"":0,""ZF"":0},""trap"":14,""uc_flags"":7,""uc_link"":""0x0000000000000000"",""uc_stack"":{""flags"":0,""size"":65536,""sp"":""altstack+0""}}]","{""fill"":""11"",""page2_mapped"":true,""patches"":[],""size"":8192}","[{""address"":""data+4092"",""error"":7,""execution_phase"":1,""fpstate_size"":2436,""gregs"":{""cr2"":""data+4092"",""csgsfs"":""0x002b000000000033"",""err"":""0x0000000000000007"",""oldmask"":""0x0000000000000000"",""r10"":""0x1010101010101010"",""r11"":""0x1212121212121212"",""r12"":""0x1313131313131313"",""r13"":""0x1414141414141414"",""r14"":""0x1515151515151515"",""r15"":""0x1616161616161616"",""r8"":""0x0808080808080808"",""r9"":""0x0909090909090909"",""rax"":""0x1122334455667788"",""rbp"":""0x778899aabbccddee"",""rbx"":""0xa1b2c3d4e5f60718"",""rcx"":""0x0000000000000003"",""rdi"":""data+4092"",""rdx"":""0x99aabbccddeeff00"",""rflags"":""0x0000000000010203"",""rip"":""code+0"",""rsi"":""source+256"",""rsp"":""stack+32768"",""trapno"":""0x000000000000000e""},""kernel_sigmask"":""0000000000000000"",""pages"":{""fill"":""11"",""page2_mapped"":true,""patches"":[],""size"":8192},""partial_write"":false,""si_code"":2,""signal"":11,""six_flags"":{""AF"":0,""CF"":1,""OF"":0,""PF"":0,""SF"":0,""ZF"":0},""trap"":14,""uc_flags"":7,""uc_link"":""0x0000000000000000"",""uc_stack"":{""flags"":0,""size"":65536,""sp"":""altstack+0""}}]","0x3c across full destination footprint after mapping/protection repair, before sigreturn","{""fill"":""11"",""page2_mapped"":true,""patches"":[[4092,""3d3c3c3c3c3c3c3c""]],""size"":8192}","{""r10"":""0x1010101010101010"",""r11"":""0x1212121212121212"",""r12"":""0x1313131313131313"",""r13"":""0x1414141414141414"",""r14"":""0x1515151515151515"",""r15"":""0x1616161616161616"",""r8"":""0x0808080808080808"",""r9"":""0x0909090909090909"",""rax"":""0x1122334455667788"",""rbp"":""0x778899aabbccddee"",""rbx"":""0xa1b2c3d4e5f60718"",""rcx"":""0x0000000000000003"",""rdi"":""data+4092"",""rdx"":""0x99aabbccddeeff00"",""rflags"":""0x0000000000000203"",""rsi"":""source+256"",""rsp"":""stack+32768""}","{""AF"":0,""CF"":1,""OF"":0,""PF"":0,""SF"":0,""ZF"":0}",False,rmw.run1.jsonl.gz: matching form/layout/cross_offset/continuation
A,page_and_cacheline_cross,measured,True,True,inc_64_lock,64,cross_ro_rw,5,4091,f048ff07,"[{""address"":""data+4091"",""error"":7,""execution_phase"":1,""fpstate_size"":2436,""gregs"":{""cr2"":""data+4091"",""csgsfs"":""0x002b000000000033"",""err"":""0x0000000000000007"",""oldmask"":""0x0000000000000000"",""r10"":""0x1010101010101010"",""r11"":""0x1212121212121212"",""r12"":""0x1313131313131313"",""r13"":""0x1414141414141414"",""r14"":""0x1515151515151515"",""r15"":""0x1616161616161616"",""r8"":""0x0808080808080808"",""r9"":""0x0909090909090909"",""rax"":""0x1122334455667788"",""rbp"":""0x778899aabbccddee"",""rbx"":""0xa1b2c3d4e5f60718"",""rcx"":""0x0000000000000003"",""rdi"":""data+4091"",""rdx"":""0x99aabbccddeeff00"",""rflags"":""0x0000000000010203"",""rip"":""code+0"",""rsi"":""source+256"",""rsp"":""stack+32768"",""trapno"":""0x000000000000000e""},""kernel_sigmask"":""0000000000000000"",""pages"":{""fill"":""11"",""page2_mapped"":true,""patches"":[],""size"":8192},""partial_write"":false,""si_code"":2,""signal"":11,""six_flags"":{""AF"":0,""CF"":1,""OF"":0,""PF"":0,""SF"":0,""ZF"":0},""trap"":14,""uc_flags"":7,""uc_link"":""0x0000000000000000"",""uc_stack"":{""flags"":0,""size"":65536,""sp"":""altstack+0""}}]","{""fill"":""11"",""page2_mapped"":true,""patches"":[],""size"":8192}","[{""address"":""data+4091"",""error"":7,""execution_phase"":1,""fpstate_size"":2436,""gregs"":{""cr2"":""data+4091"",""csgsfs"":""0x002b000000000033"",""err"":""0x0000000000000007"",""oldmask"":""0x0000000000000000"",""r10"":""0x1010101010101010"",""r11"":""0x1212121212121212"",""r12"":""0x1313131313131313"",""r13"":""0x1414141414141414"",""r14"":""0x1515151515151515"",""r15"":""0x1616161616161616"",""r8"":""0x0808080808080808"",""r9"":""0x0909090909090909"",""rax"":""0x1122334455667788"",""rbp"":""0x778899aabbccddee"",""rbx"":""0xa1b2c3d4e5f60718"",""rcx"":""0x0000000000000003"",""rdi"":""data+4091"",""rdx"":""0x99aabbccddeeff00"",""rflags"":""0x0000000000010203"",""rip"":""code+0"",""rsi"":""source+256"",""rsp"":""stack+32768"",""trapno"":""0x000000000000000e""},""kernel_sigmask"":""0000000000000000"",""pages"":{""fill"":""11"",""page2_mapped"":true,""patches"":[],""size"":8192},""partial_write"":false,""si_code"":2,""signal"":11,""six_flags"":{""AF"":0,""CF"":1,""OF"":0,""PF"":0,""SF"":0,""ZF"":0},""trap"":14,""uc_flags"":7,""uc_link"":""0x0000000000000000"",""uc_stack"":{""flags"":0,""size"":65536,""sp"":""altstack+0""}}]","0x3c across full destination footprint after mapping/protection repair, before sigreturn","{""fill"":""11"",""page2_mapped"":true,""patches"":[[4091,""3d3c3c3c3c3c3c3c""]],""size"":8192}","{""r10"":""0x1010101010101010"",""r11"":""0x1212121212121212"",""r12"":""0x1313131313131313"",""r13"":""0x1414141414141414"",""r14"":""0x1515151515151515"",""r15"":""0x1616161616161616"",""r8"":""0x0808080808080808"",""r9"":""0x0909090909090909"",""rax"":""0x1122334455667788"",""rbp"":""0x778899aabbccddee"",""rbx"":""0xa1b2c3d4e5f60718"",""rcx"":""0x0000000000000003"",""rdi"":""data+4091"",""rdx"":""0x99aabbccddeeff00"",""rflags"":""0x0000000000000203"",""rsi"":""source+256"",""rsp"":""stack+32768""}","{""AF"":0,""CF"":1,""OF"":0,""PF"":0,""SF"":0,""ZF"":0}",False,rmw.run1.jsonl.gz: matching form/layout/cross_offset/continuation
A,page_and_cacheline_cross,measured,True,True,inc_64_lock,64,cross_ro_rw,6,4090,f048ff07,"[{""address"":""data+4090"",""error"":7,""execution_phase"":1,""fpstate_size"":2436,""gregs"":{""cr2"":""data+4090"",""csgsfs"":""0x002b000000000033"",""err"":""0x0000000000000007"",""oldmask"":""0x0000000000000000"",""r10"":""0x1010101010101010"",""r11"":""0x1212121212121212"",""r12"":""0x1313131313131313"",""r13"":""0x1414141414141414"",""r14"":""0x1515151515151515"",""r15"":""0x1616161616161616"",""r8"":""0x0808080808080808"",""r9"":""0x0909090909090909"",""rax"":""0x1122334455667788"",""rbp"":""0x778899aabbccddee"",""rbx"":""0xa1b2c3d4e5f60718"",""rcx"":""0x0000000000000003"",""rdi"":""data+4090"",""rdx"":""0x99aabbccddeeff00"",""rflags"":""0x0000000000010203"",""rip"":""code+0"",""rsi"":""source+256"",""rsp"":""stack+32768"",""trapno"":""0x000000000000000e""},""kernel_sigmask"":""0000000000000000"",""pages"":{""fill"":""11"",""page2_mapped"":true,""patches"":[],""size"":8192},""partial_write"":false,""si_code"":2,""signal"":11,""six_flags"":{""AF"":0,""CF"":1,""OF"":0,""PF"":0,""SF"":0,""ZF"":0},""trap"":14,""uc_flags"":7,""uc_link"":""0x0000000000000000"",""uc_stack"":{""flags"":0,""size"":65536,""sp"":""altstack+0""}}]","{""fill"":""11"",""page2_mapped"":true,""patches"":[],""size"":8192}","[{""address"":""data+4090"",""error"":7,""execution_phase"":1,""fpstate_size"":2436,""gregs"":{""cr2"":""data+4090"",""csgsfs"":""0x002b000000000033"",""err"":""0x0000000000000007"",""oldmask"":""0x0000000000000000"",""r10"":""0x1010101010101010"",""r11"":""0x1212121212121212"",""r12"":""0x1313131313131313"",""r13"":""0x1414141414141414"",""r14"":""0x1515151515151515"",""r15"":""0x1616161616161616"",""r8"":""0x0808080808080808"",""r9"":""0x0909090909090909"",""rax"":""0x1122334455667788"",""rbp"":""0x778899aabbccddee"",""rbx"":""0xa1b2c3d4e5f60718"",""rcx"":""0x0000000000000003"",""rdi"":""data+4090"",""rdx"":""0x99aabbccddeeff00"",""rflags"":""0x0000000000010203"",""rip"":""code+0"",""rsi"":""source+256"",""rsp"":""stack+32768"",""trapno"":""0x000000000000000e""},""kernel_sigmask"":""0000000000000000"",""pages"":{""fill"":""11"",""page2_mapped"":true,""patches"":[],""size"":8192},""partial_write"":false,""si_code"":2,""signal"":11,""six_flags"":{""AF"":0,""CF"":1,""OF"":0,""PF"":0,""SF"":0,""ZF"":0},""trap"":14,""uc_flags"":7,""uc_link"":""0x0000000000000000"",""uc_stack"":{""flags"":0,""size"":65536,""sp"":""altstack+0""}}]","0x3c across full destination footprint after mapping/protection repair, before sigreturn","{""fill"":""11"",""page2_mapped"":true,""patches"":[[4090,""3d3c3c3c3c3c3c3c""]],""size"":8192}","{""r10"":""0x1010101010101010"",""r11"":""0x1212121212121212"",""r12"":""0x1313131313131313"",""r13"":""0x1414141414141414"",""r14"":""0x1515151515151515"",""r15"":""0x1616161616161616"",""r8"":""0x0808080808080808"",""r9"":""0x0909090909090909"",""rax"":""0x1122334455667788"",""rbp"":""0x778899aabbccddee"",""rbx"":""0xa1b2c3d4e5f60718"",""rcx"":""0x0000000000000003"",""rdi"":""data+4090"",""rdx"":""0x99aabbccddeeff00"",""rflags"":""0x0000000000000203"",""rsi"":""source+256"",""rsp"":""stack+32768""}","{""AF"":0,""CF"":1,""OF"":0,""PF"":0,""SF"":0,""ZF"":0}",False,rmw.run1.jsonl.gz: matching form/layout/cross_offset/continuation
A,page_and_cacheline_cross,measured,True,True,inc_64_lock,64,cross_ro_rw,7,4089,f048ff07,"[{""address"":""data+4089"",""error"":7,""execution_phase"":1,""fpstate_size"":2436,""gregs"":{""cr2"":""data+4089"",""csgsfs"":""0x002b000000000033"",""err"":""0x0000000000000007"",""oldmask"":""0x0000000000000000"",""r10"":""0x1010101010101010"",""r11"":""0x1212121212121212"",""r12"":""0x1313131313131313"",""r13"":""0x1414141414141414"",""r14"":""0x1515151515151515"",""r15"":""0x1616161616161616"",""r8"":""0x0808080808080808"",""r9"":""0x0909090909090909"",""rax"":""0x1122334455667788"",""rbp"":""0x778899aabbccddee"",""rbx"":""0xa1b2c3d4e5f60718"",""rcx"":""0x0000000000000003"",""rdi"":""data+4089"",""rdx"":""0x99aabbccddeeff00"",""rflags"":""0x0000000000010203"",""rip"":""code+0"",""rsi"":""source+256"",""rsp"":""stack+32768"",""trapno"":""0x000000000000000e""},""kernel_sigmask"":""0000000000000000"",""pages"":{""fill"":""11"",""page2_mapped"":true,""patches"":[],""size"":8192},""partial_write"":false,""si_code"":2,""signal"":11,""six_flags"":{""AF"":0,""CF"":1,""OF"":0,""PF"":0,""SF"":0,""ZF"":0},""trap"":14,""uc_flags"":7,""uc_link"":""0x0000000000000000"",""uc_stack"":{""flags"":0,""size"":65536,""sp"":""altstack+0""}}]","{""fill"":""11"",""page2_mapped"":true,""patches"":[],""size"":8192}","[{""address"":""data+4089"",""error"":7,""execution_phase"":1,""fpstate_size"":2436,""gregs"":{""cr2"":""data+4089"",""csgsfs"":""0x002b000000000033"",""err"":""0x0000000000000007"",""oldmask"":""0x0000000000000000"",""r10"":""0x1010101010101010"",""r11"":""0x1212121212121212"",""r12"":""0x1313131313131313"",""r13"":""0x1414141414141414"",""r14"":""0x1515151515151515"",""r15"":""0x1616161616161616"",""r8"":""0x0808080808080808"",""r9"":""0x0909090909090909"",""rax"":""0x1122334455667788"",""rbp"":""0x778899aabbccddee"",""rbx"":""0xa1b2c3d4e5f60718"",""rcx"":""0x0000000000000003"",""rdi"":""data+4089"",""rdx"":""0x99aabbccddeeff00"",""rflags"":""0x0000000000010203"",""rip"":""code+0"",""rsi"":""source+256"",""rsp"":""stack+32768"",""trapno"":""0x000000000000000e""},""kernel_sigmask"":""0000000000000000"",""pages"":{""fill"":""11"",""page2_mapped"":true,""patches"":[],""size"":8192},""partial_write"":false,""si_code"":2,""signal"":11,""six_flags"":{""AF"":0,""CF"":1,""OF"":0,""PF"":0,""SF"":0,""ZF"":0},""trap"":14,""uc_flags"":7,""uc_link"":""0x0000000000000000"",""uc_stack"":{""flags"":0,""size"":65536,""sp"":""altstack+0""}}]","0x3c across full destination footprint after mapping/protection repair, before sigreturn","{""fill"":""11"",""page2_mapped"":true,""patches"":[[4089,""3d3c3c3c3c3c3c3c""]],""size"":8192}","{""r10"":""0x1010101010101010"",""r11"":""0x1212121212121212"",""r12"":""0x1313131313131313"",""r13"":""0x1414141414141414"",""r14"":""0x1515151515151515"",""r15"":""0x1616161616161616"",""r8"":""0x0808080808080808"",""r9"":""0x0909090909090909"",""rax"":""0x1122334455667788"",""rbp"":""0x778899aabbccddee"",""rbx"":""0xa1b2c3d4e5f60718"",""rcx"":""0x0000000000000003"",""rdi"":""data+4089"",""rdx"":""0x99aabbccddeeff00"",""rflags"":""0x0000000000000203"",""rsi"":""source+256"",""rsp"":""stack+32768""}","{""AF"":0,""CF"":1,""OF"":0,""PF"":0,""SF"":0,""ZF"":0}",False,rmw.run1.jsonl.gz: matching form/layout/cross_offset/continuation
A,page_and_cacheline_cross,measured,True,True,dec_16_lock,16,cross_rw_ro,1,4095,66f0ff0f,"[{""address"":""data+4096"",""error"":7,""execution_phase"":1,""fpstate_size"":2436,""gregs"":{""cr2"":""data+4096"",""csgsfs"":""0x002b000000000033"",""err"":""0x0000000000000007"",""oldmask"":""0x0000000000000000"",""r10"":""0x1010101010101010"",""r11"":""0x1212121212121212"",""r12"":""0x1313131313131313"",""r13"":""0x1414141414141414"",""r14"":""0x1515151515151515"",""r15"":""0x1616161616161616"",""r8"":""0x0808080808080808"",""r9"":""0x0909090909090909"",""rax"":""0x1122334455667788"",""rbp"":""0x778899aabbccddee"",""rbx"":""0xa1b2c3d4e5f60718"",""rcx"":""0x0000000000000003"",""rdi"":""data+4095"",""rdx"":""0x99aabbccddeeff00"",""rflags"":""0x0000000000010203"",""rip"":""code+0"",""rsi"":""source+256"",""rsp"":""stack+32768"",""trapno"":""0x000000000000000e""},""kernel_sigmask"":""0000000000000000"",""pages"":{""fill"":""11"",""page2_mapped"":true,""patches"":[],""size"":8192},""partial_write"":false,""si_code"":2,""signal"":11,""six_flags"":{""AF"":0,""CF"":1,""OF"":0,""PF"":0,""SF"":0,""ZF"":0},""trap"":14,""uc_flags"":7,""uc_link"":""0x0000000000000000"",""uc_stack"":{""flags"":0,""size"":65536,""sp"":""altstack+0""}}]","{""fill"":""11"",""page2_mapped"":true,""patches"":[],""size"":8192}","[{""address"":""data+4096"",""error"":7,""execution_phase"":1,""fpstate_size"":2436,""gregs"":{""cr2"":""data+4096"",""csgsfs"":""0x002b000000000033"",""err"":""0x0000000000000007"",""oldmask"":""0x0000000000000000"",""r10"":""0x1010101010101010"",""r11"":""0x1212121212121212"",""r12"":""0x1313131313131313"",""r13"":""0x1414141414141414"",""r14"":""0x1515151515151515"",""r15"":""0x1616161616161616"",""r8"":""0x0808080808080808"",""r9"":""0x0909090909090909"",""rax"":""0x1122334455667788"",""rbp"":""0x778899aabbccddee"",""rbx"":""0xa1b2c3d4e5f60718"",""rcx"":""0x0000000000000003"",""rdi"":""data+4095"",""rdx"":""0x99aabbccddeeff00"",""rflags"":""0x0000000000010203"",""rip"":""code+0"",""rsi"":""source+256"",""rsp"":""stack+32768"",""trapno"":""0x000000000000000e""},""kernel_sigmask"":""0000000000000000"",""pages"":{""fill"":""11"",""page2_mapped"":true,""patches"":[],""size"":8192},""partial_write"":false,""si_code"":2,""signal"":11,""six_flags"":{""AF"":0,""CF"":1,""OF"":0,""PF"":0,""SF"":0,""ZF"":0},""trap"":14,""uc_flags"":7,""uc_link"":""0x0000000000000000"",""uc_stack"":{""flags"":0,""size"":65536,""sp"":""altstack+0""}}]","0x3c across full destination footprint after mapping/protection repair, before sigreturn","{""fill"":""11"",""page2_mapped"":true,""patches"":[[4095,""3b3c""]],""size"":8192}","{""r10"":""0x1010101010101010"",""r11"":""0x1212121212121212"",""r12"":""0x1313131313131313"",""r13"":""0x1414141414141414"",""r14"":""0x1515151515151515"",""r15"":""0x1616161616161616"",""r8"":""0x0808080808080808"",""r9"":""0x0909090909090909"",""rax"":""0x1122334455667788"",""rbp"":""0x778899aabbccddee"",""rbx"":""0xa1b2c3d4e5f60718"",""rcx"":""0x0000000000000003"",""rdi"":""data+4095"",""rdx"":""0x99aabbccddeeff00"",""rflags"":""0x0000000000000203"",""rsi"":""source+256"",""rsp"":""stack+32768""}","{""AF"":0,""CF"":1,""OF"":0,""PF"":0,""SF"":0,""ZF"":0}",False,rmw.run1.jsonl.gz: matching form/layout/cross_offset/continuation
A,page_and_cacheline_cross,measured,True,True,dec_16_lock,16,cross_ro_rw,1,4095,66f0ff0f,"[{""address"":""data+4095"",""error"":7,""execution_phase"":1,""fpstate_size"":2436,""gregs"":{""cr2"":""data+4095"",""csgsfs"":""0x002b000000000033"",""err"":""0x0000000000000007"",""oldmask"":""0x0000000000000000"",""r10"":""0x1010101010101010"",""r11"":""0x1212121212121212"",""r12"":""0x1313131313131313"",""r13"":""0x1414141414141414"",""r14"":""0x1515151515151515"",""r15"":""0x1616161616161616"",""r8"":""0x0808080808080808"",""r9"":""0x0909090909090909"",""rax"":""0x1122334455667788"",""rbp"":""0x778899aabbccddee"",""rbx"":""0xa1b2c3d4e5f60718"",""rcx"":""0x0000000000000003"",""rdi"":""data+4095"",""rdx"":""0x99aabbccddeeff00"",""rflags"":""0x0000000000010203"",""rip"":""code+0"",""rsi"":""source+256"",""rsp"":""stack+32768"",""trapno"":""0x000000000000000e""},""kernel_sigmask"":""0000000000000000"",""pages"":{""fill"":""11"",""page2_mapped"":true,""patches"":[],""size"":8192},""partial_write"":false,""si_code"":2,""signal"":11,""six_flags"":{""AF"":0,""CF"":1,""OF"":0,""PF"":0,""SF"":0,""ZF"":0},""trap"":14,""uc_flags"":7,""uc_link"":""0x0000000000000000"",""uc_stack"":{""flags"":0,""size"":65536,""sp"":""altstack+0""}}]","{""fill"":""11"",""page2_mapped"":true,""patches"":[],""size"":8192}","[{""address"":""data+4095"",""error"":7,""execution_phase"":1,""fpstate_size"":2436,""gregs"":{""cr2"":""data+4095"",""csgsfs"":""0x002b000000000033"",""err"":""0x0000000000000007"",""oldmask"":""0x0000000000000000"",""r10"":""0x1010101010101010"",""r11"":""0x1212121212121212"",""r12"":""0x1313131313131313"",""r13"":""0x1414141414141414"",""r14"":""0x1515151515151515"",""r15"":""0x1616161616161616"",""r8"":""0x0808080808080808"",""r9"":""0x0909090909090909"",""rax"":""0x1122334455667788"",""rbp"":""0x778899aabbccddee"",""rbx"":""0xa1b2c3d4e5f60718"",""rcx"":""0x0000000000000003"",""rdi"":""data+4095"",""rdx"":""0x99aabbccddeeff00"",""rflags"":""0x0000000000010203"",""rip"":""code+0"",""rsi"":""source+256"",""rsp"":""stack+32768"",""trapno"":""0x000000000000000e""},""kernel_sigmask"":""0000000000000000"",""pages"":{""fill"":""11"",""page2_mapped"":true,""patches"":[],""size"":8192},""partial_write"":false,""si_code"":2,""signal"":11,""six_flags"":{""AF"":0,""CF"":1,""OF"":0,""PF"":0,""SF"":0,""ZF"":0},""trap"":14,""uc_flags"":7,""uc_link"":""0x0000000000000000"",""uc_stack"":{""flags"":0,""size"":65536,""sp"":""altstack+0""}}]","0x3c across full destination footprint after mapping/protection repair, before sigreturn","{""fill"":""11"",""page2_mapped"":true,""patches"":[[4095,""3b3c""]],""size"":8192}","{""r10"":""0x1010101010101010"",""r11"":""0x1212121212121212"",""r12"":""0x1313131313131313"",""r13"":""0x1414141414141414"",""r14"":""0x1515151515151515"",""r15"":""0x1616161616161616"",""r8"":""0x0808080808080808"",""r9"":""0x0909090909090909"",""rax"":""0x1122334455667788"",""rbp"":""0x778899aabbccddee"",""rbx"":""0xa1b2c3d4e5f60718"",""rcx"":""0x0000000000000003"",""rdi"":""data+4095"",""rdx"":""0x99aabbccddeeff00"",""rflags"":""0x0000000000000203"",""rsi"":""source+256"",""rsp"":""stack+32768""}","{""AF"":0,""CF"":1,""OF"":0,""PF"":0,""SF"":0,""ZF"":0}",False,rmw.run1.jsonl.gz: matching form/layout/cross_offset/continuation
A,page_and_cacheline_cross,measured,True,True,dec_32_lock,32,cross_rw_ro,1,4095,f0ff0f,"[{""address"":""data+4096"",""error"":7,""execution_phase"":1,""fpstate_size"":2436,""gregs"":{""cr2"":""data+4096"",""csgsfs"":""0x002b000000000033"",""err"":""0x0000000000000007"",""oldmask"":""0x0000000000000000"",""r10"":""0x1010101010101010"",""r11"":""0x1212121212121212"",""r12"":""0x1313131313131313"",""r13"":""0x1414141414141414"",""r14"":""0x1515151515151515"",""r15"":""0x1616161616161616"",""r8"":""0x0808080808080808"",""r9"":""0x0909090909090909"",""rax"":""0x1122334455667788"",""rbp"":""0x778899aabbccddee"",""rbx"":""0xa1b2c3d4e5f60718"",""rcx"":""0x0000000000000003"",""rdi"":""data+4095"",""rdx"":""0x99aabbccddeeff00"",""rflags"":""0x0000000000010203"",""rip"":""code+0"",""rsi"":""source+256"",""rsp"":""stack+32768"",""trapno"":""0x000000000000000e""},""kernel_sigmask"":""0000000000000000"",""pages"":{""fill"":""11"",""page2_mapped"":true,""patches"":[],""size"":8192},""partial_write"":false,""si_code"":2,""signal"":11,""six_flags"":{""AF"":0,""CF"":1,""OF"":0,""PF"":0,""SF"":0,""ZF"":0},""trap"":14,""uc_flags"":7,""uc_link"":""0x0000000000000000"",""uc_stack"":{""flags"":0,""size"":65536,""sp"":""altstack+0""}}]","{""fill"":""11"",""page2_mapped"":true,""patches"":[],""size"":8192}","[{""address"":""data+4096"",""error"":7,""execution_phase"":1,""fpstate_size"":2436,""gregs"":{""cr2"":""data+4096"",""csgsfs"":""0x002b000000000033"",""err"":""0x0000000000000007"",""oldmask"":""0x0000000000000000"",""r10"":""0x1010101010101010"",""r11"":""0x1212121212121212"",""r12"":""0x1313131313131313"",""r13"":""0x1414141414141414"",""r14"":""0x1515151515151515"",""r15"":""0x1616161616161616"",""r8"":""0x0808080808080808"",""r9"":""0x0909090909090909"",""rax"":""0x1122334455667788"",""rbp"":""0x778899aabbccddee"",""rbx"":""0xa1b2c3d4e5f60718"",""rcx"":""0x0000000000000003"",""rdi"":""data+4095"",""rdx"":""0x99aabbccddeeff00"",""rflags"":""0x0000000000010203"",""rip"":""code+0"",""rsi"":""source+256"",""rsp"":""stack+32768"",""trapno"":""0x000000000000000e""},""kernel_sigmask"":""0000000000000000"",""pages"":{""fill"":""11"",""page2_mapped"":true,""patches"":[],""size"":8192},""partial_write"":false,""si_code"":2,""signal"":11,""six_flags"":{""AF"":0,""CF"":1,""OF"":0,""PF"":0,""SF"":0,""ZF"":0},""trap"":14,""uc_flags"":7,""uc_link"":""0x0000000000000000"",""uc_stack"":{""flags"":0,""size"":65536,""sp"":""altstack+0""}}]","0x3c across full destination footprint after mapping/protection repair, before sigreturn","{""fill"":""11"",""page2_mapped"":true,""patches"":[[4095,""3b3c3c3c""]],""size"":8192}","{""r10"":""0x1010101010101010"",""r11"":""0x1212121212121212"",""r12"":""0x1313131313131313"",""r13"":""0x1414141414141414"",""r14"":""0x1515151515151515"",""r15"":""0x1616161616161616"",""r8"":""0x0808080808080808"",""r9"":""0x0909090909090909"",""rax"":""0x1122334455667788"",""rbp"":""0x778899aabbccddee"",""rbx"":""0xa1b2c3d4e5f60718"",""rcx"":""0x0000000000000003"",""rdi"":""data+4095"",""rdx"":""0x99aabbccddeeff00"",""rflags"":""0x0000000000000203"",""rsi"":""source+256"",""rsp"":""stack+32768""}","{""AF"":0,""CF"":1,""OF"":0,""PF"":0,""SF"":0,""ZF"":0}",False,rmw.run1.jsonl.gz: matching form/layout/cross_offset/continuation
A,page_and_cacheline_cross,measured,True,True,dec_32_lock,32,cross_rw_ro,2,4094,f0ff0f,"[{""address"":""data+4096"",""error"":7,""execution_phase"":1,""fpstate_size"":2436,""gregs"":{""cr2"":""data+4096"",""csgsfs"":""0x002b000000000033"",""err"":""0x0000000000000007"",""oldmask"":""0x0000000000000000"",""r10"":""0x1010101010101010"",""r11"":""0x1212121212121212"",""r12"":""0x1313131313131313"",""r13"":""0x1414141414141414"",""r14"":""0x1515151515151515"",""r15"":""0x1616161616161616"",""r8"":""0x0808080808080808"",""r9"":""0x0909090909090909"",""rax"":""0x1122334455667788"",""rbp"":""0x778899aabbccddee"",""rbx"":""0xa1b2c3d4e5f60718"",""rcx"":""0x0000000000000003"",""rdi"":""data+4094"",""rdx"":""0x99aabbccddeeff00"",""rflags"":""0x0000000000010203"",""rip"":""code+0"",""rsi"":""source+256"",""rsp"":""stack+32768"",""trapno"":""0x000000000000000e""},""kernel_sigmask"":""0000000000000000"",""pages"":{""fill"":""11"",""page2_mapped"":true,""patches"":[],""size"":8192},""partial_write"":false,""si_code"":2,""signal"":11,""six_flags"":{""AF"":0,""CF"":1,""OF"":0,""PF"":0,""SF"":0,""ZF"":0},""trap"":14,""uc_flags"":7,""uc_link"":""0x0000000000000000"",""uc_stack"":{""flags"":0,""size"":65536,""sp"":""altstack+0""}}]","{""fill"":""11"",""page2_mapped"":true,""patches"":[],""size"":8192}","[{""address"":""data+4096"",""error"":7,""execution_phase"":1,""fpstate_size"":2436,""gregs"":{""cr2"":""data+4096"",""csgsfs"":""0x002b000000000033"",""err"":""0x0000000000000007"",""oldmask"":""0x0000000000000000"",""r10"":""0x1010101010101010"",""r11"":""0x1212121212121212"",""r12"":""0x1313131313131313"",""r13"":""0x1414141414141414"",""r14"":""0x1515151515151515"",""r15"":""0x1616161616161616"",""r8"":""0x0808080808080808"",""r9"":""0x0909090909090909"",""rax"":""0x1122334455667788"",""rbp"":""0x778899aabbccddee"",""rbx"":""0xa1b2c3d4e5f60718"",""rcx"":""0x0000000000000003"",""rdi"":""data+4094"",""rdx"":""0x99aabbccddeeff00"",""rflags"":""0x0000000000010203"",""rip"":""code+0"",""rsi"":""source+256"",""rsp"":""stack+32768"",""trapno"":""0x000000000000000e""},""kernel_sigmask"":""0000000000000000"",""pages"":{""fill"":""11"",""page2_mapped"":true,""patches"":[],""size"":8192},""partial_write"":false,""si_code"":2,""signal"":11,""six_flags"":{""AF"":0,""CF"":1,""OF"":0,""PF"":0,""SF"":0,""ZF"":0},""trap"":14,""uc_flags"":7,""uc_link"":""0x0000000000000000"",""uc_stack"":{""flags"":0,""size"":65536,""sp"":""altstack+0""}}]","0x3c across full destination footprint after mapping/protection repair, before sigreturn","{""fill"":""11"",""page2_mapped"":true,""patches"":[[4094,""3b3c3c3c""]],""size"":8192}","{""r10"":""0x1010101010101010"",""r11"":""0x1212121212121212"",""r12"":""0x1313131313131313"",""r13"":""0x1414141414141414"",""r14"":""0x1515151515151515"",""r15"":""0x1616161616161616"",""r8"":""0x0808080808080808"",""r9"":""0x0909090909090909"",""rax"":""0x1122334455667788"",""rbp"":""0x778899aabbccddee"",""rbx"":""0xa1b2c3d4e5f60718"",""rcx"":""0x0000000000000003"",""rdi"":""data+4094"",""rdx"":""0x99aabbccddeeff00"",""rflags"":""0x0000000000000203"",""rsi"":""source+256"",""rsp"":""stack+32768""}","{""AF"":0,""CF"":1,""OF"":0,""PF"":0,""SF"":0,""ZF"":0}",False,rmw.run1.jsonl.gz: matching form/layout/cross_offset/continuation
A,page_and_cacheline_cross,measured,True,True,dec_32_lock,32,cross_rw_ro,3,4093,f0ff0f,"[{""address"":""data+4096"",""error"":7,""execution_phase"":1,""fpstate_size"":2436,""gregs"":{""cr2"":""data+4096"",""csgsfs"":""0x002b000000000033"",""err"":""0x0000000000000007"",""oldmask"":""0x0000000000000000"",""r10"":""0x1010101010101010"",""r11"":""0x1212121212121212"",""r12"":""0x1313131313131313"",""r13"":""0x1414141414141414"",""r14"":""0x1515151515151515"",""r15"":""0x1616161616161616"",""r8"":""0x0808080808080808"",""r9"":""0x0909090909090909"",""rax"":""0x1122334455667788"",""rbp"":""0x778899aabbccddee"",""rbx"":""0xa1b2c3d4e5f60718"",""rcx"":""0x0000000000000003"",""rdi"":""data+4093"",""rdx"":""0x99aabbccddeeff00"",""rflags"":""0x0000000000010203"",""rip"":""code+0"",""rsi"":""source+256"",""rsp"":""stack+32768"",""trapno"":""0x000000000000000e""},""kernel_sigmask"":""0000000000000000"",""pages"":{""fill"":""11"",""page2_mapped"":true,""patches"":[],""size"":8192},""partial_write"":false,""si_code"":2,""signal"":11,""six_flags"":{""AF"":0,""CF"":1,""OF"":0,""PF"":0,""SF"":0,""ZF"":0},""trap"":14,""uc_flags"":7,""uc_link"":""0x0000000000000000"",""uc_stack"":{""flags"":0,""size"":65536,""sp"":""altstack+0""}}]","{""fill"":""11"",""page2_mapped"":true,""patches"":[],""size"":8192}","[{""address"":""data+4096"",""error"":7,""execution_phase"":1,""fpstate_size"":2436,""gregs"":{""cr2"":""data+4096"",""csgsfs"":""0x002b000000000033"",""err"":""0x0000000000000007"",""oldmask"":""0x0000000000000000"",""r10"":""0x1010101010101010"",""r11"":""0x1212121212121212"",""r12"":""0x1313131313131313"",""r13"":""0x1414141414141414"",""r14"":""0x1515151515151515"",""r15"":""0x1616161616161616"",""r8"":""0x0808080808080808"",""r9"":""0x0909090909090909"",""rax"":""0x1122334455667788"",""rbp"":""0x778899aabbccddee"",""rbx"":""0xa1b2c3d4e5f60718"",""rcx"":""0x0000000000000003"",""rdi"":""data+4093"",""rdx"":""0x99aabbccddeeff00"",""rflags"":""0x0000000000010203"",""rip"":""code+0"",""rsi"":""source+256"",""rsp"":""stack+32768"",""trapno"":""0x000000000000000e""},""kernel_sigmask"":""0000000000000000"",""pages"":{""fill"":""11"",""page2_mapped"":true,""patches"":[],""size"":8192},""partial_write"":false,""si_code"":2,""signal"":11,""six_flags"":{""AF"":0,""CF"":1,""OF"":0,""PF"":0,""SF"":0,""ZF"":0},""trap"":14,""uc_flags"":7,""uc_link"":""0x0000000000000000"",""uc_stack"":{""flags"":0,""size"":65536,""sp"":""altstack+0""}}]","0x3c across full destination footprint after mapping/protection repair, before sigreturn","{""fill"":""11"",""page2_mapped"":true,""patches"":[[4093,""3b3c3c3c""]],""size"":8192}","{""r10"":""0x1010101010101010"",""r11"":""0x1212121212121212"",""r12"":""0x1313131313131313"",""r13"":""0x1414141414141414"",""r14"":""0x1515151515151515"",""r15"":""0x1616161616161616"",""r8"":""0x0808080808080808"",""r9"":""0x0909090909090909"",""rax"":""0x1122334455667788"",""rbp"":""0x778899aabbccddee"",""rbx"":""0xa1b2c3d4e5f60718"",""rcx"":""0x0000000000000003"",""rdi"":""data+4093"",""rdx"":""0x99aabbccddeeff00"",""rflags"":""0x0000000000000203"",""rsi"":""source+256"",""rsp"":""stack+32768""}","{""AF"":0,""CF"":1,""OF"":0,""PF"":0,""SF"":0,""ZF"":0}",False,rmw.run1.jsonl.gz: matching form/layout/cross_offset/continuation
A,page_and_cacheline_cross,measured,True,True,dec_32_lock,32,cross_ro_rw,1,4095,f0ff0f,"[{""address"":""data+4095"",""error"":7,""execution_phase"":1,""fpstate_size"":2436,""gregs"":{""cr2"":""data+4095"",""csgsfs"":""0x002b000000000033"",""err"":""0x0000000000000007"",""oldmask"":""0x0000000000000000"",""r10"":""0x1010101010101010"",""r11"":""0x1212121212121212"",""r12"":""0x1313131313131313"",""r13"":""0x1414141414141414"",""r14"":""0x1515151515151515"",""r15"":""0x1616161616161616"",""r8"":""0x0808080808080808"",""r9"":""0x0909090909090909"",""rax"":""0x1122334455667788"",""rbp"":""0x778899aabbccddee"",""rbx"":""0xa1b2c3d4e5f60718"",""rcx"":""0x0000000000000003"",""rdi"":""data+4095"",""rdx"":""0x99aabbccddeeff00"",""rflags"":""0x0000000000010203"",""rip"":""code+0"",""rsi"":""source+256"",""rsp"":""stack+32768"",""trapno"":""0x000000000000000e""},""kernel_sigmask"":""0000000000000000"",""pages"":{""fill"":""11"",""page2_mapped"":true,""patches"":[],""size"":8192},""partial_write"":false,""si_code"":2,""signal"":11,""six_flags"":{""AF"":0,""CF"":1,""OF"":0,""PF"":0,""SF"":0,""ZF"":0},""trap"":14,""uc_flags"":7,""uc_link"":""0x0000000000000000"",""uc_stack"":{""flags"":0,""size"":65536,""sp"":""altstack+0""}}]","{""fill"":""11"",""page2_mapped"":true,""patches"":[],""size"":8192}","[{""address"":""data+4095"",""error"":7,""execution_phase"":1,""fpstate_size"":2436,""gregs"":{""cr2"":""data+4095"",""csgsfs"":""0x002b000000000033"",""err"":""0x0000000000000007"",""oldmask"":""0x0000000000000000"",""r10"":""0x1010101010101010"",""r11"":""0x1212121212121212"",""r12"":""0x1313131313131313"",""r13"":""0x1414141414141414"",""r14"":""0x1515151515151515"",""r15"":""0x1616161616161616"",""r8"":""0x0808080808080808"",""r9"":""0x0909090909090909"",""rax"":""0x1122334455667788"",""rbp"":""0x778899aabbccddee"",""rbx"":""0xa1b2c3d4e5f60718"",""rcx"":""0x0000000000000003"",""rdi"":""data+4095"",""rdx"":""0x99aabbccddeeff00"",""rflags"":""0x0000000000010203"",""rip"":""code+0"",""rsi"":""source+256"",""rsp"":""stack+32768"",""trapno"":""0x000000000000000e""},""kernel_sigmask"":""0000000000000000"",""pages"":{""fill"":""11"",""page2_mapped"":true,""patches"":[],""size"":8192},""partial_write"":false,""si_code"":2,""signal"":11,""six_flags"":{""AF"":0,""CF"":1,""OF"":0,""PF"":0,""SF"":0,""ZF"":0},""trap"":14,""uc_flags"":7,""uc_link"":""0x0000000000000000"",""uc_stack"":{""flags"":0,""size"":65536,""sp"":""altstack+0""}}]","0x3c across full destination footprint after mapping/protection repair, before sigreturn","{""fill"":""11"",""page2_mapped"":true,""patches"":[[4095,""3b3c3c3c""]],""size"":8192}","{""r10"":""0x1010101010101010"",""r11"":""0x1212121212121212"",""r12"":""0x1313131313131313"",""r13"":""0x1414141414141414"",""r14"":""0x1515151515151515"",""r15"":""0x1616161616161616"",""r8"":""0x0808080808080808"",""r9"":""0x0909090909090909"",""rax"":""0x1122334455667788"",""rbp"":""0x778899aabbccddee"",""rbx"":""0xa1b2c3d4e5f60718"",""rcx"":""0x0000000000000003"",""rdi"":""data+4095"",""rdx"":""0x99aabbccddeeff00"",""rflags"":""0x0000000000000203"",""rsi"":""source+256"",""rsp"":""stack+32768""}","{""AF"":0,""CF"":1,""OF"":0,""PF"":0,""SF"":0,""ZF"":0}",False,rmw.run1.jsonl.gz: matching form/layout/cross_offset/continuation
A,page_and_cacheline_cross,measured,True,True,dec_32_lock,32,cross_ro_rw,2,4094,f0ff0f,"[{""address"":""data+4094"",""error"":7,""execution_phase"":1,""fpstate_size"":2436,""gregs"":{""cr2"":""data+4094"",""csgsfs"":""0x002b000000000033"",""err"":""0x0000000000000007"",""oldmask"":""0x0000000000000000"",""r10"":""0x1010101010101010"",""r11"":""0x1212121212121212"",""r12"":""0x1313131313131313"",""r13"":""0x1414141414141414"",""r14"":""0x1515151515151515"",""r15"":""0x1616161616161616"",""r8"":""0x0808080808080808"",""r9"":""0x0909090909090909"",""rax"":""0x1122334455667788"",""rbp"":""0x778899aabbccddee"",""rbx"":""0xa1b2c3d4e5f60718"",""rcx"":""0x0000000000000003"",""rdi"":""data+4094"",""rdx"":""0x99aabbccddeeff00"",""rflags"":""0x0000000000010203"",""rip"":""code+0"",""rsi"":""source+256"",""rsp"":""stack+32768"",""trapno"":""0x000000000000000e""},""kernel_sigmask"":""0000000000000000"",""pages"":{""fill"":""11"",""page2_mapped"":true,""patches"":[],""size"":8192},""partial_write"":false,""si_code"":2,""signal"":11,""six_flags"":{""AF"":0,""CF"":1,""OF"":0,""PF"":0,""SF"":0,""ZF"":0},""trap"":14,""uc_flags"":7,""uc_link"":""0x0000000000000000"",""uc_stack"":{""flags"":0,""size"":65536,""sp"":""altstack+0""}}]","{""fill"":""11"",""page2_mapped"":true,""patches"":[],""size"":8192}","[{""address"":""data+4094"",""error"":7,""execution_phase"":1,""fpstate_size"":2436,""gregs"":{""cr2"":""data+4094"",""csgsfs"":""0x002b000000000033"",""err"":""0x0000000000000007"",""oldmask"":""0x0000000000000000"",""r10"":""0x1010101010101010"",""r11"":""0x1212121212121212"",""r12"":""0x1313131313131313"",""r13"":""0x1414141414141414"",""r14"":""0x1515151515151515"",""r15"":""0x1616161616161616"",""r8"":""0x0808080808080808"",""r9"":""0x0909090909090909"",""rax"":""0x1122334455667788"",""rbp"":""0x778899aabbccddee"",""rbx"":""0xa1b2c3d4e5f60718"",""rcx"":""0x0000000000000003"",""rdi"":""data+4094"",""rdx"":""0x99aabbccddeeff00"",""rflags"":""0x0000000000010203"",""rip"":""code+0"",""rsi"":""source+256"",""rsp"":""stack+32768"",""trapno"":""0x000000000000000e""},""kernel_sigmask"":""0000000000000000"",""pages"":{""fill"":""11"",""page2_mapped"":true,""patches"":[],""size"":8192},""partial_write"":false,""si_code"":2,""signal"":11,""six_flags"":{""AF"":0,""CF"":1,""OF"":0,""PF"":0,""SF"":0,""ZF"":0},""trap"":14,""uc_flags"":7,""uc_link"":""0x0000000000000000"",""uc_stack"":{""flags"":0,""size"":65536,""sp"":""altstack+0""}}]","0x3c across full destination footprint after mapping/protection repair, before sigreturn","{""fill"":""11"",""page2_mapped"":true,""patches"":[[4094,""3b3c3c3c""]],""size"":8192}","{""r10"":""0x1010101010101010"",""r11"":""0x1212121212121212"",""r12"":""0x1313131313131313"",""r13"":""0x1414141414141414"",""r14"":""0x1515151515151515"",""r15"":""0x1616161616161616"",""r8"":""0x0808080808080808"",""r9"":""0x0909090909090909"",""rax"":""0x1122334455667788"",""rbp"":""0x778899aabbccddee"",""rbx"":""0xa1b2c3d4e5f60718"",""rcx"":""0x0000000000000003"",""rdi"":""data+4094"",""rdx"":""0x99aabbccddeeff00"",""rflags"":""0x0000000000000203"",""rsi"":""source+256"",""rsp"":""stack+32768""}","{""AF"":0,""CF"":1,""OF"":0,""PF"":0,""SF"":0,""ZF"":0}",False,rmw.run1.jsonl.gz: matching form/layout/cross_offset/continuation
A,page_and_cacheline_cross,measured,True,True,dec_32_lock,32,cross_ro_rw,3,4093,f0ff0f,"[{""address"":""data+4093"",""error"":7,""execution_phase"":1,""fpstate_size"":2436,""gregs"":{""cr2"":""data+4093"",""csgsfs"":""0x002b000000000033"",""err"":""0x0000000000000007"",""oldmask"":""0x0000000000000000"",""r10"":""0x1010101010101010"",""r11"":""0x1212121212121212"",""r12"":""0x1313131313131313"",""r13"":""0x1414141414141414"",""r14"":""0x1515151515151515"",""r15"":""0x1616161616161616"",""r8"":""0x0808080808080808"",""r9"":""0x0909090909090909"",""rax"":""0x1122334455667788"",""rbp"":""0x778899aabbccddee"",""rbx"":""0xa1b2c3d4e5f60718"",""rcx"":""0x0000000000000003"",""rdi"":""data+4093"",""rdx"":""0x99aabbccddeeff00"",""rflags"":""0x0000000000010203"",""rip"":""code+0"",""rsi"":""source+256"",""rsp"":""stack+32768"",""trapno"":""0x000000000000000e""},""kernel_sigmask"":""0000000000000000"",""pages"":{""fill"":""11"",""page2_mapped"":true,""patches"":[],""size"":8192},""partial_write"":false,""si_code"":2,""signal"":11,""six_flags"":{""AF"":0,""CF"":1,""OF"":0,""PF"":0,""SF"":0,""ZF"":0},""trap"":14,""uc_flags"":7,""uc_link"":""0x0000000000000000"",""uc_stack"":{""flags"":0,""size"":65536,""sp"":""altstack+0""}}]","{""fill"":""11"",""page2_mapped"":true,""patches"":[],""size"":8192}","[{""address"":""data+4093"",""error"":7,""execution_phase"":1,""fpstate_size"":2436,""gregs"":{""cr2"":""data+4093"",""csgsfs"":""0x002b000000000033"",""err"":""0x0000000000000007"",""oldmask"":""0x0000000000000000"",""r10"":""0x1010101010101010"",""r11"":""0x1212121212121212"",""r12"":""0x1313131313131313"",""r13"":""0x1414141414141414"",""r14"":""0x1515151515151515"",""r15"":""0x1616161616161616"",""r8"":""0x0808080808080808"",""r9"":""0x0909090909090909"",""rax"":""0x1122334455667788"",""rbp"":""0x778899aabbccddee"",""rbx"":""0xa1b2c3d4e5f60718"",""rcx"":""0x0000000000000003"",""rdi"":""data+4093"",""rdx"":""0x99aabbccddeeff00"",""rflags"":""0x0000000000010203"",""rip"":""code+0"",""rsi"":""source+256"",""rsp"":""stack+32768"",""trapno"":""0x000000000000000e""},""kernel_sigmask"":""0000000000000000"",""pages"":{""fill"":""11"",""page2_mapped"":true,""patches"":[],""size"":8192},""partial_write"":false,""si_code"":2,""signal"":11,""six_flags"":{""AF"":0,""CF"":1,""OF"":0,""PF"":0,""SF"":0,""ZF"":0},""trap"":14,""uc_flags"":7,""uc_link"":""0x0000000000000000"",""uc_stack"":{""flags"":0,""size"":65536,""sp"":""altstack+0""}}]","0x3c across full destination footprint after mapping/protection repair, before sigreturn","{""fill"":""11"",""page2_mapped"":true,""patches"":[[4093,""3b3c3c3c""]],""size"":8192}","{""r10"":""0x1010101010101010"",""r11"":""0x1212121212121212"",""r12"":""0x1313131313131313"",""r13"":""0x1414141414141414"",""r14"":""0x1515151515151515"",""r15"":""0x1616161616161616"",""r8"":""0x0808080808080808"",""r9"":""0x0909090909090909"",""rax"":""0x1122334455667788"",""rbp"":""0x778899aabbccddee"",""rbx"":""0xa1b2c3d4e5f60718"",""rcx"":""0x0000000000000003"",""rdi"":""data+4093"",""rdx"":""0x99aabbccddeeff00"",""rflags"":""0x0000000000000203"",""rsi"":""source+256"",""rsp"":""stack+32768""}","{""AF"":0,""CF"":1,""OF"":0,""PF"":0,""SF"":0,""ZF"":0}",False,rmw.run1.jsonl.gz: matching form/layout/cross_offset/continuation
A,page_and_cacheline_cross,measured,True,True,dec_64_lock,64,cross_rw_ro,1,4095,f048ff0f,"[{""address"":""data+4096"",""error"":7,""execution_phase"":1,""fpstate_size"":2436,""gregs"":{""cr2"":""data+4096"",""csgsfs"":""0x002b000000000033"",""err"":""0x0000000000000007"",""oldmask"":""0x0000000000000000"",""r10"":""0x1010101010101010"",""r11"":""0x1212121212121212"",""r12"":""0x1313131313131313"",""r13"":""0x1414141414141414"",""r14"":""0x1515151515151515"",""r15"":""0x1616161616161616"",""r8"":""0x0808080808080808"",""r9"":""0x0909090909090909"",""rax"":""0x1122334455667788"",""rbp"":""0x778899aabbccddee"",""rbx"":""0xa1b2c3d4e5f60718"",""rcx"":""0x0000000000000003"",""rdi"":""data+4095"",""rdx"":""0x99aabbccddeeff00"",""rflags"":""0x0000000000010203"",""rip"":""code+0"",""rsi"":""source+256"",""rsp"":""stack+32768"",""trapno"":""0x000000000000000e""},""kernel_sigmask"":""0000000000000000"",""pages"":{""fill"":""11"",""page2_mapped"":true,""patches"":[],""size"":8192},""partial_write"":false,""si_code"":2,""signal"":11,""six_flags"":{""AF"":0,""CF"":1,""OF"":0,""PF"":0,""SF"":0,""ZF"":0},""trap"":14,""uc_flags"":7,""uc_link"":""0x0000000000000000"",""uc_stack"":{""flags"":0,""size"":65536,""sp"":""altstack+0""}}]","{""fill"":""11"",""page2_mapped"":true,""patches"":[],""size"":8192}","[{""address"":""data+4096"",""error"":7,""execution_phase"":1,""fpstate_size"":2436,""gregs"":{""cr2"":""data+4096"",""csgsfs"":""0x002b000000000033"",""err"":""0x0000000000000007"",""oldmask"":""0x0000000000000000"",""r10"":""0x1010101010101010"",""r11"":""0x1212121212121212"",""r12"":""0x1313131313131313"",""r13"":""0x1414141414141414"",""r14"":""0x1515151515151515"",""r15"":""0x1616161616161616"",""r8"":""0x0808080808080808"",""r9"":""0x0909090909090909"",""rax"":""0x1122334455667788"",""rbp"":""0x778899aabbccddee"",""rbx"":""0xa1b2c3d4e5f60718"",""rcx"":""0x0000000000000003"",""rdi"":""data+4095"",""rdx"":""0x99aabbccddeeff00"",""rflags"":""0x0000000000010203"",""rip"":""code+0"",""rsi"":""source+256"",""rsp"":""stack+32768"",""trapno"":""0x000000000000000e""},""kernel_sigmask"":""0000000000000000"",""pages"":{""fill"":""11"",""page2_mapped"":true,""patches"":[],""size"":8192},""partial_write"":false,""si_code"":2,""signal"":11,""six_flags"":{""AF"":0,""CF"":1,""OF"":0,""PF"":0,""SF"":0,""ZF"":0},""trap"":14,""uc_flags"":7,""uc_link"":""0x0000000000000000"",""uc_stack"":{""flags"":0,""size"":65536,""sp"":""altstack+0""}}]","0x3c across full destination footprint after mapping/protection repair, before sigreturn","{""fill"":""11"",""page2_mapped"":true,""patches"":[[4095,""3b3c3c3c3c3c3c3c""]],""size"":8192}","{""r10"":""0x1010101010101010"",""r11"":""0x1212121212121212"",""r12"":""0x1313131313131313"",""r13"":""0x1414141414141414"",""r14"":""0x1515151515151515"",""r15"":""0x1616161616161616"",""r8"":""0x0808080808080808"",""r9"":""0x0909090909090909"",""rax"":""0x1122334455667788"",""rbp"":""0x778899aabbccddee"",""rbx"":""0xa1b2c3d4e5f60718"",""rcx"":""0x0000000000000003"",""rdi"":""data+4095"",""rdx"":""0x99aabbccddeeff00"",""rflags"":""0x0000000000000203"",""rsi"":""source+256"",""rsp"":""stack+32768""}","{""AF"":0,""CF"":1,""OF"":0,""PF"":0,""SF"":0,""ZF"":0}",False,rmw.run1.jsonl.gz: matching form/layout/cross_offset/continuation
A,page_and_cacheline_cross,measured,True,True,dec_64_lock,64,cross_rw_ro,2,4094,f048ff0f,"[{""address"":""data+4096"",""error"":7,""execution_phase"":1,""fpstate_size"":2436,""gregs"":{""cr2"":""data+4096"",""csgsfs"":""0x002b000000000033"",""err"":""0x0000000000000007"",""oldmask"":""0x0000000000000000"",""r10"":""0x1010101010101010"",""r11"":""0x1212121212121212"",""r12"":""0x1313131313131313"",""r13"":""0x1414141414141414"",""r14"":""0x1515151515151515"",""r15"":""0x1616161616161616"",""r8"":""0x0808080808080808"",""r9"":""0x0909090909090909"",""rax"":""0x1122334455667788"",""rbp"":""0x778899aabbccddee"",""rbx"":""0xa1b2c3d4e5f60718"",""rcx"":""0x0000000000000003"",""rdi"":""data+4094"",""rdx"":""0x99aabbccddeeff00"",""rflags"":""0x0000000000010203"",""rip"":""code+0"",""rsi"":""source+256"",""rsp"":""stack+32768"",""trapno"":""0x000000000000000e""},""kernel_sigmask"":""0000000000000000"",""pages"":{""fill"":""11"",""page2_mapped"":true,""patches"":[],""size"":8192},""partial_write"":false,""si_code"":2,""signal"":11,""six_flags"":{""AF"":0,""CF"":1,""OF"":0,""PF"":0,""SF"":0,""ZF"":0},""trap"":14,""uc_flags"":7,""uc_link"":""0x0000000000000000"",""uc_stack"":{""flags"":0,""size"":65536,""sp"":""altstack+0""}}]","{""fill"":""11"",""page2_mapped"":true,""patches"":[],""size"":8192}","[{""address"":""data+4096"",""error"":7,""execution_phase"":1,""fpstate_size"":2436,""gregs"":{""cr2"":""data+4096"",""csgsfs"":""0x002b000000000033"",""err"":""0x0000000000000007"",""oldmask"":""0x0000000000000000"",""r10"":""0x1010101010101010"",""r11"":""0x1212121212121212"",""r12"":""0x1313131313131313"",""r13"":""0x1414141414141414"",""r14"":""0x1515151515151515"",""r15"":""0x1616161616161616"",""r8"":""0x0808080808080808"",""r9"":""0x0909090909090909"",""rax"":""0x1122334455667788"",""rbp"":""0x778899aabbccddee"",""rbx"":""0xa1b2c3d4e5f60718"",""rcx"":""0x0000000000000003"",""rdi"":""data+4094"",""rdx"":""0x99aabbccddeeff00"",""rflags"":""0x0000000000010203"",""rip"":""code+0"",""rsi"":""source+256"",""rsp"":""stack+32768"",""trapno"":""0x000000000000000e""},""kernel_sigmask"":""0000000000000000"",""pages"":{""fill"":""11"",""page2_mapped"":true,""patches"":[],""size"":8192},""partial_write"":false,""si_code"":2,""signal"":11,""six_flags"":{""AF"":0,""CF"":1,""OF"":0,""PF"":0,""SF"":0,""ZF"":0},""trap"":14,""uc_flags"":7,""uc_link"":""0x0000000000000000"",""uc_stack"":{""flags"":0,""size"":65536,""sp"":""altstack+0""}}]","0x3c across full destination footprint after mapping/protection repair, before sigreturn","{""fill"":""11"",""page2_mapped"":true,""patches"":[[4094,""3b3c3c3c3c3c3c3c""]],""size"":8192}","{""r10"":""0x1010101010101010"",""r11"":""0x1212121212121212"",""r12"":""0x1313131313131313"",""r13"":""0x1414141414141414"",""r14"":""0x1515151515151515"",""r15"":""0x1616161616161616"",""r8"":""0x0808080808080808"",""r9"":""0x0909090909090909"",""rax"":""0x1122334455667788"",""rbp"":""0x778899aabbccddee"",""rbx"":""0xa1b2c3d4e5f60718"",""rcx"":""0x0000000000000003"",""rdi"":""data+4094"",""rdx"":""0x99aabbccddeeff00"",""rflags"":""0x0000000000000203"",""rsi"":""source+256"",""rsp"":""stack+32768""}","{""AF"":0,""CF"":1,""OF"":0,""PF"":0,""SF"":0,""ZF"":0}",False,rmw.run1.jsonl.gz: matching form/layout/cross_offset/continuation
A,page_and_cacheline_cross,measured,True,True,dec_64_lock,64,cross_rw_ro,3,4093,f048ff0f,"[{""address"":""data+4096"",""error"":7,""execution_phase"":1,""fpstate_size"":2436,""gregs"":{""cr2"":""data+4096"",""csgsfs"":""0x002b000000000033"",""err"":""0x0000000000000007"",""oldmask"":""0x0000000000000000"",""r10"":""0x1010101010101010"",""r11"":""0x1212121212121212"",""r12"":""0x1313131313131313"",""r13"":""0x1414141414141414"",""r14"":""0x1515151515151515"",""r15"":""0x1616161616161616"",""r8"":""0x0808080808080808"",""r9"":""0x0909090909090909"",""rax"":""0x1122334455667788"",""rbp"":""0x778899aabbccddee"",""rbx"":""0xa1b2c3d4e5f60718"",""rcx"":""0x0000000000000003"",""rdi"":""data+4093"",""rdx"":""0x99aabbccddeeff00"",""rflags"":""0x0000000000010203"",""rip"":""code+0"",""rsi"":""source+256"",""rsp"":""stack+32768"",""trapno"":""0x000000000000000e""},""kernel_sigmask"":""0000000000000000"",""pages"":{""fill"":""11"",""page2_mapped"":true,""patches"":[],""size"":8192},""partial_write"":false,""si_code"":2,""signal"":11,""six_flags"":{""AF"":0,""CF"":1,""OF"":0,""PF"":0,""SF"":0,""ZF"":0},""trap"":14,""uc_flags"":7,""uc_link"":""0x0000000000000000"",""uc_stack"":{""flags"":0,""size"":65536,""sp"":""altstack+0""}}]","{""fill"":""11"",""page2_mapped"":true,""patches"":[],""size"":8192}","[{""address"":""data+4096"",""error"":7,""execution_phase"":1,""fpstate_size"":2436,""gregs"":{""cr2"":""data+4096"",""csgsfs"":""0x002b000000000033"",""err"":""0x0000000000000007"",""oldmask"":""0x0000000000000000"",""r10"":""0x1010101010101010"",""r11"":""0x1212121212121212"",""r12"":""0x1313131313131313"",""r13"":""0x1414141414141414"",""r14"":""0x1515151515151515"",""r15"":""0x1616161616161616"",""r8"":""0x0808080808080808"",""r9"":""0x0909090909090909"",""rax"":""0x1122334455667788"",""rbp"":""0x778899aabbccddee"",""rbx"":""0xa1b2c3d4e5f60718"",""rcx"":""0x0000000000000003"",""rdi"":""data+4093"",""rdx"":""0x99aabbccddeeff00"",""rflags"":""0x0000000000010203"",""rip"":""code+0"",""rsi"":""source+256"",""rsp"":""stack+32768"",""trapno"":""0x000000000000000e""},""kernel_sigmask"":""0000000000000000"",""pages"":{""fill"":""11"",""page2_mapped"":true,""patches"":[],""size"":8192},""partial_write"":false,""si_code"":2,""signal"":11,""six_flags"":{""AF"":0,""CF"":1,""OF"":0,""PF"":0,""SF"":0,""ZF"":0},""trap"":14,""uc_flags"":7,""uc_link"":""0x0000000000000000"",""uc_stack"":{""flags"":0,""size"":65536,""sp"":""altstack+0""}}]","0x3c across full destination footprint after mapping/protection repair, before sigreturn","{""fill"":""11"",""page2_mapped"":true,""patches"":[[4093,""3b3c3c3c3c3c3c3c""]],""size"":8192}","{""r10"":""0x1010101010101010"",""r11"":""0x1212121212121212"",""r12"":""0x1313131313131313"",""r13"":""0x1414141414141414"",""r14"":""0x1515151515151515"",""r15"":""0x1616161616161616"",""r8"":""0x0808080808080808"",""r9"":""0x0909090909090909"",""rax"":""0x1122334455667788"",""rbp"":""0x778899aabbccddee"",""rbx"":""0xa1b2c3d4e5f60718"",""rcx"":""0x0000000000000003"",""rdi"":""data+4093"",""rdx"":""0x99aabbccddeeff00"",""rflags"":""0x0000000000000203"",""rsi"":""source+256"",""rsp"":""stack+32768""}","{""AF"":0,""CF"":1,""OF"":0,""PF"":0,""SF"":0,""ZF"":0}",False,rmw.run1.jsonl.gz: matching form/layout/cross_offset/continuation
A,page_and_cacheline_cross,measured,True,True,dec_64_lock,64,cross_rw_ro,4,4092,f048ff0f,"[{""address"":""data+4096"",""error"":7,""execution_phase"":1,""fpstate_size"":2436,""gregs"":{""cr2"":""data+4096"",""csgsfs"":""0x002b000000000033"",""err"":""0x0000000000000007"",""oldmask"":""0x0000000000000000"",""r10"":""0x1010101010101010"",""r11"":""0x1212121212121212"",""r12"":""0x1313131313131313"",""r13"":""0x1414141414141414"",""r14"":""0x1515151515151515"",""r15"":""0x1616161616161616"",""r8"":""0x0808080808080808"",""r9"":""0x0909090909090909"",""rax"":""0x1122334455667788"",""rbp"":""0x778899aabbccddee"",""rbx"":""0xa1b2c3d4e5f60718"",""rcx"":""0x0000000000000003"",""rdi"":""data+4092"",""rdx"":""0x99aabbccddeeff00"",""rflags"":""0x0000000000010203"",""rip"":""code+0"",""rsi"":""source+256"",""rsp"":""stack+32768"",""trapno"":""0x000000000000000e""},""kernel_sigmask"":""0000000000000000"",""pages"":{""fill"":""11"",""page2_mapped"":true,""patches"":[],""size"":8192},""partial_write"":false,""si_code"":2,""signal"":11,""six_flags"":{""AF"":0,""CF"":1,""OF"":0,""PF"":0,""SF"":0,""ZF"":0},""trap"":14,""uc_flags"":7,""uc_link"":""0x0000000000000000"",""uc_stack"":{""flags"":0,""size"":65536,""sp"":""altstack+0""}}]","{""fill"":""11"",""page2_mapped"":true,""patches"":[],""size"":8192}","[{""address"":""data+4096"",""error"":7,""execution_phase"":1,""fpstate_size"":2436,""gregs"":{""cr2"":""data+4096"",""csgsfs"":""0x002b000000000033"",""err"":""0x0000000000000007"",""oldmask"":""0x0000000000000000"",""r10"":""0x1010101010101010"",""r11"":""0x1212121212121212"",""r12"":""0x1313131313131313"",""r13"":""0x1414141414141414"",""r14"":""0x1515151515151515"",""r15"":""0x1616161616161616"",""r8"":""0x0808080808080808"",""r9"":""0x0909090909090909"",""rax"":""0x1122334455667788"",""rbp"":""0x778899aabbccddee"",""rbx"":""0xa1b2c3d4e5f60718"",""rcx"":""0x0000000000000003"",""rdi"":""data+4092"",""rdx"":""0x99aabbccddeeff00"",""rflags"":""0x0000000000010203"",""rip"":""code+0"",""rsi"":""source+256"",""rsp"":""stack+32768"",""trapno"":""0x000000000000000e""},""kernel_sigmask"":""0000000000000000"",""pages"":{""fill"":""11"",""page2_mapped"":true,""patches"":[],""size"":8192},""partial_write"":false,""si_code"":2,""signal"":11,""six_flags"":{""AF"":0,""CF"":1,""OF"":0,""PF"":0,""SF"":0,""ZF"":0},""trap"":14,""uc_flags"":7,""uc_link"":""0x0000000000000000"",""uc_stack"":{""flags"":0,""size"":65536,""sp"":""altstack+0""}}]","0x3c across full destination footprint after mapping/protection repair, before sigreturn","{""fill"":""11"",""page2_mapped"":true,""patches"":[[4092,""3b3c3c3c3c3c3c3c""]],""size"":8192}","{""r10"":""0x1010101010101010"",""r11"":""0x1212121212121212"",""r12"":""0x1313131313131313"",""r13"":""0x1414141414141414"",""r14"":""0x1515151515151515"",""r15"":""0x1616161616161616"",""r8"":""0x0808080808080808"",""r9"":""0x0909090909090909"",""rax"":""0x1122334455667788"",""rbp"":""0x778899aabbccddee"",""rbx"":""0xa1b2c3d4e5f60718"",""rcx"":""0x0000000000000003"",""rdi"":""data+4092"",""rdx"":""0x99aabbccddeeff00"",""rflags"":""0x0000000000000203"",""rsi"":""source+256"",""rsp"":""stack+32768""}","{""AF"":0,""CF"":1,""OF"":0,""PF"":0,""SF"":0,""ZF"":0}",False,rmw.run1.jsonl.gz: matching form/layout/cross_offset/continuation
A,page_and_cacheline_cross,measured,True,True,dec_64_lock,64,cross_rw_ro,5,4091,f048ff0f,"[{""address"":""data+4096"",""error"":7,""execution_phase"":1,""fpstate_size"":2436,""gregs"":{""cr2"":""data+4096"",""csgsfs"":""0x002b000000000033"",""err"":""0x0000000000000007"",""oldmask"":""0x0000000000000000"",""r10"":""0x1010101010101010"",""r11"":""0x1212121212121212"",""r12"":""0x1313131313131313"",""r13"":""0x1414141414141414"",""r14"":""0x1515151515151515"",""r15"":""0x1616161616161616"",""r8"":""0x0808080808080808"",""r9"":""0x0909090909090909"",""rax"":""0x1122334455667788"",""rbp"":""0x778899aabbccddee"",""rbx"":""0xa1b2c3d4e5f60718"",""rcx"":""0x0000000000000003"",""rdi"":""data+4091"",""rdx"":""0x99aabbccddeeff00"",""rflags"":""0x0000000000010203"",""rip"":""code+0"",""rsi"":""source+256"",""rsp"":""stack+32768"",""trapno"":""0x000000000000000e""},""kernel_sigmask"":""0000000000000000"",""pages"":{""fill"":""11"",""page2_mapped"":true,""patches"":[],""size"":8192},""partial_write"":false,""si_code"":2,""signal"":11,""six_flags"":{""AF"":0,""CF"":1,""OF"":0,""PF"":0,""SF"":0,""ZF"":0},""trap"":14,""uc_flags"":7,""uc_link"":""0x0000000000000000"",""uc_stack"":{""flags"":0,""size"":65536,""sp"":""altstack+0""}}]","{""fill"":""11"",""page2_mapped"":true,""patches"":[],""size"":8192}","[{""address"":""data+4096"",""error"":7,""execution_phase"":1,""fpstate_size"":2436,""gregs"":{""cr2"":""data+4096"",""csgsfs"":""0x002b000000000033"",""err"":""0x0000000000000007"",""oldmask"":""0x0000000000000000"",""r10"":""0x1010101010101010"",""r11"":""0x1212121212121212"",""r12"":""0x1313131313131313"",""r13"":""0x1414141414141414"",""r14"":""0x1515151515151515"",""r15"":""0x1616161616161616"",""r8"":""0x0808080808080808"",""r9"":""0x0909090909090909"",""rax"":""0x1122334455667788"",""rbp"":""0x778899aabbccddee"",""rbx"":""0xa1b2c3d4e5f60718"",""rcx"":""0x0000000000000003"",""rdi"":""data+4091"",""rdx"":""0x99aabbccddeeff00"",""rflags"":""0x0000000000010203"",""rip"":""code+0"",""rsi"":""source+256"",""rsp"":""stack+32768"",""trapno"":""0x000000000000000e""},""kernel_sigmask"":""0000000000000000"",""pages"":{""fill"":""11"",""page2_mapped"":true,""patches"":[],""size"":8192},""partial_write"":false,""si_code"":2,""signal"":11,""six_flags"":{""AF"":0,""CF"":1,""OF"":0,""PF"":0,""SF"":0,""ZF"":0},""trap"":14,""uc_flags"":7,""uc_link"":""0x0000000000000000"",""uc_stack"":{""flags"":0,""size"":65536,""sp"":""altstack+0""}}]","0x3c across full destination footprint after mapping/protection repair, before sigreturn","{""fill"":""11"",""page2_mapped"":true,""patches"":[[4091,""3b3c3c3c3c3c3c3c""]],""size"":8192}","{""r10"":""0x1010101010101010"",""r11"":""0x1212121212121212"",""r12"":""0x1313131313131313"",""r13"":""0x1414141414141414"",""r14"":""0x1515151515151515"",""r15"":""0x1616161616161616"",""r8"":""0x0808080808080808"",""r9"":""0x0909090909090909"",""rax"":""0x1122334455667788"",""rbp"":""0x778899aabbccddee"",""rbx"":""0xa1b2c3d4e5f60718"",""rcx"":""0x0000000000000003"",""rdi"":""data+4091"",""rdx"":""0x99aabbccddeeff00"",""rflags"":""0x0000000000000203"",""rsi"":""source+256"",""rsp"":""stack+32768""}","{""AF"":0,""CF"":1,""OF"":0,""PF"":0,""SF"":0,""ZF"":0}",False,rmw.run1.jsonl.gz: matching form/layout/cross_offset/continuation
A,page_and_cacheline_cross,measured,True,True,dec_64_lock,64,cross_rw_ro,6,4090,f048ff0f,"[{""address"":""data+4096"",""error"":7,""execution_phase"":1,""fpstate_size"":2436,""gregs"":{""cr2"":""data+4096"",""csgsfs"":""0x002b000000000033"",""err"":""0x0000000000000007"",""oldmask"":""0x0000000000000000"",""r10"":""0x1010101010101010"",""r11"":""0x1212121212121212"",""r12"":""0x1313131313131313"",""r13"":""0x1414141414141414"",""r14"":""0x1515151515151515"",""r15"":""0x1616161616161616"",""r8"":""0x0808080808080808"",""r9"":""0x0909090909090909"",""rax"":""0x1122334455667788"",""rbp"":""0x778899aabbccddee"",""rbx"":""0xa1b2c3d4e5f60718"",""rcx"":""0x0000000000000003"",""rdi"":""data+4090"",""rdx"":""0x99aabbccddeeff00"",""rflags"":""0x0000000000010203"",""rip"":""code+0"",""rsi"":""source+256"",""rsp"":""stack+32768"",""trapno"":""0x000000000000000e""},""kernel_sigmask"":""0000000000000000"",""pages"":{""fill"":""11"",""page2_mapped"":true,""patches"":[],""size"":8192},""partial_write"":false,""si_code"":2,""signal"":11,""six_flags"":{""AF"":0,""CF"":1,""OF"":0,""PF"":0,""SF"":0,""ZF"":0},""trap"":14,""uc_flags"":7,""uc_link"":""0x0000000000000000"",""uc_stack"":{""flags"":0,""size"":65536,""sp"":""altstack+0""}}]","{""fill"":""11"",""page2_mapped"":true,""patches"":[],""size"":8192}","[{""address"":""data+4096"",""error"":7,""execution_phase"":1,""fpstate_size"":2436,""gregs"":{""cr2"":""data+4096"",""csgsfs"":""0x002b000000000033"",""err"":""0x0000000000000007"",""oldmask"":""0x0000000000000000"",""r10"":""0x1010101010101010"",""r11"":""0x1212121212121212"",""r12"":""0x1313131313131313"",""r13"":""0x1414141414141414"",""r14"":""0x1515151515151515"",""r15"":""0x1616161616161616"",""r8"":""0x0808080808080808"",""r9"":""0x0909090909090909"",""rax"":""0x1122334455667788"",""rbp"":""0x778899aabbccddee"",""rbx"":""0xa1b2c3d4e5f60718"",""rcx"":""0x0000000000000003"",""rdi"":""data+4090"",""rdx"":""0x99aabbccddeeff00"",""rflags"":""0x0000000000010203"",""rip"":""code+0"",""rsi"":""source+256"",""rsp"":""stack+32768"",""trapno"":""0x000000000000000e""},""kernel_sigmask"":""0000000000000000"",""pages"":{""fill"":""11"",""page2_mapped"":true,""patches"":[],""size"":8192},""partial_write"":false,""si_code"":2,""signal"":11,""six_flags"":{""AF"":0,""CF"":1,""OF"":0,""PF"":0,""SF"":0,""ZF"":0},""trap"":14,""uc_flags"":7,""uc_link"":""0x0000000000000000"",""uc_stack"":{""flags"":0,""size"":65536,""sp"":""altstack+0""}}]","0x3c across full destination footprint after mapping/protection repair, before sigreturn","{""fill"":""11"",""page2_mapped"":true,""patches"":[[4090,""3b3c3c3c3c3c3c3c""]],""size"":8192}","{""r10"":""0x1010101010101010"",""r11"":""0x1212121212121212"",""r12"":""0x1313131313131313"",""r13"":""0x1414141414141414"",""r14"":""0x1515151515151515"",""r15"":""0x1616161616161616"",""r8"":""0x0808080808080808"",""r9"":""0x0909090909090909"",""rax"":""0x1122334455667788"",""rbp"":""0x778899aabbccddee"",""rbx"":""0xa1b2c3d4e5f60718"",""rcx"":""0x0000000000000003"",""rdi"":""data+4090"",""rdx"":""0x99aabbccddeeff00"",""rflags"":""0x0000000000000203"",""rsi"":""source+256"",""rsp"":""stack+32768""}","{""AF"":0,""CF"":1,""OF"":0,""PF"":0,""SF"":0,""ZF"":0}",False,rmw.run1.jsonl.gz: matching form/layout/cross_offset/continuation
A,page_and_cacheline_cross,measured,True,True,dec_64_lock,64,cross_rw_ro,7,4089,f048ff0f,"[{""address"":""data+4096"",""error"":7,""execution_phase"":1,""fpstate_size"":2436,""gregs"":{""cr2"":""data+4096"",""csgsfs"":""0x002b000000000033"",""err"":""0x0000000000000007"",""oldmask"":""0x0000000000000000"",""r10"":""0x1010101010101010"",""r11"":""0x1212121212121212"",""r12"":""0x1313131313131313"",""r13"":""0x1414141414141414"",""r14"":""0x1515151515151515"",""r15"":""0x1616161616161616"",""r8"":""0x0808080808080808"",""r9"":""0x0909090909090909"",""rax"":""0x1122334455667788"",""rbp"":""0x778899aabbccddee"",""rbx"":""0xa1b2c3d4e5f60718"",""rcx"":""0x0000000000000003"",""rdi"":""data+4089"",""rdx"":""0x99aabbccddeeff00"",""rflags"":""0x0000000000010203"",""rip"":""code+0"",""rsi"":""source+256"",""rsp"":""stack+32768"",""trapno"":""0x000000000000000e""},""kernel_sigmask"":""0000000000000000"",""pages"":{""fill"":""11"",""page2_mapped"":true,""patches"":[],""size"":8192},""partial_write"":false,""si_code"":2,""signal"":11,""six_flags"":{""AF"":0,""CF"":1,""OF"":0,""PF"":0,""SF"":0,""ZF"":0},""trap"":14,""uc_flags"":7,""uc_link"":""0x0000000000000000"",""uc_stack"":{""flags"":0,""size"":65536,""sp"":""altstack+0""}}]","{""fill"":""11"",""page2_mapped"":true,""patches"":[],""size"":8192}","[{""address"":""data+4096"",""error"":7,""execution_phase"":1,""fpstate_size"":2436,""gregs"":{""cr2"":""data+4096"",""csgsfs"":""0x002b000000000033"",""err"":""0x0000000000000007"",""oldmask"":""0x0000000000000000"",""r10"":""0x1010101010101010"",""r11"":""0x1212121212121212"",""r12"":""0x1313131313131313"",""r13"":""0x1414141414141414"",""r14"":""0x1515151515151515"",""r15"":""0x1616161616161616"",""r8"":""0x0808080808080808"",""r9"":""0x0909090909090909"",""rax"":""0x1122334455667788"",""rbp"":""0x778899aabbccddee"",""rbx"":""0xa1b2c3d4e5f60718"",""rcx"":""0x0000000000000003"",""rdi"":""data+4089"",""rdx"":""0x99aabbccddeeff00"",""rflags"":""0x0000000000010203"",""rip"":""code+0"",""rsi"":""source+256"",""rsp"":""stack+32768"",""trapno"":""0x000000000000000e""},""kernel_sigmask"":""0000000000000000"",""pages"":{""fill"":""11"",""page2_mapped"":true,""patches"":[],""size"":8192},""partial_write"":false,""si_code"":2,""signal"":11,""six_flags"":{""AF"":0,""CF"":1,""OF"":0,""PF"":0,""SF"":0,""ZF"":0},""trap"":14,""uc_flags"":7,""uc_link"":""0x0000000000000000"",""uc_stack"":{""flags"":0,""size"":65536,""sp"":""altstack+0""}}]","0x3c across full destination footprint after mapping/protection repair, before sigreturn","{""fill"":""11"",""page2_mapped"":true,""patches"":[[4089,""3b3c3c3c3c3c3c3c""]],""size"":8192}","{""r10"":""0x1010101010101010"",""r11"":""0x1212121212121212"",""r12"":""0x1313131313131313"",""r13"":""0x1414141414141414"",""r14"":""0x1515151515151515"",""r15"":""0x1616161616161616"",""r8"":""0x0808080808080808"",""r9"":""0x0909090909090909"",""rax"":""0x1122334455667788"",""rbp"":""0x778899aabbccddee"",""rbx"":""0xa1b2c3d4e5f60718"",""rcx"":""0x0000000000000003"",""rdi"":""data+4089"",""rdx"":""0x99aabbccddeeff00"",""rflags"":""0x0000000000000203"",""rsi"":""source+256"",""rsp"":""stack+32768""}","{""AF"":0,""CF"":1,""OF"":0,""PF"":0,""SF"":0,""ZF"":0}",False,rmw.run1.jsonl.gz: matching form/layout/cross_offset/continuation
A,page_and_cacheline_cross,measured,True,True,dec_64_lock,64,cross_ro_rw,1,4095,f048ff0f,"[{""address"":""data+4095"",""error"":7,""execution_phase"":1,""fpstate_size"":2436,""gregs"":{""cr2"":""data+4095"",""csgsfs"":""0x002b000000000033"",""err"":""0x0000000000000007"",""oldmask"":""0x0000000000000000"",""r10"":""0x1010101010101010"",""r11"":""0x1212121212121212"",""r12"":""0x1313131313131313"",""r13"":""0x1414141414141414"",""r14"":""0x1515151515151515"",""r15"":""0x1616161616161616"",""r8"":""0x0808080808080808"",""r9"":""0x0909090909090909"",""rax"":""0x1122334455667788"",""rbp"":""0x778899aabbccddee"",""rbx"":""0xa1b2c3d4e5f60718"",""rcx"":""0x0000000000000003"",""rdi"":""data+4095"",""rdx"":""0x99aabbccddeeff00"",""rflags"":""0x0000000000010203"",""rip"":""code+0"",""rsi"":""source+256"",""rsp"":""stack+32768"",""trapno"":""0x000000000000000e""},""kernel_sigmask"":""0000000000000000"",""pages"":{""fill"":""11"",""page2_mapped"":true,""patches"":[],""size"":8192},""partial_write"":false,""si_code"":2,""signal"":11,""six_flags"":{""AF"":0,""CF"":1,""OF"":0,""PF"":0,""SF"":0,""ZF"":0},""trap"":14,""uc_flags"":7,""uc_link"":""0x0000000000000000"",""uc_stack"":{""flags"":0,""size"":65536,""sp"":""altstack+0""}}]","{""fill"":""11"",""page2_mapped"":true,""patches"":[],""size"":8192}","[{""address"":""data+4095"",""error"":7,""execution_phase"":1,""fpstate_size"":2436,""gregs"":{""cr2"":""data+4095"",""csgsfs"":""0x002b000000000033"",""err"":""0x0000000000000007"",""oldmask"":""0x0000000000000000"",""r10"":""0x1010101010101010"",""r11"":""0x1212121212121212"",""r12"":""0x1313131313131313"",""r13"":""0x1414141414141414"",""r14"":""0x1515151515151515"",""r15"":""0x1616161616161616"",""r8"":""0x0808080808080808"",""r9"":""0x0909090909090909"",""rax"":""0x1122334455667788"",""rbp"":""0x778899aabbccddee"",""rbx"":""0xa1b2c3d4e5f60718"",""rcx"":""0x0000000000000003"",""rdi"":""data+4095"",""rdx"":""0x99aabbccddeeff00"",""rflags"":""0x0000000000010203"",""rip"":""code+0"",""rsi"":""source+256"",""rsp"":""stack+32768"",""trapno"":""0x000000000000000e""},""kernel_sigmask"":""0000000000000000"",""pages"":{""fill"":""11"",""page2_mapped"":true,""patches"":[],""size"":8192},""partial_write"":false,""si_code"":2,""signal"":11,""six_flags"":{""AF"":0,""CF"":1,""OF"":0,""PF"":0,""SF"":0,""ZF"":0},""trap"":14,""uc_flags"":7,""uc_link"":""0x0000000000000000"",""uc_stack"":{""flags"":0,""size"":65536,""sp"":""altstack+0""}}]","0x3c across full destination footprint after mapping/protection repair, before sigreturn","{""fill"":""11"",""page2_mapped"":true,""patches"":[[4095,""3b3c3c3c3c3c3c3c""]],""size"":8192}","{""r10"":""0x1010101010101010"",""r11"":""0x1212121212121212"",""r12"":""0x1313131313131313"",""r13"":""0x1414141414141414"",""r14"":""0x1515151515151515"",""r15"":""0x1616161616161616"",""r8"":""0x0808080808080808"",""r9"":""0x0909090909090909"",""rax"":""0x1122334455667788"",""rbp"":""0x778899aabbccddee"",""rbx"":""0xa1b2c3d4e5f60718"",""rcx"":""0x0000000000000003"",""rdi"":""data+4095"",""rdx"":""0x99aabbccddeeff00"",""rflags"":""0x0000000000000203"",""rsi"":""source+256"",""rsp"":""stack+32768""}","{""AF"":0,""CF"":1,""OF"":0,""PF"":0,""SF"":0,""ZF"":0}",False,rmw.run1.jsonl.gz: matching form/layout/cross_offset/continuation
A,page_and_cacheline_cross,measured,True,True,dec_64_lock,64,cross_ro_rw,2,4094,f048ff0f,"[{""address"":""data+4094"",""error"":7,""execution_phase"":1,""fpstate_size"":2436,""gregs"":{""cr2"":""data+4094"",""csgsfs"":""0x002b000000000033"",""err"":""0x0000000000000007"",""oldmask"":""0x0000000000000000"",""r10"":""0x1010101010101010"",""r11"":""0x1212121212121212"",""r12"":""0x1313131313131313"",""r13"":""0x1414141414141414"",""r14"":""0x1515151515151515"",""r15"":""0x1616161616161616"",""r8"":""0x0808080808080808"",""r9"":""0x0909090909090909"",""rax"":""0x1122334455667788"",""rbp"":""0x778899aabbccddee"",""rbx"":""0xa1b2c3d4e5f60718"",""rcx"":""0x0000000000000003"",""rdi"":""data+4094"",""rdx"":""0x99aabbccddeeff00"",""rflags"":""0x0000000000010203"",""rip"":""code+0"",""rsi"":""source+256"",""rsp"":""stack+32768"",""trapno"":""0x000000000000000e""},""kernel_sigmask"":""0000000000000000"",""pages"":{""fill"":""11"",""page2_mapped"":true,""patches"":[],""size"":8192},""partial_write"":false,""si_code"":2,""signal"":11,""six_flags"":{""AF"":0,""CF"":1,""OF"":0,""PF"":0,""SF"":0,""ZF"":0},""trap"":14,""uc_flags"":7,""uc_link"":""0x0000000000000000"",""uc_stack"":{""flags"":0,""size"":65536,""sp"":""altstack+0""}}]","{""fill"":""11"",""page2_mapped"":true,""patches"":[],""size"":8192}","[{""address"":""data+4094"",""error"":7,""execution_phase"":1,""fpstate_size"":2436,""gregs"":{""cr2"":""data+4094"",""csgsfs"":""0x002b000000000033"",""err"":""0x0000000000000007"",""oldmask"":""0x0000000000000000"",""r10"":""0x1010101010101010"",""r11"":""0x1212121212121212"",""r12"":""0x1313131313131313"",""r13"":""0x1414141414141414"",""r14"":""0x1515151515151515"",""r15"":""0x1616161616161616"",""r8"":""0x0808080808080808"",""r9"":""0x0909090909090909"",""rax"":""0x1122334455667788"",""rbp"":""0x778899aabbccddee"",""rbx"":""0xa1b2c3d4e5f60718"",""rcx"":""0x0000000000000003"",""rdi"":""data+4094"",""rdx"":""0x99aabbccddeeff00"",""rflags"":""0x0000000000010203"",""rip"":""code+0"",""rsi"":""source+256"",""rsp"":""stack+32768"",""trapno"":""0x000000000000000e""},""kernel_sigmask"":""0000000000000000"",""pages"":{""fill"":""11"",""page2_mapped"":true,""patches"":[],""size"":8192},""partial_write"":false,""si_code"":2,""signal"":11,""six_flags"":{""AF"":0,""CF"":1,""OF"":0,""PF"":0,""SF"":0,""ZF"":0},""trap"":14,""uc_flags"":7,""uc_link"":""0x0000000000000000"",""uc_stack"":{""flags"":0,""size"":65536,""sp"":""altstack+0""}}]","0x3c across full destination footprint after mapping/protection repair, before sigreturn","{""fill"":""11"",""page2_mapped"":true,""patches"":[[4094,""3b3c3c3c3c3c3c3c""]],""size"":8192}","{""r10"":""0x1010101010101010"",""r11"":""0x1212121212121212"",""r12"":""0x1313131313131313"",""r13"":""0x1414141414141414"",""r14"":""0x1515151515151515"",""r15"":""0x1616161616161616"",""r8"":""0x0808080808080808"",""r9"":""0x0909090909090909"",""rax"":""0x1122334455667788"",""rbp"":""0x778899aabbccddee"",""rbx"":""0xa1b2c3d4e5f60718"",""rcx"":""0x0000000000000003"",""rdi"":""data+4094"",""rdx"":""0x99aabbccddeeff00"",""rflags"":""0x0000000000000203"",""rsi"":""source+256"",""rsp"":""stack+32768""}","{""AF"":0,""CF"":1,""OF"":0,""PF"":0,""SF"":0,""ZF"":0}",False,rmw.run1.jsonl.gz: matching form/layout/cross_offset/continuation
A,page_and_cacheline_cross,measured,True,True,dec_64_lock,64,cross_ro_rw,3,4093,f048ff0f,"[{""address"":""data+4093"",""error"":7,""execution_phase"":1,""fpstate_size"":2436,""gregs"":{""cr2"":""data+4093"",""csgsfs"":""0x002b000000000033"",""err"":""0x0000000000000007"",""oldmask"":""0x0000000000000000"",""r10"":""0x1010101010101010"",""r11"":""0x1212121212121212"",""r12"":""0x1313131313131313"",""r13"":""0x1414141414141414"",""r14"":""0x1515151515151515"",""r15"":""0x1616161616161616"",""r8"":""0x0808080808080808"",""r9"":""0x0909090909090909"",""rax"":""0x1122334455667788"",""rbp"":""0x778899aabbccddee"",""rbx"":""0xa1b2c3d4e5f60718"",""rcx"":""0x0000000000000003"",""rdi"":""data+4093"",""rdx"":""0x99aabbccddeeff00"",""rflags"":""0x0000000000010203"",""rip"":""code+0"",""rsi"":""source+256"",""rsp"":""stack+32768"",""trapno"":""0x000000000000000e""},""kernel_sigmask"":""0000000000000000"",""pages"":{""fill"":""11"",""page2_mapped"":true,""patches"":[],""size"":8192},""partial_write"":false,""si_code"":2,""signal"":11,""six_flags"":{""AF"":0,""CF"":1,""OF"":0,""PF"":0,""SF"":0,""ZF"":0},""trap"":14,""uc_flags"":7,""uc_link"":""0x0000000000000000"",""uc_stack"":{""flags"":0,""size"":65536,""sp"":""altstack+0""}}]","{""fill"":""11"",""page2_mapped"":true,""patches"":[],""size"":8192}","[{""address"":""data+4093"",""error"":7,""execution_phase"":1,""fpstate_size"":2436,""gregs"":{""cr2"":""data+4093"",""csgsfs"":""0x002b000000000033"",""err"":""0x0000000000000007"",""oldmask"":""0x0000000000000000"",""r10"":""0x1010101010101010"",""r11"":""0x1212121212121212"",""r12"":""0x1313131313131313"",""r13"":""0x1414141414141414"",""r14"":""0x1515151515151515"",""r15"":""0x1616161616161616"",""r8"":""0x0808080808080808"",""r9"":""0x0909090909090909"",""rax"":""0x1122334455667788"",""rbp"":""0x778899aabbccddee"",""rbx"":""0xa1b2c3d4e5f60718"",""rcx"":""0x0000000000000003"",""rdi"":""data+4093"",""rdx"":""0x99aabbccddeeff00"",""rflags"":""0x0000000000010203"",""rip"":""code+0"",""rsi"":""source+256"",""rsp"":""stack+32768"",""trapno"":""0x000000000000000e""},""kernel_sigmask"":""0000000000000000"",""pages"":{""fill"":""11"",""page2_mapped"":true,""patches"":[],""size"":8192},""partial_write"":false,""si_code"":2,""signal"":11,""six_flags"":{""AF"":0,""CF"":1,""OF"":0,""PF"":0,""SF"":0,""ZF"":0},""trap"":14,""uc_flags"":7,""uc_link"":""0x0000000000000000"",""uc_stack"":{""flags"":0,""size"":65536,""sp"":""altstack+0""}}]","0x3c across full destination footprint after mapping/protection repair, before sigreturn","{""fill"":""11"",""page2_mapped"":true,""patches"":[[4093,""3b3c3c3c3c3c3c3c""]],""size"":8192}","{""r10"":""0x1010101010101010"",""r11"":""0x1212121212121212"",""r12"":""0x1313131313131313"",""r13"":""0x1414141414141414"",""r14"":""0x1515151515151515"",""r15"":""0x1616161616161616"",""r8"":""0x0808080808080808"",""r9"":""0x0909090909090909"",""rax"":""0x1122334455667788"",""rbp"":""0x778899aabbccddee"",""rbx"":""0xa1b2c3d4e5f60718"",""rcx"":""0x0000000000000003"",""rdi"":""data+4093"",""rdx"":""0x99aabbccddeeff00"",""rflags"":""0x0000000000000203"",""rsi"":""source+256"",""rsp"":""stack+32768""}","{""AF"":0,""CF"":1,""OF"":0,""PF"":0,""SF"":0,""ZF"":0}",False,rmw.run1.jsonl.gz: matching form/layout/cross_offset/continuation
A,page_and_cacheline_cross,measured,True,True,dec_64_lock,64,cross_ro_rw,4,4092,f048ff0f,"[{""address"":""data+4092"",""error"":7,""execution_phase"":1,""fpstate_size"":2436,""gregs"":{""cr2"":""data+4092"",""csgsfs"":""0x002b000000000033"",""err"":""0x0000000000000007"",""oldmask"":""0x0000000000000000"",""r10"":""0x1010101010101010"",""r11"":""0x1212121212121212"",""r12"":""0x1313131313131313"",""r13"":""0x1414141414141414"",""r14"":""0x1515151515151515"",""r15"":""0x1616161616161616"",""r8"":""0x0808080808080808"",""r9"":""0x0909090909090909"",""rax"":""0x1122334455667788"",""rbp"":""0x778899aabbccddee"",""rbx"":""0xa1b2c3d4e5f60718"",""rcx"":""0x0000000000000003"",""rdi"":""data+4092"",""rdx"":""0x99aabbccddeeff00"",""rflags"":""0x0000000000010203"",""rip"":""code+0"",""rsi"":""source+256"",""rsp"":""stack+32768"",""trapno"":""0x000000000000000e""},""kernel_sigmask"":""0000000000000000"",""pages"":{""fill"":""11"",""page2_mapped"":true,""patches"":[],""size"":8192},""partial_write"":false,""si_code"":2,""signal"":11,""six_flags"":{""AF"":0,""CF"":1,""OF"":0,""PF"":0,""SF"":0,""ZF"":0},""trap"":14,""uc_flags"":7,""uc_link"":""0x0000000000000000"",""uc_stack"":{""flags"":0,""size"":65536,""sp"":""altstack+0""}}]","{""fill"":""11"",""page2_mapped"":true,""patches"":[],""size"":8192}","[{""address"":""data+4092"",""error"":7,""execution_phase"":1,""fpstate_size"":2436,""gregs"":{""cr2"":""data+4092"",""csgsfs"":""0x002b000000000033"",""err"":""0x0000000000000007"",""oldmask"":""0x0000000000000000"",""r10"":""0x1010101010101010"",""r11"":""0x1212121212121212"",""r12"":""0x1313131313131313"",""r13"":""0x1414141414141414"",""r14"":""0x1515151515151515"",""r15"":""0x1616161616161616"",""r8"":""0x0808080808080808"",""r9"":""0x0909090909090909"",""rax"":""0x1122334455667788"",""rbp"":""0x778899aabbccddee"",""rbx"":""0xa1b2c3d4e5f60718"",""rcx"":""0x0000000000000003"",""rdi"":""data+4092"",""rdx"":""0x99aabbccddeeff00"",""rflags"":""0x0000000000010203"",""rip"":""code+0"",""rsi"":""source+256"",""rsp"":""stack+32768"",""trapno"":""0x000000000000000e""},""kernel_sigmask"":""0000000000000000"",""pages"":{""fill"":""11"",""page2_mapped"":true,""patches"":[],""size"":8192},""partial_write"":false,""si_code"":2,""signal"":11,""six_flags"":{""AF"":0,""CF"":1,""OF"":0,""PF"":0,""SF"":0,""ZF"":0},""trap"":14,""uc_flags"":7,""uc_link"":""0x0000000000000000"",""uc_stack"":{""flags"":0,""size"":65536,""sp"":""altstack+0""}}]","0x3c across full destination footprint after mapping/protection repair, before sigreturn","{""fill"":""11"",""page2_mapped"":true,""patches"":[[4092,""3b3c3c3c3c3c3c3c""]],""size"":8192}","{""r10"":""0x1010101010101010"",""r11"":""0x1212121212121212"",""r12"":""0x1313131313131313"",""r13"":""0x1414141414141414"",""r14"":""0x1515151515151515"",""r15"":""0x1616161616161616"",""r8"":""0x0808080808080808"",""r9"":""0x0909090909090909"",""rax"":""0x1122334455667788"",""rbp"":""0x778899aabbccddee"",""rbx"":""0xa1b2c3d4e5f60718"",""rcx"":""0x0000000000000003"",""rdi"":""data+4092"",""rdx"":""0x99aabbccddeeff00"",""rflags"":""0x0000000000000203"",""rsi"":""source+256"",""rsp"":""stack+32768""}","{""AF"":0,""CF"":1,""OF"":0,""PF"":0,""SF"":0,""ZF"":0}",False,rmw.run1.jsonl.gz: matching form/layout/cross_offset/continuation
A,page_and_cacheline_cross,measured,True,True,dec_64_lock,64,cross_ro_rw,5,4091,f048ff0f,"[{""address"":""data+4091"",""error"":7,""execution_phase"":1,""fpstate_size"":2436,""gregs"":{""cr2"":""data+4091"",""csgsfs"":""0x002b000000000033"",""err"":""0x0000000000000007"",""oldmask"":""0x0000000000000000"",""r10"":""0x1010101010101010"",""r11"":""0x1212121212121212"",""r12"":""0x1313131313131313"",""r13"":""0x1414141414141414"",""r14"":""0x1515151515151515"",""r15"":""0x1616161616161616"",""r8"":""0x0808080808080808"",""r9"":""0x0909090909090909"",""rax"":""0x1122334455667788"",""rbp"":""0x778899aabbccddee"",""rbx"":""0xa1b2c3d4e5f60718"",""rcx"":""0x0000000000000003"",""rdi"":""data+4091"",""rdx"":""0x99aabbccddeeff00"",""rflags"":""0x0000000000010203"",""rip"":""code+0"",""rsi"":""source+256"",""rsp"":""stack+32768"",""trapno"":""0x000000000000000e""},""kernel_sigmask"":""0000000000000000"",""pages"":{""fill"":""11"",""page2_mapped"":true,""patches"":[],""size"":8192},""partial_write"":false,""si_code"":2,""signal"":11,""six_flags"":{""AF"":0,""CF"":1,""OF"":0,""PF"":0,""SF"":0,""ZF"":0},""trap"":14,""uc_flags"":7,""uc_link"":""0x0000000000000000"",""uc_stack"":{""flags"":0,""size"":65536,""sp"":""altstack+0""}}]","{""fill"":""11"",""page2_mapped"":true,""patches"":[],""size"":8192}","[{""address"":""data+4091"",""error"":7,""execution_phase"":1,""fpstate_size"":2436,""gregs"":{""cr2"":""data+4091"",""csgsfs"":""0x002b000000000033"",""err"":""0x0000000000000007"",""oldmask"":""0x0000000000000000"",""r10"":""0x1010101010101010"",""r11"":""0x1212121212121212"",""r12"":""0x1313131313131313"",""r13"":""0x1414141414141414"",""r14"":""0x1515151515151515"",""r15"":""0x1616161616161616"",""r8"":""0x0808080808080808"",""r9"":""0x0909090909090909"",""rax"":""0x1122334455667788"",""rbp"":""0x778899aabbccddee"",""rbx"":""0xa1b2c3d4e5f60718"",""rcx"":""0x0000000000000003"",""rdi"":""data+4091"",""rdx"":""0x99aabbccddeeff00"",""rflags"":""0x0000000000010203"",""rip"":""code+0"",""rsi"":""source+256"",""rsp"":""stack+32768"",""trapno"":""0x000000000000000e""},""kernel_sigmask"":""0000000000000000"",""pages"":{""fill"":""11"",""page2_mapped"":true,""patches"":[],""size"":8192},""partial_write"":false,""si_code"":2,""signal"":11,""six_flags"":{""AF"":0,""CF"":1,""OF"":0,""PF"":0,""SF"":0,""ZF"":0},""trap"":14,""uc_flags"":7,""uc_link"":""0x0000000000000000"",""uc_stack"":{""flags"":0,""size"":65536,""sp"":""altstack+0""}}]","0x3c across full destination footprint after mapping/protection repair, before sigreturn","{""fill"":""11"",""page2_mapped"":true,""patches"":[[4091,""3b3c3c3c3c3c3c3c""]],""size"":8192}","{""r10"":""0x1010101010101010"",""r11"":""0x1212121212121212"",""r12"":""0x1313131313131313"",""r13"":""0x1414141414141414"",""r14"":""0x1515151515151515"",""r15"":""0x1616161616161616"",""r8"":""0x0808080808080808"",""r9"":""0x0909090909090909"",""rax"":""0x1122334455667788"",""rbp"":""0x778899aabbccddee"",""rbx"":""0xa1b2c3d4e5f60718"",""rcx"":""0x0000000000000003"",""rdi"":""data+4091"",""rdx"":""0x99aabbccddeeff00"",""rflags"":""0x0000000000000203"",""rsi"":""source+256"",""rsp"":""stack+32768""}","{""AF"":0,""CF"":1,""OF"":0,""PF"":0,""SF"":0,""ZF"":0}",False,rmw.run1.jsonl.gz: matching form/layout/cross_offset/continuation
A,page_and_cacheline_cross,measured,True,True,dec_64_lock,64,cross_ro_rw,6,4090,f048ff0f,"[{""address"":""data+4090"",""error"":7,""execution_phase"":1,""fpstate_size"":2436,""gregs"":{""cr2"":""data+4090"",""csgsfs"":""0x002b000000000033"",""err"":""0x0000000000000007"",""oldmask"":""0x0000000000000000"",""r10"":""0x1010101010101010"",""r11"":""0x1212121212121212"",""r12"":""0x1313131313131313"",""r13"":""0x1414141414141414"",""r14"":""0x1515151515151515"",""r15"":""0x1616161616161616"",""r8"":""0x0808080808080808"",""r9"":""0x0909090909090909"",""rax"":""0x1122334455667788"",""rbp"":""0x778899aabbccddee"",""rbx"":""0xa1b2c3d4e5f60718"",""rcx"":""0x0000000000000003"",""rdi"":""data+4090"",""rdx"":""0x99aabbccddeeff00"",""rflags"":""0x0000000000010203"",""rip"":""code+0"",""rsi"":""source+256"",""rsp"":""stack+32768"",""trapno"":""0x000000000000000e""},""kernel_sigmask"":""0000000000000000"",""pages"":{""fill"":""11"",""page2_mapped"":true,""patches"":[],""size"":8192},""partial_write"":false,""si_code"":2,""signal"":11,""six_flags"":{""AF"":0,""CF"":1,""OF"":0,""PF"":0,""SF"":0,""ZF"":0},""trap"":14,""uc_flags"":7,""uc_link"":""0x0000000000000000"",""uc_stack"":{""flags"":0,""size"":65536,""sp"":""altstack+0""}}]","{""fill"":""11"",""page2_mapped"":true,""patches"":[],""size"":8192}","[{""address"":""data+4090"",""error"":7,""execution_phase"":1,""fpstate_size"":2436,""gregs"":{""cr2"":""data+4090"",""csgsfs"":""0x002b000000000033"",""err"":""0x0000000000000007"",""oldmask"":""0x0000000000000000"",""r10"":""0x1010101010101010"",""r11"":""0x1212121212121212"",""r12"":""0x1313131313131313"",""r13"":""0x1414141414141414"",""r14"":""0x1515151515151515"",""r15"":""0x1616161616161616"",""r8"":""0x0808080808080808"",""r9"":""0x0909090909090909"",""rax"":""0x1122334455667788"",""rbp"":""0x778899aabbccddee"",""rbx"":""0xa1b2c3d4e5f60718"",""rcx"":""0x0000000000000003"",""rdi"":""data+4090"",""rdx"":""0x99aabbccddeeff00"",""rflags"":""0x0000000000010203"",""rip"":""code+0"",""rsi"":""source+256"",""rsp"":""stack+32768"",""trapno"":""0x000000000000000e""},""kernel_sigmask"":""0000000000000000"",""pages"":{""fill"":""11"",""page2_mapped"":true,""patches"":[],""size"":8192},""partial_write"":false,""si_code"":2,""signal"":11,""six_flags"":{""AF"":0,""CF"":1,""OF"":0,""PF"":0,""SF"":0,""ZF"":0},""trap"":14,""uc_flags"":7,""uc_link"":""0x0000000000000000"",""uc_stack"":{""flags"":0,""size"":65536,""sp"":""altstack+0""}}]","0x3c across full destination footprint after mapping/protection repair, before sigreturn","{""fill"":""11"",""page2_mapped"":true,""patches"":[[4090,""3b3c3c3c3c3c3c3c""]],""size"":8192}","{""r10"":""0x1010101010101010"",""r11"":""0x1212121212121212"",""r12"":""0x1313131313131313"",""r13"":""0x1414141414141414"",""r14"":""0x1515151515151515"",""r15"":""0x1616161616161616"",""r8"":""0x0808080808080808"",""r9"":""0x0909090909090909"",""rax"":""0x1122334455667788"",""rbp"":""0x778899aabbccddee"",""rbx"":""0xa1b2c3d4e5f60718"",""rcx"":""0x0000000000000003"",""rdi"":""data+4090"",""rdx"":""0x99aabbccddeeff00"",""rflags"":""0x0000000000000203"",""rsi"":""source+256"",""rsp"":""stack+32768""}","{""AF"":0,""CF"":1,""OF"":0,""PF"":0,""SF"":0,""ZF"":0}",False,rmw.run1.jsonl.gz: matching form/layout/cross_offset/continuation
A,page_and_cacheline_cross,measured,True,True,dec_64_lock,64,cross_ro_rw,7,4089,f048ff0f,"[{""address"":""data+4089"",""error"":7,""execution_phase"":1,""fpstate_size"":2436,""gregs"":{""cr2"":""data+4089"",""csgsfs"":""0x002b000000000033"",""err"":""0x0000000000000007"",""oldmask"":""0x0000000000000000"",""r10"":""0x1010101010101010"",""r11"":""0x1212121212121212"",""r12"":""0x1313131313131313"",""r13"":""0x1414141414141414"",""r14"":""0x1515151515151515"",""r15"":""0x1616161616161616"",""r8"":""0x0808080808080808"",""r9"":""0x0909090909090909"",""rax"":""0x1122334455667788"",""rbp"":""0x778899aabbccddee"",""rbx"":""0xa1b2c3d4e5f60718"",""rcx"":""0x0000000000000003"",""rdi"":""data+4089"",""rdx"":""0x99aabbccddeeff00"",""rflags"":""0x0000000000010203"",""rip"":""code+0"",""rsi"":""source+256"",""rsp"":""stack+32768"",""trapno"":""0x000000000000000e""},""kernel_sigmask"":""0000000000000000"",""pages"":{""fill"":""11"",""page2_mapped"":true,""patches"":[],""size"":8192},""partial_write"":false,""si_code"":2,""signal"":11,""six_flags"":{""AF"":0,""CF"":1,""OF"":0,""PF"":0,""SF"":0,""ZF"":0},""trap"":14,""uc_flags"":7,""uc_link"":""0x0000000000000000"",""uc_stack"":{""flags"":0,""size"":65536,""sp"":""altstack+0""}}]","{""fill"":""11"",""page2_mapped"":true,""patches"":[],""size"":8192}","[{""address"":""data+4089"",""error"":7,""execution_phase"":1,""fpstate_size"":2436,""gregs"":{""cr2"":""data+4089"",""csgsfs"":""0x002b000000000033"",""err"":""0x0000000000000007"",""oldmask"":""0x0000000000000000"",""r10"":""0x1010101010101010"",""r11"":""0x1212121212121212"",""r12"":""0x1313131313131313"",""r13"":""0x1414141414141414"",""r14"":""0x1515151515151515"",""r15"":""0x1616161616161616"",""r8"":""0x0808080808080808"",""r9"":""0x0909090909090909"",""rax"":""0x1122334455667788"",""rbp"":""0x778899aabbccddee"",""rbx"":""0xa1b2c3d4e5f60718"",""rcx"":""0x0000000000000003"",""rdi"":""data+4089"",""rdx"":""0x99aabbccddeeff00"",""rflags"":""0x0000000000010203"",""rip"":""code+0"",""rsi"":""source+256"",""rsp"":""stack+32768"",""trapno"":""0x000000000000000e""},""kernel_sigmask"":""0000000000000000"",""pages"":{""fill"":""11"",""page2_mapped"":true,""patches"":[],""size"":8192},""partial_write"":false,""si_code"":2,""signal"":11,""six_flags"":{""AF"":0,""CF"":1,""OF"":0,""PF"":0,""SF"":0,""ZF"":0},""trap"":14,""uc_flags"":7,""uc_link"":""0x0000000000000000"",""uc_stack"":{""flags"":0,""size"":65536,""sp"":""altstack+0""}}]","0x3c across full destination footprint after mapping/protection repair, before sigreturn","{""fill"":""11"",""page2_mapped"":true,""patches"":[[4089,""3b3c3c3c3c3c3c3c""]],""size"":8192}","{""r10"":""0x1010101010101010"",""r11"":""0x1212121212121212"",""r12"":""0x1313131313131313"",""r13"":""0x1414141414141414"",""r14"":""0x1515151515151515"",""r15"":""0x1616161616161616"",""r8"":""0x0808080808080808"",""r9"":""0x0909090909090909"",""rax"":""0x1122334455667788"",""rbp"":""0x778899aabbccddee"",""rbx"":""0xa1b2c3d4e5f60718"",""rcx"":""0x0000000000000003"",""rdi"":""data+4089"",""rdx"":""0x99aabbccddeeff00"",""rflags"":""0x0000000000000203"",""rsi"":""source+256"",""rsp"":""stack+32768""}","{""AF"":0,""CF"":1,""OF"":0,""PF"":0,""SF"":0,""ZF"":0}",False,rmw.run1.jsonl.gz: matching form/layout/cross_offset/continuation
A,page_and_cacheline_cross,measured,True,True,xchg_reg_16_nolock,16,cross_rw_ro,1,4095,66871f,"[{""address"":""data+4096"",""error"":7,""execution_phase"":1,""fpstate_size"":2436,""gregs"":{""cr2"":""data+4096"",""csgsfs"":""0x002b000000000033"",""err"":""0x0000000000000007"",""oldmask"":""0x0000000000000000"",""r10"":""0x1010101010101010"",""r11"":""0x1212121212121212"",""r12"":""0x1313131313131313"",""r13"":""0x1414141414141414"",""r14"":""0x1515151515151515"",""r15"":""0x1616161616161616"",""r8"":""0x0808080808080808"",""r9"":""0x0909090909090909"",""rax"":""0x1122334455667788"",""rbp"":""0x778899aabbccddee"",""rbx"":""0xa1b2c3d4e5f60718"",""rcx"":""0x0000000000000003"",""rdi"":""data+4095"",""rdx"":""0x99aabbccddeeff00"",""rflags"":""0x0000000000010203"",""rip"":""code+0"",""rsi"":""source+256"",""rsp"":""stack+32768"",""trapno"":""0x000000000000000e""},""kernel_sigmask"":""0000000000000000"",""pages"":{""fill"":""11"",""page2_mapped"":true,""patches"":[],""size"":8192},""partial_write"":false,""si_code"":2,""signal"":11,""six_flags"":{""AF"":0,""CF"":1,""OF"":0,""PF"":0,""SF"":0,""ZF"":0},""trap"":14,""uc_flags"":7,""uc_link"":""0x0000000000000000"",""uc_stack"":{""flags"":0,""size"":65536,""sp"":""altstack+0""}}]","{""fill"":""11"",""page2_mapped"":true,""patches"":[],""size"":8192}","[{""address"":""data+4096"",""error"":7,""execution_phase"":1,""fpstate_size"":2436,""gregs"":{""cr2"":""data+4096"",""csgsfs"":""0x002b000000000033"",""err"":""0x0000000000000007"",""oldmask"":""0x0000000000000000"",""r10"":""0x1010101010101010"",""r11"":""0x1212121212121212"",""r12"":""0x1313131313131313"",""r13"":""0x1414141414141414"",""r14"":""0x1515151515151515"",""r15"":""0x1616161616161616"",""r8"":""0x0808080808080808"",""r9"":""0x0909090909090909"",""rax"":""0x1122334455667788"",""rbp"":""0x778899aabbccddee"",""rbx"":""0xa1b2c3d4e5f60718"",""rcx"":""0x0000000000000003"",""rdi"":""data+4095"",""rdx"":""0x99aabbccddeeff00"",""rflags"":""0x0000000000010203"",""rip"":""code+0"",""rsi"":""source+256"",""rsp"":""stack+32768"",""trapno"":""0x000000000000000e""},""kernel_sigmask"":""0000000000000000"",""pages"":{""fill"":""11"",""page2_mapped"":true,""patches"":[],""size"":8192},""partial_write"":false,""si_code"":2,""signal"":11,""six_flags"":{""AF"":0,""CF"":1,""OF"":0,""PF"":0,""SF"":0,""ZF"":0},""trap"":14,""uc_flags"":7,""uc_link"":""0x0000000000000000"",""uc_stack"":{""flags"":0,""size"":65536,""sp"":""altstack+0""}}]","0x3c across full destination footprint after mapping/protection repair, before sigreturn","{""fill"":""11"",""page2_mapped"":true,""patches"":[[4095,""1807""]],""size"":8192}","{""r10"":""0x1010101010101010"",""r11"":""0x1212121212121212"",""r12"":""0x1313131313131313"",""r13"":""0x1414141414141414"",""r14"":""0x1515151515151515"",""r15"":""0x1616161616161616"",""r8"":""0x0808080808080808"",""r9"":""0x0909090909090909"",""rax"":""0x1122334455667788"",""rbp"":""0x778899aabbccddee"",""rbx"":""0xa1b2c3d4e5f63c3c"",""rcx"":""0x0000000000000003"",""rdi"":""data+4095"",""rdx"":""0x99aabbccddeeff00"",""rflags"":""0x0000000000000203"",""rsi"":""source+256"",""rsp"":""stack+32768""}","{""AF"":0,""CF"":1,""OF"":0,""PF"":0,""SF"":0,""ZF"":0}",False,rmw.run1.jsonl.gz: matching form/layout/cross_offset/continuation
A,page_and_cacheline_cross,measured,True,True,xchg_reg_16_nolock,16,cross_ro_rw,1,4095,66871f,"[{""address"":""data+4095"",""error"":7,""execution_phase"":1,""fpstate_size"":2436,""gregs"":{""cr2"":""data+4095"",""csgsfs"":""0x002b000000000033"",""err"":""0x0000000000000007"",""oldmask"":""0x0000000000000000"",""r10"":""0x1010101010101010"",""r11"":""0x1212121212121212"",""r12"":""0x1313131313131313"",""r13"":""0x1414141414141414"",""r14"":""0x1515151515151515"",""r15"":""0x1616161616161616"",""r8"":""0x0808080808080808"",""r9"":""0x0909090909090909"",""rax"":""0x1122334455667788"",""rbp"":""0x778899aabbccddee"",""rbx"":""0xa1b2c3d4e5f60718"",""rcx"":""0x0000000000000003"",""rdi"":""data+4095"",""rdx"":""0x99aabbccddeeff00"",""rflags"":""0x0000000000010203"",""rip"":""code+0"",""rsi"":""source+256"",""rsp"":""stack+32768"",""trapno"":""0x000000000000000e""},""kernel_sigmask"":""0000000000000000"",""pages"":{""fill"":""11"",""page2_mapped"":true,""patches"":[],""size"":8192},""partial_write"":false,""si_code"":2,""signal"":11,""six_flags"":{""AF"":0,""CF"":1,""OF"":0,""PF"":0,""SF"":0,""ZF"":0},""trap"":14,""uc_flags"":7,""uc_link"":""0x0000000000000000"",""uc_stack"":{""flags"":0,""size"":65536,""sp"":""altstack+0""}}]","{""fill"":""11"",""page2_mapped"":true,""patches"":[],""size"":8192}","[{""address"":""data+4095"",""error"":7,""execution_phase"":1,""fpstate_size"":2436,""gregs"":{""cr2"":""data+4095"",""csgsfs"":""0x002b000000000033"",""err"":""0x0000000000000007"",""oldmask"":""0x0000000000000000"",""r10"":""0x1010101010101010"",""r11"":""0x1212121212121212"",""r12"":""0x1313131313131313"",""r13"":""0x1414141414141414"",""r14"":""0x1515151515151515"",""r15"":""0x1616161616161616"",""r8"":""0x0808080808080808"",""r9"":""0x0909090909090909"",""rax"":""0x1122334455667788"",""rbp"":""0x778899aabbccddee"",""rbx"":""0xa1b2c3d4e5f60718"",""rcx"":""0x0000000000000003"",""rdi"":""data+4095"",""rdx"":""0x99aabbccddeeff00"",""rflags"":""0x0000000000010203"",""rip"":""code+0"",""rsi"":""source+256"",""rsp"":""stack+32768"",""trapno"":""0x000000000000000e""},""kernel_sigmask"":""0000000000000000"",""pages"":{""fill"":""11"",""page2_mapped"":true,""patches"":[],""size"":8192},""partial_write"":false,""si_code"":2,""signal"":11,""six_flags"":{""AF"":0,""CF"":1,""OF"":0,""PF"":0,""SF"":0,""ZF"":0},""trap"":14,""uc_flags"":7,""uc_link"":""0x0000000000000000"",""uc_stack"":{""flags"":0,""size"":65536,""sp"":""altstack+0""}}]","0x3c across full destination footprint after mapping/protection repair, before sigreturn","{""fill"":""11"",""page2_mapped"":true,""patches"":[[4095,""1807""]],""size"":8192}","{""r10"":""0x1010101010101010"",""r11"":""0x1212121212121212"",""r12"":""0x1313131313131313"",""r13"":""0x1414141414141414"",""r14"":""0x1515151515151515"",""r15"":""0x1616161616161616"",""r8"":""0x0808080808080808"",""r9"":""0x0909090909090909"",""rax"":""0x1122334455667788"",""rbp"":""0x778899aabbccddee"",""rbx"":""0xa1b2c3d4e5f63c3c"",""rcx"":""0x0000000000000003"",""rdi"":""data+4095"",""rdx"":""0x99aabbccddeeff00"",""rflags"":""0x0000000000000203"",""rsi"":""source+256"",""rsp"":""stack+32768""}","{""AF"":0,""CF"":1,""OF"":0,""PF"":0,""SF"":0,""ZF"":0}",False,rmw.run1.jsonl.gz: matching form/layout/cross_offset/continuation
A,page_and_cacheline_cross,measured,False,True,xchg_reg_16_lock,16,cross_rw_ro,1,4095,66f0871f,"[{""address"":""data+4096"",""error"":7,""execution_phase"":1,""fpstate_size"":2436,""gregs"":{""cr2"":""data+4096"",""csgsfs"":""0x002b000000000033"",""err"":""0x0000000000000007"",""oldmask"":""0x0000000000000000"",""r10"":""0x1010101010101010"",""r11"":""0x1212121212121212"",""r12"":""0x1313131313131313"",""r13"":""0x1414141414141414"",""r14"":""0x1515151515151515"",""r15"":""0x1616161616161616"",""r8"":""0x0808080808080808"",""r9"":""0x0909090909090909"",""rax"":""0x1122334455667788"",""rbp"":""0x778899aabbccddee"",""rbx"":""0xa1b2c3d4e5f60718"",""rcx"":""0x0000000000000003"",""rdi"":""data+4095"",""rdx"":""0x99aabbccddeeff00"",""rflags"":""0x0000000000010203"",""rip"":""code+0"",""rsi"":""source+256"",""rsp"":""stack+32768"",""trapno"":""0x000000000000000e""},""kernel_sigmask"":""0000000000000000"",""pages"":{""fill"":""11"",""page2_mapped"":true,""patches"":[],""size"":8192},""partial_write"":false,""si_code"":2,""signal"":11,""six_flags"":{""AF"":0,""CF"":1,""OF"":0,""PF"":0,""SF"":0,""ZF"":0},""trap"":14,""uc_flags"":7,""uc_link"":""0x0000000000000000"",""uc_stack"":{""flags"":0,""size"":65536,""sp"":""altstack+0""}}]","{""fill"":""11"",""page2_mapped"":true,""patches"":[],""size"":8192}","[{""address"":""data+4096"",""error"":7,""execution_phase"":1,""fpstate_size"":2436,""gregs"":{""cr2"":""data+4096"",""csgsfs"":""0x002b000000000033"",""err"":""0x0000000000000007"",""oldmask"":""0x0000000000000000"",""r10"":""0x1010101010101010"",""r11"":""0x1212121212121212"",""r12"":""0x1313131313131313"",""r13"":""0x1414141414141414"",""r14"":""0x1515151515151515"",""r15"":""0x1616161616161616"",""r8"":""0x0808080808080808"",""r9"":""0x0909090909090909"",""rax"":""0x1122334455667788"",""rbp"":""0x778899aabbccddee"",""rbx"":""0xa1b2c3d4e5f60718"",""rcx"":""0x0000000000000003"",""rdi"":""data+4095"",""rdx"":""0x99aabbccddeeff00"",""rflags"":""0x0000000000010203"",""rip"":""code+0"",""rsi"":""source+256"",""rsp"":""stack+32768"",""trapno"":""0x000000000000000e""},""kernel_sigmask"":""0000000000000000"",""pages"":{""fill"":""11"",""page2_mapped"":true,""patches"":[],""size"":8192},""partial_write"":false,""si_code"":2,""signal"":11,""six_flags"":{""AF"":0,""CF"":1,""OF"":0,""PF"":0,""SF"":0,""ZF"":0},""trap"":14,""uc_flags"":7,""uc_link"":""0x0000000000000000"",""uc_stack"":{""flags"":0,""size"":65536,""sp"":""altstack+0""}}]","0x3c across full destination footprint after mapping/protection repair, before sigreturn","{""fill"":""11"",""page2_mapped"":true,""patches"":[[4095,""1807""]],""size"":8192}","{""r10"":""0x1010101010101010"",""r11"":""0x1212121212121212"",""r12"":""0x1313131313131313"",""r13"":""0x1414141414141414"",""r14"":""0x1515151515151515"",""r15"":""0x1616161616161616"",""r8"":""0x0808080808080808"",""r9"":""0x0909090909090909"",""rax"":""0x1122334455667788"",""rbp"":""0x778899aabbccddee"",""rbx"":""0xa1b2c3d4e5f63c3c"",""rcx"":""0x0000000000000003"",""rdi"":""data+4095"",""rdx"":""0x99aabbccddeeff00"",""rflags"":""0x0000000000000203"",""rsi"":""source+256"",""rsp"":""stack+32768""}","{""AF"":0,""CF"":1,""OF"":0,""PF"":0,""SF"":0,""ZF"":0}",False,rmw.run1.jsonl.gz: matching form/layout/cross_offset/continuation
A,page_and_cacheline_cross,measured,False,True,xchg_reg_16_lock,16,cross_ro_rw,1,4095,66f0871f,"[{""address"":""data+4095"",""error"":7,""execution_phase"":1,""fpstate_size"":2436,""gregs"":{""cr2"":""data+4095"",""csgsfs"":""0x002b000000000033"",""err"":""0x0000000000000007"",""oldmask"":""0x0000000000000000"",""r10"":""0x1010101010101010"",""r11"":""0x1212121212121212"",""r12"":""0x1313131313131313"",""r13"":""0x1414141414141414"",""r14"":""0x1515151515151515"",""r15"":""0x1616161616161616"",""r8"":""0x0808080808080808"",""r9"":""0x0909090909090909"",""rax"":""0x1122334455667788"",""rbp"":""0x778899aabbccddee"",""rbx"":""0xa1b2c3d4e5f60718"",""rcx"":""0x0000000000000003"",""rdi"":""data+4095"",""rdx"":""0x99aabbccddeeff00"",""rflags"":""0x0000000000010203"",""rip"":""code+0"",""rsi"":""source+256"",""rsp"":""stack+32768"",""trapno"":""0x000000000000000e""},""kernel_sigmask"":""0000000000000000"",""pages"":{""fill"":""11"",""page2_mapped"":true,""patches"":[],""size"":8192},""partial_write"":false,""si_code"":2,""signal"":11,""six_flags"":{""AF"":0,""CF"":1,""OF"":0,""PF"":0,""SF"":0,""ZF"":0},""trap"":14,""uc_flags"":7,""uc_link"":""0x0000000000000000"",""uc_stack"":{""flags"":0,""size"":65536,""sp"":""altstack+0""}}]","{""fill"":""11"",""page2_mapped"":true,""patches"":[],""size"":8192}","[{""address"":""data+4095"",""error"":7,""execution_phase"":1,""fpstate_size"":2436,""gregs"":{""cr2"":""data+4095"",""csgsfs"":""0x002b000000000033"",""err"":""0x0000000000000007"",""oldmask"":""0x0000000000000000"",""r10"":""0x1010101010101010"",""r11"":""0x1212121212121212"",""r12"":""0x1313131313131313"",""r13"":""0x1414141414141414"",""r14"":""0x1515151515151515"",""r15"":""0x1616161616161616"",""r8"":""0x0808080808080808"",""r9"":""0x0909090909090909"",""rax"":""0x1122334455667788"",""rbp"":""0x778899aabbccddee"",""rbx"":""0xa1b2c3d4e5f60718"",""rcx"":""0x0000000000000003"",""rdi"":""data+4095"",""rdx"":""0x99aabbccddeeff00"",""rflags"":""0x0000000000010203"",""rip"":""code+0"",""rsi"":""source+256"",""rsp"":""stack+32768"",""trapno"":""0x000000000000000e""},""kernel_sigmask"":""0000000000000000"",""pages"":{""fill"":""11"",""page2_mapped"":true,""patches"":[],""size"":8192},""partial_write"":false,""si_code"":2,""signal"":11,""six_flags"":{""AF"":0,""CF"":1,""OF"":0,""PF"":0,""SF"":0,""ZF"":0},""trap"":14,""uc_flags"":7,""uc_link"":""0x0000000000000000"",""uc_stack"":{""flags"":0,""size"":65536,""sp"":""altstack+0""}}]","0x3c across full destination footprint after mapping/protection repair, before sigreturn","{""fill"":""11"",""page2_mapped"":true,""patches"":[[4095,""1807""]],""size"":8192}","{""r10"":""0x1010101010101010"",""r11"":""0x1212121212121212"",""r12"":""0x1313131313131313"",""r13"":""0x1414141414141414"",""r14"":""0x1515151515151515"",""r15"":""0x1616161616161616"",""r8"":""0x0808080808080808"",""r9"":""0x0909090909090909"",""rax"":""0x1122334455667788"",""rbp"":""0x778899aabbccddee"",""rbx"":""0xa1b2c3d4e5f63c3c"",""rcx"":""0x0000000000000003"",""rdi"":""data+4095"",""rdx"":""0x99aabbccddeeff00"",""rflags"":""0x0000000000000203"",""rsi"":""source+256"",""rsp"":""stack+32768""}","{""AF"":0,""CF"":1,""OF"":0,""PF"":0,""SF"":0,""ZF"":0}",False,rmw.run1.jsonl.gz: matching form/layout/cross_offset/continuation
A,page_and_cacheline_cross,measured,True,True,xchg_reg_32_nolock,32,cross_rw_ro,1,4095,871f,"[{""address"":""data+4096"",""error"":7,""execution_phase"":1,""fpstate_size"":2436,""gregs"":{""cr2"":""data+4096"",""csgsfs"":""0x002b000000000033"",""err"":""0x0000000000000007"",""oldmask"":""0x0000000000000000"",""r10"":""0x1010101010101010"",""r11"":""0x1212121212121212"",""r12"":""0x1313131313131313"",""r13"":""0x1414141414141414"",""r14"":""0x1515151515151515"",""r15"":""0x1616161616161616"",""r8"":""0x0808080808080808"",""r9"":""0x0909090909090909"",""rax"":""0x1122334455667788"",""rbp"":""0x778899aabbccddee"",""rbx"":""0xa1b2c3d4e5f60718"",""rcx"":""0x0000000000000003"",""rdi"":""data+4095"",""rdx"":""0x99aabbccddeeff00"",""rflags"":""0x0000000000010203"",""rip"":""code+0"",""rsi"":""source+256"",""rsp"":""stack+32768"",""trapno"":""0x000000000000000e""},""kernel_sigmask"":""0000000000000000"",""pages"":{""fill"":""11"",""page2_mapped"":true,""patches"":[],""size"":8192},""partial_write"":false,""si_code"":2,""signal"":11,""six_flags"":{""AF"":0,""CF"":1,""OF"":0,""PF"":0,""SF"":0,""ZF"":0},""trap"":14,""uc_flags"":7,""uc_link"":""0x0000000000000000"",""uc_stack"":{""flags"":0,""size"":65536,""sp"":""altstack+0""}}]","{""fill"":""11"",""page2_mapped"":true,""patches"":[],""size"":8192}","[{""address"":""data+4096"",""error"":7,""execution_phase"":1,""fpstate_size"":2436,""gregs"":{""cr2"":""data+4096"",""csgsfs"":""0x002b000000000033"",""err"":""0x0000000000000007"",""oldmask"":""0x0000000000000000"",""r10"":""0x1010101010101010"",""r11"":""0x1212121212121212"",""r12"":""0x1313131313131313"",""r13"":""0x1414141414141414"",""r14"":""0x1515151515151515"",""r15"":""0x1616161616161616"",""r8"":""0x0808080808080808"",""r9"":""0x0909090909090909"",""rax"":""0x1122334455667788"",""rbp"":""0x778899aabbccddee"",""rbx"":""0xa1b2c3d4e5f60718"",""rcx"":""0x0000000000000003"",""rdi"":""data+4095"",""rdx"":""0x99aabbccddeeff00"",""rflags"":""0x0000000000010203"",""rip"":""code+0"",""rsi"":""source+256"",""rsp"":""stack+32768"",""trapno"":""0x000000000000000e""},""kernel_sigmask"":""0000000000000000"",""pages"":{""fill"":""11"",""page2_mapped"":true,""patches"":[],""size"":8192},""partial_write"":false,""si_code"":2,""signal"":11,""six_flags"":{""AF"":0,""CF"":1,""OF"":0,""PF"":0,""SF"":0,""ZF"":0},""trap"":14,""uc_flags"":7,""uc_link"":""0x0000000000000000"",""uc_stack"":{""flags"":0,""size"":65536,""sp"":""altstack+0""}}]","0x3c across full destination footprint after mapping/protection repair, before sigreturn","{""fill"":""11"",""page2_mapped"":true,""patches"":[[4095,""1807f6e5""]],""size"":8192}","{""r10"":""0x1010101010101010"",""r11"":""0x1212121212121212"",""r12"":""0x1313131313131313"",""r13"":""0x1414141414141414"",""r14"":""0x1515151515151515"",""r15"":""0x1616161616161616"",""r8"":""0x0808080808080808"",""r9"":""0x0909090909090909"",""rax"":""0x1122334455667788"",""rbp"":""0x778899aabbccddee"",""rbx"":""0x000000003c3c3c3c"",""rcx"":""0x0000000000000003"",""rdi"":""data+4095"",""rdx"":""0x99aabbccddeeff00"",""rflags"":""0x0000000000000203"",""rsi"":""source+256"",""rsp"":""stack+32768""}","{""AF"":0,""CF"":1,""OF"":0,""PF"":0,""SF"":0,""ZF"":0}",False,rmw.run1.jsonl.gz: matching form/layout/cross_offset/continuation
A,page_and_cacheline_cross,measured,True,True,xchg_reg_32_nolock,32,cross_rw_ro,2,4094,871f,"[{""address"":""data+4096"",""error"":7,""execution_phase"":1,""fpstate_size"":2436,""gregs"":{""cr2"":""data+4096"",""csgsfs"":""0x002b000000000033"",""err"":""0x0000000000000007"",""oldmask"":""0x0000000000000000"",""r10"":""0x1010101010101010"",""r11"":""0x1212121212121212"",""r12"":""0x1313131313131313"",""r13"":""0x1414141414141414"",""r14"":""0x1515151515151515"",""r15"":""0x1616161616161616"",""r8"":""0x0808080808080808"",""r9"":""0x0909090909090909"",""rax"":""0x1122334455667788"",""rbp"":""0x778899aabbccddee"",""rbx"":""0xa1b2c3d4e5f60718"",""rcx"":""0x0000000000000003"",""rdi"":""data+4094"",""rdx"":""0x99aabbccddeeff00"",""rflags"":""0x0000000000010203"",""rip"":""code+0"",""rsi"":""source+256"",""rsp"":""stack+32768"",""trapno"":""0x000000000000000e""},""kernel_sigmask"":""0000000000000000"",""pages"":{""fill"":""11"",""page2_mapped"":true,""patches"":[],""size"":8192},""partial_write"":false,""si_code"":2,""signal"":11,""six_flags"":{""AF"":0,""CF"":1,""OF"":0,""PF"":0,""SF"":0,""ZF"":0},""trap"":14,""uc_flags"":7,""uc_link"":""0x0000000000000000"",""uc_stack"":{""flags"":0,""size"":65536,""sp"":""altstack+0""}}]","{""fill"":""11"",""page2_mapped"":true,""patches"":[],""size"":8192}","[{""address"":""data+4096"",""error"":7,""execution_phase"":1,""fpstate_size"":2436,""gregs"":{""cr2"":""data+4096"",""csgsfs"":""0x002b000000000033"",""err"":""0x0000000000000007"",""oldmask"":""0x0000000000000000"",""r10"":""0x1010101010101010"",""r11"":""0x1212121212121212"",""r12"":""0x1313131313131313"",""r13"":""0x1414141414141414"",""r14"":""0x1515151515151515"",""r15"":""0x1616161616161616"",""r8"":""0x0808080808080808"",""r9"":""0x0909090909090909"",""rax"":""0x1122334455667788"",""rbp"":""0x778899aabbccddee"",""rbx"":""0xa1b2c3d4e5f60718"",""rcx"":""0x0000000000000003"",""rdi"":""data+4094"",""rdx"":""0x99aabbccddeeff00"",""rflags"":""0x0000000000010203"",""rip"":""code+0"",""rsi"":""source+256"",""rsp"":""stack+32768"",""trapno"":""0x000000000000000e""},""kernel_sigmask"":""0000000000000000"",""pages"":{""fill"":""11"",""page2_mapped"":true,""patches"":[],""size"":8192},""partial_write"":false,""si_code"":2,""signal"":11,""six_flags"":{""AF"":0,""CF"":1,""OF"":0,""PF"":0,""SF"":0,""ZF"":0},""trap"":14,""uc_flags"":7,""uc_link"":""0x0000000000000000"",""uc_stack"":{""flags"":0,""size"":65536,""sp"":""altstack+0""}}]","0x3c across full destination footprint after mapping/protection repair, before sigreturn","{""fill"":""11"",""page2_mapped"":true,""patches"":[[4094,""1807f6e5""]],""size"":8192}","{""r10"":""0x1010101010101010"",""r11"":""0x1212121212121212"",""r12"":""0x1313131313131313"",""r13"":""0x1414141414141414"",""r14"":""0x1515151515151515"",""r15"":""0x1616161616161616"",""r8"":""0x0808080808080808"",""r9"":""0x0909090909090909"",""rax"":""0x1122334455667788"",""rbp"":""0x778899aabbccddee"",""rbx"":""0x000000003c3c3c3c"",""rcx"":""0x0000000000000003"",""rdi"":""data+4094"",""rdx"":""0x99aabbccddeeff00"",""rflags"":""0x0000000000000203"",""rsi"":""source+256"",""rsp"":""stack+32768""}","{""AF"":0,""CF"":1,""OF"":0,""PF"":0,""SF"":0,""ZF"":0}",False,rmw.run1.jsonl.gz: matching form/layout/cross_offset/continuation
A,page_and_cacheline_cross,measured,True,True,xchg_reg_32_nolock,32,cross_rw_ro,3,4093,871f,"[{""address"":""data+4096"",""error"":7,""execution_phase"":1,""fpstate_size"":2436,""gregs"":{""cr2"":""data+4096"",""csgsfs"":""0x002b000000000033"",""err"":""0x0000000000000007"",""oldmask"":""0x0000000000000000"",""r10"":""0x1010101010101010"",""r11"":""0x1212121212121212"",""r12"":""0x1313131313131313"",""r13"":""0x1414141414141414"",""r14"":""0x1515151515151515"",""r15"":""0x1616161616161616"",""r8"":""0x0808080808080808"",""r9"":""0x0909090909090909"",""rax"":""0x1122334455667788"",""rbp"":""0x778899aabbccddee"",""rbx"":""0xa1b2c3d4e5f60718"",""rcx"":""0x0000000000000003"",""rdi"":""data+4093"",""rdx"":""0x99aabbccddeeff00"",""rflags"":""0x0000000000010203"",""rip"":""code+0"",""rsi"":""source+256"",""rsp"":""stack+32768"",""trapno"":""0x000000000000000e""},""kernel_sigmask"":""0000000000000000"",""pages"":{""fill"":""11"",""page2_mapped"":true,""patches"":[],""size"":8192},""partial_write"":false,""si_code"":2,""signal"":11,""six_flags"":{""AF"":0,""CF"":1,""OF"":0,""PF"":0,""SF"":0,""ZF"":0},""trap"":14,""uc_flags"":7,""uc_link"":""0x0000000000000000"",""uc_stack"":{""flags"":0,""size"":65536,""sp"":""altstack+0""}}]","{""fill"":""11"",""page2_mapped"":true,""patches"":[],""size"":8192}","[{""address"":""data+4096"",""error"":7,""execution_phase"":1,""fpstate_size"":2436,""gregs"":{""cr2"":""data+4096"",""csgsfs"":""0x002b000000000033"",""err"":""0x0000000000000007"",""oldmask"":""0x0000000000000000"",""r10"":""0x1010101010101010"",""r11"":""0x1212121212121212"",""r12"":""0x1313131313131313"",""r13"":""0x1414141414141414"",""r14"":""0x1515151515151515"",""r15"":""0x1616161616161616"",""r8"":""0x0808080808080808"",""r9"":""0x0909090909090909"",""rax"":""0x1122334455667788"",""rbp"":""0x778899aabbccddee"",""rbx"":""0xa1b2c3d4e5f60718"",""rcx"":""0x0000000000000003"",""rdi"":""data+4093"",""rdx"":""0x99aabbccddeeff00"",""rflags"":""0x0000000000010203"",""rip"":""code+0"",""rsi"":""source+256"",""rsp"":""stack+32768"",""trapno"":""0x000000000000000e""},""kernel_sigmask"":""0000000000000000"",""pages"":{""fill"":""11"",""page2_mapped"":true,""patches"":[],""size"":8192},""partial_write"":false,""si_code"":2,""signal"":11,""six_flags"":{""AF"":0,""CF"":1,""OF"":0,""PF"":0,""SF"":0,""ZF"":0},""trap"":14,""uc_flags"":7,""uc_link"":""0x0000000000000000"",""uc_stack"":{""flags"":0,""size"":65536,""sp"":""altstack+0""}}]","0x3c across full destination footprint after mapping/protection repair, before sigreturn","{""fill"":""11"",""page2_mapped"":true,""patches"":[[4093,""1807f6e5""]],""size"":8192}","{""r10"":""0x1010101010101010"",""r11"":""0x1212121212121212"",""r12"":""0x1313131313131313"",""r13"":""0x1414141414141414"",""r14"":""0x1515151515151515"",""r15"":""0x1616161616161616"",""r8"":""0x0808080808080808"",""r9"":""0x0909090909090909"",""rax"":""0x1122334455667788"",""rbp"":""0x778899aabbccddee"",""rbx"":""0x000000003c3c3c3c"",""rcx"":""0x0000000000000003"",""rdi"":""data+4093"",""rdx"":""0x99aabbccddeeff00"",""rflags"":""0x0000000000000203"",""rsi"":""source+256"",""rsp"":""stack+32768""}","{""AF"":0,""CF"":1,""OF"":0,""PF"":0,""SF"":0,""ZF"":0}",False,rmw.run1.jsonl.gz: matching form/layout/cross_offset/continuation
A,page_and_cacheline_cross,measured,True,True,xchg_reg_32_nolock,32,cross_ro_rw,1,4095,871f,"[{""address"":""data+4095"",""error"":7,""execution_phase"":1,""fpstate_size"":2436,""gregs"":{""cr2"":""data+4095"",""csgsfs"":""0x002b000000000033"",""err"":""0x0000000000000007"",""oldmask"":""0x0000000000000000"",""r10"":""0x1010101010101010"",""r11"":""0x1212121212121212"",""r12"":""0x1313131313131313"",""r13"":""0x1414141414141414"",""r14"":""0x1515151515151515"",""r15"":""0x1616161616161616"",""r8"":""0x0808080808080808"",""r9"":""0x0909090909090909"",""rax"":""0x1122334455667788"",""rbp"":""0x778899aabbccddee"",""rbx"":""0xa1b2c3d4e5f60718"",""rcx"":""0x0000000000000003"",""rdi"":""data+4095"",""rdx"":""0x99aabbccddeeff00"",""rflags"":""0x0000000000010203"",""rip"":""code+0"",""rsi"":""source+256"",""rsp"":""stack+32768"",""trapno"":""0x000000000000000e""},""kernel_sigmask"":""0000000000000000"",""pages"":{""fill"":""11"",""page2_mapped"":true,""patches"":[],""size"":8192},""partial_write"":false,""si_code"":2,""signal"":11,""six_flags"":{""AF"":0,""CF"":1,""OF"":0,""PF"":0,""SF"":0,""ZF"":0},""trap"":14,""uc_flags"":7,""uc_link"":""0x0000000000000000"",""uc_stack"":{""flags"":0,""size"":65536,""sp"":""altstack+0""}}]","{""fill"":""11"",""page2_mapped"":true,""patches"":[],""size"":8192}","[{""address"":""data+4095"",""error"":7,""execution_phase"":1,""fpstate_size"":2436,""gregs"":{""cr2"":""data+4095"",""csgsfs"":""0x002b000000000033"",""err"":""0x0000000000000007"",""oldmask"":""0x0000000000000000"",""r10"":""0x1010101010101010"",""r11"":""0x1212121212121212"",""r12"":""0x1313131313131313"",""r13"":""0x1414141414141414"",""r14"":""0x1515151515151515"",""r15"":""0x1616161616161616"",""r8"":""0x0808080808080808"",""r9"":""0x0909090909090909"",""rax"":""0x1122334455667788"",""rbp"":""0x778899aabbccddee"",""rbx"":""0xa1b2c3d4e5f60718"",""rcx"":""0x0000000000000003"",""rdi"":""data+4095"",""rdx"":""0x99aabbccddeeff00"",""rflags"":""0x0000000000010203"",""rip"":""code+0"",""rsi"":""source+256"",""rsp"":""stack+32768"",""trapno"":""0x000000000000000e""},""kernel_sigmask"":""0000000000000000"",""pages"":{""fill"":""11"",""page2_mapped"":true,""patches"":[],""size"":8192},""partial_write"":false,""si_code"":2,""signal"":11,""six_flags"":{""AF"":0,""CF"":1,""OF"":0,""PF"":0,""SF"":0,""ZF"":0},""trap"":14,""uc_flags"":7,""uc_link"":""0x0000000000000000"",""uc_stack"":{""flags"":0,""size"":65536,""sp"":""altstack+0""}}]","0x3c across full destination footprint after mapping/protection repair, before sigreturn","{""fill"":""11"",""page2_mapped"":true,""patches"":[[4095,""1807f6e5""]],""size"":8192}","{""r10"":""0x1010101010101010"",""r11"":""0x1212121212121212"",""r12"":""0x1313131313131313"",""r13"":""0x1414141414141414"",""r14"":""0x1515151515151515"",""r15"":""0x1616161616161616"",""r8"":""0x0808080808080808"",""r9"":""0x0909090909090909"",""rax"":""0x1122334455667788"",""rbp"":""0x778899aabbccddee"",""rbx"":""0x000000003c3c3c3c"",""rcx"":""0x0000000000000003"",""rdi"":""data+4095"",""rdx"":""0x99aabbccddeeff00"",""rflags"":""0x0000000000000203"",""rsi"":""source+256"",""rsp"":""stack+32768""}","{""AF"":0,""CF"":1,""OF"":0,""PF"":0,""SF"":0,""ZF"":0}",False,rmw.run1.jsonl.gz: matching form/layout/cross_offset/continuation
A,page_and_cacheline_cross,measured,True,True,xchg_reg_32_nolock,32,cross_ro_rw,2,4094,871f,"[{""address"":""data+4094"",""error"":7,""execution_phase"":1,""fpstate_size"":2436,""gregs"":{""cr2"":""data+4094"",""csgsfs"":""0x002b000000000033"",""err"":""0x0000000000000007"",""oldmask"":""0x0000000000000000"",""r10"":""0x1010101010101010"",""r11"":""0x1212121212121212"",""r12"":""0x1313131313131313"",""r13"":""0x1414141414141414"",""r14"":""0x1515151515151515"",""r15"":""0x1616161616161616"",""r8"":""0x0808080808080808"",""r9"":""0x0909090909090909"",""rax"":""0x1122334455667788"",""rbp"":""0x778899aabbccddee"",""rbx"":""0xa1b2c3d4e5f60718"",""rcx"":""0x0000000000000003"",""rdi"":""data+4094"",""rdx"":""0x99aabbccddeeff00"",""rflags"":""0x0000000000010203"",""rip"":""code+0"",""rsi"":""source+256"",""rsp"":""stack+32768"",""trapno"":""0x000000000000000e""},""kernel_sigmask"":""0000000000000000"",""pages"":{""fill"":""11"",""page2_mapped"":true,""patches"":[],""size"":8192},""partial_write"":false,""si_code"":2,""signal"":11,""six_flags"":{""AF"":0,""CF"":1,""OF"":0,""PF"":0,""SF"":0,""ZF"":0},""trap"":14,""uc_flags"":7,""uc_link"":""0x0000000000000000"",""uc_stack"":{""flags"":0,""size"":65536,""sp"":""altstack+0""}}]","{""fill"":""11"",""page2_mapped"":true,""patches"":[],""size"":8192}","[{""address"":""data+4094"",""error"":7,""execution_phase"":1,""fpstate_size"":2436,""gregs"":{""cr2"":""data+4094"",""csgsfs"":""0x002b000000000033"",""err"":""0x0000000000000007"",""oldmask"":""0x0000000000000000"",""r10"":""0x1010101010101010"",""r11"":""0x1212121212121212"",""r12"":""0x1313131313131313"",""r13"":""0x1414141414141414"",""r14"":""0x1515151515151515"",""r15"":""0x1616161616161616"",""r8"":""0x0808080808080808"",""r9"":""0x0909090909090909"",""rax"":""0x1122334455667788"",""rbp"":""0x778899aabbccddee"",""rbx"":""0xa1b2c3d4e5f60718"",""rcx"":""0x0000000000000003"",""rdi"":""data+4094"",""rdx"":""0x99aabbccddeeff00"",""rflags"":""0x0000000000010203"",""rip"":""code+0"",""rsi"":""source+256"",""rsp"":""stack+32768"",""trapno"":""0x000000000000000e""},""kernel_sigmask"":""0000000000000000"",""pages"":{""fill"":""11"",""page2_mapped"":true,""patches"":[],""size"":8192},""partial_write"":false,""si_code"":2,""signal"":11,""six_flags"":{""AF"":0,""CF"":1,""OF"":0,""PF"":0,""SF"":0,""ZF"":0},""trap"":14,""uc_flags"":7,""uc_link"":""0x0000000000000000"",""uc_stack"":{""flags"":0,""size"":65536,""sp"":""altstack+0""}}]","0x3c across full destination footprint after mapping/protection repair, before sigreturn","{""fill"":""11"",""page2_mapped"":true,""patches"":[[4094,""1807f6e5""]],""size"":8192}","{""r10"":""0x1010101010101010"",""r11"":""0x1212121212121212"",""r12"":""0x1313131313131313"",""r13"":""0x1414141414141414"",""r14"":""0x1515151515151515"",""r15"":""0x1616161616161616"",""r8"":""0x0808080808080808"",""r9"":""0x0909090909090909"",""rax"":""0x1122334455667788"",""rbp"":""0x778899aabbccddee"",""rbx"":""0x000000003c3c3c3c"",""rcx"":""0x0000000000000003"",""rdi"":""data+4094"",""rdx"":""0x99aabbccddeeff00"",""rflags"":""0x0000000000000203"",""rsi"":""source+256"",""rsp"":""stack+32768""}","{""AF"":0,""CF"":1,""OF"":0,""PF"":0,""SF"":0,""ZF"":0}",False,rmw.run1.jsonl.gz: matching form/layout/cross_offset/continuation
A,page_and_cacheline_cross,measured,True,True,xchg_reg_32_nolock,32,cross_ro_rw,3,4093,871f,"[{""address"":""data+4093"",""error"":7,""execution_phase"":1,""fpstate_size"":2436,""gregs"":{""cr2"":""data+4093"",""csgsfs"":""0x002b000000000033"",""err"":""0x0000000000000007"",""oldmask"":""0x0000000000000000"",""r10"":""0x1010101010101010"",""r11"":""0x1212121212121212"",""r12"":""0x1313131313131313"",""r13"":""0x1414141414141414"",""r14"":""0x1515151515151515"",""r15"":""0x1616161616161616"",""r8"":""0x0808080808080808"",""r9"":""0x0909090909090909"",""rax"":""0x1122334455667788"",""rbp"":""0x778899aabbccddee"",""rbx"":""0xa1b2c3d4e5f60718"",""rcx"":""0x0000000000000003"",""rdi"":""data+4093"",""rdx"":""0x99aabbccddeeff00"",""rflags"":""0x0000000000010203"",""rip"":""code+0"",""rsi"":""source+256"",""rsp"":""stack+32768"",""trapno"":""0x000000000000000e""},""kernel_sigmask"":""0000000000000000"",""pages"":{""fill"":""11"",""page2_mapped"":true,""patches"":[],""size"":8192},""partial_write"":false,""si_code"":2,""signal"":11,""six_flags"":{""AF"":0,""CF"":1,""OF"":0,""PF"":0,""SF"":0,""ZF"":0},""trap"":14,""uc_flags"":7,""uc_link"":""0x0000000000000000"",""uc_stack"":{""flags"":0,""size"":65536,""sp"":""altstack+0""}}]","{""fill"":""11"",""page2_mapped"":true,""patches"":[],""size"":8192}","[{""address"":""data+4093"",""error"":7,""execution_phase"":1,""fpstate_size"":2436,""gregs"":{""cr2"":""data+4093"",""csgsfs"":""0x002b000000000033"",""err"":""0x0000000000000007"",""oldmask"":""0x0000000000000000"",""r10"":""0x1010101010101010"",""r11"":""0x1212121212121212"",""r12"":""0x1313131313131313"",""r13"":""0x1414141414141414"",""r14"":""0x1515151515151515"",""r15"":""0x1616161616161616"",""r8"":""0x0808080808080808"",""r9"":""0x0909090909090909"",""rax"":""0x1122334455667788"",""rbp"":""0x778899aabbccddee"",""rbx"":""0xa1b2c3d4e5f60718"",""rcx"":""0x0000000000000003"",""rdi"":""data+4093"",""rdx"":""0x99aabbccddeeff00"",""rflags"":""0x0000000000010203"",""rip"":""code+0"",""rsi"":""source+256"",""rsp"":""stack+32768"",""trapno"":""0x000000000000000e""},""kernel_sigmask"":""0000000000000000"",""pages"":{""fill"":""11"",""page2_mapped"":true,""patches"":[],""size"":8192},""partial_write"":false,""si_code"":2,""signal"":11,""six_flags"":{""AF"":0,""CF"":1,""OF"":0,""PF"":0,""SF"":0,""ZF"":0},""trap"":14,""uc_flags"":7,""uc_link"":""0x0000000000000000"",""uc_stack"":{""flags"":0,""size"":65536,""sp"":""altstack+0""}}]","0x3c across full destination footprint after mapping/protection repair, before sigreturn","{""fill"":""11"",""page2_mapped"":true,""patches"":[[4093,""1807f6e5""]],""size"":8192}","{""r10"":""0x1010101010101010"",""r11"":""0x1212121212121212"",""r12"":""0x1313131313131313"",""r13"":""0x1414141414141414"",""r14"":""0x1515151515151515"",""r15"":""0x1616161616161616"",""r8"":""0x0808080808080808"",""r9"":""0x0909090909090909"",""rax"":""0x1122334455667788"",""rbp"":""0x778899aabbccddee"",""rbx"":""0x000000003c3c3c3c"",""rcx"":""0x0000000000000003"",""rdi"":""data+4093"",""rdx"":""0x99aabbccddeeff00"",""rflags"":""0x0000000000000203"",""rsi"":""source+256"",""rsp"":""stack+32768""}","{""AF"":0,""CF"":1,""OF"":0,""PF"":0,""SF"":0,""ZF"":0}",False,rmw.run1.jsonl.gz: matching form/layout/cross_offset/continuation
A,page_and_cacheline_cross,measured,False,True,xchg_reg_32_lock,32,cross_rw_ro,1,4095,f0871f,"[{""address"":""data+4096"",""error"":7,""execution_phase"":1,""fpstate_size"":2436,""gregs"":{""cr2"":""data+4096"",""csgsfs"":""0x002b000000000033"",""err"":""0x0000000000000007"",""oldmask"":""0x0000000000000000"",""r10"":""0x1010101010101010"",""r11"":""0x1212121212121212"",""r12"":""0x1313131313131313"",""r13"":""0x1414141414141414"",""r14"":""0x1515151515151515"",""r15"":""0x1616161616161616"",""r8"":""0x0808080808080808"",""r9"":""0x0909090909090909"",""rax"":""0x1122334455667788"",""rbp"":""0x778899aabbccddee"",""rbx"":""0xa1b2c3d4e5f60718"",""rcx"":""0x0000000000000003"",""rdi"":""data+4095"",""rdx"":""0x99aabbccddeeff00"",""rflags"":""0x0000000000010203"",""rip"":""code+0"",""rsi"":""source+256"",""rsp"":""stack+32768"",""trapno"":""0x000000000000000e""},""kernel_sigmask"":""0000000000000000"",""pages"":{""fill"":""11"",""page2_mapped"":true,""patches"":[],""size"":8192},""partial_write"":false,""si_code"":2,""signal"":11,""six_flags"":{""AF"":0,""CF"":1,""OF"":0,""PF"":0,""SF"":0,""ZF"":0},""trap"":14,""uc_flags"":7,""uc_link"":""0x0000000000000000"",""uc_stack"":{""flags"":0,""size"":65536,""sp"":""altstack+0""}}]","{""fill"":""11"",""page2_mapped"":true,""patches"":[],""size"":8192}","[{""address"":""data+4096"",""error"":7,""execution_phase"":1,""fpstate_size"":2436,""gregs"":{""cr2"":""data+4096"",""csgsfs"":""0x002b000000000033"",""err"":""0x0000000000000007"",""oldmask"":""0x0000000000000000"",""r10"":""0x1010101010101010"",""r11"":""0x1212121212121212"",""r12"":""0x1313131313131313"",""r13"":""0x1414141414141414"",""r14"":""0x1515151515151515"",""r15"":""0x1616161616161616"",""r8"":""0x0808080808080808"",""r9"":""0x0909090909090909"",""rax"":""0x1122334455667788"",""rbp"":""0x778899aabbccddee"",""rbx"":""0xa1b2c3d4e5f60718"",""rcx"":""0x0000000000000003"",""rdi"":""data+4095"",""rdx"":""0x99aabbccddeeff00"",""rflags"":""0x0000000000010203"",""rip"":""code+0"",""rsi"":""source+256"",""rsp"":""stack+32768"",""trapno"":""0x000000000000000e""},""kernel_sigmask"":""0000000000000000"",""pages"":{""fill"":""11"",""page2_mapped"":true,""patches"":[],""size"":8192},""partial_write"":false,""si_code"":2,""signal"":11,""six_flags"":{""AF"":0,""CF"":1,""OF"":0,""PF"":0,""SF"":0,""ZF"":0},""trap"":14,""uc_flags"":7,""uc_link"":""0x0000000000000000"",""uc_stack"":{""flags"":0,""size"":65536,""sp"":""altstack+0""}}]","0x3c across full destination footprint after mapping/protection repair, before sigreturn","{""fill"":""11"",""page2_mapped"":true,""patches"":[[4095,""1807f6e5""]],""size"":8192}","{""r10"":""0x1010101010101010"",""r11"":""0x1212121212121212"",""r12"":""0x1313131313131313"",""r13"":""0x1414141414141414"",""r14"":""0x1515151515151515"",""r15"":""0x1616161616161616"",""r8"":""0x0808080808080808"",""r9"":""0x0909090909090909"",""rax"":""0x1122334455667788"",""rbp"":""0x778899aabbccddee"",""rbx"":""0x000000003c3c3c3c"",""rcx"":""0x0000000000000003"",""rdi"":""data+4095"",""rdx"":""0x99aabbccddeeff00"",""rflags"":""0x0000000000000203"",""rsi"":""source+256"",""rsp"":""stack+32768""}","{""AF"":0,""CF"":1,""OF"":0,""PF"":0,""SF"":0,""ZF"":0}",False,rmw.run1.jsonl.gz: matching form/layout/cross_offset/continuation
A,page_and_cacheline_cross,measured,False,True,xchg_reg_32_lock,32,cross_rw_ro,2,4094,f0871f,"[{""address"":""data+4096"",""error"":7,""execution_phase"":1,""fpstate_size"":2436,""gregs"":{""cr2"":""data+4096"",""csgsfs"":""0x002b000000000033"",""err"":""0x0000000000000007"",""oldmask"":""0x0000000000000000"",""r10"":""0x1010101010101010"",""r11"":""0x1212121212121212"",""r12"":""0x1313131313131313"",""r13"":""0x1414141414141414"",""r14"":""0x1515151515151515"",""r15"":""0x1616161616161616"",""r8"":""0x0808080808080808"",""r9"":""0x0909090909090909"",""rax"":""0x1122334455667788"",""rbp"":""0x778899aabbccddee"",""rbx"":""0xa1b2c3d4e5f60718"",""rcx"":""0x0000000000000003"",""rdi"":""data+4094"",""rdx"":""0x99aabbccddeeff00"",""rflags"":""0x0000000000010203"",""rip"":""code+0"",""rsi"":""source+256"",""rsp"":""stack+32768"",""trapno"":""0x000000000000000e""},""kernel_sigmask"":""0000000000000000"",""pages"":{""fill"":""11"",""page2_mapped"":true,""patches"":[],""size"":8192},""partial_write"":false,""si_code"":2,""signal"":11,""six_flags"":{""AF"":0,""CF"":1,""OF"":0,""PF"":0,""SF"":0,""ZF"":0},""trap"":14,""uc_flags"":7,""uc_link"":""0x0000000000000000"",""uc_stack"":{""flags"":0,""size"":65536,""sp"":""altstack+0""}}]","{""fill"":""11"",""page2_mapped"":true,""patches"":[],""size"":8192}","[{""address"":""data+4096"",""error"":7,""execution_phase"":1,""fpstate_size"":2436,""gregs"":{""cr2"":""data+4096"",""csgsfs"":""0x002b000000000033"",""err"":""0x0000000000000007"",""oldmask"":""0x0000000000000000"",""r10"":""0x1010101010101010"",""r11"":""0x1212121212121212"",""r12"":""0x1313131313131313"",""r13"":""0x1414141414141414"",""r14"":""0x1515151515151515"",""r15"":""0x1616161616161616"",""r8"":""0x0808080808080808"",""r9"":""0x0909090909090909"",""rax"":""0x1122334455667788"",""rbp"":""0x778899aabbccddee"",""rbx"":""0xa1b2c3d4e5f60718"",""rcx"":""0x0000000000000003"",""rdi"":""data+4094"",""rdx"":""0x99aabbccddeeff00"",""rflags"":""0x0000000000010203"",""rip"":""code+0"",""rsi"":""source+256"",""rsp"":""stack+32768"",""trapno"":""0x000000000000000e""},""kernel_sigmask"":""0000000000000000"",""pages"":{""fill"":""11"",""page2_mapped"":true,""patches"":[],""size"":8192},""partial_write"":false,""si_code"":2,""signal"":11,""six_flags"":{""AF"":0,""CF"":1,""OF"":0,""PF"":0,""SF"":0,""ZF"":0},""trap"":14,""uc_flags"":7,""uc_link"":""0x0000000000000000"",""uc_stack"":{""flags"":0,""size"":65536,""sp"":""altstack+0""}}]","0x3c across full destination footprint after mapping/protection repair, before sigreturn","{""fill"":""11"",""page2_mapped"":true,""patches"":[[4094,""1807f6e5""]],""size"":8192}","{""r10"":""0x1010101010101010"",""r11"":""0x1212121212121212"",""r12"":""0x1313131313131313"",""r13"":""0x1414141414141414"",""r14"":""0x1515151515151515"",""r15"":""0x1616161616161616"",""r8"":""0x0808080808080808"",""r9"":""0x0909090909090909"",""rax"":""0x1122334455667788"",""rbp"":""0x778899aabbccddee"",""rbx"":""0x000000003c3c3c3c"",""rcx"":""0x0000000000000003"",""rdi"":""data+4094"",""rdx"":""0x99aabbccddeeff00"",""rflags"":""0x0000000000000203"",""rsi"":""source+256"",""rsp"":""stack+32768""}","{""AF"":0,""CF"":1,""OF"":0,""PF"":0,""SF"":0,""ZF"":0}",False,rmw.run1.jsonl.gz: matching form/layout/cross_offset/continuation
A,page_and_cacheline_cross,measured,False,True,xchg_reg_32_lock,32,cross_rw_ro,3,4093,f0871f,"[{""address"":""data+4096"",""error"":7,""execution_phase"":1,""fpstate_size"":2436,""gregs"":{""cr2"":""data+4096"",""csgsfs"":""0x002b000000000033"",""err"":""0x0000000000000007"",""oldmask"":""0x0000000000000000"",""r10"":""0x1010101010101010"",""r11"":""0x1212121212121212"",""r12"":""0x1313131313131313"",""r13"":""0x1414141414141414"",""r14"":""0x1515151515151515"",""r15"":""0x1616161616161616"",""r8"":""0x0808080808080808"",""r9"":""0x0909090909090909"",""rax"":""0x1122334455667788"",""rbp"":""0x778899aabbccddee"",""rbx"":""0xa1b2c3d4e5f60718"",""rcx"":""0x0000000000000003"",""rdi"":""data+4093"",""rdx"":""0x99aabbccddeeff00"",""rflags"":""0x0000000000010203"",""rip"":""code+0"",""rsi"":""source+256"",""rsp"":""stack+32768"",""trapno"":""0x000000000000000e""},""kernel_sigmask"":""0000000000000000"",""pages"":{""fill"":""11"",""page2_mapped"":true,""patches"":[],""size"":8192},""partial_write"":false,""si_code"":2,""signal"":11,""six_flags"":{""AF"":0,""CF"":1,""OF"":0,""PF"":0,""SF"":0,""ZF"":0},""trap"":14,""uc_flags"":7,""uc_link"":""0x0000000000000000"",""uc_stack"":{""flags"":0,""size"":65536,""sp"":""altstack+0""}}]","{""fill"":""11"",""page2_mapped"":true,""patches"":[],""size"":8192}","[{""address"":""data+4096"",""error"":7,""execution_phase"":1,""fpstate_size"":2436,""gregs"":{""cr2"":""data+4096"",""csgsfs"":""0x002b000000000033"",""err"":""0x0000000000000007"",""oldmask"":""0x0000000000000000"",""r10"":""0x1010101010101010"",""r11"":""0x1212121212121212"",""r12"":""0x1313131313131313"",""r13"":""0x1414141414141414"",""r14"":""0x1515151515151515"",""r15"":""0x1616161616161616"",""r8"":""0x0808080808080808"",""r9"":""0x0909090909090909"",""rax"":""0x1122334455667788"",""rbp"":""0x778899aabbccddee"",""rbx"":""0xa1b2c3d4e5f60718"",""rcx"":""0x0000000000000003"",""rdi"":""data+4093"",""rdx"":""0x99aabbccddeeff00"",""rflags"":""0x0000000000010203"",""rip"":""code+0"",""rsi"":""source+256"",""rsp"":""stack+32768"",""trapno"":""0x000000000000000e""},""kernel_sigmask"":""0000000000000000"",""pages"":{""fill"":""11"",""page2_mapped"":true,""patches"":[],""size"":8192},""partial_write"":false,""si_code"":2,""signal"":11,""six_flags"":{""AF"":0,""CF"":1,""OF"":0,""PF"":0,""SF"":0,""ZF"":0},""trap"":14,""uc_flags"":7,""uc_link"":""0x0000000000000000"",""uc_stack"":{""flags"":0,""size"":65536,""sp"":""altstack+0""}}]","0x3c across full destination footprint after mapping/protection repair, before sigreturn","{""fill"":""11"",""page2_mapped"":true,""patches"":[[4093,""1807f6e5""]],""size"":8192}","{""r10"":""0x1010101010101010"",""r11"":""0x1212121212121212"",""r12"":""0x1313131313131313"",""r13"":""0x1414141414141414"",""r14"":""0x1515151515151515"",""r15"":""0x1616161616161616"",""r8"":""0x0808080808080808"",""r9"":""0x0909090909090909"",""rax"":""0x1122334455667788"",""rbp"":""0x778899aabbccddee"",""rbx"":""0x000000003c3c3c3c"",""rcx"":""0x0000000000000003"",""rdi"":""data+4093"",""rdx"":""0x99aabbccddeeff00"",""rflags"":""0x0000000000000203"",""rsi"":""source+256"",""rsp"":""stack+32768""}","{""AF"":0,""CF"":1,""OF"":0,""PF"":0,""SF"":0,""ZF"":0}",False,rmw.run1.jsonl.gz: matching form/layout/cross_offset/continuation
A,page_and_cacheline_cross,measured,False,True,xchg_reg_32_lock,32,cross_ro_rw,1,4095,f0871f,"[{""address"":""data+4095"",""error"":7,""execution_phase"":1,""fpstate_size"":2436,""gregs"":{""cr2"":""data+4095"",""csgsfs"":""0x002b000000000033"",""err"":""0x0000000000000007"",""oldmask"":""0x0000000000000000"",""r10"":""0x1010101010101010"",""r11"":""0x1212121212121212"",""r12"":""0x1313131313131313"",""r13"":""0x1414141414141414"",""r14"":""0x1515151515151515"",""r15"":""0x1616161616161616"",""r8"":""0x0808080808080808"",""r9"":""0x0909090909090909"",""rax"":""0x1122334455667788"",""rbp"":""0x778899aabbccddee"",""rbx"":""0xa1b2c3d4e5f60718"",""rcx"":""0x0000000000000003"",""rdi"":""data+4095"",""rdx"":""0x99aabbccddeeff00"",""rflags"":""0x0000000000010203"",""rip"":""code+0"",""rsi"":""source+256"",""rsp"":""stack+32768"",""trapno"":""0x000000000000000e""},""kernel_sigmask"":""0000000000000000"",""pages"":{""fill"":""11"",""page2_mapped"":true,""patches"":[],""size"":8192},""partial_write"":false,""si_code"":2,""signal"":11,""six_flags"":{""AF"":0,""CF"":1,""OF"":0,""PF"":0,""SF"":0,""ZF"":0},""trap"":14,""uc_flags"":7,""uc_link"":""0x0000000000000000"",""uc_stack"":{""flags"":0,""size"":65536,""sp"":""altstack+0""}}]","{""fill"":""11"",""page2_mapped"":true,""patches"":[],""size"":8192}","[{""address"":""data+4095"",""error"":7,""execution_phase"":1,""fpstate_size"":2436,""gregs"":{""cr2"":""data+4095"",""csgsfs"":""0x002b000000000033"",""err"":""0x0000000000000007"",""oldmask"":""0x0000000000000000"",""r10"":""0x1010101010101010"",""r11"":""0x1212121212121212"",""r12"":""0x1313131313131313"",""r13"":""0x1414141414141414"",""r14"":""0x1515151515151515"",""r15"":""0x1616161616161616"",""r8"":""0x0808080808080808"",""r9"":""0x0909090909090909"",""rax"":""0x1122334455667788"",""rbp"":""0x778899aabbccddee"",""rbx"":""0xa1b2c3d4e5f60718"",""rcx"":""0x0000000000000003"",""rdi"":""data+4095"",""rdx"":""0x99aabbccddeeff00"",""rflags"":""0x0000000000010203"",""rip"":""code+0"",""rsi"":""source+256"",""rsp"":""stack+32768"",""trapno"":""0x000000000000000e""},""kernel_sigmask"":""0000000000000000"",""pages"":{""fill"":""11"",""page2_mapped"":true,""patches"":[],""size"":8192},""partial_write"":false,""si_code"":2,""signal"":11,""six_flags"":{""AF"":0,""CF"":1,""OF"":0,""PF"":0,""SF"":0,""ZF"":0},""trap"":14,""uc_flags"":7,""uc_link"":""0x0000000000000000"",""uc_stack"":{""flags"":0,""size"":65536,""sp"":""altstack+0""}}]","0x3c across full destination footprint after mapping/protection repair, before sigreturn","{""fill"":""11"",""page2_mapped"":true,""patches"":[[4095,""1807f6e5""]],""size"":8192}","{""r10"":""0x1010101010101010"",""r11"":""0x1212121212121212"",""r12"":""0x1313131313131313"",""r13"":""0x1414141414141414"",""r14"":""0x1515151515151515"",""r15"":""0x1616161616161616"",""r8"":""0x0808080808080808"",""r9"":""0x0909090909090909"",""rax"":""0x1122334455667788"",""rbp"":""0x778899aabbccddee"",""rbx"":""0x000000003c3c3c3c"",""rcx"":""0x0000000000000003"",""rdi"":""data+4095"",""rdx"":""0x99aabbccddeeff00"",""rflags"":""0x0000000000000203"",""rsi"":""source+256"",""rsp"":""stack+32768""}","{""AF"":0,""CF"":1,""OF"":0,""PF"":0,""SF"":0,""ZF"":0}",False,rmw.run1.jsonl.gz: matching form/layout/cross_offset/continuation
A,page_and_cacheline_cross,measured,False,True,xchg_reg_32_lock,32,cross_ro_rw,2,4094,f0871f,"[{""address"":""data+4094"",""error"":7,""execution_phase"":1,""fpstate_size"":2436,""gregs"":{""cr2"":""data+4094"",""csgsfs"":""0x002b000000000033"",""err"":""0x0000000000000007"",""oldmask"":""0x0000000000000000"",""r10"":""0x1010101010101010"",""r11"":""0x1212121212121212"",""r12"":""0x1313131313131313"",""r13"":""0x1414141414141414"",""r14"":""0x1515151515151515"",""r15"":""0x1616161616161616"",""r8"":""0x0808080808080808"",""r9"":""0x0909090909090909"",""rax"":""0x1122334455667788"",""rbp"":""0x778899aabbccddee"",""rbx"":""0xa1b2c3d4e5f60718"",""rcx"":""0x0000000000000003"",""rdi"":""data+4094"",""rdx"":""0x99aabbccddeeff00"",""rflags"":""0x0000000000010203"",""rip"":""code+0"",""rsi"":""source+256"",""rsp"":""stack+32768"",""trapno"":""0x000000000000000e""},""kernel_sigmask"":""0000000000000000"",""pages"":{""fill"":""11"",""page2_mapped"":true,""patches"":[],""size"":8192},""partial_write"":false,""si_code"":2,""signal"":11,""six_flags"":{""AF"":0,""CF"":1,""OF"":0,""PF"":0,""SF"":0,""ZF"":0},""trap"":14,""uc_flags"":7,""uc_link"":""0x0000000000000000"",""uc_stack"":{""flags"":0,""size"":65536,""sp"":""altstack+0""}}]","{""fill"":""11"",""page2_mapped"":true,""patches"":[],""size"":8192}","[{""address"":""data+4094"",""error"":7,""execution_phase"":1,""fpstate_size"":2436,""gregs"":{""cr2"":""data+4094"",""csgsfs"":""0x002b000000000033"",""err"":""0x0000000000000007"",""oldmask"":""0x0000000000000000"",""r10"":""0x1010101010101010"",""r11"":""0x1212121212121212"",""r12"":""0x1313131313131313"",""r13"":""0x1414141414141414"",""r14"":""0x1515151515151515"",""r15"":""0x1616161616161616"",""r8"":""0x0808080808080808"",""r9"":""0x0909090909090909"",""rax"":""0x1122334455667788"",""rbp"":""0x778899aabbccddee"",""rbx"":""0xa1b2c3d4e5f60718"",""rcx"":""0x0000000000000003"",""rdi"":""data+4094"",""rdx"":""0x99aabbccddeeff00"",""rflags"":""0x0000000000010203"",""rip"":""code+0"",""rsi"":""source+256"",""rsp"":""stack+32768"",""trapno"":""0x000000000000000e""},""kernel_sigmask"":""0000000000000000"",""pages"":{""fill"":""11"",""page2_mapped"":true,""patches"":[],""size"":8192},""partial_write"":false,""si_code"":2,""signal"":11,""six_flags"":{""AF"":0,""CF"":1,""OF"":0,""PF"":0,""SF"":0,""ZF"":0},""trap"":14,""uc_flags"":7,""uc_link"":""0x0000000000000000"",""uc_stack"":{""flags"":0,""size"":65536,""sp"":""altstack+0""}}]","0x3c across full destination footprint after mapping/protection repair, before sigreturn","{""fill"":""11"",""page2_mapped"":true,""patches"":[[4094,""1807f6e5""]],""size"":8192}","{""r10"":""0x1010101010101010"",""r11"":""0x1212121212121212"",""r12"":""0x1313131313131313"",""r13"":""0x1414141414141414"",""r14"":""0x1515151515151515"",""r15"":""0x1616161616161616"",""r8"":""0x0808080808080808"",""r9"":""0x0909090909090909"",""rax"":""0x1122334455667788"",""rbp"":""0x778899aabbccddee"",""rbx"":""0x000000003c3c3c3c"",""rcx"":""0x0000000000000003"",""rdi"":""data+4094"",""rdx"":""0x99aabbccddeeff00"",""rflags"":""0x0000000000000203"",""rsi"":""source+256"",""rsp"":""stack+32768""}","{""AF"":0,""CF"":1,""OF"":0,""PF"":0,""SF"":0,""ZF"":0}",False,rmw.run1.jsonl.gz: matching form/layout/cross_offset/continuation
A,page_and_cacheline_cross,measured,False,True,xchg_reg_32_lock,32,cross_ro_rw,3,4093,f0871f,"[{""address"":""data+4093"",""error"":7,""execution_phase"":1,""fpstate_size"":2436,""gregs"":{""cr2"":""data+4093"",""csgsfs"":""0x002b000000000033"",""err"":""0x0000000000000007"",""oldmask"":""0x0000000000000000"",""r10"":""0x1010101010101010"",""r11"":""0x1212121212121212"",""r12"":""0x1313131313131313"",""r13"":""0x1414141414141414"",""r14"":""0x1515151515151515"",""r15"":""0x1616161616161616"",""r8"":""0x0808080808080808"",""r9"":""0x0909090909090909"",""rax"":""0x1122334455667788"",""rbp"":""0x778899aabbccddee"",""rbx"":""0xa1b2c3d4e5f60718"",""rcx"":""0x0000000000000003"",""rdi"":""data+4093"",""rdx"":""0x99aabbccddeeff00"",""rflags"":""0x0000000000010203"",""rip"":""code+0"",""rsi"":""source+256"",""rsp"":""stack+32768"",""trapno"":""0x000000000000000e""},""kernel_sigmask"":""0000000000000000"",""pages"":{""fill"":""11"",""page2_mapped"":true,""patches"":[],""size"":8192},""partial_write"":false,""si_code"":2,""signal"":11,""six_flags"":{""AF"":0,""CF"":1,""OF"":0,""PF"":0,""SF"":0,""ZF"":0},""trap"":14,""uc_flags"":7,""uc_link"":""0x0000000000000000"",""uc_stack"":{""flags"":0,""size"":65536,""sp"":""altstack+0""}}]","{""fill"":""11"",""page2_mapped"":true,""patches"":[],""size"":8192}","[{""address"":""data+4093"",""error"":7,""execution_phase"":1,""fpstate_size"":2436,""gregs"":{""cr2"":""data+4093"",""csgsfs"":""0x002b000000000033"",""err"":""0x0000000000000007"",""oldmask"":""0x0000000000000000"",""r10"":""0x1010101010101010"",""r11"":""0x1212121212121212"",""r12"":""0x1313131313131313"",""r13"":""0x1414141414141414"",""r14"":""0x1515151515151515"",""r15"":""0x1616161616161616"",""r8"":""0x0808080808080808"",""r9"":""0x0909090909090909"",""rax"":""0x1122334455667788"",""rbp"":""0x778899aabbccddee"",""rbx"":""0xa1b2c3d4e5f60718"",""rcx"":""0x0000000000000003"",""rdi"":""data+4093"",""rdx"":""0x99aabbccddeeff00"",""rflags"":""0x0000000000010203"",""rip"":""code+0"",""rsi"":""source+256"",""rsp"":""stack+32768"",""trapno"":""0x000000000000000e""},""kernel_sigmask"":""0000000000000000"",""pages"":{""fill"":""11"",""page2_mapped"":true,""patches"":[],""size"":8192},""partial_write"":false,""si_code"":2,""signal"":11,""six_flags"":{""AF"":0,""CF"":1,""OF"":0,""PF"":0,""SF"":0,""ZF"":0},""trap"":14,""uc_flags"":7,""uc_link"":""0x0000000000000000"",""uc_stack"":{""flags"":0,""size"":65536,""sp"":""altstack+0""}}]","0x3c across full destination footprint after mapping/protection repair, before sigreturn","{""fill"":""11"",""page2_mapped"":true,""patches"":[[4093,""1807f6e5""]],""size"":8192}","{""r10"":""0x1010101010101010"",""r11"":""0x1212121212121212"",""r12"":""0x1313131313131313"",""r13"":""0x1414141414141414"",""r14"":""0x1515151515151515"",""r15"":""0x1616161616161616"",""r8"":""0x0808080808080808"",""r9"":""0x0909090909090909"",""rax"":""0x1122334455667788"",""rbp"":""0x778899aabbccddee"",""rbx"":""0x000000003c3c3c3c"",""rcx"":""0x0000000000000003"",""rdi"":""data+4093"",""rdx"":""0x99aabbccddeeff00"",""rflags"":""0x0000000000000203"",""rsi"":""source+256"",""rsp"":""stack+32768""}","{""AF"":0,""CF"":1,""OF"":0,""PF"":0,""SF"":0,""ZF"":0}",False,rmw.run1.jsonl.gz: matching form/layout/cross_offset/continuation
A,page_and_cacheline_cross,measured,True,True,xchg_reg_64_nolock,64,cross_rw_ro,1,4095,48871f,"[{""address"":""data+4096"",""error"":7,""execution_phase"":1,""fpstate_size"":2436,""gregs"":{""cr2"":""data+4096"",""csgsfs"":""0x002b000000000033"",""err"":""0x0000000000000007"",""oldmask"":""0x0000000000000000"",""r10"":""0x1010101010101010"",""r11"":""0x1212121212121212"",""r12"":""0x1313131313131313"",""r13"":""0x1414141414141414"",""r14"":""0x1515151515151515"",""r15"":""0x1616161616161616"",""r8"":""0x0808080808080808"",""r9"":""0x0909090909090909"",""rax"":""0x1122334455667788"",""rbp"":""0x778899aabbccddee"",""rbx"":""0xa1b2c3d4e5f60718"",""rcx"":""0x0000000000000003"",""rdi"":""data+4095"",""rdx"":""0x99aabbccddeeff00"",""rflags"":""0x0000000000010203"",""rip"":""code+0"",""rsi"":""source+256"",""rsp"":""stack+32768"",""trapno"":""0x000000000000000e""},""kernel_sigmask"":""0000000000000000"",""pages"":{""fill"":""11"",""page2_mapped"":true,""patches"":[],""size"":8192},""partial_write"":false,""si_code"":2,""signal"":11,""six_flags"":{""AF"":0,""CF"":1,""OF"":0,""PF"":0,""SF"":0,""ZF"":0},""trap"":14,""uc_flags"":7,""uc_link"":""0x0000000000000000"",""uc_stack"":{""flags"":0,""size"":65536,""sp"":""altstack+0""}}]","{""fill"":""11"",""page2_mapped"":true,""patches"":[],""size"":8192}","[{""address"":""data+4096"",""error"":7,""execution_phase"":1,""fpstate_size"":2436,""gregs"":{""cr2"":""data+4096"",""csgsfs"":""0x002b000000000033"",""err"":""0x0000000000000007"",""oldmask"":""0x0000000000000000"",""r10"":""0x1010101010101010"",""r11"":""0x1212121212121212"",""r12"":""0x1313131313131313"",""r13"":""0x1414141414141414"",""r14"":""0x1515151515151515"",""r15"":""0x1616161616161616"",""r8"":""0x0808080808080808"",""r9"":""0x0909090909090909"",""rax"":""0x1122334455667788"",""rbp"":""0x778899aabbccddee"",""rbx"":""0xa1b2c3d4e5f60718"",""rcx"":""0x0000000000000003"",""rdi"":""data+4095"",""rdx"":""0x99aabbccddeeff00"",""rflags"":""0x0000000000010203"",""rip"":""code+0"",""rsi"":""source+256"",""rsp"":""stack+32768"",""trapno"":""0x000000000000000e""},""kernel_sigmask"":""0000000000000000"",""pages"":{""fill"":""11"",""page2_mapped"":true,""patches"":[],""size"":8192},""partial_write"":false,""si_code"":2,""signal"":11,""six_flags"":{""AF"":0,""CF"":1,""OF"":0,""PF"":0,""SF"":0,""ZF"":0},""trap"":14,""uc_flags"":7,""uc_link"":""0x0000000000000000"",""uc_stack"":{""flags"":0,""size"":65536,""sp"":""altstack+0""}}]","0x3c across full destination footprint after mapping/protection repair, before sigreturn","{""fill"":""11"",""page2_mapped"":true,""patches"":[[4095,""1807f6e5d4c3b2a1""]],""size"":8192}","{""r10"":""0x1010101010101010"",""r11"":""0x1212121212121212"",""r12"":""0x1313131313131313"",""r13"":""0x1414141414141414"",""r14"":""0x1515151515151515"",""r15"":""0x1616161616161616"",""r8"":""0x0808080808080808"",""r9"":""0x0909090909090909"",""rax"":""0x1122334455667788"",""rbp"":""0x778899aabbccddee"",""rbx"":""0x3c3c3c3c3c3c3c3c"",""rcx"":""0x0000000000000003"",""rdi"":""data+4095"",""rdx"":""0x99aabbccddeeff00"",""rflags"":""0x0000000000000203"",""rsi"":""source+256"",""rsp"":""stack+32768""}","{""AF"":0,""CF"":1,""OF"":0,""PF"":0,""SF"":0,""ZF"":0}",False,rmw.run1.jsonl.gz: matching form/layout/cross_offset/continuation
A,page_and_cacheline_cross,measured,True,True,xchg_reg_64_nolock,64,cross_rw_ro,2,4094,48871f,"[{""address"":""data+4096"",""error"":7,""execution_phase"":1,""fpstate_size"":2436,""gregs"":{""cr2"":""data+4096"",""csgsfs"":""0x002b000000000033"",""err"":""0x0000000000000007"",""oldmask"":""0x0000000000000000"",""r10"":""0x1010101010101010"",""r11"":""0x1212121212121212"",""r12"":""0x1313131313131313"",""r13"":""0x1414141414141414"",""r14"":""0x1515151515151515"",""r15"":""0x1616161616161616"",""r8"":""0x0808080808080808"",""r9"":""0x0909090909090909"",""rax"":""0x1122334455667788"",""rbp"":""0x778899aabbccddee"",""rbx"":""0xa1b2c3d4e5f60718"",""rcx"":""0x0000000000000003"",""rdi"":""data+4094"",""rdx"":""0x99aabbccddeeff00"",""rflags"":""0x0000000000010203"",""rip"":""code+0"",""rsi"":""source+256"",""rsp"":""stack+32768"",""trapno"":""0x000000000000000e""},""kernel_sigmask"":""0000000000000000"",""pages"":{""fill"":""11"",""page2_mapped"":true,""patches"":[],""size"":8192},""partial_write"":false,""si_code"":2,""signal"":11,""six_flags"":{""AF"":0,""CF"":1,""OF"":0,""PF"":0,""SF"":0,""ZF"":0},""trap"":14,""uc_flags"":7,""uc_link"":""0x0000000000000000"",""uc_stack"":{""flags"":0,""size"":65536,""sp"":""altstack+0""}}]","{""fill"":""11"",""page2_mapped"":true,""patches"":[],""size"":8192}","[{""address"":""data+4096"",""error"":7,""execution_phase"":1,""fpstate_size"":2436,""gregs"":{""cr2"":""data+4096"",""csgsfs"":""0x002b000000000033"",""err"":""0x0000000000000007"",""oldmask"":""0x0000000000000000"",""r10"":""0x1010101010101010"",""r11"":""0x1212121212121212"",""r12"":""0x1313131313131313"",""r13"":""0x1414141414141414"",""r14"":""0x1515151515151515"",""r15"":""0x1616161616161616"",""r8"":""0x0808080808080808"",""r9"":""0x0909090909090909"",""rax"":""0x1122334455667788"",""rbp"":""0x778899aabbccddee"",""rbx"":""0xa1b2c3d4e5f60718"",""rcx"":""0x0000000000000003"",""rdi"":""data+4094"",""rdx"":""0x99aabbccddeeff00"",""rflags"":""0x0000000000010203"",""rip"":""code+0"",""rsi"":""source+256"",""rsp"":""stack+32768"",""trapno"":""0x000000000000000e""},""kernel_sigmask"":""0000000000000000"",""pages"":{""fill"":""11"",""page2_mapped"":true,""patches"":[],""size"":8192},""partial_write"":false,""si_code"":2,""signal"":11,""six_flags"":{""AF"":0,""CF"":1,""OF"":0,""PF"":0,""SF"":0,""ZF"":0},""trap"":14,""uc_flags"":7,""uc_link"":""0x0000000000000000"",""uc_stack"":{""flags"":0,""size"":65536,""sp"":""altstack+0""}}]","0x3c across full destination footprint after mapping/protection repair, before sigreturn","{""fill"":""11"",""page2_mapped"":true,""patches"":[[4094,""1807f6e5d4c3b2a1""]],""size"":8192}","{""r10"":""0x1010101010101010"",""r11"":""0x1212121212121212"",""r12"":""0x1313131313131313"",""r13"":""0x1414141414141414"",""r14"":""0x1515151515151515"",""r15"":""0x1616161616161616"",""r8"":""0x0808080808080808"",""r9"":""0x0909090909090909"",""rax"":""0x1122334455667788"",""rbp"":""0x778899aabbccddee"",""rbx"":""0x3c3c3c3c3c3c3c3c"",""rcx"":""0x0000000000000003"",""rdi"":""data+4094"",""rdx"":""0x99aabbccddeeff00"",""rflags"":""0x0000000000000203"",""rsi"":""source+256"",""rsp"":""stack+32768""}","{""AF"":0,""CF"":1,""OF"":0,""PF"":0,""SF"":0,""ZF"":0}",False,rmw.run1.jsonl.gz: matching form/layout/cross_offset/continuation
A,page_and_cacheline_cross,measured,True,True,xchg_reg_64_nolock,64,cross_rw_ro,3,4093,48871f,"[{""address"":""data+4096"",""error"":7,""execution_phase"":1,""fpstate_size"":2436,""gregs"":{""cr2"":""data+4096"",""csgsfs"":""0x002b000000000033"",""err"":""0x0000000000000007"",""oldmask"":""0x0000000000000000"",""r10"":""0x1010101010101010"",""r11"":""0x1212121212121212"",""r12"":""0x1313131313131313"",""r13"":""0x1414141414141414"",""r14"":""0x1515151515151515"",""r15"":""0x1616161616161616"",""r8"":""0x0808080808080808"",""r9"":""0x0909090909090909"",""rax"":""0x1122334455667788"",""rbp"":""0x778899aabbccddee"",""rbx"":""0xa1b2c3d4e5f60718"",""rcx"":""0x0000000000000003"",""rdi"":""data+4093"",""rdx"":""0x99aabbccddeeff00"",""rflags"":""0x0000000000010203"",""rip"":""code+0"",""rsi"":""source+256"",""rsp"":""stack+32768"",""trapno"":""0x000000000000000e""},""kernel_sigmask"":""0000000000000000"",""pages"":{""fill"":""11"",""page2_mapped"":true,""patches"":[],""size"":8192},""partial_write"":false,""si_code"":2,""signal"":11,""six_flags"":{""AF"":0,""CF"":1,""OF"":0,""PF"":0,""SF"":0,""ZF"":0},""trap"":14,""uc_flags"":7,""uc_link"":""0x0000000000000000"",""uc_stack"":{""flags"":0,""size"":65536,""sp"":""altstack+0""}}]","{""fill"":""11"",""page2_mapped"":true,""patches"":[],""size"":8192}","[{""address"":""data+4096"",""error"":7,""execution_phase"":1,""fpstate_size"":2436,""gregs"":{""cr2"":""data+4096"",""csgsfs"":""0x002b000000000033"",""err"":""0x0000000000000007"",""oldmask"":""0x0000000000000000"",""r10"":""0x1010101010101010"",""r11"":""0x1212121212121212"",""r12"":""0x1313131313131313"",""r13"":""0x1414141414141414"",""r14"":""0x1515151515151515"",""r15"":""0x1616161616161616"",""r8"":""0x0808080808080808"",""r9"":""0x0909090909090909"",""rax"":""0x1122334455667788"",""rbp"":""0x778899aabbccddee"",""rbx"":""0xa1b2c3d4e5f60718"",""rcx"":""0x0000000000000003"",""rdi"":""data+4093"",""rdx"":""0x99aabbccddeeff00"",""rflags"":""0x0000000000010203"",""rip"":""code+0"",""rsi"":""source+256"",""rsp"":""stack+32768"",""trapno"":""0x000000000000000e""},""kernel_sigmask"":""0000000000000000"",""pages"":{""fill"":""11"",""page2_mapped"":true,""patches"":[],""size"":8192},""partial_write"":false,""si_code"":2,""signal"":11,""six_flags"":{""AF"":0,""CF"":1,""OF"":0,""PF"":0,""SF"":0,""ZF"":0},""trap"":14,""uc_flags"":7,""uc_link"":""0x0000000000000000"",""uc_stack"":{""flags"":0,""size"":65536,""sp"":""altstack+0""}}]","0x3c across full destination footprint after mapping/protection repair, before sigreturn","{""fill"":""11"",""page2_mapped"":true,""patches"":[[4093,""1807f6e5d4c3b2a1""]],""size"":8192}","{""r10"":""0x1010101010101010"",""r11"":""0x1212121212121212"",""r12"":""0x1313131313131313"",""r13"":""0x1414141414141414"",""r14"":""0x1515151515151515"",""r15"":""0x1616161616161616"",""r8"":""0x0808080808080808"",""r9"":""0x0909090909090909"",""rax"":""0x1122334455667788"",""rbp"":""0x778899aabbccddee"",""rbx"":""0x3c3c3c3c3c3c3c3c"",""rcx"":""0x0000000000000003"",""rdi"":""data+4093"",""rdx"":""0x99aabbccddeeff00"",""rflags"":""0x0000000000000203"",""rsi"":""source+256"",""rsp"":""stack+32768""}","{""AF"":0,""CF"":1,""OF"":0,""PF"":0,""SF"":0,""ZF"":0}",False,rmw.run1.jsonl.gz: matching form/layout/cross_offset/continuation
A,page_and_cacheline_cross,measured,True,True,xchg_reg_64_nolock,64,cross_rw_ro,4,4092,48871f,"[{""address"":""data+4096"",""error"":7,""execution_phase"":1,""fpstate_size"":2436,""gregs"":{""cr2"":""data+4096"",""csgsfs"":""0x002b000000000033"",""err"":""0x0000000000000007"",""oldmask"":""0x0000000000000000"",""r10"":""0x1010101010101010"",""r11"":""0x1212121212121212"",""r12"":""0x1313131313131313"",""r13"":""0x1414141414141414"",""r14"":""0x1515151515151515"",""r15"":""0x1616161616161616"",""r8"":""0x0808080808080808"",""r9"":""0x0909090909090909"",""rax"":""0x1122334455667788"",""rbp"":""0x778899aabbccddee"",""rbx"":""0xa1b2c3d4e5f60718"",""rcx"":""0x0000000000000003"",""rdi"":""data+4092"",""rdx"":""0x99aabbccddeeff00"",""rflags"":""0x0000000000010203"",""rip"":""code+0"",""rsi"":""source+256"",""rsp"":""stack+32768"",""trapno"":""0x000000000000000e""},""kernel_sigmask"":""0000000000000000"",""pages"":{""fill"":""11"",""page2_mapped"":true,""patches"":[],""size"":8192},""partial_write"":false,""si_code"":2,""signal"":11,""six_flags"":{""AF"":0,""CF"":1,""OF"":0,""PF"":0,""SF"":0,""ZF"":0},""trap"":14,""uc_flags"":7,""uc_link"":""0x0000000000000000"",""uc_stack"":{""flags"":0,""size"":65536,""sp"":""altstack+0""}}]","{""fill"":""11"",""page2_mapped"":true,""patches"":[],""size"":8192}","[{""address"":""data+4096"",""error"":7,""execution_phase"":1,""fpstate_size"":2436,""gregs"":{""cr2"":""data+4096"",""csgsfs"":""0x002b000000000033"",""err"":""0x0000000000000007"",""oldmask"":""0x0000000000000000"",""r10"":""0x1010101010101010"",""r11"":""0x1212121212121212"",""r12"":""0x1313131313131313"",""r13"":""0x1414141414141414"",""r14"":""0x1515151515151515"",""r15"":""0x1616161616161616"",""r8"":""0x0808080808080808"",""r9"":""0x0909090909090909"",""rax"":""0x1122334455667788"",""rbp"":""0x778899aabbccddee"",""rbx"":""0xa1b2c3d4e5f60718"",""rcx"":""0x0000000000000003"",""rdi"":""data+4092"",""rdx"":""0x99aabbccddeeff00"",""rflags"":""0x0000000000010203"",""rip"":""code+0"",""rsi"":""source+256"",""rsp"":""stack+32768"",""trapno"":""0x000000000000000e""},""kernel_sigmask"":""0000000000000000"",""pages"":{""fill"":""11"",""page2_mapped"":true,""patches"":[],""size"":8192},""partial_write"":false,""si_code"":2,""signal"":11,""six_flags"":{""AF"":0,""CF"":1,""OF"":0,""PF"":0,""SF"":0,""ZF"":0},""trap"":14,""uc_flags"":7,""uc_link"":""0x0000000000000000"",""uc_stack"":{""flags"":0,""size"":65536,""sp"":""altstack+0""}}]","0x3c across full destination footprint after mapping/protection repair, before sigreturn","{""fill"":""11"",""page2_mapped"":true,""patches"":[[4092,""1807f6e5d4c3b2a1""]],""size"":8192}","{""r10"":""0x1010101010101010"",""r11"":""0x1212121212121212"",""r12"":""0x1313131313131313"",""r13"":""0x1414141414141414"",""r14"":""0x1515151515151515"",""r15"":""0x1616161616161616"",""r8"":""0x0808080808080808"",""r9"":""0x0909090909090909"",""rax"":""0x1122334455667788"",""rbp"":""0x778899aabbccddee"",""rbx"":""0x3c3c3c3c3c3c3c3c"",""rcx"":""0x0000000000000003"",""rdi"":""data+4092"",""rdx"":""0x99aabbccddeeff00"",""rflags"":""0x0000000000000203"",""rsi"":""source+256"",""rsp"":""stack+32768""}","{""AF"":0,""CF"":1,""OF"":0,""PF"":0,""SF"":0,""ZF"":0}",False,rmw.run1.jsonl.gz: matching form/layout/cross_offset/continuation
A,page_and_cacheline_cross,measured,True,True,xchg_reg_64_nolock,64,cross_rw_ro,5,4091,48871f,"[{""address"":""data+4096"",""error"":7,""execution_phase"":1,""fpstate_size"":2436,""gregs"":{""cr2"":""data+4096"",""csgsfs"":""0x002b000000000033"",""err"":""0x0000000000000007"",""oldmask"":""0x0000000000000000"",""r10"":""0x1010101010101010"",""r11"":""0x1212121212121212"",""r12"":""0x1313131313131313"",""r13"":""0x1414141414141414"",""r14"":""0x1515151515151515"",""r15"":""0x1616161616161616"",""r8"":""0x0808080808080808"",""r9"":""0x0909090909090909"",""rax"":""0x1122334455667788"",""rbp"":""0x778899aabbccddee"",""rbx"":""0xa1b2c3d4e5f60718"",""rcx"":""0x0000000000000003"",""rdi"":""data+4091"",""rdx"":""0x99aabbccddeeff00"",""rflags"":""0x0000000000010203"",""rip"":""code+0"",""rsi"":""source+256"",""rsp"":""stack+32768"",""trapno"":""0x000000000000000e""},""kernel_sigmask"":""0000000000000000"",""pages"":{""fill"":""11"",""page2_mapped"":true,""patches"":[],""size"":8192},""partial_write"":false,""si_code"":2,""signal"":11,""six_flags"":{""AF"":0,""CF"":1,""OF"":0,""PF"":0,""SF"":0,""ZF"":0},""trap"":14,""uc_flags"":7,""uc_link"":""0x0000000000000000"",""uc_stack"":{""flags"":0,""size"":65536,""sp"":""altstack+0""}}]","{""fill"":""11"",""page2_mapped"":true,""patches"":[],""size"":8192}","[{""address"":""data+4096"",""error"":7,""execution_phase"":1,""fpstate_size"":2436,""gregs"":{""cr2"":""data+4096"",""csgsfs"":""0x002b000000000033"",""err"":""0x0000000000000007"",""oldmask"":""0x0000000000000000"",""r10"":""0x1010101010101010"",""r11"":""0x1212121212121212"",""r12"":""0x1313131313131313"",""r13"":""0x1414141414141414"",""r14"":""0x1515151515151515"",""r15"":""0x1616161616161616"",""r8"":""0x0808080808080808"",""r9"":""0x0909090909090909"",""rax"":""0x1122334455667788"",""rbp"":""0x778899aabbccddee"",""rbx"":""0xa1b2c3d4e5f60718"",""rcx"":""0x0000000000000003"",""rdi"":""data+4091"",""rdx"":""0x99aabbccddeeff00"",""rflags"":""0x0000000000010203"",""rip"":""code+0"",""rsi"":""source+256"",""rsp"":""stack+32768"",""trapno"":""0x000000000000000e""},""kernel_sigmask"":""0000000000000000"",""pages"":{""fill"":""11"",""page2_mapped"":true,""patches"":[],""size"":8192},""partial_write"":false,""si_code"":2,""signal"":11,""six_flags"":{""AF"":0,""CF"":1,""OF"":0,""PF"":0,""SF"":0,""ZF"":0},""trap"":14,""uc_flags"":7,""uc_link"":""0x0000000000000000"",""uc_stack"":{""flags"":0,""size"":65536,""sp"":""altstack+0""}}]","0x3c across full destination footprint after mapping/protection repair, before sigreturn","{""fill"":""11"",""page2_mapped"":true,""patches"":[[4091,""1807f6e5d4c3b2a1""]],""size"":8192}","{""r10"":""0x1010101010101010"",""r11"":""0x1212121212121212"",""r12"":""0x1313131313131313"",""r13"":""0x1414141414141414"",""r14"":""0x1515151515151515"",""r15"":""0x1616161616161616"",""r8"":""0x0808080808080808"",""r9"":""0x0909090909090909"",""rax"":""0x1122334455667788"",""rbp"":""0x778899aabbccddee"",""rbx"":""0x3c3c3c3c3c3c3c3c"",""rcx"":""0x0000000000000003"",""rdi"":""data+4091"",""rdx"":""0x99aabbccddeeff00"",""rflags"":""0x0000000000000203"",""rsi"":""source+256"",""rsp"":""stack+32768""}","{""AF"":0,""CF"":1,""OF"":0,""PF"":0,""SF"":0,""ZF"":0}",False,rmw.run1.jsonl.gz: matching form/layout/cross_offset/continuation
A,page_and_cacheline_cross,measured,True,True,xchg_reg_64_nolock,64,cross_rw_ro,6,4090,48871f,"[{""address"":""data+4096"",""error"":7,""execution_phase"":1,""fpstate_size"":2436,""gregs"":{""cr2"":""data+4096"",""csgsfs"":""0x002b000000000033"",""err"":""0x0000000000000007"",""oldmask"":""0x0000000000000000"",""r10"":""0x1010101010101010"",""r11"":""0x1212121212121212"",""r12"":""0x1313131313131313"",""r13"":""0x1414141414141414"",""r14"":""0x1515151515151515"",""r15"":""0x1616161616161616"",""r8"":""0x0808080808080808"",""r9"":""0x0909090909090909"",""rax"":""0x1122334455667788"",""rbp"":""0x778899aabbccddee"",""rbx"":""0xa1b2c3d4e5f60718"",""rcx"":""0x0000000000000003"",""rdi"":""data+4090"",""rdx"":""0x99aabbccddeeff00"",""rflags"":""0x0000000000010203"",""rip"":""code+0"",""rsi"":""source+256"",""rsp"":""stack+32768"",""trapno"":""0x000000000000000e""},""kernel_sigmask"":""0000000000000000"",""pages"":{""fill"":""11"",""page2_mapped"":true,""patches"":[],""size"":8192},""partial_write"":false,""si_code"":2,""signal"":11,""six_flags"":{""AF"":0,""CF"":1,""OF"":0,""PF"":0,""SF"":0,""ZF"":0},""trap"":14,""uc_flags"":7,""uc_link"":""0x0000000000000000"",""uc_stack"":{""flags"":0,""size"":65536,""sp"":""altstack+0""}}]","{""fill"":""11"",""page2_mapped"":true,""patches"":[],""size"":8192}","[{""address"":""data+4096"",""error"":7,""execution_phase"":1,""fpstate_size"":2436,""gregs"":{""cr2"":""data+4096"",""csgsfs"":""0x002b000000000033"",""err"":""0x0000000000000007"",""oldmask"":""0x0000000000000000"",""r10"":""0x1010101010101010"",""r11"":""0x1212121212121212"",""r12"":""0x1313131313131313"",""r13"":""0x1414141414141414"",""r14"":""0x1515151515151515"",""r15"":""0x1616161616161616"",""r8"":""0x0808080808080808"",""r9"":""0x0909090909090909"",""rax"":""0x1122334455667788"",""rbp"":""0x778899aabbccddee"",""rbx"":""0xa1b2c3d4e5f60718"",""rcx"":""0x0000000000000003"",""rdi"":""data+4090"",""rdx"":""0x99aabbccddeeff00"",""rflags"":""0x0000000000010203"",""rip"":""code+0"",""rsi"":""source+256"",""rsp"":""stack+32768"",""trapno"":""0x000000000000000e""},""kernel_sigmask"":""0000000000000000"",""pages"":{""fill"":""11"",""page2_mapped"":true,""patches"":[],""size"":8192},""partial_write"":false,""si_code"":2,""signal"":11,""six_flags"":{""AF"":0,""CF"":1,""OF"":0,""PF"":0,""SF"":0,""ZF"":0},""trap"":14,""uc_flags"":7,""uc_link"":""0x0000000000000000"",""uc_stack"":{""flags"":0,""size"":65536,""sp"":""altstack+0""}}]","0x3c across full destination footprint after mapping/protection repair, before sigreturn","{""fill"":""11"",""page2_mapped"":true,""patches"":[[4090,""1807f6e5d4c3b2a1""]],""size"":8192}","{""r10"":""0x1010101010101010"",""r11"":""0x1212121212121212"",""r12"":""0x1313131313131313"",""r13"":""0x1414141414141414"",""r14"":""0x1515151515151515"",""r15"":""0x1616161616161616"",""r8"":""0x0808080808080808"",""r9"":""0x0909090909090909"",""rax"":""0x1122334455667788"",""rbp"":""0x778899aabbccddee"",""rbx"":""0x3c3c3c3c3c3c3c3c"",""rcx"":""0x0000000000000003"",""rdi"":""data+4090"",""rdx"":""0x99aabbccddeeff00"",""rflags"":""0x0000000000000203"",""rsi"":""source+256"",""rsp"":""stack+32768""}","{""AF"":0,""CF"":1,""OF"":0,""PF"":0,""SF"":0,""ZF"":0}",False,rmw.run1.jsonl.gz: matching form/layout/cross_offset/continuation
A,page_and_cacheline_cross,measured,True,True,xchg_reg_64_nolock,64,cross_rw_ro,7,4089,48871f,"[{""address"":""data+4096"",""error"":7,""execution_phase"":1,""fpstate_size"":2436,""gregs"":{""cr2"":""data+4096"",""csgsfs"":""0x002b000000000033"",""err"":""0x0000000000000007"",""oldmask"":""0x0000000000000000"",""r10"":""0x1010101010101010"",""r11"":""0x1212121212121212"",""r12"":""0x1313131313131313"",""r13"":""0x1414141414141414"",""r14"":""0x1515151515151515"",""r15"":""0x1616161616161616"",""r8"":""0x0808080808080808"",""r9"":""0x0909090909090909"",""rax"":""0x1122334455667788"",""rbp"":""0x778899aabbccddee"",""rbx"":""0xa1b2c3d4e5f60718"",""rcx"":""0x0000000000000003"",""rdi"":""data+4089"",""rdx"":""0x99aabbccddeeff00"",""rflags"":""0x0000000000010203"",""rip"":""code+0"",""rsi"":""source+256"",""rsp"":""stack+32768"",""trapno"":""0x000000000000000e""},""kernel_sigmask"":""0000000000000000"",""pages"":{""fill"":""11"",""page2_mapped"":true,""patches"":[],""size"":8192},""partial_write"":false,""si_code"":2,""signal"":11,""six_flags"":{""AF"":0,""CF"":1,""OF"":0,""PF"":0,""SF"":0,""ZF"":0},""trap"":14,""uc_flags"":7,""uc_link"":""0x0000000000000000"",""uc_stack"":{""flags"":0,""size"":65536,""sp"":""altstack+0""}}]","{""fill"":""11"",""page2_mapped"":true,""patches"":[],""size"":8192}","[{""address"":""data+4096"",""error"":7,""execution_phase"":1,""fpstate_size"":2436,""gregs"":{""cr2"":""data+4096"",""csgsfs"":""0x002b000000000033"",""err"":""0x0000000000000007"",""oldmask"":""0x0000000000000000"",""r10"":""0x1010101010101010"",""r11"":""0x1212121212121212"",""r12"":""0x1313131313131313"",""r13"":""0x1414141414141414"",""r14"":""0x1515151515151515"",""r15"":""0x1616161616161616"",""r8"":""0x0808080808080808"",""r9"":""0x0909090909090909"",""rax"":""0x1122334455667788"",""rbp"":""0x778899aabbccddee"",""rbx"":""0xa1b2c3d4e5f60718"",""rcx"":""0x0000000000000003"",""rdi"":""data+4089"",""rdx"":""0x99aabbccddeeff00"",""rflags"":""0x0000000000010203"",""rip"":""code+0"",""rsi"":""source+256"",""rsp"":""stack+32768"",""trapno"":""0x000000000000000e""},""kernel_sigmask"":""0000000000000000"",""pages"":{""fill"":""11"",""page2_mapped"":true,""patches"":[],""size"":8192},""partial_write"":false,""si_code"":2,""signal"":11,""six_flags"":{""AF"":0,""CF"":1,""OF"":0,""PF"":0,""SF"":0,""ZF"":0},""trap"":14,""uc_flags"":7,""uc_link"":""0x0000000000000000"",""uc_stack"":{""flags"":0,""size"":65536,""sp"":""altstack+0""}}]","0x3c across full destination footprint after mapping/protection repair, before sigreturn","{""fill"":""11"",""page2_mapped"":true,""patches"":[[4089,""1807f6e5d4c3b2a1""]],""size"":8192}","{""r10"":""0x1010101010101010"",""r11"":""0x1212121212121212"",""r12"":""0x1313131313131313"",""r13"":""0x1414141414141414"",""r14"":""0x1515151515151515"",""r15"":""0x1616161616161616"",""r8"":""0x0808080808080808"",""r9"":""0x0909090909090909"",""rax"":""0x1122334455667788"",""rbp"":""0x778899aabbccddee"",""rbx"":""0x3c3c3c3c3c3c3c3c"",""rcx"":""0x0000000000000003"",""rdi"":""data+4089"",""rdx"":""0x99aabbccddeeff00"",""rflags"":""0x0000000000000203"",""rsi"":""source+256"",""rsp"":""stack+32768""}","{""AF"":0,""CF"":1,""OF"":0,""PF"":0,""SF"":0,""ZF"":0}",False,rmw.run1.jsonl.gz: matching form/layout/cross_offset/continuation
A,page_and_cacheline_cross,measured,True,True,xchg_reg_64_nolock,64,cross_ro_rw,1,4095,48871f,"[{""address"":""data+4095"",""error"":7,""execution_phase"":1,""fpstate_size"":2436,""gregs"":{""cr2"":""data+4095"",""csgsfs"":""0x002b000000000033"",""err"":""0x0000000000000007"",""oldmask"":""0x0000000000000000"",""r10"":""0x1010101010101010"",""r11"":""0x1212121212121212"",""r12"":""0x1313131313131313"",""r13"":""0x1414141414141414"",""r14"":""0x1515151515151515"",""r15"":""0x1616161616161616"",""r8"":""0x0808080808080808"",""r9"":""0x0909090909090909"",""rax"":""0x1122334455667788"",""rbp"":""0x778899aabbccddee"",""rbx"":""0xa1b2c3d4e5f60718"",""rcx"":""0x0000000000000003"",""rdi"":""data+4095"",""rdx"":""0x99aabbccddeeff00"",""rflags"":""0x0000000000010203"",""rip"":""code+0"",""rsi"":""source+256"",""rsp"":""stack+32768"",""trapno"":""0x000000000000000e""},""kernel_sigmask"":""0000000000000000"",""pages"":{""fill"":""11"",""page2_mapped"":true,""patches"":[],""size"":8192},""partial_write"":false,""si_code"":2,""signal"":11,""six_flags"":{""AF"":0,""CF"":1,""OF"":0,""PF"":0,""SF"":0,""ZF"":0},""trap"":14,""uc_flags"":7,""uc_link"":""0x0000000000000000"",""uc_stack"":{""flags"":0,""size"":65536,""sp"":""altstack+0""}}]","{""fill"":""11"",""page2_mapped"":true,""patches"":[],""size"":8192}","[{""address"":""data+4095"",""error"":7,""execution_phase"":1,""fpstate_size"":2436,""gregs"":{""cr2"":""data+4095"",""csgsfs"":""0x002b000000000033"",""err"":""0x0000000000000007"",""oldmask"":""0x0000000000000000"",""r10"":""0x1010101010101010"",""r11"":""0x1212121212121212"",""r12"":""0x1313131313131313"",""r13"":""0x1414141414141414"",""r14"":""0x1515151515151515"",""r15"":""0x1616161616161616"",""r8"":""0x0808080808080808"",""r9"":""0x0909090909090909"",""rax"":""0x1122334455667788"",""rbp"":""0x778899aabbccddee"",""rbx"":""0xa1b2c3d4e5f60718"",""rcx"":""0x0000000000000003"",""rdi"":""data+4095"",""rdx"":""0x99aabbccddeeff00"",""rflags"":""0x0000000000010203"",""rip"":""code+0"",""rsi"":""source+256"",""rsp"":""stack+32768"",""trapno"":""0x000000000000000e""},""kernel_sigmask"":""0000000000000000"",""pages"":{""fill"":""11"",""page2_mapped"":true,""patches"":[],""size"":8192},""partial_write"":false,""si_code"":2,""signal"":11,""six_flags"":{""AF"":0,""CF"":1,""OF"":0,""PF"":0,""SF"":0,""ZF"":0},""trap"":14,""uc_flags"":7,""uc_link"":""0x0000000000000000"",""uc_stack"":{""flags"":0,""size"":65536,""sp"":""altstack+0""}}]","0x3c across full destination footprint after mapping/protection repair, before sigreturn","{""fill"":""11"",""page2_mapped"":true,""patches"":[[4095,""1807f6e5d4c3b2a1""]],""size"":8192}","{""r10"":""0x1010101010101010"",""r11"":""0x1212121212121212"",""r12"":""0x1313131313131313"",""r13"":""0x1414141414141414"",""r14"":""0x1515151515151515"",""r15"":""0x1616161616161616"",""r8"":""0x0808080808080808"",""r9"":""0x0909090909090909"",""rax"":""0x1122334455667788"",""rbp"":""0x778899aabbccddee"",""rbx"":""0x3c3c3c3c3c3c3c3c"",""rcx"":""0x0000000000000003"",""rdi"":""data+4095"",""rdx"":""0x99aabbccddeeff00"",""rflags"":""0x0000000000000203"",""rsi"":""source+256"",""rsp"":""stack+32768""}","{""AF"":0,""CF"":1,""OF"":0,""PF"":0,""SF"":0,""ZF"":0}",False,rmw.run1.jsonl.gz: matching form/layout/cross_offset/continuation
A,page_and_cacheline_cross,measured,True,True,xchg_reg_64_nolock,64,cross_ro_rw,2,4094,48871f,"[{""address"":""data+4094"",""error"":7,""execution_phase"":1,""fpstate_size"":2436,""gregs"":{""cr2"":""data+4094"",""csgsfs"":""0x002b000000000033"",""err"":""0x0000000000000007"",""oldmask"":""0x0000000000000000"",""r10"":""0x1010101010101010"",""r11"":""0x1212121212121212"",""r12"":""0x1313131313131313"",""r13"":""0x1414141414141414"",""r14"":""0x1515151515151515"",""r15"":""0x1616161616161616"",""r8"":""0x0808080808080808"",""r9"":""0x0909090909090909"",""rax"":""0x1122334455667788"",""rbp"":""0x778899aabbccddee"",""rbx"":""0xa1b2c3d4e5f60718"",""rcx"":""0x0000000000000003"",""rdi"":""data+4094"",""rdx"":""0x99aabbccddeeff00"",""rflags"":""0x0000000000010203"",""rip"":""code+0"",""rsi"":""source+256"",""rsp"":""stack+32768"",""trapno"":""0x000000000000000e""},""kernel_sigmask"":""0000000000000000"",""pages"":{""fill"":""11"",""page2_mapped"":true,""patches"":[],""size"":8192},""partial_write"":false,""si_code"":2,""signal"":11,""six_flags"":{""AF"":0,""CF"":1,""OF"":0,""PF"":0,""SF"":0,""ZF"":0},""trap"":14,""uc_flags"":7,""uc_link"":""0x0000000000000000"",""uc_stack"":{""flags"":0,""size"":65536,""sp"":""altstack+0""}}]","{""fill"":""11"",""page2_mapped"":true,""patches"":[],""size"":8192}","[{""address"":""data+4094"",""error"":7,""execution_phase"":1,""fpstate_size"":2436,""gregs"":{""cr2"":""data+4094"",""csgsfs"":""0x002b000000000033"",""err"":""0x0000000000000007"",""oldmask"":""0x0000000000000000"",""r10"":""0x1010101010101010"",""r11"":""0x1212121212121212"",""r12"":""0x1313131313131313"",""r13"":""0x1414141414141414"",""r14"":""0x1515151515151515"",""r15"":""0x1616161616161616"",""r8"":""0x0808080808080808"",""r9"":""0x0909090909090909"",""rax"":""0x1122334455667788"",""rbp"":""0x778899aabbccddee"",""rbx"":""0xa1b2c3d4e5f60718"",""rcx"":""0x0000000000000003"",""rdi"":""data+4094"",""rdx"":""0x99aabbccddeeff00"",""rflags"":""0x0000000000010203"",""rip"":""code+0"",""rsi"":""source+256"",""rsp"":""stack+32768"",""trapno"":""0x000000000000000e""},""kernel_sigmask"":""0000000000000000"",""pages"":{""fill"":""11"",""page2_mapped"":true,""patches"":[],""size"":8192},""partial_write"":false,""si_code"":2,""signal"":11,""six_flags"":{""AF"":0,""CF"":1,""OF"":0,""PF"":0,""SF"":0,""ZF"":0},""trap"":14,""uc_flags"":7,""uc_link"":""0x0000000000000000"",""uc_stack"":{""flags"":0,""size"":65536,""sp"":""altstack+0""}}]","0x3c across full destination footprint after mapping/protection repair, before sigreturn","{""fill"":""11"",""page2_mapped"":true,""patches"":[[4094,""1807f6e5d4c3b2a1""]],""size"":8192}","{""r10"":""0x1010101010101010"",""r11"":""0x1212121212121212"",""r12"":""0x1313131313131313"",""r13"":""0x1414141414141414"",""r14"":""0x1515151515151515"",""r15"":""0x1616161616161616"",""r8"":""0x0808080808080808"",""r9"":""0x0909090909090909"",""rax"":""0x1122334455667788"",""rbp"":""0x778899aabbccddee"",""rbx"":""0x3c3c3c3c3c3c3c3c"",""rcx"":""0x0000000000000003"",""rdi"":""data+4094"",""rdx"":""0x99aabbccddeeff00"",""rflags"":""0x0000000000000203"",""rsi"":""source+256"",""rsp"":""stack+32768""}","{""AF"":0,""CF"":1,""OF"":0,""PF"":0,""SF"":0,""ZF"":0}",False,rmw.run1.jsonl.gz: matching form/layout/cross_offset/continuation
A,page_and_cacheline_cross,measured,True,True,xchg_reg_64_nolock,64,cross_ro_rw,3,4093,48871f,"[{""address"":""data+4093"",""error"":7,""execution_phase"":1,""fpstate_size"":2436,""gregs"":{""cr2"":""data+4093"",""csgsfs"":""0x002b000000000033"",""err"":""0x0000000000000007"",""oldmask"":""0x0000000000000000"",""r10"":""0x1010101010101010"",""r11"":""0x1212121212121212"",""r12"":""0x1313131313131313"",""r13"":""0x1414141414141414"",""r14"":""0x1515151515151515"",""r15"":""0x1616161616161616"",""r8"":""0x0808080808080808"",""r9"":""0x0909090909090909"",""rax"":""0x1122334455667788"",""rbp"":""0x778899aabbccddee"",""rbx"":""0xa1b2c3d4e5f60718"",""rcx"":""0x0000000000000003"",""rdi"":""data+4093"",""rdx"":""0x99aabbccddeeff00"",""rflags"":""0x0000000000010203"",""rip"":""code+0"",""rsi"":""source+256"",""rsp"":""stack+32768"",""trapno"":""0x000000000000000e""},""kernel_sigmask"":""0000000000000000"",""pages"":{""fill"":""11"",""page2_mapped"":true,""patches"":[],""size"":8192},""partial_write"":false,""si_code"":2,""signal"":11,""six_flags"":{""AF"":0,""CF"":1,""OF"":0,""PF"":0,""SF"":0,""ZF"":0},""trap"":14,""uc_flags"":7,""uc_link"":""0x0000000000000000"",""uc_stack"":{""flags"":0,""size"":65536,""sp"":""altstack+0""}}]","{""fill"":""11"",""page2_mapped"":true,""patches"":[],""size"":8192}","[{""address"":""data+4093"",""error"":7,""execution_phase"":1,""fpstate_size"":2436,""gregs"":{""cr2"":""data+4093"",""csgsfs"":""0x002b000000000033"",""err"":""0x0000000000000007"",""oldmask"":""0x0000000000000000"",""r10"":""0x1010101010101010"",""r11"":""0x1212121212121212"",""r12"":""0x1313131313131313"",""r13"":""0x1414141414141414"",""r14"":""0x1515151515151515"",""r15"":""0x1616161616161616"",""r8"":""0x0808080808080808"",""r9"":""0x0909090909090909"",""rax"":""0x1122334455667788"",""rbp"":""0x778899aabbccddee"",""rbx"":""0xa1b2c3d4e5f60718"",""rcx"":""0x0000000000000003"",""rdi"":""data+4093"",""rdx"":""0x99aabbccddeeff00"",""rflags"":""0x0000000000010203"",""rip"":""code+0"",""rsi"":""source+256"",""rsp"":""stack+32768"",""trapno"":""0x000000000000000e""},""kernel_sigmask"":""0000000000000000"",""pages"":{""fill"":""11"",""page2_mapped"":true,""patches"":[],""size"":8192},""partial_write"":false,""si_code"":2,""signal"":11,""six_flags"":{""AF"":0,""CF"":1,""OF"":0,""PF"":0,""SF"":0,""ZF"":0},""trap"":14,""uc_flags"":7,""uc_link"":""0x0000000000000000"",""uc_stack"":{""flags"":0,""size"":65536,""sp"":""altstack+0""}}]","0x3c across full destination footprint after mapping/protection repair, before sigreturn","{""fill"":""11"",""page2_mapped"":true,""patches"":[[4093,""1807f6e5d4c3b2a1""]],""size"":8192}","{""r10"":""0x1010101010101010"",""r11"":""0x1212121212121212"",""r12"":""0x1313131313131313"",""r13"":""0x1414141414141414"",""r14"":""0x1515151515151515"",""r15"":""0x1616161616161616"",""r8"":""0x0808080808080808"",""r9"":""0x0909090909090909"",""rax"":""0x1122334455667788"",""rbp"":""0x778899aabbccddee"",""rbx"":""0x3c3c3c3c3c3c3c3c"",""rcx"":""0x0000000000000003"",""rdi"":""data+4093"",""rdx"":""0x99aabbccddeeff00"",""rflags"":""0x0000000000000203"",""rsi"":""source+256"",""rsp"":""stack+32768""}","{""AF"":0,""CF"":1,""OF"":0,""PF"":0,""SF"":0,""ZF"":0}",False,rmw.run1.jsonl.gz: matching form/layout/cross_offset/continuation
A,page_and_cacheline_cross,measured,True,True,xchg_reg_64_nolock,64,cross_ro_rw,4,4092,48871f,"[{""address"":""data+4092"",""error"":7,""execution_phase"":1,""fpstate_size"":2436,""gregs"":{""cr2"":""data+4092"",""csgsfs"":""0x002b000000000033"",""err"":""0x0000000000000007"",""oldmask"":""0x0000000000000000"",""r10"":""0x1010101010101010"",""r11"":""0x1212121212121212"",""r12"":""0x1313131313131313"",""r13"":""0x1414141414141414"",""r14"":""0x1515151515151515"",""r15"":""0x1616161616161616"",""r8"":""0x0808080808080808"",""r9"":""0x0909090909090909"",""rax"":""0x1122334455667788"",""rbp"":""0x778899aabbccddee"",""rbx"":""0xa1b2c3d4e5f60718"",""rcx"":""0x0000000000000003"",""rdi"":""data+4092"",""rdx"":""0x99aabbccddeeff00"",""rflags"":""0x0000000000010203"",""rip"":""code+0"",""rsi"":""source+256"",""rsp"":""stack+32768"",""trapno"":""0x000000000000000e""},""kernel_sigmask"":""0000000000000000"",""pages"":{""fill"":""11"",""page2_mapped"":true,""patches"":[],""size"":8192},""partial_write"":false,""si_code"":2,""signal"":11,""six_flags"":{""AF"":0,""CF"":1,""OF"":0,""PF"":0,""SF"":0,""ZF"":0},""trap"":14,""uc_flags"":7,""uc_link"":""0x0000000000000000"",""uc_stack"":{""flags"":0,""size"":65536,""sp"":""altstack+0""}}]","{""fill"":""11"",""page2_mapped"":true,""patches"":[],""size"":8192}","[{""address"":""data+4092"",""error"":7,""execution_phase"":1,""fpstate_size"":2436,""gregs"":{""cr2"":""data+4092"",""csgsfs"":""0x002b000000000033"",""err"":""0x0000000000000007"",""oldmask"":""0x0000000000000000"",""r10"":""0x1010101010101010"",""r11"":""0x1212121212121212"",""r12"":""0x1313131313131313"",""r13"":""0x1414141414141414"",""r14"":""0x1515151515151515"",""r15"":""0x1616161616161616"",""r8"":""0x0808080808080808"",""r9"":""0x0909090909090909"",""rax"":""0x1122334455667788"",""rbp"":""0x778899aabbccddee"",""rbx"":""0xa1b2c3d4e5f60718"",""rcx"":""0x0000000000000003"",""rdi"":""data+4092"",""rdx"":""0x99aabbccddeeff00"",""rflags"":""0x0000000000010203"",""rip"":""code+0"",""rsi"":""source+256"",""rsp"":""stack+32768"",""trapno"":""0x000000000000000e""},""kernel_sigmask"":""0000000000000000"",""pages"":{""fill"":""11"",""page2_mapped"":true,""patches"":[],""size"":8192},""partial_write"":false,""si_code"":2,""signal"":11,""six_flags"":{""AF"":0,""CF"":1,""OF"":0,""PF"":0,""SF"":0,""ZF"":0},""trap"":14,""uc_flags"":7,""uc_link"":""0x0000000000000000"",""uc_stack"":{""flags"":0,""size"":65536,""sp"":""altstack+0""}}]","0x3c across full destination footprint after mapping/protection repair, before sigreturn","{""fill"":""11"",""page2_mapped"":true,""patches"":[[4092,""1807f6e5d4c3b2a1""]],""size"":8192}","{""r10"":""0x1010101010101010"",""r11"":""0x1212121212121212"",""r12"":""0x1313131313131313"",""r13"":""0x1414141414141414"",""r14"":""0x1515151515151515"",""r15"":""0x1616161616161616"",""r8"":""0x0808080808080808"",""r9"":""0x0909090909090909"",""rax"":""0x1122334455667788"",""rbp"":""0x778899aabbccddee"",""rbx"":""0x3c3c3c3c3c3c3c3c"",""rcx"":""0x0000000000000003"",""rdi"":""data+4092"",""rdx"":""0x99aabbccddeeff00"",""rflags"":""0x0000000000000203"",""rsi"":""source+256"",""rsp"":""stack+32768""}","{""AF"":0,""CF"":1,""OF"":0,""PF"":0,""SF"":0,""ZF"":0}",False,rmw.run1.jsonl.gz: matching form/layout/cross_offset/continuation
A,page_and_cacheline_cross,measured,True,True,xchg_reg_64_nolock,64,cross_ro_rw,5,4091,48871f,"[{""address"":""data+4091"",""error"":7,""execution_phase"":1,""fpstate_size"":2436,""gregs"":{""cr2"":""data+4091"",""csgsfs"":""0x002b000000000033"",""err"":""0x0000000000000007"",""oldmask"":""0x0000000000000000"",""r10"":""0x1010101010101010"",""r11"":""0x1212121212121212"",""r12"":""0x1313131313131313"",""r13"":""0x1414141414141414"",""r14"":""0x1515151515151515"",""r15"":""0x1616161616161616"",""r8"":""0x0808080808080808"",""r9"":""0x0909090909090909"",""rax"":""0x1122334455667788"",""rbp"":""0x778899aabbccddee"",""rbx"":""0xa1b2c3d4e5f60718"",""rcx"":""0x0000000000000003"",""rdi"":""data+4091"",""rdx"":""0x99aabbccddeeff00"",""rflags"":""0x0000000000010203"",""rip"":""code+0"",""rsi"":""source+256"",""rsp"":""stack+32768"",""trapno"":""0x000000000000000e""},""kernel_sigmask"":""0000000000000000"",""pages"":{""fill"":""11"",""page2_mapped"":true,""patches"":[],""size"":8192},""partial_write"":false,""si_code"":2,""signal"":11,""six_flags"":{""AF"":0,""CF"":1,""OF"":0,""PF"":0,""SF"":0,""ZF"":0},""trap"":14,""uc_flags"":7,""uc_link"":""0x0000000000000000"",""uc_stack"":{""flags"":0,""size"":65536,""sp"":""altstack+0""}}]","{""fill"":""11"",""page2_mapped"":true,""patches"":[],""size"":8192}","[{""address"":""data+4091"",""error"":7,""execution_phase"":1,""fpstate_size"":2436,""gregs"":{""cr2"":""data+4091"",""csgsfs"":""0x002b000000000033"",""err"":""0x0000000000000007"",""oldmask"":""0x0000000000000000"",""r10"":""0x1010101010101010"",""r11"":""0x1212121212121212"",""r12"":""0x1313131313131313"",""r13"":""0x1414141414141414"",""r14"":""0x1515151515151515"",""r15"":""0x1616161616161616"",""r8"":""0x0808080808080808"",""r9"":""0x0909090909090909"",""rax"":""0x1122334455667788"",""rbp"":""0x778899aabbccddee"",""rbx"":""0xa1b2c3d4e5f60718"",""rcx"":""0x0000000000000003"",""rdi"":""data+4091"",""rdx"":""0x99aabbccddeeff00"",""rflags"":""0x0000000000010203"",""rip"":""code+0"",""rsi"":""source+256"",""rsp"":""stack+32768"",""trapno"":""0x000000000000000e""},""kernel_sigmask"":""0000000000000000"",""pages"":{""fill"":""11"",""page2_mapped"":true,""patches"":[],""size"":8192},""partial_write"":false,""si_code"":2,""signal"":11,""six_flags"":{""AF"":0,""CF"":1,""OF"":0,""PF"":0,""SF"":0,""ZF"":0},""trap"":14,""uc_flags"":7,""uc_link"":""0x0000000000000000"",""uc_stack"":{""flags"":0,""size"":65536,""sp"":""altstack+0""}}]","0x3c across full destination footprint after mapping/protection repair, before sigreturn","{""fill"":""11"",""page2_mapped"":true,""patches"":[[4091,""1807f6e5d4c3b2a1""]],""size"":8192}","{""r10"":""0x1010101010101010"",""r11"":""0x1212121212121212"",""r12"":""0x1313131313131313"",""r13"":""0x1414141414141414"",""r14"":""0x1515151515151515"",""r15"":""0x1616161616161616"",""r8"":""0x0808080808080808"",""r9"":""0x0909090909090909"",""rax"":""0x1122334455667788"",""rbp"":""0x778899aabbccddee"",""rbx"":""0x3c3c3c3c3c3c3c3c"",""rcx"":""0x0000000000000003"",""rdi"":""data+4091"",""rdx"":""0x99aabbccddeeff00"",""rflags"":""0x0000000000000203"",""rsi"":""source+256"",""rsp"":""stack+32768""}","{""AF"":0,""CF"":1,""OF"":0,""PF"":0,""SF"":0,""ZF"":0}",False,rmw.run1.jsonl.gz: matching form/layout/cross_offset/continuation
A,page_and_cacheline_cross,measured,True,True,xchg_reg_64_nolock,64,cross_ro_rw,6,4090,48871f,"[{""address"":""data+4090"",""error"":7,""execution_phase"":1,""fpstate_size"":2436,""gregs"":{""cr2"":""data+4090"",""csgsfs"":""0x002b000000000033"",""err"":""0x0000000000000007"",""oldmask"":""0x0000000000000000"",""r10"":""0x1010101010101010"",""r11"":""0x1212121212121212"",""r12"":""0x1313131313131313"",""r13"":""0x1414141414141414"",""r14"":""0x1515151515151515"",""r15"":""0x1616161616161616"",""r8"":""0x0808080808080808"",""r9"":""0x0909090909090909"",""rax"":""0x1122334455667788"",""rbp"":""0x778899aabbccddee"",""rbx"":""0xa1b2c3d4e5f60718"",""rcx"":""0x0000000000000003"",""rdi"":""data+4090"",""rdx"":""0x99aabbccddeeff00"",""rflags"":""0x0000000000010203"",""rip"":""code+0"",""rsi"":""source+256"",""rsp"":""stack+32768"",""trapno"":""0x000000000000000e""},""kernel_sigmask"":""0000000000000000"",""pages"":{""fill"":""11"",""page2_mapped"":true,""patches"":[],""size"":8192},""partial_write"":false,""si_code"":2,""signal"":11,""six_flags"":{""AF"":0,""CF"":1,""OF"":0,""PF"":0,""SF"":0,""ZF"":0},""trap"":14,""uc_flags"":7,""uc_link"":""0x0000000000000000"",""uc_stack"":{""flags"":0,""size"":65536,""sp"":""altstack+0""}}]","{""fill"":""11"",""page2_mapped"":true,""patches"":[],""size"":8192}","[{""address"":""data+4090"",""error"":7,""execution_phase"":1,""fpstate_size"":2436,""gregs"":{""cr2"":""data+4090"",""csgsfs"":""0x002b000000000033"",""err"":""0x0000000000000007"",""oldmask"":""0x0000000000000000"",""r10"":""0x1010101010101010"",""r11"":""0x1212121212121212"",""r12"":""0x1313131313131313"",""r13"":""0x1414141414141414"",""r14"":""0x1515151515151515"",""r15"":""0x1616161616161616"",""r8"":""0x0808080808080808"",""r9"":""0x0909090909090909"",""rax"":""0x1122334455667788"",""rbp"":""0x778899aabbccddee"",""rbx"":""0xa1b2c3d4e5f60718"",""rcx"":""0x0000000000000003"",""rdi"":""data+4090"",""rdx"":""0x99aabbccddeeff00"",""rflags"":""0x0000000000010203"",""rip"":""code+0"",""rsi"":""source+256"",""rsp"":""stack+32768"",""trapno"":""0x000000000000000e""},""kernel_sigmask"":""0000000000000000"",""pages"":{""fill"":""11"",""page2_mapped"":true,""patches"":[],""size"":8192},""partial_write"":false,""si_code"":2,""signal"":11,""six_flags"":{""AF"":0,""CF"":1,""OF"":0,""PF"":0,""SF"":0,""ZF"":0},""trap"":14,""uc_flags"":7,""uc_link"":""0x0000000000000000"",""uc_stack"":{""flags"":0,""size"":65536,""sp"":""altstack+0""}}]","0x3c across full destination footprint after mapping/protection repair, before sigreturn","{""fill"":""11"",""page2_mapped"":true,""patches"":[[4090,""1807f6e5d4c3b2a1""]],""size"":8192}","{""r10"":""0x1010101010101010"",""r11"":""0x1212121212121212"",""r12"":""0x1313131313131313"",""r13"":""0x1414141414141414"",""r14"":""0x1515151515151515"",""r15"":""0x1616161616161616"",""r8"":""0x0808080808080808"",""r9"":""0x0909090909090909"",""rax"":""0x1122334455667788"",""rbp"":""0x778899aabbccddee"",""rbx"":""0x3c3c3c3c3c3c3c3c"",""rcx"":""0x0000000000000003"",""rdi"":""data+4090"",""rdx"":""0x99aabbccddeeff00"",""rflags"":""0x0000000000000203"",""rsi"":""source+256"",""rsp"":""stack+32768""}","{""AF"":0,""CF"":1,""OF"":0,""PF"":0,""SF"":0,""ZF"":0}",False,rmw.run1.jsonl.gz: matching form/layout/cross_offset/continuation
A,page_and_cacheline_cross,measured,True,True,xchg_reg_64_nolock,64,cross_ro_rw,7,4089,48871f,"[{""address"":""data+4089"",""error"":7,""execution_phase"":1,""fpstate_size"":2436,""gregs"":{""cr2"":""data+4089"",""csgsfs"":""0x002b000000000033"",""err"":""0x0000000000000007"",""oldmask"":""0x0000000000000000"",""r10"":""0x1010101010101010"",""r11"":""0x1212121212121212"",""r12"":""0x1313131313131313"",""r13"":""0x1414141414141414"",""r14"":""0x1515151515151515"",""r15"":""0x1616161616161616"",""r8"":""0x0808080808080808"",""r9"":""0x0909090909090909"",""rax"":""0x1122334455667788"",""rbp"":""0x778899aabbccddee"",""rbx"":""0xa1b2c3d4e5f60718"",""rcx"":""0x0000000000000003"",""rdi"":""data+4089"",""rdx"":""0x99aabbccddeeff00"",""rflags"":""0x0000000000010203"",""rip"":""code+0"",""rsi"":""source+256"",""rsp"":""stack+32768"",""trapno"":""0x000000000000000e""},""kernel_sigmask"":""0000000000000000"",""pages"":{""fill"":""11"",""page2_mapped"":true,""patches"":[],""size"":8192},""partial_write"":false,""si_code"":2,""signal"":11,""six_flags"":{""AF"":0,""CF"":1,""OF"":0,""PF"":0,""SF"":0,""ZF"":0},""trap"":14,""uc_flags"":7,""uc_link"":""0x0000000000000000"",""uc_stack"":{""flags"":0,""size"":65536,""sp"":""altstack+0""}}]","{""fill"":""11"",""page2_mapped"":true,""patches"":[],""size"":8192}","[{""address"":""data+4089"",""error"":7,""execution_phase"":1,""fpstate_size"":2436,""gregs"":{""cr2"":""data+4089"",""csgsfs"":""0x002b000000000033"",""err"":""0x0000000000000007"",""oldmask"":""0x0000000000000000"",""r10"":""0x1010101010101010"",""r11"":""0x1212121212121212"",""r12"":""0x1313131313131313"",""r13"":""0x1414141414141414"",""r14"":""0x1515151515151515"",""r15"":""0x1616161616161616"",""r8"":""0x0808080808080808"",""r9"":""0x0909090909090909"",""rax"":""0x1122334455667788"",""rbp"":""0x778899aabbccddee"",""rbx"":""0xa1b2c3d4e5f60718"",""rcx"":""0x0000000000000003"",""rdi"":""data+4089"",""rdx"":""0x99aabbccddeeff00"",""rflags"":""0x0000000000010203"",""rip"":""code+0"",""rsi"":""source+256"",""rsp"":""stack+32768"",""trapno"":""0x000000000000000e""},""kernel_sigmask"":""0000000000000000"",""pages"":{""fill"":""11"",""page2_mapped"":true,""patches"":[],""size"":8192},""partial_write"":false,""si_code"":2,""signal"":11,""six_flags"":{""AF"":0,""CF"":1,""OF"":0,""PF"":0,""SF"":0,""ZF"":0},""trap"":14,""uc_flags"":7,""uc_link"":""0x0000000000000000"",""uc_stack"":{""flags"":0,""size"":65536,""sp"":""altstack+0""}}]","0x3c across full destination footprint after mapping/protection repair, before sigreturn","{""fill"":""11"",""page2_mapped"":true,""patches"":[[4089,""1807f6e5d4c3b2a1""]],""size"":8192}","{""r10"":""0x1010101010101010"",""r11"":""0x1212121212121212"",""r12"":""0x1313131313131313"",""r13"":""0x1414141414141414"",""r14"":""0x1515151515151515"",""r15"":""0x1616161616161616"",""r8"":""0x0808080808080808"",""r9"":""0x0909090909090909"",""rax"":""0x1122334455667788"",""rbp"":""0x778899aabbccddee"",""rbx"":""0x3c3c3c3c3c3c3c3c"",""rcx"":""0x0000000000000003"",""rdi"":""data+4089"",""rdx"":""0x99aabbccddeeff00"",""rflags"":""0x0000000000000203"",""rsi"":""source+256"",""rsp"":""stack+32768""}","{""AF"":0,""CF"":1,""OF"":0,""PF"":0,""SF"":0,""ZF"":0}",False,rmw.run1.jsonl.gz: matching form/layout/cross_offset/continuation
A,page_and_cacheline_cross,measured,False,True,xchg_reg_64_lock,64,cross_rw_ro,1,4095,f048871f,"[{""address"":""data+4096"",""error"":7,""execution_phase"":1,""fpstate_size"":2436,""gregs"":{""cr2"":""data+4096"",""csgsfs"":""0x002b000000000033"",""err"":""0x0000000000000007"",""oldmask"":""0x0000000000000000"",""r10"":""0x1010101010101010"",""r11"":""0x1212121212121212"",""r12"":""0x1313131313131313"",""r13"":""0x1414141414141414"",""r14"":""0x1515151515151515"",""r15"":""0x1616161616161616"",""r8"":""0x0808080808080808"",""r9"":""0x0909090909090909"",""rax"":""0x1122334455667788"",""rbp"":""0x778899aabbccddee"",""rbx"":""0xa1b2c3d4e5f60718"",""rcx"":""0x0000000000000003"",""rdi"":""data+4095"",""rdx"":""0x99aabbccddeeff00"",""rflags"":""0x0000000000010203"",""rip"":""code+0"",""rsi"":""source+256"",""rsp"":""stack+32768"",""trapno"":""0x000000000000000e""},""kernel_sigmask"":""0000000000000000"",""pages"":{""fill"":""11"",""page2_mapped"":true,""patches"":[],""size"":8192},""partial_write"":false,""si_code"":2,""signal"":11,""six_flags"":{""AF"":0,""CF"":1,""OF"":0,""PF"":0,""SF"":0,""ZF"":0},""trap"":14,""uc_flags"":7,""uc_link"":""0x0000000000000000"",""uc_stack"":{""flags"":0,""size"":65536,""sp"":""altstack+0""}}]","{""fill"":""11"",""page2_mapped"":true,""patches"":[],""size"":8192}","[{""address"":""data+4096"",""error"":7,""execution_phase"":1,""fpstate_size"":2436,""gregs"":{""cr2"":""data+4096"",""csgsfs"":""0x002b000000000033"",""err"":""0x0000000000000007"",""oldmask"":""0x0000000000000000"",""r10"":""0x1010101010101010"",""r11"":""0x1212121212121212"",""r12"":""0x1313131313131313"",""r13"":""0x1414141414141414"",""r14"":""0x1515151515151515"",""r15"":""0x1616161616161616"",""r8"":""0x0808080808080808"",""r9"":""0x0909090909090909"",""rax"":""0x1122334455667788"",""rbp"":""0x778899aabbccddee"",""rbx"":""0xa1b2c3d4e5f60718"",""rcx"":""0x0000000000000003"",""rdi"":""data+4095"",""rdx"":""0x99aabbccddeeff00"",""rflags"":""0x0000000000010203"",""rip"":""code+0"",""rsi"":""source+256"",""rsp"":""stack+32768"",""trapno"":""0x000000000000000e""},""kernel_sigmask"":""0000000000000000"",""pages"":{""fill"":""11"",""page2_mapped"":true,""patches"":[],""size"":8192},""partial_write"":false,""si_code"":2,""signal"":11,""six_flags"":{""AF"":0,""CF"":1,""OF"":0,""PF"":0,""SF"":0,""ZF"":0},""trap"":14,""uc_flags"":7,""uc_link"":""0x0000000000000000"",""uc_stack"":{""flags"":0,""size"":65536,""sp"":""altstack+0""}}]","0x3c across full destination footprint after mapping/protection repair, before sigreturn","{""fill"":""11"",""page2_mapped"":true,""patches"":[[4095,""1807f6e5d4c3b2a1""]],""size"":8192}","{""r10"":""0x1010101010101010"",""r11"":""0x1212121212121212"",""r12"":""0x1313131313131313"",""r13"":""0x1414141414141414"",""r14"":""0x1515151515151515"",""r15"":""0x1616161616161616"",""r8"":""0x0808080808080808"",""r9"":""0x0909090909090909"",""rax"":""0x1122334455667788"",""rbp"":""0x778899aabbccddee"",""rbx"":""0x3c3c3c3c3c3c3c3c"",""rcx"":""0x0000000000000003"",""rdi"":""data+4095"",""rdx"":""0x99aabbccddeeff00"",""rflags"":""0x0000000000000203"",""rsi"":""source+256"",""rsp"":""stack+32768""}","{""AF"":0,""CF"":1,""OF"":0,""PF"":0,""SF"":0,""ZF"":0}",False,rmw.run1.jsonl.gz: matching form/layout/cross_offset/continuation
A,page_and_cacheline_cross,measured,False,True,xchg_reg_64_lock,64,cross_rw_ro,2,4094,f048871f,"[{""address"":""data+4096"",""error"":7,""execution_phase"":1,""fpstate_size"":2436,""gregs"":{""cr2"":""data+4096"",""csgsfs"":""0x002b000000000033"",""err"":""0x0000000000000007"",""oldmask"":""0x0000000000000000"",""r10"":""0x1010101010101010"",""r11"":""0x1212121212121212"",""r12"":""0x1313131313131313"",""r13"":""0x1414141414141414"",""r14"":""0x1515151515151515"",""r15"":""0x1616161616161616"",""r8"":""0x0808080808080808"",""r9"":""0x0909090909090909"",""rax"":""0x1122334455667788"",""rbp"":""0x778899aabbccddee"",""rbx"":""0xa1b2c3d4e5f60718"",""rcx"":""0x0000000000000003"",""rdi"":""data+4094"",""rdx"":""0x99aabbccddeeff00"",""rflags"":""0x0000000000010203"",""rip"":""code+0"",""rsi"":""source+256"",""rsp"":""stack+32768"",""trapno"":""0x000000000000000e""},""kernel_sigmask"":""0000000000000000"",""pages"":{""fill"":""11"",""page2_mapped"":true,""patches"":[],""size"":8192},""partial_write"":false,""si_code"":2,""signal"":11,""six_flags"":{""AF"":0,""CF"":1,""OF"":0,""PF"":0,""SF"":0,""ZF"":0},""trap"":14,""uc_flags"":7,""uc_link"":""0x0000000000000000"",""uc_stack"":{""flags"":0,""size"":65536,""sp"":""altstack+0""}}]","{""fill"":""11"",""page2_mapped"":true,""patches"":[],""size"":8192}","[{""address"":""data+4096"",""error"":7,""execution_phase"":1,""fpstate_size"":2436,""gregs"":{""cr2"":""data+4096"",""csgsfs"":""0x002b000000000033"",""err"":""0x0000000000000007"",""oldmask"":""0x0000000000000000"",""r10"":""0x1010101010101010"",""r11"":""0x1212121212121212"",""r12"":""0x1313131313131313"",""r13"":""0x1414141414141414"",""r14"":""0x1515151515151515"",""r15"":""0x1616161616161616"",""r8"":""0x0808080808080808"",""r9"":""0x0909090909090909"",""rax"":""0x1122334455667788"",""rbp"":""0x778899aabbccddee"",""rbx"":""0xa1b2c3d4e5f60718"",""rcx"":""0x0000000000000003"",""rdi"":""data+4094"",""rdx"":""0x99aabbccddeeff00"",""rflags"":""0x0000000000010203"",""rip"":""code+0"",""rsi"":""source+256"",""rsp"":""stack+32768"",""trapno"":""0x000000000000000e""},""kernel_sigmask"":""0000000000000000"",""pages"":{""fill"":""11"",""page2_mapped"":true,""patches"":[],""size"":8192},""partial_write"":false,""si_code"":2,""signal"":11,""six_flags"":{""AF"":0,""CF"":1,""OF"":0,""PF"":0,""SF"":0,""ZF"":0},""trap"":14,""uc_flags"":7,""uc_link"":""0x0000000000000000"",""uc_stack"":{""flags"":0,""size"":65536,""sp"":""altstack+0""}}]","0x3c across full destination footprint after mapping/protection repair, before sigreturn","{""fill"":""11"",""page2_mapped"":true,""patches"":[[4094,""1807f6e5d4c3b2a1""]],""size"":8192}","{""r10"":""0x1010101010101010"",""r11"":""0x1212121212121212"",""r12"":""0x1313131313131313"",""r13"":""0x1414141414141414"",""r14"":""0x1515151515151515"",""r15"":""0x1616161616161616"",""r8"":""0x0808080808080808"",""r9"":""0x0909090909090909"",""rax"":""0x1122334455667788"",""rbp"":""0x778899aabbccddee"",""rbx"":""0x3c3c3c3c3c3c3c3c"",""rcx"":""0x0000000000000003"",""rdi"":""data+4094"",""rdx"":""0x99aabbccddeeff00"",""rflags"":""0x0000000000000203"",""rsi"":""source+256"",""rsp"":""stack+32768""}","{""AF"":0,""CF"":1,""OF"":0,""PF"":0,""SF"":0,""ZF"":0}",False,rmw.run1.jsonl.gz: matching form/layout/cross_offset/continuation
A,page_and_cacheline_cross,measured,False,True,xchg_reg_64_lock,64,cross_rw_ro,3,4093,f048871f,"[{""address"":""data+4096"",""error"":7,""execution_phase"":1,""fpstate_size"":2436,""gregs"":{""cr2"":""data+4096"",""csgsfs"":""0x002b000000000033"",""err"":""0x0000000000000007"",""oldmask"":""0x0000000000000000"",""r10"":""0x1010101010101010"",""r11"":""0x1212121212121212"",""r12"":""0x1313131313131313"",""r13"":""0x1414141414141414"",""r14"":""0x1515151515151515"",""r15"":""0x1616161616161616"",""r8"":""0x0808080808080808"",""r9"":""0x0909090909090909"",""rax"":""0x1122334455667788"",""rbp"":""0x778899aabbccddee"",""rbx"":""0xa1b2c3d4e5f60718"",""rcx"":""0x0000000000000003"",""rdi"":""data+4093"",""rdx"":""0x99aabbccddeeff00"",""rflags"":""0x0000000000010203"",""rip"":""code+0"",""rsi"":""source+256"",""rsp"":""stack+32768"",""trapno"":""0x000000000000000e""},""kernel_sigmask"":""0000000000000000"",""pages"":{""fill"":""11"",""page2_mapped"":true,""patches"":[],""size"":8192},""partial_write"":false,""si_code"":2,""signal"":11,""six_flags"":{""AF"":0,""CF"":1,""OF"":0,""PF"":0,""SF"":0,""ZF"":0},""trap"":14,""uc_flags"":7,""uc_link"":""0x0000000000000000"",""uc_stack"":{""flags"":0,""size"":65536,""sp"":""altstack+0""}}]","{""fill"":""11"",""page2_mapped"":true,""patches"":[],""size"":8192}","[{""address"":""data+4096"",""error"":7,""execution_phase"":1,""fpstate_size"":2436,""gregs"":{""cr2"":""data+4096"",""csgsfs"":""0x002b000000000033"",""err"":""0x0000000000000007"",""oldmask"":""0x0000000000000000"",""r10"":""0x1010101010101010"",""r11"":""0x1212121212121212"",""r12"":""0x1313131313131313"",""r13"":""0x1414141414141414"",""r14"":""0x1515151515151515"",""r15"":""0x1616161616161616"",""r8"":""0x0808080808080808"",""r9"":""0x0909090909090909"",""rax"":""0x1122334455667788"",""rbp"":""0x778899aabbccddee"",""rbx"":""0xa1b2c3d4e5f60718"",""rcx"":""0x0000000000000003"",""rdi"":""data+4093"",""rdx"":""0x99aabbccddeeff00"",""rflags"":""0x0000000000010203"",""rip"":""code+0"",""rsi"":""source+256"",""rsp"":""stack+32768"",""trapno"":""0x000000000000000e""},""kernel_sigmask"":""0000000000000000"",""pages"":{""fill"":""11"",""page2_mapped"":true,""patches"":[],""size"":8192},""partial_write"":false,""si_code"":2,""signal"":11,""six_flags"":{""AF"":0,""CF"":1,""OF"":0,""PF"":0,""SF"":0,""ZF"":0},""trap"":14,""uc_flags"":7,""uc_link"":""0x0000000000000000"",""uc_stack"":{""flags"":0,""size"":65536,""sp"":""altstack+0""}}]","0x3c across full destination footprint after mapping/protection repair, before sigreturn","{""fill"":""11"",""page2_mapped"":true,""patches"":[[4093,""1807f6e5d4c3b2a1""]],""size"":8192}","{""r10"":""0x1010101010101010"",""r11"":""0x1212121212121212"",""r12"":""0x1313131313131313"",""r13"":""0x1414141414141414"",""r14"":""0x1515151515151515"",""r15"":""0x1616161616161616"",""r8"":""0x0808080808080808"",""r9"":""0x0909090909090909"",""rax"":""0x1122334455667788"",""rbp"":""0x778899aabbccddee"",""rbx"":""0x3c3c3c3c3c3c3c3c"",""rcx"":""0x0000000000000003"",""rdi"":""data+4093"",""rdx"":""0x99aabbccddeeff00"",""rflags"":""0x0000000000000203"",""rsi"":""source+256"",""rsp"":""stack+32768""}","{""AF"":0,""CF"":1,""OF"":0,""PF"":0,""SF"":0,""ZF"":0}",False,rmw.run1.jsonl.gz: matching form/layout/cross_offset/continuation
A,page_and_cacheline_cross,measured,False,True,xchg_reg_64_lock,64,cross_rw_ro,4,4092,f048871f,"[{""address"":""data+4096"",""error"":7,""execution_phase"":1,""fpstate_size"":2436,""gregs"":{""cr2"":""data+4096"",""csgsfs"":""0x002b000000000033"",""err"":""0x0000000000000007"",""oldmask"":""0x0000000000000000"",""r10"":""0x1010101010101010"",""r11"":""0x1212121212121212"",""r12"":""0x1313131313131313"",""r13"":""0x1414141414141414"",""r14"":""0x1515151515151515"",""r15"":""0x1616161616161616"",""r8"":""0x0808080808080808"",""r9"":""0x0909090909090909"",""rax"":""0x1122334455667788"",""rbp"":""0x778899aabbccddee"",""rbx"":""0xa1b2c3d4e5f60718"",""rcx"":""0x0000000000000003"",""rdi"":""data+4092"",""rdx"":""0x99aabbccddeeff00"",""rflags"":""0x0000000000010203"",""rip"":""code+0"",""rsi"":""source+256"",""rsp"":""stack+32768"",""trapno"":""0x000000000000000e""},""kernel_sigmask"":""0000000000000000"",""pages"":{""fill"":""11"",""page2_mapped"":true,""patches"":[],""size"":8192},""partial_write"":false,""si_code"":2,""signal"":11,""six_flags"":{""AF"":0,""CF"":1,""OF"":0,""PF"":0,""SF"":0,""ZF"":0},""trap"":14,""uc_flags"":7,""uc_link"":""0x0000000000000000"",""uc_stack"":{""flags"":0,""size"":65536,""sp"":""altstack+0""}}]","{""fill"":""11"",""page2_mapped"":true,""patches"":[],""size"":8192}","[{""address"":""data+4096"",""error"":7,""execution_phase"":1,""fpstate_size"":2436,""gregs"":{""cr2"":""data+4096"",""csgsfs"":""0x002b000000000033"",""err"":""0x0000000000000007"",""oldmask"":""0x0000000000000000"",""r10"":""0x1010101010101010"",""r11"":""0x1212121212121212"",""r12"":""0x1313131313131313"",""r13"":""0x1414141414141414"",""r14"":""0x1515151515151515"",""r15"":""0x1616161616161616"",""r8"":""0x0808080808080808"",""r9"":""0x0909090909090909"",""rax"":""0x1122334455667788"",""rbp"":""0x778899aabbccddee"",""rbx"":""0xa1b2c3d4e5f60718"",""rcx"":""0x0000000000000003"",""rdi"":""data+4092"",""rdx"":""0x99aabbccddeeff00"",""rflags"":""0x0000000000010203"",""rip"":""code+0"",""rsi"":""source+256"",""rsp"":""stack+32768"",""trapno"":""0x000000000000000e""},""kernel_sigmask"":""0000000000000000"",""pages"":{""fill"":""11"",""page2_mapped"":true,""patches"":[],""size"":8192},""partial_write"":false,""si_code"":2,""signal"":11,""six_flags"":{""AF"":0,""CF"":1,""OF"":0,""PF"":0,""SF"":0,""ZF"":0},""trap"":14,""uc_flags"":7,""uc_link"":""0x0000000000000000"",""uc_stack"":{""flags"":0,""size"":65536,""sp"":""altstack+0""}}]","0x3c across full destination footprint after mapping/protection repair, before sigreturn","{""fill"":""11"",""page2_mapped"":true,""patches"":[[4092,""1807f6e5d4c3b2a1""]],""size"":8192}","{""r10"":""0x1010101010101010"",""r11"":""0x1212121212121212"",""r12"":""0x1313131313131313"",""r13"":""0x1414141414141414"",""r14"":""0x1515151515151515"",""r15"":""0x1616161616161616"",""r8"":""0x0808080808080808"",""r9"":""0x0909090909090909"",""rax"":""0x1122334455667788"",""rbp"":""0x778899aabbccddee"",""rbx"":""0x3c3c3c3c3c3c3c3c"",""rcx"":""0x0000000000000003"",""rdi"":""data+4092"",""rdx"":""0x99aabbccddeeff00"",""rflags"":""0x0000000000000203"",""rsi"":""source+256"",""rsp"":""stack+32768""}","{""AF"":0,""CF"":1,""OF"":0,""PF"":0,""SF"":0,""ZF"":0}",False,rmw.run1.jsonl.gz: matching form/layout/cross_offset/continuation
A,page_and_cacheline_cross,measured,False,True,xchg_reg_64_lock,64,cross_rw_ro,5,4091,f048871f,"[{""address"":""data+4096"",""error"":7,""execution_phase"":1,""fpstate_size"":2436,""gregs"":{""cr2"":""data+4096"",""csgsfs"":""0x002b000000000033"",""err"":""0x0000000000000007"",""oldmask"":""0x0000000000000000"",""r10"":""0x1010101010101010"",""r11"":""0x1212121212121212"",""r12"":""0x1313131313131313"",""r13"":""0x1414141414141414"",""r14"":""0x1515151515151515"",""r15"":""0x1616161616161616"",""r8"":""0x0808080808080808"",""r9"":""0x0909090909090909"",""rax"":""0x1122334455667788"",""rbp"":""0x778899aabbccddee"",""rbx"":""0xa1b2c3d4e5f60718"",""rcx"":""0x0000000000000003"",""rdi"":""data+4091"",""rdx"":""0x99aabbccddeeff00"",""rflags"":""0x0000000000010203"",""rip"":""code+0"",""rsi"":""source+256"",""rsp"":""stack+32768"",""trapno"":""0x000000000000000e""},""kernel_sigmask"":""0000000000000000"",""pages"":{""fill"":""11"",""page2_mapped"":true,""patches"":[],""size"":8192},""partial_write"":false,""si_code"":2,""signal"":11,""six_flags"":{""AF"":0,""CF"":1,""OF"":0,""PF"":0,""SF"":0,""ZF"":0},""trap"":14,""uc_flags"":7,""uc_link"":""0x0000000000000000"",""uc_stack"":{""flags"":0,""size"":65536,""sp"":""altstack+0""}}]","{""fill"":""11"",""page2_mapped"":true,""patches"":[],""size"":8192}","[{""address"":""data+4096"",""error"":7,""execution_phase"":1,""fpstate_size"":2436,""gregs"":{""cr2"":""data+4096"",""csgsfs"":""0x002b000000000033"",""err"":""0x0000000000000007"",""oldmask"":""0x0000000000000000"",""r10"":""0x1010101010101010"",""r11"":""0x1212121212121212"",""r12"":""0x1313131313131313"",""r13"":""0x1414141414141414"",""r14"":""0x1515151515151515"",""r15"":""0x1616161616161616"",""r8"":""0x0808080808080808"",""r9"":""0x0909090909090909"",""rax"":""0x1122334455667788"",""rbp"":""0x778899aabbccddee"",""rbx"":""0xa1b2c3d4e5f60718"",""rcx"":""0x0000000000000003"",""rdi"":""data+4091"",""rdx"":""0x99aabbccddeeff00"",""rflags"":""0x0000000000010203"",""rip"":""code+0"",""rsi"":""source+256"",""rsp"":""stack+32768"",""trapno"":""0x000000000000000e""},""kernel_sigmask"":""0000000000000000"",""pages"":{""fill"":""11"",""page2_mapped"":true,""patches"":[],""size"":8192},""partial_write"":false,""si_code"":2,""signal"":11,""six_flags"":{""AF"":0,""CF"":1,""OF"":0,""PF"":0,""SF"":0,""ZF"":0},""trap"":14,""uc_flags"":7,""uc_link"":""0x0000000000000000"",""uc_stack"":{""flags"":0,""size"":65536,""sp"":""altstack+0""}}]","0x3c across full destination footprint after mapping/protection repair, before sigreturn","{""fill"":""11"",""page2_mapped"":true,""patches"":[[4091,""1807f6e5d4c3b2a1""]],""size"":8192}","{""r10"":""0x1010101010101010"",""r11"":""0x1212121212121212"",""r12"":""0x1313131313131313"",""r13"":""0x1414141414141414"",""r14"":""0x1515151515151515"",""r15"":""0x1616161616161616"",""r8"":""0x0808080808080808"",""r9"":""0x0909090909090909"",""rax"":""0x1122334455667788"",""rbp"":""0x778899aabbccddee"",""rbx"":""0x3c3c3c3c3c3c3c3c"",""rcx"":""0x0000000000000003"",""rdi"":""data+4091"",""rdx"":""0x99aabbccddeeff00"",""rflags"":""0x0000000000000203"",""rsi"":""source+256"",""rsp"":""stack+32768""}","{""AF"":0,""CF"":1,""OF"":0,""PF"":0,""SF"":0,""ZF"":0}",False,rmw.run1.jsonl.gz: matching form/layout/cross_offset/continuation
A,page_and_cacheline_cross,measured,False,True,xchg_reg_64_lock,64,cross_rw_ro,6,4090,f048871f,"[{""address"":""data+4096"",""error"":7,""execution_phase"":1,""fpstate_size"":2436,""gregs"":{""cr2"":""data+4096"",""csgsfs"":""0x002b000000000033"",""err"":""0x0000000000000007"",""oldmask"":""0x0000000000000000"",""r10"":""0x1010101010101010"",""r11"":""0x1212121212121212"",""r12"":""0x1313131313131313"",""r13"":""0x1414141414141414"",""r14"":""0x1515151515151515"",""r15"":""0x1616161616161616"",""r8"":""0x0808080808080808"",""r9"":""0x0909090909090909"",""rax"":""0x1122334455667788"",""rbp"":""0x778899aabbccddee"",""rbx"":""0xa1b2c3d4e5f60718"",""rcx"":""0x0000000000000003"",""rdi"":""data+4090"",""rdx"":""0x99aabbccddeeff00"",""rflags"":""0x0000000000010203"",""rip"":""code+0"",""rsi"":""source+256"",""rsp"":""stack+32768"",""trapno"":""0x000000000000000e""},""kernel_sigmask"":""0000000000000000"",""pages"":{""fill"":""11"",""page2_mapped"":true,""patches"":[],""size"":8192},""partial_write"":false,""si_code"":2,""signal"":11,""six_flags"":{""AF"":0,""CF"":1,""OF"":0,""PF"":0,""SF"":0,""ZF"":0},""trap"":14,""uc_flags"":7,""uc_link"":""0x0000000000000000"",""uc_stack"":{""flags"":0,""size"":65536,""sp"":""altstack+0""}}]","{""fill"":""11"",""page2_mapped"":true,""patches"":[],""size"":8192}","[{""address"":""data+4096"",""error"":7,""execution_phase"":1,""fpstate_size"":2436,""gregs"":{""cr2"":""data+4096"",""csgsfs"":""0x002b000000000033"",""err"":""0x0000000000000007"",""oldmask"":""0x0000000000000000"",""r10"":""0x1010101010101010"",""r11"":""0x1212121212121212"",""r12"":""0x1313131313131313"",""r13"":""0x1414141414141414"",""r14"":""0x1515151515151515"",""r15"":""0x1616161616161616"",""r8"":""0x0808080808080808"",""r9"":""0x0909090909090909"",""rax"":""0x1122334455667788"",""rbp"":""0x778899aabbccddee"",""rbx"":""0xa1b2c3d4e5f60718"",""rcx"":""0x0000000000000003"",""rdi"":""data+4090"",""rdx"":""0x99aabbccddeeff00"",""rflags"":""0x0000000000010203"",""rip"":""code+0"",""rsi"":""source+256"",""rsp"":""stack+32768"",""trapno"":""0x000000000000000e""},""kernel_sigmask"":""0000000000000000"",""pages"":{""fill"":""11"",""page2_mapped"":true,""patches"":[],""size"":8192},""partial_write"":false,""si_code"":2,""signal"":11,""six_flags"":{""AF"":0,""CF"":1,""OF"":0,""PF"":0,""SF"":0,""ZF"":0},""trap"":14,""uc_flags"":7,""uc_link"":""0x0000000000000000"",""uc_stack"":{""flags"":0,""size"":65536,""sp"":""altstack+0""}}]","0x3c across full destination footprint after mapping/protection repair, before sigreturn","{""fill"":""11"",""page2_mapped"":true,""patches"":[[4090,""1807f6e5d4c3b2a1""]],""size"":8192}","{""r10"":""0x1010101010101010"",""r11"":""0x1212121212121212"",""r12"":""0x1313131313131313"",""r13"":""0x1414141414141414"",""r14"":""0x1515151515151515"",""r15"":""0x1616161616161616"",""r8"":""0x0808080808080808"",""r9"":""0x0909090909090909"",""rax"":""0x1122334455667788"",""rbp"":""0x778899aabbccddee"",""rbx"":""0x3c3c3c3c3c3c3c3c"",""rcx"":""0x0000000000000003"",""rdi"":""data+4090"",""rdx"":""0x99aabbccddeeff00"",""rflags"":""0x0000000000000203"",""rsi"":""source+256"",""rsp"":""stack+32768""}","{""AF"":0,""CF"":1,""OF"":0,""PF"":0,""SF"":0,""ZF"":0}",False,rmw.run1.jsonl.gz: matching form/layout/cross_offset/continuation
A,page_and_cacheline_cross,measured,False,True,xchg_reg_64_lock,64,cross_rw_ro,7,4089,f048871f,"[{""address"":""data+4096"",""error"":7,""execution_phase"":1,""fpstate_size"":2436,""gregs"":{""cr2"":""data+4096"",""csgsfs"":""0x002b000000000033"",""err"":""0x0000000000000007"",""oldmask"":""0x0000000000000000"",""r10"":""0x1010101010101010"",""r11"":""0x1212121212121212"",""r12"":""0x1313131313131313"",""r13"":""0x1414141414141414"",""r14"":""0x1515151515151515"",""r15"":""0x1616161616161616"",""r8"":""0x0808080808080808"",""r9"":""0x0909090909090909"",""rax"":""0x1122334455667788"",""rbp"":""0x778899aabbccddee"",""rbx"":""0xa1b2c3d4e5f60718"",""rcx"":""0x0000000000000003"",""rdi"":""data+4089"",""rdx"":""0x99aabbccddeeff00"",""rflags"":""0x0000000000010203"",""rip"":""code+0"",""rsi"":""source+256"",""rsp"":""stack+32768"",""trapno"":""0x000000000000000e""},""kernel_sigmask"":""0000000000000000"",""pages"":{""fill"":""11"",""page2_mapped"":true,""patches"":[],""size"":8192},""partial_write"":false,""si_code"":2,""signal"":11,""six_flags"":{""AF"":0,""CF"":1,""OF"":0,""PF"":0,""SF"":0,""ZF"":0},""trap"":14,""uc_flags"":7,""uc_link"":""0x0000000000000000"",""uc_stack"":{""flags"":0,""size"":65536,""sp"":""altstack+0""}}]","{""fill"":""11"",""page2_mapped"":true,""patches"":[],""size"":8192}","[{""address"":""data+4096"",""error"":7,""execution_phase"":1,""fpstate_size"":2436,""gregs"":{""cr2"":""data+4096"",""csgsfs"":""0x002b000000000033"",""err"":""0x0000000000000007"",""oldmask"":""0x0000000000000000"",""r10"":""0x1010101010101010"",""r11"":""0x1212121212121212"",""r12"":""0x1313131313131313"",""r13"":""0x1414141414141414"",""r14"":""0x1515151515151515"",""r15"":""0x1616161616161616"",""r8"":""0x0808080808080808"",""r9"":""0x0909090909090909"",""rax"":""0x1122334455667788"",""rbp"":""0x778899aabbccddee"",""rbx"":""0xa1b2c3d4e5f60718"",""rcx"":""0x0000000000000003"",""rdi"":""data+4089"",""rdx"":""0x99aabbccddeeff00"",""rflags"":""0x0000000000010203"",""rip"":""code+0"",""rsi"":""source+256"",""rsp"":""stack+32768"",""trapno"":""0x000000000000000e""},""kernel_sigmask"":""0000000000000000"",""pages"":{""fill"":""11"",""page2_mapped"":true,""patches"":[],""size"":8192},""partial_write"":false,""si_code"":2,""signal"":11,""six_flags"":{""AF"":0,""CF"":1,""OF"":0,""PF"":0,""SF"":0,""ZF"":0},""trap"":14,""uc_flags"":7,""uc_link"":""0x0000000000000000"",""uc_stack"":{""flags"":0,""size"":65536,""sp"":""altstack+0""}}]","0x3c across full destination footprint after mapping/protection repair, before sigreturn","{""fill"":""11"",""page2_mapped"":true,""patches"":[[4089,""1807f6e5d4c3b2a1""]],""size"":8192}","{""r10"":""0x1010101010101010"",""r11"":""0x1212121212121212"",""r12"":""0x1313131313131313"",""r13"":""0x1414141414141414"",""r14"":""0x1515151515151515"",""r15"":""0x1616161616161616"",""r8"":""0x0808080808080808"",""r9"":""0x0909090909090909"",""rax"":""0x1122334455667788"",""rbp"":""0x778899aabbccddee"",""rbx"":""0x3c3c3c3c3c3c3c3c"",""rcx"":""0x0000000000000003"",""rdi"":""data+4089"",""rdx"":""0x99aabbccddeeff00"",""rflags"":""0x0000000000000203"",""rsi"":""source+256"",""rsp"":""stack+32768""}","{""AF"":0,""CF"":1,""OF"":0,""PF"":0,""SF"":0,""ZF"":0}",False,rmw.run1.jsonl.gz: matching form/layout/cross_offset/continuation
A,page_and_cacheline_cross,measured,False,True,xchg_reg_64_lock,64,cross_ro_rw,1,4095,f048871f,"[{""address"":""data+4095"",""error"":7,""execution_phase"":1,""fpstate_size"":2436,""gregs"":{""cr2"":""data+4095"",""csgsfs"":""0x002b000000000033"",""err"":""0x0000000000000007"",""oldmask"":""0x0000000000000000"",""r10"":""0x1010101010101010"",""r11"":""0x1212121212121212"",""r12"":""0x1313131313131313"",""r13"":""0x1414141414141414"",""r14"":""0x1515151515151515"",""r15"":""0x1616161616161616"",""r8"":""0x0808080808080808"",""r9"":""0x0909090909090909"",""rax"":""0x1122334455667788"",""rbp"":""0x778899aabbccddee"",""rbx"":""0xa1b2c3d4e5f60718"",""rcx"":""0x0000000000000003"",""rdi"":""data+4095"",""rdx"":""0x99aabbccddeeff00"",""rflags"":""0x0000000000010203"",""rip"":""code+0"",""rsi"":""source+256"",""rsp"":""stack+32768"",""trapno"":""0x000000000000000e""},""kernel_sigmask"":""0000000000000000"",""pages"":{""fill"":""11"",""page2_mapped"":true,""patches"":[],""size"":8192},""partial_write"":false,""si_code"":2,""signal"":11,""six_flags"":{""AF"":0,""CF"":1,""OF"":0,""PF"":0,""SF"":0,""ZF"":0},""trap"":14,""uc_flags"":7,""uc_link"":""0x0000000000000000"",""uc_stack"":{""flags"":0,""size"":65536,""sp"":""altstack+0""}}]","{""fill"":""11"",""page2_mapped"":true,""patches"":[],""size"":8192}","[{""address"":""data+4095"",""error"":7,""execution_phase"":1,""fpstate_size"":2436,""gregs"":{""cr2"":""data+4095"",""csgsfs"":""0x002b000000000033"",""err"":""0x0000000000000007"",""oldmask"":""0x0000000000000000"",""r10"":""0x1010101010101010"",""r11"":""0x1212121212121212"",""r12"":""0x1313131313131313"",""r13"":""0x1414141414141414"",""r14"":""0x1515151515151515"",""r15"":""0x1616161616161616"",""r8"":""0x0808080808080808"",""r9"":""0x0909090909090909"",""rax"":""0x1122334455667788"",""rbp"":""0x778899aabbccddee"",""rbx"":""0xa1b2c3d4e5f60718"",""rcx"":""0x0000000000000003"",""rdi"":""data+4095"",""rdx"":""0x99aabbccddeeff00"",""rflags"":""0x0000000000010203"",""rip"":""code+0"",""rsi"":""source+256"",""rsp"":""stack+32768"",""trapno"":""0x000000000000000e""},""kernel_sigmask"":""0000000000000000"",""pages"":{""fill"":""11"",""page2_mapped"":true,""patches"":[],""size"":8192},""partial_write"":false,""si_code"":2,""signal"":11,""six_flags"":{""AF"":0,""CF"":1,""OF"":0,""PF"":0,""SF"":0,""ZF"":0},""trap"":14,""uc_flags"":7,""uc_link"":""0x0000000000000000"",""uc_stack"":{""flags"":0,""size"":65536,""sp"":""altstack+0""}}]","0x3c across full destination footprint after mapping/protection repair, before sigreturn","{""fill"":""11"",""page2_mapped"":true,""patches"":[[4095,""1807f6e5d4c3b2a1""]],""size"":8192}","{""r10"":""0x1010101010101010"",""r11"":""0x1212121212121212"",""r12"":""0x1313131313131313"",""r13"":""0x1414141414141414"",""r14"":""0x1515151515151515"",""r15"":""0x1616161616161616"",""r8"":""0x0808080808080808"",""r9"":""0x0909090909090909"",""rax"":""0x1122334455667788"",""rbp"":""0x778899aabbccddee"",""rbx"":""0x3c3c3c3c3c3c3c3c"",""rcx"":""0x0000000000000003"",""rdi"":""data+4095"",""rdx"":""0x99aabbccddeeff00"",""rflags"":""0x0000000000000203"",""rsi"":""source+256"",""rsp"":""stack+32768""}","{""AF"":0,""CF"":1,""OF"":0,""PF"":0,""SF"":0,""ZF"":0}",False,rmw.run1.jsonl.gz: matching form/layout/cross_offset/continuation
A,page_and_cacheline_cross,measured,False,True,xchg_reg_64_lock,64,cross_ro_rw,2,4094,f048871f,"[{""address"":""data+4094"",""error"":7,""execution_phase"":1,""fpstate_size"":2436,""gregs"":{""cr2"":""data+4094"",""csgsfs"":""0x002b000000000033"",""err"":""0x0000000000000007"",""oldmask"":""0x0000000000000000"",""r10"":""0x1010101010101010"",""r11"":""0x1212121212121212"",""r12"":""0x1313131313131313"",""r13"":""0x1414141414141414"",""r14"":""0x1515151515151515"",""r15"":""0x1616161616161616"",""r8"":""0x0808080808080808"",""r9"":""0x0909090909090909"",""rax"":""0x1122334455667788"",""rbp"":""0x778899aabbccddee"",""rbx"":""0xa1b2c3d4e5f60718"",""rcx"":""0x0000000000000003"",""rdi"":""data+4094"",""rdx"":""0x99aabbccddeeff00"",""rflags"":""0x0000000000010203"",""rip"":""code+0"",""rsi"":""source+256"",""rsp"":""stack+32768"",""trapno"":""0x000000000000000e""},""kernel_sigmask"":""0000000000000000"",""pages"":{""fill"":""11"",""page2_mapped"":true,""patches"":[],""size"":8192},""partial_write"":false,""si_code"":2,""signal"":11,""six_flags"":{""AF"":0,""CF"":1,""OF"":0,""PF"":0,""SF"":0,""ZF"":0},""trap"":14,""uc_flags"":7,""uc_link"":""0x0000000000000000"",""uc_stack"":{""flags"":0,""size"":65536,""sp"":""altstack+0""}}]","{""fill"":""11"",""page2_mapped"":true,""patches"":[],""size"":8192}","[{""address"":""data+4094"",""error"":7,""execution_phase"":1,""fpstate_size"":2436,""gregs"":{""cr2"":""data+4094"",""csgsfs"":""0x002b000000000033"",""err"":""0x0000000000000007"",""oldmask"":""0x0000000000000000"",""r10"":""0x1010101010101010"",""r11"":""0x1212121212121212"",""r12"":""0x1313131313131313"",""r13"":""0x1414141414141414"",""r14"":""0x1515151515151515"",""r15"":""0x1616161616161616"",""r8"":""0x0808080808080808"",""r9"":""0x0909090909090909"",""rax"":""0x1122334455667788"",""rbp"":""0x778899aabbccddee"",""rbx"":""0xa1b2c3d4e5f60718"",""rcx"":""0x0000000000000003"",""rdi"":""data+4094"",""rdx"":""0x99aabbccddeeff00"",""rflags"":""0x0000000000010203"",""rip"":""code+0"",""rsi"":""source+256"",""rsp"":""stack+32768"",""trapno"":""0x000000000000000e""},""kernel_sigmask"":""0000000000000000"",""pages"":{""fill"":""11"",""page2_mapped"":true,""patches"":[],""size"":8192},""partial_write"":false,""si_code"":2,""signal"":11,""six_flags"":{""AF"":0,""CF"":1,""OF"":0,""PF"":0,""SF"":0,""ZF"":0},""trap"":14,""uc_flags"":7,""uc_link"":""0x0000000000000000"",""uc_stack"":{""flags"":0,""size"":65536,""sp"":""altstack+0""}}]","0x3c across full destination footprint after mapping/protection repair, before sigreturn","{""fill"":""11"",""page2_mapped"":true,""patches"":[[4094,""1807f6e5d4c3b2a1""]],""size"":8192}","{""r10"":""0x1010101010101010"",""r11"":""0x1212121212121212"",""r12"":""0x1313131313131313"",""r13"":""0x1414141414141414"",""r14"":""0x1515151515151515"",""r15"":""0x1616161616161616"",""r8"":""0x0808080808080808"",""r9"":""0x0909090909090909"",""rax"":""0x1122334455667788"",""rbp"":""0x778899aabbccddee"",""rbx"":""0x3c3c3c3c3c3c3c3c"",""rcx"":""0x0000000000000003"",""rdi"":""data+4094"",""rdx"":""0x99aabbccddeeff00"",""rflags"":""0x0000000000000203"",""rsi"":""source+256"",""rsp"":""stack+32768""}","{""AF"":0,""CF"":1,""OF"":0,""PF"":0,""SF"":0,""ZF"":0}",False,rmw.run1.jsonl.gz: matching form/layout/cross_offset/continuation
A,page_and_cacheline_cross,measured,False,True,xchg_reg_64_lock,64,cross_ro_rw,3,4093,f048871f,"[{""address"":""data+4093"",""error"":7,""execution_phase"":1,""fpstate_size"":2436,""gregs"":{""cr2"":""data+4093"",""csgsfs"":""0x002b000000000033"",""err"":""0x0000000000000007"",""oldmask"":""0x0000000000000000"",""r10"":""0x1010101010101010"",""r11"":""0x1212121212121212"",""r12"":""0x1313131313131313"",""r13"":""0x1414141414141414"",""r14"":""0x1515151515151515"",""r15"":""0x1616161616161616"",""r8"":""0x0808080808080808"",""r9"":""0x0909090909090909"",""rax"":""0x1122334455667788"",""rbp"":""0x778899aabbccddee"",""rbx"":""0xa1b2c3d4e5f60718"",""rcx"":""0x0000000000000003"",""rdi"":""data+4093"",""rdx"":""0x99aabbccddeeff00"",""rflags"":""0x0000000000010203"",""rip"":""code+0"",""rsi"":""source+256"",""rsp"":""stack+32768"",""trapno"":""0x000000000000000e""},""kernel_sigmask"":""0000000000000000"",""pages"":{""fill"":""11"",""page2_mapped"":true,""patches"":[],""size"":8192},""partial_write"":false,""si_code"":2,""signal"":11,""six_flags"":{""AF"":0,""CF"":1,""OF"":0,""PF"":0,""SF"":0,""ZF"":0},""trap"":14,""uc_flags"":7,""uc_link"":""0x0000000000000000"",""uc_stack"":{""flags"":0,""size"":65536,""sp"":""altstack+0""}}]","{""fill"":""11"",""page2_mapped"":true,""patches"":[],""size"":8192}","[{""address"":""data+4093"",""error"":7,""execution_phase"":1,""fpstate_size"":2436,""gregs"":{""cr2"":""data+4093"",""csgsfs"":""0x002b000000000033"",""err"":""0x0000000000000007"",""oldmask"":""0x0000000000000000"",""r10"":""0x1010101010101010"",""r11"":""0x1212121212121212"",""r12"":""0x1313131313131313"",""r13"":""0x1414141414141414"",""r14"":""0x1515151515151515"",""r15"":""0x1616161616161616"",""r8"":""0x0808080808080808"",""r9"":""0x0909090909090909"",""rax"":""0x1122334455667788"",""rbp"":""0x778899aabbccddee"",""rbx"":""0xa1b2c3d4e5f60718"",""rcx"":""0x0000000000000003"",""rdi"":""data+4093"",""rdx"":""0x99aabbccddeeff00"",""rflags"":""0x0000000000010203"",""rip"":""code+0"",""rsi"":""source+256"",""rsp"":""stack+32768"",""trapno"":""0x000000000000000e""},""kernel_sigmask"":""0000000000000000"",""pages"":{""fill"":""11"",""page2_mapped"":true,""patches"":[],""size"":8192},""partial_write"":false,""si_code"":2,""signal"":11,""six_flags"":{""AF"":0,""CF"":1,""OF"":0,""PF"":0,""SF"":0,""ZF"":0},""trap"":14,""uc_flags"":7,""uc_link"":""0x0000000000000000"",""uc_stack"":{""flags"":0,""size"":65536,""sp"":""altstack+0""}}]","0x3c across full destination footprint after mapping/protection repair, before sigreturn","{""fill"":""11"",""page2_mapped"":true,""patches"":[[4093,""1807f6e5d4c3b2a1""]],""size"":8192}","{""r10"":""0x1010101010101010"",""r11"":""0x1212121212121212"",""r12"":""0x1313131313131313"",""r13"":""0x1414141414141414"",""r14"":""0x1515151515151515"",""r15"":""0x1616161616161616"",""r8"":""0x0808080808080808"",""r9"":""0x0909090909090909"",""rax"":""0x1122334455667788"",""rbp"":""0x778899aabbccddee"",""rbx"":""0x3c3c3c3c3c3c3c3c"",""rcx"":""0x0000000000000003"",""rdi"":""data+4093"",""rdx"":""0x99aabbccddeeff00"",""rflags"":""0x0000000000000203"",""rsi"":""source+256"",""rsp"":""stack+32768""}","{""AF"":0,""CF"":1,""OF"":0,""PF"":0,""SF"":0,""ZF"":0}",False,rmw.run1.jsonl.gz: matching form/layout/cross_offset/continuation
A,page_and_cacheline_cross,measured,False,True,xchg_reg_64_lock,64,cross_ro_rw,4,4092,f048871f,"[{""address"":""data+4092"",""error"":7,""execution_phase"":1,""fpstate_size"":2436,""gregs"":{""cr2"":""data+4092"",""csgsfs"":""0x002b000000000033"",""err"":""0x0000000000000007"",""oldmask"":""0x0000000000000000"",""r10"":""0x1010101010101010"",""r11"":""0x1212121212121212"",""r12"":""0x1313131313131313"",""r13"":""0x1414141414141414"",""r14"":""0x1515151515151515"",""r15"":""0x1616161616161616"",""r8"":""0x0808080808080808"",""r9"":""0x0909090909090909"",""rax"":""0x1122334455667788"",""rbp"":""0x778899aabbccddee"",""rbx"":""0xa1b2c3d4e5f60718"",""rcx"":""0x0000000000000003"",""rdi"":""data+4092"",""rdx"":""0x99aabbccddeeff00"",""rflags"":""0x0000000000010203"",""rip"":""code+0"",""rsi"":""source+256"",""rsp"":""stack+32768"",""trapno"":""0x000000000000000e""},""kernel_sigmask"":""0000000000000000"",""pages"":{""fill"":""11"",""page2_mapped"":true,""patches"":[],""size"":8192},""partial_write"":false,""si_code"":2,""signal"":11,""six_flags"":{""AF"":0,""CF"":1,""OF"":0,""PF"":0,""SF"":0,""ZF"":0},""trap"":14,""uc_flags"":7,""uc_link"":""0x0000000000000000"",""uc_stack"":{""flags"":0,""size"":65536,""sp"":""altstack+0""}}]","{""fill"":""11"",""page2_mapped"":true,""patches"":[],""size"":8192}","[{""address"":""data+4092"",""error"":7,""execution_phase"":1,""fpstate_size"":2436,""gregs"":{""cr2"":""data+4092"",""csgsfs"":""0x002b000000000033"",""err"":""0x0000000000000007"",""oldmask"":""0x0000000000000000"",""r10"":""0x1010101010101010"",""r11"":""0x1212121212121212"",""r12"":""0x1313131313131313"",""r13"":""0x1414141414141414"",""r14"":""0x1515151515151515"",""r15"":""0x1616161616161616"",""r8"":""0x0808080808080808"",""r9"":""0x0909090909090909"",""rax"":""0x1122334455667788"",""rbp"":""0x778899aabbccddee"",""rbx"":""0xa1b2c3d4e5f60718"",""rcx"":""0x0000000000000003"",""rdi"":""data+4092"",""rdx"":""0x99aabbccddeeff00"",""rflags"":""0x0000000000010203"",""rip"":""code+0"",""rsi"":""source+256"",""rsp"":""stack+32768"",""trapno"":""0x000000000000000e""},""kernel_sigmask"":""0000000000000000"",""pages"":{""fill"":""11"",""page2_mapped"":true,""patches"":[],""size"":8192},""partial_write"":false,""si_code"":2,""signal"":11,""six_flags"":{""AF"":0,""CF"":1,""OF"":0,""PF"":0,""SF"":0,""ZF"":0},""trap"":14,""uc_flags"":7,""uc_link"":""0x0000000000000000"",""uc_stack"":{""flags"":0,""size"":65536,""sp"":""altstack+0""}}]","0x3c across full destination footprint after mapping/protection repair, before sigreturn","{""fill"":""11"",""page2_mapped"":true,""patches"":[[4092,""1807f6e5d4c3b2a1""]],""size"":8192}","{""r10"":""0x1010101010101010"",""r11"":""0x1212121212121212"",""r12"":""0x1313131313131313"",""r13"":""0x1414141414141414"",""r14"":""0x1515151515151515"",""r15"":""0x1616161616161616"",""r8"":""0x0808080808080808"",""r9"":""0x0909090909090909"",""rax"":""0x1122334455667788"",""rbp"":""0x778899aabbccddee"",""rbx"":""0x3c3c3c3c3c3c3c3c"",""rcx"":""0x0000000000000003"",""rdi"":""data+4092"",""rdx"":""0x99aabbccddeeff00"",""rflags"":""0x0000000000000203"",""rsi"":""source+256"",""rsp"":""stack+32768""}","{""AF"":0,""CF"":1,""OF"":0,""PF"":0,""SF"":0,""ZF"":0}",False,rmw.run1.jsonl.gz: matching form/layout/cross_offset/continuation
A,page_and_cacheline_cross,measured,False,True,xchg_reg_64_lock,64,cross_ro_rw,5,4091,f048871f,"[{""address"":""data+4091"",""error"":7,""execution_phase"":1,""fpstate_size"":2436,""gregs"":{""cr2"":""data+4091"",""csgsfs"":""0x002b000000000033"",""err"":""0x0000000000000007"",""oldmask"":""0x0000000000000000"",""r10"":""0x1010101010101010"",""r11"":""0x1212121212121212"",""r12"":""0x1313131313131313"",""r13"":""0x1414141414141414"",""r14"":""0x1515151515151515"",""r15"":""0x1616161616161616"",""r8"":""0x0808080808080808"",""r9"":""0x0909090909090909"",""rax"":""0x1122334455667788"",""rbp"":""0x778899aabbccddee"",""rbx"":""0xa1b2c3d4e5f60718"",""rcx"":""0x0000000000000003"",""rdi"":""data+4091"",""rdx"":""0x99aabbccddeeff00"",""rflags"":""0x0000000000010203"",""rip"":""code+0"",""rsi"":""source+256"",""rsp"":""stack+32768"",""trapno"":""0x000000000000000e""},""kernel_sigmask"":""0000000000000000"",""pages"":{""fill"":""11"",""page2_mapped"":true,""patches"":[],""size"":8192},""partial_write"":false,""si_code"":2,""signal"":11,""six_flags"":{""AF"":0,""CF"":1,""OF"":0,""PF"":0,""SF"":0,""ZF"":0},""trap"":14,""uc_flags"":7,""uc_link"":""0x0000000000000000"",""uc_stack"":{""flags"":0,""size"":65536,""sp"":""altstack+0""}}]","{""fill"":""11"",""page2_mapped"":true,""patches"":[],""size"":8192}","[{""address"":""data+4091"",""error"":7,""execution_phase"":1,""fpstate_size"":2436,""gregs"":{""cr2"":""data+4091"",""csgsfs"":""0x002b000000000033"",""err"":""0x0000000000000007"",""oldmask"":""0x0000000000000000"",""r10"":""0x1010101010101010"",""r11"":""0x1212121212121212"",""r12"":""0x1313131313131313"",""r13"":""0x1414141414141414"",""r14"":""0x1515151515151515"",""r15"":""0x1616161616161616"",""r8"":""0x0808080808080808"",""r9"":""0x0909090909090909"",""rax"":""0x1122334455667788"",""rbp"":""0x778899aabbccddee"",""rbx"":""0xa1b2c3d4e5f60718"",""rcx"":""0x0000000000000003"",""rdi"":""data+4091"",""rdx"":""0x99aabbccddeeff00"",""rflags"":""0x0000000000010203"",""rip"":""code+0"",""rsi"":""source+256"",""rsp"":""stack+32768"",""trapno"":""0x000000000000000e""},""kernel_sigmask"":""0000000000000000"",""pages"":{""fill"":""11"",""page2_mapped"":true,""patches"":[],""size"":8192},""partial_write"":false,""si_code"":2,""signal"":11,""six_flags"":{""AF"":0,""CF"":1,""OF"":0,""PF"":0,""SF"":0,""ZF"":0},""trap"":14,""uc_flags"":7,""uc_link"":""0x0000000000000000"",""uc_stack"":{""flags"":0,""size"":65536,""sp"":""altstack+0""}}]","0x3c across full destination footprint after mapping/protection repair, before sigreturn","{""fill"":""11"",""page2_mapped"":true,""patches"":[[4091,""1807f6e5d4c3b2a1""]],""size"":8192}","{""r10"":""0x1010101010101010"",""r11"":""0x1212121212121212"",""r12"":""0x1313131313131313"",""r13"":""0x1414141414141414"",""r14"":""0x1515151515151515"",""r15"":""0x1616161616161616"",""r8"":""0x0808080808080808"",""r9"":""0x0909090909090909"",""rax"":""0x1122334455667788"",""rbp"":""0x778899aabbccddee"",""rbx"":""0x3c3c3c3c3c3c3c3c"",""rcx"":""0x0000000000000003"",""rdi"":""data+4091"",""rdx"":""0x99aabbccddeeff00"",""rflags"":""0x0000000000000203"",""rsi"":""source+256"",""rsp"":""stack+32768""}","{""AF"":0,""CF"":1,""OF"":0,""PF"":0,""SF"":0,""ZF"":0}",False,rmw.run1.jsonl.gz: matching form/layout/cross_offset/continuation
A,page_and_cacheline_cross,measured,False,True,xchg_reg_64_lock,64,cross_ro_rw,6,4090,f048871f,"[{""address"":""data+4090"",""error"":7,""execution_phase"":1,""fpstate_size"":2436,""gregs"":{""cr2"":""data+4090"",""csgsfs"":""0x002b000000000033"",""err"":""0x0000000000000007"",""oldmask"":""0x0000000000000000"",""r10"":""0x1010101010101010"",""r11"":""0x1212121212121212"",""r12"":""0x1313131313131313"",""r13"":""0x1414141414141414"",""r14"":""0x1515151515151515"",""r15"":""0x1616161616161616"",""r8"":""0x0808080808080808"",""r9"":""0x0909090909090909"",""rax"":""0x1122334455667788"",""rbp"":""0x778899aabbccddee"",""rbx"":""0xa1b2c3d4e5f60718"",""rcx"":""0x0000000000000003"",""rdi"":""data+4090"",""rdx"":""0x99aabbccddeeff00"",""rflags"":""0x0000000000010203"",""rip"":""code+0"",""rsi"":""source+256"",""rsp"":""stack+32768"",""trapno"":""0x000000000000000e""},""kernel_sigmask"":""0000000000000000"",""pages"":{""fill"":""11"",""page2_mapped"":true,""patches"":[],""size"":8192},""partial_write"":false,""si_code"":2,""signal"":11,""six_flags"":{""AF"":0,""CF"":1,""OF"":0,""PF"":0,""SF"":0,""ZF"":0},""trap"":14,""uc_flags"":7,""uc_link"":""0x0000000000000000"",""uc_stack"":{""flags"":0,""size"":65536,""sp"":""altstack+0""}}]","{""fill"":""11"",""page2_mapped"":true,""patches"":[],""size"":8192}","[{""address"":""data+4090"",""error"":7,""execution_phase"":1,""fpstate_size"":2436,""gregs"":{""cr2"":""data+4090"",""csgsfs"":""0x002b000000000033"",""err"":""0x0000000000000007"",""oldmask"":""0x0000000000000000"",""r10"":""0x1010101010101010"",""r11"":""0x1212121212121212"",""r12"":""0x1313131313131313"",""r13"":""0x1414141414141414"",""r14"":""0x1515151515151515"",""r15"":""0x1616161616161616"",""r8"":""0x0808080808080808"",""r9"":""0x0909090909090909"",""rax"":""0x1122334455667788"",""rbp"":""0x778899aabbccddee"",""rbx"":""0xa1b2c3d4e5f60718"",""rcx"":""0x0000000000000003"",""rdi"":""data+4090"",""rdx"":""0x99aabbccddeeff00"",""rflags"":""0x0000000000010203"",""rip"":""code+0"",""rsi"":""source+256"",""rsp"":""stack+32768"",""trapno"":""0x000000000000000e""},""kernel_sigmask"":""0000000000000000"",""pages"":{""fill"":""11"",""page2_mapped"":true,""patches"":[],""size"":8192},""partial_write"":false,""si_code"":2,""signal"":11,""six_flags"":{""AF"":0,""CF"":1,""OF"":0,""PF"":0,""SF"":0,""ZF"":0},""trap"":14,""uc_flags"":7,""uc_link"":""0x0000000000000000"",""uc_stack"":{""flags"":0,""size"":65536,""sp"":""altstack+0""}}]","0x3c across full destination footprint after mapping/protection repair, before sigreturn","{""fill"":""11"",""page2_mapped"":true,""patches"":[[4090,""1807f6e5d4c3b2a1""]],""size"":8192}","{""r10"":""0x1010101010101010"",""r11"":""0x1212121212121212"",""r12"":""0x1313131313131313"",""r13"":""0x1414141414141414"",""r14"":""0x1515151515151515"",""r15"":""0x1616161616161616"",""r8"":""0x0808080808080808"",""r9"":""0x0909090909090909"",""rax"":""0x1122334455667788"",""rbp"":""0x778899aabbccddee"",""rbx"":""0x3c3c3c3c3c3c3c3c"",""rcx"":""0x0000000000000003"",""rdi"":""data+4090"",""rdx"":""0x99aabbccddeeff00"",""rflags"":""0x0000000000000203"",""rsi"":""source+256"",""rsp"":""stack+32768""}","{""AF"":0,""CF"":1,""OF"":0,""PF"":0,""SF"":0,""ZF"":0}",False,rmw.run1.jsonl.gz: matching form/layout/cross_offset/continuation
A,page_and_cacheline_cross,measured,False,True,xchg_reg_64_lock,64,cross_ro_rw,7,4089,f048871f,"[{""address"":""data+4089"",""error"":7,""execution_phase"":1,""fpstate_size"":2436,""gregs"":{""cr2"":""data+4089"",""csgsfs"":""0x002b000000000033"",""err"":""0x0000000000000007"",""oldmask"":""0x0000000000000000"",""r10"":""0x1010101010101010"",""r11"":""0x1212121212121212"",""r12"":""0x1313131313131313"",""r13"":""0x1414141414141414"",""r14"":""0x1515151515151515"",""r15"":""0x1616161616161616"",""r8"":""0x0808080808080808"",""r9"":""0x0909090909090909"",""rax"":""0x1122334455667788"",""rbp"":""0x778899aabbccddee"",""rbx"":""0xa1b2c3d4e5f60718"",""rcx"":""0x0000000000000003"",""rdi"":""data+4089"",""rdx"":""0x99aabbccddeeff00"",""rflags"":""0x0000000000010203"",""rip"":""code+0"",""rsi"":""source+256"",""rsp"":""stack+32768"",""trapno"":""0x000000000000000e""},""kernel_sigmask"":""0000000000000000"",""pages"":{""fill"":""11"",""page2_mapped"":true,""patches"":[],""size"":8192},""partial_write"":false,""si_code"":2,""signal"":11,""six_flags"":{""AF"":0,""CF"":1,""OF"":0,""PF"":0,""SF"":0,""ZF"":0},""trap"":14,""uc_flags"":7,""uc_link"":""0x0000000000000000"",""uc_stack"":{""flags"":0,""size"":65536,""sp"":""altstack+0""}}]","{""fill"":""11"",""page2_mapped"":true,""patches"":[],""size"":8192}","[{""address"":""data+4089"",""error"":7,""execution_phase"":1,""fpstate_size"":2436,""gregs"":{""cr2"":""data+4089"",""csgsfs"":""0x002b000000000033"",""err"":""0x0000000000000007"",""oldmask"":""0x0000000000000000"",""r10"":""0x1010101010101010"",""r11"":""0x1212121212121212"",""r12"":""0x1313131313131313"",""r13"":""0x1414141414141414"",""r14"":""0x1515151515151515"",""r15"":""0x1616161616161616"",""r8"":""0x0808080808080808"",""r9"":""0x0909090909090909"",""rax"":""0x1122334455667788"",""rbp"":""0x778899aabbccddee"",""rbx"":""0xa1b2c3d4e5f60718"",""rcx"":""0x0000000000000003"",""rdi"":""data+4089"",""rdx"":""0x99aabbccddeeff00"",""rflags"":""0x0000000000010203"",""rip"":""code+0"",""rsi"":""source+256"",""rsp"":""stack+32768"",""trapno"":""0x000000000000000e""},""kernel_sigmask"":""0000000000000000"",""pages"":{""fill"":""11"",""page2_mapped"":true,""patches"":[],""size"":8192},""partial_write"":false,""si_code"":2,""signal"":11,""six_flags"":{""AF"":0,""CF"":1,""OF"":0,""PF"":0,""SF"":0,""ZF"":0},""trap"":14,""uc_flags"":7,""uc_link"":""0x0000000000000000"",""uc_stack"":{""flags"":0,""size"":65536,""sp"":""altstack+0""}}]","0x3c across full destination footprint after mapping/protection repair, before sigreturn","{""fill"":""11"",""page2_mapped"":true,""patches"":[[4089,""1807f6e5d4c3b2a1""]],""size"":8192}","{""r10"":""0x1010101010101010"",""r11"":""0x1212121212121212"",""r12"":""0x1313131313131313"",""r13"":""0x1414141414141414"",""r14"":""0x1515151515151515"",""r15"":""0x1616161616161616"",""r8"":""0x0808080808080808"",""r9"":""0x0909090909090909"",""rax"":""0x1122334455667788"",""rbp"":""0x778899aabbccddee"",""rbx"":""0x3c3c3c3c3c3c3c3c"",""rcx"":""0x0000000000000003"",""rdi"":""data+4089"",""rdx"":""0x99aabbccddeeff00"",""rflags"":""0x0000000000000203"",""rsi"":""source+256"",""rsp"":""stack+32768""}","{""AF"":0,""CF"":1,""OF"":0,""PF"":0,""SF"":0,""ZF"":0}",False,rmw.run1.jsonl.gz: matching form/layout/cross_offset/continuation
A,page_and_cacheline_cross,measured,True,True,xadd_reg_16_lock,16,cross_rw_ro,1,4095,66f00fc11f,"[{""address"":""data+4096"",""error"":7,""execution_phase"":1,""fpstate_size"":2436,""gregs"":{""cr2"":""data+4096"",""csgsfs"":""0x002b000000000033"",""err"":""0x0000000000000007"",""oldmask"":""0x0000000000000000"",""r10"":""0x1010101010101010"",""r11"":""0x1212121212121212"",""r12"":""0x1313131313131313"",""r13"":""0x1414141414141414"",""r14"":""0x1515151515151515"",""r15"":""0x1616161616161616"",""r8"":""0x0808080808080808"",""r9"":""0x0909090909090909"",""rax"":""0x1122334455667788"",""rbp"":""0x778899aabbccddee"",""rbx"":""0xa1b2c3d4e5f60718"",""rcx"":""0x0000000000000003"",""rdi"":""data+4095"",""rdx"":""0x99aabbccddeeff00"",""rflags"":""0x0000000000010203"",""rip"":""code+0"",""rsi"":""source+256"",""rsp"":""stack+32768"",""trapno"":""0x000000000000000e""},""kernel_sigmask"":""0000000000000000"",""pages"":{""fill"":""11"",""page2_mapped"":true,""patches"":[],""size"":8192},""partial_write"":false,""si_code"":2,""signal"":11,""six_flags"":{""AF"":0,""CF"":1,""OF"":0,""PF"":0,""SF"":0,""ZF"":0},""trap"":14,""uc_flags"":7,""uc_link"":""0x0000000000000000"",""uc_stack"":{""flags"":0,""size"":65536,""sp"":""altstack+0""}}]","{""fill"":""11"",""page2_mapped"":true,""patches"":[],""size"":8192}","[{""address"":""data+4096"",""error"":7,""execution_phase"":1,""fpstate_size"":2436,""gregs"":{""cr2"":""data+4096"",""csgsfs"":""0x002b000000000033"",""err"":""0x0000000000000007"",""oldmask"":""0x0000000000000000"",""r10"":""0x1010101010101010"",""r11"":""0x1212121212121212"",""r12"":""0x1313131313131313"",""r13"":""0x1414141414141414"",""r14"":""0x1515151515151515"",""r15"":""0x1616161616161616"",""r8"":""0x0808080808080808"",""r9"":""0x0909090909090909"",""rax"":""0x1122334455667788"",""rbp"":""0x778899aabbccddee"",""rbx"":""0xa1b2c3d4e5f60718"",""rcx"":""0x0000000000000003"",""rdi"":""data+4095"",""rdx"":""0x99aabbccddeeff00"",""rflags"":""0x0000000000010203"",""rip"":""code+0"",""rsi"":""source+256"",""rsp"":""stack+32768"",""trapno"":""0x000000000000000e""},""kernel_sigmask"":""0000000000000000"",""pages"":{""fill"":""11"",""page2_mapped"":true,""patches"":[],""size"":8192},""partial_write"":false,""si_code"":2,""signal"":11,""six_flags"":{""AF"":0,""CF"":1,""OF"":0,""PF"":0,""SF"":0,""ZF"":0},""trap"":14,""uc_flags"":7,""uc_link"":""0x0000000000000000"",""uc_stack"":{""flags"":0,""size"":65536,""sp"":""altstack+0""}}]","0x3c across full destination footprint after mapping/protection repair, before sigreturn","{""fill"":""11"",""page2_mapped"":true,""patches"":[[4095,""5443""]],""size"":8192}","{""r10"":""0x1010101010101010"",""r11"":""0x1212121212121212"",""r12"":""0x1313131313131313"",""r13"":""0x1414141414141414"",""r14"":""0x1515151515151515"",""r15"":""0x1616161616161616"",""r8"":""0x0808080808080808"",""r9"":""0x0909090909090909"",""rax"":""0x1122334455667788"",""rbp"":""0x778899aabbccddee"",""rbx"":""0xa1b2c3d4e5f63c3c"",""rcx"":""0x0000000000000003"",""rdi"":""data+4095"",""rdx"":""0x99aabbccddeeff00"",""rflags"":""0x0000000000000212"",""rsi"":""source+256"",""rsp"":""stack+32768""}","{""AF"":1,""CF"":0,""OF"":0,""PF"":0,""SF"":0,""ZF"":0}",False,rmw.run1.jsonl.gz: matching form/layout/cross_offset/continuation
A,page_and_cacheline_cross,measured,True,True,xadd_reg_16_lock,16,cross_ro_rw,1,4095,66f00fc11f,"[{""address"":""data+4095"",""error"":7,""execution_phase"":1,""fpstate_size"":2436,""gregs"":{""cr2"":""data+4095"",""csgsfs"":""0x002b000000000033"",""err"":""0x0000000000000007"",""oldmask"":""0x0000000000000000"",""r10"":""0x1010101010101010"",""r11"":""0x1212121212121212"",""r12"":""0x1313131313131313"",""r13"":""0x1414141414141414"",""r14"":""0x1515151515151515"",""r15"":""0x1616161616161616"",""r8"":""0x0808080808080808"",""r9"":""0x0909090909090909"",""rax"":""0x1122334455667788"",""rbp"":""0x778899aabbccddee"",""rbx"":""0xa1b2c3d4e5f60718"",""rcx"":""0x0000000000000003"",""rdi"":""data+4095"",""rdx"":""0x99aabbccddeeff00"",""rflags"":""0x0000000000010203"",""rip"":""code+0"",""rsi"":""source+256"",""rsp"":""stack+32768"",""trapno"":""0x000000000000000e""},""kernel_sigmask"":""0000000000000000"",""pages"":{""fill"":""11"",""page2_mapped"":true,""patches"":[],""size"":8192},""partial_write"":false,""si_code"":2,""signal"":11,""six_flags"":{""AF"":0,""CF"":1,""OF"":0,""PF"":0,""SF"":0,""ZF"":0},""trap"":14,""uc_flags"":7,""uc_link"":""0x0000000000000000"",""uc_stack"":{""flags"":0,""size"":65536,""sp"":""altstack+0""}}]","{""fill"":""11"",""page2_mapped"":true,""patches"":[],""size"":8192}","[{""address"":""data+4095"",""error"":7,""execution_phase"":1,""fpstate_size"":2436,""gregs"":{""cr2"":""data+4095"",""csgsfs"":""0x002b000000000033"",""err"":""0x0000000000000007"",""oldmask"":""0x0000000000000000"",""r10"":""0x1010101010101010"",""r11"":""0x1212121212121212"",""r12"":""0x1313131313131313"",""r13"":""0x1414141414141414"",""r14"":""0x1515151515151515"",""r15"":""0x1616161616161616"",""r8"":""0x0808080808080808"",""r9"":""0x0909090909090909"",""rax"":""0x1122334455667788"",""rbp"":""0x778899aabbccddee"",""rbx"":""0xa1b2c3d4e5f60718"",""rcx"":""0x0000000000000003"",""rdi"":""data+4095"",""rdx"":""0x99aabbccddeeff00"",""rflags"":""0x0000000000010203"",""rip"":""code+0"",""rsi"":""source+256"",""rsp"":""stack+32768"",""trapno"":""0x000000000000000e""},""kernel_sigmask"":""0000000000000000"",""pages"":{""fill"":""11"",""page2_mapped"":true,""patches"":[],""size"":8192},""partial_write"":false,""si_code"":2,""signal"":11,""six_flags"":{""AF"":0,""CF"":1,""OF"":0,""PF"":0,""SF"":0,""ZF"":0},""trap"":14,""uc_flags"":7,""uc_link"":""0x0000000000000000"",""uc_stack"":{""flags"":0,""size"":65536,""sp"":""altstack+0""}}]","0x3c across full destination footprint after mapping/protection repair, before sigreturn","{""fill"":""11"",""page2_mapped"":true,""patches"":[[4095,""5443""]],""size"":8192}","{""r10"":""0x1010101010101010"",""r11"":""0x1212121212121212"",""r12"":""0x1313131313131313"",""r13"":""0x1414141414141414"",""r14"":""0x1515151515151515"",""r15"":""0x1616161616161616"",""r8"":""0x0808080808080808"",""r9"":""0x0909090909090909"",""rax"":""0x1122334455667788"",""rbp"":""0x778899aabbccddee"",""rbx"":""0xa1b2c3d4e5f63c3c"",""rcx"":""0x0000000000000003"",""rdi"":""data+4095"",""rdx"":""0x99aabbccddeeff00"",""rflags"":""0x0000000000000212"",""rsi"":""source+256"",""rsp"":""stack+32768""}","{""AF"":1,""CF"":0,""OF"":0,""PF"":0,""SF"":0,""ZF"":0}",False,rmw.run1.jsonl.gz: matching form/layout/cross_offset/continuation
A,page_and_cacheline_cross,measured,True,True,xadd_reg_32_lock,32,cross_rw_ro,1,4095,f00fc11f,"[{""address"":""data+4096"",""error"":7,""execution_phase"":1,""fpstate_size"":2436,""gregs"":{""cr2"":""data+4096"",""csgsfs"":""0x002b000000000033"",""err"":""0x0000000000000007"",""oldmask"":""0x0000000000000000"",""r10"":""0x1010101010101010"",""r11"":""0x1212121212121212"",""r12"":""0x1313131313131313"",""r13"":""0x1414141414141414"",""r14"":""0x1515151515151515"",""r15"":""0x1616161616161616"",""r8"":""0x0808080808080808"",""r9"":""0x0909090909090909"",""rax"":""0x1122334455667788"",""rbp"":""0x778899aabbccddee"",""rbx"":""0xa1b2c3d4e5f60718"",""rcx"":""0x0000000000000003"",""rdi"":""data+4095"",""rdx"":""0x99aabbccddeeff00"",""rflags"":""0x0000000000010203"",""rip"":""code+0"",""rsi"":""source+256"",""rsp"":""stack+32768"",""trapno"":""0x000000000000000e""},""kernel_sigmask"":""0000000000000000"",""pages"":{""fill"":""11"",""page2_mapped"":true,""patches"":[],""size"":8192},""partial_write"":false,""si_code"":2,""signal"":11,""six_flags"":{""AF"":0,""CF"":1,""OF"":0,""PF"":0,""SF"":0,""ZF"":0},""trap"":14,""uc_flags"":7,""uc_link"":""0x0000000000000000"",""uc_stack"":{""flags"":0,""size"":65536,""sp"":""altstack+0""}}]","{""fill"":""11"",""page2_mapped"":true,""patches"":[],""size"":8192}","[{""address"":""data+4096"",""error"":7,""execution_phase"":1,""fpstate_size"":2436,""gregs"":{""cr2"":""data+4096"",""csgsfs"":""0x002b000000000033"",""err"":""0x0000000000000007"",""oldmask"":""0x0000000000000000"",""r10"":""0x1010101010101010"",""r11"":""0x1212121212121212"",""r12"":""0x1313131313131313"",""r13"":""0x1414141414141414"",""r14"":""0x1515151515151515"",""r15"":""0x1616161616161616"",""r8"":""0x0808080808080808"",""r9"":""0x0909090909090909"",""rax"":""0x1122334455667788"",""rbp"":""0x778899aabbccddee"",""rbx"":""0xa1b2c3d4e5f60718"",""rcx"":""0x0000000000000003"",""rdi"":""data+4095"",""rdx"":""0x99aabbccddeeff00"",""rflags"":""0x0000000000010203"",""rip"":""code+0"",""rsi"":""source+256"",""rsp"":""stack+32768"",""trapno"":""0x000000000000000e""},""kernel_sigmask"":""0000000000000000"",""pages"":{""fill"":""11"",""page2_mapped"":true,""patches"":[],""size"":8192},""partial_write"":false,""si_code"":2,""signal"":11,""six_flags"":{""AF"":0,""CF"":1,""OF"":0,""PF"":0,""SF"":0,""ZF"":0},""trap"":14,""uc_flags"":7,""uc_link"":""0x0000000000000000"",""uc_stack"":{""flags"":0,""size"":65536,""sp"":""altstack+0""}}]","0x3c across full destination footprint after mapping/protection repair, before sigreturn","{""fill"":""11"",""page2_mapped"":true,""patches"":[[4095,""54433222""]],""size"":8192}","{""r10"":""0x1010101010101010"",""r11"":""0x1212121212121212"",""r12"":""0x1313131313131313"",""r13"":""0x1414141414141414"",""r14"":""0x1515151515151515"",""r15"":""0x1616161616161616"",""r8"":""0x0808080808080808"",""r9"":""0x0909090909090909"",""rax"":""0x1122334455667788"",""rbp"":""0x778899aabbccddee"",""rbx"":""0x000000003c3c3c3c"",""rcx"":""0x0000000000000003"",""rdi"":""data+4095"",""rdx"":""0x99aabbccddeeff00"",""rflags"":""0x0000000000000213"",""rsi"":""source+256"",""rsp"":""stack+32768""}","{""AF"":1,""CF"":1,""OF"":0,""PF"":0,""SF"":0,""ZF"":0}",False,rmw.run1.jsonl.gz: matching form/layout/cross_offset/continuation
A,page_and_cacheline_cross,measured,True,True,xadd_reg_32_lock,32,cross_rw_ro,2,4094,f00fc11f,"[{""address"":""data+4096"",""error"":7,""execution_phase"":1,""fpstate_size"":2436,""gregs"":{""cr2"":""data+4096"",""csgsfs"":""0x002b000000000033"",""err"":""0x0000000000000007"",""oldmask"":""0x0000000000000000"",""r10"":""0x1010101010101010"",""r11"":""0x1212121212121212"",""r12"":""0x1313131313131313"",""r13"":""0x1414141414141414"",""r14"":""0x1515151515151515"",""r15"":""0x1616161616161616"",""r8"":""0x0808080808080808"",""r9"":""0x0909090909090909"",""rax"":""0x1122334455667788"",""rbp"":""0x778899aabbccddee"",""rbx"":""0xa1b2c3d4e5f60718"",""rcx"":""0x0000000000000003"",""rdi"":""data+4094"",""rdx"":""0x99aabbccddeeff00"",""rflags"":""0x0000000000010203"",""rip"":""code+0"",""rsi"":""source+256"",""rsp"":""stack+32768"",""trapno"":""0x000000000000000e""},""kernel_sigmask"":""0000000000000000"",""pages"":{""fill"":""11"",""page2_mapped"":true,""patches"":[],""size"":8192},""partial_write"":false,""si_code"":2,""signal"":11,""six_flags"":{""AF"":0,""CF"":1,""OF"":0,""PF"":0,""SF"":0,""ZF"":0},""trap"":14,""uc_flags"":7,""uc_link"":""0x0000000000000000"",""uc_stack"":{""flags"":0,""size"":65536,""sp"":""altstack+0""}}]","{""fill"":""11"",""page2_mapped"":true,""patches"":[],""size"":8192}","[{""address"":""data+4096"",""error"":7,""execution_phase"":1,""fpstate_size"":2436,""gregs"":{""cr2"":""data+4096"",""csgsfs"":""0x002b000000000033"",""err"":""0x0000000000000007"",""oldmask"":""0x0000000000000000"",""r10"":""0x1010101010101010"",""r11"":""0x1212121212121212"",""r12"":""0x1313131313131313"",""r13"":""0x1414141414141414"",""r14"":""0x1515151515151515"",""r15"":""0x1616161616161616"",""r8"":""0x0808080808080808"",""r9"":""0x0909090909090909"",""rax"":""0x1122334455667788"",""rbp"":""0x778899aabbccddee"",""rbx"":""0xa1b2c3d4e5f60718"",""rcx"":""0x0000000000000003"",""rdi"":""data+4094"",""rdx"":""0x99aabbccddeeff00"",""rflags"":""0x0000000000010203"",""rip"":""code+0"",""rsi"":""source+256"",""rsp"":""stack+32768"",""trapno"":""0x000000000000000e""},""kernel_sigmask"":""0000000000000000"",""pages"":{""fill"":""11"",""page2_mapped"":true,""patches"":[],""size"":8192},""partial_write"":false,""si_code"":2,""signal"":11,""six_flags"":{""AF"":0,""CF"":1,""OF"":0,""PF"":0,""SF"":0,""ZF"":0},""trap"":14,""uc_flags"":7,""uc_link"":""0x0000000000000000"",""uc_stack"":{""flags"":0,""size"":65536,""sp"":""altstack+0""}}]","0x3c across full destination footprint after mapping/protection repair, before sigreturn","{""fill"":""11"",""page2_mapped"":true,""patches"":[[4094,""54433222""]],""size"":8192}","{""r10"":""0x1010101010101010"",""r11"":""0x1212121212121212"",""r12"":""0x1313131313131313"",""r13"":""0x1414141414141414"",""r14"":""0x1515151515151515"",""r15"":""0x1616161616161616"",""r8"":""0x0808080808080808"",""r9"":""0x0909090909090909"",""rax"":""0x1122334455667788"",""rbp"":""0x778899aabbccddee"",""rbx"":""0x000000003c3c3c3c"",""rcx"":""0x0000000000000003"",""rdi"":""data+4094"",""rdx"":""0x99aabbccddeeff00"",""rflags"":""0x0000000000000213"",""rsi"":""source+256"",""rsp"":""stack+32768""}","{""AF"":1,""CF"":1,""OF"":0,""PF"":0,""SF"":0,""ZF"":0}",False,rmw.run1.jsonl.gz: matching form/layout/cross_offset/continuation
A,page_and_cacheline_cross,measured,True,True,xadd_reg_32_lock,32,cross_rw_ro,3,4093,f00fc11f,"[{""address"":""data+4096"",""error"":7,""execution_phase"":1,""fpstate_size"":2436,""gregs"":{""cr2"":""data+4096"",""csgsfs"":""0x002b000000000033"",""err"":""0x0000000000000007"",""oldmask"":""0x0000000000000000"",""r10"":""0x1010101010101010"",""r11"":""0x1212121212121212"",""r12"":""0x1313131313131313"",""r13"":""0x1414141414141414"",""r14"":""0x1515151515151515"",""r15"":""0x1616161616161616"",""r8"":""0x0808080808080808"",""r9"":""0x0909090909090909"",""rax"":""0x1122334455667788"",""rbp"":""0x778899aabbccddee"",""rbx"":""0xa1b2c3d4e5f60718"",""rcx"":""0x0000000000000003"",""rdi"":""data+4093"",""rdx"":""0x99aabbccddeeff00"",""rflags"":""0x0000000000010203"",""rip"":""code+0"",""rsi"":""source+256"",""rsp"":""stack+32768"",""trapno"":""0x000000000000000e""},""kernel_sigmask"":""0000000000000000"",""pages"":{""fill"":""11"",""page2_mapped"":true,""patches"":[],""size"":8192},""partial_write"":false,""si_code"":2,""signal"":11,""six_flags"":{""AF"":0,""CF"":1,""OF"":0,""PF"":0,""SF"":0,""ZF"":0},""trap"":14,""uc_flags"":7,""uc_link"":""0x0000000000000000"",""uc_stack"":{""flags"":0,""size"":65536,""sp"":""altstack+0""}}]","{""fill"":""11"",""page2_mapped"":true,""patches"":[],""size"":8192}","[{""address"":""data+4096"",""error"":7,""execution_phase"":1,""fpstate_size"":2436,""gregs"":{""cr2"":""data+4096"",""csgsfs"":""0x002b000000000033"",""err"":""0x0000000000000007"",""oldmask"":""0x0000000000000000"",""r10"":""0x1010101010101010"",""r11"":""0x1212121212121212"",""r12"":""0x1313131313131313"",""r13"":""0x1414141414141414"",""r14"":""0x1515151515151515"",""r15"":""0x1616161616161616"",""r8"":""0x0808080808080808"",""r9"":""0x0909090909090909"",""rax"":""0x1122334455667788"",""rbp"":""0x778899aabbccddee"",""rbx"":""0xa1b2c3d4e5f60718"",""rcx"":""0x0000000000000003"",""rdi"":""data+4093"",""rdx"":""0x99aabbccddeeff00"",""rflags"":""0x0000000000010203"",""rip"":""code+0"",""rsi"":""source+256"",""rsp"":""stack+32768"",""trapno"":""0x000000000000000e""},""kernel_sigmask"":""0000000000000000"",""pages"":{""fill"":""11"",""page2_mapped"":true,""patches"":[],""size"":8192},""partial_write"":false,""si_code"":2,""signal"":11,""six_flags"":{""AF"":0,""CF"":1,""OF"":0,""PF"":0,""SF"":0,""ZF"":0},""trap"":14,""uc_flags"":7,""uc_link"":""0x0000000000000000"",""uc_stack"":{""flags"":0,""size"":65536,""sp"":""altstack+0""}}]","0x3c across full destination footprint after mapping/protection repair, before sigreturn","{""fill"":""11"",""page2_mapped"":true,""patches"":[[4093,""54433222""]],""size"":8192}","{""r10"":""0x1010101010101010"",""r11"":""0x1212121212121212"",""r12"":""0x1313131313131313"",""r13"":""0x1414141414141414"",""r14"":""0x1515151515151515"",""r15"":""0x1616161616161616"",""r8"":""0x0808080808080808"",""r9"":""0x0909090909090909"",""rax"":""0x1122334455667788"",""rbp"":""0x778899aabbccddee"",""rbx"":""0x000000003c3c3c3c"",""rcx"":""0x0000000000000003"",""rdi"":""data+4093"",""rdx"":""0x99aabbccddeeff00"",""rflags"":""0x0000000000000213"",""rsi"":""source+256"",""rsp"":""stack+32768""}","{""AF"":1,""CF"":1,""OF"":0,""PF"":0,""SF"":0,""ZF"":0}",False,rmw.run1.jsonl.gz: matching form/layout/cross_offset/continuation
A,page_and_cacheline_cross,measured,True,True,xadd_reg_32_lock,32,cross_ro_rw,1,4095,f00fc11f,"[{""address"":""data+4095"",""error"":7,""execution_phase"":1,""fpstate_size"":2436,""gregs"":{""cr2"":""data+4095"",""csgsfs"":""0x002b000000000033"",""err"":""0x0000000000000007"",""oldmask"":""0x0000000000000000"",""r10"":""0x1010101010101010"",""r11"":""0x1212121212121212"",""r12"":""0x1313131313131313"",""r13"":""0x1414141414141414"",""r14"":""0x1515151515151515"",""r15"":""0x1616161616161616"",""r8"":""0x0808080808080808"",""r9"":""0x0909090909090909"",""rax"":""0x1122334455667788"",""rbp"":""0x778899aabbccddee"",""rbx"":""0xa1b2c3d4e5f60718"",""rcx"":""0x0000000000000003"",""rdi"":""data+4095"",""rdx"":""0x99aabbccddeeff00"",""rflags"":""0x0000000000010203"",""rip"":""code+0"",""rsi"":""source+256"",""rsp"":""stack+32768"",""trapno"":""0x000000000000000e""},""kernel_sigmask"":""0000000000000000"",""pages"":{""fill"":""11"",""page2_mapped"":true,""patches"":[],""size"":8192},""partial_write"":false,""si_code"":2,""signal"":11,""six_flags"":{""AF"":0,""CF"":1,""OF"":0,""PF"":0,""SF"":0,""ZF"":0},""trap"":14,""uc_flags"":7,""uc_link"":""0x0000000000000000"",""uc_stack"":{""flags"":0,""size"":65536,""sp"":""altstack+0""}}]","{""fill"":""11"",""page2_mapped"":true,""patches"":[],""size"":8192}","[{""address"":""data+4095"",""error"":7,""execution_phase"":1,""fpstate_size"":2436,""gregs"":{""cr2"":""data+4095"",""csgsfs"":""0x002b000000000033"",""err"":""0x0000000000000007"",""oldmask"":""0x0000000000000000"",""r10"":""0x1010101010101010"",""r11"":""0x1212121212121212"",""r12"":""0x1313131313131313"",""r13"":""0x1414141414141414"",""r14"":""0x1515151515151515"",""r15"":""0x1616161616161616"",""r8"":""0x0808080808080808"",""r9"":""0x0909090909090909"",""rax"":""0x1122334455667788"",""rbp"":""0x778899aabbccddee"",""rbx"":""0xa1b2c3d4e5f60718"",""rcx"":""0x0000000000000003"",""rdi"":""data+4095"",""rdx"":""0x99aabbccddeeff00"",""rflags"":""0x0000000000010203"",""rip"":""code+0"",""rsi"":""source+256"",""rsp"":""stack+32768"",""trapno"":""0x000000000000000e""},""kernel_sigmask"":""0000000000000000"",""pages"":{""fill"":""11"",""page2_mapped"":true,""patches"":[],""size"":8192},""partial_write"":false,""si_code"":2,""signal"":11,""six_flags"":{""AF"":0,""CF"":1,""OF"":0,""PF"":0,""SF"":0,""ZF"":0},""trap"":14,""uc_flags"":7,""uc_link"":""0x0000000000000000"",""uc_stack"":{""flags"":0,""size"":65536,""sp"":""altstack+0""}}]","0x3c across full destination footprint after mapping/protection repair, before sigreturn","{""fill"":""11"",""page2_mapped"":true,""patches"":[[4095,""54433222""]],""size"":8192}","{""r10"":""0x1010101010101010"",""r11"":""0x1212121212121212"",""r12"":""0x1313131313131313"",""r13"":""0x1414141414141414"",""r14"":""0x1515151515151515"",""r15"":""0x1616161616161616"",""r8"":""0x0808080808080808"",""r9"":""0x0909090909090909"",""rax"":""0x1122334455667788"",""rbp"":""0x778899aabbccddee"",""rbx"":""0x000000003c3c3c3c"",""rcx"":""0x0000000000000003"",""rdi"":""data+4095"",""rdx"":""0x99aabbccddeeff00"",""rflags"":""0x0000000000000213"",""rsi"":""source+256"",""rsp"":""stack+32768""}","{""AF"":1,""CF"":1,""OF"":0,""PF"":0,""SF"":0,""ZF"":0}",False,rmw.run1.jsonl.gz: matching form/layout/cross_offset/continuation
A,page_and_cacheline_cross,measured,True,True,xadd_reg_32_lock,32,cross_ro_rw,2,4094,f00fc11f,"[{""address"":""data+4094"",""error"":7,""execution_phase"":1,""fpstate_size"":2436,""gregs"":{""cr2"":""data+4094"",""csgsfs"":""0x002b000000000033"",""err"":""0x0000000000000007"",""oldmask"":""0x0000000000000000"",""r10"":""0x1010101010101010"",""r11"":""0x1212121212121212"",""r12"":""0x1313131313131313"",""r13"":""0x1414141414141414"",""r14"":""0x1515151515151515"",""r15"":""0x1616161616161616"",""r8"":""0x0808080808080808"",""r9"":""0x0909090909090909"",""rax"":""0x1122334455667788"",""rbp"":""0x778899aabbccddee"",""rbx"":""0xa1b2c3d4e5f60718"",""rcx"":""0x0000000000000003"",""rdi"":""data+4094"",""rdx"":""0x99aabbccddeeff00"",""rflags"":""0x0000000000010203"",""rip"":""code+0"",""rsi"":""source+256"",""rsp"":""stack+32768"",""trapno"":""0x000000000000000e""},""kernel_sigmask"":""0000000000000000"",""pages"":{""fill"":""11"",""page2_mapped"":true,""patches"":[],""size"":8192},""partial_write"":false,""si_code"":2,""signal"":11,""six_flags"":{""AF"":0,""CF"":1,""OF"":0,""PF"":0,""SF"":0,""ZF"":0},""trap"":14,""uc_flags"":7,""uc_link"":""0x0000000000000000"",""uc_stack"":{""flags"":0,""size"":65536,""sp"":""altstack+0""}}]","{""fill"":""11"",""page2_mapped"":true,""patches"":[],""size"":8192}","[{""address"":""data+4094"",""error"":7,""execution_phase"":1,""fpstate_size"":2436,""gregs"":{""cr2"":""data+4094"",""csgsfs"":""0x002b000000000033"",""err"":""0x0000000000000007"",""oldmask"":""0x0000000000000000"",""r10"":""0x1010101010101010"",""r11"":""0x1212121212121212"",""r12"":""0x1313131313131313"",""r13"":""0x1414141414141414"",""r14"":""0x1515151515151515"",""r15"":""0x1616161616161616"",""r8"":""0x0808080808080808"",""r9"":""0x0909090909090909"",""rax"":""0x1122334455667788"",""rbp"":""0x778899aabbccddee"",""rbx"":""0xa1b2c3d4e5f60718"",""rcx"":""0x0000000000000003"",""rdi"":""data+4094"",""rdx"":""0x99aabbccddeeff00"",""rflags"":""0x0000000000010203"",""rip"":""code+0"",""rsi"":""source+256"",""rsp"":""stack+32768"",""trapno"":""0x000000000000000e""},""kernel_sigmask"":""0000000000000000"",""pages"":{""fill"":""11"",""page2_mapped"":true,""patches"":[],""size"":8192},""partial_write"":false,""si_code"":2,""signal"":11,""six_flags"":{""AF"":0,""CF"":1,""OF"":0,""PF"":0,""SF"":0,""ZF"":0},""trap"":14,""uc_flags"":7,""uc_link"":""0x0000000000000000"",""uc_stack"":{""flags"":0,""size"":65536,""sp"":""altstack+0""}}]","0x3c across full destination footprint after mapping/protection repair, before sigreturn","{""fill"":""11"",""page2_mapped"":true,""patches"":[[4094,""54433222""]],""size"":8192}","{""r10"":""0x1010101010101010"",""r11"":""0x1212121212121212"",""r12"":""0x1313131313131313"",""r13"":""0x1414141414141414"",""r14"":""0x1515151515151515"",""r15"":""0x1616161616161616"",""r8"":""0x0808080808080808"",""r9"":""0x0909090909090909"",""rax"":""0x1122334455667788"",""rbp"":""0x778899aabbccddee"",""rbx"":""0x000000003c3c3c3c"",""rcx"":""0x0000000000000003"",""rdi"":""data+4094"",""rdx"":""0x99aabbccddeeff00"",""rflags"":""0x0000000000000213"",""rsi"":""source+256"",""rsp"":""stack+32768""}","{""AF"":1,""CF"":1,""OF"":0,""PF"":0,""SF"":0,""ZF"":0}",False,rmw.run1.jsonl.gz: matching form/layout/cross_offset/continuation
A,page_and_cacheline_cross,measured,True,True,xadd_reg_32_lock,32,cross_ro_rw,3,4093,f00fc11f,"[{""address"":""data+4093"",""error"":7,""execution_phase"":1,""fpstate_size"":2436,""gregs"":{""cr2"":""data+4093"",""csgsfs"":""0x002b000000000033"",""err"":""0x0000000000000007"",""oldmask"":""0x0000000000000000"",""r10"":""0x1010101010101010"",""r11"":""0x1212121212121212"",""r12"":""0x1313131313131313"",""r13"":""0x1414141414141414"",""r14"":""0x1515151515151515"",""r15"":""0x1616161616161616"",""r8"":""0x0808080808080808"",""r9"":""0x0909090909090909"",""rax"":""0x1122334455667788"",""rbp"":""0x778899aabbccddee"",""rbx"":""0xa1b2c3d4e5f60718"",""rcx"":""0x0000000000000003"",""rdi"":""data+4093"",""rdx"":""0x99aabbccddeeff00"",""rflags"":""0x0000000000010203"",""rip"":""code+0"",""rsi"":""source+256"",""rsp"":""stack+32768"",""trapno"":""0x000000000000000e""},""kernel_sigmask"":""0000000000000000"",""pages"":{""fill"":""11"",""page2_mapped"":true,""patches"":[],""size"":8192},""partial_write"":false,""si_code"":2,""signal"":11,""six_flags"":{""AF"":0,""CF"":1,""OF"":0,""PF"":0,""SF"":0,""ZF"":0},""trap"":14,""uc_flags"":7,""uc_link"":""0x0000000000000000"",""uc_stack"":{""flags"":0,""size"":65536,""sp"":""altstack+0""}}]","{""fill"":""11"",""page2_mapped"":true,""patches"":[],""size"":8192}","[{""address"":""data+4093"",""error"":7,""execution_phase"":1,""fpstate_size"":2436,""gregs"":{""cr2"":""data+4093"",""csgsfs"":""0x002b000000000033"",""err"":""0x0000000000000007"",""oldmask"":""0x0000000000000000"",""r10"":""0x1010101010101010"",""r11"":""0x1212121212121212"",""r12"":""0x1313131313131313"",""r13"":""0x1414141414141414"",""r14"":""0x1515151515151515"",""r15"":""0x1616161616161616"",""r8"":""0x0808080808080808"",""r9"":""0x0909090909090909"",""rax"":""0x1122334455667788"",""rbp"":""0x778899aabbccddee"",""rbx"":""0xa1b2c3d4e5f60718"",""rcx"":""0x0000000000000003"",""rdi"":""data+4093"",""rdx"":""0x99aabbccddeeff00"",""rflags"":""0x0000000000010203"",""rip"":""code+0"",""rsi"":""source+256"",""rsp"":""stack+32768"",""trapno"":""0x000000000000000e""},""kernel_sigmask"":""0000000000000000"",""pages"":{""fill"":""11"",""page2_mapped"":true,""patches"":[],""size"":8192},""partial_write"":false,""si_code"":2,""signal"":11,""six_flags"":{""AF"":0,""CF"":1,""OF"":0,""PF"":0,""SF"":0,""ZF"":0},""trap"":14,""uc_flags"":7,""uc_link"":""0x0000000000000000"",""uc_stack"":{""flags"":0,""size"":65536,""sp"":""altstack+0""}}]","0x3c across full destination footprint after mapping/protection repair, before sigreturn","{""fill"":""11"",""page2_mapped"":true,""patches"":[[4093,""54433222""]],""size"":8192}","{""r10"":""0x1010101010101010"",""r11"":""0x1212121212121212"",""r12"":""0x1313131313131313"",""r13"":""0x1414141414141414"",""r14"":""0x1515151515151515"",""r15"":""0x1616161616161616"",""r8"":""0x0808080808080808"",""r9"":""0x0909090909090909"",""rax"":""0x1122334455667788"",""rbp"":""0x778899aabbccddee"",""rbx"":""0x000000003c3c3c3c"",""rcx"":""0x0000000000000003"",""rdi"":""data+4093"",""rdx"":""0x99aabbccddeeff00"",""rflags"":""0x0000000000000213"",""rsi"":""source+256"",""rsp"":""stack+32768""}","{""AF"":1,""CF"":1,""OF"":0,""PF"":0,""SF"":0,""ZF"":0}",False,rmw.run1.jsonl.gz: matching form/layout/cross_offset/continuation
A,page_and_cacheline_cross,measured,True,True,xadd_reg_64_lock,64,cross_rw_ro,1,4095,f0480fc11f,"[{""address"":""data+4096"",""error"":7,""execution_phase"":1,""fpstate_size"":2436,""gregs"":{""cr2"":""data+4096"",""csgsfs"":""0x002b000000000033"",""err"":""0x0000000000000007"",""oldmask"":""0x0000000000000000"",""r10"":""0x1010101010101010"",""r11"":""0x1212121212121212"",""r12"":""0x1313131313131313"",""r13"":""0x1414141414141414"",""r14"":""0x1515151515151515"",""r15"":""0x1616161616161616"",""r8"":""0x0808080808080808"",""r9"":""0x0909090909090909"",""rax"":""0x1122334455667788"",""rbp"":""0x778899aabbccddee"",""rbx"":""0xa1b2c3d4e5f60718"",""rcx"":""0x0000000000000003"",""rdi"":""data+4095"",""rdx"":""0x99aabbccddeeff00"",""rflags"":""0x0000000000010203"",""rip"":""code+0"",""rsi"":""source+256"",""rsp"":""stack+32768"",""trapno"":""0x000000000000000e""},""kernel_sigmask"":""0000000000000000"",""pages"":{""fill"":""11"",""page2_mapped"":true,""patches"":[],""size"":8192},""partial_write"":false,""si_code"":2,""signal"":11,""six_flags"":{""AF"":0,""CF"":1,""OF"":0,""PF"":0,""SF"":0,""ZF"":0},""trap"":14,""uc_flags"":7,""uc_link"":""0x0000000000000000"",""uc_stack"":{""flags"":0,""size"":65536,""sp"":""altstack+0""}}]","{""fill"":""11"",""page2_mapped"":true,""patches"":[],""size"":8192}","[{""address"":""data+4096"",""error"":7,""execution_phase"":1,""fpstate_size"":2436,""gregs"":{""cr2"":""data+4096"",""csgsfs"":""0x002b000000000033"",""err"":""0x0000000000000007"",""oldmask"":""0x0000000000000000"",""r10"":""0x1010101010101010"",""r11"":""0x1212121212121212"",""r12"":""0x1313131313131313"",""r13"":""0x1414141414141414"",""r14"":""0x1515151515151515"",""r15"":""0x1616161616161616"",""r8"":""0x0808080808080808"",""r9"":""0x0909090909090909"",""rax"":""0x1122334455667788"",""rbp"":""0x778899aabbccddee"",""rbx"":""0xa1b2c3d4e5f60718"",""rcx"":""0x0000000000000003"",""rdi"":""data+4095"",""rdx"":""0x99aabbccddeeff00"",""rflags"":""0x0000000000010203"",""rip"":""code+0"",""rsi"":""source+256"",""rsp"":""stack+32768"",""trapno"":""0x000000000000000e""},""kernel_sigmask"":""0000000000000000"",""pages"":{""fill"":""11"",""page2_mapped"":true,""patches"":[],""size"":8192},""partial_write"":false,""si_code"":2,""signal"":11,""six_flags"":{""AF"":0,""CF"":1,""OF"":0,""PF"":0,""SF"":0,""ZF"":0},""trap"":14,""uc_flags"":7,""uc_link"":""0x0000000000000000"",""uc_stack"":{""flags"":0,""size"":65536,""sp"":""altstack+0""}}]","0x3c across full destination footprint after mapping/protection repair, before sigreturn","{""fill"":""11"",""page2_mapped"":true,""patches"":[[4095,""54433222""],[4100,""00efdd""]],""size"":8192}","{""r10"":""0x1010101010101010"",""r11"":""0x1212121212121212"",""r12"":""0x1313131313131313"",""r13"":""0x1414141414141414"",""r14"":""0x1515151515151515"",""r15"":""0x1616161616161616"",""r8"":""0x0808080808080808"",""r9"":""0x0909090909090909"",""rax"":""0x1122334455667788"",""rbp"":""0x778899aabbccddee"",""rbx"":""0x3c3c3c3c3c3c3c3c"",""rcx"":""0x0000000000000003"",""rdi"":""data+4095"",""rdx"":""0x99aabbccddeeff00"",""rflags"":""0x0000000000000292"",""rsi"":""source+256"",""rsp"":""stack+32768""}","{""AF"":1,""CF"":0,""OF"":0,""PF"":0,""SF"":1,""ZF"":0}",False,rmw.run1.jsonl.gz: matching form/layout/cross_offset/continuation
A,page_and_cacheline_cross,measured,True,True,xadd_reg_64_lock,64,cross_rw_ro,2,4094,f0480fc11f,"[{""address"":""data+4096"",""error"":7,""execution_phase"":1,""fpstate_size"":2436,""gregs"":{""cr2"":""data+4096"",""csgsfs"":""0x002b000000000033"",""err"":""0x0000000000000007"",""oldmask"":""0x0000000000000000"",""r10"":""0x1010101010101010"",""r11"":""0x1212121212121212"",""r12"":""0x1313131313131313"",""r13"":""0x1414141414141414"",""r14"":""0x1515151515151515"",""r15"":""0x1616161616161616"",""r8"":""0x0808080808080808"",""r9"":""0x0909090909090909"",""rax"":""0x1122334455667788"",""rbp"":""0x778899aabbccddee"",""rbx"":""0xa1b2c3d4e5f60718"",""rcx"":""0x0000000000000003"",""rdi"":""data+4094"",""rdx"":""0x99aabbccddeeff00"",""rflags"":""0x0000000000010203"",""rip"":""code+0"",""rsi"":""source+256"",""rsp"":""stack+32768"",""trapno"":""0x000000000000000e""},""kernel_sigmask"":""0000000000000000"",""pages"":{""fill"":""11"",""page2_mapped"":true,""patches"":[],""size"":8192},""partial_write"":false,""si_code"":2,""signal"":11,""six_flags"":{""AF"":0,""CF"":1,""OF"":0,""PF"":0,""SF"":0,""ZF"":0},""trap"":14,""uc_flags"":7,""uc_link"":""0x0000000000000000"",""uc_stack"":{""flags"":0,""size"":65536,""sp"":""altstack+0""}}]","{""fill"":""11"",""page2_mapped"":true,""patches"":[],""size"":8192}","[{""address"":""data+4096"",""error"":7,""execution_phase"":1,""fpstate_size"":2436,""gregs"":{""cr2"":""data+4096"",""csgsfs"":""0x002b000000000033"",""err"":""0x0000000000000007"",""oldmask"":""0x0000000000000000"",""r10"":""0x1010101010101010"",""r11"":""0x1212121212121212"",""r12"":""0x1313131313131313"",""r13"":""0x1414141414141414"",""r14"":""0x1515151515151515"",""r15"":""0x1616161616161616"",""r8"":""0x0808080808080808"",""r9"":""0x0909090909090909"",""rax"":""0x1122334455667788"",""rbp"":""0x778899aabbccddee"",""rbx"":""0xa1b2c3d4e5f60718"",""rcx"":""0x0000000000000003"",""rdi"":""data+4094"",""rdx"":""0x99aabbccddeeff00"",""rflags"":""0x0000000000010203"",""rip"":""code+0"",""rsi"":""source+256"",""rsp"":""stack+32768"",""trapno"":""0x000000000000000e""},""kernel_sigmask"":""0000000000000000"",""pages"":{""fill"":""11"",""page2_mapped"":true,""patches"":[],""size"":8192},""partial_write"":false,""si_code"":2,""signal"":11,""six_flags"":{""AF"":0,""CF"":1,""OF"":0,""PF"":0,""SF"":0,""ZF"":0},""trap"":14,""uc_flags"":7,""uc_link"":""0x0000000000000000"",""uc_stack"":{""flags"":0,""size"":65536,""sp"":""altstack+0""}}]","0x3c across full destination footprint after mapping/protection repair, before sigreturn","{""fill"":""11"",""page2_mapped"":true,""patches"":[[4094,""54433222""],[4099,""00efdd""]],""size"":8192}","{""r10"":""0x1010101010101010"",""r11"":""0x1212121212121212"",""r12"":""0x1313131313131313"",""r13"":""0x1414141414141414"",""r14"":""0x1515151515151515"",""r15"":""0x1616161616161616"",""r8"":""0x0808080808080808"",""r9"":""0x0909090909090909"",""rax"":""0x1122334455667788"",""rbp"":""0x778899aabbccddee"",""rbx"":""0x3c3c3c3c3c3c3c3c"",""rcx"":""0x0000000000000003"",""rdi"":""data+4094"",""rdx"":""0x99aabbccddeeff00"",""rflags"":""0x0000000000000292"",""rsi"":""source+256"",""rsp"":""stack+32768""}","{""AF"":1,""CF"":0,""OF"":0,""PF"":0,""SF"":1,""ZF"":0}",False,rmw.run1.jsonl.gz: matching form/layout/cross_offset/continuation
A,page_and_cacheline_cross,measured,True,True,xadd_reg_64_lock,64,cross_rw_ro,3,4093,f0480fc11f,"[{""address"":""data+4096"",""error"":7,""execution_phase"":1,""fpstate_size"":2436,""gregs"":{""cr2"":""data+4096"",""csgsfs"":""0x002b000000000033"",""err"":""0x0000000000000007"",""oldmask"":""0x0000000000000000"",""r10"":""0x1010101010101010"",""r11"":""0x1212121212121212"",""r12"":""0x1313131313131313"",""r13"":""0x1414141414141414"",""r14"":""0x1515151515151515"",""r15"":""0x1616161616161616"",""r8"":""0x0808080808080808"",""r9"":""0x0909090909090909"",""rax"":""0x1122334455667788"",""rbp"":""0x778899aabbccddee"",""rbx"":""0xa1b2c3d4e5f60718"",""rcx"":""0x0000000000000003"",""rdi"":""data+4093"",""rdx"":""0x99aabbccddeeff00"",""rflags"":""0x0000000000010203"",""rip"":""code+0"",""rsi"":""source+256"",""rsp"":""stack+32768"",""trapno"":""0x000000000000000e""},""kernel_sigmask"":""0000000000000000"",""pages"":{""fill"":""11"",""page2_mapped"":true,""patches"":[],""size"":8192},""partial_write"":false,""si_code"":2,""signal"":11,""six_flags"":{""AF"":0,""CF"":1,""OF"":0,""PF"":0,""SF"":0,""ZF"":0},""trap"":14,""uc_flags"":7,""uc_link"":""0x0000000000000000"",""uc_stack"":{""flags"":0,""size"":65536,""sp"":""altstack+0""}}]","{""fill"":""11"",""page2_mapped"":true,""patches"":[],""size"":8192}","[{""address"":""data+4096"",""error"":7,""execution_phase"":1,""fpstate_size"":2436,""gregs"":{""cr2"":""data+4096"",""csgsfs"":""0x002b000000000033"",""err"":""0x0000000000000007"",""oldmask"":""0x0000000000000000"",""r10"":""0x1010101010101010"",""r11"":""0x1212121212121212"",""r12"":""0x1313131313131313"",""r13"":""0x1414141414141414"",""r14"":""0x1515151515151515"",""r15"":""0x1616161616161616"",""r8"":""0x0808080808080808"",""r9"":""0x0909090909090909"",""rax"":""0x1122334455667788"",""rbp"":""0x778899aabbccddee"",""rbx"":""0xa1b2c3d4e5f60718"",""rcx"":""0x0000000000000003"",""rdi"":""data+4093"",""rdx"":""0x99aabbccddeeff00"",""rflags"":""0x0000000000010203"",""rip"":""code+0"",""rsi"":""source+256"",""rsp"":""stack+32768"",""trapno"":""0x000000000000000e""},""kernel_sigmask"":""0000000000000000"",""pages"":{""fill"":""11"",""page2_mapped"":true,""patches"":[],""size"":8192},""partial_write"":false,""si_code"":2,""signal"":11,""six_flags"":{""AF"":0,""CF"":1,""OF"":0,""PF"":0,""SF"":0,""ZF"":0},""trap"":14,""uc_flags"":7,""uc_link"":""0x0000000000000000"",""uc_stack"":{""flags"":0,""size"":65536,""sp"":""altstack+0""}}]","0x3c across full destination footprint after mapping/protection repair, before sigreturn","{""fill"":""11"",""page2_mapped"":true,""patches"":[[4093,""54433222""],[4098,""00efdd""]],""size"":8192}","{""r10"":""0x1010101010101010"",""r11"":""0x1212121212121212"",""r12"":""0x1313131313131313"",""r13"":""0x1414141414141414"",""r14"":""0x1515151515151515"",""r15"":""0x1616161616161616"",""r8"":""0x0808080808080808"",""r9"":""0x0909090909090909"",""rax"":""0x1122334455667788"",""rbp"":""0x778899aabbccddee"",""rbx"":""0x3c3c3c3c3c3c3c3c"",""rcx"":""0x0000000000000003"",""rdi"":""data+4093"",""rdx"":""0x99aabbccddeeff00"",""rflags"":""0x0000000000000292"",""rsi"":""source+256"",""rsp"":""stack+32768""}","{""AF"":1,""CF"":0,""OF"":0,""PF"":0,""SF"":1,""ZF"":0}",False,rmw.run1.jsonl.gz: matching form/layout/cross_offset/continuation
A,page_and_cacheline_cross,measured,True,True,xadd_reg_64_lock,64,cross_rw_ro,4,4092,f0480fc11f,"[{""address"":""data+4096"",""error"":7,""execution_phase"":1,""fpstate_size"":2436,""gregs"":{""cr2"":""data+4096"",""csgsfs"":""0x002b000000000033"",""err"":""0x0000000000000007"",""oldmask"":""0x0000000000000000"",""r10"":""0x1010101010101010"",""r11"":""0x1212121212121212"",""r12"":""0x1313131313131313"",""r13"":""0x1414141414141414"",""r14"":""0x1515151515151515"",""r15"":""0x1616161616161616"",""r8"":""0x0808080808080808"",""r9"":""0x0909090909090909"",""rax"":""0x1122334455667788"",""rbp"":""0x778899aabbccddee"",""rbx"":""0xa1b2c3d4e5f60718"",""rcx"":""0x0000000000000003"",""rdi"":""data+4092"",""rdx"":""0x99aabbccddeeff00"",""rflags"":""0x0000000000010203"",""rip"":""code+0"",""rsi"":""source+256"",""rsp"":""stack+32768"",""trapno"":""0x000000000000000e""},""kernel_sigmask"":""0000000000000000"",""pages"":{""fill"":""11"",""page2_mapped"":true,""patches"":[],""size"":8192},""partial_write"":false,""si_code"":2,""signal"":11,""six_flags"":{""AF"":0,""CF"":1,""OF"":0,""PF"":0,""SF"":0,""ZF"":0},""trap"":14,""uc_flags"":7,""uc_link"":""0x0000000000000000"",""uc_stack"":{""flags"":0,""size"":65536,""sp"":""altstack+0""}}]","{""fill"":""11"",""page2_mapped"":true,""patches"":[],""size"":8192}","[{""address"":""data+4096"",""error"":7,""execution_phase"":1,""fpstate_size"":2436,""gregs"":{""cr2"":""data+4096"",""csgsfs"":""0x002b000000000033"",""err"":""0x0000000000000007"",""oldmask"":""0x0000000000000000"",""r10"":""0x1010101010101010"",""r11"":""0x1212121212121212"",""r12"":""0x1313131313131313"",""r13"":""0x1414141414141414"",""r14"":""0x1515151515151515"",""r15"":""0x1616161616161616"",""r8"":""0x0808080808080808"",""r9"":""0x0909090909090909"",""rax"":""0x1122334455667788"",""rbp"":""0x778899aabbccddee"",""rbx"":""0xa1b2c3d4e5f60718"",""rcx"":""0x0000000000000003"",""rdi"":""data+4092"",""rdx"":""0x99aabbccddeeff00"",""rflags"":""0x0000000000010203"",""rip"":""code+0"",""rsi"":""source+256"",""rsp"":""stack+32768"",""trapno"":""0x000000000000000e""},""kernel_sigmask"":""0000000000000000"",""pages"":{""fill"":""11"",""page2_mapped"":true,""patches"":[],""size"":8192},""partial_write"":false,""si_code"":2,""signal"":11,""six_flags"":{""AF"":0,""CF"":1,""OF"":0,""PF"":0,""SF"":0,""ZF"":0},""trap"":14,""uc_flags"":7,""uc_link"":""0x0000000000000000"",""uc_stack"":{""flags"":0,""size"":65536,""sp"":""altstack+0""}}]","0x3c across full destination footprint after mapping/protection repair, before sigreturn","{""fill"":""11"",""page2_mapped"":true,""patches"":[[4092,""54433222""],[4097,""00efdd""]],""size"":8192}","{""r10"":""0x1010101010101010"",""r11"":""0x1212121212121212"",""r12"":""0x1313131313131313"",""r13"":""0x1414141414141414"",""r14"":""0x1515151515151515"",""r15"":""0x1616161616161616"",""r8"":""0x0808080808080808"",""r9"":""0x0909090909090909"",""rax"":""0x1122334455667788"",""rbp"":""0x778899aabbccddee"",""rbx"":""0x3c3c3c3c3c3c3c3c"",""rcx"":""0x0000000000000003"",""rdi"":""data+4092"",""rdx"":""0x99aabbccddeeff00"",""rflags"":""0x0000000000000292"",""rsi"":""source+256"",""rsp"":""stack+32768""}","{""AF"":1,""CF"":0,""OF"":0,""PF"":0,""SF"":1,""ZF"":0}",False,rmw.run1.jsonl.gz: matching form/layout/cross_offset/continuation
A,page_and_cacheline_cross,measured,True,True,xadd_reg_64_lock,64,cross_rw_ro,5,4091,f0480fc11f,"[{""address"":""data+4096"",""error"":7,""execution_phase"":1,""fpstate_size"":2436,""gregs"":{""cr2"":""data+4096"",""csgsfs"":""0x002b000000000033"",""err"":""0x0000000000000007"",""oldmask"":""0x0000000000000000"",""r10"":""0x1010101010101010"",""r11"":""0x1212121212121212"",""r12"":""0x1313131313131313"",""r13"":""0x1414141414141414"",""r14"":""0x1515151515151515"",""r15"":""0x1616161616161616"",""r8"":""0x0808080808080808"",""r9"":""0x0909090909090909"",""rax"":""0x1122334455667788"",""rbp"":""0x778899aabbccddee"",""rbx"":""0xa1b2c3d4e5f60718"",""rcx"":""0x0000000000000003"",""rdi"":""data+4091"",""rdx"":""0x99aabbccddeeff00"",""rflags"":""0x0000000000010203"",""rip"":""code+0"",""rsi"":""source+256"",""rsp"":""stack+32768"",""trapno"":""0x000000000000000e""},""kernel_sigmask"":""0000000000000000"",""pages"":{""fill"":""11"",""page2_mapped"":true,""patches"":[],""size"":8192},""partial_write"":false,""si_code"":2,""signal"":11,""six_flags"":{""AF"":0,""CF"":1,""OF"":0,""PF"":0,""SF"":0,""ZF"":0},""trap"":14,""uc_flags"":7,""uc_link"":""0x0000000000000000"",""uc_stack"":{""flags"":0,""size"":65536,""sp"":""altstack+0""}}]","{""fill"":""11"",""page2_mapped"":true,""patches"":[],""size"":8192}","[{""address"":""data+4096"",""error"":7,""execution_phase"":1,""fpstate_size"":2436,""gregs"":{""cr2"":""data+4096"",""csgsfs"":""0x002b000000000033"",""err"":""0x0000000000000007"",""oldmask"":""0x0000000000000000"",""r10"":""0x1010101010101010"",""r11"":""0x1212121212121212"",""r12"":""0x1313131313131313"",""r13"":""0x1414141414141414"",""r14"":""0x1515151515151515"",""r15"":""0x1616161616161616"",""r8"":""0x0808080808080808"",""r9"":""0x0909090909090909"",""rax"":""0x1122334455667788"",""rbp"":""0x778899aabbccddee"",""rbx"":""0xa1b2c3d4e5f60718"",""rcx"":""0x0000000000000003"",""rdi"":""data+4091"",""rdx"":""0x99aabbccddeeff00"",""rflags"":""0x0000000000010203"",""rip"":""code+0"",""rsi"":""source+256"",""rsp"":""stack+32768"",""trapno"":""0x000000000000000e""},""kernel_sigmask"":""0000000000000000"",""pages"":{""fill"":""11"",""page2_mapped"":true,""patches"":[],""size"":8192},""partial_write"":false,""si_code"":2,""signal"":11,""six_flags"":{""AF"":0,""CF"":1,""OF"":0,""PF"":0,""SF"":0,""ZF"":0},""trap"":14,""uc_flags"":7,""uc_link"":""0x0000000000000000"",""uc_stack"":{""flags"":0,""size"":65536,""sp"":""altstack+0""}}]","0x3c across full destination footprint after mapping/protection repair, before sigreturn","{""fill"":""11"",""page2_mapped"":true,""patches"":[[4091,""54433222""],[4096,""00efdd""]],""size"":8192}","{""r10"":""0x1010101010101010"",""r11"":""0x1212121212121212"",""r12"":""0x1313131313131313"",""r13"":""0x1414141414141414"",""r14"":""0x1515151515151515"",""r15"":""0x1616161616161616"",""r8"":""0x0808080808080808"",""r9"":""0x0909090909090909"",""rax"":""0x1122334455667788"",""rbp"":""0x778899aabbccddee"",""rbx"":""0x3c3c3c3c3c3c3c3c"",""rcx"":""0x0000000000000003"",""rdi"":""data+4091"",""rdx"":""0x99aabbccddeeff00"",""rflags"":""0x0000000000000292"",""rsi"":""source+256"",""rsp"":""stack+32768""}","{""AF"":1,""CF"":0,""OF"":0,""PF"":0,""SF"":1,""ZF"":0}",False,rmw.run1.jsonl.gz: matching form/layout/cross_offset/continuation
A,page_and_cacheline_cross,measured,True,True,xadd_reg_64_lock,64,cross_rw_ro,6,4090,f0480fc11f,"[{""address"":""data+4096"",""error"":7,""execution_phase"":1,""fpstate_size"":2436,""gregs"":{""cr2"":""data+4096"",""csgsfs"":""0x002b000000000033"",""err"":""0x0000000000000007"",""oldmask"":""0x0000000000000000"",""r10"":""0x1010101010101010"",""r11"":""0x1212121212121212"",""r12"":""0x1313131313131313"",""r13"":""0x1414141414141414"",""r14"":""0x1515151515151515"",""r15"":""0x1616161616161616"",""r8"":""0x0808080808080808"",""r9"":""0x0909090909090909"",""rax"":""0x1122334455667788"",""rbp"":""0x778899aabbccddee"",""rbx"":""0xa1b2c3d4e5f60718"",""rcx"":""0x0000000000000003"",""rdi"":""data+4090"",""rdx"":""0x99aabbccddeeff00"",""rflags"":""0x0000000000010203"",""rip"":""code+0"",""rsi"":""source+256"",""rsp"":""stack+32768"",""trapno"":""0x000000000000000e""},""kernel_sigmask"":""0000000000000000"",""pages"":{""fill"":""11"",""page2_mapped"":true,""patches"":[],""size"":8192},""partial_write"":false,""si_code"":2,""signal"":11,""six_flags"":{""AF"":0,""CF"":1,""OF"":0,""PF"":0,""SF"":0,""ZF"":0},""trap"":14,""uc_flags"":7,""uc_link"":""0x0000000000000000"",""uc_stack"":{""flags"":0,""size"":65536,""sp"":""altstack+0""}}]","{""fill"":""11"",""page2_mapped"":true,""patches"":[],""size"":8192}","[{""address"":""data+4096"",""error"":7,""execution_phase"":1,""fpstate_size"":2436,""gregs"":{""cr2"":""data+4096"",""csgsfs"":""0x002b000000000033"",""err"":""0x0000000000000007"",""oldmask"":""0x0000000000000000"",""r10"":""0x1010101010101010"",""r11"":""0x1212121212121212"",""r12"":""0x1313131313131313"",""r13"":""0x1414141414141414"",""r14"":""0x1515151515151515"",""r15"":""0x1616161616161616"",""r8"":""0x0808080808080808"",""r9"":""0x0909090909090909"",""rax"":""0x1122334455667788"",""rbp"":""0x778899aabbccddee"",""rbx"":""0xa1b2c3d4e5f60718"",""rcx"":""0x0000000000000003"",""rdi"":""data+4090"",""rdx"":""0x99aabbccddeeff00"",""rflags"":""0x0000000000010203"",""rip"":""code+0"",""rsi"":""source+256"",""rsp"":""stack+32768"",""trapno"":""0x000000000000000e""},""kernel_sigmask"":""0000000000000000"",""pages"":{""fill"":""11"",""page2_mapped"":true,""patches"":[],""size"":8192},""partial_write"":false,""si_code"":2,""signal"":11,""six_flags"":{""AF"":0,""CF"":1,""OF"":0,""PF"":0,""SF"":0,""ZF"":0},""trap"":14,""uc_flags"":7,""uc_link"":""0x0000000000000000"",""uc_stack"":{""flags"":0,""size"":65536,""sp"":""altstack+0""}}]","0x3c across full destination footprint after mapping/protection repair, before sigreturn","{""fill"":""11"",""page2_mapped"":true,""patches"":[[4090,""54433222""],[4095,""00efdd""]],""size"":8192}","{""r10"":""0x1010101010101010"",""r11"":""0x1212121212121212"",""r12"":""0x1313131313131313"",""r13"":""0x1414141414141414"",""r14"":""0x1515151515151515"",""r15"":""0x1616161616161616"",""r8"":""0x0808080808080808"",""r9"":""0x0909090909090909"",""rax"":""0x1122334455667788"",""rbp"":""0x778899aabbccddee"",""rbx"":""0x3c3c3c3c3c3c3c3c"",""rcx"":""0x0000000000000003"",""rdi"":""data+4090"",""rdx"":""0x99aabbccddeeff00"",""rflags"":""0x0000000000000292"",""rsi"":""source+256"",""rsp"":""stack+32768""}","{""AF"":1,""CF"":0,""OF"":0,""PF"":0,""SF"":1,""ZF"":0}",False,rmw.run1.jsonl.gz: matching form/layout/cross_offset/continuation
A,page_and_cacheline_cross,measured,True,True,xadd_reg_64_lock,64,cross_rw_ro,7,4089,f0480fc11f,"[{""address"":""data+4096"",""error"":7,""execution_phase"":1,""fpstate_size"":2436,""gregs"":{""cr2"":""data+4096"",""csgsfs"":""0x002b000000000033"",""err"":""0x0000000000000007"",""oldmask"":""0x0000000000000000"",""r10"":""0x1010101010101010"",""r11"":""0x1212121212121212"",""r12"":""0x1313131313131313"",""r13"":""0x1414141414141414"",""r14"":""0x1515151515151515"",""r15"":""0x1616161616161616"",""r8"":""0x0808080808080808"",""r9"":""0x0909090909090909"",""rax"":""0x1122334455667788"",""rbp"":""0x778899aabbccddee"",""rbx"":""0xa1b2c3d4e5f60718"",""rcx"":""0x0000000000000003"",""rdi"":""data+4089"",""rdx"":""0x99aabbccddeeff00"",""rflags"":""0x0000000000010203"",""rip"":""code+0"",""rsi"":""source+256"",""rsp"":""stack+32768"",""trapno"":""0x000000000000000e""},""kernel_sigmask"":""0000000000000000"",""pages"":{""fill"":""11"",""page2_mapped"":true,""patches"":[],""size"":8192},""partial_write"":false,""si_code"":2,""signal"":11,""six_flags"":{""AF"":0,""CF"":1,""OF"":0,""PF"":0,""SF"":0,""ZF"":0},""trap"":14,""uc_flags"":7,""uc_link"":""0x0000000000000000"",""uc_stack"":{""flags"":0,""size"":65536,""sp"":""altstack+0""}}]","{""fill"":""11"",""page2_mapped"":true,""patches"":[],""size"":8192}","[{""address"":""data+4096"",""error"":7,""execution_phase"":1,""fpstate_size"":2436,""gregs"":{""cr2"":""data+4096"",""csgsfs"":""0x002b000000000033"",""err"":""0x0000000000000007"",""oldmask"":""0x0000000000000000"",""r10"":""0x1010101010101010"",""r11"":""0x1212121212121212"",""r12"":""0x1313131313131313"",""r13"":""0x1414141414141414"",""r14"":""0x1515151515151515"",""r15"":""0x1616161616161616"",""r8"":""0x0808080808080808"",""r9"":""0x0909090909090909"",""rax"":""0x1122334455667788"",""rbp"":""0x778899aabbccddee"",""rbx"":""0xa1b2c3d4e5f60718"",""rcx"":""0x0000000000000003"",""rdi"":""data+4089"",""rdx"":""0x99aabbccddeeff00"",""rflags"":""0x0000000000010203"",""rip"":""code+0"",""rsi"":""source+256"",""rsp"":""stack+32768"",""trapno"":""0x000000000000000e""},""kernel_sigmask"":""0000000000000000"",""pages"":{""fill"":""11"",""page2_mapped"":true,""patches"":[],""size"":8192},""partial_write"":false,""si_code"":2,""signal"":11,""six_flags"":{""AF"":0,""CF"":1,""OF"":0,""PF"":0,""SF"":0,""ZF"":0},""trap"":14,""uc_flags"":7,""uc_link"":""0x0000000000000000"",""uc_stack"":{""flags"":0,""size"":65536,""sp"":""altstack+0""}}]","0x3c across full destination footprint after mapping/protection repair, before sigreturn","{""fill"":""11"",""page2_mapped"":true,""patches"":[[4089,""54433222""],[4094,""00efdd""]],""size"":8192}","{""r10"":""0x1010101010101010"",""r11"":""0x1212121212121212"",""r12"":""0x1313131313131313"",""r13"":""0x1414141414141414"",""r14"":""0x1515151515151515"",""r15"":""0x1616161616161616"",""r8"":""0x0808080808080808"",""r9"":""0x0909090909090909"",""rax"":""0x1122334455667788"",""rbp"":""0x778899aabbccddee"",""rbx"":""0x3c3c3c3c3c3c3c3c"",""rcx"":""0x0000000000000003"",""rdi"":""data+4089"",""rdx"":""0x99aabbccddeeff00"",""rflags"":""0x0000000000000292"",""rsi"":""source+256"",""rsp"":""stack+32768""}","{""AF"":1,""CF"":0,""OF"":0,""PF"":0,""SF"":1,""ZF"":0}",False,rmw.run1.jsonl.gz: matching form/layout/cross_offset/continuation
A,page_and_cacheline_cross,measured,True,True,xadd_reg_64_lock,64,cross_ro_rw,1,4095,f0480fc11f,"[{""address"":""data+4095"",""error"":7,""execution_phase"":1,""fpstate_size"":2436,""gregs"":{""cr2"":""data+4095"",""csgsfs"":""0x002b000000000033"",""err"":""0x0000000000000007"",""oldmask"":""0x0000000000000000"",""r10"":""0x1010101010101010"",""r11"":""0x1212121212121212"",""r12"":""0x1313131313131313"",""r13"":""0x1414141414141414"",""r14"":""0x1515151515151515"",""r15"":""0x1616161616161616"",""r8"":""0x0808080808080808"",""r9"":""0x0909090909090909"",""rax"":""0x1122334455667788"",""rbp"":""0x778899aabbccddee"",""rbx"":""0xa1b2c3d4e5f60718"",""rcx"":""0x0000000000000003"",""rdi"":""data+4095"",""rdx"":""0x99aabbccddeeff00"",""rflags"":""0x0000000000010203"",""rip"":""code+0"",""rsi"":""source+256"",""rsp"":""stack+32768"",""trapno"":""0x000000000000000e""},""kernel_sigmask"":""0000000000000000"",""pages"":{""fill"":""11"",""page2_mapped"":true,""patches"":[],""size"":8192},""partial_write"":false,""si_code"":2,""signal"":11,""six_flags"":{""AF"":0,""CF"":1,""OF"":0,""PF"":0,""SF"":0,""ZF"":0},""trap"":14,""uc_flags"":7,""uc_link"":""0x0000000000000000"",""uc_stack"":{""flags"":0,""size"":65536,""sp"":""altstack+0""}}]","{""fill"":""11"",""page2_mapped"":true,""patches"":[],""size"":8192}","[{""address"":""data+4095"",""error"":7,""execution_phase"":1,""fpstate_size"":2436,""gregs"":{""cr2"":""data+4095"",""csgsfs"":""0x002b000000000033"",""err"":""0x0000000000000007"",""oldmask"":""0x0000000000000000"",""r10"":""0x1010101010101010"",""r11"":""0x1212121212121212"",""r12"":""0x1313131313131313"",""r13"":""0x1414141414141414"",""r14"":""0x1515151515151515"",""r15"":""0x1616161616161616"",""r8"":""0x0808080808080808"",""r9"":""0x0909090909090909"",""rax"":""0x1122334455667788"",""rbp"":""0x778899aabbccddee"",""rbx"":""0xa1b2c3d4e5f60718"",""rcx"":""0x0000000000000003"",""rdi"":""data+4095"",""rdx"":""0x99aabbccddeeff00"",""rflags"":""0x0000000000010203"",""rip"":""code+0"",""rsi"":""source+256"",""rsp"":""stack+32768"",""trapno"":""0x000000000000000e""},""kernel_sigmask"":""0000000000000000"",""pages"":{""fill"":""11"",""page2_mapped"":true,""patches"":[],""size"":8192},""partial_write"":false,""si_code"":2,""signal"":11,""six_flags"":{""AF"":0,""CF"":1,""OF"":0,""PF"":0,""SF"":0,""ZF"":0},""trap"":14,""uc_flags"":7,""uc_link"":""0x0000000000000000"",""uc_stack"":{""flags"":0,""size"":65536,""sp"":""altstack+0""}}]","0x3c across full destination footprint after mapping/protection repair, before sigreturn","{""fill"":""11"",""page2_mapped"":true,""patches"":[[4095,""54433222""],[4100,""00efdd""]],""size"":8192}","{""r10"":""0x1010101010101010"",""r11"":""0x1212121212121212"",""r12"":""0x1313131313131313"",""r13"":""0x1414141414141414"",""r14"":""0x1515151515151515"",""r15"":""0x1616161616161616"",""r8"":""0x0808080808080808"",""r9"":""0x0909090909090909"",""rax"":""0x1122334455667788"",""rbp"":""0x778899aabbccddee"",""rbx"":""0x3c3c3c3c3c3c3c3c"",""rcx"":""0x0000000000000003"",""rdi"":""data+4095"",""rdx"":""0x99aabbccddeeff00"",""rflags"":""0x0000000000000292"",""rsi"":""source+256"",""rsp"":""stack+32768""}","{""AF"":1,""CF"":0,""OF"":0,""PF"":0,""SF"":1,""ZF"":0}",False,rmw.run1.jsonl.gz: matching form/layout/cross_offset/continuation
A,page_and_cacheline_cross,measured,True,True,xadd_reg_64_lock,64,cross_ro_rw,2,4094,f0480fc11f,"[{""address"":""data+4094"",""error"":7,""execution_phase"":1,""fpstate_size"":2436,""gregs"":{""cr2"":""data+4094"",""csgsfs"":""0x002b000000000033"",""err"":""0x0000000000000007"",""oldmask"":""0x0000000000000000"",""r10"":""0x1010101010101010"",""r11"":""0x1212121212121212"",""r12"":""0x1313131313131313"",""r13"":""0x1414141414141414"",""r14"":""0x1515151515151515"",""r15"":""0x1616161616161616"",""r8"":""0x0808080808080808"",""r9"":""0x0909090909090909"",""rax"":""0x1122334455667788"",""rbp"":""0x778899aabbccddee"",""rbx"":""0xa1b2c3d4e5f60718"",""rcx"":""0x0000000000000003"",""rdi"":""data+4094"",""rdx"":""0x99aabbccddeeff00"",""rflags"":""0x0000000000010203"",""rip"":""code+0"",""rsi"":""source+256"",""rsp"":""stack+32768"",""trapno"":""0x000000000000000e""},""kernel_sigmask"":""0000000000000000"",""pages"":{""fill"":""11"",""page2_mapped"":true,""patches"":[],""size"":8192},""partial_write"":false,""si_code"":2,""signal"":11,""six_flags"":{""AF"":0,""CF"":1,""OF"":0,""PF"":0,""SF"":0,""ZF"":0},""trap"":14,""uc_flags"":7,""uc_link"":""0x0000000000000000"",""uc_stack"":{""flags"":0,""size"":65536,""sp"":""altstack+0""}}]","{""fill"":""11"",""page2_mapped"":true,""patches"":[],""size"":8192}","[{""address"":""data+4094"",""error"":7,""execution_phase"":1,""fpstate_size"":2436,""gregs"":{""cr2"":""data+4094"",""csgsfs"":""0x002b000000000033"",""err"":""0x0000000000000007"",""oldmask"":""0x0000000000000000"",""r10"":""0x1010101010101010"",""r11"":""0x1212121212121212"",""r12"":""0x1313131313131313"",""r13"":""0x1414141414141414"",""r14"":""0x1515151515151515"",""r15"":""0x1616161616161616"",""r8"":""0x0808080808080808"",""r9"":""0x0909090909090909"",""rax"":""0x1122334455667788"",""rbp"":""0x778899aabbccddee"",""rbx"":""0xa1b2c3d4e5f60718"",""rcx"":""0x0000000000000003"",""rdi"":""data+4094"",""rdx"":""0x99aabbccddeeff00"",""rflags"":""0x0000000000010203"",""rip"":""code+0"",""rsi"":""source+256"",""rsp"":""stack+32768"",""trapno"":""0x000000000000000e""},""kernel_sigmask"":""0000000000000000"",""pages"":{""fill"":""11"",""page2_mapped"":true,""patches"":[],""size"":8192},""partial_write"":false,""si_code"":2,""signal"":11,""six_flags"":{""AF"":0,""CF"":1,""OF"":0,""PF"":0,""SF"":0,""ZF"":0},""trap"":14,""uc_flags"":7,""uc_link"":""0x0000000000000000"",""uc_stack"":{""flags"":0,""size"":65536,""sp"":""altstack+0""}}]","0x3c across full destination footprint after mapping/protection repair, before sigreturn","{""fill"":""11"",""page2_mapped"":true,""patches"":[[4094,""54433222""],[4099,""00efdd""]],""size"":8192}","{""r10"":""0x1010101010101010"",""r11"":""0x1212121212121212"",""r12"":""0x1313131313131313"",""r13"":""0x1414141414141414"",""r14"":""0x1515151515151515"",""r15"":""0x1616161616161616"",""r8"":""0x0808080808080808"",""r9"":""0x0909090909090909"",""rax"":""0x1122334455667788"",""rbp"":""0x778899aabbccddee"",""rbx"":""0x3c3c3c3c3c3c3c3c"",""rcx"":""0x0000000000000003"",""rdi"":""data+4094"",""rdx"":""0x99aabbccddeeff00"",""rflags"":""0x0000000000000292"",""rsi"":""source+256"",""rsp"":""stack+32768""}","{""AF"":1,""CF"":0,""OF"":0,""PF"":0,""SF"":1,""ZF"":0}",False,rmw.run1.jsonl.gz: matching form/layout/cross_offset/continuation
A,page_and_cacheline_cross,measured,True,True,xadd_reg_64_lock,64,cross_ro_rw,3,4093,f0480fc11f,"[{""address"":""data+4093"",""error"":7,""execution_phase"":1,""fpstate_size"":2436,""gregs"":{""cr2"":""data+4093"",""csgsfs"":""0x002b000000000033"",""err"":""0x0000000000000007"",""oldmask"":""0x0000000000000000"",""r10"":""0x1010101010101010"",""r11"":""0x1212121212121212"",""r12"":""0x1313131313131313"",""r13"":""0x1414141414141414"",""r14"":""0x1515151515151515"",""r15"":""0x1616161616161616"",""r8"":""0x0808080808080808"",""r9"":""0x0909090909090909"",""rax"":""0x1122334455667788"",""rbp"":""0x778899aabbccddee"",""rbx"":""0xa1b2c3d4e5f60718"",""rcx"":""0x0000000000000003"",""rdi"":""data+4093"",""rdx"":""0x99aabbccddeeff00"",""rflags"":""0x0000000000010203"",""rip"":""code+0"",""rsi"":""source+256"",""rsp"":""stack+32768"",""trapno"":""0x000000000000000e""},""kernel_sigmask"":""0000000000000000"",""pages"":{""fill"":""11"",""page2_mapped"":true,""patches"":[],""size"":8192},""partial_write"":false,""si_code"":2,""signal"":11,""six_flags"":{""AF"":0,""CF"":1,""OF"":0,""PF"":0,""SF"":0,""ZF"":0},""trap"":14,""uc_flags"":7,""uc_link"":""0x0000000000000000"",""uc_stack"":{""flags"":0,""size"":65536,""sp"":""altstack+0""}}]","{""fill"":""11"",""page2_mapped"":true,""patches"":[],""size"":8192}","[{""address"":""data+4093"",""error"":7,""execution_phase"":1,""fpstate_size"":2436,""gregs"":{""cr2"":""data+4093"",""csgsfs"":""0x002b000000000033"",""err"":""0x0000000000000007"",""oldmask"":""0x0000000000000000"",""r10"":""0x1010101010101010"",""r11"":""0x1212121212121212"",""r12"":""0x1313131313131313"",""r13"":""0x1414141414141414"",""r14"":""0x1515151515151515"",""r15"":""0x1616161616161616"",""r8"":""0x0808080808080808"",""r9"":""0x0909090909090909"",""rax"":""0x1122334455667788"",""rbp"":""0x778899aabbccddee"",""rbx"":""0xa1b2c3d4e5f60718"",""rcx"":""0x0000000000000003"",""rdi"":""data+4093"",""rdx"":""0x99aabbccddeeff00"",""rflags"":""0x0000000000010203"",""rip"":""code+0"",""rsi"":""source+256"",""rsp"":""stack+32768"",""trapno"":""0x000000000000000e""},""kernel_sigmask"":""0000000000000000"",""pages"":{""fill"":""11"",""page2_mapped"":true,""patches"":[],""size"":8192},""partial_write"":false,""si_code"":2,""signal"":11,""six_flags"":{""AF"":0,""CF"":1,""OF"":0,""PF"":0,""SF"":0,""ZF"":0},""trap"":14,""uc_flags"":7,""uc_link"":""0x0000000000000000"",""uc_stack"":{""flags"":0,""size"":65536,""sp"":""altstack+0""}}]","0x3c across full destination footprint after mapping/protection repair, before sigreturn","{""fill"":""11"",""page2_mapped"":true,""patches"":[[4093,""54433222""],[4098,""00efdd""]],""size"":8192}","{""r10"":""0x1010101010101010"",""r11"":""0x1212121212121212"",""r12"":""0x1313131313131313"",""r13"":""0x1414141414141414"",""r14"":""0x1515151515151515"",""r15"":""0x1616161616161616"",""r8"":""0x0808080808080808"",""r9"":""0x0909090909090909"",""rax"":""0x1122334455667788"",""rbp"":""0x778899aabbccddee"",""rbx"":""0x3c3c3c3c3c3c3c3c"",""rcx"":""0x0000000000000003"",""rdi"":""data+4093"",""rdx"":""0x99aabbccddeeff00"",""rflags"":""0x0000000000000292"",""rsi"":""source+256"",""rsp"":""stack+32768""}","{""AF"":1,""CF"":0,""OF"":0,""PF"":0,""SF"":1,""ZF"":0}",False,rmw.run1.jsonl.gz: matching form/layout/cross_offset/continuation
A,page_and_cacheline_cross,measured,True,True,xadd_reg_64_lock,64,cross_ro_rw,4,4092,f0480fc11f,"[{""address"":""data+4092"",""error"":7,""execution_phase"":1,""fpstate_size"":2436,""gregs"":{""cr2"":""data+4092"",""csgsfs"":""0x002b000000000033"",""err"":""0x0000000000000007"",""oldmask"":""0x0000000000000000"",""r10"":""0x1010101010101010"",""r11"":""0x1212121212121212"",""r12"":""0x1313131313131313"",""r13"":""0x1414141414141414"",""r14"":""0x1515151515151515"",""r15"":""0x1616161616161616"",""r8"":""0x0808080808080808"",""r9"":""0x0909090909090909"",""rax"":""0x1122334455667788"",""rbp"":""0x778899aabbccddee"",""rbx"":""0xa1b2c3d4e5f60718"",""rcx"":""0x0000000000000003"",""rdi"":""data+4092"",""rdx"":""0x99aabbccddeeff00"",""rflags"":""0x0000000000010203"",""rip"":""code+0"",""rsi"":""source+256"",""rsp"":""stack+32768"",""trapno"":""0x000000000000000e""},""kernel_sigmask"":""0000000000000000"",""pages"":{""fill"":""11"",""page2_mapped"":true,""patches"":[],""size"":8192},""partial_write"":false,""si_code"":2,""signal"":11,""six_flags"":{""AF"":0,""CF"":1,""OF"":0,""PF"":0,""SF"":0,""ZF"":0},""trap"":14,""uc_flags"":7,""uc_link"":""0x0000000000000000"",""uc_stack"":{""flags"":0,""size"":65536,""sp"":""altstack+0""}}]","{""fill"":""11"",""page2_mapped"":true,""patches"":[],""size"":8192}","[{""address"":""data+4092"",""error"":7,""execution_phase"":1,""fpstate_size"":2436,""gregs"":{""cr2"":""data+4092"",""csgsfs"":""0x002b000000000033"",""err"":""0x0000000000000007"",""oldmask"":""0x0000000000000000"",""r10"":""0x1010101010101010"",""r11"":""0x1212121212121212"",""r12"":""0x1313131313131313"",""r13"":""0x1414141414141414"",""r14"":""0x1515151515151515"",""r15"":""0x1616161616161616"",""r8"":""0x0808080808080808"",""r9"":""0x0909090909090909"",""rax"":""0x1122334455667788"",""rbp"":""0x778899aabbccddee"",""rbx"":""0xa1b2c3d4e5f60718"",""rcx"":""0x0000000000000003"",""rdi"":""data+4092"",""rdx"":""0x99aabbccddeeff00"",""rflags"":""0x0000000000010203"",""rip"":""code+0"",""rsi"":""source+256"",""rsp"":""stack+32768"",""trapno"":""0x000000000000000e""},""kernel_sigmask"":""0000000000000000"",""pages"":{""fill"":""11"",""page2_mapped"":true,""patches"":[],""size"":8192},""partial_write"":false,""si_code"":2,""signal"":11,""six_flags"":{""AF"":0,""CF"":1,""OF"":0,""PF"":0,""SF"":0,""ZF"":0},""trap"":14,""uc_flags"":7,""uc_link"":""0x0000000000000000"",""uc_stack"":{""flags"":0,""size"":65536,""sp"":""altstack+0""}}]","0x3c across full destination footprint after mapping/protection repair, before sigreturn","{""fill"":""11"",""page2_mapped"":true,""patches"":[[4092,""54433222""],[4097,""00efdd""]],""size"":8192}","{""r10"":""0x1010101010101010"",""r11"":""0x1212121212121212"",""r12"":""0x1313131313131313"",""r13"":""0x1414141414141414"",""r14"":""0x1515151515151515"",""r15"":""0x1616161616161616"",""r8"":""0x0808080808080808"",""r9"":""0x0909090909090909"",""rax"":""0x1122334455667788"",""rbp"":""0x778899aabbccddee"",""rbx"":""0x3c3c3c3c3c3c3c3c"",""rcx"":""0x0000000000000003"",""rdi"":""data+4092"",""rdx"":""0x99aabbccddeeff00"",""rflags"":""0x0000000000000292"",""rsi"":""source+256"",""rsp"":""stack+32768""}","{""AF"":1,""CF"":0,""OF"":0,""PF"":0,""SF"":1,""ZF"":0}",False,rmw.run1.jsonl.gz: matching form/layout/cross_offset/continuation
A,page_and_cacheline_cross,measured,True,True,xadd_reg_64_lock,64,cross_ro_rw,5,4091,f0480fc11f,"[{""address"":""data+4091"",""error"":7,""execution_phase"":1,""fpstate_size"":2436,""gregs"":{""cr2"":""data+4091"",""csgsfs"":""0x002b000000000033"",""err"":""0x0000000000000007"",""oldmask"":""0x0000000000000000"",""r10"":""0x1010101010101010"",""r11"":""0x1212121212121212"",""r12"":""0x1313131313131313"",""r13"":""0x1414141414141414"",""r14"":""0x1515151515151515"",""r15"":""0x1616161616161616"",""r8"":""0x0808080808080808"",""r9"":""0x0909090909090909"",""rax"":""0x1122334455667788"",""rbp"":""0x778899aabbccddee"",""rbx"":""0xa1b2c3d4e5f60718"",""rcx"":""0x0000000000000003"",""rdi"":""data+4091"",""rdx"":""0x99aabbccddeeff00"",""rflags"":""0x0000000000010203"",""rip"":""code+0"",""rsi"":""source+256"",""rsp"":""stack+32768"",""trapno"":""0x000000000000000e""},""kernel_sigmask"":""0000000000000000"",""pages"":{""fill"":""11"",""page2_mapped"":true,""patches"":[],""size"":8192},""partial_write"":false,""si_code"":2,""signal"":11,""six_flags"":{""AF"":0,""CF"":1,""OF"":0,""PF"":0,""SF"":0,""ZF"":0},""trap"":14,""uc_flags"":7,""uc_link"":""0x0000000000000000"",""uc_stack"":{""flags"":0,""size"":65536,""sp"":""altstack+0""}}]","{""fill"":""11"",""page2_mapped"":true,""patches"":[],""size"":8192}","[{""address"":""data+4091"",""error"":7,""execution_phase"":1,""fpstate_size"":2436,""gregs"":{""cr2"":""data+4091"",""csgsfs"":""0x002b000000000033"",""err"":""0x0000000000000007"",""oldmask"":""0x0000000000000000"",""r10"":""0x1010101010101010"",""r11"":""0x1212121212121212"",""r12"":""0x1313131313131313"",""r13"":""0x1414141414141414"",""r14"":""0x1515151515151515"",""r15"":""0x1616161616161616"",""r8"":""0x0808080808080808"",""r9"":""0x0909090909090909"",""rax"":""0x1122334455667788"",""rbp"":""0x778899aabbccddee"",""rbx"":""0xa1b2c3d4e5f60718"",""rcx"":""0x0000000000000003"",""rdi"":""data+4091"",""rdx"":""0x99aabbccddeeff00"",""rflags"":""0x0000000000010203"",""rip"":""code+0"",""rsi"":""source+256"",""rsp"":""stack+32768"",""trapno"":""0x000000000000000e""},""kernel_sigmask"":""0000000000000000"",""pages"":{""fill"":""11"",""page2_mapped"":true,""patches"":[],""size"":8192},""partial_write"":false,""si_code"":2,""signal"":11,""six_flags"":{""AF"":0,""CF"":1,""OF"":0,""PF"":0,""SF"":0,""ZF"":0},""trap"":14,""uc_flags"":7,""uc_link"":""0x0000000000000000"",""uc_stack"":{""flags"":0,""size"":65536,""sp"":""altstack+0""}}]","0x3c across full destination footprint after mapping/protection repair, before sigreturn","{""fill"":""11"",""page2_mapped"":true,""patches"":[[4091,""54433222""],[4096,""00efdd""]],""size"":8192}","{""r10"":""0x1010101010101010"",""r11"":""0x1212121212121212"",""r12"":""0x1313131313131313"",""r13"":""0x1414141414141414"",""r14"":""0x1515151515151515"",""r15"":""0x1616161616161616"",""r8"":""0x0808080808080808"",""r9"":""0x0909090909090909"",""rax"":""0x1122334455667788"",""rbp"":""0x778899aabbccddee"",""rbx"":""0x3c3c3c3c3c3c3c3c"",""rcx"":""0x0000000000000003"",""rdi"":""data+4091"",""rdx"":""0x99aabbccddeeff00"",""rflags"":""0x0000000000000292"",""rsi"":""source+256"",""rsp"":""stack+32768""}","{""AF"":1,""CF"":0,""OF"":0,""PF"":0,""SF"":1,""ZF"":0}",False,rmw.run1.jsonl.gz: matching form/layout/cross_offset/continuation
A,page_and_cacheline_cross,measured,True,True,xadd_reg_64_lock,64,cross_ro_rw,6,4090,f0480fc11f,"[{""address"":""data+4090"",""error"":7,""execution_phase"":1,""fpstate_size"":2436,""gregs"":{""cr2"":""data+4090"",""csgsfs"":""0x002b000000000033"",""err"":""0x0000000000000007"",""oldmask"":""0x0000000000000000"",""r10"":""0x1010101010101010"",""r11"":""0x1212121212121212"",""r12"":""0x1313131313131313"",""r13"":""0x1414141414141414"",""r14"":""0x1515151515151515"",""r15"":""0x1616161616161616"",""r8"":""0x0808080808080808"",""r9"":""0x0909090909090909"",""rax"":""0x1122334455667788"",""rbp"":""0x778899aabbccddee"",""rbx"":""0xa1b2c3d4e5f60718"",""rcx"":""0x0000000000000003"",""rdi"":""data+4090"",""rdx"":""0x99aabbccddeeff00"",""rflags"":""0x0000000000010203"",""rip"":""code+0"",""rsi"":""source+256"",""rsp"":""stack+32768"",""trapno"":""0x000000000000000e""},""kernel_sigmask"":""0000000000000000"",""pages"":{""fill"":""11"",""page2_mapped"":true,""patches"":[],""size"":8192},""partial_write"":false,""si_code"":2,""signal"":11,""six_flags"":{""AF"":0,""CF"":1,""OF"":0,""PF"":0,""SF"":0,""ZF"":0},""trap"":14,""uc_flags"":7,""uc_link"":""0x0000000000000000"",""uc_stack"":{""flags"":0,""size"":65536,""sp"":""altstack+0""}}]","{""fill"":""11"",""page2_mapped"":true,""patches"":[],""size"":8192}","[{""address"":""data+4090"",""error"":7,""execution_phase"":1,""fpstate_size"":2436,""gregs"":{""cr2"":""data+4090"",""csgsfs"":""0x002b000000000033"",""err"":""0x0000000000000007"",""oldmask"":""0x0000000000000000"",""r10"":""0x1010101010101010"",""r11"":""0x1212121212121212"",""r12"":""0x1313131313131313"",""r13"":""0x1414141414141414"",""r14"":""0x1515151515151515"",""r15"":""0x1616161616161616"",""r8"":""0x0808080808080808"",""r9"":""0x0909090909090909"",""rax"":""0x1122334455667788"",""rbp"":""0x778899aabbccddee"",""rbx"":""0xa1b2c3d4e5f60718"",""rcx"":""0x0000000000000003"",""rdi"":""data+4090"",""rdx"":""0x99aabbccddeeff00"",""rflags"":""0x0000000000010203"",""rip"":""code+0"",""rsi"":""source+256"",""rsp"":""stack+32768"",""trapno"":""0x000000000000000e""},""kernel_sigmask"":""0000000000000000"",""pages"":{""fill"":""11"",""page2_mapped"":true,""patches"":[],""size"":8192},""partial_write"":false,""si_code"":2,""signal"":11,""six_flags"":{""AF"":0,""CF"":1,""OF"":0,""PF"":0,""SF"":0,""ZF"":0},""trap"":14,""uc_flags"":7,""uc_link"":""0x0000000000000000"",""uc_stack"":{""flags"":0,""size"":65536,""sp"":""altstack+0""}}]","0x3c across full destination footprint after mapping/protection repair, before sigreturn","{""fill"":""11"",""page2_mapped"":true,""patches"":[[4090,""54433222""],[4095,""00efdd""]],""size"":8192}","{""r10"":""0x1010101010101010"",""r11"":""0x1212121212121212"",""r12"":""0x1313131313131313"",""r13"":""0x1414141414141414"",""r14"":""0x1515151515151515"",""r15"":""0x1616161616161616"",""r8"":""0x0808080808080808"",""r9"":""0x0909090909090909"",""rax"":""0x1122334455667788"",""rbp"":""0x778899aabbccddee"",""rbx"":""0x3c3c3c3c3c3c3c3c"",""rcx"":""0x0000000000000003"",""rdi"":""data+4090"",""rdx"":""0x99aabbccddeeff00"",""rflags"":""0x0000000000000292"",""rsi"":""source+256"",""rsp"":""stack+32768""}","{""AF"":1,""CF"":0,""OF"":0,""PF"":0,""SF"":1,""ZF"":0}",False,rmw.run1.jsonl.gz: matching form/layout/cross_offset/continuation
A,page_and_cacheline_cross,measured,True,True,xadd_reg_64_lock,64,cross_ro_rw,7,4089,f0480fc11f,"[{""address"":""data+4089"",""error"":7,""execution_phase"":1,""fpstate_size"":2436,""gregs"":{""cr2"":""data+4089"",""csgsfs"":""0x002b000000000033"",""err"":""0x0000000000000007"",""oldmask"":""0x0000000000000000"",""r10"":""0x1010101010101010"",""r11"":""0x1212121212121212"",""r12"":""0x1313131313131313"",""r13"":""0x1414141414141414"",""r14"":""0x1515151515151515"",""r15"":""0x1616161616161616"",""r8"":""0x0808080808080808"",""r9"":""0x0909090909090909"",""rax"":""0x1122334455667788"",""rbp"":""0x778899aabbccddee"",""rbx"":""0xa1b2c3d4e5f60718"",""rcx"":""0x0000000000000003"",""rdi"":""data+4089"",""rdx"":""0x99aabbccddeeff00"",""rflags"":""0x0000000000010203"",""rip"":""code+0"",""rsi"":""source+256"",""rsp"":""stack+32768"",""trapno"":""0x000000000000000e""},""kernel_sigmask"":""0000000000000000"",""pages"":{""fill"":""11"",""page2_mapped"":true,""patches"":[],""size"":8192},""partial_write"":false,""si_code"":2,""signal"":11,""six_flags"":{""AF"":0,""CF"":1,""OF"":0,""PF"":0,""SF"":0,""ZF"":0},""trap"":14,""uc_flags"":7,""uc_link"":""0x0000000000000000"",""uc_stack"":{""flags"":0,""size"":65536,""sp"":""altstack+0""}}]","{""fill"":""11"",""page2_mapped"":true,""patches"":[],""size"":8192}","[{""address"":""data+4089"",""error"":7,""execution_phase"":1,""fpstate_size"":2436,""gregs"":{""cr2"":""data+4089"",""csgsfs"":""0x002b000000000033"",""err"":""0x0000000000000007"",""oldmask"":""0x0000000000000000"",""r10"":""0x1010101010101010"",""r11"":""0x1212121212121212"",""r12"":""0x1313131313131313"",""r13"":""0x1414141414141414"",""r14"":""0x1515151515151515"",""r15"":""0x1616161616161616"",""r8"":""0x0808080808080808"",""r9"":""0x0909090909090909"",""rax"":""0x1122334455667788"",""rbp"":""0x778899aabbccddee"",""rbx"":""0xa1b2c3d4e5f60718"",""rcx"":""0x0000000000000003"",""rdi"":""data+4089"",""rdx"":""0x99aabbccddeeff00"",""rflags"":""0x0000000000010203"",""rip"":""code+0"",""rsi"":""source+256"",""rsp"":""stack+32768"",""trapno"":""0x000000000000000e""},""kernel_sigmask"":""0000000000000000"",""pages"":{""fill"":""11"",""page2_mapped"":true,""patches"":[],""size"":8192},""partial_write"":false,""si_code"":2,""signal"":11,""six_flags"":{""AF"":0,""CF"":1,""OF"":0,""PF"":0,""SF"":0,""ZF"":0},""trap"":14,""uc_flags"":7,""uc_link"":""0x0000000000000000"",""uc_stack"":{""flags"":0,""size"":65536,""sp"":""altstack+0""}}]","0x3c across full destination footprint after mapping/protection repair, before sigreturn","{""fill"":""11"",""page2_mapped"":true,""patches"":[[4089,""54433222""],[4094,""00efdd""]],""size"":8192}","{""r10"":""0x1010101010101010"",""r11"":""0x1212121212121212"",""r12"":""0x1313131313131313"",""r13"":""0x1414141414141414"",""r14"":""0x1515151515151515"",""r15"":""0x1616161616161616"",""r8"":""0x0808080808080808"",""r9"":""0x0909090909090909"",""rax"":""0x1122334455667788"",""rbp"":""0x778899aabbccddee"",""rbx"":""0x3c3c3c3c3c3c3c3c"",""rcx"":""0x0000000000000003"",""rdi"":""data+4089"",""rdx"":""0x99aabbccddeeff00"",""rflags"":""0x0000000000000292"",""rsi"":""source+256"",""rsp"":""stack+32768""}","{""AF"":1,""CF"":0,""OF"":0,""PF"":0,""SF"":1,""ZF"":0}",False,rmw.run1.jsonl.gz: matching form/layout/cross_offset/continuation
A,page_and_cacheline_cross,measured,True,True,cmpxchg_mismatch_16_lock,16,cross_rw_ro,1,4095,66f00fb11f,"[{""address"":""data+4096"",""error"":7,""execution_phase"":1,""fpstate_size"":2436,""gregs"":{""cr2"":""data+4096"",""csgsfs"":""0x002b000000000033"",""err"":""0x0000000000000007"",""oldmask"":""0x0000000000000000"",""r10"":""0x1010101010101010"",""r11"":""0x1212121212121212"",""r12"":""0x1313131313131313"",""r13"":""0x1414141414141414"",""r14"":""0x1515151515151515"",""r15"":""0x1616161616161616"",""r8"":""0x0808080808080808"",""r9"":""0x0909090909090909"",""rax"":""0x1122334455667788"",""rbp"":""0x778899aabbccddee"",""rbx"":""0xa1b2c3d4e5f60718"",""rcx"":""0x0000000000000003"",""rdi"":""data+4095"",""rdx"":""0x99aabbccddeeff00"",""rflags"":""0x0000000000010203"",""rip"":""code+0"",""rsi"":""source+256"",""rsp"":""stack+32768"",""trapno"":""0x000000000000000e""},""kernel_sigmask"":""0000000000000000"",""pages"":{""fill"":""11"",""page2_mapped"":true,""patches"":[],""size"":8192},""partial_write"":false,""si_code"":2,""signal"":11,""six_flags"":{""AF"":0,""CF"":1,""OF"":0,""PF"":0,""SF"":0,""ZF"":0},""trap"":14,""uc_flags"":7,""uc_link"":""0x0000000000000000"",""uc_stack"":{""flags"":0,""size"":65536,""sp"":""altstack+0""}}]","{""fill"":""11"",""page2_mapped"":true,""patches"":[],""size"":8192}","[{""address"":""data+4096"",""error"":7,""execution_phase"":1,""fpstate_size"":2436,""gregs"":{""cr2"":""data+4096"",""csgsfs"":""0x002b000000000033"",""err"":""0x0000000000000007"",""oldmask"":""0x0000000000000000"",""r10"":""0x1010101010101010"",""r11"":""0x1212121212121212"",""r12"":""0x1313131313131313"",""r13"":""0x1414141414141414"",""r14"":""0x1515151515151515"",""r15"":""0x1616161616161616"",""r8"":""0x0808080808080808"",""r9"":""0x0909090909090909"",""rax"":""0x1122334455667788"",""rbp"":""0x778899aabbccddee"",""rbx"":""0xa1b2c3d4e5f60718"",""rcx"":""0x0000000000000003"",""rdi"":""data+4095"",""rdx"":""0x99aabbccddeeff00"",""rflags"":""0x0000000000010203"",""rip"":""code+0"",""rsi"":""source+256"",""rsp"":""stack+32768"",""trapno"":""0x000000000000000e""},""kernel_sigmask"":""0000000000000000"",""pages"":{""fill"":""11"",""page2_mapped"":true,""patches"":[],""size"":8192},""partial_write"":false,""si_code"":2,""signal"":11,""six_flags"":{""AF"":0,""CF"":1,""OF"":0,""PF"":0,""SF"":0,""ZF"":0},""trap"":14,""uc_flags"":7,""uc_link"":""0x0000000000000000"",""uc_stack"":{""flags"":0,""size"":65536,""sp"":""altstack+0""}}]","0x3c across full destination footprint after mapping/protection repair, before sigreturn","{""fill"":""11"",""page2_mapped"":true,""patches"":[[4095,""3c3c""]],""size"":8192}","{""r10"":""0x1010101010101010"",""r11"":""0x1212121212121212"",""r12"":""0x1313131313131313"",""r13"":""0x1414141414141414"",""r14"":""0x1515151515151515"",""r15"":""0x1616161616161616"",""r8"":""0x0808080808080808"",""r9"":""0x0909090909090909"",""rax"":""0x1122334455663c3c"",""rbp"":""0x778899aabbccddee"",""rbx"":""0xa1b2c3d4e5f60718"",""rcx"":""0x0000000000000003"",""rdi"":""data+4095"",""rdx"":""0x99aabbccddeeff00"",""rflags"":""0x0000000000000212"",""rsi"":""source+256"",""rsp"":""stack+32768""}","{""AF"":1,""CF"":0,""OF"":0,""PF"":0,""SF"":0,""ZF"":0}",False,rmw.run1.jsonl.gz: matching form/layout/cross_offset/continuation
A,page_and_cacheline_cross,measured,True,True,cmpxchg_mismatch_16_lock,16,cross_ro_rw,1,4095,66f00fb11f,"[{""address"":""data+4095"",""error"":7,""execution_phase"":1,""fpstate_size"":2436,""gregs"":{""cr2"":""data+4095"",""csgsfs"":""0x002b000000000033"",""err"":""0x0000000000000007"",""oldmask"":""0x0000000000000000"",""r10"":""0x1010101010101010"",""r11"":""0x1212121212121212"",""r12"":""0x1313131313131313"",""r13"":""0x1414141414141414"",""r14"":""0x1515151515151515"",""r15"":""0x1616161616161616"",""r8"":""0x0808080808080808"",""r9"":""0x0909090909090909"",""rax"":""0x1122334455667788"",""rbp"":""0x778899aabbccddee"",""rbx"":""0xa1b2c3d4e5f60718"",""rcx"":""0x0000000000000003"",""rdi"":""data+4095"",""rdx"":""0x99aabbccddeeff00"",""rflags"":""0x0000000000010203"",""rip"":""code+0"",""rsi"":""source+256"",""rsp"":""stack+32768"",""trapno"":""0x000000000000000e""},""kernel_sigmask"":""0000000000000000"",""pages"":{""fill"":""11"",""page2_mapped"":true,""patches"":[],""size"":8192},""partial_write"":false,""si_code"":2,""signal"":11,""six_flags"":{""AF"":0,""CF"":1,""OF"":0,""PF"":0,""SF"":0,""ZF"":0},""trap"":14,""uc_flags"":7,""uc_link"":""0x0000000000000000"",""uc_stack"":{""flags"":0,""size"":65536,""sp"":""altstack+0""}}]","{""fill"":""11"",""page2_mapped"":true,""patches"":[],""size"":8192}","[{""address"":""data+4095"",""error"":7,""execution_phase"":1,""fpstate_size"":2436,""gregs"":{""cr2"":""data+4095"",""csgsfs"":""0x002b000000000033"",""err"":""0x0000000000000007"",""oldmask"":""0x0000000000000000"",""r10"":""0x1010101010101010"",""r11"":""0x1212121212121212"",""r12"":""0x1313131313131313"",""r13"":""0x1414141414141414"",""r14"":""0x1515151515151515"",""r15"":""0x1616161616161616"",""r8"":""0x0808080808080808"",""r9"":""0x0909090909090909"",""rax"":""0x1122334455667788"",""rbp"":""0x778899aabbccddee"",""rbx"":""0xa1b2c3d4e5f60718"",""rcx"":""0x0000000000000003"",""rdi"":""data+4095"",""rdx"":""0x99aabbccddeeff00"",""rflags"":""0x0000000000010203"",""rip"":""code+0"",""rsi"":""source+256"",""rsp"":""stack+32768"",""trapno"":""0x000000000000000e""},""kernel_sigmask"":""0000000000000000"",""pages"":{""fill"":""11"",""page2_mapped"":true,""patches"":[],""size"":8192},""partial_write"":false,""si_code"":2,""signal"":11,""six_flags"":{""AF"":0,""CF"":1,""OF"":0,""PF"":0,""SF"":0,""ZF"":0},""trap"":14,""uc_flags"":7,""uc_link"":""0x0000000000000000"",""uc_stack"":{""flags"":0,""size"":65536,""sp"":""altstack+0""}}]","0x3c across full destination footprint after mapping/protection repair, before sigreturn","{""fill"":""11"",""page2_mapped"":true,""patches"":[[4095,""3c3c""]],""size"":8192}","{""r10"":""0x1010101010101010"",""r11"":""0x1212121212121212"",""r12"":""0x1313131313131313"",""r13"":""0x1414141414141414"",""r14"":""0x1515151515151515"",""r15"":""0x1616161616161616"",""r8"":""0x0808080808080808"",""r9"":""0x0909090909090909"",""rax"":""0x1122334455663c3c"",""rbp"":""0x778899aabbccddee"",""rbx"":""0xa1b2c3d4e5f60718"",""rcx"":""0x0000000000000003"",""rdi"":""data+4095"",""rdx"":""0x99aabbccddeeff00"",""rflags"":""0x0000000000000212"",""rsi"":""source+256"",""rsp"":""stack+32768""}","{""AF"":1,""CF"":0,""OF"":0,""PF"":0,""SF"":0,""ZF"":0}",False,rmw.run1.jsonl.gz: matching form/layout/cross_offset/continuation
A,page_and_cacheline_cross,measured,True,True,cmpxchg_match_16_lock,16,cross_rw_ro,1,4095,66f00fb11f,"[{""address"":""data+4096"",""error"":7,""execution_phase"":1,""fpstate_size"":2436,""gregs"":{""cr2"":""data+4096"",""csgsfs"":""0x002b000000000033"",""err"":""0x0000000000000007"",""oldmask"":""0x0000000000000000"",""r10"":""0x1010101010101010"",""r11"":""0x1212121212121212"",""r12"":""0x1313131313131313"",""r13"":""0x1414141414141414"",""r14"":""0x1515151515151515"",""r15"":""0x1616161616161616"",""r8"":""0x0808080808080808"",""r9"":""0x0909090909090909"",""rax"":""0x1122334455661111"",""rbp"":""0x778899aabbccddee"",""rbx"":""0xa1b2c3d4e5f60718"",""rcx"":""0x0000000000000003"",""rdi"":""data+4095"",""rdx"":""0x99aabbccddeeff00"",""rflags"":""0x0000000000010203"",""rip"":""code+0"",""rsi"":""source+256"",""rsp"":""stack+32768"",""trapno"":""0x000000000000000e""},""kernel_sigmask"":""0000000000000000"",""pages"":{""fill"":""11"",""page2_mapped"":true,""patches"":[],""size"":8192},""partial_write"":false,""si_code"":2,""signal"":11,""six_flags"":{""AF"":0,""CF"":1,""OF"":0,""PF"":0,""SF"":0,""ZF"":0},""trap"":14,""uc_flags"":7,""uc_link"":""0x0000000000000000"",""uc_stack"":{""flags"":0,""size"":65536,""sp"":""altstack+0""}}]","{""fill"":""11"",""page2_mapped"":true,""patches"":[],""size"":8192}","[{""address"":""data+4096"",""error"":7,""execution_phase"":1,""fpstate_size"":2436,""gregs"":{""cr2"":""data+4096"",""csgsfs"":""0x002b000000000033"",""err"":""0x0000000000000007"",""oldmask"":""0x0000000000000000"",""r10"":""0x1010101010101010"",""r11"":""0x1212121212121212"",""r12"":""0x1313131313131313"",""r13"":""0x1414141414141414"",""r14"":""0x1515151515151515"",""r15"":""0x1616161616161616"",""r8"":""0x0808080808080808"",""r9"":""0x0909090909090909"",""rax"":""0x1122334455661111"",""rbp"":""0x778899aabbccddee"",""rbx"":""0xa1b2c3d4e5f60718"",""rcx"":""0x0000000000000003"",""rdi"":""data+4095"",""rdx"":""0x99aabbccddeeff00"",""rflags"":""0x0000000000010203"",""rip"":""code+0"",""rsi"":""source+256"",""rsp"":""stack+32768"",""trapno"":""0x000000000000000e""},""kernel_sigmask"":""0000000000000000"",""pages"":{""fill"":""11"",""page2_mapped"":true,""patches"":[],""size"":8192},""partial_write"":false,""si_code"":2,""signal"":11,""six_flags"":{""AF"":0,""CF"":1,""OF"":0,""PF"":0,""SF"":0,""ZF"":0},""trap"":14,""uc_flags"":7,""uc_link"":""0x0000000000000000"",""uc_stack"":{""flags"":0,""size"":65536,""sp"":""altstack+0""}}]","0x3c across full destination footprint after mapping/protection repair, before sigreturn","{""fill"":""11"",""page2_mapped"":true,""patches"":[[4095,""3c3c""]],""size"":8192}","{""r10"":""0x1010101010101010"",""r11"":""0x1212121212121212"",""r12"":""0x1313131313131313"",""r13"":""0x1414141414141414"",""r14"":""0x1515151515151515"",""r15"":""0x1616161616161616"",""r8"":""0x0808080808080808"",""r9"":""0x0909090909090909"",""rax"":""0x1122334455663c3c"",""rbp"":""0x778899aabbccddee"",""rbx"":""0xa1b2c3d4e5f60718"",""rcx"":""0x0000000000000003"",""rdi"":""data+4095"",""rdx"":""0x99aabbccddeeff00"",""rflags"":""0x0000000000000293"",""rsi"":""source+256"",""rsp"":""stack+32768""}","{""AF"":1,""CF"":1,""OF"":0,""PF"":0,""SF"":1,""ZF"":0}",False,rmw.run1.jsonl.gz: matching form/layout/cross_offset/continuation
A,page_and_cacheline_cross,measured,True,True,cmpxchg_match_16_lock,16,cross_ro_rw,1,4095,66f00fb11f,"[{""address"":""data+4095"",""error"":7,""execution_phase"":1,""fpstate_size"":2436,""gregs"":{""cr2"":""data+4095"",""csgsfs"":""0x002b000000000033"",""err"":""0x0000000000000007"",""oldmask"":""0x0000000000000000"",""r10"":""0x1010101010101010"",""r11"":""0x1212121212121212"",""r12"":""0x1313131313131313"",""r13"":""0x1414141414141414"",""r14"":""0x1515151515151515"",""r15"":""0x1616161616161616"",""r8"":""0x0808080808080808"",""r9"":""0x0909090909090909"",""rax"":""0x1122334455661111"",""rbp"":""0x778899aabbccddee"",""rbx"":""0xa1b2c3d4e5f60718"",""rcx"":""0x0000000000000003"",""rdi"":""data+4095"",""rdx"":""0x99aabbccddeeff00"",""rflags"":""0x0000000000010203"",""rip"":""code+0"",""rsi"":""source+256"",""rsp"":""stack+32768"",""trapno"":""0x000000000000000e""},""kernel_sigmask"":""0000000000000000"",""pages"":{""fill"":""11"",""page2_mapped"":true,""patches"":[],""size"":8192},""partial_write"":false,""si_code"":2,""signal"":11,""six_flags"":{""AF"":0,""CF"":1,""OF"":0,""PF"":0,""SF"":0,""ZF"":0},""trap"":14,""uc_flags"":7,""uc_link"":""0x0000000000000000"",""uc_stack"":{""flags"":0,""size"":65536,""sp"":""altstack+0""}}]","{""fill"":""11"",""page2_mapped"":true,""patches"":[],""size"":8192}","[{""address"":""data+4095"",""error"":7,""execution_phase"":1,""fpstate_size"":2436,""gregs"":{""cr2"":""data+4095"",""csgsfs"":""0x002b000000000033"",""err"":""0x0000000000000007"",""oldmask"":""0x0000000000000000"",""r10"":""0x1010101010101010"",""r11"":""0x1212121212121212"",""r12"":""0x1313131313131313"",""r13"":""0x1414141414141414"",""r14"":""0x1515151515151515"",""r15"":""0x1616161616161616"",""r8"":""0x0808080808080808"",""r9"":""0x0909090909090909"",""rax"":""0x1122334455661111"",""rbp"":""0x778899aabbccddee"",""rbx"":""0xa1b2c3d4e5f60718"",""rcx"":""0x0000000000000003"",""rdi"":""data+4095"",""rdx"":""0x99aabbccddeeff00"",""rflags"":""0x0000000000010203"",""rip"":""code+0"",""rsi"":""source+256"",""rsp"":""stack+32768"",""trapno"":""0x000000000000000e""},""kernel_sigmask"":""0000000000000000"",""pages"":{""fill"":""11"",""page2_mapped"":true,""patches"":[],""size"":8192},""partial_write"":false,""si_code"":2,""signal"":11,""six_flags"":{""AF"":0,""CF"":1,""OF"":0,""PF"":0,""SF"":0,""ZF"":0},""trap"":14,""uc_flags"":7,""uc_link"":""0x0000000000000000"",""uc_stack"":{""flags"":0,""size"":65536,""sp"":""altstack+0""}}]","0x3c across full destination footprint after mapping/protection repair, before sigreturn","{""fill"":""11"",""page2_mapped"":true,""patches"":[[4095,""3c3c""]],""size"":8192}","{""r10"":""0x1010101010101010"",""r11"":""0x1212121212121212"",""r12"":""0x1313131313131313"",""r13"":""0x1414141414141414"",""r14"":""0x1515151515151515"",""r15"":""0x1616161616161616"",""r8"":""0x0808080808080808"",""r9"":""0x0909090909090909"",""rax"":""0x1122334455663c3c"",""rbp"":""0x778899aabbccddee"",""rbx"":""0xa1b2c3d4e5f60718"",""rcx"":""0x0000000000000003"",""rdi"":""data+4095"",""rdx"":""0x99aabbccddeeff00"",""rflags"":""0x0000000000000293"",""rsi"":""source+256"",""rsp"":""stack+32768""}","{""AF"":1,""CF"":1,""OF"":0,""PF"":0,""SF"":1,""ZF"":0}",False,rmw.run1.jsonl.gz: matching form/layout/cross_offset/continuation
A,page_and_cacheline_cross,measured,True,True,cmpxchg_mismatch_32_lock,32,cross_rw_ro,1,4095,f00fb11f,"[{""address"":""data+4096"",""error"":7,""execution_phase"":1,""fpstate_size"":2436,""gregs"":{""cr2"":""data+4096"",""csgsfs"":""0x002b000000000033"",""err"":""0x0000000000000007"",""oldmask"":""0x0000000000000000"",""r10"":""0x1010101010101010"",""r11"":""0x1212121212121212"",""r12"":""0x1313131313131313"",""r13"":""0x1414141414141414"",""r14"":""0x1515151515151515"",""r15"":""0x1616161616161616"",""r8"":""0x0808080808080808"",""r9"":""0x0909090909090909"",""rax"":""0x1122334455667788"",""rbp"":""0x778899aabbccddee"",""rbx"":""0xa1b2c3d4e5f60718"",""rcx"":""0x0000000000000003"",""rdi"":""data+4095"",""rdx"":""0x99aabbccddeeff00"",""rflags"":""0x0000000000010203"",""rip"":""code+0"",""rsi"":""source+256"",""rsp"":""stack+32768"",""trapno"":""0x000000000000000e""},""kernel_sigmask"":""0000000000000000"",""pages"":{""fill"":""11"",""page2_mapped"":true,""patches"":[],""size"":8192},""partial_write"":false,""si_code"":2,""signal"":11,""six_flags"":{""AF"":0,""CF"":1,""OF"":0,""PF"":0,""SF"":0,""ZF"":0},""trap"":14,""uc_flags"":7,""uc_link"":""0x0000000000000000"",""uc_stack"":{""flags"":0,""size"":65536,""sp"":""altstack+0""}}]","{""fill"":""11"",""page2_mapped"":true,""patches"":[],""size"":8192}","[{""address"":""data+4096"",""error"":7,""execution_phase"":1,""fpstate_size"":2436,""gregs"":{""cr2"":""data+4096"",""csgsfs"":""0x002b000000000033"",""err"":""0x0000000000000007"",""oldmask"":""0x0000000000000000"",""r10"":""0x1010101010101010"",""r11"":""0x1212121212121212"",""r12"":""0x1313131313131313"",""r13"":""0x1414141414141414"",""r14"":""0x1515151515151515"",""r15"":""0x1616161616161616"",""r8"":""0x0808080808080808"",""r9"":""0x0909090909090909"",""rax"":""0x1122334455667788"",""rbp"":""0x778899aabbccddee"",""rbx"":""0xa1b2c3d4e5f60718"",""rcx"":""0x0000000000000003"",""rdi"":""data+4095"",""rdx"":""0x99aabbccddeeff00"",""rflags"":""0x0000000000010203"",""rip"":""code+0"",""rsi"":""source+256"",""rsp"":""stack+32768"",""trapno"":""0x000000000000000e""},""kernel_sigmask"":""0000000000000000"",""pages"":{""fill"":""11"",""page2_mapped"":true,""patches"":[],""size"":8192},""partial_write"":false,""si_code"":2,""signal"":11,""six_flags"":{""AF"":0,""CF"":1,""OF"":0,""PF"":0,""SF"":0,""ZF"":0},""trap"":14,""uc_flags"":7,""uc_link"":""0x0000000000000000"",""uc_stack"":{""flags"":0,""size"":65536,""sp"":""altstack+0""}}]","0x3c across full destination footprint after mapping/protection repair, before sigreturn","{""fill"":""11"",""page2_mapped"":true,""patches"":[[4095,""3c3c3c3c""]],""size"":8192}","{""r10"":""0x1010101010101010"",""r11"":""0x1212121212121212"",""r12"":""0x1313131313131313"",""r13"":""0x1414141414141414"",""r14"":""0x1515151515151515"",""r15"":""0x1616161616161616"",""r8"":""0x0808080808080808"",""r9"":""0x0909090909090909"",""rax"":""0x000000003c3c3c3c"",""rbp"":""0x778899aabbccddee"",""rbx"":""0xa1b2c3d4e5f60718"",""rcx"":""0x0000000000000003"",""rdi"":""data+4095"",""rdx"":""0x99aabbccddeeff00"",""rflags"":""0x0000000000000212"",""rsi"":""source+256"",""rsp"":""stack+32768""}","{""AF"":1,""CF"":0,""OF"":0,""PF"":0,""SF"":0,""ZF"":0}",False,rmw.run1.jsonl.gz: matching form/layout/cross_offset/continuation
A,page_and_cacheline_cross,measured,True,True,cmpxchg_mismatch_32_lock,32,cross_rw_ro,2,4094,f00fb11f,"[{""address"":""data+4096"",""error"":7,""execution_phase"":1,""fpstate_size"":2436,""gregs"":{""cr2"":""data+4096"",""csgsfs"":""0x002b000000000033"",""err"":""0x0000000000000007"",""oldmask"":""0x0000000000000000"",""r10"":""0x1010101010101010"",""r11"":""0x1212121212121212"",""r12"":""0x1313131313131313"",""r13"":""0x1414141414141414"",""r14"":""0x1515151515151515"",""r15"":""0x1616161616161616"",""r8"":""0x0808080808080808"",""r9"":""0x0909090909090909"",""rax"":""0x1122334455667788"",""rbp"":""0x778899aabbccddee"",""rbx"":""0xa1b2c3d4e5f60718"",""rcx"":""0x0000000000000003"",""rdi"":""data+4094"",""rdx"":""0x99aabbccddeeff00"",""rflags"":""0x0000000000010203"",""rip"":""code+0"",""rsi"":""source+256"",""rsp"":""stack+32768"",""trapno"":""0x000000000000000e""},""kernel_sigmask"":""0000000000000000"",""pages"":{""fill"":""11"",""page2_mapped"":true,""patches"":[],""size"":8192},""partial_write"":false,""si_code"":2,""signal"":11,""six_flags"":{""AF"":0,""CF"":1,""OF"":0,""PF"":0,""SF"":0,""ZF"":0},""trap"":14,""uc_flags"":7,""uc_link"":""0x0000000000000000"",""uc_stack"":{""flags"":0,""size"":65536,""sp"":""altstack+0""}}]","{""fill"":""11"",""page2_mapped"":true,""patches"":[],""size"":8192}","[{""address"":""data+4096"",""error"":7,""execution_phase"":1,""fpstate_size"":2436,""gregs"":{""cr2"":""data+4096"",""csgsfs"":""0x002b000000000033"",""err"":""0x0000000000000007"",""oldmask"":""0x0000000000000000"",""r10"":""0x1010101010101010"",""r11"":""0x1212121212121212"",""r12"":""0x1313131313131313"",""r13"":""0x1414141414141414"",""r14"":""0x1515151515151515"",""r15"":""0x1616161616161616"",""r8"":""0x0808080808080808"",""r9"":""0x0909090909090909"",""rax"":""0x1122334455667788"",""rbp"":""0x778899aabbccddee"",""rbx"":""0xa1b2c3d4e5f60718"",""rcx"":""0x0000000000000003"",""rdi"":""data+4094"",""rdx"":""0x99aabbccddeeff00"",""rflags"":""0x0000000000010203"",""rip"":""code+0"",""rsi"":""source+256"",""rsp"":""stack+32768"",""trapno"":""0x000000000000000e""},""kernel_sigmask"":""0000000000000000"",""pages"":{""fill"":""11"",""page2_mapped"":true,""patches"":[],""size"":8192},""partial_write"":false,""si_code"":2,""signal"":11,""six_flags"":{""AF"":0,""CF"":1,""OF"":0,""PF"":0,""SF"":0,""ZF"":0},""trap"":14,""uc_flags"":7,""uc_link"":""0x0000000000000000"",""uc_stack"":{""flags"":0,""size"":65536,""sp"":""altstack+0""}}]","0x3c across full destination footprint after mapping/protection repair, before sigreturn","{""fill"":""11"",""page2_mapped"":true,""patches"":[[4094,""3c3c3c3c""]],""size"":8192}","{""r10"":""0x1010101010101010"",""r11"":""0x1212121212121212"",""r12"":""0x1313131313131313"",""r13"":""0x1414141414141414"",""r14"":""0x1515151515151515"",""r15"":""0x1616161616161616"",""r8"":""0x0808080808080808"",""r9"":""0x0909090909090909"",""rax"":""0x000000003c3c3c3c"",""rbp"":""0x778899aabbccddee"",""rbx"":""0xa1b2c3d4e5f60718"",""rcx"":""0x0000000000000003"",""rdi"":""data+4094"",""rdx"":""0x99aabbccddeeff00"",""rflags"":""0x0000000000000212"",""rsi"":""source+256"",""rsp"":""stack+32768""}","{""AF"":1,""CF"":0,""OF"":0,""PF"":0,""SF"":0,""ZF"":0}",False,rmw.run1.jsonl.gz: matching form/layout/cross_offset/continuation
A,page_and_cacheline_cross,measured,True,True,cmpxchg_mismatch_32_lock,32,cross_rw_ro,3,4093,f00fb11f,"[{""address"":""data+4096"",""error"":7,""execution_phase"":1,""fpstate_size"":2436,""gregs"":{""cr2"":""data+4096"",""csgsfs"":""0x002b000000000033"",""err"":""0x0000000000000007"",""oldmask"":""0x0000000000000000"",""r10"":""0x1010101010101010"",""r11"":""0x1212121212121212"",""r12"":""0x1313131313131313"",""r13"":""0x1414141414141414"",""r14"":""0x1515151515151515"",""r15"":""0x1616161616161616"",""r8"":""0x0808080808080808"",""r9"":""0x0909090909090909"",""rax"":""0x1122334455667788"",""rbp"":""0x778899aabbccddee"",""rbx"":""0xa1b2c3d4e5f60718"",""rcx"":""0x0000000000000003"",""rdi"":""data+4093"",""rdx"":""0x99aabbccddeeff00"",""rflags"":""0x0000000000010203"",""rip"":""code+0"",""rsi"":""source+256"",""rsp"":""stack+32768"",""trapno"":""0x000000000000000e""},""kernel_sigmask"":""0000000000000000"",""pages"":{""fill"":""11"",""page2_mapped"":true,""patches"":[],""size"":8192},""partial_write"":false,""si_code"":2,""signal"":11,""six_flags"":{""AF"":0,""CF"":1,""OF"":0,""PF"":0,""SF"":0,""ZF"":0},""trap"":14,""uc_flags"":7,""uc_link"":""0x0000000000000000"",""uc_stack"":{""flags"":0,""size"":65536,""sp"":""altstack+0""}}]","{""fill"":""11"",""page2_mapped"":true,""patches"":[],""size"":8192}","[{""address"":""data+4096"",""error"":7,""execution_phase"":1,""fpstate_size"":2436,""gregs"":{""cr2"":""data+4096"",""csgsfs"":""0x002b000000000033"",""err"":""0x0000000000000007"",""oldmask"":""0x0000000000000000"",""r10"":""0x1010101010101010"",""r11"":""0x1212121212121212"",""r12"":""0x1313131313131313"",""r13"":""0x1414141414141414"",""r14"":""0x1515151515151515"",""r15"":""0x1616161616161616"",""r8"":""0x0808080808080808"",""r9"":""0x0909090909090909"",""rax"":""0x1122334455667788"",""rbp"":""0x778899aabbccddee"",""rbx"":""0xa1b2c3d4e5f60718"",""rcx"":""0x0000000000000003"",""rdi"":""data+4093"",""rdx"":""0x99aabbccddeeff00"",""rflags"":""0x0000000000010203"",""rip"":""code+0"",""rsi"":""source+256"",""rsp"":""stack+32768"",""trapno"":""0x000000000000000e""},""kernel_sigmask"":""0000000000000000"",""pages"":{""fill"":""11"",""page2_mapped"":true,""patches"":[],""size"":8192},""partial_write"":false,""si_code"":2,""signal"":11,""six_flags"":{""AF"":0,""CF"":1,""OF"":0,""PF"":0,""SF"":0,""ZF"":0},""trap"":14,""uc_flags"":7,""uc_link"":""0x0000000000000000"",""uc_stack"":{""flags"":0,""size"":65536,""sp"":""altstack+0""}}]","0x3c across full destination footprint after mapping/protection repair, before sigreturn","{""fill"":""11"",""page2_mapped"":true,""patches"":[[4093,""3c3c3c3c""]],""size"":8192}","{""r10"":""0x1010101010101010"",""r11"":""0x1212121212121212"",""r12"":""0x1313131313131313"",""r13"":""0x1414141414141414"",""r14"":""0x1515151515151515"",""r15"":""0x1616161616161616"",""r8"":""0x0808080808080808"",""r9"":""0x0909090909090909"",""rax"":""0x000000003c3c3c3c"",""rbp"":""0x778899aabbccddee"",""rbx"":""0xa1b2c3d4e5f60718"",""rcx"":""0x0000000000000003"",""rdi"":""data+4093"",""rdx"":""0x99aabbccddeeff00"",""rflags"":""0x0000000000000212"",""rsi"":""source+256"",""rsp"":""stack+32768""}","{""AF"":1,""CF"":0,""OF"":0,""PF"":0,""SF"":0,""ZF"":0}",False,rmw.run1.jsonl.gz: matching form/layout/cross_offset/continuation
A,page_and_cacheline_cross,measured,True,True,cmpxchg_mismatch_32_lock,32,cross_ro_rw,1,4095,f00fb11f,"[{""address"":""data+4095"",""error"":7,""execution_phase"":1,""fpstate_size"":2436,""gregs"":{""cr2"":""data+4095"",""csgsfs"":""0x002b000000000033"",""err"":""0x0000000000000007"",""oldmask"":""0x0000000000000000"",""r10"":""0x1010101010101010"",""r11"":""0x1212121212121212"",""r12"":""0x1313131313131313"",""r13"":""0x1414141414141414"",""r14"":""0x1515151515151515"",""r15"":""0x1616161616161616"",""r8"":""0x0808080808080808"",""r9"":""0x0909090909090909"",""rax"":""0x1122334455667788"",""rbp"":""0x778899aabbccddee"",""rbx"":""0xa1b2c3d4e5f60718"",""rcx"":""0x0000000000000003"",""rdi"":""data+4095"",""rdx"":""0x99aabbccddeeff00"",""rflags"":""0x0000000000010203"",""rip"":""code+0"",""rsi"":""source+256"",""rsp"":""stack+32768"",""trapno"":""0x000000000000000e""},""kernel_sigmask"":""0000000000000000"",""pages"":{""fill"":""11"",""page2_mapped"":true,""patches"":[],""size"":8192},""partial_write"":false,""si_code"":2,""signal"":11,""six_flags"":{""AF"":0,""CF"":1,""OF"":0,""PF"":0,""SF"":0,""ZF"":0},""trap"":14,""uc_flags"":7,""uc_link"":""0x0000000000000000"",""uc_stack"":{""flags"":0,""size"":65536,""sp"":""altstack+0""}}]","{""fill"":""11"",""page2_mapped"":true,""patches"":[],""size"":8192}","[{""address"":""data+4095"",""error"":7,""execution_phase"":1,""fpstate_size"":2436,""gregs"":{""cr2"":""data+4095"",""csgsfs"":""0x002b000000000033"",""err"":""0x0000000000000007"",""oldmask"":""0x0000000000000000"",""r10"":""0x1010101010101010"",""r11"":""0x1212121212121212"",""r12"":""0x1313131313131313"",""r13"":""0x1414141414141414"",""r14"":""0x1515151515151515"",""r15"":""0x1616161616161616"",""r8"":""0x0808080808080808"",""r9"":""0x0909090909090909"",""rax"":""0x1122334455667788"",""rbp"":""0x778899aabbccddee"",""rbx"":""0xa1b2c3d4e5f60718"",""rcx"":""0x0000000000000003"",""rdi"":""data+4095"",""rdx"":""0x99aabbccddeeff00"",""rflags"":""0x0000000000010203"",""rip"":""code+0"",""rsi"":""source+256"",""rsp"":""stack+32768"",""trapno"":""0x000000000000000e""},""kernel_sigmask"":""0000000000000000"",""pages"":{""fill"":""11"",""page2_mapped"":true,""patches"":[],""size"":8192},""partial_write"":false,""si_code"":2,""signal"":11,""six_flags"":{""AF"":0,""CF"":1,""OF"":0,""PF"":0,""SF"":0,""ZF"":0},""trap"":14,""uc_flags"":7,""uc_link"":""0x0000000000000000"",""uc_stack"":{""flags"":0,""size"":65536,""sp"":""altstack+0""}}]","0x3c across full destination footprint after mapping/protection repair, before sigreturn","{""fill"":""11"",""page2_mapped"":true,""patches"":[[4095,""3c3c3c3c""]],""size"":8192}","{""r10"":""0x1010101010101010"",""r11"":""0x1212121212121212"",""r12"":""0x1313131313131313"",""r13"":""0x1414141414141414"",""r14"":""0x1515151515151515"",""r15"":""0x1616161616161616"",""r8"":""0x0808080808080808"",""r9"":""0x0909090909090909"",""rax"":""0x000000003c3c3c3c"",""rbp"":""0x778899aabbccddee"",""rbx"":""0xa1b2c3d4e5f60718"",""rcx"":""0x0000000000000003"",""rdi"":""data+4095"",""rdx"":""0x99aabbccddeeff00"",""rflags"":""0x0000000000000212"",""rsi"":""source+256"",""rsp"":""stack+32768""}","{""AF"":1,""CF"":0,""OF"":0,""PF"":0,""SF"":0,""ZF"":0}",False,rmw.run1.jsonl.gz: matching form/layout/cross_offset/continuation
A,page_and_cacheline_cross,measured,True,True,cmpxchg_mismatch_32_lock,32,cross_ro_rw,2,4094,f00fb11f,"[{""address"":""data+4094"",""error"":7,""execution_phase"":1,""fpstate_size"":2436,""gregs"":{""cr2"":""data+4094"",""csgsfs"":""0x002b000000000033"",""err"":""0x0000000000000007"",""oldmask"":""0x0000000000000000"",""r10"":""0x1010101010101010"",""r11"":""0x1212121212121212"",""r12"":""0x1313131313131313"",""r13"":""0x1414141414141414"",""r14"":""0x1515151515151515"",""r15"":""0x1616161616161616"",""r8"":""0x0808080808080808"",""r9"":""0x0909090909090909"",""rax"":""0x1122334455667788"",""rbp"":""0x778899aabbccddee"",""rbx"":""0xa1b2c3d4e5f60718"",""rcx"":""0x0000000000000003"",""rdi"":""data+4094"",""rdx"":""0x99aabbccddeeff00"",""rflags"":""0x0000000000010203"",""rip"":""code+0"",""rsi"":""source+256"",""rsp"":""stack+32768"",""trapno"":""0x000000000000000e""},""kernel_sigmask"":""0000000000000000"",""pages"":{""fill"":""11"",""page2_mapped"":true,""patches"":[],""size"":8192},""partial_write"":false,""si_code"":2,""signal"":11,""six_flags"":{""AF"":0,""CF"":1,""OF"":0,""PF"":0,""SF"":0,""ZF"":0},""trap"":14,""uc_flags"":7,""uc_link"":""0x0000000000000000"",""uc_stack"":{""flags"":0,""size"":65536,""sp"":""altstack+0""}}]","{""fill"":""11"",""page2_mapped"":true,""patches"":[],""size"":8192}","[{""address"":""data+4094"",""error"":7,""execution_phase"":1,""fpstate_size"":2436,""gregs"":{""cr2"":""data+4094"",""csgsfs"":""0x002b000000000033"",""err"":""0x0000000000000007"",""oldmask"":""0x0000000000000000"",""r10"":""0x1010101010101010"",""r11"":""0x1212121212121212"",""r12"":""0x1313131313131313"",""r13"":""0x1414141414141414"",""r14"":""0x1515151515151515"",""r15"":""0x1616161616161616"",""r8"":""0x0808080808080808"",""r9"":""0x0909090909090909"",""rax"":""0x1122334455667788"",""rbp"":""0x778899aabbccddee"",""rbx"":""0xa1b2c3d4e5f60718"",""rcx"":""0x0000000000000003"",""rdi"":""data+4094"",""rdx"":""0x99aabbccddeeff00"",""rflags"":""0x0000000000010203"",""rip"":""code+0"",""rsi"":""source+256"",""rsp"":""stack+32768"",""trapno"":""0x000000000000000e""},""kernel_sigmask"":""0000000000000000"",""pages"":{""fill"":""11"",""page2_mapped"":true,""patches"":[],""size"":8192},""partial_write"":false,""si_code"":2,""signal"":11,""six_flags"":{""AF"":0,""CF"":1,""OF"":0,""PF"":0,""SF"":0,""ZF"":0},""trap"":14,""uc_flags"":7,""uc_link"":""0x0000000000000000"",""uc_stack"":{""flags"":0,""size"":65536,""sp"":""altstack+0""}}]","0x3c across full destination footprint after mapping/protection repair, before sigreturn","{""fill"":""11"",""page2_mapped"":true,""patches"":[[4094,""3c3c3c3c""]],""size"":8192}","{""r10"":""0x1010101010101010"",""r11"":""0x1212121212121212"",""r12"":""0x1313131313131313"",""r13"":""0x1414141414141414"",""r14"":""0x1515151515151515"",""r15"":""0x1616161616161616"",""r8"":""0x0808080808080808"",""r9"":""0x0909090909090909"",""rax"":""0x000000003c3c3c3c"",""rbp"":""0x778899aabbccddee"",""rbx"":""0xa1b2c3d4e5f60718"",""rcx"":""0x0000000000000003"",""rdi"":""data+4094"",""rdx"":""0x99aabbccddeeff00"",""rflags"":""0x0000000000000212"",""rsi"":""source+256"",""rsp"":""stack+32768""}","{""AF"":1,""CF"":0,""OF"":0,""PF"":0,""SF"":0,""ZF"":0}",False,rmw.run1.jsonl.gz: matching form/layout/cross_offset/continuation
A,page_and_cacheline_cross,measured,True,True,cmpxchg_mismatch_32_lock,32,cross_ro_rw,3,4093,f00fb11f,"[{""address"":""data+4093"",""error"":7,""execution_phase"":1,""fpstate_size"":2436,""gregs"":{""cr2"":""data+4093"",""csgsfs"":""0x002b000000000033"",""err"":""0x0000000000000007"",""oldmask"":""0x0000000000000000"",""r10"":""0x1010101010101010"",""r11"":""0x1212121212121212"",""r12"":""0x1313131313131313"",""r13"":""0x1414141414141414"",""r14"":""0x1515151515151515"",""r15"":""0x1616161616161616"",""r8"":""0x0808080808080808"",""r9"":""0x0909090909090909"",""rax"":""0x1122334455667788"",""rbp"":""0x778899aabbccddee"",""rbx"":""0xa1b2c3d4e5f60718"",""rcx"":""0x0000000000000003"",""rdi"":""data+4093"",""rdx"":""0x99aabbccddeeff00"",""rflags"":""0x0000000000010203"",""rip"":""code+0"",""rsi"":""source+256"",""rsp"":""stack+32768"",""trapno"":""0x000000000000000e""},""kernel_sigmask"":""0000000000000000"",""pages"":{""fill"":""11"",""page2_mapped"":true,""patches"":[],""size"":8192},""partial_write"":false,""si_code"":2,""signal"":11,""six_flags"":{""AF"":0,""CF"":1,""OF"":0,""PF"":0,""SF"":0,""ZF"":0},""trap"":14,""uc_flags"":7,""uc_link"":""0x0000000000000000"",""uc_stack"":{""flags"":0,""size"":65536,""sp"":""altstack+0""}}]","{""fill"":""11"",""page2_mapped"":true,""patches"":[],""size"":8192}","[{""address"":""data+4093"",""error"":7,""execution_phase"":1,""fpstate_size"":2436,""gregs"":{""cr2"":""data+4093"",""csgsfs"":""0x002b000000000033"",""err"":""0x0000000000000007"",""oldmask"":""0x0000000000000000"",""r10"":""0x1010101010101010"",""r11"":""0x1212121212121212"",""r12"":""0x1313131313131313"",""r13"":""0x1414141414141414"",""r14"":""0x1515151515151515"",""r15"":""0x1616161616161616"",""r8"":""0x0808080808080808"",""r9"":""0x0909090909090909"",""rax"":""0x1122334455667788"",""rbp"":""0x778899aabbccddee"",""rbx"":""0xa1b2c3d4e5f60718"",""rcx"":""0x0000000000000003"",""rdi"":""data+4093"",""rdx"":""0x99aabbccddeeff00"",""rflags"":""0x0000000000010203"",""rip"":""code+0"",""rsi"":""source+256"",""rsp"":""stack+32768"",""trapno"":""0x000000000000000e""},""kernel_sigmask"":""0000000000000000"",""pages"":{""fill"":""11"",""page2_mapped"":true,""patches"":[],""size"":8192},""partial_write"":false,""si_code"":2,""signal"":11,""six_flags"":{""AF"":0,""CF"":1,""OF"":0,""PF"":0,""SF"":0,""ZF"":0},""trap"":14,""uc_flags"":7,""uc_link"":""0x0000000000000000"",""uc_stack"":{""flags"":0,""size"":65536,""sp"":""altstack+0""}}]","0x3c across full destination footprint after mapping/protection repair, before sigreturn","{""fill"":""11"",""page2_mapped"":true,""patches"":[[4093,""3c3c3c3c""]],""size"":8192}","{""r10"":""0x1010101010101010"",""r11"":""0x1212121212121212"",""r12"":""0x1313131313131313"",""r13"":""0x1414141414141414"",""r14"":""0x1515151515151515"",""r15"":""0x1616161616161616"",""r8"":""0x0808080808080808"",""r9"":""0x0909090909090909"",""rax"":""0x000000003c3c3c3c"",""rbp"":""0x778899aabbccddee"",""rbx"":""0xa1b2c3d4e5f60718"",""rcx"":""0x0000000000000003"",""rdi"":""data+4093"",""rdx"":""0x99aabbccddeeff00"",""rflags"":""0x0000000000000212"",""rsi"":""source+256"",""rsp"":""stack+32768""}","{""AF"":1,""CF"":0,""OF"":0,""PF"":0,""SF"":0,""ZF"":0}",False,rmw.run1.jsonl.gz: matching form/layout/cross_offset/continuation
A,page_and_cacheline_cross,measured,True,True,cmpxchg_match_32_lock,32,cross_rw_ro,1,4095,f00fb11f,"[{""address"":""data+4096"",""error"":7,""execution_phase"":1,""fpstate_size"":2436,""gregs"":{""cr2"":""data+4096"",""csgsfs"":""0x002b000000000033"",""err"":""0x0000000000000007"",""oldmask"":""0x0000000000000000"",""r10"":""0x1010101010101010"",""r11"":""0x1212121212121212"",""r12"":""0x1313131313131313"",""r13"":""0x1414141414141414"",""r14"":""0x1515151515151515"",""r15"":""0x1616161616161616"",""r8"":""0x0808080808080808"",""r9"":""0x0909090909090909"",""rax"":""0x1122334411111111"",""rbp"":""0x778899aabbccddee"",""rbx"":""0xa1b2c3d4e5f60718"",""rcx"":""0x0000000000000003"",""rdi"":""data+4095"",""rdx"":""0x99aabbccddeeff00"",""rflags"":""0x0000000000010203"",""rip"":""code+0"",""rsi"":""source+256"",""rsp"":""stack+32768"",""trapno"":""0x000000000000000e""},""kernel_sigmask"":""0000000000000000"",""pages"":{""fill"":""11"",""page2_mapped"":true,""patches"":[],""size"":8192},""partial_write"":false,""si_code"":2,""signal"":11,""six_flags"":{""AF"":0,""CF"":1,""OF"":0,""PF"":0,""SF"":0,""ZF"":0},""trap"":14,""uc_flags"":7,""uc_link"":""0x0000000000000000"",""uc_stack"":{""flags"":0,""size"":65536,""sp"":""altstack+0""}}]","{""fill"":""11"",""page2_mapped"":true,""patches"":[],""size"":8192}","[{""address"":""data+4096"",""error"":7,""execution_phase"":1,""fpstate_size"":2436,""gregs"":{""cr2"":""data+4096"",""csgsfs"":""0x002b000000000033"",""err"":""0x0000000000000007"",""oldmask"":""0x0000000000000000"",""r10"":""0x1010101010101010"",""r11"":""0x1212121212121212"",""r12"":""0x1313131313131313"",""r13"":""0x1414141414141414"",""r14"":""0x1515151515151515"",""r15"":""0x1616161616161616"",""r8"":""0x0808080808080808"",""r9"":""0x0909090909090909"",""rax"":""0x1122334411111111"",""rbp"":""0x778899aabbccddee"",""rbx"":""0xa1b2c3d4e5f60718"",""rcx"":""0x0000000000000003"",""rdi"":""data+4095"",""rdx"":""0x99aabbccddeeff00"",""rflags"":""0x0000000000010203"",""rip"":""code+0"",""rsi"":""source+256"",""rsp"":""stack+32768"",""trapno"":""0x000000000000000e""},""kernel_sigmask"":""0000000000000000"",""pages"":{""fill"":""11"",""page2_mapped"":true,""patches"":[],""size"":8192},""partial_write"":false,""si_code"":2,""signal"":11,""six_flags"":{""AF"":0,""CF"":1,""OF"":0,""PF"":0,""SF"":0,""ZF"":0},""trap"":14,""uc_flags"":7,""uc_link"":""0x0000000000000000"",""uc_stack"":{""flags"":0,""size"":65536,""sp"":""altstack+0""}}]","0x3c across full destination footprint after mapping/protection repair, before sigreturn","{""fill"":""11"",""page2_mapped"":true,""patches"":[[4095,""3c3c3c3c""]],""size"":8192}","{""r10"":""0x1010101010101010"",""r11"":""0x1212121212121212"",""r12"":""0x1313131313131313"",""r13"":""0x1414141414141414"",""r14"":""0x1515151515151515"",""r15"":""0x1616161616161616"",""r8"":""0x0808080808080808"",""r9"":""0x0909090909090909"",""rax"":""0x000000003c3c3c3c"",""rbp"":""0x778899aabbccddee"",""rbx"":""0xa1b2c3d4e5f60718"",""rcx"":""0x0000000000000003"",""rdi"":""data+4095"",""rdx"":""0x99aabbccddeeff00"",""rflags"":""0x0000000000000293"",""rsi"":""source+256"",""rsp"":""stack+32768""}","{""AF"":1,""CF"":1,""OF"":0,""PF"":0,""SF"":1,""ZF"":0}",False,rmw.run1.jsonl.gz: matching form/layout/cross_offset/continuation
A,page_and_cacheline_cross,measured,True,True,cmpxchg_match_32_lock,32,cross_rw_ro,2,4094,f00fb11f,"[{""address"":""data+4096"",""error"":7,""execution_phase"":1,""fpstate_size"":2436,""gregs"":{""cr2"":""data+4096"",""csgsfs"":""0x002b000000000033"",""err"":""0x0000000000000007"",""oldmask"":""0x0000000000000000"",""r10"":""0x1010101010101010"",""r11"":""0x1212121212121212"",""r12"":""0x1313131313131313"",""r13"":""0x1414141414141414"",""r14"":""0x1515151515151515"",""r15"":""0x1616161616161616"",""r8"":""0x0808080808080808"",""r9"":""0x0909090909090909"",""rax"":""0x1122334411111111"",""rbp"":""0x778899aabbccddee"",""rbx"":""0xa1b2c3d4e5f60718"",""rcx"":""0x0000000000000003"",""rdi"":""data+4094"",""rdx"":""0x99aabbccddeeff00"",""rflags"":""0x0000000000010203"",""rip"":""code+0"",""rsi"":""source+256"",""rsp"":""stack+32768"",""trapno"":""0x000000000000000e""},""kernel_sigmask"":""0000000000000000"",""pages"":{""fill"":""11"",""page2_mapped"":true,""patches"":[],""size"":8192},""partial_write"":false,""si_code"":2,""signal"":11,""six_flags"":{""AF"":0,""CF"":1,""OF"":0,""PF"":0,""SF"":0,""ZF"":0},""trap"":14,""uc_flags"":7,""uc_link"":""0x0000000000000000"",""uc_stack"":{""flags"":0,""size"":65536,""sp"":""altstack+0""}}]","{""fill"":""11"",""page2_mapped"":true,""patches"":[],""size"":8192}","[{""address"":""data+4096"",""error"":7,""execution_phase"":1,""fpstate_size"":2436,""gregs"":{""cr2"":""data+4096"",""csgsfs"":""0x002b000000000033"",""err"":""0x0000000000000007"",""oldmask"":""0x0000000000000000"",""r10"":""0x1010101010101010"",""r11"":""0x1212121212121212"",""r12"":""0x1313131313131313"",""r13"":""0x1414141414141414"",""r14"":""0x1515151515151515"",""r15"":""0x1616161616161616"",""r8"":""0x0808080808080808"",""r9"":""0x0909090909090909"",""rax"":""0x1122334411111111"",""rbp"":""0x778899aabbccddee"",""rbx"":""0xa1b2c3d4e5f60718"",""rcx"":""0x0000000000000003"",""rdi"":""data+4094"",""rdx"":""0x99aabbccddeeff00"",""rflags"":""0x0000000000010203"",""rip"":""code+0"",""rsi"":""source+256"",""rsp"":""stack+32768"",""trapno"":""0x000000000000000e""},""kernel_sigmask"":""0000000000000000"",""pages"":{""fill"":""11"",""page2_mapped"":true,""patches"":[],""size"":8192},""partial_write"":false,""si_code"":2,""signal"":11,""six_flags"":{""AF"":0,""CF"":1,""OF"":0,""PF"":0,""SF"":0,""ZF"":0},""trap"":14,""uc_flags"":7,""uc_link"":""0x0000000000000000"",""uc_stack"":{""flags"":0,""size"":65536,""sp"":""altstack+0""}}]","0x3c across full destination footprint after mapping/protection repair, before sigreturn","{""fill"":""11"",""page2_mapped"":true,""patches"":[[4094,""3c3c3c3c""]],""size"":8192}","{""r10"":""0x1010101010101010"",""r11"":""0x1212121212121212"",""r12"":""0x1313131313131313"",""r13"":""0x1414141414141414"",""r14"":""0x1515151515151515"",""r15"":""0x1616161616161616"",""r8"":""0x0808080808080808"",""r9"":""0x0909090909090909"",""rax"":""0x000000003c3c3c3c"",""rbp"":""0x778899aabbccddee"",""rbx"":""0xa1b2c3d4e5f60718"",""rcx"":""0x0000000000000003"",""rdi"":""data+4094"",""rdx"":""0x99aabbccddeeff00"",""rflags"":""0x0000000000000293"",""rsi"":""source+256"",""rsp"":""stack+32768""}","{""AF"":1,""CF"":1,""OF"":0,""PF"":0,""SF"":1,""ZF"":0}",False,rmw.run1.jsonl.gz: matching form/layout/cross_offset/continuation
A,page_and_cacheline_cross,measured,True,True,cmpxchg_match_32_lock,32,cross_rw_ro,3,4093,f00fb11f,"[{""address"":""data+4096"",""error"":7,""execution_phase"":1,""fpstate_size"":2436,""gregs"":{""cr2"":""data+4096"",""csgsfs"":""0x002b000000000033"",""err"":""0x0000000000000007"",""oldmask"":""0x0000000000000000"",""r10"":""0x1010101010101010"",""r11"":""0x1212121212121212"",""r12"":""0x1313131313131313"",""r13"":""0x1414141414141414"",""r14"":""0x1515151515151515"",""r15"":""0x1616161616161616"",""r8"":""0x0808080808080808"",""r9"":""0x0909090909090909"",""rax"":""0x1122334411111111"",""rbp"":""0x778899aabbccddee"",""rbx"":""0xa1b2c3d4e5f60718"",""rcx"":""0x0000000000000003"",""rdi"":""data+4093"",""rdx"":""0x99aabbccddeeff00"",""rflags"":""0x0000000000010203"",""rip"":""code+0"",""rsi"":""source+256"",""rsp"":""stack+32768"",""trapno"":""0x000000000000000e""},""kernel_sigmask"":""0000000000000000"",""pages"":{""fill"":""11"",""page2_mapped"":true,""patches"":[],""size"":8192},""partial_write"":false,""si_code"":2,""signal"":11,""six_flags"":{""AF"":0,""CF"":1,""OF"":0,""PF"":0,""SF"":0,""ZF"":0},""trap"":14,""uc_flags"":7,""uc_link"":""0x0000000000000000"",""uc_stack"":{""flags"":0,""size"":65536,""sp"":""altstack+0""}}]","{""fill"":""11"",""page2_mapped"":true,""patches"":[],""size"":8192}","[{""address"":""data+4096"",""error"":7,""execution_phase"":1,""fpstate_size"":2436,""gregs"":{""cr2"":""data+4096"",""csgsfs"":""0x002b000000000033"",""err"":""0x0000000000000007"",""oldmask"":""0x0000000000000000"",""r10"":""0x1010101010101010"",""r11"":""0x1212121212121212"",""r12"":""0x1313131313131313"",""r13"":""0x1414141414141414"",""r14"":""0x1515151515151515"",""r15"":""0x1616161616161616"",""r8"":""0x0808080808080808"",""r9"":""0x0909090909090909"",""rax"":""0x1122334411111111"",""rbp"":""0x778899aabbccddee"",""rbx"":""0xa1b2c3d4e5f60718"",""rcx"":""0x0000000000000003"",""rdi"":""data+4093"",""rdx"":""0x99aabbccddeeff00"",""rflags"":""0x0000000000010203"",""rip"":""code+0"",""rsi"":""source+256"",""rsp"":""stack+32768"",""trapno"":""0x000000000000000e""},""kernel_sigmask"":""0000000000000000"",""pages"":{""fill"":""11"",""page2_mapped"":true,""patches"":[],""size"":8192},""partial_write"":false,""si_code"":2,""signal"":11,""six_flags"":{""AF"":0,""CF"":1,""OF"":0,""PF"":0,""SF"":0,""ZF"":0},""trap"":14,""uc_flags"":7,""uc_link"":""0x0000000000000000"",""uc_stack"":{""flags"":0,""size"":65536,""sp"":""altstack+0""}}]","0x3c across full destination footprint after mapping/protection repair, before sigreturn","{""fill"":""11"",""page2_mapped"":true,""patches"":[[4093,""3c3c3c3c""]],""size"":8192}","{""r10"":""0x1010101010101010"",""r11"":""0x1212121212121212"",""r12"":""0x1313131313131313"",""r13"":""0x1414141414141414"",""r14"":""0x1515151515151515"",""r15"":""0x1616161616161616"",""r8"":""0x0808080808080808"",""r9"":""0x0909090909090909"",""rax"":""0x000000003c3c3c3c"",""rbp"":""0x778899aabbccddee"",""rbx"":""0xa1b2c3d4e5f60718"",""rcx"":""0x0000000000000003"",""rdi"":""data+4093"",""rdx"":""0x99aabbccddeeff00"",""rflags"":""0x0000000000000293"",""rsi"":""source+256"",""rsp"":""stack+32768""}","{""AF"":1,""CF"":1,""OF"":0,""PF"":0,""SF"":1,""ZF"":0}",False,rmw.run1.jsonl.gz: matching form/layout/cross_offset/continuation
A,page_and_cacheline_cross,measured,True,True,cmpxchg_match_32_lock,32,cross_ro_rw,1,4095,f00fb11f,"[{""address"":""data+4095"",""error"":7,""execution_phase"":1,""fpstate_size"":2436,""gregs"":{""cr2"":""data+4095"",""csgsfs"":""0x002b000000000033"",""err"":""0x0000000000000007"",""oldmask"":""0x0000000000000000"",""r10"":""0x1010101010101010"",""r11"":""0x1212121212121212"",""r12"":""0x1313131313131313"",""r13"":""0x1414141414141414"",""r14"":""0x1515151515151515"",""r15"":""0x1616161616161616"",""r8"":""0x0808080808080808"",""r9"":""0x0909090909090909"",""rax"":""0x1122334411111111"",""rbp"":""0x778899aabbccddee"",""rbx"":""0xa1b2c3d4e5f60718"",""rcx"":""0x0000000000000003"",""rdi"":""data+4095"",""rdx"":""0x99aabbccddeeff00"",""rflags"":""0x0000000000010203"",""rip"":""code+0"",""rsi"":""source+256"",""rsp"":""stack+32768"",""trapno"":""0x000000000000000e""},""kernel_sigmask"":""0000000000000000"",""pages"":{""fill"":""11"",""page2_mapped"":true,""patches"":[],""size"":8192},""partial_write"":false,""si_code"":2,""signal"":11,""six_flags"":{""AF"":0,""CF"":1,""OF"":0,""PF"":0,""SF"":0,""ZF"":0},""trap"":14,""uc_flags"":7,""uc_link"":""0x0000000000000000"",""uc_stack"":{""flags"":0,""size"":65536,""sp"":""altstack+0""}}]","{""fill"":""11"",""page2_mapped"":true,""patches"":[],""size"":8192}","[{""address"":""data+4095"",""error"":7,""execution_phase"":1,""fpstate_size"":2436,""gregs"":{""cr2"":""data+4095"",""csgsfs"":""0x002b000000000033"",""err"":""0x0000000000000007"",""oldmask"":""0x0000000000000000"",""r10"":""0x1010101010101010"",""r11"":""0x1212121212121212"",""r12"":""0x1313131313131313"",""r13"":""0x1414141414141414"",""r14"":""0x1515151515151515"",""r15"":""0x1616161616161616"",""r8"":""0x0808080808080808"",""r9"":""0x0909090909090909"",""rax"":""0x1122334411111111"",""rbp"":""0x778899aabbccddee"",""rbx"":""0xa1b2c3d4e5f60718"",""rcx"":""0x0000000000000003"",""rdi"":""data+4095"",""rdx"":""0x99aabbccddeeff00"",""rflags"":""0x0000000000010203"",""rip"":""code+0"",""rsi"":""source+256"",""rsp"":""stack+32768"",""trapno"":""0x000000000000000e""},""kernel_sigmask"":""0000000000000000"",""pages"":{""fill"":""11"",""page2_mapped"":true,""patches"":[],""size"":8192},""partial_write"":false,""si_code"":2,""signal"":11,""six_flags"":{""AF"":0,""CF"":1,""OF"":0,""PF"":0,""SF"":0,""ZF"":0},""trap"":14,""uc_flags"":7,""uc_link"":""0x0000000000000000"",""uc_stack"":{""flags"":0,""size"":65536,""sp"":""altstack+0""}}]","0x3c across full destination footprint after mapping/protection repair, before sigreturn","{""fill"":""11"",""page2_mapped"":true,""patches"":[[4095,""3c3c3c3c""]],""size"":8192}","{""r10"":""0x1010101010101010"",""r11"":""0x1212121212121212"",""r12"":""0x1313131313131313"",""r13"":""0x1414141414141414"",""r14"":""0x1515151515151515"",""r15"":""0x1616161616161616"",""r8"":""0x0808080808080808"",""r9"":""0x0909090909090909"",""rax"":""0x000000003c3c3c3c"",""rbp"":""0x778899aabbccddee"",""rbx"":""0xa1b2c3d4e5f60718"",""rcx"":""0x0000000000000003"",""rdi"":""data+4095"",""rdx"":""0x99aabbccddeeff00"",""rflags"":""0x0000000000000293"",""rsi"":""source+256"",""rsp"":""stack+32768""}","{""AF"":1,""CF"":1,""OF"":0,""PF"":0,""SF"":1,""ZF"":0}",False,rmw.run1.jsonl.gz: matching form/layout/cross_offset/continuation
A,page_and_cacheline_cross,measured,True,True,cmpxchg_match_32_lock,32,cross_ro_rw,2,4094,f00fb11f,"[{""address"":""data+4094"",""error"":7,""execution_phase"":1,""fpstate_size"":2436,""gregs"":{""cr2"":""data+4094"",""csgsfs"":""0x002b000000000033"",""err"":""0x0000000000000007"",""oldmask"":""0x0000000000000000"",""r10"":""0x1010101010101010"",""r11"":""0x1212121212121212"",""r12"":""0x1313131313131313"",""r13"":""0x1414141414141414"",""r14"":""0x1515151515151515"",""r15"":""0x1616161616161616"",""r8"":""0x0808080808080808"",""r9"":""0x0909090909090909"",""rax"":""0x1122334411111111"",""rbp"":""0x778899aabbccddee"",""rbx"":""0xa1b2c3d4e5f60718"",""rcx"":""0x0000000000000003"",""rdi"":""data+4094"",""rdx"":""0x99aabbccddeeff00"",""rflags"":""0x0000000000010203"",""rip"":""code+0"",""rsi"":""source+256"",""rsp"":""stack+32768"",""trapno"":""0x000000000000000e""},""kernel_sigmask"":""0000000000000000"",""pages"":{""fill"":""11"",""page2_mapped"":true,""patches"":[],""size"":8192},""partial_write"":false,""si_code"":2,""signal"":11,""six_flags"":{""AF"":0,""CF"":1,""OF"":0,""PF"":0,""SF"":0,""ZF"":0},""trap"":14,""uc_flags"":7,""uc_link"":""0x0000000000000000"",""uc_stack"":{""flags"":0,""size"":65536,""sp"":""altstack+0""}}]","{""fill"":""11"",""page2_mapped"":true,""patches"":[],""size"":8192}","[{""address"":""data+4094"",""error"":7,""execution_phase"":1,""fpstate_size"":2436,""gregs"":{""cr2"":""data+4094"",""csgsfs"":""0x002b000000000033"",""err"":""0x0000000000000007"",""oldmask"":""0x0000000000000000"",""r10"":""0x1010101010101010"",""r11"":""0x1212121212121212"",""r12"":""0x1313131313131313"",""r13"":""0x1414141414141414"",""r14"":""0x1515151515151515"",""r15"":""0x1616161616161616"",""r8"":""0x0808080808080808"",""r9"":""0x0909090909090909"",""rax"":""0x1122334411111111"",""rbp"":""0x778899aabbccddee"",""rbx"":""0xa1b2c3d4e5f60718"",""rcx"":""0x0000000000000003"",""rdi"":""data+4094"",""rdx"":""0x99aabbccddeeff00"",""rflags"":""0x0000000000010203"",""rip"":""code+0"",""rsi"":""source+256"",""rsp"":""stack+32768"",""trapno"":""0x000000000000000e""},""kernel_sigmask"":""0000000000000000"",""pages"":{""fill"":""11"",""page2_mapped"":true,""patches"":[],""size"":8192},""partial_write"":false,""si_code"":2,""signal"":11,""six_flags"":{""AF"":0,""CF"":1,""OF"":0,""PF"":0,""SF"":0,""ZF"":0},""trap"":14,""uc_flags"":7,""uc_link"":""0x0000000000000000"",""uc_stack"":{""flags"":0,""size"":65536,""sp"":""altstack+0""}}]","0x3c across full destination footprint after mapping/protection repair, before sigreturn","{""fill"":""11"",""page2_mapped"":true,""patches"":[[4094,""3c3c3c3c""]],""size"":8192}","{""r10"":""0x1010101010101010"",""r11"":""0x1212121212121212"",""r12"":""0x1313131313131313"",""r13"":""0x1414141414141414"",""r14"":""0x1515151515151515"",""r15"":""0x1616161616161616"",""r8"":""0x0808080808080808"",""r9"":""0x0909090909090909"",""rax"":""0x000000003c3c3c3c"",""rbp"":""0x778899aabbccddee"",""rbx"":""0xa1b2c3d4e5f60718"",""rcx"":""0x0000000000000003"",""rdi"":""data+4094"",""rdx"":""0x99aabbccddeeff00"",""rflags"":""0x0000000000000293"",""rsi"":""source+256"",""rsp"":""stack+32768""}","{""AF"":1,""CF"":1,""OF"":0,""PF"":0,""SF"":1,""ZF"":0}",False,rmw.run1.jsonl.gz: matching form/layout/cross_offset/continuation
A,page_and_cacheline_cross,measured,True,True,cmpxchg_match_32_lock,32,cross_ro_rw,3,4093,f00fb11f,"[{""address"":""data+4093"",""error"":7,""execution_phase"":1,""fpstate_size"":2436,""gregs"":{""cr2"":""data+4093"",""csgsfs"":""0x002b000000000033"",""err"":""0x0000000000000007"",""oldmask"":""0x0000000000000000"",""r10"":""0x1010101010101010"",""r11"":""0x1212121212121212"",""r12"":""0x1313131313131313"",""r13"":""0x1414141414141414"",""r14"":""0x1515151515151515"",""r15"":""0x1616161616161616"",""r8"":""0x0808080808080808"",""r9"":""0x0909090909090909"",""rax"":""0x1122334411111111"",""rbp"":""0x778899aabbccddee"",""rbx"":""0xa1b2c3d4e5f60718"",""rcx"":""0x0000000000000003"",""rdi"":""data+4093"",""rdx"":""0x99aabbccddeeff00"",""rflags"":""0x0000000000010203"",""rip"":""code+0"",""rsi"":""source+256"",""rsp"":""stack+32768"",""trapno"":""0x000000000000000e""},""kernel_sigmask"":""0000000000000000"",""pages"":{""fill"":""11"",""page2_mapped"":true,""patches"":[],""size"":8192},""partial_write"":false,""si_code"":2,""signal"":11,""six_flags"":{""AF"":0,""CF"":1,""OF"":0,""PF"":0,""SF"":0,""ZF"":0},""trap"":14,""uc_flags"":7,""uc_link"":""0x0000000000000000"",""uc_stack"":{""flags"":0,""size"":65536,""sp"":""altstack+0""}}]","{""fill"":""11"",""page2_mapped"":true,""patches"":[],""size"":8192}","[{""address"":""data+4093"",""error"":7,""execution_phase"":1,""fpstate_size"":2436,""gregs"":{""cr2"":""data+4093"",""csgsfs"":""0x002b000000000033"",""err"":""0x0000000000000007"",""oldmask"":""0x0000000000000000"",""r10"":""0x1010101010101010"",""r11"":""0x1212121212121212"",""r12"":""0x1313131313131313"",""r13"":""0x1414141414141414"",""r14"":""0x1515151515151515"",""r15"":""0x1616161616161616"",""r8"":""0x0808080808080808"",""r9"":""0x0909090909090909"",""rax"":""0x1122334411111111"",""rbp"":""0x778899aabbccddee"",""rbx"":""0xa1b2c3d4e5f60718"",""rcx"":""0x0000000000000003"",""rdi"":""data+4093"",""rdx"":""0x99aabbccddeeff00"",""rflags"":""0x0000000000010203"",""rip"":""code+0"",""rsi"":""source+256"",""rsp"":""stack+32768"",""trapno"":""0x000000000000000e""},""kernel_sigmask"":""0000000000000000"",""pages"":{""fill"":""11"",""page2_mapped"":true,""patches"":[],""size"":8192},""partial_write"":false,""si_code"":2,""signal"":11,""six_flags"":{""AF"":0,""CF"":1,""OF"":0,""PF"":0,""SF"":0,""ZF"":0},""trap"":14,""uc_flags"":7,""uc_link"":""0x0000000000000000"",""uc_stack"":{""flags"":0,""size"":65536,""sp"":""altstack+0""}}]","0x3c across full destination footprint after mapping/protection repair, before sigreturn","{""fill"":""11"",""page2_mapped"":true,""patches"":[[4093,""3c3c3c3c""]],""size"":8192}","{""r10"":""0x1010101010101010"",""r11"":""0x1212121212121212"",""r12"":""0x1313131313131313"",""r13"":""0x1414141414141414"",""r14"":""0x1515151515151515"",""r15"":""0x1616161616161616"",""r8"":""0x0808080808080808"",""r9"":""0x0909090909090909"",""rax"":""0x000000003c3c3c3c"",""rbp"":""0x778899aabbccddee"",""rbx"":""0xa1b2c3d4e5f60718"",""rcx"":""0x0000000000000003"",""rdi"":""data+4093"",""rdx"":""0x99aabbccddeeff00"",""rflags"":""0x0000000000000293"",""rsi"":""source+256"",""rsp"":""stack+32768""}","{""AF"":1,""CF"":1,""OF"":0,""PF"":0,""SF"":1,""ZF"":0}",False,rmw.run1.jsonl.gz: matching form/layout/cross_offset/continuation
A,page_and_cacheline_cross,measured,True,True,cmpxchg_mismatch_64_lock,64,cross_rw_ro,1,4095,f0480fb11f,"[{""address"":""data+4096"",""error"":7,""execution_phase"":1,""fpstate_size"":2436,""gregs"":{""cr2"":""data+4096"",""csgsfs"":""0x002b000000000033"",""err"":""0x0000000000000007"",""oldmask"":""0x0000000000000000"",""r10"":""0x1010101010101010"",""r11"":""0x1212121212121212"",""r12"":""0x1313131313131313"",""r13"":""0x1414141414141414"",""r14"":""0x1515151515151515"",""r15"":""0x1616161616161616"",""r8"":""0x0808080808080808"",""r9"":""0x0909090909090909"",""rax"":""0x1122334455667788"",""rbp"":""0x778899aabbccddee"",""rbx"":""0xa1b2c3d4e5f60718"",""rcx"":""0x0000000000000003"",""rdi"":""data+4095"",""rdx"":""0x99aabbccddeeff00"",""rflags"":""0x0000000000010203"",""rip"":""code+0"",""rsi"":""source+256"",""rsp"":""stack+32768"",""trapno"":""0x000000000000000e""},""kernel_sigmask"":""0000000000000000"",""pages"":{""fill"":""11"",""page2_mapped"":true,""patches"":[],""size"":8192},""partial_write"":false,""si_code"":2,""signal"":11,""six_flags"":{""AF"":0,""CF"":1,""OF"":0,""PF"":0,""SF"":0,""ZF"":0},""trap"":14,""uc_flags"":7,""uc_link"":""0x0000000000000000"",""uc_stack"":{""flags"":0,""size"":65536,""sp"":""altstack+0""}}]","{""fill"":""11"",""page2_mapped"":true,""patches"":[],""size"":8192}","[{""address"":""data+4096"",""error"":7,""execution_phase"":1,""fpstate_size"":2436,""gregs"":{""cr2"":""data+4096"",""csgsfs"":""0x002b000000000033"",""err"":""0x0000000000000007"",""oldmask"":""0x0000000000000000"",""r10"":""0x1010101010101010"",""r11"":""0x1212121212121212"",""r12"":""0x1313131313131313"",""r13"":""0x1414141414141414"",""r14"":""0x1515151515151515"",""r15"":""0x1616161616161616"",""r8"":""0x0808080808080808"",""r9"":""0x0909090909090909"",""rax"":""0x1122334455667788"",""rbp"":""0x778899aabbccddee"",""rbx"":""0xa1b2c3d4e5f60718"",""rcx"":""0x0000000000000003"",""rdi"":""data+4095"",""rdx"":""0x99aabbccddeeff00"",""rflags"":""0x0000000000010203"",""rip"":""code+0"",""rsi"":""source+256"",""rsp"":""stack+32768"",""trapno"":""0x000000000000000e""},""kernel_sigmask"":""0000000000000000"",""pages"":{""fill"":""11"",""page2_mapped"":true,""patches"":[],""size"":8192},""partial_write"":false,""si_code"":2,""signal"":11,""six_flags"":{""AF"":0,""CF"":1,""OF"":0,""PF"":0,""SF"":0,""ZF"":0},""trap"":14,""uc_flags"":7,""uc_link"":""0x0000000000000000"",""uc_stack"":{""flags"":0,""size"":65536,""sp"":""altstack+0""}}]","0x3c across full destination footprint after mapping/protection repair, before sigreturn","{""fill"":""11"",""page2_mapped"":true,""patches"":[[4095,""3c3c3c3c3c3c3c3c""]],""size"":8192}","{""r10"":""0x1010101010101010"",""r11"":""0x1212121212121212"",""r12"":""0x1313131313131313"",""r13"":""0x1414141414141414"",""r14"":""0x1515151515151515"",""r15"":""0x1616161616161616"",""r8"":""0x0808080808080808"",""r9"":""0x0909090909090909"",""rax"":""0x3c3c3c3c3c3c3c3c"",""rbp"":""0x778899aabbccddee"",""rbx"":""0xa1b2c3d4e5f60718"",""rcx"":""0x0000000000000003"",""rdi"":""data+4095"",""rdx"":""0x99aabbccddeeff00"",""rflags"":""0x0000000000000293"",""rsi"":""source+256"",""rsp"":""stack+32768""}","{""AF"":1,""CF"":1,""OF"":0,""PF"":0,""SF"":1,""ZF"":0}",False,rmw.run1.jsonl.gz: matching form/layout/cross_offset/continuation
A,page_and_cacheline_cross,measured,True,True,cmpxchg_mismatch_64_lock,64,cross_rw_ro,2,4094,f0480fb11f,"[{""address"":""data+4096"",""error"":7,""execution_phase"":1,""fpstate_size"":2436,""gregs"":{""cr2"":""data+4096"",""csgsfs"":""0x002b000000000033"",""err"":""0x0000000000000007"",""oldmask"":""0x0000000000000000"",""r10"":""0x1010101010101010"",""r11"":""0x1212121212121212"",""r12"":""0x1313131313131313"",""r13"":""0x1414141414141414"",""r14"":""0x1515151515151515"",""r15"":""0x1616161616161616"",""r8"":""0x0808080808080808"",""r9"":""0x0909090909090909"",""rax"":""0x1122334455667788"",""rbp"":""0x778899aabbccddee"",""rbx"":""0xa1b2c3d4e5f60718"",""rcx"":""0x0000000000000003"",""rdi"":""data+4094"",""rdx"":""0x99aabbccddeeff00"",""rflags"":""0x0000000000010203"",""rip"":""code+0"",""rsi"":""source+256"",""rsp"":""stack+32768"",""trapno"":""0x000000000000000e""},""kernel_sigmask"":""0000000000000000"",""pages"":{""fill"":""11"",""page2_mapped"":true,""patches"":[],""size"":8192},""partial_write"":false,""si_code"":2,""signal"":11,""six_flags"":{""AF"":0,""CF"":1,""OF"":0,""PF"":0,""SF"":0,""ZF"":0},""trap"":14,""uc_flags"":7,""uc_link"":""0x0000000000000000"",""uc_stack"":{""flags"":0,""size"":65536,""sp"":""altstack+0""}}]","{""fill"":""11"",""page2_mapped"":true,""patches"":[],""size"":8192}","[{""address"":""data+4096"",""error"":7,""execution_phase"":1,""fpstate_size"":2436,""gregs"":{""cr2"":""data+4096"",""csgsfs"":""0x002b000000000033"",""err"":""0x0000000000000007"",""oldmask"":""0x0000000000000000"",""r10"":""0x1010101010101010"",""r11"":""0x1212121212121212"",""r12"":""0x1313131313131313"",""r13"":""0x1414141414141414"",""r14"":""0x1515151515151515"",""r15"":""0x1616161616161616"",""r8"":""0x0808080808080808"",""r9"":""0x0909090909090909"",""rax"":""0x1122334455667788"",""rbp"":""0x778899aabbccddee"",""rbx"":""0xa1b2c3d4e5f60718"",""rcx"":""0x0000000000000003"",""rdi"":""data+4094"",""rdx"":""0x99aabbccddeeff00"",""rflags"":""0x0000000000010203"",""rip"":""code+0"",""rsi"":""source+256"",""rsp"":""stack+32768"",""trapno"":""0x000000000000000e""},""kernel_sigmask"":""0000000000000000"",""pages"":{""fill"":""11"",""page2_mapped"":true,""patches"":[],""size"":8192},""partial_write"":false,""si_code"":2,""signal"":11,""six_flags"":{""AF"":0,""CF"":1,""OF"":0,""PF"":0,""SF"":0,""ZF"":0},""trap"":14,""uc_flags"":7,""uc_link"":""0x0000000000000000"",""uc_stack"":{""flags"":0,""size"":65536,""sp"":""altstack+0""}}]","0x3c across full destination footprint after mapping/protection repair, before sigreturn","{""fill"":""11"",""page2_mapped"":true,""patches"":[[4094,""3c3c3c3c3c3c3c3c""]],""size"":8192}","{""r10"":""0x1010101010101010"",""r11"":""0x1212121212121212"",""r12"":""0x1313131313131313"",""r13"":""0x1414141414141414"",""r14"":""0x1515151515151515"",""r15"":""0x1616161616161616"",""r8"":""0x0808080808080808"",""r9"":""0x0909090909090909"",""rax"":""0x3c3c3c3c3c3c3c3c"",""rbp"":""0x778899aabbccddee"",""rbx"":""0xa1b2c3d4e5f60718"",""rcx"":""0x0000000000000003"",""rdi"":""data+4094"",""rdx"":""0x99aabbccddeeff00"",""rflags"":""0x0000000000000293"",""rsi"":""source+256"",""rsp"":""stack+32768""}","{""AF"":1,""CF"":1,""OF"":0,""PF"":0,""SF"":1,""ZF"":0}",False,rmw.run1.jsonl.gz: matching form/layout/cross_offset/continuation
A,page_and_cacheline_cross,measured,True,True,cmpxchg_mismatch_64_lock,64,cross_rw_ro,3,4093,f0480fb11f,"[{""address"":""data+4096"",""error"":7,""execution_phase"":1,""fpstate_size"":2436,""gregs"":{""cr2"":""data+4096"",""csgsfs"":""0x002b000000000033"",""err"":""0x0000000000000007"",""oldmask"":""0x0000000000000000"",""r10"":""0x1010101010101010"",""r11"":""0x1212121212121212"",""r12"":""0x1313131313131313"",""r13"":""0x1414141414141414"",""r14"":""0x1515151515151515"",""r15"":""0x1616161616161616"",""r8"":""0x0808080808080808"",""r9"":""0x0909090909090909"",""rax"":""0x1122334455667788"",""rbp"":""0x778899aabbccddee"",""rbx"":""0xa1b2c3d4e5f60718"",""rcx"":""0x0000000000000003"",""rdi"":""data+4093"",""rdx"":""0x99aabbccddeeff00"",""rflags"":""0x0000000000010203"",""rip"":""code+0"",""rsi"":""source+256"",""rsp"":""stack+32768"",""trapno"":""0x000000000000000e""},""kernel_sigmask"":""0000000000000000"",""pages"":{""fill"":""11"",""page2_mapped"":true,""patches"":[],""size"":8192},""partial_write"":false,""si_code"":2,""signal"":11,""six_flags"":{""AF"":0,""CF"":1,""OF"":0,""PF"":0,""SF"":0,""ZF"":0},""trap"":14,""uc_flags"":7,""uc_link"":""0x0000000000000000"",""uc_stack"":{""flags"":0,""size"":65536,""sp"":""altstack+0""}}]","{""fill"":""11"",""page2_mapped"":true,""patches"":[],""size"":8192}","[{""address"":""data+4096"",""error"":7,""execution_phase"":1,""fpstate_size"":2436,""gregs"":{""cr2"":""data+4096"",""csgsfs"":""0x002b000000000033"",""err"":""0x0000000000000007"",""oldmask"":""0x0000000000000000"",""r10"":""0x1010101010101010"",""r11"":""0x1212121212121212"",""r12"":""0x1313131313131313"",""r13"":""0x1414141414141414"",""r14"":""0x1515151515151515"",""r15"":""0x1616161616161616"",""r8"":""0x0808080808080808"",""r9"":""0x0909090909090909"",""rax"":""0x1122334455667788"",""rbp"":""0x778899aabbccddee"",""rbx"":""0xa1b2c3d4e5f60718"",""rcx"":""0x0000000000000003"",""rdi"":""data+4093"",""rdx"":""0x99aabbccddeeff00"",""rflags"":""0x0000000000010203"",""rip"":""code+0"",""rsi"":""source+256"",""rsp"":""stack+32768"",""trapno"":""0x000000000000000e""},""kernel_sigmask"":""0000000000000000"",""pages"":{""fill"":""11"",""page2_mapped"":true,""patches"":[],""size"":8192},""partial_write"":false,""si_code"":2,""signal"":11,""six_flags"":{""AF"":0,""CF"":1,""OF"":0,""PF"":0,""SF"":0,""ZF"":0},""trap"":14,""uc_flags"":7,""uc_link"":""0x0000000000000000"",""uc_stack"":{""flags"":0,""size"":65536,""sp"":""altstack+0""}}]","0x3c across full destination footprint after mapping/protection repair, before sigreturn","{""fill"":""11"",""page2_mapped"":true,""patches"":[[4093,""3c3c3c3c3c3c3c3c""]],""size"":8192}","{""r10"":""0x1010101010101010"",""r11"":""0x1212121212121212"",""r12"":""0x1313131313131313"",""r13"":""0x1414141414141414"",""r14"":""0x1515151515151515"",""r15"":""0x1616161616161616"",""r8"":""0x0808080808080808"",""r9"":""0x0909090909090909"",""rax"":""0x3c3c3c3c3c3c3c3c"",""rbp"":""0x778899aabbccddee"",""rbx"":""0xa1b2c3d4e5f60718"",""rcx"":""0x0000000000000003"",""rdi"":""data+4093"",""rdx"":""0x99aabbccddeeff00"",""rflags"":""0x0000000000000293"",""rsi"":""source+256"",""rsp"":""stack+32768""}","{""AF"":1,""CF"":1,""OF"":0,""PF"":0,""SF"":1,""ZF"":0}",False,rmw.run1.jsonl.gz: matching form/layout/cross_offset/continuation
A,page_and_cacheline_cross,measured,True,True,cmpxchg_mismatch_64_lock,64,cross_rw_ro,4,4092,f0480fb11f,"[{""address"":""data+4096"",""error"":7,""execution_phase"":1,""fpstate_size"":2436,""gregs"":{""cr2"":""data+4096"",""csgsfs"":""0x002b000000000033"",""err"":""0x0000000000000007"",""oldmask"":""0x0000000000000000"",""r10"":""0x1010101010101010"",""r11"":""0x1212121212121212"",""r12"":""0x1313131313131313"",""r13"":""0x1414141414141414"",""r14"":""0x1515151515151515"",""r15"":""0x1616161616161616"",""r8"":""0x0808080808080808"",""r9"":""0x0909090909090909"",""rax"":""0x1122334455667788"",""rbp"":""0x778899aabbccddee"",""rbx"":""0xa1b2c3d4e5f60718"",""rcx"":""0x0000000000000003"",""rdi"":""data+4092"",""rdx"":""0x99aabbccddeeff00"",""rflags"":""0x0000000000010203"",""rip"":""code+0"",""rsi"":""source+256"",""rsp"":""stack+32768"",""trapno"":""0x000000000000000e""},""kernel_sigmask"":""0000000000000000"",""pages"":{""fill"":""11"",""page2_mapped"":true,""patches"":[],""size"":8192},""partial_write"":false,""si_code"":2,""signal"":11,""six_flags"":{""AF"":0,""CF"":1,""OF"":0,""PF"":0,""SF"":0,""ZF"":0},""trap"":14,""uc_flags"":7,""uc_link"":""0x0000000000000000"",""uc_stack"":{""flags"":0,""size"":65536,""sp"":""altstack+0""}}]","{""fill"":""11"",""page2_mapped"":true,""patches"":[],""size"":8192}","[{""address"":""data+4096"",""error"":7,""execution_phase"":1,""fpstate_size"":2436,""gregs"":{""cr2"":""data+4096"",""csgsfs"":""0x002b000000000033"",""err"":""0x0000000000000007"",""oldmask"":""0x0000000000000000"",""r10"":""0x1010101010101010"",""r11"":""0x1212121212121212"",""r12"":""0x1313131313131313"",""r13"":""0x1414141414141414"",""r14"":""0x1515151515151515"",""r15"":""0x1616161616161616"",""r8"":""0x0808080808080808"",""r9"":""0x0909090909090909"",""rax"":""0x1122334455667788"",""rbp"":""0x778899aabbccddee"",""rbx"":""0xa1b2c3d4e5f60718"",""rcx"":""0x0000000000000003"",""rdi"":""data+4092"",""rdx"":""0x99aabbccddeeff00"",""rflags"":""0x0000000000010203"",""rip"":""code+0"",""rsi"":""source+256"",""rsp"":""stack+32768"",""trapno"":""0x000000000000000e""},""kernel_sigmask"":""0000000000000000"",""pages"":{""fill"":""11"",""page2_mapped"":true,""patches"":[],""size"":8192},""partial_write"":false,""si_code"":2,""signal"":11,""six_flags"":{""AF"":0,""CF"":1,""OF"":0,""PF"":0,""SF"":0,""ZF"":0},""trap"":14,""uc_flags"":7,""uc_link"":""0x0000000000000000"",""uc_stack"":{""flags"":0,""size"":65536,""sp"":""altstack+0""}}]","0x3c across full destination footprint after mapping/protection repair, before sigreturn","{""fill"":""11"",""page2_mapped"":true,""patches"":[[4092,""3c3c3c3c3c3c3c3c""]],""size"":8192}","{""r10"":""0x1010101010101010"",""r11"":""0x1212121212121212"",""r12"":""0x1313131313131313"",""r13"":""0x1414141414141414"",""r14"":""0x1515151515151515"",""r15"":""0x1616161616161616"",""r8"":""0x0808080808080808"",""r9"":""0x0909090909090909"",""rax"":""0x3c3c3c3c3c3c3c3c"",""rbp"":""0x778899aabbccddee"",""rbx"":""0xa1b2c3d4e5f60718"",""rcx"":""0x0000000000000003"",""rdi"":""data+4092"",""rdx"":""0x99aabbccddeeff00"",""rflags"":""0x0000000000000293"",""rsi"":""source+256"",""rsp"":""stack+32768""}","{""AF"":1,""CF"":1,""OF"":0,""PF"":0,""SF"":1,""ZF"":0}",False,rmw.run1.jsonl.gz: matching form/layout/cross_offset/continuation
A,page_and_cacheline_cross,measured,True,True,cmpxchg_mismatch_64_lock,64,cross_rw_ro,5,4091,f0480fb11f,"[{""address"":""data+4096"",""error"":7,""execution_phase"":1,""fpstate_size"":2436,""gregs"":{""cr2"":""data+4096"",""csgsfs"":""0x002b000000000033"",""err"":""0x0000000000000007"",""oldmask"":""0x0000000000000000"",""r10"":""0x1010101010101010"",""r11"":""0x1212121212121212"",""r12"":""0x1313131313131313"",""r13"":""0x1414141414141414"",""r14"":""0x1515151515151515"",""r15"":""0x1616161616161616"",""r8"":""0x0808080808080808"",""r9"":""0x0909090909090909"",""rax"":""0x1122334455667788"",""rbp"":""0x778899aabbccddee"",""rbx"":""0xa1b2c3d4e5f60718"",""rcx"":""0x0000000000000003"",""rdi"":""data+4091"",""rdx"":""0x99aabbccddeeff00"",""rflags"":""0x0000000000010203"",""rip"":""code+0"",""rsi"":""source+256"",""rsp"":""stack+32768"",""trapno"":""0x000000000000000e""},""kernel_sigmask"":""0000000000000000"",""pages"":{""fill"":""11"",""page2_mapped"":true,""patches"":[],""size"":8192},""partial_write"":false,""si_code"":2,""signal"":11,""six_flags"":{""AF"":0,""CF"":1,""OF"":0,""PF"":0,""SF"":0,""ZF"":0},""trap"":14,""uc_flags"":7,""uc_link"":""0x0000000000000000"",""uc_stack"":{""flags"":0,""size"":65536,""sp"":""altstack+0""}}]","{""fill"":""11"",""page2_mapped"":true,""patches"":[],""size"":8192}","[{""address"":""data+4096"",""error"":7,""execution_phase"":1,""fpstate_size"":2436,""gregs"":{""cr2"":""data+4096"",""csgsfs"":""0x002b000000000033"",""err"":""0x0000000000000007"",""oldmask"":""0x0000000000000000"",""r10"":""0x1010101010101010"",""r11"":""0x1212121212121212"",""r12"":""0x1313131313131313"",""r13"":""0x1414141414141414"",""r14"":""0x1515151515151515"",""r15"":""0x1616161616161616"",""r8"":""0x0808080808080808"",""r9"":""0x0909090909090909"",""rax"":""0x1122334455667788"",""rbp"":""0x778899aabbccddee"",""rbx"":""0xa1b2c3d4e5f60718"",""rcx"":""0x0000000000000003"",""rdi"":""data+4091"",""rdx"":""0x99aabbccddeeff00"",""rflags"":""0x0000000000010203"",""rip"":""code+0"",""rsi"":""source+256"",""rsp"":""stack+32768"",""trapno"":""0x000000000000000e""},""kernel_sigmask"":""0000000000000000"",""pages"":{""fill"":""11"",""page2_mapped"":true,""patches"":[],""size"":8192},""partial_write"":false,""si_code"":2,""signal"":11,""six_flags"":{""AF"":0,""CF"":1,""OF"":0,""PF"":0,""SF"":0,""ZF"":0},""trap"":14,""uc_flags"":7,""uc_link"":""0x0000000000000000"",""uc_stack"":{""flags"":0,""size"":65536,""sp"":""altstack+0""}}]","0x3c across full destination footprint after mapping/protection repair, before sigreturn","{""fill"":""11"",""page2_mapped"":true,""patches"":[[4091,""3c3c3c3c3c3c3c3c""]],""size"":8192}","{""r10"":""0x1010101010101010"",""r11"":""0x1212121212121212"",""r12"":""0x1313131313131313"",""r13"":""0x1414141414141414"",""r14"":""0x1515151515151515"",""r15"":""0x1616161616161616"",""r8"":""0x0808080808080808"",""r9"":""0x0909090909090909"",""rax"":""0x3c3c3c3c3c3c3c3c"",""rbp"":""0x778899aabbccddee"",""rbx"":""0xa1b2c3d4e5f60718"",""rcx"":""0x0000000000000003"",""rdi"":""data+4091"",""rdx"":""0x99aabbccddeeff00"",""rflags"":""0x0000000000000293"",""rsi"":""source+256"",""rsp"":""stack+32768""}","{""AF"":1,""CF"":1,""OF"":0,""PF"":0,""SF"":1,""ZF"":0}",False,rmw.run1.jsonl.gz: matching form/layout/cross_offset/continuation
A,page_and_cacheline_cross,measured,True,True,cmpxchg_mismatch_64_lock,64,cross_rw_ro,6,4090,f0480fb11f,"[{""address"":""data+4096"",""error"":7,""execution_phase"":1,""fpstate_size"":2436,""gregs"":{""cr2"":""data+4096"",""csgsfs"":""0x002b000000000033"",""err"":""0x0000000000000007"",""oldmask"":""0x0000000000000000"",""r10"":""0x1010101010101010"",""r11"":""0x1212121212121212"",""r12"":""0x1313131313131313"",""r13"":""0x1414141414141414"",""r14"":""0x1515151515151515"",""r15"":""0x1616161616161616"",""r8"":""0x0808080808080808"",""r9"":""0x0909090909090909"",""rax"":""0x1122334455667788"",""rbp"":""0x778899aabbccddee"",""rbx"":""0xa1b2c3d4e5f60718"",""rcx"":""0x0000000000000003"",""rdi"":""data+4090"",""rdx"":""0x99aabbccddeeff00"",""rflags"":""0x0000000000010203"",""rip"":""code+0"",""rsi"":""source+256"",""rsp"":""stack+32768"",""trapno"":""0x000000000000000e""},""kernel_sigmask"":""0000000000000000"",""pages"":{""fill"":""11"",""page2_mapped"":true,""patches"":[],""size"":8192},""partial_write"":false,""si_code"":2,""signal"":11,""six_flags"":{""AF"":0,""CF"":1,""OF"":0,""PF"":0,""SF"":0,""ZF"":0},""trap"":14,""uc_flags"":7,""uc_link"":""0x0000000000000000"",""uc_stack"":{""flags"":0,""size"":65536,""sp"":""altstack+0""}}]","{""fill"":""11"",""page2_mapped"":true,""patches"":[],""size"":8192}","[{""address"":""data+4096"",""error"":7,""execution_phase"":1,""fpstate_size"":2436,""gregs"":{""cr2"":""data+4096"",""csgsfs"":""0x002b000000000033"",""err"":""0x0000000000000007"",""oldmask"":""0x0000000000000000"",""r10"":""0x1010101010101010"",""r11"":""0x1212121212121212"",""r12"":""0x1313131313131313"",""r13"":""0x1414141414141414"",""r14"":""0x1515151515151515"",""r15"":""0x1616161616161616"",""r8"":""0x0808080808080808"",""r9"":""0x0909090909090909"",""rax"":""0x1122334455667788"",""rbp"":""0x778899aabbccddee"",""rbx"":""0xa1b2c3d4e5f60718"",""rcx"":""0x0000000000000003"",""rdi"":""data+4090"",""rdx"":""0x99aabbccddeeff00"",""rflags"":""0x0000000000010203"",""rip"":""code+0"",""rsi"":""source+256"",""rsp"":""stack+32768"",""trapno"":""0x000000000000000e""},""kernel_sigmask"":""0000000000000000"",""pages"":{""fill"":""11"",""page2_mapped"":true,""patches"":[],""size"":8192},""partial_write"":false,""si_code"":2,""signal"":11,""six_flags"":{""AF"":0,""CF"":1,""OF"":0,""PF"":0,""SF"":0,""ZF"":0},""trap"":14,""uc_flags"":7,""uc_link"":""0x0000000000000000"",""uc_stack"":{""flags"":0,""size"":65536,""sp"":""altstack+0""}}]","0x3c across full destination footprint after mapping/protection repair, before sigreturn","{""fill"":""11"",""page2_mapped"":true,""patches"":[[4090,""3c3c3c3c3c3c3c3c""]],""size"":8192}","{""r10"":""0x1010101010101010"",""r11"":""0x1212121212121212"",""r12"":""0x1313131313131313"",""r13"":""0x1414141414141414"",""r14"":""0x1515151515151515"",""r15"":""0x1616161616161616"",""r8"":""0x0808080808080808"",""r9"":""0x0909090909090909"",""rax"":""0x3c3c3c3c3c3c3c3c"",""rbp"":""0x778899aabbccddee"",""rbx"":""0xa1b2c3d4e5f60718"",""rcx"":""0x0000000000000003"",""rdi"":""data+4090"",""rdx"":""0x99aabbccddeeff00"",""rflags"":""0x0000000000000293"",""rsi"":""source+256"",""rsp"":""stack+32768""}","{""AF"":1,""CF"":1,""OF"":0,""PF"":0,""SF"":1,""ZF"":0}",False,rmw.run1.jsonl.gz: matching form/layout/cross_offset/continuation
A,page_and_cacheline_cross,measured,True,True,cmpxchg_mismatch_64_lock,64,cross_rw_ro,7,4089,f0480fb11f,"[{""address"":""data+4096"",""error"":7,""execution_phase"":1,""fpstate_size"":2436,""gregs"":{""cr2"":""data+4096"",""csgsfs"":""0x002b000000000033"",""err"":""0x0000000000000007"",""oldmask"":""0x0000000000000000"",""r10"":""0x1010101010101010"",""r11"":""0x1212121212121212"",""r12"":""0x1313131313131313"",""r13"":""0x1414141414141414"",""r14"":""0x1515151515151515"",""r15"":""0x1616161616161616"",""r8"":""0x0808080808080808"",""r9"":""0x0909090909090909"",""rax"":""0x1122334455667788"",""rbp"":""0x778899aabbccddee"",""rbx"":""0xa1b2c3d4e5f60718"",""rcx"":""0x0000000000000003"",""rdi"":""data+4089"",""rdx"":""0x99aabbccddeeff00"",""rflags"":""0x0000000000010203"",""rip"":""code+0"",""rsi"":""source+256"",""rsp"":""stack+32768"",""trapno"":""0x000000000000000e""},""kernel_sigmask"":""0000000000000000"",""pages"":{""fill"":""11"",""page2_mapped"":true,""patches"":[],""size"":8192},""partial_write"":false,""si_code"":2,""signal"":11,""six_flags"":{""AF"":0,""CF"":1,""OF"":0,""PF"":0,""SF"":0,""ZF"":0},""trap"":14,""uc_flags"":7,""uc_link"":""0x0000000000000000"",""uc_stack"":{""flags"":0,""size"":65536,""sp"":""altstack+0""}}]","{""fill"":""11"",""page2_mapped"":true,""patches"":[],""size"":8192}","[{""address"":""data+4096"",""error"":7,""execution_phase"":1,""fpstate_size"":2436,""gregs"":{""cr2"":""data+4096"",""csgsfs"":""0x002b000000000033"",""err"":""0x0000000000000007"",""oldmask"":""0x0000000000000000"",""r10"":""0x1010101010101010"",""r11"":""0x1212121212121212"",""r12"":""0x1313131313131313"",""r13"":""0x1414141414141414"",""r14"":""0x1515151515151515"",""r15"":""0x1616161616161616"",""r8"":""0x0808080808080808"",""r9"":""0x0909090909090909"",""rax"":""0x1122334455667788"",""rbp"":""0x778899aabbccddee"",""rbx"":""0xa1b2c3d4e5f60718"",""rcx"":""0x0000000000000003"",""rdi"":""data+4089"",""rdx"":""0x99aabbccddeeff00"",""rflags"":""0x0000000000010203"",""rip"":""code+0"",""rsi"":""source+256"",""rsp"":""stack+32768"",""trapno"":""0x000000000000000e""},""kernel_sigmask"":""0000000000000000"",""pages"":{""fill"":""11"",""page2_mapped"":true,""patches"":[],""size"":8192},""partial_write"":false,""si_code"":2,""signal"":11,""six_flags"":{""AF"":0,""CF"":1,""OF"":0,""PF"":0,""SF"":0,""ZF"":0},""trap"":14,""uc_flags"":7,""uc_link"":""0x0000000000000000"",""uc_stack"":{""flags"":0,""size"":65536,""sp"":""altstack+0""}}]","0x3c across full destination footprint after mapping/protection repair, before sigreturn","{""fill"":""11"",""page2_mapped"":true,""patches"":[[4089,""3c3c3c3c3c3c3c3c""]],""size"":8192}","{""r10"":""0x1010101010101010"",""r11"":""0x1212121212121212"",""r12"":""0x1313131313131313"",""r13"":""0x1414141414141414"",""r14"":""0x1515151515151515"",""r15"":""0x1616161616161616"",""r8"":""0x0808080808080808"",""r9"":""0x0909090909090909"",""rax"":""0x3c3c3c3c3c3c3c3c"",""rbp"":""0x778899aabbccddee"",""rbx"":""0xa1b2c3d4e5f60718"",""rcx"":""0x0000000000000003"",""rdi"":""data+4089"",""rdx"":""0x99aabbccddeeff00"",""rflags"":""0x0000000000000293"",""rsi"":""source+256"",""rsp"":""stack+32768""}","{""AF"":1,""CF"":1,""OF"":0,""PF"":0,""SF"":1,""ZF"":0}",False,rmw.run1.jsonl.gz: matching form/layout/cross_offset/continuation
A,page_and_cacheline_cross,measured,True,True,cmpxchg_mismatch_64_lock,64,cross_ro_rw,1,4095,f0480fb11f,"[{""address"":""data+4095"",""error"":7,""execution_phase"":1,""fpstate_size"":2436,""gregs"":{""cr2"":""data+4095"",""csgsfs"":""0x002b000000000033"",""err"":""0x0000000000000007"",""oldmask"":""0x0000000000000000"",""r10"":""0x1010101010101010"",""r11"":""0x1212121212121212"",""r12"":""0x1313131313131313"",""r13"":""0x1414141414141414"",""r14"":""0x1515151515151515"",""r15"":""0x1616161616161616"",""r8"":""0x0808080808080808"",""r9"":""0x0909090909090909"",""rax"":""0x1122334455667788"",""rbp"":""0x778899aabbccddee"",""rbx"":""0xa1b2c3d4e5f60718"",""rcx"":""0x0000000000000003"",""rdi"":""data+4095"",""rdx"":""0x99aabbccddeeff00"",""rflags"":""0x0000000000010203"",""rip"":""code+0"",""rsi"":""source+256"",""rsp"":""stack+32768"",""trapno"":""0x000000000000000e""},""kernel_sigmask"":""0000000000000000"",""pages"":{""fill"":""11"",""page2_mapped"":true,""patches"":[],""size"":8192},""partial_write"":false,""si_code"":2,""signal"":11,""six_flags"":{""AF"":0,""CF"":1,""OF"":0,""PF"":0,""SF"":0,""ZF"":0},""trap"":14,""uc_flags"":7,""uc_link"":""0x0000000000000000"",""uc_stack"":{""flags"":0,""size"":65536,""sp"":""altstack+0""}}]","{""fill"":""11"",""page2_mapped"":true,""patches"":[],""size"":8192}","[{""address"":""data+4095"",""error"":7,""execution_phase"":1,""fpstate_size"":2436,""gregs"":{""cr2"":""data+4095"",""csgsfs"":""0x002b000000000033"",""err"":""0x0000000000000007"",""oldmask"":""0x0000000000000000"",""r10"":""0x1010101010101010"",""r11"":""0x1212121212121212"",""r12"":""0x1313131313131313"",""r13"":""0x1414141414141414"",""r14"":""0x1515151515151515"",""r15"":""0x1616161616161616"",""r8"":""0x0808080808080808"",""r9"":""0x0909090909090909"",""rax"":""0x1122334455667788"",""rbp"":""0x778899aabbccddee"",""rbx"":""0xa1b2c3d4e5f60718"",""rcx"":""0x0000000000000003"",""rdi"":""data+4095"",""rdx"":""0x99aabbccddeeff00"",""rflags"":""0x0000000000010203"",""rip"":""code+0"",""rsi"":""source+256"",""rsp"":""stack+32768"",""trapno"":""0x000000000000000e""},""kernel_sigmask"":""0000000000000000"",""pages"":{""fill"":""11"",""page2_mapped"":true,""patches"":[],""size"":8192},""partial_write"":false,""si_code"":2,""signal"":11,""six_flags"":{""AF"":0,""CF"":1,""OF"":0,""PF"":0,""SF"":0,""ZF"":0},""trap"":14,""uc_flags"":7,""uc_link"":""0x0000000000000000"",""uc_stack"":{""flags"":0,""size"":65536,""sp"":""altstack+0""}}]","0x3c across full destination footprint after mapping/protection repair, before sigreturn","{""fill"":""11"",""page2_mapped"":true,""patches"":[[4095,""3c3c3c3c3c3c3c3c""]],""size"":8192}","{""r10"":""0x1010101010101010"",""r11"":""0x1212121212121212"",""r12"":""0x1313131313131313"",""r13"":""0x1414141414141414"",""r14"":""0x1515151515151515"",""r15"":""0x1616161616161616"",""r8"":""0x0808080808080808"",""r9"":""0x0909090909090909"",""rax"":""0x3c3c3c3c3c3c3c3c"",""rbp"":""0x778899aabbccddee"",""rbx"":""0xa1b2c3d4e5f60718"",""rcx"":""0x0000000000000003"",""rdi"":""data+4095"",""rdx"":""0x99aabbccddeeff00"",""rflags"":""0x0000000000000293"",""rsi"":""source+256"",""rsp"":""stack+32768""}","{""AF"":1,""CF"":1,""OF"":0,""PF"":0,""SF"":1,""ZF"":0}",False,rmw.run1.jsonl.gz: matching form/layout/cross_offset/continuation
A,page_and_cacheline_cross,measured,True,True,cmpxchg_mismatch_64_lock,64,cross_ro_rw,2,4094,f0480fb11f,"[{""address"":""data+4094"",""error"":7,""execution_phase"":1,""fpstate_size"":2436,""gregs"":{""cr2"":""data+4094"",""csgsfs"":""0x002b000000000033"",""err"":""0x0000000000000007"",""oldmask"":""0x0000000000000000"",""r10"":""0x1010101010101010"",""r11"":""0x1212121212121212"",""r12"":""0x1313131313131313"",""r13"":""0x1414141414141414"",""r14"":""0x1515151515151515"",""r15"":""0x1616161616161616"",""r8"":""0x0808080808080808"",""r9"":""0x0909090909090909"",""rax"":""0x1122334455667788"",""rbp"":""0x778899aabbccddee"",""rbx"":""0xa1b2c3d4e5f60718"",""rcx"":""0x0000000000000003"",""rdi"":""data+4094"",""rdx"":""0x99aabbccddeeff00"",""rflags"":""0x0000000000010203"",""rip"":""code+0"",""rsi"":""source+256"",""rsp"":""stack+32768"",""trapno"":""0x000000000000000e""},""kernel_sigmask"":""0000000000000000"",""pages"":{""fill"":""11"",""page2_mapped"":true,""patches"":[],""size"":8192},""partial_write"":false,""si_code"":2,""signal"":11,""six_flags"":{""AF"":0,""CF"":1,""OF"":0,""PF"":0,""SF"":0,""ZF"":0},""trap"":14,""uc_flags"":7,""uc_link"":""0x0000000000000000"",""uc_stack"":{""flags"":0,""size"":65536,""sp"":""altstack+0""}}]","{""fill"":""11"",""page2_mapped"":true,""patches"":[],""size"":8192}","[{""address"":""data+4094"",""error"":7,""execution_phase"":1,""fpstate_size"":2436,""gregs"":{""cr2"":""data+4094"",""csgsfs"":""0x002b000000000033"",""err"":""0x0000000000000007"",""oldmask"":""0x0000000000000000"",""r10"":""0x1010101010101010"",""r11"":""0x1212121212121212"",""r12"":""0x1313131313131313"",""r13"":""0x1414141414141414"",""r14"":""0x1515151515151515"",""r15"":""0x1616161616161616"",""r8"":""0x0808080808080808"",""r9"":""0x0909090909090909"",""rax"":""0x1122334455667788"",""rbp"":""0x778899aabbccddee"",""rbx"":""0xa1b2c3d4e5f60718"",""rcx"":""0x0000000000000003"",""rdi"":""data+4094"",""rdx"":""0x99aabbccddeeff00"",""rflags"":""0x0000000000010203"",""rip"":""code+0"",""rsi"":""source+256"",""rsp"":""stack+32768"",""trapno"":""0x000000000000000e""},""kernel_sigmask"":""0000000000000000"",""pages"":{""fill"":""11"",""page2_mapped"":true,""patches"":[],""size"":8192},""partial_write"":false,""si_code"":2,""signal"":11,""six_flags"":{""AF"":0,""CF"":1,""OF"":0,""PF"":0,""SF"":0,""ZF"":0},""trap"":14,""uc_flags"":7,""uc_link"":""0x0000000000000000"",""uc_stack"":{""flags"":0,""size"":65536,""sp"":""altstack+0""}}]","0x3c across full destination footprint after mapping/protection repair, before sigreturn","{""fill"":""11"",""page2_mapped"":true,""patches"":[[4094,""3c3c3c3c3c3c3c3c""]],""size"":8192}","{""r10"":""0x1010101010101010"",""r11"":""0x1212121212121212"",""r12"":""0x1313131313131313"",""r13"":""0x1414141414141414"",""r14"":""0x1515151515151515"",""r15"":""0x1616161616161616"",""r8"":""0x0808080808080808"",""r9"":""0x0909090909090909"",""rax"":""0x3c3c3c3c3c3c3c3c"",""rbp"":""0x778899aabbccddee"",""rbx"":""0xa1b2c3d4e5f60718"",""rcx"":""0x0000000000000003"",""rdi"":""data+4094"",""rdx"":""0x99aabbccddeeff00"",""rflags"":""0x0000000000000293"",""rsi"":""source+256"",""rsp"":""stack+32768""}","{""AF"":1,""CF"":1,""OF"":0,""PF"":0,""SF"":1,""ZF"":0}",False,rmw.run1.jsonl.gz: matching form/layout/cross_offset/continuation
A,page_and_cacheline_cross,measured,True,True,cmpxchg_mismatch_64_lock,64,cross_ro_rw,3,4093,f0480fb11f,"[{""address"":""data+4093"",""error"":7,""execution_phase"":1,""fpstate_size"":2436,""gregs"":{""cr2"":""data+4093"",""csgsfs"":""0x002b000000000033"",""err"":""0x0000000000000007"",""oldmask"":""0x0000000000000000"",""r10"":""0x1010101010101010"",""r11"":""0x1212121212121212"",""r12"":""0x1313131313131313"",""r13"":""0x1414141414141414"",""r14"":""0x1515151515151515"",""r15"":""0x1616161616161616"",""r8"":""0x0808080808080808"",""r9"":""0x0909090909090909"",""rax"":""0x1122334455667788"",""rbp"":""0x778899aabbccddee"",""rbx"":""0xa1b2c3d4e5f60718"",""rcx"":""0x0000000000000003"",""rdi"":""data+4093"",""rdx"":""0x99aabbccddeeff00"",""rflags"":""0x0000000000010203"",""rip"":""code+0"",""rsi"":""source+256"",""rsp"":""stack+32768"",""trapno"":""0x000000000000000e""},""kernel_sigmask"":""0000000000000000"",""pages"":{""fill"":""11"",""page2_mapped"":true,""patches"":[],""size"":8192},""partial_write"":false,""si_code"":2,""signal"":11,""six_flags"":{""AF"":0,""CF"":1,""OF"":0,""PF"":0,""SF"":0,""ZF"":0},""trap"":14,""uc_flags"":7,""uc_link"":""0x0000000000000000"",""uc_stack"":{""flags"":0,""size"":65536,""sp"":""altstack+0""}}]","{""fill"":""11"",""page2_mapped"":true,""patches"":[],""size"":8192}","[{""address"":""data+4093"",""error"":7,""execution_phase"":1,""fpstate_size"":2436,""gregs"":{""cr2"":""data+4093"",""csgsfs"":""0x002b000000000033"",""err"":""0x0000000000000007"",""oldmask"":""0x0000000000000000"",""r10"":""0x1010101010101010"",""r11"":""0x1212121212121212"",""r12"":""0x1313131313131313"",""r13"":""0x1414141414141414"",""r14"":""0x1515151515151515"",""r15"":""0x1616161616161616"",""r8"":""0x0808080808080808"",""r9"":""0x0909090909090909"",""rax"":""0x1122334455667788"",""rbp"":""0x778899aabbccddee"",""rbx"":""0xa1b2c3d4e5f60718"",""rcx"":""0x0000000000000003"",""rdi"":""data+4093"",""rdx"":""0x99aabbccddeeff00"",""rflags"":""0x0000000000010203"",""rip"":""code+0"",""rsi"":""source+256"",""rsp"":""stack+32768"",""trapno"":""0x000000000000000e""},""kernel_sigmask"":""0000000000000000"",""pages"":{""fill"":""11"",""page2_mapped"":true,""patches"":[],""size"":8192},""partial_write"":false,""si_code"":2,""signal"":11,""six_flags"":{""AF"":0,""CF"":1,""OF"":0,""PF"":0,""SF"":0,""ZF"":0},""trap"":14,""uc_flags"":7,""uc_link"":""0x0000000000000000"",""uc_stack"":{""flags"":0,""size"":65536,""sp"":""altstack+0""}}]","0x3c across full destination footprint after mapping/protection repair, before sigreturn","{""fill"":""11"",""page2_mapped"":true,""patches"":[[4093,""3c3c3c3c3c3c3c3c""]],""size"":8192}","{""r10"":""0x1010101010101010"",""r11"":""0x1212121212121212"",""r12"":""0x1313131313131313"",""r13"":""0x1414141414141414"",""r14"":""0x1515151515151515"",""r15"":""0x1616161616161616"",""r8"":""0x0808080808080808"",""r9"":""0x0909090909090909"",""rax"":""0x3c3c3c3c3c3c3c3c"",""rbp"":""0x778899aabbccddee"",""rbx"":""0xa1b2c3d4e5f60718"",""rcx"":""0x0000000000000003"",""rdi"":""data+4093"",""rdx"":""0x99aabbccddeeff00"",""rflags"":""0x0000000000000293"",""rsi"":""source+256"",""rsp"":""stack+32768""}","{""AF"":1,""CF"":1,""OF"":0,""PF"":0,""SF"":1,""ZF"":0}",False,rmw.run1.jsonl.gz: matching form/layout/cross_offset/continuation
A,page_and_cacheline_cross,measured,True,True,cmpxchg_mismatch_64_lock,64,cross_ro_rw,4,4092,f0480fb11f,"[{""address"":""data+4092"",""error"":7,""execution_phase"":1,""fpstate_size"":2436,""gregs"":{""cr2"":""data+4092"",""csgsfs"":""0x002b000000000033"",""err"":""0x0000000000000007"",""oldmask"":""0x0000000000000000"",""r10"":""0x1010101010101010"",""r11"":""0x1212121212121212"",""r12"":""0x1313131313131313"",""r13"":""0x1414141414141414"",""r14"":""0x1515151515151515"",""r15"":""0x1616161616161616"",""r8"":""0x0808080808080808"",""r9"":""0x0909090909090909"",""rax"":""0x1122334455667788"",""rbp"":""0x778899aabbccddee"",""rbx"":""0xa1b2c3d4e5f60718"",""rcx"":""0x0000000000000003"",""rdi"":""data+4092"",""rdx"":""0x99aabbccddeeff00"",""rflags"":""0x0000000000010203"",""rip"":""code+0"",""rsi"":""source+256"",""rsp"":""stack+32768"",""trapno"":""0x000000000000000e""},""kernel_sigmask"":""0000000000000000"",""pages"":{""fill"":""11"",""page2_mapped"":true,""patches"":[],""size"":8192},""partial_write"":false,""si_code"":2,""signal"":11,""six_flags"":{""AF"":0,""CF"":1,""OF"":0,""PF"":0,""SF"":0,""ZF"":0},""trap"":14,""uc_flags"":7,""uc_link"":""0x0000000000000000"",""uc_stack"":{""flags"":0,""size"":65536,""sp"":""altstack+0""}}]","{""fill"":""11"",""page2_mapped"":true,""patches"":[],""size"":8192}","[{""address"":""data+4092"",""error"":7,""execution_phase"":1,""fpstate_size"":2436,""gregs"":{""cr2"":""data+4092"",""csgsfs"":""0x002b000000000033"",""err"":""0x0000000000000007"",""oldmask"":""0x0000000000000000"",""r10"":""0x1010101010101010"",""r11"":""0x1212121212121212"",""r12"":""0x1313131313131313"",""r13"":""0x1414141414141414"",""r14"":""0x1515151515151515"",""r15"":""0x1616161616161616"",""r8"":""0x0808080808080808"",""r9"":""0x0909090909090909"",""rax"":""0x1122334455667788"",""rbp"":""0x778899aabbccddee"",""rbx"":""0xa1b2c3d4e5f60718"",""rcx"":""0x0000000000000003"",""rdi"":""data+4092"",""rdx"":""0x99aabbccddeeff00"",""rflags"":""0x0000000000010203"",""rip"":""code+0"",""rsi"":""source+256"",""rsp"":""stack+32768"",""trapno"":""0x000000000000000e""},""kernel_sigmask"":""0000000000000000"",""pages"":{""fill"":""11"",""page2_mapped"":true,""patches"":[],""size"":8192},""partial_write"":false,""si_code"":2,""signal"":11,""six_flags"":{""AF"":0,""CF"":1,""OF"":0,""PF"":0,""SF"":0,""ZF"":0},""trap"":14,""uc_flags"":7,""uc_link"":""0x0000000000000000"",""uc_stack"":{""flags"":0,""size"":65536,""sp"":""altstack+0""}}]","0x3c across full destination footprint after mapping/protection repair, before sigreturn","{""fill"":""11"",""page2_mapped"":true,""patches"":[[4092,""3c3c3c3c3c3c3c3c""]],""size"":8192}","{""r10"":""0x1010101010101010"",""r11"":""0x1212121212121212"",""r12"":""0x1313131313131313"",""r13"":""0x1414141414141414"",""r14"":""0x1515151515151515"",""r15"":""0x1616161616161616"",""r8"":""0x0808080808080808"",""r9"":""0x0909090909090909"",""rax"":""0x3c3c3c3c3c3c3c3c"",""rbp"":""0x778899aabbccddee"",""rbx"":""0xa1b2c3d4e5f60718"",""rcx"":""0x0000000000000003"",""rdi"":""data+4092"",""rdx"":""0x99aabbccddeeff00"",""rflags"":""0x0000000000000293"",""rsi"":""source+256"",""rsp"":""stack+32768""}","{""AF"":1,""CF"":1,""OF"":0,""PF"":0,""SF"":1,""ZF"":0}",False,rmw.run1.jsonl.gz: matching form/layout/cross_offset/continuation
A,page_and_cacheline_cross,measured,True,True,cmpxchg_mismatch_64_lock,64,cross_ro_rw,5,4091,f0480fb11f,"[{""address"":""data+4091"",""error"":7,""execution_phase"":1,""fpstate_size"":2436,""gregs"":{""cr2"":""data+4091"",""csgsfs"":""0x002b000000000033"",""err"":""0x0000000000000007"",""oldmask"":""0x0000000000000000"",""r10"":""0x1010101010101010"",""r11"":""0x1212121212121212"",""r12"":""0x1313131313131313"",""r13"":""0x1414141414141414"",""r14"":""0x1515151515151515"",""r15"":""0x1616161616161616"",""r8"":""0x0808080808080808"",""r9"":""0x0909090909090909"",""rax"":""0x1122334455667788"",""rbp"":""0x778899aabbccddee"",""rbx"":""0xa1b2c3d4e5f60718"",""rcx"":""0x0000000000000003"",""rdi"":""data+4091"",""rdx"":""0x99aabbccddeeff00"",""rflags"":""0x0000000000010203"",""rip"":""code+0"",""rsi"":""source+256"",""rsp"":""stack+32768"",""trapno"":""0x000000000000000e""},""kernel_sigmask"":""0000000000000000"",""pages"":{""fill"":""11"",""page2_mapped"":true,""patches"":[],""size"":8192},""partial_write"":false,""si_code"":2,""signal"":11,""six_flags"":{""AF"":0,""CF"":1,""OF"":0,""PF"":0,""SF"":0,""ZF"":0},""trap"":14,""uc_flags"":7,""uc_link"":""0x0000000000000000"",""uc_stack"":{""flags"":0,""size"":65536,""sp"":""altstack+0""}}]","{""fill"":""11"",""page2_mapped"":true,""patches"":[],""size"":8192}","[{""address"":""data+4091"",""error"":7,""execution_phase"":1,""fpstate_size"":2436,""gregs"":{""cr2"":""data+4091"",""csgsfs"":""0x002b000000000033"",""err"":""0x0000000000000007"",""oldmask"":""0x0000000000000000"",""r10"":""0x1010101010101010"",""r11"":""0x1212121212121212"",""r12"":""0x1313131313131313"",""r13"":""0x1414141414141414"",""r14"":""0x1515151515151515"",""r15"":""0x1616161616161616"",""r8"":""0x0808080808080808"",""r9"":""0x0909090909090909"",""rax"":""0x1122334455667788"",""rbp"":""0x778899aabbccddee"",""rbx"":""0xa1b2c3d4e5f60718"",""rcx"":""0x0000000000000003"",""rdi"":""data+4091"",""rdx"":""0x99aabbccddeeff00"",""rflags"":""0x0000000000010203"",""rip"":""code+0"",""rsi"":""source+256"",""rsp"":""stack+32768"",""trapno"":""0x000000000000000e""},""kernel_sigmask"":""0000000000000000"",""pages"":{""fill"":""11"",""page2_mapped"":true,""patches"":[],""size"":8192},""partial_write"":false,""si_code"":2,""signal"":11,""six_flags"":{""AF"":0,""CF"":1,""OF"":0,""PF"":0,""SF"":0,""ZF"":0},""trap"":14,""uc_flags"":7,""uc_link"":""0x0000000000000000"",""uc_stack"":{""flags"":0,""size"":65536,""sp"":""altstack+0""}}]","0x3c across full destination footprint after mapping/protection repair, before sigreturn","{""fill"":""11"",""page2_mapped"":true,""patches"":[[4091,""3c3c3c3c3c3c3c3c""]],""size"":8192}","{""r10"":""0x1010101010101010"",""r11"":""0x1212121212121212"",""r12"":""0x1313131313131313"",""r13"":""0x1414141414141414"",""r14"":""0x1515151515151515"",""r15"":""0x1616161616161616"",""r8"":""0x0808080808080808"",""r9"":""0x0909090909090909"",""rax"":""0x3c3c3c3c3c3c3c3c"",""rbp"":""0x778899aabbccddee"",""rbx"":""0xa1b2c3d4e5f60718"",""rcx"":""0x0000000000000003"",""rdi"":""data+4091"",""rdx"":""0x99aabbccddeeff00"",""rflags"":""0x0000000000000293"",""rsi"":""source+256"",""rsp"":""stack+32768""}","{""AF"":1,""CF"":1,""OF"":0,""PF"":0,""SF"":1,""ZF"":0}",False,rmw.run1.jsonl.gz: matching form/layout/cross_offset/continuation
A,page_and_cacheline_cross,measured,True,True,cmpxchg_mismatch_64_lock,64,cross_ro_rw,6,4090,f0480fb11f,"[{""address"":""data+4090"",""error"":7,""execution_phase"":1,""fpstate_size"":2436,""gregs"":{""cr2"":""data+4090"",""csgsfs"":""0x002b000000000033"",""err"":""0x0000000000000007"",""oldmask"":""0x0000000000000000"",""r10"":""0x1010101010101010"",""r11"":""0x1212121212121212"",""r12"":""0x1313131313131313"",""r13"":""0x1414141414141414"",""r14"":""0x1515151515151515"",""r15"":""0x1616161616161616"",""r8"":""0x0808080808080808"",""r9"":""0x0909090909090909"",""rax"":""0x1122334455667788"",""rbp"":""0x778899aabbccddee"",""rbx"":""0xa1b2c3d4e5f60718"",""rcx"":""0x0000000000000003"",""rdi"":""data+4090"",""rdx"":""0x99aabbccddeeff00"",""rflags"":""0x0000000000010203"",""rip"":""code+0"",""rsi"":""source+256"",""rsp"":""stack+32768"",""trapno"":""0x000000000000000e""},""kernel_sigmask"":""0000000000000000"",""pages"":{""fill"":""11"",""page2_mapped"":true,""patches"":[],""size"":8192},""partial_write"":false,""si_code"":2,""signal"":11,""six_flags"":{""AF"":0,""CF"":1,""OF"":0,""PF"":0,""SF"":0,""ZF"":0},""trap"":14,""uc_flags"":7,""uc_link"":""0x0000000000000000"",""uc_stack"":{""flags"":0,""size"":65536,""sp"":""altstack+0""}}]","{""fill"":""11"",""page2_mapped"":true,""patches"":[],""size"":8192}","[{""address"":""data+4090"",""error"":7,""execution_phase"":1,""fpstate_size"":2436,""gregs"":{""cr2"":""data+4090"",""csgsfs"":""0x002b000000000033"",""err"":""0x0000000000000007"",""oldmask"":""0x0000000000000000"",""r10"":""0x1010101010101010"",""r11"":""0x1212121212121212"",""r12"":""0x1313131313131313"",""r13"":""0x1414141414141414"",""r14"":""0x1515151515151515"",""r15"":""0x1616161616161616"",""r8"":""0x0808080808080808"",""r9"":""0x0909090909090909"",""rax"":""0x1122334455667788"",""rbp"":""0x778899aabbccddee"",""rbx"":""0xa1b2c3d4e5f60718"",""rcx"":""0x0000000000000003"",""rdi"":""data+4090"",""rdx"":""0x99aabbccddeeff00"",""rflags"":""0x0000000000010203"",""rip"":""code+0"",""rsi"":""source+256"",""rsp"":""stack+32768"",""trapno"":""0x000000000000000e""},""kernel_sigmask"":""0000000000000000"",""pages"":{""fill"":""11"",""page2_mapped"":true,""patches"":[],""size"":8192},""partial_write"":false,""si_code"":2,""signal"":11,""six_flags"":{""AF"":0,""CF"":1,""OF"":0,""PF"":0,""SF"":0,""ZF"":0},""trap"":14,""uc_flags"":7,""uc_link"":""0x0000000000000000"",""uc_stack"":{""flags"":0,""size"":65536,""sp"":""altstack+0""}}]","0x3c across full destination footprint after mapping/protection repair, before sigreturn","{""fill"":""11"",""page2_mapped"":true,""patches"":[[4090,""3c3c3c3c3c3c3c3c""]],""size"":8192}","{""r10"":""0x1010101010101010"",""r11"":""0x1212121212121212"",""r12"":""0x1313131313131313"",""r13"":""0x1414141414141414"",""r14"":""0x1515151515151515"",""r15"":""0x1616161616161616"",""r8"":""0x0808080808080808"",""r9"":""0x0909090909090909"",""rax"":""0x3c3c3c3c3c3c3c3c"",""rbp"":""0x778899aabbccddee"",""rbx"":""0xa1b2c3d4e5f60718"",""rcx"":""0x0000000000000003"",""rdi"":""data+4090"",""rdx"":""0x99aabbccddeeff00"",""rflags"":""0x0000000000000293"",""rsi"":""source+256"",""rsp"":""stack+32768""}","{""AF"":1,""CF"":1,""OF"":0,""PF"":0,""SF"":1,""ZF"":0}",False,rmw.run1.jsonl.gz: matching form/layout/cross_offset/continuation
A,page_and_cacheline_cross,measured,True,True,cmpxchg_mismatch_64_lock,64,cross_ro_rw,7,4089,f0480fb11f,"[{""address"":""data+4089"",""error"":7,""execution_phase"":1,""fpstate_size"":2436,""gregs"":{""cr2"":""data+4089"",""csgsfs"":""0x002b000000000033"",""err"":""0x0000000000000007"",""oldmask"":""0x0000000000000000"",""r10"":""0x1010101010101010"",""r11"":""0x1212121212121212"",""r12"":""0x1313131313131313"",""r13"":""0x1414141414141414"",""r14"":""0x1515151515151515"",""r15"":""0x1616161616161616"",""r8"":""0x0808080808080808"",""r9"":""0x0909090909090909"",""rax"":""0x1122334455667788"",""rbp"":""0x778899aabbccddee"",""rbx"":""0xa1b2c3d4e5f60718"",""rcx"":""0x0000000000000003"",""rdi"":""data+4089"",""rdx"":""0x99aabbccddeeff00"",""rflags"":""0x0000000000010203"",""rip"":""code+0"",""rsi"":""source+256"",""rsp"":""stack+32768"",""trapno"":""0x000000000000000e""},""kernel_sigmask"":""0000000000000000"",""pages"":{""fill"":""11"",""page2_mapped"":true,""patches"":[],""size"":8192},""partial_write"":false,""si_code"":2,""signal"":11,""six_flags"":{""AF"":0,""CF"":1,""OF"":0,""PF"":0,""SF"":0,""ZF"":0},""trap"":14,""uc_flags"":7,""uc_link"":""0x0000000000000000"",""uc_stack"":{""flags"":0,""size"":65536,""sp"":""altstack+0""}}]","{""fill"":""11"",""page2_mapped"":true,""patches"":[],""size"":8192}","[{""address"":""data+4089"",""error"":7,""execution_phase"":1,""fpstate_size"":2436,""gregs"":{""cr2"":""data+4089"",""csgsfs"":""0x002b000000000033"",""err"":""0x0000000000000007"",""oldmask"":""0x0000000000000000"",""r10"":""0x1010101010101010"",""r11"":""0x1212121212121212"",""r12"":""0x1313131313131313"",""r13"":""0x1414141414141414"",""r14"":""0x1515151515151515"",""r15"":""0x1616161616161616"",""r8"":""0x0808080808080808"",""r9"":""0x0909090909090909"",""rax"":""0x1122334455667788"",""rbp"":""0x778899aabbccddee"",""rbx"":""0xa1b2c3d4e5f60718"",""rcx"":""0x0000000000000003"",""rdi"":""data+4089"",""rdx"":""0x99aabbccddeeff00"",""rflags"":""0x0000000000010203"",""rip"":""code+0"",""rsi"":""source+256"",""rsp"":""stack+32768"",""trapno"":""0x000000000000000e""},""kernel_sigmask"":""0000000000000000"",""pages"":{""fill"":""11"",""page2_mapped"":true,""patches"":[],""size"":8192},""partial_write"":false,""si_code"":2,""signal"":11,""six_flags"":{""AF"":0,""CF"":1,""OF"":0,""PF"":0,""SF"":0,""ZF"":0},""trap"":14,""uc_flags"":7,""uc_link"":""0x0000000000000000"",""uc_stack"":{""flags"":0,""size"":65536,""sp"":""altstack+0""}}]","0x3c across full destination footprint after mapping/protection repair, before sigreturn","{""fill"":""11"",""page2_mapped"":true,""patches"":[[4089,""3c3c3c3c3c3c3c3c""]],""size"":8192}","{""r10"":""0x1010101010101010"",""r11"":""0x1212121212121212"",""r12"":""0x1313131313131313"",""r13"":""0x1414141414141414"",""r14"":""0x1515151515151515"",""r15"":""0x1616161616161616"",""r8"":""0x0808080808080808"",""r9"":""0x0909090909090909"",""rax"":""0x3c3c3c3c3c3c3c3c"",""rbp"":""0x778899aabbccddee"",""rbx"":""0xa1b2c3d4e5f60718"",""rcx"":""0x0000000000000003"",""rdi"":""data+4089"",""rdx"":""0x99aabbccddeeff00"",""rflags"":""0x0000000000000293"",""rsi"":""source+256"",""rsp"":""stack+32768""}","{""AF"":1,""CF"":1,""OF"":0,""PF"":0,""SF"":1,""ZF"":0}",False,rmw.run1.jsonl.gz: matching form/layout/cross_offset/continuation
A,page_and_cacheline_cross,measured,True,True,cmpxchg_match_64_lock,64,cross_rw_ro,1,4095,f0480fb11f,"[{""address"":""data+4096"",""error"":7,""execution_phase"":1,""fpstate_size"":2436,""gregs"":{""cr2"":""data+4096"",""csgsfs"":""0x002b000000000033"",""err"":""0x0000000000000007"",""oldmask"":""0x0000000000000000"",""r10"":""0x1010101010101010"",""r11"":""0x1212121212121212"",""r12"":""0x1313131313131313"",""r13"":""0x1414141414141414"",""r14"":""0x1515151515151515"",""r15"":""0x1616161616161616"",""r8"":""0x0808080808080808"",""r9"":""0x0909090909090909"",""rax"":""0x1111111111111111"",""rbp"":""0x778899aabbccddee"",""rbx"":""0xa1b2c3d4e5f60718"",""rcx"":""0x0000000000000003"",""rdi"":""data+4095"",""rdx"":""0x99aabbccddeeff00"",""rflags"":""0x0000000000010203"",""rip"":""code+0"",""rsi"":""source+256"",""rsp"":""stack+32768"",""trapno"":""0x000000000000000e""},""kernel_sigmask"":""0000000000000000"",""pages"":{""fill"":""11"",""page2_mapped"":true,""patches"":[],""size"":8192},""partial_write"":false,""si_code"":2,""signal"":11,""six_flags"":{""AF"":0,""CF"":1,""OF"":0,""PF"":0,""SF"":0,""ZF"":0},""trap"":14,""uc_flags"":7,""uc_link"":""0x0000000000000000"",""uc_stack"":{""flags"":0,""size"":65536,""sp"":""altstack+0""}}]","{""fill"":""11"",""page2_mapped"":true,""patches"":[],""size"":8192}","[{""address"":""data+4096"",""error"":7,""execution_phase"":1,""fpstate_size"":2436,""gregs"":{""cr2"":""data+4096"",""csgsfs"":""0x002b000000000033"",""err"":""0x0000000000000007"",""oldmask"":""0x0000000000000000"",""r10"":""0x1010101010101010"",""r11"":""0x1212121212121212"",""r12"":""0x1313131313131313"",""r13"":""0x1414141414141414"",""r14"":""0x1515151515151515"",""r15"":""0x1616161616161616"",""r8"":""0x0808080808080808"",""r9"":""0x0909090909090909"",""rax"":""0x1111111111111111"",""rbp"":""0x778899aabbccddee"",""rbx"":""0xa1b2c3d4e5f60718"",""rcx"":""0x0000000000000003"",""rdi"":""data+4095"",""rdx"":""0x99aabbccddeeff00"",""rflags"":""0x0000000000010203"",""rip"":""code+0"",""rsi"":""source+256"",""rsp"":""stack+32768"",""trapno"":""0x000000000000000e""},""kernel_sigmask"":""0000000000000000"",""pages"":{""fill"":""11"",""page2_mapped"":true,""patches"":[],""size"":8192},""partial_write"":false,""si_code"":2,""signal"":11,""six_flags"":{""AF"":0,""CF"":1,""OF"":0,""PF"":0,""SF"":0,""ZF"":0},""trap"":14,""uc_flags"":7,""uc_link"":""0x0000000000000000"",""uc_stack"":{""flags"":0,""size"":65536,""sp"":""altstack+0""}}]","0x3c across full destination footprint after mapping/protection repair, before sigreturn","{""fill"":""11"",""page2_mapped"":true,""patches"":[[4095,""3c3c3c3c3c3c3c3c""]],""size"":8192}","{""r10"":""0x1010101010101010"",""r11"":""0x1212121212121212"",""r12"":""0x1313131313131313"",""r13"":""0x1414141414141414"",""r14"":""0x1515151515151515"",""r15"":""0x1616161616161616"",""r8"":""0x0808080808080808"",""r9"":""0x0909090909090909"",""rax"":""0x3c3c3c3c3c3c3c3c"",""rbp"":""0x778899aabbccddee"",""rbx"":""0xa1b2c3d4e5f60718"",""rcx"":""0x0000000000000003"",""rdi"":""data+4095"",""rdx"":""0x99aabbccddeeff00"",""rflags"":""0x0000000000000293"",""rsi"":""source+256"",""rsp"":""stack+32768""}","{""AF"":1,""CF"":1,""OF"":0,""PF"":0,""SF"":1,""ZF"":0}",False,rmw.run1.jsonl.gz: matching form/layout/cross_offset/continuation
A,page_and_cacheline_cross,measured,True,True,cmpxchg_match_64_lock,64,cross_rw_ro,2,4094,f0480fb11f,"[{""address"":""data+4096"",""error"":7,""execution_phase"":1,""fpstate_size"":2436,""gregs"":{""cr2"":""data+4096"",""csgsfs"":""0x002b000000000033"",""err"":""0x0000000000000007"",""oldmask"":""0x0000000000000000"",""r10"":""0x1010101010101010"",""r11"":""0x1212121212121212"",""r12"":""0x1313131313131313"",""r13"":""0x1414141414141414"",""r14"":""0x1515151515151515"",""r15"":""0x1616161616161616"",""r8"":""0x0808080808080808"",""r9"":""0x0909090909090909"",""rax"":""0x1111111111111111"",""rbp"":""0x778899aabbccddee"",""rbx"":""0xa1b2c3d4e5f60718"",""rcx"":""0x0000000000000003"",""rdi"":""data+4094"",""rdx"":""0x99aabbccddeeff00"",""rflags"":""0x0000000000010203"",""rip"":""code+0"",""rsi"":""source+256"",""rsp"":""stack+32768"",""trapno"":""0x000000000000000e""},""kernel_sigmask"":""0000000000000000"",""pages"":{""fill"":""11"",""page2_mapped"":true,""patches"":[],""size"":8192},""partial_write"":false,""si_code"":2,""signal"":11,""six_flags"":{""AF"":0,""CF"":1,""OF"":0,""PF"":0,""SF"":0,""ZF"":0},""trap"":14,""uc_flags"":7,""uc_link"":""0x0000000000000000"",""uc_stack"":{""flags"":0,""size"":65536,""sp"":""altstack+0""}}]","{""fill"":""11"",""page2_mapped"":true,""patches"":[],""size"":8192}","[{""address"":""data+4096"",""error"":7,""execution_phase"":1,""fpstate_size"":2436,""gregs"":{""cr2"":""data+4096"",""csgsfs"":""0x002b000000000033"",""err"":""0x0000000000000007"",""oldmask"":""0x0000000000000000"",""r10"":""0x1010101010101010"",""r11"":""0x1212121212121212"",""r12"":""0x1313131313131313"",""r13"":""0x1414141414141414"",""r14"":""0x1515151515151515"",""r15"":""0x1616161616161616"",""r8"":""0x0808080808080808"",""r9"":""0x0909090909090909"",""rax"":""0x1111111111111111"",""rbp"":""0x778899aabbccddee"",""rbx"":""0xa1b2c3d4e5f60718"",""rcx"":""0x0000000000000003"",""rdi"":""data+4094"",""rdx"":""0x99aabbccddeeff00"",""rflags"":""0x0000000000010203"",""rip"":""code+0"",""rsi"":""source+256"",""rsp"":""stack+32768"",""trapno"":""0x000000000000000e""},""kernel_sigmask"":""0000000000000000"",""pages"":{""fill"":""11"",""page2_mapped"":true,""patches"":[],""size"":8192},""partial_write"":false,""si_code"":2,""signal"":11,""six_flags"":{""AF"":0,""CF"":1,""OF"":0,""PF"":0,""SF"":0,""ZF"":0},""trap"":14,""uc_flags"":7,""uc_link"":""0x0000000000000000"",""uc_stack"":{""flags"":0,""size"":65536,""sp"":""altstack+0""}}]","0x3c across full destination footprint after mapping/protection repair, before sigreturn","{""fill"":""11"",""page2_mapped"":true,""patches"":[[4094,""3c3c3c3c3c3c3c3c""]],""size"":8192}","{""r10"":""0x1010101010101010"",""r11"":""0x1212121212121212"",""r12"":""0x1313131313131313"",""r13"":""0x1414141414141414"",""r14"":""0x1515151515151515"",""r15"":""0x1616161616161616"",""r8"":""0x0808080808080808"",""r9"":""0x0909090909090909"",""rax"":""0x3c3c3c3c3c3c3c3c"",""rbp"":""0x778899aabbccddee"",""rbx"":""0xa1b2c3d4e5f60718"",""rcx"":""0x0000000000000003"",""rdi"":""data+4094"",""rdx"":""0x99aabbccddeeff00"",""rflags"":""0x0000000000000293"",""rsi"":""source+256"",""rsp"":""stack+32768""}","{""AF"":1,""CF"":1,""OF"":0,""PF"":0,""SF"":1,""ZF"":0}",False,rmw.run1.jsonl.gz: matching form/layout/cross_offset/continuation
A,page_and_cacheline_cross,measured,True,True,cmpxchg_match_64_lock,64,cross_rw_ro,3,4093,f0480fb11f,"[{""address"":""data+4096"",""error"":7,""execution_phase"":1,""fpstate_size"":2436,""gregs"":{""cr2"":""data+4096"",""csgsfs"":""0x002b000000000033"",""err"":""0x0000000000000007"",""oldmask"":""0x0000000000000000"",""r10"":""0x1010101010101010"",""r11"":""0x1212121212121212"",""r12"":""0x1313131313131313"",""r13"":""0x1414141414141414"",""r14"":""0x1515151515151515"",""r15"":""0x1616161616161616"",""r8"":""0x0808080808080808"",""r9"":""0x0909090909090909"",""rax"":""0x1111111111111111"",""rbp"":""0x778899aabbccddee"",""rbx"":""0xa1b2c3d4e5f60718"",""rcx"":""0x0000000000000003"",""rdi"":""data+4093"",""rdx"":""0x99aabbccddeeff00"",""rflags"":""0x0000000000010203"",""rip"":""code+0"",""rsi"":""source+256"",""rsp"":""stack+32768"",""trapno"":""0x000000000000000e""},""kernel_sigmask"":""0000000000000000"",""pages"":{""fill"":""11"",""page2_mapped"":true,""patches"":[],""size"":8192},""partial_write"":false,""si_code"":2,""signal"":11,""six_flags"":{""AF"":0,""CF"":1,""OF"":0,""PF"":0,""SF"":0,""ZF"":0},""trap"":14,""uc_flags"":7,""uc_link"":""0x0000000000000000"",""uc_stack"":{""flags"":0,""size"":65536,""sp"":""altstack+0""}}]","{""fill"":""11"",""page2_mapped"":true,""patches"":[],""size"":8192}","[{""address"":""data+4096"",""error"":7,""execution_phase"":1,""fpstate_size"":2436,""gregs"":{""cr2"":""data+4096"",""csgsfs"":""0x002b000000000033"",""err"":""0x0000000000000007"",""oldmask"":""0x0000000000000000"",""r10"":""0x1010101010101010"",""r11"":""0x1212121212121212"",""r12"":""0x1313131313131313"",""r13"":""0x1414141414141414"",""r14"":""0x1515151515151515"",""r15"":""0x1616161616161616"",""r8"":""0x0808080808080808"",""r9"":""0x0909090909090909"",""rax"":""0x1111111111111111"",""rbp"":""0x778899aabbccddee"",""rbx"":""0xa1b2c3d4e5f60718"",""rcx"":""0x0000000000000003"",""rdi"":""data+4093"",""rdx"":""0x99aabbccddeeff00"",""rflags"":""0x0000000000010203"",""rip"":""code+0"",""rsi"":""source+256"",""rsp"":""stack+32768"",""trapno"":""0x000000000000000e""},""kernel_sigmask"":""0000000000000000"",""pages"":{""fill"":""11"",""page2_mapped"":true,""patches"":[],""size"":8192},""partial_write"":false,""si_code"":2,""signal"":11,""six_flags"":{""AF"":0,""CF"":1,""OF"":0,""PF"":0,""SF"":0,""ZF"":0},""trap"":14,""uc_flags"":7,""uc_link"":""0x0000000000000000"",""uc_stack"":{""flags"":0,""size"":65536,""sp"":""altstack+0""}}]","0x3c across full destination footprint after mapping/protection repair, before sigreturn","{""fill"":""11"",""page2_mapped"":true,""patches"":[[4093,""3c3c3c3c3c3c3c3c""]],""size"":8192}","{""r10"":""0x1010101010101010"",""r11"":""0x1212121212121212"",""r12"":""0x1313131313131313"",""r13"":""0x1414141414141414"",""r14"":""0x1515151515151515"",""r15"":""0x1616161616161616"",""r8"":""0x0808080808080808"",""r9"":""0x0909090909090909"",""rax"":""0x3c3c3c3c3c3c3c3c"",""rbp"":""0x778899aabbccddee"",""rbx"":""0xa1b2c3d4e5f60718"",""rcx"":""0x0000000000000003"",""rdi"":""data+4093"",""rdx"":""0x99aabbccddeeff00"",""rflags"":""0x0000000000000293"",""rsi"":""source+256"",""rsp"":""stack+32768""}","{""AF"":1,""CF"":1,""OF"":0,""PF"":0,""SF"":1,""ZF"":0}",False,rmw.run1.jsonl.gz: matching form/layout/cross_offset/continuation
A,page_and_cacheline_cross,measured,True,True,cmpxchg_match_64_lock,64,cross_rw_ro,4,4092,f0480fb11f,"[{""address"":""data+4096"",""error"":7,""execution_phase"":1,""fpstate_size"":2436,""gregs"":{""cr2"":""data+4096"",""csgsfs"":""0x002b000000000033"",""err"":""0x0000000000000007"",""oldmask"":""0x0000000000000000"",""r10"":""0x1010101010101010"",""r11"":""0x1212121212121212"",""r12"":""0x1313131313131313"",""r13"":""0x1414141414141414"",""r14"":""0x1515151515151515"",""r15"":""0x1616161616161616"",""r8"":""0x0808080808080808"",""r9"":""0x0909090909090909"",""rax"":""0x1111111111111111"",""rbp"":""0x778899aabbccddee"",""rbx"":""0xa1b2c3d4e5f60718"",""rcx"":""0x0000000000000003"",""rdi"":""data+4092"",""rdx"":""0x99aabbccddeeff00"",""rflags"":""0x0000000000010203"",""rip"":""code+0"",""rsi"":""source+256"",""rsp"":""stack+32768"",""trapno"":""0x000000000000000e""},""kernel_sigmask"":""0000000000000000"",""pages"":{""fill"":""11"",""page2_mapped"":true,""patches"":[],""size"":8192},""partial_write"":false,""si_code"":2,""signal"":11,""six_flags"":{""AF"":0,""CF"":1,""OF"":0,""PF"":0,""SF"":0,""ZF"":0},""trap"":14,""uc_flags"":7,""uc_link"":""0x0000000000000000"",""uc_stack"":{""flags"":0,""size"":65536,""sp"":""altstack+0""}}]","{""fill"":""11"",""page2_mapped"":true,""patches"":[],""size"":8192}","[{""address"":""data+4096"",""error"":7,""execution_phase"":1,""fpstate_size"":2436,""gregs"":{""cr2"":""data+4096"",""csgsfs"":""0x002b000000000033"",""err"":""0x0000000000000007"",""oldmask"":""0x0000000000000000"",""r10"":""0x1010101010101010"",""r11"":""0x1212121212121212"",""r12"":""0x1313131313131313"",""r13"":""0x1414141414141414"",""r14"":""0x1515151515151515"",""r15"":""0x1616161616161616"",""r8"":""0x0808080808080808"",""r9"":""0x0909090909090909"",""rax"":""0x1111111111111111"",""rbp"":""0x778899aabbccddee"",""rbx"":""0xa1b2c3d4e5f60718"",""rcx"":""0x0000000000000003"",""rdi"":""data+4092"",""rdx"":""0x99aabbccddeeff00"",""rflags"":""0x0000000000010203"",""rip"":""code+0"",""rsi"":""source+256"",""rsp"":""stack+32768"",""trapno"":""0x000000000000000e""},""kernel_sigmask"":""0000000000000000"",""pages"":{""fill"":""11"",""page2_mapped"":true,""patches"":[],""size"":8192},""partial_write"":false,""si_code"":2,""signal"":11,""six_flags"":{""AF"":0,""CF"":1,""OF"":0,""PF"":0,""SF"":0,""ZF"":0},""trap"":14,""uc_flags"":7,""uc_link"":""0x0000000000000000"",""uc_stack"":{""flags"":0,""size"":65536,""sp"":""altstack+0""}}]","0x3c across full destination footprint after mapping/protection repair, before sigreturn","{""fill"":""11"",""page2_mapped"":true,""patches"":[[4092,""3c3c3c3c3c3c3c3c""]],""size"":8192}","{""r10"":""0x1010101010101010"",""r11"":""0x1212121212121212"",""r12"":""0x1313131313131313"",""r13"":""0x1414141414141414"",""r14"":""0x1515151515151515"",""r15"":""0x1616161616161616"",""r8"":""0x0808080808080808"",""r9"":""0x0909090909090909"",""rax"":""0x3c3c3c3c3c3c3c3c"",""rbp"":""0x778899aabbccddee"",""rbx"":""0xa1b2c3d4e5f60718"",""rcx"":""0x0000000000000003"",""rdi"":""data+4092"",""rdx"":""0x99aabbccddeeff00"",""rflags"":""0x0000000000000293"",""rsi"":""source+256"",""rsp"":""stack+32768""}","{""AF"":1,""CF"":1,""OF"":0,""PF"":0,""SF"":1,""ZF"":0}",False,rmw.run1.jsonl.gz: matching form/layout/cross_offset/continuation
A,page_and_cacheline_cross,measured,True,True,cmpxchg_match_64_lock,64,cross_rw_ro,5,4091,f0480fb11f,"[{""address"":""data+4096"",""error"":7,""execution_phase"":1,""fpstate_size"":2436,""gregs"":{""cr2"":""data+4096"",""csgsfs"":""0x002b000000000033"",""err"":""0x0000000000000007"",""oldmask"":""0x0000000000000000"",""r10"":""0x1010101010101010"",""r11"":""0x1212121212121212"",""r12"":""0x1313131313131313"",""r13"":""0x1414141414141414"",""r14"":""0x1515151515151515"",""r15"":""0x1616161616161616"",""r8"":""0x0808080808080808"",""r9"":""0x0909090909090909"",""rax"":""0x1111111111111111"",""rbp"":""0x778899aabbccddee"",""rbx"":""0xa1b2c3d4e5f60718"",""rcx"":""0x0000000000000003"",""rdi"":""data+4091"",""rdx"":""0x99aabbccddeeff00"",""rflags"":""0x0000000000010203"",""rip"":""code+0"",""rsi"":""source+256"",""rsp"":""stack+32768"",""trapno"":""0x000000000000000e""},""kernel_sigmask"":""0000000000000000"",""pages"":{""fill"":""11"",""page2_mapped"":true,""patches"":[],""size"":8192},""partial_write"":false,""si_code"":2,""signal"":11,""six_flags"":{""AF"":0,""CF"":1,""OF"":0,""PF"":0,""SF"":0,""ZF"":0},""trap"":14,""uc_flags"":7,""uc_link"":""0x0000000000000000"",""uc_stack"":{""flags"":0,""size"":65536,""sp"":""altstack+0""}}]","{""fill"":""11"",""page2_mapped"":true,""patches"":[],""size"":8192}","[{""address"":""data+4096"",""error"":7,""execution_phase"":1,""fpstate_size"":2436,""gregs"":{""cr2"":""data+4096"",""csgsfs"":""0x002b000000000033"",""err"":""0x0000000000000007"",""oldmask"":""0x0000000000000000"",""r10"":""0x1010101010101010"",""r11"":""0x1212121212121212"",""r12"":""0x1313131313131313"",""r13"":""0x1414141414141414"",""r14"":""0x1515151515151515"",""r15"":""0x1616161616161616"",""r8"":""0x0808080808080808"",""r9"":""0x0909090909090909"",""rax"":""0x1111111111111111"",""rbp"":""0x778899aabbccddee"",""rbx"":""0xa1b2c3d4e5f60718"",""rcx"":""0x0000000000000003"",""rdi"":""data+4091"",""rdx"":""0x99aabbccddeeff00"",""rflags"":""0x0000000000010203"",""rip"":""code+0"",""rsi"":""source+256"",""rsp"":""stack+32768"",""trapno"":""0x000000000000000e""},""kernel_sigmask"":""0000000000000000"",""pages"":{""fill"":""11"",""page2_mapped"":true,""patches"":[],""size"":8192},""partial_write"":false,""si_code"":2,""signal"":11,""six_flags"":{""AF"":0,""CF"":1,""OF"":0,""PF"":0,""SF"":0,""ZF"":0},""trap"":14,""uc_flags"":7,""uc_link"":""0x0000000000000000"",""uc_stack"":{""flags"":0,""size"":65536,""sp"":""altstack+0""}}]","0x3c across full destination footprint after mapping/protection repair, before sigreturn","{""fill"":""11"",""page2_mapped"":true,""patches"":[[4091,""3c3c3c3c3c3c3c3c""]],""size"":8192}","{""r10"":""0x1010101010101010"",""r11"":""0x1212121212121212"",""r12"":""0x1313131313131313"",""r13"":""0x1414141414141414"",""r14"":""0x1515151515151515"",""r15"":""0x1616161616161616"",""r8"":""0x0808080808080808"",""r9"":""0x0909090909090909"",""rax"":""0x3c3c3c3c3c3c3c3c"",""rbp"":""0x778899aabbccddee"",""rbx"":""0xa1b2c3d4e5f60718"",""rcx"":""0x0000000000000003"",""rdi"":""data+4091"",""rdx"":""0x99aabbccddeeff00"",""rflags"":""0x0000000000000293"",""rsi"":""source+256"",""rsp"":""stack+32768""}","{""AF"":1,""CF"":1,""OF"":0,""PF"":0,""SF"":1,""ZF"":0}",False,rmw.run1.jsonl.gz: matching form/layout/cross_offset/continuation
A,page_and_cacheline_cross,measured,True,True,cmpxchg_match_64_lock,64,cross_rw_ro,6,4090,f0480fb11f,"[{""address"":""data+4096"",""error"":7,""execution_phase"":1,""fpstate_size"":2436,""gregs"":{""cr2"":""data+4096"",""csgsfs"":""0x002b000000000033"",""err"":""0x0000000000000007"",""oldmask"":""0x0000000000000000"",""r10"":""0x1010101010101010"",""r11"":""0x1212121212121212"",""r12"":""0x1313131313131313"",""r13"":""0x1414141414141414"",""r14"":""0x1515151515151515"",""r15"":""0x1616161616161616"",""r8"":""0x0808080808080808"",""r9"":""0x0909090909090909"",""rax"":""0x1111111111111111"",""rbp"":""0x778899aabbccddee"",""rbx"":""0xa1b2c3d4e5f60718"",""rcx"":""0x0000000000000003"",""rdi"":""data+4090"",""rdx"":""0x99aabbccddeeff00"",""rflags"":""0x0000000000010203"",""rip"":""code+0"",""rsi"":""source+256"",""rsp"":""stack+32768"",""trapno"":""0x000000000000000e""},""kernel_sigmask"":""0000000000000000"",""pages"":{""fill"":""11"",""page2_mapped"":true,""patches"":[],""size"":8192},""partial_write"":false,""si_code"":2,""signal"":11,""six_flags"":{""AF"":0,""CF"":1,""OF"":0,""PF"":0,""SF"":0,""ZF"":0},""trap"":14,""uc_flags"":7,""uc_link"":""0x0000000000000000"",""uc_stack"":{""flags"":0,""size"":65536,""sp"":""altstack+0""}}]","{""fill"":""11"",""page2_mapped"":true,""patches"":[],""size"":8192}","[{""address"":""data+4096"",""error"":7,""execution_phase"":1,""fpstate_size"":2436,""gregs"":{""cr2"":""data+4096"",""csgsfs"":""0x002b000000000033"",""err"":""0x0000000000000007"",""oldmask"":""0x0000000000000000"",""r10"":""0x1010101010101010"",""r11"":""0x1212121212121212"",""r12"":""0x1313131313131313"",""r13"":""0x1414141414141414"",""r14"":""0x1515151515151515"",""r15"":""0x1616161616161616"",""r8"":""0x0808080808080808"",""r9"":""0x0909090909090909"",""rax"":""0x1111111111111111"",""rbp"":""0x778899aabbccddee"",""rbx"":""0xa1b2c3d4e5f60718"",""rcx"":""0x0000000000000003"",""rdi"":""data+4090"",""rdx"":""0x99aabbccddeeff00"",""rflags"":""0x0000000000010203"",""rip"":""code+0"",""rsi"":""source+256"",""rsp"":""stack+32768"",""trapno"":""0x000000000000000e""},""kernel_sigmask"":""0000000000000000"",""pages"":{""fill"":""11"",""page2_mapped"":true,""patches"":[],""size"":8192},""partial_write"":false,""si_code"":2,""signal"":11,""six_flags"":{""AF"":0,""CF"":1,""OF"":0,""PF"":0,""SF"":0,""ZF"":0},""trap"":14,""uc_flags"":7,""uc_link"":""0x0000000000000000"",""uc_stack"":{""flags"":0,""size"":65536,""sp"":""altstack+0""}}]","0x3c across full destination footprint after mapping/protection repair, before sigreturn","{""fill"":""11"",""page2_mapped"":true,""patches"":[[4090,""3c3c3c3c3c3c3c3c""]],""size"":8192}","{""r10"":""0x1010101010101010"",""r11"":""0x1212121212121212"",""r12"":""0x1313131313131313"",""r13"":""0x1414141414141414"",""r14"":""0x1515151515151515"",""r15"":""0x1616161616161616"",""r8"":""0x0808080808080808"",""r9"":""0x0909090909090909"",""rax"":""0x3c3c3c3c3c3c3c3c"",""rbp"":""0x778899aabbccddee"",""rbx"":""0xa1b2c3d4e5f60718"",""rcx"":""0x0000000000000003"",""rdi"":""data+4090"",""rdx"":""0x99aabbccddeeff00"",""rflags"":""0x0000000000000293"",""rsi"":""source+256"",""rsp"":""stack+32768""}","{""AF"":1,""CF"":1,""OF"":0,""PF"":0,""SF"":1,""ZF"":0}",False,rmw.run1.jsonl.gz: matching form/layout/cross_offset/continuation
A,page_and_cacheline_cross,measured,True,True,cmpxchg_match_64_lock,64,cross_rw_ro,7,4089,f0480fb11f,"[{""address"":""data+4096"",""error"":7,""execution_phase"":1,""fpstate_size"":2436,""gregs"":{""cr2"":""data+4096"",""csgsfs"":""0x002b000000000033"",""err"":""0x0000000000000007"",""oldmask"":""0x0000000000000000"",""r10"":""0x1010101010101010"",""r11"":""0x1212121212121212"",""r12"":""0x1313131313131313"",""r13"":""0x1414141414141414"",""r14"":""0x1515151515151515"",""r15"":""0x1616161616161616"",""r8"":""0x0808080808080808"",""r9"":""0x0909090909090909"",""rax"":""0x1111111111111111"",""rbp"":""0x778899aabbccddee"",""rbx"":""0xa1b2c3d4e5f60718"",""rcx"":""0x0000000000000003"",""rdi"":""data+4089"",""rdx"":""0x99aabbccddeeff00"",""rflags"":""0x0000000000010203"",""rip"":""code+0"",""rsi"":""source+256"",""rsp"":""stack+32768"",""trapno"":""0x000000000000000e""},""kernel_sigmask"":""0000000000000000"",""pages"":{""fill"":""11"",""page2_mapped"":true,""patches"":[],""size"":8192},""partial_write"":false,""si_code"":2,""signal"":11,""six_flags"":{""AF"":0,""CF"":1,""OF"":0,""PF"":0,""SF"":0,""ZF"":0},""trap"":14,""uc_flags"":7,""uc_link"":""0x0000000000000000"",""uc_stack"":{""flags"":0,""size"":65536,""sp"":""altstack+0""}}]","{""fill"":""11"",""page2_mapped"":true,""patches"":[],""size"":8192}","[{""address"":""data+4096"",""error"":7,""execution_phase"":1,""fpstate_size"":2436,""gregs"":{""cr2"":""data+4096"",""csgsfs"":""0x002b000000000033"",""err"":""0x0000000000000007"",""oldmask"":""0x0000000000000000"",""r10"":""0x1010101010101010"",""r11"":""0x1212121212121212"",""r12"":""0x1313131313131313"",""r13"":""0x1414141414141414"",""r14"":""0x1515151515151515"",""r15"":""0x1616161616161616"",""r8"":""0x0808080808080808"",""r9"":""0x0909090909090909"",""rax"":""0x1111111111111111"",""rbp"":""0x778899aabbccddee"",""rbx"":""0xa1b2c3d4e5f60718"",""rcx"":""0x0000000000000003"",""rdi"":""data+4089"",""rdx"":""0x99aabbccddeeff00"",""rflags"":""0x0000000000010203"",""rip"":""code+0"",""rsi"":""source+256"",""rsp"":""stack+32768"",""trapno"":""0x000000000000000e""},""kernel_sigmask"":""0000000000000000"",""pages"":{""fill"":""11"",""page2_mapped"":true,""patches"":[],""size"":8192},""partial_write"":false,""si_code"":2,""signal"":11,""six_flags"":{""AF"":0,""CF"":1,""OF"":0,""PF"":0,""SF"":0,""ZF"":0},""trap"":14,""uc_flags"":7,""uc_link"":""0x0000000000000000"",""uc_stack"":{""flags"":0,""size"":65536,""sp"":""altstack+0""}}]","0x3c across full destination footprint after mapping/protection repair, before sigreturn","{""fill"":""11"",""page2_mapped"":true,""patches"":[[4089,""3c3c3c3c3c3c3c3c""]],""size"":8192}","{""r10"":""0x1010101010101010"",""r11"":""0x1212121212121212"",""r12"":""0x1313131313131313"",""r13"":""0x1414141414141414"",""r14"":""0x1515151515151515"",""r15"":""0x1616161616161616"",""r8"":""0x0808080808080808"",""r9"":""0x0909090909090909"",""rax"":""0x3c3c3c3c3c3c3c3c"",""rbp"":""0x778899aabbccddee"",""rbx"":""0xa1b2c3d4e5f60718"",""rcx"":""0x0000000000000003"",""rdi"":""data+4089"",""rdx"":""0x99aabbccddeeff00"",""rflags"":""0x0000000000000293"",""rsi"":""source+256"",""rsp"":""stack+32768""}","{""AF"":1,""CF"":1,""OF"":0,""PF"":0,""SF"":1,""ZF"":0}",False,rmw.run1.jsonl.gz: matching form/layout/cross_offset/continuation
A,page_and_cacheline_cross,measured,True,True,cmpxchg_match_64_lock,64,cross_ro_rw,1,4095,f0480fb11f,"[{""address"":""data+4095"",""error"":7,""execution_phase"":1,""fpstate_size"":2436,""gregs"":{""cr2"":""data+4095"",""csgsfs"":""0x002b000000000033"",""err"":""0x0000000000000007"",""oldmask"":""0x0000000000000000"",""r10"":""0x1010101010101010"",""r11"":""0x1212121212121212"",""r12"":""0x1313131313131313"",""r13"":""0x1414141414141414"",""r14"":""0x1515151515151515"",""r15"":""0x1616161616161616"",""r8"":""0x0808080808080808"",""r9"":""0x0909090909090909"",""rax"":""0x1111111111111111"",""rbp"":""0x778899aabbccddee"",""rbx"":""0xa1b2c3d4e5f60718"",""rcx"":""0x0000000000000003"",""rdi"":""data+4095"",""rdx"":""0x99aabbccddeeff00"",""rflags"":""0x0000000000010203"",""rip"":""code+0"",""rsi"":""source+256"",""rsp"":""stack+32768"",""trapno"":""0x000000000000000e""},""kernel_sigmask"":""0000000000000000"",""pages"":{""fill"":""11"",""page2_mapped"":true,""patches"":[],""size"":8192},""partial_write"":false,""si_code"":2,""signal"":11,""six_flags"":{""AF"":0,""CF"":1,""OF"":0,""PF"":0,""SF"":0,""ZF"":0},""trap"":14,""uc_flags"":7,""uc_link"":""0x0000000000000000"",""uc_stack"":{""flags"":0,""size"":65536,""sp"":""altstack+0""}}]","{""fill"":""11"",""page2_mapped"":true,""patches"":[],""size"":8192}","[{""address"":""data+4095"",""error"":7,""execution_phase"":1,""fpstate_size"":2436,""gregs"":{""cr2"":""data+4095"",""csgsfs"":""0x002b000000000033"",""err"":""0x0000000000000007"",""oldmask"":""0x0000000000000000"",""r10"":""0x1010101010101010"",""r11"":""0x1212121212121212"",""r12"":""0x1313131313131313"",""r13"":""0x1414141414141414"",""r14"":""0x1515151515151515"",""r15"":""0x1616161616161616"",""r8"":""0x0808080808080808"",""r9"":""0x0909090909090909"",""rax"":""0x1111111111111111"",""rbp"":""0x778899aabbccddee"",""rbx"":""0xa1b2c3d4e5f60718"",""rcx"":""0x0000000000000003"",""rdi"":""data+4095"",""rdx"":""0x99aabbccddeeff00"",""rflags"":""0x0000000000010203"",""rip"":""code+0"",""rsi"":""source+256"",""rsp"":""stack+32768"",""trapno"":""0x000000000000000e""},""kernel_sigmask"":""0000000000000000"",""pages"":{""fill"":""11"",""page2_mapped"":true,""patches"":[],""size"":8192},""partial_write"":false,""si_code"":2,""signal"":11,""six_flags"":{""AF"":0,""CF"":1,""OF"":0,""PF"":0,""SF"":0,""ZF"":0},""trap"":14,""uc_flags"":7,""uc_link"":""0x0000000000000000"",""uc_stack"":{""flags"":0,""size"":65536,""sp"":""altstack+0""}}]","0x3c across full destination footprint after mapping/protection repair, before sigreturn","{""fill"":""11"",""page2_mapped"":true,""patches"":[[4095,""3c3c3c3c3c3c3c3c""]],""size"":8192}","{""r10"":""0x1010101010101010"",""r11"":""0x1212121212121212"",""r12"":""0x1313131313131313"",""r13"":""0x1414141414141414"",""r14"":""0x1515151515151515"",""r15"":""0x1616161616161616"",""r8"":""0x0808080808080808"",""r9"":""0x0909090909090909"",""rax"":""0x3c3c3c3c3c3c3c3c"",""rbp"":""0x778899aabbccddee"",""rbx"":""0xa1b2c3d4e5f60718"",""rcx"":""0x0000000000000003"",""rdi"":""data+4095"",""rdx"":""0x99aabbccddeeff00"",""rflags"":""0x0000000000000293"",""rsi"":""source+256"",""rsp"":""stack+32768""}","{""AF"":1,""CF"":1,""OF"":0,""PF"":0,""SF"":1,""ZF"":0}",False,rmw.run1.jsonl.gz: matching form/layout/cross_offset/continuation
A,page_and_cacheline_cross,measured,True,True,cmpxchg_match_64_lock,64,cross_ro_rw,2,4094,f0480fb11f,"[{""address"":""data+4094"",""error"":7,""execution_phase"":1,""fpstate_size"":2436,""gregs"":{""cr2"":""data+4094"",""csgsfs"":""0x002b000000000033"",""err"":""0x0000000000000007"",""oldmask"":""0x0000000000000000"",""r10"":""0x1010101010101010"",""r11"":""0x1212121212121212"",""r12"":""0x1313131313131313"",""r13"":""0x1414141414141414"",""r14"":""0x1515151515151515"",""r15"":""0x1616161616161616"",""r8"":""0x0808080808080808"",""r9"":""0x0909090909090909"",""rax"":""0x1111111111111111"",""rbp"":""0x778899aabbccddee"",""rbx"":""0xa1b2c3d4e5f60718"",""rcx"":""0x0000000000000003"",""rdi"":""data+4094"",""rdx"":""0x99aabbccddeeff00"",""rflags"":""0x0000000000010203"",""rip"":""code+0"",""rsi"":""source+256"",""rsp"":""stack+32768"",""trapno"":""0x000000000000000e""},""kernel_sigmask"":""0000000000000000"",""pages"":{""fill"":""11"",""page2_mapped"":true,""patches"":[],""size"":8192},""partial_write"":false,""si_code"":2,""signal"":11,""six_flags"":{""AF"":0,""CF"":1,""OF"":0,""PF"":0,""SF"":0,""ZF"":0},""trap"":14,""uc_flags"":7,""uc_link"":""0x0000000000000000"",""uc_stack"":{""flags"":0,""size"":65536,""sp"":""altstack+0""}}]","{""fill"":""11"",""page2_mapped"":true,""patches"":[],""size"":8192}","[{""address"":""data+4094"",""error"":7,""execution_phase"":1,""fpstate_size"":2436,""gregs"":{""cr2"":""data+4094"",""csgsfs"":""0x002b000000000033"",""err"":""0x0000000000000007"",""oldmask"":""0x0000000000000000"",""r10"":""0x1010101010101010"",""r11"":""0x1212121212121212"",""r12"":""0x1313131313131313"",""r13"":""0x1414141414141414"",""r14"":""0x1515151515151515"",""r15"":""0x1616161616161616"",""r8"":""0x0808080808080808"",""r9"":""0x0909090909090909"",""rax"":""0x1111111111111111"",""rbp"":""0x778899aabbccddee"",""rbx"":""0xa1b2c3d4e5f60718"",""rcx"":""0x0000000000000003"",""rdi"":""data+4094"",""rdx"":""0x99aabbccddeeff00"",""rflags"":""0x0000000000010203"",""rip"":""code+0"",""rsi"":""source+256"",""rsp"":""stack+32768"",""trapno"":""0x000000000000000e""},""kernel_sigmask"":""0000000000000000"",""pages"":{""fill"":""11"",""page2_mapped"":true,""patches"":[],""size"":8192},""partial_write"":false,""si_code"":2,""signal"":11,""six_flags"":{""AF"":0,""CF"":1,""OF"":0,""PF"":0,""SF"":0,""ZF"":0},""trap"":14,""uc_flags"":7,""uc_link"":""0x0000000000000000"",""uc_stack"":{""flags"":0,""size"":65536,""sp"":""altstack+0""}}]","0x3c across full destination footprint after mapping/protection repair, before sigreturn","{""fill"":""11"",""page2_mapped"":true,""patches"":[[4094,""3c3c3c3c3c3c3c3c""]],""size"":8192}","{""r10"":""0x1010101010101010"",""r11"":""0x1212121212121212"",""r12"":""0x1313131313131313"",""r13"":""0x1414141414141414"",""r14"":""0x1515151515151515"",""r15"":""0x1616161616161616"",""r8"":""0x0808080808080808"",""r9"":""0x0909090909090909"",""rax"":""0x3c3c3c3c3c3c3c3c"",""rbp"":""0x778899aabbccddee"",""rbx"":""0xa1b2c3d4e5f60718"",""rcx"":""0x0000000000000003"",""rdi"":""data+4094"",""rdx"":""0x99aabbccddeeff00"",""rflags"":""0x0000000000000293"",""rsi"":""source+256"",""rsp"":""stack+32768""}","{""AF"":1,""CF"":1,""OF"":0,""PF"":0,""SF"":1,""ZF"":0}",False,rmw.run1.jsonl.gz: matching form/layout/cross_offset/continuation
A,page_and_cacheline_cross,measured,True,True,cmpxchg_match_64_lock,64,cross_ro_rw,3,4093,f0480fb11f,"[{""address"":""data+4093"",""error"":7,""execution_phase"":1,""fpstate_size"":2436,""gregs"":{""cr2"":""data+4093"",""csgsfs"":""0x002b000000000033"",""err"":""0x0000000000000007"",""oldmask"":""0x0000000000000000"",""r10"":""0x1010101010101010"",""r11"":""0x1212121212121212"",""r12"":""0x1313131313131313"",""r13"":""0x1414141414141414"",""r14"":""0x1515151515151515"",""r15"":""0x1616161616161616"",""r8"":""0x0808080808080808"",""r9"":""0x0909090909090909"",""rax"":""0x1111111111111111"",""rbp"":""0x778899aabbccddee"",""rbx"":""0xa1b2c3d4e5f60718"",""rcx"":""0x0000000000000003"",""rdi"":""data+4093"",""rdx"":""0x99aabbccddeeff00"",""rflags"":""0x0000000000010203"",""rip"":""code+0"",""rsi"":""source+256"",""rsp"":""stack+32768"",""trapno"":""0x000000000000000e""},""kernel_sigmask"":""0000000000000000"",""pages"":{""fill"":""11"",""page2_mapped"":true,""patches"":[],""size"":8192},""partial_write"":false,""si_code"":2,""signal"":11,""six_flags"":{""AF"":0,""CF"":1,""OF"":0,""PF"":0,""SF"":0,""ZF"":0},""trap"":14,""uc_flags"":7,""uc_link"":""0x0000000000000000"",""uc_stack"":{""flags"":0,""size"":65536,""sp"":""altstack+0""}}]","{""fill"":""11"",""page2_mapped"":true,""patches"":[],""size"":8192}","[{""address"":""data+4093"",""error"":7,""execution_phase"":1,""fpstate_size"":2436,""gregs"":{""cr2"":""data+4093"",""csgsfs"":""0x002b000000000033"",""err"":""0x0000000000000007"",""oldmask"":""0x0000000000000000"",""r10"":""0x1010101010101010"",""r11"":""0x1212121212121212"",""r12"":""0x1313131313131313"",""r13"":""0x1414141414141414"",""r14"":""0x1515151515151515"",""r15"":""0x1616161616161616"",""r8"":""0x0808080808080808"",""r9"":""0x0909090909090909"",""rax"":""0x1111111111111111"",""rbp"":""0x778899aabbccddee"",""rbx"":""0xa1b2c3d4e5f60718"",""rcx"":""0x0000000000000003"",""rdi"":""data+4093"",""rdx"":""0x99aabbccddeeff00"",""rflags"":""0x0000000000010203"",""rip"":""code+0"",""rsi"":""source+256"",""rsp"":""stack+32768"",""trapno"":""0x000000000000000e""},""kernel_sigmask"":""0000000000000000"",""pages"":{""fill"":""11"",""page2_mapped"":true,""patches"":[],""size"":8192},""partial_write"":false,""si_code"":2,""signal"":11,""six_flags"":{""AF"":0,""CF"":1,""OF"":0,""PF"":0,""SF"":0,""ZF"":0},""trap"":14,""uc_flags"":7,""uc_link"":""0x0000000000000000"",""uc_stack"":{""flags"":0,""size"":65536,""sp"":""altstack+0""}}]","0x3c across full destination footprint after mapping/protection repair, before sigreturn","{""fill"":""11"",""page2_mapped"":true,""patches"":[[4093,""3c3c3c3c3c3c3c3c""]],""size"":8192}","{""r10"":""0x1010101010101010"",""r11"":""0x1212121212121212"",""r12"":""0x1313131313131313"",""r13"":""0x1414141414141414"",""r14"":""0x1515151515151515"",""r15"":""0x1616161616161616"",""r8"":""0x0808080808080808"",""r9"":""0x0909090909090909"",""rax"":""0x3c3c3c3c3c3c3c3c"",""rbp"":""0x778899aabbccddee"",""rbx"":""0xa1b2c3d4e5f60718"",""rcx"":""0x0000000000000003"",""rdi"":""data+4093"",""rdx"":""0x99aabbccddeeff00"",""rflags"":""0x0000000000000293"",""rsi"":""source+256"",""rsp"":""stack+32768""}","{""AF"":1,""CF"":1,""OF"":0,""PF"":0,""SF"":1,""ZF"":0}",False,rmw.run1.jsonl.gz: matching form/layout/cross_offset/continuation
A,page_and_cacheline_cross,measured,True,True,cmpxchg_match_64_lock,64,cross_ro_rw,4,4092,f0480fb11f,"[{""address"":""data+4092"",""error"":7,""execution_phase"":1,""fpstate_size"":2436,""gregs"":{""cr2"":""data+4092"",""csgsfs"":""0x002b000000000033"",""err"":""0x0000000000000007"",""oldmask"":""0x0000000000000000"",""r10"":""0x1010101010101010"",""r11"":""0x1212121212121212"",""r12"":""0x1313131313131313"",""r13"":""0x1414141414141414"",""r14"":""0x1515151515151515"",""r15"":""0x1616161616161616"",""r8"":""0x0808080808080808"",""r9"":""0x0909090909090909"",""rax"":""0x1111111111111111"",""rbp"":""0x778899aabbccddee"",""rbx"":""0xa1b2c3d4e5f60718"",""rcx"":""0x0000000000000003"",""rdi"":""data+4092"",""rdx"":""0x99aabbccddeeff00"",""rflags"":""0x0000000000010203"",""rip"":""code+0"",""rsi"":""source+256"",""rsp"":""stack+32768"",""trapno"":""0x000000000000000e""},""kernel_sigmask"":""0000000000000000"",""pages"":{""fill"":""11"",""page2_mapped"":true,""patches"":[],""size"":8192},""partial_write"":false,""si_code"":2,""signal"":11,""six_flags"":{""AF"":0,""CF"":1,""OF"":0,""PF"":0,""SF"":0,""ZF"":0},""trap"":14,""uc_flags"":7,""uc_link"":""0x0000000000000000"",""uc_stack"":{""flags"":0,""size"":65536,""sp"":""altstack+0""}}]","{""fill"":""11"",""page2_mapped"":true,""patches"":[],""size"":8192}","[{""address"":""data+4092"",""error"":7,""execution_phase"":1,""fpstate_size"":2436,""gregs"":{""cr2"":""data+4092"",""csgsfs"":""0x002b000000000033"",""err"":""0x0000000000000007"",""oldmask"":""0x0000000000000000"",""r10"":""0x1010101010101010"",""r11"":""0x1212121212121212"",""r12"":""0x1313131313131313"",""r13"":""0x1414141414141414"",""r14"":""0x1515151515151515"",""r15"":""0x1616161616161616"",""r8"":""0x0808080808080808"",""r9"":""0x0909090909090909"",""rax"":""0x1111111111111111"",""rbp"":""0x778899aabbccddee"",""rbx"":""0xa1b2c3d4e5f60718"",""rcx"":""0x0000000000000003"",""rdi"":""data+4092"",""rdx"":""0x99aabbccddeeff00"",""rflags"":""0x0000000000010203"",""rip"":""code+0"",""rsi"":""source+256"",""rsp"":""stack+32768"",""trapno"":""0x000000000000000e""},""kernel_sigmask"":""0000000000000000"",""pages"":{""fill"":""11"",""page2_mapped"":true,""patches"":[],""size"":8192},""partial_write"":false,""si_code"":2,""signal"":11,""six_flags"":{""AF"":0,""CF"":1,""OF"":0,""PF"":0,""SF"":0,""ZF"":0},""trap"":14,""uc_flags"":7,""uc_link"":""0x0000000000000000"",""uc_stack"":{""flags"":0,""size"":65536,""sp"":""altstack+0""}}]","0x3c across full destination footprint after mapping/protection repair, before sigreturn","{""fill"":""11"",""page2_mapped"":true,""patches"":[[4092,""3c3c3c3c3c3c3c3c""]],""size"":8192}","{""r10"":""0x1010101010101010"",""r11"":""0x1212121212121212"",""r12"":""0x1313131313131313"",""r13"":""0x1414141414141414"",""r14"":""0x1515151515151515"",""r15"":""0x1616161616161616"",""r8"":""0x0808080808080808"",""r9"":""0x0909090909090909"",""rax"":""0x3c3c3c3c3c3c3c3c"",""rbp"":""0x778899aabbccddee"",""rbx"":""0xa1b2c3d4e5f60718"",""rcx"":""0x0000000000000003"",""rdi"":""data+4092"",""rdx"":""0x99aabbccddeeff00"",""rflags"":""0x0000000000000293"",""rsi"":""source+256"",""rsp"":""stack+32768""}","{""AF"":1,""CF"":1,""OF"":0,""PF"":0,""SF"":1,""ZF"":0}",False,rmw.run1.jsonl.gz: matching form/layout/cross_offset/continuation
A,page_and_cacheline_cross,measured,True,True,cmpxchg_match_64_lock,64,cross_ro_rw,5,4091,f0480fb11f,"[{""address"":""data+4091"",""error"":7,""execution_phase"":1,""fpstate_size"":2436,""gregs"":{""cr2"":""data+4091"",""csgsfs"":""0x002b000000000033"",""err"":""0x0000000000000007"",""oldmask"":""0x0000000000000000"",""r10"":""0x1010101010101010"",""r11"":""0x1212121212121212"",""r12"":""0x1313131313131313"",""r13"":""0x1414141414141414"",""r14"":""0x1515151515151515"",""r15"":""0x1616161616161616"",""r8"":""0x0808080808080808"",""r9"":""0x0909090909090909"",""rax"":""0x1111111111111111"",""rbp"":""0x778899aabbccddee"",""rbx"":""0xa1b2c3d4e5f60718"",""rcx"":""0x0000000000000003"",""rdi"":""data+4091"",""rdx"":""0x99aabbccddeeff00"",""rflags"":""0x0000000000010203"",""rip"":""code+0"",""rsi"":""source+256"",""rsp"":""stack+32768"",""trapno"":""0x000000000000000e""},""kernel_sigmask"":""0000000000000000"",""pages"":{""fill"":""11"",""page2_mapped"":true,""patches"":[],""size"":8192},""partial_write"":false,""si_code"":2,""signal"":11,""six_flags"":{""AF"":0,""CF"":1,""OF"":0,""PF"":0,""SF"":0,""ZF"":0},""trap"":14,""uc_flags"":7,""uc_link"":""0x0000000000000000"",""uc_stack"":{""flags"":0,""size"":65536,""sp"":""altstack+0""}}]","{""fill"":""11"",""page2_mapped"":true,""patches"":[],""size"":8192}","[{""address"":""data+4091"",""error"":7,""execution_phase"":1,""fpstate_size"":2436,""gregs"":{""cr2"":""data+4091"",""csgsfs"":""0x002b000000000033"",""err"":""0x0000000000000007"",""oldmask"":""0x0000000000000000"",""r10"":""0x1010101010101010"",""r11"":""0x1212121212121212"",""r12"":""0x1313131313131313"",""r13"":""0x1414141414141414"",""r14"":""0x1515151515151515"",""r15"":""0x1616161616161616"",""r8"":""0x0808080808080808"",""r9"":""0x0909090909090909"",""rax"":""0x1111111111111111"",""rbp"":""0x778899aabbccddee"",""rbx"":""0xa1b2c3d4e5f60718"",""rcx"":""0x0000000000000003"",""rdi"":""data+4091"",""rdx"":""0x99aabbccddeeff00"",""rflags"":""0x0000000000010203"",""rip"":""code+0"",""rsi"":""source+256"",""rsp"":""stack+32768"",""trapno"":""0x000000000000000e""},""kernel_sigmask"":""0000000000000000"",""pages"":{""fill"":""11"",""page2_mapped"":true,""patches"":[],""size"":8192},""partial_write"":false,""si_code"":2,""signal"":11,""six_flags"":{""AF"":0,""CF"":1,""OF"":0,""PF"":0,""SF"":0,""ZF"":0},""trap"":14,""uc_flags"":7,""uc_link"":""0x0000000000000000"",""uc_stack"":{""flags"":0,""size"":65536,""sp"":""altstack+0""}}]","0x3c across full destination footprint after mapping/protection repair, before sigreturn","{""fill"":""11"",""page2_mapped"":true,""patches"":[[4091,""3c3c3c3c3c3c3c3c""]],""size"":8192}","{""r10"":""0x1010101010101010"",""r11"":""0x1212121212121212"",""r12"":""0x1313131313131313"",""r13"":""0x1414141414141414"",""r14"":""0x1515151515151515"",""r15"":""0x1616161616161616"",""r8"":""0x0808080808080808"",""r9"":""0x0909090909090909"",""rax"":""0x3c3c3c3c3c3c3c3c"",""rbp"":""0x778899aabbccddee"",""rbx"":""0xa1b2c3d4e5f60718"",""rcx"":""0x0000000000000003"",""rdi"":""data+4091"",""rdx"":""0x99aabbccddeeff00"",""rflags"":""0x0000000000000293"",""rsi"":""source+256"",""rsp"":""stack+32768""}","{""AF"":1,""CF"":1,""OF"":0,""PF"":0,""SF"":1,""ZF"":0}",False,rmw.run1.jsonl.gz: matching form/layout/cross_offset/continuation
A,page_and_cacheline_cross,measured,True,True,cmpxchg_match_64_lock,64,cross_ro_rw,6,4090,f0480fb11f,"[{""address"":""data+4090"",""error"":7,""execution_phase"":1,""fpstate_size"":2436,""gregs"":{""cr2"":""data+4090"",""csgsfs"":""0x002b000000000033"",""err"":""0x0000000000000007"",""oldmask"":""0x0000000000000000"",""r10"":""0x1010101010101010"",""r11"":""0x1212121212121212"",""r12"":""0x1313131313131313"",""r13"":""0x1414141414141414"",""r14"":""0x1515151515151515"",""r15"":""0x1616161616161616"",""r8"":""0x0808080808080808"",""r9"":""0x0909090909090909"",""rax"":""0x1111111111111111"",""rbp"":""0x778899aabbccddee"",""rbx"":""0xa1b2c3d4e5f60718"",""rcx"":""0x0000000000000003"",""rdi"":""data+4090"",""rdx"":""0x99aabbccddeeff00"",""rflags"":""0x0000000000010203"",""rip"":""code+0"",""rsi"":""source+256"",""rsp"":""stack+32768"",""trapno"":""0x000000000000000e""},""kernel_sigmask"":""0000000000000000"",""pages"":{""fill"":""11"",""page2_mapped"":true,""patches"":[],""size"":8192},""partial_write"":false,""si_code"":2,""signal"":11,""six_flags"":{""AF"":0,""CF"":1,""OF"":0,""PF"":0,""SF"":0,""ZF"":0},""trap"":14,""uc_flags"":7,""uc_link"":""0x0000000000000000"",""uc_stack"":{""flags"":0,""size"":65536,""sp"":""altstack+0""}}]","{""fill"":""11"",""page2_mapped"":true,""patches"":[],""size"":8192}","[{""address"":""data+4090"",""error"":7,""execution_phase"":1,""fpstate_size"":2436,""gregs"":{""cr2"":""data+4090"",""csgsfs"":""0x002b000000000033"",""err"":""0x0000000000000007"",""oldmask"":""0x0000000000000000"",""r10"":""0x1010101010101010"",""r11"":""0x1212121212121212"",""r12"":""0x1313131313131313"",""r13"":""0x1414141414141414"",""r14"":""0x1515151515151515"",""r15"":""0x1616161616161616"",""r8"":""0x0808080808080808"",""r9"":""0x0909090909090909"",""rax"":""0x1111111111111111"",""rbp"":""0x778899aabbccddee"",""rbx"":""0xa1b2c3d4e5f60718"",""rcx"":""0x0000000000000003"",""rdi"":""data+4090"",""rdx"":""0x99aabbccddeeff00"",""rflags"":""0x0000000000010203"",""rip"":""code+0"",""rsi"":""source+256"",""rsp"":""stack+32768"",""trapno"":""0x000000000000000e""},""kernel_sigmask"":""0000000000000000"",""pages"":{""fill"":""11"",""page2_mapped"":true,""patches"":[],""size"":8192},""partial_write"":false,""si_code"":2,""signal"":11,""six_flags"":{""AF"":0,""CF"":1,""OF"":0,""PF"":0,""SF"":0,""ZF"":0},""trap"":14,""uc_flags"":7,""uc_link"":""0x0000000000000000"",""uc_stack"":{""flags"":0,""size"":65536,""sp"":""altstack+0""}}]","0x3c across full destination footprint after mapping/protection repair, before sigreturn","{""fill"":""11"",""page2_mapped"":true,""patches"":[[4090,""3c3c3c3c3c3c3c3c""]],""size"":8192}","{""r10"":""0x1010101010101010"",""r11"":""0x1212121212121212"",""r12"":""0x1313131313131313"",""r13"":""0x1414141414141414"",""r14"":""0x1515151515151515"",""r15"":""0x1616161616161616"",""r8"":""0x0808080808080808"",""r9"":""0x0909090909090909"",""rax"":""0x3c3c3c3c3c3c3c3c"",""rbp"":""0x778899aabbccddee"",""rbx"":""0xa1b2c3d4e5f60718"",""rcx"":""0x0000000000000003"",""rdi"":""data+4090"",""rdx"":""0x99aabbccddeeff00"",""rflags"":""0x0000000000000293"",""rsi"":""source+256"",""rsp"":""stack+32768""}","{""AF"":1,""CF"":1,""OF"":0,""PF"":0,""SF"":1,""ZF"":0}",False,rmw.run1.jsonl.gz: matching form/layout/cross_offset/continuation
A,page_and_cacheline_cross,measured,True,True,cmpxchg_match_64_lock,64,cross_ro_rw,7,4089,f0480fb11f,"[{""address"":""data+4089"",""error"":7,""execution_phase"":1,""fpstate_size"":2436,""gregs"":{""cr2"":""data+4089"",""csgsfs"":""0x002b000000000033"",""err"":""0x0000000000000007"",""oldmask"":""0x0000000000000000"",""r10"":""0x1010101010101010"",""r11"":""0x1212121212121212"",""r12"":""0x1313131313131313"",""r13"":""0x1414141414141414"",""r14"":""0x1515151515151515"",""r15"":""0x1616161616161616"",""r8"":""0x0808080808080808"",""r9"":""0x0909090909090909"",""rax"":""0x1111111111111111"",""rbp"":""0x778899aabbccddee"",""rbx"":""0xa1b2c3d4e5f60718"",""rcx"":""0x0000000000000003"",""rdi"":""data+4089"",""rdx"":""0x99aabbccddeeff00"",""rflags"":""0x0000000000010203"",""rip"":""code+0"",""rsi"":""source+256"",""rsp"":""stack+32768"",""trapno"":""0x000000000000000e""},""kernel_sigmask"":""0000000000000000"",""pages"":{""fill"":""11"",""page2_mapped"":true,""patches"":[],""size"":8192},""partial_write"":false,""si_code"":2,""signal"":11,""six_flags"":{""AF"":0,""CF"":1,""OF"":0,""PF"":0,""SF"":0,""ZF"":0},""trap"":14,""uc_flags"":7,""uc_link"":""0x0000000000000000"",""uc_stack"":{""flags"":0,""size"":65536,""sp"":""altstack+0""}}]","{""fill"":""11"",""page2_mapped"":true,""patches"":[],""size"":8192}","[{""address"":""data+4089"",""error"":7,""execution_phase"":1,""fpstate_size"":2436,""gregs"":{""cr2"":""data+4089"",""csgsfs"":""0x002b000000000033"",""err"":""0x0000000000000007"",""oldmask"":""0x0000000000000000"",""r10"":""0x1010101010101010"",""r11"":""0x1212121212121212"",""r12"":""0x1313131313131313"",""r13"":""0x1414141414141414"",""r14"":""0x1515151515151515"",""r15"":""0x1616161616161616"",""r8"":""0x0808080808080808"",""r9"":""0x0909090909090909"",""rax"":""0x1111111111111111"",""rbp"":""0x778899aabbccddee"",""rbx"":""0xa1b2c3d4e5f60718"",""rcx"":""0x0000000000000003"",""rdi"":""data+4089"",""rdx"":""0x99aabbccddeeff00"",""rflags"":""0x0000000000010203"",""rip"":""code+0"",""rsi"":""source+256"",""rsp"":""stack+32768"",""trapno"":""0x000000000000000e""},""kernel_sigmask"":""0000000000000000"",""pages"":{""fill"":""11"",""page2_mapped"":true,""patches"":[],""size"":8192},""partial_write"":false,""si_code"":2,""signal"":11,""six_flags"":{""AF"":0,""CF"":1,""OF"":0,""PF"":0,""SF"":0,""ZF"":0},""trap"":14,""uc_flags"":7,""uc_link"":""0x0000000000000000"",""uc_stack"":{""flags"":0,""size"":65536,""sp"":""altstack+0""}}]","0x3c across full destination footprint after mapping/protection repair, before sigreturn","{""fill"":""11"",""page2_mapped"":true,""patches"":[[4089,""3c3c3c3c3c3c3c3c""]],""size"":8192}","{""r10"":""0x1010101010101010"",""r11"":""0x1212121212121212"",""r12"":""0x1313131313131313"",""r13"":""0x1414141414141414"",""r14"":""0x1515151515151515"",""r15"":""0x1616161616161616"",""r8"":""0x0808080808080808"",""r9"":""0x0909090909090909"",""rax"":""0x3c3c3c3c3c3c3c3c"",""rbp"":""0x778899aabbccddee"",""rbx"":""0xa1b2c3d4e5f60718"",""rcx"":""0x0000000000000003"",""rdi"":""data+4089"",""rdx"":""0x99aabbccddeeff00"",""rflags"":""0x0000000000000293"",""rsi"":""source+256"",""rsp"":""stack+32768""}","{""AF"":1,""CF"":1,""OF"":0,""PF"":0,""SF"":1,""ZF"":0}",False,rmw.run1.jsonl.gz: matching form/layout/cross_offset/continuation
A,page_and_cacheline_cross,measured,False,True,bts_reg3_16_lock,16,cross_rw_ro,1,4095,66f00fab1f,"[{""address"":""data+4096"",""error"":7,""execution_phase"":1,""fpstate_size"":2436,""gregs"":{""cr2"":""data+4096"",""csgsfs"":""0x002b000000000033"",""err"":""0x0000000000000007"",""oldmask"":""0x0000000000000000"",""r10"":""0x1010101010101010"",""r11"":""0x1212121212121212"",""r12"":""0x1313131313131313"",""r13"":""0x1414141414141414"",""r14"":""0x1515151515151515"",""r15"":""0x1616161616161616"",""r8"":""0x0808080808080808"",""r9"":""0x0909090909090909"",""rax"":""0x1122334455667788"",""rbp"":""0x778899aabbccddee"",""rbx"":""0x0000000000000003"",""rcx"":""0x0000000000000003"",""rdi"":""data+4095"",""rdx"":""0x99aabbccddeeff00"",""rflags"":""0x0000000000010203"",""rip"":""code+0"",""rsi"":""source+256"",""rsp"":""stack+32768"",""trapno"":""0x000000000000000e""},""kernel_sigmask"":""0000000000000000"",""pages"":{""fill"":""11"",""page2_mapped"":true,""patches"":[],""size"":8192},""partial_write"":false,""si_code"":2,""signal"":11,""six_flags"":{""AF"":0,""CF"":1,""OF"":0,""PF"":0,""SF"":0,""ZF"":0},""trap"":14,""uc_flags"":7,""uc_link"":""0x0000000000000000"",""uc_stack"":{""flags"":0,""size"":65536,""sp"":""altstack+0""}}]","{""fill"":""11"",""page2_mapped"":true,""patches"":[],""size"":8192}","[{""address"":""data+4096"",""error"":7,""execution_phase"":1,""fpstate_size"":2436,""gregs"":{""cr2"":""data+4096"",""csgsfs"":""0x002b000000000033"",""err"":""0x0000000000000007"",""oldmask"":""0x0000000000000000"",""r10"":""0x1010101010101010"",""r11"":""0x1212121212121212"",""r12"":""0x1313131313131313"",""r13"":""0x1414141414141414"",""r14"":""0x1515151515151515"",""r15"":""0x1616161616161616"",""r8"":""0x0808080808080808"",""r9"":""0x0909090909090909"",""rax"":""0x1122334455667788"",""rbp"":""0x778899aabbccddee"",""rbx"":""0x0000000000000003"",""rcx"":""0x0000000000000003"",""rdi"":""data+4095"",""rdx"":""0x99aabbccddeeff00"",""rflags"":""0x0000000000010203"",""rip"":""code+0"",""rsi"":""source+256"",""rsp"":""stack+32768"",""trapno"":""0x000000000000000e""},""kernel_sigmask"":""0000000000000000"",""pages"":{""fill"":""11"",""page2_mapped"":true,""patches"":[],""size"":8192},""partial_write"":false,""si_code"":2,""signal"":11,""six_flags"":{""AF"":0,""CF"":1,""OF"":0,""PF"":0,""SF"":0,""ZF"":0},""trap"":14,""uc_flags"":7,""uc_link"":""0x0000000000000000"",""uc_stack"":{""flags"":0,""size"":65536,""sp"":""altstack+0""}}]","0x3c across full destination footprint after mapping/protection repair, before sigreturn","{""fill"":""11"",""page2_mapped"":true,""patches"":[[4095,""3c3c""]],""size"":8192}","{""r10"":""0x1010101010101010"",""r11"":""0x1212121212121212"",""r12"":""0x1313131313131313"",""r13"":""0x1414141414141414"",""r14"":""0x1515151515151515"",""r15"":""0x1616161616161616"",""r8"":""0x0808080808080808"",""r9"":""0x0909090909090909"",""rax"":""0x1122334455667788"",""rbp"":""0x778899aabbccddee"",""rbx"":""0x0000000000000003"",""rcx"":""0x0000000000000003"",""rdi"":""data+4095"",""rdx"":""0x99aabbccddeeff00"",""rflags"":""0x0000000000000203"",""rsi"":""source+256"",""rsp"":""stack+32768""}","{""AF"":0,""CF"":1,""OF"":0,""PF"":0,""SF"":0,""ZF"":0}",False,rmw.run1.jsonl.gz: matching form/layout/cross_offset/continuation
A,page_and_cacheline_cross,measured,False,True,bts_reg3_16_lock,16,cross_ro_rw,1,4095,66f00fab1f,"[{""address"":""data+4095"",""error"":7,""execution_phase"":1,""fpstate_size"":2436,""gregs"":{""cr2"":""data+4095"",""csgsfs"":""0x002b000000000033"",""err"":""0x0000000000000007"",""oldmask"":""0x0000000000000000"",""r10"":""0x1010101010101010"",""r11"":""0x1212121212121212"",""r12"":""0x1313131313131313"",""r13"":""0x1414141414141414"",""r14"":""0x1515151515151515"",""r15"":""0x1616161616161616"",""r8"":""0x0808080808080808"",""r9"":""0x0909090909090909"",""rax"":""0x1122334455667788"",""rbp"":""0x778899aabbccddee"",""rbx"":""0x0000000000000003"",""rcx"":""0x0000000000000003"",""rdi"":""data+4095"",""rdx"":""0x99aabbccddeeff00"",""rflags"":""0x0000000000010203"",""rip"":""code+0"",""rsi"":""source+256"",""rsp"":""stack+32768"",""trapno"":""0x000000000000000e""},""kernel_sigmask"":""0000000000000000"",""pages"":{""fill"":""11"",""page2_mapped"":true,""patches"":[],""size"":8192},""partial_write"":false,""si_code"":2,""signal"":11,""six_flags"":{""AF"":0,""CF"":1,""OF"":0,""PF"":0,""SF"":0,""ZF"":0},""trap"":14,""uc_flags"":7,""uc_link"":""0x0000000000000000"",""uc_stack"":{""flags"":0,""size"":65536,""sp"":""altstack+0""}}]","{""fill"":""11"",""page2_mapped"":true,""patches"":[],""size"":8192}","[{""address"":""data+4095"",""error"":7,""execution_phase"":1,""fpstate_size"":2436,""gregs"":{""cr2"":""data+4095"",""csgsfs"":""0x002b000000000033"",""err"":""0x0000000000000007"",""oldmask"":""0x0000000000000000"",""r10"":""0x1010101010101010"",""r11"":""0x1212121212121212"",""r12"":""0x1313131313131313"",""r13"":""0x1414141414141414"",""r14"":""0x1515151515151515"",""r15"":""0x1616161616161616"",""r8"":""0x0808080808080808"",""r9"":""0x0909090909090909"",""rax"":""0x1122334455667788"",""rbp"":""0x778899aabbccddee"",""rbx"":""0x0000000000000003"",""rcx"":""0x0000000000000003"",""rdi"":""data+4095"",""rdx"":""0x99aabbccddeeff00"",""rflags"":""0x0000000000010203"",""rip"":""code+0"",""rsi"":""source+256"",""rsp"":""stack+32768"",""trapno"":""0x000000000000000e""},""kernel_sigmask"":""0000000000000000"",""pages"":{""fill"":""11"",""page2_mapped"":true,""patches"":[],""size"":8192},""partial_write"":false,""si_code"":2,""signal"":11,""six_flags"":{""AF"":0,""CF"":1,""OF"":0,""PF"":0,""SF"":0,""ZF"":0},""trap"":14,""uc_flags"":7,""uc_link"":""0x0000000000000000"",""uc_stack"":{""flags"":0,""size"":65536,""sp"":""altstack+0""}}]","0x3c across full destination footprint after mapping/protection repair, before sigreturn","{""fill"":""11"",""page2_mapped"":true,""patches"":[[4095,""3c3c""]],""size"":8192}","{""r10"":""0x1010101010101010"",""r11"":""0x1212121212121212"",""r12"":""0x1313131313131313"",""r13"":""0x1414141414141414"",""r14"":""0x1515151515151515"",""r15"":""0x1616161616161616"",""r8"":""0x0808080808080808"",""r9"":""0x0909090909090909"",""rax"":""0x1122334455667788"",""rbp"":""0x778899aabbccddee"",""rbx"":""0x0000000000000003"",""rcx"":""0x0000000000000003"",""rdi"":""data+4095"",""rdx"":""0x99aabbccddeeff00"",""rflags"":""0x0000000000000203"",""rsi"":""source+256"",""rsp"":""stack+32768""}","{""AF"":0,""CF"":1,""OF"":0,""PF"":0,""SF"":0,""ZF"":0}",False,rmw.run1.jsonl.gz: matching form/layout/cross_offset/continuation
A,page_and_cacheline_cross,measured,True,True,bts_imm3_16_lock,16,cross_rw_ro,1,4095,66f00fba2f03,"[{""address"":""data+4096"",""error"":7,""execution_phase"":1,""fpstate_size"":2436,""gregs"":{""cr2"":""data+4096"",""csgsfs"":""0x002b000000000033"",""err"":""0x0000000000000007"",""oldmask"":""0x0000000000000000"",""r10"":""0x1010101010101010"",""r11"":""0x1212121212121212"",""r12"":""0x1313131313131313"",""r13"":""0x1414141414141414"",""r14"":""0x1515151515151515"",""r15"":""0x1616161616161616"",""r8"":""0x0808080808080808"",""r9"":""0x0909090909090909"",""rax"":""0x1122334455667788"",""rbp"":""0x778899aabbccddee"",""rbx"":""0x0000000000000003"",""rcx"":""0x0000000000000003"",""rdi"":""data+4095"",""rdx"":""0x99aabbccddeeff00"",""rflags"":""0x0000000000010203"",""rip"":""code+0"",""rsi"":""source+256"",""rsp"":""stack+32768"",""trapno"":""0x000000000000000e""},""kernel_sigmask"":""0000000000000000"",""pages"":{""fill"":""11"",""page2_mapped"":true,""patches"":[],""size"":8192},""partial_write"":false,""si_code"":2,""signal"":11,""six_flags"":{""AF"":0,""CF"":1,""OF"":0,""PF"":0,""SF"":0,""ZF"":0},""trap"":14,""uc_flags"":7,""uc_link"":""0x0000000000000000"",""uc_stack"":{""flags"":0,""size"":65536,""sp"":""altstack+0""}}]","{""fill"":""11"",""page2_mapped"":true,""patches"":[],""size"":8192}","[{""address"":""data+4096"",""error"":7,""execution_phase"":1,""fpstate_size"":2436,""gregs"":{""cr2"":""data+4096"",""csgsfs"":""0x002b000000000033"",""err"":""0x0000000000000007"",""oldmask"":""0x0000000000000000"",""r10"":""0x1010101010101010"",""r11"":""0x1212121212121212"",""r12"":""0x1313131313131313"",""r13"":""0x1414141414141414"",""r14"":""0x1515151515151515"",""r15"":""0x1616161616161616"",""r8"":""0x0808080808080808"",""r9"":""0x0909090909090909"",""rax"":""0x1122334455667788"",""rbp"":""0x778899aabbccddee"",""rbx"":""0x0000000000000003"",""rcx"":""0x0000000000000003"",""rdi"":""data+4095"",""rdx"":""0x99aabbccddeeff00"",""rflags"":""0x0000000000010203"",""rip"":""code+0"",""rsi"":""source+256"",""rsp"":""stack+32768"",""trapno"":""0x000000000000000e""},""kernel_sigmask"":""0000000000000000"",""pages"":{""fill"":""11"",""page2_mapped"":true,""patches"":[],""size"":8192},""partial_write"":false,""si_code"":2,""signal"":11,""six_flags"":{""AF"":0,""CF"":1,""OF"":0,""PF"":0,""SF"":0,""ZF"":0},""trap"":14,""uc_flags"":7,""uc_link"":""0x0000000000000000"",""uc_stack"":{""flags"":0,""size"":65536,""sp"":""altstack+0""}}]","0x3c across full destination footprint after mapping/protection repair, before sigreturn","{""fill"":""11"",""page2_mapped"":true,""patches"":[[4095,""3c3c""]],""size"":8192}","{""r10"":""0x1010101010101010"",""r11"":""0x1212121212121212"",""r12"":""0x1313131313131313"",""r13"":""0x1414141414141414"",""r14"":""0x1515151515151515"",""r15"":""0x1616161616161616"",""r8"":""0x0808080808080808"",""r9"":""0x0909090909090909"",""rax"":""0x1122334455667788"",""rbp"":""0x778899aabbccddee"",""rbx"":""0x0000000000000003"",""rcx"":""0x0000000000000003"",""rdi"":""data+4095"",""rdx"":""0x99aabbccddeeff00"",""rflags"":""0x0000000000000203"",""rsi"":""source+256"",""rsp"":""stack+32768""}","{""AF"":0,""CF"":1,""OF"":0,""PF"":0,""SF"":0,""ZF"":0}",False,rmw.run1.jsonl.gz: matching form/layout/cross_offset/continuation
A,page_and_cacheline_cross,measured,True,True,bts_imm3_16_lock,16,cross_ro_rw,1,4095,66f00fba2f03,"[{""address"":""data+4095"",""error"":7,""execution_phase"":1,""fpstate_size"":2436,""gregs"":{""cr2"":""data+4095"",""csgsfs"":""0x002b000000000033"",""err"":""0x0000000000000007"",""oldmask"":""0x0000000000000000"",""r10"":""0x1010101010101010"",""r11"":""0x1212121212121212"",""r12"":""0x1313131313131313"",""r13"":""0x1414141414141414"",""r14"":""0x1515151515151515"",""r15"":""0x1616161616161616"",""r8"":""0x0808080808080808"",""r9"":""0x0909090909090909"",""rax"":""0x1122334455667788"",""rbp"":""0x778899aabbccddee"",""rbx"":""0x0000000000000003"",""rcx"":""0x0000000000000003"",""rdi"":""data+4095"",""rdx"":""0x99aabbccddeeff00"",""rflags"":""0x0000000000010203"",""rip"":""code+0"",""rsi"":""source+256"",""rsp"":""stack+32768"",""trapno"":""0x000000000000000e""},""kernel_sigmask"":""0000000000000000"",""pages"":{""fill"":""11"",""page2_mapped"":true,""patches"":[],""size"":8192},""partial_write"":false,""si_code"":2,""signal"":11,""six_flags"":{""AF"":0,""CF"":1,""OF"":0,""PF"":0,""SF"":0,""ZF"":0},""trap"":14,""uc_flags"":7,""uc_link"":""0x0000000000000000"",""uc_stack"":{""flags"":0,""size"":65536,""sp"":""altstack+0""}}]","{""fill"":""11"",""page2_mapped"":true,""patches"":[],""size"":8192}","[{""address"":""data+4095"",""error"":7,""execution_phase"":1,""fpstate_size"":2436,""gregs"":{""cr2"":""data+4095"",""csgsfs"":""0x002b000000000033"",""err"":""0x0000000000000007"",""oldmask"":""0x0000000000000000"",""r10"":""0x1010101010101010"",""r11"":""0x1212121212121212"",""r12"":""0x1313131313131313"",""r13"":""0x1414141414141414"",""r14"":""0x1515151515151515"",""r15"":""0x1616161616161616"",""r8"":""0x0808080808080808"",""r9"":""0x0909090909090909"",""rax"":""0x1122334455667788"",""rbp"":""0x778899aabbccddee"",""rbx"":""0x0000000000000003"",""rcx"":""0x0000000000000003"",""rdi"":""data+4095"",""rdx"":""0x99aabbccddeeff00"",""rflags"":""0x0000000000010203"",""rip"":""code+0"",""rsi"":""source+256"",""rsp"":""stack+32768"",""trapno"":""0x000000000000000e""},""kernel_sigmask"":""0000000000000000"",""pages"":{""fill"":""11"",""page2_mapped"":true,""patches"":[],""size"":8192},""partial_write"":false,""si_code"":2,""signal"":11,""six_flags"":{""AF"":0,""CF"":1,""OF"":0,""PF"":0,""SF"":0,""ZF"":0},""trap"":14,""uc_flags"":7,""uc_link"":""0x0000000000000000"",""uc_stack"":{""flags"":0,""size"":65536,""sp"":""altstack+0""}}]","0x3c across full destination footprint after mapping/protection repair, before sigreturn","{""fill"":""11"",""page2_mapped"":true,""patches"":[[4095,""3c3c""]],""size"":8192}","{""r10"":""0x1010101010101010"",""r11"":""0x1212121212121212"",""r12"":""0x1313131313131313"",""r13"":""0x1414141414141414"",""r14"":""0x1515151515151515"",""r15"":""0x1616161616161616"",""r8"":""0x0808080808080808"",""r9"":""0x0909090909090909"",""rax"":""0x1122334455667788"",""rbp"":""0x778899aabbccddee"",""rbx"":""0x0000000000000003"",""rcx"":""0x0000000000000003"",""rdi"":""data+4095"",""rdx"":""0x99aabbccddeeff00"",""rflags"":""0x0000000000000203"",""rsi"":""source+256"",""rsp"":""stack+32768""}","{""AF"":0,""CF"":1,""OF"":0,""PF"":0,""SF"":0,""ZF"":0}",False,rmw.run1.jsonl.gz: matching form/layout/cross_offset/continuation
A,page_and_cacheline_cross,measured,False,True,bts_reg3_32_lock,32,cross_rw_ro,1,4095,f00fab1f,"[{""address"":""data+4096"",""error"":7,""execution_phase"":1,""fpstate_size"":2436,""gregs"":{""cr2"":""data+4096"",""csgsfs"":""0x002b000000000033"",""err"":""0x0000000000000007"",""oldmask"":""0x0000000000000000"",""r10"":""0x1010101010101010"",""r11"":""0x1212121212121212"",""r12"":""0x1313131313131313"",""r13"":""0x1414141414141414"",""r14"":""0x1515151515151515"",""r15"":""0x1616161616161616"",""r8"":""0x0808080808080808"",""r9"":""0x0909090909090909"",""rax"":""0x1122334455667788"",""rbp"":""0x778899aabbccddee"",""rbx"":""0x0000000000000003"",""rcx"":""0x0000000000000003"",""rdi"":""data+4095"",""rdx"":""0x99aabbccddeeff00"",""rflags"":""0x0000000000010203"",""rip"":""code+0"",""rsi"":""source+256"",""rsp"":""stack+32768"",""trapno"":""0x000000000000000e""},""kernel_sigmask"":""0000000000000000"",""pages"":{""fill"":""11"",""page2_mapped"":true,""patches"":[],""size"":8192},""partial_write"":false,""si_code"":2,""signal"":11,""six_flags"":{""AF"":0,""CF"":1,""OF"":0,""PF"":0,""SF"":0,""ZF"":0},""trap"":14,""uc_flags"":7,""uc_link"":""0x0000000000000000"",""uc_stack"":{""flags"":0,""size"":65536,""sp"":""altstack+0""}}]","{""fill"":""11"",""page2_mapped"":true,""patches"":[],""size"":8192}","[{""address"":""data+4096"",""error"":7,""execution_phase"":1,""fpstate_size"":2436,""gregs"":{""cr2"":""data+4096"",""csgsfs"":""0x002b000000000033"",""err"":""0x0000000000000007"",""oldmask"":""0x0000000000000000"",""r10"":""0x1010101010101010"",""r11"":""0x1212121212121212"",""r12"":""0x1313131313131313"",""r13"":""0x1414141414141414"",""r14"":""0x1515151515151515"",""r15"":""0x1616161616161616"",""r8"":""0x0808080808080808"",""r9"":""0x0909090909090909"",""rax"":""0x1122334455667788"",""rbp"":""0x778899aabbccddee"",""rbx"":""0x0000000000000003"",""rcx"":""0x0000000000000003"",""rdi"":""data+4095"",""rdx"":""0x99aabbccddeeff00"",""rflags"":""0x0000000000010203"",""rip"":""code+0"",""rsi"":""source+256"",""rsp"":""stack+32768"",""trapno"":""0x000000000000000e""},""kernel_sigmask"":""0000000000000000"",""pages"":{""fill"":""11"",""page2_mapped"":true,""patches"":[],""size"":8192},""partial_write"":false,""si_code"":2,""signal"":11,""six_flags"":{""AF"":0,""CF"":1,""OF"":0,""PF"":0,""SF"":0,""ZF"":0},""trap"":14,""uc_flags"":7,""uc_link"":""0x0000000000000000"",""uc_stack"":{""flags"":0,""size"":65536,""sp"":""altstack+0""}}]","0x3c across full destination footprint after mapping/protection repair, before sigreturn","{""fill"":""11"",""page2_mapped"":true,""patches"":[[4095,""3c3c3c3c""]],""size"":8192}","{""r10"":""0x1010101010101010"",""r11"":""0x1212121212121212"",""r12"":""0x1313131313131313"",""r13"":""0x1414141414141414"",""r14"":""0x1515151515151515"",""r15"":""0x1616161616161616"",""r8"":""0x0808080808080808"",""r9"":""0x0909090909090909"",""rax"":""0x1122334455667788"",""rbp"":""0x778899aabbccddee"",""rbx"":""0x0000000000000003"",""rcx"":""0x0000000000000003"",""rdi"":""data+4095"",""rdx"":""0x99aabbccddeeff00"",""rflags"":""0x0000000000000203"",""rsi"":""source+256"",""rsp"":""stack+32768""}","{""AF"":0,""CF"":1,""OF"":0,""PF"":0,""SF"":0,""ZF"":0}",False,rmw.run1.jsonl.gz: matching form/layout/cross_offset/continuation
A,page_and_cacheline_cross,measured,False,True,bts_reg3_32_lock,32,cross_rw_ro,2,4094,f00fab1f,"[{""address"":""data+4096"",""error"":7,""execution_phase"":1,""fpstate_size"":2436,""gregs"":{""cr2"":""data+4096"",""csgsfs"":""0x002b000000000033"",""err"":""0x0000000000000007"",""oldmask"":""0x0000000000000000"",""r10"":""0x1010101010101010"",""r11"":""0x1212121212121212"",""r12"":""0x1313131313131313"",""r13"":""0x1414141414141414"",""r14"":""0x1515151515151515"",""r15"":""0x1616161616161616"",""r8"":""0x0808080808080808"",""r9"":""0x0909090909090909"",""rax"":""0x1122334455667788"",""rbp"":""0x778899aabbccddee"",""rbx"":""0x0000000000000003"",""rcx"":""0x0000000000000003"",""rdi"":""data+4094"",""rdx"":""0x99aabbccddeeff00"",""rflags"":""0x0000000000010203"",""rip"":""code+0"",""rsi"":""source+256"",""rsp"":""stack+32768"",""trapno"":""0x000000000000000e""},""kernel_sigmask"":""0000000000000000"",""pages"":{""fill"":""11"",""page2_mapped"":true,""patches"":[],""size"":8192},""partial_write"":false,""si_code"":2,""signal"":11,""six_flags"":{""AF"":0,""CF"":1,""OF"":0,""PF"":0,""SF"":0,""ZF"":0},""trap"":14,""uc_flags"":7,""uc_link"":""0x0000000000000000"",""uc_stack"":{""flags"":0,""size"":65536,""sp"":""altstack+0""}}]","{""fill"":""11"",""page2_mapped"":true,""patches"":[],""size"":8192}","[{""address"":""data+4096"",""error"":7,""execution_phase"":1,""fpstate_size"":2436,""gregs"":{""cr2"":""data+4096"",""csgsfs"":""0x002b000000000033"",""err"":""0x0000000000000007"",""oldmask"":""0x0000000000000000"",""r10"":""0x1010101010101010"",""r11"":""0x1212121212121212"",""r12"":""0x1313131313131313"",""r13"":""0x1414141414141414"",""r14"":""0x1515151515151515"",""r15"":""0x1616161616161616"",""r8"":""0x0808080808080808"",""r9"":""0x0909090909090909"",""rax"":""0x1122334455667788"",""rbp"":""0x778899aabbccddee"",""rbx"":""0x0000000000000003"",""rcx"":""0x0000000000000003"",""rdi"":""data+4094"",""rdx"":""0x99aabbccddeeff00"",""rflags"":""0x0000000000010203"",""rip"":""code+0"",""rsi"":""source+256"",""rsp"":""stack+32768"",""trapno"":""0x000000000000000e""},""kernel_sigmask"":""0000000000000000"",""pages"":{""fill"":""11"",""page2_mapped"":true,""patches"":[],""size"":8192},""partial_write"":false,""si_code"":2,""signal"":11,""six_flags"":{""AF"":0,""CF"":1,""OF"":0,""PF"":0,""SF"":0,""ZF"":0},""trap"":14,""uc_flags"":7,""uc_link"":""0x0000000000000000"",""uc_stack"":{""flags"":0,""size"":65536,""sp"":""altstack+0""}}]","0x3c across full destination footprint after mapping/protection repair, before sigreturn","{""fill"":""11"",""page2_mapped"":true,""patches"":[[4094,""3c3c3c3c""]],""size"":8192}","{""r10"":""0x1010101010101010"",""r11"":""0x1212121212121212"",""r12"":""0x1313131313131313"",""r13"":""0x1414141414141414"",""r14"":""0x1515151515151515"",""r15"":""0x1616161616161616"",""r8"":""0x0808080808080808"",""r9"":""0x0909090909090909"",""rax"":""0x1122334455667788"",""rbp"":""0x778899aabbccddee"",""rbx"":""0x0000000000000003"",""rcx"":""0x0000000000000003"",""rdi"":""data+4094"",""rdx"":""0x99aabbccddeeff00"",""rflags"":""0x0000000000000203"",""rsi"":""source+256"",""rsp"":""stack+32768""}","{""AF"":0,""CF"":1,""OF"":0,""PF"":0,""SF"":0,""ZF"":0}",False,rmw.run1.jsonl.gz: matching form/layout/cross_offset/continuation
A,page_and_cacheline_cross,measured,False,True,bts_reg3_32_lock,32,cross_rw_ro,3,4093,f00fab1f,"[{""address"":""data+4096"",""error"":7,""execution_phase"":1,""fpstate_size"":2436,""gregs"":{""cr2"":""data+4096"",""csgsfs"":""0x002b000000000033"",""err"":""0x0000000000000007"",""oldmask"":""0x0000000000000000"",""r10"":""0x1010101010101010"",""r11"":""0x1212121212121212"",""r12"":""0x1313131313131313"",""r13"":""0x1414141414141414"",""r14"":""0x1515151515151515"",""r15"":""0x1616161616161616"",""r8"":""0x0808080808080808"",""r9"":""0x0909090909090909"",""rax"":""0x1122334455667788"",""rbp"":""0x778899aabbccddee"",""rbx"":""0x0000000000000003"",""rcx"":""0x0000000000000003"",""rdi"":""data+4093"",""rdx"":""0x99aabbccddeeff00"",""rflags"":""0x0000000000010203"",""rip"":""code+0"",""rsi"":""source+256"",""rsp"":""stack+32768"",""trapno"":""0x000000000000000e""},""kernel_sigmask"":""0000000000000000"",""pages"":{""fill"":""11"",""page2_mapped"":true,""patches"":[],""size"":8192},""partial_write"":false,""si_code"":2,""signal"":11,""six_flags"":{""AF"":0,""CF"":1,""OF"":0,""PF"":0,""SF"":0,""ZF"":0},""trap"":14,""uc_flags"":7,""uc_link"":""0x0000000000000000"",""uc_stack"":{""flags"":0,""size"":65536,""sp"":""altstack+0""}}]","{""fill"":""11"",""page2_mapped"":true,""patches"":[],""size"":8192}","[{""address"":""data+4096"",""error"":7,""execution_phase"":1,""fpstate_size"":2436,""gregs"":{""cr2"":""data+4096"",""csgsfs"":""0x002b000000000033"",""err"":""0x0000000000000007"",""oldmask"":""0x0000000000000000"",""r10"":""0x1010101010101010"",""r11"":""0x1212121212121212"",""r12"":""0x1313131313131313"",""r13"":""0x1414141414141414"",""r14"":""0x1515151515151515"",""r15"":""0x1616161616161616"",""r8"":""0x0808080808080808"",""r9"":""0x0909090909090909"",""rax"":""0x1122334455667788"",""rbp"":""0x778899aabbccddee"",""rbx"":""0x0000000000000003"",""rcx"":""0x0000000000000003"",""rdi"":""data+4093"",""rdx"":""0x99aabbccddeeff00"",""rflags"":""0x0000000000010203"",""rip"":""code+0"",""rsi"":""source+256"",""rsp"":""stack+32768"",""trapno"":""0x000000000000000e""},""kernel_sigmask"":""0000000000000000"",""pages"":{""fill"":""11"",""page2_mapped"":true,""patches"":[],""size"":8192},""partial_write"":false,""si_code"":2,""signal"":11,""six_flags"":{""AF"":0,""CF"":1,""OF"":0,""PF"":0,""SF"":0,""ZF"":0},""trap"":14,""uc_flags"":7,""uc_link"":""0x0000000000000000"",""uc_stack"":{""flags"":0,""size"":65536,""sp"":""altstack+0""}}]","0x3c across full destination footprint after mapping/protection repair, before sigreturn","{""fill"":""11"",""page2_mapped"":true,""patches"":[[4093,""3c3c3c3c""]],""size"":8192}","{""r10"":""0x1010101010101010"",""r11"":""0x1212121212121212"",""r12"":""0x1313131313131313"",""r13"":""0x1414141414141414"",""r14"":""0x1515151515151515"",""r15"":""0x1616161616161616"",""r8"":""0x0808080808080808"",""r9"":""0x0909090909090909"",""rax"":""0x1122334455667788"",""rbp"":""0x778899aabbccddee"",""rbx"":""0x0000000000000003"",""rcx"":""0x0000000000000003"",""rdi"":""data+4093"",""rdx"":""0x99aabbccddeeff00"",""rflags"":""0x0000000000000203"",""rsi"":""source+256"",""rsp"":""stack+32768""}","{""AF"":0,""CF"":1,""OF"":0,""PF"":0,""SF"":0,""ZF"":0}",False,rmw.run1.jsonl.gz: matching form/layout/cross_offset/continuation
A,page_and_cacheline_cross,measured,False,True,bts_reg3_32_lock,32,cross_ro_rw,1,4095,f00fab1f,"[{""address"":""data+4095"",""error"":7,""execution_phase"":1,""fpstate_size"":2436,""gregs"":{""cr2"":""data+4095"",""csgsfs"":""0x002b000000000033"",""err"":""0x0000000000000007"",""oldmask"":""0x0000000000000000"",""r10"":""0x1010101010101010"",""r11"":""0x1212121212121212"",""r12"":""0x1313131313131313"",""r13"":""0x1414141414141414"",""r14"":""0x1515151515151515"",""r15"":""0x1616161616161616"",""r8"":""0x0808080808080808"",""r9"":""0x0909090909090909"",""rax"":""0x1122334455667788"",""rbp"":""0x778899aabbccddee"",""rbx"":""0x0000000000000003"",""rcx"":""0x0000000000000003"",""rdi"":""data+4095"",""rdx"":""0x99aabbccddeeff00"",""rflags"":""0x0000000000010203"",""rip"":""code+0"",""rsi"":""source+256"",""rsp"":""stack+32768"",""trapno"":""0x000000000000000e""},""kernel_sigmask"":""0000000000000000"",""pages"":{""fill"":""11"",""page2_mapped"":true,""patches"":[],""size"":8192},""partial_write"":false,""si_code"":2,""signal"":11,""six_flags"":{""AF"":0,""CF"":1,""OF"":0,""PF"":0,""SF"":0,""ZF"":0},""trap"":14,""uc_flags"":7,""uc_link"":""0x0000000000000000"",""uc_stack"":{""flags"":0,""size"":65536,""sp"":""altstack+0""}}]","{""fill"":""11"",""page2_mapped"":true,""patches"":[],""size"":8192}","[{""address"":""data+4095"",""error"":7,""execution_phase"":1,""fpstate_size"":2436,""gregs"":{""cr2"":""data+4095"",""csgsfs"":""0x002b000000000033"",""err"":""0x0000000000000007"",""oldmask"":""0x0000000000000000"",""r10"":""0x1010101010101010"",""r11"":""0x1212121212121212"",""r12"":""0x1313131313131313"",""r13"":""0x1414141414141414"",""r14"":""0x1515151515151515"",""r15"":""0x1616161616161616"",""r8"":""0x0808080808080808"",""r9"":""0x0909090909090909"",""rax"":""0x1122334455667788"",""rbp"":""0x778899aabbccddee"",""rbx"":""0x0000000000000003"",""rcx"":""0x0000000000000003"",""rdi"":""data+4095"",""rdx"":""0x99aabbccddeeff00"",""rflags"":""0x0000000000010203"",""rip"":""code+0"",""rsi"":""source+256"",""rsp"":""stack+32768"",""trapno"":""0x000000000000000e""},""kernel_sigmask"":""0000000000000000"",""pages"":{""fill"":""11"",""page2_mapped"":true,""patches"":[],""size"":8192},""partial_write"":false,""si_code"":2,""signal"":11,""six_flags"":{""AF"":0,""CF"":1,""OF"":0,""PF"":0,""SF"":0,""ZF"":0},""trap"":14,""uc_flags"":7,""uc_link"":""0x0000000000000000"",""uc_stack"":{""flags"":0,""size"":65536,""sp"":""altstack+0""}}]","0x3c across full destination footprint after mapping/protection repair, before sigreturn","{""fill"":""11"",""page2_mapped"":true,""patches"":[[4095,""3c3c3c3c""]],""size"":8192}","{""r10"":""0x1010101010101010"",""r11"":""0x1212121212121212"",""r12"":""0x1313131313131313"",""r13"":""0x1414141414141414"",""r14"":""0x1515151515151515"",""r15"":""0x1616161616161616"",""r8"":""0x0808080808080808"",""r9"":""0x0909090909090909"",""rax"":""0x1122334455667788"",""rbp"":""0x778899aabbccddee"",""rbx"":""0x0000000000000003"",""rcx"":""0x0000000000000003"",""rdi"":""data+4095"",""rdx"":""0x99aabbccddeeff00"",""rflags"":""0x0000000000000203"",""rsi"":""source+256"",""rsp"":""stack+32768""}","{""AF"":0,""CF"":1,""OF"":0,""PF"":0,""SF"":0,""ZF"":0}",False,rmw.run1.jsonl.gz: matching form/layout/cross_offset/continuation
A,page_and_cacheline_cross,measured,False,True,bts_reg3_32_lock,32,cross_ro_rw,2,4094,f00fab1f,"[{""address"":""data+4094"",""error"":7,""execution_phase"":1,""fpstate_size"":2436,""gregs"":{""cr2"":""data+4094"",""csgsfs"":""0x002b000000000033"",""err"":""0x0000000000000007"",""oldmask"":""0x0000000000000000"",""r10"":""0x1010101010101010"",""r11"":""0x1212121212121212"",""r12"":""0x1313131313131313"",""r13"":""0x1414141414141414"",""r14"":""0x1515151515151515"",""r15"":""0x1616161616161616"",""r8"":""0x0808080808080808"",""r9"":""0x0909090909090909"",""rax"":""0x1122334455667788"",""rbp"":""0x778899aabbccddee"",""rbx"":""0x0000000000000003"",""rcx"":""0x0000000000000003"",""rdi"":""data+4094"",""rdx"":""0x99aabbccddeeff00"",""rflags"":""0x0000000000010203"",""rip"":""code+0"",""rsi"":""source+256"",""rsp"":""stack+32768"",""trapno"":""0x000000000000000e""},""kernel_sigmask"":""0000000000000000"",""pages"":{""fill"":""11"",""page2_mapped"":true,""patches"":[],""size"":8192},""partial_write"":false,""si_code"":2,""signal"":11,""six_flags"":{""AF"":0,""CF"":1,""OF"":0,""PF"":0,""SF"":0,""ZF"":0},""trap"":14,""uc_flags"":7,""uc_link"":""0x0000000000000000"",""uc_stack"":{""flags"":0,""size"":65536,""sp"":""altstack+0""}}]","{""fill"":""11"",""page2_mapped"":true,""patches"":[],""size"":8192}","[{""address"":""data+4094"",""error"":7,""execution_phase"":1,""fpstate_size"":2436,""gregs"":{""cr2"":""data+4094"",""csgsfs"":""0x002b000000000033"",""err"":""0x0000000000000007"",""oldmask"":""0x0000000000000000"",""r10"":""0x1010101010101010"",""r11"":""0x1212121212121212"",""r12"":""0x1313131313131313"",""r13"":""0x1414141414141414"",""r14"":""0x1515151515151515"",""r15"":""0x1616161616161616"",""r8"":""0x0808080808080808"",""r9"":""0x0909090909090909"",""rax"":""0x1122334455667788"",""rbp"":""0x778899aabbccddee"",""rbx"":""0x0000000000000003"",""rcx"":""0x0000000000000003"",""rdi"":""data+4094"",""rdx"":""0x99aabbccddeeff00"",""rflags"":""0x0000000000010203"",""rip"":""code+0"",""rsi"":""source+256"",""rsp"":""stack+32768"",""trapno"":""0x000000000000000e""},""kernel_sigmask"":""0000000000000000"",""pages"":{""fill"":""11"",""page2_mapped"":true,""patches"":[],""size"":8192},""partial_write"":false,""si_code"":2,""signal"":11,""six_flags"":{""AF"":0,""CF"":1,""OF"":0,""PF"":0,""SF"":0,""ZF"":0},""trap"":14,""uc_flags"":7,""uc_link"":""0x0000000000000000"",""uc_stack"":{""flags"":0,""size"":65536,""sp"":""altstack+0""}}]","0x3c across full destination footprint after mapping/protection repair, before sigreturn","{""fill"":""11"",""page2_mapped"":true,""patches"":[[4094,""3c3c3c3c""]],""size"":8192}","{""r10"":""0x1010101010101010"",""r11"":""0x1212121212121212"",""r12"":""0x1313131313131313"",""r13"":""0x1414141414141414"",""r14"":""0x1515151515151515"",""r15"":""0x1616161616161616"",""r8"":""0x0808080808080808"",""r9"":""0x0909090909090909"",""rax"":""0x1122334455667788"",""rbp"":""0x778899aabbccddee"",""rbx"":""0x0000000000000003"",""rcx"":""0x0000000000000003"",""rdi"":""data+4094"",""rdx"":""0x99aabbccddeeff00"",""rflags"":""0x0000000000000203"",""rsi"":""source+256"",""rsp"":""stack+32768""}","{""AF"":0,""CF"":1,""OF"":0,""PF"":0,""SF"":0,""ZF"":0}",False,rmw.run1.jsonl.gz: matching form/layout/cross_offset/continuation
A,page_and_cacheline_cross,measured,False,True,bts_reg3_32_lock,32,cross_ro_rw,3,4093,f00fab1f,"[{""address"":""data+4093"",""error"":7,""execution_phase"":1,""fpstate_size"":2436,""gregs"":{""cr2"":""data+4093"",""csgsfs"":""0x002b000000000033"",""err"":""0x0000000000000007"",""oldmask"":""0x0000000000000000"",""r10"":""0x1010101010101010"",""r11"":""0x1212121212121212"",""r12"":""0x1313131313131313"",""r13"":""0x1414141414141414"",""r14"":""0x1515151515151515"",""r15"":""0x1616161616161616"",""r8"":""0x0808080808080808"",""r9"":""0x0909090909090909"",""rax"":""0x1122334455667788"",""rbp"":""0x778899aabbccddee"",""rbx"":""0x0000000000000003"",""rcx"":""0x0000000000000003"",""rdi"":""data+4093"",""rdx"":""0x99aabbccddeeff00"",""rflags"":""0x0000000000010203"",""rip"":""code+0"",""rsi"":""source+256"",""rsp"":""stack+32768"",""trapno"":""0x000000000000000e""},""kernel_sigmask"":""0000000000000000"",""pages"":{""fill"":""11"",""page2_mapped"":true,""patches"":[],""size"":8192},""partial_write"":false,""si_code"":2,""signal"":11,""six_flags"":{""AF"":0,""CF"":1,""OF"":0,""PF"":0,""SF"":0,""ZF"":0},""trap"":14,""uc_flags"":7,""uc_link"":""0x0000000000000000"",""uc_stack"":{""flags"":0,""size"":65536,""sp"":""altstack+0""}}]","{""fill"":""11"",""page2_mapped"":true,""patches"":[],""size"":8192}","[{""address"":""data+4093"",""error"":7,""execution_phase"":1,""fpstate_size"":2436,""gregs"":{""cr2"":""data+4093"",""csgsfs"":""0x002b000000000033"",""err"":""0x0000000000000007"",""oldmask"":""0x0000000000000000"",""r10"":""0x1010101010101010"",""r11"":""0x1212121212121212"",""r12"":""0x1313131313131313"",""r13"":""0x1414141414141414"",""r14"":""0x1515151515151515"",""r15"":""0x1616161616161616"",""r8"":""0x0808080808080808"",""r9"":""0x0909090909090909"",""rax"":""0x1122334455667788"",""rbp"":""0x778899aabbccddee"",""rbx"":""0x0000000000000003"",""rcx"":""0x0000000000000003"",""rdi"":""data+4093"",""rdx"":""0x99aabbccddeeff00"",""rflags"":""0x0000000000010203"",""rip"":""code+0"",""rsi"":""source+256"",""rsp"":""stack+32768"",""trapno"":""0x000000000000000e""},""kernel_sigmask"":""0000000000000000"",""pages"":{""fill"":""11"",""page2_mapped"":true,""patches"":[],""size"":8192},""partial_write"":false,""si_code"":2,""signal"":11,""six_flags"":{""AF"":0,""CF"":1,""OF"":0,""PF"":0,""SF"":0,""ZF"":0},""trap"":14,""uc_flags"":7,""uc_link"":""0x0000000000000000"",""uc_stack"":{""flags"":0,""size"":65536,""sp"":""altstack+0""}}]","0x3c across full destination footprint after mapping/protection repair, before sigreturn","{""fill"":""11"",""page2_mapped"":true,""patches"":[[4093,""3c3c3c3c""]],""size"":8192}","{""r10"":""0x1010101010101010"",""r11"":""0x1212121212121212"",""r12"":""0x1313131313131313"",""r13"":""0x1414141414141414"",""r14"":""0x1515151515151515"",""r15"":""0x1616161616161616"",""r8"":""0x0808080808080808"",""r9"":""0x0909090909090909"",""rax"":""0x1122334455667788"",""rbp"":""0x778899aabbccddee"",""rbx"":""0x0000000000000003"",""rcx"":""0x0000000000000003"",""rdi"":""data+4093"",""rdx"":""0x99aabbccddeeff00"",""rflags"":""0x0000000000000203"",""rsi"":""source+256"",""rsp"":""stack+32768""}","{""AF"":0,""CF"":1,""OF"":0,""PF"":0,""SF"":0,""ZF"":0}",False,rmw.run1.jsonl.gz: matching form/layout/cross_offset/continuation
A,page_and_cacheline_cross,measured,True,True,bts_imm3_32_lock,32,cross_rw_ro,1,4095,f00fba2f03,"[{""address"":""data+4096"",""error"":7,""execution_phase"":1,""fpstate_size"":2436,""gregs"":{""cr2"":""data+4096"",""csgsfs"":""0x002b000000000033"",""err"":""0x0000000000000007"",""oldmask"":""0x0000000000000000"",""r10"":""0x1010101010101010"",""r11"":""0x1212121212121212"",""r12"":""0x1313131313131313"",""r13"":""0x1414141414141414"",""r14"":""0x1515151515151515"",""r15"":""0x1616161616161616"",""r8"":""0x0808080808080808"",""r9"":""0x0909090909090909"",""rax"":""0x1122334455667788"",""rbp"":""0x778899aabbccddee"",""rbx"":""0x0000000000000003"",""rcx"":""0x0000000000000003"",""rdi"":""data+4095"",""rdx"":""0x99aabbccddeeff00"",""rflags"":""0x0000000000010203"",""rip"":""code+0"",""rsi"":""source+256"",""rsp"":""stack+32768"",""trapno"":""0x000000000000000e""},""kernel_sigmask"":""0000000000000000"",""pages"":{""fill"":""11"",""page2_mapped"":true,""patches"":[],""size"":8192},""partial_write"":false,""si_code"":2,""signal"":11,""six_flags"":{""AF"":0,""CF"":1,""OF"":0,""PF"":0,""SF"":0,""ZF"":0},""trap"":14,""uc_flags"":7,""uc_link"":""0x0000000000000000"",""uc_stack"":{""flags"":0,""size"":65536,""sp"":""altstack+0""}}]","{""fill"":""11"",""page2_mapped"":true,""patches"":[],""size"":8192}","[{""address"":""data+4096"",""error"":7,""execution_phase"":1,""fpstate_size"":2436,""gregs"":{""cr2"":""data+4096"",""csgsfs"":""0x002b000000000033"",""err"":""0x0000000000000007"",""oldmask"":""0x0000000000000000"",""r10"":""0x1010101010101010"",""r11"":""0x1212121212121212"",""r12"":""0x1313131313131313"",""r13"":""0x1414141414141414"",""r14"":""0x1515151515151515"",""r15"":""0x1616161616161616"",""r8"":""0x0808080808080808"",""r9"":""0x0909090909090909"",""rax"":""0x1122334455667788"",""rbp"":""0x778899aabbccddee"",""rbx"":""0x0000000000000003"",""rcx"":""0x0000000000000003"",""rdi"":""data+4095"",""rdx"":""0x99aabbccddeeff00"",""rflags"":""0x0000000000010203"",""rip"":""code+0"",""rsi"":""source+256"",""rsp"":""stack+32768"",""trapno"":""0x000000000000000e""},""kernel_sigmask"":""0000000000000000"",""pages"":{""fill"":""11"",""page2_mapped"":true,""patches"":[],""size"":8192},""partial_write"":false,""si_code"":2,""signal"":11,""six_flags"":{""AF"":0,""CF"":1,""OF"":0,""PF"":0,""SF"":0,""ZF"":0},""trap"":14,""uc_flags"":7,""uc_link"":""0x0000000000000000"",""uc_stack"":{""flags"":0,""size"":65536,""sp"":""altstack+0""}}]","0x3c across full destination footprint after mapping/protection repair, before sigreturn","{""fill"":""11"",""page2_mapped"":true,""patches"":[[4095,""3c3c3c3c""]],""size"":8192}","{""r10"":""0x1010101010101010"",""r11"":""0x1212121212121212"",""r12"":""0x1313131313131313"",""r13"":""0x1414141414141414"",""r14"":""0x1515151515151515"",""r15"":""0x1616161616161616"",""r8"":""0x0808080808080808"",""r9"":""0x0909090909090909"",""rax"":""0x1122334455667788"",""rbp"":""0x778899aabbccddee"",""rbx"":""0x0000000000000003"",""rcx"":""0x0000000000000003"",""rdi"":""data+4095"",""rdx"":""0x99aabbccddeeff00"",""rflags"":""0x0000000000000203"",""rsi"":""source+256"",""rsp"":""stack+32768""}","{""AF"":0,""CF"":1,""OF"":0,""PF"":0,""SF"":0,""ZF"":0}",False,rmw.run1.jsonl.gz: matching form/layout/cross_offset/continuation
A,page_and_cacheline_cross,measured,True,True,bts_imm3_32_lock,32,cross_rw_ro,2,4094,f00fba2f03,"[{""address"":""data+4096"",""error"":7,""execution_phase"":1,""fpstate_size"":2436,""gregs"":{""cr2"":""data+4096"",""csgsfs"":""0x002b000000000033"",""err"":""0x0000000000000007"",""oldmask"":""0x0000000000000000"",""r10"":""0x1010101010101010"",""r11"":""0x1212121212121212"",""r12"":""0x1313131313131313"",""r13"":""0x1414141414141414"",""r14"":""0x1515151515151515"",""r15"":""0x1616161616161616"",""r8"":""0x0808080808080808"",""r9"":""0x0909090909090909"",""rax"":""0x1122334455667788"",""rbp"":""0x778899aabbccddee"",""rbx"":""0x0000000000000003"",""rcx"":""0x0000000000000003"",""rdi"":""data+4094"",""rdx"":""0x99aabbccddeeff00"",""rflags"":""0x0000000000010203"",""rip"":""code+0"",""rsi"":""source+256"",""rsp"":""stack+32768"",""trapno"":""0x000000000000000e""},""kernel_sigmask"":""0000000000000000"",""pages"":{""fill"":""11"",""page2_mapped"":true,""patches"":[],""size"":8192},""partial_write"":false,""si_code"":2,""signal"":11,""six_flags"":{""AF"":0,""CF"":1,""OF"":0,""PF"":0,""SF"":0,""ZF"":0},""trap"":14,""uc_flags"":7,""uc_link"":""0x0000000000000000"",""uc_stack"":{""flags"":0,""size"":65536,""sp"":""altstack+0""}}]","{""fill"":""11"",""page2_mapped"":true,""patches"":[],""size"":8192}","[{""address"":""data+4096"",""error"":7,""execution_phase"":1,""fpstate_size"":2436,""gregs"":{""cr2"":""data+4096"",""csgsfs"":""0x002b000000000033"",""err"":""0x0000000000000007"",""oldmask"":""0x0000000000000000"",""r10"":""0x1010101010101010"",""r11"":""0x1212121212121212"",""r12"":""0x1313131313131313"",""r13"":""0x1414141414141414"",""r14"":""0x1515151515151515"",""r15"":""0x1616161616161616"",""r8"":""0x0808080808080808"",""r9"":""0x0909090909090909"",""rax"":""0x1122334455667788"",""rbp"":""0x778899aabbccddee"",""rbx"":""0x0000000000000003"",""rcx"":""0x0000000000000003"",""rdi"":""data+4094"",""rdx"":""0x99aabbccddeeff00"",""rflags"":""0x0000000000010203"",""rip"":""code+0"",""rsi"":""source+256"",""rsp"":""stack+32768"",""trapno"":""0x000000000000000e""},""kernel_sigmask"":""0000000000000000"",""pages"":{""fill"":""11"",""page2_mapped"":true,""patches"":[],""size"":8192},""partial_write"":false,""si_code"":2,""signal"":11,""six_flags"":{""AF"":0,""CF"":1,""OF"":0,""PF"":0,""SF"":0,""ZF"":0},""trap"":14,""uc_flags"":7,""uc_link"":""0x0000000000000000"",""uc_stack"":{""flags"":0,""size"":65536,""sp"":""altstack+0""}}]","0x3c across full destination footprint after mapping/protection repair, before sigreturn","{""fill"":""11"",""page2_mapped"":true,""patches"":[[4094,""3c3c3c3c""]],""size"":8192}","{""r10"":""0x1010101010101010"",""r11"":""0x1212121212121212"",""r12"":""0x1313131313131313"",""r13"":""0x1414141414141414"",""r14"":""0x1515151515151515"",""r15"":""0x1616161616161616"",""r8"":""0x0808080808080808"",""r9"":""0x0909090909090909"",""rax"":""0x1122334455667788"",""rbp"":""0x778899aabbccddee"",""rbx"":""0x0000000000000003"",""rcx"":""0x0000000000000003"",""rdi"":""data+4094"",""rdx"":""0x99aabbccddeeff00"",""rflags"":""0x0000000000000203"",""rsi"":""source+256"",""rsp"":""stack+32768""}","{""AF"":0,""CF"":1,""OF"":0,""PF"":0,""SF"":0,""ZF"":0}",False,rmw.run1.jsonl.gz: matching form/layout/cross_offset/continuation
A,page_and_cacheline_cross,measured,True,True,bts_imm3_32_lock,32,cross_rw_ro,3,4093,f00fba2f03,"[{""address"":""data+4096"",""error"":7,""execution_phase"":1,""fpstate_size"":2436,""gregs"":{""cr2"":""data+4096"",""csgsfs"":""0x002b000000000033"",""err"":""0x0000000000000007"",""oldmask"":""0x0000000000000000"",""r10"":""0x1010101010101010"",""r11"":""0x1212121212121212"",""r12"":""0x1313131313131313"",""r13"":""0x1414141414141414"",""r14"":""0x1515151515151515"",""r15"":""0x1616161616161616"",""r8"":""0x0808080808080808"",""r9"":""0x0909090909090909"",""rax"":""0x1122334455667788"",""rbp"":""0x778899aabbccddee"",""rbx"":""0x0000000000000003"",""rcx"":""0x0000000000000003"",""rdi"":""data+4093"",""rdx"":""0x99aabbccddeeff00"",""rflags"":""0x0000000000010203"",""rip"":""code+0"",""rsi"":""source+256"",""rsp"":""stack+32768"",""trapno"":""0x000000000000000e""},""kernel_sigmask"":""0000000000000000"",""pages"":{""fill"":""11"",""page2_mapped"":true,""patches"":[],""size"":8192},""partial_write"":false,""si_code"":2,""signal"":11,""six_flags"":{""AF"":0,""CF"":1,""OF"":0,""PF"":0,""SF"":0,""ZF"":0},""trap"":14,""uc_flags"":7,""uc_link"":""0x0000000000000000"",""uc_stack"":{""flags"":0,""size"":65536,""sp"":""altstack+0""}}]","{""fill"":""11"",""page2_mapped"":true,""patches"":[],""size"":8192}","[{""address"":""data+4096"",""error"":7,""execution_phase"":1,""fpstate_size"":2436,""gregs"":{""cr2"":""data+4096"",""csgsfs"":""0x002b000000000033"",""err"":""0x0000000000000007"",""oldmask"":""0x0000000000000000"",""r10"":""0x1010101010101010"",""r11"":""0x1212121212121212"",""r12"":""0x1313131313131313"",""r13"":""0x1414141414141414"",""r14"":""0x1515151515151515"",""r15"":""0x1616161616161616"",""r8"":""0x0808080808080808"",""r9"":""0x0909090909090909"",""rax"":""0x1122334455667788"",""rbp"":""0x778899aabbccddee"",""rbx"":""0x0000000000000003"",""rcx"":""0x0000000000000003"",""rdi"":""data+4093"",""rdx"":""0x99aabbccddeeff00"",""rflags"":""0x0000000000010203"",""rip"":""code+0"",""rsi"":""source+256"",""rsp"":""stack+32768"",""trapno"":""0x000000000000000e""},""kernel_sigmask"":""0000000000000000"",""pages"":{""fill"":""11"",""page2_mapped"":true,""patches"":[],""size"":8192},""partial_write"":false,""si_code"":2,""signal"":11,""six_flags"":{""AF"":0,""CF"":1,""OF"":0,""PF"":0,""SF"":0,""ZF"":0},""trap"":14,""uc_flags"":7,""uc_link"":""0x0000000000000000"",""uc_stack"":{""flags"":0,""size"":65536,""sp"":""altstack+0""}}]","0x3c across full destination footprint after mapping/protection repair, before sigreturn","{""fill"":""11"",""page2_mapped"":true,""patches"":[[4093,""3c3c3c3c""]],""size"":8192}","{""r10"":""0x1010101010101010"",""r11"":""0x1212121212121212"",""r12"":""0x1313131313131313"",""r13"":""0x1414141414141414"",""r14"":""0x1515151515151515"",""r15"":""0x1616161616161616"",""r8"":""0x0808080808080808"",""r9"":""0x0909090909090909"",""rax"":""0x1122334455667788"",""rbp"":""0x778899aabbccddee"",""rbx"":""0x0000000000000003"",""rcx"":""0x0000000000000003"",""rdi"":""data+4093"",""rdx"":""0x99aabbccddeeff00"",""rflags"":""0x0000000000000203"",""rsi"":""source+256"",""rsp"":""stack+32768""}","{""AF"":0,""CF"":1,""OF"":0,""PF"":0,""SF"":0,""ZF"":0}",False,rmw.run1.jsonl.gz: matching form/layout/cross_offset/continuation
A,page_and_cacheline_cross,measured,True,True,bts_imm3_32_lock,32,cross_ro_rw,1,4095,f00fba2f03,"[{""address"":""data+4095"",""error"":7,""execution_phase"":1,""fpstate_size"":2436,""gregs"":{""cr2"":""data+4095"",""csgsfs"":""0x002b000000000033"",""err"":""0x0000000000000007"",""oldmask"":""0x0000000000000000"",""r10"":""0x1010101010101010"",""r11"":""0x1212121212121212"",""r12"":""0x1313131313131313"",""r13"":""0x1414141414141414"",""r14"":""0x1515151515151515"",""r15"":""0x1616161616161616"",""r8"":""0x0808080808080808"",""r9"":""0x0909090909090909"",""rax"":""0x1122334455667788"",""rbp"":""0x778899aabbccddee"",""rbx"":""0x0000000000000003"",""rcx"":""0x0000000000000003"",""rdi"":""data+4095"",""rdx"":""0x99aabbccddeeff00"",""rflags"":""0x0000000000010203"",""rip"":""code+0"",""rsi"":""source+256"",""rsp"":""stack+32768"",""trapno"":""0x000000000000000e""},""kernel_sigmask"":""0000000000000000"",""pages"":{""fill"":""11"",""page2_mapped"":true,""patches"":[],""size"":8192},""partial_write"":false,""si_code"":2,""signal"":11,""six_flags"":{""AF"":0,""CF"":1,""OF"":0,""PF"":0,""SF"":0,""ZF"":0},""trap"":14,""uc_flags"":7,""uc_link"":""0x0000000000000000"",""uc_stack"":{""flags"":0,""size"":65536,""sp"":""altstack+0""}}]","{""fill"":""11"",""page2_mapped"":true,""patches"":[],""size"":8192}","[{""address"":""data+4095"",""error"":7,""execution_phase"":1,""fpstate_size"":2436,""gregs"":{""cr2"":""data+4095"",""csgsfs"":""0x002b000000000033"",""err"":""0x0000000000000007"",""oldmask"":""0x0000000000000000"",""r10"":""0x1010101010101010"",""r11"":""0x1212121212121212"",""r12"":""0x1313131313131313"",""r13"":""0x1414141414141414"",""r14"":""0x1515151515151515"",""r15"":""0x1616161616161616"",""r8"":""0x0808080808080808"",""r9"":""0x0909090909090909"",""rax"":""0x1122334455667788"",""rbp"":""0x778899aabbccddee"",""rbx"":""0x0000000000000003"",""rcx"":""0x0000000000000003"",""rdi"":""data+4095"",""rdx"":""0x99aabbccddeeff00"",""rflags"":""0x0000000000010203"",""rip"":""code+0"",""rsi"":""source+256"",""rsp"":""stack+32768"",""trapno"":""0x000000000000000e""},""kernel_sigmask"":""0000000000000000"",""pages"":{""fill"":""11"",""page2_mapped"":true,""patches"":[],""size"":8192},""partial_write"":false,""si_code"":2,""signal"":11,""six_flags"":{""AF"":0,""CF"":1,""OF"":0,""PF"":0,""SF"":0,""ZF"":0},""trap"":14,""uc_flags"":7,""uc_link"":""0x0000000000000000"",""uc_stack"":{""flags"":0,""size"":65536,""sp"":""altstack+0""}}]","0x3c across full destination footprint after mapping/protection repair, before sigreturn","{""fill"":""11"",""page2_mapped"":true,""patches"":[[4095,""3c3c3c3c""]],""size"":8192}","{""r10"":""0x1010101010101010"",""r11"":""0x1212121212121212"",""r12"":""0x1313131313131313"",""r13"":""0x1414141414141414"",""r14"":""0x1515151515151515"",""r15"":""0x1616161616161616"",""r8"":""0x0808080808080808"",""r9"":""0x0909090909090909"",""rax"":""0x1122334455667788"",""rbp"":""0x778899aabbccddee"",""rbx"":""0x0000000000000003"",""rcx"":""0x0000000000000003"",""rdi"":""data+4095"",""rdx"":""0x99aabbccddeeff00"",""rflags"":""0x0000000000000203"",""rsi"":""source+256"",""rsp"":""stack+32768""}","{""AF"":0,""CF"":1,""OF"":0,""PF"":0,""SF"":0,""ZF"":0}",False,rmw.run1.jsonl.gz: matching form/layout/cross_offset/continuation
A,page_and_cacheline_cross,measured,True,True,bts_imm3_32_lock,32,cross_ro_rw,2,4094,f00fba2f03,"[{""address"":""data+4094"",""error"":7,""execution_phase"":1,""fpstate_size"":2436,""gregs"":{""cr2"":""data+4094"",""csgsfs"":""0x002b000000000033"",""err"":""0x0000000000000007"",""oldmask"":""0x0000000000000000"",""r10"":""0x1010101010101010"",""r11"":""0x1212121212121212"",""r12"":""0x1313131313131313"",""r13"":""0x1414141414141414"",""r14"":""0x1515151515151515"",""r15"":""0x1616161616161616"",""r8"":""0x0808080808080808"",""r9"":""0x0909090909090909"",""rax"":""0x1122334455667788"",""rbp"":""0x778899aabbccddee"",""rbx"":""0x0000000000000003"",""rcx"":""0x0000000000000003"",""rdi"":""data+4094"",""rdx"":""0x99aabbccddeeff00"",""rflags"":""0x0000000000010203"",""rip"":""code+0"",""rsi"":""source+256"",""rsp"":""stack+32768"",""trapno"":""0x000000000000000e""},""kernel_sigmask"":""0000000000000000"",""pages"":{""fill"":""11"",""page2_mapped"":true,""patches"":[],""size"":8192},""partial_write"":false,""si_code"":2,""signal"":11,""six_flags"":{""AF"":0,""CF"":1,""OF"":0,""PF"":0,""SF"":0,""ZF"":0},""trap"":14,""uc_flags"":7,""uc_link"":""0x0000000000000000"",""uc_stack"":{""flags"":0,""size"":65536,""sp"":""altstack+0""}}]","{""fill"":""11"",""page2_mapped"":true,""patches"":[],""size"":8192}","[{""address"":""data+4094"",""error"":7,""execution_phase"":1,""fpstate_size"":2436,""gregs"":{""cr2"":""data+4094"",""csgsfs"":""0x002b000000000033"",""err"":""0x0000000000000007"",""oldmask"":""0x0000000000000000"",""r10"":""0x1010101010101010"",""r11"":""0x1212121212121212"",""r12"":""0x1313131313131313"",""r13"":""0x1414141414141414"",""r14"":""0x1515151515151515"",""r15"":""0x1616161616161616"",""r8"":""0x0808080808080808"",""r9"":""0x0909090909090909"",""rax"":""0x1122334455667788"",""rbp"":""0x778899aabbccddee"",""rbx"":""0x0000000000000003"",""rcx"":""0x0000000000000003"",""rdi"":""data+4094"",""rdx"":""0x99aabbccddeeff00"",""rflags"":""0x0000000000010203"",""rip"":""code+0"",""rsi"":""source+256"",""rsp"":""stack+32768"",""trapno"":""0x000000000000000e""},""kernel_sigmask"":""0000000000000000"",""pages"":{""fill"":""11"",""page2_mapped"":true,""patches"":[],""size"":8192},""partial_write"":false,""si_code"":2,""signal"":11,""six_flags"":{""AF"":0,""CF"":1,""OF"":0,""PF"":0,""SF"":0,""ZF"":0},""trap"":14,""uc_flags"":7,""uc_link"":""0x0000000000000000"",""uc_stack"":{""flags"":0,""size"":65536,""sp"":""altstack+0""}}]","0x3c across full destination footprint after mapping/protection repair, before sigreturn","{""fill"":""11"",""page2_mapped"":true,""patches"":[[4094,""3c3c3c3c""]],""size"":8192}","{""r10"":""0x1010101010101010"",""r11"":""0x1212121212121212"",""r12"":""0x1313131313131313"",""r13"":""0x1414141414141414"",""r14"":""0x1515151515151515"",""r15"":""0x1616161616161616"",""r8"":""0x0808080808080808"",""r9"":""0x0909090909090909"",""rax"":""0x1122334455667788"",""rbp"":""0x778899aabbccddee"",""rbx"":""0x0000000000000003"",""rcx"":""0x0000000000000003"",""rdi"":""data+4094"",""rdx"":""0x99aabbccddeeff00"",""rflags"":""0x0000000000000203"",""rsi"":""source+256"",""rsp"":""stack+32768""}","{""AF"":0,""CF"":1,""OF"":0,""PF"":0,""SF"":0,""ZF"":0}",False,rmw.run1.jsonl.gz: matching form/layout/cross_offset/continuation
A,page_and_cacheline_cross,measured,True,True,bts_imm3_32_lock,32,cross_ro_rw,3,4093,f00fba2f03,"[{""address"":""data+4093"",""error"":7,""execution_phase"":1,""fpstate_size"":2436,""gregs"":{""cr2"":""data+4093"",""csgsfs"":""0x002b000000000033"",""err"":""0x0000000000000007"",""oldmask"":""0x0000000000000000"",""r10"":""0x1010101010101010"",""r11"":""0x1212121212121212"",""r12"":""0x1313131313131313"",""r13"":""0x1414141414141414"",""r14"":""0x1515151515151515"",""r15"":""0x1616161616161616"",""r8"":""0x0808080808080808"",""r9"":""0x0909090909090909"",""rax"":""0x1122334455667788"",""rbp"":""0x778899aabbccddee"",""rbx"":""0x0000000000000003"",""rcx"":""0x0000000000000003"",""rdi"":""data+4093"",""rdx"":""0x99aabbccddeeff00"",""rflags"":""0x0000000000010203"",""rip"":""code+0"",""rsi"":""source+256"",""rsp"":""stack+32768"",""trapno"":""0x000000000000000e""},""kernel_sigmask"":""0000000000000000"",""pages"":{""fill"":""11"",""page2_mapped"":true,""patches"":[],""size"":8192},""partial_write"":false,""si_code"":2,""signal"":11,""six_flags"":{""AF"":0,""CF"":1,""OF"":0,""PF"":0,""SF"":0,""ZF"":0},""trap"":14,""uc_flags"":7,""uc_link"":""0x0000000000000000"",""uc_stack"":{""flags"":0,""size"":65536,""sp"":""altstack+0""}}]","{""fill"":""11"",""page2_mapped"":true,""patches"":[],""size"":8192}","[{""address"":""data+4093"",""error"":7,""execution_phase"":1,""fpstate_size"":2436,""gregs"":{""cr2"":""data+4093"",""csgsfs"":""0x002b000000000033"",""err"":""0x0000000000000007"",""oldmask"":""0x0000000000000000"",""r10"":""0x1010101010101010"",""r11"":""0x1212121212121212"",""r12"":""0x1313131313131313"",""r13"":""0x1414141414141414"",""r14"":""0x1515151515151515"",""r15"":""0x1616161616161616"",""r8"":""0x0808080808080808"",""r9"":""0x0909090909090909"",""rax"":""0x1122334455667788"",""rbp"":""0x778899aabbccddee"",""rbx"":""0x0000000000000003"",""rcx"":""0x0000000000000003"",""rdi"":""data+4093"",""rdx"":""0x99aabbccddeeff00"",""rflags"":""0x0000000000010203"",""rip"":""code+0"",""rsi"":""source+256"",""rsp"":""stack+32768"",""trapno"":""0x000000000000000e""},""kernel_sigmask"":""0000000000000000"",""pages"":{""fill"":""11"",""page2_mapped"":true,""patches"":[],""size"":8192},""partial_write"":false,""si_code"":2,""signal"":11,""six_flags"":{""AF"":0,""CF"":1,""OF"":0,""PF"":0,""SF"":0,""ZF"":0},""trap"":14,""uc_flags"":7,""uc_link"":""0x0000000000000000"",""uc_stack"":{""flags"":0,""size"":65536,""sp"":""altstack+0""}}]","0x3c across full destination footprint after mapping/protection repair, before sigreturn","{""fill"":""11"",""page2_mapped"":true,""patches"":[[4093,""3c3c3c3c""]],""size"":8192}","{""r10"":""0x1010101010101010"",""r11"":""0x1212121212121212"",""r12"":""0x1313131313131313"",""r13"":""0x1414141414141414"",""r14"":""0x1515151515151515"",""r15"":""0x1616161616161616"",""r8"":""0x0808080808080808"",""r9"":""0x0909090909090909"",""rax"":""0x1122334455667788"",""rbp"":""0x778899aabbccddee"",""rbx"":""0x0000000000000003"",""rcx"":""0x0000000000000003"",""rdi"":""data+4093"",""rdx"":""0x99aabbccddeeff00"",""rflags"":""0x0000000000000203"",""rsi"":""source+256"",""rsp"":""stack+32768""}","{""AF"":0,""CF"":1,""OF"":0,""PF"":0,""SF"":0,""ZF"":0}",False,rmw.run1.jsonl.gz: matching form/layout/cross_offset/continuation
A,page_and_cacheline_cross,measured,False,True,bts_reg3_64_lock,64,cross_rw_ro,1,4095,f0480fab1f,"[{""address"":""data+4096"",""error"":7,""execution_phase"":1,""fpstate_size"":2436,""gregs"":{""cr2"":""data+4096"",""csgsfs"":""0x002b000000000033"",""err"":""0x0000000000000007"",""oldmask"":""0x0000000000000000"",""r10"":""0x1010101010101010"",""r11"":""0x1212121212121212"",""r12"":""0x1313131313131313"",""r13"":""0x1414141414141414"",""r14"":""0x1515151515151515"",""r15"":""0x1616161616161616"",""r8"":""0x0808080808080808"",""r9"":""0x0909090909090909"",""rax"":""0x1122334455667788"",""rbp"":""0x778899aabbccddee"",""rbx"":""0x0000000000000003"",""rcx"":""0x0000000000000003"",""rdi"":""data+4095"",""rdx"":""0x99aabbccddeeff00"",""rflags"":""0x0000000000010203"",""rip"":""code+0"",""rsi"":""source+256"",""rsp"":""stack+32768"",""trapno"":""0x000000000000000e""},""kernel_sigmask"":""0000000000000000"",""pages"":{""fill"":""11"",""page2_mapped"":true,""patches"":[],""size"":8192},""partial_write"":false,""si_code"":2,""signal"":11,""six_flags"":{""AF"":0,""CF"":1,""OF"":0,""PF"":0,""SF"":0,""ZF"":0},""trap"":14,""uc_flags"":7,""uc_link"":""0x0000000000000000"",""uc_stack"":{""flags"":0,""size"":65536,""sp"":""altstack+0""}}]","{""fill"":""11"",""page2_mapped"":true,""patches"":[],""size"":8192}","[{""address"":""data+4096"",""error"":7,""execution_phase"":1,""fpstate_size"":2436,""gregs"":{""cr2"":""data+4096"",""csgsfs"":""0x002b000000000033"",""err"":""0x0000000000000007"",""oldmask"":""0x0000000000000000"",""r10"":""0x1010101010101010"",""r11"":""0x1212121212121212"",""r12"":""0x1313131313131313"",""r13"":""0x1414141414141414"",""r14"":""0x1515151515151515"",""r15"":""0x1616161616161616"",""r8"":""0x0808080808080808"",""r9"":""0x0909090909090909"",""rax"":""0x1122334455667788"",""rbp"":""0x778899aabbccddee"",""rbx"":""0x0000000000000003"",""rcx"":""0x0000000000000003"",""rdi"":""data+4095"",""rdx"":""0x99aabbccddeeff00"",""rflags"":""0x0000000000010203"",""rip"":""code+0"",""rsi"":""source+256"",""rsp"":""stack+32768"",""trapno"":""0x000000000000000e""},""kernel_sigmask"":""0000000000000000"",""pages"":{""fill"":""11"",""page2_mapped"":true,""patches"":[],""size"":8192},""partial_write"":false,""si_code"":2,""signal"":11,""six_flags"":{""AF"":0,""CF"":1,""OF"":0,""PF"":0,""SF"":0,""ZF"":0},""trap"":14,""uc_flags"":7,""uc_link"":""0x0000000000000000"",""uc_stack"":{""flags"":0,""size"":65536,""sp"":""altstack+0""}}]","0x3c across full destination footprint after mapping/protection repair, before sigreturn","{""fill"":""11"",""page2_mapped"":true,""patches"":[[4095,""3c3c3c3c3c3c3c3c""]],""size"":8192}","{""r10"":""0x1010101010101010"",""r11"":""0x1212121212121212"",""r12"":""0x1313131313131313"",""r13"":""0x1414141414141414"",""r14"":""0x1515151515151515"",""r15"":""0x1616161616161616"",""r8"":""0x0808080808080808"",""r9"":""0x0909090909090909"",""rax"":""0x1122334455667788"",""rbp"":""0x778899aabbccddee"",""rbx"":""0x0000000000000003"",""rcx"":""0x0000000000000003"",""rdi"":""data+4095"",""rdx"":""0x99aabbccddeeff00"",""rflags"":""0x0000000000000203"",""rsi"":""source+256"",""rsp"":""stack+32768""}","{""AF"":0,""CF"":1,""OF"":0,""PF"":0,""SF"":0,""ZF"":0}",False,rmw.run1.jsonl.gz: matching form/layout/cross_offset/continuation
A,page_and_cacheline_cross,measured,False,True,bts_reg3_64_lock,64,cross_rw_ro,2,4094,f0480fab1f,"[{""address"":""data+4096"",""error"":7,""execution_phase"":1,""fpstate_size"":2436,""gregs"":{""cr2"":""data+4096"",""csgsfs"":""0x002b000000000033"",""err"":""0x0000000000000007"",""oldmask"":""0x0000000000000000"",""r10"":""0x1010101010101010"",""r11"":""0x1212121212121212"",""r12"":""0x1313131313131313"",""r13"":""0x1414141414141414"",""r14"":""0x1515151515151515"",""r15"":""0x1616161616161616"",""r8"":""0x0808080808080808"",""r9"":""0x0909090909090909"",""rax"":""0x1122334455667788"",""rbp"":""0x778899aabbccddee"",""rbx"":""0x0000000000000003"",""rcx"":""0x0000000000000003"",""rdi"":""data+4094"",""rdx"":""0x99aabbccddeeff00"",""rflags"":""0x0000000000010203"",""rip"":""code+0"",""rsi"":""source+256"",""rsp"":""stack+32768"",""trapno"":""0x000000000000000e""},""kernel_sigmask"":""0000000000000000"",""pages"":{""fill"":""11"",""page2_mapped"":true,""patches"":[],""size"":8192},""partial_write"":false,""si_code"":2,""signal"":11,""six_flags"":{""AF"":0,""CF"":1,""OF"":0,""PF"":0,""SF"":0,""ZF"":0},""trap"":14,""uc_flags"":7,""uc_link"":""0x0000000000000000"",""uc_stack"":{""flags"":0,""size"":65536,""sp"":""altstack+0""}}]","{""fill"":""11"",""page2_mapped"":true,""patches"":[],""size"":8192}","[{""address"":""data+4096"",""error"":7,""execution_phase"":1,""fpstate_size"":2436,""gregs"":{""cr2"":""data+4096"",""csgsfs"":""0x002b000000000033"",""err"":""0x0000000000000007"",""oldmask"":""0x0000000000000000"",""r10"":""0x1010101010101010"",""r11"":""0x1212121212121212"",""r12"":""0x1313131313131313"",""r13"":""0x1414141414141414"",""r14"":""0x1515151515151515"",""r15"":""0x1616161616161616"",""r8"":""0x0808080808080808"",""r9"":""0x0909090909090909"",""rax"":""0x1122334455667788"",""rbp"":""0x778899aabbccddee"",""rbx"":""0x0000000000000003"",""rcx"":""0x0000000000000003"",""rdi"":""data+4094"",""rdx"":""0x99aabbccddeeff00"",""rflags"":""0x0000000000010203"",""rip"":""code+0"",""rsi"":""source+256"",""rsp"":""stack+32768"",""trapno"":""0x000000000000000e""},""kernel_sigmask"":""0000000000000000"",""pages"":{""fill"":""11"",""page2_mapped"":true,""patches"":[],""size"":8192},""partial_write"":false,""si_code"":2,""signal"":11,""six_flags"":{""AF"":0,""CF"":1,""OF"":0,""PF"":0,""SF"":0,""ZF"":0},""trap"":14,""uc_flags"":7,""uc_link"":""0x0000000000000000"",""uc_stack"":{""flags"":0,""size"":65536,""sp"":""altstack+0""}}]","0x3c across full destination footprint after mapping/protection repair, before sigreturn","{""fill"":""11"",""page2_mapped"":true,""patches"":[[4094,""3c3c3c3c3c3c3c3c""]],""size"":8192}","{""r10"":""0x1010101010101010"",""r11"":""0x1212121212121212"",""r12"":""0x1313131313131313"",""r13"":""0x1414141414141414"",""r14"":""0x1515151515151515"",""r15"":""0x1616161616161616"",""r8"":""0x0808080808080808"",""r9"":""0x0909090909090909"",""rax"":""0x1122334455667788"",""rbp"":""0x778899aabbccddee"",""rbx"":""0x0000000000000003"",""rcx"":""0x0000000000000003"",""rdi"":""data+4094"",""rdx"":""0x99aabbccddeeff00"",""rflags"":""0x0000000000000203"",""rsi"":""source+256"",""rsp"":""stack+32768""}","{""AF"":0,""CF"":1,""OF"":0,""PF"":0,""SF"":0,""ZF"":0}",False,rmw.run1.jsonl.gz: matching form/layout/cross_offset/continuation
A,page_and_cacheline_cross,measured,False,True,bts_reg3_64_lock,64,cross_rw_ro,3,4093,f0480fab1f,"[{""address"":""data+4096"",""error"":7,""execution_phase"":1,""fpstate_size"":2436,""gregs"":{""cr2"":""data+4096"",""csgsfs"":""0x002b000000000033"",""err"":""0x0000000000000007"",""oldmask"":""0x0000000000000000"",""r10"":""0x1010101010101010"",""r11"":""0x1212121212121212"",""r12"":""0x1313131313131313"",""r13"":""0x1414141414141414"",""r14"":""0x1515151515151515"",""r15"":""0x1616161616161616"",""r8"":""0x0808080808080808"",""r9"":""0x0909090909090909"",""rax"":""0x1122334455667788"",""rbp"":""0x778899aabbccddee"",""rbx"":""0x0000000000000003"",""rcx"":""0x0000000000000003"",""rdi"":""data+4093"",""rdx"":""0x99aabbccddeeff00"",""rflags"":""0x0000000000010203"",""rip"":""code+0"",""rsi"":""source+256"",""rsp"":""stack+32768"",""trapno"":""0x000000000000000e""},""kernel_sigmask"":""0000000000000000"",""pages"":{""fill"":""11"",""page2_mapped"":true,""patches"":[],""size"":8192},""partial_write"":false,""si_code"":2,""signal"":11,""six_flags"":{""AF"":0,""CF"":1,""OF"":0,""PF"":0,""SF"":0,""ZF"":0},""trap"":14,""uc_flags"":7,""uc_link"":""0x0000000000000000"",""uc_stack"":{""flags"":0,""size"":65536,""sp"":""altstack+0""}}]","{""fill"":""11"",""page2_mapped"":true,""patches"":[],""size"":8192}","[{""address"":""data+4096"",""error"":7,""execution_phase"":1,""fpstate_size"":2436,""gregs"":{""cr2"":""data+4096"",""csgsfs"":""0x002b000000000033"",""err"":""0x0000000000000007"",""oldmask"":""0x0000000000000000"",""r10"":""0x1010101010101010"",""r11"":""0x1212121212121212"",""r12"":""0x1313131313131313"",""r13"":""0x1414141414141414"",""r14"":""0x1515151515151515"",""r15"":""0x1616161616161616"",""r8"":""0x0808080808080808"",""r9"":""0x0909090909090909"",""rax"":""0x1122334455667788"",""rbp"":""0x778899aabbccddee"",""rbx"":""0x0000000000000003"",""rcx"":""0x0000000000000003"",""rdi"":""data+4093"",""rdx"":""0x99aabbccddeeff00"",""rflags"":""0x0000000000010203"",""rip"":""code+0"",""rsi"":""source+256"",""rsp"":""stack+32768"",""trapno"":""0x000000000000000e""},""kernel_sigmask"":""0000000000000000"",""pages"":{""fill"":""11"",""page2_mapped"":true,""patches"":[],""size"":8192},""partial_write"":false,""si_code"":2,""signal"":11,""six_flags"":{""AF"":0,""CF"":1,""OF"":0,""PF"":0,""SF"":0,""ZF"":0},""trap"":14,""uc_flags"":7,""uc_link"":""0x0000000000000000"",""uc_stack"":{""flags"":0,""size"":65536,""sp"":""altstack+0""}}]","0x3c across full destination footprint after mapping/protection repair, before sigreturn","{""fill"":""11"",""page2_mapped"":true,""patches"":[[4093,""3c3c3c3c3c3c3c3c""]],""size"":8192}","{""r10"":""0x1010101010101010"",""r11"":""0x1212121212121212"",""r12"":""0x1313131313131313"",""r13"":""0x1414141414141414"",""r14"":""0x1515151515151515"",""r15"":""0x1616161616161616"",""r8"":""0x0808080808080808"",""r9"":""0x0909090909090909"",""rax"":""0x1122334455667788"",""rbp"":""0x778899aabbccddee"",""rbx"":""0x0000000000000003"",""rcx"":""0x0000000000000003"",""rdi"":""data+4093"",""rdx"":""0x99aabbccddeeff00"",""rflags"":""0x0000000000000203"",""rsi"":""source+256"",""rsp"":""stack+32768""}","{""AF"":0,""CF"":1,""OF"":0,""PF"":0,""SF"":0,""ZF"":0}",False,rmw.run1.jsonl.gz: matching form/layout/cross_offset/continuation
A,page_and_cacheline_cross,measured,False,True,bts_reg3_64_lock,64,cross_rw_ro,4,4092,f0480fab1f,"[{""address"":""data+4096"",""error"":7,""execution_phase"":1,""fpstate_size"":2436,""gregs"":{""cr2"":""data+4096"",""csgsfs"":""0x002b000000000033"",""err"":""0x0000000000000007"",""oldmask"":""0x0000000000000000"",""r10"":""0x1010101010101010"",""r11"":""0x1212121212121212"",""r12"":""0x1313131313131313"",""r13"":""0x1414141414141414"",""r14"":""0x1515151515151515"",""r15"":""0x1616161616161616"",""r8"":""0x0808080808080808"",""r9"":""0x0909090909090909"",""rax"":""0x1122334455667788"",""rbp"":""0x778899aabbccddee"",""rbx"":""0x0000000000000003"",""rcx"":""0x0000000000000003"",""rdi"":""data+4092"",""rdx"":""0x99aabbccddeeff00"",""rflags"":""0x0000000000010203"",""rip"":""code+0"",""rsi"":""source+256"",""rsp"":""stack+32768"",""trapno"":""0x000000000000000e""},""kernel_sigmask"":""0000000000000000"",""pages"":{""fill"":""11"",""page2_mapped"":true,""patches"":[],""size"":8192},""partial_write"":false,""si_code"":2,""signal"":11,""six_flags"":{""AF"":0,""CF"":1,""OF"":0,""PF"":0,""SF"":0,""ZF"":0},""trap"":14,""uc_flags"":7,""uc_link"":""0x0000000000000000"",""uc_stack"":{""flags"":0,""size"":65536,""sp"":""altstack+0""}}]","{""fill"":""11"",""page2_mapped"":true,""patches"":[],""size"":8192}","[{""address"":""data+4096"",""error"":7,""execution_phase"":1,""fpstate_size"":2436,""gregs"":{""cr2"":""data+4096"",""csgsfs"":""0x002b000000000033"",""err"":""0x0000000000000007"",""oldmask"":""0x0000000000000000"",""r10"":""0x1010101010101010"",""r11"":""0x1212121212121212"",""r12"":""0x1313131313131313"",""r13"":""0x1414141414141414"",""r14"":""0x1515151515151515"",""r15"":""0x1616161616161616"",""r8"":""0x0808080808080808"",""r9"":""0x0909090909090909"",""rax"":""0x1122334455667788"",""rbp"":""0x778899aabbccddee"",""rbx"":""0x0000000000000003"",""rcx"":""0x0000000000000003"",""rdi"":""data+4092"",""rdx"":""0x99aabbccddeeff00"",""rflags"":""0x0000000000010203"",""rip"":""code+0"",""rsi"":""source+256"",""rsp"":""stack+32768"",""trapno"":""0x000000000000000e""},""kernel_sigmask"":""0000000000000000"",""pages"":{""fill"":""11"",""page2_mapped"":true,""patches"":[],""size"":8192},""partial_write"":false,""si_code"":2,""signal"":11,""six_flags"":{""AF"":0,""CF"":1,""OF"":0,""PF"":0,""SF"":0,""ZF"":0},""trap"":14,""uc_flags"":7,""uc_link"":""0x0000000000000000"",""uc_stack"":{""flags"":0,""size"":65536,""sp"":""altstack+0""}}]","0x3c across full destination footprint after mapping/protection repair, before sigreturn","{""fill"":""11"",""page2_mapped"":true,""patches"":[[4092,""3c3c3c3c3c3c3c3c""]],""size"":8192}","{""r10"":""0x1010101010101010"",""r11"":""0x1212121212121212"",""r12"":""0x1313131313131313"",""r13"":""0x1414141414141414"",""r14"":""0x1515151515151515"",""r15"":""0x1616161616161616"",""r8"":""0x0808080808080808"",""r9"":""0x0909090909090909"",""rax"":""0x1122334455667788"",""rbp"":""0x778899aabbccddee"",""rbx"":""0x0000000000000003"",""rcx"":""0x0000000000000003"",""rdi"":""data+4092"",""rdx"":""0x99aabbccddeeff00"",""rflags"":""0x0000000000000203"",""rsi"":""source+256"",""rsp"":""stack+32768""}","{""AF"":0,""CF"":1,""OF"":0,""PF"":0,""SF"":0,""ZF"":0}",False,rmw.run1.jsonl.gz: matching form/layout/cross_offset/continuation
A,page_and_cacheline_cross,measured,False,True,bts_reg3_64_lock,64,cross_rw_ro,5,4091,f0480fab1f,"[{""address"":""data+4096"",""error"":7,""execution_phase"":1,""fpstate_size"":2436,""gregs"":{""cr2"":""data+4096"",""csgsfs"":""0x002b000000000033"",""err"":""0x0000000000000007"",""oldmask"":""0x0000000000000000"",""r10"":""0x1010101010101010"",""r11"":""0x1212121212121212"",""r12"":""0x1313131313131313"",""r13"":""0x1414141414141414"",""r14"":""0x1515151515151515"",""r15"":""0x1616161616161616"",""r8"":""0x0808080808080808"",""r9"":""0x0909090909090909"",""rax"":""0x1122334455667788"",""rbp"":""0x778899aabbccddee"",""rbx"":""0x0000000000000003"",""rcx"":""0x0000000000000003"",""rdi"":""data+4091"",""rdx"":""0x99aabbccddeeff00"",""rflags"":""0x0000000000010203"",""rip"":""code+0"",""rsi"":""source+256"",""rsp"":""stack+32768"",""trapno"":""0x000000000000000e""},""kernel_sigmask"":""0000000000000000"",""pages"":{""fill"":""11"",""page2_mapped"":true,""patches"":[],""size"":8192},""partial_write"":false,""si_code"":2,""signal"":11,""six_flags"":{""AF"":0,""CF"":1,""OF"":0,""PF"":0,""SF"":0,""ZF"":0},""trap"":14,""uc_flags"":7,""uc_link"":""0x0000000000000000"",""uc_stack"":{""flags"":0,""size"":65536,""sp"":""altstack+0""}}]","{""fill"":""11"",""page2_mapped"":true,""patches"":[],""size"":8192}","[{""address"":""data+4096"",""error"":7,""execution_phase"":1,""fpstate_size"":2436,""gregs"":{""cr2"":""data+4096"",""csgsfs"":""0x002b000000000033"",""err"":""0x0000000000000007"",""oldmask"":""0x0000000000000000"",""r10"":""0x1010101010101010"",""r11"":""0x1212121212121212"",""r12"":""0x1313131313131313"",""r13"":""0x1414141414141414"",""r14"":""0x1515151515151515"",""r15"":""0x1616161616161616"",""r8"":""0x0808080808080808"",""r9"":""0x0909090909090909"",""rax"":""0x1122334455667788"",""rbp"":""0x778899aabbccddee"",""rbx"":""0x0000000000000003"",""rcx"":""0x0000000000000003"",""rdi"":""data+4091"",""rdx"":""0x99aabbccddeeff00"",""rflags"":""0x0000000000010203"",""rip"":""code+0"",""rsi"":""source+256"",""rsp"":""stack+32768"",""trapno"":""0x000000000000000e""},""kernel_sigmask"":""0000000000000000"",""pages"":{""fill"":""11"",""page2_mapped"":true,""patches"":[],""size"":8192},""partial_write"":false,""si_code"":2,""signal"":11,""six_flags"":{""AF"":0,""CF"":1,""OF"":0,""PF"":0,""SF"":0,""ZF"":0},""trap"":14,""uc_flags"":7,""uc_link"":""0x0000000000000000"",""uc_stack"":{""flags"":0,""size"":65536,""sp"":""altstack+0""}}]","0x3c across full destination footprint after mapping/protection repair, before sigreturn","{""fill"":""11"",""page2_mapped"":true,""patches"":[[4091,""3c3c3c3c3c3c3c3c""]],""size"":8192}","{""r10"":""0x1010101010101010"",""r11"":""0x1212121212121212"",""r12"":""0x1313131313131313"",""r13"":""0x1414141414141414"",""r14"":""0x1515151515151515"",""r15"":""0x1616161616161616"",""r8"":""0x0808080808080808"",""r9"":""0x0909090909090909"",""rax"":""0x1122334455667788"",""rbp"":""0x778899aabbccddee"",""rbx"":""0x0000000000000003"",""rcx"":""0x0000000000000003"",""rdi"":""data+4091"",""rdx"":""0x99aabbccddeeff00"",""rflags"":""0x0000000000000203"",""rsi"":""source+256"",""rsp"":""stack+32768""}","{""AF"":0,""CF"":1,""OF"":0,""PF"":0,""SF"":0,""ZF"":0}",False,rmw.run1.jsonl.gz: matching form/layout/cross_offset/continuation
A,page_and_cacheline_cross,measured,False,True,bts_reg3_64_lock,64,cross_rw_ro,6,4090,f0480fab1f,"[{""address"":""data+4096"",""error"":7,""execution_phase"":1,""fpstate_size"":2436,""gregs"":{""cr2"":""data+4096"",""csgsfs"":""0x002b000000000033"",""err"":""0x0000000000000007"",""oldmask"":""0x0000000000000000"",""r10"":""0x1010101010101010"",""r11"":""0x1212121212121212"",""r12"":""0x1313131313131313"",""r13"":""0x1414141414141414"",""r14"":""0x1515151515151515"",""r15"":""0x1616161616161616"",""r8"":""0x0808080808080808"",""r9"":""0x0909090909090909"",""rax"":""0x1122334455667788"",""rbp"":""0x778899aabbccddee"",""rbx"":""0x0000000000000003"",""rcx"":""0x0000000000000003"",""rdi"":""data+4090"",""rdx"":""0x99aabbccddeeff00"",""rflags"":""0x0000000000010203"",""rip"":""code+0"",""rsi"":""source+256"",""rsp"":""stack+32768"",""trapno"":""0x000000000000000e""},""kernel_sigmask"":""0000000000000000"",""pages"":{""fill"":""11"",""page2_mapped"":true,""patches"":[],""size"":8192},""partial_write"":false,""si_code"":2,""signal"":11,""six_flags"":{""AF"":0,""CF"":1,""OF"":0,""PF"":0,""SF"":0,""ZF"":0},""trap"":14,""uc_flags"":7,""uc_link"":""0x0000000000000000"",""uc_stack"":{""flags"":0,""size"":65536,""sp"":""altstack+0""}}]","{""fill"":""11"",""page2_mapped"":true,""patches"":[],""size"":8192}","[{""address"":""data+4096"",""error"":7,""execution_phase"":1,""fpstate_size"":2436,""gregs"":{""cr2"":""data+4096"",""csgsfs"":""0x002b000000000033"",""err"":""0x0000000000000007"",""oldmask"":""0x0000000000000000"",""r10"":""0x1010101010101010"",""r11"":""0x1212121212121212"",""r12"":""0x1313131313131313"",""r13"":""0x1414141414141414"",""r14"":""0x1515151515151515"",""r15"":""0x1616161616161616"",""r8"":""0x0808080808080808"",""r9"":""0x0909090909090909"",""rax"":""0x1122334455667788"",""rbp"":""0x778899aabbccddee"",""rbx"":""0x0000000000000003"",""rcx"":""0x0000000000000003"",""rdi"":""data+4090"",""rdx"":""0x99aabbccddeeff00"",""rflags"":""0x0000000000010203"",""rip"":""code+0"",""rsi"":""source+256"",""rsp"":""stack+32768"",""trapno"":""0x000000000000000e""},""kernel_sigmask"":""0000000000000000"",""pages"":{""fill"":""11"",""page2_mapped"":true,""patches"":[],""size"":8192},""partial_write"":false,""si_code"":2,""signal"":11,""six_flags"":{""AF"":0,""CF"":1,""OF"":0,""PF"":0,""SF"":0,""ZF"":0},""trap"":14,""uc_flags"":7,""uc_link"":""0x0000000000000000"",""uc_stack"":{""flags"":0,""size"":65536,""sp"":""altstack+0""}}]","0x3c across full destination footprint after mapping/protection repair, before sigreturn","{""fill"":""11"",""page2_mapped"":true,""patches"":[[4090,""3c3c3c3c3c3c3c3c""]],""size"":8192}","{""r10"":""0x1010101010101010"",""r11"":""0x1212121212121212"",""r12"":""0x1313131313131313"",""r13"":""0x1414141414141414"",""r14"":""0x1515151515151515"",""r15"":""0x1616161616161616"",""r8"":""0x0808080808080808"",""r9"":""0x0909090909090909"",""rax"":""0x1122334455667788"",""rbp"":""0x778899aabbccddee"",""rbx"":""0x0000000000000003"",""rcx"":""0x0000000000000003"",""rdi"":""data+4090"",""rdx"":""0x99aabbccddeeff00"",""rflags"":""0x0000000000000203"",""rsi"":""source+256"",""rsp"":""stack+32768""}","{""AF"":0,""CF"":1,""OF"":0,""PF"":0,""SF"":0,""ZF"":0}",False,rmw.run1.jsonl.gz: matching form/layout/cross_offset/continuation
A,page_and_cacheline_cross,measured,False,True,bts_reg3_64_lock,64,cross_rw_ro,7,4089,f0480fab1f,"[{""address"":""data+4096"",""error"":7,""execution_phase"":1,""fpstate_size"":2436,""gregs"":{""cr2"":""data+4096"",""csgsfs"":""0x002b000000000033"",""err"":""0x0000000000000007"",""oldmask"":""0x0000000000000000"",""r10"":""0x1010101010101010"",""r11"":""0x1212121212121212"",""r12"":""0x1313131313131313"",""r13"":""0x1414141414141414"",""r14"":""0x1515151515151515"",""r15"":""0x1616161616161616"",""r8"":""0x0808080808080808"",""r9"":""0x0909090909090909"",""rax"":""0x1122334455667788"",""rbp"":""0x778899aabbccddee"",""rbx"":""0x0000000000000003"",""rcx"":""0x0000000000000003"",""rdi"":""data+4089"",""rdx"":""0x99aabbccddeeff00"",""rflags"":""0x0000000000010203"",""rip"":""code+0"",""rsi"":""source+256"",""rsp"":""stack+32768"",""trapno"":""0x000000000000000e""},""kernel_sigmask"":""0000000000000000"",""pages"":{""fill"":""11"",""page2_mapped"":true,""patches"":[],""size"":8192},""partial_write"":false,""si_code"":2,""signal"":11,""six_flags"":{""AF"":0,""CF"":1,""OF"":0,""PF"":0,""SF"":0,""ZF"":0},""trap"":14,""uc_flags"":7,""uc_link"":""0x0000000000000000"",""uc_stack"":{""flags"":0,""size"":65536,""sp"":""altstack+0""}}]","{""fill"":""11"",""page2_mapped"":true,""patches"":[],""size"":8192}","[{""address"":""data+4096"",""error"":7,""execution_phase"":1,""fpstate_size"":2436,""gregs"":{""cr2"":""data+4096"",""csgsfs"":""0x002b000000000033"",""err"":""0x0000000000000007"",""oldmask"":""0x0000000000000000"",""r10"":""0x1010101010101010"",""r11"":""0x1212121212121212"",""r12"":""0x1313131313131313"",""r13"":""0x1414141414141414"",""r14"":""0x1515151515151515"",""r15"":""0x1616161616161616"",""r8"":""0x0808080808080808"",""r9"":""0x0909090909090909"",""rax"":""0x1122334455667788"",""rbp"":""0x778899aabbccddee"",""rbx"":""0x0000000000000003"",""rcx"":""0x0000000000000003"",""rdi"":""data+4089"",""rdx"":""0x99aabbccddeeff00"",""rflags"":""0x0000000000010203"",""rip"":""code+0"",""rsi"":""source+256"",""rsp"":""stack+32768"",""trapno"":""0x000000000000000e""},""kernel_sigmask"":""0000000000000000"",""pages"":{""fill"":""11"",""page2_mapped"":true,""patches"":[],""size"":8192},""partial_write"":false,""si_code"":2,""signal"":11,""six_flags"":{""AF"":0,""CF"":1,""OF"":0,""PF"":0,""SF"":0,""ZF"":0},""trap"":14,""uc_flags"":7,""uc_link"":""0x0000000000000000"",""uc_stack"":{""flags"":0,""size"":65536,""sp"":""altstack+0""}}]","0x3c across full destination footprint after mapping/protection repair, before sigreturn","{""fill"":""11"",""page2_mapped"":true,""patches"":[[4089,""3c3c3c3c3c3c3c3c""]],""size"":8192}","{""r10"":""0x1010101010101010"",""r11"":""0x1212121212121212"",""r12"":""0x1313131313131313"",""r13"":""0x1414141414141414"",""r14"":""0x1515151515151515"",""r15"":""0x1616161616161616"",""r8"":""0x0808080808080808"",""r9"":""0x0909090909090909"",""rax"":""0x1122334455667788"",""rbp"":""0x778899aabbccddee"",""rbx"":""0x0000000000000003"",""rcx"":""0x0000000000000003"",""rdi"":""data+4089"",""rdx"":""0x99aabbccddeeff00"",""rflags"":""0x0000000000000203"",""rsi"":""source+256"",""rsp"":""stack+32768""}","{""AF"":0,""CF"":1,""OF"":0,""PF"":0,""SF"":0,""ZF"":0}",False,rmw.run1.jsonl.gz: matching form/layout/cross_offset/continuation
A,page_and_cacheline_cross,measured,False,True,bts_reg3_64_lock,64,cross_ro_rw,1,4095,f0480fab1f,"[{""address"":""data+4095"",""error"":7,""execution_phase"":1,""fpstate_size"":2436,""gregs"":{""cr2"":""data+4095"",""csgsfs"":""0x002b000000000033"",""err"":""0x0000000000000007"",""oldmask"":""0x0000000000000000"",""r10"":""0x1010101010101010"",""r11"":""0x1212121212121212"",""r12"":""0x1313131313131313"",""r13"":""0x1414141414141414"",""r14"":""0x1515151515151515"",""r15"":""0x1616161616161616"",""r8"":""0x0808080808080808"",""r9"":""0x0909090909090909"",""rax"":""0x1122334455667788"",""rbp"":""0x778899aabbccddee"",""rbx"":""0x0000000000000003"",""rcx"":""0x0000000000000003"",""rdi"":""data+4095"",""rdx"":""0x99aabbccddeeff00"",""rflags"":""0x0000000000010203"",""rip"":""code+0"",""rsi"":""source+256"",""rsp"":""stack+32768"",""trapno"":""0x000000000000000e""},""kernel_sigmask"":""0000000000000000"",""pages"":{""fill"":""11"",""page2_mapped"":true,""patches"":[],""size"":8192},""partial_write"":false,""si_code"":2,""signal"":11,""six_flags"":{""AF"":0,""CF"":1,""OF"":0,""PF"":0,""SF"":0,""ZF"":0},""trap"":14,""uc_flags"":7,""uc_link"":""0x0000000000000000"",""uc_stack"":{""flags"":0,""size"":65536,""sp"":""altstack+0""}}]","{""fill"":""11"",""page2_mapped"":true,""patches"":[],""size"":8192}","[{""address"":""data+4095"",""error"":7,""execution_phase"":1,""fpstate_size"":2436,""gregs"":{""cr2"":""data+4095"",""csgsfs"":""0x002b000000000033"",""err"":""0x0000000000000007"",""oldmask"":""0x0000000000000000"",""r10"":""0x1010101010101010"",""r11"":""0x1212121212121212"",""r12"":""0x1313131313131313"",""r13"":""0x1414141414141414"",""r14"":""0x1515151515151515"",""r15"":""0x1616161616161616"",""r8"":""0x0808080808080808"",""r9"":""0x0909090909090909"",""rax"":""0x1122334455667788"",""rbp"":""0x778899aabbccddee"",""rbx"":""0x0000000000000003"",""rcx"":""0x0000000000000003"",""rdi"":""data+4095"",""rdx"":""0x99aabbccddeeff00"",""rflags"":""0x0000000000010203"",""rip"":""code+0"",""rsi"":""source+256"",""rsp"":""stack+32768"",""trapno"":""0x000000000000000e""},""kernel_sigmask"":""0000000000000000"",""pages"":{""fill"":""11"",""page2_mapped"":true,""patches"":[],""size"":8192},""partial_write"":false,""si_code"":2,""signal"":11,""six_flags"":{""AF"":0,""CF"":1,""OF"":0,""PF"":0,""SF"":0,""ZF"":0},""trap"":14,""uc_flags"":7,""uc_link"":""0x0000000000000000"",""uc_stack"":{""flags"":0,""size"":65536,""sp"":""altstack+0""}}]","0x3c across full destination footprint after mapping/protection repair, before sigreturn","{""fill"":""11"",""page2_mapped"":true,""patches"":[[4095,""3c3c3c3c3c3c3c3c""]],""size"":8192}","{""r10"":""0x1010101010101010"",""r11"":""0x1212121212121212"",""r12"":""0x1313131313131313"",""r13"":""0x1414141414141414"",""r14"":""0x1515151515151515"",""r15"":""0x1616161616161616"",""r8"":""0x0808080808080808"",""r9"":""0x0909090909090909"",""rax"":""0x1122334455667788"",""rbp"":""0x778899aabbccddee"",""rbx"":""0x0000000000000003"",""rcx"":""0x0000000000000003"",""rdi"":""data+4095"",""rdx"":""0x99aabbccddeeff00"",""rflags"":""0x0000000000000203"",""rsi"":""source+256"",""rsp"":""stack+32768""}","{""AF"":0,""CF"":1,""OF"":0,""PF"":0,""SF"":0,""ZF"":0}",False,rmw.run1.jsonl.gz: matching form/layout/cross_offset/continuation
A,page_and_cacheline_cross,measured,False,True,bts_reg3_64_lock,64,cross_ro_rw,2,4094,f0480fab1f,"[{""address"":""data+4094"",""error"":7,""execution_phase"":1,""fpstate_size"":2436,""gregs"":{""cr2"":""data+4094"",""csgsfs"":""0x002b000000000033"",""err"":""0x0000000000000007"",""oldmask"":""0x0000000000000000"",""r10"":""0x1010101010101010"",""r11"":""0x1212121212121212"",""r12"":""0x1313131313131313"",""r13"":""0x1414141414141414"",""r14"":""0x1515151515151515"",""r15"":""0x1616161616161616"",""r8"":""0x0808080808080808"",""r9"":""0x0909090909090909"",""rax"":""0x1122334455667788"",""rbp"":""0x778899aabbccddee"",""rbx"":""0x0000000000000003"",""rcx"":""0x0000000000000003"",""rdi"":""data+4094"",""rdx"":""0x99aabbccddeeff00"",""rflags"":""0x0000000000010203"",""rip"":""code+0"",""rsi"":""source+256"",""rsp"":""stack+32768"",""trapno"":""0x000000000000000e""},""kernel_sigmask"":""0000000000000000"",""pages"":{""fill"":""11"",""page2_mapped"":true,""patches"":[],""size"":8192},""partial_write"":false,""si_code"":2,""signal"":11,""six_flags"":{""AF"":0,""CF"":1,""OF"":0,""PF"":0,""SF"":0,""ZF"":0},""trap"":14,""uc_flags"":7,""uc_link"":""0x0000000000000000"",""uc_stack"":{""flags"":0,""size"":65536,""sp"":""altstack+0""}}]","{""fill"":""11"",""page2_mapped"":true,""patches"":[],""size"":8192}","[{""address"":""data+4094"",""error"":7,""execution_phase"":1,""fpstate_size"":2436,""gregs"":{""cr2"":""data+4094"",""csgsfs"":""0x002b000000000033"",""err"":""0x0000000000000007"",""oldmask"":""0x0000000000000000"",""r10"":""0x1010101010101010"",""r11"":""0x1212121212121212"",""r12"":""0x1313131313131313"",""r13"":""0x1414141414141414"",""r14"":""0x1515151515151515"",""r15"":""0x1616161616161616"",""r8"":""0x0808080808080808"",""r9"":""0x0909090909090909"",""rax"":""0x1122334455667788"",""rbp"":""0x778899aabbccddee"",""rbx"":""0x0000000000000003"",""rcx"":""0x0000000000000003"",""rdi"":""data+4094"",""rdx"":""0x99aabbccddeeff00"",""rflags"":""0x0000000000010203"",""rip"":""code+0"",""rsi"":""source+256"",""rsp"":""stack+32768"",""trapno"":""0x000000000000000e""},""kernel_sigmask"":""0000000000000000"",""pages"":{""fill"":""11"",""page2_mapped"":true,""patches"":[],""size"":8192},""partial_write"":false,""si_code"":2,""signal"":11,""six_flags"":{""AF"":0,""CF"":1,""OF"":0,""PF"":0,""SF"":0,""ZF"":0},""trap"":14,""uc_flags"":7,""uc_link"":""0x0000000000000000"",""uc_stack"":{""flags"":0,""size"":65536,""sp"":""altstack+0""}}]","0x3c across full destination footprint after mapping/protection repair, before sigreturn","{""fill"":""11"",""page2_mapped"":true,""patches"":[[4094,""3c3c3c3c3c3c3c3c""]],""size"":8192}","{""r10"":""0x1010101010101010"",""r11"":""0x1212121212121212"",""r12"":""0x1313131313131313"",""r13"":""0x1414141414141414"",""r14"":""0x1515151515151515"",""r15"":""0x1616161616161616"",""r8"":""0x0808080808080808"",""r9"":""0x0909090909090909"",""rax"":""0x1122334455667788"",""rbp"":""0x778899aabbccddee"",""rbx"":""0x0000000000000003"",""rcx"":""0x0000000000000003"",""rdi"":""data+4094"",""rdx"":""0x99aabbccddeeff00"",""rflags"":""0x0000000000000203"",""rsi"":""source+256"",""rsp"":""stack+32768""}","{""AF"":0,""CF"":1,""OF"":0,""PF"":0,""SF"":0,""ZF"":0}",False,rmw.run1.jsonl.gz: matching form/layout/cross_offset/continuation
A,page_and_cacheline_cross,measured,False,True,bts_reg3_64_lock,64,cross_ro_rw,3,4093,f0480fab1f,"[{""address"":""data+4093"",""error"":7,""execution_phase"":1,""fpstate_size"":2436,""gregs"":{""cr2"":""data+4093"",""csgsfs"":""0x002b000000000033"",""err"":""0x0000000000000007"",""oldmask"":""0x0000000000000000"",""r10"":""0x1010101010101010"",""r11"":""0x1212121212121212"",""r12"":""0x1313131313131313"",""r13"":""0x1414141414141414"",""r14"":""0x1515151515151515"",""r15"":""0x1616161616161616"",""r8"":""0x0808080808080808"",""r9"":""0x0909090909090909"",""rax"":""0x1122334455667788"",""rbp"":""0x778899aabbccddee"",""rbx"":""0x0000000000000003"",""rcx"":""0x0000000000000003"",""rdi"":""data+4093"",""rdx"":""0x99aabbccddeeff00"",""rflags"":""0x0000000000010203"",""rip"":""code+0"",""rsi"":""source+256"",""rsp"":""stack+32768"",""trapno"":""0x000000000000000e""},""kernel_sigmask"":""0000000000000000"",""pages"":{""fill"":""11"",""page2_mapped"":true,""patches"":[],""size"":8192},""partial_write"":false,""si_code"":2,""signal"":11,""six_flags"":{""AF"":0,""CF"":1,""OF"":0,""PF"":0,""SF"":0,""ZF"":0},""trap"":14,""uc_flags"":7,""uc_link"":""0x0000000000000000"",""uc_stack"":{""flags"":0,""size"":65536,""sp"":""altstack+0""}}]","{""fill"":""11"",""page2_mapped"":true,""patches"":[],""size"":8192}","[{""address"":""data+4093"",""error"":7,""execution_phase"":1,""fpstate_size"":2436,""gregs"":{""cr2"":""data+4093"",""csgsfs"":""0x002b000000000033"",""err"":""0x0000000000000007"",""oldmask"":""0x0000000000000000"",""r10"":""0x1010101010101010"",""r11"":""0x1212121212121212"",""r12"":""0x1313131313131313"",""r13"":""0x1414141414141414"",""r14"":""0x1515151515151515"",""r15"":""0x1616161616161616"",""r8"":""0x0808080808080808"",""r9"":""0x0909090909090909"",""rax"":""0x1122334455667788"",""rbp"":""0x778899aabbccddee"",""rbx"":""0x0000000000000003"",""rcx"":""0x0000000000000003"",""rdi"":""data+4093"",""rdx"":""0x99aabbccddeeff00"",""rflags"":""0x0000000000010203"",""rip"":""code+0"",""rsi"":""source+256"",""rsp"":""stack+32768"",""trapno"":""0x000000000000000e""},""kernel_sigmask"":""0000000000000000"",""pages"":{""fill"":""11"",""page2_mapped"":true,""patches"":[],""size"":8192},""partial_write"":false,""si_code"":2,""signal"":11,""six_flags"":{""AF"":0,""CF"":1,""OF"":0,""PF"":0,""SF"":0,""ZF"":0},""trap"":14,""uc_flags"":7,""uc_link"":""0x0000000000000000"",""uc_stack"":{""flags"":0,""size"":65536,""sp"":""altstack+0""}}]","0x3c across full destination footprint after mapping/protection repair, before sigreturn","{""fill"":""11"",""page2_mapped"":true,""patches"":[[4093,""3c3c3c3c3c3c3c3c""]],""size"":8192}","{""r10"":""0x1010101010101010"",""r11"":""0x1212121212121212"",""r12"":""0x1313131313131313"",""r13"":""0x1414141414141414"",""r14"":""0x1515151515151515"",""r15"":""0x1616161616161616"",""r8"":""0x0808080808080808"",""r9"":""0x0909090909090909"",""rax"":""0x1122334455667788"",""rbp"":""0x778899aabbccddee"",""rbx"":""0x0000000000000003"",""rcx"":""0x0000000000000003"",""rdi"":""data+4093"",""rdx"":""0x99aabbccddeeff00"",""rflags"":""0x0000000000000203"",""rsi"":""source+256"",""rsp"":""stack+32768""}","{""AF"":0,""CF"":1,""OF"":0,""PF"":0,""SF"":0,""ZF"":0}",False,rmw.run1.jsonl.gz: matching form/layout/cross_offset/continuation
A,page_and_cacheline_cross,measured,False,True,bts_reg3_64_lock,64,cross_ro_rw,4,4092,f0480fab1f,"[{""address"":""data+4092"",""error"":7,""execution_phase"":1,""fpstate_size"":2436,""gregs"":{""cr2"":""data+4092"",""csgsfs"":""0x002b000000000033"",""err"":""0x0000000000000007"",""oldmask"":""0x0000000000000000"",""r10"":""0x1010101010101010"",""r11"":""0x1212121212121212"",""r12"":""0x1313131313131313"",""r13"":""0x1414141414141414"",""r14"":""0x1515151515151515"",""r15"":""0x1616161616161616"",""r8"":""0x0808080808080808"",""r9"":""0x0909090909090909"",""rax"":""0x1122334455667788"",""rbp"":""0x778899aabbccddee"",""rbx"":""0x0000000000000003"",""rcx"":""0x0000000000000003"",""rdi"":""data+4092"",""rdx"":""0x99aabbccddeeff00"",""rflags"":""0x0000000000010203"",""rip"":""code+0"",""rsi"":""source+256"",""rsp"":""stack+32768"",""trapno"":""0x000000000000000e""},""kernel_sigmask"":""0000000000000000"",""pages"":{""fill"":""11"",""page2_mapped"":true,""patches"":[],""size"":8192},""partial_write"":false,""si_code"":2,""signal"":11,""six_flags"":{""AF"":0,""CF"":1,""OF"":0,""PF"":0,""SF"":0,""ZF"":0},""trap"":14,""uc_flags"":7,""uc_link"":""0x0000000000000000"",""uc_stack"":{""flags"":0,""size"":65536,""sp"":""altstack+0""}}]","{""fill"":""11"",""page2_mapped"":true,""patches"":[],""size"":8192}","[{""address"":""data+4092"",""error"":7,""execution_phase"":1,""fpstate_size"":2436,""gregs"":{""cr2"":""data+4092"",""csgsfs"":""0x002b000000000033"",""err"":""0x0000000000000007"",""oldmask"":""0x0000000000000000"",""r10"":""0x1010101010101010"",""r11"":""0x1212121212121212"",""r12"":""0x1313131313131313"",""r13"":""0x1414141414141414"",""r14"":""0x1515151515151515"",""r15"":""0x1616161616161616"",""r8"":""0x0808080808080808"",""r9"":""0x0909090909090909"",""rax"":""0x1122334455667788"",""rbp"":""0x778899aabbccddee"",""rbx"":""0x0000000000000003"",""rcx"":""0x0000000000000003"",""rdi"":""data+4092"",""rdx"":""0x99aabbccddeeff00"",""rflags"":""0x0000000000010203"",""rip"":""code+0"",""rsi"":""source+256"",""rsp"":""stack+32768"",""trapno"":""0x000000000000000e""},""kernel_sigmask"":""0000000000000000"",""pages"":{""fill"":""11"",""page2_mapped"":true,""patches"":[],""size"":8192},""partial_write"":false,""si_code"":2,""signal"":11,""six_flags"":{""AF"":0,""CF"":1,""OF"":0,""PF"":0,""SF"":0,""ZF"":0},""trap"":14,""uc_flags"":7,""uc_link"":""0x0000000000000000"",""uc_stack"":{""flags"":0,""size"":65536,""sp"":""altstack+0""}}]","0x3c across full destination footprint after mapping/protection repair, before sigreturn","{""fill"":""11"",""page2_mapped"":true,""patches"":[[4092,""3c3c3c3c3c3c3c3c""]],""size"":8192}","{""r10"":""0x1010101010101010"",""r11"":""0x1212121212121212"",""r12"":""0x1313131313131313"",""r13"":""0x1414141414141414"",""r14"":""0x1515151515151515"",""r15"":""0x1616161616161616"",""r8"":""0x0808080808080808"",""r9"":""0x0909090909090909"",""rax"":""0x1122334455667788"",""rbp"":""0x778899aabbccddee"",""rbx"":""0x0000000000000003"",""rcx"":""0x0000000000000003"",""rdi"":""data+4092"",""rdx"":""0x99aabbccddeeff00"",""rflags"":""0x0000000000000203"",""rsi"":""source+256"",""rsp"":""stack+32768""}","{""AF"":0,""CF"":1,""OF"":0,""PF"":0,""SF"":0,""ZF"":0}",False,rmw.run1.jsonl.gz: matching form/layout/cross_offset/continuation
A,page_and_cacheline_cross,measured,False,True,bts_reg3_64_lock,64,cross_ro_rw,5,4091,f0480fab1f,"[{""address"":""data+4091"",""error"":7,""execution_phase"":1,""fpstate_size"":2436,""gregs"":{""cr2"":""data+4091"",""csgsfs"":""0x002b000000000033"",""err"":""0x0000000000000007"",""oldmask"":""0x0000000000000000"",""r10"":""0x1010101010101010"",""r11"":""0x1212121212121212"",""r12"":""0x1313131313131313"",""r13"":""0x1414141414141414"",""r14"":""0x1515151515151515"",""r15"":""0x1616161616161616"",""r8"":""0x0808080808080808"",""r9"":""0x0909090909090909"",""rax"":""0x1122334455667788"",""rbp"":""0x778899aabbccddee"",""rbx"":""0x0000000000000003"",""rcx"":""0x0000000000000003"",""rdi"":""data+4091"",""rdx"":""0x99aabbccddeeff00"",""rflags"":""0x0000000000010203"",""rip"":""code+0"",""rsi"":""source+256"",""rsp"":""stack+32768"",""trapno"":""0x000000000000000e""},""kernel_sigmask"":""0000000000000000"",""pages"":{""fill"":""11"",""page2_mapped"":true,""patches"":[],""size"":8192},""partial_write"":false,""si_code"":2,""signal"":11,""six_flags"":{""AF"":0,""CF"":1,""OF"":0,""PF"":0,""SF"":0,""ZF"":0},""trap"":14,""uc_flags"":7,""uc_link"":""0x0000000000000000"",""uc_stack"":{""flags"":0,""size"":65536,""sp"":""altstack+0""}}]","{""fill"":""11"",""page2_mapped"":true,""patches"":[],""size"":8192}","[{""address"":""data+4091"",""error"":7,""execution_phase"":1,""fpstate_size"":2436,""gregs"":{""cr2"":""data+4091"",""csgsfs"":""0x002b000000000033"",""err"":""0x0000000000000007"",""oldmask"":""0x0000000000000000"",""r10"":""0x1010101010101010"",""r11"":""0x1212121212121212"",""r12"":""0x1313131313131313"",""r13"":""0x1414141414141414"",""r14"":""0x1515151515151515"",""r15"":""0x1616161616161616"",""r8"":""0x0808080808080808"",""r9"":""0x0909090909090909"",""rax"":""0x1122334455667788"",""rbp"":""0x778899aabbccddee"",""rbx"":""0x0000000000000003"",""rcx"":""0x0000000000000003"",""rdi"":""data+4091"",""rdx"":""0x99aabbccddeeff00"",""rflags"":""0x0000000000010203"",""rip"":""code+0"",""rsi"":""source+256"",""rsp"":""stack+32768"",""trapno"":""0x000000000000000e""},""kernel_sigmask"":""0000000000000000"",""pages"":{""fill"":""11"",""page2_mapped"":true,""patches"":[],""size"":8192},""partial_write"":false,""si_code"":2,""signal"":11,""six_flags"":{""AF"":0,""CF"":1,""OF"":0,""PF"":0,""SF"":0,""ZF"":0},""trap"":14,""uc_flags"":7,""uc_link"":""0x0000000000000000"",""uc_stack"":{""flags"":0,""size"":65536,""sp"":""altstack+0""}}]","0x3c across full destination footprint after mapping/protection repair, before sigreturn","{""fill"":""11"",""page2_mapped"":true,""patches"":[[4091,""3c3c3c3c3c3c3c3c""]],""size"":8192}","{""r10"":""0x1010101010101010"",""r11"":""0x1212121212121212"",""r12"":""0x1313131313131313"",""r13"":""0x1414141414141414"",""r14"":""0x1515151515151515"",""r15"":""0x1616161616161616"",""r8"":""0x0808080808080808"",""r9"":""0x0909090909090909"",""rax"":""0x1122334455667788"",""rbp"":""0x778899aabbccddee"",""rbx"":""0x0000000000000003"",""rcx"":""0x0000000000000003"",""rdi"":""data+4091"",""rdx"":""0x99aabbccddeeff00"",""rflags"":""0x0000000000000203"",""rsi"":""source+256"",""rsp"":""stack+32768""}","{""AF"":0,""CF"":1,""OF"":0,""PF"":0,""SF"":0,""ZF"":0}",False,rmw.run1.jsonl.gz: matching form/layout/cross_offset/continuation
A,page_and_cacheline_cross,measured,False,True,bts_reg3_64_lock,64,cross_ro_rw,6,4090,f0480fab1f,"[{""address"":""data+4090"",""error"":7,""execution_phase"":1,""fpstate_size"":2436,""gregs"":{""cr2"":""data+4090"",""csgsfs"":""0x002b000000000033"",""err"":""0x0000000000000007"",""oldmask"":""0x0000000000000000"",""r10"":""0x1010101010101010"",""r11"":""0x1212121212121212"",""r12"":""0x1313131313131313"",""r13"":""0x1414141414141414"",""r14"":""0x1515151515151515"",""r15"":""0x1616161616161616"",""r8"":""0x0808080808080808"",""r9"":""0x0909090909090909"",""rax"":""0x1122334455667788"",""rbp"":""0x778899aabbccddee"",""rbx"":""0x0000000000000003"",""rcx"":""0x0000000000000003"",""rdi"":""data+4090"",""rdx"":""0x99aabbccddeeff00"",""rflags"":""0x0000000000010203"",""rip"":""code+0"",""rsi"":""source+256"",""rsp"":""stack+32768"",""trapno"":""0x000000000000000e""},""kernel_sigmask"":""0000000000000000"",""pages"":{""fill"":""11"",""page2_mapped"":true,""patches"":[],""size"":8192},""partial_write"":false,""si_code"":2,""signal"":11,""six_flags"":{""AF"":0,""CF"":1,""OF"":0,""PF"":0,""SF"":0,""ZF"":0},""trap"":14,""uc_flags"":7,""uc_link"":""0x0000000000000000"",""uc_stack"":{""flags"":0,""size"":65536,""sp"":""altstack+0""}}]","{""fill"":""11"",""page2_mapped"":true,""patches"":[],""size"":8192}","[{""address"":""data+4090"",""error"":7,""execution_phase"":1,""fpstate_size"":2436,""gregs"":{""cr2"":""data+4090"",""csgsfs"":""0x002b000000000033"",""err"":""0x0000000000000007"",""oldmask"":""0x0000000000000000"",""r10"":""0x1010101010101010"",""r11"":""0x1212121212121212"",""r12"":""0x1313131313131313"",""r13"":""0x1414141414141414"",""r14"":""0x1515151515151515"",""r15"":""0x1616161616161616"",""r8"":""0x0808080808080808"",""r9"":""0x0909090909090909"",""rax"":""0x1122334455667788"",""rbp"":""0x778899aabbccddee"",""rbx"":""0x0000000000000003"",""rcx"":""0x0000000000000003"",""rdi"":""data+4090"",""rdx"":""0x99aabbccddeeff00"",""rflags"":""0x0000000000010203"",""rip"":""code+0"",""rsi"":""source+256"",""rsp"":""stack+32768"",""trapno"":""0x000000000000000e""},""kernel_sigmask"":""0000000000000000"",""pages"":{""fill"":""11"",""page2_mapped"":true,""patches"":[],""size"":8192},""partial_write"":false,""si_code"":2,""signal"":11,""six_flags"":{""AF"":0,""CF"":1,""OF"":0,""PF"":0,""SF"":0,""ZF"":0},""trap"":14,""uc_flags"":7,""uc_link"":""0x0000000000000000"",""uc_stack"":{""flags"":0,""size"":65536,""sp"":""altstack+0""}}]","0x3c across full destination footprint after mapping/protection repair, before sigreturn","{""fill"":""11"",""page2_mapped"":true,""patches"":[[4090,""3c3c3c3c3c3c3c3c""]],""size"":8192}","{""r10"":""0x1010101010101010"",""r11"":""0x1212121212121212"",""r12"":""0x1313131313131313"",""r13"":""0x1414141414141414"",""r14"":""0x1515151515151515"",""r15"":""0x1616161616161616"",""r8"":""0x0808080808080808"",""r9"":""0x0909090909090909"",""rax"":""0x1122334455667788"",""rbp"":""0x778899aabbccddee"",""rbx"":""0x0000000000000003"",""rcx"":""0x0000000000000003"",""rdi"":""data+4090"",""rdx"":""0x99aabbccddeeff00"",""rflags"":""0x0000000000000203"",""rsi"":""source+256"",""rsp"":""stack+32768""}","{""AF"":0,""CF"":1,""OF"":0,""PF"":0,""SF"":0,""ZF"":0}",False,rmw.run1.jsonl.gz: matching form/layout/cross_offset/continuation
A,page_and_cacheline_cross,measured,False,True,bts_reg3_64_lock,64,cross_ro_rw,7,4089,f0480fab1f,"[{""address"":""data+4089"",""error"":7,""execution_phase"":1,""fpstate_size"":2436,""gregs"":{""cr2"":""data+4089"",""csgsfs"":""0x002b000000000033"",""err"":""0x0000000000000007"",""oldmask"":""0x0000000000000000"",""r10"":""0x1010101010101010"",""r11"":""0x1212121212121212"",""r12"":""0x1313131313131313"",""r13"":""0x1414141414141414"",""r14"":""0x1515151515151515"",""r15"":""0x1616161616161616"",""r8"":""0x0808080808080808"",""r9"":""0x0909090909090909"",""rax"":""0x1122334455667788"",""rbp"":""0x778899aabbccddee"",""rbx"":""0x0000000000000003"",""rcx"":""0x0000000000000003"",""rdi"":""data+4089"",""rdx"":""0x99aabbccddeeff00"",""rflags"":""0x0000000000010203"",""rip"":""code+0"",""rsi"":""source+256"",""rsp"":""stack+32768"",""trapno"":""0x000000000000000e""},""kernel_sigmask"":""0000000000000000"",""pages"":{""fill"":""11"",""page2_mapped"":true,""patches"":[],""size"":8192},""partial_write"":false,""si_code"":2,""signal"":11,""six_flags"":{""AF"":0,""CF"":1,""OF"":0,""PF"":0,""SF"":0,""ZF"":0},""trap"":14,""uc_flags"":7,""uc_link"":""0x0000000000000000"",""uc_stack"":{""flags"":0,""size"":65536,""sp"":""altstack+0""}}]","{""fill"":""11"",""page2_mapped"":true,""patches"":[],""size"":8192}","[{""address"":""data+4089"",""error"":7,""execution_phase"":1,""fpstate_size"":2436,""gregs"":{""cr2"":""data+4089"",""csgsfs"":""0x002b000000000033"",""err"":""0x0000000000000007"",""oldmask"":""0x0000000000000000"",""r10"":""0x1010101010101010"",""r11"":""0x1212121212121212"",""r12"":""0x1313131313131313"",""r13"":""0x1414141414141414"",""r14"":""0x1515151515151515"",""r15"":""0x1616161616161616"",""r8"":""0x0808080808080808"",""r9"":""0x0909090909090909"",""rax"":""0x1122334455667788"",""rbp"":""0x778899aabbccddee"",""rbx"":""0x0000000000000003"",""rcx"":""0x0000000000000003"",""rdi"":""data+4089"",""rdx"":""0x99aabbccddeeff00"",""rflags"":""0x0000000000010203"",""rip"":""code+0"",""rsi"":""source+256"",""rsp"":""stack+32768"",""trapno"":""0x000000000000000e""},""kernel_sigmask"":""0000000000000000"",""pages"":{""fill"":""11"",""page2_mapped"":true,""patches"":[],""size"":8192},""partial_write"":false,""si_code"":2,""signal"":11,""six_flags"":{""AF"":0,""CF"":1,""OF"":0,""PF"":0,""SF"":0,""ZF"":0},""trap"":14,""uc_flags"":7,""uc_link"":""0x0000000000000000"",""uc_stack"":{""flags"":0,""size"":65536,""sp"":""altstack+0""}}]","0x3c across full destination footprint after mapping/protection repair, before sigreturn","{""fill"":""11"",""page2_mapped"":true,""patches"":[[4089,""3c3c3c3c3c3c3c3c""]],""size"":8192}","{""r10"":""0x1010101010101010"",""r11"":""0x1212121212121212"",""r12"":""0x1313131313131313"",""r13"":""0x1414141414141414"",""r14"":""0x1515151515151515"",""r15"":""0x1616161616161616"",""r8"":""0x0808080808080808"",""r9"":""0x0909090909090909"",""rax"":""0x1122334455667788"",""rbp"":""0x778899aabbccddee"",""rbx"":""0x0000000000000003"",""rcx"":""0x0000000000000003"",""rdi"":""data+4089"",""rdx"":""0x99aabbccddeeff00"",""rflags"":""0x0000000000000203"",""rsi"":""source+256"",""rsp"":""stack+32768""}","{""AF"":0,""CF"":1,""OF"":0,""PF"":0,""SF"":0,""ZF"":0}",False,rmw.run1.jsonl.gz: matching form/layout/cross_offset/continuation
A,page_and_cacheline_cross,measured,True,True,bts_imm3_64_lock,64,cross_rw_ro,1,4095,f0480fba2f03,"[{""address"":""data+4096"",""error"":7,""execution_phase"":1,""fpstate_size"":2436,""gregs"":{""cr2"":""data+4096"",""csgsfs"":""0x002b000000000033"",""err"":""0x0000000000000007"",""oldmask"":""0x0000000000000000"",""r10"":""0x1010101010101010"",""r11"":""0x1212121212121212"",""r12"":""0x1313131313131313"",""r13"":""0x1414141414141414"",""r14"":""0x1515151515151515"",""r15"":""0x1616161616161616"",""r8"":""0x0808080808080808"",""r9"":""0x0909090909090909"",""rax"":""0x1122334455667788"",""rbp"":""0x778899aabbccddee"",""rbx"":""0x0000000000000003"",""rcx"":""0x0000000000000003"",""rdi"":""data+4095"",""rdx"":""0x99aabbccddeeff00"",""rflags"":""0x0000000000010203"",""rip"":""code+0"",""rsi"":""source+256"",""rsp"":""stack+32768"",""trapno"":""0x000000000000000e""},""kernel_sigmask"":""0000000000000000"",""pages"":{""fill"":""11"",""page2_mapped"":true,""patches"":[],""size"":8192},""partial_write"":false,""si_code"":2,""signal"":11,""six_flags"":{""AF"":0,""CF"":1,""OF"":0,""PF"":0,""SF"":0,""ZF"":0},""trap"":14,""uc_flags"":7,""uc_link"":""0x0000000000000000"",""uc_stack"":{""flags"":0,""size"":65536,""sp"":""altstack+0""}}]","{""fill"":""11"",""page2_mapped"":true,""patches"":[],""size"":8192}","[{""address"":""data+4096"",""error"":7,""execution_phase"":1,""fpstate_size"":2436,""gregs"":{""cr2"":""data+4096"",""csgsfs"":""0x002b000000000033"",""err"":""0x0000000000000007"",""oldmask"":""0x0000000000000000"",""r10"":""0x1010101010101010"",""r11"":""0x1212121212121212"",""r12"":""0x1313131313131313"",""r13"":""0x1414141414141414"",""r14"":""0x1515151515151515"",""r15"":""0x1616161616161616"",""r8"":""0x0808080808080808"",""r9"":""0x0909090909090909"",""rax"":""0x1122334455667788"",""rbp"":""0x778899aabbccddee"",""rbx"":""0x0000000000000003"",""rcx"":""0x0000000000000003"",""rdi"":""data+4095"",""rdx"":""0x99aabbccddeeff00"",""rflags"":""0x0000000000010203"",""rip"":""code+0"",""rsi"":""source+256"",""rsp"":""stack+32768"",""trapno"":""0x000000000000000e""},""kernel_sigmask"":""0000000000000000"",""pages"":{""fill"":""11"",""page2_mapped"":true,""patches"":[],""size"":8192},""partial_write"":false,""si_code"":2,""signal"":11,""six_flags"":{""AF"":0,""CF"":1,""OF"":0,""PF"":0,""SF"":0,""ZF"":0},""trap"":14,""uc_flags"":7,""uc_link"":""0x0000000000000000"",""uc_stack"":{""flags"":0,""size"":65536,""sp"":""altstack+0""}}]","0x3c across full destination footprint after mapping/protection repair, before sigreturn","{""fill"":""11"",""page2_mapped"":true,""patches"":[[4095,""3c3c3c3c3c3c3c3c""]],""size"":8192}","{""r10"":""0x1010101010101010"",""r11"":""0x1212121212121212"",""r12"":""0x1313131313131313"",""r13"":""0x1414141414141414"",""r14"":""0x1515151515151515"",""r15"":""0x1616161616161616"",""r8"":""0x0808080808080808"",""r9"":""0x0909090909090909"",""rax"":""0x1122334455667788"",""rbp"":""0x778899aabbccddee"",""rbx"":""0x0000000000000003"",""rcx"":""0x0000000000000003"",""rdi"":""data+4095"",""rdx"":""0x99aabbccddeeff00"",""rflags"":""0x0000000000000203"",""rsi"":""source+256"",""rsp"":""stack+32768""}","{""AF"":0,""CF"":1,""OF"":0,""PF"":0,""SF"":0,""ZF"":0}",False,rmw.run1.jsonl.gz: matching form/layout/cross_offset/continuation
A,page_and_cacheline_cross,measured,True,True,bts_imm3_64_lock,64,cross_rw_ro,2,4094,f0480fba2f03,"[{""address"":""data+4096"",""error"":7,""execution_phase"":1,""fpstate_size"":2436,""gregs"":{""cr2"":""data+4096"",""csgsfs"":""0x002b000000000033"",""err"":""0x0000000000000007"",""oldmask"":""0x0000000000000000"",""r10"":""0x1010101010101010"",""r11"":""0x1212121212121212"",""r12"":""0x1313131313131313"",""r13"":""0x1414141414141414"",""r14"":""0x1515151515151515"",""r15"":""0x1616161616161616"",""r8"":""0x0808080808080808"",""r9"":""0x0909090909090909"",""rax"":""0x1122334455667788"",""rbp"":""0x778899aabbccddee"",""rbx"":""0x0000000000000003"",""rcx"":""0x0000000000000003"",""rdi"":""data+4094"",""rdx"":""0x99aabbccddeeff00"",""rflags"":""0x0000000000010203"",""rip"":""code+0"",""rsi"":""source+256"",""rsp"":""stack+32768"",""trapno"":""0x000000000000000e""},""kernel_sigmask"":""0000000000000000"",""pages"":{""fill"":""11"",""page2_mapped"":true,""patches"":[],""size"":8192},""partial_write"":false,""si_code"":2,""signal"":11,""six_flags"":{""AF"":0,""CF"":1,""OF"":0,""PF"":0,""SF"":0,""ZF"":0},""trap"":14,""uc_flags"":7,""uc_link"":""0x0000000000000000"",""uc_stack"":{""flags"":0,""size"":65536,""sp"":""altstack+0""}}]","{""fill"":""11"",""page2_mapped"":true,""patches"":[],""size"":8192}","[{""address"":""data+4096"",""error"":7,""execution_phase"":1,""fpstate_size"":2436,""gregs"":{""cr2"":""data+4096"",""csgsfs"":""0x002b000000000033"",""err"":""0x0000000000000007"",""oldmask"":""0x0000000000000000"",""r10"":""0x1010101010101010"",""r11"":""0x1212121212121212"",""r12"":""0x1313131313131313"",""r13"":""0x1414141414141414"",""r14"":""0x1515151515151515"",""r15"":""0x1616161616161616"",""r8"":""0x0808080808080808"",""r9"":""0x0909090909090909"",""rax"":""0x1122334455667788"",""rbp"":""0x778899aabbccddee"",""rbx"":""0x0000000000000003"",""rcx"":""0x0000000000000003"",""rdi"":""data+4094"",""rdx"":""0x99aabbccddeeff00"",""rflags"":""0x0000000000010203"",""rip"":""code+0"",""rsi"":""source+256"",""rsp"":""stack+32768"",""trapno"":""0x000000000000000e""},""kernel_sigmask"":""0000000000000000"",""pages"":{""fill"":""11"",""page2_mapped"":true,""patches"":[],""size"":8192},""partial_write"":false,""si_code"":2,""signal"":11,""six_flags"":{""AF"":0,""CF"":1,""OF"":0,""PF"":0,""SF"":0,""ZF"":0},""trap"":14,""uc_flags"":7,""uc_link"":""0x0000000000000000"",""uc_stack"":{""flags"":0,""size"":65536,""sp"":""altstack+0""}}]","0x3c across full destination footprint after mapping/protection repair, before sigreturn","{""fill"":""11"",""page2_mapped"":true,""patches"":[[4094,""3c3c3c3c3c3c3c3c""]],""size"":8192}","{""r10"":""0x1010101010101010"",""r11"":""0x1212121212121212"",""r12"":""0x1313131313131313"",""r13"":""0x1414141414141414"",""r14"":""0x1515151515151515"",""r15"":""0x1616161616161616"",""r8"":""0x0808080808080808"",""r9"":""0x0909090909090909"",""rax"":""0x1122334455667788"",""rbp"":""0x778899aabbccddee"",""rbx"":""0x0000000000000003"",""rcx"":""0x0000000000000003"",""rdi"":""data+4094"",""rdx"":""0x99aabbccddeeff00"",""rflags"":""0x0000000000000203"",""rsi"":""source+256"",""rsp"":""stack+32768""}","{""AF"":0,""CF"":1,""OF"":0,""PF"":0,""SF"":0,""ZF"":0}",False,rmw.run1.jsonl.gz: matching form/layout/cross_offset/continuation
A,page_and_cacheline_cross,measured,True,True,bts_imm3_64_lock,64,cross_rw_ro,3,4093,f0480fba2f03,"[{""address"":""data+4096"",""error"":7,""execution_phase"":1,""fpstate_size"":2436,""gregs"":{""cr2"":""data+4096"",""csgsfs"":""0x002b000000000033"",""err"":""0x0000000000000007"",""oldmask"":""0x0000000000000000"",""r10"":""0x1010101010101010"",""r11"":""0x1212121212121212"",""r12"":""0x1313131313131313"",""r13"":""0x1414141414141414"",""r14"":""0x1515151515151515"",""r15"":""0x1616161616161616"",""r8"":""0x0808080808080808"",""r9"":""0x0909090909090909"",""rax"":""0x1122334455667788"",""rbp"":""0x778899aabbccddee"",""rbx"":""0x0000000000000003"",""rcx"":""0x0000000000000003"",""rdi"":""data+4093"",""rdx"":""0x99aabbccddeeff00"",""rflags"":""0x0000000000010203"",""rip"":""code+0"",""rsi"":""source+256"",""rsp"":""stack+32768"",""trapno"":""0x000000000000000e""},""kernel_sigmask"":""0000000000000000"",""pages"":{""fill"":""11"",""page2_mapped"":true,""patches"":[],""size"":8192},""partial_write"":false,""si_code"":2,""signal"":11,""six_flags"":{""AF"":0,""CF"":1,""OF"":0,""PF"":0,""SF"":0,""ZF"":0},""trap"":14,""uc_flags"":7,""uc_link"":""0x0000000000000000"",""uc_stack"":{""flags"":0,""size"":65536,""sp"":""altstack+0""}}]","{""fill"":""11"",""page2_mapped"":true,""patches"":[],""size"":8192}","[{""address"":""data+4096"",""error"":7,""execution_phase"":1,""fpstate_size"":2436,""gregs"":{""cr2"":""data+4096"",""csgsfs"":""0x002b000000000033"",""err"":""0x0000000000000007"",""oldmask"":""0x0000000000000000"",""r10"":""0x1010101010101010"",""r11"":""0x1212121212121212"",""r12"":""0x1313131313131313"",""r13"":""0x1414141414141414"",""r14"":""0x1515151515151515"",""r15"":""0x1616161616161616"",""r8"":""0x0808080808080808"",""r9"":""0x0909090909090909"",""rax"":""0x1122334455667788"",""rbp"":""0x778899aabbccddee"",""rbx"":""0x0000000000000003"",""rcx"":""0x0000000000000003"",""rdi"":""data+4093"",""rdx"":""0x99aabbccddeeff00"",""rflags"":""0x0000000000010203"",""rip"":""code+0"",""rsi"":""source+256"",""rsp"":""stack+32768"",""trapno"":""0x000000000000000e""},""kernel_sigmask"":""0000000000000000"",""pages"":{""fill"":""11"",""page2_mapped"":true,""patches"":[],""size"":8192},""partial_write"":false,""si_code"":2,""signal"":11,""six_flags"":{""AF"":0,""CF"":1,""OF"":0,""PF"":0,""SF"":0,""ZF"":0},""trap"":14,""uc_flags"":7,""uc_link"":""0x0000000000000000"",""uc_stack"":{""flags"":0,""size"":65536,""sp"":""altstack+0""}}]","0x3c across full destination footprint after mapping/protection repair, before sigreturn","{""fill"":""11"",""page2_mapped"":true,""patches"":[[4093,""3c3c3c3c3c3c3c3c""]],""size"":8192}","{""r10"":""0x1010101010101010"",""r11"":""0x1212121212121212"",""r12"":""0x1313131313131313"",""r13"":""0x1414141414141414"",""r14"":""0x1515151515151515"",""r15"":""0x1616161616161616"",""r8"":""0x0808080808080808"",""r9"":""0x0909090909090909"",""rax"":""0x1122334455667788"",""rbp"":""0x778899aabbccddee"",""rbx"":""0x0000000000000003"",""rcx"":""0x0000000000000003"",""rdi"":""data+4093"",""rdx"":""0x99aabbccddeeff00"",""rflags"":""0x0000000000000203"",""rsi"":""source+256"",""rsp"":""stack+32768""}","{""AF"":0,""CF"":1,""OF"":0,""PF"":0,""SF"":0,""ZF"":0}",False,rmw.run1.jsonl.gz: matching form/layout/cross_offset/continuation
A,page_and_cacheline_cross,measured,True,True,bts_imm3_64_lock,64,cross_rw_ro,4,4092,f0480fba2f03,"[{""address"":""data+4096"",""error"":7,""execution_phase"":1,""fpstate_size"":2436,""gregs"":{""cr2"":""data+4096"",""csgsfs"":""0x002b000000000033"",""err"":""0x0000000000000007"",""oldmask"":""0x0000000000000000"",""r10"":""0x1010101010101010"",""r11"":""0x1212121212121212"",""r12"":""0x1313131313131313"",""r13"":""0x1414141414141414"",""r14"":""0x1515151515151515"",""r15"":""0x1616161616161616"",""r8"":""0x0808080808080808"",""r9"":""0x0909090909090909"",""rax"":""0x1122334455667788"",""rbp"":""0x778899aabbccddee"",""rbx"":""0x0000000000000003"",""rcx"":""0x0000000000000003"",""rdi"":""data+4092"",""rdx"":""0x99aabbccddeeff00"",""rflags"":""0x0000000000010203"",""rip"":""code+0"",""rsi"":""source+256"",""rsp"":""stack+32768"",""trapno"":""0x000000000000000e""},""kernel_sigmask"":""0000000000000000"",""pages"":{""fill"":""11"",""page2_mapped"":true,""patches"":[],""size"":8192},""partial_write"":false,""si_code"":2,""signal"":11,""six_flags"":{""AF"":0,""CF"":1,""OF"":0,""PF"":0,""SF"":0,""ZF"":0},""trap"":14,""uc_flags"":7,""uc_link"":""0x0000000000000000"",""uc_stack"":{""flags"":0,""size"":65536,""sp"":""altstack+0""}}]","{""fill"":""11"",""page2_mapped"":true,""patches"":[],""size"":8192}","[{""address"":""data+4096"",""error"":7,""execution_phase"":1,""fpstate_size"":2436,""gregs"":{""cr2"":""data+4096"",""csgsfs"":""0x002b000000000033"",""err"":""0x0000000000000007"",""oldmask"":""0x0000000000000000"",""r10"":""0x1010101010101010"",""r11"":""0x1212121212121212"",""r12"":""0x1313131313131313"",""r13"":""0x1414141414141414"",""r14"":""0x1515151515151515"",""r15"":""0x1616161616161616"",""r8"":""0x0808080808080808"",""r9"":""0x0909090909090909"",""rax"":""0x1122334455667788"",""rbp"":""0x778899aabbccddee"",""rbx"":""0x0000000000000003"",""rcx"":""0x0000000000000003"",""rdi"":""data+4092"",""rdx"":""0x99aabbccddeeff00"",""rflags"":""0x0000000000010203"",""rip"":""code+0"",""rsi"":""source+256"",""rsp"":""stack+32768"",""trapno"":""0x000000000000000e""},""kernel_sigmask"":""0000000000000000"",""pages"":{""fill"":""11"",""page2_mapped"":true,""patches"":[],""size"":8192},""partial_write"":false,""si_code"":2,""signal"":11,""six_flags"":{""AF"":0,""CF"":1,""OF"":0,""PF"":0,""SF"":0,""ZF"":0},""trap"":14,""uc_flags"":7,""uc_link"":""0x0000000000000000"",""uc_stack"":{""flags"":0,""size"":65536,""sp"":""altstack+0""}}]","0x3c across full destination footprint after mapping/protection repair, before sigreturn","{""fill"":""11"",""page2_mapped"":true,""patches"":[[4092,""3c3c3c3c3c3c3c3c""]],""size"":8192}","{""r10"":""0x1010101010101010"",""r11"":""0x1212121212121212"",""r12"":""0x1313131313131313"",""r13"":""0x1414141414141414"",""r14"":""0x1515151515151515"",""r15"":""0x1616161616161616"",""r8"":""0x0808080808080808"",""r9"":""0x0909090909090909"",""rax"":""0x1122334455667788"",""rbp"":""0x778899aabbccddee"",""rbx"":""0x0000000000000003"",""rcx"":""0x0000000000000003"",""rdi"":""data+4092"",""rdx"":""0x99aabbccddeeff00"",""rflags"":""0x0000000000000203"",""rsi"":""source+256"",""rsp"":""stack+32768""}","{""AF"":0,""CF"":1,""OF"":0,""PF"":0,""SF"":0,""ZF"":0}",False,rmw.run1.jsonl.gz: matching form/layout/cross_offset/continuation
A,page_and_cacheline_cross,measured,True,True,bts_imm3_64_lock,64,cross_rw_ro,5,4091,f0480fba2f03,"[{""address"":""data+4096"",""error"":7,""execution_phase"":1,""fpstate_size"":2436,""gregs"":{""cr2"":""data+4096"",""csgsfs"":""0x002b000000000033"",""err"":""0x0000000000000007"",""oldmask"":""0x0000000000000000"",""r10"":""0x1010101010101010"",""r11"":""0x1212121212121212"",""r12"":""0x1313131313131313"",""r13"":""0x1414141414141414"",""r14"":""0x1515151515151515"",""r15"":""0x1616161616161616"",""r8"":""0x0808080808080808"",""r9"":""0x0909090909090909"",""rax"":""0x1122334455667788"",""rbp"":""0x778899aabbccddee"",""rbx"":""0x0000000000000003"",""rcx"":""0x0000000000000003"",""rdi"":""data+4091"",""rdx"":""0x99aabbccddeeff00"",""rflags"":""0x0000000000010203"",""rip"":""code+0"",""rsi"":""source+256"",""rsp"":""stack+32768"",""trapno"":""0x000000000000000e""},""kernel_sigmask"":""0000000000000000"",""pages"":{""fill"":""11"",""page2_mapped"":true,""patches"":[],""size"":8192},""partial_write"":false,""si_code"":2,""signal"":11,""six_flags"":{""AF"":0,""CF"":1,""OF"":0,""PF"":0,""SF"":0,""ZF"":0},""trap"":14,""uc_flags"":7,""uc_link"":""0x0000000000000000"",""uc_stack"":{""flags"":0,""size"":65536,""sp"":""altstack+0""}}]","{""fill"":""11"",""page2_mapped"":true,""patches"":[],""size"":8192}","[{""address"":""data+4096"",""error"":7,""execution_phase"":1,""fpstate_size"":2436,""gregs"":{""cr2"":""data+4096"",""csgsfs"":""0x002b000000000033"",""err"":""0x0000000000000007"",""oldmask"":""0x0000000000000000"",""r10"":""0x1010101010101010"",""r11"":""0x1212121212121212"",""r12"":""0x1313131313131313"",""r13"":""0x1414141414141414"",""r14"":""0x1515151515151515"",""r15"":""0x1616161616161616"",""r8"":""0x0808080808080808"",""r9"":""0x0909090909090909"",""rax"":""0x1122334455667788"",""rbp"":""0x778899aabbccddee"",""rbx"":""0x0000000000000003"",""rcx"":""0x0000000000000003"",""rdi"":""data+4091"",""rdx"":""0x99aabbccddeeff00"",""rflags"":""0x0000000000010203"",""rip"":""code+0"",""rsi"":""source+256"",""rsp"":""stack+32768"",""trapno"":""0x000000000000000e""},""kernel_sigmask"":""0000000000000000"",""pages"":{""fill"":""11"",""page2_mapped"":true,""patches"":[],""size"":8192},""partial_write"":false,""si_code"":2,""signal"":11,""six_flags"":{""AF"":0,""CF"":1,""OF"":0,""PF"":0,""SF"":0,""ZF"":0},""trap"":14,""uc_flags"":7,""uc_link"":""0x0000000000000000"",""uc_stack"":{""flags"":0,""size"":65536,""sp"":""altstack+0""}}]","0x3c across full destination footprint after mapping/protection repair, before sigreturn","{""fill"":""11"",""page2_mapped"":true,""patches"":[[4091,""3c3c3c3c3c3c3c3c""]],""size"":8192}","{""r10"":""0x1010101010101010"",""r11"":""0x1212121212121212"",""r12"":""0x1313131313131313"",""r13"":""0x1414141414141414"",""r14"":""0x1515151515151515"",""r15"":""0x1616161616161616"",""r8"":""0x0808080808080808"",""r9"":""0x0909090909090909"",""rax"":""0x1122334455667788"",""rbp"":""0x778899aabbccddee"",""rbx"":""0x0000000000000003"",""rcx"":""0x0000000000000003"",""rdi"":""data+4091"",""rdx"":""0x99aabbccddeeff00"",""rflags"":""0x0000000000000203"",""rsi"":""source+256"",""rsp"":""stack+32768""}","{""AF"":0,""CF"":1,""OF"":0,""PF"":0,""SF"":0,""ZF"":0}",False,rmw.run1.jsonl.gz: matching form/layout/cross_offset/continuation
A,page_and_cacheline_cross,measured,True,True,bts_imm3_64_lock,64,cross_rw_ro,6,4090,f0480fba2f03,"[{""address"":""data+4096"",""error"":7,""execution_phase"":1,""fpstate_size"":2436,""gregs"":{""cr2"":""data+4096"",""csgsfs"":""0x002b000000000033"",""err"":""0x0000000000000007"",""oldmask"":""0x0000000000000000"",""r10"":""0x1010101010101010"",""r11"":""0x1212121212121212"",""r12"":""0x1313131313131313"",""r13"":""0x1414141414141414"",""r14"":""0x1515151515151515"",""r15"":""0x1616161616161616"",""r8"":""0x0808080808080808"",""r9"":""0x0909090909090909"",""rax"":""0x1122334455667788"",""rbp"":""0x778899aabbccddee"",""rbx"":""0x0000000000000003"",""rcx"":""0x0000000000000003"",""rdi"":""data+4090"",""rdx"":""0x99aabbccddeeff00"",""rflags"":""0x0000000000010203"",""rip"":""code+0"",""rsi"":""source+256"",""rsp"":""stack+32768"",""trapno"":""0x000000000000000e""},""kernel_sigmask"":""0000000000000000"",""pages"":{""fill"":""11"",""page2_mapped"":true,""patches"":[],""size"":8192},""partial_write"":false,""si_code"":2,""signal"":11,""six_flags"":{""AF"":0,""CF"":1,""OF"":0,""PF"":0,""SF"":0,""ZF"":0},""trap"":14,""uc_flags"":7,""uc_link"":""0x0000000000000000"",""uc_stack"":{""flags"":0,""size"":65536,""sp"":""altstack+0""}}]","{""fill"":""11"",""page2_mapped"":true,""patches"":[],""size"":8192}","[{""address"":""data+4096"",""error"":7,""execution_phase"":1,""fpstate_size"":2436,""gregs"":{""cr2"":""data+4096"",""csgsfs"":""0x002b000000000033"",""err"":""0x0000000000000007"",""oldmask"":""0x0000000000000000"",""r10"":""0x1010101010101010"",""r11"":""0x1212121212121212"",""r12"":""0x1313131313131313"",""r13"":""0x1414141414141414"",""r14"":""0x1515151515151515"",""r15"":""0x1616161616161616"",""r8"":""0x0808080808080808"",""r9"":""0x0909090909090909"",""rax"":""0x1122334455667788"",""rbp"":""0x778899aabbccddee"",""rbx"":""0x0000000000000003"",""rcx"":""0x0000000000000003"",""rdi"":""data+4090"",""rdx"":""0x99aabbccddeeff00"",""rflags"":""0x0000000000010203"",""rip"":""code+0"",""rsi"":""source+256"",""rsp"":""stack+32768"",""trapno"":""0x000000000000000e""},""kernel_sigmask"":""0000000000000000"",""pages"":{""fill"":""11"",""page2_mapped"":true,""patches"":[],""size"":8192},""partial_write"":false,""si_code"":2,""signal"":11,""six_flags"":{""AF"":0,""CF"":1,""OF"":0,""PF"":0,""SF"":0,""ZF"":0},""trap"":14,""uc_flags"":7,""uc_link"":""0x0000000000000000"",""uc_stack"":{""flags"":0,""size"":65536,""sp"":""altstack+0""}}]","0x3c across full destination footprint after mapping/protection repair, before sigreturn","{""fill"":""11"",""page2_mapped"":true,""patches"":[[4090,""3c3c3c3c3c3c3c3c""]],""size"":8192}","{""r10"":""0x1010101010101010"",""r11"":""0x1212121212121212"",""r12"":""0x1313131313131313"",""r13"":""0x1414141414141414"",""r14"":""0x1515151515151515"",""r15"":""0x1616161616161616"",""r8"":""0x0808080808080808"",""r9"":""0x0909090909090909"",""rax"":""0x1122334455667788"",""rbp"":""0x778899aabbccddee"",""rbx"":""0x0000000000000003"",""rcx"":""0x0000000000000003"",""rdi"":""data+4090"",""rdx"":""0x99aabbccddeeff00"",""rflags"":""0x0000000000000203"",""rsi"":""source+256"",""rsp"":""stack+32768""}","{""AF"":0,""CF"":1,""OF"":0,""PF"":0,""SF"":0,""ZF"":0}",False,rmw.run1.jsonl.gz: matching form/layout/cross_offset/continuation
A,page_and_cacheline_cross,measured,True,True,bts_imm3_64_lock,64,cross_rw_ro,7,4089,f0480fba2f03,"[{""address"":""data+4096"",""error"":7,""execution_phase"":1,""fpstate_size"":2436,""gregs"":{""cr2"":""data+4096"",""csgsfs"":""0x002b000000000033"",""err"":""0x0000000000000007"",""oldmask"":""0x0000000000000000"",""r10"":""0x1010101010101010"",""r11"":""0x1212121212121212"",""r12"":""0x1313131313131313"",""r13"":""0x1414141414141414"",""r14"":""0x1515151515151515"",""r15"":""0x1616161616161616"",""r8"":""0x0808080808080808"",""r9"":""0x0909090909090909"",""rax"":""0x1122334455667788"",""rbp"":""0x778899aabbccddee"",""rbx"":""0x0000000000000003"",""rcx"":""0x0000000000000003"",""rdi"":""data+4089"",""rdx"":""0x99aabbccddeeff00"",""rflags"":""0x0000000000010203"",""rip"":""code+0"",""rsi"":""source+256"",""rsp"":""stack+32768"",""trapno"":""0x000000000000000e""},""kernel_sigmask"":""0000000000000000"",""pages"":{""fill"":""11"",""page2_mapped"":true,""patches"":[],""size"":8192},""partial_write"":false,""si_code"":2,""signal"":11,""six_flags"":{""AF"":0,""CF"":1,""OF"":0,""PF"":0,""SF"":0,""ZF"":0},""trap"":14,""uc_flags"":7,""uc_link"":""0x0000000000000000"",""uc_stack"":{""flags"":0,""size"":65536,""sp"":""altstack+0""}}]","{""fill"":""11"",""page2_mapped"":true,""patches"":[],""size"":8192}","[{""address"":""data+4096"",""error"":7,""execution_phase"":1,""fpstate_size"":2436,""gregs"":{""cr2"":""data+4096"",""csgsfs"":""0x002b000000000033"",""err"":""0x0000000000000007"",""oldmask"":""0x0000000000000000"",""r10"":""0x1010101010101010"",""r11"":""0x1212121212121212"",""r12"":""0x1313131313131313"",""r13"":""0x1414141414141414"",""r14"":""0x1515151515151515"",""r15"":""0x1616161616161616"",""r8"":""0x0808080808080808"",""r9"":""0x0909090909090909"",""rax"":""0x1122334455667788"",""rbp"":""0x778899aabbccddee"",""rbx"":""0x0000000000000003"",""rcx"":""0x0000000000000003"",""rdi"":""data+4089"",""rdx"":""0x99aabbccddeeff00"",""rflags"":""0x0000000000010203"",""rip"":""code+0"",""rsi"":""source+256"",""rsp"":""stack+32768"",""trapno"":""0x000000000000000e""},""kernel_sigmask"":""0000000000000000"",""pages"":{""fill"":""11"",""page2_mapped"":true,""patches"":[],""size"":8192},""partial_write"":false,""si_code"":2,""signal"":11,""six_flags"":{""AF"":0,""CF"":1,""OF"":0,""PF"":0,""SF"":0,""ZF"":0},""trap"":14,""uc_flags"":7,""uc_link"":""0x0000000000000000"",""uc_stack"":{""flags"":0,""size"":65536,""sp"":""altstack+0""}}]","0x3c across full destination footprint after mapping/protection repair, before sigreturn","{""fill"":""11"",""page2_mapped"":true,""patches"":[[4089,""3c3c3c3c3c3c3c3c""]],""size"":8192}","{""r10"":""0x1010101010101010"",""r11"":""0x1212121212121212"",""r12"":""0x1313131313131313"",""r13"":""0x1414141414141414"",""r14"":""0x1515151515151515"",""r15"":""0x1616161616161616"",""r8"":""0x0808080808080808"",""r9"":""0x0909090909090909"",""rax"":""0x1122334455667788"",""rbp"":""0x778899aabbccddee"",""rbx"":""0x0000000000000003"",""rcx"":""0x0000000000000003"",""rdi"":""data+4089"",""rdx"":""0x99aabbccddeeff00"",""rflags"":""0x0000000000000203"",""rsi"":""source+256"",""rsp"":""stack+32768""}","{""AF"":0,""CF"":1,""OF"":0,""PF"":0,""SF"":0,""ZF"":0}",False,rmw.run1.jsonl.gz: matching form/layout/cross_offset/continuation
A,page_and_cacheline_cross,measured,True,True,bts_imm3_64_lock,64,cross_ro_rw,1,4095,f0480fba2f03,"[{""address"":""data+4095"",""error"":7,""execution_phase"":1,""fpstate_size"":2436,""gregs"":{""cr2"":""data+4095"",""csgsfs"":""0x002b000000000033"",""err"":""0x0000000000000007"",""oldmask"":""0x0000000000000000"",""r10"":""0x1010101010101010"",""r11"":""0x1212121212121212"",""r12"":""0x1313131313131313"",""r13"":""0x1414141414141414"",""r14"":""0x1515151515151515"",""r15"":""0x1616161616161616"",""r8"":""0x0808080808080808"",""r9"":""0x0909090909090909"",""rax"":""0x1122334455667788"",""rbp"":""0x778899aabbccddee"",""rbx"":""0x0000000000000003"",""rcx"":""0x0000000000000003"",""rdi"":""data+4095"",""rdx"":""0x99aabbccddeeff00"",""rflags"":""0x0000000000010203"",""rip"":""code+0"",""rsi"":""source+256"",""rsp"":""stack+32768"",""trapno"":""0x000000000000000e""},""kernel_sigmask"":""0000000000000000"",""pages"":{""fill"":""11"",""page2_mapped"":true,""patches"":[],""size"":8192},""partial_write"":false,""si_code"":2,""signal"":11,""six_flags"":{""AF"":0,""CF"":1,""OF"":0,""PF"":0,""SF"":0,""ZF"":0},""trap"":14,""uc_flags"":7,""uc_link"":""0x0000000000000000"",""uc_stack"":{""flags"":0,""size"":65536,""sp"":""altstack+0""}}]","{""fill"":""11"",""page2_mapped"":true,""patches"":[],""size"":8192}","[{""address"":""data+4095"",""error"":7,""execution_phase"":1,""fpstate_size"":2436,""gregs"":{""cr2"":""data+4095"",""csgsfs"":""0x002b000000000033"",""err"":""0x0000000000000007"",""oldmask"":""0x0000000000000000"",""r10"":""0x1010101010101010"",""r11"":""0x1212121212121212"",""r12"":""0x1313131313131313"",""r13"":""0x1414141414141414"",""r14"":""0x1515151515151515"",""r15"":""0x1616161616161616"",""r8"":""0x0808080808080808"",""r9"":""0x0909090909090909"",""rax"":""0x1122334455667788"",""rbp"":""0x778899aabbccddee"",""rbx"":""0x0000000000000003"",""rcx"":""0x0000000000000003"",""rdi"":""data+4095"",""rdx"":""0x99aabbccddeeff00"",""rflags"":""0x0000000000010203"",""rip"":""code+0"",""rsi"":""source+256"",""rsp"":""stack+32768"",""trapno"":""0x000000000000000e""},""kernel_sigmask"":""0000000000000000"",""pages"":{""fill"":""11"",""page2_mapped"":true,""patches"":[],""size"":8192},""partial_write"":false,""si_code"":2,""signal"":11,""six_flags"":{""AF"":0,""CF"":1,""OF"":0,""PF"":0,""SF"":0,""ZF"":0},""trap"":14,""uc_flags"":7,""uc_link"":""0x0000000000000000"",""uc_stack"":{""flags"":0,""size"":65536,""sp"":""altstack+0""}}]","0x3c across full destination footprint after mapping/protection repair, before sigreturn","{""fill"":""11"",""page2_mapped"":true,""patches"":[[4095,""3c3c3c3c3c3c3c3c""]],""size"":8192}","{""r10"":""0x1010101010101010"",""r11"":""0x1212121212121212"",""r12"":""0x1313131313131313"",""r13"":""0x1414141414141414"",""r14"":""0x1515151515151515"",""r15"":""0x1616161616161616"",""r8"":""0x0808080808080808"",""r9"":""0x0909090909090909"",""rax"":""0x1122334455667788"",""rbp"":""0x778899aabbccddee"",""rbx"":""0x0000000000000003"",""rcx"":""0x0000000000000003"",""rdi"":""data+4095"",""rdx"":""0x99aabbccddeeff00"",""rflags"":""0x0000000000000203"",""rsi"":""source+256"",""rsp"":""stack+32768""}","{""AF"":0,""CF"":1,""OF"":0,""PF"":0,""SF"":0,""ZF"":0}",False,rmw.run1.jsonl.gz: matching form/layout/cross_offset/continuation
A,page_and_cacheline_cross,measured,True,True,bts_imm3_64_lock,64,cross_ro_rw,2,4094,f0480fba2f03,"[{""address"":""data+4094"",""error"":7,""execution_phase"":1,""fpstate_size"":2436,""gregs"":{""cr2"":""data+4094"",""csgsfs"":""0x002b000000000033"",""err"":""0x0000000000000007"",""oldmask"":""0x0000000000000000"",""r10"":""0x1010101010101010"",""r11"":""0x1212121212121212"",""r12"":""0x1313131313131313"",""r13"":""0x1414141414141414"",""r14"":""0x1515151515151515"",""r15"":""0x1616161616161616"",""r8"":""0x0808080808080808"",""r9"":""0x0909090909090909"",""rax"":""0x1122334455667788"",""rbp"":""0x778899aabbccddee"",""rbx"":""0x0000000000000003"",""rcx"":""0x0000000000000003"",""rdi"":""data+4094"",""rdx"":""0x99aabbccddeeff00"",""rflags"":""0x0000000000010203"",""rip"":""code+0"",""rsi"":""source+256"",""rsp"":""stack+32768"",""trapno"":""0x000000000000000e""},""kernel_sigmask"":""0000000000000000"",""pages"":{""fill"":""11"",""page2_mapped"":true,""patches"":[],""size"":8192},""partial_write"":false,""si_code"":2,""signal"":11,""six_flags"":{""AF"":0,""CF"":1,""OF"":0,""PF"":0,""SF"":0,""ZF"":0},""trap"":14,""uc_flags"":7,""uc_link"":""0x0000000000000000"",""uc_stack"":{""flags"":0,""size"":65536,""sp"":""altstack+0""}}]","{""fill"":""11"",""page2_mapped"":true,""patches"":[],""size"":8192}","[{""address"":""data+4094"",""error"":7,""execution_phase"":1,""fpstate_size"":2436,""gregs"":{""cr2"":""data+4094"",""csgsfs"":""0x002b000000000033"",""err"":""0x0000000000000007"",""oldmask"":""0x0000000000000000"",""r10"":""0x1010101010101010"",""r11"":""0x1212121212121212"",""r12"":""0x1313131313131313"",""r13"":""0x1414141414141414"",""r14"":""0x1515151515151515"",""r15"":""0x1616161616161616"",""r8"":""0x0808080808080808"",""r9"":""0x0909090909090909"",""rax"":""0x1122334455667788"",""rbp"":""0x778899aabbccddee"",""rbx"":""0x0000000000000003"",""rcx"":""0x0000000000000003"",""rdi"":""data+4094"",""rdx"":""0x99aabbccddeeff00"",""rflags"":""0x0000000000010203"",""rip"":""code+0"",""rsi"":""source+256"",""rsp"":""stack+32768"",""trapno"":""0x000000000000000e""},""kernel_sigmask"":""0000000000000000"",""pages"":{""fill"":""11"",""page2_mapped"":true,""patches"":[],""size"":8192},""partial_write"":false,""si_code"":2,""signal"":11,""six_flags"":{""AF"":0,""CF"":1,""OF"":0,""PF"":0,""SF"":0,""ZF"":0},""trap"":14,""uc_flags"":7,""uc_link"":""0x0000000000000000"",""uc_stack"":{""flags"":0,""size"":65536,""sp"":""altstack+0""}}]","0x3c across full destination footprint after mapping/protection repair, before sigreturn","{""fill"":""11"",""page2_mapped"":true,""patches"":[[4094,""3c3c3c3c3c3c3c3c""]],""size"":8192}","{""r10"":""0x1010101010101010"",""r11"":""0x1212121212121212"",""r12"":""0x1313131313131313"",""r13"":""0x1414141414141414"",""r14"":""0x1515151515151515"",""r15"":""0x1616161616161616"",""r8"":""0x0808080808080808"",""r9"":""0x0909090909090909"",""rax"":""0x1122334455667788"",""rbp"":""0x778899aabbccddee"",""rbx"":""0x0000000000000003"",""rcx"":""0x0000000000000003"",""rdi"":""data+4094"",""rdx"":""0x99aabbccddeeff00"",""rflags"":""0x0000000000000203"",""rsi"":""source+256"",""rsp"":""stack+32768""}","{""AF"":0,""CF"":1,""OF"":0,""PF"":0,""SF"":0,""ZF"":0}",False,rmw.run1.jsonl.gz: matching form/layout/cross_offset/continuation
A,page_and_cacheline_cross,measured,True,True,bts_imm3_64_lock,64,cross_ro_rw,3,4093,f0480fba2f03,"[{""address"":""data+4093"",""error"":7,""execution_phase"":1,""fpstate_size"":2436,""gregs"":{""cr2"":""data+4093"",""csgsfs"":""0x002b000000000033"",""err"":""0x0000000000000007"",""oldmask"":""0x0000000000000000"",""r10"":""0x1010101010101010"",""r11"":""0x1212121212121212"",""r12"":""0x1313131313131313"",""r13"":""0x1414141414141414"",""r14"":""0x1515151515151515"",""r15"":""0x1616161616161616"",""r8"":""0x0808080808080808"",""r9"":""0x0909090909090909"",""rax"":""0x1122334455667788"",""rbp"":""0x778899aabbccddee"",""rbx"":""0x0000000000000003"",""rcx"":""0x0000000000000003"",""rdi"":""data+4093"",""rdx"":""0x99aabbccddeeff00"",""rflags"":""0x0000000000010203"",""rip"":""code+0"",""rsi"":""source+256"",""rsp"":""stack+32768"",""trapno"":""0x000000000000000e""},""kernel_sigmask"":""0000000000000000"",""pages"":{""fill"":""11"",""page2_mapped"":true,""patches"":[],""size"":8192},""partial_write"":false,""si_code"":2,""signal"":11,""six_flags"":{""AF"":0,""CF"":1,""OF"":0,""PF"":0,""SF"":0,""ZF"":0},""trap"":14,""uc_flags"":7,""uc_link"":""0x0000000000000000"",""uc_stack"":{""flags"":0,""size"":65536,""sp"":""altstack+0""}}]","{""fill"":""11"",""page2_mapped"":true,""patches"":[],""size"":8192}","[{""address"":""data+4093"",""error"":7,""execution_phase"":1,""fpstate_size"":2436,""gregs"":{""cr2"":""data+4093"",""csgsfs"":""0x002b000000000033"",""err"":""0x0000000000000007"",""oldmask"":""0x0000000000000000"",""r10"":""0x1010101010101010"",""r11"":""0x1212121212121212"",""r12"":""0x1313131313131313"",""r13"":""0x1414141414141414"",""r14"":""0x1515151515151515"",""r15"":""0x1616161616161616"",""r8"":""0x0808080808080808"",""r9"":""0x0909090909090909"",""rax"":""0x1122334455667788"",""rbp"":""0x778899aabbccddee"",""rbx"":""0x0000000000000003"",""rcx"":""0x0000000000000003"",""rdi"":""data+4093"",""rdx"":""0x99aabbccddeeff00"",""rflags"":""0x0000000000010203"",""rip"":""code+0"",""rsi"":""source+256"",""rsp"":""stack+32768"",""trapno"":""0x000000000000000e""},""kernel_sigmask"":""0000000000000000"",""pages"":{""fill"":""11"",""page2_mapped"":true,""patches"":[],""size"":8192},""partial_write"":false,""si_code"":2,""signal"":11,""six_flags"":{""AF"":0,""CF"":1,""OF"":0,""PF"":0,""SF"":0,""ZF"":0},""trap"":14,""uc_flags"":7,""uc_link"":""0x0000000000000000"",""uc_stack"":{""flags"":0,""size"":65536,""sp"":""altstack+0""}}]","0x3c across full destination footprint after mapping/protection repair, before sigreturn","{""fill"":""11"",""page2_mapped"":true,""patches"":[[4093,""3c3c3c3c3c3c3c3c""]],""size"":8192}","{""r10"":""0x1010101010101010"",""r11"":""0x1212121212121212"",""r12"":""0x1313131313131313"",""r13"":""0x1414141414141414"",""r14"":""0x1515151515151515"",""r15"":""0x1616161616161616"",""r8"":""0x0808080808080808"",""r9"":""0x0909090909090909"",""rax"":""0x1122334455667788"",""rbp"":""0x778899aabbccddee"",""rbx"":""0x0000000000000003"",""rcx"":""0x0000000000000003"",""rdi"":""data+4093"",""rdx"":""0x99aabbccddeeff00"",""rflags"":""0x0000000000000203"",""rsi"":""source+256"",""rsp"":""stack+32768""}","{""AF"":0,""CF"":1,""OF"":0,""PF"":0,""SF"":0,""ZF"":0}",False,rmw.run1.jsonl.gz: matching form/layout/cross_offset/continuation
A,page_and_cacheline_cross,measured,True,True,bts_imm3_64_lock,64,cross_ro_rw,4,4092,f0480fba2f03,"[{""address"":""data+4092"",""error"":7,""execution_phase"":1,""fpstate_size"":2436,""gregs"":{""cr2"":""data+4092"",""csgsfs"":""0x002b000000000033"",""err"":""0x0000000000000007"",""oldmask"":""0x0000000000000000"",""r10"":""0x1010101010101010"",""r11"":""0x1212121212121212"",""r12"":""0x1313131313131313"",""r13"":""0x1414141414141414"",""r14"":""0x1515151515151515"",""r15"":""0x1616161616161616"",""r8"":""0x0808080808080808"",""r9"":""0x0909090909090909"",""rax"":""0x1122334455667788"",""rbp"":""0x778899aabbccddee"",""rbx"":""0x0000000000000003"",""rcx"":""0x0000000000000003"",""rdi"":""data+4092"",""rdx"":""0x99aabbccddeeff00"",""rflags"":""0x0000000000010203"",""rip"":""code+0"",""rsi"":""source+256"",""rsp"":""stack+32768"",""trapno"":""0x000000000000000e""},""kernel_sigmask"":""0000000000000000"",""pages"":{""fill"":""11"",""page2_mapped"":true,""patches"":[],""size"":8192},""partial_write"":false,""si_code"":2,""signal"":11,""six_flags"":{""AF"":0,""CF"":1,""OF"":0,""PF"":0,""SF"":0,""ZF"":0},""trap"":14,""uc_flags"":7,""uc_link"":""0x0000000000000000"",""uc_stack"":{""flags"":0,""size"":65536,""sp"":""altstack+0""}}]","{""fill"":""11"",""page2_mapped"":true,""patches"":[],""size"":8192}","[{""address"":""data+4092"",""error"":7,""execution_phase"":1,""fpstate_size"":2436,""gregs"":{""cr2"":""data+4092"",""csgsfs"":""0x002b000000000033"",""err"":""0x0000000000000007"",""oldmask"":""0x0000000000000000"",""r10"":""0x1010101010101010"",""r11"":""0x1212121212121212"",""r12"":""0x1313131313131313"",""r13"":""0x1414141414141414"",""r14"":""0x1515151515151515"",""r15"":""0x1616161616161616"",""r8"":""0x0808080808080808"",""r9"":""0x0909090909090909"",""rax"":""0x1122334455667788"",""rbp"":""0x778899aabbccddee"",""rbx"":""0x0000000000000003"",""rcx"":""0x0000000000000003"",""rdi"":""data+4092"",""rdx"":""0x99aabbccddeeff00"",""rflags"":""0x0000000000010203"",""rip"":""code+0"",""rsi"":""source+256"",""rsp"":""stack+32768"",""trapno"":""0x000000000000000e""},""kernel_sigmask"":""0000000000000000"",""pages"":{""fill"":""11"",""page2_mapped"":true,""patches"":[],""size"":8192},""partial_write"":false,""si_code"":2,""signal"":11,""six_flags"":{""AF"":0,""CF"":1,""OF"":0,""PF"":0,""SF"":0,""ZF"":0},""trap"":14,""uc_flags"":7,""uc_link"":""0x0000000000000000"",""uc_stack"":{""flags"":0,""size"":65536,""sp"":""altstack+0""}}]","0x3c across full destination footprint after mapping/protection repair, before sigreturn","{""fill"":""11"",""page2_mapped"":true,""patches"":[[4092,""3c3c3c3c3c3c3c3c""]],""size"":8192}","{""r10"":""0x1010101010101010"",""r11"":""0x1212121212121212"",""r12"":""0x1313131313131313"",""r13"":""0x1414141414141414"",""r14"":""0x1515151515151515"",""r15"":""0x1616161616161616"",""r8"":""0x0808080808080808"",""r9"":""0x0909090909090909"",""rax"":""0x1122334455667788"",""rbp"":""0x778899aabbccddee"",""rbx"":""0x0000000000000003"",""rcx"":""0x0000000000000003"",""rdi"":""data+4092"",""rdx"":""0x99aabbccddeeff00"",""rflags"":""0x0000000000000203"",""rsi"":""source+256"",""rsp"":""stack+32768""}","{""AF"":0,""CF"":1,""OF"":0,""PF"":0,""SF"":0,""ZF"":0}",False,rmw.run1.jsonl.gz: matching form/layout/cross_offset/continuation
A,page_and_cacheline_cross,measured,True,True,bts_imm3_64_lock,64,cross_ro_rw,5,4091,f0480fba2f03,"[{""address"":""data+4091"",""error"":7,""execution_phase"":1,""fpstate_size"":2436,""gregs"":{""cr2"":""data+4091"",""csgsfs"":""0x002b000000000033"",""err"":""0x0000000000000007"",""oldmask"":""0x0000000000000000"",""r10"":""0x1010101010101010"",""r11"":""0x1212121212121212"",""r12"":""0x1313131313131313"",""r13"":""0x1414141414141414"",""r14"":""0x1515151515151515"",""r15"":""0x1616161616161616"",""r8"":""0x0808080808080808"",""r9"":""0x0909090909090909"",""rax"":""0x1122334455667788"",""rbp"":""0x778899aabbccddee"",""rbx"":""0x0000000000000003"",""rcx"":""0x0000000000000003"",""rdi"":""data+4091"",""rdx"":""0x99aabbccddeeff00"",""rflags"":""0x0000000000010203"",""rip"":""code+0"",""rsi"":""source+256"",""rsp"":""stack+32768"",""trapno"":""0x000000000000000e""},""kernel_sigmask"":""0000000000000000"",""pages"":{""fill"":""11"",""page2_mapped"":true,""patches"":[],""size"":8192},""partial_write"":false,""si_code"":2,""signal"":11,""six_flags"":{""AF"":0,""CF"":1,""OF"":0,""PF"":0,""SF"":0,""ZF"":0},""trap"":14,""uc_flags"":7,""uc_link"":""0x0000000000000000"",""uc_stack"":{""flags"":0,""size"":65536,""sp"":""altstack+0""}}]","{""fill"":""11"",""page2_mapped"":true,""patches"":[],""size"":8192}","[{""address"":""data+4091"",""error"":7,""execution_phase"":1,""fpstate_size"":2436,""gregs"":{""cr2"":""data+4091"",""csgsfs"":""0x002b000000000033"",""err"":""0x0000000000000007"",""oldmask"":""0x0000000000000000"",""r10"":""0x1010101010101010"",""r11"":""0x1212121212121212"",""r12"":""0x1313131313131313"",""r13"":""0x1414141414141414"",""r14"":""0x1515151515151515"",""r15"":""0x1616161616161616"",""r8"":""0x0808080808080808"",""r9"":""0x0909090909090909"",""rax"":""0x1122334455667788"",""rbp"":""0x778899aabbccddee"",""rbx"":""0x0000000000000003"",""rcx"":""0x0000000000000003"",""rdi"":""data+4091"",""rdx"":""0x99aabbccddeeff00"",""rflags"":""0x0000000000010203"",""rip"":""code+0"",""rsi"":""source+256"",""rsp"":""stack+32768"",""trapno"":""0x000000000000000e""},""kernel_sigmask"":""0000000000000000"",""pages"":{""fill"":""11"",""page2_mapped"":true,""patches"":[],""size"":8192},""partial_write"":false,""si_code"":2,""signal"":11,""six_flags"":{""AF"":0,""CF"":1,""OF"":0,""PF"":0,""SF"":0,""ZF"":0},""trap"":14,""uc_flags"":7,""uc_link"":""0x0000000000000000"",""uc_stack"":{""flags"":0,""size"":65536,""sp"":""altstack+0""}}]","0x3c across full destination footprint after mapping/protection repair, before sigreturn","{""fill"":""11"",""page2_mapped"":true,""patches"":[[4091,""3c3c3c3c3c3c3c3c""]],""size"":8192}","{""r10"":""0x1010101010101010"",""r11"":""0x1212121212121212"",""r12"":""0x1313131313131313"",""r13"":""0x1414141414141414"",""r14"":""0x1515151515151515"",""r15"":""0x1616161616161616"",""r8"":""0x0808080808080808"",""r9"":""0x0909090909090909"",""rax"":""0x1122334455667788"",""rbp"":""0x778899aabbccddee"",""rbx"":""0x0000000000000003"",""rcx"":""0x0000000000000003"",""rdi"":""data+4091"",""rdx"":""0x99aabbccddeeff00"",""rflags"":""0x0000000000000203"",""rsi"":""source+256"",""rsp"":""stack+32768""}","{""AF"":0,""CF"":1,""OF"":0,""PF"":0,""SF"":0,""ZF"":0}",False,rmw.run1.jsonl.gz: matching form/layout/cross_offset/continuation
A,page_and_cacheline_cross,measured,True,True,bts_imm3_64_lock,64,cross_ro_rw,6,4090,f0480fba2f03,"[{""address"":""data+4090"",""error"":7,""execution_phase"":1,""fpstate_size"":2436,""gregs"":{""cr2"":""data+4090"",""csgsfs"":""0x002b000000000033"",""err"":""0x0000000000000007"",""oldmask"":""0x0000000000000000"",""r10"":""0x1010101010101010"",""r11"":""0x1212121212121212"",""r12"":""0x1313131313131313"",""r13"":""0x1414141414141414"",""r14"":""0x1515151515151515"",""r15"":""0x1616161616161616"",""r8"":""0x0808080808080808"",""r9"":""0x0909090909090909"",""rax"":""0x1122334455667788"",""rbp"":""0x778899aabbccddee"",""rbx"":""0x0000000000000003"",""rcx"":""0x0000000000000003"",""rdi"":""data+4090"",""rdx"":""0x99aabbccddeeff00"",""rflags"":""0x0000000000010203"",""rip"":""code+0"",""rsi"":""source+256"",""rsp"":""stack+32768"",""trapno"":""0x000000000000000e""},""kernel_sigmask"":""0000000000000000"",""pages"":{""fill"":""11"",""page2_mapped"":true,""patches"":[],""size"":8192},""partial_write"":false,""si_code"":2,""signal"":11,""six_flags"":{""AF"":0,""CF"":1,""OF"":0,""PF"":0,""SF"":0,""ZF"":0},""trap"":14,""uc_flags"":7,""uc_link"":""0x0000000000000000"",""uc_stack"":{""flags"":0,""size"":65536,""sp"":""altstack+0""}}]","{""fill"":""11"",""page2_mapped"":true,""patches"":[],""size"":8192}","[{""address"":""data+4090"",""error"":7,""execution_phase"":1,""fpstate_size"":2436,""gregs"":{""cr2"":""data+4090"",""csgsfs"":""0x002b000000000033"",""err"":""0x0000000000000007"",""oldmask"":""0x0000000000000000"",""r10"":""0x1010101010101010"",""r11"":""0x1212121212121212"",""r12"":""0x1313131313131313"",""r13"":""0x1414141414141414"",""r14"":""0x1515151515151515"",""r15"":""0x1616161616161616"",""r8"":""0x0808080808080808"",""r9"":""0x0909090909090909"",""rax"":""0x1122334455667788"",""rbp"":""0x778899aabbccddee"",""rbx"":""0x0000000000000003"",""rcx"":""0x0000000000000003"",""rdi"":""data+4090"",""rdx"":""0x99aabbccddeeff00"",""rflags"":""0x0000000000010203"",""rip"":""code+0"",""rsi"":""source+256"",""rsp"":""stack+32768"",""trapno"":""0x000000000000000e""},""kernel_sigmask"":""0000000000000000"",""pages"":{""fill"":""11"",""page2_mapped"":true,""patches"":[],""size"":8192},""partial_write"":false,""si_code"":2,""signal"":11,""six_flags"":{""AF"":0,""CF"":1,""OF"":0,""PF"":0,""SF"":0,""ZF"":0},""trap"":14,""uc_flags"":7,""uc_link"":""0x0000000000000000"",""uc_stack"":{""flags"":0,""size"":65536,""sp"":""altstack+0""}}]","0x3c across full destination footprint after mapping/protection repair, before sigreturn","{""fill"":""11"",""page2_mapped"":true,""patches"":[[4090,""3c3c3c3c3c3c3c3c""]],""size"":8192}","{""r10"":""0x1010101010101010"",""r11"":""0x1212121212121212"",""r12"":""0x1313131313131313"",""r13"":""0x1414141414141414"",""r14"":""0x1515151515151515"",""r15"":""0x1616161616161616"",""r8"":""0x0808080808080808"",""r9"":""0x0909090909090909"",""rax"":""0x1122334455667788"",""rbp"":""0x778899aabbccddee"",""rbx"":""0x0000000000000003"",""rcx"":""0x0000000000000003"",""rdi"":""data+4090"",""rdx"":""0x99aabbccddeeff00"",""rflags"":""0x0000000000000203"",""rsi"":""source+256"",""rsp"":""stack+32768""}","{""AF"":0,""CF"":1,""OF"":0,""PF"":0,""SF"":0,""ZF"":0}",False,rmw.run1.jsonl.gz: matching form/layout/cross_offset/continuation
A,page_and_cacheline_cross,measured,True,True,bts_imm3_64_lock,64,cross_ro_rw,7,4089,f0480fba2f03,"[{""address"":""data+4089"",""error"":7,""execution_phase"":1,""fpstate_size"":2436,""gregs"":{""cr2"":""data+4089"",""csgsfs"":""0x002b000000000033"",""err"":""0x0000000000000007"",""oldmask"":""0x0000000000000000"",""r10"":""0x1010101010101010"",""r11"":""0x1212121212121212"",""r12"":""0x1313131313131313"",""r13"":""0x1414141414141414"",""r14"":""0x1515151515151515"",""r15"":""0x1616161616161616"",""r8"":""0x0808080808080808"",""r9"":""0x0909090909090909"",""rax"":""0x1122334455667788"",""rbp"":""0x778899aabbccddee"",""rbx"":""0x0000000000000003"",""rcx"":""0x0000000000000003"",""rdi"":""data+4089"",""rdx"":""0x99aabbccddeeff00"",""rflags"":""0x0000000000010203"",""rip"":""code+0"",""rsi"":""source+256"",""rsp"":""stack+32768"",""trapno"":""0x000000000000000e""},""kernel_sigmask"":""0000000000000000"",""pages"":{""fill"":""11"",""page2_mapped"":true,""patches"":[],""size"":8192},""partial_write"":false,""si_code"":2,""signal"":11,""six_flags"":{""AF"":0,""CF"":1,""OF"":0,""PF"":0,""SF"":0,""ZF"":0},""trap"":14,""uc_flags"":7,""uc_link"":""0x0000000000000000"",""uc_stack"":{""flags"":0,""size"":65536,""sp"":""altstack+0""}}]","{""fill"":""11"",""page2_mapped"":true,""patches"":[],""size"":8192}","[{""address"":""data+4089"",""error"":7,""execution_phase"":1,""fpstate_size"":2436,""gregs"":{""cr2"":""data+4089"",""csgsfs"":""0x002b000000000033"",""err"":""0x0000000000000007"",""oldmask"":""0x0000000000000000"",""r10"":""0x1010101010101010"",""r11"":""0x1212121212121212"",""r12"":""0x1313131313131313"",""r13"":""0x1414141414141414"",""r14"":""0x1515151515151515"",""r15"":""0x1616161616161616"",""r8"":""0x0808080808080808"",""r9"":""0x0909090909090909"",""rax"":""0x1122334455667788"",""rbp"":""0x778899aabbccddee"",""rbx"":""0x0000000000000003"",""rcx"":""0x0000000000000003"",""rdi"":""data+4089"",""rdx"":""0x99aabbccddeeff00"",""rflags"":""0x0000000000010203"",""rip"":""code+0"",""rsi"":""source+256"",""rsp"":""stack+32768"",""trapno"":""0x000000000000000e""},""kernel_sigmask"":""0000000000000000"",""pages"":{""fill"":""11"",""page2_mapped"":true,""patches"":[],""size"":8192},""partial_write"":false,""si_code"":2,""signal"":11,""six_flags"":{""AF"":0,""CF"":1,""OF"":0,""PF"":0,""SF"":0,""ZF"":0},""trap"":14,""uc_flags"":7,""uc_link"":""0x0000000000000000"",""uc_stack"":{""flags"":0,""size"":65536,""sp"":""altstack+0""}}]","0x3c across full destination footprint after mapping/protection repair, before sigreturn","{""fill"":""11"",""page2_mapped"":true,""patches"":[[4089,""3c3c3c3c3c3c3c3c""]],""size"":8192}","{""r10"":""0x1010101010101010"",""r11"":""0x1212121212121212"",""r12"":""0x1313131313131313"",""r13"":""0x1414141414141414"",""r14"":""0x1515151515151515"",""r15"":""0x1616161616161616"",""r8"":""0x0808080808080808"",""r9"":""0x0909090909090909"",""rax"":""0x1122334455667788"",""rbp"":""0x778899aabbccddee"",""rbx"":""0x0000000000000003"",""rcx"":""0x0000000000000003"",""rdi"":""data+4089"",""rdx"":""0x99aabbccddeeff00"",""rflags"":""0x0000000000000203"",""rsi"":""source+256"",""rsp"":""stack+32768""}","{""AF"":0,""CF"":1,""OF"":0,""PF"":0,""SF"":0,""ZF"":0}",False,rmw.run1.jsonl.gz: matching form/layout/cross_offset/continuation
A,cacheline_only_inside_one_page,N/A: one RO half and one RW half impossible with page-granular mmap/mprotect,True,,add_reg_16_lock,16,cross_rw_ro,1,575,66f0011f,,,,,,,,,
A,cacheline_only_inside_one_page,N/A: one RO half and one RW half impossible with page-granular mmap/mprotect,True,,add_reg_16_lock,16,cross_ro_rw,1,575,66f0011f,,,,,,,,,
A,cacheline_only_inside_one_page,N/A: one RO half and one RW half impossible with page-granular mmap/mprotect,False,,add_imm16_16_lock,16,cross_rw_ro,1,575,66f081075aa5,,,,,,,,,
A,cacheline_only_inside_one_page,N/A: one RO half and one RW half impossible with page-granular mmap/mprotect,False,,add_imm16_16_lock,16,cross_ro_rw,1,575,66f081075aa5,,,,,,,,,
A,cacheline_only_inside_one_page,N/A: one RO half and one RW half impossible with page-granular mmap/mprotect,False,,add_imm8sx_16_lock,16,cross_rw_ro,1,575,66f08307a5,,,,,,,,,
A,cacheline_only_inside_one_page,N/A: one RO half and one RW half impossible with page-granular mmap/mprotect,False,,add_imm8sx_16_lock,16,cross_ro_rw,1,575,66f08307a5,,,,,,,,,
A,cacheline_only_inside_one_page,N/A: one RO half and one RW half impossible with page-granular mmap/mprotect,True,,add_reg_32_lock,32,cross_rw_ro,1,575,f0011f,,,,,,,,,
A,cacheline_only_inside_one_page,N/A: one RO half and one RW half impossible with page-granular mmap/mprotect,True,,add_reg_32_lock,32,cross_rw_ro,2,574,f0011f,,,,,,,,,
A,cacheline_only_inside_one_page,N/A: one RO half and one RW half impossible with page-granular mmap/mprotect,True,,add_reg_32_lock,32,cross_rw_ro,3,573,f0011f,,,,,,,,,
A,cacheline_only_inside_one_page,N/A: one RO half and one RW half impossible with page-granular mmap/mprotect,True,,add_reg_32_lock,32,cross_ro_rw,1,575,f0011f,,,,,,,,,
A,cacheline_only_inside_one_page,N/A: one RO half and one RW half impossible with page-granular mmap/mprotect,True,,add_reg_32_lock,32,cross_ro_rw,2,574,f0011f,,,,,,,,,
A,cacheline_only_inside_one_page,N/A: one RO half and one RW half impossible with page-granular mmap/mprotect,True,,add_reg_32_lock,32,cross_ro_rw,3,573,f0011f,,,,,,,,,
A,cacheline_only_inside_one_page,N/A: one RO half and one RW half impossible with page-granular mmap/mprotect,False,,add_imm32_32_lock,32,cross_rw_ro,1,575,f08107a5315aa5,,,,,,,,,
A,cacheline_only_inside_one_page,N/A: one RO half and one RW half impossible with page-granular mmap/mprotect,False,,add_imm32_32_lock,32,cross_rw_ro,2,574,f08107a5315aa5,,,,,,,,,
A,cacheline_only_inside_one_page,N/A: one RO half and one RW half impossible with page-granular mmap/mprotect,False,,add_imm32_32_lock,32,cross_rw_ro,3,573,f08107a5315aa5,,,,,,,,,
A,cacheline_only_inside_one_page,N/A: one RO half and one RW half impossible with page-granular mmap/mprotect,False,,add_imm32_32_lock,32,cross_ro_rw,1,575,f08107a5315aa5,,,,,,,,,
A,cacheline_only_inside_one_page,N/A: one RO half and one RW half impossible with page-granular mmap/mprotect,False,,add_imm32_32_lock,32,cross_ro_rw,2,574,f08107a5315aa5,,,,,,,,,
A,cacheline_only_inside_one_page,N/A: one RO half and one RW half impossible with page-granular mmap/mprotect,False,,add_imm32_32_lock,32,cross_ro_rw,3,573,f08107a5315aa5,,,,,,,,,
A,cacheline_only_inside_one_page,N/A: one RO half and one RW half impossible with page-granular mmap/mprotect,False,,add_imm8sx_32_lock,32,cross_rw_ro,1,575,f08307a5,,,,,,,,,
A,cacheline_only_inside_one_page,N/A: one RO half and one RW half impossible with page-granular mmap/mprotect,False,,add_imm8sx_32_lock,32,cross_rw_ro,2,574,f08307a5,,,,,,,,,
A,cacheline_only_inside_one_page,N/A: one RO half and one RW half impossible with page-granular mmap/mprotect,False,,add_imm8sx_32_lock,32,cross_rw_ro,3,573,f08307a5,,,,,,,,,
A,cacheline_only_inside_one_page,N/A: one RO half and one RW half impossible with page-granular mmap/mprotect,False,,add_imm8sx_32_lock,32,cross_ro_rw,1,575,f08307a5,,,,,,,,,
A,cacheline_only_inside_one_page,N/A: one RO half and one RW half impossible with page-granular mmap/mprotect,False,,add_imm8sx_32_lock,32,cross_ro_rw,2,574,f08307a5,,,,,,,,,
A,cacheline_only_inside_one_page,N/A: one RO half and one RW half impossible with page-granular mmap/mprotect,False,,add_imm8sx_32_lock,32,cross_ro_rw,3,573,f08307a5,,,,,,,,,
A,cacheline_only_inside_one_page,N/A: one RO half and one RW half impossible with page-granular mmap/mprotect,True,,add_reg_64_lock,64,cross_rw_ro,1,575,f048011f,,,,,,,,,
A,cacheline_only_inside_one_page,N/A: one RO half and one RW half impossible with page-granular mmap/mprotect,True,,add_reg_64_lock,64,cross_rw_ro,2,574,f048011f,,,,,,,,,
A,cacheline_only_inside_one_page,N/A: one RO half and one RW half impossible with page-granular mmap/mprotect,True,,add_reg_64_lock,64,cross_rw_ro,3,573,f048011f,,,,,,,,,
A,cacheline_only_inside_one_page,N/A: one RO half and one RW half impossible with page-granular mmap/mprotect,True,,add_reg_64_lock,64,cross_rw_ro,4,572,f048011f,,,,,,,,,
A,cacheline_only_inside_one_page,N/A: one RO half and one RW half impossible with page-granular mmap/mprotect,True,,add_reg_64_lock,64,cross_rw_ro,5,571,f048011f,,,,,,,,,
A,cacheline_only_inside_one_page,N/A: one RO half and one RW half impossible with page-granular mmap/mprotect,True,,add_reg_64_lock,64,cross_rw_ro,6,570,f048011f,,,,,,,,,
A,cacheline_only_inside_one_page,N/A: one RO half and one RW half impossible with page-granular mmap/mprotect,True,,add_reg_64_lock,64,cross_rw_ro,7,569,f048011f,,,,,,,,,
A,cacheline_only_inside_one_page,N/A: one RO half and one RW half impossible with page-granular mmap/mprotect,True,,add_reg_64_lock,64,cross_ro_rw,1,575,f048011f,,,,,,,,,
A,cacheline_only_inside_one_page,N/A: one RO half and one RW half impossible with page-granular mmap/mprotect,True,,add_reg_64_lock,64,cross_ro_rw,2,574,f048011f,,,,,,,,,
A,cacheline_only_inside_one_page,N/A: one RO half and one RW half impossible with page-granular mmap/mprotect,True,,add_reg_64_lock,64,cross_ro_rw,3,573,f048011f,,,,,,,,,
A,cacheline_only_inside_one_page,N/A: one RO half and one RW half impossible with page-granular mmap/mprotect,True,,add_reg_64_lock,64,cross_ro_rw,4,572,f048011f,,,,,,,,,
A,cacheline_only_inside_one_page,N/A: one RO half and one RW half impossible with page-granular mmap/mprotect,True,,add_reg_64_lock,64,cross_ro_rw,5,571,f048011f,,,,,,,,,
A,cacheline_only_inside_one_page,N/A: one RO half and one RW half impossible with page-granular mmap/mprotect,True,,add_reg_64_lock,64,cross_ro_rw,6,570,f048011f,,,,,,,,,
A,cacheline_only_inside_one_page,N/A: one RO half and one RW half impossible with page-granular mmap/mprotect,True,,add_reg_64_lock,64,cross_ro_rw,7,569,f048011f,,,,,,,,,
A,cacheline_only_inside_one_page,N/A: one RO half and one RW half impossible with page-granular mmap/mprotect,False,,add_imm32sx_64_lock,64,cross_rw_ro,1,575,f0488107a5315aa5,,,,,,,,,
A,cacheline_only_inside_one_page,N/A: one RO half and one RW half impossible with page-granular mmap/mprotect,False,,add_imm32sx_64_lock,64,cross_rw_ro,2,574,f0488107a5315aa5,,,,,,,,,
A,cacheline_only_inside_one_page,N/A: one RO half and one RW half impossible with page-granular mmap/mprotect,False,,add_imm32sx_64_lock,64,cross_rw_ro,3,573,f0488107a5315aa5,,,,,,,,,
A,cacheline_only_inside_one_page,N/A: one RO half and one RW half impossible with page-granular mmap/mprotect,False,,add_imm32sx_64_lock,64,cross_rw_ro,4,572,f0488107a5315aa5,,,,,,,,,
A,cacheline_only_inside_one_page,N/A: one RO half and one RW half impossible with page-granular mmap/mprotect,False,,add_imm32sx_64_lock,64,cross_rw_ro,5,571,f0488107a5315aa5,,,,,,,,,
A,cacheline_only_inside_one_page,N/A: one RO half and one RW half impossible with page-granular mmap/mprotect,False,,add_imm32sx_64_lock,64,cross_rw_ro,6,570,f0488107a5315aa5,,,,,,,,,
A,cacheline_only_inside_one_page,N/A: one RO half and one RW half impossible with page-granular mmap/mprotect,False,,add_imm32sx_64_lock,64,cross_rw_ro,7,569,f0488107a5315aa5,,,,,,,,,
A,cacheline_only_inside_one_page,N/A: one RO half and one RW half impossible with page-granular mmap/mprotect,False,,add_imm32sx_64_lock,64,cross_ro_rw,1,575,f0488107a5315aa5,,,,,,,,,
A,cacheline_only_inside_one_page,N/A: one RO half and one RW half impossible with page-granular mmap/mprotect,False,,add_imm32sx_64_lock,64,cross_ro_rw,2,574,f0488107a5315aa5,,,,,,,,,
A,cacheline_only_inside_one_page,N/A: one RO half and one RW half impossible with page-granular mmap/mprotect,False,,add_imm32sx_64_lock,64,cross_ro_rw,3,573,f0488107a5315aa5,,,,,,,,,
A,cacheline_only_inside_one_page,N/A: one RO half and one RW half impossible with page-granular mmap/mprotect,False,,add_imm32sx_64_lock,64,cross_ro_rw,4,572,f0488107a5315aa5,,,,,,,,,
A,cacheline_only_inside_one_page,N/A: one RO half and one RW half impossible with page-granular mmap/mprotect,False,,add_imm32sx_64_lock,64,cross_ro_rw,5,571,f0488107a5315aa5,,,,,,,,,
A,cacheline_only_inside_one_page,N/A: one RO half and one RW half impossible with page-granular mmap/mprotect,False,,add_imm32sx_64_lock,64,cross_ro_rw,6,570,f0488107a5315aa5,,,,,,,,,
A,cacheline_only_inside_one_page,N/A: one RO half and one RW half impossible with page-granular mmap/mprotect,False,,add_imm32sx_64_lock,64,cross_ro_rw,7,569,f0488107a5315aa5,,,,,,,,,
A,cacheline_only_inside_one_page,N/A: one RO half and one RW half impossible with page-granular mmap/mprotect,False,,add_imm8sx_64_lock,64,cross_rw_ro,1,575,f0488307a5,,,,,,,,,
A,cacheline_only_inside_one_page,N/A: one RO half and one RW half impossible with page-granular mmap/mprotect,False,,add_imm8sx_64_lock,64,cross_rw_ro,2,574,f0488307a5,,,,,,,,,
A,cacheline_only_inside_one_page,N/A: one RO half and one RW half impossible with page-granular mmap/mprotect,False,,add_imm8sx_64_lock,64,cross_rw_ro,3,573,f0488307a5,,,,,,,,,
A,cacheline_only_inside_one_page,N/A: one RO half and one RW half impossible with page-granular mmap/mprotect,False,,add_imm8sx_64_lock,64,cross_rw_ro,4,572,f0488307a5,,,,,,,,,
A,cacheline_only_inside_one_page,N/A: one RO half and one RW half impossible with page-granular mmap/mprotect,False,,add_imm8sx_64_lock,64,cross_rw_ro,5,571,f0488307a5,,,,,,,,,
A,cacheline_only_inside_one_page,N/A: one RO half and one RW half impossible with page-granular mmap/mprotect,False,,add_imm8sx_64_lock,64,cross_rw_ro,6,570,f0488307a5,,,,,,,,,
A,cacheline_only_inside_one_page,N/A: one RO half and one RW half impossible with page-granular mmap/mprotect,False,,add_imm8sx_64_lock,64,cross_rw_ro,7,569,f0488307a5,,,,,,,,,
A,cacheline_only_inside_one_page,N/A: one RO half and one RW half impossible with page-granular mmap/mprotect,False,,add_imm8sx_64_lock,64,cross_ro_rw,1,575,f0488307a5,,,,,,,,,
A,cacheline_only_inside_one_page,N/A: one RO half and one RW half impossible with page-granular mmap/mprotect,False,,add_imm8sx_64_lock,64,cross_ro_rw,2,574,f0488307a5,,,,,,,,,
A,cacheline_only_inside_one_page,N/A: one RO half and one RW half impossible with page-granular mmap/mprotect,False,,add_imm8sx_64_lock,64,cross_ro_rw,3,573,f0488307a5,,,,,,,,,
A,cacheline_only_inside_one_page,N/A: one RO half and one RW half impossible with page-granular mmap/mprotect,False,,add_imm8sx_64_lock,64,cross_ro_rw,4,572,f0488307a5,,,,,,,,,
A,cacheline_only_inside_one_page,N/A: one RO half and one RW half impossible with page-granular mmap/mprotect,False,,add_imm8sx_64_lock,64,cross_ro_rw,5,571,f0488307a5,,,,,,,,,
A,cacheline_only_inside_one_page,N/A: one RO half and one RW half impossible with page-granular mmap/mprotect,False,,add_imm8sx_64_lock,64,cross_ro_rw,6,570,f0488307a5,,,,,,,,,
A,cacheline_only_inside_one_page,N/A: one RO half and one RW half impossible with page-granular mmap/mprotect,False,,add_imm8sx_64_lock,64,cross_ro_rw,7,569,f0488307a5,,,,,,,,,
A,cacheline_only_inside_one_page,N/A: one RO half and one RW half impossible with page-granular mmap/mprotect,True,,inc_16_lock,16,cross_rw_ro,1,575,66f0ff07,,,,,,,,,
A,cacheline_only_inside_one_page,N/A: one RO half and one RW half impossible with page-granular mmap/mprotect,True,,inc_16_lock,16,cross_ro_rw,1,575,66f0ff07,,,,,,,,,
A,cacheline_only_inside_one_page,N/A: one RO half and one RW half impossible with page-granular mmap/mprotect,True,,inc_32_lock,32,cross_rw_ro,1,575,f0ff07,,,,,,,,,
A,cacheline_only_inside_one_page,N/A: one RO half and one RW half impossible with page-granular mmap/mprotect,True,,inc_32_lock,32,cross_rw_ro,2,574,f0ff07,,,,,,,,,
A,cacheline_only_inside_one_page,N/A: one RO half and one RW half impossible with page-granular mmap/mprotect,True,,inc_32_lock,32,cross_rw_ro,3,573,f0ff07,,,,,,,,,
A,cacheline_only_inside_one_page,N/A: one RO half and one RW half impossible with page-granular mmap/mprotect,True,,inc_32_lock,32,cross_ro_rw,1,575,f0ff07,,,,,,,,,
A,cacheline_only_inside_one_page,N/A: one RO half and one RW half impossible with page-granular mmap/mprotect,True,,inc_32_lock,32,cross_ro_rw,2,574,f0ff07,,,,,,,,,
A,cacheline_only_inside_one_page,N/A: one RO half and one RW half impossible with page-granular mmap/mprotect,True,,inc_32_lock,32,cross_ro_rw,3,573,f0ff07,,,,,,,,,
A,cacheline_only_inside_one_page,N/A: one RO half and one RW half impossible with page-granular mmap/mprotect,True,,inc_64_lock,64,cross_rw_ro,1,575,f048ff07,,,,,,,,,
A,cacheline_only_inside_one_page,N/A: one RO half and one RW half impossible with page-granular mmap/mprotect,True,,inc_64_lock,64,cross_rw_ro,2,574,f048ff07,,,,,,,,,
A,cacheline_only_inside_one_page,N/A: one RO half and one RW half impossible with page-granular mmap/mprotect,True,,inc_64_lock,64,cross_rw_ro,3,573,f048ff07,,,,,,,,,
A,cacheline_only_inside_one_page,N/A: one RO half and one RW half impossible with page-granular mmap/mprotect,True,,inc_64_lock,64,cross_rw_ro,4,572,f048ff07,,,,,,,,,
A,cacheline_only_inside_one_page,N/A: one RO half and one RW half impossible with page-granular mmap/mprotect,True,,inc_64_lock,64,cross_rw_ro,5,571,f048ff07,,,,,,,,,
A,cacheline_only_inside_one_page,N/A: one RO half and one RW half impossible with page-granular mmap/mprotect,True,,inc_64_lock,64,cross_rw_ro,6,570,f048ff07,,,,,,,,,
A,cacheline_only_inside_one_page,N/A: one RO half and one RW half impossible with page-granular mmap/mprotect,True,,inc_64_lock,64,cross_rw_ro,7,569,f048ff07,,,,,,,,,
A,cacheline_only_inside_one_page,N/A: one RO half and one RW half impossible with page-granular mmap/mprotect,True,,inc_64_lock,64,cross_ro_rw,1,575,f048ff07,,,,,,,,,
A,cacheline_only_inside_one_page,N/A: one RO half and one RW half impossible with page-granular mmap/mprotect,True,,inc_64_lock,64,cross_ro_rw,2,574,f048ff07,,,,,,,,,
A,cacheline_only_inside_one_page,N/A: one RO half and one RW half impossible with page-granular mmap/mprotect,True,,inc_64_lock,64,cross_ro_rw,3,573,f048ff07,,,,,,,,,
A,cacheline_only_inside_one_page,N/A: one RO half and one RW half impossible with page-granular mmap/mprotect,True,,inc_64_lock,64,cross_ro_rw,4,572,f048ff07,,,,,,,,,
A,cacheline_only_inside_one_page,N/A: one RO half and one RW half impossible with page-granular mmap/mprotect,True,,inc_64_lock,64,cross_ro_rw,5,571,f048ff07,,,,,,,,,
A,cacheline_only_inside_one_page,N/A: one RO half and one RW half impossible with page-granular mmap/mprotect,True,,inc_64_lock,64,cross_ro_rw,6,570,f048ff07,,,,,,,,,
A,cacheline_only_inside_one_page,N/A: one RO half and one RW half impossible with page-granular mmap/mprotect,True,,inc_64_lock,64,cross_ro_rw,7,569,f048ff07,,,,,,,,,
A,cacheline_only_inside_one_page,N/A: one RO half and one RW half impossible with page-granular mmap/mprotect,True,,dec_16_lock,16,cross_rw_ro,1,575,66f0ff0f,,,,,,,,,
A,cacheline_only_inside_one_page,N/A: one RO half and one RW half impossible with page-granular mmap/mprotect,True,,dec_16_lock,16,cross_ro_rw,1,575,66f0ff0f,,,,,,,,,
A,cacheline_only_inside_one_page,N/A: one RO half and one RW half impossible with page-granular mmap/mprotect,True,,dec_32_lock,32,cross_rw_ro,1,575,f0ff0f,,,,,,,,,
A,cacheline_only_inside_one_page,N/A: one RO half and one RW half impossible with page-granular mmap/mprotect,True,,dec_32_lock,32,cross_rw_ro,2,574,f0ff0f,,,,,,,,,
A,cacheline_only_inside_one_page,N/A: one RO half and one RW half impossible with page-granular mmap/mprotect,True,,dec_32_lock,32,cross_rw_ro,3,573,f0ff0f,,,,,,,,,
A,cacheline_only_inside_one_page,N/A: one RO half and one RW half impossible with page-granular mmap/mprotect,True,,dec_32_lock,32,cross_ro_rw,1,575,f0ff0f,,,,,,,,,
A,cacheline_only_inside_one_page,N/A: one RO half and one RW half impossible with page-granular mmap/mprotect,True,,dec_32_lock,32,cross_ro_rw,2,574,f0ff0f,,,,,,,,,
A,cacheline_only_inside_one_page,N/A: one RO half and one RW half impossible with page-granular mmap/mprotect,True,,dec_32_lock,32,cross_ro_rw,3,573,f0ff0f,,,,,,,,,
A,cacheline_only_inside_one_page,N/A: one RO half and one RW half impossible with page-granular mmap/mprotect,True,,dec_64_lock,64,cross_rw_ro,1,575,f048ff0f,,,,,,,,,
A,cacheline_only_inside_one_page,N/A: one RO half and one RW half impossible with page-granular mmap/mprotect,True,,dec_64_lock,64,cross_rw_ro,2,574,f048ff0f,,,,,,,,,
A,cacheline_only_inside_one_page,N/A: one RO half and one RW half impossible with page-granular mmap/mprotect,True,,dec_64_lock,64,cross_rw_ro,3,573,f048ff0f,,,,,,,,,
A,cacheline_only_inside_one_page,N/A: one RO half and one RW half impossible with page-granular mmap/mprotect,True,,dec_64_lock,64,cross_rw_ro,4,572,f048ff0f,,,,,,,,,
A,cacheline_only_inside_one_page,N/A: one RO half and one RW half impossible with page-granular mmap/mprotect,True,,dec_64_lock,64,cross_rw_ro,5,571,f048ff0f,,,,,,,,,
A,cacheline_only_inside_one_page,N/A: one RO half and one RW half impossible with page-granular mmap/mprotect,True,,dec_64_lock,64,cross_rw_ro,6,570,f048ff0f,,,,,,,,,
A,cacheline_only_inside_one_page,N/A: one RO half and one RW half impossible with page-granular mmap/mprotect,True,,dec_64_lock,64,cross_rw_ro,7,569,f048ff0f,,,,,,,,,
A,cacheline_only_inside_one_page,N/A: one RO half and one RW half impossible with page-granular mmap/mprotect,True,,dec_64_lock,64,cross_ro_rw,1,575,f048ff0f,,,,,,,,,
A,cacheline_only_inside_one_page,N/A: one RO half and one RW half impossible with page-granular mmap/mprotect,True,,dec_64_lock,64,cross_ro_rw,2,574,f048ff0f,,,,,,,,,
A,cacheline_only_inside_one_page,N/A: one RO half and one RW half impossible with page-granular mmap/mprotect,True,,dec_64_lock,64,cross_ro_rw,3,573,f048ff0f,,,,,,,,,
A,cacheline_only_inside_one_page,N/A: one RO half and one RW half impossible with page-granular mmap/mprotect,True,,dec_64_lock,64,cross_ro_rw,4,572,f048ff0f,,,,,,,,,
A,cacheline_only_inside_one_page,N/A: one RO half and one RW half impossible with page-granular mmap/mprotect,True,,dec_64_lock,64,cross_ro_rw,5,571,f048ff0f,,,,,,,,,
A,cacheline_only_inside_one_page,N/A: one RO half and one RW half impossible with page-granular mmap/mprotect,True,,dec_64_lock,64,cross_ro_rw,6,570,f048ff0f,,,,,,,,,
A,cacheline_only_inside_one_page,N/A: one RO half and one RW half impossible with page-granular mmap/mprotect,True,,dec_64_lock,64,cross_ro_rw,7,569,f048ff0f,,,,,,,,,
A,cacheline_only_inside_one_page,N/A: one RO half and one RW half impossible with page-granular mmap/mprotect,True,,xchg_reg_16_nolock,16,cross_rw_ro,1,575,66871f,,,,,,,,,
A,cacheline_only_inside_one_page,N/A: one RO half and one RW half impossible with page-granular mmap/mprotect,True,,xchg_reg_16_nolock,16,cross_ro_rw,1,575,66871f,,,,,,,,,
A,cacheline_only_inside_one_page,N/A: one RO half and one RW half impossible with page-granular mmap/mprotect,False,,xchg_reg_16_lock,16,cross_rw_ro,1,575,66f0871f,,,,,,,,,
A,cacheline_only_inside_one_page,N/A: one RO half and one RW half impossible with page-granular mmap/mprotect,False,,xchg_reg_16_lock,16,cross_ro_rw,1,575,66f0871f,,,,,,,,,
A,cacheline_only_inside_one_page,N/A: one RO half and one RW half impossible with page-granular mmap/mprotect,True,,xchg_reg_32_nolock,32,cross_rw_ro,1,575,871f,,,,,,,,,
A,cacheline_only_inside_one_page,N/A: one RO half and one RW half impossible with page-granular mmap/mprotect,True,,xchg_reg_32_nolock,32,cross_rw_ro,2,574,871f,,,,,,,,,
A,cacheline_only_inside_one_page,N/A: one RO half and one RW half impossible with page-granular mmap/mprotect,True,,xchg_reg_32_nolock,32,cross_rw_ro,3,573,871f,,,,,,,,,
A,cacheline_only_inside_one_page,N/A: one RO half and one RW half impossible with page-granular mmap/mprotect,True,,xchg_reg_32_nolock,32,cross_ro_rw,1,575,871f,,,,,,,,,
A,cacheline_only_inside_one_page,N/A: one RO half and one RW half impossible with page-granular mmap/mprotect,True,,xchg_reg_32_nolock,32,cross_ro_rw,2,574,871f,,,,,,,,,
A,cacheline_only_inside_one_page,N/A: one RO half and one RW half impossible with page-granular mmap/mprotect,True,,xchg_reg_32_nolock,32,cross_ro_rw,3,573,871f,,,,,,,,,
A,cacheline_only_inside_one_page,N/A: one RO half and one RW half impossible with page-granular mmap/mprotect,False,,xchg_reg_32_lock,32,cross_rw_ro,1,575,f0871f,,,,,,,,,
A,cacheline_only_inside_one_page,N/A: one RO half and one RW half impossible with page-granular mmap/mprotect,False,,xchg_reg_32_lock,32,cross_rw_ro,2,574,f0871f,,,,,,,,,
A,cacheline_only_inside_one_page,N/A: one RO half and one RW half impossible with page-granular mmap/mprotect,False,,xchg_reg_32_lock,32,cross_rw_ro,3,573,f0871f,,,,,,,,,
A,cacheline_only_inside_one_page,N/A: one RO half and one RW half impossible with page-granular mmap/mprotect,False,,xchg_reg_32_lock,32,cross_ro_rw,1,575,f0871f,,,,,,,,,
A,cacheline_only_inside_one_page,N/A: one RO half and one RW half impossible with page-granular mmap/mprotect,False,,xchg_reg_32_lock,32,cross_ro_rw,2,574,f0871f,,,,,,,,,
A,cacheline_only_inside_one_page,N/A: one RO half and one RW half impossible with page-granular mmap/mprotect,False,,xchg_reg_32_lock,32,cross_ro_rw,3,573,f0871f,,,,,,,,,
A,cacheline_only_inside_one_page,N/A: one RO half and one RW half impossible with page-granular mmap/mprotect,True,,xchg_reg_64_nolock,64,cross_rw_ro,1,575,48871f,,,,,,,,,
A,cacheline_only_inside_one_page,N/A: one RO half and one RW half impossible with page-granular mmap/mprotect,True,,xchg_reg_64_nolock,64,cross_rw_ro,2,574,48871f,,,,,,,,,
A,cacheline_only_inside_one_page,N/A: one RO half and one RW half impossible with page-granular mmap/mprotect,True,,xchg_reg_64_nolock,64,cross_rw_ro,3,573,48871f,,,,,,,,,
A,cacheline_only_inside_one_page,N/A: one RO half and one RW half impossible with page-granular mmap/mprotect,True,,xchg_reg_64_nolock,64,cross_rw_ro,4,572,48871f,,,,,,,,,
A,cacheline_only_inside_one_page,N/A: one RO half and one RW half impossible with page-granular mmap/mprotect,True,,xchg_reg_64_nolock,64,cross_rw_ro,5,571,48871f,,,,,,,,,
A,cacheline_only_inside_one_page,N/A: one RO half and one RW half impossible with page-granular mmap/mprotect,True,,xchg_reg_64_nolock,64,cross_rw_ro,6,570,48871f,,,,,,,,,
A,cacheline_only_inside_one_page,N/A: one RO half and one RW half impossible with page-granular mmap/mprotect,True,,xchg_reg_64_nolock,64,cross_rw_ro,7,569,48871f,,,,,,,,,
A,cacheline_only_inside_one_page,N/A: one RO half and one RW half impossible with page-granular mmap/mprotect,True,,xchg_reg_64_nolock,64,cross_ro_rw,1,575,48871f,,,,,,,,,
A,cacheline_only_inside_one_page,N/A: one RO half and one RW half impossible with page-granular mmap/mprotect,True,,xchg_reg_64_nolock,64,cross_ro_rw,2,574,48871f,,,,,,,,,
A,cacheline_only_inside_one_page,N/A: one RO half and one RW half impossible with page-granular mmap/mprotect,True,,xchg_reg_64_nolock,64,cross_ro_rw,3,573,48871f,,,,,,,,,
A,cacheline_only_inside_one_page,N/A: one RO half and one RW half impossible with page-granular mmap/mprotect,True,,xchg_reg_64_nolock,64,cross_ro_rw,4,572,48871f,,,,,,,,,
A,cacheline_only_inside_one_page,N/A: one RO half and one RW half impossible with page-granular mmap/mprotect,True,,xchg_reg_64_nolock,64,cross_ro_rw,5,571,48871f,,,,,,,,,
A,cacheline_only_inside_one_page,N/A: one RO half and one RW half impossible with page-granular mmap/mprotect,True,,xchg_reg_64_nolock,64,cross_ro_rw,6,570,48871f,,,,,,,,,
A,cacheline_only_inside_one_page,N/A: one RO half and one RW half impossible with page-granular mmap/mprotect,True,,xchg_reg_64_nolock,64,cross_ro_rw,7,569,48871f,,,,,,,,,
A,cacheline_only_inside_one_page,N/A: one RO half and one RW half impossible with page-granular mmap/mprotect,False,,xchg_reg_64_lock,64,cross_rw_ro,1,575,f048871f,,,,,,,,,
A,cacheline_only_inside_one_page,N/A: one RO half and one RW half impossible with page-granular mmap/mprotect,False,,xchg_reg_64_lock,64,cross_rw_ro,2,574,f048871f,,,,,,,,,
A,cacheline_only_inside_one_page,N/A: one RO half and one RW half impossible with page-granular mmap/mprotect,False,,xchg_reg_64_lock,64,cross_rw_ro,3,573,f048871f,,,,,,,,,
A,cacheline_only_inside_one_page,N/A: one RO half and one RW half impossible with page-granular mmap/mprotect,False,,xchg_reg_64_lock,64,cross_rw_ro,4,572,f048871f,,,,,,,,,
A,cacheline_only_inside_one_page,N/A: one RO half and one RW half impossible with page-granular mmap/mprotect,False,,xchg_reg_64_lock,64,cross_rw_ro,5,571,f048871f,,,,,,,,,
A,cacheline_only_inside_one_page,N/A: one RO half and one RW half impossible with page-granular mmap/mprotect,False,,xchg_reg_64_lock,64,cross_rw_ro,6,570,f048871f,,,,,,,,,
A,cacheline_only_inside_one_page,N/A: one RO half and one RW half impossible with page-granular mmap/mprotect,False,,xchg_reg_64_lock,64,cross_rw_ro,7,569,f048871f,,,,,,,,,
A,cacheline_only_inside_one_page,N/A: one RO half and one RW half impossible with page-granular mmap/mprotect,False,,xchg_reg_64_lock,64,cross_ro_rw,1,575,f048871f,,,,,,,,,
A,cacheline_only_inside_one_page,N/A: one RO half and one RW half impossible with page-granular mmap/mprotect,False,,xchg_reg_64_lock,64,cross_ro_rw,2,574,f048871f,,,,,,,,,
A,cacheline_only_inside_one_page,N/A: one RO half and one RW half impossible with page-granular mmap/mprotect,False,,xchg_reg_64_lock,64,cross_ro_rw,3,573,f048871f,,,,,,,,,
A,cacheline_only_inside_one_page,N/A: one RO half and one RW half impossible with page-granular mmap/mprotect,False,,xchg_reg_64_lock,64,cross_ro_rw,4,572,f048871f,,,,,,,,,
A,cacheline_only_inside_one_page,N/A: one RO half and one RW half impossible with page-granular mmap/mprotect,False,,xchg_reg_64_lock,64,cross_ro_rw,5,571,f048871f,,,,,,,,,
A,cacheline_only_inside_one_page,N/A: one RO half and one RW half impossible with page-granular mmap/mprotect,False,,xchg_reg_64_lock,64,cross_ro_rw,6,570,f048871f,,,,,,,,,
A,cacheline_only_inside_one_page,N/A: one RO half and one RW half impossible with page-granular mmap/mprotect,False,,xchg_reg_64_lock,64,cross_ro_rw,7,569,f048871f,,,,,,,,,
A,cacheline_only_inside_one_page,N/A: one RO half and one RW half impossible with page-granular mmap/mprotect,True,,xadd_reg_16_lock,16,cross_rw_ro,1,575,66f00fc11f,,,,,,,,,
A,cacheline_only_inside_one_page,N/A: one RO half and one RW half impossible with page-granular mmap/mprotect,True,,xadd_reg_16_lock,16,cross_ro_rw,1,575,66f00fc11f,,,,,,,,,
A,cacheline_only_inside_one_page,N/A: one RO half and one RW half impossible with page-granular mmap/mprotect,True,,xadd_reg_32_lock,32,cross_rw_ro,1,575,f00fc11f,,,,,,,,,
A,cacheline_only_inside_one_page,N/A: one RO half and one RW half impossible with page-granular mmap/mprotect,True,,xadd_reg_32_lock,32,cross_rw_ro,2,574,f00fc11f,,,,,,,,,
A,cacheline_only_inside_one_page,N/A: one RO half and one RW half impossible with page-granular mmap/mprotect,True,,xadd_reg_32_lock,32,cross_rw_ro,3,573,f00fc11f,,,,,,,,,
A,cacheline_only_inside_one_page,N/A: one RO half and one RW half impossible with page-granular mmap/mprotect,True,,xadd_reg_32_lock,32,cross_ro_rw,1,575,f00fc11f,,,,,,,,,
A,cacheline_only_inside_one_page,N/A: one RO half and one RW half impossible with page-granular mmap/mprotect,True,,xadd_reg_32_lock,32,cross_ro_rw,2,574,f00fc11f,,,,,,,,,
A,cacheline_only_inside_one_page,N/A: one RO half and one RW half impossible with page-granular mmap/mprotect,True,,xadd_reg_32_lock,32,cross_ro_rw,3,573,f00fc11f,,,,,,,,,
A,cacheline_only_inside_one_page,N/A: one RO half and one RW half impossible with page-granular mmap/mprotect,True,,xadd_reg_64_lock,64,cross_rw_ro,1,575,f0480fc11f,,,,,,,,,
A,cacheline_only_inside_one_page,N/A: one RO half and one RW half impossible with page-granular mmap/mprotect,True,,xadd_reg_64_lock,64,cross_rw_ro,2,574,f0480fc11f,,,,,,,,,
A,cacheline_only_inside_one_page,N/A: one RO half and one RW half impossible with page-granular mmap/mprotect,True,,xadd_reg_64_lock,64,cross_rw_ro,3,573,f0480fc11f,,,,,,,,,
A,cacheline_only_inside_one_page,N/A: one RO half and one RW half impossible with page-granular mmap/mprotect,True,,xadd_reg_64_lock,64,cross_rw_ro,4,572,f0480fc11f,,,,,,,,,
A,cacheline_only_inside_one_page,N/A: one RO half and one RW half impossible with page-granular mmap/mprotect,True,,xadd_reg_64_lock,64,cross_rw_ro,5,571,f0480fc11f,,,,,,,,,
A,cacheline_only_inside_one_page,N/A: one RO half and one RW half impossible with page-granular mmap/mprotect,True,,xadd_reg_64_lock,64,cross_rw_ro,6,570,f0480fc11f,,,,,,,,,
A,cacheline_only_inside_one_page,N/A: one RO half and one RW half impossible with page-granular mmap/mprotect,True,,xadd_reg_64_lock,64,cross_rw_ro,7,569,f0480fc11f,,,,,,,,,
A,cacheline_only_inside_one_page,N/A: one RO half and one RW half impossible with page-granular mmap/mprotect,True,,xadd_reg_64_lock,64,cross_ro_rw,1,575,f0480fc11f,,,,,,,,,
A,cacheline_only_inside_one_page,N/A: one RO half and one RW half impossible with page-granular mmap/mprotect,True,,xadd_reg_64_lock,64,cross_ro_rw,2,574,f0480fc11f,,,,,,,,,
A,cacheline_only_inside_one_page,N/A: one RO half and one RW half impossible with page-granular mmap/mprotect,True,,xadd_reg_64_lock,64,cross_ro_rw,3,573,f0480fc11f,,,,,,,,,
A,cacheline_only_inside_one_page,N/A: one RO half and one RW half impossible with page-granular mmap/mprotect,True,,xadd_reg_64_lock,64,cross_ro_rw,4,572,f0480fc11f,,,,,,,,,
A,cacheline_only_inside_one_page,N/A: one RO half and one RW half impossible with page-granular mmap/mprotect,True,,xadd_reg_64_lock,64,cross_ro_rw,5,571,f0480fc11f,,,,,,,,,
A,cacheline_only_inside_one_page,N/A: one RO half and one RW half impossible with page-granular mmap/mprotect,True,,xadd_reg_64_lock,64,cross_ro_rw,6,570,f0480fc11f,,,,,,,,,
A,cacheline_only_inside_one_page,N/A: one RO half and one RW half impossible with page-granular mmap/mprotect,True,,xadd_reg_64_lock,64,cross_ro_rw,7,569,f0480fc11f,,,,,,,,,
A,cacheline_only_inside_one_page,N/A: one RO half and one RW half impossible with page-granular mmap/mprotect,True,,cmpxchg_mismatch_16_lock,16,cross_rw_ro,1,575,66f00fb11f,,,,,,,,,
A,cacheline_only_inside_one_page,N/A: one RO half and one RW half impossible with page-granular mmap/mprotect,True,,cmpxchg_mismatch_16_lock,16,cross_ro_rw,1,575,66f00fb11f,,,,,,,,,
A,cacheline_only_inside_one_page,N/A: one RO half and one RW half impossible with page-granular mmap/mprotect,True,,cmpxchg_match_16_lock,16,cross_rw_ro,1,575,66f00fb11f,,,,,,,,,
A,cacheline_only_inside_one_page,N/A: one RO half and one RW half impossible with page-granular mmap/mprotect,True,,cmpxchg_match_16_lock,16,cross_ro_rw,1,575,66f00fb11f,,,,,,,,,
A,cacheline_only_inside_one_page,N/A: one RO half and one RW half impossible with page-granular mmap/mprotect,True,,cmpxchg_mismatch_32_lock,32,cross_rw_ro,1,575,f00fb11f,,,,,,,,,
A,cacheline_only_inside_one_page,N/A: one RO half and one RW half impossible with page-granular mmap/mprotect,True,,cmpxchg_mismatch_32_lock,32,cross_rw_ro,2,574,f00fb11f,,,,,,,,,
A,cacheline_only_inside_one_page,N/A: one RO half and one RW half impossible with page-granular mmap/mprotect,True,,cmpxchg_mismatch_32_lock,32,cross_rw_ro,3,573,f00fb11f,,,,,,,,,
A,cacheline_only_inside_one_page,N/A: one RO half and one RW half impossible with page-granular mmap/mprotect,True,,cmpxchg_mismatch_32_lock,32,cross_ro_rw,1,575,f00fb11f,,,,,,,,,
A,cacheline_only_inside_one_page,N/A: one RO half and one RW half impossible with page-granular mmap/mprotect,True,,cmpxchg_mismatch_32_lock,32,cross_ro_rw,2,574,f00fb11f,,,,,,,,,
A,cacheline_only_inside_one_page,N/A: one RO half and one RW half impossible with page-granular mmap/mprotect,True,,cmpxchg_mismatch_32_lock,32,cross_ro_rw,3,573,f00fb11f,,,,,,,,,
A,cacheline_only_inside_one_page,N/A: one RO half and one RW half impossible with page-granular mmap/mprotect,True,,cmpxchg_match_32_lock,32,cross_rw_ro,1,575,f00fb11f,,,,,,,,,
A,cacheline_only_inside_one_page,N/A: one RO half and one RW half impossible with page-granular mmap/mprotect,True,,cmpxchg_match_32_lock,32,cross_rw_ro,2,574,f00fb11f,,,,,,,,,
A,cacheline_only_inside_one_page,N/A: one RO half and one RW half impossible with page-granular mmap/mprotect,True,,cmpxchg_match_32_lock,32,cross_rw_ro,3,573,f00fb11f,,,,,,,,,
A,cacheline_only_inside_one_page,N/A: one RO half and one RW half impossible with page-granular mmap/mprotect,True,,cmpxchg_match_32_lock,32,cross_ro_rw,1,575,f00fb11f,,,,,,,,,
A,cacheline_only_inside_one_page,N/A: one RO half and one RW half impossible with page-granular mmap/mprotect,True,,cmpxchg_match_32_lock,32,cross_ro_rw,2,574,f00fb11f,,,,,,,,,
A,cacheline_only_inside_one_page,N/A: one RO half and one RW half impossible with page-granular mmap/mprotect,True,,cmpxchg_match_32_lock,32,cross_ro_rw,3,573,f00fb11f,,,,,,,,,
A,cacheline_only_inside_one_page,N/A: one RO half and one RW half impossible with page-granular mmap/mprotect,True,,cmpxchg_mismatch_64_lock,64,cross_rw_ro,1,575,f0480fb11f,,,,,,,,,
A,cacheline_only_inside_one_page,N/A: one RO half and one RW half impossible with page-granular mmap/mprotect,True,,cmpxchg_mismatch_64_lock,64,cross_rw_ro,2,574,f0480fb11f,,,,,,,,,
A,cacheline_only_inside_one_page,N/A: one RO half and one RW half impossible with page-granular mmap/mprotect,True,,cmpxchg_mismatch_64_lock,64,cross_rw_ro,3,573,f0480fb11f,,,,,,,,,
A,cacheline_only_inside_one_page,N/A: one RO half and one RW half impossible with page-granular mmap/mprotect,True,,cmpxchg_mismatch_64_lock,64,cross_rw_ro,4,572,f0480fb11f,,,,,,,,,
A,cacheline_only_inside_one_page,N/A: one RO half and one RW half impossible with page-granular mmap/mprotect,True,,cmpxchg_mismatch_64_lock,64,cross_rw_ro,5,571,f0480fb11f,,,,,,,,,
A,cacheline_only_inside_one_page,N/A: one RO half and one RW half impossible with page-granular mmap/mprotect,True,,cmpxchg_mismatch_64_lock,64,cross_rw_ro,6,570,f0480fb11f,,,,,,,,,
A,cacheline_only_inside_one_page,N/A: one RO half and one RW half impossible with page-granular mmap/mprotect,True,,cmpxchg_mismatch_64_lock,64,cross_rw_ro,7,569,f0480fb11f,,,,,,,,,
A,cacheline_only_inside_one_page,N/A: one RO half and one RW half impossible with page-granular mmap/mprotect,True,,cmpxchg_mismatch_64_lock,64,cross_ro_rw,1,575,f0480fb11f,,,,,,,,,
A,cacheline_only_inside_one_page,N/A: one RO half and one RW half impossible with page-granular mmap/mprotect,True,,cmpxchg_mismatch_64_lock,64,cross_ro_rw,2,574,f0480fb11f,,,,,,,,,
A,cacheline_only_inside_one_page,N/A: one RO half and one RW half impossible with page-granular mmap/mprotect,True,,cmpxchg_mismatch_64_lock,64,cross_ro_rw,3,573,f0480fb11f,,,,,,,,,
A,cacheline_only_inside_one_page,N/A: one RO half and one RW half impossible with page-granular mmap/mprotect,True,,cmpxchg_mismatch_64_lock,64,cross_ro_rw,4,572,f0480fb11f,,,,,,,,,
A,cacheline_only_inside_one_page,N/A: one RO half and one RW half impossible with page-granular mmap/mprotect,True,,cmpxchg_mismatch_64_lock,64,cross_ro_rw,5,571,f0480fb11f,,,,,,,,,
A,cacheline_only_inside_one_page,N/A: one RO half and one RW half impossible with page-granular mmap/mprotect,True,,cmpxchg_mismatch_64_lock,64,cross_ro_rw,6,570,f0480fb11f,,,,,,,,,
A,cacheline_only_inside_one_page,N/A: one RO half and one RW half impossible with page-granular mmap/mprotect,True,,cmpxchg_mismatch_64_lock,64,cross_ro_rw,7,569,f0480fb11f,,,,,,,,,
A,cacheline_only_inside_one_page,N/A: one RO half and one RW half impossible with page-granular mmap/mprotect,True,,cmpxchg_match_64_lock,64,cross_rw_ro,1,575,f0480fb11f,,,,,,,,,
A,cacheline_only_inside_one_page,N/A: one RO half and one RW half impossible with page-granular mmap/mprotect,True,,cmpxchg_match_64_lock,64,cross_rw_ro,2,574,f0480fb11f,,,,,,,,,
A,cacheline_only_inside_one_page,N/A: one RO half and one RW half impossible with page-granular mmap/mprotect,True,,cmpxchg_match_64_lock,64,cross_rw_ro,3,573,f0480fb11f,,,,,,,,,
A,cacheline_only_inside_one_page,N/A: one RO half and one RW half impossible with page-granular mmap/mprotect,True,,cmpxchg_match_64_lock,64,cross_rw_ro,4,572,f0480fb11f,,,,,,,,,
A,cacheline_only_inside_one_page,N/A: one RO half and one RW half impossible with page-granular mmap/mprotect,True,,cmpxchg_match_64_lock,64,cross_rw_ro,5,571,f0480fb11f,,,,,,,,,
A,cacheline_only_inside_one_page,N/A: one RO half and one RW half impossible with page-granular mmap/mprotect,True,,cmpxchg_match_64_lock,64,cross_rw_ro,6,570,f0480fb11f,,,,,,,,,
A,cacheline_only_inside_one_page,N/A: one RO half and one RW half impossible with page-granular mmap/mprotect,True,,cmpxchg_match_64_lock,64,cross_rw_ro,7,569,f0480fb11f,,,,,,,,,
A,cacheline_only_inside_one_page,N/A: one RO half and one RW half impossible with page-granular mmap/mprotect,True,,cmpxchg_match_64_lock,64,cross_ro_rw,1,575,f0480fb11f,,,,,,,,,
A,cacheline_only_inside_one_page,N/A: one RO half and one RW half impossible with page-granular mmap/mprotect,True,,cmpxchg_match_64_lock,64,cross_ro_rw,2,574,f0480fb11f,,,,,,,,,
A,cacheline_only_inside_one_page,N/A: one RO half and one RW half impossible with page-granular mmap/mprotect,True,,cmpxchg_match_64_lock,64,cross_ro_rw,3,573,f0480fb11f,,,,,,,,,
A,cacheline_only_inside_one_page,N/A: one RO half and one RW half impossible with page-granular mmap/mprotect,True,,cmpxchg_match_64_lock,64,cross_ro_rw,4,572,f0480fb11f,,,,,,,,,
A,cacheline_only_inside_one_page,N/A: one RO half and one RW half impossible with page-granular mmap/mprotect,True,,cmpxchg_match_64_lock,64,cross_ro_rw,5,571,f0480fb11f,,,,,,,,,
A,cacheline_only_inside_one_page,N/A: one RO half and one RW half impossible with page-granular mmap/mprotect,True,,cmpxchg_match_64_lock,64,cross_ro_rw,6,570,f0480fb11f,,,,,,,,,
A,cacheline_only_inside_one_page,N/A: one RO half and one RW half impossible with page-granular mmap/mprotect,True,,cmpxchg_match_64_lock,64,cross_ro_rw,7,569,f0480fb11f,,,,,,,,,
A,cacheline_only_inside_one_page,N/A: one RO half and one RW half impossible with page-granular mmap/mprotect,False,,bts_reg3_16_lock,16,cross_rw_ro,1,575,66f00fab1f,,,,,,,,,
A,cacheline_only_inside_one_page,N/A: one RO half and one RW half impossible with page-granular mmap/mprotect,False,,bts_reg3_16_lock,16,cross_ro_rw,1,575,66f00fab1f,,,,,,,,,
A,cacheline_only_inside_one_page,N/A: one RO half and one RW half impossible with page-granular mmap/mprotect,True,,bts_imm3_16_lock,16,cross_rw_ro,1,575,66f00fba2f03,,,,,,,,,
A,cacheline_only_inside_one_page,N/A: one RO half and one RW half impossible with page-granular mmap/mprotect,True,,bts_imm3_16_lock,16,cross_ro_rw,1,575,66f00fba2f03,,,,,,,,,
A,cacheline_only_inside_one_page,N/A: one RO half and one RW half impossible with page-granular mmap/mprotect,False,,bts_reg3_32_lock,32,cross_rw_ro,1,575,f00fab1f,,,,,,,,,
A,cacheline_only_inside_one_page,N/A: one RO half and one RW half impossible with page-granular mmap/mprotect,False,,bts_reg3_32_lock,32,cross_rw_ro,2,574,f00fab1f,,,,,,,,,
A,cacheline_only_inside_one_page,N/A: one RO half and one RW half impossible with page-granular mmap/mprotect,False,,bts_reg3_32_lock,32,cross_rw_ro,3,573,f00fab1f,,,,,,,,,
A,cacheline_only_inside_one_page,N/A: one RO half and one RW half impossible with page-granular mmap/mprotect,False,,bts_reg3_32_lock,32,cross_ro_rw,1,575,f00fab1f,,,,,,,,,
A,cacheline_only_inside_one_page,N/A: one RO half and one RW half impossible with page-granular mmap/mprotect,False,,bts_reg3_32_lock,32,cross_ro_rw,2,574,f00fab1f,,,,,,,,,
A,cacheline_only_inside_one_page,N/A: one RO half and one RW half impossible with page-granular mmap/mprotect,False,,bts_reg3_32_lock,32,cross_ro_rw,3,573,f00fab1f,,,,,,,,,
A,cacheline_only_inside_one_page,N/A: one RO half and one RW half impossible with page-granular mmap/mprotect,True,,bts_imm3_32_lock,32,cross_rw_ro,1,575,f00fba2f03,,,,,,,,,
A,cacheline_only_inside_one_page,N/A: one RO half and one RW half impossible with page-granular mmap/mprotect,True,,bts_imm3_32_lock,32,cross_rw_ro,2,574,f00fba2f03,,,,,,,,,
A,cacheline_only_inside_one_page,N/A: one RO half and one RW half impossible with page-granular mmap/mprotect,True,,bts_imm3_32_lock,32,cross_rw_ro,3,573,f00fba2f03,,,,,,,,,
A,cacheline_only_inside_one_page,N/A: one RO half and one RW half impossible with page-granular mmap/mprotect,True,,bts_imm3_32_lock,32,cross_ro_rw,1,575,f00fba2f03,,,,,,,,,
A,cacheline_only_inside_one_page,N/A: one RO half and one RW half impossible with page-granular mmap/mprotect,True,,bts_imm3_32_lock,32,cross_ro_rw,2,574,f00fba2f03,,,,,,,,,
A,cacheline_only_inside_one_page,N/A: one RO half and one RW half impossible with page-granular mmap/mprotect,True,,bts_imm3_32_lock,32,cross_ro_rw,3,573,f00fba2f03,,,,,,,,,
A,cacheline_only_inside_one_page,N/A: one RO half and one RW half impossible with page-granular mmap/mprotect,False,,bts_reg3_64_lock,64,cross_rw_ro,1,575,f0480fab1f,,,,,,,,,
A,cacheline_only_inside_one_page,N/A: one RO half and one RW half impossible with page-granular mmap/mprotect,False,,bts_reg3_64_lock,64,cross_rw_ro,2,574,f0480fab1f,,,,,,,,,
A,cacheline_only_inside_one_page,N/A: one RO half and one RW half impossible with page-granular mmap/mprotect,False,,bts_reg3_64_lock,64,cross_rw_ro,3,573,f0480fab1f,,,,,,,,,
A,cacheline_only_inside_one_page,N/A: one RO half and one RW half impossible with page-granular mmap/mprotect,False,,bts_reg3_64_lock,64,cross_rw_ro,4,572,f0480fab1f,,,,,,,,,
A,cacheline_only_inside_one_page,N/A: one RO half and one RW half impossible with page-granular mmap/mprotect,False,,bts_reg3_64_lock,64,cross_rw_ro,5,571,f0480fab1f,,,,,,,,,
A,cacheline_only_inside_one_page,N/A: one RO half and one RW half impossible with page-granular mmap/mprotect,False,,bts_reg3_64_lock,64,cross_rw_ro,6,570,f0480fab1f,,,,,,,,,
A,cacheline_only_inside_one_page,N/A: one RO half and one RW half impossible with page-granular mmap/mprotect,False,,bts_reg3_64_lock,64,cross_rw_ro,7,569,f0480fab1f,,,,,,,,,
A,cacheline_only_inside_one_page,N/A: one RO half and one RW half impossible with page-granular mmap/mprotect,False,,bts_reg3_64_lock,64,cross_ro_rw,1,575,f0480fab1f,,,,,,,,,
A,cacheline_only_inside_one_page,N/A: one RO half and one RW half impossible with page-granular mmap/mprotect,False,,bts_reg3_64_lock,64,cross_ro_rw,2,574,f0480fab1f,,,,,,,,,
A,cacheline_only_inside_one_page,N/A: one RO half and one RW half impossible with page-granular mmap/mprotect,False,,bts_reg3_64_lock,64,cross_ro_rw,3,573,f0480fab1f,,,,,,,,,
A,cacheline_only_inside_one_page,N/A: one RO half and one RW half impossible with page-granular mmap/mprotect,False,,bts_reg3_64_lock,64,cross_ro_rw,4,572,f0480fab1f,,,,,,,,,
A,cacheline_only_inside_one_page,N/A: one RO half and one RW half impossible with page-granular mmap/mprotect,False,,bts_reg3_64_lock,64,cross_ro_rw,5,571,f0480fab1f,,,,,,,,,
A,cacheline_only_inside_one_page,N/A: one RO half and one RW half impossible with page-granular mmap/mprotect,False,,bts_reg3_64_lock,64,cross_ro_rw,6,570,f0480fab1f,,,,,,,,,
A,cacheline_only_inside_one_page,N/A: one RO half and one RW half impossible with page-granular mmap/mprotect,False,,bts_reg3_64_lock,64,cross_ro_rw,7,569,f0480fab1f,,,,,,,,,
A,cacheline_only_inside_one_page,N/A: one RO half and one RW half impossible with page-granular mmap/mprotect,True,,bts_imm3_64_lock,64,cross_rw_ro,1,575,f0480fba2f03,,,,,,,,,
A,cacheline_only_inside_one_page,N/A: one RO half and one RW half impossible with page-granular mmap/mprotect,True,,bts_imm3_64_lock,64,cross_rw_ro,2,574,f0480fba2f03,,,,,,,,,
A,cacheline_only_inside_one_page,N/A: one RO half and one RW half impossible with page-granular mmap/mprotect,True,,bts_imm3_64_lock,64,cross_rw_ro,3,573,f0480fba2f03,,,,,,,,,
A,cacheline_only_inside_one_page,N/A: one RO half and one RW half impossible with page-granular mmap/mprotect,True,,bts_imm3_64_lock,64,cross_rw_ro,4,572,f0480fba2f03,,,,,,,,,
A,cacheline_only_inside_one_page,N/A: one RO half and one RW half impossible with page-granular mmap/mprotect,True,,bts_imm3_64_lock,64,cross_rw_ro,5,571,f0480fba2f03,,,,,,,,,
A,cacheline_only_inside_one_page,N/A: one RO half and one RW half impossible with page-granular mmap/mprotect,True,,bts_imm3_64_lock,64,cross_rw_ro,6,570,f0480fba2f03,,,,,,,,,
A,cacheline_only_inside_one_page,N/A: one RO half and one RW half impossible with page-granular mmap/mprotect,True,,bts_imm3_64_lock,64,cross_rw_ro,7,569,f0480fba2f03,,,,,,,,,
A,cacheline_only_inside_one_page,N/A: one RO half and one RW half impossible with page-granular mmap/mprotect,True,,bts_imm3_64_lock,64,cross_ro_rw,1,575,f0480fba2f03,,,,,,,,,
A,cacheline_only_inside_one_page,N/A: one RO half and one RW half impossible with page-granular mmap/mprotect,True,,bts_imm3_64_lock,64,cross_ro_rw,2,574,f0480fba2f03,,,,,,,,,
A,cacheline_only_inside_one_page,N/A: one RO half and one RW half impossible with page-granular mmap/mprotect,True,,bts_imm3_64_lock,64,cross_ro_rw,3,573,f0480fba2f03,,,,,,,,,
A,cacheline_only_inside_one_page,N/A: one RO half and one RW half impossible with page-granular mmap/mprotect,True,,bts_imm3_64_lock,64,cross_ro_rw,4,572,f0480fba2f03,,,,,,,,,
A,cacheline_only_inside_one_page,N/A: one RO half and one RW half impossible with page-granular mmap/mprotect,True,,bts_imm3_64_lock,64,cross_ro_rw,5,571,f0480fba2f03,,,,,,,,,
A,cacheline_only_inside_one_page,N/A: one RO half and one RW half impossible with page-granular mmap/mprotect,True,,bts_imm3_64_lock,64,cross_ro_rw,6,570,f0480fba2f03,,,,,,,,,
A,cacheline_only_inside_one_page,N/A: one RO half and one RW half impossible with page-granular mmap/mprotect,True,,bts_imm3_64_lock,64,cross_ro_rw,7,569,f0480fba2f03,,,,,,,,,
