symbol	name	encoding	width	element_bytes	aux	memory	immediate	alignment	instruction
movement_0	movd.gpr_to_xmm	SSE	128	4	0	0	-1	1	movd xmm0, eax
movement_1	movd.xmm_to_gpr	SSE	128	4	0	0	-1	1	movd eax, xmm1
movement_2	movd.load	SSE	128	4	0	1	-1	1	movd xmm0, [rsi]
movement_3	movd.store	SSE	128	4	0	2	-1	1	movd [rsi], xmm1
movement_4	movq.gpr_to_xmm	SSE	128	8	0	0	-1	1	movq xmm0, rax
movement_5	movq.xmm_to_gpr	SSE	128	8	0	0	-1	1	movq rax, xmm1
movement_6	movq.load	SSE	128	8	0	1	-1	1	movq xmm0, [rsi]
movement_7	movq.store	SSE	128	8	0	2	-1	1	movq [rsi], xmm1
movement_8	movq.reg	SSE	128	8	0	0	-1	1	movq xmm0, xmm1
movement_9	movq.store_opcode_reg	SSE	128	8	0	0	-1	1	.byte 0x66,0x0f,0xd6,0xc8
movement_10	movdqa.reg	SSE	128	1	0	0	-1	1	movdqa xmm0, xmm1
movement_11	movdqa.load	SSE	128	1	0	1	-1	16	movdqa xmm0, [rsi]
movement_12	movdqa.store	SSE	128	1	0	2	-1	16	movdqa [rsi], xmm1
movement_13	movdqu.reg	SSE	128	1	0	0	-1	1	movdqu xmm0, xmm1
movement_14	movdqu.load	SSE	128	1	0	1	-1	1	movdqu xmm0, [rsi]
movement_15	movdqu.store	SSE	128	1	0	2	-1	1	movdqu [rsi], xmm1
movement_16	movaps.reg	SSE	128	1	0	0	-1	1	movaps xmm0, xmm1
movement_17	movaps.load	SSE	128	1	0	1	-1	16	movaps xmm0, [rsi]
movement_18	movaps.store	SSE	128	1	0	2	-1	16	movaps [rsi], xmm1
movement_19	movups.reg	SSE	128	1	0	0	-1	1	movups xmm0, xmm1
movement_20	movups.load	SSE	128	1	0	1	-1	1	movups xmm0, [rsi]
movement_21	movups.store	SSE	128	1	0	2	-1	1	movups [rsi], xmm1
movement_22	movapd.reg	SSE	128	1	0	0	-1	1	movapd xmm0, xmm1
movement_23	movapd.load	SSE	128	1	0	1	-1	16	movapd xmm0, [rsi]
movement_24	movapd.store	SSE	128	1	0	2	-1	16	movapd [rsi], xmm1
movement_25	movupd.reg	SSE	128	1	0	0	-1	1	movupd xmm0, xmm1
movement_26	movupd.load	SSE	128	1	0	1	-1	1	movupd xmm0, [rsi]
movement_27	movupd.store	SSE	128	1	0	2	-1	1	movupd [rsi], xmm1
movement_28	movss.reg	SSE	128	4	0	0	-1	1	movss xmm0, xmm1
movement_29	movss.store_opcode_reg	SSE	128	4	0	0	-1	1	.byte 0xf3,0x0f,0x11,0xc8
movement_30	movss.load	SSE	128	4	0	1	-1	1	movss xmm0, [rsi]
movement_31	movss.store	SSE	128	4	0	2	-1	1	movss [rsi], xmm1
movement_32	movsd.reg	SSE	128	8	0	0	-1	1	movsd xmm0, xmm1
movement_33	movsd.store_opcode_reg	SSE	128	8	0	0	-1	1	.byte 0xf2,0x0f,0x11,0xc8
movement_34	movsd.load	SSE	128	8	0	1	-1	1	movsd xmm0, [rsi]
movement_35	movsd.store	SSE	128	8	0	2	-1	1	movsd [rsi], xmm1
movement_36	movlps.load	SSE	128	8	0	1	-1	1	movlps xmm0, [rsi]
movement_37	movlps.store	SSE	128	8	0	2	-1	1	movlps [rsi], xmm1
movement_38	movhps.load	SSE	128	8	1	1	-1	1	movhps xmm0, [rsi]
movement_39	movhps.store	SSE	128	8	1	2	-1	1	movhps [rsi], xmm1
movement_40	movlpd.load	SSE	128	8	0	1	-1	1	movlpd xmm0, [rsi]
movement_41	movlpd.store	SSE	128	8	0	2	-1	1	movlpd [rsi], xmm1
movement_42	movhpd.load	SSE	128	8	1	1	-1	1	movhpd xmm0, [rsi]
movement_43	movhpd.store	SSE	128	8	1	2	-1	1	movhpd [rsi], xmm1
movement_44	movlhps	SSE	128	8	0	0	-1	1	movlhps xmm0, xmm1
movement_45	movhlps	SSE	128	8	1	0	-1	1	movhlps xmm0, xmm1
movement_46	movddup.reg	SSE	128	8	0	0	-1	1	movddup xmm0, xmm1
movement_47	movddup.load	SSE	128	8	0	1	-1	1	movddup xmm0, [rsi]
movement_48	movsldup.reg	SSE	128	4	0	0	-1	1	movsldup xmm0, xmm1
movement_49	movsldup.load	SSE	128	4	0	1	-1	16	movsldup xmm0, [rsi]
movement_50	movshdup.reg	SSE	128	4	1	0	-1	1	movshdup xmm0, xmm1
movement_51	movshdup.load	SSE	128	4	1	1	-1	16	movshdup xmm0, [rsi]
movement_52	pmovzxbw.reg	SSE	128	1	2	0	-1	1	pmovzxbw xmm0, xmm1
movement_53	pmovzxbw.load	SSE	128	1	2	1	-1	1	pmovzxbw xmm0, [rsi]
movement_54	pmovzxbd.reg	SSE	128	1	4	0	-1	1	pmovzxbd xmm0, xmm1
movement_55	pmovzxbd.load	SSE	128	1	4	1	-1	1	pmovzxbd xmm0, [rsi]
movement_56	pmovzxbq.reg	SSE	128	1	8	0	-1	1	pmovzxbq xmm0, xmm1
movement_57	pmovzxbq.load	SSE	128	1	8	1	-1	1	pmovzxbq xmm0, [rsi]
movement_58	pmovzxwd.reg	SSE	128	2	4	0	-1	1	pmovzxwd xmm0, xmm1
movement_59	pmovzxwd.load	SSE	128	2	4	1	-1	1	pmovzxwd xmm0, [rsi]
movement_60	pmovzxwq.reg	SSE	128	2	8	0	-1	1	pmovzxwq xmm0, xmm1
movement_61	pmovzxwq.load	SSE	128	2	8	1	-1	1	pmovzxwq xmm0, [rsi]
movement_62	pmovzxdq.reg	SSE	128	4	8	0	-1	1	pmovzxdq xmm0, xmm1
movement_63	pmovzxdq.load	SSE	128	4	8	1	-1	1	pmovzxdq xmm0, [rsi]
movement_64	pmovsxbw.reg	SSE	128	1	258	0	-1	1	pmovsxbw xmm0, xmm1
movement_65	pmovsxbw.load	SSE	128	1	258	1	-1	1	pmovsxbw xmm0, [rsi]
movement_66	pmovsxbd.reg	SSE	128	1	260	0	-1	1	pmovsxbd xmm0, xmm1
movement_67	pmovsxbd.load	SSE	128	1	260	1	-1	1	pmovsxbd xmm0, [rsi]
movement_68	pmovsxbq.reg	SSE	128	1	264	0	-1	1	pmovsxbq xmm0, xmm1
movement_69	pmovsxbq.load	SSE	128	1	264	1	-1	1	pmovsxbq xmm0, [rsi]
movement_70	pmovsxwd.reg	SSE	128	2	260	0	-1	1	pmovsxwd xmm0, xmm1
movement_71	pmovsxwd.load	SSE	128	2	260	1	-1	1	pmovsxwd xmm0, [rsi]
movement_72	pmovsxwq.reg	SSE	128	2	264	0	-1	1	pmovsxwq xmm0, xmm1
movement_73	pmovsxwq.load	SSE	128	2	264	1	-1	1	pmovsxwq xmm0, [rsi]
movement_74	pmovsxdq.reg	SSE	128	4	264	0	-1	1	pmovsxdq xmm0, xmm1
movement_75	pmovsxdq.load	SSE	128	4	264	1	-1	1	pmovsxdq xmm0, [rsi]
movement_76	movmskps	SSE	128	4	0	0	-1	1	movmskps eax, xmm1
movement_77	movmskpd	SSE	128	8	0	0	-1	1	movmskpd eax, xmm1
movement_78	pmovmskb	SSE	128	1	0	0	-1	1	pmovmskb eax, xmm1
movement_79	maskmovdqu	SSE	128	1	0	2	-1	1	maskmovdqu xmm1, xmm2
movement_80	pextrb.gpr	SSE	128	1	0	0	0	1	pextrb eax, xmm1, 0
movement_81	pextrb.gpr	SSE	128	1	0	0	1	1	pextrb eax, xmm1, 1
movement_82	pextrb.gpr	SSE	128	1	0	0	2	1	pextrb eax, xmm1, 2
movement_83	pextrb.gpr	SSE	128	1	0	0	3	1	pextrb eax, xmm1, 3
movement_84	pextrb.gpr	SSE	128	1	0	0	4	1	pextrb eax, xmm1, 4
movement_85	pextrb.gpr	SSE	128	1	0	0	5	1	pextrb eax, xmm1, 5
movement_86	pextrb.gpr	SSE	128	1	0	0	6	1	pextrb eax, xmm1, 6
movement_87	pextrb.gpr	SSE	128	1	0	0	7	1	pextrb eax, xmm1, 7
movement_88	pextrb.gpr	SSE	128	1	0	0	8	1	pextrb eax, xmm1, 8
movement_89	pextrb.gpr	SSE	128	1	0	0	9	1	pextrb eax, xmm1, 9
movement_90	pextrb.gpr	SSE	128	1	0	0	10	1	pextrb eax, xmm1, 10
movement_91	pextrb.gpr	SSE	128	1	0	0	11	1	pextrb eax, xmm1, 11
movement_92	pextrb.gpr	SSE	128	1	0	0	12	1	pextrb eax, xmm1, 12
movement_93	pextrb.gpr	SSE	128	1	0	0	13	1	pextrb eax, xmm1, 13
movement_94	pextrb.gpr	SSE	128	1	0	0	14	1	pextrb eax, xmm1, 14
movement_95	pextrb.gpr	SSE	128	1	0	0	15	1	pextrb eax, xmm1, 15
movement_96	pextrb.gpr	SSE	128	1	0	0	16	1	pextrb eax, xmm1, 16
movement_97	pextrb.gpr	SSE	128	1	0	0	17	1	pextrb eax, xmm1, 17
movement_98	pextrb.gpr	SSE	128	1	0	0	18	1	pextrb eax, xmm1, 18
movement_99	pextrb.gpr	SSE	128	1	0	0	19	1	pextrb eax, xmm1, 19
movement_100	pextrb.gpr	SSE	128	1	0	0	20	1	pextrb eax, xmm1, 20
movement_101	pextrb.gpr	SSE	128	1	0	0	21	1	pextrb eax, xmm1, 21
movement_102	pextrb.gpr	SSE	128	1	0	0	22	1	pextrb eax, xmm1, 22
movement_103	pextrb.gpr	SSE	128	1	0	0	23	1	pextrb eax, xmm1, 23
movement_104	pextrb.gpr	SSE	128	1	0	0	24	1	pextrb eax, xmm1, 24
movement_105	pextrb.gpr	SSE	128	1	0	0	25	1	pextrb eax, xmm1, 25
movement_106	pextrb.gpr	SSE	128	1	0	0	26	1	pextrb eax, xmm1, 26
movement_107	pextrb.gpr	SSE	128	1	0	0	27	1	pextrb eax, xmm1, 27
movement_108	pextrb.gpr	SSE	128	1	0	0	28	1	pextrb eax, xmm1, 28
movement_109	pextrb.gpr	SSE	128	1	0	0	29	1	pextrb eax, xmm1, 29
movement_110	pextrb.gpr	SSE	128	1	0	0	30	1	pextrb eax, xmm1, 30
movement_111	pextrb.gpr	SSE	128	1	0	0	31	1	pextrb eax, xmm1, 31
movement_112	pextrb.gpr	SSE	128	1	0	0	32	1	pextrb eax, xmm1, 32
movement_113	pextrb.gpr	SSE	128	1	0	0	33	1	pextrb eax, xmm1, 33
movement_114	pextrb.gpr	SSE	128	1	0	0	34	1	pextrb eax, xmm1, 34
movement_115	pextrb.gpr	SSE	128	1	0	0	35	1	pextrb eax, xmm1, 35
movement_116	pextrb.gpr	SSE	128	1	0	0	36	1	pextrb eax, xmm1, 36
movement_117	pextrb.gpr	SSE	128	1	0	0	37	1	pextrb eax, xmm1, 37
movement_118	pextrb.gpr	SSE	128	1	0	0	38	1	pextrb eax, xmm1, 38
movement_119	pextrb.gpr	SSE	128	1	0	0	39	1	pextrb eax, xmm1, 39
movement_120	pextrb.gpr	SSE	128	1	0	0	40	1	pextrb eax, xmm1, 40
movement_121	pextrb.gpr	SSE	128	1	0	0	41	1	pextrb eax, xmm1, 41
movement_122	pextrb.gpr	SSE	128	1	0	0	42	1	pextrb eax, xmm1, 42
movement_123	pextrb.gpr	SSE	128	1	0	0	43	1	pextrb eax, xmm1, 43
movement_124	pextrb.gpr	SSE	128	1	0	0	44	1	pextrb eax, xmm1, 44
movement_125	pextrb.gpr	SSE	128	1	0	0	45	1	pextrb eax, xmm1, 45
movement_126	pextrb.gpr	SSE	128	1	0	0	46	1	pextrb eax, xmm1, 46
movement_127	pextrb.gpr	SSE	128	1	0	0	47	1	pextrb eax, xmm1, 47
movement_128	pextrb.gpr	SSE	128	1	0	0	48	1	pextrb eax, xmm1, 48
movement_129	pextrb.gpr	SSE	128	1	0	0	49	1	pextrb eax, xmm1, 49
movement_130	pextrb.gpr	SSE	128	1	0	0	50	1	pextrb eax, xmm1, 50
movement_131	pextrb.gpr	SSE	128	1	0	0	51	1	pextrb eax, xmm1, 51
movement_132	pextrb.gpr	SSE	128	1	0	0	52	1	pextrb eax, xmm1, 52
movement_133	pextrb.gpr	SSE	128	1	0	0	53	1	pextrb eax, xmm1, 53
movement_134	pextrb.gpr	SSE	128	1	0	0	54	1	pextrb eax, xmm1, 54
movement_135	pextrb.gpr	SSE	128	1	0	0	55	1	pextrb eax, xmm1, 55
movement_136	pextrb.gpr	SSE	128	1	0	0	56	1	pextrb eax, xmm1, 56
movement_137	pextrb.gpr	SSE	128	1	0	0	57	1	pextrb eax, xmm1, 57
movement_138	pextrb.gpr	SSE	128	1	0	0	58	1	pextrb eax, xmm1, 58
movement_139	pextrb.gpr	SSE	128	1	0	0	59	1	pextrb eax, xmm1, 59
movement_140	pextrb.gpr	SSE	128	1	0	0	60	1	pextrb eax, xmm1, 60
movement_141	pextrb.gpr	SSE	128	1	0	0	61	1	pextrb eax, xmm1, 61
movement_142	pextrb.gpr	SSE	128	1	0	0	62	1	pextrb eax, xmm1, 62
movement_143	pextrb.gpr	SSE	128	1	0	0	63	1	pextrb eax, xmm1, 63
movement_144	pextrb.gpr	SSE	128	1	0	0	64	1	pextrb eax, xmm1, 64
movement_145	pextrb.gpr	SSE	128	1	0	0	65	1	pextrb eax, xmm1, 65
movement_146	pextrb.gpr	SSE	128	1	0	0	66	1	pextrb eax, xmm1, 66
movement_147	pextrb.gpr	SSE	128	1	0	0	67	1	pextrb eax, xmm1, 67
movement_148	pextrb.gpr	SSE	128	1	0	0	68	1	pextrb eax, xmm1, 68
movement_149	pextrb.gpr	SSE	128	1	0	0	69	1	pextrb eax, xmm1, 69
movement_150	pextrb.gpr	SSE	128	1	0	0	70	1	pextrb eax, xmm1, 70
movement_151	pextrb.gpr	SSE	128	1	0	0	71	1	pextrb eax, xmm1, 71
movement_152	pextrb.gpr	SSE	128	1	0	0	72	1	pextrb eax, xmm1, 72
movement_153	pextrb.gpr	SSE	128	1	0	0	73	1	pextrb eax, xmm1, 73
movement_154	pextrb.gpr	SSE	128	1	0	0	74	1	pextrb eax, xmm1, 74
movement_155	pextrb.gpr	SSE	128	1	0	0	75	1	pextrb eax, xmm1, 75
movement_156	pextrb.gpr	SSE	128	1	0	0	76	1	pextrb eax, xmm1, 76
movement_157	pextrb.gpr	SSE	128	1	0	0	77	1	pextrb eax, xmm1, 77
movement_158	pextrb.gpr	SSE	128	1	0	0	78	1	pextrb eax, xmm1, 78
movement_159	pextrb.gpr	SSE	128	1	0	0	79	1	pextrb eax, xmm1, 79
movement_160	pextrb.gpr	SSE	128	1	0	0	80	1	pextrb eax, xmm1, 80
movement_161	pextrb.gpr	SSE	128	1	0	0	81	1	pextrb eax, xmm1, 81
movement_162	pextrb.gpr	SSE	128	1	0	0	82	1	pextrb eax, xmm1, 82
movement_163	pextrb.gpr	SSE	128	1	0	0	83	1	pextrb eax, xmm1, 83
movement_164	pextrb.gpr	SSE	128	1	0	0	84	1	pextrb eax, xmm1, 84
movement_165	pextrb.gpr	SSE	128	1	0	0	85	1	pextrb eax, xmm1, 85
movement_166	pextrb.gpr	SSE	128	1	0	0	86	1	pextrb eax, xmm1, 86
movement_167	pextrb.gpr	SSE	128	1	0	0	87	1	pextrb eax, xmm1, 87
movement_168	pextrb.gpr	SSE	128	1	0	0	88	1	pextrb eax, xmm1, 88
movement_169	pextrb.gpr	SSE	128	1	0	0	89	1	pextrb eax, xmm1, 89
movement_170	pextrb.gpr	SSE	128	1	0	0	90	1	pextrb eax, xmm1, 90
movement_171	pextrb.gpr	SSE	128	1	0	0	91	1	pextrb eax, xmm1, 91
movement_172	pextrb.gpr	SSE	128	1	0	0	92	1	pextrb eax, xmm1, 92
movement_173	pextrb.gpr	SSE	128	1	0	0	93	1	pextrb eax, xmm1, 93
movement_174	pextrb.gpr	SSE	128	1	0	0	94	1	pextrb eax, xmm1, 94
movement_175	pextrb.gpr	SSE	128	1	0	0	95	1	pextrb eax, xmm1, 95
movement_176	pextrb.gpr	SSE	128	1	0	0	96	1	pextrb eax, xmm1, 96
movement_177	pextrb.gpr	SSE	128	1	0	0	97	1	pextrb eax, xmm1, 97
movement_178	pextrb.gpr	SSE	128	1	0	0	98	1	pextrb eax, xmm1, 98
movement_179	pextrb.gpr	SSE	128	1	0	0	99	1	pextrb eax, xmm1, 99
movement_180	pextrb.gpr	SSE	128	1	0	0	100	1	pextrb eax, xmm1, 100
movement_181	pextrb.gpr	SSE	128	1	0	0	101	1	pextrb eax, xmm1, 101
movement_182	pextrb.gpr	SSE	128	1	0	0	102	1	pextrb eax, xmm1, 102
movement_183	pextrb.gpr	SSE	128	1	0	0	103	1	pextrb eax, xmm1, 103
movement_184	pextrb.gpr	SSE	128	1	0	0	104	1	pextrb eax, xmm1, 104
movement_185	pextrb.gpr	SSE	128	1	0	0	105	1	pextrb eax, xmm1, 105
movement_186	pextrb.gpr	SSE	128	1	0	0	106	1	pextrb eax, xmm1, 106
movement_187	pextrb.gpr	SSE	128	1	0	0	107	1	pextrb eax, xmm1, 107
movement_188	pextrb.gpr	SSE	128	1	0	0	108	1	pextrb eax, xmm1, 108
movement_189	pextrb.gpr	SSE	128	1	0	0	109	1	pextrb eax, xmm1, 109
movement_190	pextrb.gpr	SSE	128	1	0	0	110	1	pextrb eax, xmm1, 110
movement_191	pextrb.gpr	SSE	128	1	0	0	111	1	pextrb eax, xmm1, 111
movement_192	pextrb.gpr	SSE	128	1	0	0	112	1	pextrb eax, xmm1, 112
movement_193	pextrb.gpr	SSE	128	1	0	0	113	1	pextrb eax, xmm1, 113
movement_194	pextrb.gpr	SSE	128	1	0	0	114	1	pextrb eax, xmm1, 114
movement_195	pextrb.gpr	SSE	128	1	0	0	115	1	pextrb eax, xmm1, 115
movement_196	pextrb.gpr	SSE	128	1	0	0	116	1	pextrb eax, xmm1, 116
movement_197	pextrb.gpr	SSE	128	1	0	0	117	1	pextrb eax, xmm1, 117
movement_198	pextrb.gpr	SSE	128	1	0	0	118	1	pextrb eax, xmm1, 118
movement_199	pextrb.gpr	SSE	128	1	0	0	119	1	pextrb eax, xmm1, 119
movement_200	pextrb.gpr	SSE	128	1	0	0	120	1	pextrb eax, xmm1, 120
movement_201	pextrb.gpr	SSE	128	1	0	0	121	1	pextrb eax, xmm1, 121
movement_202	pextrb.gpr	SSE	128	1	0	0	122	1	pextrb eax, xmm1, 122
movement_203	pextrb.gpr	SSE	128	1	0	0	123	1	pextrb eax, xmm1, 123
movement_204	pextrb.gpr	SSE	128	1	0	0	124	1	pextrb eax, xmm1, 124
movement_205	pextrb.gpr	SSE	128	1	0	0	125	1	pextrb eax, xmm1, 125
movement_206	pextrb.gpr	SSE	128	1	0	0	126	1	pextrb eax, xmm1, 126
movement_207	pextrb.gpr	SSE	128	1	0	0	127	1	pextrb eax, xmm1, 127
movement_208	pextrb.gpr	SSE	128	1	0	0	128	1	pextrb eax, xmm1, 128
movement_209	pextrb.gpr	SSE	128	1	0	0	129	1	pextrb eax, xmm1, 129
movement_210	pextrb.gpr	SSE	128	1	0	0	130	1	pextrb eax, xmm1, 130
movement_211	pextrb.gpr	SSE	128	1	0	0	131	1	pextrb eax, xmm1, 131
movement_212	pextrb.gpr	SSE	128	1	0	0	132	1	pextrb eax, xmm1, 132
movement_213	pextrb.gpr	SSE	128	1	0	0	133	1	pextrb eax, xmm1, 133
movement_214	pextrb.gpr	SSE	128	1	0	0	134	1	pextrb eax, xmm1, 134
movement_215	pextrb.gpr	SSE	128	1	0	0	135	1	pextrb eax, xmm1, 135
movement_216	pextrb.gpr	SSE	128	1	0	0	136	1	pextrb eax, xmm1, 136
movement_217	pextrb.gpr	SSE	128	1	0	0	137	1	pextrb eax, xmm1, 137
movement_218	pextrb.gpr	SSE	128	1	0	0	138	1	pextrb eax, xmm1, 138
movement_219	pextrb.gpr	SSE	128	1	0	0	139	1	pextrb eax, xmm1, 139
movement_220	pextrb.gpr	SSE	128	1	0	0	140	1	pextrb eax, xmm1, 140
movement_221	pextrb.gpr	SSE	128	1	0	0	141	1	pextrb eax, xmm1, 141
movement_222	pextrb.gpr	SSE	128	1	0	0	142	1	pextrb eax, xmm1, 142
movement_223	pextrb.gpr	SSE	128	1	0	0	143	1	pextrb eax, xmm1, 143
movement_224	pextrb.gpr	SSE	128	1	0	0	144	1	pextrb eax, xmm1, 144
movement_225	pextrb.gpr	SSE	128	1	0	0	145	1	pextrb eax, xmm1, 145
movement_226	pextrb.gpr	SSE	128	1	0	0	146	1	pextrb eax, xmm1, 146
movement_227	pextrb.gpr	SSE	128	1	0	0	147	1	pextrb eax, xmm1, 147
movement_228	pextrb.gpr	SSE	128	1	0	0	148	1	pextrb eax, xmm1, 148
movement_229	pextrb.gpr	SSE	128	1	0	0	149	1	pextrb eax, xmm1, 149
movement_230	pextrb.gpr	SSE	128	1	0	0	150	1	pextrb eax, xmm1, 150
movement_231	pextrb.gpr	SSE	128	1	0	0	151	1	pextrb eax, xmm1, 151
movement_232	pextrb.gpr	SSE	128	1	0	0	152	1	pextrb eax, xmm1, 152
movement_233	pextrb.gpr	SSE	128	1	0	0	153	1	pextrb eax, xmm1, 153
movement_234	pextrb.gpr	SSE	128	1	0	0	154	1	pextrb eax, xmm1, 154
movement_235	pextrb.gpr	SSE	128	1	0	0	155	1	pextrb eax, xmm1, 155
movement_236	pextrb.gpr	SSE	128	1	0	0	156	1	pextrb eax, xmm1, 156
movement_237	pextrb.gpr	SSE	128	1	0	0	157	1	pextrb eax, xmm1, 157
movement_238	pextrb.gpr	SSE	128	1	0	0	158	1	pextrb eax, xmm1, 158
movement_239	pextrb.gpr	SSE	128	1	0	0	159	1	pextrb eax, xmm1, 159
movement_240	pextrb.gpr	SSE	128	1	0	0	160	1	pextrb eax, xmm1, 160
movement_241	pextrb.gpr	SSE	128	1	0	0	161	1	pextrb eax, xmm1, 161
movement_242	pextrb.gpr	SSE	128	1	0	0	162	1	pextrb eax, xmm1, 162
movement_243	pextrb.gpr	SSE	128	1	0	0	163	1	pextrb eax, xmm1, 163
movement_244	pextrb.gpr	SSE	128	1	0	0	164	1	pextrb eax, xmm1, 164
movement_245	pextrb.gpr	SSE	128	1	0	0	165	1	pextrb eax, xmm1, 165
movement_246	pextrb.gpr	SSE	128	1	0	0	166	1	pextrb eax, xmm1, 166
movement_247	pextrb.gpr	SSE	128	1	0	0	167	1	pextrb eax, xmm1, 167
movement_248	pextrb.gpr	SSE	128	1	0	0	168	1	pextrb eax, xmm1, 168
movement_249	pextrb.gpr	SSE	128	1	0	0	169	1	pextrb eax, xmm1, 169
movement_250	pextrb.gpr	SSE	128	1	0	0	170	1	pextrb eax, xmm1, 170
movement_251	pextrb.gpr	SSE	128	1	0	0	171	1	pextrb eax, xmm1, 171
movement_252	pextrb.gpr	SSE	128	1	0	0	172	1	pextrb eax, xmm1, 172
movement_253	pextrb.gpr	SSE	128	1	0	0	173	1	pextrb eax, xmm1, 173
movement_254	pextrb.gpr	SSE	128	1	0	0	174	1	pextrb eax, xmm1, 174
movement_255	pextrb.gpr	SSE	128	1	0	0	175	1	pextrb eax, xmm1, 175
movement_256	pextrb.gpr	SSE	128	1	0	0	176	1	pextrb eax, xmm1, 176
movement_257	pextrb.gpr	SSE	128	1	0	0	177	1	pextrb eax, xmm1, 177
movement_258	pextrb.gpr	SSE	128	1	0	0	178	1	pextrb eax, xmm1, 178
movement_259	pextrb.gpr	SSE	128	1	0	0	179	1	pextrb eax, xmm1, 179
movement_260	pextrb.gpr	SSE	128	1	0	0	180	1	pextrb eax, xmm1, 180
movement_261	pextrb.gpr	SSE	128	1	0	0	181	1	pextrb eax, xmm1, 181
movement_262	pextrb.gpr	SSE	128	1	0	0	182	1	pextrb eax, xmm1, 182
movement_263	pextrb.gpr	SSE	128	1	0	0	183	1	pextrb eax, xmm1, 183
movement_264	pextrb.gpr	SSE	128	1	0	0	184	1	pextrb eax, xmm1, 184
movement_265	pextrb.gpr	SSE	128	1	0	0	185	1	pextrb eax, xmm1, 185
movement_266	pextrb.gpr	SSE	128	1	0	0	186	1	pextrb eax, xmm1, 186
movement_267	pextrb.gpr	SSE	128	1	0	0	187	1	pextrb eax, xmm1, 187
movement_268	pextrb.gpr	SSE	128	1	0	0	188	1	pextrb eax, xmm1, 188
movement_269	pextrb.gpr	SSE	128	1	0	0	189	1	pextrb eax, xmm1, 189
movement_270	pextrb.gpr	SSE	128	1	0	0	190	1	pextrb eax, xmm1, 190
movement_271	pextrb.gpr	SSE	128	1	0	0	191	1	pextrb eax, xmm1, 191
movement_272	pextrb.gpr	SSE	128	1	0	0	192	1	pextrb eax, xmm1, 192
movement_273	pextrb.gpr	SSE	128	1	0	0	193	1	pextrb eax, xmm1, 193
movement_274	pextrb.gpr	SSE	128	1	0	0	194	1	pextrb eax, xmm1, 194
movement_275	pextrb.gpr	SSE	128	1	0	0	195	1	pextrb eax, xmm1, 195
movement_276	pextrb.gpr	SSE	128	1	0	0	196	1	pextrb eax, xmm1, 196
movement_277	pextrb.gpr	SSE	128	1	0	0	197	1	pextrb eax, xmm1, 197
movement_278	pextrb.gpr	SSE	128	1	0	0	198	1	pextrb eax, xmm1, 198
movement_279	pextrb.gpr	SSE	128	1	0	0	199	1	pextrb eax, xmm1, 199
movement_280	pextrb.gpr	SSE	128	1	0	0	200	1	pextrb eax, xmm1, 200
movement_281	pextrb.gpr	SSE	128	1	0	0	201	1	pextrb eax, xmm1, 201
movement_282	pextrb.gpr	SSE	128	1	0	0	202	1	pextrb eax, xmm1, 202
movement_283	pextrb.gpr	SSE	128	1	0	0	203	1	pextrb eax, xmm1, 203
movement_284	pextrb.gpr	SSE	128	1	0	0	204	1	pextrb eax, xmm1, 204
movement_285	pextrb.gpr	SSE	128	1	0	0	205	1	pextrb eax, xmm1, 205
movement_286	pextrb.gpr	SSE	128	1	0	0	206	1	pextrb eax, xmm1, 206
movement_287	pextrb.gpr	SSE	128	1	0	0	207	1	pextrb eax, xmm1, 207
movement_288	pextrb.gpr	SSE	128	1	0	0	208	1	pextrb eax, xmm1, 208
movement_289	pextrb.gpr	SSE	128	1	0	0	209	1	pextrb eax, xmm1, 209
movement_290	pextrb.gpr	SSE	128	1	0	0	210	1	pextrb eax, xmm1, 210
movement_291	pextrb.gpr	SSE	128	1	0	0	211	1	pextrb eax, xmm1, 211
movement_292	pextrb.gpr	SSE	128	1	0	0	212	1	pextrb eax, xmm1, 212
movement_293	pextrb.gpr	SSE	128	1	0	0	213	1	pextrb eax, xmm1, 213
movement_294	pextrb.gpr	SSE	128	1	0	0	214	1	pextrb eax, xmm1, 214
movement_295	pextrb.gpr	SSE	128	1	0	0	215	1	pextrb eax, xmm1, 215
movement_296	pextrb.gpr	SSE	128	1	0	0	216	1	pextrb eax, xmm1, 216
movement_297	pextrb.gpr	SSE	128	1	0	0	217	1	pextrb eax, xmm1, 217
movement_298	pextrb.gpr	SSE	128	1	0	0	218	1	pextrb eax, xmm1, 218
movement_299	pextrb.gpr	SSE	128	1	0	0	219	1	pextrb eax, xmm1, 219
movement_300	pextrb.gpr	SSE	128	1	0	0	220	1	pextrb eax, xmm1, 220
movement_301	pextrb.gpr	SSE	128	1	0	0	221	1	pextrb eax, xmm1, 221
movement_302	pextrb.gpr	SSE	128	1	0	0	222	1	pextrb eax, xmm1, 222
movement_303	pextrb.gpr	SSE	128	1	0	0	223	1	pextrb eax, xmm1, 223
movement_304	pextrb.gpr	SSE	128	1	0	0	224	1	pextrb eax, xmm1, 224
movement_305	pextrb.gpr	SSE	128	1	0	0	225	1	pextrb eax, xmm1, 225
movement_306	pextrb.gpr	SSE	128	1	0	0	226	1	pextrb eax, xmm1, 226
movement_307	pextrb.gpr	SSE	128	1	0	0	227	1	pextrb eax, xmm1, 227
movement_308	pextrb.gpr	SSE	128	1	0	0	228	1	pextrb eax, xmm1, 228
movement_309	pextrb.gpr	SSE	128	1	0	0	229	1	pextrb eax, xmm1, 229
movement_310	pextrb.gpr	SSE	128	1	0	0	230	1	pextrb eax, xmm1, 230
movement_311	pextrb.gpr	SSE	128	1	0	0	231	1	pextrb eax, xmm1, 231
movement_312	pextrb.gpr	SSE	128	1	0	0	232	1	pextrb eax, xmm1, 232
movement_313	pextrb.gpr	SSE	128	1	0	0	233	1	pextrb eax, xmm1, 233
movement_314	pextrb.gpr	SSE	128	1	0	0	234	1	pextrb eax, xmm1, 234
movement_315	pextrb.gpr	SSE	128	1	0	0	235	1	pextrb eax, xmm1, 235
movement_316	pextrb.gpr	SSE	128	1	0	0	236	1	pextrb eax, xmm1, 236
movement_317	pextrb.gpr	SSE	128	1	0	0	237	1	pextrb eax, xmm1, 237
movement_318	pextrb.gpr	SSE	128	1	0	0	238	1	pextrb eax, xmm1, 238
movement_319	pextrb.gpr	SSE	128	1	0	0	239	1	pextrb eax, xmm1, 239
movement_320	pextrb.gpr	SSE	128	1	0	0	240	1	pextrb eax, xmm1, 240
movement_321	pextrb.gpr	SSE	128	1	0	0	241	1	pextrb eax, xmm1, 241
movement_322	pextrb.gpr	SSE	128	1	0	0	242	1	pextrb eax, xmm1, 242
movement_323	pextrb.gpr	SSE	128	1	0	0	243	1	pextrb eax, xmm1, 243
movement_324	pextrb.gpr	SSE	128	1	0	0	244	1	pextrb eax, xmm1, 244
movement_325	pextrb.gpr	SSE	128	1	0	0	245	1	pextrb eax, xmm1, 245
movement_326	pextrb.gpr	SSE	128	1	0	0	246	1	pextrb eax, xmm1, 246
movement_327	pextrb.gpr	SSE	128	1	0	0	247	1	pextrb eax, xmm1, 247
movement_328	pextrb.gpr	SSE	128	1	0	0	248	1	pextrb eax, xmm1, 248
movement_329	pextrb.gpr	SSE	128	1	0	0	249	1	pextrb eax, xmm1, 249
movement_330	pextrb.gpr	SSE	128	1	0	0	250	1	pextrb eax, xmm1, 250
movement_331	pextrb.gpr	SSE	128	1	0	0	251	1	pextrb eax, xmm1, 251
movement_332	pextrb.gpr	SSE	128	1	0	0	252	1	pextrb eax, xmm1, 252
movement_333	pextrb.gpr	SSE	128	1	0	0	253	1	pextrb eax, xmm1, 253
movement_334	pextrb.gpr	SSE	128	1	0	0	254	1	pextrb eax, xmm1, 254
movement_335	pextrb.gpr	SSE	128	1	0	0	255	1	pextrb eax, xmm1, 255
movement_336	pextrb.mem	SSE	128	1	0	2	0	1	pextrb [rsi], xmm1, 0
movement_337	pextrb.mem	SSE	128	1	0	2	1	1	pextrb [rsi], xmm1, 1
movement_338	pextrb.mem	SSE	128	1	0	2	2	1	pextrb [rsi], xmm1, 2
movement_339	pextrb.mem	SSE	128	1	0	2	3	1	pextrb [rsi], xmm1, 3
movement_340	pextrb.mem	SSE	128	1	0	2	4	1	pextrb [rsi], xmm1, 4
movement_341	pextrb.mem	SSE	128	1	0	2	5	1	pextrb [rsi], xmm1, 5
movement_342	pextrb.mem	SSE	128	1	0	2	6	1	pextrb [rsi], xmm1, 6
movement_343	pextrb.mem	SSE	128	1	0	2	7	1	pextrb [rsi], xmm1, 7
movement_344	pextrb.mem	SSE	128	1	0	2	8	1	pextrb [rsi], xmm1, 8
movement_345	pextrb.mem	SSE	128	1	0	2	9	1	pextrb [rsi], xmm1, 9
movement_346	pextrb.mem	SSE	128	1	0	2	10	1	pextrb [rsi], xmm1, 10
movement_347	pextrb.mem	SSE	128	1	0	2	11	1	pextrb [rsi], xmm1, 11
movement_348	pextrb.mem	SSE	128	1	0	2	12	1	pextrb [rsi], xmm1, 12
movement_349	pextrb.mem	SSE	128	1	0	2	13	1	pextrb [rsi], xmm1, 13
movement_350	pextrb.mem	SSE	128	1	0	2	14	1	pextrb [rsi], xmm1, 14
movement_351	pextrb.mem	SSE	128	1	0	2	15	1	pextrb [rsi], xmm1, 15
movement_352	pextrb.mem	SSE	128	1	0	2	16	1	pextrb [rsi], xmm1, 16
movement_353	pextrb.mem	SSE	128	1	0	2	17	1	pextrb [rsi], xmm1, 17
movement_354	pextrb.mem	SSE	128	1	0	2	18	1	pextrb [rsi], xmm1, 18
movement_355	pextrb.mem	SSE	128	1	0	2	19	1	pextrb [rsi], xmm1, 19
movement_356	pextrb.mem	SSE	128	1	0	2	20	1	pextrb [rsi], xmm1, 20
movement_357	pextrb.mem	SSE	128	1	0	2	21	1	pextrb [rsi], xmm1, 21
movement_358	pextrb.mem	SSE	128	1	0	2	22	1	pextrb [rsi], xmm1, 22
movement_359	pextrb.mem	SSE	128	1	0	2	23	1	pextrb [rsi], xmm1, 23
movement_360	pextrb.mem	SSE	128	1	0	2	24	1	pextrb [rsi], xmm1, 24
movement_361	pextrb.mem	SSE	128	1	0	2	25	1	pextrb [rsi], xmm1, 25
movement_362	pextrb.mem	SSE	128	1	0	2	26	1	pextrb [rsi], xmm1, 26
movement_363	pextrb.mem	SSE	128	1	0	2	27	1	pextrb [rsi], xmm1, 27
movement_364	pextrb.mem	SSE	128	1	0	2	28	1	pextrb [rsi], xmm1, 28
movement_365	pextrb.mem	SSE	128	1	0	2	29	1	pextrb [rsi], xmm1, 29
movement_366	pextrb.mem	SSE	128	1	0	2	30	1	pextrb [rsi], xmm1, 30
movement_367	pextrb.mem	SSE	128	1	0	2	31	1	pextrb [rsi], xmm1, 31
movement_368	pextrb.mem	SSE	128	1	0	2	32	1	pextrb [rsi], xmm1, 32
movement_369	pextrb.mem	SSE	128	1	0	2	33	1	pextrb [rsi], xmm1, 33
movement_370	pextrb.mem	SSE	128	1	0	2	34	1	pextrb [rsi], xmm1, 34
movement_371	pextrb.mem	SSE	128	1	0	2	35	1	pextrb [rsi], xmm1, 35
movement_372	pextrb.mem	SSE	128	1	0	2	36	1	pextrb [rsi], xmm1, 36
movement_373	pextrb.mem	SSE	128	1	0	2	37	1	pextrb [rsi], xmm1, 37
movement_374	pextrb.mem	SSE	128	1	0	2	38	1	pextrb [rsi], xmm1, 38
movement_375	pextrb.mem	SSE	128	1	0	2	39	1	pextrb [rsi], xmm1, 39
movement_376	pextrb.mem	SSE	128	1	0	2	40	1	pextrb [rsi], xmm1, 40
movement_377	pextrb.mem	SSE	128	1	0	2	41	1	pextrb [rsi], xmm1, 41
movement_378	pextrb.mem	SSE	128	1	0	2	42	1	pextrb [rsi], xmm1, 42
movement_379	pextrb.mem	SSE	128	1	0	2	43	1	pextrb [rsi], xmm1, 43
movement_380	pextrb.mem	SSE	128	1	0	2	44	1	pextrb [rsi], xmm1, 44
movement_381	pextrb.mem	SSE	128	1	0	2	45	1	pextrb [rsi], xmm1, 45
movement_382	pextrb.mem	SSE	128	1	0	2	46	1	pextrb [rsi], xmm1, 46
movement_383	pextrb.mem	SSE	128	1	0	2	47	1	pextrb [rsi], xmm1, 47
movement_384	pextrb.mem	SSE	128	1	0	2	48	1	pextrb [rsi], xmm1, 48
movement_385	pextrb.mem	SSE	128	1	0	2	49	1	pextrb [rsi], xmm1, 49
movement_386	pextrb.mem	SSE	128	1	0	2	50	1	pextrb [rsi], xmm1, 50
movement_387	pextrb.mem	SSE	128	1	0	2	51	1	pextrb [rsi], xmm1, 51
movement_388	pextrb.mem	SSE	128	1	0	2	52	1	pextrb [rsi], xmm1, 52
movement_389	pextrb.mem	SSE	128	1	0	2	53	1	pextrb [rsi], xmm1, 53
movement_390	pextrb.mem	SSE	128	1	0	2	54	1	pextrb [rsi], xmm1, 54
movement_391	pextrb.mem	SSE	128	1	0	2	55	1	pextrb [rsi], xmm1, 55
movement_392	pextrb.mem	SSE	128	1	0	2	56	1	pextrb [rsi], xmm1, 56
movement_393	pextrb.mem	SSE	128	1	0	2	57	1	pextrb [rsi], xmm1, 57
movement_394	pextrb.mem	SSE	128	1	0	2	58	1	pextrb [rsi], xmm1, 58
movement_395	pextrb.mem	SSE	128	1	0	2	59	1	pextrb [rsi], xmm1, 59
movement_396	pextrb.mem	SSE	128	1	0	2	60	1	pextrb [rsi], xmm1, 60
movement_397	pextrb.mem	SSE	128	1	0	2	61	1	pextrb [rsi], xmm1, 61
movement_398	pextrb.mem	SSE	128	1	0	2	62	1	pextrb [rsi], xmm1, 62
movement_399	pextrb.mem	SSE	128	1	0	2	63	1	pextrb [rsi], xmm1, 63
movement_400	pextrb.mem	SSE	128	1	0	2	64	1	pextrb [rsi], xmm1, 64
movement_401	pextrb.mem	SSE	128	1	0	2	65	1	pextrb [rsi], xmm1, 65
movement_402	pextrb.mem	SSE	128	1	0	2	66	1	pextrb [rsi], xmm1, 66
movement_403	pextrb.mem	SSE	128	1	0	2	67	1	pextrb [rsi], xmm1, 67
movement_404	pextrb.mem	SSE	128	1	0	2	68	1	pextrb [rsi], xmm1, 68
movement_405	pextrb.mem	SSE	128	1	0	2	69	1	pextrb [rsi], xmm1, 69
movement_406	pextrb.mem	SSE	128	1	0	2	70	1	pextrb [rsi], xmm1, 70
movement_407	pextrb.mem	SSE	128	1	0	2	71	1	pextrb [rsi], xmm1, 71
movement_408	pextrb.mem	SSE	128	1	0	2	72	1	pextrb [rsi], xmm1, 72
movement_409	pextrb.mem	SSE	128	1	0	2	73	1	pextrb [rsi], xmm1, 73
movement_410	pextrb.mem	SSE	128	1	0	2	74	1	pextrb [rsi], xmm1, 74
movement_411	pextrb.mem	SSE	128	1	0	2	75	1	pextrb [rsi], xmm1, 75
movement_412	pextrb.mem	SSE	128	1	0	2	76	1	pextrb [rsi], xmm1, 76
movement_413	pextrb.mem	SSE	128	1	0	2	77	1	pextrb [rsi], xmm1, 77
movement_414	pextrb.mem	SSE	128	1	0	2	78	1	pextrb [rsi], xmm1, 78
movement_415	pextrb.mem	SSE	128	1	0	2	79	1	pextrb [rsi], xmm1, 79
movement_416	pextrb.mem	SSE	128	1	0	2	80	1	pextrb [rsi], xmm1, 80
movement_417	pextrb.mem	SSE	128	1	0	2	81	1	pextrb [rsi], xmm1, 81
movement_418	pextrb.mem	SSE	128	1	0	2	82	1	pextrb [rsi], xmm1, 82
movement_419	pextrb.mem	SSE	128	1	0	2	83	1	pextrb [rsi], xmm1, 83
movement_420	pextrb.mem	SSE	128	1	0	2	84	1	pextrb [rsi], xmm1, 84
movement_421	pextrb.mem	SSE	128	1	0	2	85	1	pextrb [rsi], xmm1, 85
movement_422	pextrb.mem	SSE	128	1	0	2	86	1	pextrb [rsi], xmm1, 86
movement_423	pextrb.mem	SSE	128	1	0	2	87	1	pextrb [rsi], xmm1, 87
movement_424	pextrb.mem	SSE	128	1	0	2	88	1	pextrb [rsi], xmm1, 88
movement_425	pextrb.mem	SSE	128	1	0	2	89	1	pextrb [rsi], xmm1, 89
movement_426	pextrb.mem	SSE	128	1	0	2	90	1	pextrb [rsi], xmm1, 90
movement_427	pextrb.mem	SSE	128	1	0	2	91	1	pextrb [rsi], xmm1, 91
movement_428	pextrb.mem	SSE	128	1	0	2	92	1	pextrb [rsi], xmm1, 92
movement_429	pextrb.mem	SSE	128	1	0	2	93	1	pextrb [rsi], xmm1, 93
movement_430	pextrb.mem	SSE	128	1	0	2	94	1	pextrb [rsi], xmm1, 94
movement_431	pextrb.mem	SSE	128	1	0	2	95	1	pextrb [rsi], xmm1, 95
movement_432	pextrb.mem	SSE	128	1	0	2	96	1	pextrb [rsi], xmm1, 96
movement_433	pextrb.mem	SSE	128	1	0	2	97	1	pextrb [rsi], xmm1, 97
movement_434	pextrb.mem	SSE	128	1	0	2	98	1	pextrb [rsi], xmm1, 98
movement_435	pextrb.mem	SSE	128	1	0	2	99	1	pextrb [rsi], xmm1, 99
movement_436	pextrb.mem	SSE	128	1	0	2	100	1	pextrb [rsi], xmm1, 100
movement_437	pextrb.mem	SSE	128	1	0	2	101	1	pextrb [rsi], xmm1, 101
movement_438	pextrb.mem	SSE	128	1	0	2	102	1	pextrb [rsi], xmm1, 102
movement_439	pextrb.mem	SSE	128	1	0	2	103	1	pextrb [rsi], xmm1, 103
movement_440	pextrb.mem	SSE	128	1	0	2	104	1	pextrb [rsi], xmm1, 104
movement_441	pextrb.mem	SSE	128	1	0	2	105	1	pextrb [rsi], xmm1, 105
movement_442	pextrb.mem	SSE	128	1	0	2	106	1	pextrb [rsi], xmm1, 106
movement_443	pextrb.mem	SSE	128	1	0	2	107	1	pextrb [rsi], xmm1, 107
movement_444	pextrb.mem	SSE	128	1	0	2	108	1	pextrb [rsi], xmm1, 108
movement_445	pextrb.mem	SSE	128	1	0	2	109	1	pextrb [rsi], xmm1, 109
movement_446	pextrb.mem	SSE	128	1	0	2	110	1	pextrb [rsi], xmm1, 110
movement_447	pextrb.mem	SSE	128	1	0	2	111	1	pextrb [rsi], xmm1, 111
movement_448	pextrb.mem	SSE	128	1	0	2	112	1	pextrb [rsi], xmm1, 112
movement_449	pextrb.mem	SSE	128	1	0	2	113	1	pextrb [rsi], xmm1, 113
movement_450	pextrb.mem	SSE	128	1	0	2	114	1	pextrb [rsi], xmm1, 114
movement_451	pextrb.mem	SSE	128	1	0	2	115	1	pextrb [rsi], xmm1, 115
movement_452	pextrb.mem	SSE	128	1	0	2	116	1	pextrb [rsi], xmm1, 116
movement_453	pextrb.mem	SSE	128	1	0	2	117	1	pextrb [rsi], xmm1, 117
movement_454	pextrb.mem	SSE	128	1	0	2	118	1	pextrb [rsi], xmm1, 118
movement_455	pextrb.mem	SSE	128	1	0	2	119	1	pextrb [rsi], xmm1, 119
movement_456	pextrb.mem	SSE	128	1	0	2	120	1	pextrb [rsi], xmm1, 120
movement_457	pextrb.mem	SSE	128	1	0	2	121	1	pextrb [rsi], xmm1, 121
movement_458	pextrb.mem	SSE	128	1	0	2	122	1	pextrb [rsi], xmm1, 122
movement_459	pextrb.mem	SSE	128	1	0	2	123	1	pextrb [rsi], xmm1, 123
movement_460	pextrb.mem	SSE	128	1	0	2	124	1	pextrb [rsi], xmm1, 124
movement_461	pextrb.mem	SSE	128	1	0	2	125	1	pextrb [rsi], xmm1, 125
movement_462	pextrb.mem	SSE	128	1	0	2	126	1	pextrb [rsi], xmm1, 126
movement_463	pextrb.mem	SSE	128	1	0	2	127	1	pextrb [rsi], xmm1, 127
movement_464	pextrb.mem	SSE	128	1	0	2	128	1	pextrb [rsi], xmm1, 128
movement_465	pextrb.mem	SSE	128	1	0	2	129	1	pextrb [rsi], xmm1, 129
movement_466	pextrb.mem	SSE	128	1	0	2	130	1	pextrb [rsi], xmm1, 130
movement_467	pextrb.mem	SSE	128	1	0	2	131	1	pextrb [rsi], xmm1, 131
movement_468	pextrb.mem	SSE	128	1	0	2	132	1	pextrb [rsi], xmm1, 132
movement_469	pextrb.mem	SSE	128	1	0	2	133	1	pextrb [rsi], xmm1, 133
movement_470	pextrb.mem	SSE	128	1	0	2	134	1	pextrb [rsi], xmm1, 134
movement_471	pextrb.mem	SSE	128	1	0	2	135	1	pextrb [rsi], xmm1, 135
movement_472	pextrb.mem	SSE	128	1	0	2	136	1	pextrb [rsi], xmm1, 136
movement_473	pextrb.mem	SSE	128	1	0	2	137	1	pextrb [rsi], xmm1, 137
movement_474	pextrb.mem	SSE	128	1	0	2	138	1	pextrb [rsi], xmm1, 138
movement_475	pextrb.mem	SSE	128	1	0	2	139	1	pextrb [rsi], xmm1, 139
movement_476	pextrb.mem	SSE	128	1	0	2	140	1	pextrb [rsi], xmm1, 140
movement_477	pextrb.mem	SSE	128	1	0	2	141	1	pextrb [rsi], xmm1, 141
movement_478	pextrb.mem	SSE	128	1	0	2	142	1	pextrb [rsi], xmm1, 142
movement_479	pextrb.mem	SSE	128	1	0	2	143	1	pextrb [rsi], xmm1, 143
movement_480	pextrb.mem	SSE	128	1	0	2	144	1	pextrb [rsi], xmm1, 144
movement_481	pextrb.mem	SSE	128	1	0	2	145	1	pextrb [rsi], xmm1, 145
movement_482	pextrb.mem	SSE	128	1	0	2	146	1	pextrb [rsi], xmm1, 146
movement_483	pextrb.mem	SSE	128	1	0	2	147	1	pextrb [rsi], xmm1, 147
movement_484	pextrb.mem	SSE	128	1	0	2	148	1	pextrb [rsi], xmm1, 148
movement_485	pextrb.mem	SSE	128	1	0	2	149	1	pextrb [rsi], xmm1, 149
movement_486	pextrb.mem	SSE	128	1	0	2	150	1	pextrb [rsi], xmm1, 150
movement_487	pextrb.mem	SSE	128	1	0	2	151	1	pextrb [rsi], xmm1, 151
movement_488	pextrb.mem	SSE	128	1	0	2	152	1	pextrb [rsi], xmm1, 152
movement_489	pextrb.mem	SSE	128	1	0	2	153	1	pextrb [rsi], xmm1, 153
movement_490	pextrb.mem	SSE	128	1	0	2	154	1	pextrb [rsi], xmm1, 154
movement_491	pextrb.mem	SSE	128	1	0	2	155	1	pextrb [rsi], xmm1, 155
movement_492	pextrb.mem	SSE	128	1	0	2	156	1	pextrb [rsi], xmm1, 156
movement_493	pextrb.mem	SSE	128	1	0	2	157	1	pextrb [rsi], xmm1, 157
movement_494	pextrb.mem	SSE	128	1	0	2	158	1	pextrb [rsi], xmm1, 158
movement_495	pextrb.mem	SSE	128	1	0	2	159	1	pextrb [rsi], xmm1, 159
movement_496	pextrb.mem	SSE	128	1	0	2	160	1	pextrb [rsi], xmm1, 160
movement_497	pextrb.mem	SSE	128	1	0	2	161	1	pextrb [rsi], xmm1, 161
movement_498	pextrb.mem	SSE	128	1	0	2	162	1	pextrb [rsi], xmm1, 162
movement_499	pextrb.mem	SSE	128	1	0	2	163	1	pextrb [rsi], xmm1, 163
movement_500	pextrb.mem	SSE	128	1	0	2	164	1	pextrb [rsi], xmm1, 164
movement_501	pextrb.mem	SSE	128	1	0	2	165	1	pextrb [rsi], xmm1, 165
movement_502	pextrb.mem	SSE	128	1	0	2	166	1	pextrb [rsi], xmm1, 166
movement_503	pextrb.mem	SSE	128	1	0	2	167	1	pextrb [rsi], xmm1, 167
movement_504	pextrb.mem	SSE	128	1	0	2	168	1	pextrb [rsi], xmm1, 168
movement_505	pextrb.mem	SSE	128	1	0	2	169	1	pextrb [rsi], xmm1, 169
movement_506	pextrb.mem	SSE	128	1	0	2	170	1	pextrb [rsi], xmm1, 170
movement_507	pextrb.mem	SSE	128	1	0	2	171	1	pextrb [rsi], xmm1, 171
movement_508	pextrb.mem	SSE	128	1	0	2	172	1	pextrb [rsi], xmm1, 172
movement_509	pextrb.mem	SSE	128	1	0	2	173	1	pextrb [rsi], xmm1, 173
movement_510	pextrb.mem	SSE	128	1	0	2	174	1	pextrb [rsi], xmm1, 174
movement_511	pextrb.mem	SSE	128	1	0	2	175	1	pextrb [rsi], xmm1, 175
movement_512	pextrb.mem	SSE	128	1	0	2	176	1	pextrb [rsi], xmm1, 176
movement_513	pextrb.mem	SSE	128	1	0	2	177	1	pextrb [rsi], xmm1, 177
movement_514	pextrb.mem	SSE	128	1	0	2	178	1	pextrb [rsi], xmm1, 178
movement_515	pextrb.mem	SSE	128	1	0	2	179	1	pextrb [rsi], xmm1, 179
movement_516	pextrb.mem	SSE	128	1	0	2	180	1	pextrb [rsi], xmm1, 180
movement_517	pextrb.mem	SSE	128	1	0	2	181	1	pextrb [rsi], xmm1, 181
movement_518	pextrb.mem	SSE	128	1	0	2	182	1	pextrb [rsi], xmm1, 182
movement_519	pextrb.mem	SSE	128	1	0	2	183	1	pextrb [rsi], xmm1, 183
movement_520	pextrb.mem	SSE	128	1	0	2	184	1	pextrb [rsi], xmm1, 184
movement_521	pextrb.mem	SSE	128	1	0	2	185	1	pextrb [rsi], xmm1, 185
movement_522	pextrb.mem	SSE	128	1	0	2	186	1	pextrb [rsi], xmm1, 186
movement_523	pextrb.mem	SSE	128	1	0	2	187	1	pextrb [rsi], xmm1, 187
movement_524	pextrb.mem	SSE	128	1	0	2	188	1	pextrb [rsi], xmm1, 188
movement_525	pextrb.mem	SSE	128	1	0	2	189	1	pextrb [rsi], xmm1, 189
movement_526	pextrb.mem	SSE	128	1	0	2	190	1	pextrb [rsi], xmm1, 190
movement_527	pextrb.mem	SSE	128	1	0	2	191	1	pextrb [rsi], xmm1, 191
movement_528	pextrb.mem	SSE	128	1	0	2	192	1	pextrb [rsi], xmm1, 192
movement_529	pextrb.mem	SSE	128	1	0	2	193	1	pextrb [rsi], xmm1, 193
movement_530	pextrb.mem	SSE	128	1	0	2	194	1	pextrb [rsi], xmm1, 194
movement_531	pextrb.mem	SSE	128	1	0	2	195	1	pextrb [rsi], xmm1, 195
movement_532	pextrb.mem	SSE	128	1	0	2	196	1	pextrb [rsi], xmm1, 196
movement_533	pextrb.mem	SSE	128	1	0	2	197	1	pextrb [rsi], xmm1, 197
movement_534	pextrb.mem	SSE	128	1	0	2	198	1	pextrb [rsi], xmm1, 198
movement_535	pextrb.mem	SSE	128	1	0	2	199	1	pextrb [rsi], xmm1, 199
movement_536	pextrb.mem	SSE	128	1	0	2	200	1	pextrb [rsi], xmm1, 200
movement_537	pextrb.mem	SSE	128	1	0	2	201	1	pextrb [rsi], xmm1, 201
movement_538	pextrb.mem	SSE	128	1	0	2	202	1	pextrb [rsi], xmm1, 202
movement_539	pextrb.mem	SSE	128	1	0	2	203	1	pextrb [rsi], xmm1, 203
movement_540	pextrb.mem	SSE	128	1	0	2	204	1	pextrb [rsi], xmm1, 204
movement_541	pextrb.mem	SSE	128	1	0	2	205	1	pextrb [rsi], xmm1, 205
movement_542	pextrb.mem	SSE	128	1	0	2	206	1	pextrb [rsi], xmm1, 206
movement_543	pextrb.mem	SSE	128	1	0	2	207	1	pextrb [rsi], xmm1, 207
movement_544	pextrb.mem	SSE	128	1	0	2	208	1	pextrb [rsi], xmm1, 208
movement_545	pextrb.mem	SSE	128	1	0	2	209	1	pextrb [rsi], xmm1, 209
movement_546	pextrb.mem	SSE	128	1	0	2	210	1	pextrb [rsi], xmm1, 210
movement_547	pextrb.mem	SSE	128	1	0	2	211	1	pextrb [rsi], xmm1, 211
movement_548	pextrb.mem	SSE	128	1	0	2	212	1	pextrb [rsi], xmm1, 212
movement_549	pextrb.mem	SSE	128	1	0	2	213	1	pextrb [rsi], xmm1, 213
movement_550	pextrb.mem	SSE	128	1	0	2	214	1	pextrb [rsi], xmm1, 214
movement_551	pextrb.mem	SSE	128	1	0	2	215	1	pextrb [rsi], xmm1, 215
movement_552	pextrb.mem	SSE	128	1	0	2	216	1	pextrb [rsi], xmm1, 216
movement_553	pextrb.mem	SSE	128	1	0	2	217	1	pextrb [rsi], xmm1, 217
movement_554	pextrb.mem	SSE	128	1	0	2	218	1	pextrb [rsi], xmm1, 218
movement_555	pextrb.mem	SSE	128	1	0	2	219	1	pextrb [rsi], xmm1, 219
movement_556	pextrb.mem	SSE	128	1	0	2	220	1	pextrb [rsi], xmm1, 220
movement_557	pextrb.mem	SSE	128	1	0	2	221	1	pextrb [rsi], xmm1, 221
movement_558	pextrb.mem	SSE	128	1	0	2	222	1	pextrb [rsi], xmm1, 222
movement_559	pextrb.mem	SSE	128	1	0	2	223	1	pextrb [rsi], xmm1, 223
movement_560	pextrb.mem	SSE	128	1	0	2	224	1	pextrb [rsi], xmm1, 224
movement_561	pextrb.mem	SSE	128	1	0	2	225	1	pextrb [rsi], xmm1, 225
movement_562	pextrb.mem	SSE	128	1	0	2	226	1	pextrb [rsi], xmm1, 226
movement_563	pextrb.mem	SSE	128	1	0	2	227	1	pextrb [rsi], xmm1, 227
movement_564	pextrb.mem	SSE	128	1	0	2	228	1	pextrb [rsi], xmm1, 228
movement_565	pextrb.mem	SSE	128	1	0	2	229	1	pextrb [rsi], xmm1, 229
movement_566	pextrb.mem	SSE	128	1	0	2	230	1	pextrb [rsi], xmm1, 230
movement_567	pextrb.mem	SSE	128	1	0	2	231	1	pextrb [rsi], xmm1, 231
movement_568	pextrb.mem	SSE	128	1	0	2	232	1	pextrb [rsi], xmm1, 232
movement_569	pextrb.mem	SSE	128	1	0	2	233	1	pextrb [rsi], xmm1, 233
movement_570	pextrb.mem	SSE	128	1	0	2	234	1	pextrb [rsi], xmm1, 234
movement_571	pextrb.mem	SSE	128	1	0	2	235	1	pextrb [rsi], xmm1, 235
movement_572	pextrb.mem	SSE	128	1	0	2	236	1	pextrb [rsi], xmm1, 236
movement_573	pextrb.mem	SSE	128	1	0	2	237	1	pextrb [rsi], xmm1, 237
movement_574	pextrb.mem	SSE	128	1	0	2	238	1	pextrb [rsi], xmm1, 238
movement_575	pextrb.mem	SSE	128	1	0	2	239	1	pextrb [rsi], xmm1, 239
movement_576	pextrb.mem	SSE	128	1	0	2	240	1	pextrb [rsi], xmm1, 240
movement_577	pextrb.mem	SSE	128	1	0	2	241	1	pextrb [rsi], xmm1, 241
movement_578	pextrb.mem	SSE	128	1	0	2	242	1	pextrb [rsi], xmm1, 242
movement_579	pextrb.mem	SSE	128	1	0	2	243	1	pextrb [rsi], xmm1, 243
movement_580	pextrb.mem	SSE	128	1	0	2	244	1	pextrb [rsi], xmm1, 244
movement_581	pextrb.mem	SSE	128	1	0	2	245	1	pextrb [rsi], xmm1, 245
movement_582	pextrb.mem	SSE	128	1	0	2	246	1	pextrb [rsi], xmm1, 246
movement_583	pextrb.mem	SSE	128	1	0	2	247	1	pextrb [rsi], xmm1, 247
movement_584	pextrb.mem	SSE	128	1	0	2	248	1	pextrb [rsi], xmm1, 248
movement_585	pextrb.mem	SSE	128	1	0	2	249	1	pextrb [rsi], xmm1, 249
movement_586	pextrb.mem	SSE	128	1	0	2	250	1	pextrb [rsi], xmm1, 250
movement_587	pextrb.mem	SSE	128	1	0	2	251	1	pextrb [rsi], xmm1, 251
movement_588	pextrb.mem	SSE	128	1	0	2	252	1	pextrb [rsi], xmm1, 252
movement_589	pextrb.mem	SSE	128	1	0	2	253	1	pextrb [rsi], xmm1, 253
movement_590	pextrb.mem	SSE	128	1	0	2	254	1	pextrb [rsi], xmm1, 254
movement_591	pextrb.mem	SSE	128	1	0	2	255	1	pextrb [rsi], xmm1, 255
movement_592	pextrw.gpr	SSE	128	2	0	0	0	1	.byte 0x66,0x0f,0x3a,0x15,0xc8,0
movement_593	pextrw.gpr	SSE	128	2	0	0	1	1	.byte 0x66,0x0f,0x3a,0x15,0xc8,1
movement_594	pextrw.gpr	SSE	128	2	0	0	2	1	.byte 0x66,0x0f,0x3a,0x15,0xc8,2
movement_595	pextrw.gpr	SSE	128	2	0	0	3	1	.byte 0x66,0x0f,0x3a,0x15,0xc8,3
movement_596	pextrw.gpr	SSE	128	2	0	0	4	1	.byte 0x66,0x0f,0x3a,0x15,0xc8,4
movement_597	pextrw.gpr	SSE	128	2	0	0	5	1	.byte 0x66,0x0f,0x3a,0x15,0xc8,5
movement_598	pextrw.gpr	SSE	128	2	0	0	6	1	.byte 0x66,0x0f,0x3a,0x15,0xc8,6
movement_599	pextrw.gpr	SSE	128	2	0	0	7	1	.byte 0x66,0x0f,0x3a,0x15,0xc8,7
movement_600	pextrw.gpr	SSE	128	2	0	0	8	1	.byte 0x66,0x0f,0x3a,0x15,0xc8,8
movement_601	pextrw.gpr	SSE	128	2	0	0	9	1	.byte 0x66,0x0f,0x3a,0x15,0xc8,9
movement_602	pextrw.gpr	SSE	128	2	0	0	10	1	.byte 0x66,0x0f,0x3a,0x15,0xc8,10
movement_603	pextrw.gpr	SSE	128	2	0	0	11	1	.byte 0x66,0x0f,0x3a,0x15,0xc8,11
movement_604	pextrw.gpr	SSE	128	2	0	0	12	1	.byte 0x66,0x0f,0x3a,0x15,0xc8,12
movement_605	pextrw.gpr	SSE	128	2	0	0	13	1	.byte 0x66,0x0f,0x3a,0x15,0xc8,13
movement_606	pextrw.gpr	SSE	128	2	0	0	14	1	.byte 0x66,0x0f,0x3a,0x15,0xc8,14
movement_607	pextrw.gpr	SSE	128	2	0	0	15	1	.byte 0x66,0x0f,0x3a,0x15,0xc8,15
movement_608	pextrw.gpr	SSE	128	2	0	0	16	1	.byte 0x66,0x0f,0x3a,0x15,0xc8,16
movement_609	pextrw.gpr	SSE	128	2	0	0	17	1	.byte 0x66,0x0f,0x3a,0x15,0xc8,17
movement_610	pextrw.gpr	SSE	128	2	0	0	18	1	.byte 0x66,0x0f,0x3a,0x15,0xc8,18
movement_611	pextrw.gpr	SSE	128	2	0	0	19	1	.byte 0x66,0x0f,0x3a,0x15,0xc8,19
movement_612	pextrw.gpr	SSE	128	2	0	0	20	1	.byte 0x66,0x0f,0x3a,0x15,0xc8,20
movement_613	pextrw.gpr	SSE	128	2	0	0	21	1	.byte 0x66,0x0f,0x3a,0x15,0xc8,21
movement_614	pextrw.gpr	SSE	128	2	0	0	22	1	.byte 0x66,0x0f,0x3a,0x15,0xc8,22
movement_615	pextrw.gpr	SSE	128	2	0	0	23	1	.byte 0x66,0x0f,0x3a,0x15,0xc8,23
movement_616	pextrw.gpr	SSE	128	2	0	0	24	1	.byte 0x66,0x0f,0x3a,0x15,0xc8,24
movement_617	pextrw.gpr	SSE	128	2	0	0	25	1	.byte 0x66,0x0f,0x3a,0x15,0xc8,25
movement_618	pextrw.gpr	SSE	128	2	0	0	26	1	.byte 0x66,0x0f,0x3a,0x15,0xc8,26
movement_619	pextrw.gpr	SSE	128	2	0	0	27	1	.byte 0x66,0x0f,0x3a,0x15,0xc8,27
movement_620	pextrw.gpr	SSE	128	2	0	0	28	1	.byte 0x66,0x0f,0x3a,0x15,0xc8,28
movement_621	pextrw.gpr	SSE	128	2	0	0	29	1	.byte 0x66,0x0f,0x3a,0x15,0xc8,29
movement_622	pextrw.gpr	SSE	128	2	0	0	30	1	.byte 0x66,0x0f,0x3a,0x15,0xc8,30
movement_623	pextrw.gpr	SSE	128	2	0	0	31	1	.byte 0x66,0x0f,0x3a,0x15,0xc8,31
movement_624	pextrw.gpr	SSE	128	2	0	0	32	1	.byte 0x66,0x0f,0x3a,0x15,0xc8,32
movement_625	pextrw.gpr	SSE	128	2	0	0	33	1	.byte 0x66,0x0f,0x3a,0x15,0xc8,33
movement_626	pextrw.gpr	SSE	128	2	0	0	34	1	.byte 0x66,0x0f,0x3a,0x15,0xc8,34
movement_627	pextrw.gpr	SSE	128	2	0	0	35	1	.byte 0x66,0x0f,0x3a,0x15,0xc8,35
movement_628	pextrw.gpr	SSE	128	2	0	0	36	1	.byte 0x66,0x0f,0x3a,0x15,0xc8,36
movement_629	pextrw.gpr	SSE	128	2	0	0	37	1	.byte 0x66,0x0f,0x3a,0x15,0xc8,37
movement_630	pextrw.gpr	SSE	128	2	0	0	38	1	.byte 0x66,0x0f,0x3a,0x15,0xc8,38
movement_631	pextrw.gpr	SSE	128	2	0	0	39	1	.byte 0x66,0x0f,0x3a,0x15,0xc8,39
movement_632	pextrw.gpr	SSE	128	2	0	0	40	1	.byte 0x66,0x0f,0x3a,0x15,0xc8,40
movement_633	pextrw.gpr	SSE	128	2	0	0	41	1	.byte 0x66,0x0f,0x3a,0x15,0xc8,41
movement_634	pextrw.gpr	SSE	128	2	0	0	42	1	.byte 0x66,0x0f,0x3a,0x15,0xc8,42
movement_635	pextrw.gpr	SSE	128	2	0	0	43	1	.byte 0x66,0x0f,0x3a,0x15,0xc8,43
movement_636	pextrw.gpr	SSE	128	2	0	0	44	1	.byte 0x66,0x0f,0x3a,0x15,0xc8,44
movement_637	pextrw.gpr	SSE	128	2	0	0	45	1	.byte 0x66,0x0f,0x3a,0x15,0xc8,45
movement_638	pextrw.gpr	SSE	128	2	0	0	46	1	.byte 0x66,0x0f,0x3a,0x15,0xc8,46
movement_639	pextrw.gpr	SSE	128	2	0	0	47	1	.byte 0x66,0x0f,0x3a,0x15,0xc8,47
movement_640	pextrw.gpr	SSE	128	2	0	0	48	1	.byte 0x66,0x0f,0x3a,0x15,0xc8,48
movement_641	pextrw.gpr	SSE	128	2	0	0	49	1	.byte 0x66,0x0f,0x3a,0x15,0xc8,49
movement_642	pextrw.gpr	SSE	128	2	0	0	50	1	.byte 0x66,0x0f,0x3a,0x15,0xc8,50
movement_643	pextrw.gpr	SSE	128	2	0	0	51	1	.byte 0x66,0x0f,0x3a,0x15,0xc8,51
movement_644	pextrw.gpr	SSE	128	2	0	0	52	1	.byte 0x66,0x0f,0x3a,0x15,0xc8,52
movement_645	pextrw.gpr	SSE	128	2	0	0	53	1	.byte 0x66,0x0f,0x3a,0x15,0xc8,53
movement_646	pextrw.gpr	SSE	128	2	0	0	54	1	.byte 0x66,0x0f,0x3a,0x15,0xc8,54
movement_647	pextrw.gpr	SSE	128	2	0	0	55	1	.byte 0x66,0x0f,0x3a,0x15,0xc8,55
movement_648	pextrw.gpr	SSE	128	2	0	0	56	1	.byte 0x66,0x0f,0x3a,0x15,0xc8,56
movement_649	pextrw.gpr	SSE	128	2	0	0	57	1	.byte 0x66,0x0f,0x3a,0x15,0xc8,57
movement_650	pextrw.gpr	SSE	128	2	0	0	58	1	.byte 0x66,0x0f,0x3a,0x15,0xc8,58
movement_651	pextrw.gpr	SSE	128	2	0	0	59	1	.byte 0x66,0x0f,0x3a,0x15,0xc8,59
movement_652	pextrw.gpr	SSE	128	2	0	0	60	1	.byte 0x66,0x0f,0x3a,0x15,0xc8,60
movement_653	pextrw.gpr	SSE	128	2	0	0	61	1	.byte 0x66,0x0f,0x3a,0x15,0xc8,61
movement_654	pextrw.gpr	SSE	128	2	0	0	62	1	.byte 0x66,0x0f,0x3a,0x15,0xc8,62
movement_655	pextrw.gpr	SSE	128	2	0	0	63	1	.byte 0x66,0x0f,0x3a,0x15,0xc8,63
movement_656	pextrw.gpr	SSE	128	2	0	0	64	1	.byte 0x66,0x0f,0x3a,0x15,0xc8,64
movement_657	pextrw.gpr	SSE	128	2	0	0	65	1	.byte 0x66,0x0f,0x3a,0x15,0xc8,65
movement_658	pextrw.gpr	SSE	128	2	0	0	66	1	.byte 0x66,0x0f,0x3a,0x15,0xc8,66
movement_659	pextrw.gpr	SSE	128	2	0	0	67	1	.byte 0x66,0x0f,0x3a,0x15,0xc8,67
movement_660	pextrw.gpr	SSE	128	2	0	0	68	1	.byte 0x66,0x0f,0x3a,0x15,0xc8,68
movement_661	pextrw.gpr	SSE	128	2	0	0	69	1	.byte 0x66,0x0f,0x3a,0x15,0xc8,69
movement_662	pextrw.gpr	SSE	128	2	0	0	70	1	.byte 0x66,0x0f,0x3a,0x15,0xc8,70
movement_663	pextrw.gpr	SSE	128	2	0	0	71	1	.byte 0x66,0x0f,0x3a,0x15,0xc8,71
movement_664	pextrw.gpr	SSE	128	2	0	0	72	1	.byte 0x66,0x0f,0x3a,0x15,0xc8,72
movement_665	pextrw.gpr	SSE	128	2	0	0	73	1	.byte 0x66,0x0f,0x3a,0x15,0xc8,73
movement_666	pextrw.gpr	SSE	128	2	0	0	74	1	.byte 0x66,0x0f,0x3a,0x15,0xc8,74
movement_667	pextrw.gpr	SSE	128	2	0	0	75	1	.byte 0x66,0x0f,0x3a,0x15,0xc8,75
movement_668	pextrw.gpr	SSE	128	2	0	0	76	1	.byte 0x66,0x0f,0x3a,0x15,0xc8,76
movement_669	pextrw.gpr	SSE	128	2	0	0	77	1	.byte 0x66,0x0f,0x3a,0x15,0xc8,77
movement_670	pextrw.gpr	SSE	128	2	0	0	78	1	.byte 0x66,0x0f,0x3a,0x15,0xc8,78
movement_671	pextrw.gpr	SSE	128	2	0	0	79	1	.byte 0x66,0x0f,0x3a,0x15,0xc8,79
movement_672	pextrw.gpr	SSE	128	2	0	0	80	1	.byte 0x66,0x0f,0x3a,0x15,0xc8,80
movement_673	pextrw.gpr	SSE	128	2	0	0	81	1	.byte 0x66,0x0f,0x3a,0x15,0xc8,81
movement_674	pextrw.gpr	SSE	128	2	0	0	82	1	.byte 0x66,0x0f,0x3a,0x15,0xc8,82
movement_675	pextrw.gpr	SSE	128	2	0	0	83	1	.byte 0x66,0x0f,0x3a,0x15,0xc8,83
movement_676	pextrw.gpr	SSE	128	2	0	0	84	1	.byte 0x66,0x0f,0x3a,0x15,0xc8,84
movement_677	pextrw.gpr	SSE	128	2	0	0	85	1	.byte 0x66,0x0f,0x3a,0x15,0xc8,85
movement_678	pextrw.gpr	SSE	128	2	0	0	86	1	.byte 0x66,0x0f,0x3a,0x15,0xc8,86
movement_679	pextrw.gpr	SSE	128	2	0	0	87	1	.byte 0x66,0x0f,0x3a,0x15,0xc8,87
movement_680	pextrw.gpr	SSE	128	2	0	0	88	1	.byte 0x66,0x0f,0x3a,0x15,0xc8,88
movement_681	pextrw.gpr	SSE	128	2	0	0	89	1	.byte 0x66,0x0f,0x3a,0x15,0xc8,89
movement_682	pextrw.gpr	SSE	128	2	0	0	90	1	.byte 0x66,0x0f,0x3a,0x15,0xc8,90
movement_683	pextrw.gpr	SSE	128	2	0	0	91	1	.byte 0x66,0x0f,0x3a,0x15,0xc8,91
movement_684	pextrw.gpr	SSE	128	2	0	0	92	1	.byte 0x66,0x0f,0x3a,0x15,0xc8,92
movement_685	pextrw.gpr	SSE	128	2	0	0	93	1	.byte 0x66,0x0f,0x3a,0x15,0xc8,93
movement_686	pextrw.gpr	SSE	128	2	0	0	94	1	.byte 0x66,0x0f,0x3a,0x15,0xc8,94
movement_687	pextrw.gpr	SSE	128	2	0	0	95	1	.byte 0x66,0x0f,0x3a,0x15,0xc8,95
movement_688	pextrw.gpr	SSE	128	2	0	0	96	1	.byte 0x66,0x0f,0x3a,0x15,0xc8,96
movement_689	pextrw.gpr	SSE	128	2	0	0	97	1	.byte 0x66,0x0f,0x3a,0x15,0xc8,97
movement_690	pextrw.gpr	SSE	128	2	0	0	98	1	.byte 0x66,0x0f,0x3a,0x15,0xc8,98
movement_691	pextrw.gpr	SSE	128	2	0	0	99	1	.byte 0x66,0x0f,0x3a,0x15,0xc8,99
movement_692	pextrw.gpr	SSE	128	2	0	0	100	1	.byte 0x66,0x0f,0x3a,0x15,0xc8,100
movement_693	pextrw.gpr	SSE	128	2	0	0	101	1	.byte 0x66,0x0f,0x3a,0x15,0xc8,101
movement_694	pextrw.gpr	SSE	128	2	0	0	102	1	.byte 0x66,0x0f,0x3a,0x15,0xc8,102
movement_695	pextrw.gpr	SSE	128	2	0	0	103	1	.byte 0x66,0x0f,0x3a,0x15,0xc8,103
movement_696	pextrw.gpr	SSE	128	2	0	0	104	1	.byte 0x66,0x0f,0x3a,0x15,0xc8,104
movement_697	pextrw.gpr	SSE	128	2	0	0	105	1	.byte 0x66,0x0f,0x3a,0x15,0xc8,105
movement_698	pextrw.gpr	SSE	128	2	0	0	106	1	.byte 0x66,0x0f,0x3a,0x15,0xc8,106
movement_699	pextrw.gpr	SSE	128	2	0	0	107	1	.byte 0x66,0x0f,0x3a,0x15,0xc8,107
movement_700	pextrw.gpr	SSE	128	2	0	0	108	1	.byte 0x66,0x0f,0x3a,0x15,0xc8,108
movement_701	pextrw.gpr	SSE	128	2	0	0	109	1	.byte 0x66,0x0f,0x3a,0x15,0xc8,109
movement_702	pextrw.gpr	SSE	128	2	0	0	110	1	.byte 0x66,0x0f,0x3a,0x15,0xc8,110
movement_703	pextrw.gpr	SSE	128	2	0	0	111	1	.byte 0x66,0x0f,0x3a,0x15,0xc8,111
movement_704	pextrw.gpr	SSE	128	2	0	0	112	1	.byte 0x66,0x0f,0x3a,0x15,0xc8,112
movement_705	pextrw.gpr	SSE	128	2	0	0	113	1	.byte 0x66,0x0f,0x3a,0x15,0xc8,113
movement_706	pextrw.gpr	SSE	128	2	0	0	114	1	.byte 0x66,0x0f,0x3a,0x15,0xc8,114
movement_707	pextrw.gpr	SSE	128	2	0	0	115	1	.byte 0x66,0x0f,0x3a,0x15,0xc8,115
movement_708	pextrw.gpr	SSE	128	2	0	0	116	1	.byte 0x66,0x0f,0x3a,0x15,0xc8,116
movement_709	pextrw.gpr	SSE	128	2	0	0	117	1	.byte 0x66,0x0f,0x3a,0x15,0xc8,117
movement_710	pextrw.gpr	SSE	128	2	0	0	118	1	.byte 0x66,0x0f,0x3a,0x15,0xc8,118
movement_711	pextrw.gpr	SSE	128	2	0	0	119	1	.byte 0x66,0x0f,0x3a,0x15,0xc8,119
movement_712	pextrw.gpr	SSE	128	2	0	0	120	1	.byte 0x66,0x0f,0x3a,0x15,0xc8,120
movement_713	pextrw.gpr	SSE	128	2	0	0	121	1	.byte 0x66,0x0f,0x3a,0x15,0xc8,121
movement_714	pextrw.gpr	SSE	128	2	0	0	122	1	.byte 0x66,0x0f,0x3a,0x15,0xc8,122
movement_715	pextrw.gpr	SSE	128	2	0	0	123	1	.byte 0x66,0x0f,0x3a,0x15,0xc8,123
movement_716	pextrw.gpr	SSE	128	2	0	0	124	1	.byte 0x66,0x0f,0x3a,0x15,0xc8,124
movement_717	pextrw.gpr	SSE	128	2	0	0	125	1	.byte 0x66,0x0f,0x3a,0x15,0xc8,125
movement_718	pextrw.gpr	SSE	128	2	0	0	126	1	.byte 0x66,0x0f,0x3a,0x15,0xc8,126
movement_719	pextrw.gpr	SSE	128	2	0	0	127	1	.byte 0x66,0x0f,0x3a,0x15,0xc8,127
movement_720	pextrw.gpr	SSE	128	2	0	0	128	1	.byte 0x66,0x0f,0x3a,0x15,0xc8,128
movement_721	pextrw.gpr	SSE	128	2	0	0	129	1	.byte 0x66,0x0f,0x3a,0x15,0xc8,129
movement_722	pextrw.gpr	SSE	128	2	0	0	130	1	.byte 0x66,0x0f,0x3a,0x15,0xc8,130
movement_723	pextrw.gpr	SSE	128	2	0	0	131	1	.byte 0x66,0x0f,0x3a,0x15,0xc8,131
movement_724	pextrw.gpr	SSE	128	2	0	0	132	1	.byte 0x66,0x0f,0x3a,0x15,0xc8,132
movement_725	pextrw.gpr	SSE	128	2	0	0	133	1	.byte 0x66,0x0f,0x3a,0x15,0xc8,133
movement_726	pextrw.gpr	SSE	128	2	0	0	134	1	.byte 0x66,0x0f,0x3a,0x15,0xc8,134
movement_727	pextrw.gpr	SSE	128	2	0	0	135	1	.byte 0x66,0x0f,0x3a,0x15,0xc8,135
movement_728	pextrw.gpr	SSE	128	2	0	0	136	1	.byte 0x66,0x0f,0x3a,0x15,0xc8,136
movement_729	pextrw.gpr	SSE	128	2	0	0	137	1	.byte 0x66,0x0f,0x3a,0x15,0xc8,137
movement_730	pextrw.gpr	SSE	128	2	0	0	138	1	.byte 0x66,0x0f,0x3a,0x15,0xc8,138
movement_731	pextrw.gpr	SSE	128	2	0	0	139	1	.byte 0x66,0x0f,0x3a,0x15,0xc8,139
movement_732	pextrw.gpr	SSE	128	2	0	0	140	1	.byte 0x66,0x0f,0x3a,0x15,0xc8,140
movement_733	pextrw.gpr	SSE	128	2	0	0	141	1	.byte 0x66,0x0f,0x3a,0x15,0xc8,141
movement_734	pextrw.gpr	SSE	128	2	0	0	142	1	.byte 0x66,0x0f,0x3a,0x15,0xc8,142
movement_735	pextrw.gpr	SSE	128	2	0	0	143	1	.byte 0x66,0x0f,0x3a,0x15,0xc8,143
movement_736	pextrw.gpr	SSE	128	2	0	0	144	1	.byte 0x66,0x0f,0x3a,0x15,0xc8,144
movement_737	pextrw.gpr	SSE	128	2	0	0	145	1	.byte 0x66,0x0f,0x3a,0x15,0xc8,145
movement_738	pextrw.gpr	SSE	128	2	0	0	146	1	.byte 0x66,0x0f,0x3a,0x15,0xc8,146
movement_739	pextrw.gpr	SSE	128	2	0	0	147	1	.byte 0x66,0x0f,0x3a,0x15,0xc8,147
movement_740	pextrw.gpr	SSE	128	2	0	0	148	1	.byte 0x66,0x0f,0x3a,0x15,0xc8,148
movement_741	pextrw.gpr	SSE	128	2	0	0	149	1	.byte 0x66,0x0f,0x3a,0x15,0xc8,149
movement_742	pextrw.gpr	SSE	128	2	0	0	150	1	.byte 0x66,0x0f,0x3a,0x15,0xc8,150
movement_743	pextrw.gpr	SSE	128	2	0	0	151	1	.byte 0x66,0x0f,0x3a,0x15,0xc8,151
movement_744	pextrw.gpr	SSE	128	2	0	0	152	1	.byte 0x66,0x0f,0x3a,0x15,0xc8,152
movement_745	pextrw.gpr	SSE	128	2	0	0	153	1	.byte 0x66,0x0f,0x3a,0x15,0xc8,153
movement_746	pextrw.gpr	SSE	128	2	0	0	154	1	.byte 0x66,0x0f,0x3a,0x15,0xc8,154
movement_747	pextrw.gpr	SSE	128	2	0	0	155	1	.byte 0x66,0x0f,0x3a,0x15,0xc8,155
movement_748	pextrw.gpr	SSE	128	2	0	0	156	1	.byte 0x66,0x0f,0x3a,0x15,0xc8,156
movement_749	pextrw.gpr	SSE	128	2	0	0	157	1	.byte 0x66,0x0f,0x3a,0x15,0xc8,157
movement_750	pextrw.gpr	SSE	128	2	0	0	158	1	.byte 0x66,0x0f,0x3a,0x15,0xc8,158
movement_751	pextrw.gpr	SSE	128	2	0	0	159	1	.byte 0x66,0x0f,0x3a,0x15,0xc8,159
movement_752	pextrw.gpr	SSE	128	2	0	0	160	1	.byte 0x66,0x0f,0x3a,0x15,0xc8,160
movement_753	pextrw.gpr	SSE	128	2	0	0	161	1	.byte 0x66,0x0f,0x3a,0x15,0xc8,161
movement_754	pextrw.gpr	SSE	128	2	0	0	162	1	.byte 0x66,0x0f,0x3a,0x15,0xc8,162
movement_755	pextrw.gpr	SSE	128	2	0	0	163	1	.byte 0x66,0x0f,0x3a,0x15,0xc8,163
movement_756	pextrw.gpr	SSE	128	2	0	0	164	1	.byte 0x66,0x0f,0x3a,0x15,0xc8,164
movement_757	pextrw.gpr	SSE	128	2	0	0	165	1	.byte 0x66,0x0f,0x3a,0x15,0xc8,165
movement_758	pextrw.gpr	SSE	128	2	0	0	166	1	.byte 0x66,0x0f,0x3a,0x15,0xc8,166
movement_759	pextrw.gpr	SSE	128	2	0	0	167	1	.byte 0x66,0x0f,0x3a,0x15,0xc8,167
movement_760	pextrw.gpr	SSE	128	2	0	0	168	1	.byte 0x66,0x0f,0x3a,0x15,0xc8,168
movement_761	pextrw.gpr	SSE	128	2	0	0	169	1	.byte 0x66,0x0f,0x3a,0x15,0xc8,169
movement_762	pextrw.gpr	SSE	128	2	0	0	170	1	.byte 0x66,0x0f,0x3a,0x15,0xc8,170
movement_763	pextrw.gpr	SSE	128	2	0	0	171	1	.byte 0x66,0x0f,0x3a,0x15,0xc8,171
movement_764	pextrw.gpr	SSE	128	2	0	0	172	1	.byte 0x66,0x0f,0x3a,0x15,0xc8,172
movement_765	pextrw.gpr	SSE	128	2	0	0	173	1	.byte 0x66,0x0f,0x3a,0x15,0xc8,173
movement_766	pextrw.gpr	SSE	128	2	0	0	174	1	.byte 0x66,0x0f,0x3a,0x15,0xc8,174
movement_767	pextrw.gpr	SSE	128	2	0	0	175	1	.byte 0x66,0x0f,0x3a,0x15,0xc8,175
movement_768	pextrw.gpr	SSE	128	2	0	0	176	1	.byte 0x66,0x0f,0x3a,0x15,0xc8,176
movement_769	pextrw.gpr	SSE	128	2	0	0	177	1	.byte 0x66,0x0f,0x3a,0x15,0xc8,177
movement_770	pextrw.gpr	SSE	128	2	0	0	178	1	.byte 0x66,0x0f,0x3a,0x15,0xc8,178
movement_771	pextrw.gpr	SSE	128	2	0	0	179	1	.byte 0x66,0x0f,0x3a,0x15,0xc8,179
movement_772	pextrw.gpr	SSE	128	2	0	0	180	1	.byte 0x66,0x0f,0x3a,0x15,0xc8,180
movement_773	pextrw.gpr	SSE	128	2	0	0	181	1	.byte 0x66,0x0f,0x3a,0x15,0xc8,181
movement_774	pextrw.gpr	SSE	128	2	0	0	182	1	.byte 0x66,0x0f,0x3a,0x15,0xc8,182
movement_775	pextrw.gpr	SSE	128	2	0	0	183	1	.byte 0x66,0x0f,0x3a,0x15,0xc8,183
movement_776	pextrw.gpr	SSE	128	2	0	0	184	1	.byte 0x66,0x0f,0x3a,0x15,0xc8,184
movement_777	pextrw.gpr	SSE	128	2	0	0	185	1	.byte 0x66,0x0f,0x3a,0x15,0xc8,185
movement_778	pextrw.gpr	SSE	128	2	0	0	186	1	.byte 0x66,0x0f,0x3a,0x15,0xc8,186
movement_779	pextrw.gpr	SSE	128	2	0	0	187	1	.byte 0x66,0x0f,0x3a,0x15,0xc8,187
movement_780	pextrw.gpr	SSE	128	2	0	0	188	1	.byte 0x66,0x0f,0x3a,0x15,0xc8,188
movement_781	pextrw.gpr	SSE	128	2	0	0	189	1	.byte 0x66,0x0f,0x3a,0x15,0xc8,189
movement_782	pextrw.gpr	SSE	128	2	0	0	190	1	.byte 0x66,0x0f,0x3a,0x15,0xc8,190
movement_783	pextrw.gpr	SSE	128	2	0	0	191	1	.byte 0x66,0x0f,0x3a,0x15,0xc8,191
movement_784	pextrw.gpr	SSE	128	2	0	0	192	1	.byte 0x66,0x0f,0x3a,0x15,0xc8,192
movement_785	pextrw.gpr	SSE	128	2	0	0	193	1	.byte 0x66,0x0f,0x3a,0x15,0xc8,193
movement_786	pextrw.gpr	SSE	128	2	0	0	194	1	.byte 0x66,0x0f,0x3a,0x15,0xc8,194
movement_787	pextrw.gpr	SSE	128	2	0	0	195	1	.byte 0x66,0x0f,0x3a,0x15,0xc8,195
movement_788	pextrw.gpr	SSE	128	2	0	0	196	1	.byte 0x66,0x0f,0x3a,0x15,0xc8,196
movement_789	pextrw.gpr	SSE	128	2	0	0	197	1	.byte 0x66,0x0f,0x3a,0x15,0xc8,197
movement_790	pextrw.gpr	SSE	128	2	0	0	198	1	.byte 0x66,0x0f,0x3a,0x15,0xc8,198
movement_791	pextrw.gpr	SSE	128	2	0	0	199	1	.byte 0x66,0x0f,0x3a,0x15,0xc8,199
movement_792	pextrw.gpr	SSE	128	2	0	0	200	1	.byte 0x66,0x0f,0x3a,0x15,0xc8,200
movement_793	pextrw.gpr	SSE	128	2	0	0	201	1	.byte 0x66,0x0f,0x3a,0x15,0xc8,201
movement_794	pextrw.gpr	SSE	128	2	0	0	202	1	.byte 0x66,0x0f,0x3a,0x15,0xc8,202
movement_795	pextrw.gpr	SSE	128	2	0	0	203	1	.byte 0x66,0x0f,0x3a,0x15,0xc8,203
movement_796	pextrw.gpr	SSE	128	2	0	0	204	1	.byte 0x66,0x0f,0x3a,0x15,0xc8,204
movement_797	pextrw.gpr	SSE	128	2	0	0	205	1	.byte 0x66,0x0f,0x3a,0x15,0xc8,205
movement_798	pextrw.gpr	SSE	128	2	0	0	206	1	.byte 0x66,0x0f,0x3a,0x15,0xc8,206
movement_799	pextrw.gpr	SSE	128	2	0	0	207	1	.byte 0x66,0x0f,0x3a,0x15,0xc8,207
movement_800	pextrw.gpr	SSE	128	2	0	0	208	1	.byte 0x66,0x0f,0x3a,0x15,0xc8,208
movement_801	pextrw.gpr	SSE	128	2	0	0	209	1	.byte 0x66,0x0f,0x3a,0x15,0xc8,209
movement_802	pextrw.gpr	SSE	128	2	0	0	210	1	.byte 0x66,0x0f,0x3a,0x15,0xc8,210
movement_803	pextrw.gpr	SSE	128	2	0	0	211	1	.byte 0x66,0x0f,0x3a,0x15,0xc8,211
movement_804	pextrw.gpr	SSE	128	2	0	0	212	1	.byte 0x66,0x0f,0x3a,0x15,0xc8,212
movement_805	pextrw.gpr	SSE	128	2	0	0	213	1	.byte 0x66,0x0f,0x3a,0x15,0xc8,213
movement_806	pextrw.gpr	SSE	128	2	0	0	214	1	.byte 0x66,0x0f,0x3a,0x15,0xc8,214
movement_807	pextrw.gpr	SSE	128	2	0	0	215	1	.byte 0x66,0x0f,0x3a,0x15,0xc8,215
movement_808	pextrw.gpr	SSE	128	2	0	0	216	1	.byte 0x66,0x0f,0x3a,0x15,0xc8,216
movement_809	pextrw.gpr	SSE	128	2	0	0	217	1	.byte 0x66,0x0f,0x3a,0x15,0xc8,217
movement_810	pextrw.gpr	SSE	128	2	0	0	218	1	.byte 0x66,0x0f,0x3a,0x15,0xc8,218
movement_811	pextrw.gpr	SSE	128	2	0	0	219	1	.byte 0x66,0x0f,0x3a,0x15,0xc8,219
movement_812	pextrw.gpr	SSE	128	2	0	0	220	1	.byte 0x66,0x0f,0x3a,0x15,0xc8,220
movement_813	pextrw.gpr	SSE	128	2	0	0	221	1	.byte 0x66,0x0f,0x3a,0x15,0xc8,221
movement_814	pextrw.gpr	SSE	128	2	0	0	222	1	.byte 0x66,0x0f,0x3a,0x15,0xc8,222
movement_815	pextrw.gpr	SSE	128	2	0	0	223	1	.byte 0x66,0x0f,0x3a,0x15,0xc8,223
movement_816	pextrw.gpr	SSE	128	2	0	0	224	1	.byte 0x66,0x0f,0x3a,0x15,0xc8,224
movement_817	pextrw.gpr	SSE	128	2	0	0	225	1	.byte 0x66,0x0f,0x3a,0x15,0xc8,225
movement_818	pextrw.gpr	SSE	128	2	0	0	226	1	.byte 0x66,0x0f,0x3a,0x15,0xc8,226
movement_819	pextrw.gpr	SSE	128	2	0	0	227	1	.byte 0x66,0x0f,0x3a,0x15,0xc8,227
movement_820	pextrw.gpr	SSE	128	2	0	0	228	1	.byte 0x66,0x0f,0x3a,0x15,0xc8,228
movement_821	pextrw.gpr	SSE	128	2	0	0	229	1	.byte 0x66,0x0f,0x3a,0x15,0xc8,229
movement_822	pextrw.gpr	SSE	128	2	0	0	230	1	.byte 0x66,0x0f,0x3a,0x15,0xc8,230
movement_823	pextrw.gpr	SSE	128	2	0	0	231	1	.byte 0x66,0x0f,0x3a,0x15,0xc8,231
movement_824	pextrw.gpr	SSE	128	2	0	0	232	1	.byte 0x66,0x0f,0x3a,0x15,0xc8,232
movement_825	pextrw.gpr	SSE	128	2	0	0	233	1	.byte 0x66,0x0f,0x3a,0x15,0xc8,233
movement_826	pextrw.gpr	SSE	128	2	0	0	234	1	.byte 0x66,0x0f,0x3a,0x15,0xc8,234
movement_827	pextrw.gpr	SSE	128	2	0	0	235	1	.byte 0x66,0x0f,0x3a,0x15,0xc8,235
movement_828	pextrw.gpr	SSE	128	2	0	0	236	1	.byte 0x66,0x0f,0x3a,0x15,0xc8,236
movement_829	pextrw.gpr	SSE	128	2	0	0	237	1	.byte 0x66,0x0f,0x3a,0x15,0xc8,237
movement_830	pextrw.gpr	SSE	128	2	0	0	238	1	.byte 0x66,0x0f,0x3a,0x15,0xc8,238
movement_831	pextrw.gpr	SSE	128	2	0	0	239	1	.byte 0x66,0x0f,0x3a,0x15,0xc8,239
movement_832	pextrw.gpr	SSE	128	2	0	0	240	1	.byte 0x66,0x0f,0x3a,0x15,0xc8,240
movement_833	pextrw.gpr	SSE	128	2	0	0	241	1	.byte 0x66,0x0f,0x3a,0x15,0xc8,241
movement_834	pextrw.gpr	SSE	128	2	0	0	242	1	.byte 0x66,0x0f,0x3a,0x15,0xc8,242
movement_835	pextrw.gpr	SSE	128	2	0	0	243	1	.byte 0x66,0x0f,0x3a,0x15,0xc8,243
movement_836	pextrw.gpr	SSE	128	2	0	0	244	1	.byte 0x66,0x0f,0x3a,0x15,0xc8,244
movement_837	pextrw.gpr	SSE	128	2	0	0	245	1	.byte 0x66,0x0f,0x3a,0x15,0xc8,245
movement_838	pextrw.gpr	SSE	128	2	0	0	246	1	.byte 0x66,0x0f,0x3a,0x15,0xc8,246
movement_839	pextrw.gpr	SSE	128	2	0	0	247	1	.byte 0x66,0x0f,0x3a,0x15,0xc8,247
movement_840	pextrw.gpr	SSE	128	2	0	0	248	1	.byte 0x66,0x0f,0x3a,0x15,0xc8,248
movement_841	pextrw.gpr	SSE	128	2	0	0	249	1	.byte 0x66,0x0f,0x3a,0x15,0xc8,249
movement_842	pextrw.gpr	SSE	128	2	0	0	250	1	.byte 0x66,0x0f,0x3a,0x15,0xc8,250
movement_843	pextrw.gpr	SSE	128	2	0	0	251	1	.byte 0x66,0x0f,0x3a,0x15,0xc8,251
movement_844	pextrw.gpr	SSE	128	2	0	0	252	1	.byte 0x66,0x0f,0x3a,0x15,0xc8,252
movement_845	pextrw.gpr	SSE	128	2	0	0	253	1	.byte 0x66,0x0f,0x3a,0x15,0xc8,253
movement_846	pextrw.gpr	SSE	128	2	0	0	254	1	.byte 0x66,0x0f,0x3a,0x15,0xc8,254
movement_847	pextrw.gpr	SSE	128	2	0	0	255	1	.byte 0x66,0x0f,0x3a,0x15,0xc8,255
movement_848	pextrw.mem	SSE	128	2	0	2	0	1	pextrw [rsi], xmm1, 0
movement_849	pextrw.mem	SSE	128	2	0	2	1	1	pextrw [rsi], xmm1, 1
movement_850	pextrw.mem	SSE	128	2	0	2	2	1	pextrw [rsi], xmm1, 2
movement_851	pextrw.mem	SSE	128	2	0	2	3	1	pextrw [rsi], xmm1, 3
movement_852	pextrw.mem	SSE	128	2	0	2	4	1	pextrw [rsi], xmm1, 4
movement_853	pextrw.mem	SSE	128	2	0	2	5	1	pextrw [rsi], xmm1, 5
movement_854	pextrw.mem	SSE	128	2	0	2	6	1	pextrw [rsi], xmm1, 6
movement_855	pextrw.mem	SSE	128	2	0	2	7	1	pextrw [rsi], xmm1, 7
movement_856	pextrw.mem	SSE	128	2	0	2	8	1	pextrw [rsi], xmm1, 8
movement_857	pextrw.mem	SSE	128	2	0	2	9	1	pextrw [rsi], xmm1, 9
movement_858	pextrw.mem	SSE	128	2	0	2	10	1	pextrw [rsi], xmm1, 10
movement_859	pextrw.mem	SSE	128	2	0	2	11	1	pextrw [rsi], xmm1, 11
movement_860	pextrw.mem	SSE	128	2	0	2	12	1	pextrw [rsi], xmm1, 12
movement_861	pextrw.mem	SSE	128	2	0	2	13	1	pextrw [rsi], xmm1, 13
movement_862	pextrw.mem	SSE	128	2	0	2	14	1	pextrw [rsi], xmm1, 14
movement_863	pextrw.mem	SSE	128	2	0	2	15	1	pextrw [rsi], xmm1, 15
movement_864	pextrw.mem	SSE	128	2	0	2	16	1	pextrw [rsi], xmm1, 16
movement_865	pextrw.mem	SSE	128	2	0	2	17	1	pextrw [rsi], xmm1, 17
movement_866	pextrw.mem	SSE	128	2	0	2	18	1	pextrw [rsi], xmm1, 18
movement_867	pextrw.mem	SSE	128	2	0	2	19	1	pextrw [rsi], xmm1, 19
movement_868	pextrw.mem	SSE	128	2	0	2	20	1	pextrw [rsi], xmm1, 20
movement_869	pextrw.mem	SSE	128	2	0	2	21	1	pextrw [rsi], xmm1, 21
movement_870	pextrw.mem	SSE	128	2	0	2	22	1	pextrw [rsi], xmm1, 22
movement_871	pextrw.mem	SSE	128	2	0	2	23	1	pextrw [rsi], xmm1, 23
movement_872	pextrw.mem	SSE	128	2	0	2	24	1	pextrw [rsi], xmm1, 24
movement_873	pextrw.mem	SSE	128	2	0	2	25	1	pextrw [rsi], xmm1, 25
movement_874	pextrw.mem	SSE	128	2	0	2	26	1	pextrw [rsi], xmm1, 26
movement_875	pextrw.mem	SSE	128	2	0	2	27	1	pextrw [rsi], xmm1, 27
movement_876	pextrw.mem	SSE	128	2	0	2	28	1	pextrw [rsi], xmm1, 28
movement_877	pextrw.mem	SSE	128	2	0	2	29	1	pextrw [rsi], xmm1, 29
movement_878	pextrw.mem	SSE	128	2	0	2	30	1	pextrw [rsi], xmm1, 30
movement_879	pextrw.mem	SSE	128	2	0	2	31	1	pextrw [rsi], xmm1, 31
movement_880	pextrw.mem	SSE	128	2	0	2	32	1	pextrw [rsi], xmm1, 32
movement_881	pextrw.mem	SSE	128	2	0	2	33	1	pextrw [rsi], xmm1, 33
movement_882	pextrw.mem	SSE	128	2	0	2	34	1	pextrw [rsi], xmm1, 34
movement_883	pextrw.mem	SSE	128	2	0	2	35	1	pextrw [rsi], xmm1, 35
movement_884	pextrw.mem	SSE	128	2	0	2	36	1	pextrw [rsi], xmm1, 36
movement_885	pextrw.mem	SSE	128	2	0	2	37	1	pextrw [rsi], xmm1, 37
movement_886	pextrw.mem	SSE	128	2	0	2	38	1	pextrw [rsi], xmm1, 38
movement_887	pextrw.mem	SSE	128	2	0	2	39	1	pextrw [rsi], xmm1, 39
movement_888	pextrw.mem	SSE	128	2	0	2	40	1	pextrw [rsi], xmm1, 40
movement_889	pextrw.mem	SSE	128	2	0	2	41	1	pextrw [rsi], xmm1, 41
movement_890	pextrw.mem	SSE	128	2	0	2	42	1	pextrw [rsi], xmm1, 42
movement_891	pextrw.mem	SSE	128	2	0	2	43	1	pextrw [rsi], xmm1, 43
movement_892	pextrw.mem	SSE	128	2	0	2	44	1	pextrw [rsi], xmm1, 44
movement_893	pextrw.mem	SSE	128	2	0	2	45	1	pextrw [rsi], xmm1, 45
movement_894	pextrw.mem	SSE	128	2	0	2	46	1	pextrw [rsi], xmm1, 46
movement_895	pextrw.mem	SSE	128	2	0	2	47	1	pextrw [rsi], xmm1, 47
movement_896	pextrw.mem	SSE	128	2	0	2	48	1	pextrw [rsi], xmm1, 48
movement_897	pextrw.mem	SSE	128	2	0	2	49	1	pextrw [rsi], xmm1, 49
movement_898	pextrw.mem	SSE	128	2	0	2	50	1	pextrw [rsi], xmm1, 50
movement_899	pextrw.mem	SSE	128	2	0	2	51	1	pextrw [rsi], xmm1, 51
movement_900	pextrw.mem	SSE	128	2	0	2	52	1	pextrw [rsi], xmm1, 52
movement_901	pextrw.mem	SSE	128	2	0	2	53	1	pextrw [rsi], xmm1, 53
movement_902	pextrw.mem	SSE	128	2	0	2	54	1	pextrw [rsi], xmm1, 54
movement_903	pextrw.mem	SSE	128	2	0	2	55	1	pextrw [rsi], xmm1, 55
movement_904	pextrw.mem	SSE	128	2	0	2	56	1	pextrw [rsi], xmm1, 56
movement_905	pextrw.mem	SSE	128	2	0	2	57	1	pextrw [rsi], xmm1, 57
movement_906	pextrw.mem	SSE	128	2	0	2	58	1	pextrw [rsi], xmm1, 58
movement_907	pextrw.mem	SSE	128	2	0	2	59	1	pextrw [rsi], xmm1, 59
movement_908	pextrw.mem	SSE	128	2	0	2	60	1	pextrw [rsi], xmm1, 60
movement_909	pextrw.mem	SSE	128	2	0	2	61	1	pextrw [rsi], xmm1, 61
movement_910	pextrw.mem	SSE	128	2	0	2	62	1	pextrw [rsi], xmm1, 62
movement_911	pextrw.mem	SSE	128	2	0	2	63	1	pextrw [rsi], xmm1, 63
movement_912	pextrw.mem	SSE	128	2	0	2	64	1	pextrw [rsi], xmm1, 64
movement_913	pextrw.mem	SSE	128	2	0	2	65	1	pextrw [rsi], xmm1, 65
movement_914	pextrw.mem	SSE	128	2	0	2	66	1	pextrw [rsi], xmm1, 66
movement_915	pextrw.mem	SSE	128	2	0	2	67	1	pextrw [rsi], xmm1, 67
movement_916	pextrw.mem	SSE	128	2	0	2	68	1	pextrw [rsi], xmm1, 68
movement_917	pextrw.mem	SSE	128	2	0	2	69	1	pextrw [rsi], xmm1, 69
movement_918	pextrw.mem	SSE	128	2	0	2	70	1	pextrw [rsi], xmm1, 70
movement_919	pextrw.mem	SSE	128	2	0	2	71	1	pextrw [rsi], xmm1, 71
movement_920	pextrw.mem	SSE	128	2	0	2	72	1	pextrw [rsi], xmm1, 72
movement_921	pextrw.mem	SSE	128	2	0	2	73	1	pextrw [rsi], xmm1, 73
movement_922	pextrw.mem	SSE	128	2	0	2	74	1	pextrw [rsi], xmm1, 74
movement_923	pextrw.mem	SSE	128	2	0	2	75	1	pextrw [rsi], xmm1, 75
movement_924	pextrw.mem	SSE	128	2	0	2	76	1	pextrw [rsi], xmm1, 76
movement_925	pextrw.mem	SSE	128	2	0	2	77	1	pextrw [rsi], xmm1, 77
movement_926	pextrw.mem	SSE	128	2	0	2	78	1	pextrw [rsi], xmm1, 78
movement_927	pextrw.mem	SSE	128	2	0	2	79	1	pextrw [rsi], xmm1, 79
movement_928	pextrw.mem	SSE	128	2	0	2	80	1	pextrw [rsi], xmm1, 80
movement_929	pextrw.mem	SSE	128	2	0	2	81	1	pextrw [rsi], xmm1, 81
movement_930	pextrw.mem	SSE	128	2	0	2	82	1	pextrw [rsi], xmm1, 82
movement_931	pextrw.mem	SSE	128	2	0	2	83	1	pextrw [rsi], xmm1, 83
movement_932	pextrw.mem	SSE	128	2	0	2	84	1	pextrw [rsi], xmm1, 84
movement_933	pextrw.mem	SSE	128	2	0	2	85	1	pextrw [rsi], xmm1, 85
movement_934	pextrw.mem	SSE	128	2	0	2	86	1	pextrw [rsi], xmm1, 86
movement_935	pextrw.mem	SSE	128	2	0	2	87	1	pextrw [rsi], xmm1, 87
movement_936	pextrw.mem	SSE	128	2	0	2	88	1	pextrw [rsi], xmm1, 88
movement_937	pextrw.mem	SSE	128	2	0	2	89	1	pextrw [rsi], xmm1, 89
movement_938	pextrw.mem	SSE	128	2	0	2	90	1	pextrw [rsi], xmm1, 90
movement_939	pextrw.mem	SSE	128	2	0	2	91	1	pextrw [rsi], xmm1, 91
movement_940	pextrw.mem	SSE	128	2	0	2	92	1	pextrw [rsi], xmm1, 92
movement_941	pextrw.mem	SSE	128	2	0	2	93	1	pextrw [rsi], xmm1, 93
movement_942	pextrw.mem	SSE	128	2	0	2	94	1	pextrw [rsi], xmm1, 94
movement_943	pextrw.mem	SSE	128	2	0	2	95	1	pextrw [rsi], xmm1, 95
movement_944	pextrw.mem	SSE	128	2	0	2	96	1	pextrw [rsi], xmm1, 96
movement_945	pextrw.mem	SSE	128	2	0	2	97	1	pextrw [rsi], xmm1, 97
movement_946	pextrw.mem	SSE	128	2	0	2	98	1	pextrw [rsi], xmm1, 98
movement_947	pextrw.mem	SSE	128	2	0	2	99	1	pextrw [rsi], xmm1, 99
movement_948	pextrw.mem	SSE	128	2	0	2	100	1	pextrw [rsi], xmm1, 100
movement_949	pextrw.mem	SSE	128	2	0	2	101	1	pextrw [rsi], xmm1, 101
movement_950	pextrw.mem	SSE	128	2	0	2	102	1	pextrw [rsi], xmm1, 102
movement_951	pextrw.mem	SSE	128	2	0	2	103	1	pextrw [rsi], xmm1, 103
movement_952	pextrw.mem	SSE	128	2	0	2	104	1	pextrw [rsi], xmm1, 104
movement_953	pextrw.mem	SSE	128	2	0	2	105	1	pextrw [rsi], xmm1, 105
movement_954	pextrw.mem	SSE	128	2	0	2	106	1	pextrw [rsi], xmm1, 106
movement_955	pextrw.mem	SSE	128	2	0	2	107	1	pextrw [rsi], xmm1, 107
movement_956	pextrw.mem	SSE	128	2	0	2	108	1	pextrw [rsi], xmm1, 108
movement_957	pextrw.mem	SSE	128	2	0	2	109	1	pextrw [rsi], xmm1, 109
movement_958	pextrw.mem	SSE	128	2	0	2	110	1	pextrw [rsi], xmm1, 110
movement_959	pextrw.mem	SSE	128	2	0	2	111	1	pextrw [rsi], xmm1, 111
movement_960	pextrw.mem	SSE	128	2	0	2	112	1	pextrw [rsi], xmm1, 112
movement_961	pextrw.mem	SSE	128	2	0	2	113	1	pextrw [rsi], xmm1, 113
movement_962	pextrw.mem	SSE	128	2	0	2	114	1	pextrw [rsi], xmm1, 114
movement_963	pextrw.mem	SSE	128	2	0	2	115	1	pextrw [rsi], xmm1, 115
movement_964	pextrw.mem	SSE	128	2	0	2	116	1	pextrw [rsi], xmm1, 116
movement_965	pextrw.mem	SSE	128	2	0	2	117	1	pextrw [rsi], xmm1, 117
movement_966	pextrw.mem	SSE	128	2	0	2	118	1	pextrw [rsi], xmm1, 118
movement_967	pextrw.mem	SSE	128	2	0	2	119	1	pextrw [rsi], xmm1, 119
movement_968	pextrw.mem	SSE	128	2	0	2	120	1	pextrw [rsi], xmm1, 120
movement_969	pextrw.mem	SSE	128	2	0	2	121	1	pextrw [rsi], xmm1, 121
movement_970	pextrw.mem	SSE	128	2	0	2	122	1	pextrw [rsi], xmm1, 122
movement_971	pextrw.mem	SSE	128	2	0	2	123	1	pextrw [rsi], xmm1, 123
movement_972	pextrw.mem	SSE	128	2	0	2	124	1	pextrw [rsi], xmm1, 124
movement_973	pextrw.mem	SSE	128	2	0	2	125	1	pextrw [rsi], xmm1, 125
movement_974	pextrw.mem	SSE	128	2	0	2	126	1	pextrw [rsi], xmm1, 126
movement_975	pextrw.mem	SSE	128	2	0	2	127	1	pextrw [rsi], xmm1, 127
movement_976	pextrw.mem	SSE	128	2	0	2	128	1	pextrw [rsi], xmm1, 128
movement_977	pextrw.mem	SSE	128	2	0	2	129	1	pextrw [rsi], xmm1, 129
movement_978	pextrw.mem	SSE	128	2	0	2	130	1	pextrw [rsi], xmm1, 130
movement_979	pextrw.mem	SSE	128	2	0	2	131	1	pextrw [rsi], xmm1, 131
movement_980	pextrw.mem	SSE	128	2	0	2	132	1	pextrw [rsi], xmm1, 132
movement_981	pextrw.mem	SSE	128	2	0	2	133	1	pextrw [rsi], xmm1, 133
movement_982	pextrw.mem	SSE	128	2	0	2	134	1	pextrw [rsi], xmm1, 134
movement_983	pextrw.mem	SSE	128	2	0	2	135	1	pextrw [rsi], xmm1, 135
movement_984	pextrw.mem	SSE	128	2	0	2	136	1	pextrw [rsi], xmm1, 136
movement_985	pextrw.mem	SSE	128	2	0	2	137	1	pextrw [rsi], xmm1, 137
movement_986	pextrw.mem	SSE	128	2	0	2	138	1	pextrw [rsi], xmm1, 138
movement_987	pextrw.mem	SSE	128	2	0	2	139	1	pextrw [rsi], xmm1, 139
movement_988	pextrw.mem	SSE	128	2	0	2	140	1	pextrw [rsi], xmm1, 140
movement_989	pextrw.mem	SSE	128	2	0	2	141	1	pextrw [rsi], xmm1, 141
movement_990	pextrw.mem	SSE	128	2	0	2	142	1	pextrw [rsi], xmm1, 142
movement_991	pextrw.mem	SSE	128	2	0	2	143	1	pextrw [rsi], xmm1, 143
movement_992	pextrw.mem	SSE	128	2	0	2	144	1	pextrw [rsi], xmm1, 144
movement_993	pextrw.mem	SSE	128	2	0	2	145	1	pextrw [rsi], xmm1, 145
movement_994	pextrw.mem	SSE	128	2	0	2	146	1	pextrw [rsi], xmm1, 146
movement_995	pextrw.mem	SSE	128	2	0	2	147	1	pextrw [rsi], xmm1, 147
movement_996	pextrw.mem	SSE	128	2	0	2	148	1	pextrw [rsi], xmm1, 148
movement_997	pextrw.mem	SSE	128	2	0	2	149	1	pextrw [rsi], xmm1, 149
movement_998	pextrw.mem	SSE	128	2	0	2	150	1	pextrw [rsi], xmm1, 150
movement_999	pextrw.mem	SSE	128	2	0	2	151	1	pextrw [rsi], xmm1, 151
movement_1000	pextrw.mem	SSE	128	2	0	2	152	1	pextrw [rsi], xmm1, 152
movement_1001	pextrw.mem	SSE	128	2	0	2	153	1	pextrw [rsi], xmm1, 153
movement_1002	pextrw.mem	SSE	128	2	0	2	154	1	pextrw [rsi], xmm1, 154
movement_1003	pextrw.mem	SSE	128	2	0	2	155	1	pextrw [rsi], xmm1, 155
movement_1004	pextrw.mem	SSE	128	2	0	2	156	1	pextrw [rsi], xmm1, 156
movement_1005	pextrw.mem	SSE	128	2	0	2	157	1	pextrw [rsi], xmm1, 157
movement_1006	pextrw.mem	SSE	128	2	0	2	158	1	pextrw [rsi], xmm1, 158
movement_1007	pextrw.mem	SSE	128	2	0	2	159	1	pextrw [rsi], xmm1, 159
movement_1008	pextrw.mem	SSE	128	2	0	2	160	1	pextrw [rsi], xmm1, 160
movement_1009	pextrw.mem	SSE	128	2	0	2	161	1	pextrw [rsi], xmm1, 161
movement_1010	pextrw.mem	SSE	128	2	0	2	162	1	pextrw [rsi], xmm1, 162
movement_1011	pextrw.mem	SSE	128	2	0	2	163	1	pextrw [rsi], xmm1, 163
movement_1012	pextrw.mem	SSE	128	2	0	2	164	1	pextrw [rsi], xmm1, 164
movement_1013	pextrw.mem	SSE	128	2	0	2	165	1	pextrw [rsi], xmm1, 165
movement_1014	pextrw.mem	SSE	128	2	0	2	166	1	pextrw [rsi], xmm1, 166
movement_1015	pextrw.mem	SSE	128	2	0	2	167	1	pextrw [rsi], xmm1, 167
movement_1016	pextrw.mem	SSE	128	2	0	2	168	1	pextrw [rsi], xmm1, 168
movement_1017	pextrw.mem	SSE	128	2	0	2	169	1	pextrw [rsi], xmm1, 169
movement_1018	pextrw.mem	SSE	128	2	0	2	170	1	pextrw [rsi], xmm1, 170
movement_1019	pextrw.mem	SSE	128	2	0	2	171	1	pextrw [rsi], xmm1, 171
movement_1020	pextrw.mem	SSE	128	2	0	2	172	1	pextrw [rsi], xmm1, 172
movement_1021	pextrw.mem	SSE	128	2	0	2	173	1	pextrw [rsi], xmm1, 173
movement_1022	pextrw.mem	SSE	128	2	0	2	174	1	pextrw [rsi], xmm1, 174
movement_1023	pextrw.mem	SSE	128	2	0	2	175	1	pextrw [rsi], xmm1, 175
movement_1024	pextrw.mem	SSE	128	2	0	2	176	1	pextrw [rsi], xmm1, 176
movement_1025	pextrw.mem	SSE	128	2	0	2	177	1	pextrw [rsi], xmm1, 177
movement_1026	pextrw.mem	SSE	128	2	0	2	178	1	pextrw [rsi], xmm1, 178
movement_1027	pextrw.mem	SSE	128	2	0	2	179	1	pextrw [rsi], xmm1, 179
movement_1028	pextrw.mem	SSE	128	2	0	2	180	1	pextrw [rsi], xmm1, 180
movement_1029	pextrw.mem	SSE	128	2	0	2	181	1	pextrw [rsi], xmm1, 181
movement_1030	pextrw.mem	SSE	128	2	0	2	182	1	pextrw [rsi], xmm1, 182
movement_1031	pextrw.mem	SSE	128	2	0	2	183	1	pextrw [rsi], xmm1, 183
movement_1032	pextrw.mem	SSE	128	2	0	2	184	1	pextrw [rsi], xmm1, 184
movement_1033	pextrw.mem	SSE	128	2	0	2	185	1	pextrw [rsi], xmm1, 185
movement_1034	pextrw.mem	SSE	128	2	0	2	186	1	pextrw [rsi], xmm1, 186
movement_1035	pextrw.mem	SSE	128	2	0	2	187	1	pextrw [rsi], xmm1, 187
movement_1036	pextrw.mem	SSE	128	2	0	2	188	1	pextrw [rsi], xmm1, 188
movement_1037	pextrw.mem	SSE	128	2	0	2	189	1	pextrw [rsi], xmm1, 189
movement_1038	pextrw.mem	SSE	128	2	0	2	190	1	pextrw [rsi], xmm1, 190
movement_1039	pextrw.mem	SSE	128	2	0	2	191	1	pextrw [rsi], xmm1, 191
movement_1040	pextrw.mem	SSE	128	2	0	2	192	1	pextrw [rsi], xmm1, 192
movement_1041	pextrw.mem	SSE	128	2	0	2	193	1	pextrw [rsi], xmm1, 193
movement_1042	pextrw.mem	SSE	128	2	0	2	194	1	pextrw [rsi], xmm1, 194
movement_1043	pextrw.mem	SSE	128	2	0	2	195	1	pextrw [rsi], xmm1, 195
movement_1044	pextrw.mem	SSE	128	2	0	2	196	1	pextrw [rsi], xmm1, 196
movement_1045	pextrw.mem	SSE	128	2	0	2	197	1	pextrw [rsi], xmm1, 197
movement_1046	pextrw.mem	SSE	128	2	0	2	198	1	pextrw [rsi], xmm1, 198
movement_1047	pextrw.mem	SSE	128	2	0	2	199	1	pextrw [rsi], xmm1, 199
movement_1048	pextrw.mem	SSE	128	2	0	2	200	1	pextrw [rsi], xmm1, 200
movement_1049	pextrw.mem	SSE	128	2	0	2	201	1	pextrw [rsi], xmm1, 201
movement_1050	pextrw.mem	SSE	128	2	0	2	202	1	pextrw [rsi], xmm1, 202
movement_1051	pextrw.mem	SSE	128	2	0	2	203	1	pextrw [rsi], xmm1, 203
movement_1052	pextrw.mem	SSE	128	2	0	2	204	1	pextrw [rsi], xmm1, 204
movement_1053	pextrw.mem	SSE	128	2	0	2	205	1	pextrw [rsi], xmm1, 205
movement_1054	pextrw.mem	SSE	128	2	0	2	206	1	pextrw [rsi], xmm1, 206
movement_1055	pextrw.mem	SSE	128	2	0	2	207	1	pextrw [rsi], xmm1, 207
movement_1056	pextrw.mem	SSE	128	2	0	2	208	1	pextrw [rsi], xmm1, 208
movement_1057	pextrw.mem	SSE	128	2	0	2	209	1	pextrw [rsi], xmm1, 209
movement_1058	pextrw.mem	SSE	128	2	0	2	210	1	pextrw [rsi], xmm1, 210
movement_1059	pextrw.mem	SSE	128	2	0	2	211	1	pextrw [rsi], xmm1, 211
movement_1060	pextrw.mem	SSE	128	2	0	2	212	1	pextrw [rsi], xmm1, 212
movement_1061	pextrw.mem	SSE	128	2	0	2	213	1	pextrw [rsi], xmm1, 213
movement_1062	pextrw.mem	SSE	128	2	0	2	214	1	pextrw [rsi], xmm1, 214
movement_1063	pextrw.mem	SSE	128	2	0	2	215	1	pextrw [rsi], xmm1, 215
movement_1064	pextrw.mem	SSE	128	2	0	2	216	1	pextrw [rsi], xmm1, 216
movement_1065	pextrw.mem	SSE	128	2	0	2	217	1	pextrw [rsi], xmm1, 217
movement_1066	pextrw.mem	SSE	128	2	0	2	218	1	pextrw [rsi], xmm1, 218
movement_1067	pextrw.mem	SSE	128	2	0	2	219	1	pextrw [rsi], xmm1, 219
movement_1068	pextrw.mem	SSE	128	2	0	2	220	1	pextrw [rsi], xmm1, 220
movement_1069	pextrw.mem	SSE	128	2	0	2	221	1	pextrw [rsi], xmm1, 221
movement_1070	pextrw.mem	SSE	128	2	0	2	222	1	pextrw [rsi], xmm1, 222
movement_1071	pextrw.mem	SSE	128	2	0	2	223	1	pextrw [rsi], xmm1, 223
movement_1072	pextrw.mem	SSE	128	2	0	2	224	1	pextrw [rsi], xmm1, 224
movement_1073	pextrw.mem	SSE	128	2	0	2	225	1	pextrw [rsi], xmm1, 225
movement_1074	pextrw.mem	SSE	128	2	0	2	226	1	pextrw [rsi], xmm1, 226
movement_1075	pextrw.mem	SSE	128	2	0	2	227	1	pextrw [rsi], xmm1, 227
movement_1076	pextrw.mem	SSE	128	2	0	2	228	1	pextrw [rsi], xmm1, 228
movement_1077	pextrw.mem	SSE	128	2	0	2	229	1	pextrw [rsi], xmm1, 229
movement_1078	pextrw.mem	SSE	128	2	0	2	230	1	pextrw [rsi], xmm1, 230
movement_1079	pextrw.mem	SSE	128	2	0	2	231	1	pextrw [rsi], xmm1, 231
movement_1080	pextrw.mem	SSE	128	2	0	2	232	1	pextrw [rsi], xmm1, 232
movement_1081	pextrw.mem	SSE	128	2	0	2	233	1	pextrw [rsi], xmm1, 233
movement_1082	pextrw.mem	SSE	128	2	0	2	234	1	pextrw [rsi], xmm1, 234
movement_1083	pextrw.mem	SSE	128	2	0	2	235	1	pextrw [rsi], xmm1, 235
movement_1084	pextrw.mem	SSE	128	2	0	2	236	1	pextrw [rsi], xmm1, 236
movement_1085	pextrw.mem	SSE	128	2	0	2	237	1	pextrw [rsi], xmm1, 237
movement_1086	pextrw.mem	SSE	128	2	0	2	238	1	pextrw [rsi], xmm1, 238
movement_1087	pextrw.mem	SSE	128	2	0	2	239	1	pextrw [rsi], xmm1, 239
movement_1088	pextrw.mem	SSE	128	2	0	2	240	1	pextrw [rsi], xmm1, 240
movement_1089	pextrw.mem	SSE	128	2	0	2	241	1	pextrw [rsi], xmm1, 241
movement_1090	pextrw.mem	SSE	128	2	0	2	242	1	pextrw [rsi], xmm1, 242
movement_1091	pextrw.mem	SSE	128	2	0	2	243	1	pextrw [rsi], xmm1, 243
movement_1092	pextrw.mem	SSE	128	2	0	2	244	1	pextrw [rsi], xmm1, 244
movement_1093	pextrw.mem	SSE	128	2	0	2	245	1	pextrw [rsi], xmm1, 245
movement_1094	pextrw.mem	SSE	128	2	0	2	246	1	pextrw [rsi], xmm1, 246
movement_1095	pextrw.mem	SSE	128	2	0	2	247	1	pextrw [rsi], xmm1, 247
movement_1096	pextrw.mem	SSE	128	2	0	2	248	1	pextrw [rsi], xmm1, 248
movement_1097	pextrw.mem	SSE	128	2	0	2	249	1	pextrw [rsi], xmm1, 249
movement_1098	pextrw.mem	SSE	128	2	0	2	250	1	pextrw [rsi], xmm1, 250
movement_1099	pextrw.mem	SSE	128	2	0	2	251	1	pextrw [rsi], xmm1, 251
movement_1100	pextrw.mem	SSE	128	2	0	2	252	1	pextrw [rsi], xmm1, 252
movement_1101	pextrw.mem	SSE	128	2	0	2	253	1	pextrw [rsi], xmm1, 253
movement_1102	pextrw.mem	SSE	128	2	0	2	254	1	pextrw [rsi], xmm1, 254
movement_1103	pextrw.mem	SSE	128	2	0	2	255	1	pextrw [rsi], xmm1, 255
movement_1104	pextrd.gpr	SSE	128	4	0	0	0	1	pextrd eax, xmm1, 0
movement_1105	pextrd.gpr	SSE	128	4	0	0	1	1	pextrd eax, xmm1, 1
movement_1106	pextrd.gpr	SSE	128	4	0	0	2	1	pextrd eax, xmm1, 2
movement_1107	pextrd.gpr	SSE	128	4	0	0	3	1	pextrd eax, xmm1, 3
movement_1108	pextrd.gpr	SSE	128	4	0	0	4	1	pextrd eax, xmm1, 4
movement_1109	pextrd.gpr	SSE	128	4	0	0	5	1	pextrd eax, xmm1, 5
movement_1110	pextrd.gpr	SSE	128	4	0	0	6	1	pextrd eax, xmm1, 6
movement_1111	pextrd.gpr	SSE	128	4	0	0	7	1	pextrd eax, xmm1, 7
movement_1112	pextrd.gpr	SSE	128	4	0	0	8	1	pextrd eax, xmm1, 8
movement_1113	pextrd.gpr	SSE	128	4	0	0	9	1	pextrd eax, xmm1, 9
movement_1114	pextrd.gpr	SSE	128	4	0	0	10	1	pextrd eax, xmm1, 10
movement_1115	pextrd.gpr	SSE	128	4	0	0	11	1	pextrd eax, xmm1, 11
movement_1116	pextrd.gpr	SSE	128	4	0	0	12	1	pextrd eax, xmm1, 12
movement_1117	pextrd.gpr	SSE	128	4	0	0	13	1	pextrd eax, xmm1, 13
movement_1118	pextrd.gpr	SSE	128	4	0	0	14	1	pextrd eax, xmm1, 14
movement_1119	pextrd.gpr	SSE	128	4	0	0	15	1	pextrd eax, xmm1, 15
movement_1120	pextrd.gpr	SSE	128	4	0	0	16	1	pextrd eax, xmm1, 16
movement_1121	pextrd.gpr	SSE	128	4	0	0	17	1	pextrd eax, xmm1, 17
movement_1122	pextrd.gpr	SSE	128	4	0	0	18	1	pextrd eax, xmm1, 18
movement_1123	pextrd.gpr	SSE	128	4	0	0	19	1	pextrd eax, xmm1, 19
movement_1124	pextrd.gpr	SSE	128	4	0	0	20	1	pextrd eax, xmm1, 20
movement_1125	pextrd.gpr	SSE	128	4	0	0	21	1	pextrd eax, xmm1, 21
movement_1126	pextrd.gpr	SSE	128	4	0	0	22	1	pextrd eax, xmm1, 22
movement_1127	pextrd.gpr	SSE	128	4	0	0	23	1	pextrd eax, xmm1, 23
movement_1128	pextrd.gpr	SSE	128	4	0	0	24	1	pextrd eax, xmm1, 24
movement_1129	pextrd.gpr	SSE	128	4	0	0	25	1	pextrd eax, xmm1, 25
movement_1130	pextrd.gpr	SSE	128	4	0	0	26	1	pextrd eax, xmm1, 26
movement_1131	pextrd.gpr	SSE	128	4	0	0	27	1	pextrd eax, xmm1, 27
movement_1132	pextrd.gpr	SSE	128	4	0	0	28	1	pextrd eax, xmm1, 28
movement_1133	pextrd.gpr	SSE	128	4	0	0	29	1	pextrd eax, xmm1, 29
movement_1134	pextrd.gpr	SSE	128	4	0	0	30	1	pextrd eax, xmm1, 30
movement_1135	pextrd.gpr	SSE	128	4	0	0	31	1	pextrd eax, xmm1, 31
movement_1136	pextrd.gpr	SSE	128	4	0	0	32	1	pextrd eax, xmm1, 32
movement_1137	pextrd.gpr	SSE	128	4	0	0	33	1	pextrd eax, xmm1, 33
movement_1138	pextrd.gpr	SSE	128	4	0	0	34	1	pextrd eax, xmm1, 34
movement_1139	pextrd.gpr	SSE	128	4	0	0	35	1	pextrd eax, xmm1, 35
movement_1140	pextrd.gpr	SSE	128	4	0	0	36	1	pextrd eax, xmm1, 36
movement_1141	pextrd.gpr	SSE	128	4	0	0	37	1	pextrd eax, xmm1, 37
movement_1142	pextrd.gpr	SSE	128	4	0	0	38	1	pextrd eax, xmm1, 38
movement_1143	pextrd.gpr	SSE	128	4	0	0	39	1	pextrd eax, xmm1, 39
movement_1144	pextrd.gpr	SSE	128	4	0	0	40	1	pextrd eax, xmm1, 40
movement_1145	pextrd.gpr	SSE	128	4	0	0	41	1	pextrd eax, xmm1, 41
movement_1146	pextrd.gpr	SSE	128	4	0	0	42	1	pextrd eax, xmm1, 42
movement_1147	pextrd.gpr	SSE	128	4	0	0	43	1	pextrd eax, xmm1, 43
movement_1148	pextrd.gpr	SSE	128	4	0	0	44	1	pextrd eax, xmm1, 44
movement_1149	pextrd.gpr	SSE	128	4	0	0	45	1	pextrd eax, xmm1, 45
movement_1150	pextrd.gpr	SSE	128	4	0	0	46	1	pextrd eax, xmm1, 46
movement_1151	pextrd.gpr	SSE	128	4	0	0	47	1	pextrd eax, xmm1, 47
movement_1152	pextrd.gpr	SSE	128	4	0	0	48	1	pextrd eax, xmm1, 48
movement_1153	pextrd.gpr	SSE	128	4	0	0	49	1	pextrd eax, xmm1, 49
movement_1154	pextrd.gpr	SSE	128	4	0	0	50	1	pextrd eax, xmm1, 50
movement_1155	pextrd.gpr	SSE	128	4	0	0	51	1	pextrd eax, xmm1, 51
movement_1156	pextrd.gpr	SSE	128	4	0	0	52	1	pextrd eax, xmm1, 52
movement_1157	pextrd.gpr	SSE	128	4	0	0	53	1	pextrd eax, xmm1, 53
movement_1158	pextrd.gpr	SSE	128	4	0	0	54	1	pextrd eax, xmm1, 54
movement_1159	pextrd.gpr	SSE	128	4	0	0	55	1	pextrd eax, xmm1, 55
movement_1160	pextrd.gpr	SSE	128	4	0	0	56	1	pextrd eax, xmm1, 56
movement_1161	pextrd.gpr	SSE	128	4	0	0	57	1	pextrd eax, xmm1, 57
movement_1162	pextrd.gpr	SSE	128	4	0	0	58	1	pextrd eax, xmm1, 58
movement_1163	pextrd.gpr	SSE	128	4	0	0	59	1	pextrd eax, xmm1, 59
movement_1164	pextrd.gpr	SSE	128	4	0	0	60	1	pextrd eax, xmm1, 60
movement_1165	pextrd.gpr	SSE	128	4	0	0	61	1	pextrd eax, xmm1, 61
movement_1166	pextrd.gpr	SSE	128	4	0	0	62	1	pextrd eax, xmm1, 62
movement_1167	pextrd.gpr	SSE	128	4	0	0	63	1	pextrd eax, xmm1, 63
movement_1168	pextrd.gpr	SSE	128	4	0	0	64	1	pextrd eax, xmm1, 64
movement_1169	pextrd.gpr	SSE	128	4	0	0	65	1	pextrd eax, xmm1, 65
movement_1170	pextrd.gpr	SSE	128	4	0	0	66	1	pextrd eax, xmm1, 66
movement_1171	pextrd.gpr	SSE	128	4	0	0	67	1	pextrd eax, xmm1, 67
movement_1172	pextrd.gpr	SSE	128	4	0	0	68	1	pextrd eax, xmm1, 68
movement_1173	pextrd.gpr	SSE	128	4	0	0	69	1	pextrd eax, xmm1, 69
movement_1174	pextrd.gpr	SSE	128	4	0	0	70	1	pextrd eax, xmm1, 70
movement_1175	pextrd.gpr	SSE	128	4	0	0	71	1	pextrd eax, xmm1, 71
movement_1176	pextrd.gpr	SSE	128	4	0	0	72	1	pextrd eax, xmm1, 72
movement_1177	pextrd.gpr	SSE	128	4	0	0	73	1	pextrd eax, xmm1, 73
movement_1178	pextrd.gpr	SSE	128	4	0	0	74	1	pextrd eax, xmm1, 74
movement_1179	pextrd.gpr	SSE	128	4	0	0	75	1	pextrd eax, xmm1, 75
movement_1180	pextrd.gpr	SSE	128	4	0	0	76	1	pextrd eax, xmm1, 76
movement_1181	pextrd.gpr	SSE	128	4	0	0	77	1	pextrd eax, xmm1, 77
movement_1182	pextrd.gpr	SSE	128	4	0	0	78	1	pextrd eax, xmm1, 78
movement_1183	pextrd.gpr	SSE	128	4	0	0	79	1	pextrd eax, xmm1, 79
movement_1184	pextrd.gpr	SSE	128	4	0	0	80	1	pextrd eax, xmm1, 80
movement_1185	pextrd.gpr	SSE	128	4	0	0	81	1	pextrd eax, xmm1, 81
movement_1186	pextrd.gpr	SSE	128	4	0	0	82	1	pextrd eax, xmm1, 82
movement_1187	pextrd.gpr	SSE	128	4	0	0	83	1	pextrd eax, xmm1, 83
movement_1188	pextrd.gpr	SSE	128	4	0	0	84	1	pextrd eax, xmm1, 84
movement_1189	pextrd.gpr	SSE	128	4	0	0	85	1	pextrd eax, xmm1, 85
movement_1190	pextrd.gpr	SSE	128	4	0	0	86	1	pextrd eax, xmm1, 86
movement_1191	pextrd.gpr	SSE	128	4	0	0	87	1	pextrd eax, xmm1, 87
movement_1192	pextrd.gpr	SSE	128	4	0	0	88	1	pextrd eax, xmm1, 88
movement_1193	pextrd.gpr	SSE	128	4	0	0	89	1	pextrd eax, xmm1, 89
movement_1194	pextrd.gpr	SSE	128	4	0	0	90	1	pextrd eax, xmm1, 90
movement_1195	pextrd.gpr	SSE	128	4	0	0	91	1	pextrd eax, xmm1, 91
movement_1196	pextrd.gpr	SSE	128	4	0	0	92	1	pextrd eax, xmm1, 92
movement_1197	pextrd.gpr	SSE	128	4	0	0	93	1	pextrd eax, xmm1, 93
movement_1198	pextrd.gpr	SSE	128	4	0	0	94	1	pextrd eax, xmm1, 94
movement_1199	pextrd.gpr	SSE	128	4	0	0	95	1	pextrd eax, xmm1, 95
movement_1200	pextrd.gpr	SSE	128	4	0	0	96	1	pextrd eax, xmm1, 96
movement_1201	pextrd.gpr	SSE	128	4	0	0	97	1	pextrd eax, xmm1, 97
movement_1202	pextrd.gpr	SSE	128	4	0	0	98	1	pextrd eax, xmm1, 98
movement_1203	pextrd.gpr	SSE	128	4	0	0	99	1	pextrd eax, xmm1, 99
movement_1204	pextrd.gpr	SSE	128	4	0	0	100	1	pextrd eax, xmm1, 100
movement_1205	pextrd.gpr	SSE	128	4	0	0	101	1	pextrd eax, xmm1, 101
movement_1206	pextrd.gpr	SSE	128	4	0	0	102	1	pextrd eax, xmm1, 102
movement_1207	pextrd.gpr	SSE	128	4	0	0	103	1	pextrd eax, xmm1, 103
movement_1208	pextrd.gpr	SSE	128	4	0	0	104	1	pextrd eax, xmm1, 104
movement_1209	pextrd.gpr	SSE	128	4	0	0	105	1	pextrd eax, xmm1, 105
movement_1210	pextrd.gpr	SSE	128	4	0	0	106	1	pextrd eax, xmm1, 106
movement_1211	pextrd.gpr	SSE	128	4	0	0	107	1	pextrd eax, xmm1, 107
movement_1212	pextrd.gpr	SSE	128	4	0	0	108	1	pextrd eax, xmm1, 108
movement_1213	pextrd.gpr	SSE	128	4	0	0	109	1	pextrd eax, xmm1, 109
movement_1214	pextrd.gpr	SSE	128	4	0	0	110	1	pextrd eax, xmm1, 110
movement_1215	pextrd.gpr	SSE	128	4	0	0	111	1	pextrd eax, xmm1, 111
movement_1216	pextrd.gpr	SSE	128	4	0	0	112	1	pextrd eax, xmm1, 112
movement_1217	pextrd.gpr	SSE	128	4	0	0	113	1	pextrd eax, xmm1, 113
movement_1218	pextrd.gpr	SSE	128	4	0	0	114	1	pextrd eax, xmm1, 114
movement_1219	pextrd.gpr	SSE	128	4	0	0	115	1	pextrd eax, xmm1, 115
movement_1220	pextrd.gpr	SSE	128	4	0	0	116	1	pextrd eax, xmm1, 116
movement_1221	pextrd.gpr	SSE	128	4	0	0	117	1	pextrd eax, xmm1, 117
movement_1222	pextrd.gpr	SSE	128	4	0	0	118	1	pextrd eax, xmm1, 118
movement_1223	pextrd.gpr	SSE	128	4	0	0	119	1	pextrd eax, xmm1, 119
movement_1224	pextrd.gpr	SSE	128	4	0	0	120	1	pextrd eax, xmm1, 120
movement_1225	pextrd.gpr	SSE	128	4	0	0	121	1	pextrd eax, xmm1, 121
movement_1226	pextrd.gpr	SSE	128	4	0	0	122	1	pextrd eax, xmm1, 122
movement_1227	pextrd.gpr	SSE	128	4	0	0	123	1	pextrd eax, xmm1, 123
movement_1228	pextrd.gpr	SSE	128	4	0	0	124	1	pextrd eax, xmm1, 124
movement_1229	pextrd.gpr	SSE	128	4	0	0	125	1	pextrd eax, xmm1, 125
movement_1230	pextrd.gpr	SSE	128	4	0	0	126	1	pextrd eax, xmm1, 126
movement_1231	pextrd.gpr	SSE	128	4	0	0	127	1	pextrd eax, xmm1, 127
movement_1232	pextrd.gpr	SSE	128	4	0	0	128	1	pextrd eax, xmm1, 128
movement_1233	pextrd.gpr	SSE	128	4	0	0	129	1	pextrd eax, xmm1, 129
movement_1234	pextrd.gpr	SSE	128	4	0	0	130	1	pextrd eax, xmm1, 130
movement_1235	pextrd.gpr	SSE	128	4	0	0	131	1	pextrd eax, xmm1, 131
movement_1236	pextrd.gpr	SSE	128	4	0	0	132	1	pextrd eax, xmm1, 132
movement_1237	pextrd.gpr	SSE	128	4	0	0	133	1	pextrd eax, xmm1, 133
movement_1238	pextrd.gpr	SSE	128	4	0	0	134	1	pextrd eax, xmm1, 134
movement_1239	pextrd.gpr	SSE	128	4	0	0	135	1	pextrd eax, xmm1, 135
movement_1240	pextrd.gpr	SSE	128	4	0	0	136	1	pextrd eax, xmm1, 136
movement_1241	pextrd.gpr	SSE	128	4	0	0	137	1	pextrd eax, xmm1, 137
movement_1242	pextrd.gpr	SSE	128	4	0	0	138	1	pextrd eax, xmm1, 138
movement_1243	pextrd.gpr	SSE	128	4	0	0	139	1	pextrd eax, xmm1, 139
movement_1244	pextrd.gpr	SSE	128	4	0	0	140	1	pextrd eax, xmm1, 140
movement_1245	pextrd.gpr	SSE	128	4	0	0	141	1	pextrd eax, xmm1, 141
movement_1246	pextrd.gpr	SSE	128	4	0	0	142	1	pextrd eax, xmm1, 142
movement_1247	pextrd.gpr	SSE	128	4	0	0	143	1	pextrd eax, xmm1, 143
movement_1248	pextrd.gpr	SSE	128	4	0	0	144	1	pextrd eax, xmm1, 144
movement_1249	pextrd.gpr	SSE	128	4	0	0	145	1	pextrd eax, xmm1, 145
movement_1250	pextrd.gpr	SSE	128	4	0	0	146	1	pextrd eax, xmm1, 146
movement_1251	pextrd.gpr	SSE	128	4	0	0	147	1	pextrd eax, xmm1, 147
movement_1252	pextrd.gpr	SSE	128	4	0	0	148	1	pextrd eax, xmm1, 148
movement_1253	pextrd.gpr	SSE	128	4	0	0	149	1	pextrd eax, xmm1, 149
movement_1254	pextrd.gpr	SSE	128	4	0	0	150	1	pextrd eax, xmm1, 150
movement_1255	pextrd.gpr	SSE	128	4	0	0	151	1	pextrd eax, xmm1, 151
movement_1256	pextrd.gpr	SSE	128	4	0	0	152	1	pextrd eax, xmm1, 152
movement_1257	pextrd.gpr	SSE	128	4	0	0	153	1	pextrd eax, xmm1, 153
movement_1258	pextrd.gpr	SSE	128	4	0	0	154	1	pextrd eax, xmm1, 154
movement_1259	pextrd.gpr	SSE	128	4	0	0	155	1	pextrd eax, xmm1, 155
movement_1260	pextrd.gpr	SSE	128	4	0	0	156	1	pextrd eax, xmm1, 156
movement_1261	pextrd.gpr	SSE	128	4	0	0	157	1	pextrd eax, xmm1, 157
movement_1262	pextrd.gpr	SSE	128	4	0	0	158	1	pextrd eax, xmm1, 158
movement_1263	pextrd.gpr	SSE	128	4	0	0	159	1	pextrd eax, xmm1, 159
movement_1264	pextrd.gpr	SSE	128	4	0	0	160	1	pextrd eax, xmm1, 160
movement_1265	pextrd.gpr	SSE	128	4	0	0	161	1	pextrd eax, xmm1, 161
movement_1266	pextrd.gpr	SSE	128	4	0	0	162	1	pextrd eax, xmm1, 162
movement_1267	pextrd.gpr	SSE	128	4	0	0	163	1	pextrd eax, xmm1, 163
movement_1268	pextrd.gpr	SSE	128	4	0	0	164	1	pextrd eax, xmm1, 164
movement_1269	pextrd.gpr	SSE	128	4	0	0	165	1	pextrd eax, xmm1, 165
movement_1270	pextrd.gpr	SSE	128	4	0	0	166	1	pextrd eax, xmm1, 166
movement_1271	pextrd.gpr	SSE	128	4	0	0	167	1	pextrd eax, xmm1, 167
movement_1272	pextrd.gpr	SSE	128	4	0	0	168	1	pextrd eax, xmm1, 168
movement_1273	pextrd.gpr	SSE	128	4	0	0	169	1	pextrd eax, xmm1, 169
movement_1274	pextrd.gpr	SSE	128	4	0	0	170	1	pextrd eax, xmm1, 170
movement_1275	pextrd.gpr	SSE	128	4	0	0	171	1	pextrd eax, xmm1, 171
movement_1276	pextrd.gpr	SSE	128	4	0	0	172	1	pextrd eax, xmm1, 172
movement_1277	pextrd.gpr	SSE	128	4	0	0	173	1	pextrd eax, xmm1, 173
movement_1278	pextrd.gpr	SSE	128	4	0	0	174	1	pextrd eax, xmm1, 174
movement_1279	pextrd.gpr	SSE	128	4	0	0	175	1	pextrd eax, xmm1, 175
movement_1280	pextrd.gpr	SSE	128	4	0	0	176	1	pextrd eax, xmm1, 176
movement_1281	pextrd.gpr	SSE	128	4	0	0	177	1	pextrd eax, xmm1, 177
movement_1282	pextrd.gpr	SSE	128	4	0	0	178	1	pextrd eax, xmm1, 178
movement_1283	pextrd.gpr	SSE	128	4	0	0	179	1	pextrd eax, xmm1, 179
movement_1284	pextrd.gpr	SSE	128	4	0	0	180	1	pextrd eax, xmm1, 180
movement_1285	pextrd.gpr	SSE	128	4	0	0	181	1	pextrd eax, xmm1, 181
movement_1286	pextrd.gpr	SSE	128	4	0	0	182	1	pextrd eax, xmm1, 182
movement_1287	pextrd.gpr	SSE	128	4	0	0	183	1	pextrd eax, xmm1, 183
movement_1288	pextrd.gpr	SSE	128	4	0	0	184	1	pextrd eax, xmm1, 184
movement_1289	pextrd.gpr	SSE	128	4	0	0	185	1	pextrd eax, xmm1, 185
movement_1290	pextrd.gpr	SSE	128	4	0	0	186	1	pextrd eax, xmm1, 186
movement_1291	pextrd.gpr	SSE	128	4	0	0	187	1	pextrd eax, xmm1, 187
movement_1292	pextrd.gpr	SSE	128	4	0	0	188	1	pextrd eax, xmm1, 188
movement_1293	pextrd.gpr	SSE	128	4	0	0	189	1	pextrd eax, xmm1, 189
movement_1294	pextrd.gpr	SSE	128	4	0	0	190	1	pextrd eax, xmm1, 190
movement_1295	pextrd.gpr	SSE	128	4	0	0	191	1	pextrd eax, xmm1, 191
movement_1296	pextrd.gpr	SSE	128	4	0	0	192	1	pextrd eax, xmm1, 192
movement_1297	pextrd.gpr	SSE	128	4	0	0	193	1	pextrd eax, xmm1, 193
movement_1298	pextrd.gpr	SSE	128	4	0	0	194	1	pextrd eax, xmm1, 194
movement_1299	pextrd.gpr	SSE	128	4	0	0	195	1	pextrd eax, xmm1, 195
movement_1300	pextrd.gpr	SSE	128	4	0	0	196	1	pextrd eax, xmm1, 196
movement_1301	pextrd.gpr	SSE	128	4	0	0	197	1	pextrd eax, xmm1, 197
movement_1302	pextrd.gpr	SSE	128	4	0	0	198	1	pextrd eax, xmm1, 198
movement_1303	pextrd.gpr	SSE	128	4	0	0	199	1	pextrd eax, xmm1, 199
movement_1304	pextrd.gpr	SSE	128	4	0	0	200	1	pextrd eax, xmm1, 200
movement_1305	pextrd.gpr	SSE	128	4	0	0	201	1	pextrd eax, xmm1, 201
movement_1306	pextrd.gpr	SSE	128	4	0	0	202	1	pextrd eax, xmm1, 202
movement_1307	pextrd.gpr	SSE	128	4	0	0	203	1	pextrd eax, xmm1, 203
movement_1308	pextrd.gpr	SSE	128	4	0	0	204	1	pextrd eax, xmm1, 204
movement_1309	pextrd.gpr	SSE	128	4	0	0	205	1	pextrd eax, xmm1, 205
movement_1310	pextrd.gpr	SSE	128	4	0	0	206	1	pextrd eax, xmm1, 206
movement_1311	pextrd.gpr	SSE	128	4	0	0	207	1	pextrd eax, xmm1, 207
movement_1312	pextrd.gpr	SSE	128	4	0	0	208	1	pextrd eax, xmm1, 208
movement_1313	pextrd.gpr	SSE	128	4	0	0	209	1	pextrd eax, xmm1, 209
movement_1314	pextrd.gpr	SSE	128	4	0	0	210	1	pextrd eax, xmm1, 210
movement_1315	pextrd.gpr	SSE	128	4	0	0	211	1	pextrd eax, xmm1, 211
movement_1316	pextrd.gpr	SSE	128	4	0	0	212	1	pextrd eax, xmm1, 212
movement_1317	pextrd.gpr	SSE	128	4	0	0	213	1	pextrd eax, xmm1, 213
movement_1318	pextrd.gpr	SSE	128	4	0	0	214	1	pextrd eax, xmm1, 214
movement_1319	pextrd.gpr	SSE	128	4	0	0	215	1	pextrd eax, xmm1, 215
movement_1320	pextrd.gpr	SSE	128	4	0	0	216	1	pextrd eax, xmm1, 216
movement_1321	pextrd.gpr	SSE	128	4	0	0	217	1	pextrd eax, xmm1, 217
movement_1322	pextrd.gpr	SSE	128	4	0	0	218	1	pextrd eax, xmm1, 218
movement_1323	pextrd.gpr	SSE	128	4	0	0	219	1	pextrd eax, xmm1, 219
movement_1324	pextrd.gpr	SSE	128	4	0	0	220	1	pextrd eax, xmm1, 220
movement_1325	pextrd.gpr	SSE	128	4	0	0	221	1	pextrd eax, xmm1, 221
movement_1326	pextrd.gpr	SSE	128	4	0	0	222	1	pextrd eax, xmm1, 222
movement_1327	pextrd.gpr	SSE	128	4	0	0	223	1	pextrd eax, xmm1, 223
movement_1328	pextrd.gpr	SSE	128	4	0	0	224	1	pextrd eax, xmm1, 224
movement_1329	pextrd.gpr	SSE	128	4	0	0	225	1	pextrd eax, xmm1, 225
movement_1330	pextrd.gpr	SSE	128	4	0	0	226	1	pextrd eax, xmm1, 226
movement_1331	pextrd.gpr	SSE	128	4	0	0	227	1	pextrd eax, xmm1, 227
movement_1332	pextrd.gpr	SSE	128	4	0	0	228	1	pextrd eax, xmm1, 228
movement_1333	pextrd.gpr	SSE	128	4	0	0	229	1	pextrd eax, xmm1, 229
movement_1334	pextrd.gpr	SSE	128	4	0	0	230	1	pextrd eax, xmm1, 230
movement_1335	pextrd.gpr	SSE	128	4	0	0	231	1	pextrd eax, xmm1, 231
movement_1336	pextrd.gpr	SSE	128	4	0	0	232	1	pextrd eax, xmm1, 232
movement_1337	pextrd.gpr	SSE	128	4	0	0	233	1	pextrd eax, xmm1, 233
movement_1338	pextrd.gpr	SSE	128	4	0	0	234	1	pextrd eax, xmm1, 234
movement_1339	pextrd.gpr	SSE	128	4	0	0	235	1	pextrd eax, xmm1, 235
movement_1340	pextrd.gpr	SSE	128	4	0	0	236	1	pextrd eax, xmm1, 236
movement_1341	pextrd.gpr	SSE	128	4	0	0	237	1	pextrd eax, xmm1, 237
movement_1342	pextrd.gpr	SSE	128	4	0	0	238	1	pextrd eax, xmm1, 238
movement_1343	pextrd.gpr	SSE	128	4	0	0	239	1	pextrd eax, xmm1, 239
movement_1344	pextrd.gpr	SSE	128	4	0	0	240	1	pextrd eax, xmm1, 240
movement_1345	pextrd.gpr	SSE	128	4	0	0	241	1	pextrd eax, xmm1, 241
movement_1346	pextrd.gpr	SSE	128	4	0	0	242	1	pextrd eax, xmm1, 242
movement_1347	pextrd.gpr	SSE	128	4	0	0	243	1	pextrd eax, xmm1, 243
movement_1348	pextrd.gpr	SSE	128	4	0	0	244	1	pextrd eax, xmm1, 244
movement_1349	pextrd.gpr	SSE	128	4	0	0	245	1	pextrd eax, xmm1, 245
movement_1350	pextrd.gpr	SSE	128	4	0	0	246	1	pextrd eax, xmm1, 246
movement_1351	pextrd.gpr	SSE	128	4	0	0	247	1	pextrd eax, xmm1, 247
movement_1352	pextrd.gpr	SSE	128	4	0	0	248	1	pextrd eax, xmm1, 248
movement_1353	pextrd.gpr	SSE	128	4	0	0	249	1	pextrd eax, xmm1, 249
movement_1354	pextrd.gpr	SSE	128	4	0	0	250	1	pextrd eax, xmm1, 250
movement_1355	pextrd.gpr	SSE	128	4	0	0	251	1	pextrd eax, xmm1, 251
movement_1356	pextrd.gpr	SSE	128	4	0	0	252	1	pextrd eax, xmm1, 252
movement_1357	pextrd.gpr	SSE	128	4	0	0	253	1	pextrd eax, xmm1, 253
movement_1358	pextrd.gpr	SSE	128	4	0	0	254	1	pextrd eax, xmm1, 254
movement_1359	pextrd.gpr	SSE	128	4	0	0	255	1	pextrd eax, xmm1, 255
movement_1360	pextrd.mem	SSE	128	4	0	2	0	1	pextrd [rsi], xmm1, 0
movement_1361	pextrd.mem	SSE	128	4	0	2	1	1	pextrd [rsi], xmm1, 1
movement_1362	pextrd.mem	SSE	128	4	0	2	2	1	pextrd [rsi], xmm1, 2
movement_1363	pextrd.mem	SSE	128	4	0	2	3	1	pextrd [rsi], xmm1, 3
movement_1364	pextrd.mem	SSE	128	4	0	2	4	1	pextrd [rsi], xmm1, 4
movement_1365	pextrd.mem	SSE	128	4	0	2	5	1	pextrd [rsi], xmm1, 5
movement_1366	pextrd.mem	SSE	128	4	0	2	6	1	pextrd [rsi], xmm1, 6
movement_1367	pextrd.mem	SSE	128	4	0	2	7	1	pextrd [rsi], xmm1, 7
movement_1368	pextrd.mem	SSE	128	4	0	2	8	1	pextrd [rsi], xmm1, 8
movement_1369	pextrd.mem	SSE	128	4	0	2	9	1	pextrd [rsi], xmm1, 9
movement_1370	pextrd.mem	SSE	128	4	0	2	10	1	pextrd [rsi], xmm1, 10
movement_1371	pextrd.mem	SSE	128	4	0	2	11	1	pextrd [rsi], xmm1, 11
movement_1372	pextrd.mem	SSE	128	4	0	2	12	1	pextrd [rsi], xmm1, 12
movement_1373	pextrd.mem	SSE	128	4	0	2	13	1	pextrd [rsi], xmm1, 13
movement_1374	pextrd.mem	SSE	128	4	0	2	14	1	pextrd [rsi], xmm1, 14
movement_1375	pextrd.mem	SSE	128	4	0	2	15	1	pextrd [rsi], xmm1, 15
movement_1376	pextrd.mem	SSE	128	4	0	2	16	1	pextrd [rsi], xmm1, 16
movement_1377	pextrd.mem	SSE	128	4	0	2	17	1	pextrd [rsi], xmm1, 17
movement_1378	pextrd.mem	SSE	128	4	0	2	18	1	pextrd [rsi], xmm1, 18
movement_1379	pextrd.mem	SSE	128	4	0	2	19	1	pextrd [rsi], xmm1, 19
movement_1380	pextrd.mem	SSE	128	4	0	2	20	1	pextrd [rsi], xmm1, 20
movement_1381	pextrd.mem	SSE	128	4	0	2	21	1	pextrd [rsi], xmm1, 21
movement_1382	pextrd.mem	SSE	128	4	0	2	22	1	pextrd [rsi], xmm1, 22
movement_1383	pextrd.mem	SSE	128	4	0	2	23	1	pextrd [rsi], xmm1, 23
movement_1384	pextrd.mem	SSE	128	4	0	2	24	1	pextrd [rsi], xmm1, 24
movement_1385	pextrd.mem	SSE	128	4	0	2	25	1	pextrd [rsi], xmm1, 25
movement_1386	pextrd.mem	SSE	128	4	0	2	26	1	pextrd [rsi], xmm1, 26
movement_1387	pextrd.mem	SSE	128	4	0	2	27	1	pextrd [rsi], xmm1, 27
movement_1388	pextrd.mem	SSE	128	4	0	2	28	1	pextrd [rsi], xmm1, 28
movement_1389	pextrd.mem	SSE	128	4	0	2	29	1	pextrd [rsi], xmm1, 29
movement_1390	pextrd.mem	SSE	128	4	0	2	30	1	pextrd [rsi], xmm1, 30
movement_1391	pextrd.mem	SSE	128	4	0	2	31	1	pextrd [rsi], xmm1, 31
movement_1392	pextrd.mem	SSE	128	4	0	2	32	1	pextrd [rsi], xmm1, 32
movement_1393	pextrd.mem	SSE	128	4	0	2	33	1	pextrd [rsi], xmm1, 33
movement_1394	pextrd.mem	SSE	128	4	0	2	34	1	pextrd [rsi], xmm1, 34
movement_1395	pextrd.mem	SSE	128	4	0	2	35	1	pextrd [rsi], xmm1, 35
movement_1396	pextrd.mem	SSE	128	4	0	2	36	1	pextrd [rsi], xmm1, 36
movement_1397	pextrd.mem	SSE	128	4	0	2	37	1	pextrd [rsi], xmm1, 37
movement_1398	pextrd.mem	SSE	128	4	0	2	38	1	pextrd [rsi], xmm1, 38
movement_1399	pextrd.mem	SSE	128	4	0	2	39	1	pextrd [rsi], xmm1, 39
movement_1400	pextrd.mem	SSE	128	4	0	2	40	1	pextrd [rsi], xmm1, 40
movement_1401	pextrd.mem	SSE	128	4	0	2	41	1	pextrd [rsi], xmm1, 41
movement_1402	pextrd.mem	SSE	128	4	0	2	42	1	pextrd [rsi], xmm1, 42
movement_1403	pextrd.mem	SSE	128	4	0	2	43	1	pextrd [rsi], xmm1, 43
movement_1404	pextrd.mem	SSE	128	4	0	2	44	1	pextrd [rsi], xmm1, 44
movement_1405	pextrd.mem	SSE	128	4	0	2	45	1	pextrd [rsi], xmm1, 45
movement_1406	pextrd.mem	SSE	128	4	0	2	46	1	pextrd [rsi], xmm1, 46
movement_1407	pextrd.mem	SSE	128	4	0	2	47	1	pextrd [rsi], xmm1, 47
movement_1408	pextrd.mem	SSE	128	4	0	2	48	1	pextrd [rsi], xmm1, 48
movement_1409	pextrd.mem	SSE	128	4	0	2	49	1	pextrd [rsi], xmm1, 49
movement_1410	pextrd.mem	SSE	128	4	0	2	50	1	pextrd [rsi], xmm1, 50
movement_1411	pextrd.mem	SSE	128	4	0	2	51	1	pextrd [rsi], xmm1, 51
movement_1412	pextrd.mem	SSE	128	4	0	2	52	1	pextrd [rsi], xmm1, 52
movement_1413	pextrd.mem	SSE	128	4	0	2	53	1	pextrd [rsi], xmm1, 53
movement_1414	pextrd.mem	SSE	128	4	0	2	54	1	pextrd [rsi], xmm1, 54
movement_1415	pextrd.mem	SSE	128	4	0	2	55	1	pextrd [rsi], xmm1, 55
movement_1416	pextrd.mem	SSE	128	4	0	2	56	1	pextrd [rsi], xmm1, 56
movement_1417	pextrd.mem	SSE	128	4	0	2	57	1	pextrd [rsi], xmm1, 57
movement_1418	pextrd.mem	SSE	128	4	0	2	58	1	pextrd [rsi], xmm1, 58
movement_1419	pextrd.mem	SSE	128	4	0	2	59	1	pextrd [rsi], xmm1, 59
movement_1420	pextrd.mem	SSE	128	4	0	2	60	1	pextrd [rsi], xmm1, 60
movement_1421	pextrd.mem	SSE	128	4	0	2	61	1	pextrd [rsi], xmm1, 61
movement_1422	pextrd.mem	SSE	128	4	0	2	62	1	pextrd [rsi], xmm1, 62
movement_1423	pextrd.mem	SSE	128	4	0	2	63	1	pextrd [rsi], xmm1, 63
movement_1424	pextrd.mem	SSE	128	4	0	2	64	1	pextrd [rsi], xmm1, 64
movement_1425	pextrd.mem	SSE	128	4	0	2	65	1	pextrd [rsi], xmm1, 65
movement_1426	pextrd.mem	SSE	128	4	0	2	66	1	pextrd [rsi], xmm1, 66
movement_1427	pextrd.mem	SSE	128	4	0	2	67	1	pextrd [rsi], xmm1, 67
movement_1428	pextrd.mem	SSE	128	4	0	2	68	1	pextrd [rsi], xmm1, 68
movement_1429	pextrd.mem	SSE	128	4	0	2	69	1	pextrd [rsi], xmm1, 69
movement_1430	pextrd.mem	SSE	128	4	0	2	70	1	pextrd [rsi], xmm1, 70
movement_1431	pextrd.mem	SSE	128	4	0	2	71	1	pextrd [rsi], xmm1, 71
movement_1432	pextrd.mem	SSE	128	4	0	2	72	1	pextrd [rsi], xmm1, 72
movement_1433	pextrd.mem	SSE	128	4	0	2	73	1	pextrd [rsi], xmm1, 73
movement_1434	pextrd.mem	SSE	128	4	0	2	74	1	pextrd [rsi], xmm1, 74
movement_1435	pextrd.mem	SSE	128	4	0	2	75	1	pextrd [rsi], xmm1, 75
movement_1436	pextrd.mem	SSE	128	4	0	2	76	1	pextrd [rsi], xmm1, 76
movement_1437	pextrd.mem	SSE	128	4	0	2	77	1	pextrd [rsi], xmm1, 77
movement_1438	pextrd.mem	SSE	128	4	0	2	78	1	pextrd [rsi], xmm1, 78
movement_1439	pextrd.mem	SSE	128	4	0	2	79	1	pextrd [rsi], xmm1, 79
movement_1440	pextrd.mem	SSE	128	4	0	2	80	1	pextrd [rsi], xmm1, 80
movement_1441	pextrd.mem	SSE	128	4	0	2	81	1	pextrd [rsi], xmm1, 81
movement_1442	pextrd.mem	SSE	128	4	0	2	82	1	pextrd [rsi], xmm1, 82
movement_1443	pextrd.mem	SSE	128	4	0	2	83	1	pextrd [rsi], xmm1, 83
movement_1444	pextrd.mem	SSE	128	4	0	2	84	1	pextrd [rsi], xmm1, 84
movement_1445	pextrd.mem	SSE	128	4	0	2	85	1	pextrd [rsi], xmm1, 85
movement_1446	pextrd.mem	SSE	128	4	0	2	86	1	pextrd [rsi], xmm1, 86
movement_1447	pextrd.mem	SSE	128	4	0	2	87	1	pextrd [rsi], xmm1, 87
movement_1448	pextrd.mem	SSE	128	4	0	2	88	1	pextrd [rsi], xmm1, 88
movement_1449	pextrd.mem	SSE	128	4	0	2	89	1	pextrd [rsi], xmm1, 89
movement_1450	pextrd.mem	SSE	128	4	0	2	90	1	pextrd [rsi], xmm1, 90
movement_1451	pextrd.mem	SSE	128	4	0	2	91	1	pextrd [rsi], xmm1, 91
movement_1452	pextrd.mem	SSE	128	4	0	2	92	1	pextrd [rsi], xmm1, 92
movement_1453	pextrd.mem	SSE	128	4	0	2	93	1	pextrd [rsi], xmm1, 93
movement_1454	pextrd.mem	SSE	128	4	0	2	94	1	pextrd [rsi], xmm1, 94
movement_1455	pextrd.mem	SSE	128	4	0	2	95	1	pextrd [rsi], xmm1, 95
movement_1456	pextrd.mem	SSE	128	4	0	2	96	1	pextrd [rsi], xmm1, 96
movement_1457	pextrd.mem	SSE	128	4	0	2	97	1	pextrd [rsi], xmm1, 97
movement_1458	pextrd.mem	SSE	128	4	0	2	98	1	pextrd [rsi], xmm1, 98
movement_1459	pextrd.mem	SSE	128	4	0	2	99	1	pextrd [rsi], xmm1, 99
movement_1460	pextrd.mem	SSE	128	4	0	2	100	1	pextrd [rsi], xmm1, 100
movement_1461	pextrd.mem	SSE	128	4	0	2	101	1	pextrd [rsi], xmm1, 101
movement_1462	pextrd.mem	SSE	128	4	0	2	102	1	pextrd [rsi], xmm1, 102
movement_1463	pextrd.mem	SSE	128	4	0	2	103	1	pextrd [rsi], xmm1, 103
movement_1464	pextrd.mem	SSE	128	4	0	2	104	1	pextrd [rsi], xmm1, 104
movement_1465	pextrd.mem	SSE	128	4	0	2	105	1	pextrd [rsi], xmm1, 105
movement_1466	pextrd.mem	SSE	128	4	0	2	106	1	pextrd [rsi], xmm1, 106
movement_1467	pextrd.mem	SSE	128	4	0	2	107	1	pextrd [rsi], xmm1, 107
movement_1468	pextrd.mem	SSE	128	4	0	2	108	1	pextrd [rsi], xmm1, 108
movement_1469	pextrd.mem	SSE	128	4	0	2	109	1	pextrd [rsi], xmm1, 109
movement_1470	pextrd.mem	SSE	128	4	0	2	110	1	pextrd [rsi], xmm1, 110
movement_1471	pextrd.mem	SSE	128	4	0	2	111	1	pextrd [rsi], xmm1, 111
movement_1472	pextrd.mem	SSE	128	4	0	2	112	1	pextrd [rsi], xmm1, 112
movement_1473	pextrd.mem	SSE	128	4	0	2	113	1	pextrd [rsi], xmm1, 113
movement_1474	pextrd.mem	SSE	128	4	0	2	114	1	pextrd [rsi], xmm1, 114
movement_1475	pextrd.mem	SSE	128	4	0	2	115	1	pextrd [rsi], xmm1, 115
movement_1476	pextrd.mem	SSE	128	4	0	2	116	1	pextrd [rsi], xmm1, 116
movement_1477	pextrd.mem	SSE	128	4	0	2	117	1	pextrd [rsi], xmm1, 117
movement_1478	pextrd.mem	SSE	128	4	0	2	118	1	pextrd [rsi], xmm1, 118
movement_1479	pextrd.mem	SSE	128	4	0	2	119	1	pextrd [rsi], xmm1, 119
movement_1480	pextrd.mem	SSE	128	4	0	2	120	1	pextrd [rsi], xmm1, 120
movement_1481	pextrd.mem	SSE	128	4	0	2	121	1	pextrd [rsi], xmm1, 121
movement_1482	pextrd.mem	SSE	128	4	0	2	122	1	pextrd [rsi], xmm1, 122
movement_1483	pextrd.mem	SSE	128	4	0	2	123	1	pextrd [rsi], xmm1, 123
movement_1484	pextrd.mem	SSE	128	4	0	2	124	1	pextrd [rsi], xmm1, 124
movement_1485	pextrd.mem	SSE	128	4	0	2	125	1	pextrd [rsi], xmm1, 125
movement_1486	pextrd.mem	SSE	128	4	0	2	126	1	pextrd [rsi], xmm1, 126
movement_1487	pextrd.mem	SSE	128	4	0	2	127	1	pextrd [rsi], xmm1, 127
movement_1488	pextrd.mem	SSE	128	4	0	2	128	1	pextrd [rsi], xmm1, 128
movement_1489	pextrd.mem	SSE	128	4	0	2	129	1	pextrd [rsi], xmm1, 129
movement_1490	pextrd.mem	SSE	128	4	0	2	130	1	pextrd [rsi], xmm1, 130
movement_1491	pextrd.mem	SSE	128	4	0	2	131	1	pextrd [rsi], xmm1, 131
movement_1492	pextrd.mem	SSE	128	4	0	2	132	1	pextrd [rsi], xmm1, 132
movement_1493	pextrd.mem	SSE	128	4	0	2	133	1	pextrd [rsi], xmm1, 133
movement_1494	pextrd.mem	SSE	128	4	0	2	134	1	pextrd [rsi], xmm1, 134
movement_1495	pextrd.mem	SSE	128	4	0	2	135	1	pextrd [rsi], xmm1, 135
movement_1496	pextrd.mem	SSE	128	4	0	2	136	1	pextrd [rsi], xmm1, 136
movement_1497	pextrd.mem	SSE	128	4	0	2	137	1	pextrd [rsi], xmm1, 137
movement_1498	pextrd.mem	SSE	128	4	0	2	138	1	pextrd [rsi], xmm1, 138
movement_1499	pextrd.mem	SSE	128	4	0	2	139	1	pextrd [rsi], xmm1, 139
movement_1500	pextrd.mem	SSE	128	4	0	2	140	1	pextrd [rsi], xmm1, 140
movement_1501	pextrd.mem	SSE	128	4	0	2	141	1	pextrd [rsi], xmm1, 141
movement_1502	pextrd.mem	SSE	128	4	0	2	142	1	pextrd [rsi], xmm1, 142
movement_1503	pextrd.mem	SSE	128	4	0	2	143	1	pextrd [rsi], xmm1, 143
movement_1504	pextrd.mem	SSE	128	4	0	2	144	1	pextrd [rsi], xmm1, 144
movement_1505	pextrd.mem	SSE	128	4	0	2	145	1	pextrd [rsi], xmm1, 145
movement_1506	pextrd.mem	SSE	128	4	0	2	146	1	pextrd [rsi], xmm1, 146
movement_1507	pextrd.mem	SSE	128	4	0	2	147	1	pextrd [rsi], xmm1, 147
movement_1508	pextrd.mem	SSE	128	4	0	2	148	1	pextrd [rsi], xmm1, 148
movement_1509	pextrd.mem	SSE	128	4	0	2	149	1	pextrd [rsi], xmm1, 149
movement_1510	pextrd.mem	SSE	128	4	0	2	150	1	pextrd [rsi], xmm1, 150
movement_1511	pextrd.mem	SSE	128	4	0	2	151	1	pextrd [rsi], xmm1, 151
movement_1512	pextrd.mem	SSE	128	4	0	2	152	1	pextrd [rsi], xmm1, 152
movement_1513	pextrd.mem	SSE	128	4	0	2	153	1	pextrd [rsi], xmm1, 153
movement_1514	pextrd.mem	SSE	128	4	0	2	154	1	pextrd [rsi], xmm1, 154
movement_1515	pextrd.mem	SSE	128	4	0	2	155	1	pextrd [rsi], xmm1, 155
movement_1516	pextrd.mem	SSE	128	4	0	2	156	1	pextrd [rsi], xmm1, 156
movement_1517	pextrd.mem	SSE	128	4	0	2	157	1	pextrd [rsi], xmm1, 157
movement_1518	pextrd.mem	SSE	128	4	0	2	158	1	pextrd [rsi], xmm1, 158
movement_1519	pextrd.mem	SSE	128	4	0	2	159	1	pextrd [rsi], xmm1, 159
movement_1520	pextrd.mem	SSE	128	4	0	2	160	1	pextrd [rsi], xmm1, 160
movement_1521	pextrd.mem	SSE	128	4	0	2	161	1	pextrd [rsi], xmm1, 161
movement_1522	pextrd.mem	SSE	128	4	0	2	162	1	pextrd [rsi], xmm1, 162
movement_1523	pextrd.mem	SSE	128	4	0	2	163	1	pextrd [rsi], xmm1, 163
movement_1524	pextrd.mem	SSE	128	4	0	2	164	1	pextrd [rsi], xmm1, 164
movement_1525	pextrd.mem	SSE	128	4	0	2	165	1	pextrd [rsi], xmm1, 165
movement_1526	pextrd.mem	SSE	128	4	0	2	166	1	pextrd [rsi], xmm1, 166
movement_1527	pextrd.mem	SSE	128	4	0	2	167	1	pextrd [rsi], xmm1, 167
movement_1528	pextrd.mem	SSE	128	4	0	2	168	1	pextrd [rsi], xmm1, 168
movement_1529	pextrd.mem	SSE	128	4	0	2	169	1	pextrd [rsi], xmm1, 169
movement_1530	pextrd.mem	SSE	128	4	0	2	170	1	pextrd [rsi], xmm1, 170
movement_1531	pextrd.mem	SSE	128	4	0	2	171	1	pextrd [rsi], xmm1, 171
movement_1532	pextrd.mem	SSE	128	4	0	2	172	1	pextrd [rsi], xmm1, 172
movement_1533	pextrd.mem	SSE	128	4	0	2	173	1	pextrd [rsi], xmm1, 173
movement_1534	pextrd.mem	SSE	128	4	0	2	174	1	pextrd [rsi], xmm1, 174
movement_1535	pextrd.mem	SSE	128	4	0	2	175	1	pextrd [rsi], xmm1, 175
movement_1536	pextrd.mem	SSE	128	4	0	2	176	1	pextrd [rsi], xmm1, 176
movement_1537	pextrd.mem	SSE	128	4	0	2	177	1	pextrd [rsi], xmm1, 177
movement_1538	pextrd.mem	SSE	128	4	0	2	178	1	pextrd [rsi], xmm1, 178
movement_1539	pextrd.mem	SSE	128	4	0	2	179	1	pextrd [rsi], xmm1, 179
movement_1540	pextrd.mem	SSE	128	4	0	2	180	1	pextrd [rsi], xmm1, 180
movement_1541	pextrd.mem	SSE	128	4	0	2	181	1	pextrd [rsi], xmm1, 181
movement_1542	pextrd.mem	SSE	128	4	0	2	182	1	pextrd [rsi], xmm1, 182
movement_1543	pextrd.mem	SSE	128	4	0	2	183	1	pextrd [rsi], xmm1, 183
movement_1544	pextrd.mem	SSE	128	4	0	2	184	1	pextrd [rsi], xmm1, 184
movement_1545	pextrd.mem	SSE	128	4	0	2	185	1	pextrd [rsi], xmm1, 185
movement_1546	pextrd.mem	SSE	128	4	0	2	186	1	pextrd [rsi], xmm1, 186
movement_1547	pextrd.mem	SSE	128	4	0	2	187	1	pextrd [rsi], xmm1, 187
movement_1548	pextrd.mem	SSE	128	4	0	2	188	1	pextrd [rsi], xmm1, 188
movement_1549	pextrd.mem	SSE	128	4	0	2	189	1	pextrd [rsi], xmm1, 189
movement_1550	pextrd.mem	SSE	128	4	0	2	190	1	pextrd [rsi], xmm1, 190
movement_1551	pextrd.mem	SSE	128	4	0	2	191	1	pextrd [rsi], xmm1, 191
movement_1552	pextrd.mem	SSE	128	4	0	2	192	1	pextrd [rsi], xmm1, 192
movement_1553	pextrd.mem	SSE	128	4	0	2	193	1	pextrd [rsi], xmm1, 193
movement_1554	pextrd.mem	SSE	128	4	0	2	194	1	pextrd [rsi], xmm1, 194
movement_1555	pextrd.mem	SSE	128	4	0	2	195	1	pextrd [rsi], xmm1, 195
movement_1556	pextrd.mem	SSE	128	4	0	2	196	1	pextrd [rsi], xmm1, 196
movement_1557	pextrd.mem	SSE	128	4	0	2	197	1	pextrd [rsi], xmm1, 197
movement_1558	pextrd.mem	SSE	128	4	0	2	198	1	pextrd [rsi], xmm1, 198
movement_1559	pextrd.mem	SSE	128	4	0	2	199	1	pextrd [rsi], xmm1, 199
movement_1560	pextrd.mem	SSE	128	4	0	2	200	1	pextrd [rsi], xmm1, 200
movement_1561	pextrd.mem	SSE	128	4	0	2	201	1	pextrd [rsi], xmm1, 201
movement_1562	pextrd.mem	SSE	128	4	0	2	202	1	pextrd [rsi], xmm1, 202
movement_1563	pextrd.mem	SSE	128	4	0	2	203	1	pextrd [rsi], xmm1, 203
movement_1564	pextrd.mem	SSE	128	4	0	2	204	1	pextrd [rsi], xmm1, 204
movement_1565	pextrd.mem	SSE	128	4	0	2	205	1	pextrd [rsi], xmm1, 205
movement_1566	pextrd.mem	SSE	128	4	0	2	206	1	pextrd [rsi], xmm1, 206
movement_1567	pextrd.mem	SSE	128	4	0	2	207	1	pextrd [rsi], xmm1, 207
movement_1568	pextrd.mem	SSE	128	4	0	2	208	1	pextrd [rsi], xmm1, 208
movement_1569	pextrd.mem	SSE	128	4	0	2	209	1	pextrd [rsi], xmm1, 209
movement_1570	pextrd.mem	SSE	128	4	0	2	210	1	pextrd [rsi], xmm1, 210
movement_1571	pextrd.mem	SSE	128	4	0	2	211	1	pextrd [rsi], xmm1, 211
movement_1572	pextrd.mem	SSE	128	4	0	2	212	1	pextrd [rsi], xmm1, 212
movement_1573	pextrd.mem	SSE	128	4	0	2	213	1	pextrd [rsi], xmm1, 213
movement_1574	pextrd.mem	SSE	128	4	0	2	214	1	pextrd [rsi], xmm1, 214
movement_1575	pextrd.mem	SSE	128	4	0	2	215	1	pextrd [rsi], xmm1, 215
movement_1576	pextrd.mem	SSE	128	4	0	2	216	1	pextrd [rsi], xmm1, 216
movement_1577	pextrd.mem	SSE	128	4	0	2	217	1	pextrd [rsi], xmm1, 217
movement_1578	pextrd.mem	SSE	128	4	0	2	218	1	pextrd [rsi], xmm1, 218
movement_1579	pextrd.mem	SSE	128	4	0	2	219	1	pextrd [rsi], xmm1, 219
movement_1580	pextrd.mem	SSE	128	4	0	2	220	1	pextrd [rsi], xmm1, 220
movement_1581	pextrd.mem	SSE	128	4	0	2	221	1	pextrd [rsi], xmm1, 221
movement_1582	pextrd.mem	SSE	128	4	0	2	222	1	pextrd [rsi], xmm1, 222
movement_1583	pextrd.mem	SSE	128	4	0	2	223	1	pextrd [rsi], xmm1, 223
movement_1584	pextrd.mem	SSE	128	4	0	2	224	1	pextrd [rsi], xmm1, 224
movement_1585	pextrd.mem	SSE	128	4	0	2	225	1	pextrd [rsi], xmm1, 225
movement_1586	pextrd.mem	SSE	128	4	0	2	226	1	pextrd [rsi], xmm1, 226
movement_1587	pextrd.mem	SSE	128	4	0	2	227	1	pextrd [rsi], xmm1, 227
movement_1588	pextrd.mem	SSE	128	4	0	2	228	1	pextrd [rsi], xmm1, 228
movement_1589	pextrd.mem	SSE	128	4	0	2	229	1	pextrd [rsi], xmm1, 229
movement_1590	pextrd.mem	SSE	128	4	0	2	230	1	pextrd [rsi], xmm1, 230
movement_1591	pextrd.mem	SSE	128	4	0	2	231	1	pextrd [rsi], xmm1, 231
movement_1592	pextrd.mem	SSE	128	4	0	2	232	1	pextrd [rsi], xmm1, 232
movement_1593	pextrd.mem	SSE	128	4	0	2	233	1	pextrd [rsi], xmm1, 233
movement_1594	pextrd.mem	SSE	128	4	0	2	234	1	pextrd [rsi], xmm1, 234
movement_1595	pextrd.mem	SSE	128	4	0	2	235	1	pextrd [rsi], xmm1, 235
movement_1596	pextrd.mem	SSE	128	4	0	2	236	1	pextrd [rsi], xmm1, 236
movement_1597	pextrd.mem	SSE	128	4	0	2	237	1	pextrd [rsi], xmm1, 237
movement_1598	pextrd.mem	SSE	128	4	0	2	238	1	pextrd [rsi], xmm1, 238
movement_1599	pextrd.mem	SSE	128	4	0	2	239	1	pextrd [rsi], xmm1, 239
movement_1600	pextrd.mem	SSE	128	4	0	2	240	1	pextrd [rsi], xmm1, 240
movement_1601	pextrd.mem	SSE	128	4	0	2	241	1	pextrd [rsi], xmm1, 241
movement_1602	pextrd.mem	SSE	128	4	0	2	242	1	pextrd [rsi], xmm1, 242
movement_1603	pextrd.mem	SSE	128	4	0	2	243	1	pextrd [rsi], xmm1, 243
movement_1604	pextrd.mem	SSE	128	4	0	2	244	1	pextrd [rsi], xmm1, 244
movement_1605	pextrd.mem	SSE	128	4	0	2	245	1	pextrd [rsi], xmm1, 245
movement_1606	pextrd.mem	SSE	128	4	0	2	246	1	pextrd [rsi], xmm1, 246
movement_1607	pextrd.mem	SSE	128	4	0	2	247	1	pextrd [rsi], xmm1, 247
movement_1608	pextrd.mem	SSE	128	4	0	2	248	1	pextrd [rsi], xmm1, 248
movement_1609	pextrd.mem	SSE	128	4	0	2	249	1	pextrd [rsi], xmm1, 249
movement_1610	pextrd.mem	SSE	128	4	0	2	250	1	pextrd [rsi], xmm1, 250
movement_1611	pextrd.mem	SSE	128	4	0	2	251	1	pextrd [rsi], xmm1, 251
movement_1612	pextrd.mem	SSE	128	4	0	2	252	1	pextrd [rsi], xmm1, 252
movement_1613	pextrd.mem	SSE	128	4	0	2	253	1	pextrd [rsi], xmm1, 253
movement_1614	pextrd.mem	SSE	128	4	0	2	254	1	pextrd [rsi], xmm1, 254
movement_1615	pextrd.mem	SSE	128	4	0	2	255	1	pextrd [rsi], xmm1, 255
movement_1616	pextrq.gpr	SSE	128	8	0	0	0	1	pextrq rax, xmm1, 0
movement_1617	pextrq.gpr	SSE	128	8	0	0	1	1	pextrq rax, xmm1, 1
movement_1618	pextrq.gpr	SSE	128	8	0	0	2	1	pextrq rax, xmm1, 2
movement_1619	pextrq.gpr	SSE	128	8	0	0	3	1	pextrq rax, xmm1, 3
movement_1620	pextrq.gpr	SSE	128	8	0	0	4	1	pextrq rax, xmm1, 4
movement_1621	pextrq.gpr	SSE	128	8	0	0	5	1	pextrq rax, xmm1, 5
movement_1622	pextrq.gpr	SSE	128	8	0	0	6	1	pextrq rax, xmm1, 6
movement_1623	pextrq.gpr	SSE	128	8	0	0	7	1	pextrq rax, xmm1, 7
movement_1624	pextrq.gpr	SSE	128	8	0	0	8	1	pextrq rax, xmm1, 8
movement_1625	pextrq.gpr	SSE	128	8	0	0	9	1	pextrq rax, xmm1, 9
movement_1626	pextrq.gpr	SSE	128	8	0	0	10	1	pextrq rax, xmm1, 10
movement_1627	pextrq.gpr	SSE	128	8	0	0	11	1	pextrq rax, xmm1, 11
movement_1628	pextrq.gpr	SSE	128	8	0	0	12	1	pextrq rax, xmm1, 12
movement_1629	pextrq.gpr	SSE	128	8	0	0	13	1	pextrq rax, xmm1, 13
movement_1630	pextrq.gpr	SSE	128	8	0	0	14	1	pextrq rax, xmm1, 14
movement_1631	pextrq.gpr	SSE	128	8	0	0	15	1	pextrq rax, xmm1, 15
movement_1632	pextrq.gpr	SSE	128	8	0	0	16	1	pextrq rax, xmm1, 16
movement_1633	pextrq.gpr	SSE	128	8	0	0	17	1	pextrq rax, xmm1, 17
movement_1634	pextrq.gpr	SSE	128	8	0	0	18	1	pextrq rax, xmm1, 18
movement_1635	pextrq.gpr	SSE	128	8	0	0	19	1	pextrq rax, xmm1, 19
movement_1636	pextrq.gpr	SSE	128	8	0	0	20	1	pextrq rax, xmm1, 20
movement_1637	pextrq.gpr	SSE	128	8	0	0	21	1	pextrq rax, xmm1, 21
movement_1638	pextrq.gpr	SSE	128	8	0	0	22	1	pextrq rax, xmm1, 22
movement_1639	pextrq.gpr	SSE	128	8	0	0	23	1	pextrq rax, xmm1, 23
movement_1640	pextrq.gpr	SSE	128	8	0	0	24	1	pextrq rax, xmm1, 24
movement_1641	pextrq.gpr	SSE	128	8	0	0	25	1	pextrq rax, xmm1, 25
movement_1642	pextrq.gpr	SSE	128	8	0	0	26	1	pextrq rax, xmm1, 26
movement_1643	pextrq.gpr	SSE	128	8	0	0	27	1	pextrq rax, xmm1, 27
movement_1644	pextrq.gpr	SSE	128	8	0	0	28	1	pextrq rax, xmm1, 28
movement_1645	pextrq.gpr	SSE	128	8	0	0	29	1	pextrq rax, xmm1, 29
movement_1646	pextrq.gpr	SSE	128	8	0	0	30	1	pextrq rax, xmm1, 30
movement_1647	pextrq.gpr	SSE	128	8	0	0	31	1	pextrq rax, xmm1, 31
movement_1648	pextrq.gpr	SSE	128	8	0	0	32	1	pextrq rax, xmm1, 32
movement_1649	pextrq.gpr	SSE	128	8	0	0	33	1	pextrq rax, xmm1, 33
movement_1650	pextrq.gpr	SSE	128	8	0	0	34	1	pextrq rax, xmm1, 34
movement_1651	pextrq.gpr	SSE	128	8	0	0	35	1	pextrq rax, xmm1, 35
movement_1652	pextrq.gpr	SSE	128	8	0	0	36	1	pextrq rax, xmm1, 36
movement_1653	pextrq.gpr	SSE	128	8	0	0	37	1	pextrq rax, xmm1, 37
movement_1654	pextrq.gpr	SSE	128	8	0	0	38	1	pextrq rax, xmm1, 38
movement_1655	pextrq.gpr	SSE	128	8	0	0	39	1	pextrq rax, xmm1, 39
movement_1656	pextrq.gpr	SSE	128	8	0	0	40	1	pextrq rax, xmm1, 40
movement_1657	pextrq.gpr	SSE	128	8	0	0	41	1	pextrq rax, xmm1, 41
movement_1658	pextrq.gpr	SSE	128	8	0	0	42	1	pextrq rax, xmm1, 42
movement_1659	pextrq.gpr	SSE	128	8	0	0	43	1	pextrq rax, xmm1, 43
movement_1660	pextrq.gpr	SSE	128	8	0	0	44	1	pextrq rax, xmm1, 44
movement_1661	pextrq.gpr	SSE	128	8	0	0	45	1	pextrq rax, xmm1, 45
movement_1662	pextrq.gpr	SSE	128	8	0	0	46	1	pextrq rax, xmm1, 46
movement_1663	pextrq.gpr	SSE	128	8	0	0	47	1	pextrq rax, xmm1, 47
movement_1664	pextrq.gpr	SSE	128	8	0	0	48	1	pextrq rax, xmm1, 48
movement_1665	pextrq.gpr	SSE	128	8	0	0	49	1	pextrq rax, xmm1, 49
movement_1666	pextrq.gpr	SSE	128	8	0	0	50	1	pextrq rax, xmm1, 50
movement_1667	pextrq.gpr	SSE	128	8	0	0	51	1	pextrq rax, xmm1, 51
movement_1668	pextrq.gpr	SSE	128	8	0	0	52	1	pextrq rax, xmm1, 52
movement_1669	pextrq.gpr	SSE	128	8	0	0	53	1	pextrq rax, xmm1, 53
movement_1670	pextrq.gpr	SSE	128	8	0	0	54	1	pextrq rax, xmm1, 54
movement_1671	pextrq.gpr	SSE	128	8	0	0	55	1	pextrq rax, xmm1, 55
movement_1672	pextrq.gpr	SSE	128	8	0	0	56	1	pextrq rax, xmm1, 56
movement_1673	pextrq.gpr	SSE	128	8	0	0	57	1	pextrq rax, xmm1, 57
movement_1674	pextrq.gpr	SSE	128	8	0	0	58	1	pextrq rax, xmm1, 58
movement_1675	pextrq.gpr	SSE	128	8	0	0	59	1	pextrq rax, xmm1, 59
movement_1676	pextrq.gpr	SSE	128	8	0	0	60	1	pextrq rax, xmm1, 60
movement_1677	pextrq.gpr	SSE	128	8	0	0	61	1	pextrq rax, xmm1, 61
movement_1678	pextrq.gpr	SSE	128	8	0	0	62	1	pextrq rax, xmm1, 62
movement_1679	pextrq.gpr	SSE	128	8	0	0	63	1	pextrq rax, xmm1, 63
movement_1680	pextrq.gpr	SSE	128	8	0	0	64	1	pextrq rax, xmm1, 64
movement_1681	pextrq.gpr	SSE	128	8	0	0	65	1	pextrq rax, xmm1, 65
movement_1682	pextrq.gpr	SSE	128	8	0	0	66	1	pextrq rax, xmm1, 66
movement_1683	pextrq.gpr	SSE	128	8	0	0	67	1	pextrq rax, xmm1, 67
movement_1684	pextrq.gpr	SSE	128	8	0	0	68	1	pextrq rax, xmm1, 68
movement_1685	pextrq.gpr	SSE	128	8	0	0	69	1	pextrq rax, xmm1, 69
movement_1686	pextrq.gpr	SSE	128	8	0	0	70	1	pextrq rax, xmm1, 70
movement_1687	pextrq.gpr	SSE	128	8	0	0	71	1	pextrq rax, xmm1, 71
movement_1688	pextrq.gpr	SSE	128	8	0	0	72	1	pextrq rax, xmm1, 72
movement_1689	pextrq.gpr	SSE	128	8	0	0	73	1	pextrq rax, xmm1, 73
movement_1690	pextrq.gpr	SSE	128	8	0	0	74	1	pextrq rax, xmm1, 74
movement_1691	pextrq.gpr	SSE	128	8	0	0	75	1	pextrq rax, xmm1, 75
movement_1692	pextrq.gpr	SSE	128	8	0	0	76	1	pextrq rax, xmm1, 76
movement_1693	pextrq.gpr	SSE	128	8	0	0	77	1	pextrq rax, xmm1, 77
movement_1694	pextrq.gpr	SSE	128	8	0	0	78	1	pextrq rax, xmm1, 78
movement_1695	pextrq.gpr	SSE	128	8	0	0	79	1	pextrq rax, xmm1, 79
movement_1696	pextrq.gpr	SSE	128	8	0	0	80	1	pextrq rax, xmm1, 80
movement_1697	pextrq.gpr	SSE	128	8	0	0	81	1	pextrq rax, xmm1, 81
movement_1698	pextrq.gpr	SSE	128	8	0	0	82	1	pextrq rax, xmm1, 82
movement_1699	pextrq.gpr	SSE	128	8	0	0	83	1	pextrq rax, xmm1, 83
movement_1700	pextrq.gpr	SSE	128	8	0	0	84	1	pextrq rax, xmm1, 84
movement_1701	pextrq.gpr	SSE	128	8	0	0	85	1	pextrq rax, xmm1, 85
movement_1702	pextrq.gpr	SSE	128	8	0	0	86	1	pextrq rax, xmm1, 86
movement_1703	pextrq.gpr	SSE	128	8	0	0	87	1	pextrq rax, xmm1, 87
movement_1704	pextrq.gpr	SSE	128	8	0	0	88	1	pextrq rax, xmm1, 88
movement_1705	pextrq.gpr	SSE	128	8	0	0	89	1	pextrq rax, xmm1, 89
movement_1706	pextrq.gpr	SSE	128	8	0	0	90	1	pextrq rax, xmm1, 90
movement_1707	pextrq.gpr	SSE	128	8	0	0	91	1	pextrq rax, xmm1, 91
movement_1708	pextrq.gpr	SSE	128	8	0	0	92	1	pextrq rax, xmm1, 92
movement_1709	pextrq.gpr	SSE	128	8	0	0	93	1	pextrq rax, xmm1, 93
movement_1710	pextrq.gpr	SSE	128	8	0	0	94	1	pextrq rax, xmm1, 94
movement_1711	pextrq.gpr	SSE	128	8	0	0	95	1	pextrq rax, xmm1, 95
movement_1712	pextrq.gpr	SSE	128	8	0	0	96	1	pextrq rax, xmm1, 96
movement_1713	pextrq.gpr	SSE	128	8	0	0	97	1	pextrq rax, xmm1, 97
movement_1714	pextrq.gpr	SSE	128	8	0	0	98	1	pextrq rax, xmm1, 98
movement_1715	pextrq.gpr	SSE	128	8	0	0	99	1	pextrq rax, xmm1, 99
movement_1716	pextrq.gpr	SSE	128	8	0	0	100	1	pextrq rax, xmm1, 100
movement_1717	pextrq.gpr	SSE	128	8	0	0	101	1	pextrq rax, xmm1, 101
movement_1718	pextrq.gpr	SSE	128	8	0	0	102	1	pextrq rax, xmm1, 102
movement_1719	pextrq.gpr	SSE	128	8	0	0	103	1	pextrq rax, xmm1, 103
movement_1720	pextrq.gpr	SSE	128	8	0	0	104	1	pextrq rax, xmm1, 104
movement_1721	pextrq.gpr	SSE	128	8	0	0	105	1	pextrq rax, xmm1, 105
movement_1722	pextrq.gpr	SSE	128	8	0	0	106	1	pextrq rax, xmm1, 106
movement_1723	pextrq.gpr	SSE	128	8	0	0	107	1	pextrq rax, xmm1, 107
movement_1724	pextrq.gpr	SSE	128	8	0	0	108	1	pextrq rax, xmm1, 108
movement_1725	pextrq.gpr	SSE	128	8	0	0	109	1	pextrq rax, xmm1, 109
movement_1726	pextrq.gpr	SSE	128	8	0	0	110	1	pextrq rax, xmm1, 110
movement_1727	pextrq.gpr	SSE	128	8	0	0	111	1	pextrq rax, xmm1, 111
movement_1728	pextrq.gpr	SSE	128	8	0	0	112	1	pextrq rax, xmm1, 112
movement_1729	pextrq.gpr	SSE	128	8	0	0	113	1	pextrq rax, xmm1, 113
movement_1730	pextrq.gpr	SSE	128	8	0	0	114	1	pextrq rax, xmm1, 114
movement_1731	pextrq.gpr	SSE	128	8	0	0	115	1	pextrq rax, xmm1, 115
movement_1732	pextrq.gpr	SSE	128	8	0	0	116	1	pextrq rax, xmm1, 116
movement_1733	pextrq.gpr	SSE	128	8	0	0	117	1	pextrq rax, xmm1, 117
movement_1734	pextrq.gpr	SSE	128	8	0	0	118	1	pextrq rax, xmm1, 118
movement_1735	pextrq.gpr	SSE	128	8	0	0	119	1	pextrq rax, xmm1, 119
movement_1736	pextrq.gpr	SSE	128	8	0	0	120	1	pextrq rax, xmm1, 120
movement_1737	pextrq.gpr	SSE	128	8	0	0	121	1	pextrq rax, xmm1, 121
movement_1738	pextrq.gpr	SSE	128	8	0	0	122	1	pextrq rax, xmm1, 122
movement_1739	pextrq.gpr	SSE	128	8	0	0	123	1	pextrq rax, xmm1, 123
movement_1740	pextrq.gpr	SSE	128	8	0	0	124	1	pextrq rax, xmm1, 124
movement_1741	pextrq.gpr	SSE	128	8	0	0	125	1	pextrq rax, xmm1, 125
movement_1742	pextrq.gpr	SSE	128	8	0	0	126	1	pextrq rax, xmm1, 126
movement_1743	pextrq.gpr	SSE	128	8	0	0	127	1	pextrq rax, xmm1, 127
movement_1744	pextrq.gpr	SSE	128	8	0	0	128	1	pextrq rax, xmm1, 128
movement_1745	pextrq.gpr	SSE	128	8	0	0	129	1	pextrq rax, xmm1, 129
movement_1746	pextrq.gpr	SSE	128	8	0	0	130	1	pextrq rax, xmm1, 130
movement_1747	pextrq.gpr	SSE	128	8	0	0	131	1	pextrq rax, xmm1, 131
movement_1748	pextrq.gpr	SSE	128	8	0	0	132	1	pextrq rax, xmm1, 132
movement_1749	pextrq.gpr	SSE	128	8	0	0	133	1	pextrq rax, xmm1, 133
movement_1750	pextrq.gpr	SSE	128	8	0	0	134	1	pextrq rax, xmm1, 134
movement_1751	pextrq.gpr	SSE	128	8	0	0	135	1	pextrq rax, xmm1, 135
movement_1752	pextrq.gpr	SSE	128	8	0	0	136	1	pextrq rax, xmm1, 136
movement_1753	pextrq.gpr	SSE	128	8	0	0	137	1	pextrq rax, xmm1, 137
movement_1754	pextrq.gpr	SSE	128	8	0	0	138	1	pextrq rax, xmm1, 138
movement_1755	pextrq.gpr	SSE	128	8	0	0	139	1	pextrq rax, xmm1, 139
movement_1756	pextrq.gpr	SSE	128	8	0	0	140	1	pextrq rax, xmm1, 140
movement_1757	pextrq.gpr	SSE	128	8	0	0	141	1	pextrq rax, xmm1, 141
movement_1758	pextrq.gpr	SSE	128	8	0	0	142	1	pextrq rax, xmm1, 142
movement_1759	pextrq.gpr	SSE	128	8	0	0	143	1	pextrq rax, xmm1, 143
movement_1760	pextrq.gpr	SSE	128	8	0	0	144	1	pextrq rax, xmm1, 144
movement_1761	pextrq.gpr	SSE	128	8	0	0	145	1	pextrq rax, xmm1, 145
movement_1762	pextrq.gpr	SSE	128	8	0	0	146	1	pextrq rax, xmm1, 146
movement_1763	pextrq.gpr	SSE	128	8	0	0	147	1	pextrq rax, xmm1, 147
movement_1764	pextrq.gpr	SSE	128	8	0	0	148	1	pextrq rax, xmm1, 148
movement_1765	pextrq.gpr	SSE	128	8	0	0	149	1	pextrq rax, xmm1, 149
movement_1766	pextrq.gpr	SSE	128	8	0	0	150	1	pextrq rax, xmm1, 150
movement_1767	pextrq.gpr	SSE	128	8	0	0	151	1	pextrq rax, xmm1, 151
movement_1768	pextrq.gpr	SSE	128	8	0	0	152	1	pextrq rax, xmm1, 152
movement_1769	pextrq.gpr	SSE	128	8	0	0	153	1	pextrq rax, xmm1, 153
movement_1770	pextrq.gpr	SSE	128	8	0	0	154	1	pextrq rax, xmm1, 154
movement_1771	pextrq.gpr	SSE	128	8	0	0	155	1	pextrq rax, xmm1, 155
movement_1772	pextrq.gpr	SSE	128	8	0	0	156	1	pextrq rax, xmm1, 156
movement_1773	pextrq.gpr	SSE	128	8	0	0	157	1	pextrq rax, xmm1, 157
movement_1774	pextrq.gpr	SSE	128	8	0	0	158	1	pextrq rax, xmm1, 158
movement_1775	pextrq.gpr	SSE	128	8	0	0	159	1	pextrq rax, xmm1, 159
movement_1776	pextrq.gpr	SSE	128	8	0	0	160	1	pextrq rax, xmm1, 160
movement_1777	pextrq.gpr	SSE	128	8	0	0	161	1	pextrq rax, xmm1, 161
movement_1778	pextrq.gpr	SSE	128	8	0	0	162	1	pextrq rax, xmm1, 162
movement_1779	pextrq.gpr	SSE	128	8	0	0	163	1	pextrq rax, xmm1, 163
movement_1780	pextrq.gpr	SSE	128	8	0	0	164	1	pextrq rax, xmm1, 164
movement_1781	pextrq.gpr	SSE	128	8	0	0	165	1	pextrq rax, xmm1, 165
movement_1782	pextrq.gpr	SSE	128	8	0	0	166	1	pextrq rax, xmm1, 166
movement_1783	pextrq.gpr	SSE	128	8	0	0	167	1	pextrq rax, xmm1, 167
movement_1784	pextrq.gpr	SSE	128	8	0	0	168	1	pextrq rax, xmm1, 168
movement_1785	pextrq.gpr	SSE	128	8	0	0	169	1	pextrq rax, xmm1, 169
movement_1786	pextrq.gpr	SSE	128	8	0	0	170	1	pextrq rax, xmm1, 170
movement_1787	pextrq.gpr	SSE	128	8	0	0	171	1	pextrq rax, xmm1, 171
movement_1788	pextrq.gpr	SSE	128	8	0	0	172	1	pextrq rax, xmm1, 172
movement_1789	pextrq.gpr	SSE	128	8	0	0	173	1	pextrq rax, xmm1, 173
movement_1790	pextrq.gpr	SSE	128	8	0	0	174	1	pextrq rax, xmm1, 174
movement_1791	pextrq.gpr	SSE	128	8	0	0	175	1	pextrq rax, xmm1, 175
movement_1792	pextrq.gpr	SSE	128	8	0	0	176	1	pextrq rax, xmm1, 176
movement_1793	pextrq.gpr	SSE	128	8	0	0	177	1	pextrq rax, xmm1, 177
movement_1794	pextrq.gpr	SSE	128	8	0	0	178	1	pextrq rax, xmm1, 178
movement_1795	pextrq.gpr	SSE	128	8	0	0	179	1	pextrq rax, xmm1, 179
movement_1796	pextrq.gpr	SSE	128	8	0	0	180	1	pextrq rax, xmm1, 180
movement_1797	pextrq.gpr	SSE	128	8	0	0	181	1	pextrq rax, xmm1, 181
movement_1798	pextrq.gpr	SSE	128	8	0	0	182	1	pextrq rax, xmm1, 182
movement_1799	pextrq.gpr	SSE	128	8	0	0	183	1	pextrq rax, xmm1, 183
movement_1800	pextrq.gpr	SSE	128	8	0	0	184	1	pextrq rax, xmm1, 184
movement_1801	pextrq.gpr	SSE	128	8	0	0	185	1	pextrq rax, xmm1, 185
movement_1802	pextrq.gpr	SSE	128	8	0	0	186	1	pextrq rax, xmm1, 186
movement_1803	pextrq.gpr	SSE	128	8	0	0	187	1	pextrq rax, xmm1, 187
movement_1804	pextrq.gpr	SSE	128	8	0	0	188	1	pextrq rax, xmm1, 188
movement_1805	pextrq.gpr	SSE	128	8	0	0	189	1	pextrq rax, xmm1, 189
movement_1806	pextrq.gpr	SSE	128	8	0	0	190	1	pextrq rax, xmm1, 190
movement_1807	pextrq.gpr	SSE	128	8	0	0	191	1	pextrq rax, xmm1, 191
movement_1808	pextrq.gpr	SSE	128	8	0	0	192	1	pextrq rax, xmm1, 192
movement_1809	pextrq.gpr	SSE	128	8	0	0	193	1	pextrq rax, xmm1, 193
movement_1810	pextrq.gpr	SSE	128	8	0	0	194	1	pextrq rax, xmm1, 194
movement_1811	pextrq.gpr	SSE	128	8	0	0	195	1	pextrq rax, xmm1, 195
movement_1812	pextrq.gpr	SSE	128	8	0	0	196	1	pextrq rax, xmm1, 196
movement_1813	pextrq.gpr	SSE	128	8	0	0	197	1	pextrq rax, xmm1, 197
movement_1814	pextrq.gpr	SSE	128	8	0	0	198	1	pextrq rax, xmm1, 198
movement_1815	pextrq.gpr	SSE	128	8	0	0	199	1	pextrq rax, xmm1, 199
movement_1816	pextrq.gpr	SSE	128	8	0	0	200	1	pextrq rax, xmm1, 200
movement_1817	pextrq.gpr	SSE	128	8	0	0	201	1	pextrq rax, xmm1, 201
movement_1818	pextrq.gpr	SSE	128	8	0	0	202	1	pextrq rax, xmm1, 202
movement_1819	pextrq.gpr	SSE	128	8	0	0	203	1	pextrq rax, xmm1, 203
movement_1820	pextrq.gpr	SSE	128	8	0	0	204	1	pextrq rax, xmm1, 204
movement_1821	pextrq.gpr	SSE	128	8	0	0	205	1	pextrq rax, xmm1, 205
movement_1822	pextrq.gpr	SSE	128	8	0	0	206	1	pextrq rax, xmm1, 206
movement_1823	pextrq.gpr	SSE	128	8	0	0	207	1	pextrq rax, xmm1, 207
movement_1824	pextrq.gpr	SSE	128	8	0	0	208	1	pextrq rax, xmm1, 208
movement_1825	pextrq.gpr	SSE	128	8	0	0	209	1	pextrq rax, xmm1, 209
movement_1826	pextrq.gpr	SSE	128	8	0	0	210	1	pextrq rax, xmm1, 210
movement_1827	pextrq.gpr	SSE	128	8	0	0	211	1	pextrq rax, xmm1, 211
movement_1828	pextrq.gpr	SSE	128	8	0	0	212	1	pextrq rax, xmm1, 212
movement_1829	pextrq.gpr	SSE	128	8	0	0	213	1	pextrq rax, xmm1, 213
movement_1830	pextrq.gpr	SSE	128	8	0	0	214	1	pextrq rax, xmm1, 214
movement_1831	pextrq.gpr	SSE	128	8	0	0	215	1	pextrq rax, xmm1, 215
movement_1832	pextrq.gpr	SSE	128	8	0	0	216	1	pextrq rax, xmm1, 216
movement_1833	pextrq.gpr	SSE	128	8	0	0	217	1	pextrq rax, xmm1, 217
movement_1834	pextrq.gpr	SSE	128	8	0	0	218	1	pextrq rax, xmm1, 218
movement_1835	pextrq.gpr	SSE	128	8	0	0	219	1	pextrq rax, xmm1, 219
movement_1836	pextrq.gpr	SSE	128	8	0	0	220	1	pextrq rax, xmm1, 220
movement_1837	pextrq.gpr	SSE	128	8	0	0	221	1	pextrq rax, xmm1, 221
movement_1838	pextrq.gpr	SSE	128	8	0	0	222	1	pextrq rax, xmm1, 222
movement_1839	pextrq.gpr	SSE	128	8	0	0	223	1	pextrq rax, xmm1, 223
movement_1840	pextrq.gpr	SSE	128	8	0	0	224	1	pextrq rax, xmm1, 224
movement_1841	pextrq.gpr	SSE	128	8	0	0	225	1	pextrq rax, xmm1, 225
movement_1842	pextrq.gpr	SSE	128	8	0	0	226	1	pextrq rax, xmm1, 226
movement_1843	pextrq.gpr	SSE	128	8	0	0	227	1	pextrq rax, xmm1, 227
movement_1844	pextrq.gpr	SSE	128	8	0	0	228	1	pextrq rax, xmm1, 228
movement_1845	pextrq.gpr	SSE	128	8	0	0	229	1	pextrq rax, xmm1, 229
movement_1846	pextrq.gpr	SSE	128	8	0	0	230	1	pextrq rax, xmm1, 230
movement_1847	pextrq.gpr	SSE	128	8	0	0	231	1	pextrq rax, xmm1, 231
movement_1848	pextrq.gpr	SSE	128	8	0	0	232	1	pextrq rax, xmm1, 232
movement_1849	pextrq.gpr	SSE	128	8	0	0	233	1	pextrq rax, xmm1, 233
movement_1850	pextrq.gpr	SSE	128	8	0	0	234	1	pextrq rax, xmm1, 234
movement_1851	pextrq.gpr	SSE	128	8	0	0	235	1	pextrq rax, xmm1, 235
movement_1852	pextrq.gpr	SSE	128	8	0	0	236	1	pextrq rax, xmm1, 236
movement_1853	pextrq.gpr	SSE	128	8	0	0	237	1	pextrq rax, xmm1, 237
movement_1854	pextrq.gpr	SSE	128	8	0	0	238	1	pextrq rax, xmm1, 238
movement_1855	pextrq.gpr	SSE	128	8	0	0	239	1	pextrq rax, xmm1, 239
movement_1856	pextrq.gpr	SSE	128	8	0	0	240	1	pextrq rax, xmm1, 240
movement_1857	pextrq.gpr	SSE	128	8	0	0	241	1	pextrq rax, xmm1, 241
movement_1858	pextrq.gpr	SSE	128	8	0	0	242	1	pextrq rax, xmm1, 242
movement_1859	pextrq.gpr	SSE	128	8	0	0	243	1	pextrq rax, xmm1, 243
movement_1860	pextrq.gpr	SSE	128	8	0	0	244	1	pextrq rax, xmm1, 244
movement_1861	pextrq.gpr	SSE	128	8	0	0	245	1	pextrq rax, xmm1, 245
movement_1862	pextrq.gpr	SSE	128	8	0	0	246	1	pextrq rax, xmm1, 246
movement_1863	pextrq.gpr	SSE	128	8	0	0	247	1	pextrq rax, xmm1, 247
movement_1864	pextrq.gpr	SSE	128	8	0	0	248	1	pextrq rax, xmm1, 248
movement_1865	pextrq.gpr	SSE	128	8	0	0	249	1	pextrq rax, xmm1, 249
movement_1866	pextrq.gpr	SSE	128	8	0	0	250	1	pextrq rax, xmm1, 250
movement_1867	pextrq.gpr	SSE	128	8	0	0	251	1	pextrq rax, xmm1, 251
movement_1868	pextrq.gpr	SSE	128	8	0	0	252	1	pextrq rax, xmm1, 252
movement_1869	pextrq.gpr	SSE	128	8	0	0	253	1	pextrq rax, xmm1, 253
movement_1870	pextrq.gpr	SSE	128	8	0	0	254	1	pextrq rax, xmm1, 254
movement_1871	pextrq.gpr	SSE	128	8	0	0	255	1	pextrq rax, xmm1, 255
movement_1872	pextrq.mem	SSE	128	8	0	2	0	1	pextrq [rsi], xmm1, 0
movement_1873	pextrq.mem	SSE	128	8	0	2	1	1	pextrq [rsi], xmm1, 1
movement_1874	pextrq.mem	SSE	128	8	0	2	2	1	pextrq [rsi], xmm1, 2
movement_1875	pextrq.mem	SSE	128	8	0	2	3	1	pextrq [rsi], xmm1, 3
movement_1876	pextrq.mem	SSE	128	8	0	2	4	1	pextrq [rsi], xmm1, 4
movement_1877	pextrq.mem	SSE	128	8	0	2	5	1	pextrq [rsi], xmm1, 5
movement_1878	pextrq.mem	SSE	128	8	0	2	6	1	pextrq [rsi], xmm1, 6
movement_1879	pextrq.mem	SSE	128	8	0	2	7	1	pextrq [rsi], xmm1, 7
movement_1880	pextrq.mem	SSE	128	8	0	2	8	1	pextrq [rsi], xmm1, 8
movement_1881	pextrq.mem	SSE	128	8	0	2	9	1	pextrq [rsi], xmm1, 9
movement_1882	pextrq.mem	SSE	128	8	0	2	10	1	pextrq [rsi], xmm1, 10
movement_1883	pextrq.mem	SSE	128	8	0	2	11	1	pextrq [rsi], xmm1, 11
movement_1884	pextrq.mem	SSE	128	8	0	2	12	1	pextrq [rsi], xmm1, 12
movement_1885	pextrq.mem	SSE	128	8	0	2	13	1	pextrq [rsi], xmm1, 13
movement_1886	pextrq.mem	SSE	128	8	0	2	14	1	pextrq [rsi], xmm1, 14
movement_1887	pextrq.mem	SSE	128	8	0	2	15	1	pextrq [rsi], xmm1, 15
movement_1888	pextrq.mem	SSE	128	8	0	2	16	1	pextrq [rsi], xmm1, 16
movement_1889	pextrq.mem	SSE	128	8	0	2	17	1	pextrq [rsi], xmm1, 17
movement_1890	pextrq.mem	SSE	128	8	0	2	18	1	pextrq [rsi], xmm1, 18
movement_1891	pextrq.mem	SSE	128	8	0	2	19	1	pextrq [rsi], xmm1, 19
movement_1892	pextrq.mem	SSE	128	8	0	2	20	1	pextrq [rsi], xmm1, 20
movement_1893	pextrq.mem	SSE	128	8	0	2	21	1	pextrq [rsi], xmm1, 21
movement_1894	pextrq.mem	SSE	128	8	0	2	22	1	pextrq [rsi], xmm1, 22
movement_1895	pextrq.mem	SSE	128	8	0	2	23	1	pextrq [rsi], xmm1, 23
movement_1896	pextrq.mem	SSE	128	8	0	2	24	1	pextrq [rsi], xmm1, 24
movement_1897	pextrq.mem	SSE	128	8	0	2	25	1	pextrq [rsi], xmm1, 25
movement_1898	pextrq.mem	SSE	128	8	0	2	26	1	pextrq [rsi], xmm1, 26
movement_1899	pextrq.mem	SSE	128	8	0	2	27	1	pextrq [rsi], xmm1, 27
movement_1900	pextrq.mem	SSE	128	8	0	2	28	1	pextrq [rsi], xmm1, 28
movement_1901	pextrq.mem	SSE	128	8	0	2	29	1	pextrq [rsi], xmm1, 29
movement_1902	pextrq.mem	SSE	128	8	0	2	30	1	pextrq [rsi], xmm1, 30
movement_1903	pextrq.mem	SSE	128	8	0	2	31	1	pextrq [rsi], xmm1, 31
movement_1904	pextrq.mem	SSE	128	8	0	2	32	1	pextrq [rsi], xmm1, 32
movement_1905	pextrq.mem	SSE	128	8	0	2	33	1	pextrq [rsi], xmm1, 33
movement_1906	pextrq.mem	SSE	128	8	0	2	34	1	pextrq [rsi], xmm1, 34
movement_1907	pextrq.mem	SSE	128	8	0	2	35	1	pextrq [rsi], xmm1, 35
movement_1908	pextrq.mem	SSE	128	8	0	2	36	1	pextrq [rsi], xmm1, 36
movement_1909	pextrq.mem	SSE	128	8	0	2	37	1	pextrq [rsi], xmm1, 37
movement_1910	pextrq.mem	SSE	128	8	0	2	38	1	pextrq [rsi], xmm1, 38
movement_1911	pextrq.mem	SSE	128	8	0	2	39	1	pextrq [rsi], xmm1, 39
movement_1912	pextrq.mem	SSE	128	8	0	2	40	1	pextrq [rsi], xmm1, 40
movement_1913	pextrq.mem	SSE	128	8	0	2	41	1	pextrq [rsi], xmm1, 41
movement_1914	pextrq.mem	SSE	128	8	0	2	42	1	pextrq [rsi], xmm1, 42
movement_1915	pextrq.mem	SSE	128	8	0	2	43	1	pextrq [rsi], xmm1, 43
movement_1916	pextrq.mem	SSE	128	8	0	2	44	1	pextrq [rsi], xmm1, 44
movement_1917	pextrq.mem	SSE	128	8	0	2	45	1	pextrq [rsi], xmm1, 45
movement_1918	pextrq.mem	SSE	128	8	0	2	46	1	pextrq [rsi], xmm1, 46
movement_1919	pextrq.mem	SSE	128	8	0	2	47	1	pextrq [rsi], xmm1, 47
movement_1920	pextrq.mem	SSE	128	8	0	2	48	1	pextrq [rsi], xmm1, 48
movement_1921	pextrq.mem	SSE	128	8	0	2	49	1	pextrq [rsi], xmm1, 49
movement_1922	pextrq.mem	SSE	128	8	0	2	50	1	pextrq [rsi], xmm1, 50
movement_1923	pextrq.mem	SSE	128	8	0	2	51	1	pextrq [rsi], xmm1, 51
movement_1924	pextrq.mem	SSE	128	8	0	2	52	1	pextrq [rsi], xmm1, 52
movement_1925	pextrq.mem	SSE	128	8	0	2	53	1	pextrq [rsi], xmm1, 53
movement_1926	pextrq.mem	SSE	128	8	0	2	54	1	pextrq [rsi], xmm1, 54
movement_1927	pextrq.mem	SSE	128	8	0	2	55	1	pextrq [rsi], xmm1, 55
movement_1928	pextrq.mem	SSE	128	8	0	2	56	1	pextrq [rsi], xmm1, 56
movement_1929	pextrq.mem	SSE	128	8	0	2	57	1	pextrq [rsi], xmm1, 57
movement_1930	pextrq.mem	SSE	128	8	0	2	58	1	pextrq [rsi], xmm1, 58
movement_1931	pextrq.mem	SSE	128	8	0	2	59	1	pextrq [rsi], xmm1, 59
movement_1932	pextrq.mem	SSE	128	8	0	2	60	1	pextrq [rsi], xmm1, 60
movement_1933	pextrq.mem	SSE	128	8	0	2	61	1	pextrq [rsi], xmm1, 61
movement_1934	pextrq.mem	SSE	128	8	0	2	62	1	pextrq [rsi], xmm1, 62
movement_1935	pextrq.mem	SSE	128	8	0	2	63	1	pextrq [rsi], xmm1, 63
movement_1936	pextrq.mem	SSE	128	8	0	2	64	1	pextrq [rsi], xmm1, 64
movement_1937	pextrq.mem	SSE	128	8	0	2	65	1	pextrq [rsi], xmm1, 65
movement_1938	pextrq.mem	SSE	128	8	0	2	66	1	pextrq [rsi], xmm1, 66
movement_1939	pextrq.mem	SSE	128	8	0	2	67	1	pextrq [rsi], xmm1, 67
movement_1940	pextrq.mem	SSE	128	8	0	2	68	1	pextrq [rsi], xmm1, 68
movement_1941	pextrq.mem	SSE	128	8	0	2	69	1	pextrq [rsi], xmm1, 69
movement_1942	pextrq.mem	SSE	128	8	0	2	70	1	pextrq [rsi], xmm1, 70
movement_1943	pextrq.mem	SSE	128	8	0	2	71	1	pextrq [rsi], xmm1, 71
movement_1944	pextrq.mem	SSE	128	8	0	2	72	1	pextrq [rsi], xmm1, 72
movement_1945	pextrq.mem	SSE	128	8	0	2	73	1	pextrq [rsi], xmm1, 73
movement_1946	pextrq.mem	SSE	128	8	0	2	74	1	pextrq [rsi], xmm1, 74
movement_1947	pextrq.mem	SSE	128	8	0	2	75	1	pextrq [rsi], xmm1, 75
movement_1948	pextrq.mem	SSE	128	8	0	2	76	1	pextrq [rsi], xmm1, 76
movement_1949	pextrq.mem	SSE	128	8	0	2	77	1	pextrq [rsi], xmm1, 77
movement_1950	pextrq.mem	SSE	128	8	0	2	78	1	pextrq [rsi], xmm1, 78
movement_1951	pextrq.mem	SSE	128	8	0	2	79	1	pextrq [rsi], xmm1, 79
movement_1952	pextrq.mem	SSE	128	8	0	2	80	1	pextrq [rsi], xmm1, 80
movement_1953	pextrq.mem	SSE	128	8	0	2	81	1	pextrq [rsi], xmm1, 81
movement_1954	pextrq.mem	SSE	128	8	0	2	82	1	pextrq [rsi], xmm1, 82
movement_1955	pextrq.mem	SSE	128	8	0	2	83	1	pextrq [rsi], xmm1, 83
movement_1956	pextrq.mem	SSE	128	8	0	2	84	1	pextrq [rsi], xmm1, 84
movement_1957	pextrq.mem	SSE	128	8	0	2	85	1	pextrq [rsi], xmm1, 85
movement_1958	pextrq.mem	SSE	128	8	0	2	86	1	pextrq [rsi], xmm1, 86
movement_1959	pextrq.mem	SSE	128	8	0	2	87	1	pextrq [rsi], xmm1, 87
movement_1960	pextrq.mem	SSE	128	8	0	2	88	1	pextrq [rsi], xmm1, 88
movement_1961	pextrq.mem	SSE	128	8	0	2	89	1	pextrq [rsi], xmm1, 89
movement_1962	pextrq.mem	SSE	128	8	0	2	90	1	pextrq [rsi], xmm1, 90
movement_1963	pextrq.mem	SSE	128	8	0	2	91	1	pextrq [rsi], xmm1, 91
movement_1964	pextrq.mem	SSE	128	8	0	2	92	1	pextrq [rsi], xmm1, 92
movement_1965	pextrq.mem	SSE	128	8	0	2	93	1	pextrq [rsi], xmm1, 93
movement_1966	pextrq.mem	SSE	128	8	0	2	94	1	pextrq [rsi], xmm1, 94
movement_1967	pextrq.mem	SSE	128	8	0	2	95	1	pextrq [rsi], xmm1, 95
movement_1968	pextrq.mem	SSE	128	8	0	2	96	1	pextrq [rsi], xmm1, 96
movement_1969	pextrq.mem	SSE	128	8	0	2	97	1	pextrq [rsi], xmm1, 97
movement_1970	pextrq.mem	SSE	128	8	0	2	98	1	pextrq [rsi], xmm1, 98
movement_1971	pextrq.mem	SSE	128	8	0	2	99	1	pextrq [rsi], xmm1, 99
movement_1972	pextrq.mem	SSE	128	8	0	2	100	1	pextrq [rsi], xmm1, 100
movement_1973	pextrq.mem	SSE	128	8	0	2	101	1	pextrq [rsi], xmm1, 101
movement_1974	pextrq.mem	SSE	128	8	0	2	102	1	pextrq [rsi], xmm1, 102
movement_1975	pextrq.mem	SSE	128	8	0	2	103	1	pextrq [rsi], xmm1, 103
movement_1976	pextrq.mem	SSE	128	8	0	2	104	1	pextrq [rsi], xmm1, 104
movement_1977	pextrq.mem	SSE	128	8	0	2	105	1	pextrq [rsi], xmm1, 105
movement_1978	pextrq.mem	SSE	128	8	0	2	106	1	pextrq [rsi], xmm1, 106
movement_1979	pextrq.mem	SSE	128	8	0	2	107	1	pextrq [rsi], xmm1, 107
movement_1980	pextrq.mem	SSE	128	8	0	2	108	1	pextrq [rsi], xmm1, 108
movement_1981	pextrq.mem	SSE	128	8	0	2	109	1	pextrq [rsi], xmm1, 109
movement_1982	pextrq.mem	SSE	128	8	0	2	110	1	pextrq [rsi], xmm1, 110
movement_1983	pextrq.mem	SSE	128	8	0	2	111	1	pextrq [rsi], xmm1, 111
movement_1984	pextrq.mem	SSE	128	8	0	2	112	1	pextrq [rsi], xmm1, 112
movement_1985	pextrq.mem	SSE	128	8	0	2	113	1	pextrq [rsi], xmm1, 113
movement_1986	pextrq.mem	SSE	128	8	0	2	114	1	pextrq [rsi], xmm1, 114
movement_1987	pextrq.mem	SSE	128	8	0	2	115	1	pextrq [rsi], xmm1, 115
movement_1988	pextrq.mem	SSE	128	8	0	2	116	1	pextrq [rsi], xmm1, 116
movement_1989	pextrq.mem	SSE	128	8	0	2	117	1	pextrq [rsi], xmm1, 117
movement_1990	pextrq.mem	SSE	128	8	0	2	118	1	pextrq [rsi], xmm1, 118
movement_1991	pextrq.mem	SSE	128	8	0	2	119	1	pextrq [rsi], xmm1, 119
movement_1992	pextrq.mem	SSE	128	8	0	2	120	1	pextrq [rsi], xmm1, 120
movement_1993	pextrq.mem	SSE	128	8	0	2	121	1	pextrq [rsi], xmm1, 121
movement_1994	pextrq.mem	SSE	128	8	0	2	122	1	pextrq [rsi], xmm1, 122
movement_1995	pextrq.mem	SSE	128	8	0	2	123	1	pextrq [rsi], xmm1, 123
movement_1996	pextrq.mem	SSE	128	8	0	2	124	1	pextrq [rsi], xmm1, 124
movement_1997	pextrq.mem	SSE	128	8	0	2	125	1	pextrq [rsi], xmm1, 125
movement_1998	pextrq.mem	SSE	128	8	0	2	126	1	pextrq [rsi], xmm1, 126
movement_1999	pextrq.mem	SSE	128	8	0	2	127	1	pextrq [rsi], xmm1, 127
movement_2000	pextrq.mem	SSE	128	8	0	2	128	1	pextrq [rsi], xmm1, 128
movement_2001	pextrq.mem	SSE	128	8	0	2	129	1	pextrq [rsi], xmm1, 129
movement_2002	pextrq.mem	SSE	128	8	0	2	130	1	pextrq [rsi], xmm1, 130
movement_2003	pextrq.mem	SSE	128	8	0	2	131	1	pextrq [rsi], xmm1, 131
movement_2004	pextrq.mem	SSE	128	8	0	2	132	1	pextrq [rsi], xmm1, 132
movement_2005	pextrq.mem	SSE	128	8	0	2	133	1	pextrq [rsi], xmm1, 133
movement_2006	pextrq.mem	SSE	128	8	0	2	134	1	pextrq [rsi], xmm1, 134
movement_2007	pextrq.mem	SSE	128	8	0	2	135	1	pextrq [rsi], xmm1, 135
movement_2008	pextrq.mem	SSE	128	8	0	2	136	1	pextrq [rsi], xmm1, 136
movement_2009	pextrq.mem	SSE	128	8	0	2	137	1	pextrq [rsi], xmm1, 137
movement_2010	pextrq.mem	SSE	128	8	0	2	138	1	pextrq [rsi], xmm1, 138
movement_2011	pextrq.mem	SSE	128	8	0	2	139	1	pextrq [rsi], xmm1, 139
movement_2012	pextrq.mem	SSE	128	8	0	2	140	1	pextrq [rsi], xmm1, 140
movement_2013	pextrq.mem	SSE	128	8	0	2	141	1	pextrq [rsi], xmm1, 141
movement_2014	pextrq.mem	SSE	128	8	0	2	142	1	pextrq [rsi], xmm1, 142
movement_2015	pextrq.mem	SSE	128	8	0	2	143	1	pextrq [rsi], xmm1, 143
movement_2016	pextrq.mem	SSE	128	8	0	2	144	1	pextrq [rsi], xmm1, 144
movement_2017	pextrq.mem	SSE	128	8	0	2	145	1	pextrq [rsi], xmm1, 145
movement_2018	pextrq.mem	SSE	128	8	0	2	146	1	pextrq [rsi], xmm1, 146
movement_2019	pextrq.mem	SSE	128	8	0	2	147	1	pextrq [rsi], xmm1, 147
movement_2020	pextrq.mem	SSE	128	8	0	2	148	1	pextrq [rsi], xmm1, 148
movement_2021	pextrq.mem	SSE	128	8	0	2	149	1	pextrq [rsi], xmm1, 149
movement_2022	pextrq.mem	SSE	128	8	0	2	150	1	pextrq [rsi], xmm1, 150
movement_2023	pextrq.mem	SSE	128	8	0	2	151	1	pextrq [rsi], xmm1, 151
movement_2024	pextrq.mem	SSE	128	8	0	2	152	1	pextrq [rsi], xmm1, 152
movement_2025	pextrq.mem	SSE	128	8	0	2	153	1	pextrq [rsi], xmm1, 153
movement_2026	pextrq.mem	SSE	128	8	0	2	154	1	pextrq [rsi], xmm1, 154
movement_2027	pextrq.mem	SSE	128	8	0	2	155	1	pextrq [rsi], xmm1, 155
movement_2028	pextrq.mem	SSE	128	8	0	2	156	1	pextrq [rsi], xmm1, 156
movement_2029	pextrq.mem	SSE	128	8	0	2	157	1	pextrq [rsi], xmm1, 157
movement_2030	pextrq.mem	SSE	128	8	0	2	158	1	pextrq [rsi], xmm1, 158
movement_2031	pextrq.mem	SSE	128	8	0	2	159	1	pextrq [rsi], xmm1, 159
movement_2032	pextrq.mem	SSE	128	8	0	2	160	1	pextrq [rsi], xmm1, 160
movement_2033	pextrq.mem	SSE	128	8	0	2	161	1	pextrq [rsi], xmm1, 161
movement_2034	pextrq.mem	SSE	128	8	0	2	162	1	pextrq [rsi], xmm1, 162
movement_2035	pextrq.mem	SSE	128	8	0	2	163	1	pextrq [rsi], xmm1, 163
movement_2036	pextrq.mem	SSE	128	8	0	2	164	1	pextrq [rsi], xmm1, 164
movement_2037	pextrq.mem	SSE	128	8	0	2	165	1	pextrq [rsi], xmm1, 165
movement_2038	pextrq.mem	SSE	128	8	0	2	166	1	pextrq [rsi], xmm1, 166
movement_2039	pextrq.mem	SSE	128	8	0	2	167	1	pextrq [rsi], xmm1, 167
movement_2040	pextrq.mem	SSE	128	8	0	2	168	1	pextrq [rsi], xmm1, 168
movement_2041	pextrq.mem	SSE	128	8	0	2	169	1	pextrq [rsi], xmm1, 169
movement_2042	pextrq.mem	SSE	128	8	0	2	170	1	pextrq [rsi], xmm1, 170
movement_2043	pextrq.mem	SSE	128	8	0	2	171	1	pextrq [rsi], xmm1, 171
movement_2044	pextrq.mem	SSE	128	8	0	2	172	1	pextrq [rsi], xmm1, 172
movement_2045	pextrq.mem	SSE	128	8	0	2	173	1	pextrq [rsi], xmm1, 173
movement_2046	pextrq.mem	SSE	128	8	0	2	174	1	pextrq [rsi], xmm1, 174
movement_2047	pextrq.mem	SSE	128	8	0	2	175	1	pextrq [rsi], xmm1, 175
movement_2048	pextrq.mem	SSE	128	8	0	2	176	1	pextrq [rsi], xmm1, 176
movement_2049	pextrq.mem	SSE	128	8	0	2	177	1	pextrq [rsi], xmm1, 177
movement_2050	pextrq.mem	SSE	128	8	0	2	178	1	pextrq [rsi], xmm1, 178
movement_2051	pextrq.mem	SSE	128	8	0	2	179	1	pextrq [rsi], xmm1, 179
movement_2052	pextrq.mem	SSE	128	8	0	2	180	1	pextrq [rsi], xmm1, 180
movement_2053	pextrq.mem	SSE	128	8	0	2	181	1	pextrq [rsi], xmm1, 181
movement_2054	pextrq.mem	SSE	128	8	0	2	182	1	pextrq [rsi], xmm1, 182
movement_2055	pextrq.mem	SSE	128	8	0	2	183	1	pextrq [rsi], xmm1, 183
movement_2056	pextrq.mem	SSE	128	8	0	2	184	1	pextrq [rsi], xmm1, 184
movement_2057	pextrq.mem	SSE	128	8	0	2	185	1	pextrq [rsi], xmm1, 185
movement_2058	pextrq.mem	SSE	128	8	0	2	186	1	pextrq [rsi], xmm1, 186
movement_2059	pextrq.mem	SSE	128	8	0	2	187	1	pextrq [rsi], xmm1, 187
movement_2060	pextrq.mem	SSE	128	8	0	2	188	1	pextrq [rsi], xmm1, 188
movement_2061	pextrq.mem	SSE	128	8	0	2	189	1	pextrq [rsi], xmm1, 189
movement_2062	pextrq.mem	SSE	128	8	0	2	190	1	pextrq [rsi], xmm1, 190
movement_2063	pextrq.mem	SSE	128	8	0	2	191	1	pextrq [rsi], xmm1, 191
movement_2064	pextrq.mem	SSE	128	8	0	2	192	1	pextrq [rsi], xmm1, 192
movement_2065	pextrq.mem	SSE	128	8	0	2	193	1	pextrq [rsi], xmm1, 193
movement_2066	pextrq.mem	SSE	128	8	0	2	194	1	pextrq [rsi], xmm1, 194
movement_2067	pextrq.mem	SSE	128	8	0	2	195	1	pextrq [rsi], xmm1, 195
movement_2068	pextrq.mem	SSE	128	8	0	2	196	1	pextrq [rsi], xmm1, 196
movement_2069	pextrq.mem	SSE	128	8	0	2	197	1	pextrq [rsi], xmm1, 197
movement_2070	pextrq.mem	SSE	128	8	0	2	198	1	pextrq [rsi], xmm1, 198
movement_2071	pextrq.mem	SSE	128	8	0	2	199	1	pextrq [rsi], xmm1, 199
movement_2072	pextrq.mem	SSE	128	8	0	2	200	1	pextrq [rsi], xmm1, 200
movement_2073	pextrq.mem	SSE	128	8	0	2	201	1	pextrq [rsi], xmm1, 201
movement_2074	pextrq.mem	SSE	128	8	0	2	202	1	pextrq [rsi], xmm1, 202
movement_2075	pextrq.mem	SSE	128	8	0	2	203	1	pextrq [rsi], xmm1, 203
movement_2076	pextrq.mem	SSE	128	8	0	2	204	1	pextrq [rsi], xmm1, 204
movement_2077	pextrq.mem	SSE	128	8	0	2	205	1	pextrq [rsi], xmm1, 205
movement_2078	pextrq.mem	SSE	128	8	0	2	206	1	pextrq [rsi], xmm1, 206
movement_2079	pextrq.mem	SSE	128	8	0	2	207	1	pextrq [rsi], xmm1, 207
movement_2080	pextrq.mem	SSE	128	8	0	2	208	1	pextrq [rsi], xmm1, 208
movement_2081	pextrq.mem	SSE	128	8	0	2	209	1	pextrq [rsi], xmm1, 209
movement_2082	pextrq.mem	SSE	128	8	0	2	210	1	pextrq [rsi], xmm1, 210
movement_2083	pextrq.mem	SSE	128	8	0	2	211	1	pextrq [rsi], xmm1, 211
movement_2084	pextrq.mem	SSE	128	8	0	2	212	1	pextrq [rsi], xmm1, 212
movement_2085	pextrq.mem	SSE	128	8	0	2	213	1	pextrq [rsi], xmm1, 213
movement_2086	pextrq.mem	SSE	128	8	0	2	214	1	pextrq [rsi], xmm1, 214
movement_2087	pextrq.mem	SSE	128	8	0	2	215	1	pextrq [rsi], xmm1, 215
movement_2088	pextrq.mem	SSE	128	8	0	2	216	1	pextrq [rsi], xmm1, 216
movement_2089	pextrq.mem	SSE	128	8	0	2	217	1	pextrq [rsi], xmm1, 217
movement_2090	pextrq.mem	SSE	128	8	0	2	218	1	pextrq [rsi], xmm1, 218
movement_2091	pextrq.mem	SSE	128	8	0	2	219	1	pextrq [rsi], xmm1, 219
movement_2092	pextrq.mem	SSE	128	8	0	2	220	1	pextrq [rsi], xmm1, 220
movement_2093	pextrq.mem	SSE	128	8	0	2	221	1	pextrq [rsi], xmm1, 221
movement_2094	pextrq.mem	SSE	128	8	0	2	222	1	pextrq [rsi], xmm1, 222
movement_2095	pextrq.mem	SSE	128	8	0	2	223	1	pextrq [rsi], xmm1, 223
movement_2096	pextrq.mem	SSE	128	8	0	2	224	1	pextrq [rsi], xmm1, 224
movement_2097	pextrq.mem	SSE	128	8	0	2	225	1	pextrq [rsi], xmm1, 225
movement_2098	pextrq.mem	SSE	128	8	0	2	226	1	pextrq [rsi], xmm1, 226
movement_2099	pextrq.mem	SSE	128	8	0	2	227	1	pextrq [rsi], xmm1, 227
movement_2100	pextrq.mem	SSE	128	8	0	2	228	1	pextrq [rsi], xmm1, 228
movement_2101	pextrq.mem	SSE	128	8	0	2	229	1	pextrq [rsi], xmm1, 229
movement_2102	pextrq.mem	SSE	128	8	0	2	230	1	pextrq [rsi], xmm1, 230
movement_2103	pextrq.mem	SSE	128	8	0	2	231	1	pextrq [rsi], xmm1, 231
movement_2104	pextrq.mem	SSE	128	8	0	2	232	1	pextrq [rsi], xmm1, 232
movement_2105	pextrq.mem	SSE	128	8	0	2	233	1	pextrq [rsi], xmm1, 233
movement_2106	pextrq.mem	SSE	128	8	0	2	234	1	pextrq [rsi], xmm1, 234
movement_2107	pextrq.mem	SSE	128	8	0	2	235	1	pextrq [rsi], xmm1, 235
movement_2108	pextrq.mem	SSE	128	8	0	2	236	1	pextrq [rsi], xmm1, 236
movement_2109	pextrq.mem	SSE	128	8	0	2	237	1	pextrq [rsi], xmm1, 237
movement_2110	pextrq.mem	SSE	128	8	0	2	238	1	pextrq [rsi], xmm1, 238
movement_2111	pextrq.mem	SSE	128	8	0	2	239	1	pextrq [rsi], xmm1, 239
movement_2112	pextrq.mem	SSE	128	8	0	2	240	1	pextrq [rsi], xmm1, 240
movement_2113	pextrq.mem	SSE	128	8	0	2	241	1	pextrq [rsi], xmm1, 241
movement_2114	pextrq.mem	SSE	128	8	0	2	242	1	pextrq [rsi], xmm1, 242
movement_2115	pextrq.mem	SSE	128	8	0	2	243	1	pextrq [rsi], xmm1, 243
movement_2116	pextrq.mem	SSE	128	8	0	2	244	1	pextrq [rsi], xmm1, 244
movement_2117	pextrq.mem	SSE	128	8	0	2	245	1	pextrq [rsi], xmm1, 245
movement_2118	pextrq.mem	SSE	128	8	0	2	246	1	pextrq [rsi], xmm1, 246
movement_2119	pextrq.mem	SSE	128	8	0	2	247	1	pextrq [rsi], xmm1, 247
movement_2120	pextrq.mem	SSE	128	8	0	2	248	1	pextrq [rsi], xmm1, 248
movement_2121	pextrq.mem	SSE	128	8	0	2	249	1	pextrq [rsi], xmm1, 249
movement_2122	pextrq.mem	SSE	128	8	0	2	250	1	pextrq [rsi], xmm1, 250
movement_2123	pextrq.mem	SSE	128	8	0	2	251	1	pextrq [rsi], xmm1, 251
movement_2124	pextrq.mem	SSE	128	8	0	2	252	1	pextrq [rsi], xmm1, 252
movement_2125	pextrq.mem	SSE	128	8	0	2	253	1	pextrq [rsi], xmm1, 253
movement_2126	pextrq.mem	SSE	128	8	0	2	254	1	pextrq [rsi], xmm1, 254
movement_2127	pextrq.mem	SSE	128	8	0	2	255	1	pextrq [rsi], xmm1, 255
movement_2128	pextrw.sse2_gpr	SSE	128	2	0	0	0	1	.byte 0x66,0x0f,0xc5,0xc1,0
movement_2129	pextrw.sse2_gpr	SSE	128	2	0	0	1	1	.byte 0x66,0x0f,0xc5,0xc1,1
movement_2130	pextrw.sse2_gpr	SSE	128	2	0	0	2	1	.byte 0x66,0x0f,0xc5,0xc1,2
movement_2131	pextrw.sse2_gpr	SSE	128	2	0	0	3	1	.byte 0x66,0x0f,0xc5,0xc1,3
movement_2132	pextrw.sse2_gpr	SSE	128	2	0	0	4	1	.byte 0x66,0x0f,0xc5,0xc1,4
movement_2133	pextrw.sse2_gpr	SSE	128	2	0	0	5	1	.byte 0x66,0x0f,0xc5,0xc1,5
movement_2134	pextrw.sse2_gpr	SSE	128	2	0	0	6	1	.byte 0x66,0x0f,0xc5,0xc1,6
movement_2135	pextrw.sse2_gpr	SSE	128	2	0	0	7	1	.byte 0x66,0x0f,0xc5,0xc1,7
movement_2136	pextrw.sse2_gpr	SSE	128	2	0	0	8	1	.byte 0x66,0x0f,0xc5,0xc1,8
movement_2137	pextrw.sse2_gpr	SSE	128	2	0	0	9	1	.byte 0x66,0x0f,0xc5,0xc1,9
movement_2138	pextrw.sse2_gpr	SSE	128	2	0	0	10	1	.byte 0x66,0x0f,0xc5,0xc1,10
movement_2139	pextrw.sse2_gpr	SSE	128	2	0	0	11	1	.byte 0x66,0x0f,0xc5,0xc1,11
movement_2140	pextrw.sse2_gpr	SSE	128	2	0	0	12	1	.byte 0x66,0x0f,0xc5,0xc1,12
movement_2141	pextrw.sse2_gpr	SSE	128	2	0	0	13	1	.byte 0x66,0x0f,0xc5,0xc1,13
movement_2142	pextrw.sse2_gpr	SSE	128	2	0	0	14	1	.byte 0x66,0x0f,0xc5,0xc1,14
movement_2143	pextrw.sse2_gpr	SSE	128	2	0	0	15	1	.byte 0x66,0x0f,0xc5,0xc1,15
movement_2144	pextrw.sse2_gpr	SSE	128	2	0	0	16	1	.byte 0x66,0x0f,0xc5,0xc1,16
movement_2145	pextrw.sse2_gpr	SSE	128	2	0	0	17	1	.byte 0x66,0x0f,0xc5,0xc1,17
movement_2146	pextrw.sse2_gpr	SSE	128	2	0	0	18	1	.byte 0x66,0x0f,0xc5,0xc1,18
movement_2147	pextrw.sse2_gpr	SSE	128	2	0	0	19	1	.byte 0x66,0x0f,0xc5,0xc1,19
movement_2148	pextrw.sse2_gpr	SSE	128	2	0	0	20	1	.byte 0x66,0x0f,0xc5,0xc1,20
movement_2149	pextrw.sse2_gpr	SSE	128	2	0	0	21	1	.byte 0x66,0x0f,0xc5,0xc1,21
movement_2150	pextrw.sse2_gpr	SSE	128	2	0	0	22	1	.byte 0x66,0x0f,0xc5,0xc1,22
movement_2151	pextrw.sse2_gpr	SSE	128	2	0	0	23	1	.byte 0x66,0x0f,0xc5,0xc1,23
movement_2152	pextrw.sse2_gpr	SSE	128	2	0	0	24	1	.byte 0x66,0x0f,0xc5,0xc1,24
movement_2153	pextrw.sse2_gpr	SSE	128	2	0	0	25	1	.byte 0x66,0x0f,0xc5,0xc1,25
movement_2154	pextrw.sse2_gpr	SSE	128	2	0	0	26	1	.byte 0x66,0x0f,0xc5,0xc1,26
movement_2155	pextrw.sse2_gpr	SSE	128	2	0	0	27	1	.byte 0x66,0x0f,0xc5,0xc1,27
movement_2156	pextrw.sse2_gpr	SSE	128	2	0	0	28	1	.byte 0x66,0x0f,0xc5,0xc1,28
movement_2157	pextrw.sse2_gpr	SSE	128	2	0	0	29	1	.byte 0x66,0x0f,0xc5,0xc1,29
movement_2158	pextrw.sse2_gpr	SSE	128	2	0	0	30	1	.byte 0x66,0x0f,0xc5,0xc1,30
movement_2159	pextrw.sse2_gpr	SSE	128	2	0	0	31	1	.byte 0x66,0x0f,0xc5,0xc1,31
movement_2160	pextrw.sse2_gpr	SSE	128	2	0	0	32	1	.byte 0x66,0x0f,0xc5,0xc1,32
movement_2161	pextrw.sse2_gpr	SSE	128	2	0	0	33	1	.byte 0x66,0x0f,0xc5,0xc1,33
movement_2162	pextrw.sse2_gpr	SSE	128	2	0	0	34	1	.byte 0x66,0x0f,0xc5,0xc1,34
movement_2163	pextrw.sse2_gpr	SSE	128	2	0	0	35	1	.byte 0x66,0x0f,0xc5,0xc1,35
movement_2164	pextrw.sse2_gpr	SSE	128	2	0	0	36	1	.byte 0x66,0x0f,0xc5,0xc1,36
movement_2165	pextrw.sse2_gpr	SSE	128	2	0	0	37	1	.byte 0x66,0x0f,0xc5,0xc1,37
movement_2166	pextrw.sse2_gpr	SSE	128	2	0	0	38	1	.byte 0x66,0x0f,0xc5,0xc1,38
movement_2167	pextrw.sse2_gpr	SSE	128	2	0	0	39	1	.byte 0x66,0x0f,0xc5,0xc1,39
movement_2168	pextrw.sse2_gpr	SSE	128	2	0	0	40	1	.byte 0x66,0x0f,0xc5,0xc1,40
movement_2169	pextrw.sse2_gpr	SSE	128	2	0	0	41	1	.byte 0x66,0x0f,0xc5,0xc1,41
movement_2170	pextrw.sse2_gpr	SSE	128	2	0	0	42	1	.byte 0x66,0x0f,0xc5,0xc1,42
movement_2171	pextrw.sse2_gpr	SSE	128	2	0	0	43	1	.byte 0x66,0x0f,0xc5,0xc1,43
movement_2172	pextrw.sse2_gpr	SSE	128	2	0	0	44	1	.byte 0x66,0x0f,0xc5,0xc1,44
movement_2173	pextrw.sse2_gpr	SSE	128	2	0	0	45	1	.byte 0x66,0x0f,0xc5,0xc1,45
movement_2174	pextrw.sse2_gpr	SSE	128	2	0	0	46	1	.byte 0x66,0x0f,0xc5,0xc1,46
movement_2175	pextrw.sse2_gpr	SSE	128	2	0	0	47	1	.byte 0x66,0x0f,0xc5,0xc1,47
movement_2176	pextrw.sse2_gpr	SSE	128	2	0	0	48	1	.byte 0x66,0x0f,0xc5,0xc1,48
movement_2177	pextrw.sse2_gpr	SSE	128	2	0	0	49	1	.byte 0x66,0x0f,0xc5,0xc1,49
movement_2178	pextrw.sse2_gpr	SSE	128	2	0	0	50	1	.byte 0x66,0x0f,0xc5,0xc1,50
movement_2179	pextrw.sse2_gpr	SSE	128	2	0	0	51	1	.byte 0x66,0x0f,0xc5,0xc1,51
movement_2180	pextrw.sse2_gpr	SSE	128	2	0	0	52	1	.byte 0x66,0x0f,0xc5,0xc1,52
movement_2181	pextrw.sse2_gpr	SSE	128	2	0	0	53	1	.byte 0x66,0x0f,0xc5,0xc1,53
movement_2182	pextrw.sse2_gpr	SSE	128	2	0	0	54	1	.byte 0x66,0x0f,0xc5,0xc1,54
movement_2183	pextrw.sse2_gpr	SSE	128	2	0	0	55	1	.byte 0x66,0x0f,0xc5,0xc1,55
movement_2184	pextrw.sse2_gpr	SSE	128	2	0	0	56	1	.byte 0x66,0x0f,0xc5,0xc1,56
movement_2185	pextrw.sse2_gpr	SSE	128	2	0	0	57	1	.byte 0x66,0x0f,0xc5,0xc1,57
movement_2186	pextrw.sse2_gpr	SSE	128	2	0	0	58	1	.byte 0x66,0x0f,0xc5,0xc1,58
movement_2187	pextrw.sse2_gpr	SSE	128	2	0	0	59	1	.byte 0x66,0x0f,0xc5,0xc1,59
movement_2188	pextrw.sse2_gpr	SSE	128	2	0	0	60	1	.byte 0x66,0x0f,0xc5,0xc1,60
movement_2189	pextrw.sse2_gpr	SSE	128	2	0	0	61	1	.byte 0x66,0x0f,0xc5,0xc1,61
movement_2190	pextrw.sse2_gpr	SSE	128	2	0	0	62	1	.byte 0x66,0x0f,0xc5,0xc1,62
movement_2191	pextrw.sse2_gpr	SSE	128	2	0	0	63	1	.byte 0x66,0x0f,0xc5,0xc1,63
movement_2192	pextrw.sse2_gpr	SSE	128	2	0	0	64	1	.byte 0x66,0x0f,0xc5,0xc1,64
movement_2193	pextrw.sse2_gpr	SSE	128	2	0	0	65	1	.byte 0x66,0x0f,0xc5,0xc1,65
movement_2194	pextrw.sse2_gpr	SSE	128	2	0	0	66	1	.byte 0x66,0x0f,0xc5,0xc1,66
movement_2195	pextrw.sse2_gpr	SSE	128	2	0	0	67	1	.byte 0x66,0x0f,0xc5,0xc1,67
movement_2196	pextrw.sse2_gpr	SSE	128	2	0	0	68	1	.byte 0x66,0x0f,0xc5,0xc1,68
movement_2197	pextrw.sse2_gpr	SSE	128	2	0	0	69	1	.byte 0x66,0x0f,0xc5,0xc1,69
movement_2198	pextrw.sse2_gpr	SSE	128	2	0	0	70	1	.byte 0x66,0x0f,0xc5,0xc1,70
movement_2199	pextrw.sse2_gpr	SSE	128	2	0	0	71	1	.byte 0x66,0x0f,0xc5,0xc1,71
movement_2200	pextrw.sse2_gpr	SSE	128	2	0	0	72	1	.byte 0x66,0x0f,0xc5,0xc1,72
movement_2201	pextrw.sse2_gpr	SSE	128	2	0	0	73	1	.byte 0x66,0x0f,0xc5,0xc1,73
movement_2202	pextrw.sse2_gpr	SSE	128	2	0	0	74	1	.byte 0x66,0x0f,0xc5,0xc1,74
movement_2203	pextrw.sse2_gpr	SSE	128	2	0	0	75	1	.byte 0x66,0x0f,0xc5,0xc1,75
movement_2204	pextrw.sse2_gpr	SSE	128	2	0	0	76	1	.byte 0x66,0x0f,0xc5,0xc1,76
movement_2205	pextrw.sse2_gpr	SSE	128	2	0	0	77	1	.byte 0x66,0x0f,0xc5,0xc1,77
movement_2206	pextrw.sse2_gpr	SSE	128	2	0	0	78	1	.byte 0x66,0x0f,0xc5,0xc1,78
movement_2207	pextrw.sse2_gpr	SSE	128	2	0	0	79	1	.byte 0x66,0x0f,0xc5,0xc1,79
movement_2208	pextrw.sse2_gpr	SSE	128	2	0	0	80	1	.byte 0x66,0x0f,0xc5,0xc1,80
movement_2209	pextrw.sse2_gpr	SSE	128	2	0	0	81	1	.byte 0x66,0x0f,0xc5,0xc1,81
movement_2210	pextrw.sse2_gpr	SSE	128	2	0	0	82	1	.byte 0x66,0x0f,0xc5,0xc1,82
movement_2211	pextrw.sse2_gpr	SSE	128	2	0	0	83	1	.byte 0x66,0x0f,0xc5,0xc1,83
movement_2212	pextrw.sse2_gpr	SSE	128	2	0	0	84	1	.byte 0x66,0x0f,0xc5,0xc1,84
movement_2213	pextrw.sse2_gpr	SSE	128	2	0	0	85	1	.byte 0x66,0x0f,0xc5,0xc1,85
movement_2214	pextrw.sse2_gpr	SSE	128	2	0	0	86	1	.byte 0x66,0x0f,0xc5,0xc1,86
movement_2215	pextrw.sse2_gpr	SSE	128	2	0	0	87	1	.byte 0x66,0x0f,0xc5,0xc1,87
movement_2216	pextrw.sse2_gpr	SSE	128	2	0	0	88	1	.byte 0x66,0x0f,0xc5,0xc1,88
movement_2217	pextrw.sse2_gpr	SSE	128	2	0	0	89	1	.byte 0x66,0x0f,0xc5,0xc1,89
movement_2218	pextrw.sse2_gpr	SSE	128	2	0	0	90	1	.byte 0x66,0x0f,0xc5,0xc1,90
movement_2219	pextrw.sse2_gpr	SSE	128	2	0	0	91	1	.byte 0x66,0x0f,0xc5,0xc1,91
movement_2220	pextrw.sse2_gpr	SSE	128	2	0	0	92	1	.byte 0x66,0x0f,0xc5,0xc1,92
movement_2221	pextrw.sse2_gpr	SSE	128	2	0	0	93	1	.byte 0x66,0x0f,0xc5,0xc1,93
movement_2222	pextrw.sse2_gpr	SSE	128	2	0	0	94	1	.byte 0x66,0x0f,0xc5,0xc1,94
movement_2223	pextrw.sse2_gpr	SSE	128	2	0	0	95	1	.byte 0x66,0x0f,0xc5,0xc1,95
movement_2224	pextrw.sse2_gpr	SSE	128	2	0	0	96	1	.byte 0x66,0x0f,0xc5,0xc1,96
movement_2225	pextrw.sse2_gpr	SSE	128	2	0	0	97	1	.byte 0x66,0x0f,0xc5,0xc1,97
movement_2226	pextrw.sse2_gpr	SSE	128	2	0	0	98	1	.byte 0x66,0x0f,0xc5,0xc1,98
movement_2227	pextrw.sse2_gpr	SSE	128	2	0	0	99	1	.byte 0x66,0x0f,0xc5,0xc1,99
movement_2228	pextrw.sse2_gpr	SSE	128	2	0	0	100	1	.byte 0x66,0x0f,0xc5,0xc1,100
movement_2229	pextrw.sse2_gpr	SSE	128	2	0	0	101	1	.byte 0x66,0x0f,0xc5,0xc1,101
movement_2230	pextrw.sse2_gpr	SSE	128	2	0	0	102	1	.byte 0x66,0x0f,0xc5,0xc1,102
movement_2231	pextrw.sse2_gpr	SSE	128	2	0	0	103	1	.byte 0x66,0x0f,0xc5,0xc1,103
movement_2232	pextrw.sse2_gpr	SSE	128	2	0	0	104	1	.byte 0x66,0x0f,0xc5,0xc1,104
movement_2233	pextrw.sse2_gpr	SSE	128	2	0	0	105	1	.byte 0x66,0x0f,0xc5,0xc1,105
movement_2234	pextrw.sse2_gpr	SSE	128	2	0	0	106	1	.byte 0x66,0x0f,0xc5,0xc1,106
movement_2235	pextrw.sse2_gpr	SSE	128	2	0	0	107	1	.byte 0x66,0x0f,0xc5,0xc1,107
movement_2236	pextrw.sse2_gpr	SSE	128	2	0	0	108	1	.byte 0x66,0x0f,0xc5,0xc1,108
movement_2237	pextrw.sse2_gpr	SSE	128	2	0	0	109	1	.byte 0x66,0x0f,0xc5,0xc1,109
movement_2238	pextrw.sse2_gpr	SSE	128	2	0	0	110	1	.byte 0x66,0x0f,0xc5,0xc1,110
movement_2239	pextrw.sse2_gpr	SSE	128	2	0	0	111	1	.byte 0x66,0x0f,0xc5,0xc1,111
movement_2240	pextrw.sse2_gpr	SSE	128	2	0	0	112	1	.byte 0x66,0x0f,0xc5,0xc1,112
movement_2241	pextrw.sse2_gpr	SSE	128	2	0	0	113	1	.byte 0x66,0x0f,0xc5,0xc1,113
movement_2242	pextrw.sse2_gpr	SSE	128	2	0	0	114	1	.byte 0x66,0x0f,0xc5,0xc1,114
movement_2243	pextrw.sse2_gpr	SSE	128	2	0	0	115	1	.byte 0x66,0x0f,0xc5,0xc1,115
movement_2244	pextrw.sse2_gpr	SSE	128	2	0	0	116	1	.byte 0x66,0x0f,0xc5,0xc1,116
movement_2245	pextrw.sse2_gpr	SSE	128	2	0	0	117	1	.byte 0x66,0x0f,0xc5,0xc1,117
movement_2246	pextrw.sse2_gpr	SSE	128	2	0	0	118	1	.byte 0x66,0x0f,0xc5,0xc1,118
movement_2247	pextrw.sse2_gpr	SSE	128	2	0	0	119	1	.byte 0x66,0x0f,0xc5,0xc1,119
movement_2248	pextrw.sse2_gpr	SSE	128	2	0	0	120	1	.byte 0x66,0x0f,0xc5,0xc1,120
movement_2249	pextrw.sse2_gpr	SSE	128	2	0	0	121	1	.byte 0x66,0x0f,0xc5,0xc1,121
movement_2250	pextrw.sse2_gpr	SSE	128	2	0	0	122	1	.byte 0x66,0x0f,0xc5,0xc1,122
movement_2251	pextrw.sse2_gpr	SSE	128	2	0	0	123	1	.byte 0x66,0x0f,0xc5,0xc1,123
movement_2252	pextrw.sse2_gpr	SSE	128	2	0	0	124	1	.byte 0x66,0x0f,0xc5,0xc1,124
movement_2253	pextrw.sse2_gpr	SSE	128	2	0	0	125	1	.byte 0x66,0x0f,0xc5,0xc1,125
movement_2254	pextrw.sse2_gpr	SSE	128	2	0	0	126	1	.byte 0x66,0x0f,0xc5,0xc1,126
movement_2255	pextrw.sse2_gpr	SSE	128	2	0	0	127	1	.byte 0x66,0x0f,0xc5,0xc1,127
movement_2256	pextrw.sse2_gpr	SSE	128	2	0	0	128	1	.byte 0x66,0x0f,0xc5,0xc1,128
movement_2257	pextrw.sse2_gpr	SSE	128	2	0	0	129	1	.byte 0x66,0x0f,0xc5,0xc1,129
movement_2258	pextrw.sse2_gpr	SSE	128	2	0	0	130	1	.byte 0x66,0x0f,0xc5,0xc1,130
movement_2259	pextrw.sse2_gpr	SSE	128	2	0	0	131	1	.byte 0x66,0x0f,0xc5,0xc1,131
movement_2260	pextrw.sse2_gpr	SSE	128	2	0	0	132	1	.byte 0x66,0x0f,0xc5,0xc1,132
movement_2261	pextrw.sse2_gpr	SSE	128	2	0	0	133	1	.byte 0x66,0x0f,0xc5,0xc1,133
movement_2262	pextrw.sse2_gpr	SSE	128	2	0	0	134	1	.byte 0x66,0x0f,0xc5,0xc1,134
movement_2263	pextrw.sse2_gpr	SSE	128	2	0	0	135	1	.byte 0x66,0x0f,0xc5,0xc1,135
movement_2264	pextrw.sse2_gpr	SSE	128	2	0	0	136	1	.byte 0x66,0x0f,0xc5,0xc1,136
movement_2265	pextrw.sse2_gpr	SSE	128	2	0	0	137	1	.byte 0x66,0x0f,0xc5,0xc1,137
movement_2266	pextrw.sse2_gpr	SSE	128	2	0	0	138	1	.byte 0x66,0x0f,0xc5,0xc1,138
movement_2267	pextrw.sse2_gpr	SSE	128	2	0	0	139	1	.byte 0x66,0x0f,0xc5,0xc1,139
movement_2268	pextrw.sse2_gpr	SSE	128	2	0	0	140	1	.byte 0x66,0x0f,0xc5,0xc1,140
movement_2269	pextrw.sse2_gpr	SSE	128	2	0	0	141	1	.byte 0x66,0x0f,0xc5,0xc1,141
movement_2270	pextrw.sse2_gpr	SSE	128	2	0	0	142	1	.byte 0x66,0x0f,0xc5,0xc1,142
movement_2271	pextrw.sse2_gpr	SSE	128	2	0	0	143	1	.byte 0x66,0x0f,0xc5,0xc1,143
movement_2272	pextrw.sse2_gpr	SSE	128	2	0	0	144	1	.byte 0x66,0x0f,0xc5,0xc1,144
movement_2273	pextrw.sse2_gpr	SSE	128	2	0	0	145	1	.byte 0x66,0x0f,0xc5,0xc1,145
movement_2274	pextrw.sse2_gpr	SSE	128	2	0	0	146	1	.byte 0x66,0x0f,0xc5,0xc1,146
movement_2275	pextrw.sse2_gpr	SSE	128	2	0	0	147	1	.byte 0x66,0x0f,0xc5,0xc1,147
movement_2276	pextrw.sse2_gpr	SSE	128	2	0	0	148	1	.byte 0x66,0x0f,0xc5,0xc1,148
movement_2277	pextrw.sse2_gpr	SSE	128	2	0	0	149	1	.byte 0x66,0x0f,0xc5,0xc1,149
movement_2278	pextrw.sse2_gpr	SSE	128	2	0	0	150	1	.byte 0x66,0x0f,0xc5,0xc1,150
movement_2279	pextrw.sse2_gpr	SSE	128	2	0	0	151	1	.byte 0x66,0x0f,0xc5,0xc1,151
movement_2280	pextrw.sse2_gpr	SSE	128	2	0	0	152	1	.byte 0x66,0x0f,0xc5,0xc1,152
movement_2281	pextrw.sse2_gpr	SSE	128	2	0	0	153	1	.byte 0x66,0x0f,0xc5,0xc1,153
movement_2282	pextrw.sse2_gpr	SSE	128	2	0	0	154	1	.byte 0x66,0x0f,0xc5,0xc1,154
movement_2283	pextrw.sse2_gpr	SSE	128	2	0	0	155	1	.byte 0x66,0x0f,0xc5,0xc1,155
movement_2284	pextrw.sse2_gpr	SSE	128	2	0	0	156	1	.byte 0x66,0x0f,0xc5,0xc1,156
movement_2285	pextrw.sse2_gpr	SSE	128	2	0	0	157	1	.byte 0x66,0x0f,0xc5,0xc1,157
movement_2286	pextrw.sse2_gpr	SSE	128	2	0	0	158	1	.byte 0x66,0x0f,0xc5,0xc1,158
movement_2287	pextrw.sse2_gpr	SSE	128	2	0	0	159	1	.byte 0x66,0x0f,0xc5,0xc1,159
movement_2288	pextrw.sse2_gpr	SSE	128	2	0	0	160	1	.byte 0x66,0x0f,0xc5,0xc1,160
movement_2289	pextrw.sse2_gpr	SSE	128	2	0	0	161	1	.byte 0x66,0x0f,0xc5,0xc1,161
movement_2290	pextrw.sse2_gpr	SSE	128	2	0	0	162	1	.byte 0x66,0x0f,0xc5,0xc1,162
movement_2291	pextrw.sse2_gpr	SSE	128	2	0	0	163	1	.byte 0x66,0x0f,0xc5,0xc1,163
movement_2292	pextrw.sse2_gpr	SSE	128	2	0	0	164	1	.byte 0x66,0x0f,0xc5,0xc1,164
movement_2293	pextrw.sse2_gpr	SSE	128	2	0	0	165	1	.byte 0x66,0x0f,0xc5,0xc1,165
movement_2294	pextrw.sse2_gpr	SSE	128	2	0	0	166	1	.byte 0x66,0x0f,0xc5,0xc1,166
movement_2295	pextrw.sse2_gpr	SSE	128	2	0	0	167	1	.byte 0x66,0x0f,0xc5,0xc1,167
movement_2296	pextrw.sse2_gpr	SSE	128	2	0	0	168	1	.byte 0x66,0x0f,0xc5,0xc1,168
movement_2297	pextrw.sse2_gpr	SSE	128	2	0	0	169	1	.byte 0x66,0x0f,0xc5,0xc1,169
movement_2298	pextrw.sse2_gpr	SSE	128	2	0	0	170	1	.byte 0x66,0x0f,0xc5,0xc1,170
movement_2299	pextrw.sse2_gpr	SSE	128	2	0	0	171	1	.byte 0x66,0x0f,0xc5,0xc1,171
movement_2300	pextrw.sse2_gpr	SSE	128	2	0	0	172	1	.byte 0x66,0x0f,0xc5,0xc1,172
movement_2301	pextrw.sse2_gpr	SSE	128	2	0	0	173	1	.byte 0x66,0x0f,0xc5,0xc1,173
movement_2302	pextrw.sse2_gpr	SSE	128	2	0	0	174	1	.byte 0x66,0x0f,0xc5,0xc1,174
movement_2303	pextrw.sse2_gpr	SSE	128	2	0	0	175	1	.byte 0x66,0x0f,0xc5,0xc1,175
movement_2304	pextrw.sse2_gpr	SSE	128	2	0	0	176	1	.byte 0x66,0x0f,0xc5,0xc1,176
movement_2305	pextrw.sse2_gpr	SSE	128	2	0	0	177	1	.byte 0x66,0x0f,0xc5,0xc1,177
movement_2306	pextrw.sse2_gpr	SSE	128	2	0	0	178	1	.byte 0x66,0x0f,0xc5,0xc1,178
movement_2307	pextrw.sse2_gpr	SSE	128	2	0	0	179	1	.byte 0x66,0x0f,0xc5,0xc1,179
movement_2308	pextrw.sse2_gpr	SSE	128	2	0	0	180	1	.byte 0x66,0x0f,0xc5,0xc1,180
movement_2309	pextrw.sse2_gpr	SSE	128	2	0	0	181	1	.byte 0x66,0x0f,0xc5,0xc1,181
movement_2310	pextrw.sse2_gpr	SSE	128	2	0	0	182	1	.byte 0x66,0x0f,0xc5,0xc1,182
movement_2311	pextrw.sse2_gpr	SSE	128	2	0	0	183	1	.byte 0x66,0x0f,0xc5,0xc1,183
movement_2312	pextrw.sse2_gpr	SSE	128	2	0	0	184	1	.byte 0x66,0x0f,0xc5,0xc1,184
movement_2313	pextrw.sse2_gpr	SSE	128	2	0	0	185	1	.byte 0x66,0x0f,0xc5,0xc1,185
movement_2314	pextrw.sse2_gpr	SSE	128	2	0	0	186	1	.byte 0x66,0x0f,0xc5,0xc1,186
movement_2315	pextrw.sse2_gpr	SSE	128	2	0	0	187	1	.byte 0x66,0x0f,0xc5,0xc1,187
movement_2316	pextrw.sse2_gpr	SSE	128	2	0	0	188	1	.byte 0x66,0x0f,0xc5,0xc1,188
movement_2317	pextrw.sse2_gpr	SSE	128	2	0	0	189	1	.byte 0x66,0x0f,0xc5,0xc1,189
movement_2318	pextrw.sse2_gpr	SSE	128	2	0	0	190	1	.byte 0x66,0x0f,0xc5,0xc1,190
movement_2319	pextrw.sse2_gpr	SSE	128	2	0	0	191	1	.byte 0x66,0x0f,0xc5,0xc1,191
movement_2320	pextrw.sse2_gpr	SSE	128	2	0	0	192	1	.byte 0x66,0x0f,0xc5,0xc1,192
movement_2321	pextrw.sse2_gpr	SSE	128	2	0	0	193	1	.byte 0x66,0x0f,0xc5,0xc1,193
movement_2322	pextrw.sse2_gpr	SSE	128	2	0	0	194	1	.byte 0x66,0x0f,0xc5,0xc1,194
movement_2323	pextrw.sse2_gpr	SSE	128	2	0	0	195	1	.byte 0x66,0x0f,0xc5,0xc1,195
movement_2324	pextrw.sse2_gpr	SSE	128	2	0	0	196	1	.byte 0x66,0x0f,0xc5,0xc1,196
movement_2325	pextrw.sse2_gpr	SSE	128	2	0	0	197	1	.byte 0x66,0x0f,0xc5,0xc1,197
movement_2326	pextrw.sse2_gpr	SSE	128	2	0	0	198	1	.byte 0x66,0x0f,0xc5,0xc1,198
movement_2327	pextrw.sse2_gpr	SSE	128	2	0	0	199	1	.byte 0x66,0x0f,0xc5,0xc1,199
movement_2328	pextrw.sse2_gpr	SSE	128	2	0	0	200	1	.byte 0x66,0x0f,0xc5,0xc1,200
movement_2329	pextrw.sse2_gpr	SSE	128	2	0	0	201	1	.byte 0x66,0x0f,0xc5,0xc1,201
movement_2330	pextrw.sse2_gpr	SSE	128	2	0	0	202	1	.byte 0x66,0x0f,0xc5,0xc1,202
movement_2331	pextrw.sse2_gpr	SSE	128	2	0	0	203	1	.byte 0x66,0x0f,0xc5,0xc1,203
movement_2332	pextrw.sse2_gpr	SSE	128	2	0	0	204	1	.byte 0x66,0x0f,0xc5,0xc1,204
movement_2333	pextrw.sse2_gpr	SSE	128	2	0	0	205	1	.byte 0x66,0x0f,0xc5,0xc1,205
movement_2334	pextrw.sse2_gpr	SSE	128	2	0	0	206	1	.byte 0x66,0x0f,0xc5,0xc1,206
movement_2335	pextrw.sse2_gpr	SSE	128	2	0	0	207	1	.byte 0x66,0x0f,0xc5,0xc1,207
movement_2336	pextrw.sse2_gpr	SSE	128	2	0	0	208	1	.byte 0x66,0x0f,0xc5,0xc1,208
movement_2337	pextrw.sse2_gpr	SSE	128	2	0	0	209	1	.byte 0x66,0x0f,0xc5,0xc1,209
movement_2338	pextrw.sse2_gpr	SSE	128	2	0	0	210	1	.byte 0x66,0x0f,0xc5,0xc1,210
movement_2339	pextrw.sse2_gpr	SSE	128	2	0	0	211	1	.byte 0x66,0x0f,0xc5,0xc1,211
movement_2340	pextrw.sse2_gpr	SSE	128	2	0	0	212	1	.byte 0x66,0x0f,0xc5,0xc1,212
movement_2341	pextrw.sse2_gpr	SSE	128	2	0	0	213	1	.byte 0x66,0x0f,0xc5,0xc1,213
movement_2342	pextrw.sse2_gpr	SSE	128	2	0	0	214	1	.byte 0x66,0x0f,0xc5,0xc1,214
movement_2343	pextrw.sse2_gpr	SSE	128	2	0	0	215	1	.byte 0x66,0x0f,0xc5,0xc1,215
movement_2344	pextrw.sse2_gpr	SSE	128	2	0	0	216	1	.byte 0x66,0x0f,0xc5,0xc1,216
movement_2345	pextrw.sse2_gpr	SSE	128	2	0	0	217	1	.byte 0x66,0x0f,0xc5,0xc1,217
movement_2346	pextrw.sse2_gpr	SSE	128	2	0	0	218	1	.byte 0x66,0x0f,0xc5,0xc1,218
movement_2347	pextrw.sse2_gpr	SSE	128	2	0	0	219	1	.byte 0x66,0x0f,0xc5,0xc1,219
movement_2348	pextrw.sse2_gpr	SSE	128	2	0	0	220	1	.byte 0x66,0x0f,0xc5,0xc1,220
movement_2349	pextrw.sse2_gpr	SSE	128	2	0	0	221	1	.byte 0x66,0x0f,0xc5,0xc1,221
movement_2350	pextrw.sse2_gpr	SSE	128	2	0	0	222	1	.byte 0x66,0x0f,0xc5,0xc1,222
movement_2351	pextrw.sse2_gpr	SSE	128	2	0	0	223	1	.byte 0x66,0x0f,0xc5,0xc1,223
movement_2352	pextrw.sse2_gpr	SSE	128	2	0	0	224	1	.byte 0x66,0x0f,0xc5,0xc1,224
movement_2353	pextrw.sse2_gpr	SSE	128	2	0	0	225	1	.byte 0x66,0x0f,0xc5,0xc1,225
movement_2354	pextrw.sse2_gpr	SSE	128	2	0	0	226	1	.byte 0x66,0x0f,0xc5,0xc1,226
movement_2355	pextrw.sse2_gpr	SSE	128	2	0	0	227	1	.byte 0x66,0x0f,0xc5,0xc1,227
movement_2356	pextrw.sse2_gpr	SSE	128	2	0	0	228	1	.byte 0x66,0x0f,0xc5,0xc1,228
movement_2357	pextrw.sse2_gpr	SSE	128	2	0	0	229	1	.byte 0x66,0x0f,0xc5,0xc1,229
movement_2358	pextrw.sse2_gpr	SSE	128	2	0	0	230	1	.byte 0x66,0x0f,0xc5,0xc1,230
movement_2359	pextrw.sse2_gpr	SSE	128	2	0	0	231	1	.byte 0x66,0x0f,0xc5,0xc1,231
movement_2360	pextrw.sse2_gpr	SSE	128	2	0	0	232	1	.byte 0x66,0x0f,0xc5,0xc1,232
movement_2361	pextrw.sse2_gpr	SSE	128	2	0	0	233	1	.byte 0x66,0x0f,0xc5,0xc1,233
movement_2362	pextrw.sse2_gpr	SSE	128	2	0	0	234	1	.byte 0x66,0x0f,0xc5,0xc1,234
movement_2363	pextrw.sse2_gpr	SSE	128	2	0	0	235	1	.byte 0x66,0x0f,0xc5,0xc1,235
movement_2364	pextrw.sse2_gpr	SSE	128	2	0	0	236	1	.byte 0x66,0x0f,0xc5,0xc1,236
movement_2365	pextrw.sse2_gpr	SSE	128	2	0	0	237	1	.byte 0x66,0x0f,0xc5,0xc1,237
movement_2366	pextrw.sse2_gpr	SSE	128	2	0	0	238	1	.byte 0x66,0x0f,0xc5,0xc1,238
movement_2367	pextrw.sse2_gpr	SSE	128	2	0	0	239	1	.byte 0x66,0x0f,0xc5,0xc1,239
movement_2368	pextrw.sse2_gpr	SSE	128	2	0	0	240	1	.byte 0x66,0x0f,0xc5,0xc1,240
movement_2369	pextrw.sse2_gpr	SSE	128	2	0	0	241	1	.byte 0x66,0x0f,0xc5,0xc1,241
movement_2370	pextrw.sse2_gpr	SSE	128	2	0	0	242	1	.byte 0x66,0x0f,0xc5,0xc1,242
movement_2371	pextrw.sse2_gpr	SSE	128	2	0	0	243	1	.byte 0x66,0x0f,0xc5,0xc1,243
movement_2372	pextrw.sse2_gpr	SSE	128	2	0	0	244	1	.byte 0x66,0x0f,0xc5,0xc1,244
movement_2373	pextrw.sse2_gpr	SSE	128	2	0	0	245	1	.byte 0x66,0x0f,0xc5,0xc1,245
movement_2374	pextrw.sse2_gpr	SSE	128	2	0	0	246	1	.byte 0x66,0x0f,0xc5,0xc1,246
movement_2375	pextrw.sse2_gpr	SSE	128	2	0	0	247	1	.byte 0x66,0x0f,0xc5,0xc1,247
movement_2376	pextrw.sse2_gpr	SSE	128	2	0	0	248	1	.byte 0x66,0x0f,0xc5,0xc1,248
movement_2377	pextrw.sse2_gpr	SSE	128	2	0	0	249	1	.byte 0x66,0x0f,0xc5,0xc1,249
movement_2378	pextrw.sse2_gpr	SSE	128	2	0	0	250	1	.byte 0x66,0x0f,0xc5,0xc1,250
movement_2379	pextrw.sse2_gpr	SSE	128	2	0	0	251	1	.byte 0x66,0x0f,0xc5,0xc1,251
movement_2380	pextrw.sse2_gpr	SSE	128	2	0	0	252	1	.byte 0x66,0x0f,0xc5,0xc1,252
movement_2381	pextrw.sse2_gpr	SSE	128	2	0	0	253	1	.byte 0x66,0x0f,0xc5,0xc1,253
movement_2382	pextrw.sse2_gpr	SSE	128	2	0	0	254	1	.byte 0x66,0x0f,0xc5,0xc1,254
movement_2383	pextrw.sse2_gpr	SSE	128	2	0	0	255	1	.byte 0x66,0x0f,0xc5,0xc1,255
movement_2384	pinsrb.gpr	SSE	128	1	0	0	0	1	pinsrb xmm0, eax, 0
movement_2385	pinsrb.gpr	SSE	128	1	0	0	1	1	pinsrb xmm0, eax, 1
movement_2386	pinsrb.gpr	SSE	128	1	0	0	2	1	pinsrb xmm0, eax, 2
movement_2387	pinsrb.gpr	SSE	128	1	0	0	3	1	pinsrb xmm0, eax, 3
movement_2388	pinsrb.gpr	SSE	128	1	0	0	4	1	pinsrb xmm0, eax, 4
movement_2389	pinsrb.gpr	SSE	128	1	0	0	5	1	pinsrb xmm0, eax, 5
movement_2390	pinsrb.gpr	SSE	128	1	0	0	6	1	pinsrb xmm0, eax, 6
movement_2391	pinsrb.gpr	SSE	128	1	0	0	7	1	pinsrb xmm0, eax, 7
movement_2392	pinsrb.gpr	SSE	128	1	0	0	8	1	pinsrb xmm0, eax, 8
movement_2393	pinsrb.gpr	SSE	128	1	0	0	9	1	pinsrb xmm0, eax, 9
movement_2394	pinsrb.gpr	SSE	128	1	0	0	10	1	pinsrb xmm0, eax, 10
movement_2395	pinsrb.gpr	SSE	128	1	0	0	11	1	pinsrb xmm0, eax, 11
movement_2396	pinsrb.gpr	SSE	128	1	0	0	12	1	pinsrb xmm0, eax, 12
movement_2397	pinsrb.gpr	SSE	128	1	0	0	13	1	pinsrb xmm0, eax, 13
movement_2398	pinsrb.gpr	SSE	128	1	0	0	14	1	pinsrb xmm0, eax, 14
movement_2399	pinsrb.gpr	SSE	128	1	0	0	15	1	pinsrb xmm0, eax, 15
movement_2400	pinsrb.gpr	SSE	128	1	0	0	16	1	pinsrb xmm0, eax, 16
movement_2401	pinsrb.gpr	SSE	128	1	0	0	17	1	pinsrb xmm0, eax, 17
movement_2402	pinsrb.gpr	SSE	128	1	0	0	18	1	pinsrb xmm0, eax, 18
movement_2403	pinsrb.gpr	SSE	128	1	0	0	19	1	pinsrb xmm0, eax, 19
movement_2404	pinsrb.gpr	SSE	128	1	0	0	20	1	pinsrb xmm0, eax, 20
movement_2405	pinsrb.gpr	SSE	128	1	0	0	21	1	pinsrb xmm0, eax, 21
movement_2406	pinsrb.gpr	SSE	128	1	0	0	22	1	pinsrb xmm0, eax, 22
movement_2407	pinsrb.gpr	SSE	128	1	0	0	23	1	pinsrb xmm0, eax, 23
movement_2408	pinsrb.gpr	SSE	128	1	0	0	24	1	pinsrb xmm0, eax, 24
movement_2409	pinsrb.gpr	SSE	128	1	0	0	25	1	pinsrb xmm0, eax, 25
movement_2410	pinsrb.gpr	SSE	128	1	0	0	26	1	pinsrb xmm0, eax, 26
movement_2411	pinsrb.gpr	SSE	128	1	0	0	27	1	pinsrb xmm0, eax, 27
movement_2412	pinsrb.gpr	SSE	128	1	0	0	28	1	pinsrb xmm0, eax, 28
movement_2413	pinsrb.gpr	SSE	128	1	0	0	29	1	pinsrb xmm0, eax, 29
movement_2414	pinsrb.gpr	SSE	128	1	0	0	30	1	pinsrb xmm0, eax, 30
movement_2415	pinsrb.gpr	SSE	128	1	0	0	31	1	pinsrb xmm0, eax, 31
movement_2416	pinsrb.gpr	SSE	128	1	0	0	32	1	pinsrb xmm0, eax, 32
movement_2417	pinsrb.gpr	SSE	128	1	0	0	33	1	pinsrb xmm0, eax, 33
movement_2418	pinsrb.gpr	SSE	128	1	0	0	34	1	pinsrb xmm0, eax, 34
movement_2419	pinsrb.gpr	SSE	128	1	0	0	35	1	pinsrb xmm0, eax, 35
movement_2420	pinsrb.gpr	SSE	128	1	0	0	36	1	pinsrb xmm0, eax, 36
movement_2421	pinsrb.gpr	SSE	128	1	0	0	37	1	pinsrb xmm0, eax, 37
movement_2422	pinsrb.gpr	SSE	128	1	0	0	38	1	pinsrb xmm0, eax, 38
movement_2423	pinsrb.gpr	SSE	128	1	0	0	39	1	pinsrb xmm0, eax, 39
movement_2424	pinsrb.gpr	SSE	128	1	0	0	40	1	pinsrb xmm0, eax, 40
movement_2425	pinsrb.gpr	SSE	128	1	0	0	41	1	pinsrb xmm0, eax, 41
movement_2426	pinsrb.gpr	SSE	128	1	0	0	42	1	pinsrb xmm0, eax, 42
movement_2427	pinsrb.gpr	SSE	128	1	0	0	43	1	pinsrb xmm0, eax, 43
movement_2428	pinsrb.gpr	SSE	128	1	0	0	44	1	pinsrb xmm0, eax, 44
movement_2429	pinsrb.gpr	SSE	128	1	0	0	45	1	pinsrb xmm0, eax, 45
movement_2430	pinsrb.gpr	SSE	128	1	0	0	46	1	pinsrb xmm0, eax, 46
movement_2431	pinsrb.gpr	SSE	128	1	0	0	47	1	pinsrb xmm0, eax, 47
movement_2432	pinsrb.gpr	SSE	128	1	0	0	48	1	pinsrb xmm0, eax, 48
movement_2433	pinsrb.gpr	SSE	128	1	0	0	49	1	pinsrb xmm0, eax, 49
movement_2434	pinsrb.gpr	SSE	128	1	0	0	50	1	pinsrb xmm0, eax, 50
movement_2435	pinsrb.gpr	SSE	128	1	0	0	51	1	pinsrb xmm0, eax, 51
movement_2436	pinsrb.gpr	SSE	128	1	0	0	52	1	pinsrb xmm0, eax, 52
movement_2437	pinsrb.gpr	SSE	128	1	0	0	53	1	pinsrb xmm0, eax, 53
movement_2438	pinsrb.gpr	SSE	128	1	0	0	54	1	pinsrb xmm0, eax, 54
movement_2439	pinsrb.gpr	SSE	128	1	0	0	55	1	pinsrb xmm0, eax, 55
movement_2440	pinsrb.gpr	SSE	128	1	0	0	56	1	pinsrb xmm0, eax, 56
movement_2441	pinsrb.gpr	SSE	128	1	0	0	57	1	pinsrb xmm0, eax, 57
movement_2442	pinsrb.gpr	SSE	128	1	0	0	58	1	pinsrb xmm0, eax, 58
movement_2443	pinsrb.gpr	SSE	128	1	0	0	59	1	pinsrb xmm0, eax, 59
movement_2444	pinsrb.gpr	SSE	128	1	0	0	60	1	pinsrb xmm0, eax, 60
movement_2445	pinsrb.gpr	SSE	128	1	0	0	61	1	pinsrb xmm0, eax, 61
movement_2446	pinsrb.gpr	SSE	128	1	0	0	62	1	pinsrb xmm0, eax, 62
movement_2447	pinsrb.gpr	SSE	128	1	0	0	63	1	pinsrb xmm0, eax, 63
movement_2448	pinsrb.gpr	SSE	128	1	0	0	64	1	pinsrb xmm0, eax, 64
movement_2449	pinsrb.gpr	SSE	128	1	0	0	65	1	pinsrb xmm0, eax, 65
movement_2450	pinsrb.gpr	SSE	128	1	0	0	66	1	pinsrb xmm0, eax, 66
movement_2451	pinsrb.gpr	SSE	128	1	0	0	67	1	pinsrb xmm0, eax, 67
movement_2452	pinsrb.gpr	SSE	128	1	0	0	68	1	pinsrb xmm0, eax, 68
movement_2453	pinsrb.gpr	SSE	128	1	0	0	69	1	pinsrb xmm0, eax, 69
movement_2454	pinsrb.gpr	SSE	128	1	0	0	70	1	pinsrb xmm0, eax, 70
movement_2455	pinsrb.gpr	SSE	128	1	0	0	71	1	pinsrb xmm0, eax, 71
movement_2456	pinsrb.gpr	SSE	128	1	0	0	72	1	pinsrb xmm0, eax, 72
movement_2457	pinsrb.gpr	SSE	128	1	0	0	73	1	pinsrb xmm0, eax, 73
movement_2458	pinsrb.gpr	SSE	128	1	0	0	74	1	pinsrb xmm0, eax, 74
movement_2459	pinsrb.gpr	SSE	128	1	0	0	75	1	pinsrb xmm0, eax, 75
movement_2460	pinsrb.gpr	SSE	128	1	0	0	76	1	pinsrb xmm0, eax, 76
movement_2461	pinsrb.gpr	SSE	128	1	0	0	77	1	pinsrb xmm0, eax, 77
movement_2462	pinsrb.gpr	SSE	128	1	0	0	78	1	pinsrb xmm0, eax, 78
movement_2463	pinsrb.gpr	SSE	128	1	0	0	79	1	pinsrb xmm0, eax, 79
movement_2464	pinsrb.gpr	SSE	128	1	0	0	80	1	pinsrb xmm0, eax, 80
movement_2465	pinsrb.gpr	SSE	128	1	0	0	81	1	pinsrb xmm0, eax, 81
movement_2466	pinsrb.gpr	SSE	128	1	0	0	82	1	pinsrb xmm0, eax, 82
movement_2467	pinsrb.gpr	SSE	128	1	0	0	83	1	pinsrb xmm0, eax, 83
movement_2468	pinsrb.gpr	SSE	128	1	0	0	84	1	pinsrb xmm0, eax, 84
movement_2469	pinsrb.gpr	SSE	128	1	0	0	85	1	pinsrb xmm0, eax, 85
movement_2470	pinsrb.gpr	SSE	128	1	0	0	86	1	pinsrb xmm0, eax, 86
movement_2471	pinsrb.gpr	SSE	128	1	0	0	87	1	pinsrb xmm0, eax, 87
movement_2472	pinsrb.gpr	SSE	128	1	0	0	88	1	pinsrb xmm0, eax, 88
movement_2473	pinsrb.gpr	SSE	128	1	0	0	89	1	pinsrb xmm0, eax, 89
movement_2474	pinsrb.gpr	SSE	128	1	0	0	90	1	pinsrb xmm0, eax, 90
movement_2475	pinsrb.gpr	SSE	128	1	0	0	91	1	pinsrb xmm0, eax, 91
movement_2476	pinsrb.gpr	SSE	128	1	0	0	92	1	pinsrb xmm0, eax, 92
movement_2477	pinsrb.gpr	SSE	128	1	0	0	93	1	pinsrb xmm0, eax, 93
movement_2478	pinsrb.gpr	SSE	128	1	0	0	94	1	pinsrb xmm0, eax, 94
movement_2479	pinsrb.gpr	SSE	128	1	0	0	95	1	pinsrb xmm0, eax, 95
movement_2480	pinsrb.gpr	SSE	128	1	0	0	96	1	pinsrb xmm0, eax, 96
movement_2481	pinsrb.gpr	SSE	128	1	0	0	97	1	pinsrb xmm0, eax, 97
movement_2482	pinsrb.gpr	SSE	128	1	0	0	98	1	pinsrb xmm0, eax, 98
movement_2483	pinsrb.gpr	SSE	128	1	0	0	99	1	pinsrb xmm0, eax, 99
movement_2484	pinsrb.gpr	SSE	128	1	0	0	100	1	pinsrb xmm0, eax, 100
movement_2485	pinsrb.gpr	SSE	128	1	0	0	101	1	pinsrb xmm0, eax, 101
movement_2486	pinsrb.gpr	SSE	128	1	0	0	102	1	pinsrb xmm0, eax, 102
movement_2487	pinsrb.gpr	SSE	128	1	0	0	103	1	pinsrb xmm0, eax, 103
movement_2488	pinsrb.gpr	SSE	128	1	0	0	104	1	pinsrb xmm0, eax, 104
movement_2489	pinsrb.gpr	SSE	128	1	0	0	105	1	pinsrb xmm0, eax, 105
movement_2490	pinsrb.gpr	SSE	128	1	0	0	106	1	pinsrb xmm0, eax, 106
movement_2491	pinsrb.gpr	SSE	128	1	0	0	107	1	pinsrb xmm0, eax, 107
movement_2492	pinsrb.gpr	SSE	128	1	0	0	108	1	pinsrb xmm0, eax, 108
movement_2493	pinsrb.gpr	SSE	128	1	0	0	109	1	pinsrb xmm0, eax, 109
movement_2494	pinsrb.gpr	SSE	128	1	0	0	110	1	pinsrb xmm0, eax, 110
movement_2495	pinsrb.gpr	SSE	128	1	0	0	111	1	pinsrb xmm0, eax, 111
movement_2496	pinsrb.gpr	SSE	128	1	0	0	112	1	pinsrb xmm0, eax, 112
movement_2497	pinsrb.gpr	SSE	128	1	0	0	113	1	pinsrb xmm0, eax, 113
movement_2498	pinsrb.gpr	SSE	128	1	0	0	114	1	pinsrb xmm0, eax, 114
movement_2499	pinsrb.gpr	SSE	128	1	0	0	115	1	pinsrb xmm0, eax, 115
movement_2500	pinsrb.gpr	SSE	128	1	0	0	116	1	pinsrb xmm0, eax, 116
movement_2501	pinsrb.gpr	SSE	128	1	0	0	117	1	pinsrb xmm0, eax, 117
movement_2502	pinsrb.gpr	SSE	128	1	0	0	118	1	pinsrb xmm0, eax, 118
movement_2503	pinsrb.gpr	SSE	128	1	0	0	119	1	pinsrb xmm0, eax, 119
movement_2504	pinsrb.gpr	SSE	128	1	0	0	120	1	pinsrb xmm0, eax, 120
movement_2505	pinsrb.gpr	SSE	128	1	0	0	121	1	pinsrb xmm0, eax, 121
movement_2506	pinsrb.gpr	SSE	128	1	0	0	122	1	pinsrb xmm0, eax, 122
movement_2507	pinsrb.gpr	SSE	128	1	0	0	123	1	pinsrb xmm0, eax, 123
movement_2508	pinsrb.gpr	SSE	128	1	0	0	124	1	pinsrb xmm0, eax, 124
movement_2509	pinsrb.gpr	SSE	128	1	0	0	125	1	pinsrb xmm0, eax, 125
movement_2510	pinsrb.gpr	SSE	128	1	0	0	126	1	pinsrb xmm0, eax, 126
movement_2511	pinsrb.gpr	SSE	128	1	0	0	127	1	pinsrb xmm0, eax, 127
movement_2512	pinsrb.gpr	SSE	128	1	0	0	128	1	pinsrb xmm0, eax, 128
movement_2513	pinsrb.gpr	SSE	128	1	0	0	129	1	pinsrb xmm0, eax, 129
movement_2514	pinsrb.gpr	SSE	128	1	0	0	130	1	pinsrb xmm0, eax, 130
movement_2515	pinsrb.gpr	SSE	128	1	0	0	131	1	pinsrb xmm0, eax, 131
movement_2516	pinsrb.gpr	SSE	128	1	0	0	132	1	pinsrb xmm0, eax, 132
movement_2517	pinsrb.gpr	SSE	128	1	0	0	133	1	pinsrb xmm0, eax, 133
movement_2518	pinsrb.gpr	SSE	128	1	0	0	134	1	pinsrb xmm0, eax, 134
movement_2519	pinsrb.gpr	SSE	128	1	0	0	135	1	pinsrb xmm0, eax, 135
movement_2520	pinsrb.gpr	SSE	128	1	0	0	136	1	pinsrb xmm0, eax, 136
movement_2521	pinsrb.gpr	SSE	128	1	0	0	137	1	pinsrb xmm0, eax, 137
movement_2522	pinsrb.gpr	SSE	128	1	0	0	138	1	pinsrb xmm0, eax, 138
movement_2523	pinsrb.gpr	SSE	128	1	0	0	139	1	pinsrb xmm0, eax, 139
movement_2524	pinsrb.gpr	SSE	128	1	0	0	140	1	pinsrb xmm0, eax, 140
movement_2525	pinsrb.gpr	SSE	128	1	0	0	141	1	pinsrb xmm0, eax, 141
movement_2526	pinsrb.gpr	SSE	128	1	0	0	142	1	pinsrb xmm0, eax, 142
movement_2527	pinsrb.gpr	SSE	128	1	0	0	143	1	pinsrb xmm0, eax, 143
movement_2528	pinsrb.gpr	SSE	128	1	0	0	144	1	pinsrb xmm0, eax, 144
movement_2529	pinsrb.gpr	SSE	128	1	0	0	145	1	pinsrb xmm0, eax, 145
movement_2530	pinsrb.gpr	SSE	128	1	0	0	146	1	pinsrb xmm0, eax, 146
movement_2531	pinsrb.gpr	SSE	128	1	0	0	147	1	pinsrb xmm0, eax, 147
movement_2532	pinsrb.gpr	SSE	128	1	0	0	148	1	pinsrb xmm0, eax, 148
movement_2533	pinsrb.gpr	SSE	128	1	0	0	149	1	pinsrb xmm0, eax, 149
movement_2534	pinsrb.gpr	SSE	128	1	0	0	150	1	pinsrb xmm0, eax, 150
movement_2535	pinsrb.gpr	SSE	128	1	0	0	151	1	pinsrb xmm0, eax, 151
movement_2536	pinsrb.gpr	SSE	128	1	0	0	152	1	pinsrb xmm0, eax, 152
movement_2537	pinsrb.gpr	SSE	128	1	0	0	153	1	pinsrb xmm0, eax, 153
movement_2538	pinsrb.gpr	SSE	128	1	0	0	154	1	pinsrb xmm0, eax, 154
movement_2539	pinsrb.gpr	SSE	128	1	0	0	155	1	pinsrb xmm0, eax, 155
movement_2540	pinsrb.gpr	SSE	128	1	0	0	156	1	pinsrb xmm0, eax, 156
movement_2541	pinsrb.gpr	SSE	128	1	0	0	157	1	pinsrb xmm0, eax, 157
movement_2542	pinsrb.gpr	SSE	128	1	0	0	158	1	pinsrb xmm0, eax, 158
movement_2543	pinsrb.gpr	SSE	128	1	0	0	159	1	pinsrb xmm0, eax, 159
movement_2544	pinsrb.gpr	SSE	128	1	0	0	160	1	pinsrb xmm0, eax, 160
movement_2545	pinsrb.gpr	SSE	128	1	0	0	161	1	pinsrb xmm0, eax, 161
movement_2546	pinsrb.gpr	SSE	128	1	0	0	162	1	pinsrb xmm0, eax, 162
movement_2547	pinsrb.gpr	SSE	128	1	0	0	163	1	pinsrb xmm0, eax, 163
movement_2548	pinsrb.gpr	SSE	128	1	0	0	164	1	pinsrb xmm0, eax, 164
movement_2549	pinsrb.gpr	SSE	128	1	0	0	165	1	pinsrb xmm0, eax, 165
movement_2550	pinsrb.gpr	SSE	128	1	0	0	166	1	pinsrb xmm0, eax, 166
movement_2551	pinsrb.gpr	SSE	128	1	0	0	167	1	pinsrb xmm0, eax, 167
movement_2552	pinsrb.gpr	SSE	128	1	0	0	168	1	pinsrb xmm0, eax, 168
movement_2553	pinsrb.gpr	SSE	128	1	0	0	169	1	pinsrb xmm0, eax, 169
movement_2554	pinsrb.gpr	SSE	128	1	0	0	170	1	pinsrb xmm0, eax, 170
movement_2555	pinsrb.gpr	SSE	128	1	0	0	171	1	pinsrb xmm0, eax, 171
movement_2556	pinsrb.gpr	SSE	128	1	0	0	172	1	pinsrb xmm0, eax, 172
movement_2557	pinsrb.gpr	SSE	128	1	0	0	173	1	pinsrb xmm0, eax, 173
movement_2558	pinsrb.gpr	SSE	128	1	0	0	174	1	pinsrb xmm0, eax, 174
movement_2559	pinsrb.gpr	SSE	128	1	0	0	175	1	pinsrb xmm0, eax, 175
movement_2560	pinsrb.gpr	SSE	128	1	0	0	176	1	pinsrb xmm0, eax, 176
movement_2561	pinsrb.gpr	SSE	128	1	0	0	177	1	pinsrb xmm0, eax, 177
movement_2562	pinsrb.gpr	SSE	128	1	0	0	178	1	pinsrb xmm0, eax, 178
movement_2563	pinsrb.gpr	SSE	128	1	0	0	179	1	pinsrb xmm0, eax, 179
movement_2564	pinsrb.gpr	SSE	128	1	0	0	180	1	pinsrb xmm0, eax, 180
movement_2565	pinsrb.gpr	SSE	128	1	0	0	181	1	pinsrb xmm0, eax, 181
movement_2566	pinsrb.gpr	SSE	128	1	0	0	182	1	pinsrb xmm0, eax, 182
movement_2567	pinsrb.gpr	SSE	128	1	0	0	183	1	pinsrb xmm0, eax, 183
movement_2568	pinsrb.gpr	SSE	128	1	0	0	184	1	pinsrb xmm0, eax, 184
movement_2569	pinsrb.gpr	SSE	128	1	0	0	185	1	pinsrb xmm0, eax, 185
movement_2570	pinsrb.gpr	SSE	128	1	0	0	186	1	pinsrb xmm0, eax, 186
movement_2571	pinsrb.gpr	SSE	128	1	0	0	187	1	pinsrb xmm0, eax, 187
movement_2572	pinsrb.gpr	SSE	128	1	0	0	188	1	pinsrb xmm0, eax, 188
movement_2573	pinsrb.gpr	SSE	128	1	0	0	189	1	pinsrb xmm0, eax, 189
movement_2574	pinsrb.gpr	SSE	128	1	0	0	190	1	pinsrb xmm0, eax, 190
movement_2575	pinsrb.gpr	SSE	128	1	0	0	191	1	pinsrb xmm0, eax, 191
movement_2576	pinsrb.gpr	SSE	128	1	0	0	192	1	pinsrb xmm0, eax, 192
movement_2577	pinsrb.gpr	SSE	128	1	0	0	193	1	pinsrb xmm0, eax, 193
movement_2578	pinsrb.gpr	SSE	128	1	0	0	194	1	pinsrb xmm0, eax, 194
movement_2579	pinsrb.gpr	SSE	128	1	0	0	195	1	pinsrb xmm0, eax, 195
movement_2580	pinsrb.gpr	SSE	128	1	0	0	196	1	pinsrb xmm0, eax, 196
movement_2581	pinsrb.gpr	SSE	128	1	0	0	197	1	pinsrb xmm0, eax, 197
movement_2582	pinsrb.gpr	SSE	128	1	0	0	198	1	pinsrb xmm0, eax, 198
movement_2583	pinsrb.gpr	SSE	128	1	0	0	199	1	pinsrb xmm0, eax, 199
movement_2584	pinsrb.gpr	SSE	128	1	0	0	200	1	pinsrb xmm0, eax, 200
movement_2585	pinsrb.gpr	SSE	128	1	0	0	201	1	pinsrb xmm0, eax, 201
movement_2586	pinsrb.gpr	SSE	128	1	0	0	202	1	pinsrb xmm0, eax, 202
movement_2587	pinsrb.gpr	SSE	128	1	0	0	203	1	pinsrb xmm0, eax, 203
movement_2588	pinsrb.gpr	SSE	128	1	0	0	204	1	pinsrb xmm0, eax, 204
movement_2589	pinsrb.gpr	SSE	128	1	0	0	205	1	pinsrb xmm0, eax, 205
movement_2590	pinsrb.gpr	SSE	128	1	0	0	206	1	pinsrb xmm0, eax, 206
movement_2591	pinsrb.gpr	SSE	128	1	0	0	207	1	pinsrb xmm0, eax, 207
movement_2592	pinsrb.gpr	SSE	128	1	0	0	208	1	pinsrb xmm0, eax, 208
movement_2593	pinsrb.gpr	SSE	128	1	0	0	209	1	pinsrb xmm0, eax, 209
movement_2594	pinsrb.gpr	SSE	128	1	0	0	210	1	pinsrb xmm0, eax, 210
movement_2595	pinsrb.gpr	SSE	128	1	0	0	211	1	pinsrb xmm0, eax, 211
movement_2596	pinsrb.gpr	SSE	128	1	0	0	212	1	pinsrb xmm0, eax, 212
movement_2597	pinsrb.gpr	SSE	128	1	0	0	213	1	pinsrb xmm0, eax, 213
movement_2598	pinsrb.gpr	SSE	128	1	0	0	214	1	pinsrb xmm0, eax, 214
movement_2599	pinsrb.gpr	SSE	128	1	0	0	215	1	pinsrb xmm0, eax, 215
movement_2600	pinsrb.gpr	SSE	128	1	0	0	216	1	pinsrb xmm0, eax, 216
movement_2601	pinsrb.gpr	SSE	128	1	0	0	217	1	pinsrb xmm0, eax, 217
movement_2602	pinsrb.gpr	SSE	128	1	0	0	218	1	pinsrb xmm0, eax, 218
movement_2603	pinsrb.gpr	SSE	128	1	0	0	219	1	pinsrb xmm0, eax, 219
movement_2604	pinsrb.gpr	SSE	128	1	0	0	220	1	pinsrb xmm0, eax, 220
movement_2605	pinsrb.gpr	SSE	128	1	0	0	221	1	pinsrb xmm0, eax, 221
movement_2606	pinsrb.gpr	SSE	128	1	0	0	222	1	pinsrb xmm0, eax, 222
movement_2607	pinsrb.gpr	SSE	128	1	0	0	223	1	pinsrb xmm0, eax, 223
movement_2608	pinsrb.gpr	SSE	128	1	0	0	224	1	pinsrb xmm0, eax, 224
movement_2609	pinsrb.gpr	SSE	128	1	0	0	225	1	pinsrb xmm0, eax, 225
movement_2610	pinsrb.gpr	SSE	128	1	0	0	226	1	pinsrb xmm0, eax, 226
movement_2611	pinsrb.gpr	SSE	128	1	0	0	227	1	pinsrb xmm0, eax, 227
movement_2612	pinsrb.gpr	SSE	128	1	0	0	228	1	pinsrb xmm0, eax, 228
movement_2613	pinsrb.gpr	SSE	128	1	0	0	229	1	pinsrb xmm0, eax, 229
movement_2614	pinsrb.gpr	SSE	128	1	0	0	230	1	pinsrb xmm0, eax, 230
movement_2615	pinsrb.gpr	SSE	128	1	0	0	231	1	pinsrb xmm0, eax, 231
movement_2616	pinsrb.gpr	SSE	128	1	0	0	232	1	pinsrb xmm0, eax, 232
movement_2617	pinsrb.gpr	SSE	128	1	0	0	233	1	pinsrb xmm0, eax, 233
movement_2618	pinsrb.gpr	SSE	128	1	0	0	234	1	pinsrb xmm0, eax, 234
movement_2619	pinsrb.gpr	SSE	128	1	0	0	235	1	pinsrb xmm0, eax, 235
movement_2620	pinsrb.gpr	SSE	128	1	0	0	236	1	pinsrb xmm0, eax, 236
movement_2621	pinsrb.gpr	SSE	128	1	0	0	237	1	pinsrb xmm0, eax, 237
movement_2622	pinsrb.gpr	SSE	128	1	0	0	238	1	pinsrb xmm0, eax, 238
movement_2623	pinsrb.gpr	SSE	128	1	0	0	239	1	pinsrb xmm0, eax, 239
movement_2624	pinsrb.gpr	SSE	128	1	0	0	240	1	pinsrb xmm0, eax, 240
movement_2625	pinsrb.gpr	SSE	128	1	0	0	241	1	pinsrb xmm0, eax, 241
movement_2626	pinsrb.gpr	SSE	128	1	0	0	242	1	pinsrb xmm0, eax, 242
movement_2627	pinsrb.gpr	SSE	128	1	0	0	243	1	pinsrb xmm0, eax, 243
movement_2628	pinsrb.gpr	SSE	128	1	0	0	244	1	pinsrb xmm0, eax, 244
movement_2629	pinsrb.gpr	SSE	128	1	0	0	245	1	pinsrb xmm0, eax, 245
movement_2630	pinsrb.gpr	SSE	128	1	0	0	246	1	pinsrb xmm0, eax, 246
movement_2631	pinsrb.gpr	SSE	128	1	0	0	247	1	pinsrb xmm0, eax, 247
movement_2632	pinsrb.gpr	SSE	128	1	0	0	248	1	pinsrb xmm0, eax, 248
movement_2633	pinsrb.gpr	SSE	128	1	0	0	249	1	pinsrb xmm0, eax, 249
movement_2634	pinsrb.gpr	SSE	128	1	0	0	250	1	pinsrb xmm0, eax, 250
movement_2635	pinsrb.gpr	SSE	128	1	0	0	251	1	pinsrb xmm0, eax, 251
movement_2636	pinsrb.gpr	SSE	128	1	0	0	252	1	pinsrb xmm0, eax, 252
movement_2637	pinsrb.gpr	SSE	128	1	0	0	253	1	pinsrb xmm0, eax, 253
movement_2638	pinsrb.gpr	SSE	128	1	0	0	254	1	pinsrb xmm0, eax, 254
movement_2639	pinsrb.gpr	SSE	128	1	0	0	255	1	pinsrb xmm0, eax, 255
movement_2640	pinsrb.mem	SSE	128	1	0	1	0	1	pinsrb xmm0, [rsi], 0
movement_2641	pinsrb.mem	SSE	128	1	0	1	1	1	pinsrb xmm0, [rsi], 1
movement_2642	pinsrb.mem	SSE	128	1	0	1	2	1	pinsrb xmm0, [rsi], 2
movement_2643	pinsrb.mem	SSE	128	1	0	1	3	1	pinsrb xmm0, [rsi], 3
movement_2644	pinsrb.mem	SSE	128	1	0	1	4	1	pinsrb xmm0, [rsi], 4
movement_2645	pinsrb.mem	SSE	128	1	0	1	5	1	pinsrb xmm0, [rsi], 5
movement_2646	pinsrb.mem	SSE	128	1	0	1	6	1	pinsrb xmm0, [rsi], 6
movement_2647	pinsrb.mem	SSE	128	1	0	1	7	1	pinsrb xmm0, [rsi], 7
movement_2648	pinsrb.mem	SSE	128	1	0	1	8	1	pinsrb xmm0, [rsi], 8
movement_2649	pinsrb.mem	SSE	128	1	0	1	9	1	pinsrb xmm0, [rsi], 9
movement_2650	pinsrb.mem	SSE	128	1	0	1	10	1	pinsrb xmm0, [rsi], 10
movement_2651	pinsrb.mem	SSE	128	1	0	1	11	1	pinsrb xmm0, [rsi], 11
movement_2652	pinsrb.mem	SSE	128	1	0	1	12	1	pinsrb xmm0, [rsi], 12
movement_2653	pinsrb.mem	SSE	128	1	0	1	13	1	pinsrb xmm0, [rsi], 13
movement_2654	pinsrb.mem	SSE	128	1	0	1	14	1	pinsrb xmm0, [rsi], 14
movement_2655	pinsrb.mem	SSE	128	1	0	1	15	1	pinsrb xmm0, [rsi], 15
movement_2656	pinsrb.mem	SSE	128	1	0	1	16	1	pinsrb xmm0, [rsi], 16
movement_2657	pinsrb.mem	SSE	128	1	0	1	17	1	pinsrb xmm0, [rsi], 17
movement_2658	pinsrb.mem	SSE	128	1	0	1	18	1	pinsrb xmm0, [rsi], 18
movement_2659	pinsrb.mem	SSE	128	1	0	1	19	1	pinsrb xmm0, [rsi], 19
movement_2660	pinsrb.mem	SSE	128	1	0	1	20	1	pinsrb xmm0, [rsi], 20
movement_2661	pinsrb.mem	SSE	128	1	0	1	21	1	pinsrb xmm0, [rsi], 21
movement_2662	pinsrb.mem	SSE	128	1	0	1	22	1	pinsrb xmm0, [rsi], 22
movement_2663	pinsrb.mem	SSE	128	1	0	1	23	1	pinsrb xmm0, [rsi], 23
movement_2664	pinsrb.mem	SSE	128	1	0	1	24	1	pinsrb xmm0, [rsi], 24
movement_2665	pinsrb.mem	SSE	128	1	0	1	25	1	pinsrb xmm0, [rsi], 25
movement_2666	pinsrb.mem	SSE	128	1	0	1	26	1	pinsrb xmm0, [rsi], 26
movement_2667	pinsrb.mem	SSE	128	1	0	1	27	1	pinsrb xmm0, [rsi], 27
movement_2668	pinsrb.mem	SSE	128	1	0	1	28	1	pinsrb xmm0, [rsi], 28
movement_2669	pinsrb.mem	SSE	128	1	0	1	29	1	pinsrb xmm0, [rsi], 29
movement_2670	pinsrb.mem	SSE	128	1	0	1	30	1	pinsrb xmm0, [rsi], 30
movement_2671	pinsrb.mem	SSE	128	1	0	1	31	1	pinsrb xmm0, [rsi], 31
movement_2672	pinsrb.mem	SSE	128	1	0	1	32	1	pinsrb xmm0, [rsi], 32
movement_2673	pinsrb.mem	SSE	128	1	0	1	33	1	pinsrb xmm0, [rsi], 33
movement_2674	pinsrb.mem	SSE	128	1	0	1	34	1	pinsrb xmm0, [rsi], 34
movement_2675	pinsrb.mem	SSE	128	1	0	1	35	1	pinsrb xmm0, [rsi], 35
movement_2676	pinsrb.mem	SSE	128	1	0	1	36	1	pinsrb xmm0, [rsi], 36
movement_2677	pinsrb.mem	SSE	128	1	0	1	37	1	pinsrb xmm0, [rsi], 37
movement_2678	pinsrb.mem	SSE	128	1	0	1	38	1	pinsrb xmm0, [rsi], 38
movement_2679	pinsrb.mem	SSE	128	1	0	1	39	1	pinsrb xmm0, [rsi], 39
movement_2680	pinsrb.mem	SSE	128	1	0	1	40	1	pinsrb xmm0, [rsi], 40
movement_2681	pinsrb.mem	SSE	128	1	0	1	41	1	pinsrb xmm0, [rsi], 41
movement_2682	pinsrb.mem	SSE	128	1	0	1	42	1	pinsrb xmm0, [rsi], 42
movement_2683	pinsrb.mem	SSE	128	1	0	1	43	1	pinsrb xmm0, [rsi], 43
movement_2684	pinsrb.mem	SSE	128	1	0	1	44	1	pinsrb xmm0, [rsi], 44
movement_2685	pinsrb.mem	SSE	128	1	0	1	45	1	pinsrb xmm0, [rsi], 45
movement_2686	pinsrb.mem	SSE	128	1	0	1	46	1	pinsrb xmm0, [rsi], 46
movement_2687	pinsrb.mem	SSE	128	1	0	1	47	1	pinsrb xmm0, [rsi], 47
movement_2688	pinsrb.mem	SSE	128	1	0	1	48	1	pinsrb xmm0, [rsi], 48
movement_2689	pinsrb.mem	SSE	128	1	0	1	49	1	pinsrb xmm0, [rsi], 49
movement_2690	pinsrb.mem	SSE	128	1	0	1	50	1	pinsrb xmm0, [rsi], 50
movement_2691	pinsrb.mem	SSE	128	1	0	1	51	1	pinsrb xmm0, [rsi], 51
movement_2692	pinsrb.mem	SSE	128	1	0	1	52	1	pinsrb xmm0, [rsi], 52
movement_2693	pinsrb.mem	SSE	128	1	0	1	53	1	pinsrb xmm0, [rsi], 53
movement_2694	pinsrb.mem	SSE	128	1	0	1	54	1	pinsrb xmm0, [rsi], 54
movement_2695	pinsrb.mem	SSE	128	1	0	1	55	1	pinsrb xmm0, [rsi], 55
movement_2696	pinsrb.mem	SSE	128	1	0	1	56	1	pinsrb xmm0, [rsi], 56
movement_2697	pinsrb.mem	SSE	128	1	0	1	57	1	pinsrb xmm0, [rsi], 57
movement_2698	pinsrb.mem	SSE	128	1	0	1	58	1	pinsrb xmm0, [rsi], 58
movement_2699	pinsrb.mem	SSE	128	1	0	1	59	1	pinsrb xmm0, [rsi], 59
movement_2700	pinsrb.mem	SSE	128	1	0	1	60	1	pinsrb xmm0, [rsi], 60
movement_2701	pinsrb.mem	SSE	128	1	0	1	61	1	pinsrb xmm0, [rsi], 61
movement_2702	pinsrb.mem	SSE	128	1	0	1	62	1	pinsrb xmm0, [rsi], 62
movement_2703	pinsrb.mem	SSE	128	1	0	1	63	1	pinsrb xmm0, [rsi], 63
movement_2704	pinsrb.mem	SSE	128	1	0	1	64	1	pinsrb xmm0, [rsi], 64
movement_2705	pinsrb.mem	SSE	128	1	0	1	65	1	pinsrb xmm0, [rsi], 65
movement_2706	pinsrb.mem	SSE	128	1	0	1	66	1	pinsrb xmm0, [rsi], 66
movement_2707	pinsrb.mem	SSE	128	1	0	1	67	1	pinsrb xmm0, [rsi], 67
movement_2708	pinsrb.mem	SSE	128	1	0	1	68	1	pinsrb xmm0, [rsi], 68
movement_2709	pinsrb.mem	SSE	128	1	0	1	69	1	pinsrb xmm0, [rsi], 69
movement_2710	pinsrb.mem	SSE	128	1	0	1	70	1	pinsrb xmm0, [rsi], 70
movement_2711	pinsrb.mem	SSE	128	1	0	1	71	1	pinsrb xmm0, [rsi], 71
movement_2712	pinsrb.mem	SSE	128	1	0	1	72	1	pinsrb xmm0, [rsi], 72
movement_2713	pinsrb.mem	SSE	128	1	0	1	73	1	pinsrb xmm0, [rsi], 73
movement_2714	pinsrb.mem	SSE	128	1	0	1	74	1	pinsrb xmm0, [rsi], 74
movement_2715	pinsrb.mem	SSE	128	1	0	1	75	1	pinsrb xmm0, [rsi], 75
movement_2716	pinsrb.mem	SSE	128	1	0	1	76	1	pinsrb xmm0, [rsi], 76
movement_2717	pinsrb.mem	SSE	128	1	0	1	77	1	pinsrb xmm0, [rsi], 77
movement_2718	pinsrb.mem	SSE	128	1	0	1	78	1	pinsrb xmm0, [rsi], 78
movement_2719	pinsrb.mem	SSE	128	1	0	1	79	1	pinsrb xmm0, [rsi], 79
movement_2720	pinsrb.mem	SSE	128	1	0	1	80	1	pinsrb xmm0, [rsi], 80
movement_2721	pinsrb.mem	SSE	128	1	0	1	81	1	pinsrb xmm0, [rsi], 81
movement_2722	pinsrb.mem	SSE	128	1	0	1	82	1	pinsrb xmm0, [rsi], 82
movement_2723	pinsrb.mem	SSE	128	1	0	1	83	1	pinsrb xmm0, [rsi], 83
movement_2724	pinsrb.mem	SSE	128	1	0	1	84	1	pinsrb xmm0, [rsi], 84
movement_2725	pinsrb.mem	SSE	128	1	0	1	85	1	pinsrb xmm0, [rsi], 85
movement_2726	pinsrb.mem	SSE	128	1	0	1	86	1	pinsrb xmm0, [rsi], 86
movement_2727	pinsrb.mem	SSE	128	1	0	1	87	1	pinsrb xmm0, [rsi], 87
movement_2728	pinsrb.mem	SSE	128	1	0	1	88	1	pinsrb xmm0, [rsi], 88
movement_2729	pinsrb.mem	SSE	128	1	0	1	89	1	pinsrb xmm0, [rsi], 89
movement_2730	pinsrb.mem	SSE	128	1	0	1	90	1	pinsrb xmm0, [rsi], 90
movement_2731	pinsrb.mem	SSE	128	1	0	1	91	1	pinsrb xmm0, [rsi], 91
movement_2732	pinsrb.mem	SSE	128	1	0	1	92	1	pinsrb xmm0, [rsi], 92
movement_2733	pinsrb.mem	SSE	128	1	0	1	93	1	pinsrb xmm0, [rsi], 93
movement_2734	pinsrb.mem	SSE	128	1	0	1	94	1	pinsrb xmm0, [rsi], 94
movement_2735	pinsrb.mem	SSE	128	1	0	1	95	1	pinsrb xmm0, [rsi], 95
movement_2736	pinsrb.mem	SSE	128	1	0	1	96	1	pinsrb xmm0, [rsi], 96
movement_2737	pinsrb.mem	SSE	128	1	0	1	97	1	pinsrb xmm0, [rsi], 97
movement_2738	pinsrb.mem	SSE	128	1	0	1	98	1	pinsrb xmm0, [rsi], 98
movement_2739	pinsrb.mem	SSE	128	1	0	1	99	1	pinsrb xmm0, [rsi], 99
movement_2740	pinsrb.mem	SSE	128	1	0	1	100	1	pinsrb xmm0, [rsi], 100
movement_2741	pinsrb.mem	SSE	128	1	0	1	101	1	pinsrb xmm0, [rsi], 101
movement_2742	pinsrb.mem	SSE	128	1	0	1	102	1	pinsrb xmm0, [rsi], 102
movement_2743	pinsrb.mem	SSE	128	1	0	1	103	1	pinsrb xmm0, [rsi], 103
movement_2744	pinsrb.mem	SSE	128	1	0	1	104	1	pinsrb xmm0, [rsi], 104
movement_2745	pinsrb.mem	SSE	128	1	0	1	105	1	pinsrb xmm0, [rsi], 105
movement_2746	pinsrb.mem	SSE	128	1	0	1	106	1	pinsrb xmm0, [rsi], 106
movement_2747	pinsrb.mem	SSE	128	1	0	1	107	1	pinsrb xmm0, [rsi], 107
movement_2748	pinsrb.mem	SSE	128	1	0	1	108	1	pinsrb xmm0, [rsi], 108
movement_2749	pinsrb.mem	SSE	128	1	0	1	109	1	pinsrb xmm0, [rsi], 109
movement_2750	pinsrb.mem	SSE	128	1	0	1	110	1	pinsrb xmm0, [rsi], 110
movement_2751	pinsrb.mem	SSE	128	1	0	1	111	1	pinsrb xmm0, [rsi], 111
movement_2752	pinsrb.mem	SSE	128	1	0	1	112	1	pinsrb xmm0, [rsi], 112
movement_2753	pinsrb.mem	SSE	128	1	0	1	113	1	pinsrb xmm0, [rsi], 113
movement_2754	pinsrb.mem	SSE	128	1	0	1	114	1	pinsrb xmm0, [rsi], 114
movement_2755	pinsrb.mem	SSE	128	1	0	1	115	1	pinsrb xmm0, [rsi], 115
movement_2756	pinsrb.mem	SSE	128	1	0	1	116	1	pinsrb xmm0, [rsi], 116
movement_2757	pinsrb.mem	SSE	128	1	0	1	117	1	pinsrb xmm0, [rsi], 117
movement_2758	pinsrb.mem	SSE	128	1	0	1	118	1	pinsrb xmm0, [rsi], 118
movement_2759	pinsrb.mem	SSE	128	1	0	1	119	1	pinsrb xmm0, [rsi], 119
movement_2760	pinsrb.mem	SSE	128	1	0	1	120	1	pinsrb xmm0, [rsi], 120
movement_2761	pinsrb.mem	SSE	128	1	0	1	121	1	pinsrb xmm0, [rsi], 121
movement_2762	pinsrb.mem	SSE	128	1	0	1	122	1	pinsrb xmm0, [rsi], 122
movement_2763	pinsrb.mem	SSE	128	1	0	1	123	1	pinsrb xmm0, [rsi], 123
movement_2764	pinsrb.mem	SSE	128	1	0	1	124	1	pinsrb xmm0, [rsi], 124
movement_2765	pinsrb.mem	SSE	128	1	0	1	125	1	pinsrb xmm0, [rsi], 125
movement_2766	pinsrb.mem	SSE	128	1	0	1	126	1	pinsrb xmm0, [rsi], 126
movement_2767	pinsrb.mem	SSE	128	1	0	1	127	1	pinsrb xmm0, [rsi], 127
movement_2768	pinsrb.mem	SSE	128	1	0	1	128	1	pinsrb xmm0, [rsi], 128
movement_2769	pinsrb.mem	SSE	128	1	0	1	129	1	pinsrb xmm0, [rsi], 129
movement_2770	pinsrb.mem	SSE	128	1	0	1	130	1	pinsrb xmm0, [rsi], 130
movement_2771	pinsrb.mem	SSE	128	1	0	1	131	1	pinsrb xmm0, [rsi], 131
movement_2772	pinsrb.mem	SSE	128	1	0	1	132	1	pinsrb xmm0, [rsi], 132
movement_2773	pinsrb.mem	SSE	128	1	0	1	133	1	pinsrb xmm0, [rsi], 133
movement_2774	pinsrb.mem	SSE	128	1	0	1	134	1	pinsrb xmm0, [rsi], 134
movement_2775	pinsrb.mem	SSE	128	1	0	1	135	1	pinsrb xmm0, [rsi], 135
movement_2776	pinsrb.mem	SSE	128	1	0	1	136	1	pinsrb xmm0, [rsi], 136
movement_2777	pinsrb.mem	SSE	128	1	0	1	137	1	pinsrb xmm0, [rsi], 137
movement_2778	pinsrb.mem	SSE	128	1	0	1	138	1	pinsrb xmm0, [rsi], 138
movement_2779	pinsrb.mem	SSE	128	1	0	1	139	1	pinsrb xmm0, [rsi], 139
movement_2780	pinsrb.mem	SSE	128	1	0	1	140	1	pinsrb xmm0, [rsi], 140
movement_2781	pinsrb.mem	SSE	128	1	0	1	141	1	pinsrb xmm0, [rsi], 141
movement_2782	pinsrb.mem	SSE	128	1	0	1	142	1	pinsrb xmm0, [rsi], 142
movement_2783	pinsrb.mem	SSE	128	1	0	1	143	1	pinsrb xmm0, [rsi], 143
movement_2784	pinsrb.mem	SSE	128	1	0	1	144	1	pinsrb xmm0, [rsi], 144
movement_2785	pinsrb.mem	SSE	128	1	0	1	145	1	pinsrb xmm0, [rsi], 145
movement_2786	pinsrb.mem	SSE	128	1	0	1	146	1	pinsrb xmm0, [rsi], 146
movement_2787	pinsrb.mem	SSE	128	1	0	1	147	1	pinsrb xmm0, [rsi], 147
movement_2788	pinsrb.mem	SSE	128	1	0	1	148	1	pinsrb xmm0, [rsi], 148
movement_2789	pinsrb.mem	SSE	128	1	0	1	149	1	pinsrb xmm0, [rsi], 149
movement_2790	pinsrb.mem	SSE	128	1	0	1	150	1	pinsrb xmm0, [rsi], 150
movement_2791	pinsrb.mem	SSE	128	1	0	1	151	1	pinsrb xmm0, [rsi], 151
movement_2792	pinsrb.mem	SSE	128	1	0	1	152	1	pinsrb xmm0, [rsi], 152
movement_2793	pinsrb.mem	SSE	128	1	0	1	153	1	pinsrb xmm0, [rsi], 153
movement_2794	pinsrb.mem	SSE	128	1	0	1	154	1	pinsrb xmm0, [rsi], 154
movement_2795	pinsrb.mem	SSE	128	1	0	1	155	1	pinsrb xmm0, [rsi], 155
movement_2796	pinsrb.mem	SSE	128	1	0	1	156	1	pinsrb xmm0, [rsi], 156
movement_2797	pinsrb.mem	SSE	128	1	0	1	157	1	pinsrb xmm0, [rsi], 157
movement_2798	pinsrb.mem	SSE	128	1	0	1	158	1	pinsrb xmm0, [rsi], 158
movement_2799	pinsrb.mem	SSE	128	1	0	1	159	1	pinsrb xmm0, [rsi], 159
movement_2800	pinsrb.mem	SSE	128	1	0	1	160	1	pinsrb xmm0, [rsi], 160
movement_2801	pinsrb.mem	SSE	128	1	0	1	161	1	pinsrb xmm0, [rsi], 161
movement_2802	pinsrb.mem	SSE	128	1	0	1	162	1	pinsrb xmm0, [rsi], 162
movement_2803	pinsrb.mem	SSE	128	1	0	1	163	1	pinsrb xmm0, [rsi], 163
movement_2804	pinsrb.mem	SSE	128	1	0	1	164	1	pinsrb xmm0, [rsi], 164
movement_2805	pinsrb.mem	SSE	128	1	0	1	165	1	pinsrb xmm0, [rsi], 165
movement_2806	pinsrb.mem	SSE	128	1	0	1	166	1	pinsrb xmm0, [rsi], 166
movement_2807	pinsrb.mem	SSE	128	1	0	1	167	1	pinsrb xmm0, [rsi], 167
movement_2808	pinsrb.mem	SSE	128	1	0	1	168	1	pinsrb xmm0, [rsi], 168
movement_2809	pinsrb.mem	SSE	128	1	0	1	169	1	pinsrb xmm0, [rsi], 169
movement_2810	pinsrb.mem	SSE	128	1	0	1	170	1	pinsrb xmm0, [rsi], 170
movement_2811	pinsrb.mem	SSE	128	1	0	1	171	1	pinsrb xmm0, [rsi], 171
movement_2812	pinsrb.mem	SSE	128	1	0	1	172	1	pinsrb xmm0, [rsi], 172
movement_2813	pinsrb.mem	SSE	128	1	0	1	173	1	pinsrb xmm0, [rsi], 173
movement_2814	pinsrb.mem	SSE	128	1	0	1	174	1	pinsrb xmm0, [rsi], 174
movement_2815	pinsrb.mem	SSE	128	1	0	1	175	1	pinsrb xmm0, [rsi], 175
movement_2816	pinsrb.mem	SSE	128	1	0	1	176	1	pinsrb xmm0, [rsi], 176
movement_2817	pinsrb.mem	SSE	128	1	0	1	177	1	pinsrb xmm0, [rsi], 177
movement_2818	pinsrb.mem	SSE	128	1	0	1	178	1	pinsrb xmm0, [rsi], 178
movement_2819	pinsrb.mem	SSE	128	1	0	1	179	1	pinsrb xmm0, [rsi], 179
movement_2820	pinsrb.mem	SSE	128	1	0	1	180	1	pinsrb xmm0, [rsi], 180
movement_2821	pinsrb.mem	SSE	128	1	0	1	181	1	pinsrb xmm0, [rsi], 181
movement_2822	pinsrb.mem	SSE	128	1	0	1	182	1	pinsrb xmm0, [rsi], 182
movement_2823	pinsrb.mem	SSE	128	1	0	1	183	1	pinsrb xmm0, [rsi], 183
movement_2824	pinsrb.mem	SSE	128	1	0	1	184	1	pinsrb xmm0, [rsi], 184
movement_2825	pinsrb.mem	SSE	128	1	0	1	185	1	pinsrb xmm0, [rsi], 185
movement_2826	pinsrb.mem	SSE	128	1	0	1	186	1	pinsrb xmm0, [rsi], 186
movement_2827	pinsrb.mem	SSE	128	1	0	1	187	1	pinsrb xmm0, [rsi], 187
movement_2828	pinsrb.mem	SSE	128	1	0	1	188	1	pinsrb xmm0, [rsi], 188
movement_2829	pinsrb.mem	SSE	128	1	0	1	189	1	pinsrb xmm0, [rsi], 189
movement_2830	pinsrb.mem	SSE	128	1	0	1	190	1	pinsrb xmm0, [rsi], 190
movement_2831	pinsrb.mem	SSE	128	1	0	1	191	1	pinsrb xmm0, [rsi], 191
movement_2832	pinsrb.mem	SSE	128	1	0	1	192	1	pinsrb xmm0, [rsi], 192
movement_2833	pinsrb.mem	SSE	128	1	0	1	193	1	pinsrb xmm0, [rsi], 193
movement_2834	pinsrb.mem	SSE	128	1	0	1	194	1	pinsrb xmm0, [rsi], 194
movement_2835	pinsrb.mem	SSE	128	1	0	1	195	1	pinsrb xmm0, [rsi], 195
movement_2836	pinsrb.mem	SSE	128	1	0	1	196	1	pinsrb xmm0, [rsi], 196
movement_2837	pinsrb.mem	SSE	128	1	0	1	197	1	pinsrb xmm0, [rsi], 197
movement_2838	pinsrb.mem	SSE	128	1	0	1	198	1	pinsrb xmm0, [rsi], 198
movement_2839	pinsrb.mem	SSE	128	1	0	1	199	1	pinsrb xmm0, [rsi], 199
movement_2840	pinsrb.mem	SSE	128	1	0	1	200	1	pinsrb xmm0, [rsi], 200
movement_2841	pinsrb.mem	SSE	128	1	0	1	201	1	pinsrb xmm0, [rsi], 201
movement_2842	pinsrb.mem	SSE	128	1	0	1	202	1	pinsrb xmm0, [rsi], 202
movement_2843	pinsrb.mem	SSE	128	1	0	1	203	1	pinsrb xmm0, [rsi], 203
movement_2844	pinsrb.mem	SSE	128	1	0	1	204	1	pinsrb xmm0, [rsi], 204
movement_2845	pinsrb.mem	SSE	128	1	0	1	205	1	pinsrb xmm0, [rsi], 205
movement_2846	pinsrb.mem	SSE	128	1	0	1	206	1	pinsrb xmm0, [rsi], 206
movement_2847	pinsrb.mem	SSE	128	1	0	1	207	1	pinsrb xmm0, [rsi], 207
movement_2848	pinsrb.mem	SSE	128	1	0	1	208	1	pinsrb xmm0, [rsi], 208
movement_2849	pinsrb.mem	SSE	128	1	0	1	209	1	pinsrb xmm0, [rsi], 209
movement_2850	pinsrb.mem	SSE	128	1	0	1	210	1	pinsrb xmm0, [rsi], 210
movement_2851	pinsrb.mem	SSE	128	1	0	1	211	1	pinsrb xmm0, [rsi], 211
movement_2852	pinsrb.mem	SSE	128	1	0	1	212	1	pinsrb xmm0, [rsi], 212
movement_2853	pinsrb.mem	SSE	128	1	0	1	213	1	pinsrb xmm0, [rsi], 213
movement_2854	pinsrb.mem	SSE	128	1	0	1	214	1	pinsrb xmm0, [rsi], 214
movement_2855	pinsrb.mem	SSE	128	1	0	1	215	1	pinsrb xmm0, [rsi], 215
movement_2856	pinsrb.mem	SSE	128	1	0	1	216	1	pinsrb xmm0, [rsi], 216
movement_2857	pinsrb.mem	SSE	128	1	0	1	217	1	pinsrb xmm0, [rsi], 217
movement_2858	pinsrb.mem	SSE	128	1	0	1	218	1	pinsrb xmm0, [rsi], 218
movement_2859	pinsrb.mem	SSE	128	1	0	1	219	1	pinsrb xmm0, [rsi], 219
movement_2860	pinsrb.mem	SSE	128	1	0	1	220	1	pinsrb xmm0, [rsi], 220
movement_2861	pinsrb.mem	SSE	128	1	0	1	221	1	pinsrb xmm0, [rsi], 221
movement_2862	pinsrb.mem	SSE	128	1	0	1	222	1	pinsrb xmm0, [rsi], 222
movement_2863	pinsrb.mem	SSE	128	1	0	1	223	1	pinsrb xmm0, [rsi], 223
movement_2864	pinsrb.mem	SSE	128	1	0	1	224	1	pinsrb xmm0, [rsi], 224
movement_2865	pinsrb.mem	SSE	128	1	0	1	225	1	pinsrb xmm0, [rsi], 225
movement_2866	pinsrb.mem	SSE	128	1	0	1	226	1	pinsrb xmm0, [rsi], 226
movement_2867	pinsrb.mem	SSE	128	1	0	1	227	1	pinsrb xmm0, [rsi], 227
movement_2868	pinsrb.mem	SSE	128	1	0	1	228	1	pinsrb xmm0, [rsi], 228
movement_2869	pinsrb.mem	SSE	128	1	0	1	229	1	pinsrb xmm0, [rsi], 229
movement_2870	pinsrb.mem	SSE	128	1	0	1	230	1	pinsrb xmm0, [rsi], 230
movement_2871	pinsrb.mem	SSE	128	1	0	1	231	1	pinsrb xmm0, [rsi], 231
movement_2872	pinsrb.mem	SSE	128	1	0	1	232	1	pinsrb xmm0, [rsi], 232
movement_2873	pinsrb.mem	SSE	128	1	0	1	233	1	pinsrb xmm0, [rsi], 233
movement_2874	pinsrb.mem	SSE	128	1	0	1	234	1	pinsrb xmm0, [rsi], 234
movement_2875	pinsrb.mem	SSE	128	1	0	1	235	1	pinsrb xmm0, [rsi], 235
movement_2876	pinsrb.mem	SSE	128	1	0	1	236	1	pinsrb xmm0, [rsi], 236
movement_2877	pinsrb.mem	SSE	128	1	0	1	237	1	pinsrb xmm0, [rsi], 237
movement_2878	pinsrb.mem	SSE	128	1	0	1	238	1	pinsrb xmm0, [rsi], 238
movement_2879	pinsrb.mem	SSE	128	1	0	1	239	1	pinsrb xmm0, [rsi], 239
movement_2880	pinsrb.mem	SSE	128	1	0	1	240	1	pinsrb xmm0, [rsi], 240
movement_2881	pinsrb.mem	SSE	128	1	0	1	241	1	pinsrb xmm0, [rsi], 241
movement_2882	pinsrb.mem	SSE	128	1	0	1	242	1	pinsrb xmm0, [rsi], 242
movement_2883	pinsrb.mem	SSE	128	1	0	1	243	1	pinsrb xmm0, [rsi], 243
movement_2884	pinsrb.mem	SSE	128	1	0	1	244	1	pinsrb xmm0, [rsi], 244
movement_2885	pinsrb.mem	SSE	128	1	0	1	245	1	pinsrb xmm0, [rsi], 245
movement_2886	pinsrb.mem	SSE	128	1	0	1	246	1	pinsrb xmm0, [rsi], 246
movement_2887	pinsrb.mem	SSE	128	1	0	1	247	1	pinsrb xmm0, [rsi], 247
movement_2888	pinsrb.mem	SSE	128	1	0	1	248	1	pinsrb xmm0, [rsi], 248
movement_2889	pinsrb.mem	SSE	128	1	0	1	249	1	pinsrb xmm0, [rsi], 249
movement_2890	pinsrb.mem	SSE	128	1	0	1	250	1	pinsrb xmm0, [rsi], 250
movement_2891	pinsrb.mem	SSE	128	1	0	1	251	1	pinsrb xmm0, [rsi], 251
movement_2892	pinsrb.mem	SSE	128	1	0	1	252	1	pinsrb xmm0, [rsi], 252
movement_2893	pinsrb.mem	SSE	128	1	0	1	253	1	pinsrb xmm0, [rsi], 253
movement_2894	pinsrb.mem	SSE	128	1	0	1	254	1	pinsrb xmm0, [rsi], 254
movement_2895	pinsrb.mem	SSE	128	1	0	1	255	1	pinsrb xmm0, [rsi], 255
movement_2896	pinsrw.gpr	SSE	128	2	0	0	0	1	pinsrw xmm0, eax, 0
movement_2897	pinsrw.gpr	SSE	128	2	0	0	1	1	pinsrw xmm0, eax, 1
movement_2898	pinsrw.gpr	SSE	128	2	0	0	2	1	pinsrw xmm0, eax, 2
movement_2899	pinsrw.gpr	SSE	128	2	0	0	3	1	pinsrw xmm0, eax, 3
movement_2900	pinsrw.gpr	SSE	128	2	0	0	4	1	pinsrw xmm0, eax, 4
movement_2901	pinsrw.gpr	SSE	128	2	0	0	5	1	pinsrw xmm0, eax, 5
movement_2902	pinsrw.gpr	SSE	128	2	0	0	6	1	pinsrw xmm0, eax, 6
movement_2903	pinsrw.gpr	SSE	128	2	0	0	7	1	pinsrw xmm0, eax, 7
movement_2904	pinsrw.gpr	SSE	128	2	0	0	8	1	pinsrw xmm0, eax, 8
movement_2905	pinsrw.gpr	SSE	128	2	0	0	9	1	pinsrw xmm0, eax, 9
movement_2906	pinsrw.gpr	SSE	128	2	0	0	10	1	pinsrw xmm0, eax, 10
movement_2907	pinsrw.gpr	SSE	128	2	0	0	11	1	pinsrw xmm0, eax, 11
movement_2908	pinsrw.gpr	SSE	128	2	0	0	12	1	pinsrw xmm0, eax, 12
movement_2909	pinsrw.gpr	SSE	128	2	0	0	13	1	pinsrw xmm0, eax, 13
movement_2910	pinsrw.gpr	SSE	128	2	0	0	14	1	pinsrw xmm0, eax, 14
movement_2911	pinsrw.gpr	SSE	128	2	0	0	15	1	pinsrw xmm0, eax, 15
movement_2912	pinsrw.gpr	SSE	128	2	0	0	16	1	pinsrw xmm0, eax, 16
movement_2913	pinsrw.gpr	SSE	128	2	0	0	17	1	pinsrw xmm0, eax, 17
movement_2914	pinsrw.gpr	SSE	128	2	0	0	18	1	pinsrw xmm0, eax, 18
movement_2915	pinsrw.gpr	SSE	128	2	0	0	19	1	pinsrw xmm0, eax, 19
movement_2916	pinsrw.gpr	SSE	128	2	0	0	20	1	pinsrw xmm0, eax, 20
movement_2917	pinsrw.gpr	SSE	128	2	0	0	21	1	pinsrw xmm0, eax, 21
movement_2918	pinsrw.gpr	SSE	128	2	0	0	22	1	pinsrw xmm0, eax, 22
movement_2919	pinsrw.gpr	SSE	128	2	0	0	23	1	pinsrw xmm0, eax, 23
movement_2920	pinsrw.gpr	SSE	128	2	0	0	24	1	pinsrw xmm0, eax, 24
movement_2921	pinsrw.gpr	SSE	128	2	0	0	25	1	pinsrw xmm0, eax, 25
movement_2922	pinsrw.gpr	SSE	128	2	0	0	26	1	pinsrw xmm0, eax, 26
movement_2923	pinsrw.gpr	SSE	128	2	0	0	27	1	pinsrw xmm0, eax, 27
movement_2924	pinsrw.gpr	SSE	128	2	0	0	28	1	pinsrw xmm0, eax, 28
movement_2925	pinsrw.gpr	SSE	128	2	0	0	29	1	pinsrw xmm0, eax, 29
movement_2926	pinsrw.gpr	SSE	128	2	0	0	30	1	pinsrw xmm0, eax, 30
movement_2927	pinsrw.gpr	SSE	128	2	0	0	31	1	pinsrw xmm0, eax, 31
movement_2928	pinsrw.gpr	SSE	128	2	0	0	32	1	pinsrw xmm0, eax, 32
movement_2929	pinsrw.gpr	SSE	128	2	0	0	33	1	pinsrw xmm0, eax, 33
movement_2930	pinsrw.gpr	SSE	128	2	0	0	34	1	pinsrw xmm0, eax, 34
movement_2931	pinsrw.gpr	SSE	128	2	0	0	35	1	pinsrw xmm0, eax, 35
movement_2932	pinsrw.gpr	SSE	128	2	0	0	36	1	pinsrw xmm0, eax, 36
movement_2933	pinsrw.gpr	SSE	128	2	0	0	37	1	pinsrw xmm0, eax, 37
movement_2934	pinsrw.gpr	SSE	128	2	0	0	38	1	pinsrw xmm0, eax, 38
movement_2935	pinsrw.gpr	SSE	128	2	0	0	39	1	pinsrw xmm0, eax, 39
movement_2936	pinsrw.gpr	SSE	128	2	0	0	40	1	pinsrw xmm0, eax, 40
movement_2937	pinsrw.gpr	SSE	128	2	0	0	41	1	pinsrw xmm0, eax, 41
movement_2938	pinsrw.gpr	SSE	128	2	0	0	42	1	pinsrw xmm0, eax, 42
movement_2939	pinsrw.gpr	SSE	128	2	0	0	43	1	pinsrw xmm0, eax, 43
movement_2940	pinsrw.gpr	SSE	128	2	0	0	44	1	pinsrw xmm0, eax, 44
movement_2941	pinsrw.gpr	SSE	128	2	0	0	45	1	pinsrw xmm0, eax, 45
movement_2942	pinsrw.gpr	SSE	128	2	0	0	46	1	pinsrw xmm0, eax, 46
movement_2943	pinsrw.gpr	SSE	128	2	0	0	47	1	pinsrw xmm0, eax, 47
movement_2944	pinsrw.gpr	SSE	128	2	0	0	48	1	pinsrw xmm0, eax, 48
movement_2945	pinsrw.gpr	SSE	128	2	0	0	49	1	pinsrw xmm0, eax, 49
movement_2946	pinsrw.gpr	SSE	128	2	0	0	50	1	pinsrw xmm0, eax, 50
movement_2947	pinsrw.gpr	SSE	128	2	0	0	51	1	pinsrw xmm0, eax, 51
movement_2948	pinsrw.gpr	SSE	128	2	0	0	52	1	pinsrw xmm0, eax, 52
movement_2949	pinsrw.gpr	SSE	128	2	0	0	53	1	pinsrw xmm0, eax, 53
movement_2950	pinsrw.gpr	SSE	128	2	0	0	54	1	pinsrw xmm0, eax, 54
movement_2951	pinsrw.gpr	SSE	128	2	0	0	55	1	pinsrw xmm0, eax, 55
movement_2952	pinsrw.gpr	SSE	128	2	0	0	56	1	pinsrw xmm0, eax, 56
movement_2953	pinsrw.gpr	SSE	128	2	0	0	57	1	pinsrw xmm0, eax, 57
movement_2954	pinsrw.gpr	SSE	128	2	0	0	58	1	pinsrw xmm0, eax, 58
movement_2955	pinsrw.gpr	SSE	128	2	0	0	59	1	pinsrw xmm0, eax, 59
movement_2956	pinsrw.gpr	SSE	128	2	0	0	60	1	pinsrw xmm0, eax, 60
movement_2957	pinsrw.gpr	SSE	128	2	0	0	61	1	pinsrw xmm0, eax, 61
movement_2958	pinsrw.gpr	SSE	128	2	0	0	62	1	pinsrw xmm0, eax, 62
movement_2959	pinsrw.gpr	SSE	128	2	0	0	63	1	pinsrw xmm0, eax, 63
movement_2960	pinsrw.gpr	SSE	128	2	0	0	64	1	pinsrw xmm0, eax, 64
movement_2961	pinsrw.gpr	SSE	128	2	0	0	65	1	pinsrw xmm0, eax, 65
movement_2962	pinsrw.gpr	SSE	128	2	0	0	66	1	pinsrw xmm0, eax, 66
movement_2963	pinsrw.gpr	SSE	128	2	0	0	67	1	pinsrw xmm0, eax, 67
movement_2964	pinsrw.gpr	SSE	128	2	0	0	68	1	pinsrw xmm0, eax, 68
movement_2965	pinsrw.gpr	SSE	128	2	0	0	69	1	pinsrw xmm0, eax, 69
movement_2966	pinsrw.gpr	SSE	128	2	0	0	70	1	pinsrw xmm0, eax, 70
movement_2967	pinsrw.gpr	SSE	128	2	0	0	71	1	pinsrw xmm0, eax, 71
movement_2968	pinsrw.gpr	SSE	128	2	0	0	72	1	pinsrw xmm0, eax, 72
movement_2969	pinsrw.gpr	SSE	128	2	0	0	73	1	pinsrw xmm0, eax, 73
movement_2970	pinsrw.gpr	SSE	128	2	0	0	74	1	pinsrw xmm0, eax, 74
movement_2971	pinsrw.gpr	SSE	128	2	0	0	75	1	pinsrw xmm0, eax, 75
movement_2972	pinsrw.gpr	SSE	128	2	0	0	76	1	pinsrw xmm0, eax, 76
movement_2973	pinsrw.gpr	SSE	128	2	0	0	77	1	pinsrw xmm0, eax, 77
movement_2974	pinsrw.gpr	SSE	128	2	0	0	78	1	pinsrw xmm0, eax, 78
movement_2975	pinsrw.gpr	SSE	128	2	0	0	79	1	pinsrw xmm0, eax, 79
movement_2976	pinsrw.gpr	SSE	128	2	0	0	80	1	pinsrw xmm0, eax, 80
movement_2977	pinsrw.gpr	SSE	128	2	0	0	81	1	pinsrw xmm0, eax, 81
movement_2978	pinsrw.gpr	SSE	128	2	0	0	82	1	pinsrw xmm0, eax, 82
movement_2979	pinsrw.gpr	SSE	128	2	0	0	83	1	pinsrw xmm0, eax, 83
movement_2980	pinsrw.gpr	SSE	128	2	0	0	84	1	pinsrw xmm0, eax, 84
movement_2981	pinsrw.gpr	SSE	128	2	0	0	85	1	pinsrw xmm0, eax, 85
movement_2982	pinsrw.gpr	SSE	128	2	0	0	86	1	pinsrw xmm0, eax, 86
movement_2983	pinsrw.gpr	SSE	128	2	0	0	87	1	pinsrw xmm0, eax, 87
movement_2984	pinsrw.gpr	SSE	128	2	0	0	88	1	pinsrw xmm0, eax, 88
movement_2985	pinsrw.gpr	SSE	128	2	0	0	89	1	pinsrw xmm0, eax, 89
movement_2986	pinsrw.gpr	SSE	128	2	0	0	90	1	pinsrw xmm0, eax, 90
movement_2987	pinsrw.gpr	SSE	128	2	0	0	91	1	pinsrw xmm0, eax, 91
movement_2988	pinsrw.gpr	SSE	128	2	0	0	92	1	pinsrw xmm0, eax, 92
movement_2989	pinsrw.gpr	SSE	128	2	0	0	93	1	pinsrw xmm0, eax, 93
movement_2990	pinsrw.gpr	SSE	128	2	0	0	94	1	pinsrw xmm0, eax, 94
movement_2991	pinsrw.gpr	SSE	128	2	0	0	95	1	pinsrw xmm0, eax, 95
movement_2992	pinsrw.gpr	SSE	128	2	0	0	96	1	pinsrw xmm0, eax, 96
movement_2993	pinsrw.gpr	SSE	128	2	0	0	97	1	pinsrw xmm0, eax, 97
movement_2994	pinsrw.gpr	SSE	128	2	0	0	98	1	pinsrw xmm0, eax, 98
movement_2995	pinsrw.gpr	SSE	128	2	0	0	99	1	pinsrw xmm0, eax, 99
movement_2996	pinsrw.gpr	SSE	128	2	0	0	100	1	pinsrw xmm0, eax, 100
movement_2997	pinsrw.gpr	SSE	128	2	0	0	101	1	pinsrw xmm0, eax, 101
movement_2998	pinsrw.gpr	SSE	128	2	0	0	102	1	pinsrw xmm0, eax, 102
movement_2999	pinsrw.gpr	SSE	128	2	0	0	103	1	pinsrw xmm0, eax, 103
movement_3000	pinsrw.gpr	SSE	128	2	0	0	104	1	pinsrw xmm0, eax, 104
movement_3001	pinsrw.gpr	SSE	128	2	0	0	105	1	pinsrw xmm0, eax, 105
movement_3002	pinsrw.gpr	SSE	128	2	0	0	106	1	pinsrw xmm0, eax, 106
movement_3003	pinsrw.gpr	SSE	128	2	0	0	107	1	pinsrw xmm0, eax, 107
movement_3004	pinsrw.gpr	SSE	128	2	0	0	108	1	pinsrw xmm0, eax, 108
movement_3005	pinsrw.gpr	SSE	128	2	0	0	109	1	pinsrw xmm0, eax, 109
movement_3006	pinsrw.gpr	SSE	128	2	0	0	110	1	pinsrw xmm0, eax, 110
movement_3007	pinsrw.gpr	SSE	128	2	0	0	111	1	pinsrw xmm0, eax, 111
movement_3008	pinsrw.gpr	SSE	128	2	0	0	112	1	pinsrw xmm0, eax, 112
movement_3009	pinsrw.gpr	SSE	128	2	0	0	113	1	pinsrw xmm0, eax, 113
movement_3010	pinsrw.gpr	SSE	128	2	0	0	114	1	pinsrw xmm0, eax, 114
movement_3011	pinsrw.gpr	SSE	128	2	0	0	115	1	pinsrw xmm0, eax, 115
movement_3012	pinsrw.gpr	SSE	128	2	0	0	116	1	pinsrw xmm0, eax, 116
movement_3013	pinsrw.gpr	SSE	128	2	0	0	117	1	pinsrw xmm0, eax, 117
movement_3014	pinsrw.gpr	SSE	128	2	0	0	118	1	pinsrw xmm0, eax, 118
movement_3015	pinsrw.gpr	SSE	128	2	0	0	119	1	pinsrw xmm0, eax, 119
movement_3016	pinsrw.gpr	SSE	128	2	0	0	120	1	pinsrw xmm0, eax, 120
movement_3017	pinsrw.gpr	SSE	128	2	0	0	121	1	pinsrw xmm0, eax, 121
movement_3018	pinsrw.gpr	SSE	128	2	0	0	122	1	pinsrw xmm0, eax, 122
movement_3019	pinsrw.gpr	SSE	128	2	0	0	123	1	pinsrw xmm0, eax, 123
movement_3020	pinsrw.gpr	SSE	128	2	0	0	124	1	pinsrw xmm0, eax, 124
movement_3021	pinsrw.gpr	SSE	128	2	0	0	125	1	pinsrw xmm0, eax, 125
movement_3022	pinsrw.gpr	SSE	128	2	0	0	126	1	pinsrw xmm0, eax, 126
movement_3023	pinsrw.gpr	SSE	128	2	0	0	127	1	pinsrw xmm0, eax, 127
movement_3024	pinsrw.gpr	SSE	128	2	0	0	128	1	pinsrw xmm0, eax, 128
movement_3025	pinsrw.gpr	SSE	128	2	0	0	129	1	pinsrw xmm0, eax, 129
movement_3026	pinsrw.gpr	SSE	128	2	0	0	130	1	pinsrw xmm0, eax, 130
movement_3027	pinsrw.gpr	SSE	128	2	0	0	131	1	pinsrw xmm0, eax, 131
movement_3028	pinsrw.gpr	SSE	128	2	0	0	132	1	pinsrw xmm0, eax, 132
movement_3029	pinsrw.gpr	SSE	128	2	0	0	133	1	pinsrw xmm0, eax, 133
movement_3030	pinsrw.gpr	SSE	128	2	0	0	134	1	pinsrw xmm0, eax, 134
movement_3031	pinsrw.gpr	SSE	128	2	0	0	135	1	pinsrw xmm0, eax, 135
movement_3032	pinsrw.gpr	SSE	128	2	0	0	136	1	pinsrw xmm0, eax, 136
movement_3033	pinsrw.gpr	SSE	128	2	0	0	137	1	pinsrw xmm0, eax, 137
movement_3034	pinsrw.gpr	SSE	128	2	0	0	138	1	pinsrw xmm0, eax, 138
movement_3035	pinsrw.gpr	SSE	128	2	0	0	139	1	pinsrw xmm0, eax, 139
movement_3036	pinsrw.gpr	SSE	128	2	0	0	140	1	pinsrw xmm0, eax, 140
movement_3037	pinsrw.gpr	SSE	128	2	0	0	141	1	pinsrw xmm0, eax, 141
movement_3038	pinsrw.gpr	SSE	128	2	0	0	142	1	pinsrw xmm0, eax, 142
movement_3039	pinsrw.gpr	SSE	128	2	0	0	143	1	pinsrw xmm0, eax, 143
movement_3040	pinsrw.gpr	SSE	128	2	0	0	144	1	pinsrw xmm0, eax, 144
movement_3041	pinsrw.gpr	SSE	128	2	0	0	145	1	pinsrw xmm0, eax, 145
movement_3042	pinsrw.gpr	SSE	128	2	0	0	146	1	pinsrw xmm0, eax, 146
movement_3043	pinsrw.gpr	SSE	128	2	0	0	147	1	pinsrw xmm0, eax, 147
movement_3044	pinsrw.gpr	SSE	128	2	0	0	148	1	pinsrw xmm0, eax, 148
movement_3045	pinsrw.gpr	SSE	128	2	0	0	149	1	pinsrw xmm0, eax, 149
movement_3046	pinsrw.gpr	SSE	128	2	0	0	150	1	pinsrw xmm0, eax, 150
movement_3047	pinsrw.gpr	SSE	128	2	0	0	151	1	pinsrw xmm0, eax, 151
movement_3048	pinsrw.gpr	SSE	128	2	0	0	152	1	pinsrw xmm0, eax, 152
movement_3049	pinsrw.gpr	SSE	128	2	0	0	153	1	pinsrw xmm0, eax, 153
movement_3050	pinsrw.gpr	SSE	128	2	0	0	154	1	pinsrw xmm0, eax, 154
movement_3051	pinsrw.gpr	SSE	128	2	0	0	155	1	pinsrw xmm0, eax, 155
movement_3052	pinsrw.gpr	SSE	128	2	0	0	156	1	pinsrw xmm0, eax, 156
movement_3053	pinsrw.gpr	SSE	128	2	0	0	157	1	pinsrw xmm0, eax, 157
movement_3054	pinsrw.gpr	SSE	128	2	0	0	158	1	pinsrw xmm0, eax, 158
movement_3055	pinsrw.gpr	SSE	128	2	0	0	159	1	pinsrw xmm0, eax, 159
movement_3056	pinsrw.gpr	SSE	128	2	0	0	160	1	pinsrw xmm0, eax, 160
movement_3057	pinsrw.gpr	SSE	128	2	0	0	161	1	pinsrw xmm0, eax, 161
movement_3058	pinsrw.gpr	SSE	128	2	0	0	162	1	pinsrw xmm0, eax, 162
movement_3059	pinsrw.gpr	SSE	128	2	0	0	163	1	pinsrw xmm0, eax, 163
movement_3060	pinsrw.gpr	SSE	128	2	0	0	164	1	pinsrw xmm0, eax, 164
movement_3061	pinsrw.gpr	SSE	128	2	0	0	165	1	pinsrw xmm0, eax, 165
movement_3062	pinsrw.gpr	SSE	128	2	0	0	166	1	pinsrw xmm0, eax, 166
movement_3063	pinsrw.gpr	SSE	128	2	0	0	167	1	pinsrw xmm0, eax, 167
movement_3064	pinsrw.gpr	SSE	128	2	0	0	168	1	pinsrw xmm0, eax, 168
movement_3065	pinsrw.gpr	SSE	128	2	0	0	169	1	pinsrw xmm0, eax, 169
movement_3066	pinsrw.gpr	SSE	128	2	0	0	170	1	pinsrw xmm0, eax, 170
movement_3067	pinsrw.gpr	SSE	128	2	0	0	171	1	pinsrw xmm0, eax, 171
movement_3068	pinsrw.gpr	SSE	128	2	0	0	172	1	pinsrw xmm0, eax, 172
movement_3069	pinsrw.gpr	SSE	128	2	0	0	173	1	pinsrw xmm0, eax, 173
movement_3070	pinsrw.gpr	SSE	128	2	0	0	174	1	pinsrw xmm0, eax, 174
movement_3071	pinsrw.gpr	SSE	128	2	0	0	175	1	pinsrw xmm0, eax, 175
movement_3072	pinsrw.gpr	SSE	128	2	0	0	176	1	pinsrw xmm0, eax, 176
movement_3073	pinsrw.gpr	SSE	128	2	0	0	177	1	pinsrw xmm0, eax, 177
movement_3074	pinsrw.gpr	SSE	128	2	0	0	178	1	pinsrw xmm0, eax, 178
movement_3075	pinsrw.gpr	SSE	128	2	0	0	179	1	pinsrw xmm0, eax, 179
movement_3076	pinsrw.gpr	SSE	128	2	0	0	180	1	pinsrw xmm0, eax, 180
movement_3077	pinsrw.gpr	SSE	128	2	0	0	181	1	pinsrw xmm0, eax, 181
movement_3078	pinsrw.gpr	SSE	128	2	0	0	182	1	pinsrw xmm0, eax, 182
movement_3079	pinsrw.gpr	SSE	128	2	0	0	183	1	pinsrw xmm0, eax, 183
movement_3080	pinsrw.gpr	SSE	128	2	0	0	184	1	pinsrw xmm0, eax, 184
movement_3081	pinsrw.gpr	SSE	128	2	0	0	185	1	pinsrw xmm0, eax, 185
movement_3082	pinsrw.gpr	SSE	128	2	0	0	186	1	pinsrw xmm0, eax, 186
movement_3083	pinsrw.gpr	SSE	128	2	0	0	187	1	pinsrw xmm0, eax, 187
movement_3084	pinsrw.gpr	SSE	128	2	0	0	188	1	pinsrw xmm0, eax, 188
movement_3085	pinsrw.gpr	SSE	128	2	0	0	189	1	pinsrw xmm0, eax, 189
movement_3086	pinsrw.gpr	SSE	128	2	0	0	190	1	pinsrw xmm0, eax, 190
movement_3087	pinsrw.gpr	SSE	128	2	0	0	191	1	pinsrw xmm0, eax, 191
movement_3088	pinsrw.gpr	SSE	128	2	0	0	192	1	pinsrw xmm0, eax, 192
movement_3089	pinsrw.gpr	SSE	128	2	0	0	193	1	pinsrw xmm0, eax, 193
movement_3090	pinsrw.gpr	SSE	128	2	0	0	194	1	pinsrw xmm0, eax, 194
movement_3091	pinsrw.gpr	SSE	128	2	0	0	195	1	pinsrw xmm0, eax, 195
movement_3092	pinsrw.gpr	SSE	128	2	0	0	196	1	pinsrw xmm0, eax, 196
movement_3093	pinsrw.gpr	SSE	128	2	0	0	197	1	pinsrw xmm0, eax, 197
movement_3094	pinsrw.gpr	SSE	128	2	0	0	198	1	pinsrw xmm0, eax, 198
movement_3095	pinsrw.gpr	SSE	128	2	0	0	199	1	pinsrw xmm0, eax, 199
movement_3096	pinsrw.gpr	SSE	128	2	0	0	200	1	pinsrw xmm0, eax, 200
movement_3097	pinsrw.gpr	SSE	128	2	0	0	201	1	pinsrw xmm0, eax, 201
movement_3098	pinsrw.gpr	SSE	128	2	0	0	202	1	pinsrw xmm0, eax, 202
movement_3099	pinsrw.gpr	SSE	128	2	0	0	203	1	pinsrw xmm0, eax, 203
movement_3100	pinsrw.gpr	SSE	128	2	0	0	204	1	pinsrw xmm0, eax, 204
movement_3101	pinsrw.gpr	SSE	128	2	0	0	205	1	pinsrw xmm0, eax, 205
movement_3102	pinsrw.gpr	SSE	128	2	0	0	206	1	pinsrw xmm0, eax, 206
movement_3103	pinsrw.gpr	SSE	128	2	0	0	207	1	pinsrw xmm0, eax, 207
movement_3104	pinsrw.gpr	SSE	128	2	0	0	208	1	pinsrw xmm0, eax, 208
movement_3105	pinsrw.gpr	SSE	128	2	0	0	209	1	pinsrw xmm0, eax, 209
movement_3106	pinsrw.gpr	SSE	128	2	0	0	210	1	pinsrw xmm0, eax, 210
movement_3107	pinsrw.gpr	SSE	128	2	0	0	211	1	pinsrw xmm0, eax, 211
movement_3108	pinsrw.gpr	SSE	128	2	0	0	212	1	pinsrw xmm0, eax, 212
movement_3109	pinsrw.gpr	SSE	128	2	0	0	213	1	pinsrw xmm0, eax, 213
movement_3110	pinsrw.gpr	SSE	128	2	0	0	214	1	pinsrw xmm0, eax, 214
movement_3111	pinsrw.gpr	SSE	128	2	0	0	215	1	pinsrw xmm0, eax, 215
movement_3112	pinsrw.gpr	SSE	128	2	0	0	216	1	pinsrw xmm0, eax, 216
movement_3113	pinsrw.gpr	SSE	128	2	0	0	217	1	pinsrw xmm0, eax, 217
movement_3114	pinsrw.gpr	SSE	128	2	0	0	218	1	pinsrw xmm0, eax, 218
movement_3115	pinsrw.gpr	SSE	128	2	0	0	219	1	pinsrw xmm0, eax, 219
movement_3116	pinsrw.gpr	SSE	128	2	0	0	220	1	pinsrw xmm0, eax, 220
movement_3117	pinsrw.gpr	SSE	128	2	0	0	221	1	pinsrw xmm0, eax, 221
movement_3118	pinsrw.gpr	SSE	128	2	0	0	222	1	pinsrw xmm0, eax, 222
movement_3119	pinsrw.gpr	SSE	128	2	0	0	223	1	pinsrw xmm0, eax, 223
movement_3120	pinsrw.gpr	SSE	128	2	0	0	224	1	pinsrw xmm0, eax, 224
movement_3121	pinsrw.gpr	SSE	128	2	0	0	225	1	pinsrw xmm0, eax, 225
movement_3122	pinsrw.gpr	SSE	128	2	0	0	226	1	pinsrw xmm0, eax, 226
movement_3123	pinsrw.gpr	SSE	128	2	0	0	227	1	pinsrw xmm0, eax, 227
movement_3124	pinsrw.gpr	SSE	128	2	0	0	228	1	pinsrw xmm0, eax, 228
movement_3125	pinsrw.gpr	SSE	128	2	0	0	229	1	pinsrw xmm0, eax, 229
movement_3126	pinsrw.gpr	SSE	128	2	0	0	230	1	pinsrw xmm0, eax, 230
movement_3127	pinsrw.gpr	SSE	128	2	0	0	231	1	pinsrw xmm0, eax, 231
movement_3128	pinsrw.gpr	SSE	128	2	0	0	232	1	pinsrw xmm0, eax, 232
movement_3129	pinsrw.gpr	SSE	128	2	0	0	233	1	pinsrw xmm0, eax, 233
movement_3130	pinsrw.gpr	SSE	128	2	0	0	234	1	pinsrw xmm0, eax, 234
movement_3131	pinsrw.gpr	SSE	128	2	0	0	235	1	pinsrw xmm0, eax, 235
movement_3132	pinsrw.gpr	SSE	128	2	0	0	236	1	pinsrw xmm0, eax, 236
movement_3133	pinsrw.gpr	SSE	128	2	0	0	237	1	pinsrw xmm0, eax, 237
movement_3134	pinsrw.gpr	SSE	128	2	0	0	238	1	pinsrw xmm0, eax, 238
movement_3135	pinsrw.gpr	SSE	128	2	0	0	239	1	pinsrw xmm0, eax, 239
movement_3136	pinsrw.gpr	SSE	128	2	0	0	240	1	pinsrw xmm0, eax, 240
movement_3137	pinsrw.gpr	SSE	128	2	0	0	241	1	pinsrw xmm0, eax, 241
movement_3138	pinsrw.gpr	SSE	128	2	0	0	242	1	pinsrw xmm0, eax, 242
movement_3139	pinsrw.gpr	SSE	128	2	0	0	243	1	pinsrw xmm0, eax, 243
movement_3140	pinsrw.gpr	SSE	128	2	0	0	244	1	pinsrw xmm0, eax, 244
movement_3141	pinsrw.gpr	SSE	128	2	0	0	245	1	pinsrw xmm0, eax, 245
movement_3142	pinsrw.gpr	SSE	128	2	0	0	246	1	pinsrw xmm0, eax, 246
movement_3143	pinsrw.gpr	SSE	128	2	0	0	247	1	pinsrw xmm0, eax, 247
movement_3144	pinsrw.gpr	SSE	128	2	0	0	248	1	pinsrw xmm0, eax, 248
movement_3145	pinsrw.gpr	SSE	128	2	0	0	249	1	pinsrw xmm0, eax, 249
movement_3146	pinsrw.gpr	SSE	128	2	0	0	250	1	pinsrw xmm0, eax, 250
movement_3147	pinsrw.gpr	SSE	128	2	0	0	251	1	pinsrw xmm0, eax, 251
movement_3148	pinsrw.gpr	SSE	128	2	0	0	252	1	pinsrw xmm0, eax, 252
movement_3149	pinsrw.gpr	SSE	128	2	0	0	253	1	pinsrw xmm0, eax, 253
movement_3150	pinsrw.gpr	SSE	128	2	0	0	254	1	pinsrw xmm0, eax, 254
movement_3151	pinsrw.gpr	SSE	128	2	0	0	255	1	pinsrw xmm0, eax, 255
movement_3152	pinsrw.mem	SSE	128	2	0	1	0	1	pinsrw xmm0, [rsi], 0
movement_3153	pinsrw.mem	SSE	128	2	0	1	1	1	pinsrw xmm0, [rsi], 1
movement_3154	pinsrw.mem	SSE	128	2	0	1	2	1	pinsrw xmm0, [rsi], 2
movement_3155	pinsrw.mem	SSE	128	2	0	1	3	1	pinsrw xmm0, [rsi], 3
movement_3156	pinsrw.mem	SSE	128	2	0	1	4	1	pinsrw xmm0, [rsi], 4
movement_3157	pinsrw.mem	SSE	128	2	0	1	5	1	pinsrw xmm0, [rsi], 5
movement_3158	pinsrw.mem	SSE	128	2	0	1	6	1	pinsrw xmm0, [rsi], 6
movement_3159	pinsrw.mem	SSE	128	2	0	1	7	1	pinsrw xmm0, [rsi], 7
movement_3160	pinsrw.mem	SSE	128	2	0	1	8	1	pinsrw xmm0, [rsi], 8
movement_3161	pinsrw.mem	SSE	128	2	0	1	9	1	pinsrw xmm0, [rsi], 9
movement_3162	pinsrw.mem	SSE	128	2	0	1	10	1	pinsrw xmm0, [rsi], 10
movement_3163	pinsrw.mem	SSE	128	2	0	1	11	1	pinsrw xmm0, [rsi], 11
movement_3164	pinsrw.mem	SSE	128	2	0	1	12	1	pinsrw xmm0, [rsi], 12
movement_3165	pinsrw.mem	SSE	128	2	0	1	13	1	pinsrw xmm0, [rsi], 13
movement_3166	pinsrw.mem	SSE	128	2	0	1	14	1	pinsrw xmm0, [rsi], 14
movement_3167	pinsrw.mem	SSE	128	2	0	1	15	1	pinsrw xmm0, [rsi], 15
movement_3168	pinsrw.mem	SSE	128	2	0	1	16	1	pinsrw xmm0, [rsi], 16
movement_3169	pinsrw.mem	SSE	128	2	0	1	17	1	pinsrw xmm0, [rsi], 17
movement_3170	pinsrw.mem	SSE	128	2	0	1	18	1	pinsrw xmm0, [rsi], 18
movement_3171	pinsrw.mem	SSE	128	2	0	1	19	1	pinsrw xmm0, [rsi], 19
movement_3172	pinsrw.mem	SSE	128	2	0	1	20	1	pinsrw xmm0, [rsi], 20
movement_3173	pinsrw.mem	SSE	128	2	0	1	21	1	pinsrw xmm0, [rsi], 21
movement_3174	pinsrw.mem	SSE	128	2	0	1	22	1	pinsrw xmm0, [rsi], 22
movement_3175	pinsrw.mem	SSE	128	2	0	1	23	1	pinsrw xmm0, [rsi], 23
movement_3176	pinsrw.mem	SSE	128	2	0	1	24	1	pinsrw xmm0, [rsi], 24
movement_3177	pinsrw.mem	SSE	128	2	0	1	25	1	pinsrw xmm0, [rsi], 25
movement_3178	pinsrw.mem	SSE	128	2	0	1	26	1	pinsrw xmm0, [rsi], 26
movement_3179	pinsrw.mem	SSE	128	2	0	1	27	1	pinsrw xmm0, [rsi], 27
movement_3180	pinsrw.mem	SSE	128	2	0	1	28	1	pinsrw xmm0, [rsi], 28
movement_3181	pinsrw.mem	SSE	128	2	0	1	29	1	pinsrw xmm0, [rsi], 29
movement_3182	pinsrw.mem	SSE	128	2	0	1	30	1	pinsrw xmm0, [rsi], 30
movement_3183	pinsrw.mem	SSE	128	2	0	1	31	1	pinsrw xmm0, [rsi], 31
movement_3184	pinsrw.mem	SSE	128	2	0	1	32	1	pinsrw xmm0, [rsi], 32
movement_3185	pinsrw.mem	SSE	128	2	0	1	33	1	pinsrw xmm0, [rsi], 33
movement_3186	pinsrw.mem	SSE	128	2	0	1	34	1	pinsrw xmm0, [rsi], 34
movement_3187	pinsrw.mem	SSE	128	2	0	1	35	1	pinsrw xmm0, [rsi], 35
movement_3188	pinsrw.mem	SSE	128	2	0	1	36	1	pinsrw xmm0, [rsi], 36
movement_3189	pinsrw.mem	SSE	128	2	0	1	37	1	pinsrw xmm0, [rsi], 37
movement_3190	pinsrw.mem	SSE	128	2	0	1	38	1	pinsrw xmm0, [rsi], 38
movement_3191	pinsrw.mem	SSE	128	2	0	1	39	1	pinsrw xmm0, [rsi], 39
movement_3192	pinsrw.mem	SSE	128	2	0	1	40	1	pinsrw xmm0, [rsi], 40
movement_3193	pinsrw.mem	SSE	128	2	0	1	41	1	pinsrw xmm0, [rsi], 41
movement_3194	pinsrw.mem	SSE	128	2	0	1	42	1	pinsrw xmm0, [rsi], 42
movement_3195	pinsrw.mem	SSE	128	2	0	1	43	1	pinsrw xmm0, [rsi], 43
movement_3196	pinsrw.mem	SSE	128	2	0	1	44	1	pinsrw xmm0, [rsi], 44
movement_3197	pinsrw.mem	SSE	128	2	0	1	45	1	pinsrw xmm0, [rsi], 45
movement_3198	pinsrw.mem	SSE	128	2	0	1	46	1	pinsrw xmm0, [rsi], 46
movement_3199	pinsrw.mem	SSE	128	2	0	1	47	1	pinsrw xmm0, [rsi], 47
movement_3200	pinsrw.mem	SSE	128	2	0	1	48	1	pinsrw xmm0, [rsi], 48
movement_3201	pinsrw.mem	SSE	128	2	0	1	49	1	pinsrw xmm0, [rsi], 49
movement_3202	pinsrw.mem	SSE	128	2	0	1	50	1	pinsrw xmm0, [rsi], 50
movement_3203	pinsrw.mem	SSE	128	2	0	1	51	1	pinsrw xmm0, [rsi], 51
movement_3204	pinsrw.mem	SSE	128	2	0	1	52	1	pinsrw xmm0, [rsi], 52
movement_3205	pinsrw.mem	SSE	128	2	0	1	53	1	pinsrw xmm0, [rsi], 53
movement_3206	pinsrw.mem	SSE	128	2	0	1	54	1	pinsrw xmm0, [rsi], 54
movement_3207	pinsrw.mem	SSE	128	2	0	1	55	1	pinsrw xmm0, [rsi], 55
movement_3208	pinsrw.mem	SSE	128	2	0	1	56	1	pinsrw xmm0, [rsi], 56
movement_3209	pinsrw.mem	SSE	128	2	0	1	57	1	pinsrw xmm0, [rsi], 57
movement_3210	pinsrw.mem	SSE	128	2	0	1	58	1	pinsrw xmm0, [rsi], 58
movement_3211	pinsrw.mem	SSE	128	2	0	1	59	1	pinsrw xmm0, [rsi], 59
movement_3212	pinsrw.mem	SSE	128	2	0	1	60	1	pinsrw xmm0, [rsi], 60
movement_3213	pinsrw.mem	SSE	128	2	0	1	61	1	pinsrw xmm0, [rsi], 61
movement_3214	pinsrw.mem	SSE	128	2	0	1	62	1	pinsrw xmm0, [rsi], 62
movement_3215	pinsrw.mem	SSE	128	2	0	1	63	1	pinsrw xmm0, [rsi], 63
movement_3216	pinsrw.mem	SSE	128	2	0	1	64	1	pinsrw xmm0, [rsi], 64
movement_3217	pinsrw.mem	SSE	128	2	0	1	65	1	pinsrw xmm0, [rsi], 65
movement_3218	pinsrw.mem	SSE	128	2	0	1	66	1	pinsrw xmm0, [rsi], 66
movement_3219	pinsrw.mem	SSE	128	2	0	1	67	1	pinsrw xmm0, [rsi], 67
movement_3220	pinsrw.mem	SSE	128	2	0	1	68	1	pinsrw xmm0, [rsi], 68
movement_3221	pinsrw.mem	SSE	128	2	0	1	69	1	pinsrw xmm0, [rsi], 69
movement_3222	pinsrw.mem	SSE	128	2	0	1	70	1	pinsrw xmm0, [rsi], 70
movement_3223	pinsrw.mem	SSE	128	2	0	1	71	1	pinsrw xmm0, [rsi], 71
movement_3224	pinsrw.mem	SSE	128	2	0	1	72	1	pinsrw xmm0, [rsi], 72
movement_3225	pinsrw.mem	SSE	128	2	0	1	73	1	pinsrw xmm0, [rsi], 73
movement_3226	pinsrw.mem	SSE	128	2	0	1	74	1	pinsrw xmm0, [rsi], 74
movement_3227	pinsrw.mem	SSE	128	2	0	1	75	1	pinsrw xmm0, [rsi], 75
movement_3228	pinsrw.mem	SSE	128	2	0	1	76	1	pinsrw xmm0, [rsi], 76
movement_3229	pinsrw.mem	SSE	128	2	0	1	77	1	pinsrw xmm0, [rsi], 77
movement_3230	pinsrw.mem	SSE	128	2	0	1	78	1	pinsrw xmm0, [rsi], 78
movement_3231	pinsrw.mem	SSE	128	2	0	1	79	1	pinsrw xmm0, [rsi], 79
movement_3232	pinsrw.mem	SSE	128	2	0	1	80	1	pinsrw xmm0, [rsi], 80
movement_3233	pinsrw.mem	SSE	128	2	0	1	81	1	pinsrw xmm0, [rsi], 81
movement_3234	pinsrw.mem	SSE	128	2	0	1	82	1	pinsrw xmm0, [rsi], 82
movement_3235	pinsrw.mem	SSE	128	2	0	1	83	1	pinsrw xmm0, [rsi], 83
movement_3236	pinsrw.mem	SSE	128	2	0	1	84	1	pinsrw xmm0, [rsi], 84
movement_3237	pinsrw.mem	SSE	128	2	0	1	85	1	pinsrw xmm0, [rsi], 85
movement_3238	pinsrw.mem	SSE	128	2	0	1	86	1	pinsrw xmm0, [rsi], 86
movement_3239	pinsrw.mem	SSE	128	2	0	1	87	1	pinsrw xmm0, [rsi], 87
movement_3240	pinsrw.mem	SSE	128	2	0	1	88	1	pinsrw xmm0, [rsi], 88
movement_3241	pinsrw.mem	SSE	128	2	0	1	89	1	pinsrw xmm0, [rsi], 89
movement_3242	pinsrw.mem	SSE	128	2	0	1	90	1	pinsrw xmm0, [rsi], 90
movement_3243	pinsrw.mem	SSE	128	2	0	1	91	1	pinsrw xmm0, [rsi], 91
movement_3244	pinsrw.mem	SSE	128	2	0	1	92	1	pinsrw xmm0, [rsi], 92
movement_3245	pinsrw.mem	SSE	128	2	0	1	93	1	pinsrw xmm0, [rsi], 93
movement_3246	pinsrw.mem	SSE	128	2	0	1	94	1	pinsrw xmm0, [rsi], 94
movement_3247	pinsrw.mem	SSE	128	2	0	1	95	1	pinsrw xmm0, [rsi], 95
movement_3248	pinsrw.mem	SSE	128	2	0	1	96	1	pinsrw xmm0, [rsi], 96
movement_3249	pinsrw.mem	SSE	128	2	0	1	97	1	pinsrw xmm0, [rsi], 97
movement_3250	pinsrw.mem	SSE	128	2	0	1	98	1	pinsrw xmm0, [rsi], 98
movement_3251	pinsrw.mem	SSE	128	2	0	1	99	1	pinsrw xmm0, [rsi], 99
movement_3252	pinsrw.mem	SSE	128	2	0	1	100	1	pinsrw xmm0, [rsi], 100
movement_3253	pinsrw.mem	SSE	128	2	0	1	101	1	pinsrw xmm0, [rsi], 101
movement_3254	pinsrw.mem	SSE	128	2	0	1	102	1	pinsrw xmm0, [rsi], 102
movement_3255	pinsrw.mem	SSE	128	2	0	1	103	1	pinsrw xmm0, [rsi], 103
movement_3256	pinsrw.mem	SSE	128	2	0	1	104	1	pinsrw xmm0, [rsi], 104
movement_3257	pinsrw.mem	SSE	128	2	0	1	105	1	pinsrw xmm0, [rsi], 105
movement_3258	pinsrw.mem	SSE	128	2	0	1	106	1	pinsrw xmm0, [rsi], 106
movement_3259	pinsrw.mem	SSE	128	2	0	1	107	1	pinsrw xmm0, [rsi], 107
movement_3260	pinsrw.mem	SSE	128	2	0	1	108	1	pinsrw xmm0, [rsi], 108
movement_3261	pinsrw.mem	SSE	128	2	0	1	109	1	pinsrw xmm0, [rsi], 109
movement_3262	pinsrw.mem	SSE	128	2	0	1	110	1	pinsrw xmm0, [rsi], 110
movement_3263	pinsrw.mem	SSE	128	2	0	1	111	1	pinsrw xmm0, [rsi], 111
movement_3264	pinsrw.mem	SSE	128	2	0	1	112	1	pinsrw xmm0, [rsi], 112
movement_3265	pinsrw.mem	SSE	128	2	0	1	113	1	pinsrw xmm0, [rsi], 113
movement_3266	pinsrw.mem	SSE	128	2	0	1	114	1	pinsrw xmm0, [rsi], 114
movement_3267	pinsrw.mem	SSE	128	2	0	1	115	1	pinsrw xmm0, [rsi], 115
movement_3268	pinsrw.mem	SSE	128	2	0	1	116	1	pinsrw xmm0, [rsi], 116
movement_3269	pinsrw.mem	SSE	128	2	0	1	117	1	pinsrw xmm0, [rsi], 117
movement_3270	pinsrw.mem	SSE	128	2	0	1	118	1	pinsrw xmm0, [rsi], 118
movement_3271	pinsrw.mem	SSE	128	2	0	1	119	1	pinsrw xmm0, [rsi], 119
movement_3272	pinsrw.mem	SSE	128	2	0	1	120	1	pinsrw xmm0, [rsi], 120
movement_3273	pinsrw.mem	SSE	128	2	0	1	121	1	pinsrw xmm0, [rsi], 121
movement_3274	pinsrw.mem	SSE	128	2	0	1	122	1	pinsrw xmm0, [rsi], 122
movement_3275	pinsrw.mem	SSE	128	2	0	1	123	1	pinsrw xmm0, [rsi], 123
movement_3276	pinsrw.mem	SSE	128	2	0	1	124	1	pinsrw xmm0, [rsi], 124
movement_3277	pinsrw.mem	SSE	128	2	0	1	125	1	pinsrw xmm0, [rsi], 125
movement_3278	pinsrw.mem	SSE	128	2	0	1	126	1	pinsrw xmm0, [rsi], 126
movement_3279	pinsrw.mem	SSE	128	2	0	1	127	1	pinsrw xmm0, [rsi], 127
movement_3280	pinsrw.mem	SSE	128	2	0	1	128	1	pinsrw xmm0, [rsi], 128
movement_3281	pinsrw.mem	SSE	128	2	0	1	129	1	pinsrw xmm0, [rsi], 129
movement_3282	pinsrw.mem	SSE	128	2	0	1	130	1	pinsrw xmm0, [rsi], 130
movement_3283	pinsrw.mem	SSE	128	2	0	1	131	1	pinsrw xmm0, [rsi], 131
movement_3284	pinsrw.mem	SSE	128	2	0	1	132	1	pinsrw xmm0, [rsi], 132
movement_3285	pinsrw.mem	SSE	128	2	0	1	133	1	pinsrw xmm0, [rsi], 133
movement_3286	pinsrw.mem	SSE	128	2	0	1	134	1	pinsrw xmm0, [rsi], 134
movement_3287	pinsrw.mem	SSE	128	2	0	1	135	1	pinsrw xmm0, [rsi], 135
movement_3288	pinsrw.mem	SSE	128	2	0	1	136	1	pinsrw xmm0, [rsi], 136
movement_3289	pinsrw.mem	SSE	128	2	0	1	137	1	pinsrw xmm0, [rsi], 137
movement_3290	pinsrw.mem	SSE	128	2	0	1	138	1	pinsrw xmm0, [rsi], 138
movement_3291	pinsrw.mem	SSE	128	2	0	1	139	1	pinsrw xmm0, [rsi], 139
movement_3292	pinsrw.mem	SSE	128	2	0	1	140	1	pinsrw xmm0, [rsi], 140
movement_3293	pinsrw.mem	SSE	128	2	0	1	141	1	pinsrw xmm0, [rsi], 141
movement_3294	pinsrw.mem	SSE	128	2	0	1	142	1	pinsrw xmm0, [rsi], 142
movement_3295	pinsrw.mem	SSE	128	2	0	1	143	1	pinsrw xmm0, [rsi], 143
movement_3296	pinsrw.mem	SSE	128	2	0	1	144	1	pinsrw xmm0, [rsi], 144
movement_3297	pinsrw.mem	SSE	128	2	0	1	145	1	pinsrw xmm0, [rsi], 145
movement_3298	pinsrw.mem	SSE	128	2	0	1	146	1	pinsrw xmm0, [rsi], 146
movement_3299	pinsrw.mem	SSE	128	2	0	1	147	1	pinsrw xmm0, [rsi], 147
movement_3300	pinsrw.mem	SSE	128	2	0	1	148	1	pinsrw xmm0, [rsi], 148
movement_3301	pinsrw.mem	SSE	128	2	0	1	149	1	pinsrw xmm0, [rsi], 149
movement_3302	pinsrw.mem	SSE	128	2	0	1	150	1	pinsrw xmm0, [rsi], 150
movement_3303	pinsrw.mem	SSE	128	2	0	1	151	1	pinsrw xmm0, [rsi], 151
movement_3304	pinsrw.mem	SSE	128	2	0	1	152	1	pinsrw xmm0, [rsi], 152
movement_3305	pinsrw.mem	SSE	128	2	0	1	153	1	pinsrw xmm0, [rsi], 153
movement_3306	pinsrw.mem	SSE	128	2	0	1	154	1	pinsrw xmm0, [rsi], 154
movement_3307	pinsrw.mem	SSE	128	2	0	1	155	1	pinsrw xmm0, [rsi], 155
movement_3308	pinsrw.mem	SSE	128	2	0	1	156	1	pinsrw xmm0, [rsi], 156
movement_3309	pinsrw.mem	SSE	128	2	0	1	157	1	pinsrw xmm0, [rsi], 157
movement_3310	pinsrw.mem	SSE	128	2	0	1	158	1	pinsrw xmm0, [rsi], 158
movement_3311	pinsrw.mem	SSE	128	2	0	1	159	1	pinsrw xmm0, [rsi], 159
movement_3312	pinsrw.mem	SSE	128	2	0	1	160	1	pinsrw xmm0, [rsi], 160
movement_3313	pinsrw.mem	SSE	128	2	0	1	161	1	pinsrw xmm0, [rsi], 161
movement_3314	pinsrw.mem	SSE	128	2	0	1	162	1	pinsrw xmm0, [rsi], 162
movement_3315	pinsrw.mem	SSE	128	2	0	1	163	1	pinsrw xmm0, [rsi], 163
movement_3316	pinsrw.mem	SSE	128	2	0	1	164	1	pinsrw xmm0, [rsi], 164
movement_3317	pinsrw.mem	SSE	128	2	0	1	165	1	pinsrw xmm0, [rsi], 165
movement_3318	pinsrw.mem	SSE	128	2	0	1	166	1	pinsrw xmm0, [rsi], 166
movement_3319	pinsrw.mem	SSE	128	2	0	1	167	1	pinsrw xmm0, [rsi], 167
movement_3320	pinsrw.mem	SSE	128	2	0	1	168	1	pinsrw xmm0, [rsi], 168
movement_3321	pinsrw.mem	SSE	128	2	0	1	169	1	pinsrw xmm0, [rsi], 169
movement_3322	pinsrw.mem	SSE	128	2	0	1	170	1	pinsrw xmm0, [rsi], 170
movement_3323	pinsrw.mem	SSE	128	2	0	1	171	1	pinsrw xmm0, [rsi], 171
movement_3324	pinsrw.mem	SSE	128	2	0	1	172	1	pinsrw xmm0, [rsi], 172
movement_3325	pinsrw.mem	SSE	128	2	0	1	173	1	pinsrw xmm0, [rsi], 173
movement_3326	pinsrw.mem	SSE	128	2	0	1	174	1	pinsrw xmm0, [rsi], 174
movement_3327	pinsrw.mem	SSE	128	2	0	1	175	1	pinsrw xmm0, [rsi], 175
movement_3328	pinsrw.mem	SSE	128	2	0	1	176	1	pinsrw xmm0, [rsi], 176
movement_3329	pinsrw.mem	SSE	128	2	0	1	177	1	pinsrw xmm0, [rsi], 177
movement_3330	pinsrw.mem	SSE	128	2	0	1	178	1	pinsrw xmm0, [rsi], 178
movement_3331	pinsrw.mem	SSE	128	2	0	1	179	1	pinsrw xmm0, [rsi], 179
movement_3332	pinsrw.mem	SSE	128	2	0	1	180	1	pinsrw xmm0, [rsi], 180
movement_3333	pinsrw.mem	SSE	128	2	0	1	181	1	pinsrw xmm0, [rsi], 181
movement_3334	pinsrw.mem	SSE	128	2	0	1	182	1	pinsrw xmm0, [rsi], 182
movement_3335	pinsrw.mem	SSE	128	2	0	1	183	1	pinsrw xmm0, [rsi], 183
movement_3336	pinsrw.mem	SSE	128	2	0	1	184	1	pinsrw xmm0, [rsi], 184
movement_3337	pinsrw.mem	SSE	128	2	0	1	185	1	pinsrw xmm0, [rsi], 185
movement_3338	pinsrw.mem	SSE	128	2	0	1	186	1	pinsrw xmm0, [rsi], 186
movement_3339	pinsrw.mem	SSE	128	2	0	1	187	1	pinsrw xmm0, [rsi], 187
movement_3340	pinsrw.mem	SSE	128	2	0	1	188	1	pinsrw xmm0, [rsi], 188
movement_3341	pinsrw.mem	SSE	128	2	0	1	189	1	pinsrw xmm0, [rsi], 189
movement_3342	pinsrw.mem	SSE	128	2	0	1	190	1	pinsrw xmm0, [rsi], 190
movement_3343	pinsrw.mem	SSE	128	2	0	1	191	1	pinsrw xmm0, [rsi], 191
movement_3344	pinsrw.mem	SSE	128	2	0	1	192	1	pinsrw xmm0, [rsi], 192
movement_3345	pinsrw.mem	SSE	128	2	0	1	193	1	pinsrw xmm0, [rsi], 193
movement_3346	pinsrw.mem	SSE	128	2	0	1	194	1	pinsrw xmm0, [rsi], 194
movement_3347	pinsrw.mem	SSE	128	2	0	1	195	1	pinsrw xmm0, [rsi], 195
movement_3348	pinsrw.mem	SSE	128	2	0	1	196	1	pinsrw xmm0, [rsi], 196
movement_3349	pinsrw.mem	SSE	128	2	0	1	197	1	pinsrw xmm0, [rsi], 197
movement_3350	pinsrw.mem	SSE	128	2	0	1	198	1	pinsrw xmm0, [rsi], 198
movement_3351	pinsrw.mem	SSE	128	2	0	1	199	1	pinsrw xmm0, [rsi], 199
movement_3352	pinsrw.mem	SSE	128	2	0	1	200	1	pinsrw xmm0, [rsi], 200
movement_3353	pinsrw.mem	SSE	128	2	0	1	201	1	pinsrw xmm0, [rsi], 201
movement_3354	pinsrw.mem	SSE	128	2	0	1	202	1	pinsrw xmm0, [rsi], 202
movement_3355	pinsrw.mem	SSE	128	2	0	1	203	1	pinsrw xmm0, [rsi], 203
movement_3356	pinsrw.mem	SSE	128	2	0	1	204	1	pinsrw xmm0, [rsi], 204
movement_3357	pinsrw.mem	SSE	128	2	0	1	205	1	pinsrw xmm0, [rsi], 205
movement_3358	pinsrw.mem	SSE	128	2	0	1	206	1	pinsrw xmm0, [rsi], 206
movement_3359	pinsrw.mem	SSE	128	2	0	1	207	1	pinsrw xmm0, [rsi], 207
movement_3360	pinsrw.mem	SSE	128	2	0	1	208	1	pinsrw xmm0, [rsi], 208
movement_3361	pinsrw.mem	SSE	128	2	0	1	209	1	pinsrw xmm0, [rsi], 209
movement_3362	pinsrw.mem	SSE	128	2	0	1	210	1	pinsrw xmm0, [rsi], 210
movement_3363	pinsrw.mem	SSE	128	2	0	1	211	1	pinsrw xmm0, [rsi], 211
movement_3364	pinsrw.mem	SSE	128	2	0	1	212	1	pinsrw xmm0, [rsi], 212
movement_3365	pinsrw.mem	SSE	128	2	0	1	213	1	pinsrw xmm0, [rsi], 213
movement_3366	pinsrw.mem	SSE	128	2	0	1	214	1	pinsrw xmm0, [rsi], 214
movement_3367	pinsrw.mem	SSE	128	2	0	1	215	1	pinsrw xmm0, [rsi], 215
movement_3368	pinsrw.mem	SSE	128	2	0	1	216	1	pinsrw xmm0, [rsi], 216
movement_3369	pinsrw.mem	SSE	128	2	0	1	217	1	pinsrw xmm0, [rsi], 217
movement_3370	pinsrw.mem	SSE	128	2	0	1	218	1	pinsrw xmm0, [rsi], 218
movement_3371	pinsrw.mem	SSE	128	2	0	1	219	1	pinsrw xmm0, [rsi], 219
movement_3372	pinsrw.mem	SSE	128	2	0	1	220	1	pinsrw xmm0, [rsi], 220
movement_3373	pinsrw.mem	SSE	128	2	0	1	221	1	pinsrw xmm0, [rsi], 221
movement_3374	pinsrw.mem	SSE	128	2	0	1	222	1	pinsrw xmm0, [rsi], 222
movement_3375	pinsrw.mem	SSE	128	2	0	1	223	1	pinsrw xmm0, [rsi], 223
movement_3376	pinsrw.mem	SSE	128	2	0	1	224	1	pinsrw xmm0, [rsi], 224
movement_3377	pinsrw.mem	SSE	128	2	0	1	225	1	pinsrw xmm0, [rsi], 225
movement_3378	pinsrw.mem	SSE	128	2	0	1	226	1	pinsrw xmm0, [rsi], 226
movement_3379	pinsrw.mem	SSE	128	2	0	1	227	1	pinsrw xmm0, [rsi], 227
movement_3380	pinsrw.mem	SSE	128	2	0	1	228	1	pinsrw xmm0, [rsi], 228
movement_3381	pinsrw.mem	SSE	128	2	0	1	229	1	pinsrw xmm0, [rsi], 229
movement_3382	pinsrw.mem	SSE	128	2	0	1	230	1	pinsrw xmm0, [rsi], 230
movement_3383	pinsrw.mem	SSE	128	2	0	1	231	1	pinsrw xmm0, [rsi], 231
movement_3384	pinsrw.mem	SSE	128	2	0	1	232	1	pinsrw xmm0, [rsi], 232
movement_3385	pinsrw.mem	SSE	128	2	0	1	233	1	pinsrw xmm0, [rsi], 233
movement_3386	pinsrw.mem	SSE	128	2	0	1	234	1	pinsrw xmm0, [rsi], 234
movement_3387	pinsrw.mem	SSE	128	2	0	1	235	1	pinsrw xmm0, [rsi], 235
movement_3388	pinsrw.mem	SSE	128	2	0	1	236	1	pinsrw xmm0, [rsi], 236
movement_3389	pinsrw.mem	SSE	128	2	0	1	237	1	pinsrw xmm0, [rsi], 237
movement_3390	pinsrw.mem	SSE	128	2	0	1	238	1	pinsrw xmm0, [rsi], 238
movement_3391	pinsrw.mem	SSE	128	2	0	1	239	1	pinsrw xmm0, [rsi], 239
movement_3392	pinsrw.mem	SSE	128	2	0	1	240	1	pinsrw xmm0, [rsi], 240
movement_3393	pinsrw.mem	SSE	128	2	0	1	241	1	pinsrw xmm0, [rsi], 241
movement_3394	pinsrw.mem	SSE	128	2	0	1	242	1	pinsrw xmm0, [rsi], 242
movement_3395	pinsrw.mem	SSE	128	2	0	1	243	1	pinsrw xmm0, [rsi], 243
movement_3396	pinsrw.mem	SSE	128	2	0	1	244	1	pinsrw xmm0, [rsi], 244
movement_3397	pinsrw.mem	SSE	128	2	0	1	245	1	pinsrw xmm0, [rsi], 245
movement_3398	pinsrw.mem	SSE	128	2	0	1	246	1	pinsrw xmm0, [rsi], 246
movement_3399	pinsrw.mem	SSE	128	2	0	1	247	1	pinsrw xmm0, [rsi], 247
movement_3400	pinsrw.mem	SSE	128	2	0	1	248	1	pinsrw xmm0, [rsi], 248
movement_3401	pinsrw.mem	SSE	128	2	0	1	249	1	pinsrw xmm0, [rsi], 249
movement_3402	pinsrw.mem	SSE	128	2	0	1	250	1	pinsrw xmm0, [rsi], 250
movement_3403	pinsrw.mem	SSE	128	2	0	1	251	1	pinsrw xmm0, [rsi], 251
movement_3404	pinsrw.mem	SSE	128	2	0	1	252	1	pinsrw xmm0, [rsi], 252
movement_3405	pinsrw.mem	SSE	128	2	0	1	253	1	pinsrw xmm0, [rsi], 253
movement_3406	pinsrw.mem	SSE	128	2	0	1	254	1	pinsrw xmm0, [rsi], 254
movement_3407	pinsrw.mem	SSE	128	2	0	1	255	1	pinsrw xmm0, [rsi], 255
movement_3408	pinsrd.gpr	SSE	128	4	0	0	0	1	pinsrd xmm0, eax, 0
movement_3409	pinsrd.gpr	SSE	128	4	0	0	1	1	pinsrd xmm0, eax, 1
movement_3410	pinsrd.gpr	SSE	128	4	0	0	2	1	pinsrd xmm0, eax, 2
movement_3411	pinsrd.gpr	SSE	128	4	0	0	3	1	pinsrd xmm0, eax, 3
movement_3412	pinsrd.gpr	SSE	128	4	0	0	4	1	pinsrd xmm0, eax, 4
movement_3413	pinsrd.gpr	SSE	128	4	0	0	5	1	pinsrd xmm0, eax, 5
movement_3414	pinsrd.gpr	SSE	128	4	0	0	6	1	pinsrd xmm0, eax, 6
movement_3415	pinsrd.gpr	SSE	128	4	0	0	7	1	pinsrd xmm0, eax, 7
movement_3416	pinsrd.gpr	SSE	128	4	0	0	8	1	pinsrd xmm0, eax, 8
movement_3417	pinsrd.gpr	SSE	128	4	0	0	9	1	pinsrd xmm0, eax, 9
movement_3418	pinsrd.gpr	SSE	128	4	0	0	10	1	pinsrd xmm0, eax, 10
movement_3419	pinsrd.gpr	SSE	128	4	0	0	11	1	pinsrd xmm0, eax, 11
movement_3420	pinsrd.gpr	SSE	128	4	0	0	12	1	pinsrd xmm0, eax, 12
movement_3421	pinsrd.gpr	SSE	128	4	0	0	13	1	pinsrd xmm0, eax, 13
movement_3422	pinsrd.gpr	SSE	128	4	0	0	14	1	pinsrd xmm0, eax, 14
movement_3423	pinsrd.gpr	SSE	128	4	0	0	15	1	pinsrd xmm0, eax, 15
movement_3424	pinsrd.gpr	SSE	128	4	0	0	16	1	pinsrd xmm0, eax, 16
movement_3425	pinsrd.gpr	SSE	128	4	0	0	17	1	pinsrd xmm0, eax, 17
movement_3426	pinsrd.gpr	SSE	128	4	0	0	18	1	pinsrd xmm0, eax, 18
movement_3427	pinsrd.gpr	SSE	128	4	0	0	19	1	pinsrd xmm0, eax, 19
movement_3428	pinsrd.gpr	SSE	128	4	0	0	20	1	pinsrd xmm0, eax, 20
movement_3429	pinsrd.gpr	SSE	128	4	0	0	21	1	pinsrd xmm0, eax, 21
movement_3430	pinsrd.gpr	SSE	128	4	0	0	22	1	pinsrd xmm0, eax, 22
movement_3431	pinsrd.gpr	SSE	128	4	0	0	23	1	pinsrd xmm0, eax, 23
movement_3432	pinsrd.gpr	SSE	128	4	0	0	24	1	pinsrd xmm0, eax, 24
movement_3433	pinsrd.gpr	SSE	128	4	0	0	25	1	pinsrd xmm0, eax, 25
movement_3434	pinsrd.gpr	SSE	128	4	0	0	26	1	pinsrd xmm0, eax, 26
movement_3435	pinsrd.gpr	SSE	128	4	0	0	27	1	pinsrd xmm0, eax, 27
movement_3436	pinsrd.gpr	SSE	128	4	0	0	28	1	pinsrd xmm0, eax, 28
movement_3437	pinsrd.gpr	SSE	128	4	0	0	29	1	pinsrd xmm0, eax, 29
movement_3438	pinsrd.gpr	SSE	128	4	0	0	30	1	pinsrd xmm0, eax, 30
movement_3439	pinsrd.gpr	SSE	128	4	0	0	31	1	pinsrd xmm0, eax, 31
movement_3440	pinsrd.gpr	SSE	128	4	0	0	32	1	pinsrd xmm0, eax, 32
movement_3441	pinsrd.gpr	SSE	128	4	0	0	33	1	pinsrd xmm0, eax, 33
movement_3442	pinsrd.gpr	SSE	128	4	0	0	34	1	pinsrd xmm0, eax, 34
movement_3443	pinsrd.gpr	SSE	128	4	0	0	35	1	pinsrd xmm0, eax, 35
movement_3444	pinsrd.gpr	SSE	128	4	0	0	36	1	pinsrd xmm0, eax, 36
movement_3445	pinsrd.gpr	SSE	128	4	0	0	37	1	pinsrd xmm0, eax, 37
movement_3446	pinsrd.gpr	SSE	128	4	0	0	38	1	pinsrd xmm0, eax, 38
movement_3447	pinsrd.gpr	SSE	128	4	0	0	39	1	pinsrd xmm0, eax, 39
movement_3448	pinsrd.gpr	SSE	128	4	0	0	40	1	pinsrd xmm0, eax, 40
movement_3449	pinsrd.gpr	SSE	128	4	0	0	41	1	pinsrd xmm0, eax, 41
movement_3450	pinsrd.gpr	SSE	128	4	0	0	42	1	pinsrd xmm0, eax, 42
movement_3451	pinsrd.gpr	SSE	128	4	0	0	43	1	pinsrd xmm0, eax, 43
movement_3452	pinsrd.gpr	SSE	128	4	0	0	44	1	pinsrd xmm0, eax, 44
movement_3453	pinsrd.gpr	SSE	128	4	0	0	45	1	pinsrd xmm0, eax, 45
movement_3454	pinsrd.gpr	SSE	128	4	0	0	46	1	pinsrd xmm0, eax, 46
movement_3455	pinsrd.gpr	SSE	128	4	0	0	47	1	pinsrd xmm0, eax, 47
movement_3456	pinsrd.gpr	SSE	128	4	0	0	48	1	pinsrd xmm0, eax, 48
movement_3457	pinsrd.gpr	SSE	128	4	0	0	49	1	pinsrd xmm0, eax, 49
movement_3458	pinsrd.gpr	SSE	128	4	0	0	50	1	pinsrd xmm0, eax, 50
movement_3459	pinsrd.gpr	SSE	128	4	0	0	51	1	pinsrd xmm0, eax, 51
movement_3460	pinsrd.gpr	SSE	128	4	0	0	52	1	pinsrd xmm0, eax, 52
movement_3461	pinsrd.gpr	SSE	128	4	0	0	53	1	pinsrd xmm0, eax, 53
movement_3462	pinsrd.gpr	SSE	128	4	0	0	54	1	pinsrd xmm0, eax, 54
movement_3463	pinsrd.gpr	SSE	128	4	0	0	55	1	pinsrd xmm0, eax, 55
movement_3464	pinsrd.gpr	SSE	128	4	0	0	56	1	pinsrd xmm0, eax, 56
movement_3465	pinsrd.gpr	SSE	128	4	0	0	57	1	pinsrd xmm0, eax, 57
movement_3466	pinsrd.gpr	SSE	128	4	0	0	58	1	pinsrd xmm0, eax, 58
movement_3467	pinsrd.gpr	SSE	128	4	0	0	59	1	pinsrd xmm0, eax, 59
movement_3468	pinsrd.gpr	SSE	128	4	0	0	60	1	pinsrd xmm0, eax, 60
movement_3469	pinsrd.gpr	SSE	128	4	0	0	61	1	pinsrd xmm0, eax, 61
movement_3470	pinsrd.gpr	SSE	128	4	0	0	62	1	pinsrd xmm0, eax, 62
movement_3471	pinsrd.gpr	SSE	128	4	0	0	63	1	pinsrd xmm0, eax, 63
movement_3472	pinsrd.gpr	SSE	128	4	0	0	64	1	pinsrd xmm0, eax, 64
movement_3473	pinsrd.gpr	SSE	128	4	0	0	65	1	pinsrd xmm0, eax, 65
movement_3474	pinsrd.gpr	SSE	128	4	0	0	66	1	pinsrd xmm0, eax, 66
movement_3475	pinsrd.gpr	SSE	128	4	0	0	67	1	pinsrd xmm0, eax, 67
movement_3476	pinsrd.gpr	SSE	128	4	0	0	68	1	pinsrd xmm0, eax, 68
movement_3477	pinsrd.gpr	SSE	128	4	0	0	69	1	pinsrd xmm0, eax, 69
movement_3478	pinsrd.gpr	SSE	128	4	0	0	70	1	pinsrd xmm0, eax, 70
movement_3479	pinsrd.gpr	SSE	128	4	0	0	71	1	pinsrd xmm0, eax, 71
movement_3480	pinsrd.gpr	SSE	128	4	0	0	72	1	pinsrd xmm0, eax, 72
movement_3481	pinsrd.gpr	SSE	128	4	0	0	73	1	pinsrd xmm0, eax, 73
movement_3482	pinsrd.gpr	SSE	128	4	0	0	74	1	pinsrd xmm0, eax, 74
movement_3483	pinsrd.gpr	SSE	128	4	0	0	75	1	pinsrd xmm0, eax, 75
movement_3484	pinsrd.gpr	SSE	128	4	0	0	76	1	pinsrd xmm0, eax, 76
movement_3485	pinsrd.gpr	SSE	128	4	0	0	77	1	pinsrd xmm0, eax, 77
movement_3486	pinsrd.gpr	SSE	128	4	0	0	78	1	pinsrd xmm0, eax, 78
movement_3487	pinsrd.gpr	SSE	128	4	0	0	79	1	pinsrd xmm0, eax, 79
movement_3488	pinsrd.gpr	SSE	128	4	0	0	80	1	pinsrd xmm0, eax, 80
movement_3489	pinsrd.gpr	SSE	128	4	0	0	81	1	pinsrd xmm0, eax, 81
movement_3490	pinsrd.gpr	SSE	128	4	0	0	82	1	pinsrd xmm0, eax, 82
movement_3491	pinsrd.gpr	SSE	128	4	0	0	83	1	pinsrd xmm0, eax, 83
movement_3492	pinsrd.gpr	SSE	128	4	0	0	84	1	pinsrd xmm0, eax, 84
movement_3493	pinsrd.gpr	SSE	128	4	0	0	85	1	pinsrd xmm0, eax, 85
movement_3494	pinsrd.gpr	SSE	128	4	0	0	86	1	pinsrd xmm0, eax, 86
movement_3495	pinsrd.gpr	SSE	128	4	0	0	87	1	pinsrd xmm0, eax, 87
movement_3496	pinsrd.gpr	SSE	128	4	0	0	88	1	pinsrd xmm0, eax, 88
movement_3497	pinsrd.gpr	SSE	128	4	0	0	89	1	pinsrd xmm0, eax, 89
movement_3498	pinsrd.gpr	SSE	128	4	0	0	90	1	pinsrd xmm0, eax, 90
movement_3499	pinsrd.gpr	SSE	128	4	0	0	91	1	pinsrd xmm0, eax, 91
movement_3500	pinsrd.gpr	SSE	128	4	0	0	92	1	pinsrd xmm0, eax, 92
movement_3501	pinsrd.gpr	SSE	128	4	0	0	93	1	pinsrd xmm0, eax, 93
movement_3502	pinsrd.gpr	SSE	128	4	0	0	94	1	pinsrd xmm0, eax, 94
movement_3503	pinsrd.gpr	SSE	128	4	0	0	95	1	pinsrd xmm0, eax, 95
movement_3504	pinsrd.gpr	SSE	128	4	0	0	96	1	pinsrd xmm0, eax, 96
movement_3505	pinsrd.gpr	SSE	128	4	0	0	97	1	pinsrd xmm0, eax, 97
movement_3506	pinsrd.gpr	SSE	128	4	0	0	98	1	pinsrd xmm0, eax, 98
movement_3507	pinsrd.gpr	SSE	128	4	0	0	99	1	pinsrd xmm0, eax, 99
movement_3508	pinsrd.gpr	SSE	128	4	0	0	100	1	pinsrd xmm0, eax, 100
movement_3509	pinsrd.gpr	SSE	128	4	0	0	101	1	pinsrd xmm0, eax, 101
movement_3510	pinsrd.gpr	SSE	128	4	0	0	102	1	pinsrd xmm0, eax, 102
movement_3511	pinsrd.gpr	SSE	128	4	0	0	103	1	pinsrd xmm0, eax, 103
movement_3512	pinsrd.gpr	SSE	128	4	0	0	104	1	pinsrd xmm0, eax, 104
movement_3513	pinsrd.gpr	SSE	128	4	0	0	105	1	pinsrd xmm0, eax, 105
movement_3514	pinsrd.gpr	SSE	128	4	0	0	106	1	pinsrd xmm0, eax, 106
movement_3515	pinsrd.gpr	SSE	128	4	0	0	107	1	pinsrd xmm0, eax, 107
movement_3516	pinsrd.gpr	SSE	128	4	0	0	108	1	pinsrd xmm0, eax, 108
movement_3517	pinsrd.gpr	SSE	128	4	0	0	109	1	pinsrd xmm0, eax, 109
movement_3518	pinsrd.gpr	SSE	128	4	0	0	110	1	pinsrd xmm0, eax, 110
movement_3519	pinsrd.gpr	SSE	128	4	0	0	111	1	pinsrd xmm0, eax, 111
movement_3520	pinsrd.gpr	SSE	128	4	0	0	112	1	pinsrd xmm0, eax, 112
movement_3521	pinsrd.gpr	SSE	128	4	0	0	113	1	pinsrd xmm0, eax, 113
movement_3522	pinsrd.gpr	SSE	128	4	0	0	114	1	pinsrd xmm0, eax, 114
movement_3523	pinsrd.gpr	SSE	128	4	0	0	115	1	pinsrd xmm0, eax, 115
movement_3524	pinsrd.gpr	SSE	128	4	0	0	116	1	pinsrd xmm0, eax, 116
movement_3525	pinsrd.gpr	SSE	128	4	0	0	117	1	pinsrd xmm0, eax, 117
movement_3526	pinsrd.gpr	SSE	128	4	0	0	118	1	pinsrd xmm0, eax, 118
movement_3527	pinsrd.gpr	SSE	128	4	0	0	119	1	pinsrd xmm0, eax, 119
movement_3528	pinsrd.gpr	SSE	128	4	0	0	120	1	pinsrd xmm0, eax, 120
movement_3529	pinsrd.gpr	SSE	128	4	0	0	121	1	pinsrd xmm0, eax, 121
movement_3530	pinsrd.gpr	SSE	128	4	0	0	122	1	pinsrd xmm0, eax, 122
movement_3531	pinsrd.gpr	SSE	128	4	0	0	123	1	pinsrd xmm0, eax, 123
movement_3532	pinsrd.gpr	SSE	128	4	0	0	124	1	pinsrd xmm0, eax, 124
movement_3533	pinsrd.gpr	SSE	128	4	0	0	125	1	pinsrd xmm0, eax, 125
movement_3534	pinsrd.gpr	SSE	128	4	0	0	126	1	pinsrd xmm0, eax, 126
movement_3535	pinsrd.gpr	SSE	128	4	0	0	127	1	pinsrd xmm0, eax, 127
movement_3536	pinsrd.gpr	SSE	128	4	0	0	128	1	pinsrd xmm0, eax, 128
movement_3537	pinsrd.gpr	SSE	128	4	0	0	129	1	pinsrd xmm0, eax, 129
movement_3538	pinsrd.gpr	SSE	128	4	0	0	130	1	pinsrd xmm0, eax, 130
movement_3539	pinsrd.gpr	SSE	128	4	0	0	131	1	pinsrd xmm0, eax, 131
movement_3540	pinsrd.gpr	SSE	128	4	0	0	132	1	pinsrd xmm0, eax, 132
movement_3541	pinsrd.gpr	SSE	128	4	0	0	133	1	pinsrd xmm0, eax, 133
movement_3542	pinsrd.gpr	SSE	128	4	0	0	134	1	pinsrd xmm0, eax, 134
movement_3543	pinsrd.gpr	SSE	128	4	0	0	135	1	pinsrd xmm0, eax, 135
movement_3544	pinsrd.gpr	SSE	128	4	0	0	136	1	pinsrd xmm0, eax, 136
movement_3545	pinsrd.gpr	SSE	128	4	0	0	137	1	pinsrd xmm0, eax, 137
movement_3546	pinsrd.gpr	SSE	128	4	0	0	138	1	pinsrd xmm0, eax, 138
movement_3547	pinsrd.gpr	SSE	128	4	0	0	139	1	pinsrd xmm0, eax, 139
movement_3548	pinsrd.gpr	SSE	128	4	0	0	140	1	pinsrd xmm0, eax, 140
movement_3549	pinsrd.gpr	SSE	128	4	0	0	141	1	pinsrd xmm0, eax, 141
movement_3550	pinsrd.gpr	SSE	128	4	0	0	142	1	pinsrd xmm0, eax, 142
movement_3551	pinsrd.gpr	SSE	128	4	0	0	143	1	pinsrd xmm0, eax, 143
movement_3552	pinsrd.gpr	SSE	128	4	0	0	144	1	pinsrd xmm0, eax, 144
movement_3553	pinsrd.gpr	SSE	128	4	0	0	145	1	pinsrd xmm0, eax, 145
movement_3554	pinsrd.gpr	SSE	128	4	0	0	146	1	pinsrd xmm0, eax, 146
movement_3555	pinsrd.gpr	SSE	128	4	0	0	147	1	pinsrd xmm0, eax, 147
movement_3556	pinsrd.gpr	SSE	128	4	0	0	148	1	pinsrd xmm0, eax, 148
movement_3557	pinsrd.gpr	SSE	128	4	0	0	149	1	pinsrd xmm0, eax, 149
movement_3558	pinsrd.gpr	SSE	128	4	0	0	150	1	pinsrd xmm0, eax, 150
movement_3559	pinsrd.gpr	SSE	128	4	0	0	151	1	pinsrd xmm0, eax, 151
movement_3560	pinsrd.gpr	SSE	128	4	0	0	152	1	pinsrd xmm0, eax, 152
movement_3561	pinsrd.gpr	SSE	128	4	0	0	153	1	pinsrd xmm0, eax, 153
movement_3562	pinsrd.gpr	SSE	128	4	0	0	154	1	pinsrd xmm0, eax, 154
movement_3563	pinsrd.gpr	SSE	128	4	0	0	155	1	pinsrd xmm0, eax, 155
movement_3564	pinsrd.gpr	SSE	128	4	0	0	156	1	pinsrd xmm0, eax, 156
movement_3565	pinsrd.gpr	SSE	128	4	0	0	157	1	pinsrd xmm0, eax, 157
movement_3566	pinsrd.gpr	SSE	128	4	0	0	158	1	pinsrd xmm0, eax, 158
movement_3567	pinsrd.gpr	SSE	128	4	0	0	159	1	pinsrd xmm0, eax, 159
movement_3568	pinsrd.gpr	SSE	128	4	0	0	160	1	pinsrd xmm0, eax, 160
movement_3569	pinsrd.gpr	SSE	128	4	0	0	161	1	pinsrd xmm0, eax, 161
movement_3570	pinsrd.gpr	SSE	128	4	0	0	162	1	pinsrd xmm0, eax, 162
movement_3571	pinsrd.gpr	SSE	128	4	0	0	163	1	pinsrd xmm0, eax, 163
movement_3572	pinsrd.gpr	SSE	128	4	0	0	164	1	pinsrd xmm0, eax, 164
movement_3573	pinsrd.gpr	SSE	128	4	0	0	165	1	pinsrd xmm0, eax, 165
movement_3574	pinsrd.gpr	SSE	128	4	0	0	166	1	pinsrd xmm0, eax, 166
movement_3575	pinsrd.gpr	SSE	128	4	0	0	167	1	pinsrd xmm0, eax, 167
movement_3576	pinsrd.gpr	SSE	128	4	0	0	168	1	pinsrd xmm0, eax, 168
movement_3577	pinsrd.gpr	SSE	128	4	0	0	169	1	pinsrd xmm0, eax, 169
movement_3578	pinsrd.gpr	SSE	128	4	0	0	170	1	pinsrd xmm0, eax, 170
movement_3579	pinsrd.gpr	SSE	128	4	0	0	171	1	pinsrd xmm0, eax, 171
movement_3580	pinsrd.gpr	SSE	128	4	0	0	172	1	pinsrd xmm0, eax, 172
movement_3581	pinsrd.gpr	SSE	128	4	0	0	173	1	pinsrd xmm0, eax, 173
movement_3582	pinsrd.gpr	SSE	128	4	0	0	174	1	pinsrd xmm0, eax, 174
movement_3583	pinsrd.gpr	SSE	128	4	0	0	175	1	pinsrd xmm0, eax, 175
movement_3584	pinsrd.gpr	SSE	128	4	0	0	176	1	pinsrd xmm0, eax, 176
movement_3585	pinsrd.gpr	SSE	128	4	0	0	177	1	pinsrd xmm0, eax, 177
movement_3586	pinsrd.gpr	SSE	128	4	0	0	178	1	pinsrd xmm0, eax, 178
movement_3587	pinsrd.gpr	SSE	128	4	0	0	179	1	pinsrd xmm0, eax, 179
movement_3588	pinsrd.gpr	SSE	128	4	0	0	180	1	pinsrd xmm0, eax, 180
movement_3589	pinsrd.gpr	SSE	128	4	0	0	181	1	pinsrd xmm0, eax, 181
movement_3590	pinsrd.gpr	SSE	128	4	0	0	182	1	pinsrd xmm0, eax, 182
movement_3591	pinsrd.gpr	SSE	128	4	0	0	183	1	pinsrd xmm0, eax, 183
movement_3592	pinsrd.gpr	SSE	128	4	0	0	184	1	pinsrd xmm0, eax, 184
movement_3593	pinsrd.gpr	SSE	128	4	0	0	185	1	pinsrd xmm0, eax, 185
movement_3594	pinsrd.gpr	SSE	128	4	0	0	186	1	pinsrd xmm0, eax, 186
movement_3595	pinsrd.gpr	SSE	128	4	0	0	187	1	pinsrd xmm0, eax, 187
movement_3596	pinsrd.gpr	SSE	128	4	0	0	188	1	pinsrd xmm0, eax, 188
movement_3597	pinsrd.gpr	SSE	128	4	0	0	189	1	pinsrd xmm0, eax, 189
movement_3598	pinsrd.gpr	SSE	128	4	0	0	190	1	pinsrd xmm0, eax, 190
movement_3599	pinsrd.gpr	SSE	128	4	0	0	191	1	pinsrd xmm0, eax, 191
movement_3600	pinsrd.gpr	SSE	128	4	0	0	192	1	pinsrd xmm0, eax, 192
movement_3601	pinsrd.gpr	SSE	128	4	0	0	193	1	pinsrd xmm0, eax, 193
movement_3602	pinsrd.gpr	SSE	128	4	0	0	194	1	pinsrd xmm0, eax, 194
movement_3603	pinsrd.gpr	SSE	128	4	0	0	195	1	pinsrd xmm0, eax, 195
movement_3604	pinsrd.gpr	SSE	128	4	0	0	196	1	pinsrd xmm0, eax, 196
movement_3605	pinsrd.gpr	SSE	128	4	0	0	197	1	pinsrd xmm0, eax, 197
movement_3606	pinsrd.gpr	SSE	128	4	0	0	198	1	pinsrd xmm0, eax, 198
movement_3607	pinsrd.gpr	SSE	128	4	0	0	199	1	pinsrd xmm0, eax, 199
movement_3608	pinsrd.gpr	SSE	128	4	0	0	200	1	pinsrd xmm0, eax, 200
movement_3609	pinsrd.gpr	SSE	128	4	0	0	201	1	pinsrd xmm0, eax, 201
movement_3610	pinsrd.gpr	SSE	128	4	0	0	202	1	pinsrd xmm0, eax, 202
movement_3611	pinsrd.gpr	SSE	128	4	0	0	203	1	pinsrd xmm0, eax, 203
movement_3612	pinsrd.gpr	SSE	128	4	0	0	204	1	pinsrd xmm0, eax, 204
movement_3613	pinsrd.gpr	SSE	128	4	0	0	205	1	pinsrd xmm0, eax, 205
movement_3614	pinsrd.gpr	SSE	128	4	0	0	206	1	pinsrd xmm0, eax, 206
movement_3615	pinsrd.gpr	SSE	128	4	0	0	207	1	pinsrd xmm0, eax, 207
movement_3616	pinsrd.gpr	SSE	128	4	0	0	208	1	pinsrd xmm0, eax, 208
movement_3617	pinsrd.gpr	SSE	128	4	0	0	209	1	pinsrd xmm0, eax, 209
movement_3618	pinsrd.gpr	SSE	128	4	0	0	210	1	pinsrd xmm0, eax, 210
movement_3619	pinsrd.gpr	SSE	128	4	0	0	211	1	pinsrd xmm0, eax, 211
movement_3620	pinsrd.gpr	SSE	128	4	0	0	212	1	pinsrd xmm0, eax, 212
movement_3621	pinsrd.gpr	SSE	128	4	0	0	213	1	pinsrd xmm0, eax, 213
movement_3622	pinsrd.gpr	SSE	128	4	0	0	214	1	pinsrd xmm0, eax, 214
movement_3623	pinsrd.gpr	SSE	128	4	0	0	215	1	pinsrd xmm0, eax, 215
movement_3624	pinsrd.gpr	SSE	128	4	0	0	216	1	pinsrd xmm0, eax, 216
movement_3625	pinsrd.gpr	SSE	128	4	0	0	217	1	pinsrd xmm0, eax, 217
movement_3626	pinsrd.gpr	SSE	128	4	0	0	218	1	pinsrd xmm0, eax, 218
movement_3627	pinsrd.gpr	SSE	128	4	0	0	219	1	pinsrd xmm0, eax, 219
movement_3628	pinsrd.gpr	SSE	128	4	0	0	220	1	pinsrd xmm0, eax, 220
movement_3629	pinsrd.gpr	SSE	128	4	0	0	221	1	pinsrd xmm0, eax, 221
movement_3630	pinsrd.gpr	SSE	128	4	0	0	222	1	pinsrd xmm0, eax, 222
movement_3631	pinsrd.gpr	SSE	128	4	0	0	223	1	pinsrd xmm0, eax, 223
movement_3632	pinsrd.gpr	SSE	128	4	0	0	224	1	pinsrd xmm0, eax, 224
movement_3633	pinsrd.gpr	SSE	128	4	0	0	225	1	pinsrd xmm0, eax, 225
movement_3634	pinsrd.gpr	SSE	128	4	0	0	226	1	pinsrd xmm0, eax, 226
movement_3635	pinsrd.gpr	SSE	128	4	0	0	227	1	pinsrd xmm0, eax, 227
movement_3636	pinsrd.gpr	SSE	128	4	0	0	228	1	pinsrd xmm0, eax, 228
movement_3637	pinsrd.gpr	SSE	128	4	0	0	229	1	pinsrd xmm0, eax, 229
movement_3638	pinsrd.gpr	SSE	128	4	0	0	230	1	pinsrd xmm0, eax, 230
movement_3639	pinsrd.gpr	SSE	128	4	0	0	231	1	pinsrd xmm0, eax, 231
movement_3640	pinsrd.gpr	SSE	128	4	0	0	232	1	pinsrd xmm0, eax, 232
movement_3641	pinsrd.gpr	SSE	128	4	0	0	233	1	pinsrd xmm0, eax, 233
movement_3642	pinsrd.gpr	SSE	128	4	0	0	234	1	pinsrd xmm0, eax, 234
movement_3643	pinsrd.gpr	SSE	128	4	0	0	235	1	pinsrd xmm0, eax, 235
movement_3644	pinsrd.gpr	SSE	128	4	0	0	236	1	pinsrd xmm0, eax, 236
movement_3645	pinsrd.gpr	SSE	128	4	0	0	237	1	pinsrd xmm0, eax, 237
movement_3646	pinsrd.gpr	SSE	128	4	0	0	238	1	pinsrd xmm0, eax, 238
movement_3647	pinsrd.gpr	SSE	128	4	0	0	239	1	pinsrd xmm0, eax, 239
movement_3648	pinsrd.gpr	SSE	128	4	0	0	240	1	pinsrd xmm0, eax, 240
movement_3649	pinsrd.gpr	SSE	128	4	0	0	241	1	pinsrd xmm0, eax, 241
movement_3650	pinsrd.gpr	SSE	128	4	0	0	242	1	pinsrd xmm0, eax, 242
movement_3651	pinsrd.gpr	SSE	128	4	0	0	243	1	pinsrd xmm0, eax, 243
movement_3652	pinsrd.gpr	SSE	128	4	0	0	244	1	pinsrd xmm0, eax, 244
movement_3653	pinsrd.gpr	SSE	128	4	0	0	245	1	pinsrd xmm0, eax, 245
movement_3654	pinsrd.gpr	SSE	128	4	0	0	246	1	pinsrd xmm0, eax, 246
movement_3655	pinsrd.gpr	SSE	128	4	0	0	247	1	pinsrd xmm0, eax, 247
movement_3656	pinsrd.gpr	SSE	128	4	0	0	248	1	pinsrd xmm0, eax, 248
movement_3657	pinsrd.gpr	SSE	128	4	0	0	249	1	pinsrd xmm0, eax, 249
movement_3658	pinsrd.gpr	SSE	128	4	0	0	250	1	pinsrd xmm0, eax, 250
movement_3659	pinsrd.gpr	SSE	128	4	0	0	251	1	pinsrd xmm0, eax, 251
movement_3660	pinsrd.gpr	SSE	128	4	0	0	252	1	pinsrd xmm0, eax, 252
movement_3661	pinsrd.gpr	SSE	128	4	0	0	253	1	pinsrd xmm0, eax, 253
movement_3662	pinsrd.gpr	SSE	128	4	0	0	254	1	pinsrd xmm0, eax, 254
movement_3663	pinsrd.gpr	SSE	128	4	0	0	255	1	pinsrd xmm0, eax, 255
movement_3664	pinsrd.mem	SSE	128	4	0	1	0	1	pinsrd xmm0, [rsi], 0
movement_3665	pinsrd.mem	SSE	128	4	0	1	1	1	pinsrd xmm0, [rsi], 1
movement_3666	pinsrd.mem	SSE	128	4	0	1	2	1	pinsrd xmm0, [rsi], 2
movement_3667	pinsrd.mem	SSE	128	4	0	1	3	1	pinsrd xmm0, [rsi], 3
movement_3668	pinsrd.mem	SSE	128	4	0	1	4	1	pinsrd xmm0, [rsi], 4
movement_3669	pinsrd.mem	SSE	128	4	0	1	5	1	pinsrd xmm0, [rsi], 5
movement_3670	pinsrd.mem	SSE	128	4	0	1	6	1	pinsrd xmm0, [rsi], 6
movement_3671	pinsrd.mem	SSE	128	4	0	1	7	1	pinsrd xmm0, [rsi], 7
movement_3672	pinsrd.mem	SSE	128	4	0	1	8	1	pinsrd xmm0, [rsi], 8
movement_3673	pinsrd.mem	SSE	128	4	0	1	9	1	pinsrd xmm0, [rsi], 9
movement_3674	pinsrd.mem	SSE	128	4	0	1	10	1	pinsrd xmm0, [rsi], 10
movement_3675	pinsrd.mem	SSE	128	4	0	1	11	1	pinsrd xmm0, [rsi], 11
movement_3676	pinsrd.mem	SSE	128	4	0	1	12	1	pinsrd xmm0, [rsi], 12
movement_3677	pinsrd.mem	SSE	128	4	0	1	13	1	pinsrd xmm0, [rsi], 13
movement_3678	pinsrd.mem	SSE	128	4	0	1	14	1	pinsrd xmm0, [rsi], 14
movement_3679	pinsrd.mem	SSE	128	4	0	1	15	1	pinsrd xmm0, [rsi], 15
movement_3680	pinsrd.mem	SSE	128	4	0	1	16	1	pinsrd xmm0, [rsi], 16
movement_3681	pinsrd.mem	SSE	128	4	0	1	17	1	pinsrd xmm0, [rsi], 17
movement_3682	pinsrd.mem	SSE	128	4	0	1	18	1	pinsrd xmm0, [rsi], 18
movement_3683	pinsrd.mem	SSE	128	4	0	1	19	1	pinsrd xmm0, [rsi], 19
movement_3684	pinsrd.mem	SSE	128	4	0	1	20	1	pinsrd xmm0, [rsi], 20
movement_3685	pinsrd.mem	SSE	128	4	0	1	21	1	pinsrd xmm0, [rsi], 21
movement_3686	pinsrd.mem	SSE	128	4	0	1	22	1	pinsrd xmm0, [rsi], 22
movement_3687	pinsrd.mem	SSE	128	4	0	1	23	1	pinsrd xmm0, [rsi], 23
movement_3688	pinsrd.mem	SSE	128	4	0	1	24	1	pinsrd xmm0, [rsi], 24
movement_3689	pinsrd.mem	SSE	128	4	0	1	25	1	pinsrd xmm0, [rsi], 25
movement_3690	pinsrd.mem	SSE	128	4	0	1	26	1	pinsrd xmm0, [rsi], 26
movement_3691	pinsrd.mem	SSE	128	4	0	1	27	1	pinsrd xmm0, [rsi], 27
movement_3692	pinsrd.mem	SSE	128	4	0	1	28	1	pinsrd xmm0, [rsi], 28
movement_3693	pinsrd.mem	SSE	128	4	0	1	29	1	pinsrd xmm0, [rsi], 29
movement_3694	pinsrd.mem	SSE	128	4	0	1	30	1	pinsrd xmm0, [rsi], 30
movement_3695	pinsrd.mem	SSE	128	4	0	1	31	1	pinsrd xmm0, [rsi], 31
movement_3696	pinsrd.mem	SSE	128	4	0	1	32	1	pinsrd xmm0, [rsi], 32
movement_3697	pinsrd.mem	SSE	128	4	0	1	33	1	pinsrd xmm0, [rsi], 33
movement_3698	pinsrd.mem	SSE	128	4	0	1	34	1	pinsrd xmm0, [rsi], 34
movement_3699	pinsrd.mem	SSE	128	4	0	1	35	1	pinsrd xmm0, [rsi], 35
movement_3700	pinsrd.mem	SSE	128	4	0	1	36	1	pinsrd xmm0, [rsi], 36
movement_3701	pinsrd.mem	SSE	128	4	0	1	37	1	pinsrd xmm0, [rsi], 37
movement_3702	pinsrd.mem	SSE	128	4	0	1	38	1	pinsrd xmm0, [rsi], 38
movement_3703	pinsrd.mem	SSE	128	4	0	1	39	1	pinsrd xmm0, [rsi], 39
movement_3704	pinsrd.mem	SSE	128	4	0	1	40	1	pinsrd xmm0, [rsi], 40
movement_3705	pinsrd.mem	SSE	128	4	0	1	41	1	pinsrd xmm0, [rsi], 41
movement_3706	pinsrd.mem	SSE	128	4	0	1	42	1	pinsrd xmm0, [rsi], 42
movement_3707	pinsrd.mem	SSE	128	4	0	1	43	1	pinsrd xmm0, [rsi], 43
movement_3708	pinsrd.mem	SSE	128	4	0	1	44	1	pinsrd xmm0, [rsi], 44
movement_3709	pinsrd.mem	SSE	128	4	0	1	45	1	pinsrd xmm0, [rsi], 45
movement_3710	pinsrd.mem	SSE	128	4	0	1	46	1	pinsrd xmm0, [rsi], 46
movement_3711	pinsrd.mem	SSE	128	4	0	1	47	1	pinsrd xmm0, [rsi], 47
movement_3712	pinsrd.mem	SSE	128	4	0	1	48	1	pinsrd xmm0, [rsi], 48
movement_3713	pinsrd.mem	SSE	128	4	0	1	49	1	pinsrd xmm0, [rsi], 49
movement_3714	pinsrd.mem	SSE	128	4	0	1	50	1	pinsrd xmm0, [rsi], 50
movement_3715	pinsrd.mem	SSE	128	4	0	1	51	1	pinsrd xmm0, [rsi], 51
movement_3716	pinsrd.mem	SSE	128	4	0	1	52	1	pinsrd xmm0, [rsi], 52
movement_3717	pinsrd.mem	SSE	128	4	0	1	53	1	pinsrd xmm0, [rsi], 53
movement_3718	pinsrd.mem	SSE	128	4	0	1	54	1	pinsrd xmm0, [rsi], 54
movement_3719	pinsrd.mem	SSE	128	4	0	1	55	1	pinsrd xmm0, [rsi], 55
movement_3720	pinsrd.mem	SSE	128	4	0	1	56	1	pinsrd xmm0, [rsi], 56
movement_3721	pinsrd.mem	SSE	128	4	0	1	57	1	pinsrd xmm0, [rsi], 57
movement_3722	pinsrd.mem	SSE	128	4	0	1	58	1	pinsrd xmm0, [rsi], 58
movement_3723	pinsrd.mem	SSE	128	4	0	1	59	1	pinsrd xmm0, [rsi], 59
movement_3724	pinsrd.mem	SSE	128	4	0	1	60	1	pinsrd xmm0, [rsi], 60
movement_3725	pinsrd.mem	SSE	128	4	0	1	61	1	pinsrd xmm0, [rsi], 61
movement_3726	pinsrd.mem	SSE	128	4	0	1	62	1	pinsrd xmm0, [rsi], 62
movement_3727	pinsrd.mem	SSE	128	4	0	1	63	1	pinsrd xmm0, [rsi], 63
movement_3728	pinsrd.mem	SSE	128	4	0	1	64	1	pinsrd xmm0, [rsi], 64
movement_3729	pinsrd.mem	SSE	128	4	0	1	65	1	pinsrd xmm0, [rsi], 65
movement_3730	pinsrd.mem	SSE	128	4	0	1	66	1	pinsrd xmm0, [rsi], 66
movement_3731	pinsrd.mem	SSE	128	4	0	1	67	1	pinsrd xmm0, [rsi], 67
movement_3732	pinsrd.mem	SSE	128	4	0	1	68	1	pinsrd xmm0, [rsi], 68
movement_3733	pinsrd.mem	SSE	128	4	0	1	69	1	pinsrd xmm0, [rsi], 69
movement_3734	pinsrd.mem	SSE	128	4	0	1	70	1	pinsrd xmm0, [rsi], 70
movement_3735	pinsrd.mem	SSE	128	4	0	1	71	1	pinsrd xmm0, [rsi], 71
movement_3736	pinsrd.mem	SSE	128	4	0	1	72	1	pinsrd xmm0, [rsi], 72
movement_3737	pinsrd.mem	SSE	128	4	0	1	73	1	pinsrd xmm0, [rsi], 73
movement_3738	pinsrd.mem	SSE	128	4	0	1	74	1	pinsrd xmm0, [rsi], 74
movement_3739	pinsrd.mem	SSE	128	4	0	1	75	1	pinsrd xmm0, [rsi], 75
movement_3740	pinsrd.mem	SSE	128	4	0	1	76	1	pinsrd xmm0, [rsi], 76
movement_3741	pinsrd.mem	SSE	128	4	0	1	77	1	pinsrd xmm0, [rsi], 77
movement_3742	pinsrd.mem	SSE	128	4	0	1	78	1	pinsrd xmm0, [rsi], 78
movement_3743	pinsrd.mem	SSE	128	4	0	1	79	1	pinsrd xmm0, [rsi], 79
movement_3744	pinsrd.mem	SSE	128	4	0	1	80	1	pinsrd xmm0, [rsi], 80
movement_3745	pinsrd.mem	SSE	128	4	0	1	81	1	pinsrd xmm0, [rsi], 81
movement_3746	pinsrd.mem	SSE	128	4	0	1	82	1	pinsrd xmm0, [rsi], 82
movement_3747	pinsrd.mem	SSE	128	4	0	1	83	1	pinsrd xmm0, [rsi], 83
movement_3748	pinsrd.mem	SSE	128	4	0	1	84	1	pinsrd xmm0, [rsi], 84
movement_3749	pinsrd.mem	SSE	128	4	0	1	85	1	pinsrd xmm0, [rsi], 85
movement_3750	pinsrd.mem	SSE	128	4	0	1	86	1	pinsrd xmm0, [rsi], 86
movement_3751	pinsrd.mem	SSE	128	4	0	1	87	1	pinsrd xmm0, [rsi], 87
movement_3752	pinsrd.mem	SSE	128	4	0	1	88	1	pinsrd xmm0, [rsi], 88
movement_3753	pinsrd.mem	SSE	128	4	0	1	89	1	pinsrd xmm0, [rsi], 89
movement_3754	pinsrd.mem	SSE	128	4	0	1	90	1	pinsrd xmm0, [rsi], 90
movement_3755	pinsrd.mem	SSE	128	4	0	1	91	1	pinsrd xmm0, [rsi], 91
movement_3756	pinsrd.mem	SSE	128	4	0	1	92	1	pinsrd xmm0, [rsi], 92
movement_3757	pinsrd.mem	SSE	128	4	0	1	93	1	pinsrd xmm0, [rsi], 93
movement_3758	pinsrd.mem	SSE	128	4	0	1	94	1	pinsrd xmm0, [rsi], 94
movement_3759	pinsrd.mem	SSE	128	4	0	1	95	1	pinsrd xmm0, [rsi], 95
movement_3760	pinsrd.mem	SSE	128	4	0	1	96	1	pinsrd xmm0, [rsi], 96
movement_3761	pinsrd.mem	SSE	128	4	0	1	97	1	pinsrd xmm0, [rsi], 97
movement_3762	pinsrd.mem	SSE	128	4	0	1	98	1	pinsrd xmm0, [rsi], 98
movement_3763	pinsrd.mem	SSE	128	4	0	1	99	1	pinsrd xmm0, [rsi], 99
movement_3764	pinsrd.mem	SSE	128	4	0	1	100	1	pinsrd xmm0, [rsi], 100
movement_3765	pinsrd.mem	SSE	128	4	0	1	101	1	pinsrd xmm0, [rsi], 101
movement_3766	pinsrd.mem	SSE	128	4	0	1	102	1	pinsrd xmm0, [rsi], 102
movement_3767	pinsrd.mem	SSE	128	4	0	1	103	1	pinsrd xmm0, [rsi], 103
movement_3768	pinsrd.mem	SSE	128	4	0	1	104	1	pinsrd xmm0, [rsi], 104
movement_3769	pinsrd.mem	SSE	128	4	0	1	105	1	pinsrd xmm0, [rsi], 105
movement_3770	pinsrd.mem	SSE	128	4	0	1	106	1	pinsrd xmm0, [rsi], 106
movement_3771	pinsrd.mem	SSE	128	4	0	1	107	1	pinsrd xmm0, [rsi], 107
movement_3772	pinsrd.mem	SSE	128	4	0	1	108	1	pinsrd xmm0, [rsi], 108
movement_3773	pinsrd.mem	SSE	128	4	0	1	109	1	pinsrd xmm0, [rsi], 109
movement_3774	pinsrd.mem	SSE	128	4	0	1	110	1	pinsrd xmm0, [rsi], 110
movement_3775	pinsrd.mem	SSE	128	4	0	1	111	1	pinsrd xmm0, [rsi], 111
movement_3776	pinsrd.mem	SSE	128	4	0	1	112	1	pinsrd xmm0, [rsi], 112
movement_3777	pinsrd.mem	SSE	128	4	0	1	113	1	pinsrd xmm0, [rsi], 113
movement_3778	pinsrd.mem	SSE	128	4	0	1	114	1	pinsrd xmm0, [rsi], 114
movement_3779	pinsrd.mem	SSE	128	4	0	1	115	1	pinsrd xmm0, [rsi], 115
movement_3780	pinsrd.mem	SSE	128	4	0	1	116	1	pinsrd xmm0, [rsi], 116
movement_3781	pinsrd.mem	SSE	128	4	0	1	117	1	pinsrd xmm0, [rsi], 117
movement_3782	pinsrd.mem	SSE	128	4	0	1	118	1	pinsrd xmm0, [rsi], 118
movement_3783	pinsrd.mem	SSE	128	4	0	1	119	1	pinsrd xmm0, [rsi], 119
movement_3784	pinsrd.mem	SSE	128	4	0	1	120	1	pinsrd xmm0, [rsi], 120
movement_3785	pinsrd.mem	SSE	128	4	0	1	121	1	pinsrd xmm0, [rsi], 121
movement_3786	pinsrd.mem	SSE	128	4	0	1	122	1	pinsrd xmm0, [rsi], 122
movement_3787	pinsrd.mem	SSE	128	4	0	1	123	1	pinsrd xmm0, [rsi], 123
movement_3788	pinsrd.mem	SSE	128	4	0	1	124	1	pinsrd xmm0, [rsi], 124
movement_3789	pinsrd.mem	SSE	128	4	0	1	125	1	pinsrd xmm0, [rsi], 125
movement_3790	pinsrd.mem	SSE	128	4	0	1	126	1	pinsrd xmm0, [rsi], 126
movement_3791	pinsrd.mem	SSE	128	4	0	1	127	1	pinsrd xmm0, [rsi], 127
movement_3792	pinsrd.mem	SSE	128	4	0	1	128	1	pinsrd xmm0, [rsi], 128
movement_3793	pinsrd.mem	SSE	128	4	0	1	129	1	pinsrd xmm0, [rsi], 129
movement_3794	pinsrd.mem	SSE	128	4	0	1	130	1	pinsrd xmm0, [rsi], 130
movement_3795	pinsrd.mem	SSE	128	4	0	1	131	1	pinsrd xmm0, [rsi], 131
movement_3796	pinsrd.mem	SSE	128	4	0	1	132	1	pinsrd xmm0, [rsi], 132
movement_3797	pinsrd.mem	SSE	128	4	0	1	133	1	pinsrd xmm0, [rsi], 133
movement_3798	pinsrd.mem	SSE	128	4	0	1	134	1	pinsrd xmm0, [rsi], 134
movement_3799	pinsrd.mem	SSE	128	4	0	1	135	1	pinsrd xmm0, [rsi], 135
movement_3800	pinsrd.mem	SSE	128	4	0	1	136	1	pinsrd xmm0, [rsi], 136
movement_3801	pinsrd.mem	SSE	128	4	0	1	137	1	pinsrd xmm0, [rsi], 137
movement_3802	pinsrd.mem	SSE	128	4	0	1	138	1	pinsrd xmm0, [rsi], 138
movement_3803	pinsrd.mem	SSE	128	4	0	1	139	1	pinsrd xmm0, [rsi], 139
movement_3804	pinsrd.mem	SSE	128	4	0	1	140	1	pinsrd xmm0, [rsi], 140
movement_3805	pinsrd.mem	SSE	128	4	0	1	141	1	pinsrd xmm0, [rsi], 141
movement_3806	pinsrd.mem	SSE	128	4	0	1	142	1	pinsrd xmm0, [rsi], 142
movement_3807	pinsrd.mem	SSE	128	4	0	1	143	1	pinsrd xmm0, [rsi], 143
movement_3808	pinsrd.mem	SSE	128	4	0	1	144	1	pinsrd xmm0, [rsi], 144
movement_3809	pinsrd.mem	SSE	128	4	0	1	145	1	pinsrd xmm0, [rsi], 145
movement_3810	pinsrd.mem	SSE	128	4	0	1	146	1	pinsrd xmm0, [rsi], 146
movement_3811	pinsrd.mem	SSE	128	4	0	1	147	1	pinsrd xmm0, [rsi], 147
movement_3812	pinsrd.mem	SSE	128	4	0	1	148	1	pinsrd xmm0, [rsi], 148
movement_3813	pinsrd.mem	SSE	128	4	0	1	149	1	pinsrd xmm0, [rsi], 149
movement_3814	pinsrd.mem	SSE	128	4	0	1	150	1	pinsrd xmm0, [rsi], 150
movement_3815	pinsrd.mem	SSE	128	4	0	1	151	1	pinsrd xmm0, [rsi], 151
movement_3816	pinsrd.mem	SSE	128	4	0	1	152	1	pinsrd xmm0, [rsi], 152
movement_3817	pinsrd.mem	SSE	128	4	0	1	153	1	pinsrd xmm0, [rsi], 153
movement_3818	pinsrd.mem	SSE	128	4	0	1	154	1	pinsrd xmm0, [rsi], 154
movement_3819	pinsrd.mem	SSE	128	4	0	1	155	1	pinsrd xmm0, [rsi], 155
movement_3820	pinsrd.mem	SSE	128	4	0	1	156	1	pinsrd xmm0, [rsi], 156
movement_3821	pinsrd.mem	SSE	128	4	0	1	157	1	pinsrd xmm0, [rsi], 157
movement_3822	pinsrd.mem	SSE	128	4	0	1	158	1	pinsrd xmm0, [rsi], 158
movement_3823	pinsrd.mem	SSE	128	4	0	1	159	1	pinsrd xmm0, [rsi], 159
movement_3824	pinsrd.mem	SSE	128	4	0	1	160	1	pinsrd xmm0, [rsi], 160
movement_3825	pinsrd.mem	SSE	128	4	0	1	161	1	pinsrd xmm0, [rsi], 161
movement_3826	pinsrd.mem	SSE	128	4	0	1	162	1	pinsrd xmm0, [rsi], 162
movement_3827	pinsrd.mem	SSE	128	4	0	1	163	1	pinsrd xmm0, [rsi], 163
movement_3828	pinsrd.mem	SSE	128	4	0	1	164	1	pinsrd xmm0, [rsi], 164
movement_3829	pinsrd.mem	SSE	128	4	0	1	165	1	pinsrd xmm0, [rsi], 165
movement_3830	pinsrd.mem	SSE	128	4	0	1	166	1	pinsrd xmm0, [rsi], 166
movement_3831	pinsrd.mem	SSE	128	4	0	1	167	1	pinsrd xmm0, [rsi], 167
movement_3832	pinsrd.mem	SSE	128	4	0	1	168	1	pinsrd xmm0, [rsi], 168
movement_3833	pinsrd.mem	SSE	128	4	0	1	169	1	pinsrd xmm0, [rsi], 169
movement_3834	pinsrd.mem	SSE	128	4	0	1	170	1	pinsrd xmm0, [rsi], 170
movement_3835	pinsrd.mem	SSE	128	4	0	1	171	1	pinsrd xmm0, [rsi], 171
movement_3836	pinsrd.mem	SSE	128	4	0	1	172	1	pinsrd xmm0, [rsi], 172
movement_3837	pinsrd.mem	SSE	128	4	0	1	173	1	pinsrd xmm0, [rsi], 173
movement_3838	pinsrd.mem	SSE	128	4	0	1	174	1	pinsrd xmm0, [rsi], 174
movement_3839	pinsrd.mem	SSE	128	4	0	1	175	1	pinsrd xmm0, [rsi], 175
movement_3840	pinsrd.mem	SSE	128	4	0	1	176	1	pinsrd xmm0, [rsi], 176
movement_3841	pinsrd.mem	SSE	128	4	0	1	177	1	pinsrd xmm0, [rsi], 177
movement_3842	pinsrd.mem	SSE	128	4	0	1	178	1	pinsrd xmm0, [rsi], 178
movement_3843	pinsrd.mem	SSE	128	4	0	1	179	1	pinsrd xmm0, [rsi], 179
movement_3844	pinsrd.mem	SSE	128	4	0	1	180	1	pinsrd xmm0, [rsi], 180
movement_3845	pinsrd.mem	SSE	128	4	0	1	181	1	pinsrd xmm0, [rsi], 181
movement_3846	pinsrd.mem	SSE	128	4	0	1	182	1	pinsrd xmm0, [rsi], 182
movement_3847	pinsrd.mem	SSE	128	4	0	1	183	1	pinsrd xmm0, [rsi], 183
movement_3848	pinsrd.mem	SSE	128	4	0	1	184	1	pinsrd xmm0, [rsi], 184
movement_3849	pinsrd.mem	SSE	128	4	0	1	185	1	pinsrd xmm0, [rsi], 185
movement_3850	pinsrd.mem	SSE	128	4	0	1	186	1	pinsrd xmm0, [rsi], 186
movement_3851	pinsrd.mem	SSE	128	4	0	1	187	1	pinsrd xmm0, [rsi], 187
movement_3852	pinsrd.mem	SSE	128	4	0	1	188	1	pinsrd xmm0, [rsi], 188
movement_3853	pinsrd.mem	SSE	128	4	0	1	189	1	pinsrd xmm0, [rsi], 189
movement_3854	pinsrd.mem	SSE	128	4	0	1	190	1	pinsrd xmm0, [rsi], 190
movement_3855	pinsrd.mem	SSE	128	4	0	1	191	1	pinsrd xmm0, [rsi], 191
movement_3856	pinsrd.mem	SSE	128	4	0	1	192	1	pinsrd xmm0, [rsi], 192
movement_3857	pinsrd.mem	SSE	128	4	0	1	193	1	pinsrd xmm0, [rsi], 193
movement_3858	pinsrd.mem	SSE	128	4	0	1	194	1	pinsrd xmm0, [rsi], 194
movement_3859	pinsrd.mem	SSE	128	4	0	1	195	1	pinsrd xmm0, [rsi], 195
movement_3860	pinsrd.mem	SSE	128	4	0	1	196	1	pinsrd xmm0, [rsi], 196
movement_3861	pinsrd.mem	SSE	128	4	0	1	197	1	pinsrd xmm0, [rsi], 197
movement_3862	pinsrd.mem	SSE	128	4	0	1	198	1	pinsrd xmm0, [rsi], 198
movement_3863	pinsrd.mem	SSE	128	4	0	1	199	1	pinsrd xmm0, [rsi], 199
movement_3864	pinsrd.mem	SSE	128	4	0	1	200	1	pinsrd xmm0, [rsi], 200
movement_3865	pinsrd.mem	SSE	128	4	0	1	201	1	pinsrd xmm0, [rsi], 201
movement_3866	pinsrd.mem	SSE	128	4	0	1	202	1	pinsrd xmm0, [rsi], 202
movement_3867	pinsrd.mem	SSE	128	4	0	1	203	1	pinsrd xmm0, [rsi], 203
movement_3868	pinsrd.mem	SSE	128	4	0	1	204	1	pinsrd xmm0, [rsi], 204
movement_3869	pinsrd.mem	SSE	128	4	0	1	205	1	pinsrd xmm0, [rsi], 205
movement_3870	pinsrd.mem	SSE	128	4	0	1	206	1	pinsrd xmm0, [rsi], 206
movement_3871	pinsrd.mem	SSE	128	4	0	1	207	1	pinsrd xmm0, [rsi], 207
movement_3872	pinsrd.mem	SSE	128	4	0	1	208	1	pinsrd xmm0, [rsi], 208
movement_3873	pinsrd.mem	SSE	128	4	0	1	209	1	pinsrd xmm0, [rsi], 209
movement_3874	pinsrd.mem	SSE	128	4	0	1	210	1	pinsrd xmm0, [rsi], 210
movement_3875	pinsrd.mem	SSE	128	4	0	1	211	1	pinsrd xmm0, [rsi], 211
movement_3876	pinsrd.mem	SSE	128	4	0	1	212	1	pinsrd xmm0, [rsi], 212
movement_3877	pinsrd.mem	SSE	128	4	0	1	213	1	pinsrd xmm0, [rsi], 213
movement_3878	pinsrd.mem	SSE	128	4	0	1	214	1	pinsrd xmm0, [rsi], 214
movement_3879	pinsrd.mem	SSE	128	4	0	1	215	1	pinsrd xmm0, [rsi], 215
movement_3880	pinsrd.mem	SSE	128	4	0	1	216	1	pinsrd xmm0, [rsi], 216
movement_3881	pinsrd.mem	SSE	128	4	0	1	217	1	pinsrd xmm0, [rsi], 217
movement_3882	pinsrd.mem	SSE	128	4	0	1	218	1	pinsrd xmm0, [rsi], 218
movement_3883	pinsrd.mem	SSE	128	4	0	1	219	1	pinsrd xmm0, [rsi], 219
movement_3884	pinsrd.mem	SSE	128	4	0	1	220	1	pinsrd xmm0, [rsi], 220
movement_3885	pinsrd.mem	SSE	128	4	0	1	221	1	pinsrd xmm0, [rsi], 221
movement_3886	pinsrd.mem	SSE	128	4	0	1	222	1	pinsrd xmm0, [rsi], 222
movement_3887	pinsrd.mem	SSE	128	4	0	1	223	1	pinsrd xmm0, [rsi], 223
movement_3888	pinsrd.mem	SSE	128	4	0	1	224	1	pinsrd xmm0, [rsi], 224
movement_3889	pinsrd.mem	SSE	128	4	0	1	225	1	pinsrd xmm0, [rsi], 225
movement_3890	pinsrd.mem	SSE	128	4	0	1	226	1	pinsrd xmm0, [rsi], 226
movement_3891	pinsrd.mem	SSE	128	4	0	1	227	1	pinsrd xmm0, [rsi], 227
movement_3892	pinsrd.mem	SSE	128	4	0	1	228	1	pinsrd xmm0, [rsi], 228
movement_3893	pinsrd.mem	SSE	128	4	0	1	229	1	pinsrd xmm0, [rsi], 229
movement_3894	pinsrd.mem	SSE	128	4	0	1	230	1	pinsrd xmm0, [rsi], 230
movement_3895	pinsrd.mem	SSE	128	4	0	1	231	1	pinsrd xmm0, [rsi], 231
movement_3896	pinsrd.mem	SSE	128	4	0	1	232	1	pinsrd xmm0, [rsi], 232
movement_3897	pinsrd.mem	SSE	128	4	0	1	233	1	pinsrd xmm0, [rsi], 233
movement_3898	pinsrd.mem	SSE	128	4	0	1	234	1	pinsrd xmm0, [rsi], 234
movement_3899	pinsrd.mem	SSE	128	4	0	1	235	1	pinsrd xmm0, [rsi], 235
movement_3900	pinsrd.mem	SSE	128	4	0	1	236	1	pinsrd xmm0, [rsi], 236
movement_3901	pinsrd.mem	SSE	128	4	0	1	237	1	pinsrd xmm0, [rsi], 237
movement_3902	pinsrd.mem	SSE	128	4	0	1	238	1	pinsrd xmm0, [rsi], 238
movement_3903	pinsrd.mem	SSE	128	4	0	1	239	1	pinsrd xmm0, [rsi], 239
movement_3904	pinsrd.mem	SSE	128	4	0	1	240	1	pinsrd xmm0, [rsi], 240
movement_3905	pinsrd.mem	SSE	128	4	0	1	241	1	pinsrd xmm0, [rsi], 241
movement_3906	pinsrd.mem	SSE	128	4	0	1	242	1	pinsrd xmm0, [rsi], 242
movement_3907	pinsrd.mem	SSE	128	4	0	1	243	1	pinsrd xmm0, [rsi], 243
movement_3908	pinsrd.mem	SSE	128	4	0	1	244	1	pinsrd xmm0, [rsi], 244
movement_3909	pinsrd.mem	SSE	128	4	0	1	245	1	pinsrd xmm0, [rsi], 245
movement_3910	pinsrd.mem	SSE	128	4	0	1	246	1	pinsrd xmm0, [rsi], 246
movement_3911	pinsrd.mem	SSE	128	4	0	1	247	1	pinsrd xmm0, [rsi], 247
movement_3912	pinsrd.mem	SSE	128	4	0	1	248	1	pinsrd xmm0, [rsi], 248
movement_3913	pinsrd.mem	SSE	128	4	0	1	249	1	pinsrd xmm0, [rsi], 249
movement_3914	pinsrd.mem	SSE	128	4	0	1	250	1	pinsrd xmm0, [rsi], 250
movement_3915	pinsrd.mem	SSE	128	4	0	1	251	1	pinsrd xmm0, [rsi], 251
movement_3916	pinsrd.mem	SSE	128	4	0	1	252	1	pinsrd xmm0, [rsi], 252
movement_3917	pinsrd.mem	SSE	128	4	0	1	253	1	pinsrd xmm0, [rsi], 253
movement_3918	pinsrd.mem	SSE	128	4	0	1	254	1	pinsrd xmm0, [rsi], 254
movement_3919	pinsrd.mem	SSE	128	4	0	1	255	1	pinsrd xmm0, [rsi], 255
movement_3920	pinsrq.gpr	SSE	128	8	0	0	0	1	pinsrq xmm0, rax, 0
movement_3921	pinsrq.gpr	SSE	128	8	0	0	1	1	pinsrq xmm0, rax, 1
movement_3922	pinsrq.gpr	SSE	128	8	0	0	2	1	pinsrq xmm0, rax, 2
movement_3923	pinsrq.gpr	SSE	128	8	0	0	3	1	pinsrq xmm0, rax, 3
movement_3924	pinsrq.gpr	SSE	128	8	0	0	4	1	pinsrq xmm0, rax, 4
movement_3925	pinsrq.gpr	SSE	128	8	0	0	5	1	pinsrq xmm0, rax, 5
movement_3926	pinsrq.gpr	SSE	128	8	0	0	6	1	pinsrq xmm0, rax, 6
movement_3927	pinsrq.gpr	SSE	128	8	0	0	7	1	pinsrq xmm0, rax, 7
movement_3928	pinsrq.gpr	SSE	128	8	0	0	8	1	pinsrq xmm0, rax, 8
movement_3929	pinsrq.gpr	SSE	128	8	0	0	9	1	pinsrq xmm0, rax, 9
movement_3930	pinsrq.gpr	SSE	128	8	0	0	10	1	pinsrq xmm0, rax, 10
movement_3931	pinsrq.gpr	SSE	128	8	0	0	11	1	pinsrq xmm0, rax, 11
movement_3932	pinsrq.gpr	SSE	128	8	0	0	12	1	pinsrq xmm0, rax, 12
movement_3933	pinsrq.gpr	SSE	128	8	0	0	13	1	pinsrq xmm0, rax, 13
movement_3934	pinsrq.gpr	SSE	128	8	0	0	14	1	pinsrq xmm0, rax, 14
movement_3935	pinsrq.gpr	SSE	128	8	0	0	15	1	pinsrq xmm0, rax, 15
movement_3936	pinsrq.gpr	SSE	128	8	0	0	16	1	pinsrq xmm0, rax, 16
movement_3937	pinsrq.gpr	SSE	128	8	0	0	17	1	pinsrq xmm0, rax, 17
movement_3938	pinsrq.gpr	SSE	128	8	0	0	18	1	pinsrq xmm0, rax, 18
movement_3939	pinsrq.gpr	SSE	128	8	0	0	19	1	pinsrq xmm0, rax, 19
movement_3940	pinsrq.gpr	SSE	128	8	0	0	20	1	pinsrq xmm0, rax, 20
movement_3941	pinsrq.gpr	SSE	128	8	0	0	21	1	pinsrq xmm0, rax, 21
movement_3942	pinsrq.gpr	SSE	128	8	0	0	22	1	pinsrq xmm0, rax, 22
movement_3943	pinsrq.gpr	SSE	128	8	0	0	23	1	pinsrq xmm0, rax, 23
movement_3944	pinsrq.gpr	SSE	128	8	0	0	24	1	pinsrq xmm0, rax, 24
movement_3945	pinsrq.gpr	SSE	128	8	0	0	25	1	pinsrq xmm0, rax, 25
movement_3946	pinsrq.gpr	SSE	128	8	0	0	26	1	pinsrq xmm0, rax, 26
movement_3947	pinsrq.gpr	SSE	128	8	0	0	27	1	pinsrq xmm0, rax, 27
movement_3948	pinsrq.gpr	SSE	128	8	0	0	28	1	pinsrq xmm0, rax, 28
movement_3949	pinsrq.gpr	SSE	128	8	0	0	29	1	pinsrq xmm0, rax, 29
movement_3950	pinsrq.gpr	SSE	128	8	0	0	30	1	pinsrq xmm0, rax, 30
movement_3951	pinsrq.gpr	SSE	128	8	0	0	31	1	pinsrq xmm0, rax, 31
movement_3952	pinsrq.gpr	SSE	128	8	0	0	32	1	pinsrq xmm0, rax, 32
movement_3953	pinsrq.gpr	SSE	128	8	0	0	33	1	pinsrq xmm0, rax, 33
movement_3954	pinsrq.gpr	SSE	128	8	0	0	34	1	pinsrq xmm0, rax, 34
movement_3955	pinsrq.gpr	SSE	128	8	0	0	35	1	pinsrq xmm0, rax, 35
movement_3956	pinsrq.gpr	SSE	128	8	0	0	36	1	pinsrq xmm0, rax, 36
movement_3957	pinsrq.gpr	SSE	128	8	0	0	37	1	pinsrq xmm0, rax, 37
movement_3958	pinsrq.gpr	SSE	128	8	0	0	38	1	pinsrq xmm0, rax, 38
movement_3959	pinsrq.gpr	SSE	128	8	0	0	39	1	pinsrq xmm0, rax, 39
movement_3960	pinsrq.gpr	SSE	128	8	0	0	40	1	pinsrq xmm0, rax, 40
movement_3961	pinsrq.gpr	SSE	128	8	0	0	41	1	pinsrq xmm0, rax, 41
movement_3962	pinsrq.gpr	SSE	128	8	0	0	42	1	pinsrq xmm0, rax, 42
movement_3963	pinsrq.gpr	SSE	128	8	0	0	43	1	pinsrq xmm0, rax, 43
movement_3964	pinsrq.gpr	SSE	128	8	0	0	44	1	pinsrq xmm0, rax, 44
movement_3965	pinsrq.gpr	SSE	128	8	0	0	45	1	pinsrq xmm0, rax, 45
movement_3966	pinsrq.gpr	SSE	128	8	0	0	46	1	pinsrq xmm0, rax, 46
movement_3967	pinsrq.gpr	SSE	128	8	0	0	47	1	pinsrq xmm0, rax, 47
movement_3968	pinsrq.gpr	SSE	128	8	0	0	48	1	pinsrq xmm0, rax, 48
movement_3969	pinsrq.gpr	SSE	128	8	0	0	49	1	pinsrq xmm0, rax, 49
movement_3970	pinsrq.gpr	SSE	128	8	0	0	50	1	pinsrq xmm0, rax, 50
movement_3971	pinsrq.gpr	SSE	128	8	0	0	51	1	pinsrq xmm0, rax, 51
movement_3972	pinsrq.gpr	SSE	128	8	0	0	52	1	pinsrq xmm0, rax, 52
movement_3973	pinsrq.gpr	SSE	128	8	0	0	53	1	pinsrq xmm0, rax, 53
movement_3974	pinsrq.gpr	SSE	128	8	0	0	54	1	pinsrq xmm0, rax, 54
movement_3975	pinsrq.gpr	SSE	128	8	0	0	55	1	pinsrq xmm0, rax, 55
movement_3976	pinsrq.gpr	SSE	128	8	0	0	56	1	pinsrq xmm0, rax, 56
movement_3977	pinsrq.gpr	SSE	128	8	0	0	57	1	pinsrq xmm0, rax, 57
movement_3978	pinsrq.gpr	SSE	128	8	0	0	58	1	pinsrq xmm0, rax, 58
movement_3979	pinsrq.gpr	SSE	128	8	0	0	59	1	pinsrq xmm0, rax, 59
movement_3980	pinsrq.gpr	SSE	128	8	0	0	60	1	pinsrq xmm0, rax, 60
movement_3981	pinsrq.gpr	SSE	128	8	0	0	61	1	pinsrq xmm0, rax, 61
movement_3982	pinsrq.gpr	SSE	128	8	0	0	62	1	pinsrq xmm0, rax, 62
movement_3983	pinsrq.gpr	SSE	128	8	0	0	63	1	pinsrq xmm0, rax, 63
movement_3984	pinsrq.gpr	SSE	128	8	0	0	64	1	pinsrq xmm0, rax, 64
movement_3985	pinsrq.gpr	SSE	128	8	0	0	65	1	pinsrq xmm0, rax, 65
movement_3986	pinsrq.gpr	SSE	128	8	0	0	66	1	pinsrq xmm0, rax, 66
movement_3987	pinsrq.gpr	SSE	128	8	0	0	67	1	pinsrq xmm0, rax, 67
movement_3988	pinsrq.gpr	SSE	128	8	0	0	68	1	pinsrq xmm0, rax, 68
movement_3989	pinsrq.gpr	SSE	128	8	0	0	69	1	pinsrq xmm0, rax, 69
movement_3990	pinsrq.gpr	SSE	128	8	0	0	70	1	pinsrq xmm0, rax, 70
movement_3991	pinsrq.gpr	SSE	128	8	0	0	71	1	pinsrq xmm0, rax, 71
movement_3992	pinsrq.gpr	SSE	128	8	0	0	72	1	pinsrq xmm0, rax, 72
movement_3993	pinsrq.gpr	SSE	128	8	0	0	73	1	pinsrq xmm0, rax, 73
movement_3994	pinsrq.gpr	SSE	128	8	0	0	74	1	pinsrq xmm0, rax, 74
movement_3995	pinsrq.gpr	SSE	128	8	0	0	75	1	pinsrq xmm0, rax, 75
movement_3996	pinsrq.gpr	SSE	128	8	0	0	76	1	pinsrq xmm0, rax, 76
movement_3997	pinsrq.gpr	SSE	128	8	0	0	77	1	pinsrq xmm0, rax, 77
movement_3998	pinsrq.gpr	SSE	128	8	0	0	78	1	pinsrq xmm0, rax, 78
movement_3999	pinsrq.gpr	SSE	128	8	0	0	79	1	pinsrq xmm0, rax, 79
movement_4000	pinsrq.gpr	SSE	128	8	0	0	80	1	pinsrq xmm0, rax, 80
movement_4001	pinsrq.gpr	SSE	128	8	0	0	81	1	pinsrq xmm0, rax, 81
movement_4002	pinsrq.gpr	SSE	128	8	0	0	82	1	pinsrq xmm0, rax, 82
movement_4003	pinsrq.gpr	SSE	128	8	0	0	83	1	pinsrq xmm0, rax, 83
movement_4004	pinsrq.gpr	SSE	128	8	0	0	84	1	pinsrq xmm0, rax, 84
movement_4005	pinsrq.gpr	SSE	128	8	0	0	85	1	pinsrq xmm0, rax, 85
movement_4006	pinsrq.gpr	SSE	128	8	0	0	86	1	pinsrq xmm0, rax, 86
movement_4007	pinsrq.gpr	SSE	128	8	0	0	87	1	pinsrq xmm0, rax, 87
movement_4008	pinsrq.gpr	SSE	128	8	0	0	88	1	pinsrq xmm0, rax, 88
movement_4009	pinsrq.gpr	SSE	128	8	0	0	89	1	pinsrq xmm0, rax, 89
movement_4010	pinsrq.gpr	SSE	128	8	0	0	90	1	pinsrq xmm0, rax, 90
movement_4011	pinsrq.gpr	SSE	128	8	0	0	91	1	pinsrq xmm0, rax, 91
movement_4012	pinsrq.gpr	SSE	128	8	0	0	92	1	pinsrq xmm0, rax, 92
movement_4013	pinsrq.gpr	SSE	128	8	0	0	93	1	pinsrq xmm0, rax, 93
movement_4014	pinsrq.gpr	SSE	128	8	0	0	94	1	pinsrq xmm0, rax, 94
movement_4015	pinsrq.gpr	SSE	128	8	0	0	95	1	pinsrq xmm0, rax, 95
movement_4016	pinsrq.gpr	SSE	128	8	0	0	96	1	pinsrq xmm0, rax, 96
movement_4017	pinsrq.gpr	SSE	128	8	0	0	97	1	pinsrq xmm0, rax, 97
movement_4018	pinsrq.gpr	SSE	128	8	0	0	98	1	pinsrq xmm0, rax, 98
movement_4019	pinsrq.gpr	SSE	128	8	0	0	99	1	pinsrq xmm0, rax, 99
movement_4020	pinsrq.gpr	SSE	128	8	0	0	100	1	pinsrq xmm0, rax, 100
movement_4021	pinsrq.gpr	SSE	128	8	0	0	101	1	pinsrq xmm0, rax, 101
movement_4022	pinsrq.gpr	SSE	128	8	0	0	102	1	pinsrq xmm0, rax, 102
movement_4023	pinsrq.gpr	SSE	128	8	0	0	103	1	pinsrq xmm0, rax, 103
movement_4024	pinsrq.gpr	SSE	128	8	0	0	104	1	pinsrq xmm0, rax, 104
movement_4025	pinsrq.gpr	SSE	128	8	0	0	105	1	pinsrq xmm0, rax, 105
movement_4026	pinsrq.gpr	SSE	128	8	0	0	106	1	pinsrq xmm0, rax, 106
movement_4027	pinsrq.gpr	SSE	128	8	0	0	107	1	pinsrq xmm0, rax, 107
movement_4028	pinsrq.gpr	SSE	128	8	0	0	108	1	pinsrq xmm0, rax, 108
movement_4029	pinsrq.gpr	SSE	128	8	0	0	109	1	pinsrq xmm0, rax, 109
movement_4030	pinsrq.gpr	SSE	128	8	0	0	110	1	pinsrq xmm0, rax, 110
movement_4031	pinsrq.gpr	SSE	128	8	0	0	111	1	pinsrq xmm0, rax, 111
movement_4032	pinsrq.gpr	SSE	128	8	0	0	112	1	pinsrq xmm0, rax, 112
movement_4033	pinsrq.gpr	SSE	128	8	0	0	113	1	pinsrq xmm0, rax, 113
movement_4034	pinsrq.gpr	SSE	128	8	0	0	114	1	pinsrq xmm0, rax, 114
movement_4035	pinsrq.gpr	SSE	128	8	0	0	115	1	pinsrq xmm0, rax, 115
movement_4036	pinsrq.gpr	SSE	128	8	0	0	116	1	pinsrq xmm0, rax, 116
movement_4037	pinsrq.gpr	SSE	128	8	0	0	117	1	pinsrq xmm0, rax, 117
movement_4038	pinsrq.gpr	SSE	128	8	0	0	118	1	pinsrq xmm0, rax, 118
movement_4039	pinsrq.gpr	SSE	128	8	0	0	119	1	pinsrq xmm0, rax, 119
movement_4040	pinsrq.gpr	SSE	128	8	0	0	120	1	pinsrq xmm0, rax, 120
movement_4041	pinsrq.gpr	SSE	128	8	0	0	121	1	pinsrq xmm0, rax, 121
movement_4042	pinsrq.gpr	SSE	128	8	0	0	122	1	pinsrq xmm0, rax, 122
movement_4043	pinsrq.gpr	SSE	128	8	0	0	123	1	pinsrq xmm0, rax, 123
movement_4044	pinsrq.gpr	SSE	128	8	0	0	124	1	pinsrq xmm0, rax, 124
movement_4045	pinsrq.gpr	SSE	128	8	0	0	125	1	pinsrq xmm0, rax, 125
movement_4046	pinsrq.gpr	SSE	128	8	0	0	126	1	pinsrq xmm0, rax, 126
movement_4047	pinsrq.gpr	SSE	128	8	0	0	127	1	pinsrq xmm0, rax, 127
movement_4048	pinsrq.gpr	SSE	128	8	0	0	128	1	pinsrq xmm0, rax, 128
movement_4049	pinsrq.gpr	SSE	128	8	0	0	129	1	pinsrq xmm0, rax, 129
movement_4050	pinsrq.gpr	SSE	128	8	0	0	130	1	pinsrq xmm0, rax, 130
movement_4051	pinsrq.gpr	SSE	128	8	0	0	131	1	pinsrq xmm0, rax, 131
movement_4052	pinsrq.gpr	SSE	128	8	0	0	132	1	pinsrq xmm0, rax, 132
movement_4053	pinsrq.gpr	SSE	128	8	0	0	133	1	pinsrq xmm0, rax, 133
movement_4054	pinsrq.gpr	SSE	128	8	0	0	134	1	pinsrq xmm0, rax, 134
movement_4055	pinsrq.gpr	SSE	128	8	0	0	135	1	pinsrq xmm0, rax, 135
movement_4056	pinsrq.gpr	SSE	128	8	0	0	136	1	pinsrq xmm0, rax, 136
movement_4057	pinsrq.gpr	SSE	128	8	0	0	137	1	pinsrq xmm0, rax, 137
movement_4058	pinsrq.gpr	SSE	128	8	0	0	138	1	pinsrq xmm0, rax, 138
movement_4059	pinsrq.gpr	SSE	128	8	0	0	139	1	pinsrq xmm0, rax, 139
movement_4060	pinsrq.gpr	SSE	128	8	0	0	140	1	pinsrq xmm0, rax, 140
movement_4061	pinsrq.gpr	SSE	128	8	0	0	141	1	pinsrq xmm0, rax, 141
movement_4062	pinsrq.gpr	SSE	128	8	0	0	142	1	pinsrq xmm0, rax, 142
movement_4063	pinsrq.gpr	SSE	128	8	0	0	143	1	pinsrq xmm0, rax, 143
movement_4064	pinsrq.gpr	SSE	128	8	0	0	144	1	pinsrq xmm0, rax, 144
movement_4065	pinsrq.gpr	SSE	128	8	0	0	145	1	pinsrq xmm0, rax, 145
movement_4066	pinsrq.gpr	SSE	128	8	0	0	146	1	pinsrq xmm0, rax, 146
movement_4067	pinsrq.gpr	SSE	128	8	0	0	147	1	pinsrq xmm0, rax, 147
movement_4068	pinsrq.gpr	SSE	128	8	0	0	148	1	pinsrq xmm0, rax, 148
movement_4069	pinsrq.gpr	SSE	128	8	0	0	149	1	pinsrq xmm0, rax, 149
movement_4070	pinsrq.gpr	SSE	128	8	0	0	150	1	pinsrq xmm0, rax, 150
movement_4071	pinsrq.gpr	SSE	128	8	0	0	151	1	pinsrq xmm0, rax, 151
movement_4072	pinsrq.gpr	SSE	128	8	0	0	152	1	pinsrq xmm0, rax, 152
movement_4073	pinsrq.gpr	SSE	128	8	0	0	153	1	pinsrq xmm0, rax, 153
movement_4074	pinsrq.gpr	SSE	128	8	0	0	154	1	pinsrq xmm0, rax, 154
movement_4075	pinsrq.gpr	SSE	128	8	0	0	155	1	pinsrq xmm0, rax, 155
movement_4076	pinsrq.gpr	SSE	128	8	0	0	156	1	pinsrq xmm0, rax, 156
movement_4077	pinsrq.gpr	SSE	128	8	0	0	157	1	pinsrq xmm0, rax, 157
movement_4078	pinsrq.gpr	SSE	128	8	0	0	158	1	pinsrq xmm0, rax, 158
movement_4079	pinsrq.gpr	SSE	128	8	0	0	159	1	pinsrq xmm0, rax, 159
movement_4080	pinsrq.gpr	SSE	128	8	0	0	160	1	pinsrq xmm0, rax, 160
movement_4081	pinsrq.gpr	SSE	128	8	0	0	161	1	pinsrq xmm0, rax, 161
movement_4082	pinsrq.gpr	SSE	128	8	0	0	162	1	pinsrq xmm0, rax, 162
movement_4083	pinsrq.gpr	SSE	128	8	0	0	163	1	pinsrq xmm0, rax, 163
movement_4084	pinsrq.gpr	SSE	128	8	0	0	164	1	pinsrq xmm0, rax, 164
movement_4085	pinsrq.gpr	SSE	128	8	0	0	165	1	pinsrq xmm0, rax, 165
movement_4086	pinsrq.gpr	SSE	128	8	0	0	166	1	pinsrq xmm0, rax, 166
movement_4087	pinsrq.gpr	SSE	128	8	0	0	167	1	pinsrq xmm0, rax, 167
movement_4088	pinsrq.gpr	SSE	128	8	0	0	168	1	pinsrq xmm0, rax, 168
movement_4089	pinsrq.gpr	SSE	128	8	0	0	169	1	pinsrq xmm0, rax, 169
movement_4090	pinsrq.gpr	SSE	128	8	0	0	170	1	pinsrq xmm0, rax, 170
movement_4091	pinsrq.gpr	SSE	128	8	0	0	171	1	pinsrq xmm0, rax, 171
movement_4092	pinsrq.gpr	SSE	128	8	0	0	172	1	pinsrq xmm0, rax, 172
movement_4093	pinsrq.gpr	SSE	128	8	0	0	173	1	pinsrq xmm0, rax, 173
movement_4094	pinsrq.gpr	SSE	128	8	0	0	174	1	pinsrq xmm0, rax, 174
movement_4095	pinsrq.gpr	SSE	128	8	0	0	175	1	pinsrq xmm0, rax, 175
movement_4096	pinsrq.gpr	SSE	128	8	0	0	176	1	pinsrq xmm0, rax, 176
movement_4097	pinsrq.gpr	SSE	128	8	0	0	177	1	pinsrq xmm0, rax, 177
movement_4098	pinsrq.gpr	SSE	128	8	0	0	178	1	pinsrq xmm0, rax, 178
movement_4099	pinsrq.gpr	SSE	128	8	0	0	179	1	pinsrq xmm0, rax, 179
movement_4100	pinsrq.gpr	SSE	128	8	0	0	180	1	pinsrq xmm0, rax, 180
movement_4101	pinsrq.gpr	SSE	128	8	0	0	181	1	pinsrq xmm0, rax, 181
movement_4102	pinsrq.gpr	SSE	128	8	0	0	182	1	pinsrq xmm0, rax, 182
movement_4103	pinsrq.gpr	SSE	128	8	0	0	183	1	pinsrq xmm0, rax, 183
movement_4104	pinsrq.gpr	SSE	128	8	0	0	184	1	pinsrq xmm0, rax, 184
movement_4105	pinsrq.gpr	SSE	128	8	0	0	185	1	pinsrq xmm0, rax, 185
movement_4106	pinsrq.gpr	SSE	128	8	0	0	186	1	pinsrq xmm0, rax, 186
movement_4107	pinsrq.gpr	SSE	128	8	0	0	187	1	pinsrq xmm0, rax, 187
movement_4108	pinsrq.gpr	SSE	128	8	0	0	188	1	pinsrq xmm0, rax, 188
movement_4109	pinsrq.gpr	SSE	128	8	0	0	189	1	pinsrq xmm0, rax, 189
movement_4110	pinsrq.gpr	SSE	128	8	0	0	190	1	pinsrq xmm0, rax, 190
movement_4111	pinsrq.gpr	SSE	128	8	0	0	191	1	pinsrq xmm0, rax, 191
movement_4112	pinsrq.gpr	SSE	128	8	0	0	192	1	pinsrq xmm0, rax, 192
movement_4113	pinsrq.gpr	SSE	128	8	0	0	193	1	pinsrq xmm0, rax, 193
movement_4114	pinsrq.gpr	SSE	128	8	0	0	194	1	pinsrq xmm0, rax, 194
movement_4115	pinsrq.gpr	SSE	128	8	0	0	195	1	pinsrq xmm0, rax, 195
movement_4116	pinsrq.gpr	SSE	128	8	0	0	196	1	pinsrq xmm0, rax, 196
movement_4117	pinsrq.gpr	SSE	128	8	0	0	197	1	pinsrq xmm0, rax, 197
movement_4118	pinsrq.gpr	SSE	128	8	0	0	198	1	pinsrq xmm0, rax, 198
movement_4119	pinsrq.gpr	SSE	128	8	0	0	199	1	pinsrq xmm0, rax, 199
movement_4120	pinsrq.gpr	SSE	128	8	0	0	200	1	pinsrq xmm0, rax, 200
movement_4121	pinsrq.gpr	SSE	128	8	0	0	201	1	pinsrq xmm0, rax, 201
movement_4122	pinsrq.gpr	SSE	128	8	0	0	202	1	pinsrq xmm0, rax, 202
movement_4123	pinsrq.gpr	SSE	128	8	0	0	203	1	pinsrq xmm0, rax, 203
movement_4124	pinsrq.gpr	SSE	128	8	0	0	204	1	pinsrq xmm0, rax, 204
movement_4125	pinsrq.gpr	SSE	128	8	0	0	205	1	pinsrq xmm0, rax, 205
movement_4126	pinsrq.gpr	SSE	128	8	0	0	206	1	pinsrq xmm0, rax, 206
movement_4127	pinsrq.gpr	SSE	128	8	0	0	207	1	pinsrq xmm0, rax, 207
movement_4128	pinsrq.gpr	SSE	128	8	0	0	208	1	pinsrq xmm0, rax, 208
movement_4129	pinsrq.gpr	SSE	128	8	0	0	209	1	pinsrq xmm0, rax, 209
movement_4130	pinsrq.gpr	SSE	128	8	0	0	210	1	pinsrq xmm0, rax, 210
movement_4131	pinsrq.gpr	SSE	128	8	0	0	211	1	pinsrq xmm0, rax, 211
movement_4132	pinsrq.gpr	SSE	128	8	0	0	212	1	pinsrq xmm0, rax, 212
movement_4133	pinsrq.gpr	SSE	128	8	0	0	213	1	pinsrq xmm0, rax, 213
movement_4134	pinsrq.gpr	SSE	128	8	0	0	214	1	pinsrq xmm0, rax, 214
movement_4135	pinsrq.gpr	SSE	128	8	0	0	215	1	pinsrq xmm0, rax, 215
movement_4136	pinsrq.gpr	SSE	128	8	0	0	216	1	pinsrq xmm0, rax, 216
movement_4137	pinsrq.gpr	SSE	128	8	0	0	217	1	pinsrq xmm0, rax, 217
movement_4138	pinsrq.gpr	SSE	128	8	0	0	218	1	pinsrq xmm0, rax, 218
movement_4139	pinsrq.gpr	SSE	128	8	0	0	219	1	pinsrq xmm0, rax, 219
movement_4140	pinsrq.gpr	SSE	128	8	0	0	220	1	pinsrq xmm0, rax, 220
movement_4141	pinsrq.gpr	SSE	128	8	0	0	221	1	pinsrq xmm0, rax, 221
movement_4142	pinsrq.gpr	SSE	128	8	0	0	222	1	pinsrq xmm0, rax, 222
movement_4143	pinsrq.gpr	SSE	128	8	0	0	223	1	pinsrq xmm0, rax, 223
movement_4144	pinsrq.gpr	SSE	128	8	0	0	224	1	pinsrq xmm0, rax, 224
movement_4145	pinsrq.gpr	SSE	128	8	0	0	225	1	pinsrq xmm0, rax, 225
movement_4146	pinsrq.gpr	SSE	128	8	0	0	226	1	pinsrq xmm0, rax, 226
movement_4147	pinsrq.gpr	SSE	128	8	0	0	227	1	pinsrq xmm0, rax, 227
movement_4148	pinsrq.gpr	SSE	128	8	0	0	228	1	pinsrq xmm0, rax, 228
movement_4149	pinsrq.gpr	SSE	128	8	0	0	229	1	pinsrq xmm0, rax, 229
movement_4150	pinsrq.gpr	SSE	128	8	0	0	230	1	pinsrq xmm0, rax, 230
movement_4151	pinsrq.gpr	SSE	128	8	0	0	231	1	pinsrq xmm0, rax, 231
movement_4152	pinsrq.gpr	SSE	128	8	0	0	232	1	pinsrq xmm0, rax, 232
movement_4153	pinsrq.gpr	SSE	128	8	0	0	233	1	pinsrq xmm0, rax, 233
movement_4154	pinsrq.gpr	SSE	128	8	0	0	234	1	pinsrq xmm0, rax, 234
movement_4155	pinsrq.gpr	SSE	128	8	0	0	235	1	pinsrq xmm0, rax, 235
movement_4156	pinsrq.gpr	SSE	128	8	0	0	236	1	pinsrq xmm0, rax, 236
movement_4157	pinsrq.gpr	SSE	128	8	0	0	237	1	pinsrq xmm0, rax, 237
movement_4158	pinsrq.gpr	SSE	128	8	0	0	238	1	pinsrq xmm0, rax, 238
movement_4159	pinsrq.gpr	SSE	128	8	0	0	239	1	pinsrq xmm0, rax, 239
movement_4160	pinsrq.gpr	SSE	128	8	0	0	240	1	pinsrq xmm0, rax, 240
movement_4161	pinsrq.gpr	SSE	128	8	0	0	241	1	pinsrq xmm0, rax, 241
movement_4162	pinsrq.gpr	SSE	128	8	0	0	242	1	pinsrq xmm0, rax, 242
movement_4163	pinsrq.gpr	SSE	128	8	0	0	243	1	pinsrq xmm0, rax, 243
movement_4164	pinsrq.gpr	SSE	128	8	0	0	244	1	pinsrq xmm0, rax, 244
movement_4165	pinsrq.gpr	SSE	128	8	0	0	245	1	pinsrq xmm0, rax, 245
movement_4166	pinsrq.gpr	SSE	128	8	0	0	246	1	pinsrq xmm0, rax, 246
movement_4167	pinsrq.gpr	SSE	128	8	0	0	247	1	pinsrq xmm0, rax, 247
movement_4168	pinsrq.gpr	SSE	128	8	0	0	248	1	pinsrq xmm0, rax, 248
movement_4169	pinsrq.gpr	SSE	128	8	0	0	249	1	pinsrq xmm0, rax, 249
movement_4170	pinsrq.gpr	SSE	128	8	0	0	250	1	pinsrq xmm0, rax, 250
movement_4171	pinsrq.gpr	SSE	128	8	0	0	251	1	pinsrq xmm0, rax, 251
movement_4172	pinsrq.gpr	SSE	128	8	0	0	252	1	pinsrq xmm0, rax, 252
movement_4173	pinsrq.gpr	SSE	128	8	0	0	253	1	pinsrq xmm0, rax, 253
movement_4174	pinsrq.gpr	SSE	128	8	0	0	254	1	pinsrq xmm0, rax, 254
movement_4175	pinsrq.gpr	SSE	128	8	0	0	255	1	pinsrq xmm0, rax, 255
movement_4176	pinsrq.mem	SSE	128	8	0	1	0	1	pinsrq xmm0, [rsi], 0
movement_4177	pinsrq.mem	SSE	128	8	0	1	1	1	pinsrq xmm0, [rsi], 1
movement_4178	pinsrq.mem	SSE	128	8	0	1	2	1	pinsrq xmm0, [rsi], 2
movement_4179	pinsrq.mem	SSE	128	8	0	1	3	1	pinsrq xmm0, [rsi], 3
movement_4180	pinsrq.mem	SSE	128	8	0	1	4	1	pinsrq xmm0, [rsi], 4
movement_4181	pinsrq.mem	SSE	128	8	0	1	5	1	pinsrq xmm0, [rsi], 5
movement_4182	pinsrq.mem	SSE	128	8	0	1	6	1	pinsrq xmm0, [rsi], 6
movement_4183	pinsrq.mem	SSE	128	8	0	1	7	1	pinsrq xmm0, [rsi], 7
movement_4184	pinsrq.mem	SSE	128	8	0	1	8	1	pinsrq xmm0, [rsi], 8
movement_4185	pinsrq.mem	SSE	128	8	0	1	9	1	pinsrq xmm0, [rsi], 9
movement_4186	pinsrq.mem	SSE	128	8	0	1	10	1	pinsrq xmm0, [rsi], 10
movement_4187	pinsrq.mem	SSE	128	8	0	1	11	1	pinsrq xmm0, [rsi], 11
movement_4188	pinsrq.mem	SSE	128	8	0	1	12	1	pinsrq xmm0, [rsi], 12
movement_4189	pinsrq.mem	SSE	128	8	0	1	13	1	pinsrq xmm0, [rsi], 13
movement_4190	pinsrq.mem	SSE	128	8	0	1	14	1	pinsrq xmm0, [rsi], 14
movement_4191	pinsrq.mem	SSE	128	8	0	1	15	1	pinsrq xmm0, [rsi], 15
movement_4192	pinsrq.mem	SSE	128	8	0	1	16	1	pinsrq xmm0, [rsi], 16
movement_4193	pinsrq.mem	SSE	128	8	0	1	17	1	pinsrq xmm0, [rsi], 17
movement_4194	pinsrq.mem	SSE	128	8	0	1	18	1	pinsrq xmm0, [rsi], 18
movement_4195	pinsrq.mem	SSE	128	8	0	1	19	1	pinsrq xmm0, [rsi], 19
movement_4196	pinsrq.mem	SSE	128	8	0	1	20	1	pinsrq xmm0, [rsi], 20
movement_4197	pinsrq.mem	SSE	128	8	0	1	21	1	pinsrq xmm0, [rsi], 21
movement_4198	pinsrq.mem	SSE	128	8	0	1	22	1	pinsrq xmm0, [rsi], 22
movement_4199	pinsrq.mem	SSE	128	8	0	1	23	1	pinsrq xmm0, [rsi], 23
movement_4200	pinsrq.mem	SSE	128	8	0	1	24	1	pinsrq xmm0, [rsi], 24
movement_4201	pinsrq.mem	SSE	128	8	0	1	25	1	pinsrq xmm0, [rsi], 25
movement_4202	pinsrq.mem	SSE	128	8	0	1	26	1	pinsrq xmm0, [rsi], 26
movement_4203	pinsrq.mem	SSE	128	8	0	1	27	1	pinsrq xmm0, [rsi], 27
movement_4204	pinsrq.mem	SSE	128	8	0	1	28	1	pinsrq xmm0, [rsi], 28
movement_4205	pinsrq.mem	SSE	128	8	0	1	29	1	pinsrq xmm0, [rsi], 29
movement_4206	pinsrq.mem	SSE	128	8	0	1	30	1	pinsrq xmm0, [rsi], 30
movement_4207	pinsrq.mem	SSE	128	8	0	1	31	1	pinsrq xmm0, [rsi], 31
movement_4208	pinsrq.mem	SSE	128	8	0	1	32	1	pinsrq xmm0, [rsi], 32
movement_4209	pinsrq.mem	SSE	128	8	0	1	33	1	pinsrq xmm0, [rsi], 33
movement_4210	pinsrq.mem	SSE	128	8	0	1	34	1	pinsrq xmm0, [rsi], 34
movement_4211	pinsrq.mem	SSE	128	8	0	1	35	1	pinsrq xmm0, [rsi], 35
movement_4212	pinsrq.mem	SSE	128	8	0	1	36	1	pinsrq xmm0, [rsi], 36
movement_4213	pinsrq.mem	SSE	128	8	0	1	37	1	pinsrq xmm0, [rsi], 37
movement_4214	pinsrq.mem	SSE	128	8	0	1	38	1	pinsrq xmm0, [rsi], 38
movement_4215	pinsrq.mem	SSE	128	8	0	1	39	1	pinsrq xmm0, [rsi], 39
movement_4216	pinsrq.mem	SSE	128	8	0	1	40	1	pinsrq xmm0, [rsi], 40
movement_4217	pinsrq.mem	SSE	128	8	0	1	41	1	pinsrq xmm0, [rsi], 41
movement_4218	pinsrq.mem	SSE	128	8	0	1	42	1	pinsrq xmm0, [rsi], 42
movement_4219	pinsrq.mem	SSE	128	8	0	1	43	1	pinsrq xmm0, [rsi], 43
movement_4220	pinsrq.mem	SSE	128	8	0	1	44	1	pinsrq xmm0, [rsi], 44
movement_4221	pinsrq.mem	SSE	128	8	0	1	45	1	pinsrq xmm0, [rsi], 45
movement_4222	pinsrq.mem	SSE	128	8	0	1	46	1	pinsrq xmm0, [rsi], 46
movement_4223	pinsrq.mem	SSE	128	8	0	1	47	1	pinsrq xmm0, [rsi], 47
movement_4224	pinsrq.mem	SSE	128	8	0	1	48	1	pinsrq xmm0, [rsi], 48
movement_4225	pinsrq.mem	SSE	128	8	0	1	49	1	pinsrq xmm0, [rsi], 49
movement_4226	pinsrq.mem	SSE	128	8	0	1	50	1	pinsrq xmm0, [rsi], 50
movement_4227	pinsrq.mem	SSE	128	8	0	1	51	1	pinsrq xmm0, [rsi], 51
movement_4228	pinsrq.mem	SSE	128	8	0	1	52	1	pinsrq xmm0, [rsi], 52
movement_4229	pinsrq.mem	SSE	128	8	0	1	53	1	pinsrq xmm0, [rsi], 53
movement_4230	pinsrq.mem	SSE	128	8	0	1	54	1	pinsrq xmm0, [rsi], 54
movement_4231	pinsrq.mem	SSE	128	8	0	1	55	1	pinsrq xmm0, [rsi], 55
movement_4232	pinsrq.mem	SSE	128	8	0	1	56	1	pinsrq xmm0, [rsi], 56
movement_4233	pinsrq.mem	SSE	128	8	0	1	57	1	pinsrq xmm0, [rsi], 57
movement_4234	pinsrq.mem	SSE	128	8	0	1	58	1	pinsrq xmm0, [rsi], 58
movement_4235	pinsrq.mem	SSE	128	8	0	1	59	1	pinsrq xmm0, [rsi], 59
movement_4236	pinsrq.mem	SSE	128	8	0	1	60	1	pinsrq xmm0, [rsi], 60
movement_4237	pinsrq.mem	SSE	128	8	0	1	61	1	pinsrq xmm0, [rsi], 61
movement_4238	pinsrq.mem	SSE	128	8	0	1	62	1	pinsrq xmm0, [rsi], 62
movement_4239	pinsrq.mem	SSE	128	8	0	1	63	1	pinsrq xmm0, [rsi], 63
movement_4240	pinsrq.mem	SSE	128	8	0	1	64	1	pinsrq xmm0, [rsi], 64
movement_4241	pinsrq.mem	SSE	128	8	0	1	65	1	pinsrq xmm0, [rsi], 65
movement_4242	pinsrq.mem	SSE	128	8	0	1	66	1	pinsrq xmm0, [rsi], 66
movement_4243	pinsrq.mem	SSE	128	8	0	1	67	1	pinsrq xmm0, [rsi], 67
movement_4244	pinsrq.mem	SSE	128	8	0	1	68	1	pinsrq xmm0, [rsi], 68
movement_4245	pinsrq.mem	SSE	128	8	0	1	69	1	pinsrq xmm0, [rsi], 69
movement_4246	pinsrq.mem	SSE	128	8	0	1	70	1	pinsrq xmm0, [rsi], 70
movement_4247	pinsrq.mem	SSE	128	8	0	1	71	1	pinsrq xmm0, [rsi], 71
movement_4248	pinsrq.mem	SSE	128	8	0	1	72	1	pinsrq xmm0, [rsi], 72
movement_4249	pinsrq.mem	SSE	128	8	0	1	73	1	pinsrq xmm0, [rsi], 73
movement_4250	pinsrq.mem	SSE	128	8	0	1	74	1	pinsrq xmm0, [rsi], 74
movement_4251	pinsrq.mem	SSE	128	8	0	1	75	1	pinsrq xmm0, [rsi], 75
movement_4252	pinsrq.mem	SSE	128	8	0	1	76	1	pinsrq xmm0, [rsi], 76
movement_4253	pinsrq.mem	SSE	128	8	0	1	77	1	pinsrq xmm0, [rsi], 77
movement_4254	pinsrq.mem	SSE	128	8	0	1	78	1	pinsrq xmm0, [rsi], 78
movement_4255	pinsrq.mem	SSE	128	8	0	1	79	1	pinsrq xmm0, [rsi], 79
movement_4256	pinsrq.mem	SSE	128	8	0	1	80	1	pinsrq xmm0, [rsi], 80
movement_4257	pinsrq.mem	SSE	128	8	0	1	81	1	pinsrq xmm0, [rsi], 81
movement_4258	pinsrq.mem	SSE	128	8	0	1	82	1	pinsrq xmm0, [rsi], 82
movement_4259	pinsrq.mem	SSE	128	8	0	1	83	1	pinsrq xmm0, [rsi], 83
movement_4260	pinsrq.mem	SSE	128	8	0	1	84	1	pinsrq xmm0, [rsi], 84
movement_4261	pinsrq.mem	SSE	128	8	0	1	85	1	pinsrq xmm0, [rsi], 85
movement_4262	pinsrq.mem	SSE	128	8	0	1	86	1	pinsrq xmm0, [rsi], 86
movement_4263	pinsrq.mem	SSE	128	8	0	1	87	1	pinsrq xmm0, [rsi], 87
movement_4264	pinsrq.mem	SSE	128	8	0	1	88	1	pinsrq xmm0, [rsi], 88
movement_4265	pinsrq.mem	SSE	128	8	0	1	89	1	pinsrq xmm0, [rsi], 89
movement_4266	pinsrq.mem	SSE	128	8	0	1	90	1	pinsrq xmm0, [rsi], 90
movement_4267	pinsrq.mem	SSE	128	8	0	1	91	1	pinsrq xmm0, [rsi], 91
movement_4268	pinsrq.mem	SSE	128	8	0	1	92	1	pinsrq xmm0, [rsi], 92
movement_4269	pinsrq.mem	SSE	128	8	0	1	93	1	pinsrq xmm0, [rsi], 93
movement_4270	pinsrq.mem	SSE	128	8	0	1	94	1	pinsrq xmm0, [rsi], 94
movement_4271	pinsrq.mem	SSE	128	8	0	1	95	1	pinsrq xmm0, [rsi], 95
movement_4272	pinsrq.mem	SSE	128	8	0	1	96	1	pinsrq xmm0, [rsi], 96
movement_4273	pinsrq.mem	SSE	128	8	0	1	97	1	pinsrq xmm0, [rsi], 97
movement_4274	pinsrq.mem	SSE	128	8	0	1	98	1	pinsrq xmm0, [rsi], 98
movement_4275	pinsrq.mem	SSE	128	8	0	1	99	1	pinsrq xmm0, [rsi], 99
movement_4276	pinsrq.mem	SSE	128	8	0	1	100	1	pinsrq xmm0, [rsi], 100
movement_4277	pinsrq.mem	SSE	128	8	0	1	101	1	pinsrq xmm0, [rsi], 101
movement_4278	pinsrq.mem	SSE	128	8	0	1	102	1	pinsrq xmm0, [rsi], 102
movement_4279	pinsrq.mem	SSE	128	8	0	1	103	1	pinsrq xmm0, [rsi], 103
movement_4280	pinsrq.mem	SSE	128	8	0	1	104	1	pinsrq xmm0, [rsi], 104
movement_4281	pinsrq.mem	SSE	128	8	0	1	105	1	pinsrq xmm0, [rsi], 105
movement_4282	pinsrq.mem	SSE	128	8	0	1	106	1	pinsrq xmm0, [rsi], 106
movement_4283	pinsrq.mem	SSE	128	8	0	1	107	1	pinsrq xmm0, [rsi], 107
movement_4284	pinsrq.mem	SSE	128	8	0	1	108	1	pinsrq xmm0, [rsi], 108
movement_4285	pinsrq.mem	SSE	128	8	0	1	109	1	pinsrq xmm0, [rsi], 109
movement_4286	pinsrq.mem	SSE	128	8	0	1	110	1	pinsrq xmm0, [rsi], 110
movement_4287	pinsrq.mem	SSE	128	8	0	1	111	1	pinsrq xmm0, [rsi], 111
movement_4288	pinsrq.mem	SSE	128	8	0	1	112	1	pinsrq xmm0, [rsi], 112
movement_4289	pinsrq.mem	SSE	128	8	0	1	113	1	pinsrq xmm0, [rsi], 113
movement_4290	pinsrq.mem	SSE	128	8	0	1	114	1	pinsrq xmm0, [rsi], 114
movement_4291	pinsrq.mem	SSE	128	8	0	1	115	1	pinsrq xmm0, [rsi], 115
movement_4292	pinsrq.mem	SSE	128	8	0	1	116	1	pinsrq xmm0, [rsi], 116
movement_4293	pinsrq.mem	SSE	128	8	0	1	117	1	pinsrq xmm0, [rsi], 117
movement_4294	pinsrq.mem	SSE	128	8	0	1	118	1	pinsrq xmm0, [rsi], 118
movement_4295	pinsrq.mem	SSE	128	8	0	1	119	1	pinsrq xmm0, [rsi], 119
movement_4296	pinsrq.mem	SSE	128	8	0	1	120	1	pinsrq xmm0, [rsi], 120
movement_4297	pinsrq.mem	SSE	128	8	0	1	121	1	pinsrq xmm0, [rsi], 121
movement_4298	pinsrq.mem	SSE	128	8	0	1	122	1	pinsrq xmm0, [rsi], 122
movement_4299	pinsrq.mem	SSE	128	8	0	1	123	1	pinsrq xmm0, [rsi], 123
movement_4300	pinsrq.mem	SSE	128	8	0	1	124	1	pinsrq xmm0, [rsi], 124
movement_4301	pinsrq.mem	SSE	128	8	0	1	125	1	pinsrq xmm0, [rsi], 125
movement_4302	pinsrq.mem	SSE	128	8	0	1	126	1	pinsrq xmm0, [rsi], 126
movement_4303	pinsrq.mem	SSE	128	8	0	1	127	1	pinsrq xmm0, [rsi], 127
movement_4304	pinsrq.mem	SSE	128	8	0	1	128	1	pinsrq xmm0, [rsi], 128
movement_4305	pinsrq.mem	SSE	128	8	0	1	129	1	pinsrq xmm0, [rsi], 129
movement_4306	pinsrq.mem	SSE	128	8	0	1	130	1	pinsrq xmm0, [rsi], 130
movement_4307	pinsrq.mem	SSE	128	8	0	1	131	1	pinsrq xmm0, [rsi], 131
movement_4308	pinsrq.mem	SSE	128	8	0	1	132	1	pinsrq xmm0, [rsi], 132
movement_4309	pinsrq.mem	SSE	128	8	0	1	133	1	pinsrq xmm0, [rsi], 133
movement_4310	pinsrq.mem	SSE	128	8	0	1	134	1	pinsrq xmm0, [rsi], 134
movement_4311	pinsrq.mem	SSE	128	8	0	1	135	1	pinsrq xmm0, [rsi], 135
movement_4312	pinsrq.mem	SSE	128	8	0	1	136	1	pinsrq xmm0, [rsi], 136
movement_4313	pinsrq.mem	SSE	128	8	0	1	137	1	pinsrq xmm0, [rsi], 137
movement_4314	pinsrq.mem	SSE	128	8	0	1	138	1	pinsrq xmm0, [rsi], 138
movement_4315	pinsrq.mem	SSE	128	8	0	1	139	1	pinsrq xmm0, [rsi], 139
movement_4316	pinsrq.mem	SSE	128	8	0	1	140	1	pinsrq xmm0, [rsi], 140
movement_4317	pinsrq.mem	SSE	128	8	0	1	141	1	pinsrq xmm0, [rsi], 141
movement_4318	pinsrq.mem	SSE	128	8	0	1	142	1	pinsrq xmm0, [rsi], 142
movement_4319	pinsrq.mem	SSE	128	8	0	1	143	1	pinsrq xmm0, [rsi], 143
movement_4320	pinsrq.mem	SSE	128	8	0	1	144	1	pinsrq xmm0, [rsi], 144
movement_4321	pinsrq.mem	SSE	128	8	0	1	145	1	pinsrq xmm0, [rsi], 145
movement_4322	pinsrq.mem	SSE	128	8	0	1	146	1	pinsrq xmm0, [rsi], 146
movement_4323	pinsrq.mem	SSE	128	8	0	1	147	1	pinsrq xmm0, [rsi], 147
movement_4324	pinsrq.mem	SSE	128	8	0	1	148	1	pinsrq xmm0, [rsi], 148
movement_4325	pinsrq.mem	SSE	128	8	0	1	149	1	pinsrq xmm0, [rsi], 149
movement_4326	pinsrq.mem	SSE	128	8	0	1	150	1	pinsrq xmm0, [rsi], 150
movement_4327	pinsrq.mem	SSE	128	8	0	1	151	1	pinsrq xmm0, [rsi], 151
movement_4328	pinsrq.mem	SSE	128	8	0	1	152	1	pinsrq xmm0, [rsi], 152
movement_4329	pinsrq.mem	SSE	128	8	0	1	153	1	pinsrq xmm0, [rsi], 153
movement_4330	pinsrq.mem	SSE	128	8	0	1	154	1	pinsrq xmm0, [rsi], 154
movement_4331	pinsrq.mem	SSE	128	8	0	1	155	1	pinsrq xmm0, [rsi], 155
movement_4332	pinsrq.mem	SSE	128	8	0	1	156	1	pinsrq xmm0, [rsi], 156
movement_4333	pinsrq.mem	SSE	128	8	0	1	157	1	pinsrq xmm0, [rsi], 157
movement_4334	pinsrq.mem	SSE	128	8	0	1	158	1	pinsrq xmm0, [rsi], 158
movement_4335	pinsrq.mem	SSE	128	8	0	1	159	1	pinsrq xmm0, [rsi], 159
movement_4336	pinsrq.mem	SSE	128	8	0	1	160	1	pinsrq xmm0, [rsi], 160
movement_4337	pinsrq.mem	SSE	128	8	0	1	161	1	pinsrq xmm0, [rsi], 161
movement_4338	pinsrq.mem	SSE	128	8	0	1	162	1	pinsrq xmm0, [rsi], 162
movement_4339	pinsrq.mem	SSE	128	8	0	1	163	1	pinsrq xmm0, [rsi], 163
movement_4340	pinsrq.mem	SSE	128	8	0	1	164	1	pinsrq xmm0, [rsi], 164
movement_4341	pinsrq.mem	SSE	128	8	0	1	165	1	pinsrq xmm0, [rsi], 165
movement_4342	pinsrq.mem	SSE	128	8	0	1	166	1	pinsrq xmm0, [rsi], 166
movement_4343	pinsrq.mem	SSE	128	8	0	1	167	1	pinsrq xmm0, [rsi], 167
movement_4344	pinsrq.mem	SSE	128	8	0	1	168	1	pinsrq xmm0, [rsi], 168
movement_4345	pinsrq.mem	SSE	128	8	0	1	169	1	pinsrq xmm0, [rsi], 169
movement_4346	pinsrq.mem	SSE	128	8	0	1	170	1	pinsrq xmm0, [rsi], 170
movement_4347	pinsrq.mem	SSE	128	8	0	1	171	1	pinsrq xmm0, [rsi], 171
movement_4348	pinsrq.mem	SSE	128	8	0	1	172	1	pinsrq xmm0, [rsi], 172
movement_4349	pinsrq.mem	SSE	128	8	0	1	173	1	pinsrq xmm0, [rsi], 173
movement_4350	pinsrq.mem	SSE	128	8	0	1	174	1	pinsrq xmm0, [rsi], 174
movement_4351	pinsrq.mem	SSE	128	8	0	1	175	1	pinsrq xmm0, [rsi], 175
movement_4352	pinsrq.mem	SSE	128	8	0	1	176	1	pinsrq xmm0, [rsi], 176
movement_4353	pinsrq.mem	SSE	128	8	0	1	177	1	pinsrq xmm0, [rsi], 177
movement_4354	pinsrq.mem	SSE	128	8	0	1	178	1	pinsrq xmm0, [rsi], 178
movement_4355	pinsrq.mem	SSE	128	8	0	1	179	1	pinsrq xmm0, [rsi], 179
movement_4356	pinsrq.mem	SSE	128	8	0	1	180	1	pinsrq xmm0, [rsi], 180
movement_4357	pinsrq.mem	SSE	128	8	0	1	181	1	pinsrq xmm0, [rsi], 181
movement_4358	pinsrq.mem	SSE	128	8	0	1	182	1	pinsrq xmm0, [rsi], 182
movement_4359	pinsrq.mem	SSE	128	8	0	1	183	1	pinsrq xmm0, [rsi], 183
movement_4360	pinsrq.mem	SSE	128	8	0	1	184	1	pinsrq xmm0, [rsi], 184
movement_4361	pinsrq.mem	SSE	128	8	0	1	185	1	pinsrq xmm0, [rsi], 185
movement_4362	pinsrq.mem	SSE	128	8	0	1	186	1	pinsrq xmm0, [rsi], 186
movement_4363	pinsrq.mem	SSE	128	8	0	1	187	1	pinsrq xmm0, [rsi], 187
movement_4364	pinsrq.mem	SSE	128	8	0	1	188	1	pinsrq xmm0, [rsi], 188
movement_4365	pinsrq.mem	SSE	128	8	0	1	189	1	pinsrq xmm0, [rsi], 189
movement_4366	pinsrq.mem	SSE	128	8	0	1	190	1	pinsrq xmm0, [rsi], 190
movement_4367	pinsrq.mem	SSE	128	8	0	1	191	1	pinsrq xmm0, [rsi], 191
movement_4368	pinsrq.mem	SSE	128	8	0	1	192	1	pinsrq xmm0, [rsi], 192
movement_4369	pinsrq.mem	SSE	128	8	0	1	193	1	pinsrq xmm0, [rsi], 193
movement_4370	pinsrq.mem	SSE	128	8	0	1	194	1	pinsrq xmm0, [rsi], 194
movement_4371	pinsrq.mem	SSE	128	8	0	1	195	1	pinsrq xmm0, [rsi], 195
movement_4372	pinsrq.mem	SSE	128	8	0	1	196	1	pinsrq xmm0, [rsi], 196
movement_4373	pinsrq.mem	SSE	128	8	0	1	197	1	pinsrq xmm0, [rsi], 197
movement_4374	pinsrq.mem	SSE	128	8	0	1	198	1	pinsrq xmm0, [rsi], 198
movement_4375	pinsrq.mem	SSE	128	8	0	1	199	1	pinsrq xmm0, [rsi], 199
movement_4376	pinsrq.mem	SSE	128	8	0	1	200	1	pinsrq xmm0, [rsi], 200
movement_4377	pinsrq.mem	SSE	128	8	0	1	201	1	pinsrq xmm0, [rsi], 201
movement_4378	pinsrq.mem	SSE	128	8	0	1	202	1	pinsrq xmm0, [rsi], 202
movement_4379	pinsrq.mem	SSE	128	8	0	1	203	1	pinsrq xmm0, [rsi], 203
movement_4380	pinsrq.mem	SSE	128	8	0	1	204	1	pinsrq xmm0, [rsi], 204
movement_4381	pinsrq.mem	SSE	128	8	0	1	205	1	pinsrq xmm0, [rsi], 205
movement_4382	pinsrq.mem	SSE	128	8	0	1	206	1	pinsrq xmm0, [rsi], 206
movement_4383	pinsrq.mem	SSE	128	8	0	1	207	1	pinsrq xmm0, [rsi], 207
movement_4384	pinsrq.mem	SSE	128	8	0	1	208	1	pinsrq xmm0, [rsi], 208
movement_4385	pinsrq.mem	SSE	128	8	0	1	209	1	pinsrq xmm0, [rsi], 209
movement_4386	pinsrq.mem	SSE	128	8	0	1	210	1	pinsrq xmm0, [rsi], 210
movement_4387	pinsrq.mem	SSE	128	8	0	1	211	1	pinsrq xmm0, [rsi], 211
movement_4388	pinsrq.mem	SSE	128	8	0	1	212	1	pinsrq xmm0, [rsi], 212
movement_4389	pinsrq.mem	SSE	128	8	0	1	213	1	pinsrq xmm0, [rsi], 213
movement_4390	pinsrq.mem	SSE	128	8	0	1	214	1	pinsrq xmm0, [rsi], 214
movement_4391	pinsrq.mem	SSE	128	8	0	1	215	1	pinsrq xmm0, [rsi], 215
movement_4392	pinsrq.mem	SSE	128	8	0	1	216	1	pinsrq xmm0, [rsi], 216
movement_4393	pinsrq.mem	SSE	128	8	0	1	217	1	pinsrq xmm0, [rsi], 217
movement_4394	pinsrq.mem	SSE	128	8	0	1	218	1	pinsrq xmm0, [rsi], 218
movement_4395	pinsrq.mem	SSE	128	8	0	1	219	1	pinsrq xmm0, [rsi], 219
movement_4396	pinsrq.mem	SSE	128	8	0	1	220	1	pinsrq xmm0, [rsi], 220
movement_4397	pinsrq.mem	SSE	128	8	0	1	221	1	pinsrq xmm0, [rsi], 221
movement_4398	pinsrq.mem	SSE	128	8	0	1	222	1	pinsrq xmm0, [rsi], 222
movement_4399	pinsrq.mem	SSE	128	8	0	1	223	1	pinsrq xmm0, [rsi], 223
movement_4400	pinsrq.mem	SSE	128	8	0	1	224	1	pinsrq xmm0, [rsi], 224
movement_4401	pinsrq.mem	SSE	128	8	0	1	225	1	pinsrq xmm0, [rsi], 225
movement_4402	pinsrq.mem	SSE	128	8	0	1	226	1	pinsrq xmm0, [rsi], 226
movement_4403	pinsrq.mem	SSE	128	8	0	1	227	1	pinsrq xmm0, [rsi], 227
movement_4404	pinsrq.mem	SSE	128	8	0	1	228	1	pinsrq xmm0, [rsi], 228
movement_4405	pinsrq.mem	SSE	128	8	0	1	229	1	pinsrq xmm0, [rsi], 229
movement_4406	pinsrq.mem	SSE	128	8	0	1	230	1	pinsrq xmm0, [rsi], 230
movement_4407	pinsrq.mem	SSE	128	8	0	1	231	1	pinsrq xmm0, [rsi], 231
movement_4408	pinsrq.mem	SSE	128	8	0	1	232	1	pinsrq xmm0, [rsi], 232
movement_4409	pinsrq.mem	SSE	128	8	0	1	233	1	pinsrq xmm0, [rsi], 233
movement_4410	pinsrq.mem	SSE	128	8	0	1	234	1	pinsrq xmm0, [rsi], 234
movement_4411	pinsrq.mem	SSE	128	8	0	1	235	1	pinsrq xmm0, [rsi], 235
movement_4412	pinsrq.mem	SSE	128	8	0	1	236	1	pinsrq xmm0, [rsi], 236
movement_4413	pinsrq.mem	SSE	128	8	0	1	237	1	pinsrq xmm0, [rsi], 237
movement_4414	pinsrq.mem	SSE	128	8	0	1	238	1	pinsrq xmm0, [rsi], 238
movement_4415	pinsrq.mem	SSE	128	8	0	1	239	1	pinsrq xmm0, [rsi], 239
movement_4416	pinsrq.mem	SSE	128	8	0	1	240	1	pinsrq xmm0, [rsi], 240
movement_4417	pinsrq.mem	SSE	128	8	0	1	241	1	pinsrq xmm0, [rsi], 241
movement_4418	pinsrq.mem	SSE	128	8	0	1	242	1	pinsrq xmm0, [rsi], 242
movement_4419	pinsrq.mem	SSE	128	8	0	1	243	1	pinsrq xmm0, [rsi], 243
movement_4420	pinsrq.mem	SSE	128	8	0	1	244	1	pinsrq xmm0, [rsi], 244
movement_4421	pinsrq.mem	SSE	128	8	0	1	245	1	pinsrq xmm0, [rsi], 245
movement_4422	pinsrq.mem	SSE	128	8	0	1	246	1	pinsrq xmm0, [rsi], 246
movement_4423	pinsrq.mem	SSE	128	8	0	1	247	1	pinsrq xmm0, [rsi], 247
movement_4424	pinsrq.mem	SSE	128	8	0	1	248	1	pinsrq xmm0, [rsi], 248
movement_4425	pinsrq.mem	SSE	128	8	0	1	249	1	pinsrq xmm0, [rsi], 249
movement_4426	pinsrq.mem	SSE	128	8	0	1	250	1	pinsrq xmm0, [rsi], 250
movement_4427	pinsrq.mem	SSE	128	8	0	1	251	1	pinsrq xmm0, [rsi], 251
movement_4428	pinsrq.mem	SSE	128	8	0	1	252	1	pinsrq xmm0, [rsi], 252
movement_4429	pinsrq.mem	SSE	128	8	0	1	253	1	pinsrq xmm0, [rsi], 253
movement_4430	pinsrq.mem	SSE	128	8	0	1	254	1	pinsrq xmm0, [rsi], 254
movement_4431	pinsrq.mem	SSE	128	8	0	1	255	1	pinsrq xmm0, [rsi], 255
movement_4432	extractps.gpr	SSE	128	4	0	0	0	1	extractps eax, xmm1, 0
movement_4433	insertps.reg	SSE	128	4	0	0	0	1	insertps xmm0, xmm1, 0
movement_4434	extractps.gpr	SSE	128	4	0	0	1	1	extractps eax, xmm1, 1
movement_4435	insertps.reg	SSE	128	4	0	0	1	1	insertps xmm0, xmm1, 1
movement_4436	extractps.gpr	SSE	128	4	0	0	2	1	extractps eax, xmm1, 2
movement_4437	insertps.reg	SSE	128	4	0	0	2	1	insertps xmm0, xmm1, 2
movement_4438	extractps.gpr	SSE	128	4	0	0	3	1	extractps eax, xmm1, 3
movement_4439	insertps.reg	SSE	128	4	0	0	3	1	insertps xmm0, xmm1, 3
movement_4440	extractps.gpr	SSE	128	4	0	0	4	1	extractps eax, xmm1, 4
movement_4441	insertps.reg	SSE	128	4	0	0	4	1	insertps xmm0, xmm1, 4
movement_4442	extractps.gpr	SSE	128	4	0	0	5	1	extractps eax, xmm1, 5
movement_4443	insertps.reg	SSE	128	4	0	0	5	1	insertps xmm0, xmm1, 5
movement_4444	extractps.gpr	SSE	128	4	0	0	6	1	extractps eax, xmm1, 6
movement_4445	insertps.reg	SSE	128	4	0	0	6	1	insertps xmm0, xmm1, 6
movement_4446	extractps.gpr	SSE	128	4	0	0	7	1	extractps eax, xmm1, 7
movement_4447	insertps.reg	SSE	128	4	0	0	7	1	insertps xmm0, xmm1, 7
movement_4448	extractps.gpr	SSE	128	4	0	0	8	1	extractps eax, xmm1, 8
movement_4449	insertps.reg	SSE	128	4	0	0	8	1	insertps xmm0, xmm1, 8
movement_4450	extractps.gpr	SSE	128	4	0	0	9	1	extractps eax, xmm1, 9
movement_4451	insertps.reg	SSE	128	4	0	0	9	1	insertps xmm0, xmm1, 9
movement_4452	extractps.gpr	SSE	128	4	0	0	10	1	extractps eax, xmm1, 10
movement_4453	insertps.reg	SSE	128	4	0	0	10	1	insertps xmm0, xmm1, 10
movement_4454	extractps.gpr	SSE	128	4	0	0	11	1	extractps eax, xmm1, 11
movement_4455	insertps.reg	SSE	128	4	0	0	11	1	insertps xmm0, xmm1, 11
movement_4456	extractps.gpr	SSE	128	4	0	0	12	1	extractps eax, xmm1, 12
movement_4457	insertps.reg	SSE	128	4	0	0	12	1	insertps xmm0, xmm1, 12
movement_4458	extractps.gpr	SSE	128	4	0	0	13	1	extractps eax, xmm1, 13
movement_4459	insertps.reg	SSE	128	4	0	0	13	1	insertps xmm0, xmm1, 13
movement_4460	extractps.gpr	SSE	128	4	0	0	14	1	extractps eax, xmm1, 14
movement_4461	insertps.reg	SSE	128	4	0	0	14	1	insertps xmm0, xmm1, 14
movement_4462	extractps.gpr	SSE	128	4	0	0	15	1	extractps eax, xmm1, 15
movement_4463	insertps.reg	SSE	128	4	0	0	15	1	insertps xmm0, xmm1, 15
movement_4464	extractps.gpr	SSE	128	4	0	0	16	1	extractps eax, xmm1, 16
movement_4465	insertps.reg	SSE	128	4	0	0	16	1	insertps xmm0, xmm1, 16
movement_4466	extractps.gpr	SSE	128	4	0	0	17	1	extractps eax, xmm1, 17
movement_4467	insertps.reg	SSE	128	4	0	0	17	1	insertps xmm0, xmm1, 17
movement_4468	extractps.gpr	SSE	128	4	0	0	18	1	extractps eax, xmm1, 18
movement_4469	insertps.reg	SSE	128	4	0	0	18	1	insertps xmm0, xmm1, 18
movement_4470	extractps.gpr	SSE	128	4	0	0	19	1	extractps eax, xmm1, 19
movement_4471	insertps.reg	SSE	128	4	0	0	19	1	insertps xmm0, xmm1, 19
movement_4472	extractps.gpr	SSE	128	4	0	0	20	1	extractps eax, xmm1, 20
movement_4473	insertps.reg	SSE	128	4	0	0	20	1	insertps xmm0, xmm1, 20
movement_4474	extractps.gpr	SSE	128	4	0	0	21	1	extractps eax, xmm1, 21
movement_4475	insertps.reg	SSE	128	4	0	0	21	1	insertps xmm0, xmm1, 21
movement_4476	extractps.gpr	SSE	128	4	0	0	22	1	extractps eax, xmm1, 22
movement_4477	insertps.reg	SSE	128	4	0	0	22	1	insertps xmm0, xmm1, 22
movement_4478	extractps.gpr	SSE	128	4	0	0	23	1	extractps eax, xmm1, 23
movement_4479	insertps.reg	SSE	128	4	0	0	23	1	insertps xmm0, xmm1, 23
movement_4480	extractps.gpr	SSE	128	4	0	0	24	1	extractps eax, xmm1, 24
movement_4481	insertps.reg	SSE	128	4	0	0	24	1	insertps xmm0, xmm1, 24
movement_4482	extractps.gpr	SSE	128	4	0	0	25	1	extractps eax, xmm1, 25
movement_4483	insertps.reg	SSE	128	4	0	0	25	1	insertps xmm0, xmm1, 25
movement_4484	extractps.gpr	SSE	128	4	0	0	26	1	extractps eax, xmm1, 26
movement_4485	insertps.reg	SSE	128	4	0	0	26	1	insertps xmm0, xmm1, 26
movement_4486	extractps.gpr	SSE	128	4	0	0	27	1	extractps eax, xmm1, 27
movement_4487	insertps.reg	SSE	128	4	0	0	27	1	insertps xmm0, xmm1, 27
movement_4488	extractps.gpr	SSE	128	4	0	0	28	1	extractps eax, xmm1, 28
movement_4489	insertps.reg	SSE	128	4	0	0	28	1	insertps xmm0, xmm1, 28
movement_4490	extractps.gpr	SSE	128	4	0	0	29	1	extractps eax, xmm1, 29
movement_4491	insertps.reg	SSE	128	4	0	0	29	1	insertps xmm0, xmm1, 29
movement_4492	extractps.gpr	SSE	128	4	0	0	30	1	extractps eax, xmm1, 30
movement_4493	insertps.reg	SSE	128	4	0	0	30	1	insertps xmm0, xmm1, 30
movement_4494	extractps.gpr	SSE	128	4	0	0	31	1	extractps eax, xmm1, 31
movement_4495	insertps.reg	SSE	128	4	0	0	31	1	insertps xmm0, xmm1, 31
movement_4496	extractps.gpr	SSE	128	4	0	0	32	1	extractps eax, xmm1, 32
movement_4497	insertps.reg	SSE	128	4	0	0	32	1	insertps xmm0, xmm1, 32
movement_4498	extractps.gpr	SSE	128	4	0	0	33	1	extractps eax, xmm1, 33
movement_4499	insertps.reg	SSE	128	4	0	0	33	1	insertps xmm0, xmm1, 33
movement_4500	extractps.gpr	SSE	128	4	0	0	34	1	extractps eax, xmm1, 34
movement_4501	insertps.reg	SSE	128	4	0	0	34	1	insertps xmm0, xmm1, 34
movement_4502	extractps.gpr	SSE	128	4	0	0	35	1	extractps eax, xmm1, 35
movement_4503	insertps.reg	SSE	128	4	0	0	35	1	insertps xmm0, xmm1, 35
movement_4504	extractps.gpr	SSE	128	4	0	0	36	1	extractps eax, xmm1, 36
movement_4505	insertps.reg	SSE	128	4	0	0	36	1	insertps xmm0, xmm1, 36
movement_4506	extractps.gpr	SSE	128	4	0	0	37	1	extractps eax, xmm1, 37
movement_4507	insertps.reg	SSE	128	4	0	0	37	1	insertps xmm0, xmm1, 37
movement_4508	extractps.gpr	SSE	128	4	0	0	38	1	extractps eax, xmm1, 38
movement_4509	insertps.reg	SSE	128	4	0	0	38	1	insertps xmm0, xmm1, 38
movement_4510	extractps.gpr	SSE	128	4	0	0	39	1	extractps eax, xmm1, 39
movement_4511	insertps.reg	SSE	128	4	0	0	39	1	insertps xmm0, xmm1, 39
movement_4512	extractps.gpr	SSE	128	4	0	0	40	1	extractps eax, xmm1, 40
movement_4513	insertps.reg	SSE	128	4	0	0	40	1	insertps xmm0, xmm1, 40
movement_4514	extractps.gpr	SSE	128	4	0	0	41	1	extractps eax, xmm1, 41
movement_4515	insertps.reg	SSE	128	4	0	0	41	1	insertps xmm0, xmm1, 41
movement_4516	extractps.gpr	SSE	128	4	0	0	42	1	extractps eax, xmm1, 42
movement_4517	insertps.reg	SSE	128	4	0	0	42	1	insertps xmm0, xmm1, 42
movement_4518	extractps.gpr	SSE	128	4	0	0	43	1	extractps eax, xmm1, 43
movement_4519	insertps.reg	SSE	128	4	0	0	43	1	insertps xmm0, xmm1, 43
movement_4520	extractps.gpr	SSE	128	4	0	0	44	1	extractps eax, xmm1, 44
movement_4521	insertps.reg	SSE	128	4	0	0	44	1	insertps xmm0, xmm1, 44
movement_4522	extractps.gpr	SSE	128	4	0	0	45	1	extractps eax, xmm1, 45
movement_4523	insertps.reg	SSE	128	4	0	0	45	1	insertps xmm0, xmm1, 45
movement_4524	extractps.gpr	SSE	128	4	0	0	46	1	extractps eax, xmm1, 46
movement_4525	insertps.reg	SSE	128	4	0	0	46	1	insertps xmm0, xmm1, 46
movement_4526	extractps.gpr	SSE	128	4	0	0	47	1	extractps eax, xmm1, 47
movement_4527	insertps.reg	SSE	128	4	0	0	47	1	insertps xmm0, xmm1, 47
movement_4528	extractps.gpr	SSE	128	4	0	0	48	1	extractps eax, xmm1, 48
movement_4529	insertps.reg	SSE	128	4	0	0	48	1	insertps xmm0, xmm1, 48
movement_4530	extractps.gpr	SSE	128	4	0	0	49	1	extractps eax, xmm1, 49
movement_4531	insertps.reg	SSE	128	4	0	0	49	1	insertps xmm0, xmm1, 49
movement_4532	extractps.gpr	SSE	128	4	0	0	50	1	extractps eax, xmm1, 50
movement_4533	insertps.reg	SSE	128	4	0	0	50	1	insertps xmm0, xmm1, 50
movement_4534	extractps.gpr	SSE	128	4	0	0	51	1	extractps eax, xmm1, 51
movement_4535	insertps.reg	SSE	128	4	0	0	51	1	insertps xmm0, xmm1, 51
movement_4536	extractps.gpr	SSE	128	4	0	0	52	1	extractps eax, xmm1, 52
movement_4537	insertps.reg	SSE	128	4	0	0	52	1	insertps xmm0, xmm1, 52
movement_4538	extractps.gpr	SSE	128	4	0	0	53	1	extractps eax, xmm1, 53
movement_4539	insertps.reg	SSE	128	4	0	0	53	1	insertps xmm0, xmm1, 53
movement_4540	extractps.gpr	SSE	128	4	0	0	54	1	extractps eax, xmm1, 54
movement_4541	insertps.reg	SSE	128	4	0	0	54	1	insertps xmm0, xmm1, 54
movement_4542	extractps.gpr	SSE	128	4	0	0	55	1	extractps eax, xmm1, 55
movement_4543	insertps.reg	SSE	128	4	0	0	55	1	insertps xmm0, xmm1, 55
movement_4544	extractps.gpr	SSE	128	4	0	0	56	1	extractps eax, xmm1, 56
movement_4545	insertps.reg	SSE	128	4	0	0	56	1	insertps xmm0, xmm1, 56
movement_4546	extractps.gpr	SSE	128	4	0	0	57	1	extractps eax, xmm1, 57
movement_4547	insertps.reg	SSE	128	4	0	0	57	1	insertps xmm0, xmm1, 57
movement_4548	extractps.gpr	SSE	128	4	0	0	58	1	extractps eax, xmm1, 58
movement_4549	insertps.reg	SSE	128	4	0	0	58	1	insertps xmm0, xmm1, 58
movement_4550	extractps.gpr	SSE	128	4	0	0	59	1	extractps eax, xmm1, 59
movement_4551	insertps.reg	SSE	128	4	0	0	59	1	insertps xmm0, xmm1, 59
movement_4552	extractps.gpr	SSE	128	4	0	0	60	1	extractps eax, xmm1, 60
movement_4553	insertps.reg	SSE	128	4	0	0	60	1	insertps xmm0, xmm1, 60
movement_4554	extractps.gpr	SSE	128	4	0	0	61	1	extractps eax, xmm1, 61
movement_4555	insertps.reg	SSE	128	4	0	0	61	1	insertps xmm0, xmm1, 61
movement_4556	extractps.gpr	SSE	128	4	0	0	62	1	extractps eax, xmm1, 62
movement_4557	insertps.reg	SSE	128	4	0	0	62	1	insertps xmm0, xmm1, 62
movement_4558	extractps.gpr	SSE	128	4	0	0	63	1	extractps eax, xmm1, 63
movement_4559	insertps.reg	SSE	128	4	0	0	63	1	insertps xmm0, xmm1, 63
movement_4560	extractps.gpr	SSE	128	4	0	0	64	1	extractps eax, xmm1, 64
movement_4561	insertps.reg	SSE	128	4	0	0	64	1	insertps xmm0, xmm1, 64
movement_4562	extractps.gpr	SSE	128	4	0	0	65	1	extractps eax, xmm1, 65
movement_4563	insertps.reg	SSE	128	4	0	0	65	1	insertps xmm0, xmm1, 65
movement_4564	extractps.gpr	SSE	128	4	0	0	66	1	extractps eax, xmm1, 66
movement_4565	insertps.reg	SSE	128	4	0	0	66	1	insertps xmm0, xmm1, 66
movement_4566	extractps.gpr	SSE	128	4	0	0	67	1	extractps eax, xmm1, 67
movement_4567	insertps.reg	SSE	128	4	0	0	67	1	insertps xmm0, xmm1, 67
movement_4568	extractps.gpr	SSE	128	4	0	0	68	1	extractps eax, xmm1, 68
movement_4569	insertps.reg	SSE	128	4	0	0	68	1	insertps xmm0, xmm1, 68
movement_4570	extractps.gpr	SSE	128	4	0	0	69	1	extractps eax, xmm1, 69
movement_4571	insertps.reg	SSE	128	4	0	0	69	1	insertps xmm0, xmm1, 69
movement_4572	extractps.gpr	SSE	128	4	0	0	70	1	extractps eax, xmm1, 70
movement_4573	insertps.reg	SSE	128	4	0	0	70	1	insertps xmm0, xmm1, 70
movement_4574	extractps.gpr	SSE	128	4	0	0	71	1	extractps eax, xmm1, 71
movement_4575	insertps.reg	SSE	128	4	0	0	71	1	insertps xmm0, xmm1, 71
movement_4576	extractps.gpr	SSE	128	4	0	0	72	1	extractps eax, xmm1, 72
movement_4577	insertps.reg	SSE	128	4	0	0	72	1	insertps xmm0, xmm1, 72
movement_4578	extractps.gpr	SSE	128	4	0	0	73	1	extractps eax, xmm1, 73
movement_4579	insertps.reg	SSE	128	4	0	0	73	1	insertps xmm0, xmm1, 73
movement_4580	extractps.gpr	SSE	128	4	0	0	74	1	extractps eax, xmm1, 74
movement_4581	insertps.reg	SSE	128	4	0	0	74	1	insertps xmm0, xmm1, 74
movement_4582	extractps.gpr	SSE	128	4	0	0	75	1	extractps eax, xmm1, 75
movement_4583	insertps.reg	SSE	128	4	0	0	75	1	insertps xmm0, xmm1, 75
movement_4584	extractps.gpr	SSE	128	4	0	0	76	1	extractps eax, xmm1, 76
movement_4585	insertps.reg	SSE	128	4	0	0	76	1	insertps xmm0, xmm1, 76
movement_4586	extractps.gpr	SSE	128	4	0	0	77	1	extractps eax, xmm1, 77
movement_4587	insertps.reg	SSE	128	4	0	0	77	1	insertps xmm0, xmm1, 77
movement_4588	extractps.gpr	SSE	128	4	0	0	78	1	extractps eax, xmm1, 78
movement_4589	insertps.reg	SSE	128	4	0	0	78	1	insertps xmm0, xmm1, 78
movement_4590	extractps.gpr	SSE	128	4	0	0	79	1	extractps eax, xmm1, 79
movement_4591	insertps.reg	SSE	128	4	0	0	79	1	insertps xmm0, xmm1, 79
movement_4592	extractps.gpr	SSE	128	4	0	0	80	1	extractps eax, xmm1, 80
movement_4593	insertps.reg	SSE	128	4	0	0	80	1	insertps xmm0, xmm1, 80
movement_4594	extractps.gpr	SSE	128	4	0	0	81	1	extractps eax, xmm1, 81
movement_4595	insertps.reg	SSE	128	4	0	0	81	1	insertps xmm0, xmm1, 81
movement_4596	extractps.gpr	SSE	128	4	0	0	82	1	extractps eax, xmm1, 82
movement_4597	insertps.reg	SSE	128	4	0	0	82	1	insertps xmm0, xmm1, 82
movement_4598	extractps.gpr	SSE	128	4	0	0	83	1	extractps eax, xmm1, 83
movement_4599	insertps.reg	SSE	128	4	0	0	83	1	insertps xmm0, xmm1, 83
movement_4600	extractps.gpr	SSE	128	4	0	0	84	1	extractps eax, xmm1, 84
movement_4601	insertps.reg	SSE	128	4	0	0	84	1	insertps xmm0, xmm1, 84
movement_4602	extractps.gpr	SSE	128	4	0	0	85	1	extractps eax, xmm1, 85
movement_4603	insertps.reg	SSE	128	4	0	0	85	1	insertps xmm0, xmm1, 85
movement_4604	extractps.gpr	SSE	128	4	0	0	86	1	extractps eax, xmm1, 86
movement_4605	insertps.reg	SSE	128	4	0	0	86	1	insertps xmm0, xmm1, 86
movement_4606	extractps.gpr	SSE	128	4	0	0	87	1	extractps eax, xmm1, 87
movement_4607	insertps.reg	SSE	128	4	0	0	87	1	insertps xmm0, xmm1, 87
movement_4608	extractps.gpr	SSE	128	4	0	0	88	1	extractps eax, xmm1, 88
movement_4609	insertps.reg	SSE	128	4	0	0	88	1	insertps xmm0, xmm1, 88
movement_4610	extractps.gpr	SSE	128	4	0	0	89	1	extractps eax, xmm1, 89
movement_4611	insertps.reg	SSE	128	4	0	0	89	1	insertps xmm0, xmm1, 89
movement_4612	extractps.gpr	SSE	128	4	0	0	90	1	extractps eax, xmm1, 90
movement_4613	insertps.reg	SSE	128	4	0	0	90	1	insertps xmm0, xmm1, 90
movement_4614	extractps.gpr	SSE	128	4	0	0	91	1	extractps eax, xmm1, 91
movement_4615	insertps.reg	SSE	128	4	0	0	91	1	insertps xmm0, xmm1, 91
movement_4616	extractps.gpr	SSE	128	4	0	0	92	1	extractps eax, xmm1, 92
movement_4617	insertps.reg	SSE	128	4	0	0	92	1	insertps xmm0, xmm1, 92
movement_4618	extractps.gpr	SSE	128	4	0	0	93	1	extractps eax, xmm1, 93
movement_4619	insertps.reg	SSE	128	4	0	0	93	1	insertps xmm0, xmm1, 93
movement_4620	extractps.gpr	SSE	128	4	0	0	94	1	extractps eax, xmm1, 94
movement_4621	insertps.reg	SSE	128	4	0	0	94	1	insertps xmm0, xmm1, 94
movement_4622	extractps.gpr	SSE	128	4	0	0	95	1	extractps eax, xmm1, 95
movement_4623	insertps.reg	SSE	128	4	0	0	95	1	insertps xmm0, xmm1, 95
movement_4624	extractps.gpr	SSE	128	4	0	0	96	1	extractps eax, xmm1, 96
movement_4625	insertps.reg	SSE	128	4	0	0	96	1	insertps xmm0, xmm1, 96
movement_4626	extractps.gpr	SSE	128	4	0	0	97	1	extractps eax, xmm1, 97
movement_4627	insertps.reg	SSE	128	4	0	0	97	1	insertps xmm0, xmm1, 97
movement_4628	extractps.gpr	SSE	128	4	0	0	98	1	extractps eax, xmm1, 98
movement_4629	insertps.reg	SSE	128	4	0	0	98	1	insertps xmm0, xmm1, 98
movement_4630	extractps.gpr	SSE	128	4	0	0	99	1	extractps eax, xmm1, 99
movement_4631	insertps.reg	SSE	128	4	0	0	99	1	insertps xmm0, xmm1, 99
movement_4632	extractps.gpr	SSE	128	4	0	0	100	1	extractps eax, xmm1, 100
movement_4633	insertps.reg	SSE	128	4	0	0	100	1	insertps xmm0, xmm1, 100
movement_4634	extractps.gpr	SSE	128	4	0	0	101	1	extractps eax, xmm1, 101
movement_4635	insertps.reg	SSE	128	4	0	0	101	1	insertps xmm0, xmm1, 101
movement_4636	extractps.gpr	SSE	128	4	0	0	102	1	extractps eax, xmm1, 102
movement_4637	insertps.reg	SSE	128	4	0	0	102	1	insertps xmm0, xmm1, 102
movement_4638	extractps.gpr	SSE	128	4	0	0	103	1	extractps eax, xmm1, 103
movement_4639	insertps.reg	SSE	128	4	0	0	103	1	insertps xmm0, xmm1, 103
movement_4640	extractps.gpr	SSE	128	4	0	0	104	1	extractps eax, xmm1, 104
movement_4641	insertps.reg	SSE	128	4	0	0	104	1	insertps xmm0, xmm1, 104
movement_4642	extractps.gpr	SSE	128	4	0	0	105	1	extractps eax, xmm1, 105
movement_4643	insertps.reg	SSE	128	4	0	0	105	1	insertps xmm0, xmm1, 105
movement_4644	extractps.gpr	SSE	128	4	0	0	106	1	extractps eax, xmm1, 106
movement_4645	insertps.reg	SSE	128	4	0	0	106	1	insertps xmm0, xmm1, 106
movement_4646	extractps.gpr	SSE	128	4	0	0	107	1	extractps eax, xmm1, 107
movement_4647	insertps.reg	SSE	128	4	0	0	107	1	insertps xmm0, xmm1, 107
movement_4648	extractps.gpr	SSE	128	4	0	0	108	1	extractps eax, xmm1, 108
movement_4649	insertps.reg	SSE	128	4	0	0	108	1	insertps xmm0, xmm1, 108
movement_4650	extractps.gpr	SSE	128	4	0	0	109	1	extractps eax, xmm1, 109
movement_4651	insertps.reg	SSE	128	4	0	0	109	1	insertps xmm0, xmm1, 109
movement_4652	extractps.gpr	SSE	128	4	0	0	110	1	extractps eax, xmm1, 110
movement_4653	insertps.reg	SSE	128	4	0	0	110	1	insertps xmm0, xmm1, 110
movement_4654	extractps.gpr	SSE	128	4	0	0	111	1	extractps eax, xmm1, 111
movement_4655	insertps.reg	SSE	128	4	0	0	111	1	insertps xmm0, xmm1, 111
movement_4656	extractps.gpr	SSE	128	4	0	0	112	1	extractps eax, xmm1, 112
movement_4657	insertps.reg	SSE	128	4	0	0	112	1	insertps xmm0, xmm1, 112
movement_4658	extractps.gpr	SSE	128	4	0	0	113	1	extractps eax, xmm1, 113
movement_4659	insertps.reg	SSE	128	4	0	0	113	1	insertps xmm0, xmm1, 113
movement_4660	extractps.gpr	SSE	128	4	0	0	114	1	extractps eax, xmm1, 114
movement_4661	insertps.reg	SSE	128	4	0	0	114	1	insertps xmm0, xmm1, 114
movement_4662	extractps.gpr	SSE	128	4	0	0	115	1	extractps eax, xmm1, 115
movement_4663	insertps.reg	SSE	128	4	0	0	115	1	insertps xmm0, xmm1, 115
movement_4664	extractps.gpr	SSE	128	4	0	0	116	1	extractps eax, xmm1, 116
movement_4665	insertps.reg	SSE	128	4	0	0	116	1	insertps xmm0, xmm1, 116
movement_4666	extractps.gpr	SSE	128	4	0	0	117	1	extractps eax, xmm1, 117
movement_4667	insertps.reg	SSE	128	4	0	0	117	1	insertps xmm0, xmm1, 117
movement_4668	extractps.gpr	SSE	128	4	0	0	118	1	extractps eax, xmm1, 118
movement_4669	insertps.reg	SSE	128	4	0	0	118	1	insertps xmm0, xmm1, 118
movement_4670	extractps.gpr	SSE	128	4	0	0	119	1	extractps eax, xmm1, 119
movement_4671	insertps.reg	SSE	128	4	0	0	119	1	insertps xmm0, xmm1, 119
movement_4672	extractps.gpr	SSE	128	4	0	0	120	1	extractps eax, xmm1, 120
movement_4673	insertps.reg	SSE	128	4	0	0	120	1	insertps xmm0, xmm1, 120
movement_4674	extractps.gpr	SSE	128	4	0	0	121	1	extractps eax, xmm1, 121
movement_4675	insertps.reg	SSE	128	4	0	0	121	1	insertps xmm0, xmm1, 121
movement_4676	extractps.gpr	SSE	128	4	0	0	122	1	extractps eax, xmm1, 122
movement_4677	insertps.reg	SSE	128	4	0	0	122	1	insertps xmm0, xmm1, 122
movement_4678	extractps.gpr	SSE	128	4	0	0	123	1	extractps eax, xmm1, 123
movement_4679	insertps.reg	SSE	128	4	0	0	123	1	insertps xmm0, xmm1, 123
movement_4680	extractps.gpr	SSE	128	4	0	0	124	1	extractps eax, xmm1, 124
movement_4681	insertps.reg	SSE	128	4	0	0	124	1	insertps xmm0, xmm1, 124
movement_4682	extractps.gpr	SSE	128	4	0	0	125	1	extractps eax, xmm1, 125
movement_4683	insertps.reg	SSE	128	4	0	0	125	1	insertps xmm0, xmm1, 125
movement_4684	extractps.gpr	SSE	128	4	0	0	126	1	extractps eax, xmm1, 126
movement_4685	insertps.reg	SSE	128	4	0	0	126	1	insertps xmm0, xmm1, 126
movement_4686	extractps.gpr	SSE	128	4	0	0	127	1	extractps eax, xmm1, 127
movement_4687	insertps.reg	SSE	128	4	0	0	127	1	insertps xmm0, xmm1, 127
movement_4688	extractps.gpr	SSE	128	4	0	0	128	1	extractps eax, xmm1, 128
movement_4689	insertps.reg	SSE	128	4	0	0	128	1	insertps xmm0, xmm1, 128
movement_4690	extractps.gpr	SSE	128	4	0	0	129	1	extractps eax, xmm1, 129
movement_4691	insertps.reg	SSE	128	4	0	0	129	1	insertps xmm0, xmm1, 129
movement_4692	extractps.gpr	SSE	128	4	0	0	130	1	extractps eax, xmm1, 130
movement_4693	insertps.reg	SSE	128	4	0	0	130	1	insertps xmm0, xmm1, 130
movement_4694	extractps.gpr	SSE	128	4	0	0	131	1	extractps eax, xmm1, 131
movement_4695	insertps.reg	SSE	128	4	0	0	131	1	insertps xmm0, xmm1, 131
movement_4696	extractps.gpr	SSE	128	4	0	0	132	1	extractps eax, xmm1, 132
movement_4697	insertps.reg	SSE	128	4	0	0	132	1	insertps xmm0, xmm1, 132
movement_4698	extractps.gpr	SSE	128	4	0	0	133	1	extractps eax, xmm1, 133
movement_4699	insertps.reg	SSE	128	4	0	0	133	1	insertps xmm0, xmm1, 133
movement_4700	extractps.gpr	SSE	128	4	0	0	134	1	extractps eax, xmm1, 134
movement_4701	insertps.reg	SSE	128	4	0	0	134	1	insertps xmm0, xmm1, 134
movement_4702	extractps.gpr	SSE	128	4	0	0	135	1	extractps eax, xmm1, 135
movement_4703	insertps.reg	SSE	128	4	0	0	135	1	insertps xmm0, xmm1, 135
movement_4704	extractps.gpr	SSE	128	4	0	0	136	1	extractps eax, xmm1, 136
movement_4705	insertps.reg	SSE	128	4	0	0	136	1	insertps xmm0, xmm1, 136
movement_4706	extractps.gpr	SSE	128	4	0	0	137	1	extractps eax, xmm1, 137
movement_4707	insertps.reg	SSE	128	4	0	0	137	1	insertps xmm0, xmm1, 137
movement_4708	extractps.gpr	SSE	128	4	0	0	138	1	extractps eax, xmm1, 138
movement_4709	insertps.reg	SSE	128	4	0	0	138	1	insertps xmm0, xmm1, 138
movement_4710	extractps.gpr	SSE	128	4	0	0	139	1	extractps eax, xmm1, 139
movement_4711	insertps.reg	SSE	128	4	0	0	139	1	insertps xmm0, xmm1, 139
movement_4712	extractps.gpr	SSE	128	4	0	0	140	1	extractps eax, xmm1, 140
movement_4713	insertps.reg	SSE	128	4	0	0	140	1	insertps xmm0, xmm1, 140
movement_4714	extractps.gpr	SSE	128	4	0	0	141	1	extractps eax, xmm1, 141
movement_4715	insertps.reg	SSE	128	4	0	0	141	1	insertps xmm0, xmm1, 141
movement_4716	extractps.gpr	SSE	128	4	0	0	142	1	extractps eax, xmm1, 142
movement_4717	insertps.reg	SSE	128	4	0	0	142	1	insertps xmm0, xmm1, 142
movement_4718	extractps.gpr	SSE	128	4	0	0	143	1	extractps eax, xmm1, 143
movement_4719	insertps.reg	SSE	128	4	0	0	143	1	insertps xmm0, xmm1, 143
movement_4720	extractps.gpr	SSE	128	4	0	0	144	1	extractps eax, xmm1, 144
movement_4721	insertps.reg	SSE	128	4	0	0	144	1	insertps xmm0, xmm1, 144
movement_4722	extractps.gpr	SSE	128	4	0	0	145	1	extractps eax, xmm1, 145
movement_4723	insertps.reg	SSE	128	4	0	0	145	1	insertps xmm0, xmm1, 145
movement_4724	extractps.gpr	SSE	128	4	0	0	146	1	extractps eax, xmm1, 146
movement_4725	insertps.reg	SSE	128	4	0	0	146	1	insertps xmm0, xmm1, 146
movement_4726	extractps.gpr	SSE	128	4	0	0	147	1	extractps eax, xmm1, 147
movement_4727	insertps.reg	SSE	128	4	0	0	147	1	insertps xmm0, xmm1, 147
movement_4728	extractps.gpr	SSE	128	4	0	0	148	1	extractps eax, xmm1, 148
movement_4729	insertps.reg	SSE	128	4	0	0	148	1	insertps xmm0, xmm1, 148
movement_4730	extractps.gpr	SSE	128	4	0	0	149	1	extractps eax, xmm1, 149
movement_4731	insertps.reg	SSE	128	4	0	0	149	1	insertps xmm0, xmm1, 149
movement_4732	extractps.gpr	SSE	128	4	0	0	150	1	extractps eax, xmm1, 150
movement_4733	insertps.reg	SSE	128	4	0	0	150	1	insertps xmm0, xmm1, 150
movement_4734	extractps.gpr	SSE	128	4	0	0	151	1	extractps eax, xmm1, 151
movement_4735	insertps.reg	SSE	128	4	0	0	151	1	insertps xmm0, xmm1, 151
movement_4736	extractps.gpr	SSE	128	4	0	0	152	1	extractps eax, xmm1, 152
movement_4737	insertps.reg	SSE	128	4	0	0	152	1	insertps xmm0, xmm1, 152
movement_4738	extractps.gpr	SSE	128	4	0	0	153	1	extractps eax, xmm1, 153
movement_4739	insertps.reg	SSE	128	4	0	0	153	1	insertps xmm0, xmm1, 153
movement_4740	extractps.gpr	SSE	128	4	0	0	154	1	extractps eax, xmm1, 154
movement_4741	insertps.reg	SSE	128	4	0	0	154	1	insertps xmm0, xmm1, 154
movement_4742	extractps.gpr	SSE	128	4	0	0	155	1	extractps eax, xmm1, 155
movement_4743	insertps.reg	SSE	128	4	0	0	155	1	insertps xmm0, xmm1, 155
movement_4744	extractps.gpr	SSE	128	4	0	0	156	1	extractps eax, xmm1, 156
movement_4745	insertps.reg	SSE	128	4	0	0	156	1	insertps xmm0, xmm1, 156
movement_4746	extractps.gpr	SSE	128	4	0	0	157	1	extractps eax, xmm1, 157
movement_4747	insertps.reg	SSE	128	4	0	0	157	1	insertps xmm0, xmm1, 157
movement_4748	extractps.gpr	SSE	128	4	0	0	158	1	extractps eax, xmm1, 158
movement_4749	insertps.reg	SSE	128	4	0	0	158	1	insertps xmm0, xmm1, 158
movement_4750	extractps.gpr	SSE	128	4	0	0	159	1	extractps eax, xmm1, 159
movement_4751	insertps.reg	SSE	128	4	0	0	159	1	insertps xmm0, xmm1, 159
movement_4752	extractps.gpr	SSE	128	4	0	0	160	1	extractps eax, xmm1, 160
movement_4753	insertps.reg	SSE	128	4	0	0	160	1	insertps xmm0, xmm1, 160
movement_4754	extractps.gpr	SSE	128	4	0	0	161	1	extractps eax, xmm1, 161
movement_4755	insertps.reg	SSE	128	4	0	0	161	1	insertps xmm0, xmm1, 161
movement_4756	extractps.gpr	SSE	128	4	0	0	162	1	extractps eax, xmm1, 162
movement_4757	insertps.reg	SSE	128	4	0	0	162	1	insertps xmm0, xmm1, 162
movement_4758	extractps.gpr	SSE	128	4	0	0	163	1	extractps eax, xmm1, 163
movement_4759	insertps.reg	SSE	128	4	0	0	163	1	insertps xmm0, xmm1, 163
movement_4760	extractps.gpr	SSE	128	4	0	0	164	1	extractps eax, xmm1, 164
movement_4761	insertps.reg	SSE	128	4	0	0	164	1	insertps xmm0, xmm1, 164
movement_4762	extractps.gpr	SSE	128	4	0	0	165	1	extractps eax, xmm1, 165
movement_4763	insertps.reg	SSE	128	4	0	0	165	1	insertps xmm0, xmm1, 165
movement_4764	extractps.gpr	SSE	128	4	0	0	166	1	extractps eax, xmm1, 166
movement_4765	insertps.reg	SSE	128	4	0	0	166	1	insertps xmm0, xmm1, 166
movement_4766	extractps.gpr	SSE	128	4	0	0	167	1	extractps eax, xmm1, 167
movement_4767	insertps.reg	SSE	128	4	0	0	167	1	insertps xmm0, xmm1, 167
movement_4768	extractps.gpr	SSE	128	4	0	0	168	1	extractps eax, xmm1, 168
movement_4769	insertps.reg	SSE	128	4	0	0	168	1	insertps xmm0, xmm1, 168
movement_4770	extractps.gpr	SSE	128	4	0	0	169	1	extractps eax, xmm1, 169
movement_4771	insertps.reg	SSE	128	4	0	0	169	1	insertps xmm0, xmm1, 169
movement_4772	extractps.gpr	SSE	128	4	0	0	170	1	extractps eax, xmm1, 170
movement_4773	insertps.reg	SSE	128	4	0	0	170	1	insertps xmm0, xmm1, 170
movement_4774	extractps.gpr	SSE	128	4	0	0	171	1	extractps eax, xmm1, 171
movement_4775	insertps.reg	SSE	128	4	0	0	171	1	insertps xmm0, xmm1, 171
movement_4776	extractps.gpr	SSE	128	4	0	0	172	1	extractps eax, xmm1, 172
movement_4777	insertps.reg	SSE	128	4	0	0	172	1	insertps xmm0, xmm1, 172
movement_4778	extractps.gpr	SSE	128	4	0	0	173	1	extractps eax, xmm1, 173
movement_4779	insertps.reg	SSE	128	4	0	0	173	1	insertps xmm0, xmm1, 173
movement_4780	extractps.gpr	SSE	128	4	0	0	174	1	extractps eax, xmm1, 174
movement_4781	insertps.reg	SSE	128	4	0	0	174	1	insertps xmm0, xmm1, 174
movement_4782	extractps.gpr	SSE	128	4	0	0	175	1	extractps eax, xmm1, 175
movement_4783	insertps.reg	SSE	128	4	0	0	175	1	insertps xmm0, xmm1, 175
movement_4784	extractps.gpr	SSE	128	4	0	0	176	1	extractps eax, xmm1, 176
movement_4785	insertps.reg	SSE	128	4	0	0	176	1	insertps xmm0, xmm1, 176
movement_4786	extractps.gpr	SSE	128	4	0	0	177	1	extractps eax, xmm1, 177
movement_4787	insertps.reg	SSE	128	4	0	0	177	1	insertps xmm0, xmm1, 177
movement_4788	extractps.gpr	SSE	128	4	0	0	178	1	extractps eax, xmm1, 178
movement_4789	insertps.reg	SSE	128	4	0	0	178	1	insertps xmm0, xmm1, 178
movement_4790	extractps.gpr	SSE	128	4	0	0	179	1	extractps eax, xmm1, 179
movement_4791	insertps.reg	SSE	128	4	0	0	179	1	insertps xmm0, xmm1, 179
movement_4792	extractps.gpr	SSE	128	4	0	0	180	1	extractps eax, xmm1, 180
movement_4793	insertps.reg	SSE	128	4	0	0	180	1	insertps xmm0, xmm1, 180
movement_4794	extractps.gpr	SSE	128	4	0	0	181	1	extractps eax, xmm1, 181
movement_4795	insertps.reg	SSE	128	4	0	0	181	1	insertps xmm0, xmm1, 181
movement_4796	extractps.gpr	SSE	128	4	0	0	182	1	extractps eax, xmm1, 182
movement_4797	insertps.reg	SSE	128	4	0	0	182	1	insertps xmm0, xmm1, 182
movement_4798	extractps.gpr	SSE	128	4	0	0	183	1	extractps eax, xmm1, 183
movement_4799	insertps.reg	SSE	128	4	0	0	183	1	insertps xmm0, xmm1, 183
movement_4800	extractps.gpr	SSE	128	4	0	0	184	1	extractps eax, xmm1, 184
movement_4801	insertps.reg	SSE	128	4	0	0	184	1	insertps xmm0, xmm1, 184
movement_4802	extractps.gpr	SSE	128	4	0	0	185	1	extractps eax, xmm1, 185
movement_4803	insertps.reg	SSE	128	4	0	0	185	1	insertps xmm0, xmm1, 185
movement_4804	extractps.gpr	SSE	128	4	0	0	186	1	extractps eax, xmm1, 186
movement_4805	insertps.reg	SSE	128	4	0	0	186	1	insertps xmm0, xmm1, 186
movement_4806	extractps.gpr	SSE	128	4	0	0	187	1	extractps eax, xmm1, 187
movement_4807	insertps.reg	SSE	128	4	0	0	187	1	insertps xmm0, xmm1, 187
movement_4808	extractps.gpr	SSE	128	4	0	0	188	1	extractps eax, xmm1, 188
movement_4809	insertps.reg	SSE	128	4	0	0	188	1	insertps xmm0, xmm1, 188
movement_4810	extractps.gpr	SSE	128	4	0	0	189	1	extractps eax, xmm1, 189
movement_4811	insertps.reg	SSE	128	4	0	0	189	1	insertps xmm0, xmm1, 189
movement_4812	extractps.gpr	SSE	128	4	0	0	190	1	extractps eax, xmm1, 190
movement_4813	insertps.reg	SSE	128	4	0	0	190	1	insertps xmm0, xmm1, 190
movement_4814	extractps.gpr	SSE	128	4	0	0	191	1	extractps eax, xmm1, 191
movement_4815	insertps.reg	SSE	128	4	0	0	191	1	insertps xmm0, xmm1, 191
movement_4816	extractps.gpr	SSE	128	4	0	0	192	1	extractps eax, xmm1, 192
movement_4817	insertps.reg	SSE	128	4	0	0	192	1	insertps xmm0, xmm1, 192
movement_4818	extractps.gpr	SSE	128	4	0	0	193	1	extractps eax, xmm1, 193
movement_4819	insertps.reg	SSE	128	4	0	0	193	1	insertps xmm0, xmm1, 193
movement_4820	extractps.gpr	SSE	128	4	0	0	194	1	extractps eax, xmm1, 194
movement_4821	insertps.reg	SSE	128	4	0	0	194	1	insertps xmm0, xmm1, 194
movement_4822	extractps.gpr	SSE	128	4	0	0	195	1	extractps eax, xmm1, 195
movement_4823	insertps.reg	SSE	128	4	0	0	195	1	insertps xmm0, xmm1, 195
movement_4824	extractps.gpr	SSE	128	4	0	0	196	1	extractps eax, xmm1, 196
movement_4825	insertps.reg	SSE	128	4	0	0	196	1	insertps xmm0, xmm1, 196
movement_4826	extractps.gpr	SSE	128	4	0	0	197	1	extractps eax, xmm1, 197
movement_4827	insertps.reg	SSE	128	4	0	0	197	1	insertps xmm0, xmm1, 197
movement_4828	extractps.gpr	SSE	128	4	0	0	198	1	extractps eax, xmm1, 198
movement_4829	insertps.reg	SSE	128	4	0	0	198	1	insertps xmm0, xmm1, 198
movement_4830	extractps.gpr	SSE	128	4	0	0	199	1	extractps eax, xmm1, 199
movement_4831	insertps.reg	SSE	128	4	0	0	199	1	insertps xmm0, xmm1, 199
movement_4832	extractps.gpr	SSE	128	4	0	0	200	1	extractps eax, xmm1, 200
movement_4833	insertps.reg	SSE	128	4	0	0	200	1	insertps xmm0, xmm1, 200
movement_4834	extractps.gpr	SSE	128	4	0	0	201	1	extractps eax, xmm1, 201
movement_4835	insertps.reg	SSE	128	4	0	0	201	1	insertps xmm0, xmm1, 201
movement_4836	extractps.gpr	SSE	128	4	0	0	202	1	extractps eax, xmm1, 202
movement_4837	insertps.reg	SSE	128	4	0	0	202	1	insertps xmm0, xmm1, 202
movement_4838	extractps.gpr	SSE	128	4	0	0	203	1	extractps eax, xmm1, 203
movement_4839	insertps.reg	SSE	128	4	0	0	203	1	insertps xmm0, xmm1, 203
movement_4840	extractps.gpr	SSE	128	4	0	0	204	1	extractps eax, xmm1, 204
movement_4841	insertps.reg	SSE	128	4	0	0	204	1	insertps xmm0, xmm1, 204
movement_4842	extractps.gpr	SSE	128	4	0	0	205	1	extractps eax, xmm1, 205
movement_4843	insertps.reg	SSE	128	4	0	0	205	1	insertps xmm0, xmm1, 205
movement_4844	extractps.gpr	SSE	128	4	0	0	206	1	extractps eax, xmm1, 206
movement_4845	insertps.reg	SSE	128	4	0	0	206	1	insertps xmm0, xmm1, 206
movement_4846	extractps.gpr	SSE	128	4	0	0	207	1	extractps eax, xmm1, 207
movement_4847	insertps.reg	SSE	128	4	0	0	207	1	insertps xmm0, xmm1, 207
movement_4848	extractps.gpr	SSE	128	4	0	0	208	1	extractps eax, xmm1, 208
movement_4849	insertps.reg	SSE	128	4	0	0	208	1	insertps xmm0, xmm1, 208
movement_4850	extractps.gpr	SSE	128	4	0	0	209	1	extractps eax, xmm1, 209
movement_4851	insertps.reg	SSE	128	4	0	0	209	1	insertps xmm0, xmm1, 209
movement_4852	extractps.gpr	SSE	128	4	0	0	210	1	extractps eax, xmm1, 210
movement_4853	insertps.reg	SSE	128	4	0	0	210	1	insertps xmm0, xmm1, 210
movement_4854	extractps.gpr	SSE	128	4	0	0	211	1	extractps eax, xmm1, 211
movement_4855	insertps.reg	SSE	128	4	0	0	211	1	insertps xmm0, xmm1, 211
movement_4856	extractps.gpr	SSE	128	4	0	0	212	1	extractps eax, xmm1, 212
movement_4857	insertps.reg	SSE	128	4	0	0	212	1	insertps xmm0, xmm1, 212
movement_4858	extractps.gpr	SSE	128	4	0	0	213	1	extractps eax, xmm1, 213
movement_4859	insertps.reg	SSE	128	4	0	0	213	1	insertps xmm0, xmm1, 213
movement_4860	extractps.gpr	SSE	128	4	0	0	214	1	extractps eax, xmm1, 214
movement_4861	insertps.reg	SSE	128	4	0	0	214	1	insertps xmm0, xmm1, 214
movement_4862	extractps.gpr	SSE	128	4	0	0	215	1	extractps eax, xmm1, 215
movement_4863	insertps.reg	SSE	128	4	0	0	215	1	insertps xmm0, xmm1, 215
movement_4864	extractps.gpr	SSE	128	4	0	0	216	1	extractps eax, xmm1, 216
movement_4865	insertps.reg	SSE	128	4	0	0	216	1	insertps xmm0, xmm1, 216
movement_4866	extractps.gpr	SSE	128	4	0	0	217	1	extractps eax, xmm1, 217
movement_4867	insertps.reg	SSE	128	4	0	0	217	1	insertps xmm0, xmm1, 217
movement_4868	extractps.gpr	SSE	128	4	0	0	218	1	extractps eax, xmm1, 218
movement_4869	insertps.reg	SSE	128	4	0	0	218	1	insertps xmm0, xmm1, 218
movement_4870	extractps.gpr	SSE	128	4	0	0	219	1	extractps eax, xmm1, 219
movement_4871	insertps.reg	SSE	128	4	0	0	219	1	insertps xmm0, xmm1, 219
movement_4872	extractps.gpr	SSE	128	4	0	0	220	1	extractps eax, xmm1, 220
movement_4873	insertps.reg	SSE	128	4	0	0	220	1	insertps xmm0, xmm1, 220
movement_4874	extractps.gpr	SSE	128	4	0	0	221	1	extractps eax, xmm1, 221
movement_4875	insertps.reg	SSE	128	4	0	0	221	1	insertps xmm0, xmm1, 221
movement_4876	extractps.gpr	SSE	128	4	0	0	222	1	extractps eax, xmm1, 222
movement_4877	insertps.reg	SSE	128	4	0	0	222	1	insertps xmm0, xmm1, 222
movement_4878	extractps.gpr	SSE	128	4	0	0	223	1	extractps eax, xmm1, 223
movement_4879	insertps.reg	SSE	128	4	0	0	223	1	insertps xmm0, xmm1, 223
movement_4880	extractps.gpr	SSE	128	4	0	0	224	1	extractps eax, xmm1, 224
movement_4881	insertps.reg	SSE	128	4	0	0	224	1	insertps xmm0, xmm1, 224
movement_4882	extractps.gpr	SSE	128	4	0	0	225	1	extractps eax, xmm1, 225
movement_4883	insertps.reg	SSE	128	4	0	0	225	1	insertps xmm0, xmm1, 225
movement_4884	extractps.gpr	SSE	128	4	0	0	226	1	extractps eax, xmm1, 226
movement_4885	insertps.reg	SSE	128	4	0	0	226	1	insertps xmm0, xmm1, 226
movement_4886	extractps.gpr	SSE	128	4	0	0	227	1	extractps eax, xmm1, 227
movement_4887	insertps.reg	SSE	128	4	0	0	227	1	insertps xmm0, xmm1, 227
movement_4888	extractps.gpr	SSE	128	4	0	0	228	1	extractps eax, xmm1, 228
movement_4889	insertps.reg	SSE	128	4	0	0	228	1	insertps xmm0, xmm1, 228
movement_4890	extractps.gpr	SSE	128	4	0	0	229	1	extractps eax, xmm1, 229
movement_4891	insertps.reg	SSE	128	4	0	0	229	1	insertps xmm0, xmm1, 229
movement_4892	extractps.gpr	SSE	128	4	0	0	230	1	extractps eax, xmm1, 230
movement_4893	insertps.reg	SSE	128	4	0	0	230	1	insertps xmm0, xmm1, 230
movement_4894	extractps.gpr	SSE	128	4	0	0	231	1	extractps eax, xmm1, 231
movement_4895	insertps.reg	SSE	128	4	0	0	231	1	insertps xmm0, xmm1, 231
movement_4896	extractps.gpr	SSE	128	4	0	0	232	1	extractps eax, xmm1, 232
movement_4897	insertps.reg	SSE	128	4	0	0	232	1	insertps xmm0, xmm1, 232
movement_4898	extractps.gpr	SSE	128	4	0	0	233	1	extractps eax, xmm1, 233
movement_4899	insertps.reg	SSE	128	4	0	0	233	1	insertps xmm0, xmm1, 233
movement_4900	extractps.gpr	SSE	128	4	0	0	234	1	extractps eax, xmm1, 234
movement_4901	insertps.reg	SSE	128	4	0	0	234	1	insertps xmm0, xmm1, 234
movement_4902	extractps.gpr	SSE	128	4	0	0	235	1	extractps eax, xmm1, 235
movement_4903	insertps.reg	SSE	128	4	0	0	235	1	insertps xmm0, xmm1, 235
movement_4904	extractps.gpr	SSE	128	4	0	0	236	1	extractps eax, xmm1, 236
movement_4905	insertps.reg	SSE	128	4	0	0	236	1	insertps xmm0, xmm1, 236
movement_4906	extractps.gpr	SSE	128	4	0	0	237	1	extractps eax, xmm1, 237
movement_4907	insertps.reg	SSE	128	4	0	0	237	1	insertps xmm0, xmm1, 237
movement_4908	extractps.gpr	SSE	128	4	0	0	238	1	extractps eax, xmm1, 238
movement_4909	insertps.reg	SSE	128	4	0	0	238	1	insertps xmm0, xmm1, 238
movement_4910	extractps.gpr	SSE	128	4	0	0	239	1	extractps eax, xmm1, 239
movement_4911	insertps.reg	SSE	128	4	0	0	239	1	insertps xmm0, xmm1, 239
movement_4912	extractps.gpr	SSE	128	4	0	0	240	1	extractps eax, xmm1, 240
movement_4913	insertps.reg	SSE	128	4	0	0	240	1	insertps xmm0, xmm1, 240
movement_4914	extractps.gpr	SSE	128	4	0	0	241	1	extractps eax, xmm1, 241
movement_4915	insertps.reg	SSE	128	4	0	0	241	1	insertps xmm0, xmm1, 241
movement_4916	extractps.gpr	SSE	128	4	0	0	242	1	extractps eax, xmm1, 242
movement_4917	insertps.reg	SSE	128	4	0	0	242	1	insertps xmm0, xmm1, 242
movement_4918	extractps.gpr	SSE	128	4	0	0	243	1	extractps eax, xmm1, 243
movement_4919	insertps.reg	SSE	128	4	0	0	243	1	insertps xmm0, xmm1, 243
movement_4920	extractps.gpr	SSE	128	4	0	0	244	1	extractps eax, xmm1, 244
movement_4921	insertps.reg	SSE	128	4	0	0	244	1	insertps xmm0, xmm1, 244
movement_4922	extractps.gpr	SSE	128	4	0	0	245	1	extractps eax, xmm1, 245
movement_4923	insertps.reg	SSE	128	4	0	0	245	1	insertps xmm0, xmm1, 245
movement_4924	extractps.gpr	SSE	128	4	0	0	246	1	extractps eax, xmm1, 246
movement_4925	insertps.reg	SSE	128	4	0	0	246	1	insertps xmm0, xmm1, 246
movement_4926	extractps.gpr	SSE	128	4	0	0	247	1	extractps eax, xmm1, 247
movement_4927	insertps.reg	SSE	128	4	0	0	247	1	insertps xmm0, xmm1, 247
movement_4928	extractps.gpr	SSE	128	4	0	0	248	1	extractps eax, xmm1, 248
movement_4929	insertps.reg	SSE	128	4	0	0	248	1	insertps xmm0, xmm1, 248
movement_4930	extractps.gpr	SSE	128	4	0	0	249	1	extractps eax, xmm1, 249
movement_4931	insertps.reg	SSE	128	4	0	0	249	1	insertps xmm0, xmm1, 249
movement_4932	extractps.gpr	SSE	128	4	0	0	250	1	extractps eax, xmm1, 250
movement_4933	insertps.reg	SSE	128	4	0	0	250	1	insertps xmm0, xmm1, 250
movement_4934	extractps.gpr	SSE	128	4	0	0	251	1	extractps eax, xmm1, 251
movement_4935	insertps.reg	SSE	128	4	0	0	251	1	insertps xmm0, xmm1, 251
movement_4936	extractps.gpr	SSE	128	4	0	0	252	1	extractps eax, xmm1, 252
movement_4937	insertps.reg	SSE	128	4	0	0	252	1	insertps xmm0, xmm1, 252
movement_4938	extractps.gpr	SSE	128	4	0	0	253	1	extractps eax, xmm1, 253
movement_4939	insertps.reg	SSE	128	4	0	0	253	1	insertps xmm0, xmm1, 253
movement_4940	extractps.gpr	SSE	128	4	0	0	254	1	extractps eax, xmm1, 254
movement_4941	insertps.reg	SSE	128	4	0	0	254	1	insertps xmm0, xmm1, 254
movement_4942	extractps.gpr	SSE	128	4	0	0	255	1	extractps eax, xmm1, 255
movement_4943	insertps.reg	SSE	128	4	0	0	255	1	insertps xmm0, xmm1, 255
movement_4944	extractps.mem	SSE	128	4	0	2	0	1	extractps [rsi], xmm1, 0
movement_4945	insertps.mem	SSE	128	4	0	1	0	1	insertps xmm0, [rsi], 0
movement_4946	extractps.mem	SSE	128	4	0	2	1	1	extractps [rsi], xmm1, 1
movement_4947	insertps.mem	SSE	128	4	0	1	1	1	insertps xmm0, [rsi], 1
movement_4948	extractps.mem	SSE	128	4	0	2	2	1	extractps [rsi], xmm1, 2
movement_4949	insertps.mem	SSE	128	4	0	1	2	1	insertps xmm0, [rsi], 2
movement_4950	extractps.mem	SSE	128	4	0	2	3	1	extractps [rsi], xmm1, 3
movement_4951	insertps.mem	SSE	128	4	0	1	3	1	insertps xmm0, [rsi], 3
movement_4952	extractps.mem	SSE	128	4	0	2	4	1	extractps [rsi], xmm1, 4
movement_4953	insertps.mem	SSE	128	4	0	1	4	1	insertps xmm0, [rsi], 4
movement_4954	extractps.mem	SSE	128	4	0	2	5	1	extractps [rsi], xmm1, 5
movement_4955	insertps.mem	SSE	128	4	0	1	5	1	insertps xmm0, [rsi], 5
movement_4956	extractps.mem	SSE	128	4	0	2	6	1	extractps [rsi], xmm1, 6
movement_4957	insertps.mem	SSE	128	4	0	1	6	1	insertps xmm0, [rsi], 6
movement_4958	extractps.mem	SSE	128	4	0	2	7	1	extractps [rsi], xmm1, 7
movement_4959	insertps.mem	SSE	128	4	0	1	7	1	insertps xmm0, [rsi], 7
movement_4960	extractps.mem	SSE	128	4	0	2	8	1	extractps [rsi], xmm1, 8
movement_4961	insertps.mem	SSE	128	4	0	1	8	1	insertps xmm0, [rsi], 8
movement_4962	extractps.mem	SSE	128	4	0	2	9	1	extractps [rsi], xmm1, 9
movement_4963	insertps.mem	SSE	128	4	0	1	9	1	insertps xmm0, [rsi], 9
movement_4964	extractps.mem	SSE	128	4	0	2	10	1	extractps [rsi], xmm1, 10
movement_4965	insertps.mem	SSE	128	4	0	1	10	1	insertps xmm0, [rsi], 10
movement_4966	extractps.mem	SSE	128	4	0	2	11	1	extractps [rsi], xmm1, 11
movement_4967	insertps.mem	SSE	128	4	0	1	11	1	insertps xmm0, [rsi], 11
movement_4968	extractps.mem	SSE	128	4	0	2	12	1	extractps [rsi], xmm1, 12
movement_4969	insertps.mem	SSE	128	4	0	1	12	1	insertps xmm0, [rsi], 12
movement_4970	extractps.mem	SSE	128	4	0	2	13	1	extractps [rsi], xmm1, 13
movement_4971	insertps.mem	SSE	128	4	0	1	13	1	insertps xmm0, [rsi], 13
movement_4972	extractps.mem	SSE	128	4	0	2	14	1	extractps [rsi], xmm1, 14
movement_4973	insertps.mem	SSE	128	4	0	1	14	1	insertps xmm0, [rsi], 14
movement_4974	extractps.mem	SSE	128	4	0	2	15	1	extractps [rsi], xmm1, 15
movement_4975	insertps.mem	SSE	128	4	0	1	15	1	insertps xmm0, [rsi], 15
movement_4976	extractps.mem	SSE	128	4	0	2	16	1	extractps [rsi], xmm1, 16
movement_4977	insertps.mem	SSE	128	4	0	1	16	1	insertps xmm0, [rsi], 16
movement_4978	extractps.mem	SSE	128	4	0	2	17	1	extractps [rsi], xmm1, 17
movement_4979	insertps.mem	SSE	128	4	0	1	17	1	insertps xmm0, [rsi], 17
movement_4980	extractps.mem	SSE	128	4	0	2	18	1	extractps [rsi], xmm1, 18
movement_4981	insertps.mem	SSE	128	4	0	1	18	1	insertps xmm0, [rsi], 18
movement_4982	extractps.mem	SSE	128	4	0	2	19	1	extractps [rsi], xmm1, 19
movement_4983	insertps.mem	SSE	128	4	0	1	19	1	insertps xmm0, [rsi], 19
movement_4984	extractps.mem	SSE	128	4	0	2	20	1	extractps [rsi], xmm1, 20
movement_4985	insertps.mem	SSE	128	4	0	1	20	1	insertps xmm0, [rsi], 20
movement_4986	extractps.mem	SSE	128	4	0	2	21	1	extractps [rsi], xmm1, 21
movement_4987	insertps.mem	SSE	128	4	0	1	21	1	insertps xmm0, [rsi], 21
movement_4988	extractps.mem	SSE	128	4	0	2	22	1	extractps [rsi], xmm1, 22
movement_4989	insertps.mem	SSE	128	4	0	1	22	1	insertps xmm0, [rsi], 22
movement_4990	extractps.mem	SSE	128	4	0	2	23	1	extractps [rsi], xmm1, 23
movement_4991	insertps.mem	SSE	128	4	0	1	23	1	insertps xmm0, [rsi], 23
movement_4992	extractps.mem	SSE	128	4	0	2	24	1	extractps [rsi], xmm1, 24
movement_4993	insertps.mem	SSE	128	4	0	1	24	1	insertps xmm0, [rsi], 24
movement_4994	extractps.mem	SSE	128	4	0	2	25	1	extractps [rsi], xmm1, 25
movement_4995	insertps.mem	SSE	128	4	0	1	25	1	insertps xmm0, [rsi], 25
movement_4996	extractps.mem	SSE	128	4	0	2	26	1	extractps [rsi], xmm1, 26
movement_4997	insertps.mem	SSE	128	4	0	1	26	1	insertps xmm0, [rsi], 26
movement_4998	extractps.mem	SSE	128	4	0	2	27	1	extractps [rsi], xmm1, 27
movement_4999	insertps.mem	SSE	128	4	0	1	27	1	insertps xmm0, [rsi], 27
movement_5000	extractps.mem	SSE	128	4	0	2	28	1	extractps [rsi], xmm1, 28
movement_5001	insertps.mem	SSE	128	4	0	1	28	1	insertps xmm0, [rsi], 28
movement_5002	extractps.mem	SSE	128	4	0	2	29	1	extractps [rsi], xmm1, 29
movement_5003	insertps.mem	SSE	128	4	0	1	29	1	insertps xmm0, [rsi], 29
movement_5004	extractps.mem	SSE	128	4	0	2	30	1	extractps [rsi], xmm1, 30
movement_5005	insertps.mem	SSE	128	4	0	1	30	1	insertps xmm0, [rsi], 30
movement_5006	extractps.mem	SSE	128	4	0	2	31	1	extractps [rsi], xmm1, 31
movement_5007	insertps.mem	SSE	128	4	0	1	31	1	insertps xmm0, [rsi], 31
movement_5008	extractps.mem	SSE	128	4	0	2	32	1	extractps [rsi], xmm1, 32
movement_5009	insertps.mem	SSE	128	4	0	1	32	1	insertps xmm0, [rsi], 32
movement_5010	extractps.mem	SSE	128	4	0	2	33	1	extractps [rsi], xmm1, 33
movement_5011	insertps.mem	SSE	128	4	0	1	33	1	insertps xmm0, [rsi], 33
movement_5012	extractps.mem	SSE	128	4	0	2	34	1	extractps [rsi], xmm1, 34
movement_5013	insertps.mem	SSE	128	4	0	1	34	1	insertps xmm0, [rsi], 34
movement_5014	extractps.mem	SSE	128	4	0	2	35	1	extractps [rsi], xmm1, 35
movement_5015	insertps.mem	SSE	128	4	0	1	35	1	insertps xmm0, [rsi], 35
movement_5016	extractps.mem	SSE	128	4	0	2	36	1	extractps [rsi], xmm1, 36
movement_5017	insertps.mem	SSE	128	4	0	1	36	1	insertps xmm0, [rsi], 36
movement_5018	extractps.mem	SSE	128	4	0	2	37	1	extractps [rsi], xmm1, 37
movement_5019	insertps.mem	SSE	128	4	0	1	37	1	insertps xmm0, [rsi], 37
movement_5020	extractps.mem	SSE	128	4	0	2	38	1	extractps [rsi], xmm1, 38
movement_5021	insertps.mem	SSE	128	4	0	1	38	1	insertps xmm0, [rsi], 38
movement_5022	extractps.mem	SSE	128	4	0	2	39	1	extractps [rsi], xmm1, 39
movement_5023	insertps.mem	SSE	128	4	0	1	39	1	insertps xmm0, [rsi], 39
movement_5024	extractps.mem	SSE	128	4	0	2	40	1	extractps [rsi], xmm1, 40
movement_5025	insertps.mem	SSE	128	4	0	1	40	1	insertps xmm0, [rsi], 40
movement_5026	extractps.mem	SSE	128	4	0	2	41	1	extractps [rsi], xmm1, 41
movement_5027	insertps.mem	SSE	128	4	0	1	41	1	insertps xmm0, [rsi], 41
movement_5028	extractps.mem	SSE	128	4	0	2	42	1	extractps [rsi], xmm1, 42
movement_5029	insertps.mem	SSE	128	4	0	1	42	1	insertps xmm0, [rsi], 42
movement_5030	extractps.mem	SSE	128	4	0	2	43	1	extractps [rsi], xmm1, 43
movement_5031	insertps.mem	SSE	128	4	0	1	43	1	insertps xmm0, [rsi], 43
movement_5032	extractps.mem	SSE	128	4	0	2	44	1	extractps [rsi], xmm1, 44
movement_5033	insertps.mem	SSE	128	4	0	1	44	1	insertps xmm0, [rsi], 44
movement_5034	extractps.mem	SSE	128	4	0	2	45	1	extractps [rsi], xmm1, 45
movement_5035	insertps.mem	SSE	128	4	0	1	45	1	insertps xmm0, [rsi], 45
movement_5036	extractps.mem	SSE	128	4	0	2	46	1	extractps [rsi], xmm1, 46
movement_5037	insertps.mem	SSE	128	4	0	1	46	1	insertps xmm0, [rsi], 46
movement_5038	extractps.mem	SSE	128	4	0	2	47	1	extractps [rsi], xmm1, 47
movement_5039	insertps.mem	SSE	128	4	0	1	47	1	insertps xmm0, [rsi], 47
movement_5040	extractps.mem	SSE	128	4	0	2	48	1	extractps [rsi], xmm1, 48
movement_5041	insertps.mem	SSE	128	4	0	1	48	1	insertps xmm0, [rsi], 48
movement_5042	extractps.mem	SSE	128	4	0	2	49	1	extractps [rsi], xmm1, 49
movement_5043	insertps.mem	SSE	128	4	0	1	49	1	insertps xmm0, [rsi], 49
movement_5044	extractps.mem	SSE	128	4	0	2	50	1	extractps [rsi], xmm1, 50
movement_5045	insertps.mem	SSE	128	4	0	1	50	1	insertps xmm0, [rsi], 50
movement_5046	extractps.mem	SSE	128	4	0	2	51	1	extractps [rsi], xmm1, 51
movement_5047	insertps.mem	SSE	128	4	0	1	51	1	insertps xmm0, [rsi], 51
movement_5048	extractps.mem	SSE	128	4	0	2	52	1	extractps [rsi], xmm1, 52
movement_5049	insertps.mem	SSE	128	4	0	1	52	1	insertps xmm0, [rsi], 52
movement_5050	extractps.mem	SSE	128	4	0	2	53	1	extractps [rsi], xmm1, 53
movement_5051	insertps.mem	SSE	128	4	0	1	53	1	insertps xmm0, [rsi], 53
movement_5052	extractps.mem	SSE	128	4	0	2	54	1	extractps [rsi], xmm1, 54
movement_5053	insertps.mem	SSE	128	4	0	1	54	1	insertps xmm0, [rsi], 54
movement_5054	extractps.mem	SSE	128	4	0	2	55	1	extractps [rsi], xmm1, 55
movement_5055	insertps.mem	SSE	128	4	0	1	55	1	insertps xmm0, [rsi], 55
movement_5056	extractps.mem	SSE	128	4	0	2	56	1	extractps [rsi], xmm1, 56
movement_5057	insertps.mem	SSE	128	4	0	1	56	1	insertps xmm0, [rsi], 56
movement_5058	extractps.mem	SSE	128	4	0	2	57	1	extractps [rsi], xmm1, 57
movement_5059	insertps.mem	SSE	128	4	0	1	57	1	insertps xmm0, [rsi], 57
movement_5060	extractps.mem	SSE	128	4	0	2	58	1	extractps [rsi], xmm1, 58
movement_5061	insertps.mem	SSE	128	4	0	1	58	1	insertps xmm0, [rsi], 58
movement_5062	extractps.mem	SSE	128	4	0	2	59	1	extractps [rsi], xmm1, 59
movement_5063	insertps.mem	SSE	128	4	0	1	59	1	insertps xmm0, [rsi], 59
movement_5064	extractps.mem	SSE	128	4	0	2	60	1	extractps [rsi], xmm1, 60
movement_5065	insertps.mem	SSE	128	4	0	1	60	1	insertps xmm0, [rsi], 60
movement_5066	extractps.mem	SSE	128	4	0	2	61	1	extractps [rsi], xmm1, 61
movement_5067	insertps.mem	SSE	128	4	0	1	61	1	insertps xmm0, [rsi], 61
movement_5068	extractps.mem	SSE	128	4	0	2	62	1	extractps [rsi], xmm1, 62
movement_5069	insertps.mem	SSE	128	4	0	1	62	1	insertps xmm0, [rsi], 62
movement_5070	extractps.mem	SSE	128	4	0	2	63	1	extractps [rsi], xmm1, 63
movement_5071	insertps.mem	SSE	128	4	0	1	63	1	insertps xmm0, [rsi], 63
movement_5072	extractps.mem	SSE	128	4	0	2	64	1	extractps [rsi], xmm1, 64
movement_5073	insertps.mem	SSE	128	4	0	1	64	1	insertps xmm0, [rsi], 64
movement_5074	extractps.mem	SSE	128	4	0	2	65	1	extractps [rsi], xmm1, 65
movement_5075	insertps.mem	SSE	128	4	0	1	65	1	insertps xmm0, [rsi], 65
movement_5076	extractps.mem	SSE	128	4	0	2	66	1	extractps [rsi], xmm1, 66
movement_5077	insertps.mem	SSE	128	4	0	1	66	1	insertps xmm0, [rsi], 66
movement_5078	extractps.mem	SSE	128	4	0	2	67	1	extractps [rsi], xmm1, 67
movement_5079	insertps.mem	SSE	128	4	0	1	67	1	insertps xmm0, [rsi], 67
movement_5080	extractps.mem	SSE	128	4	0	2	68	1	extractps [rsi], xmm1, 68
movement_5081	insertps.mem	SSE	128	4	0	1	68	1	insertps xmm0, [rsi], 68
movement_5082	extractps.mem	SSE	128	4	0	2	69	1	extractps [rsi], xmm1, 69
movement_5083	insertps.mem	SSE	128	4	0	1	69	1	insertps xmm0, [rsi], 69
movement_5084	extractps.mem	SSE	128	4	0	2	70	1	extractps [rsi], xmm1, 70
movement_5085	insertps.mem	SSE	128	4	0	1	70	1	insertps xmm0, [rsi], 70
movement_5086	extractps.mem	SSE	128	4	0	2	71	1	extractps [rsi], xmm1, 71
movement_5087	insertps.mem	SSE	128	4	0	1	71	1	insertps xmm0, [rsi], 71
movement_5088	extractps.mem	SSE	128	4	0	2	72	1	extractps [rsi], xmm1, 72
movement_5089	insertps.mem	SSE	128	4	0	1	72	1	insertps xmm0, [rsi], 72
movement_5090	extractps.mem	SSE	128	4	0	2	73	1	extractps [rsi], xmm1, 73
movement_5091	insertps.mem	SSE	128	4	0	1	73	1	insertps xmm0, [rsi], 73
movement_5092	extractps.mem	SSE	128	4	0	2	74	1	extractps [rsi], xmm1, 74
movement_5093	insertps.mem	SSE	128	4	0	1	74	1	insertps xmm0, [rsi], 74
movement_5094	extractps.mem	SSE	128	4	0	2	75	1	extractps [rsi], xmm1, 75
movement_5095	insertps.mem	SSE	128	4	0	1	75	1	insertps xmm0, [rsi], 75
movement_5096	extractps.mem	SSE	128	4	0	2	76	1	extractps [rsi], xmm1, 76
movement_5097	insertps.mem	SSE	128	4	0	1	76	1	insertps xmm0, [rsi], 76
movement_5098	extractps.mem	SSE	128	4	0	2	77	1	extractps [rsi], xmm1, 77
movement_5099	insertps.mem	SSE	128	4	0	1	77	1	insertps xmm0, [rsi], 77
movement_5100	extractps.mem	SSE	128	4	0	2	78	1	extractps [rsi], xmm1, 78
movement_5101	insertps.mem	SSE	128	4	0	1	78	1	insertps xmm0, [rsi], 78
movement_5102	extractps.mem	SSE	128	4	0	2	79	1	extractps [rsi], xmm1, 79
movement_5103	insertps.mem	SSE	128	4	0	1	79	1	insertps xmm0, [rsi], 79
movement_5104	extractps.mem	SSE	128	4	0	2	80	1	extractps [rsi], xmm1, 80
movement_5105	insertps.mem	SSE	128	4	0	1	80	1	insertps xmm0, [rsi], 80
movement_5106	extractps.mem	SSE	128	4	0	2	81	1	extractps [rsi], xmm1, 81
movement_5107	insertps.mem	SSE	128	4	0	1	81	1	insertps xmm0, [rsi], 81
movement_5108	extractps.mem	SSE	128	4	0	2	82	1	extractps [rsi], xmm1, 82
movement_5109	insertps.mem	SSE	128	4	0	1	82	1	insertps xmm0, [rsi], 82
movement_5110	extractps.mem	SSE	128	4	0	2	83	1	extractps [rsi], xmm1, 83
movement_5111	insertps.mem	SSE	128	4	0	1	83	1	insertps xmm0, [rsi], 83
movement_5112	extractps.mem	SSE	128	4	0	2	84	1	extractps [rsi], xmm1, 84
movement_5113	insertps.mem	SSE	128	4	0	1	84	1	insertps xmm0, [rsi], 84
movement_5114	extractps.mem	SSE	128	4	0	2	85	1	extractps [rsi], xmm1, 85
movement_5115	insertps.mem	SSE	128	4	0	1	85	1	insertps xmm0, [rsi], 85
movement_5116	extractps.mem	SSE	128	4	0	2	86	1	extractps [rsi], xmm1, 86
movement_5117	insertps.mem	SSE	128	4	0	1	86	1	insertps xmm0, [rsi], 86
movement_5118	extractps.mem	SSE	128	4	0	2	87	1	extractps [rsi], xmm1, 87
movement_5119	insertps.mem	SSE	128	4	0	1	87	1	insertps xmm0, [rsi], 87
movement_5120	extractps.mem	SSE	128	4	0	2	88	1	extractps [rsi], xmm1, 88
movement_5121	insertps.mem	SSE	128	4	0	1	88	1	insertps xmm0, [rsi], 88
movement_5122	extractps.mem	SSE	128	4	0	2	89	1	extractps [rsi], xmm1, 89
movement_5123	insertps.mem	SSE	128	4	0	1	89	1	insertps xmm0, [rsi], 89
movement_5124	extractps.mem	SSE	128	4	0	2	90	1	extractps [rsi], xmm1, 90
movement_5125	insertps.mem	SSE	128	4	0	1	90	1	insertps xmm0, [rsi], 90
movement_5126	extractps.mem	SSE	128	4	0	2	91	1	extractps [rsi], xmm1, 91
movement_5127	insertps.mem	SSE	128	4	0	1	91	1	insertps xmm0, [rsi], 91
movement_5128	extractps.mem	SSE	128	4	0	2	92	1	extractps [rsi], xmm1, 92
movement_5129	insertps.mem	SSE	128	4	0	1	92	1	insertps xmm0, [rsi], 92
movement_5130	extractps.mem	SSE	128	4	0	2	93	1	extractps [rsi], xmm1, 93
movement_5131	insertps.mem	SSE	128	4	0	1	93	1	insertps xmm0, [rsi], 93
movement_5132	extractps.mem	SSE	128	4	0	2	94	1	extractps [rsi], xmm1, 94
movement_5133	insertps.mem	SSE	128	4	0	1	94	1	insertps xmm0, [rsi], 94
movement_5134	extractps.mem	SSE	128	4	0	2	95	1	extractps [rsi], xmm1, 95
movement_5135	insertps.mem	SSE	128	4	0	1	95	1	insertps xmm0, [rsi], 95
movement_5136	extractps.mem	SSE	128	4	0	2	96	1	extractps [rsi], xmm1, 96
movement_5137	insertps.mem	SSE	128	4	0	1	96	1	insertps xmm0, [rsi], 96
movement_5138	extractps.mem	SSE	128	4	0	2	97	1	extractps [rsi], xmm1, 97
movement_5139	insertps.mem	SSE	128	4	0	1	97	1	insertps xmm0, [rsi], 97
movement_5140	extractps.mem	SSE	128	4	0	2	98	1	extractps [rsi], xmm1, 98
movement_5141	insertps.mem	SSE	128	4	0	1	98	1	insertps xmm0, [rsi], 98
movement_5142	extractps.mem	SSE	128	4	0	2	99	1	extractps [rsi], xmm1, 99
movement_5143	insertps.mem	SSE	128	4	0	1	99	1	insertps xmm0, [rsi], 99
movement_5144	extractps.mem	SSE	128	4	0	2	100	1	extractps [rsi], xmm1, 100
movement_5145	insertps.mem	SSE	128	4	0	1	100	1	insertps xmm0, [rsi], 100
movement_5146	extractps.mem	SSE	128	4	0	2	101	1	extractps [rsi], xmm1, 101
movement_5147	insertps.mem	SSE	128	4	0	1	101	1	insertps xmm0, [rsi], 101
movement_5148	extractps.mem	SSE	128	4	0	2	102	1	extractps [rsi], xmm1, 102
movement_5149	insertps.mem	SSE	128	4	0	1	102	1	insertps xmm0, [rsi], 102
movement_5150	extractps.mem	SSE	128	4	0	2	103	1	extractps [rsi], xmm1, 103
movement_5151	insertps.mem	SSE	128	4	0	1	103	1	insertps xmm0, [rsi], 103
movement_5152	extractps.mem	SSE	128	4	0	2	104	1	extractps [rsi], xmm1, 104
movement_5153	insertps.mem	SSE	128	4	0	1	104	1	insertps xmm0, [rsi], 104
movement_5154	extractps.mem	SSE	128	4	0	2	105	1	extractps [rsi], xmm1, 105
movement_5155	insertps.mem	SSE	128	4	0	1	105	1	insertps xmm0, [rsi], 105
movement_5156	extractps.mem	SSE	128	4	0	2	106	1	extractps [rsi], xmm1, 106
movement_5157	insertps.mem	SSE	128	4	0	1	106	1	insertps xmm0, [rsi], 106
movement_5158	extractps.mem	SSE	128	4	0	2	107	1	extractps [rsi], xmm1, 107
movement_5159	insertps.mem	SSE	128	4	0	1	107	1	insertps xmm0, [rsi], 107
movement_5160	extractps.mem	SSE	128	4	0	2	108	1	extractps [rsi], xmm1, 108
movement_5161	insertps.mem	SSE	128	4	0	1	108	1	insertps xmm0, [rsi], 108
movement_5162	extractps.mem	SSE	128	4	0	2	109	1	extractps [rsi], xmm1, 109
movement_5163	insertps.mem	SSE	128	4	0	1	109	1	insertps xmm0, [rsi], 109
movement_5164	extractps.mem	SSE	128	4	0	2	110	1	extractps [rsi], xmm1, 110
movement_5165	insertps.mem	SSE	128	4	0	1	110	1	insertps xmm0, [rsi], 110
movement_5166	extractps.mem	SSE	128	4	0	2	111	1	extractps [rsi], xmm1, 111
movement_5167	insertps.mem	SSE	128	4	0	1	111	1	insertps xmm0, [rsi], 111
movement_5168	extractps.mem	SSE	128	4	0	2	112	1	extractps [rsi], xmm1, 112
movement_5169	insertps.mem	SSE	128	4	0	1	112	1	insertps xmm0, [rsi], 112
movement_5170	extractps.mem	SSE	128	4	0	2	113	1	extractps [rsi], xmm1, 113
movement_5171	insertps.mem	SSE	128	4	0	1	113	1	insertps xmm0, [rsi], 113
movement_5172	extractps.mem	SSE	128	4	0	2	114	1	extractps [rsi], xmm1, 114
movement_5173	insertps.mem	SSE	128	4	0	1	114	1	insertps xmm0, [rsi], 114
movement_5174	extractps.mem	SSE	128	4	0	2	115	1	extractps [rsi], xmm1, 115
movement_5175	insertps.mem	SSE	128	4	0	1	115	1	insertps xmm0, [rsi], 115
movement_5176	extractps.mem	SSE	128	4	0	2	116	1	extractps [rsi], xmm1, 116
movement_5177	insertps.mem	SSE	128	4	0	1	116	1	insertps xmm0, [rsi], 116
movement_5178	extractps.mem	SSE	128	4	0	2	117	1	extractps [rsi], xmm1, 117
movement_5179	insertps.mem	SSE	128	4	0	1	117	1	insertps xmm0, [rsi], 117
movement_5180	extractps.mem	SSE	128	4	0	2	118	1	extractps [rsi], xmm1, 118
movement_5181	insertps.mem	SSE	128	4	0	1	118	1	insertps xmm0, [rsi], 118
movement_5182	extractps.mem	SSE	128	4	0	2	119	1	extractps [rsi], xmm1, 119
movement_5183	insertps.mem	SSE	128	4	0	1	119	1	insertps xmm0, [rsi], 119
movement_5184	extractps.mem	SSE	128	4	0	2	120	1	extractps [rsi], xmm1, 120
movement_5185	insertps.mem	SSE	128	4	0	1	120	1	insertps xmm0, [rsi], 120
movement_5186	extractps.mem	SSE	128	4	0	2	121	1	extractps [rsi], xmm1, 121
movement_5187	insertps.mem	SSE	128	4	0	1	121	1	insertps xmm0, [rsi], 121
movement_5188	extractps.mem	SSE	128	4	0	2	122	1	extractps [rsi], xmm1, 122
movement_5189	insertps.mem	SSE	128	4	0	1	122	1	insertps xmm0, [rsi], 122
movement_5190	extractps.mem	SSE	128	4	0	2	123	1	extractps [rsi], xmm1, 123
movement_5191	insertps.mem	SSE	128	4	0	1	123	1	insertps xmm0, [rsi], 123
movement_5192	extractps.mem	SSE	128	4	0	2	124	1	extractps [rsi], xmm1, 124
movement_5193	insertps.mem	SSE	128	4	0	1	124	1	insertps xmm0, [rsi], 124
movement_5194	extractps.mem	SSE	128	4	0	2	125	1	extractps [rsi], xmm1, 125
movement_5195	insertps.mem	SSE	128	4	0	1	125	1	insertps xmm0, [rsi], 125
movement_5196	extractps.mem	SSE	128	4	0	2	126	1	extractps [rsi], xmm1, 126
movement_5197	insertps.mem	SSE	128	4	0	1	126	1	insertps xmm0, [rsi], 126
movement_5198	extractps.mem	SSE	128	4	0	2	127	1	extractps [rsi], xmm1, 127
movement_5199	insertps.mem	SSE	128	4	0	1	127	1	insertps xmm0, [rsi], 127
movement_5200	extractps.mem	SSE	128	4	0	2	128	1	extractps [rsi], xmm1, 128
movement_5201	insertps.mem	SSE	128	4	0	1	128	1	insertps xmm0, [rsi], 128
movement_5202	extractps.mem	SSE	128	4	0	2	129	1	extractps [rsi], xmm1, 129
movement_5203	insertps.mem	SSE	128	4	0	1	129	1	insertps xmm0, [rsi], 129
movement_5204	extractps.mem	SSE	128	4	0	2	130	1	extractps [rsi], xmm1, 130
movement_5205	insertps.mem	SSE	128	4	0	1	130	1	insertps xmm0, [rsi], 130
movement_5206	extractps.mem	SSE	128	4	0	2	131	1	extractps [rsi], xmm1, 131
movement_5207	insertps.mem	SSE	128	4	0	1	131	1	insertps xmm0, [rsi], 131
movement_5208	extractps.mem	SSE	128	4	0	2	132	1	extractps [rsi], xmm1, 132
movement_5209	insertps.mem	SSE	128	4	0	1	132	1	insertps xmm0, [rsi], 132
movement_5210	extractps.mem	SSE	128	4	0	2	133	1	extractps [rsi], xmm1, 133
movement_5211	insertps.mem	SSE	128	4	0	1	133	1	insertps xmm0, [rsi], 133
movement_5212	extractps.mem	SSE	128	4	0	2	134	1	extractps [rsi], xmm1, 134
movement_5213	insertps.mem	SSE	128	4	0	1	134	1	insertps xmm0, [rsi], 134
movement_5214	extractps.mem	SSE	128	4	0	2	135	1	extractps [rsi], xmm1, 135
movement_5215	insertps.mem	SSE	128	4	0	1	135	1	insertps xmm0, [rsi], 135
movement_5216	extractps.mem	SSE	128	4	0	2	136	1	extractps [rsi], xmm1, 136
movement_5217	insertps.mem	SSE	128	4	0	1	136	1	insertps xmm0, [rsi], 136
movement_5218	extractps.mem	SSE	128	4	0	2	137	1	extractps [rsi], xmm1, 137
movement_5219	insertps.mem	SSE	128	4	0	1	137	1	insertps xmm0, [rsi], 137
movement_5220	extractps.mem	SSE	128	4	0	2	138	1	extractps [rsi], xmm1, 138
movement_5221	insertps.mem	SSE	128	4	0	1	138	1	insertps xmm0, [rsi], 138
movement_5222	extractps.mem	SSE	128	4	0	2	139	1	extractps [rsi], xmm1, 139
movement_5223	insertps.mem	SSE	128	4	0	1	139	1	insertps xmm0, [rsi], 139
movement_5224	extractps.mem	SSE	128	4	0	2	140	1	extractps [rsi], xmm1, 140
movement_5225	insertps.mem	SSE	128	4	0	1	140	1	insertps xmm0, [rsi], 140
movement_5226	extractps.mem	SSE	128	4	0	2	141	1	extractps [rsi], xmm1, 141
movement_5227	insertps.mem	SSE	128	4	0	1	141	1	insertps xmm0, [rsi], 141
movement_5228	extractps.mem	SSE	128	4	0	2	142	1	extractps [rsi], xmm1, 142
movement_5229	insertps.mem	SSE	128	4	0	1	142	1	insertps xmm0, [rsi], 142
movement_5230	extractps.mem	SSE	128	4	0	2	143	1	extractps [rsi], xmm1, 143
movement_5231	insertps.mem	SSE	128	4	0	1	143	1	insertps xmm0, [rsi], 143
movement_5232	extractps.mem	SSE	128	4	0	2	144	1	extractps [rsi], xmm1, 144
movement_5233	insertps.mem	SSE	128	4	0	1	144	1	insertps xmm0, [rsi], 144
movement_5234	extractps.mem	SSE	128	4	0	2	145	1	extractps [rsi], xmm1, 145
movement_5235	insertps.mem	SSE	128	4	0	1	145	1	insertps xmm0, [rsi], 145
movement_5236	extractps.mem	SSE	128	4	0	2	146	1	extractps [rsi], xmm1, 146
movement_5237	insertps.mem	SSE	128	4	0	1	146	1	insertps xmm0, [rsi], 146
movement_5238	extractps.mem	SSE	128	4	0	2	147	1	extractps [rsi], xmm1, 147
movement_5239	insertps.mem	SSE	128	4	0	1	147	1	insertps xmm0, [rsi], 147
movement_5240	extractps.mem	SSE	128	4	0	2	148	1	extractps [rsi], xmm1, 148
movement_5241	insertps.mem	SSE	128	4	0	1	148	1	insertps xmm0, [rsi], 148
movement_5242	extractps.mem	SSE	128	4	0	2	149	1	extractps [rsi], xmm1, 149
movement_5243	insertps.mem	SSE	128	4	0	1	149	1	insertps xmm0, [rsi], 149
movement_5244	extractps.mem	SSE	128	4	0	2	150	1	extractps [rsi], xmm1, 150
movement_5245	insertps.mem	SSE	128	4	0	1	150	1	insertps xmm0, [rsi], 150
movement_5246	extractps.mem	SSE	128	4	0	2	151	1	extractps [rsi], xmm1, 151
movement_5247	insertps.mem	SSE	128	4	0	1	151	1	insertps xmm0, [rsi], 151
movement_5248	extractps.mem	SSE	128	4	0	2	152	1	extractps [rsi], xmm1, 152
movement_5249	insertps.mem	SSE	128	4	0	1	152	1	insertps xmm0, [rsi], 152
movement_5250	extractps.mem	SSE	128	4	0	2	153	1	extractps [rsi], xmm1, 153
movement_5251	insertps.mem	SSE	128	4	0	1	153	1	insertps xmm0, [rsi], 153
movement_5252	extractps.mem	SSE	128	4	0	2	154	1	extractps [rsi], xmm1, 154
movement_5253	insertps.mem	SSE	128	4	0	1	154	1	insertps xmm0, [rsi], 154
movement_5254	extractps.mem	SSE	128	4	0	2	155	1	extractps [rsi], xmm1, 155
movement_5255	insertps.mem	SSE	128	4	0	1	155	1	insertps xmm0, [rsi], 155
movement_5256	extractps.mem	SSE	128	4	0	2	156	1	extractps [rsi], xmm1, 156
movement_5257	insertps.mem	SSE	128	4	0	1	156	1	insertps xmm0, [rsi], 156
movement_5258	extractps.mem	SSE	128	4	0	2	157	1	extractps [rsi], xmm1, 157
movement_5259	insertps.mem	SSE	128	4	0	1	157	1	insertps xmm0, [rsi], 157
movement_5260	extractps.mem	SSE	128	4	0	2	158	1	extractps [rsi], xmm1, 158
movement_5261	insertps.mem	SSE	128	4	0	1	158	1	insertps xmm0, [rsi], 158
movement_5262	extractps.mem	SSE	128	4	0	2	159	1	extractps [rsi], xmm1, 159
movement_5263	insertps.mem	SSE	128	4	0	1	159	1	insertps xmm0, [rsi], 159
movement_5264	extractps.mem	SSE	128	4	0	2	160	1	extractps [rsi], xmm1, 160
movement_5265	insertps.mem	SSE	128	4	0	1	160	1	insertps xmm0, [rsi], 160
movement_5266	extractps.mem	SSE	128	4	0	2	161	1	extractps [rsi], xmm1, 161
movement_5267	insertps.mem	SSE	128	4	0	1	161	1	insertps xmm0, [rsi], 161
movement_5268	extractps.mem	SSE	128	4	0	2	162	1	extractps [rsi], xmm1, 162
movement_5269	insertps.mem	SSE	128	4	0	1	162	1	insertps xmm0, [rsi], 162
movement_5270	extractps.mem	SSE	128	4	0	2	163	1	extractps [rsi], xmm1, 163
movement_5271	insertps.mem	SSE	128	4	0	1	163	1	insertps xmm0, [rsi], 163
movement_5272	extractps.mem	SSE	128	4	0	2	164	1	extractps [rsi], xmm1, 164
movement_5273	insertps.mem	SSE	128	4	0	1	164	1	insertps xmm0, [rsi], 164
movement_5274	extractps.mem	SSE	128	4	0	2	165	1	extractps [rsi], xmm1, 165
movement_5275	insertps.mem	SSE	128	4	0	1	165	1	insertps xmm0, [rsi], 165
movement_5276	extractps.mem	SSE	128	4	0	2	166	1	extractps [rsi], xmm1, 166
movement_5277	insertps.mem	SSE	128	4	0	1	166	1	insertps xmm0, [rsi], 166
movement_5278	extractps.mem	SSE	128	4	0	2	167	1	extractps [rsi], xmm1, 167
movement_5279	insertps.mem	SSE	128	4	0	1	167	1	insertps xmm0, [rsi], 167
movement_5280	extractps.mem	SSE	128	4	0	2	168	1	extractps [rsi], xmm1, 168
movement_5281	insertps.mem	SSE	128	4	0	1	168	1	insertps xmm0, [rsi], 168
movement_5282	extractps.mem	SSE	128	4	0	2	169	1	extractps [rsi], xmm1, 169
movement_5283	insertps.mem	SSE	128	4	0	1	169	1	insertps xmm0, [rsi], 169
movement_5284	extractps.mem	SSE	128	4	0	2	170	1	extractps [rsi], xmm1, 170
movement_5285	insertps.mem	SSE	128	4	0	1	170	1	insertps xmm0, [rsi], 170
movement_5286	extractps.mem	SSE	128	4	0	2	171	1	extractps [rsi], xmm1, 171
movement_5287	insertps.mem	SSE	128	4	0	1	171	1	insertps xmm0, [rsi], 171
movement_5288	extractps.mem	SSE	128	4	0	2	172	1	extractps [rsi], xmm1, 172
movement_5289	insertps.mem	SSE	128	4	0	1	172	1	insertps xmm0, [rsi], 172
movement_5290	extractps.mem	SSE	128	4	0	2	173	1	extractps [rsi], xmm1, 173
movement_5291	insertps.mem	SSE	128	4	0	1	173	1	insertps xmm0, [rsi], 173
movement_5292	extractps.mem	SSE	128	4	0	2	174	1	extractps [rsi], xmm1, 174
movement_5293	insertps.mem	SSE	128	4	0	1	174	1	insertps xmm0, [rsi], 174
movement_5294	extractps.mem	SSE	128	4	0	2	175	1	extractps [rsi], xmm1, 175
movement_5295	insertps.mem	SSE	128	4	0	1	175	1	insertps xmm0, [rsi], 175
movement_5296	extractps.mem	SSE	128	4	0	2	176	1	extractps [rsi], xmm1, 176
movement_5297	insertps.mem	SSE	128	4	0	1	176	1	insertps xmm0, [rsi], 176
movement_5298	extractps.mem	SSE	128	4	0	2	177	1	extractps [rsi], xmm1, 177
movement_5299	insertps.mem	SSE	128	4	0	1	177	1	insertps xmm0, [rsi], 177
movement_5300	extractps.mem	SSE	128	4	0	2	178	1	extractps [rsi], xmm1, 178
movement_5301	insertps.mem	SSE	128	4	0	1	178	1	insertps xmm0, [rsi], 178
movement_5302	extractps.mem	SSE	128	4	0	2	179	1	extractps [rsi], xmm1, 179
movement_5303	insertps.mem	SSE	128	4	0	1	179	1	insertps xmm0, [rsi], 179
movement_5304	extractps.mem	SSE	128	4	0	2	180	1	extractps [rsi], xmm1, 180
movement_5305	insertps.mem	SSE	128	4	0	1	180	1	insertps xmm0, [rsi], 180
movement_5306	extractps.mem	SSE	128	4	0	2	181	1	extractps [rsi], xmm1, 181
movement_5307	insertps.mem	SSE	128	4	0	1	181	1	insertps xmm0, [rsi], 181
movement_5308	extractps.mem	SSE	128	4	0	2	182	1	extractps [rsi], xmm1, 182
movement_5309	insertps.mem	SSE	128	4	0	1	182	1	insertps xmm0, [rsi], 182
movement_5310	extractps.mem	SSE	128	4	0	2	183	1	extractps [rsi], xmm1, 183
movement_5311	insertps.mem	SSE	128	4	0	1	183	1	insertps xmm0, [rsi], 183
movement_5312	extractps.mem	SSE	128	4	0	2	184	1	extractps [rsi], xmm1, 184
movement_5313	insertps.mem	SSE	128	4	0	1	184	1	insertps xmm0, [rsi], 184
movement_5314	extractps.mem	SSE	128	4	0	2	185	1	extractps [rsi], xmm1, 185
movement_5315	insertps.mem	SSE	128	4	0	1	185	1	insertps xmm0, [rsi], 185
movement_5316	extractps.mem	SSE	128	4	0	2	186	1	extractps [rsi], xmm1, 186
movement_5317	insertps.mem	SSE	128	4	0	1	186	1	insertps xmm0, [rsi], 186
movement_5318	extractps.mem	SSE	128	4	0	2	187	1	extractps [rsi], xmm1, 187
movement_5319	insertps.mem	SSE	128	4	0	1	187	1	insertps xmm0, [rsi], 187
movement_5320	extractps.mem	SSE	128	4	0	2	188	1	extractps [rsi], xmm1, 188
movement_5321	insertps.mem	SSE	128	4	0	1	188	1	insertps xmm0, [rsi], 188
movement_5322	extractps.mem	SSE	128	4	0	2	189	1	extractps [rsi], xmm1, 189
movement_5323	insertps.mem	SSE	128	4	0	1	189	1	insertps xmm0, [rsi], 189
movement_5324	extractps.mem	SSE	128	4	0	2	190	1	extractps [rsi], xmm1, 190
movement_5325	insertps.mem	SSE	128	4	0	1	190	1	insertps xmm0, [rsi], 190
movement_5326	extractps.mem	SSE	128	4	0	2	191	1	extractps [rsi], xmm1, 191
movement_5327	insertps.mem	SSE	128	4	0	1	191	1	insertps xmm0, [rsi], 191
movement_5328	extractps.mem	SSE	128	4	0	2	192	1	extractps [rsi], xmm1, 192
movement_5329	insertps.mem	SSE	128	4	0	1	192	1	insertps xmm0, [rsi], 192
movement_5330	extractps.mem	SSE	128	4	0	2	193	1	extractps [rsi], xmm1, 193
movement_5331	insertps.mem	SSE	128	4	0	1	193	1	insertps xmm0, [rsi], 193
movement_5332	extractps.mem	SSE	128	4	0	2	194	1	extractps [rsi], xmm1, 194
movement_5333	insertps.mem	SSE	128	4	0	1	194	1	insertps xmm0, [rsi], 194
movement_5334	extractps.mem	SSE	128	4	0	2	195	1	extractps [rsi], xmm1, 195
movement_5335	insertps.mem	SSE	128	4	0	1	195	1	insertps xmm0, [rsi], 195
movement_5336	extractps.mem	SSE	128	4	0	2	196	1	extractps [rsi], xmm1, 196
movement_5337	insertps.mem	SSE	128	4	0	1	196	1	insertps xmm0, [rsi], 196
movement_5338	extractps.mem	SSE	128	4	0	2	197	1	extractps [rsi], xmm1, 197
movement_5339	insertps.mem	SSE	128	4	0	1	197	1	insertps xmm0, [rsi], 197
movement_5340	extractps.mem	SSE	128	4	0	2	198	1	extractps [rsi], xmm1, 198
movement_5341	insertps.mem	SSE	128	4	0	1	198	1	insertps xmm0, [rsi], 198
movement_5342	extractps.mem	SSE	128	4	0	2	199	1	extractps [rsi], xmm1, 199
movement_5343	insertps.mem	SSE	128	4	0	1	199	1	insertps xmm0, [rsi], 199
movement_5344	extractps.mem	SSE	128	4	0	2	200	1	extractps [rsi], xmm1, 200
movement_5345	insertps.mem	SSE	128	4	0	1	200	1	insertps xmm0, [rsi], 200
movement_5346	extractps.mem	SSE	128	4	0	2	201	1	extractps [rsi], xmm1, 201
movement_5347	insertps.mem	SSE	128	4	0	1	201	1	insertps xmm0, [rsi], 201
movement_5348	extractps.mem	SSE	128	4	0	2	202	1	extractps [rsi], xmm1, 202
movement_5349	insertps.mem	SSE	128	4	0	1	202	1	insertps xmm0, [rsi], 202
movement_5350	extractps.mem	SSE	128	4	0	2	203	1	extractps [rsi], xmm1, 203
movement_5351	insertps.mem	SSE	128	4	0	1	203	1	insertps xmm0, [rsi], 203
movement_5352	extractps.mem	SSE	128	4	0	2	204	1	extractps [rsi], xmm1, 204
movement_5353	insertps.mem	SSE	128	4	0	1	204	1	insertps xmm0, [rsi], 204
movement_5354	extractps.mem	SSE	128	4	0	2	205	1	extractps [rsi], xmm1, 205
movement_5355	insertps.mem	SSE	128	4	0	1	205	1	insertps xmm0, [rsi], 205
movement_5356	extractps.mem	SSE	128	4	0	2	206	1	extractps [rsi], xmm1, 206
movement_5357	insertps.mem	SSE	128	4	0	1	206	1	insertps xmm0, [rsi], 206
movement_5358	extractps.mem	SSE	128	4	0	2	207	1	extractps [rsi], xmm1, 207
movement_5359	insertps.mem	SSE	128	4	0	1	207	1	insertps xmm0, [rsi], 207
movement_5360	extractps.mem	SSE	128	4	0	2	208	1	extractps [rsi], xmm1, 208
movement_5361	insertps.mem	SSE	128	4	0	1	208	1	insertps xmm0, [rsi], 208
movement_5362	extractps.mem	SSE	128	4	0	2	209	1	extractps [rsi], xmm1, 209
movement_5363	insertps.mem	SSE	128	4	0	1	209	1	insertps xmm0, [rsi], 209
movement_5364	extractps.mem	SSE	128	4	0	2	210	1	extractps [rsi], xmm1, 210
movement_5365	insertps.mem	SSE	128	4	0	1	210	1	insertps xmm0, [rsi], 210
movement_5366	extractps.mem	SSE	128	4	0	2	211	1	extractps [rsi], xmm1, 211
movement_5367	insertps.mem	SSE	128	4	0	1	211	1	insertps xmm0, [rsi], 211
movement_5368	extractps.mem	SSE	128	4	0	2	212	1	extractps [rsi], xmm1, 212
movement_5369	insertps.mem	SSE	128	4	0	1	212	1	insertps xmm0, [rsi], 212
movement_5370	extractps.mem	SSE	128	4	0	2	213	1	extractps [rsi], xmm1, 213
movement_5371	insertps.mem	SSE	128	4	0	1	213	1	insertps xmm0, [rsi], 213
movement_5372	extractps.mem	SSE	128	4	0	2	214	1	extractps [rsi], xmm1, 214
movement_5373	insertps.mem	SSE	128	4	0	1	214	1	insertps xmm0, [rsi], 214
movement_5374	extractps.mem	SSE	128	4	0	2	215	1	extractps [rsi], xmm1, 215
movement_5375	insertps.mem	SSE	128	4	0	1	215	1	insertps xmm0, [rsi], 215
movement_5376	extractps.mem	SSE	128	4	0	2	216	1	extractps [rsi], xmm1, 216
movement_5377	insertps.mem	SSE	128	4	0	1	216	1	insertps xmm0, [rsi], 216
movement_5378	extractps.mem	SSE	128	4	0	2	217	1	extractps [rsi], xmm1, 217
movement_5379	insertps.mem	SSE	128	4	0	1	217	1	insertps xmm0, [rsi], 217
movement_5380	extractps.mem	SSE	128	4	0	2	218	1	extractps [rsi], xmm1, 218
movement_5381	insertps.mem	SSE	128	4	0	1	218	1	insertps xmm0, [rsi], 218
movement_5382	extractps.mem	SSE	128	4	0	2	219	1	extractps [rsi], xmm1, 219
movement_5383	insertps.mem	SSE	128	4	0	1	219	1	insertps xmm0, [rsi], 219
movement_5384	extractps.mem	SSE	128	4	0	2	220	1	extractps [rsi], xmm1, 220
movement_5385	insertps.mem	SSE	128	4	0	1	220	1	insertps xmm0, [rsi], 220
movement_5386	extractps.mem	SSE	128	4	0	2	221	1	extractps [rsi], xmm1, 221
movement_5387	insertps.mem	SSE	128	4	0	1	221	1	insertps xmm0, [rsi], 221
movement_5388	extractps.mem	SSE	128	4	0	2	222	1	extractps [rsi], xmm1, 222
movement_5389	insertps.mem	SSE	128	4	0	1	222	1	insertps xmm0, [rsi], 222
movement_5390	extractps.mem	SSE	128	4	0	2	223	1	extractps [rsi], xmm1, 223
movement_5391	insertps.mem	SSE	128	4	0	1	223	1	insertps xmm0, [rsi], 223
movement_5392	extractps.mem	SSE	128	4	0	2	224	1	extractps [rsi], xmm1, 224
movement_5393	insertps.mem	SSE	128	4	0	1	224	1	insertps xmm0, [rsi], 224
movement_5394	extractps.mem	SSE	128	4	0	2	225	1	extractps [rsi], xmm1, 225
movement_5395	insertps.mem	SSE	128	4	0	1	225	1	insertps xmm0, [rsi], 225
movement_5396	extractps.mem	SSE	128	4	0	2	226	1	extractps [rsi], xmm1, 226
movement_5397	insertps.mem	SSE	128	4	0	1	226	1	insertps xmm0, [rsi], 226
movement_5398	extractps.mem	SSE	128	4	0	2	227	1	extractps [rsi], xmm1, 227
movement_5399	insertps.mem	SSE	128	4	0	1	227	1	insertps xmm0, [rsi], 227
movement_5400	extractps.mem	SSE	128	4	0	2	228	1	extractps [rsi], xmm1, 228
movement_5401	insertps.mem	SSE	128	4	0	1	228	1	insertps xmm0, [rsi], 228
movement_5402	extractps.mem	SSE	128	4	0	2	229	1	extractps [rsi], xmm1, 229
movement_5403	insertps.mem	SSE	128	4	0	1	229	1	insertps xmm0, [rsi], 229
movement_5404	extractps.mem	SSE	128	4	0	2	230	1	extractps [rsi], xmm1, 230
movement_5405	insertps.mem	SSE	128	4	0	1	230	1	insertps xmm0, [rsi], 230
movement_5406	extractps.mem	SSE	128	4	0	2	231	1	extractps [rsi], xmm1, 231
movement_5407	insertps.mem	SSE	128	4	0	1	231	1	insertps xmm0, [rsi], 231
movement_5408	extractps.mem	SSE	128	4	0	2	232	1	extractps [rsi], xmm1, 232
movement_5409	insertps.mem	SSE	128	4	0	1	232	1	insertps xmm0, [rsi], 232
movement_5410	extractps.mem	SSE	128	4	0	2	233	1	extractps [rsi], xmm1, 233
movement_5411	insertps.mem	SSE	128	4	0	1	233	1	insertps xmm0, [rsi], 233
movement_5412	extractps.mem	SSE	128	4	0	2	234	1	extractps [rsi], xmm1, 234
movement_5413	insertps.mem	SSE	128	4	0	1	234	1	insertps xmm0, [rsi], 234
movement_5414	extractps.mem	SSE	128	4	0	2	235	1	extractps [rsi], xmm1, 235
movement_5415	insertps.mem	SSE	128	4	0	1	235	1	insertps xmm0, [rsi], 235
movement_5416	extractps.mem	SSE	128	4	0	2	236	1	extractps [rsi], xmm1, 236
movement_5417	insertps.mem	SSE	128	4	0	1	236	1	insertps xmm0, [rsi], 236
movement_5418	extractps.mem	SSE	128	4	0	2	237	1	extractps [rsi], xmm1, 237
movement_5419	insertps.mem	SSE	128	4	0	1	237	1	insertps xmm0, [rsi], 237
movement_5420	extractps.mem	SSE	128	4	0	2	238	1	extractps [rsi], xmm1, 238
movement_5421	insertps.mem	SSE	128	4	0	1	238	1	insertps xmm0, [rsi], 238
movement_5422	extractps.mem	SSE	128	4	0	2	239	1	extractps [rsi], xmm1, 239
movement_5423	insertps.mem	SSE	128	4	0	1	239	1	insertps xmm0, [rsi], 239
movement_5424	extractps.mem	SSE	128	4	0	2	240	1	extractps [rsi], xmm1, 240
movement_5425	insertps.mem	SSE	128	4	0	1	240	1	insertps xmm0, [rsi], 240
movement_5426	extractps.mem	SSE	128	4	0	2	241	1	extractps [rsi], xmm1, 241
movement_5427	insertps.mem	SSE	128	4	0	1	241	1	insertps xmm0, [rsi], 241
movement_5428	extractps.mem	SSE	128	4	0	2	242	1	extractps [rsi], xmm1, 242
movement_5429	insertps.mem	SSE	128	4	0	1	242	1	insertps xmm0, [rsi], 242
movement_5430	extractps.mem	SSE	128	4	0	2	243	1	extractps [rsi], xmm1, 243
movement_5431	insertps.mem	SSE	128	4	0	1	243	1	insertps xmm0, [rsi], 243
movement_5432	extractps.mem	SSE	128	4	0	2	244	1	extractps [rsi], xmm1, 244
movement_5433	insertps.mem	SSE	128	4	0	1	244	1	insertps xmm0, [rsi], 244
movement_5434	extractps.mem	SSE	128	4	0	2	245	1	extractps [rsi], xmm1, 245
movement_5435	insertps.mem	SSE	128	4	0	1	245	1	insertps xmm0, [rsi], 245
movement_5436	extractps.mem	SSE	128	4	0	2	246	1	extractps [rsi], xmm1, 246
movement_5437	insertps.mem	SSE	128	4	0	1	246	1	insertps xmm0, [rsi], 246
movement_5438	extractps.mem	SSE	128	4	0	2	247	1	extractps [rsi], xmm1, 247
movement_5439	insertps.mem	SSE	128	4	0	1	247	1	insertps xmm0, [rsi], 247
movement_5440	extractps.mem	SSE	128	4	0	2	248	1	extractps [rsi], xmm1, 248
movement_5441	insertps.mem	SSE	128	4	0	1	248	1	insertps xmm0, [rsi], 248
movement_5442	extractps.mem	SSE	128	4	0	2	249	1	extractps [rsi], xmm1, 249
movement_5443	insertps.mem	SSE	128	4	0	1	249	1	insertps xmm0, [rsi], 249
movement_5444	extractps.mem	SSE	128	4	0	2	250	1	extractps [rsi], xmm1, 250
movement_5445	insertps.mem	SSE	128	4	0	1	250	1	insertps xmm0, [rsi], 250
movement_5446	extractps.mem	SSE	128	4	0	2	251	1	extractps [rsi], xmm1, 251
movement_5447	insertps.mem	SSE	128	4	0	1	251	1	insertps xmm0, [rsi], 251
movement_5448	extractps.mem	SSE	128	4	0	2	252	1	extractps [rsi], xmm1, 252
movement_5449	insertps.mem	SSE	128	4	0	1	252	1	insertps xmm0, [rsi], 252
movement_5450	extractps.mem	SSE	128	4	0	2	253	1	extractps [rsi], xmm1, 253
movement_5451	insertps.mem	SSE	128	4	0	1	253	1	insertps xmm0, [rsi], 253
movement_5452	extractps.mem	SSE	128	4	0	2	254	1	extractps [rsi], xmm1, 254
movement_5453	insertps.mem	SSE	128	4	0	1	254	1	insertps xmm0, [rsi], 254
movement_5454	extractps.mem	SSE	128	4	0	2	255	1	extractps [rsi], xmm1, 255
movement_5455	insertps.mem	SSE	128	4	0	1	255	1	insertps xmm0, [rsi], 255
movement_5456	vmovd.gpr_to_xmm	VEX128	128	4	0	0	-1	1	vmovd xmm0, eax
movement_5457	vmovd.xmm_to_gpr	VEX128	128	4	0	0	-1	1	vmovd eax, xmm1
movement_5458	vmovd.load	VEX128	128	4	0	1	-1	1	vmovd xmm0, [rsi]
movement_5459	vmovd.store	VEX128	128	4	0	2	-1	1	vmovd [rsi], xmm1
movement_5460	vmovq.gpr_to_xmm	VEX128	128	8	0	0	-1	1	vmovq xmm0, rax
movement_5461	vmovq.xmm_to_gpr	VEX128	128	8	0	0	-1	1	vmovq rax, xmm1
movement_5462	vmovq.load	VEX128	128	8	0	1	-1	1	vmovq xmm0, [rsi]
movement_5463	vmovq.store	VEX128	128	8	0	2	-1	1	vmovq [rsi], xmm1
movement_5464	vmovq.reg	VEX128	128	8	0	0	-1	1	vmovq xmm0, xmm1
movement_5465	vmovq.store_opcode_reg	VEX128	128	8	0	0	-1	1	.byte 0xc5,0xf9,0xd6,0xc8
movement_5466	vmovdqa.reg	VEX128	128	1	0	0	-1	1	vmovdqa xmm0, xmm1
movement_5467	vmovdqa.load	VEX128	128	1	0	1	-1	16	vmovdqa xmm0, [rsi]
movement_5468	vmovdqa.store	VEX128	128	1	0	2	-1	16	vmovdqa [rsi], xmm1
movement_5469	vmovdqa.reg	VEX256	256	1	0	0	-1	1	vmovdqa ymm0, ymm1
movement_5470	vmovdqa.load	VEX256	256	1	0	1	-1	32	vmovdqa ymm0, [rsi]
movement_5471	vmovdqa.store	VEX256	256	1	0	2	-1	32	vmovdqa [rsi], ymm1
movement_5472	vmovdqu.reg	VEX128	128	1	0	0	-1	1	vmovdqu xmm0, xmm1
movement_5473	vmovdqu.load	VEX128	128	1	0	1	-1	1	vmovdqu xmm0, [rsi]
movement_5474	vmovdqu.store	VEX128	128	1	0	2	-1	1	vmovdqu [rsi], xmm1
movement_5475	vmovdqu.reg	VEX256	256	1	0	0	-1	1	vmovdqu ymm0, ymm1
movement_5476	vmovdqu.load	VEX256	256	1	0	1	-1	1	vmovdqu ymm0, [rsi]
movement_5477	vmovdqu.store	VEX256	256	1	0	2	-1	1	vmovdqu [rsi], ymm1
movement_5478	vmovaps.reg	VEX128	128	1	0	0	-1	1	vmovaps xmm0, xmm1
movement_5479	vmovaps.load	VEX128	128	1	0	1	-1	16	vmovaps xmm0, [rsi]
movement_5480	vmovaps.store	VEX128	128	1	0	2	-1	16	vmovaps [rsi], xmm1
movement_5481	vmovaps.reg	VEX256	256	1	0	0	-1	1	vmovaps ymm0, ymm1
movement_5482	vmovaps.load	VEX256	256	1	0	1	-1	32	vmovaps ymm0, [rsi]
movement_5483	vmovaps.store	VEX256	256	1	0	2	-1	32	vmovaps [rsi], ymm1
movement_5484	vmovups.reg	VEX128	128	1	0	0	-1	1	vmovups xmm0, xmm1
movement_5485	vmovups.load	VEX128	128	1	0	1	-1	1	vmovups xmm0, [rsi]
movement_5486	vmovups.store	VEX128	128	1	0	2	-1	1	vmovups [rsi], xmm1
movement_5487	vmovups.reg	VEX256	256	1	0	0	-1	1	vmovups ymm0, ymm1
movement_5488	vmovups.load	VEX256	256	1	0	1	-1	1	vmovups ymm0, [rsi]
movement_5489	vmovups.store	VEX256	256	1	0	2	-1	1	vmovups [rsi], ymm1
movement_5490	vmovapd.reg	VEX128	128	1	0	0	-1	1	vmovapd xmm0, xmm1
movement_5491	vmovapd.load	VEX128	128	1	0	1	-1	16	vmovapd xmm0, [rsi]
movement_5492	vmovapd.store	VEX128	128	1	0	2	-1	16	vmovapd [rsi], xmm1
movement_5493	vmovapd.reg	VEX256	256	1	0	0	-1	1	vmovapd ymm0, ymm1
movement_5494	vmovapd.load	VEX256	256	1	0	1	-1	32	vmovapd ymm0, [rsi]
movement_5495	vmovapd.store	VEX256	256	1	0	2	-1	32	vmovapd [rsi], ymm1
movement_5496	vmovupd.reg	VEX128	128	1	0	0	-1	1	vmovupd xmm0, xmm1
movement_5497	vmovupd.load	VEX128	128	1	0	1	-1	1	vmovupd xmm0, [rsi]
movement_5498	vmovupd.store	VEX128	128	1	0	2	-1	1	vmovupd [rsi], xmm1
movement_5499	vmovupd.reg	VEX256	256	1	0	0	-1	1	vmovupd ymm0, ymm1
movement_5500	vmovupd.load	VEX256	256	1	0	1	-1	1	vmovupd ymm0, [rsi]
movement_5501	vmovupd.store	VEX256	256	1	0	2	-1	1	vmovupd [rsi], ymm1
movement_5502	vmovss.reg	VEX128	128	4	0	0	-1	1	vmovss xmm0, xmm1, xmm2
movement_5503	vmovss.store_opcode_reg	VEX128	128	4	0	0	-1	1	.byte 0xc5,0xf2,0x11,0xd0
movement_5504	vmovss.load	VEX128	128	4	0	1	-1	1	vmovss xmm0, [rsi]
movement_5505	vmovss.store	VEX128	128	4	0	2	-1	1	vmovss [rsi], xmm1
movement_5506	vmovsd.reg	VEX128	128	8	0	0	-1	1	vmovsd xmm0, xmm1, xmm2
movement_5507	vmovsd.store_opcode_reg	VEX128	128	8	0	0	-1	1	.byte 0xc5,0xf3,0x11,0xd0
movement_5508	vmovsd.load	VEX128	128	8	0	1	-1	1	vmovsd xmm0, [rsi]
movement_5509	vmovsd.store	VEX128	128	8	0	2	-1	1	vmovsd [rsi], xmm1
movement_5510	vmovlps.load	VEX128	128	8	0	1	-1	1	vmovlps xmm0, xmm1, [rsi]
movement_5511	vmovlps.store	VEX128	128	8	0	2	-1	1	vmovlps [rsi], xmm1
movement_5512	vmovhps.load	VEX128	128	8	1	1	-1	1	vmovhps xmm0, xmm1, [rsi]
movement_5513	vmovhps.store	VEX128	128	8	1	2	-1	1	vmovhps [rsi], xmm1
movement_5514	vmovlpd.load	VEX128	128	8	0	1	-1	1	vmovlpd xmm0, xmm1, [rsi]
movement_5515	vmovlpd.store	VEX128	128	8	0	2	-1	1	vmovlpd [rsi], xmm1
movement_5516	vmovhpd.load	VEX128	128	8	1	1	-1	1	vmovhpd xmm0, xmm1, [rsi]
movement_5517	vmovhpd.store	VEX128	128	8	1	2	-1	1	vmovhpd [rsi], xmm1
movement_5518	vmovlhps	VEX128	128	8	0	0	-1	1	vmovlhps xmm0, xmm1, xmm2
movement_5519	vmovhlps	VEX128	128	8	1	0	-1	1	vmovhlps xmm0, xmm1, xmm2
movement_5520	vmovddup.reg	VEX128	128	8	0	0	-1	1	vmovddup xmm0, xmm1
movement_5521	vmovddup.load	VEX128	128	8	0	1	-1	1	vmovddup xmm0, [rsi]
movement_5522	vmovddup.reg	VEX256	256	8	0	0	-1	1	vmovddup ymm0, ymm1
movement_5523	vmovddup.load	VEX256	256	8	0	1	-1	1	vmovddup ymm0, [rsi]
movement_5524	vmovsldup.reg	VEX128	128	4	0	0	-1	1	vmovsldup xmm0, xmm1
movement_5525	vmovsldup.load	VEX128	128	4	0	1	-1	1	vmovsldup xmm0, [rsi]
movement_5526	vmovsldup.reg	VEX256	256	4	0	0	-1	1	vmovsldup ymm0, ymm1
movement_5527	vmovsldup.load	VEX256	256	4	0	1	-1	1	vmovsldup ymm0, [rsi]
movement_5528	vmovshdup.reg	VEX128	128	4	1	0	-1	1	vmovshdup xmm0, xmm1
movement_5529	vmovshdup.load	VEX128	128	4	1	1	-1	1	vmovshdup xmm0, [rsi]
movement_5530	vmovshdup.reg	VEX256	256	4	1	0	-1	1	vmovshdup ymm0, ymm1
movement_5531	vmovshdup.load	VEX256	256	4	1	1	-1	1	vmovshdup ymm0, [rsi]
movement_5532	vpmovzxbw.reg	VEX128	128	1	2	0	-1	1	vpmovzxbw xmm0, xmm1
movement_5533	vpmovzxbw.load	VEX128	128	1	2	1	-1	1	vpmovzxbw xmm0, [rsi]
movement_5534	vpmovzxbw.reg	VEX256	256	1	2	0	-1	1	vpmovzxbw ymm0, xmm1
movement_5535	vpmovzxbw.load	VEX256	256	1	2	1	-1	1	vpmovzxbw ymm0, [rsi]
movement_5536	vpmovzxbd.reg	VEX128	128	1	4	0	-1	1	vpmovzxbd xmm0, xmm1
movement_5537	vpmovzxbd.load	VEX128	128	1	4	1	-1	1	vpmovzxbd xmm0, [rsi]
movement_5538	vpmovzxbd.reg	VEX256	256	1	4	0	-1	1	vpmovzxbd ymm0, xmm1
movement_5539	vpmovzxbd.load	VEX256	256	1	4	1	-1	1	vpmovzxbd ymm0, [rsi]
movement_5540	vpmovzxbq.reg	VEX128	128	1	8	0	-1	1	vpmovzxbq xmm0, xmm1
movement_5541	vpmovzxbq.load	VEX128	128	1	8	1	-1	1	vpmovzxbq xmm0, [rsi]
movement_5542	vpmovzxbq.reg	VEX256	256	1	8	0	-1	1	vpmovzxbq ymm0, xmm1
movement_5543	vpmovzxbq.load	VEX256	256	1	8	1	-1	1	vpmovzxbq ymm0, [rsi]
movement_5544	vpmovzxwd.reg	VEX128	128	2	4	0	-1	1	vpmovzxwd xmm0, xmm1
movement_5545	vpmovzxwd.load	VEX128	128	2	4	1	-1	1	vpmovzxwd xmm0, [rsi]
movement_5546	vpmovzxwd.reg	VEX256	256	2	4	0	-1	1	vpmovzxwd ymm0, xmm1
movement_5547	vpmovzxwd.load	VEX256	256	2	4	1	-1	1	vpmovzxwd ymm0, [rsi]
movement_5548	vpmovzxwq.reg	VEX128	128	2	8	0	-1	1	vpmovzxwq xmm0, xmm1
movement_5549	vpmovzxwq.load	VEX128	128	2	8	1	-1	1	vpmovzxwq xmm0, [rsi]
movement_5550	vpmovzxwq.reg	VEX256	256	2	8	0	-1	1	vpmovzxwq ymm0, xmm1
movement_5551	vpmovzxwq.load	VEX256	256	2	8	1	-1	1	vpmovzxwq ymm0, [rsi]
movement_5552	vpmovzxdq.reg	VEX128	128	4	8	0	-1	1	vpmovzxdq xmm0, xmm1
movement_5553	vpmovzxdq.load	VEX128	128	4	8	1	-1	1	vpmovzxdq xmm0, [rsi]
movement_5554	vpmovzxdq.reg	VEX256	256	4	8	0	-1	1	vpmovzxdq ymm0, xmm1
movement_5555	vpmovzxdq.load	VEX256	256	4	8	1	-1	1	vpmovzxdq ymm0, [rsi]
movement_5556	vpmovsxbw.reg	VEX128	128	1	258	0	-1	1	vpmovsxbw xmm0, xmm1
movement_5557	vpmovsxbw.load	VEX128	128	1	258	1	-1	1	vpmovsxbw xmm0, [rsi]
movement_5558	vpmovsxbw.reg	VEX256	256	1	258	0	-1	1	vpmovsxbw ymm0, xmm1
movement_5559	vpmovsxbw.load	VEX256	256	1	258	1	-1	1	vpmovsxbw ymm0, [rsi]
movement_5560	vpmovsxbd.reg	VEX128	128	1	260	0	-1	1	vpmovsxbd xmm0, xmm1
movement_5561	vpmovsxbd.load	VEX128	128	1	260	1	-1	1	vpmovsxbd xmm0, [rsi]
movement_5562	vpmovsxbd.reg	VEX256	256	1	260	0	-1	1	vpmovsxbd ymm0, xmm1
movement_5563	vpmovsxbd.load	VEX256	256	1	260	1	-1	1	vpmovsxbd ymm0, [rsi]
movement_5564	vpmovsxbq.reg	VEX128	128	1	264	0	-1	1	vpmovsxbq xmm0, xmm1
movement_5565	vpmovsxbq.load	VEX128	128	1	264	1	-1	1	vpmovsxbq xmm0, [rsi]
movement_5566	vpmovsxbq.reg	VEX256	256	1	264	0	-1	1	vpmovsxbq ymm0, xmm1
movement_5567	vpmovsxbq.load	VEX256	256	1	264	1	-1	1	vpmovsxbq ymm0, [rsi]
movement_5568	vpmovsxwd.reg	VEX128	128	2	260	0	-1	1	vpmovsxwd xmm0, xmm1
movement_5569	vpmovsxwd.load	VEX128	128	2	260	1	-1	1	vpmovsxwd xmm0, [rsi]
movement_5570	vpmovsxwd.reg	VEX256	256	2	260	0	-1	1	vpmovsxwd ymm0, xmm1
movement_5571	vpmovsxwd.load	VEX256	256	2	260	1	-1	1	vpmovsxwd ymm0, [rsi]
movement_5572	vpmovsxwq.reg	VEX128	128	2	264	0	-1	1	vpmovsxwq xmm0, xmm1
movement_5573	vpmovsxwq.load	VEX128	128	2	264	1	-1	1	vpmovsxwq xmm0, [rsi]
movement_5574	vpmovsxwq.reg	VEX256	256	2	264	0	-1	1	vpmovsxwq ymm0, xmm1
movement_5575	vpmovsxwq.load	VEX256	256	2	264	1	-1	1	vpmovsxwq ymm0, [rsi]
movement_5576	vpmovsxdq.reg	VEX128	128	4	264	0	-1	1	vpmovsxdq xmm0, xmm1
movement_5577	vpmovsxdq.load	VEX128	128	4	264	1	-1	1	vpmovsxdq xmm0, [rsi]
movement_5578	vpmovsxdq.reg	VEX256	256	4	264	0	-1	1	vpmovsxdq ymm0, xmm1
movement_5579	vpmovsxdq.load	VEX256	256	4	264	1	-1	1	vpmovsxdq ymm0, [rsi]
movement_5580	vmovmskps	VEX128	128	4	0	0	-1	1	vmovmskps eax, xmm1
movement_5581	vmovmskps	VEX256	256	4	0	0	-1	1	vmovmskps eax, ymm1
movement_5582	vmovmskpd	VEX128	128	8	0	0	-1	1	vmovmskpd eax, xmm1
movement_5583	vmovmskpd	VEX256	256	8	0	0	-1	1	vmovmskpd eax, ymm1
movement_5584	vpmovmskb	VEX128	128	1	0	0	-1	1	vpmovmskb eax, xmm1
movement_5585	vpmovmskb	VEX256	256	1	0	0	-1	1	vpmovmskb eax, ymm1
movement_5586	vmaskmovdqu	VEX128	128	1	0	2	-1	1	vmaskmovdqu xmm1, xmm2
movement_5587	vpextrb.gpr	VEX128	128	1	0	0	0	1	vpextrb eax, xmm1, 0
movement_5588	vpextrb.gpr	VEX128	128	1	0	0	1	1	vpextrb eax, xmm1, 1
movement_5589	vpextrb.gpr	VEX128	128	1	0	0	2	1	vpextrb eax, xmm1, 2
movement_5590	vpextrb.gpr	VEX128	128	1	0	0	3	1	vpextrb eax, xmm1, 3
movement_5591	vpextrb.gpr	VEX128	128	1	0	0	4	1	vpextrb eax, xmm1, 4
movement_5592	vpextrb.gpr	VEX128	128	1	0	0	5	1	vpextrb eax, xmm1, 5
movement_5593	vpextrb.gpr	VEX128	128	1	0	0	6	1	vpextrb eax, xmm1, 6
movement_5594	vpextrb.gpr	VEX128	128	1	0	0	7	1	vpextrb eax, xmm1, 7
movement_5595	vpextrb.gpr	VEX128	128	1	0	0	8	1	vpextrb eax, xmm1, 8
movement_5596	vpextrb.gpr	VEX128	128	1	0	0	9	1	vpextrb eax, xmm1, 9
movement_5597	vpextrb.gpr	VEX128	128	1	0	0	10	1	vpextrb eax, xmm1, 10
movement_5598	vpextrb.gpr	VEX128	128	1	0	0	11	1	vpextrb eax, xmm1, 11
movement_5599	vpextrb.gpr	VEX128	128	1	0	0	12	1	vpextrb eax, xmm1, 12
movement_5600	vpextrb.gpr	VEX128	128	1	0	0	13	1	vpextrb eax, xmm1, 13
movement_5601	vpextrb.gpr	VEX128	128	1	0	0	14	1	vpextrb eax, xmm1, 14
movement_5602	vpextrb.gpr	VEX128	128	1	0	0	15	1	vpextrb eax, xmm1, 15
movement_5603	vpextrb.gpr	VEX128	128	1	0	0	16	1	vpextrb eax, xmm1, 16
movement_5604	vpextrb.gpr	VEX128	128	1	0	0	17	1	vpextrb eax, xmm1, 17
movement_5605	vpextrb.gpr	VEX128	128	1	0	0	18	1	vpextrb eax, xmm1, 18
movement_5606	vpextrb.gpr	VEX128	128	1	0	0	19	1	vpextrb eax, xmm1, 19
movement_5607	vpextrb.gpr	VEX128	128	1	0	0	20	1	vpextrb eax, xmm1, 20
movement_5608	vpextrb.gpr	VEX128	128	1	0	0	21	1	vpextrb eax, xmm1, 21
movement_5609	vpextrb.gpr	VEX128	128	1	0	0	22	1	vpextrb eax, xmm1, 22
movement_5610	vpextrb.gpr	VEX128	128	1	0	0	23	1	vpextrb eax, xmm1, 23
movement_5611	vpextrb.gpr	VEX128	128	1	0	0	24	1	vpextrb eax, xmm1, 24
movement_5612	vpextrb.gpr	VEX128	128	1	0	0	25	1	vpextrb eax, xmm1, 25
movement_5613	vpextrb.gpr	VEX128	128	1	0	0	26	1	vpextrb eax, xmm1, 26
movement_5614	vpextrb.gpr	VEX128	128	1	0	0	27	1	vpextrb eax, xmm1, 27
movement_5615	vpextrb.gpr	VEX128	128	1	0	0	28	1	vpextrb eax, xmm1, 28
movement_5616	vpextrb.gpr	VEX128	128	1	0	0	29	1	vpextrb eax, xmm1, 29
movement_5617	vpextrb.gpr	VEX128	128	1	0	0	30	1	vpextrb eax, xmm1, 30
movement_5618	vpextrb.gpr	VEX128	128	1	0	0	31	1	vpextrb eax, xmm1, 31
movement_5619	vpextrb.gpr	VEX128	128	1	0	0	32	1	vpextrb eax, xmm1, 32
movement_5620	vpextrb.gpr	VEX128	128	1	0	0	33	1	vpextrb eax, xmm1, 33
movement_5621	vpextrb.gpr	VEX128	128	1	0	0	34	1	vpextrb eax, xmm1, 34
movement_5622	vpextrb.gpr	VEX128	128	1	0	0	35	1	vpextrb eax, xmm1, 35
movement_5623	vpextrb.gpr	VEX128	128	1	0	0	36	1	vpextrb eax, xmm1, 36
movement_5624	vpextrb.gpr	VEX128	128	1	0	0	37	1	vpextrb eax, xmm1, 37
movement_5625	vpextrb.gpr	VEX128	128	1	0	0	38	1	vpextrb eax, xmm1, 38
movement_5626	vpextrb.gpr	VEX128	128	1	0	0	39	1	vpextrb eax, xmm1, 39
movement_5627	vpextrb.gpr	VEX128	128	1	0	0	40	1	vpextrb eax, xmm1, 40
movement_5628	vpextrb.gpr	VEX128	128	1	0	0	41	1	vpextrb eax, xmm1, 41
movement_5629	vpextrb.gpr	VEX128	128	1	0	0	42	1	vpextrb eax, xmm1, 42
movement_5630	vpextrb.gpr	VEX128	128	1	0	0	43	1	vpextrb eax, xmm1, 43
movement_5631	vpextrb.gpr	VEX128	128	1	0	0	44	1	vpextrb eax, xmm1, 44
movement_5632	vpextrb.gpr	VEX128	128	1	0	0	45	1	vpextrb eax, xmm1, 45
movement_5633	vpextrb.gpr	VEX128	128	1	0	0	46	1	vpextrb eax, xmm1, 46
movement_5634	vpextrb.gpr	VEX128	128	1	0	0	47	1	vpextrb eax, xmm1, 47
movement_5635	vpextrb.gpr	VEX128	128	1	0	0	48	1	vpextrb eax, xmm1, 48
movement_5636	vpextrb.gpr	VEX128	128	1	0	0	49	1	vpextrb eax, xmm1, 49
movement_5637	vpextrb.gpr	VEX128	128	1	0	0	50	1	vpextrb eax, xmm1, 50
movement_5638	vpextrb.gpr	VEX128	128	1	0	0	51	1	vpextrb eax, xmm1, 51
movement_5639	vpextrb.gpr	VEX128	128	1	0	0	52	1	vpextrb eax, xmm1, 52
movement_5640	vpextrb.gpr	VEX128	128	1	0	0	53	1	vpextrb eax, xmm1, 53
movement_5641	vpextrb.gpr	VEX128	128	1	0	0	54	1	vpextrb eax, xmm1, 54
movement_5642	vpextrb.gpr	VEX128	128	1	0	0	55	1	vpextrb eax, xmm1, 55
movement_5643	vpextrb.gpr	VEX128	128	1	0	0	56	1	vpextrb eax, xmm1, 56
movement_5644	vpextrb.gpr	VEX128	128	1	0	0	57	1	vpextrb eax, xmm1, 57
movement_5645	vpextrb.gpr	VEX128	128	1	0	0	58	1	vpextrb eax, xmm1, 58
movement_5646	vpextrb.gpr	VEX128	128	1	0	0	59	1	vpextrb eax, xmm1, 59
movement_5647	vpextrb.gpr	VEX128	128	1	0	0	60	1	vpextrb eax, xmm1, 60
movement_5648	vpextrb.gpr	VEX128	128	1	0	0	61	1	vpextrb eax, xmm1, 61
movement_5649	vpextrb.gpr	VEX128	128	1	0	0	62	1	vpextrb eax, xmm1, 62
movement_5650	vpextrb.gpr	VEX128	128	1	0	0	63	1	vpextrb eax, xmm1, 63
movement_5651	vpextrb.gpr	VEX128	128	1	0	0	64	1	vpextrb eax, xmm1, 64
movement_5652	vpextrb.gpr	VEX128	128	1	0	0	65	1	vpextrb eax, xmm1, 65
movement_5653	vpextrb.gpr	VEX128	128	1	0	0	66	1	vpextrb eax, xmm1, 66
movement_5654	vpextrb.gpr	VEX128	128	1	0	0	67	1	vpextrb eax, xmm1, 67
movement_5655	vpextrb.gpr	VEX128	128	1	0	0	68	1	vpextrb eax, xmm1, 68
movement_5656	vpextrb.gpr	VEX128	128	1	0	0	69	1	vpextrb eax, xmm1, 69
movement_5657	vpextrb.gpr	VEX128	128	1	0	0	70	1	vpextrb eax, xmm1, 70
movement_5658	vpextrb.gpr	VEX128	128	1	0	0	71	1	vpextrb eax, xmm1, 71
movement_5659	vpextrb.gpr	VEX128	128	1	0	0	72	1	vpextrb eax, xmm1, 72
movement_5660	vpextrb.gpr	VEX128	128	1	0	0	73	1	vpextrb eax, xmm1, 73
movement_5661	vpextrb.gpr	VEX128	128	1	0	0	74	1	vpextrb eax, xmm1, 74
movement_5662	vpextrb.gpr	VEX128	128	1	0	0	75	1	vpextrb eax, xmm1, 75
movement_5663	vpextrb.gpr	VEX128	128	1	0	0	76	1	vpextrb eax, xmm1, 76
movement_5664	vpextrb.gpr	VEX128	128	1	0	0	77	1	vpextrb eax, xmm1, 77
movement_5665	vpextrb.gpr	VEX128	128	1	0	0	78	1	vpextrb eax, xmm1, 78
movement_5666	vpextrb.gpr	VEX128	128	1	0	0	79	1	vpextrb eax, xmm1, 79
movement_5667	vpextrb.gpr	VEX128	128	1	0	0	80	1	vpextrb eax, xmm1, 80
movement_5668	vpextrb.gpr	VEX128	128	1	0	0	81	1	vpextrb eax, xmm1, 81
movement_5669	vpextrb.gpr	VEX128	128	1	0	0	82	1	vpextrb eax, xmm1, 82
movement_5670	vpextrb.gpr	VEX128	128	1	0	0	83	1	vpextrb eax, xmm1, 83
movement_5671	vpextrb.gpr	VEX128	128	1	0	0	84	1	vpextrb eax, xmm1, 84
movement_5672	vpextrb.gpr	VEX128	128	1	0	0	85	1	vpextrb eax, xmm1, 85
movement_5673	vpextrb.gpr	VEX128	128	1	0	0	86	1	vpextrb eax, xmm1, 86
movement_5674	vpextrb.gpr	VEX128	128	1	0	0	87	1	vpextrb eax, xmm1, 87
movement_5675	vpextrb.gpr	VEX128	128	1	0	0	88	1	vpextrb eax, xmm1, 88
movement_5676	vpextrb.gpr	VEX128	128	1	0	0	89	1	vpextrb eax, xmm1, 89
movement_5677	vpextrb.gpr	VEX128	128	1	0	0	90	1	vpextrb eax, xmm1, 90
movement_5678	vpextrb.gpr	VEX128	128	1	0	0	91	1	vpextrb eax, xmm1, 91
movement_5679	vpextrb.gpr	VEX128	128	1	0	0	92	1	vpextrb eax, xmm1, 92
movement_5680	vpextrb.gpr	VEX128	128	1	0	0	93	1	vpextrb eax, xmm1, 93
movement_5681	vpextrb.gpr	VEX128	128	1	0	0	94	1	vpextrb eax, xmm1, 94
movement_5682	vpextrb.gpr	VEX128	128	1	0	0	95	1	vpextrb eax, xmm1, 95
movement_5683	vpextrb.gpr	VEX128	128	1	0	0	96	1	vpextrb eax, xmm1, 96
movement_5684	vpextrb.gpr	VEX128	128	1	0	0	97	1	vpextrb eax, xmm1, 97
movement_5685	vpextrb.gpr	VEX128	128	1	0	0	98	1	vpextrb eax, xmm1, 98
movement_5686	vpextrb.gpr	VEX128	128	1	0	0	99	1	vpextrb eax, xmm1, 99
movement_5687	vpextrb.gpr	VEX128	128	1	0	0	100	1	vpextrb eax, xmm1, 100
movement_5688	vpextrb.gpr	VEX128	128	1	0	0	101	1	vpextrb eax, xmm1, 101
movement_5689	vpextrb.gpr	VEX128	128	1	0	0	102	1	vpextrb eax, xmm1, 102
movement_5690	vpextrb.gpr	VEX128	128	1	0	0	103	1	vpextrb eax, xmm1, 103
movement_5691	vpextrb.gpr	VEX128	128	1	0	0	104	1	vpextrb eax, xmm1, 104
movement_5692	vpextrb.gpr	VEX128	128	1	0	0	105	1	vpextrb eax, xmm1, 105
movement_5693	vpextrb.gpr	VEX128	128	1	0	0	106	1	vpextrb eax, xmm1, 106
movement_5694	vpextrb.gpr	VEX128	128	1	0	0	107	1	vpextrb eax, xmm1, 107
movement_5695	vpextrb.gpr	VEX128	128	1	0	0	108	1	vpextrb eax, xmm1, 108
movement_5696	vpextrb.gpr	VEX128	128	1	0	0	109	1	vpextrb eax, xmm1, 109
movement_5697	vpextrb.gpr	VEX128	128	1	0	0	110	1	vpextrb eax, xmm1, 110
movement_5698	vpextrb.gpr	VEX128	128	1	0	0	111	1	vpextrb eax, xmm1, 111
movement_5699	vpextrb.gpr	VEX128	128	1	0	0	112	1	vpextrb eax, xmm1, 112
movement_5700	vpextrb.gpr	VEX128	128	1	0	0	113	1	vpextrb eax, xmm1, 113
movement_5701	vpextrb.gpr	VEX128	128	1	0	0	114	1	vpextrb eax, xmm1, 114
movement_5702	vpextrb.gpr	VEX128	128	1	0	0	115	1	vpextrb eax, xmm1, 115
movement_5703	vpextrb.gpr	VEX128	128	1	0	0	116	1	vpextrb eax, xmm1, 116
movement_5704	vpextrb.gpr	VEX128	128	1	0	0	117	1	vpextrb eax, xmm1, 117
movement_5705	vpextrb.gpr	VEX128	128	1	0	0	118	1	vpextrb eax, xmm1, 118
movement_5706	vpextrb.gpr	VEX128	128	1	0	0	119	1	vpextrb eax, xmm1, 119
movement_5707	vpextrb.gpr	VEX128	128	1	0	0	120	1	vpextrb eax, xmm1, 120
movement_5708	vpextrb.gpr	VEX128	128	1	0	0	121	1	vpextrb eax, xmm1, 121
movement_5709	vpextrb.gpr	VEX128	128	1	0	0	122	1	vpextrb eax, xmm1, 122
movement_5710	vpextrb.gpr	VEX128	128	1	0	0	123	1	vpextrb eax, xmm1, 123
movement_5711	vpextrb.gpr	VEX128	128	1	0	0	124	1	vpextrb eax, xmm1, 124
movement_5712	vpextrb.gpr	VEX128	128	1	0	0	125	1	vpextrb eax, xmm1, 125
movement_5713	vpextrb.gpr	VEX128	128	1	0	0	126	1	vpextrb eax, xmm1, 126
movement_5714	vpextrb.gpr	VEX128	128	1	0	0	127	1	vpextrb eax, xmm1, 127
movement_5715	vpextrb.gpr	VEX128	128	1	0	0	128	1	vpextrb eax, xmm1, 128
movement_5716	vpextrb.gpr	VEX128	128	1	0	0	129	1	vpextrb eax, xmm1, 129
movement_5717	vpextrb.gpr	VEX128	128	1	0	0	130	1	vpextrb eax, xmm1, 130
movement_5718	vpextrb.gpr	VEX128	128	1	0	0	131	1	vpextrb eax, xmm1, 131
movement_5719	vpextrb.gpr	VEX128	128	1	0	0	132	1	vpextrb eax, xmm1, 132
movement_5720	vpextrb.gpr	VEX128	128	1	0	0	133	1	vpextrb eax, xmm1, 133
movement_5721	vpextrb.gpr	VEX128	128	1	0	0	134	1	vpextrb eax, xmm1, 134
movement_5722	vpextrb.gpr	VEX128	128	1	0	0	135	1	vpextrb eax, xmm1, 135
movement_5723	vpextrb.gpr	VEX128	128	1	0	0	136	1	vpextrb eax, xmm1, 136
movement_5724	vpextrb.gpr	VEX128	128	1	0	0	137	1	vpextrb eax, xmm1, 137
movement_5725	vpextrb.gpr	VEX128	128	1	0	0	138	1	vpextrb eax, xmm1, 138
movement_5726	vpextrb.gpr	VEX128	128	1	0	0	139	1	vpextrb eax, xmm1, 139
movement_5727	vpextrb.gpr	VEX128	128	1	0	0	140	1	vpextrb eax, xmm1, 140
movement_5728	vpextrb.gpr	VEX128	128	1	0	0	141	1	vpextrb eax, xmm1, 141
movement_5729	vpextrb.gpr	VEX128	128	1	0	0	142	1	vpextrb eax, xmm1, 142
movement_5730	vpextrb.gpr	VEX128	128	1	0	0	143	1	vpextrb eax, xmm1, 143
movement_5731	vpextrb.gpr	VEX128	128	1	0	0	144	1	vpextrb eax, xmm1, 144
movement_5732	vpextrb.gpr	VEX128	128	1	0	0	145	1	vpextrb eax, xmm1, 145
movement_5733	vpextrb.gpr	VEX128	128	1	0	0	146	1	vpextrb eax, xmm1, 146
movement_5734	vpextrb.gpr	VEX128	128	1	0	0	147	1	vpextrb eax, xmm1, 147
movement_5735	vpextrb.gpr	VEX128	128	1	0	0	148	1	vpextrb eax, xmm1, 148
movement_5736	vpextrb.gpr	VEX128	128	1	0	0	149	1	vpextrb eax, xmm1, 149
movement_5737	vpextrb.gpr	VEX128	128	1	0	0	150	1	vpextrb eax, xmm1, 150
movement_5738	vpextrb.gpr	VEX128	128	1	0	0	151	1	vpextrb eax, xmm1, 151
movement_5739	vpextrb.gpr	VEX128	128	1	0	0	152	1	vpextrb eax, xmm1, 152
movement_5740	vpextrb.gpr	VEX128	128	1	0	0	153	1	vpextrb eax, xmm1, 153
movement_5741	vpextrb.gpr	VEX128	128	1	0	0	154	1	vpextrb eax, xmm1, 154
movement_5742	vpextrb.gpr	VEX128	128	1	0	0	155	1	vpextrb eax, xmm1, 155
movement_5743	vpextrb.gpr	VEX128	128	1	0	0	156	1	vpextrb eax, xmm1, 156
movement_5744	vpextrb.gpr	VEX128	128	1	0	0	157	1	vpextrb eax, xmm1, 157
movement_5745	vpextrb.gpr	VEX128	128	1	0	0	158	1	vpextrb eax, xmm1, 158
movement_5746	vpextrb.gpr	VEX128	128	1	0	0	159	1	vpextrb eax, xmm1, 159
movement_5747	vpextrb.gpr	VEX128	128	1	0	0	160	1	vpextrb eax, xmm1, 160
movement_5748	vpextrb.gpr	VEX128	128	1	0	0	161	1	vpextrb eax, xmm1, 161
movement_5749	vpextrb.gpr	VEX128	128	1	0	0	162	1	vpextrb eax, xmm1, 162
movement_5750	vpextrb.gpr	VEX128	128	1	0	0	163	1	vpextrb eax, xmm1, 163
movement_5751	vpextrb.gpr	VEX128	128	1	0	0	164	1	vpextrb eax, xmm1, 164
movement_5752	vpextrb.gpr	VEX128	128	1	0	0	165	1	vpextrb eax, xmm1, 165
movement_5753	vpextrb.gpr	VEX128	128	1	0	0	166	1	vpextrb eax, xmm1, 166
movement_5754	vpextrb.gpr	VEX128	128	1	0	0	167	1	vpextrb eax, xmm1, 167
movement_5755	vpextrb.gpr	VEX128	128	1	0	0	168	1	vpextrb eax, xmm1, 168
movement_5756	vpextrb.gpr	VEX128	128	1	0	0	169	1	vpextrb eax, xmm1, 169
movement_5757	vpextrb.gpr	VEX128	128	1	0	0	170	1	vpextrb eax, xmm1, 170
movement_5758	vpextrb.gpr	VEX128	128	1	0	0	171	1	vpextrb eax, xmm1, 171
movement_5759	vpextrb.gpr	VEX128	128	1	0	0	172	1	vpextrb eax, xmm1, 172
movement_5760	vpextrb.gpr	VEX128	128	1	0	0	173	1	vpextrb eax, xmm1, 173
movement_5761	vpextrb.gpr	VEX128	128	1	0	0	174	1	vpextrb eax, xmm1, 174
movement_5762	vpextrb.gpr	VEX128	128	1	0	0	175	1	vpextrb eax, xmm1, 175
movement_5763	vpextrb.gpr	VEX128	128	1	0	0	176	1	vpextrb eax, xmm1, 176
movement_5764	vpextrb.gpr	VEX128	128	1	0	0	177	1	vpextrb eax, xmm1, 177
movement_5765	vpextrb.gpr	VEX128	128	1	0	0	178	1	vpextrb eax, xmm1, 178
movement_5766	vpextrb.gpr	VEX128	128	1	0	0	179	1	vpextrb eax, xmm1, 179
movement_5767	vpextrb.gpr	VEX128	128	1	0	0	180	1	vpextrb eax, xmm1, 180
movement_5768	vpextrb.gpr	VEX128	128	1	0	0	181	1	vpextrb eax, xmm1, 181
movement_5769	vpextrb.gpr	VEX128	128	1	0	0	182	1	vpextrb eax, xmm1, 182
movement_5770	vpextrb.gpr	VEX128	128	1	0	0	183	1	vpextrb eax, xmm1, 183
movement_5771	vpextrb.gpr	VEX128	128	1	0	0	184	1	vpextrb eax, xmm1, 184
movement_5772	vpextrb.gpr	VEX128	128	1	0	0	185	1	vpextrb eax, xmm1, 185
movement_5773	vpextrb.gpr	VEX128	128	1	0	0	186	1	vpextrb eax, xmm1, 186
movement_5774	vpextrb.gpr	VEX128	128	1	0	0	187	1	vpextrb eax, xmm1, 187
movement_5775	vpextrb.gpr	VEX128	128	1	0	0	188	1	vpextrb eax, xmm1, 188
movement_5776	vpextrb.gpr	VEX128	128	1	0	0	189	1	vpextrb eax, xmm1, 189
movement_5777	vpextrb.gpr	VEX128	128	1	0	0	190	1	vpextrb eax, xmm1, 190
movement_5778	vpextrb.gpr	VEX128	128	1	0	0	191	1	vpextrb eax, xmm1, 191
movement_5779	vpextrb.gpr	VEX128	128	1	0	0	192	1	vpextrb eax, xmm1, 192
movement_5780	vpextrb.gpr	VEX128	128	1	0	0	193	1	vpextrb eax, xmm1, 193
movement_5781	vpextrb.gpr	VEX128	128	1	0	0	194	1	vpextrb eax, xmm1, 194
movement_5782	vpextrb.gpr	VEX128	128	1	0	0	195	1	vpextrb eax, xmm1, 195
movement_5783	vpextrb.gpr	VEX128	128	1	0	0	196	1	vpextrb eax, xmm1, 196
movement_5784	vpextrb.gpr	VEX128	128	1	0	0	197	1	vpextrb eax, xmm1, 197
movement_5785	vpextrb.gpr	VEX128	128	1	0	0	198	1	vpextrb eax, xmm1, 198
movement_5786	vpextrb.gpr	VEX128	128	1	0	0	199	1	vpextrb eax, xmm1, 199
movement_5787	vpextrb.gpr	VEX128	128	1	0	0	200	1	vpextrb eax, xmm1, 200
movement_5788	vpextrb.gpr	VEX128	128	1	0	0	201	1	vpextrb eax, xmm1, 201
movement_5789	vpextrb.gpr	VEX128	128	1	0	0	202	1	vpextrb eax, xmm1, 202
movement_5790	vpextrb.gpr	VEX128	128	1	0	0	203	1	vpextrb eax, xmm1, 203
movement_5791	vpextrb.gpr	VEX128	128	1	0	0	204	1	vpextrb eax, xmm1, 204
movement_5792	vpextrb.gpr	VEX128	128	1	0	0	205	1	vpextrb eax, xmm1, 205
movement_5793	vpextrb.gpr	VEX128	128	1	0	0	206	1	vpextrb eax, xmm1, 206
movement_5794	vpextrb.gpr	VEX128	128	1	0	0	207	1	vpextrb eax, xmm1, 207
movement_5795	vpextrb.gpr	VEX128	128	1	0	0	208	1	vpextrb eax, xmm1, 208
movement_5796	vpextrb.gpr	VEX128	128	1	0	0	209	1	vpextrb eax, xmm1, 209
movement_5797	vpextrb.gpr	VEX128	128	1	0	0	210	1	vpextrb eax, xmm1, 210
movement_5798	vpextrb.gpr	VEX128	128	1	0	0	211	1	vpextrb eax, xmm1, 211
movement_5799	vpextrb.gpr	VEX128	128	1	0	0	212	1	vpextrb eax, xmm1, 212
movement_5800	vpextrb.gpr	VEX128	128	1	0	0	213	1	vpextrb eax, xmm1, 213
movement_5801	vpextrb.gpr	VEX128	128	1	0	0	214	1	vpextrb eax, xmm1, 214
movement_5802	vpextrb.gpr	VEX128	128	1	0	0	215	1	vpextrb eax, xmm1, 215
movement_5803	vpextrb.gpr	VEX128	128	1	0	0	216	1	vpextrb eax, xmm1, 216
movement_5804	vpextrb.gpr	VEX128	128	1	0	0	217	1	vpextrb eax, xmm1, 217
movement_5805	vpextrb.gpr	VEX128	128	1	0	0	218	1	vpextrb eax, xmm1, 218
movement_5806	vpextrb.gpr	VEX128	128	1	0	0	219	1	vpextrb eax, xmm1, 219
movement_5807	vpextrb.gpr	VEX128	128	1	0	0	220	1	vpextrb eax, xmm1, 220
movement_5808	vpextrb.gpr	VEX128	128	1	0	0	221	1	vpextrb eax, xmm1, 221
movement_5809	vpextrb.gpr	VEX128	128	1	0	0	222	1	vpextrb eax, xmm1, 222
movement_5810	vpextrb.gpr	VEX128	128	1	0	0	223	1	vpextrb eax, xmm1, 223
movement_5811	vpextrb.gpr	VEX128	128	1	0	0	224	1	vpextrb eax, xmm1, 224
movement_5812	vpextrb.gpr	VEX128	128	1	0	0	225	1	vpextrb eax, xmm1, 225
movement_5813	vpextrb.gpr	VEX128	128	1	0	0	226	1	vpextrb eax, xmm1, 226
movement_5814	vpextrb.gpr	VEX128	128	1	0	0	227	1	vpextrb eax, xmm1, 227
movement_5815	vpextrb.gpr	VEX128	128	1	0	0	228	1	vpextrb eax, xmm1, 228
movement_5816	vpextrb.gpr	VEX128	128	1	0	0	229	1	vpextrb eax, xmm1, 229
movement_5817	vpextrb.gpr	VEX128	128	1	0	0	230	1	vpextrb eax, xmm1, 230
movement_5818	vpextrb.gpr	VEX128	128	1	0	0	231	1	vpextrb eax, xmm1, 231
movement_5819	vpextrb.gpr	VEX128	128	1	0	0	232	1	vpextrb eax, xmm1, 232
movement_5820	vpextrb.gpr	VEX128	128	1	0	0	233	1	vpextrb eax, xmm1, 233
movement_5821	vpextrb.gpr	VEX128	128	1	0	0	234	1	vpextrb eax, xmm1, 234
movement_5822	vpextrb.gpr	VEX128	128	1	0	0	235	1	vpextrb eax, xmm1, 235
movement_5823	vpextrb.gpr	VEX128	128	1	0	0	236	1	vpextrb eax, xmm1, 236
movement_5824	vpextrb.gpr	VEX128	128	1	0	0	237	1	vpextrb eax, xmm1, 237
movement_5825	vpextrb.gpr	VEX128	128	1	0	0	238	1	vpextrb eax, xmm1, 238
movement_5826	vpextrb.gpr	VEX128	128	1	0	0	239	1	vpextrb eax, xmm1, 239
movement_5827	vpextrb.gpr	VEX128	128	1	0	0	240	1	vpextrb eax, xmm1, 240
movement_5828	vpextrb.gpr	VEX128	128	1	0	0	241	1	vpextrb eax, xmm1, 241
movement_5829	vpextrb.gpr	VEX128	128	1	0	0	242	1	vpextrb eax, xmm1, 242
movement_5830	vpextrb.gpr	VEX128	128	1	0	0	243	1	vpextrb eax, xmm1, 243
movement_5831	vpextrb.gpr	VEX128	128	1	0	0	244	1	vpextrb eax, xmm1, 244
movement_5832	vpextrb.gpr	VEX128	128	1	0	0	245	1	vpextrb eax, xmm1, 245
movement_5833	vpextrb.gpr	VEX128	128	1	0	0	246	1	vpextrb eax, xmm1, 246
movement_5834	vpextrb.gpr	VEX128	128	1	0	0	247	1	vpextrb eax, xmm1, 247
movement_5835	vpextrb.gpr	VEX128	128	1	0	0	248	1	vpextrb eax, xmm1, 248
movement_5836	vpextrb.gpr	VEX128	128	1	0	0	249	1	vpextrb eax, xmm1, 249
movement_5837	vpextrb.gpr	VEX128	128	1	0	0	250	1	vpextrb eax, xmm1, 250
movement_5838	vpextrb.gpr	VEX128	128	1	0	0	251	1	vpextrb eax, xmm1, 251
movement_5839	vpextrb.gpr	VEX128	128	1	0	0	252	1	vpextrb eax, xmm1, 252
movement_5840	vpextrb.gpr	VEX128	128	1	0	0	253	1	vpextrb eax, xmm1, 253
movement_5841	vpextrb.gpr	VEX128	128	1	0	0	254	1	vpextrb eax, xmm1, 254
movement_5842	vpextrb.gpr	VEX128	128	1	0	0	255	1	vpextrb eax, xmm1, 255
movement_5843	vpextrb.mem	VEX128	128	1	0	2	0	1	vpextrb [rsi], xmm1, 0
movement_5844	vpextrb.mem	VEX128	128	1	0	2	1	1	vpextrb [rsi], xmm1, 1
movement_5845	vpextrb.mem	VEX128	128	1	0	2	2	1	vpextrb [rsi], xmm1, 2
movement_5846	vpextrb.mem	VEX128	128	1	0	2	3	1	vpextrb [rsi], xmm1, 3
movement_5847	vpextrb.mem	VEX128	128	1	0	2	4	1	vpextrb [rsi], xmm1, 4
movement_5848	vpextrb.mem	VEX128	128	1	0	2	5	1	vpextrb [rsi], xmm1, 5
movement_5849	vpextrb.mem	VEX128	128	1	0	2	6	1	vpextrb [rsi], xmm1, 6
movement_5850	vpextrb.mem	VEX128	128	1	0	2	7	1	vpextrb [rsi], xmm1, 7
movement_5851	vpextrb.mem	VEX128	128	1	0	2	8	1	vpextrb [rsi], xmm1, 8
movement_5852	vpextrb.mem	VEX128	128	1	0	2	9	1	vpextrb [rsi], xmm1, 9
movement_5853	vpextrb.mem	VEX128	128	1	0	2	10	1	vpextrb [rsi], xmm1, 10
movement_5854	vpextrb.mem	VEX128	128	1	0	2	11	1	vpextrb [rsi], xmm1, 11
movement_5855	vpextrb.mem	VEX128	128	1	0	2	12	1	vpextrb [rsi], xmm1, 12
movement_5856	vpextrb.mem	VEX128	128	1	0	2	13	1	vpextrb [rsi], xmm1, 13
movement_5857	vpextrb.mem	VEX128	128	1	0	2	14	1	vpextrb [rsi], xmm1, 14
movement_5858	vpextrb.mem	VEX128	128	1	0	2	15	1	vpextrb [rsi], xmm1, 15
movement_5859	vpextrb.mem	VEX128	128	1	0	2	16	1	vpextrb [rsi], xmm1, 16
movement_5860	vpextrb.mem	VEX128	128	1	0	2	17	1	vpextrb [rsi], xmm1, 17
movement_5861	vpextrb.mem	VEX128	128	1	0	2	18	1	vpextrb [rsi], xmm1, 18
movement_5862	vpextrb.mem	VEX128	128	1	0	2	19	1	vpextrb [rsi], xmm1, 19
movement_5863	vpextrb.mem	VEX128	128	1	0	2	20	1	vpextrb [rsi], xmm1, 20
movement_5864	vpextrb.mem	VEX128	128	1	0	2	21	1	vpextrb [rsi], xmm1, 21
movement_5865	vpextrb.mem	VEX128	128	1	0	2	22	1	vpextrb [rsi], xmm1, 22
movement_5866	vpextrb.mem	VEX128	128	1	0	2	23	1	vpextrb [rsi], xmm1, 23
movement_5867	vpextrb.mem	VEX128	128	1	0	2	24	1	vpextrb [rsi], xmm1, 24
movement_5868	vpextrb.mem	VEX128	128	1	0	2	25	1	vpextrb [rsi], xmm1, 25
movement_5869	vpextrb.mem	VEX128	128	1	0	2	26	1	vpextrb [rsi], xmm1, 26
movement_5870	vpextrb.mem	VEX128	128	1	0	2	27	1	vpextrb [rsi], xmm1, 27
movement_5871	vpextrb.mem	VEX128	128	1	0	2	28	1	vpextrb [rsi], xmm1, 28
movement_5872	vpextrb.mem	VEX128	128	1	0	2	29	1	vpextrb [rsi], xmm1, 29
movement_5873	vpextrb.mem	VEX128	128	1	0	2	30	1	vpextrb [rsi], xmm1, 30
movement_5874	vpextrb.mem	VEX128	128	1	0	2	31	1	vpextrb [rsi], xmm1, 31
movement_5875	vpextrb.mem	VEX128	128	1	0	2	32	1	vpextrb [rsi], xmm1, 32
movement_5876	vpextrb.mem	VEX128	128	1	0	2	33	1	vpextrb [rsi], xmm1, 33
movement_5877	vpextrb.mem	VEX128	128	1	0	2	34	1	vpextrb [rsi], xmm1, 34
movement_5878	vpextrb.mem	VEX128	128	1	0	2	35	1	vpextrb [rsi], xmm1, 35
movement_5879	vpextrb.mem	VEX128	128	1	0	2	36	1	vpextrb [rsi], xmm1, 36
movement_5880	vpextrb.mem	VEX128	128	1	0	2	37	1	vpextrb [rsi], xmm1, 37
movement_5881	vpextrb.mem	VEX128	128	1	0	2	38	1	vpextrb [rsi], xmm1, 38
movement_5882	vpextrb.mem	VEX128	128	1	0	2	39	1	vpextrb [rsi], xmm1, 39
movement_5883	vpextrb.mem	VEX128	128	1	0	2	40	1	vpextrb [rsi], xmm1, 40
movement_5884	vpextrb.mem	VEX128	128	1	0	2	41	1	vpextrb [rsi], xmm1, 41
movement_5885	vpextrb.mem	VEX128	128	1	0	2	42	1	vpextrb [rsi], xmm1, 42
movement_5886	vpextrb.mem	VEX128	128	1	0	2	43	1	vpextrb [rsi], xmm1, 43
movement_5887	vpextrb.mem	VEX128	128	1	0	2	44	1	vpextrb [rsi], xmm1, 44
movement_5888	vpextrb.mem	VEX128	128	1	0	2	45	1	vpextrb [rsi], xmm1, 45
movement_5889	vpextrb.mem	VEX128	128	1	0	2	46	1	vpextrb [rsi], xmm1, 46
movement_5890	vpextrb.mem	VEX128	128	1	0	2	47	1	vpextrb [rsi], xmm1, 47
movement_5891	vpextrb.mem	VEX128	128	1	0	2	48	1	vpextrb [rsi], xmm1, 48
movement_5892	vpextrb.mem	VEX128	128	1	0	2	49	1	vpextrb [rsi], xmm1, 49
movement_5893	vpextrb.mem	VEX128	128	1	0	2	50	1	vpextrb [rsi], xmm1, 50
movement_5894	vpextrb.mem	VEX128	128	1	0	2	51	1	vpextrb [rsi], xmm1, 51
movement_5895	vpextrb.mem	VEX128	128	1	0	2	52	1	vpextrb [rsi], xmm1, 52
movement_5896	vpextrb.mem	VEX128	128	1	0	2	53	1	vpextrb [rsi], xmm1, 53
movement_5897	vpextrb.mem	VEX128	128	1	0	2	54	1	vpextrb [rsi], xmm1, 54
movement_5898	vpextrb.mem	VEX128	128	1	0	2	55	1	vpextrb [rsi], xmm1, 55
movement_5899	vpextrb.mem	VEX128	128	1	0	2	56	1	vpextrb [rsi], xmm1, 56
movement_5900	vpextrb.mem	VEX128	128	1	0	2	57	1	vpextrb [rsi], xmm1, 57
movement_5901	vpextrb.mem	VEX128	128	1	0	2	58	1	vpextrb [rsi], xmm1, 58
movement_5902	vpextrb.mem	VEX128	128	1	0	2	59	1	vpextrb [rsi], xmm1, 59
movement_5903	vpextrb.mem	VEX128	128	1	0	2	60	1	vpextrb [rsi], xmm1, 60
movement_5904	vpextrb.mem	VEX128	128	1	0	2	61	1	vpextrb [rsi], xmm1, 61
movement_5905	vpextrb.mem	VEX128	128	1	0	2	62	1	vpextrb [rsi], xmm1, 62
movement_5906	vpextrb.mem	VEX128	128	1	0	2	63	1	vpextrb [rsi], xmm1, 63
movement_5907	vpextrb.mem	VEX128	128	1	0	2	64	1	vpextrb [rsi], xmm1, 64
movement_5908	vpextrb.mem	VEX128	128	1	0	2	65	1	vpextrb [rsi], xmm1, 65
movement_5909	vpextrb.mem	VEX128	128	1	0	2	66	1	vpextrb [rsi], xmm1, 66
movement_5910	vpextrb.mem	VEX128	128	1	0	2	67	1	vpextrb [rsi], xmm1, 67
movement_5911	vpextrb.mem	VEX128	128	1	0	2	68	1	vpextrb [rsi], xmm1, 68
movement_5912	vpextrb.mem	VEX128	128	1	0	2	69	1	vpextrb [rsi], xmm1, 69
movement_5913	vpextrb.mem	VEX128	128	1	0	2	70	1	vpextrb [rsi], xmm1, 70
movement_5914	vpextrb.mem	VEX128	128	1	0	2	71	1	vpextrb [rsi], xmm1, 71
movement_5915	vpextrb.mem	VEX128	128	1	0	2	72	1	vpextrb [rsi], xmm1, 72
movement_5916	vpextrb.mem	VEX128	128	1	0	2	73	1	vpextrb [rsi], xmm1, 73
movement_5917	vpextrb.mem	VEX128	128	1	0	2	74	1	vpextrb [rsi], xmm1, 74
movement_5918	vpextrb.mem	VEX128	128	1	0	2	75	1	vpextrb [rsi], xmm1, 75
movement_5919	vpextrb.mem	VEX128	128	1	0	2	76	1	vpextrb [rsi], xmm1, 76
movement_5920	vpextrb.mem	VEX128	128	1	0	2	77	1	vpextrb [rsi], xmm1, 77
movement_5921	vpextrb.mem	VEX128	128	1	0	2	78	1	vpextrb [rsi], xmm1, 78
movement_5922	vpextrb.mem	VEX128	128	1	0	2	79	1	vpextrb [rsi], xmm1, 79
movement_5923	vpextrb.mem	VEX128	128	1	0	2	80	1	vpextrb [rsi], xmm1, 80
movement_5924	vpextrb.mem	VEX128	128	1	0	2	81	1	vpextrb [rsi], xmm1, 81
movement_5925	vpextrb.mem	VEX128	128	1	0	2	82	1	vpextrb [rsi], xmm1, 82
movement_5926	vpextrb.mem	VEX128	128	1	0	2	83	1	vpextrb [rsi], xmm1, 83
movement_5927	vpextrb.mem	VEX128	128	1	0	2	84	1	vpextrb [rsi], xmm1, 84
movement_5928	vpextrb.mem	VEX128	128	1	0	2	85	1	vpextrb [rsi], xmm1, 85
movement_5929	vpextrb.mem	VEX128	128	1	0	2	86	1	vpextrb [rsi], xmm1, 86
movement_5930	vpextrb.mem	VEX128	128	1	0	2	87	1	vpextrb [rsi], xmm1, 87
movement_5931	vpextrb.mem	VEX128	128	1	0	2	88	1	vpextrb [rsi], xmm1, 88
movement_5932	vpextrb.mem	VEX128	128	1	0	2	89	1	vpextrb [rsi], xmm1, 89
movement_5933	vpextrb.mem	VEX128	128	1	0	2	90	1	vpextrb [rsi], xmm1, 90
movement_5934	vpextrb.mem	VEX128	128	1	0	2	91	1	vpextrb [rsi], xmm1, 91
movement_5935	vpextrb.mem	VEX128	128	1	0	2	92	1	vpextrb [rsi], xmm1, 92
movement_5936	vpextrb.mem	VEX128	128	1	0	2	93	1	vpextrb [rsi], xmm1, 93
movement_5937	vpextrb.mem	VEX128	128	1	0	2	94	1	vpextrb [rsi], xmm1, 94
movement_5938	vpextrb.mem	VEX128	128	1	0	2	95	1	vpextrb [rsi], xmm1, 95
movement_5939	vpextrb.mem	VEX128	128	1	0	2	96	1	vpextrb [rsi], xmm1, 96
movement_5940	vpextrb.mem	VEX128	128	1	0	2	97	1	vpextrb [rsi], xmm1, 97
movement_5941	vpextrb.mem	VEX128	128	1	0	2	98	1	vpextrb [rsi], xmm1, 98
movement_5942	vpextrb.mem	VEX128	128	1	0	2	99	1	vpextrb [rsi], xmm1, 99
movement_5943	vpextrb.mem	VEX128	128	1	0	2	100	1	vpextrb [rsi], xmm1, 100
movement_5944	vpextrb.mem	VEX128	128	1	0	2	101	1	vpextrb [rsi], xmm1, 101
movement_5945	vpextrb.mem	VEX128	128	1	0	2	102	1	vpextrb [rsi], xmm1, 102
movement_5946	vpextrb.mem	VEX128	128	1	0	2	103	1	vpextrb [rsi], xmm1, 103
movement_5947	vpextrb.mem	VEX128	128	1	0	2	104	1	vpextrb [rsi], xmm1, 104
movement_5948	vpextrb.mem	VEX128	128	1	0	2	105	1	vpextrb [rsi], xmm1, 105
movement_5949	vpextrb.mem	VEX128	128	1	0	2	106	1	vpextrb [rsi], xmm1, 106
movement_5950	vpextrb.mem	VEX128	128	1	0	2	107	1	vpextrb [rsi], xmm1, 107
movement_5951	vpextrb.mem	VEX128	128	1	0	2	108	1	vpextrb [rsi], xmm1, 108
movement_5952	vpextrb.mem	VEX128	128	1	0	2	109	1	vpextrb [rsi], xmm1, 109
movement_5953	vpextrb.mem	VEX128	128	1	0	2	110	1	vpextrb [rsi], xmm1, 110
movement_5954	vpextrb.mem	VEX128	128	1	0	2	111	1	vpextrb [rsi], xmm1, 111
movement_5955	vpextrb.mem	VEX128	128	1	0	2	112	1	vpextrb [rsi], xmm1, 112
movement_5956	vpextrb.mem	VEX128	128	1	0	2	113	1	vpextrb [rsi], xmm1, 113
movement_5957	vpextrb.mem	VEX128	128	1	0	2	114	1	vpextrb [rsi], xmm1, 114
movement_5958	vpextrb.mem	VEX128	128	1	0	2	115	1	vpextrb [rsi], xmm1, 115
movement_5959	vpextrb.mem	VEX128	128	1	0	2	116	1	vpextrb [rsi], xmm1, 116
movement_5960	vpextrb.mem	VEX128	128	1	0	2	117	1	vpextrb [rsi], xmm1, 117
movement_5961	vpextrb.mem	VEX128	128	1	0	2	118	1	vpextrb [rsi], xmm1, 118
movement_5962	vpextrb.mem	VEX128	128	1	0	2	119	1	vpextrb [rsi], xmm1, 119
movement_5963	vpextrb.mem	VEX128	128	1	0	2	120	1	vpextrb [rsi], xmm1, 120
movement_5964	vpextrb.mem	VEX128	128	1	0	2	121	1	vpextrb [rsi], xmm1, 121
movement_5965	vpextrb.mem	VEX128	128	1	0	2	122	1	vpextrb [rsi], xmm1, 122
movement_5966	vpextrb.mem	VEX128	128	1	0	2	123	1	vpextrb [rsi], xmm1, 123
movement_5967	vpextrb.mem	VEX128	128	1	0	2	124	1	vpextrb [rsi], xmm1, 124
movement_5968	vpextrb.mem	VEX128	128	1	0	2	125	1	vpextrb [rsi], xmm1, 125
movement_5969	vpextrb.mem	VEX128	128	1	0	2	126	1	vpextrb [rsi], xmm1, 126
movement_5970	vpextrb.mem	VEX128	128	1	0	2	127	1	vpextrb [rsi], xmm1, 127
movement_5971	vpextrb.mem	VEX128	128	1	0	2	128	1	vpextrb [rsi], xmm1, 128
movement_5972	vpextrb.mem	VEX128	128	1	0	2	129	1	vpextrb [rsi], xmm1, 129
movement_5973	vpextrb.mem	VEX128	128	1	0	2	130	1	vpextrb [rsi], xmm1, 130
movement_5974	vpextrb.mem	VEX128	128	1	0	2	131	1	vpextrb [rsi], xmm1, 131
movement_5975	vpextrb.mem	VEX128	128	1	0	2	132	1	vpextrb [rsi], xmm1, 132
movement_5976	vpextrb.mem	VEX128	128	1	0	2	133	1	vpextrb [rsi], xmm1, 133
movement_5977	vpextrb.mem	VEX128	128	1	0	2	134	1	vpextrb [rsi], xmm1, 134
movement_5978	vpextrb.mem	VEX128	128	1	0	2	135	1	vpextrb [rsi], xmm1, 135
movement_5979	vpextrb.mem	VEX128	128	1	0	2	136	1	vpextrb [rsi], xmm1, 136
movement_5980	vpextrb.mem	VEX128	128	1	0	2	137	1	vpextrb [rsi], xmm1, 137
movement_5981	vpextrb.mem	VEX128	128	1	0	2	138	1	vpextrb [rsi], xmm1, 138
movement_5982	vpextrb.mem	VEX128	128	1	0	2	139	1	vpextrb [rsi], xmm1, 139
movement_5983	vpextrb.mem	VEX128	128	1	0	2	140	1	vpextrb [rsi], xmm1, 140
movement_5984	vpextrb.mem	VEX128	128	1	0	2	141	1	vpextrb [rsi], xmm1, 141
movement_5985	vpextrb.mem	VEX128	128	1	0	2	142	1	vpextrb [rsi], xmm1, 142
movement_5986	vpextrb.mem	VEX128	128	1	0	2	143	1	vpextrb [rsi], xmm1, 143
movement_5987	vpextrb.mem	VEX128	128	1	0	2	144	1	vpextrb [rsi], xmm1, 144
movement_5988	vpextrb.mem	VEX128	128	1	0	2	145	1	vpextrb [rsi], xmm1, 145
movement_5989	vpextrb.mem	VEX128	128	1	0	2	146	1	vpextrb [rsi], xmm1, 146
movement_5990	vpextrb.mem	VEX128	128	1	0	2	147	1	vpextrb [rsi], xmm1, 147
movement_5991	vpextrb.mem	VEX128	128	1	0	2	148	1	vpextrb [rsi], xmm1, 148
movement_5992	vpextrb.mem	VEX128	128	1	0	2	149	1	vpextrb [rsi], xmm1, 149
movement_5993	vpextrb.mem	VEX128	128	1	0	2	150	1	vpextrb [rsi], xmm1, 150
movement_5994	vpextrb.mem	VEX128	128	1	0	2	151	1	vpextrb [rsi], xmm1, 151
movement_5995	vpextrb.mem	VEX128	128	1	0	2	152	1	vpextrb [rsi], xmm1, 152
movement_5996	vpextrb.mem	VEX128	128	1	0	2	153	1	vpextrb [rsi], xmm1, 153
movement_5997	vpextrb.mem	VEX128	128	1	0	2	154	1	vpextrb [rsi], xmm1, 154
movement_5998	vpextrb.mem	VEX128	128	1	0	2	155	1	vpextrb [rsi], xmm1, 155
movement_5999	vpextrb.mem	VEX128	128	1	0	2	156	1	vpextrb [rsi], xmm1, 156
movement_6000	vpextrb.mem	VEX128	128	1	0	2	157	1	vpextrb [rsi], xmm1, 157
movement_6001	vpextrb.mem	VEX128	128	1	0	2	158	1	vpextrb [rsi], xmm1, 158
movement_6002	vpextrb.mem	VEX128	128	1	0	2	159	1	vpextrb [rsi], xmm1, 159
movement_6003	vpextrb.mem	VEX128	128	1	0	2	160	1	vpextrb [rsi], xmm1, 160
movement_6004	vpextrb.mem	VEX128	128	1	0	2	161	1	vpextrb [rsi], xmm1, 161
movement_6005	vpextrb.mem	VEX128	128	1	0	2	162	1	vpextrb [rsi], xmm1, 162
movement_6006	vpextrb.mem	VEX128	128	1	0	2	163	1	vpextrb [rsi], xmm1, 163
movement_6007	vpextrb.mem	VEX128	128	1	0	2	164	1	vpextrb [rsi], xmm1, 164
movement_6008	vpextrb.mem	VEX128	128	1	0	2	165	1	vpextrb [rsi], xmm1, 165
movement_6009	vpextrb.mem	VEX128	128	1	0	2	166	1	vpextrb [rsi], xmm1, 166
movement_6010	vpextrb.mem	VEX128	128	1	0	2	167	1	vpextrb [rsi], xmm1, 167
movement_6011	vpextrb.mem	VEX128	128	1	0	2	168	1	vpextrb [rsi], xmm1, 168
movement_6012	vpextrb.mem	VEX128	128	1	0	2	169	1	vpextrb [rsi], xmm1, 169
movement_6013	vpextrb.mem	VEX128	128	1	0	2	170	1	vpextrb [rsi], xmm1, 170
movement_6014	vpextrb.mem	VEX128	128	1	0	2	171	1	vpextrb [rsi], xmm1, 171
movement_6015	vpextrb.mem	VEX128	128	1	0	2	172	1	vpextrb [rsi], xmm1, 172
movement_6016	vpextrb.mem	VEX128	128	1	0	2	173	1	vpextrb [rsi], xmm1, 173
movement_6017	vpextrb.mem	VEX128	128	1	0	2	174	1	vpextrb [rsi], xmm1, 174
movement_6018	vpextrb.mem	VEX128	128	1	0	2	175	1	vpextrb [rsi], xmm1, 175
movement_6019	vpextrb.mem	VEX128	128	1	0	2	176	1	vpextrb [rsi], xmm1, 176
movement_6020	vpextrb.mem	VEX128	128	1	0	2	177	1	vpextrb [rsi], xmm1, 177
movement_6021	vpextrb.mem	VEX128	128	1	0	2	178	1	vpextrb [rsi], xmm1, 178
movement_6022	vpextrb.mem	VEX128	128	1	0	2	179	1	vpextrb [rsi], xmm1, 179
movement_6023	vpextrb.mem	VEX128	128	1	0	2	180	1	vpextrb [rsi], xmm1, 180
movement_6024	vpextrb.mem	VEX128	128	1	0	2	181	1	vpextrb [rsi], xmm1, 181
movement_6025	vpextrb.mem	VEX128	128	1	0	2	182	1	vpextrb [rsi], xmm1, 182
movement_6026	vpextrb.mem	VEX128	128	1	0	2	183	1	vpextrb [rsi], xmm1, 183
movement_6027	vpextrb.mem	VEX128	128	1	0	2	184	1	vpextrb [rsi], xmm1, 184
movement_6028	vpextrb.mem	VEX128	128	1	0	2	185	1	vpextrb [rsi], xmm1, 185
movement_6029	vpextrb.mem	VEX128	128	1	0	2	186	1	vpextrb [rsi], xmm1, 186
movement_6030	vpextrb.mem	VEX128	128	1	0	2	187	1	vpextrb [rsi], xmm1, 187
movement_6031	vpextrb.mem	VEX128	128	1	0	2	188	1	vpextrb [rsi], xmm1, 188
movement_6032	vpextrb.mem	VEX128	128	1	0	2	189	1	vpextrb [rsi], xmm1, 189
movement_6033	vpextrb.mem	VEX128	128	1	0	2	190	1	vpextrb [rsi], xmm1, 190
movement_6034	vpextrb.mem	VEX128	128	1	0	2	191	1	vpextrb [rsi], xmm1, 191
movement_6035	vpextrb.mem	VEX128	128	1	0	2	192	1	vpextrb [rsi], xmm1, 192
movement_6036	vpextrb.mem	VEX128	128	1	0	2	193	1	vpextrb [rsi], xmm1, 193
movement_6037	vpextrb.mem	VEX128	128	1	0	2	194	1	vpextrb [rsi], xmm1, 194
movement_6038	vpextrb.mem	VEX128	128	1	0	2	195	1	vpextrb [rsi], xmm1, 195
movement_6039	vpextrb.mem	VEX128	128	1	0	2	196	1	vpextrb [rsi], xmm1, 196
movement_6040	vpextrb.mem	VEX128	128	1	0	2	197	1	vpextrb [rsi], xmm1, 197
movement_6041	vpextrb.mem	VEX128	128	1	0	2	198	1	vpextrb [rsi], xmm1, 198
movement_6042	vpextrb.mem	VEX128	128	1	0	2	199	1	vpextrb [rsi], xmm1, 199
movement_6043	vpextrb.mem	VEX128	128	1	0	2	200	1	vpextrb [rsi], xmm1, 200
movement_6044	vpextrb.mem	VEX128	128	1	0	2	201	1	vpextrb [rsi], xmm1, 201
movement_6045	vpextrb.mem	VEX128	128	1	0	2	202	1	vpextrb [rsi], xmm1, 202
movement_6046	vpextrb.mem	VEX128	128	1	0	2	203	1	vpextrb [rsi], xmm1, 203
movement_6047	vpextrb.mem	VEX128	128	1	0	2	204	1	vpextrb [rsi], xmm1, 204
movement_6048	vpextrb.mem	VEX128	128	1	0	2	205	1	vpextrb [rsi], xmm1, 205
movement_6049	vpextrb.mem	VEX128	128	1	0	2	206	1	vpextrb [rsi], xmm1, 206
movement_6050	vpextrb.mem	VEX128	128	1	0	2	207	1	vpextrb [rsi], xmm1, 207
movement_6051	vpextrb.mem	VEX128	128	1	0	2	208	1	vpextrb [rsi], xmm1, 208
movement_6052	vpextrb.mem	VEX128	128	1	0	2	209	1	vpextrb [rsi], xmm1, 209
movement_6053	vpextrb.mem	VEX128	128	1	0	2	210	1	vpextrb [rsi], xmm1, 210
movement_6054	vpextrb.mem	VEX128	128	1	0	2	211	1	vpextrb [rsi], xmm1, 211
movement_6055	vpextrb.mem	VEX128	128	1	0	2	212	1	vpextrb [rsi], xmm1, 212
movement_6056	vpextrb.mem	VEX128	128	1	0	2	213	1	vpextrb [rsi], xmm1, 213
movement_6057	vpextrb.mem	VEX128	128	1	0	2	214	1	vpextrb [rsi], xmm1, 214
movement_6058	vpextrb.mem	VEX128	128	1	0	2	215	1	vpextrb [rsi], xmm1, 215
movement_6059	vpextrb.mem	VEX128	128	1	0	2	216	1	vpextrb [rsi], xmm1, 216
movement_6060	vpextrb.mem	VEX128	128	1	0	2	217	1	vpextrb [rsi], xmm1, 217
movement_6061	vpextrb.mem	VEX128	128	1	0	2	218	1	vpextrb [rsi], xmm1, 218
movement_6062	vpextrb.mem	VEX128	128	1	0	2	219	1	vpextrb [rsi], xmm1, 219
movement_6063	vpextrb.mem	VEX128	128	1	0	2	220	1	vpextrb [rsi], xmm1, 220
movement_6064	vpextrb.mem	VEX128	128	1	0	2	221	1	vpextrb [rsi], xmm1, 221
movement_6065	vpextrb.mem	VEX128	128	1	0	2	222	1	vpextrb [rsi], xmm1, 222
movement_6066	vpextrb.mem	VEX128	128	1	0	2	223	1	vpextrb [rsi], xmm1, 223
movement_6067	vpextrb.mem	VEX128	128	1	0	2	224	1	vpextrb [rsi], xmm1, 224
movement_6068	vpextrb.mem	VEX128	128	1	0	2	225	1	vpextrb [rsi], xmm1, 225
movement_6069	vpextrb.mem	VEX128	128	1	0	2	226	1	vpextrb [rsi], xmm1, 226
movement_6070	vpextrb.mem	VEX128	128	1	0	2	227	1	vpextrb [rsi], xmm1, 227
movement_6071	vpextrb.mem	VEX128	128	1	0	2	228	1	vpextrb [rsi], xmm1, 228
movement_6072	vpextrb.mem	VEX128	128	1	0	2	229	1	vpextrb [rsi], xmm1, 229
movement_6073	vpextrb.mem	VEX128	128	1	0	2	230	1	vpextrb [rsi], xmm1, 230
movement_6074	vpextrb.mem	VEX128	128	1	0	2	231	1	vpextrb [rsi], xmm1, 231
movement_6075	vpextrb.mem	VEX128	128	1	0	2	232	1	vpextrb [rsi], xmm1, 232
movement_6076	vpextrb.mem	VEX128	128	1	0	2	233	1	vpextrb [rsi], xmm1, 233
movement_6077	vpextrb.mem	VEX128	128	1	0	2	234	1	vpextrb [rsi], xmm1, 234
movement_6078	vpextrb.mem	VEX128	128	1	0	2	235	1	vpextrb [rsi], xmm1, 235
movement_6079	vpextrb.mem	VEX128	128	1	0	2	236	1	vpextrb [rsi], xmm1, 236
movement_6080	vpextrb.mem	VEX128	128	1	0	2	237	1	vpextrb [rsi], xmm1, 237
movement_6081	vpextrb.mem	VEX128	128	1	0	2	238	1	vpextrb [rsi], xmm1, 238
movement_6082	vpextrb.mem	VEX128	128	1	0	2	239	1	vpextrb [rsi], xmm1, 239
movement_6083	vpextrb.mem	VEX128	128	1	0	2	240	1	vpextrb [rsi], xmm1, 240
movement_6084	vpextrb.mem	VEX128	128	1	0	2	241	1	vpextrb [rsi], xmm1, 241
movement_6085	vpextrb.mem	VEX128	128	1	0	2	242	1	vpextrb [rsi], xmm1, 242
movement_6086	vpextrb.mem	VEX128	128	1	0	2	243	1	vpextrb [rsi], xmm1, 243
movement_6087	vpextrb.mem	VEX128	128	1	0	2	244	1	vpextrb [rsi], xmm1, 244
movement_6088	vpextrb.mem	VEX128	128	1	0	2	245	1	vpextrb [rsi], xmm1, 245
movement_6089	vpextrb.mem	VEX128	128	1	0	2	246	1	vpextrb [rsi], xmm1, 246
movement_6090	vpextrb.mem	VEX128	128	1	0	2	247	1	vpextrb [rsi], xmm1, 247
movement_6091	vpextrb.mem	VEX128	128	1	0	2	248	1	vpextrb [rsi], xmm1, 248
movement_6092	vpextrb.mem	VEX128	128	1	0	2	249	1	vpextrb [rsi], xmm1, 249
movement_6093	vpextrb.mem	VEX128	128	1	0	2	250	1	vpextrb [rsi], xmm1, 250
movement_6094	vpextrb.mem	VEX128	128	1	0	2	251	1	vpextrb [rsi], xmm1, 251
movement_6095	vpextrb.mem	VEX128	128	1	0	2	252	1	vpextrb [rsi], xmm1, 252
movement_6096	vpextrb.mem	VEX128	128	1	0	2	253	1	vpextrb [rsi], xmm1, 253
movement_6097	vpextrb.mem	VEX128	128	1	0	2	254	1	vpextrb [rsi], xmm1, 254
movement_6098	vpextrb.mem	VEX128	128	1	0	2	255	1	vpextrb [rsi], xmm1, 255
movement_6099	vpextrw.gpr	VEX128	128	2	0	0	0	1	.byte 0xc4,0xe3,0x79,0x15,0xc8,0
movement_6100	vpextrw.gpr	VEX128	128	2	0	0	1	1	.byte 0xc4,0xe3,0x79,0x15,0xc8,1
movement_6101	vpextrw.gpr	VEX128	128	2	0	0	2	1	.byte 0xc4,0xe3,0x79,0x15,0xc8,2
movement_6102	vpextrw.gpr	VEX128	128	2	0	0	3	1	.byte 0xc4,0xe3,0x79,0x15,0xc8,3
movement_6103	vpextrw.gpr	VEX128	128	2	0	0	4	1	.byte 0xc4,0xe3,0x79,0x15,0xc8,4
movement_6104	vpextrw.gpr	VEX128	128	2	0	0	5	1	.byte 0xc4,0xe3,0x79,0x15,0xc8,5
movement_6105	vpextrw.gpr	VEX128	128	2	0	0	6	1	.byte 0xc4,0xe3,0x79,0x15,0xc8,6
movement_6106	vpextrw.gpr	VEX128	128	2	0	0	7	1	.byte 0xc4,0xe3,0x79,0x15,0xc8,7
movement_6107	vpextrw.gpr	VEX128	128	2	0	0	8	1	.byte 0xc4,0xe3,0x79,0x15,0xc8,8
movement_6108	vpextrw.gpr	VEX128	128	2	0	0	9	1	.byte 0xc4,0xe3,0x79,0x15,0xc8,9
movement_6109	vpextrw.gpr	VEX128	128	2	0	0	10	1	.byte 0xc4,0xe3,0x79,0x15,0xc8,10
movement_6110	vpextrw.gpr	VEX128	128	2	0	0	11	1	.byte 0xc4,0xe3,0x79,0x15,0xc8,11
movement_6111	vpextrw.gpr	VEX128	128	2	0	0	12	1	.byte 0xc4,0xe3,0x79,0x15,0xc8,12
movement_6112	vpextrw.gpr	VEX128	128	2	0	0	13	1	.byte 0xc4,0xe3,0x79,0x15,0xc8,13
movement_6113	vpextrw.gpr	VEX128	128	2	0	0	14	1	.byte 0xc4,0xe3,0x79,0x15,0xc8,14
movement_6114	vpextrw.gpr	VEX128	128	2	0	0	15	1	.byte 0xc4,0xe3,0x79,0x15,0xc8,15
movement_6115	vpextrw.gpr	VEX128	128	2	0	0	16	1	.byte 0xc4,0xe3,0x79,0x15,0xc8,16
movement_6116	vpextrw.gpr	VEX128	128	2	0	0	17	1	.byte 0xc4,0xe3,0x79,0x15,0xc8,17
movement_6117	vpextrw.gpr	VEX128	128	2	0	0	18	1	.byte 0xc4,0xe3,0x79,0x15,0xc8,18
movement_6118	vpextrw.gpr	VEX128	128	2	0	0	19	1	.byte 0xc4,0xe3,0x79,0x15,0xc8,19
movement_6119	vpextrw.gpr	VEX128	128	2	0	0	20	1	.byte 0xc4,0xe3,0x79,0x15,0xc8,20
movement_6120	vpextrw.gpr	VEX128	128	2	0	0	21	1	.byte 0xc4,0xe3,0x79,0x15,0xc8,21
movement_6121	vpextrw.gpr	VEX128	128	2	0	0	22	1	.byte 0xc4,0xe3,0x79,0x15,0xc8,22
movement_6122	vpextrw.gpr	VEX128	128	2	0	0	23	1	.byte 0xc4,0xe3,0x79,0x15,0xc8,23
movement_6123	vpextrw.gpr	VEX128	128	2	0	0	24	1	.byte 0xc4,0xe3,0x79,0x15,0xc8,24
movement_6124	vpextrw.gpr	VEX128	128	2	0	0	25	1	.byte 0xc4,0xe3,0x79,0x15,0xc8,25
movement_6125	vpextrw.gpr	VEX128	128	2	0	0	26	1	.byte 0xc4,0xe3,0x79,0x15,0xc8,26
movement_6126	vpextrw.gpr	VEX128	128	2	0	0	27	1	.byte 0xc4,0xe3,0x79,0x15,0xc8,27
movement_6127	vpextrw.gpr	VEX128	128	2	0	0	28	1	.byte 0xc4,0xe3,0x79,0x15,0xc8,28
movement_6128	vpextrw.gpr	VEX128	128	2	0	0	29	1	.byte 0xc4,0xe3,0x79,0x15,0xc8,29
movement_6129	vpextrw.gpr	VEX128	128	2	0	0	30	1	.byte 0xc4,0xe3,0x79,0x15,0xc8,30
movement_6130	vpextrw.gpr	VEX128	128	2	0	0	31	1	.byte 0xc4,0xe3,0x79,0x15,0xc8,31
movement_6131	vpextrw.gpr	VEX128	128	2	0	0	32	1	.byte 0xc4,0xe3,0x79,0x15,0xc8,32
movement_6132	vpextrw.gpr	VEX128	128	2	0	0	33	1	.byte 0xc4,0xe3,0x79,0x15,0xc8,33
movement_6133	vpextrw.gpr	VEX128	128	2	0	0	34	1	.byte 0xc4,0xe3,0x79,0x15,0xc8,34
movement_6134	vpextrw.gpr	VEX128	128	2	0	0	35	1	.byte 0xc4,0xe3,0x79,0x15,0xc8,35
movement_6135	vpextrw.gpr	VEX128	128	2	0	0	36	1	.byte 0xc4,0xe3,0x79,0x15,0xc8,36
movement_6136	vpextrw.gpr	VEX128	128	2	0	0	37	1	.byte 0xc4,0xe3,0x79,0x15,0xc8,37
movement_6137	vpextrw.gpr	VEX128	128	2	0	0	38	1	.byte 0xc4,0xe3,0x79,0x15,0xc8,38
movement_6138	vpextrw.gpr	VEX128	128	2	0	0	39	1	.byte 0xc4,0xe3,0x79,0x15,0xc8,39
movement_6139	vpextrw.gpr	VEX128	128	2	0	0	40	1	.byte 0xc4,0xe3,0x79,0x15,0xc8,40
movement_6140	vpextrw.gpr	VEX128	128	2	0	0	41	1	.byte 0xc4,0xe3,0x79,0x15,0xc8,41
movement_6141	vpextrw.gpr	VEX128	128	2	0	0	42	1	.byte 0xc4,0xe3,0x79,0x15,0xc8,42
movement_6142	vpextrw.gpr	VEX128	128	2	0	0	43	1	.byte 0xc4,0xe3,0x79,0x15,0xc8,43
movement_6143	vpextrw.gpr	VEX128	128	2	0	0	44	1	.byte 0xc4,0xe3,0x79,0x15,0xc8,44
movement_6144	vpextrw.gpr	VEX128	128	2	0	0	45	1	.byte 0xc4,0xe3,0x79,0x15,0xc8,45
movement_6145	vpextrw.gpr	VEX128	128	2	0	0	46	1	.byte 0xc4,0xe3,0x79,0x15,0xc8,46
movement_6146	vpextrw.gpr	VEX128	128	2	0	0	47	1	.byte 0xc4,0xe3,0x79,0x15,0xc8,47
movement_6147	vpextrw.gpr	VEX128	128	2	0	0	48	1	.byte 0xc4,0xe3,0x79,0x15,0xc8,48
movement_6148	vpextrw.gpr	VEX128	128	2	0	0	49	1	.byte 0xc4,0xe3,0x79,0x15,0xc8,49
movement_6149	vpextrw.gpr	VEX128	128	2	0	0	50	1	.byte 0xc4,0xe3,0x79,0x15,0xc8,50
movement_6150	vpextrw.gpr	VEX128	128	2	0	0	51	1	.byte 0xc4,0xe3,0x79,0x15,0xc8,51
movement_6151	vpextrw.gpr	VEX128	128	2	0	0	52	1	.byte 0xc4,0xe3,0x79,0x15,0xc8,52
movement_6152	vpextrw.gpr	VEX128	128	2	0	0	53	1	.byte 0xc4,0xe3,0x79,0x15,0xc8,53
movement_6153	vpextrw.gpr	VEX128	128	2	0	0	54	1	.byte 0xc4,0xe3,0x79,0x15,0xc8,54
movement_6154	vpextrw.gpr	VEX128	128	2	0	0	55	1	.byte 0xc4,0xe3,0x79,0x15,0xc8,55
movement_6155	vpextrw.gpr	VEX128	128	2	0	0	56	1	.byte 0xc4,0xe3,0x79,0x15,0xc8,56
movement_6156	vpextrw.gpr	VEX128	128	2	0	0	57	1	.byte 0xc4,0xe3,0x79,0x15,0xc8,57
movement_6157	vpextrw.gpr	VEX128	128	2	0	0	58	1	.byte 0xc4,0xe3,0x79,0x15,0xc8,58
movement_6158	vpextrw.gpr	VEX128	128	2	0	0	59	1	.byte 0xc4,0xe3,0x79,0x15,0xc8,59
movement_6159	vpextrw.gpr	VEX128	128	2	0	0	60	1	.byte 0xc4,0xe3,0x79,0x15,0xc8,60
movement_6160	vpextrw.gpr	VEX128	128	2	0	0	61	1	.byte 0xc4,0xe3,0x79,0x15,0xc8,61
movement_6161	vpextrw.gpr	VEX128	128	2	0	0	62	1	.byte 0xc4,0xe3,0x79,0x15,0xc8,62
movement_6162	vpextrw.gpr	VEX128	128	2	0	0	63	1	.byte 0xc4,0xe3,0x79,0x15,0xc8,63
movement_6163	vpextrw.gpr	VEX128	128	2	0	0	64	1	.byte 0xc4,0xe3,0x79,0x15,0xc8,64
movement_6164	vpextrw.gpr	VEX128	128	2	0	0	65	1	.byte 0xc4,0xe3,0x79,0x15,0xc8,65
movement_6165	vpextrw.gpr	VEX128	128	2	0	0	66	1	.byte 0xc4,0xe3,0x79,0x15,0xc8,66
movement_6166	vpextrw.gpr	VEX128	128	2	0	0	67	1	.byte 0xc4,0xe3,0x79,0x15,0xc8,67
movement_6167	vpextrw.gpr	VEX128	128	2	0	0	68	1	.byte 0xc4,0xe3,0x79,0x15,0xc8,68
movement_6168	vpextrw.gpr	VEX128	128	2	0	0	69	1	.byte 0xc4,0xe3,0x79,0x15,0xc8,69
movement_6169	vpextrw.gpr	VEX128	128	2	0	0	70	1	.byte 0xc4,0xe3,0x79,0x15,0xc8,70
movement_6170	vpextrw.gpr	VEX128	128	2	0	0	71	1	.byte 0xc4,0xe3,0x79,0x15,0xc8,71
movement_6171	vpextrw.gpr	VEX128	128	2	0	0	72	1	.byte 0xc4,0xe3,0x79,0x15,0xc8,72
movement_6172	vpextrw.gpr	VEX128	128	2	0	0	73	1	.byte 0xc4,0xe3,0x79,0x15,0xc8,73
movement_6173	vpextrw.gpr	VEX128	128	2	0	0	74	1	.byte 0xc4,0xe3,0x79,0x15,0xc8,74
movement_6174	vpextrw.gpr	VEX128	128	2	0	0	75	1	.byte 0xc4,0xe3,0x79,0x15,0xc8,75
movement_6175	vpextrw.gpr	VEX128	128	2	0	0	76	1	.byte 0xc4,0xe3,0x79,0x15,0xc8,76
movement_6176	vpextrw.gpr	VEX128	128	2	0	0	77	1	.byte 0xc4,0xe3,0x79,0x15,0xc8,77
movement_6177	vpextrw.gpr	VEX128	128	2	0	0	78	1	.byte 0xc4,0xe3,0x79,0x15,0xc8,78
movement_6178	vpextrw.gpr	VEX128	128	2	0	0	79	1	.byte 0xc4,0xe3,0x79,0x15,0xc8,79
movement_6179	vpextrw.gpr	VEX128	128	2	0	0	80	1	.byte 0xc4,0xe3,0x79,0x15,0xc8,80
movement_6180	vpextrw.gpr	VEX128	128	2	0	0	81	1	.byte 0xc4,0xe3,0x79,0x15,0xc8,81
movement_6181	vpextrw.gpr	VEX128	128	2	0	0	82	1	.byte 0xc4,0xe3,0x79,0x15,0xc8,82
movement_6182	vpextrw.gpr	VEX128	128	2	0	0	83	1	.byte 0xc4,0xe3,0x79,0x15,0xc8,83
movement_6183	vpextrw.gpr	VEX128	128	2	0	0	84	1	.byte 0xc4,0xe3,0x79,0x15,0xc8,84
movement_6184	vpextrw.gpr	VEX128	128	2	0	0	85	1	.byte 0xc4,0xe3,0x79,0x15,0xc8,85
movement_6185	vpextrw.gpr	VEX128	128	2	0	0	86	1	.byte 0xc4,0xe3,0x79,0x15,0xc8,86
movement_6186	vpextrw.gpr	VEX128	128	2	0	0	87	1	.byte 0xc4,0xe3,0x79,0x15,0xc8,87
movement_6187	vpextrw.gpr	VEX128	128	2	0	0	88	1	.byte 0xc4,0xe3,0x79,0x15,0xc8,88
movement_6188	vpextrw.gpr	VEX128	128	2	0	0	89	1	.byte 0xc4,0xe3,0x79,0x15,0xc8,89
movement_6189	vpextrw.gpr	VEX128	128	2	0	0	90	1	.byte 0xc4,0xe3,0x79,0x15,0xc8,90
movement_6190	vpextrw.gpr	VEX128	128	2	0	0	91	1	.byte 0xc4,0xe3,0x79,0x15,0xc8,91
movement_6191	vpextrw.gpr	VEX128	128	2	0	0	92	1	.byte 0xc4,0xe3,0x79,0x15,0xc8,92
movement_6192	vpextrw.gpr	VEX128	128	2	0	0	93	1	.byte 0xc4,0xe3,0x79,0x15,0xc8,93
movement_6193	vpextrw.gpr	VEX128	128	2	0	0	94	1	.byte 0xc4,0xe3,0x79,0x15,0xc8,94
movement_6194	vpextrw.gpr	VEX128	128	2	0	0	95	1	.byte 0xc4,0xe3,0x79,0x15,0xc8,95
movement_6195	vpextrw.gpr	VEX128	128	2	0	0	96	1	.byte 0xc4,0xe3,0x79,0x15,0xc8,96
movement_6196	vpextrw.gpr	VEX128	128	2	0	0	97	1	.byte 0xc4,0xe3,0x79,0x15,0xc8,97
movement_6197	vpextrw.gpr	VEX128	128	2	0	0	98	1	.byte 0xc4,0xe3,0x79,0x15,0xc8,98
movement_6198	vpextrw.gpr	VEX128	128	2	0	0	99	1	.byte 0xc4,0xe3,0x79,0x15,0xc8,99
movement_6199	vpextrw.gpr	VEX128	128	2	0	0	100	1	.byte 0xc4,0xe3,0x79,0x15,0xc8,100
movement_6200	vpextrw.gpr	VEX128	128	2	0	0	101	1	.byte 0xc4,0xe3,0x79,0x15,0xc8,101
movement_6201	vpextrw.gpr	VEX128	128	2	0	0	102	1	.byte 0xc4,0xe3,0x79,0x15,0xc8,102
movement_6202	vpextrw.gpr	VEX128	128	2	0	0	103	1	.byte 0xc4,0xe3,0x79,0x15,0xc8,103
movement_6203	vpextrw.gpr	VEX128	128	2	0	0	104	1	.byte 0xc4,0xe3,0x79,0x15,0xc8,104
movement_6204	vpextrw.gpr	VEX128	128	2	0	0	105	1	.byte 0xc4,0xe3,0x79,0x15,0xc8,105
movement_6205	vpextrw.gpr	VEX128	128	2	0	0	106	1	.byte 0xc4,0xe3,0x79,0x15,0xc8,106
movement_6206	vpextrw.gpr	VEX128	128	2	0	0	107	1	.byte 0xc4,0xe3,0x79,0x15,0xc8,107
movement_6207	vpextrw.gpr	VEX128	128	2	0	0	108	1	.byte 0xc4,0xe3,0x79,0x15,0xc8,108
movement_6208	vpextrw.gpr	VEX128	128	2	0	0	109	1	.byte 0xc4,0xe3,0x79,0x15,0xc8,109
movement_6209	vpextrw.gpr	VEX128	128	2	0	0	110	1	.byte 0xc4,0xe3,0x79,0x15,0xc8,110
movement_6210	vpextrw.gpr	VEX128	128	2	0	0	111	1	.byte 0xc4,0xe3,0x79,0x15,0xc8,111
movement_6211	vpextrw.gpr	VEX128	128	2	0	0	112	1	.byte 0xc4,0xe3,0x79,0x15,0xc8,112
movement_6212	vpextrw.gpr	VEX128	128	2	0	0	113	1	.byte 0xc4,0xe3,0x79,0x15,0xc8,113
movement_6213	vpextrw.gpr	VEX128	128	2	0	0	114	1	.byte 0xc4,0xe3,0x79,0x15,0xc8,114
movement_6214	vpextrw.gpr	VEX128	128	2	0	0	115	1	.byte 0xc4,0xe3,0x79,0x15,0xc8,115
movement_6215	vpextrw.gpr	VEX128	128	2	0	0	116	1	.byte 0xc4,0xe3,0x79,0x15,0xc8,116
movement_6216	vpextrw.gpr	VEX128	128	2	0	0	117	1	.byte 0xc4,0xe3,0x79,0x15,0xc8,117
movement_6217	vpextrw.gpr	VEX128	128	2	0	0	118	1	.byte 0xc4,0xe3,0x79,0x15,0xc8,118
movement_6218	vpextrw.gpr	VEX128	128	2	0	0	119	1	.byte 0xc4,0xe3,0x79,0x15,0xc8,119
movement_6219	vpextrw.gpr	VEX128	128	2	0	0	120	1	.byte 0xc4,0xe3,0x79,0x15,0xc8,120
movement_6220	vpextrw.gpr	VEX128	128	2	0	0	121	1	.byte 0xc4,0xe3,0x79,0x15,0xc8,121
movement_6221	vpextrw.gpr	VEX128	128	2	0	0	122	1	.byte 0xc4,0xe3,0x79,0x15,0xc8,122
movement_6222	vpextrw.gpr	VEX128	128	2	0	0	123	1	.byte 0xc4,0xe3,0x79,0x15,0xc8,123
movement_6223	vpextrw.gpr	VEX128	128	2	0	0	124	1	.byte 0xc4,0xe3,0x79,0x15,0xc8,124
movement_6224	vpextrw.gpr	VEX128	128	2	0	0	125	1	.byte 0xc4,0xe3,0x79,0x15,0xc8,125
movement_6225	vpextrw.gpr	VEX128	128	2	0	0	126	1	.byte 0xc4,0xe3,0x79,0x15,0xc8,126
movement_6226	vpextrw.gpr	VEX128	128	2	0	0	127	1	.byte 0xc4,0xe3,0x79,0x15,0xc8,127
movement_6227	vpextrw.gpr	VEX128	128	2	0	0	128	1	.byte 0xc4,0xe3,0x79,0x15,0xc8,128
movement_6228	vpextrw.gpr	VEX128	128	2	0	0	129	1	.byte 0xc4,0xe3,0x79,0x15,0xc8,129
movement_6229	vpextrw.gpr	VEX128	128	2	0	0	130	1	.byte 0xc4,0xe3,0x79,0x15,0xc8,130
movement_6230	vpextrw.gpr	VEX128	128	2	0	0	131	1	.byte 0xc4,0xe3,0x79,0x15,0xc8,131
movement_6231	vpextrw.gpr	VEX128	128	2	0	0	132	1	.byte 0xc4,0xe3,0x79,0x15,0xc8,132
movement_6232	vpextrw.gpr	VEX128	128	2	0	0	133	1	.byte 0xc4,0xe3,0x79,0x15,0xc8,133
movement_6233	vpextrw.gpr	VEX128	128	2	0	0	134	1	.byte 0xc4,0xe3,0x79,0x15,0xc8,134
movement_6234	vpextrw.gpr	VEX128	128	2	0	0	135	1	.byte 0xc4,0xe3,0x79,0x15,0xc8,135
movement_6235	vpextrw.gpr	VEX128	128	2	0	0	136	1	.byte 0xc4,0xe3,0x79,0x15,0xc8,136
movement_6236	vpextrw.gpr	VEX128	128	2	0	0	137	1	.byte 0xc4,0xe3,0x79,0x15,0xc8,137
movement_6237	vpextrw.gpr	VEX128	128	2	0	0	138	1	.byte 0xc4,0xe3,0x79,0x15,0xc8,138
movement_6238	vpextrw.gpr	VEX128	128	2	0	0	139	1	.byte 0xc4,0xe3,0x79,0x15,0xc8,139
movement_6239	vpextrw.gpr	VEX128	128	2	0	0	140	1	.byte 0xc4,0xe3,0x79,0x15,0xc8,140
movement_6240	vpextrw.gpr	VEX128	128	2	0	0	141	1	.byte 0xc4,0xe3,0x79,0x15,0xc8,141
movement_6241	vpextrw.gpr	VEX128	128	2	0	0	142	1	.byte 0xc4,0xe3,0x79,0x15,0xc8,142
movement_6242	vpextrw.gpr	VEX128	128	2	0	0	143	1	.byte 0xc4,0xe3,0x79,0x15,0xc8,143
movement_6243	vpextrw.gpr	VEX128	128	2	0	0	144	1	.byte 0xc4,0xe3,0x79,0x15,0xc8,144
movement_6244	vpextrw.gpr	VEX128	128	2	0	0	145	1	.byte 0xc4,0xe3,0x79,0x15,0xc8,145
movement_6245	vpextrw.gpr	VEX128	128	2	0	0	146	1	.byte 0xc4,0xe3,0x79,0x15,0xc8,146
movement_6246	vpextrw.gpr	VEX128	128	2	0	0	147	1	.byte 0xc4,0xe3,0x79,0x15,0xc8,147
movement_6247	vpextrw.gpr	VEX128	128	2	0	0	148	1	.byte 0xc4,0xe3,0x79,0x15,0xc8,148
movement_6248	vpextrw.gpr	VEX128	128	2	0	0	149	1	.byte 0xc4,0xe3,0x79,0x15,0xc8,149
movement_6249	vpextrw.gpr	VEX128	128	2	0	0	150	1	.byte 0xc4,0xe3,0x79,0x15,0xc8,150
movement_6250	vpextrw.gpr	VEX128	128	2	0	0	151	1	.byte 0xc4,0xe3,0x79,0x15,0xc8,151
movement_6251	vpextrw.gpr	VEX128	128	2	0	0	152	1	.byte 0xc4,0xe3,0x79,0x15,0xc8,152
movement_6252	vpextrw.gpr	VEX128	128	2	0	0	153	1	.byte 0xc4,0xe3,0x79,0x15,0xc8,153
movement_6253	vpextrw.gpr	VEX128	128	2	0	0	154	1	.byte 0xc4,0xe3,0x79,0x15,0xc8,154
movement_6254	vpextrw.gpr	VEX128	128	2	0	0	155	1	.byte 0xc4,0xe3,0x79,0x15,0xc8,155
movement_6255	vpextrw.gpr	VEX128	128	2	0	0	156	1	.byte 0xc4,0xe3,0x79,0x15,0xc8,156
movement_6256	vpextrw.gpr	VEX128	128	2	0	0	157	1	.byte 0xc4,0xe3,0x79,0x15,0xc8,157
movement_6257	vpextrw.gpr	VEX128	128	2	0	0	158	1	.byte 0xc4,0xe3,0x79,0x15,0xc8,158
movement_6258	vpextrw.gpr	VEX128	128	2	0	0	159	1	.byte 0xc4,0xe3,0x79,0x15,0xc8,159
movement_6259	vpextrw.gpr	VEX128	128	2	0	0	160	1	.byte 0xc4,0xe3,0x79,0x15,0xc8,160
movement_6260	vpextrw.gpr	VEX128	128	2	0	0	161	1	.byte 0xc4,0xe3,0x79,0x15,0xc8,161
movement_6261	vpextrw.gpr	VEX128	128	2	0	0	162	1	.byte 0xc4,0xe3,0x79,0x15,0xc8,162
movement_6262	vpextrw.gpr	VEX128	128	2	0	0	163	1	.byte 0xc4,0xe3,0x79,0x15,0xc8,163
movement_6263	vpextrw.gpr	VEX128	128	2	0	0	164	1	.byte 0xc4,0xe3,0x79,0x15,0xc8,164
movement_6264	vpextrw.gpr	VEX128	128	2	0	0	165	1	.byte 0xc4,0xe3,0x79,0x15,0xc8,165
movement_6265	vpextrw.gpr	VEX128	128	2	0	0	166	1	.byte 0xc4,0xe3,0x79,0x15,0xc8,166
movement_6266	vpextrw.gpr	VEX128	128	2	0	0	167	1	.byte 0xc4,0xe3,0x79,0x15,0xc8,167
movement_6267	vpextrw.gpr	VEX128	128	2	0	0	168	1	.byte 0xc4,0xe3,0x79,0x15,0xc8,168
movement_6268	vpextrw.gpr	VEX128	128	2	0	0	169	1	.byte 0xc4,0xe3,0x79,0x15,0xc8,169
movement_6269	vpextrw.gpr	VEX128	128	2	0	0	170	1	.byte 0xc4,0xe3,0x79,0x15,0xc8,170
movement_6270	vpextrw.gpr	VEX128	128	2	0	0	171	1	.byte 0xc4,0xe3,0x79,0x15,0xc8,171
movement_6271	vpextrw.gpr	VEX128	128	2	0	0	172	1	.byte 0xc4,0xe3,0x79,0x15,0xc8,172
movement_6272	vpextrw.gpr	VEX128	128	2	0	0	173	1	.byte 0xc4,0xe3,0x79,0x15,0xc8,173
movement_6273	vpextrw.gpr	VEX128	128	2	0	0	174	1	.byte 0xc4,0xe3,0x79,0x15,0xc8,174
movement_6274	vpextrw.gpr	VEX128	128	2	0	0	175	1	.byte 0xc4,0xe3,0x79,0x15,0xc8,175
movement_6275	vpextrw.gpr	VEX128	128	2	0	0	176	1	.byte 0xc4,0xe3,0x79,0x15,0xc8,176
movement_6276	vpextrw.gpr	VEX128	128	2	0	0	177	1	.byte 0xc4,0xe3,0x79,0x15,0xc8,177
movement_6277	vpextrw.gpr	VEX128	128	2	0	0	178	1	.byte 0xc4,0xe3,0x79,0x15,0xc8,178
movement_6278	vpextrw.gpr	VEX128	128	2	0	0	179	1	.byte 0xc4,0xe3,0x79,0x15,0xc8,179
movement_6279	vpextrw.gpr	VEX128	128	2	0	0	180	1	.byte 0xc4,0xe3,0x79,0x15,0xc8,180
movement_6280	vpextrw.gpr	VEX128	128	2	0	0	181	1	.byte 0xc4,0xe3,0x79,0x15,0xc8,181
movement_6281	vpextrw.gpr	VEX128	128	2	0	0	182	1	.byte 0xc4,0xe3,0x79,0x15,0xc8,182
movement_6282	vpextrw.gpr	VEX128	128	2	0	0	183	1	.byte 0xc4,0xe3,0x79,0x15,0xc8,183
movement_6283	vpextrw.gpr	VEX128	128	2	0	0	184	1	.byte 0xc4,0xe3,0x79,0x15,0xc8,184
movement_6284	vpextrw.gpr	VEX128	128	2	0	0	185	1	.byte 0xc4,0xe3,0x79,0x15,0xc8,185
movement_6285	vpextrw.gpr	VEX128	128	2	0	0	186	1	.byte 0xc4,0xe3,0x79,0x15,0xc8,186
movement_6286	vpextrw.gpr	VEX128	128	2	0	0	187	1	.byte 0xc4,0xe3,0x79,0x15,0xc8,187
movement_6287	vpextrw.gpr	VEX128	128	2	0	0	188	1	.byte 0xc4,0xe3,0x79,0x15,0xc8,188
movement_6288	vpextrw.gpr	VEX128	128	2	0	0	189	1	.byte 0xc4,0xe3,0x79,0x15,0xc8,189
movement_6289	vpextrw.gpr	VEX128	128	2	0	0	190	1	.byte 0xc4,0xe3,0x79,0x15,0xc8,190
movement_6290	vpextrw.gpr	VEX128	128	2	0	0	191	1	.byte 0xc4,0xe3,0x79,0x15,0xc8,191
movement_6291	vpextrw.gpr	VEX128	128	2	0	0	192	1	.byte 0xc4,0xe3,0x79,0x15,0xc8,192
movement_6292	vpextrw.gpr	VEX128	128	2	0	0	193	1	.byte 0xc4,0xe3,0x79,0x15,0xc8,193
movement_6293	vpextrw.gpr	VEX128	128	2	0	0	194	1	.byte 0xc4,0xe3,0x79,0x15,0xc8,194
movement_6294	vpextrw.gpr	VEX128	128	2	0	0	195	1	.byte 0xc4,0xe3,0x79,0x15,0xc8,195
movement_6295	vpextrw.gpr	VEX128	128	2	0	0	196	1	.byte 0xc4,0xe3,0x79,0x15,0xc8,196
movement_6296	vpextrw.gpr	VEX128	128	2	0	0	197	1	.byte 0xc4,0xe3,0x79,0x15,0xc8,197
movement_6297	vpextrw.gpr	VEX128	128	2	0	0	198	1	.byte 0xc4,0xe3,0x79,0x15,0xc8,198
movement_6298	vpextrw.gpr	VEX128	128	2	0	0	199	1	.byte 0xc4,0xe3,0x79,0x15,0xc8,199
movement_6299	vpextrw.gpr	VEX128	128	2	0	0	200	1	.byte 0xc4,0xe3,0x79,0x15,0xc8,200
movement_6300	vpextrw.gpr	VEX128	128	2	0	0	201	1	.byte 0xc4,0xe3,0x79,0x15,0xc8,201
movement_6301	vpextrw.gpr	VEX128	128	2	0	0	202	1	.byte 0xc4,0xe3,0x79,0x15,0xc8,202
movement_6302	vpextrw.gpr	VEX128	128	2	0	0	203	1	.byte 0xc4,0xe3,0x79,0x15,0xc8,203
movement_6303	vpextrw.gpr	VEX128	128	2	0	0	204	1	.byte 0xc4,0xe3,0x79,0x15,0xc8,204
movement_6304	vpextrw.gpr	VEX128	128	2	0	0	205	1	.byte 0xc4,0xe3,0x79,0x15,0xc8,205
movement_6305	vpextrw.gpr	VEX128	128	2	0	0	206	1	.byte 0xc4,0xe3,0x79,0x15,0xc8,206
movement_6306	vpextrw.gpr	VEX128	128	2	0	0	207	1	.byte 0xc4,0xe3,0x79,0x15,0xc8,207
movement_6307	vpextrw.gpr	VEX128	128	2	0	0	208	1	.byte 0xc4,0xe3,0x79,0x15,0xc8,208
movement_6308	vpextrw.gpr	VEX128	128	2	0	0	209	1	.byte 0xc4,0xe3,0x79,0x15,0xc8,209
movement_6309	vpextrw.gpr	VEX128	128	2	0	0	210	1	.byte 0xc4,0xe3,0x79,0x15,0xc8,210
movement_6310	vpextrw.gpr	VEX128	128	2	0	0	211	1	.byte 0xc4,0xe3,0x79,0x15,0xc8,211
movement_6311	vpextrw.gpr	VEX128	128	2	0	0	212	1	.byte 0xc4,0xe3,0x79,0x15,0xc8,212
movement_6312	vpextrw.gpr	VEX128	128	2	0	0	213	1	.byte 0xc4,0xe3,0x79,0x15,0xc8,213
movement_6313	vpextrw.gpr	VEX128	128	2	0	0	214	1	.byte 0xc4,0xe3,0x79,0x15,0xc8,214
movement_6314	vpextrw.gpr	VEX128	128	2	0	0	215	1	.byte 0xc4,0xe3,0x79,0x15,0xc8,215
movement_6315	vpextrw.gpr	VEX128	128	2	0	0	216	1	.byte 0xc4,0xe3,0x79,0x15,0xc8,216
movement_6316	vpextrw.gpr	VEX128	128	2	0	0	217	1	.byte 0xc4,0xe3,0x79,0x15,0xc8,217
movement_6317	vpextrw.gpr	VEX128	128	2	0	0	218	1	.byte 0xc4,0xe3,0x79,0x15,0xc8,218
movement_6318	vpextrw.gpr	VEX128	128	2	0	0	219	1	.byte 0xc4,0xe3,0x79,0x15,0xc8,219
movement_6319	vpextrw.gpr	VEX128	128	2	0	0	220	1	.byte 0xc4,0xe3,0x79,0x15,0xc8,220
movement_6320	vpextrw.gpr	VEX128	128	2	0	0	221	1	.byte 0xc4,0xe3,0x79,0x15,0xc8,221
movement_6321	vpextrw.gpr	VEX128	128	2	0	0	222	1	.byte 0xc4,0xe3,0x79,0x15,0xc8,222
movement_6322	vpextrw.gpr	VEX128	128	2	0	0	223	1	.byte 0xc4,0xe3,0x79,0x15,0xc8,223
movement_6323	vpextrw.gpr	VEX128	128	2	0	0	224	1	.byte 0xc4,0xe3,0x79,0x15,0xc8,224
movement_6324	vpextrw.gpr	VEX128	128	2	0	0	225	1	.byte 0xc4,0xe3,0x79,0x15,0xc8,225
movement_6325	vpextrw.gpr	VEX128	128	2	0	0	226	1	.byte 0xc4,0xe3,0x79,0x15,0xc8,226
movement_6326	vpextrw.gpr	VEX128	128	2	0	0	227	1	.byte 0xc4,0xe3,0x79,0x15,0xc8,227
movement_6327	vpextrw.gpr	VEX128	128	2	0	0	228	1	.byte 0xc4,0xe3,0x79,0x15,0xc8,228
movement_6328	vpextrw.gpr	VEX128	128	2	0	0	229	1	.byte 0xc4,0xe3,0x79,0x15,0xc8,229
movement_6329	vpextrw.gpr	VEX128	128	2	0	0	230	1	.byte 0xc4,0xe3,0x79,0x15,0xc8,230
movement_6330	vpextrw.gpr	VEX128	128	2	0	0	231	1	.byte 0xc4,0xe3,0x79,0x15,0xc8,231
movement_6331	vpextrw.gpr	VEX128	128	2	0	0	232	1	.byte 0xc4,0xe3,0x79,0x15,0xc8,232
movement_6332	vpextrw.gpr	VEX128	128	2	0	0	233	1	.byte 0xc4,0xe3,0x79,0x15,0xc8,233
movement_6333	vpextrw.gpr	VEX128	128	2	0	0	234	1	.byte 0xc4,0xe3,0x79,0x15,0xc8,234
movement_6334	vpextrw.gpr	VEX128	128	2	0	0	235	1	.byte 0xc4,0xe3,0x79,0x15,0xc8,235
movement_6335	vpextrw.gpr	VEX128	128	2	0	0	236	1	.byte 0xc4,0xe3,0x79,0x15,0xc8,236
movement_6336	vpextrw.gpr	VEX128	128	2	0	0	237	1	.byte 0xc4,0xe3,0x79,0x15,0xc8,237
movement_6337	vpextrw.gpr	VEX128	128	2	0	0	238	1	.byte 0xc4,0xe3,0x79,0x15,0xc8,238
movement_6338	vpextrw.gpr	VEX128	128	2	0	0	239	1	.byte 0xc4,0xe3,0x79,0x15,0xc8,239
movement_6339	vpextrw.gpr	VEX128	128	2	0	0	240	1	.byte 0xc4,0xe3,0x79,0x15,0xc8,240
movement_6340	vpextrw.gpr	VEX128	128	2	0	0	241	1	.byte 0xc4,0xe3,0x79,0x15,0xc8,241
movement_6341	vpextrw.gpr	VEX128	128	2	0	0	242	1	.byte 0xc4,0xe3,0x79,0x15,0xc8,242
movement_6342	vpextrw.gpr	VEX128	128	2	0	0	243	1	.byte 0xc4,0xe3,0x79,0x15,0xc8,243
movement_6343	vpextrw.gpr	VEX128	128	2	0	0	244	1	.byte 0xc4,0xe3,0x79,0x15,0xc8,244
movement_6344	vpextrw.gpr	VEX128	128	2	0	0	245	1	.byte 0xc4,0xe3,0x79,0x15,0xc8,245
movement_6345	vpextrw.gpr	VEX128	128	2	0	0	246	1	.byte 0xc4,0xe3,0x79,0x15,0xc8,246
movement_6346	vpextrw.gpr	VEX128	128	2	0	0	247	1	.byte 0xc4,0xe3,0x79,0x15,0xc8,247
movement_6347	vpextrw.gpr	VEX128	128	2	0	0	248	1	.byte 0xc4,0xe3,0x79,0x15,0xc8,248
movement_6348	vpextrw.gpr	VEX128	128	2	0	0	249	1	.byte 0xc4,0xe3,0x79,0x15,0xc8,249
movement_6349	vpextrw.gpr	VEX128	128	2	0	0	250	1	.byte 0xc4,0xe3,0x79,0x15,0xc8,250
movement_6350	vpextrw.gpr	VEX128	128	2	0	0	251	1	.byte 0xc4,0xe3,0x79,0x15,0xc8,251
movement_6351	vpextrw.gpr	VEX128	128	2	0	0	252	1	.byte 0xc4,0xe3,0x79,0x15,0xc8,252
movement_6352	vpextrw.gpr	VEX128	128	2	0	0	253	1	.byte 0xc4,0xe3,0x79,0x15,0xc8,253
movement_6353	vpextrw.gpr	VEX128	128	2	0	0	254	1	.byte 0xc4,0xe3,0x79,0x15,0xc8,254
movement_6354	vpextrw.gpr	VEX128	128	2	0	0	255	1	.byte 0xc4,0xe3,0x79,0x15,0xc8,255
movement_6355	vpextrw.mem	VEX128	128	2	0	2	0	1	vpextrw [rsi], xmm1, 0
movement_6356	vpextrw.mem	VEX128	128	2	0	2	1	1	vpextrw [rsi], xmm1, 1
movement_6357	vpextrw.mem	VEX128	128	2	0	2	2	1	vpextrw [rsi], xmm1, 2
movement_6358	vpextrw.mem	VEX128	128	2	0	2	3	1	vpextrw [rsi], xmm1, 3
movement_6359	vpextrw.mem	VEX128	128	2	0	2	4	1	vpextrw [rsi], xmm1, 4
movement_6360	vpextrw.mem	VEX128	128	2	0	2	5	1	vpextrw [rsi], xmm1, 5
movement_6361	vpextrw.mem	VEX128	128	2	0	2	6	1	vpextrw [rsi], xmm1, 6
movement_6362	vpextrw.mem	VEX128	128	2	0	2	7	1	vpextrw [rsi], xmm1, 7
movement_6363	vpextrw.mem	VEX128	128	2	0	2	8	1	vpextrw [rsi], xmm1, 8
movement_6364	vpextrw.mem	VEX128	128	2	0	2	9	1	vpextrw [rsi], xmm1, 9
movement_6365	vpextrw.mem	VEX128	128	2	0	2	10	1	vpextrw [rsi], xmm1, 10
movement_6366	vpextrw.mem	VEX128	128	2	0	2	11	1	vpextrw [rsi], xmm1, 11
movement_6367	vpextrw.mem	VEX128	128	2	0	2	12	1	vpextrw [rsi], xmm1, 12
movement_6368	vpextrw.mem	VEX128	128	2	0	2	13	1	vpextrw [rsi], xmm1, 13
movement_6369	vpextrw.mem	VEX128	128	2	0	2	14	1	vpextrw [rsi], xmm1, 14
movement_6370	vpextrw.mem	VEX128	128	2	0	2	15	1	vpextrw [rsi], xmm1, 15
movement_6371	vpextrw.mem	VEX128	128	2	0	2	16	1	vpextrw [rsi], xmm1, 16
movement_6372	vpextrw.mem	VEX128	128	2	0	2	17	1	vpextrw [rsi], xmm1, 17
movement_6373	vpextrw.mem	VEX128	128	2	0	2	18	1	vpextrw [rsi], xmm1, 18
movement_6374	vpextrw.mem	VEX128	128	2	0	2	19	1	vpextrw [rsi], xmm1, 19
movement_6375	vpextrw.mem	VEX128	128	2	0	2	20	1	vpextrw [rsi], xmm1, 20
movement_6376	vpextrw.mem	VEX128	128	2	0	2	21	1	vpextrw [rsi], xmm1, 21
movement_6377	vpextrw.mem	VEX128	128	2	0	2	22	1	vpextrw [rsi], xmm1, 22
movement_6378	vpextrw.mem	VEX128	128	2	0	2	23	1	vpextrw [rsi], xmm1, 23
movement_6379	vpextrw.mem	VEX128	128	2	0	2	24	1	vpextrw [rsi], xmm1, 24
movement_6380	vpextrw.mem	VEX128	128	2	0	2	25	1	vpextrw [rsi], xmm1, 25
movement_6381	vpextrw.mem	VEX128	128	2	0	2	26	1	vpextrw [rsi], xmm1, 26
movement_6382	vpextrw.mem	VEX128	128	2	0	2	27	1	vpextrw [rsi], xmm1, 27
movement_6383	vpextrw.mem	VEX128	128	2	0	2	28	1	vpextrw [rsi], xmm1, 28
movement_6384	vpextrw.mem	VEX128	128	2	0	2	29	1	vpextrw [rsi], xmm1, 29
movement_6385	vpextrw.mem	VEX128	128	2	0	2	30	1	vpextrw [rsi], xmm1, 30
movement_6386	vpextrw.mem	VEX128	128	2	0	2	31	1	vpextrw [rsi], xmm1, 31
movement_6387	vpextrw.mem	VEX128	128	2	0	2	32	1	vpextrw [rsi], xmm1, 32
movement_6388	vpextrw.mem	VEX128	128	2	0	2	33	1	vpextrw [rsi], xmm1, 33
movement_6389	vpextrw.mem	VEX128	128	2	0	2	34	1	vpextrw [rsi], xmm1, 34
movement_6390	vpextrw.mem	VEX128	128	2	0	2	35	1	vpextrw [rsi], xmm1, 35
movement_6391	vpextrw.mem	VEX128	128	2	0	2	36	1	vpextrw [rsi], xmm1, 36
movement_6392	vpextrw.mem	VEX128	128	2	0	2	37	1	vpextrw [rsi], xmm1, 37
movement_6393	vpextrw.mem	VEX128	128	2	0	2	38	1	vpextrw [rsi], xmm1, 38
movement_6394	vpextrw.mem	VEX128	128	2	0	2	39	1	vpextrw [rsi], xmm1, 39
movement_6395	vpextrw.mem	VEX128	128	2	0	2	40	1	vpextrw [rsi], xmm1, 40
movement_6396	vpextrw.mem	VEX128	128	2	0	2	41	1	vpextrw [rsi], xmm1, 41
movement_6397	vpextrw.mem	VEX128	128	2	0	2	42	1	vpextrw [rsi], xmm1, 42
movement_6398	vpextrw.mem	VEX128	128	2	0	2	43	1	vpextrw [rsi], xmm1, 43
movement_6399	vpextrw.mem	VEX128	128	2	0	2	44	1	vpextrw [rsi], xmm1, 44
movement_6400	vpextrw.mem	VEX128	128	2	0	2	45	1	vpextrw [rsi], xmm1, 45
movement_6401	vpextrw.mem	VEX128	128	2	0	2	46	1	vpextrw [rsi], xmm1, 46
movement_6402	vpextrw.mem	VEX128	128	2	0	2	47	1	vpextrw [rsi], xmm1, 47
movement_6403	vpextrw.mem	VEX128	128	2	0	2	48	1	vpextrw [rsi], xmm1, 48
movement_6404	vpextrw.mem	VEX128	128	2	0	2	49	1	vpextrw [rsi], xmm1, 49
movement_6405	vpextrw.mem	VEX128	128	2	0	2	50	1	vpextrw [rsi], xmm1, 50
movement_6406	vpextrw.mem	VEX128	128	2	0	2	51	1	vpextrw [rsi], xmm1, 51
movement_6407	vpextrw.mem	VEX128	128	2	0	2	52	1	vpextrw [rsi], xmm1, 52
movement_6408	vpextrw.mem	VEX128	128	2	0	2	53	1	vpextrw [rsi], xmm1, 53
movement_6409	vpextrw.mem	VEX128	128	2	0	2	54	1	vpextrw [rsi], xmm1, 54
movement_6410	vpextrw.mem	VEX128	128	2	0	2	55	1	vpextrw [rsi], xmm1, 55
movement_6411	vpextrw.mem	VEX128	128	2	0	2	56	1	vpextrw [rsi], xmm1, 56
movement_6412	vpextrw.mem	VEX128	128	2	0	2	57	1	vpextrw [rsi], xmm1, 57
movement_6413	vpextrw.mem	VEX128	128	2	0	2	58	1	vpextrw [rsi], xmm1, 58
movement_6414	vpextrw.mem	VEX128	128	2	0	2	59	1	vpextrw [rsi], xmm1, 59
movement_6415	vpextrw.mem	VEX128	128	2	0	2	60	1	vpextrw [rsi], xmm1, 60
movement_6416	vpextrw.mem	VEX128	128	2	0	2	61	1	vpextrw [rsi], xmm1, 61
movement_6417	vpextrw.mem	VEX128	128	2	0	2	62	1	vpextrw [rsi], xmm1, 62
movement_6418	vpextrw.mem	VEX128	128	2	0	2	63	1	vpextrw [rsi], xmm1, 63
movement_6419	vpextrw.mem	VEX128	128	2	0	2	64	1	vpextrw [rsi], xmm1, 64
movement_6420	vpextrw.mem	VEX128	128	2	0	2	65	1	vpextrw [rsi], xmm1, 65
movement_6421	vpextrw.mem	VEX128	128	2	0	2	66	1	vpextrw [rsi], xmm1, 66
movement_6422	vpextrw.mem	VEX128	128	2	0	2	67	1	vpextrw [rsi], xmm1, 67
movement_6423	vpextrw.mem	VEX128	128	2	0	2	68	1	vpextrw [rsi], xmm1, 68
movement_6424	vpextrw.mem	VEX128	128	2	0	2	69	1	vpextrw [rsi], xmm1, 69
movement_6425	vpextrw.mem	VEX128	128	2	0	2	70	1	vpextrw [rsi], xmm1, 70
movement_6426	vpextrw.mem	VEX128	128	2	0	2	71	1	vpextrw [rsi], xmm1, 71
movement_6427	vpextrw.mem	VEX128	128	2	0	2	72	1	vpextrw [rsi], xmm1, 72
movement_6428	vpextrw.mem	VEX128	128	2	0	2	73	1	vpextrw [rsi], xmm1, 73
movement_6429	vpextrw.mem	VEX128	128	2	0	2	74	1	vpextrw [rsi], xmm1, 74
movement_6430	vpextrw.mem	VEX128	128	2	0	2	75	1	vpextrw [rsi], xmm1, 75
movement_6431	vpextrw.mem	VEX128	128	2	0	2	76	1	vpextrw [rsi], xmm1, 76
movement_6432	vpextrw.mem	VEX128	128	2	0	2	77	1	vpextrw [rsi], xmm1, 77
movement_6433	vpextrw.mem	VEX128	128	2	0	2	78	1	vpextrw [rsi], xmm1, 78
movement_6434	vpextrw.mem	VEX128	128	2	0	2	79	1	vpextrw [rsi], xmm1, 79
movement_6435	vpextrw.mem	VEX128	128	2	0	2	80	1	vpextrw [rsi], xmm1, 80
movement_6436	vpextrw.mem	VEX128	128	2	0	2	81	1	vpextrw [rsi], xmm1, 81
movement_6437	vpextrw.mem	VEX128	128	2	0	2	82	1	vpextrw [rsi], xmm1, 82
movement_6438	vpextrw.mem	VEX128	128	2	0	2	83	1	vpextrw [rsi], xmm1, 83
movement_6439	vpextrw.mem	VEX128	128	2	0	2	84	1	vpextrw [rsi], xmm1, 84
movement_6440	vpextrw.mem	VEX128	128	2	0	2	85	1	vpextrw [rsi], xmm1, 85
movement_6441	vpextrw.mem	VEX128	128	2	0	2	86	1	vpextrw [rsi], xmm1, 86
movement_6442	vpextrw.mem	VEX128	128	2	0	2	87	1	vpextrw [rsi], xmm1, 87
movement_6443	vpextrw.mem	VEX128	128	2	0	2	88	1	vpextrw [rsi], xmm1, 88
movement_6444	vpextrw.mem	VEX128	128	2	0	2	89	1	vpextrw [rsi], xmm1, 89
movement_6445	vpextrw.mem	VEX128	128	2	0	2	90	1	vpextrw [rsi], xmm1, 90
movement_6446	vpextrw.mem	VEX128	128	2	0	2	91	1	vpextrw [rsi], xmm1, 91
movement_6447	vpextrw.mem	VEX128	128	2	0	2	92	1	vpextrw [rsi], xmm1, 92
movement_6448	vpextrw.mem	VEX128	128	2	0	2	93	1	vpextrw [rsi], xmm1, 93
movement_6449	vpextrw.mem	VEX128	128	2	0	2	94	1	vpextrw [rsi], xmm1, 94
movement_6450	vpextrw.mem	VEX128	128	2	0	2	95	1	vpextrw [rsi], xmm1, 95
movement_6451	vpextrw.mem	VEX128	128	2	0	2	96	1	vpextrw [rsi], xmm1, 96
movement_6452	vpextrw.mem	VEX128	128	2	0	2	97	1	vpextrw [rsi], xmm1, 97
movement_6453	vpextrw.mem	VEX128	128	2	0	2	98	1	vpextrw [rsi], xmm1, 98
movement_6454	vpextrw.mem	VEX128	128	2	0	2	99	1	vpextrw [rsi], xmm1, 99
movement_6455	vpextrw.mem	VEX128	128	2	0	2	100	1	vpextrw [rsi], xmm1, 100
movement_6456	vpextrw.mem	VEX128	128	2	0	2	101	1	vpextrw [rsi], xmm1, 101
movement_6457	vpextrw.mem	VEX128	128	2	0	2	102	1	vpextrw [rsi], xmm1, 102
movement_6458	vpextrw.mem	VEX128	128	2	0	2	103	1	vpextrw [rsi], xmm1, 103
movement_6459	vpextrw.mem	VEX128	128	2	0	2	104	1	vpextrw [rsi], xmm1, 104
movement_6460	vpextrw.mem	VEX128	128	2	0	2	105	1	vpextrw [rsi], xmm1, 105
movement_6461	vpextrw.mem	VEX128	128	2	0	2	106	1	vpextrw [rsi], xmm1, 106
movement_6462	vpextrw.mem	VEX128	128	2	0	2	107	1	vpextrw [rsi], xmm1, 107
movement_6463	vpextrw.mem	VEX128	128	2	0	2	108	1	vpextrw [rsi], xmm1, 108
movement_6464	vpextrw.mem	VEX128	128	2	0	2	109	1	vpextrw [rsi], xmm1, 109
movement_6465	vpextrw.mem	VEX128	128	2	0	2	110	1	vpextrw [rsi], xmm1, 110
movement_6466	vpextrw.mem	VEX128	128	2	0	2	111	1	vpextrw [rsi], xmm1, 111
movement_6467	vpextrw.mem	VEX128	128	2	0	2	112	1	vpextrw [rsi], xmm1, 112
movement_6468	vpextrw.mem	VEX128	128	2	0	2	113	1	vpextrw [rsi], xmm1, 113
movement_6469	vpextrw.mem	VEX128	128	2	0	2	114	1	vpextrw [rsi], xmm1, 114
movement_6470	vpextrw.mem	VEX128	128	2	0	2	115	1	vpextrw [rsi], xmm1, 115
movement_6471	vpextrw.mem	VEX128	128	2	0	2	116	1	vpextrw [rsi], xmm1, 116
movement_6472	vpextrw.mem	VEX128	128	2	0	2	117	1	vpextrw [rsi], xmm1, 117
movement_6473	vpextrw.mem	VEX128	128	2	0	2	118	1	vpextrw [rsi], xmm1, 118
movement_6474	vpextrw.mem	VEX128	128	2	0	2	119	1	vpextrw [rsi], xmm1, 119
movement_6475	vpextrw.mem	VEX128	128	2	0	2	120	1	vpextrw [rsi], xmm1, 120
movement_6476	vpextrw.mem	VEX128	128	2	0	2	121	1	vpextrw [rsi], xmm1, 121
movement_6477	vpextrw.mem	VEX128	128	2	0	2	122	1	vpextrw [rsi], xmm1, 122
movement_6478	vpextrw.mem	VEX128	128	2	0	2	123	1	vpextrw [rsi], xmm1, 123
movement_6479	vpextrw.mem	VEX128	128	2	0	2	124	1	vpextrw [rsi], xmm1, 124
movement_6480	vpextrw.mem	VEX128	128	2	0	2	125	1	vpextrw [rsi], xmm1, 125
movement_6481	vpextrw.mem	VEX128	128	2	0	2	126	1	vpextrw [rsi], xmm1, 126
movement_6482	vpextrw.mem	VEX128	128	2	0	2	127	1	vpextrw [rsi], xmm1, 127
movement_6483	vpextrw.mem	VEX128	128	2	0	2	128	1	vpextrw [rsi], xmm1, 128
movement_6484	vpextrw.mem	VEX128	128	2	0	2	129	1	vpextrw [rsi], xmm1, 129
movement_6485	vpextrw.mem	VEX128	128	2	0	2	130	1	vpextrw [rsi], xmm1, 130
movement_6486	vpextrw.mem	VEX128	128	2	0	2	131	1	vpextrw [rsi], xmm1, 131
movement_6487	vpextrw.mem	VEX128	128	2	0	2	132	1	vpextrw [rsi], xmm1, 132
movement_6488	vpextrw.mem	VEX128	128	2	0	2	133	1	vpextrw [rsi], xmm1, 133
movement_6489	vpextrw.mem	VEX128	128	2	0	2	134	1	vpextrw [rsi], xmm1, 134
movement_6490	vpextrw.mem	VEX128	128	2	0	2	135	1	vpextrw [rsi], xmm1, 135
movement_6491	vpextrw.mem	VEX128	128	2	0	2	136	1	vpextrw [rsi], xmm1, 136
movement_6492	vpextrw.mem	VEX128	128	2	0	2	137	1	vpextrw [rsi], xmm1, 137
movement_6493	vpextrw.mem	VEX128	128	2	0	2	138	1	vpextrw [rsi], xmm1, 138
movement_6494	vpextrw.mem	VEX128	128	2	0	2	139	1	vpextrw [rsi], xmm1, 139
movement_6495	vpextrw.mem	VEX128	128	2	0	2	140	1	vpextrw [rsi], xmm1, 140
movement_6496	vpextrw.mem	VEX128	128	2	0	2	141	1	vpextrw [rsi], xmm1, 141
movement_6497	vpextrw.mem	VEX128	128	2	0	2	142	1	vpextrw [rsi], xmm1, 142
movement_6498	vpextrw.mem	VEX128	128	2	0	2	143	1	vpextrw [rsi], xmm1, 143
movement_6499	vpextrw.mem	VEX128	128	2	0	2	144	1	vpextrw [rsi], xmm1, 144
movement_6500	vpextrw.mem	VEX128	128	2	0	2	145	1	vpextrw [rsi], xmm1, 145
movement_6501	vpextrw.mem	VEX128	128	2	0	2	146	1	vpextrw [rsi], xmm1, 146
movement_6502	vpextrw.mem	VEX128	128	2	0	2	147	1	vpextrw [rsi], xmm1, 147
movement_6503	vpextrw.mem	VEX128	128	2	0	2	148	1	vpextrw [rsi], xmm1, 148
movement_6504	vpextrw.mem	VEX128	128	2	0	2	149	1	vpextrw [rsi], xmm1, 149
movement_6505	vpextrw.mem	VEX128	128	2	0	2	150	1	vpextrw [rsi], xmm1, 150
movement_6506	vpextrw.mem	VEX128	128	2	0	2	151	1	vpextrw [rsi], xmm1, 151
movement_6507	vpextrw.mem	VEX128	128	2	0	2	152	1	vpextrw [rsi], xmm1, 152
movement_6508	vpextrw.mem	VEX128	128	2	0	2	153	1	vpextrw [rsi], xmm1, 153
movement_6509	vpextrw.mem	VEX128	128	2	0	2	154	1	vpextrw [rsi], xmm1, 154
movement_6510	vpextrw.mem	VEX128	128	2	0	2	155	1	vpextrw [rsi], xmm1, 155
movement_6511	vpextrw.mem	VEX128	128	2	0	2	156	1	vpextrw [rsi], xmm1, 156
movement_6512	vpextrw.mem	VEX128	128	2	0	2	157	1	vpextrw [rsi], xmm1, 157
movement_6513	vpextrw.mem	VEX128	128	2	0	2	158	1	vpextrw [rsi], xmm1, 158
movement_6514	vpextrw.mem	VEX128	128	2	0	2	159	1	vpextrw [rsi], xmm1, 159
movement_6515	vpextrw.mem	VEX128	128	2	0	2	160	1	vpextrw [rsi], xmm1, 160
movement_6516	vpextrw.mem	VEX128	128	2	0	2	161	1	vpextrw [rsi], xmm1, 161
movement_6517	vpextrw.mem	VEX128	128	2	0	2	162	1	vpextrw [rsi], xmm1, 162
movement_6518	vpextrw.mem	VEX128	128	2	0	2	163	1	vpextrw [rsi], xmm1, 163
movement_6519	vpextrw.mem	VEX128	128	2	0	2	164	1	vpextrw [rsi], xmm1, 164
movement_6520	vpextrw.mem	VEX128	128	2	0	2	165	1	vpextrw [rsi], xmm1, 165
movement_6521	vpextrw.mem	VEX128	128	2	0	2	166	1	vpextrw [rsi], xmm1, 166
movement_6522	vpextrw.mem	VEX128	128	2	0	2	167	1	vpextrw [rsi], xmm1, 167
movement_6523	vpextrw.mem	VEX128	128	2	0	2	168	1	vpextrw [rsi], xmm1, 168
movement_6524	vpextrw.mem	VEX128	128	2	0	2	169	1	vpextrw [rsi], xmm1, 169
movement_6525	vpextrw.mem	VEX128	128	2	0	2	170	1	vpextrw [rsi], xmm1, 170
movement_6526	vpextrw.mem	VEX128	128	2	0	2	171	1	vpextrw [rsi], xmm1, 171
movement_6527	vpextrw.mem	VEX128	128	2	0	2	172	1	vpextrw [rsi], xmm1, 172
movement_6528	vpextrw.mem	VEX128	128	2	0	2	173	1	vpextrw [rsi], xmm1, 173
movement_6529	vpextrw.mem	VEX128	128	2	0	2	174	1	vpextrw [rsi], xmm1, 174
movement_6530	vpextrw.mem	VEX128	128	2	0	2	175	1	vpextrw [rsi], xmm1, 175
movement_6531	vpextrw.mem	VEX128	128	2	0	2	176	1	vpextrw [rsi], xmm1, 176
movement_6532	vpextrw.mem	VEX128	128	2	0	2	177	1	vpextrw [rsi], xmm1, 177
movement_6533	vpextrw.mem	VEX128	128	2	0	2	178	1	vpextrw [rsi], xmm1, 178
movement_6534	vpextrw.mem	VEX128	128	2	0	2	179	1	vpextrw [rsi], xmm1, 179
movement_6535	vpextrw.mem	VEX128	128	2	0	2	180	1	vpextrw [rsi], xmm1, 180
movement_6536	vpextrw.mem	VEX128	128	2	0	2	181	1	vpextrw [rsi], xmm1, 181
movement_6537	vpextrw.mem	VEX128	128	2	0	2	182	1	vpextrw [rsi], xmm1, 182
movement_6538	vpextrw.mem	VEX128	128	2	0	2	183	1	vpextrw [rsi], xmm1, 183
movement_6539	vpextrw.mem	VEX128	128	2	0	2	184	1	vpextrw [rsi], xmm1, 184
movement_6540	vpextrw.mem	VEX128	128	2	0	2	185	1	vpextrw [rsi], xmm1, 185
movement_6541	vpextrw.mem	VEX128	128	2	0	2	186	1	vpextrw [rsi], xmm1, 186
movement_6542	vpextrw.mem	VEX128	128	2	0	2	187	1	vpextrw [rsi], xmm1, 187
movement_6543	vpextrw.mem	VEX128	128	2	0	2	188	1	vpextrw [rsi], xmm1, 188
movement_6544	vpextrw.mem	VEX128	128	2	0	2	189	1	vpextrw [rsi], xmm1, 189
movement_6545	vpextrw.mem	VEX128	128	2	0	2	190	1	vpextrw [rsi], xmm1, 190
movement_6546	vpextrw.mem	VEX128	128	2	0	2	191	1	vpextrw [rsi], xmm1, 191
movement_6547	vpextrw.mem	VEX128	128	2	0	2	192	1	vpextrw [rsi], xmm1, 192
movement_6548	vpextrw.mem	VEX128	128	2	0	2	193	1	vpextrw [rsi], xmm1, 193
movement_6549	vpextrw.mem	VEX128	128	2	0	2	194	1	vpextrw [rsi], xmm1, 194
movement_6550	vpextrw.mem	VEX128	128	2	0	2	195	1	vpextrw [rsi], xmm1, 195
movement_6551	vpextrw.mem	VEX128	128	2	0	2	196	1	vpextrw [rsi], xmm1, 196
movement_6552	vpextrw.mem	VEX128	128	2	0	2	197	1	vpextrw [rsi], xmm1, 197
movement_6553	vpextrw.mem	VEX128	128	2	0	2	198	1	vpextrw [rsi], xmm1, 198
movement_6554	vpextrw.mem	VEX128	128	2	0	2	199	1	vpextrw [rsi], xmm1, 199
movement_6555	vpextrw.mem	VEX128	128	2	0	2	200	1	vpextrw [rsi], xmm1, 200
movement_6556	vpextrw.mem	VEX128	128	2	0	2	201	1	vpextrw [rsi], xmm1, 201
movement_6557	vpextrw.mem	VEX128	128	2	0	2	202	1	vpextrw [rsi], xmm1, 202
movement_6558	vpextrw.mem	VEX128	128	2	0	2	203	1	vpextrw [rsi], xmm1, 203
movement_6559	vpextrw.mem	VEX128	128	2	0	2	204	1	vpextrw [rsi], xmm1, 204
movement_6560	vpextrw.mem	VEX128	128	2	0	2	205	1	vpextrw [rsi], xmm1, 205
movement_6561	vpextrw.mem	VEX128	128	2	0	2	206	1	vpextrw [rsi], xmm1, 206
movement_6562	vpextrw.mem	VEX128	128	2	0	2	207	1	vpextrw [rsi], xmm1, 207
movement_6563	vpextrw.mem	VEX128	128	2	0	2	208	1	vpextrw [rsi], xmm1, 208
movement_6564	vpextrw.mem	VEX128	128	2	0	2	209	1	vpextrw [rsi], xmm1, 209
movement_6565	vpextrw.mem	VEX128	128	2	0	2	210	1	vpextrw [rsi], xmm1, 210
movement_6566	vpextrw.mem	VEX128	128	2	0	2	211	1	vpextrw [rsi], xmm1, 211
movement_6567	vpextrw.mem	VEX128	128	2	0	2	212	1	vpextrw [rsi], xmm1, 212
movement_6568	vpextrw.mem	VEX128	128	2	0	2	213	1	vpextrw [rsi], xmm1, 213
movement_6569	vpextrw.mem	VEX128	128	2	0	2	214	1	vpextrw [rsi], xmm1, 214
movement_6570	vpextrw.mem	VEX128	128	2	0	2	215	1	vpextrw [rsi], xmm1, 215
movement_6571	vpextrw.mem	VEX128	128	2	0	2	216	1	vpextrw [rsi], xmm1, 216
movement_6572	vpextrw.mem	VEX128	128	2	0	2	217	1	vpextrw [rsi], xmm1, 217
movement_6573	vpextrw.mem	VEX128	128	2	0	2	218	1	vpextrw [rsi], xmm1, 218
movement_6574	vpextrw.mem	VEX128	128	2	0	2	219	1	vpextrw [rsi], xmm1, 219
movement_6575	vpextrw.mem	VEX128	128	2	0	2	220	1	vpextrw [rsi], xmm1, 220
movement_6576	vpextrw.mem	VEX128	128	2	0	2	221	1	vpextrw [rsi], xmm1, 221
movement_6577	vpextrw.mem	VEX128	128	2	0	2	222	1	vpextrw [rsi], xmm1, 222
movement_6578	vpextrw.mem	VEX128	128	2	0	2	223	1	vpextrw [rsi], xmm1, 223
movement_6579	vpextrw.mem	VEX128	128	2	0	2	224	1	vpextrw [rsi], xmm1, 224
movement_6580	vpextrw.mem	VEX128	128	2	0	2	225	1	vpextrw [rsi], xmm1, 225
movement_6581	vpextrw.mem	VEX128	128	2	0	2	226	1	vpextrw [rsi], xmm1, 226
movement_6582	vpextrw.mem	VEX128	128	2	0	2	227	1	vpextrw [rsi], xmm1, 227
movement_6583	vpextrw.mem	VEX128	128	2	0	2	228	1	vpextrw [rsi], xmm1, 228
movement_6584	vpextrw.mem	VEX128	128	2	0	2	229	1	vpextrw [rsi], xmm1, 229
movement_6585	vpextrw.mem	VEX128	128	2	0	2	230	1	vpextrw [rsi], xmm1, 230
movement_6586	vpextrw.mem	VEX128	128	2	0	2	231	1	vpextrw [rsi], xmm1, 231
movement_6587	vpextrw.mem	VEX128	128	2	0	2	232	1	vpextrw [rsi], xmm1, 232
movement_6588	vpextrw.mem	VEX128	128	2	0	2	233	1	vpextrw [rsi], xmm1, 233
movement_6589	vpextrw.mem	VEX128	128	2	0	2	234	1	vpextrw [rsi], xmm1, 234
movement_6590	vpextrw.mem	VEX128	128	2	0	2	235	1	vpextrw [rsi], xmm1, 235
movement_6591	vpextrw.mem	VEX128	128	2	0	2	236	1	vpextrw [rsi], xmm1, 236
movement_6592	vpextrw.mem	VEX128	128	2	0	2	237	1	vpextrw [rsi], xmm1, 237
movement_6593	vpextrw.mem	VEX128	128	2	0	2	238	1	vpextrw [rsi], xmm1, 238
movement_6594	vpextrw.mem	VEX128	128	2	0	2	239	1	vpextrw [rsi], xmm1, 239
movement_6595	vpextrw.mem	VEX128	128	2	0	2	240	1	vpextrw [rsi], xmm1, 240
movement_6596	vpextrw.mem	VEX128	128	2	0	2	241	1	vpextrw [rsi], xmm1, 241
movement_6597	vpextrw.mem	VEX128	128	2	0	2	242	1	vpextrw [rsi], xmm1, 242
movement_6598	vpextrw.mem	VEX128	128	2	0	2	243	1	vpextrw [rsi], xmm1, 243
movement_6599	vpextrw.mem	VEX128	128	2	0	2	244	1	vpextrw [rsi], xmm1, 244
movement_6600	vpextrw.mem	VEX128	128	2	0	2	245	1	vpextrw [rsi], xmm1, 245
movement_6601	vpextrw.mem	VEX128	128	2	0	2	246	1	vpextrw [rsi], xmm1, 246
movement_6602	vpextrw.mem	VEX128	128	2	0	2	247	1	vpextrw [rsi], xmm1, 247
movement_6603	vpextrw.mem	VEX128	128	2	0	2	248	1	vpextrw [rsi], xmm1, 248
movement_6604	vpextrw.mem	VEX128	128	2	0	2	249	1	vpextrw [rsi], xmm1, 249
movement_6605	vpextrw.mem	VEX128	128	2	0	2	250	1	vpextrw [rsi], xmm1, 250
movement_6606	vpextrw.mem	VEX128	128	2	0	2	251	1	vpextrw [rsi], xmm1, 251
movement_6607	vpextrw.mem	VEX128	128	2	0	2	252	1	vpextrw [rsi], xmm1, 252
movement_6608	vpextrw.mem	VEX128	128	2	0	2	253	1	vpextrw [rsi], xmm1, 253
movement_6609	vpextrw.mem	VEX128	128	2	0	2	254	1	vpextrw [rsi], xmm1, 254
movement_6610	vpextrw.mem	VEX128	128	2	0	2	255	1	vpextrw [rsi], xmm1, 255
movement_6611	vpextrd.gpr	VEX128	128	4	0	0	0	1	vpextrd eax, xmm1, 0
movement_6612	vpextrd.gpr	VEX128	128	4	0	0	1	1	vpextrd eax, xmm1, 1
movement_6613	vpextrd.gpr	VEX128	128	4	0	0	2	1	vpextrd eax, xmm1, 2
movement_6614	vpextrd.gpr	VEX128	128	4	0	0	3	1	vpextrd eax, xmm1, 3
movement_6615	vpextrd.gpr	VEX128	128	4	0	0	4	1	vpextrd eax, xmm1, 4
movement_6616	vpextrd.gpr	VEX128	128	4	0	0	5	1	vpextrd eax, xmm1, 5
movement_6617	vpextrd.gpr	VEX128	128	4	0	0	6	1	vpextrd eax, xmm1, 6
movement_6618	vpextrd.gpr	VEX128	128	4	0	0	7	1	vpextrd eax, xmm1, 7
movement_6619	vpextrd.gpr	VEX128	128	4	0	0	8	1	vpextrd eax, xmm1, 8
movement_6620	vpextrd.gpr	VEX128	128	4	0	0	9	1	vpextrd eax, xmm1, 9
movement_6621	vpextrd.gpr	VEX128	128	4	0	0	10	1	vpextrd eax, xmm1, 10
movement_6622	vpextrd.gpr	VEX128	128	4	0	0	11	1	vpextrd eax, xmm1, 11
movement_6623	vpextrd.gpr	VEX128	128	4	0	0	12	1	vpextrd eax, xmm1, 12
movement_6624	vpextrd.gpr	VEX128	128	4	0	0	13	1	vpextrd eax, xmm1, 13
movement_6625	vpextrd.gpr	VEX128	128	4	0	0	14	1	vpextrd eax, xmm1, 14
movement_6626	vpextrd.gpr	VEX128	128	4	0	0	15	1	vpextrd eax, xmm1, 15
movement_6627	vpextrd.gpr	VEX128	128	4	0	0	16	1	vpextrd eax, xmm1, 16
movement_6628	vpextrd.gpr	VEX128	128	4	0	0	17	1	vpextrd eax, xmm1, 17
movement_6629	vpextrd.gpr	VEX128	128	4	0	0	18	1	vpextrd eax, xmm1, 18
movement_6630	vpextrd.gpr	VEX128	128	4	0	0	19	1	vpextrd eax, xmm1, 19
movement_6631	vpextrd.gpr	VEX128	128	4	0	0	20	1	vpextrd eax, xmm1, 20
movement_6632	vpextrd.gpr	VEX128	128	4	0	0	21	1	vpextrd eax, xmm1, 21
movement_6633	vpextrd.gpr	VEX128	128	4	0	0	22	1	vpextrd eax, xmm1, 22
movement_6634	vpextrd.gpr	VEX128	128	4	0	0	23	1	vpextrd eax, xmm1, 23
movement_6635	vpextrd.gpr	VEX128	128	4	0	0	24	1	vpextrd eax, xmm1, 24
movement_6636	vpextrd.gpr	VEX128	128	4	0	0	25	1	vpextrd eax, xmm1, 25
movement_6637	vpextrd.gpr	VEX128	128	4	0	0	26	1	vpextrd eax, xmm1, 26
movement_6638	vpextrd.gpr	VEX128	128	4	0	0	27	1	vpextrd eax, xmm1, 27
movement_6639	vpextrd.gpr	VEX128	128	4	0	0	28	1	vpextrd eax, xmm1, 28
movement_6640	vpextrd.gpr	VEX128	128	4	0	0	29	1	vpextrd eax, xmm1, 29
movement_6641	vpextrd.gpr	VEX128	128	4	0	0	30	1	vpextrd eax, xmm1, 30
movement_6642	vpextrd.gpr	VEX128	128	4	0	0	31	1	vpextrd eax, xmm1, 31
movement_6643	vpextrd.gpr	VEX128	128	4	0	0	32	1	vpextrd eax, xmm1, 32
movement_6644	vpextrd.gpr	VEX128	128	4	0	0	33	1	vpextrd eax, xmm1, 33
movement_6645	vpextrd.gpr	VEX128	128	4	0	0	34	1	vpextrd eax, xmm1, 34
movement_6646	vpextrd.gpr	VEX128	128	4	0	0	35	1	vpextrd eax, xmm1, 35
movement_6647	vpextrd.gpr	VEX128	128	4	0	0	36	1	vpextrd eax, xmm1, 36
movement_6648	vpextrd.gpr	VEX128	128	4	0	0	37	1	vpextrd eax, xmm1, 37
movement_6649	vpextrd.gpr	VEX128	128	4	0	0	38	1	vpextrd eax, xmm1, 38
movement_6650	vpextrd.gpr	VEX128	128	4	0	0	39	1	vpextrd eax, xmm1, 39
movement_6651	vpextrd.gpr	VEX128	128	4	0	0	40	1	vpextrd eax, xmm1, 40
movement_6652	vpextrd.gpr	VEX128	128	4	0	0	41	1	vpextrd eax, xmm1, 41
movement_6653	vpextrd.gpr	VEX128	128	4	0	0	42	1	vpextrd eax, xmm1, 42
movement_6654	vpextrd.gpr	VEX128	128	4	0	0	43	1	vpextrd eax, xmm1, 43
movement_6655	vpextrd.gpr	VEX128	128	4	0	0	44	1	vpextrd eax, xmm1, 44
movement_6656	vpextrd.gpr	VEX128	128	4	0	0	45	1	vpextrd eax, xmm1, 45
movement_6657	vpextrd.gpr	VEX128	128	4	0	0	46	1	vpextrd eax, xmm1, 46
movement_6658	vpextrd.gpr	VEX128	128	4	0	0	47	1	vpextrd eax, xmm1, 47
movement_6659	vpextrd.gpr	VEX128	128	4	0	0	48	1	vpextrd eax, xmm1, 48
movement_6660	vpextrd.gpr	VEX128	128	4	0	0	49	1	vpextrd eax, xmm1, 49
movement_6661	vpextrd.gpr	VEX128	128	4	0	0	50	1	vpextrd eax, xmm1, 50
movement_6662	vpextrd.gpr	VEX128	128	4	0	0	51	1	vpextrd eax, xmm1, 51
movement_6663	vpextrd.gpr	VEX128	128	4	0	0	52	1	vpextrd eax, xmm1, 52
movement_6664	vpextrd.gpr	VEX128	128	4	0	0	53	1	vpextrd eax, xmm1, 53
movement_6665	vpextrd.gpr	VEX128	128	4	0	0	54	1	vpextrd eax, xmm1, 54
movement_6666	vpextrd.gpr	VEX128	128	4	0	0	55	1	vpextrd eax, xmm1, 55
movement_6667	vpextrd.gpr	VEX128	128	4	0	0	56	1	vpextrd eax, xmm1, 56
movement_6668	vpextrd.gpr	VEX128	128	4	0	0	57	1	vpextrd eax, xmm1, 57
movement_6669	vpextrd.gpr	VEX128	128	4	0	0	58	1	vpextrd eax, xmm1, 58
movement_6670	vpextrd.gpr	VEX128	128	4	0	0	59	1	vpextrd eax, xmm1, 59
movement_6671	vpextrd.gpr	VEX128	128	4	0	0	60	1	vpextrd eax, xmm1, 60
movement_6672	vpextrd.gpr	VEX128	128	4	0	0	61	1	vpextrd eax, xmm1, 61
movement_6673	vpextrd.gpr	VEX128	128	4	0	0	62	1	vpextrd eax, xmm1, 62
movement_6674	vpextrd.gpr	VEX128	128	4	0	0	63	1	vpextrd eax, xmm1, 63
movement_6675	vpextrd.gpr	VEX128	128	4	0	0	64	1	vpextrd eax, xmm1, 64
movement_6676	vpextrd.gpr	VEX128	128	4	0	0	65	1	vpextrd eax, xmm1, 65
movement_6677	vpextrd.gpr	VEX128	128	4	0	0	66	1	vpextrd eax, xmm1, 66
movement_6678	vpextrd.gpr	VEX128	128	4	0	0	67	1	vpextrd eax, xmm1, 67
movement_6679	vpextrd.gpr	VEX128	128	4	0	0	68	1	vpextrd eax, xmm1, 68
movement_6680	vpextrd.gpr	VEX128	128	4	0	0	69	1	vpextrd eax, xmm1, 69
movement_6681	vpextrd.gpr	VEX128	128	4	0	0	70	1	vpextrd eax, xmm1, 70
movement_6682	vpextrd.gpr	VEX128	128	4	0	0	71	1	vpextrd eax, xmm1, 71
movement_6683	vpextrd.gpr	VEX128	128	4	0	0	72	1	vpextrd eax, xmm1, 72
movement_6684	vpextrd.gpr	VEX128	128	4	0	0	73	1	vpextrd eax, xmm1, 73
movement_6685	vpextrd.gpr	VEX128	128	4	0	0	74	1	vpextrd eax, xmm1, 74
movement_6686	vpextrd.gpr	VEX128	128	4	0	0	75	1	vpextrd eax, xmm1, 75
movement_6687	vpextrd.gpr	VEX128	128	4	0	0	76	1	vpextrd eax, xmm1, 76
movement_6688	vpextrd.gpr	VEX128	128	4	0	0	77	1	vpextrd eax, xmm1, 77
movement_6689	vpextrd.gpr	VEX128	128	4	0	0	78	1	vpextrd eax, xmm1, 78
movement_6690	vpextrd.gpr	VEX128	128	4	0	0	79	1	vpextrd eax, xmm1, 79
movement_6691	vpextrd.gpr	VEX128	128	4	0	0	80	1	vpextrd eax, xmm1, 80
movement_6692	vpextrd.gpr	VEX128	128	4	0	0	81	1	vpextrd eax, xmm1, 81
movement_6693	vpextrd.gpr	VEX128	128	4	0	0	82	1	vpextrd eax, xmm1, 82
movement_6694	vpextrd.gpr	VEX128	128	4	0	0	83	1	vpextrd eax, xmm1, 83
movement_6695	vpextrd.gpr	VEX128	128	4	0	0	84	1	vpextrd eax, xmm1, 84
movement_6696	vpextrd.gpr	VEX128	128	4	0	0	85	1	vpextrd eax, xmm1, 85
movement_6697	vpextrd.gpr	VEX128	128	4	0	0	86	1	vpextrd eax, xmm1, 86
movement_6698	vpextrd.gpr	VEX128	128	4	0	0	87	1	vpextrd eax, xmm1, 87
movement_6699	vpextrd.gpr	VEX128	128	4	0	0	88	1	vpextrd eax, xmm1, 88
movement_6700	vpextrd.gpr	VEX128	128	4	0	0	89	1	vpextrd eax, xmm1, 89
movement_6701	vpextrd.gpr	VEX128	128	4	0	0	90	1	vpextrd eax, xmm1, 90
movement_6702	vpextrd.gpr	VEX128	128	4	0	0	91	1	vpextrd eax, xmm1, 91
movement_6703	vpextrd.gpr	VEX128	128	4	0	0	92	1	vpextrd eax, xmm1, 92
movement_6704	vpextrd.gpr	VEX128	128	4	0	0	93	1	vpextrd eax, xmm1, 93
movement_6705	vpextrd.gpr	VEX128	128	4	0	0	94	1	vpextrd eax, xmm1, 94
movement_6706	vpextrd.gpr	VEX128	128	4	0	0	95	1	vpextrd eax, xmm1, 95
movement_6707	vpextrd.gpr	VEX128	128	4	0	0	96	1	vpextrd eax, xmm1, 96
movement_6708	vpextrd.gpr	VEX128	128	4	0	0	97	1	vpextrd eax, xmm1, 97
movement_6709	vpextrd.gpr	VEX128	128	4	0	0	98	1	vpextrd eax, xmm1, 98
movement_6710	vpextrd.gpr	VEX128	128	4	0	0	99	1	vpextrd eax, xmm1, 99
movement_6711	vpextrd.gpr	VEX128	128	4	0	0	100	1	vpextrd eax, xmm1, 100
movement_6712	vpextrd.gpr	VEX128	128	4	0	0	101	1	vpextrd eax, xmm1, 101
movement_6713	vpextrd.gpr	VEX128	128	4	0	0	102	1	vpextrd eax, xmm1, 102
movement_6714	vpextrd.gpr	VEX128	128	4	0	0	103	1	vpextrd eax, xmm1, 103
movement_6715	vpextrd.gpr	VEX128	128	4	0	0	104	1	vpextrd eax, xmm1, 104
movement_6716	vpextrd.gpr	VEX128	128	4	0	0	105	1	vpextrd eax, xmm1, 105
movement_6717	vpextrd.gpr	VEX128	128	4	0	0	106	1	vpextrd eax, xmm1, 106
movement_6718	vpextrd.gpr	VEX128	128	4	0	0	107	1	vpextrd eax, xmm1, 107
movement_6719	vpextrd.gpr	VEX128	128	4	0	0	108	1	vpextrd eax, xmm1, 108
movement_6720	vpextrd.gpr	VEX128	128	4	0	0	109	1	vpextrd eax, xmm1, 109
movement_6721	vpextrd.gpr	VEX128	128	4	0	0	110	1	vpextrd eax, xmm1, 110
movement_6722	vpextrd.gpr	VEX128	128	4	0	0	111	1	vpextrd eax, xmm1, 111
movement_6723	vpextrd.gpr	VEX128	128	4	0	0	112	1	vpextrd eax, xmm1, 112
movement_6724	vpextrd.gpr	VEX128	128	4	0	0	113	1	vpextrd eax, xmm1, 113
movement_6725	vpextrd.gpr	VEX128	128	4	0	0	114	1	vpextrd eax, xmm1, 114
movement_6726	vpextrd.gpr	VEX128	128	4	0	0	115	1	vpextrd eax, xmm1, 115
movement_6727	vpextrd.gpr	VEX128	128	4	0	0	116	1	vpextrd eax, xmm1, 116
movement_6728	vpextrd.gpr	VEX128	128	4	0	0	117	1	vpextrd eax, xmm1, 117
movement_6729	vpextrd.gpr	VEX128	128	4	0	0	118	1	vpextrd eax, xmm1, 118
movement_6730	vpextrd.gpr	VEX128	128	4	0	0	119	1	vpextrd eax, xmm1, 119
movement_6731	vpextrd.gpr	VEX128	128	4	0	0	120	1	vpextrd eax, xmm1, 120
movement_6732	vpextrd.gpr	VEX128	128	4	0	0	121	1	vpextrd eax, xmm1, 121
movement_6733	vpextrd.gpr	VEX128	128	4	0	0	122	1	vpextrd eax, xmm1, 122
movement_6734	vpextrd.gpr	VEX128	128	4	0	0	123	1	vpextrd eax, xmm1, 123
movement_6735	vpextrd.gpr	VEX128	128	4	0	0	124	1	vpextrd eax, xmm1, 124
movement_6736	vpextrd.gpr	VEX128	128	4	0	0	125	1	vpextrd eax, xmm1, 125
movement_6737	vpextrd.gpr	VEX128	128	4	0	0	126	1	vpextrd eax, xmm1, 126
movement_6738	vpextrd.gpr	VEX128	128	4	0	0	127	1	vpextrd eax, xmm1, 127
movement_6739	vpextrd.gpr	VEX128	128	4	0	0	128	1	vpextrd eax, xmm1, 128
movement_6740	vpextrd.gpr	VEX128	128	4	0	0	129	1	vpextrd eax, xmm1, 129
movement_6741	vpextrd.gpr	VEX128	128	4	0	0	130	1	vpextrd eax, xmm1, 130
movement_6742	vpextrd.gpr	VEX128	128	4	0	0	131	1	vpextrd eax, xmm1, 131
movement_6743	vpextrd.gpr	VEX128	128	4	0	0	132	1	vpextrd eax, xmm1, 132
movement_6744	vpextrd.gpr	VEX128	128	4	0	0	133	1	vpextrd eax, xmm1, 133
movement_6745	vpextrd.gpr	VEX128	128	4	0	0	134	1	vpextrd eax, xmm1, 134
movement_6746	vpextrd.gpr	VEX128	128	4	0	0	135	1	vpextrd eax, xmm1, 135
movement_6747	vpextrd.gpr	VEX128	128	4	0	0	136	1	vpextrd eax, xmm1, 136
movement_6748	vpextrd.gpr	VEX128	128	4	0	0	137	1	vpextrd eax, xmm1, 137
movement_6749	vpextrd.gpr	VEX128	128	4	0	0	138	1	vpextrd eax, xmm1, 138
movement_6750	vpextrd.gpr	VEX128	128	4	0	0	139	1	vpextrd eax, xmm1, 139
movement_6751	vpextrd.gpr	VEX128	128	4	0	0	140	1	vpextrd eax, xmm1, 140
movement_6752	vpextrd.gpr	VEX128	128	4	0	0	141	1	vpextrd eax, xmm1, 141
movement_6753	vpextrd.gpr	VEX128	128	4	0	0	142	1	vpextrd eax, xmm1, 142
movement_6754	vpextrd.gpr	VEX128	128	4	0	0	143	1	vpextrd eax, xmm1, 143
movement_6755	vpextrd.gpr	VEX128	128	4	0	0	144	1	vpextrd eax, xmm1, 144
movement_6756	vpextrd.gpr	VEX128	128	4	0	0	145	1	vpextrd eax, xmm1, 145
movement_6757	vpextrd.gpr	VEX128	128	4	0	0	146	1	vpextrd eax, xmm1, 146
movement_6758	vpextrd.gpr	VEX128	128	4	0	0	147	1	vpextrd eax, xmm1, 147
movement_6759	vpextrd.gpr	VEX128	128	4	0	0	148	1	vpextrd eax, xmm1, 148
movement_6760	vpextrd.gpr	VEX128	128	4	0	0	149	1	vpextrd eax, xmm1, 149
movement_6761	vpextrd.gpr	VEX128	128	4	0	0	150	1	vpextrd eax, xmm1, 150
movement_6762	vpextrd.gpr	VEX128	128	4	0	0	151	1	vpextrd eax, xmm1, 151
movement_6763	vpextrd.gpr	VEX128	128	4	0	0	152	1	vpextrd eax, xmm1, 152
movement_6764	vpextrd.gpr	VEX128	128	4	0	0	153	1	vpextrd eax, xmm1, 153
movement_6765	vpextrd.gpr	VEX128	128	4	0	0	154	1	vpextrd eax, xmm1, 154
movement_6766	vpextrd.gpr	VEX128	128	4	0	0	155	1	vpextrd eax, xmm1, 155
movement_6767	vpextrd.gpr	VEX128	128	4	0	0	156	1	vpextrd eax, xmm1, 156
movement_6768	vpextrd.gpr	VEX128	128	4	0	0	157	1	vpextrd eax, xmm1, 157
movement_6769	vpextrd.gpr	VEX128	128	4	0	0	158	1	vpextrd eax, xmm1, 158
movement_6770	vpextrd.gpr	VEX128	128	4	0	0	159	1	vpextrd eax, xmm1, 159
movement_6771	vpextrd.gpr	VEX128	128	4	0	0	160	1	vpextrd eax, xmm1, 160
movement_6772	vpextrd.gpr	VEX128	128	4	0	0	161	1	vpextrd eax, xmm1, 161
movement_6773	vpextrd.gpr	VEX128	128	4	0	0	162	1	vpextrd eax, xmm1, 162
movement_6774	vpextrd.gpr	VEX128	128	4	0	0	163	1	vpextrd eax, xmm1, 163
movement_6775	vpextrd.gpr	VEX128	128	4	0	0	164	1	vpextrd eax, xmm1, 164
movement_6776	vpextrd.gpr	VEX128	128	4	0	0	165	1	vpextrd eax, xmm1, 165
movement_6777	vpextrd.gpr	VEX128	128	4	0	0	166	1	vpextrd eax, xmm1, 166
movement_6778	vpextrd.gpr	VEX128	128	4	0	0	167	1	vpextrd eax, xmm1, 167
movement_6779	vpextrd.gpr	VEX128	128	4	0	0	168	1	vpextrd eax, xmm1, 168
movement_6780	vpextrd.gpr	VEX128	128	4	0	0	169	1	vpextrd eax, xmm1, 169
movement_6781	vpextrd.gpr	VEX128	128	4	0	0	170	1	vpextrd eax, xmm1, 170
movement_6782	vpextrd.gpr	VEX128	128	4	0	0	171	1	vpextrd eax, xmm1, 171
movement_6783	vpextrd.gpr	VEX128	128	4	0	0	172	1	vpextrd eax, xmm1, 172
movement_6784	vpextrd.gpr	VEX128	128	4	0	0	173	1	vpextrd eax, xmm1, 173
movement_6785	vpextrd.gpr	VEX128	128	4	0	0	174	1	vpextrd eax, xmm1, 174
movement_6786	vpextrd.gpr	VEX128	128	4	0	0	175	1	vpextrd eax, xmm1, 175
movement_6787	vpextrd.gpr	VEX128	128	4	0	0	176	1	vpextrd eax, xmm1, 176
movement_6788	vpextrd.gpr	VEX128	128	4	0	0	177	1	vpextrd eax, xmm1, 177
movement_6789	vpextrd.gpr	VEX128	128	4	0	0	178	1	vpextrd eax, xmm1, 178
movement_6790	vpextrd.gpr	VEX128	128	4	0	0	179	1	vpextrd eax, xmm1, 179
movement_6791	vpextrd.gpr	VEX128	128	4	0	0	180	1	vpextrd eax, xmm1, 180
movement_6792	vpextrd.gpr	VEX128	128	4	0	0	181	1	vpextrd eax, xmm1, 181
movement_6793	vpextrd.gpr	VEX128	128	4	0	0	182	1	vpextrd eax, xmm1, 182
movement_6794	vpextrd.gpr	VEX128	128	4	0	0	183	1	vpextrd eax, xmm1, 183
movement_6795	vpextrd.gpr	VEX128	128	4	0	0	184	1	vpextrd eax, xmm1, 184
movement_6796	vpextrd.gpr	VEX128	128	4	0	0	185	1	vpextrd eax, xmm1, 185
movement_6797	vpextrd.gpr	VEX128	128	4	0	0	186	1	vpextrd eax, xmm1, 186
movement_6798	vpextrd.gpr	VEX128	128	4	0	0	187	1	vpextrd eax, xmm1, 187
movement_6799	vpextrd.gpr	VEX128	128	4	0	0	188	1	vpextrd eax, xmm1, 188
movement_6800	vpextrd.gpr	VEX128	128	4	0	0	189	1	vpextrd eax, xmm1, 189
movement_6801	vpextrd.gpr	VEX128	128	4	0	0	190	1	vpextrd eax, xmm1, 190
movement_6802	vpextrd.gpr	VEX128	128	4	0	0	191	1	vpextrd eax, xmm1, 191
movement_6803	vpextrd.gpr	VEX128	128	4	0	0	192	1	vpextrd eax, xmm1, 192
movement_6804	vpextrd.gpr	VEX128	128	4	0	0	193	1	vpextrd eax, xmm1, 193
movement_6805	vpextrd.gpr	VEX128	128	4	0	0	194	1	vpextrd eax, xmm1, 194
movement_6806	vpextrd.gpr	VEX128	128	4	0	0	195	1	vpextrd eax, xmm1, 195
movement_6807	vpextrd.gpr	VEX128	128	4	0	0	196	1	vpextrd eax, xmm1, 196
movement_6808	vpextrd.gpr	VEX128	128	4	0	0	197	1	vpextrd eax, xmm1, 197
movement_6809	vpextrd.gpr	VEX128	128	4	0	0	198	1	vpextrd eax, xmm1, 198
movement_6810	vpextrd.gpr	VEX128	128	4	0	0	199	1	vpextrd eax, xmm1, 199
movement_6811	vpextrd.gpr	VEX128	128	4	0	0	200	1	vpextrd eax, xmm1, 200
movement_6812	vpextrd.gpr	VEX128	128	4	0	0	201	1	vpextrd eax, xmm1, 201
movement_6813	vpextrd.gpr	VEX128	128	4	0	0	202	1	vpextrd eax, xmm1, 202
movement_6814	vpextrd.gpr	VEX128	128	4	0	0	203	1	vpextrd eax, xmm1, 203
movement_6815	vpextrd.gpr	VEX128	128	4	0	0	204	1	vpextrd eax, xmm1, 204
movement_6816	vpextrd.gpr	VEX128	128	4	0	0	205	1	vpextrd eax, xmm1, 205
movement_6817	vpextrd.gpr	VEX128	128	4	0	0	206	1	vpextrd eax, xmm1, 206
movement_6818	vpextrd.gpr	VEX128	128	4	0	0	207	1	vpextrd eax, xmm1, 207
movement_6819	vpextrd.gpr	VEX128	128	4	0	0	208	1	vpextrd eax, xmm1, 208
movement_6820	vpextrd.gpr	VEX128	128	4	0	0	209	1	vpextrd eax, xmm1, 209
movement_6821	vpextrd.gpr	VEX128	128	4	0	0	210	1	vpextrd eax, xmm1, 210
movement_6822	vpextrd.gpr	VEX128	128	4	0	0	211	1	vpextrd eax, xmm1, 211
movement_6823	vpextrd.gpr	VEX128	128	4	0	0	212	1	vpextrd eax, xmm1, 212
movement_6824	vpextrd.gpr	VEX128	128	4	0	0	213	1	vpextrd eax, xmm1, 213
movement_6825	vpextrd.gpr	VEX128	128	4	0	0	214	1	vpextrd eax, xmm1, 214
movement_6826	vpextrd.gpr	VEX128	128	4	0	0	215	1	vpextrd eax, xmm1, 215
movement_6827	vpextrd.gpr	VEX128	128	4	0	0	216	1	vpextrd eax, xmm1, 216
movement_6828	vpextrd.gpr	VEX128	128	4	0	0	217	1	vpextrd eax, xmm1, 217
movement_6829	vpextrd.gpr	VEX128	128	4	0	0	218	1	vpextrd eax, xmm1, 218
movement_6830	vpextrd.gpr	VEX128	128	4	0	0	219	1	vpextrd eax, xmm1, 219
movement_6831	vpextrd.gpr	VEX128	128	4	0	0	220	1	vpextrd eax, xmm1, 220
movement_6832	vpextrd.gpr	VEX128	128	4	0	0	221	1	vpextrd eax, xmm1, 221
movement_6833	vpextrd.gpr	VEX128	128	4	0	0	222	1	vpextrd eax, xmm1, 222
movement_6834	vpextrd.gpr	VEX128	128	4	0	0	223	1	vpextrd eax, xmm1, 223
movement_6835	vpextrd.gpr	VEX128	128	4	0	0	224	1	vpextrd eax, xmm1, 224
movement_6836	vpextrd.gpr	VEX128	128	4	0	0	225	1	vpextrd eax, xmm1, 225
movement_6837	vpextrd.gpr	VEX128	128	4	0	0	226	1	vpextrd eax, xmm1, 226
movement_6838	vpextrd.gpr	VEX128	128	4	0	0	227	1	vpextrd eax, xmm1, 227
movement_6839	vpextrd.gpr	VEX128	128	4	0	0	228	1	vpextrd eax, xmm1, 228
movement_6840	vpextrd.gpr	VEX128	128	4	0	0	229	1	vpextrd eax, xmm1, 229
movement_6841	vpextrd.gpr	VEX128	128	4	0	0	230	1	vpextrd eax, xmm1, 230
movement_6842	vpextrd.gpr	VEX128	128	4	0	0	231	1	vpextrd eax, xmm1, 231
movement_6843	vpextrd.gpr	VEX128	128	4	0	0	232	1	vpextrd eax, xmm1, 232
movement_6844	vpextrd.gpr	VEX128	128	4	0	0	233	1	vpextrd eax, xmm1, 233
movement_6845	vpextrd.gpr	VEX128	128	4	0	0	234	1	vpextrd eax, xmm1, 234
movement_6846	vpextrd.gpr	VEX128	128	4	0	0	235	1	vpextrd eax, xmm1, 235
movement_6847	vpextrd.gpr	VEX128	128	4	0	0	236	1	vpextrd eax, xmm1, 236
movement_6848	vpextrd.gpr	VEX128	128	4	0	0	237	1	vpextrd eax, xmm1, 237
movement_6849	vpextrd.gpr	VEX128	128	4	0	0	238	1	vpextrd eax, xmm1, 238
movement_6850	vpextrd.gpr	VEX128	128	4	0	0	239	1	vpextrd eax, xmm1, 239
movement_6851	vpextrd.gpr	VEX128	128	4	0	0	240	1	vpextrd eax, xmm1, 240
movement_6852	vpextrd.gpr	VEX128	128	4	0	0	241	1	vpextrd eax, xmm1, 241
movement_6853	vpextrd.gpr	VEX128	128	4	0	0	242	1	vpextrd eax, xmm1, 242
movement_6854	vpextrd.gpr	VEX128	128	4	0	0	243	1	vpextrd eax, xmm1, 243
movement_6855	vpextrd.gpr	VEX128	128	4	0	0	244	1	vpextrd eax, xmm1, 244
movement_6856	vpextrd.gpr	VEX128	128	4	0	0	245	1	vpextrd eax, xmm1, 245
movement_6857	vpextrd.gpr	VEX128	128	4	0	0	246	1	vpextrd eax, xmm1, 246
movement_6858	vpextrd.gpr	VEX128	128	4	0	0	247	1	vpextrd eax, xmm1, 247
movement_6859	vpextrd.gpr	VEX128	128	4	0	0	248	1	vpextrd eax, xmm1, 248
movement_6860	vpextrd.gpr	VEX128	128	4	0	0	249	1	vpextrd eax, xmm1, 249
movement_6861	vpextrd.gpr	VEX128	128	4	0	0	250	1	vpextrd eax, xmm1, 250
movement_6862	vpextrd.gpr	VEX128	128	4	0	0	251	1	vpextrd eax, xmm1, 251
movement_6863	vpextrd.gpr	VEX128	128	4	0	0	252	1	vpextrd eax, xmm1, 252
movement_6864	vpextrd.gpr	VEX128	128	4	0	0	253	1	vpextrd eax, xmm1, 253
movement_6865	vpextrd.gpr	VEX128	128	4	0	0	254	1	vpextrd eax, xmm1, 254
movement_6866	vpextrd.gpr	VEX128	128	4	0	0	255	1	vpextrd eax, xmm1, 255
movement_6867	vpextrd.mem	VEX128	128	4	0	2	0	1	vpextrd [rsi], xmm1, 0
movement_6868	vpextrd.mem	VEX128	128	4	0	2	1	1	vpextrd [rsi], xmm1, 1
movement_6869	vpextrd.mem	VEX128	128	4	0	2	2	1	vpextrd [rsi], xmm1, 2
movement_6870	vpextrd.mem	VEX128	128	4	0	2	3	1	vpextrd [rsi], xmm1, 3
movement_6871	vpextrd.mem	VEX128	128	4	0	2	4	1	vpextrd [rsi], xmm1, 4
movement_6872	vpextrd.mem	VEX128	128	4	0	2	5	1	vpextrd [rsi], xmm1, 5
movement_6873	vpextrd.mem	VEX128	128	4	0	2	6	1	vpextrd [rsi], xmm1, 6
movement_6874	vpextrd.mem	VEX128	128	4	0	2	7	1	vpextrd [rsi], xmm1, 7
movement_6875	vpextrd.mem	VEX128	128	4	0	2	8	1	vpextrd [rsi], xmm1, 8
movement_6876	vpextrd.mem	VEX128	128	4	0	2	9	1	vpextrd [rsi], xmm1, 9
movement_6877	vpextrd.mem	VEX128	128	4	0	2	10	1	vpextrd [rsi], xmm1, 10
movement_6878	vpextrd.mem	VEX128	128	4	0	2	11	1	vpextrd [rsi], xmm1, 11
movement_6879	vpextrd.mem	VEX128	128	4	0	2	12	1	vpextrd [rsi], xmm1, 12
movement_6880	vpextrd.mem	VEX128	128	4	0	2	13	1	vpextrd [rsi], xmm1, 13
movement_6881	vpextrd.mem	VEX128	128	4	0	2	14	1	vpextrd [rsi], xmm1, 14
movement_6882	vpextrd.mem	VEX128	128	4	0	2	15	1	vpextrd [rsi], xmm1, 15
movement_6883	vpextrd.mem	VEX128	128	4	0	2	16	1	vpextrd [rsi], xmm1, 16
movement_6884	vpextrd.mem	VEX128	128	4	0	2	17	1	vpextrd [rsi], xmm1, 17
movement_6885	vpextrd.mem	VEX128	128	4	0	2	18	1	vpextrd [rsi], xmm1, 18
movement_6886	vpextrd.mem	VEX128	128	4	0	2	19	1	vpextrd [rsi], xmm1, 19
movement_6887	vpextrd.mem	VEX128	128	4	0	2	20	1	vpextrd [rsi], xmm1, 20
movement_6888	vpextrd.mem	VEX128	128	4	0	2	21	1	vpextrd [rsi], xmm1, 21
movement_6889	vpextrd.mem	VEX128	128	4	0	2	22	1	vpextrd [rsi], xmm1, 22
movement_6890	vpextrd.mem	VEX128	128	4	0	2	23	1	vpextrd [rsi], xmm1, 23
movement_6891	vpextrd.mem	VEX128	128	4	0	2	24	1	vpextrd [rsi], xmm1, 24
movement_6892	vpextrd.mem	VEX128	128	4	0	2	25	1	vpextrd [rsi], xmm1, 25
movement_6893	vpextrd.mem	VEX128	128	4	0	2	26	1	vpextrd [rsi], xmm1, 26
movement_6894	vpextrd.mem	VEX128	128	4	0	2	27	1	vpextrd [rsi], xmm1, 27
movement_6895	vpextrd.mem	VEX128	128	4	0	2	28	1	vpextrd [rsi], xmm1, 28
movement_6896	vpextrd.mem	VEX128	128	4	0	2	29	1	vpextrd [rsi], xmm1, 29
movement_6897	vpextrd.mem	VEX128	128	4	0	2	30	1	vpextrd [rsi], xmm1, 30
movement_6898	vpextrd.mem	VEX128	128	4	0	2	31	1	vpextrd [rsi], xmm1, 31
movement_6899	vpextrd.mem	VEX128	128	4	0	2	32	1	vpextrd [rsi], xmm1, 32
movement_6900	vpextrd.mem	VEX128	128	4	0	2	33	1	vpextrd [rsi], xmm1, 33
movement_6901	vpextrd.mem	VEX128	128	4	0	2	34	1	vpextrd [rsi], xmm1, 34
movement_6902	vpextrd.mem	VEX128	128	4	0	2	35	1	vpextrd [rsi], xmm1, 35
movement_6903	vpextrd.mem	VEX128	128	4	0	2	36	1	vpextrd [rsi], xmm1, 36
movement_6904	vpextrd.mem	VEX128	128	4	0	2	37	1	vpextrd [rsi], xmm1, 37
movement_6905	vpextrd.mem	VEX128	128	4	0	2	38	1	vpextrd [rsi], xmm1, 38
movement_6906	vpextrd.mem	VEX128	128	4	0	2	39	1	vpextrd [rsi], xmm1, 39
movement_6907	vpextrd.mem	VEX128	128	4	0	2	40	1	vpextrd [rsi], xmm1, 40
movement_6908	vpextrd.mem	VEX128	128	4	0	2	41	1	vpextrd [rsi], xmm1, 41
movement_6909	vpextrd.mem	VEX128	128	4	0	2	42	1	vpextrd [rsi], xmm1, 42
movement_6910	vpextrd.mem	VEX128	128	4	0	2	43	1	vpextrd [rsi], xmm1, 43
movement_6911	vpextrd.mem	VEX128	128	4	0	2	44	1	vpextrd [rsi], xmm1, 44
movement_6912	vpextrd.mem	VEX128	128	4	0	2	45	1	vpextrd [rsi], xmm1, 45
movement_6913	vpextrd.mem	VEX128	128	4	0	2	46	1	vpextrd [rsi], xmm1, 46
movement_6914	vpextrd.mem	VEX128	128	4	0	2	47	1	vpextrd [rsi], xmm1, 47
movement_6915	vpextrd.mem	VEX128	128	4	0	2	48	1	vpextrd [rsi], xmm1, 48
movement_6916	vpextrd.mem	VEX128	128	4	0	2	49	1	vpextrd [rsi], xmm1, 49
movement_6917	vpextrd.mem	VEX128	128	4	0	2	50	1	vpextrd [rsi], xmm1, 50
movement_6918	vpextrd.mem	VEX128	128	4	0	2	51	1	vpextrd [rsi], xmm1, 51
movement_6919	vpextrd.mem	VEX128	128	4	0	2	52	1	vpextrd [rsi], xmm1, 52
movement_6920	vpextrd.mem	VEX128	128	4	0	2	53	1	vpextrd [rsi], xmm1, 53
movement_6921	vpextrd.mem	VEX128	128	4	0	2	54	1	vpextrd [rsi], xmm1, 54
movement_6922	vpextrd.mem	VEX128	128	4	0	2	55	1	vpextrd [rsi], xmm1, 55
movement_6923	vpextrd.mem	VEX128	128	4	0	2	56	1	vpextrd [rsi], xmm1, 56
movement_6924	vpextrd.mem	VEX128	128	4	0	2	57	1	vpextrd [rsi], xmm1, 57
movement_6925	vpextrd.mem	VEX128	128	4	0	2	58	1	vpextrd [rsi], xmm1, 58
movement_6926	vpextrd.mem	VEX128	128	4	0	2	59	1	vpextrd [rsi], xmm1, 59
movement_6927	vpextrd.mem	VEX128	128	4	0	2	60	1	vpextrd [rsi], xmm1, 60
movement_6928	vpextrd.mem	VEX128	128	4	0	2	61	1	vpextrd [rsi], xmm1, 61
movement_6929	vpextrd.mem	VEX128	128	4	0	2	62	1	vpextrd [rsi], xmm1, 62
movement_6930	vpextrd.mem	VEX128	128	4	0	2	63	1	vpextrd [rsi], xmm1, 63
movement_6931	vpextrd.mem	VEX128	128	4	0	2	64	1	vpextrd [rsi], xmm1, 64
movement_6932	vpextrd.mem	VEX128	128	4	0	2	65	1	vpextrd [rsi], xmm1, 65
movement_6933	vpextrd.mem	VEX128	128	4	0	2	66	1	vpextrd [rsi], xmm1, 66
movement_6934	vpextrd.mem	VEX128	128	4	0	2	67	1	vpextrd [rsi], xmm1, 67
movement_6935	vpextrd.mem	VEX128	128	4	0	2	68	1	vpextrd [rsi], xmm1, 68
movement_6936	vpextrd.mem	VEX128	128	4	0	2	69	1	vpextrd [rsi], xmm1, 69
movement_6937	vpextrd.mem	VEX128	128	4	0	2	70	1	vpextrd [rsi], xmm1, 70
movement_6938	vpextrd.mem	VEX128	128	4	0	2	71	1	vpextrd [rsi], xmm1, 71
movement_6939	vpextrd.mem	VEX128	128	4	0	2	72	1	vpextrd [rsi], xmm1, 72
movement_6940	vpextrd.mem	VEX128	128	4	0	2	73	1	vpextrd [rsi], xmm1, 73
movement_6941	vpextrd.mem	VEX128	128	4	0	2	74	1	vpextrd [rsi], xmm1, 74
movement_6942	vpextrd.mem	VEX128	128	4	0	2	75	1	vpextrd [rsi], xmm1, 75
movement_6943	vpextrd.mem	VEX128	128	4	0	2	76	1	vpextrd [rsi], xmm1, 76
movement_6944	vpextrd.mem	VEX128	128	4	0	2	77	1	vpextrd [rsi], xmm1, 77
movement_6945	vpextrd.mem	VEX128	128	4	0	2	78	1	vpextrd [rsi], xmm1, 78
movement_6946	vpextrd.mem	VEX128	128	4	0	2	79	1	vpextrd [rsi], xmm1, 79
movement_6947	vpextrd.mem	VEX128	128	4	0	2	80	1	vpextrd [rsi], xmm1, 80
movement_6948	vpextrd.mem	VEX128	128	4	0	2	81	1	vpextrd [rsi], xmm1, 81
movement_6949	vpextrd.mem	VEX128	128	4	0	2	82	1	vpextrd [rsi], xmm1, 82
movement_6950	vpextrd.mem	VEX128	128	4	0	2	83	1	vpextrd [rsi], xmm1, 83
movement_6951	vpextrd.mem	VEX128	128	4	0	2	84	1	vpextrd [rsi], xmm1, 84
movement_6952	vpextrd.mem	VEX128	128	4	0	2	85	1	vpextrd [rsi], xmm1, 85
movement_6953	vpextrd.mem	VEX128	128	4	0	2	86	1	vpextrd [rsi], xmm1, 86
movement_6954	vpextrd.mem	VEX128	128	4	0	2	87	1	vpextrd [rsi], xmm1, 87
movement_6955	vpextrd.mem	VEX128	128	4	0	2	88	1	vpextrd [rsi], xmm1, 88
movement_6956	vpextrd.mem	VEX128	128	4	0	2	89	1	vpextrd [rsi], xmm1, 89
movement_6957	vpextrd.mem	VEX128	128	4	0	2	90	1	vpextrd [rsi], xmm1, 90
movement_6958	vpextrd.mem	VEX128	128	4	0	2	91	1	vpextrd [rsi], xmm1, 91
movement_6959	vpextrd.mem	VEX128	128	4	0	2	92	1	vpextrd [rsi], xmm1, 92
movement_6960	vpextrd.mem	VEX128	128	4	0	2	93	1	vpextrd [rsi], xmm1, 93
movement_6961	vpextrd.mem	VEX128	128	4	0	2	94	1	vpextrd [rsi], xmm1, 94
movement_6962	vpextrd.mem	VEX128	128	4	0	2	95	1	vpextrd [rsi], xmm1, 95
movement_6963	vpextrd.mem	VEX128	128	4	0	2	96	1	vpextrd [rsi], xmm1, 96
movement_6964	vpextrd.mem	VEX128	128	4	0	2	97	1	vpextrd [rsi], xmm1, 97
movement_6965	vpextrd.mem	VEX128	128	4	0	2	98	1	vpextrd [rsi], xmm1, 98
movement_6966	vpextrd.mem	VEX128	128	4	0	2	99	1	vpextrd [rsi], xmm1, 99
movement_6967	vpextrd.mem	VEX128	128	4	0	2	100	1	vpextrd [rsi], xmm1, 100
movement_6968	vpextrd.mem	VEX128	128	4	0	2	101	1	vpextrd [rsi], xmm1, 101
movement_6969	vpextrd.mem	VEX128	128	4	0	2	102	1	vpextrd [rsi], xmm1, 102
movement_6970	vpextrd.mem	VEX128	128	4	0	2	103	1	vpextrd [rsi], xmm1, 103
movement_6971	vpextrd.mem	VEX128	128	4	0	2	104	1	vpextrd [rsi], xmm1, 104
movement_6972	vpextrd.mem	VEX128	128	4	0	2	105	1	vpextrd [rsi], xmm1, 105
movement_6973	vpextrd.mem	VEX128	128	4	0	2	106	1	vpextrd [rsi], xmm1, 106
movement_6974	vpextrd.mem	VEX128	128	4	0	2	107	1	vpextrd [rsi], xmm1, 107
movement_6975	vpextrd.mem	VEX128	128	4	0	2	108	1	vpextrd [rsi], xmm1, 108
movement_6976	vpextrd.mem	VEX128	128	4	0	2	109	1	vpextrd [rsi], xmm1, 109
movement_6977	vpextrd.mem	VEX128	128	4	0	2	110	1	vpextrd [rsi], xmm1, 110
movement_6978	vpextrd.mem	VEX128	128	4	0	2	111	1	vpextrd [rsi], xmm1, 111
movement_6979	vpextrd.mem	VEX128	128	4	0	2	112	1	vpextrd [rsi], xmm1, 112
movement_6980	vpextrd.mem	VEX128	128	4	0	2	113	1	vpextrd [rsi], xmm1, 113
movement_6981	vpextrd.mem	VEX128	128	4	0	2	114	1	vpextrd [rsi], xmm1, 114
movement_6982	vpextrd.mem	VEX128	128	4	0	2	115	1	vpextrd [rsi], xmm1, 115
movement_6983	vpextrd.mem	VEX128	128	4	0	2	116	1	vpextrd [rsi], xmm1, 116
movement_6984	vpextrd.mem	VEX128	128	4	0	2	117	1	vpextrd [rsi], xmm1, 117
movement_6985	vpextrd.mem	VEX128	128	4	0	2	118	1	vpextrd [rsi], xmm1, 118
movement_6986	vpextrd.mem	VEX128	128	4	0	2	119	1	vpextrd [rsi], xmm1, 119
movement_6987	vpextrd.mem	VEX128	128	4	0	2	120	1	vpextrd [rsi], xmm1, 120
movement_6988	vpextrd.mem	VEX128	128	4	0	2	121	1	vpextrd [rsi], xmm1, 121
movement_6989	vpextrd.mem	VEX128	128	4	0	2	122	1	vpextrd [rsi], xmm1, 122
movement_6990	vpextrd.mem	VEX128	128	4	0	2	123	1	vpextrd [rsi], xmm1, 123
movement_6991	vpextrd.mem	VEX128	128	4	0	2	124	1	vpextrd [rsi], xmm1, 124
movement_6992	vpextrd.mem	VEX128	128	4	0	2	125	1	vpextrd [rsi], xmm1, 125
movement_6993	vpextrd.mem	VEX128	128	4	0	2	126	1	vpextrd [rsi], xmm1, 126
movement_6994	vpextrd.mem	VEX128	128	4	0	2	127	1	vpextrd [rsi], xmm1, 127
movement_6995	vpextrd.mem	VEX128	128	4	0	2	128	1	vpextrd [rsi], xmm1, 128
movement_6996	vpextrd.mem	VEX128	128	4	0	2	129	1	vpextrd [rsi], xmm1, 129
movement_6997	vpextrd.mem	VEX128	128	4	0	2	130	1	vpextrd [rsi], xmm1, 130
movement_6998	vpextrd.mem	VEX128	128	4	0	2	131	1	vpextrd [rsi], xmm1, 131
movement_6999	vpextrd.mem	VEX128	128	4	0	2	132	1	vpextrd [rsi], xmm1, 132
movement_7000	vpextrd.mem	VEX128	128	4	0	2	133	1	vpextrd [rsi], xmm1, 133
movement_7001	vpextrd.mem	VEX128	128	4	0	2	134	1	vpextrd [rsi], xmm1, 134
movement_7002	vpextrd.mem	VEX128	128	4	0	2	135	1	vpextrd [rsi], xmm1, 135
movement_7003	vpextrd.mem	VEX128	128	4	0	2	136	1	vpextrd [rsi], xmm1, 136
movement_7004	vpextrd.mem	VEX128	128	4	0	2	137	1	vpextrd [rsi], xmm1, 137
movement_7005	vpextrd.mem	VEX128	128	4	0	2	138	1	vpextrd [rsi], xmm1, 138
movement_7006	vpextrd.mem	VEX128	128	4	0	2	139	1	vpextrd [rsi], xmm1, 139
movement_7007	vpextrd.mem	VEX128	128	4	0	2	140	1	vpextrd [rsi], xmm1, 140
movement_7008	vpextrd.mem	VEX128	128	4	0	2	141	1	vpextrd [rsi], xmm1, 141
movement_7009	vpextrd.mem	VEX128	128	4	0	2	142	1	vpextrd [rsi], xmm1, 142
movement_7010	vpextrd.mem	VEX128	128	4	0	2	143	1	vpextrd [rsi], xmm1, 143
movement_7011	vpextrd.mem	VEX128	128	4	0	2	144	1	vpextrd [rsi], xmm1, 144
movement_7012	vpextrd.mem	VEX128	128	4	0	2	145	1	vpextrd [rsi], xmm1, 145
movement_7013	vpextrd.mem	VEX128	128	4	0	2	146	1	vpextrd [rsi], xmm1, 146
movement_7014	vpextrd.mem	VEX128	128	4	0	2	147	1	vpextrd [rsi], xmm1, 147
movement_7015	vpextrd.mem	VEX128	128	4	0	2	148	1	vpextrd [rsi], xmm1, 148
movement_7016	vpextrd.mem	VEX128	128	4	0	2	149	1	vpextrd [rsi], xmm1, 149
movement_7017	vpextrd.mem	VEX128	128	4	0	2	150	1	vpextrd [rsi], xmm1, 150
movement_7018	vpextrd.mem	VEX128	128	4	0	2	151	1	vpextrd [rsi], xmm1, 151
movement_7019	vpextrd.mem	VEX128	128	4	0	2	152	1	vpextrd [rsi], xmm1, 152
movement_7020	vpextrd.mem	VEX128	128	4	0	2	153	1	vpextrd [rsi], xmm1, 153
movement_7021	vpextrd.mem	VEX128	128	4	0	2	154	1	vpextrd [rsi], xmm1, 154
movement_7022	vpextrd.mem	VEX128	128	4	0	2	155	1	vpextrd [rsi], xmm1, 155
movement_7023	vpextrd.mem	VEX128	128	4	0	2	156	1	vpextrd [rsi], xmm1, 156
movement_7024	vpextrd.mem	VEX128	128	4	0	2	157	1	vpextrd [rsi], xmm1, 157
movement_7025	vpextrd.mem	VEX128	128	4	0	2	158	1	vpextrd [rsi], xmm1, 158
movement_7026	vpextrd.mem	VEX128	128	4	0	2	159	1	vpextrd [rsi], xmm1, 159
movement_7027	vpextrd.mem	VEX128	128	4	0	2	160	1	vpextrd [rsi], xmm1, 160
movement_7028	vpextrd.mem	VEX128	128	4	0	2	161	1	vpextrd [rsi], xmm1, 161
movement_7029	vpextrd.mem	VEX128	128	4	0	2	162	1	vpextrd [rsi], xmm1, 162
movement_7030	vpextrd.mem	VEX128	128	4	0	2	163	1	vpextrd [rsi], xmm1, 163
movement_7031	vpextrd.mem	VEX128	128	4	0	2	164	1	vpextrd [rsi], xmm1, 164
movement_7032	vpextrd.mem	VEX128	128	4	0	2	165	1	vpextrd [rsi], xmm1, 165
movement_7033	vpextrd.mem	VEX128	128	4	0	2	166	1	vpextrd [rsi], xmm1, 166
movement_7034	vpextrd.mem	VEX128	128	4	0	2	167	1	vpextrd [rsi], xmm1, 167
movement_7035	vpextrd.mem	VEX128	128	4	0	2	168	1	vpextrd [rsi], xmm1, 168
movement_7036	vpextrd.mem	VEX128	128	4	0	2	169	1	vpextrd [rsi], xmm1, 169
movement_7037	vpextrd.mem	VEX128	128	4	0	2	170	1	vpextrd [rsi], xmm1, 170
movement_7038	vpextrd.mem	VEX128	128	4	0	2	171	1	vpextrd [rsi], xmm1, 171
movement_7039	vpextrd.mem	VEX128	128	4	0	2	172	1	vpextrd [rsi], xmm1, 172
movement_7040	vpextrd.mem	VEX128	128	4	0	2	173	1	vpextrd [rsi], xmm1, 173
movement_7041	vpextrd.mem	VEX128	128	4	0	2	174	1	vpextrd [rsi], xmm1, 174
movement_7042	vpextrd.mem	VEX128	128	4	0	2	175	1	vpextrd [rsi], xmm1, 175
movement_7043	vpextrd.mem	VEX128	128	4	0	2	176	1	vpextrd [rsi], xmm1, 176
movement_7044	vpextrd.mem	VEX128	128	4	0	2	177	1	vpextrd [rsi], xmm1, 177
movement_7045	vpextrd.mem	VEX128	128	4	0	2	178	1	vpextrd [rsi], xmm1, 178
movement_7046	vpextrd.mem	VEX128	128	4	0	2	179	1	vpextrd [rsi], xmm1, 179
movement_7047	vpextrd.mem	VEX128	128	4	0	2	180	1	vpextrd [rsi], xmm1, 180
movement_7048	vpextrd.mem	VEX128	128	4	0	2	181	1	vpextrd [rsi], xmm1, 181
movement_7049	vpextrd.mem	VEX128	128	4	0	2	182	1	vpextrd [rsi], xmm1, 182
movement_7050	vpextrd.mem	VEX128	128	4	0	2	183	1	vpextrd [rsi], xmm1, 183
movement_7051	vpextrd.mem	VEX128	128	4	0	2	184	1	vpextrd [rsi], xmm1, 184
movement_7052	vpextrd.mem	VEX128	128	4	0	2	185	1	vpextrd [rsi], xmm1, 185
movement_7053	vpextrd.mem	VEX128	128	4	0	2	186	1	vpextrd [rsi], xmm1, 186
movement_7054	vpextrd.mem	VEX128	128	4	0	2	187	1	vpextrd [rsi], xmm1, 187
movement_7055	vpextrd.mem	VEX128	128	4	0	2	188	1	vpextrd [rsi], xmm1, 188
movement_7056	vpextrd.mem	VEX128	128	4	0	2	189	1	vpextrd [rsi], xmm1, 189
movement_7057	vpextrd.mem	VEX128	128	4	0	2	190	1	vpextrd [rsi], xmm1, 190
movement_7058	vpextrd.mem	VEX128	128	4	0	2	191	1	vpextrd [rsi], xmm1, 191
movement_7059	vpextrd.mem	VEX128	128	4	0	2	192	1	vpextrd [rsi], xmm1, 192
movement_7060	vpextrd.mem	VEX128	128	4	0	2	193	1	vpextrd [rsi], xmm1, 193
movement_7061	vpextrd.mem	VEX128	128	4	0	2	194	1	vpextrd [rsi], xmm1, 194
movement_7062	vpextrd.mem	VEX128	128	4	0	2	195	1	vpextrd [rsi], xmm1, 195
movement_7063	vpextrd.mem	VEX128	128	4	0	2	196	1	vpextrd [rsi], xmm1, 196
movement_7064	vpextrd.mem	VEX128	128	4	0	2	197	1	vpextrd [rsi], xmm1, 197
movement_7065	vpextrd.mem	VEX128	128	4	0	2	198	1	vpextrd [rsi], xmm1, 198
movement_7066	vpextrd.mem	VEX128	128	4	0	2	199	1	vpextrd [rsi], xmm1, 199
movement_7067	vpextrd.mem	VEX128	128	4	0	2	200	1	vpextrd [rsi], xmm1, 200
movement_7068	vpextrd.mem	VEX128	128	4	0	2	201	1	vpextrd [rsi], xmm1, 201
movement_7069	vpextrd.mem	VEX128	128	4	0	2	202	1	vpextrd [rsi], xmm1, 202
movement_7070	vpextrd.mem	VEX128	128	4	0	2	203	1	vpextrd [rsi], xmm1, 203
movement_7071	vpextrd.mem	VEX128	128	4	0	2	204	1	vpextrd [rsi], xmm1, 204
movement_7072	vpextrd.mem	VEX128	128	4	0	2	205	1	vpextrd [rsi], xmm1, 205
movement_7073	vpextrd.mem	VEX128	128	4	0	2	206	1	vpextrd [rsi], xmm1, 206
movement_7074	vpextrd.mem	VEX128	128	4	0	2	207	1	vpextrd [rsi], xmm1, 207
movement_7075	vpextrd.mem	VEX128	128	4	0	2	208	1	vpextrd [rsi], xmm1, 208
movement_7076	vpextrd.mem	VEX128	128	4	0	2	209	1	vpextrd [rsi], xmm1, 209
movement_7077	vpextrd.mem	VEX128	128	4	0	2	210	1	vpextrd [rsi], xmm1, 210
movement_7078	vpextrd.mem	VEX128	128	4	0	2	211	1	vpextrd [rsi], xmm1, 211
movement_7079	vpextrd.mem	VEX128	128	4	0	2	212	1	vpextrd [rsi], xmm1, 212
movement_7080	vpextrd.mem	VEX128	128	4	0	2	213	1	vpextrd [rsi], xmm1, 213
movement_7081	vpextrd.mem	VEX128	128	4	0	2	214	1	vpextrd [rsi], xmm1, 214
movement_7082	vpextrd.mem	VEX128	128	4	0	2	215	1	vpextrd [rsi], xmm1, 215
movement_7083	vpextrd.mem	VEX128	128	4	0	2	216	1	vpextrd [rsi], xmm1, 216
movement_7084	vpextrd.mem	VEX128	128	4	0	2	217	1	vpextrd [rsi], xmm1, 217
movement_7085	vpextrd.mem	VEX128	128	4	0	2	218	1	vpextrd [rsi], xmm1, 218
movement_7086	vpextrd.mem	VEX128	128	4	0	2	219	1	vpextrd [rsi], xmm1, 219
movement_7087	vpextrd.mem	VEX128	128	4	0	2	220	1	vpextrd [rsi], xmm1, 220
movement_7088	vpextrd.mem	VEX128	128	4	0	2	221	1	vpextrd [rsi], xmm1, 221
movement_7089	vpextrd.mem	VEX128	128	4	0	2	222	1	vpextrd [rsi], xmm1, 222
movement_7090	vpextrd.mem	VEX128	128	4	0	2	223	1	vpextrd [rsi], xmm1, 223
movement_7091	vpextrd.mem	VEX128	128	4	0	2	224	1	vpextrd [rsi], xmm1, 224
movement_7092	vpextrd.mem	VEX128	128	4	0	2	225	1	vpextrd [rsi], xmm1, 225
movement_7093	vpextrd.mem	VEX128	128	4	0	2	226	1	vpextrd [rsi], xmm1, 226
movement_7094	vpextrd.mem	VEX128	128	4	0	2	227	1	vpextrd [rsi], xmm1, 227
movement_7095	vpextrd.mem	VEX128	128	4	0	2	228	1	vpextrd [rsi], xmm1, 228
movement_7096	vpextrd.mem	VEX128	128	4	0	2	229	1	vpextrd [rsi], xmm1, 229
movement_7097	vpextrd.mem	VEX128	128	4	0	2	230	1	vpextrd [rsi], xmm1, 230
movement_7098	vpextrd.mem	VEX128	128	4	0	2	231	1	vpextrd [rsi], xmm1, 231
movement_7099	vpextrd.mem	VEX128	128	4	0	2	232	1	vpextrd [rsi], xmm1, 232
movement_7100	vpextrd.mem	VEX128	128	4	0	2	233	1	vpextrd [rsi], xmm1, 233
movement_7101	vpextrd.mem	VEX128	128	4	0	2	234	1	vpextrd [rsi], xmm1, 234
movement_7102	vpextrd.mem	VEX128	128	4	0	2	235	1	vpextrd [rsi], xmm1, 235
movement_7103	vpextrd.mem	VEX128	128	4	0	2	236	1	vpextrd [rsi], xmm1, 236
movement_7104	vpextrd.mem	VEX128	128	4	0	2	237	1	vpextrd [rsi], xmm1, 237
movement_7105	vpextrd.mem	VEX128	128	4	0	2	238	1	vpextrd [rsi], xmm1, 238
movement_7106	vpextrd.mem	VEX128	128	4	0	2	239	1	vpextrd [rsi], xmm1, 239
movement_7107	vpextrd.mem	VEX128	128	4	0	2	240	1	vpextrd [rsi], xmm1, 240
movement_7108	vpextrd.mem	VEX128	128	4	0	2	241	1	vpextrd [rsi], xmm1, 241
movement_7109	vpextrd.mem	VEX128	128	4	0	2	242	1	vpextrd [rsi], xmm1, 242
movement_7110	vpextrd.mem	VEX128	128	4	0	2	243	1	vpextrd [rsi], xmm1, 243
movement_7111	vpextrd.mem	VEX128	128	4	0	2	244	1	vpextrd [rsi], xmm1, 244
movement_7112	vpextrd.mem	VEX128	128	4	0	2	245	1	vpextrd [rsi], xmm1, 245
movement_7113	vpextrd.mem	VEX128	128	4	0	2	246	1	vpextrd [rsi], xmm1, 246
movement_7114	vpextrd.mem	VEX128	128	4	0	2	247	1	vpextrd [rsi], xmm1, 247
movement_7115	vpextrd.mem	VEX128	128	4	0	2	248	1	vpextrd [rsi], xmm1, 248
movement_7116	vpextrd.mem	VEX128	128	4	0	2	249	1	vpextrd [rsi], xmm1, 249
movement_7117	vpextrd.mem	VEX128	128	4	0	2	250	1	vpextrd [rsi], xmm1, 250
movement_7118	vpextrd.mem	VEX128	128	4	0	2	251	1	vpextrd [rsi], xmm1, 251
movement_7119	vpextrd.mem	VEX128	128	4	0	2	252	1	vpextrd [rsi], xmm1, 252
movement_7120	vpextrd.mem	VEX128	128	4	0	2	253	1	vpextrd [rsi], xmm1, 253
movement_7121	vpextrd.mem	VEX128	128	4	0	2	254	1	vpextrd [rsi], xmm1, 254
movement_7122	vpextrd.mem	VEX128	128	4	0	2	255	1	vpextrd [rsi], xmm1, 255
movement_7123	vpextrq.gpr	VEX128	128	8	0	0	0	1	vpextrq rax, xmm1, 0
movement_7124	vpextrq.gpr	VEX128	128	8	0	0	1	1	vpextrq rax, xmm1, 1
movement_7125	vpextrq.gpr	VEX128	128	8	0	0	2	1	vpextrq rax, xmm1, 2
movement_7126	vpextrq.gpr	VEX128	128	8	0	0	3	1	vpextrq rax, xmm1, 3
movement_7127	vpextrq.gpr	VEX128	128	8	0	0	4	1	vpextrq rax, xmm1, 4
movement_7128	vpextrq.gpr	VEX128	128	8	0	0	5	1	vpextrq rax, xmm1, 5
movement_7129	vpextrq.gpr	VEX128	128	8	0	0	6	1	vpextrq rax, xmm1, 6
movement_7130	vpextrq.gpr	VEX128	128	8	0	0	7	1	vpextrq rax, xmm1, 7
movement_7131	vpextrq.gpr	VEX128	128	8	0	0	8	1	vpextrq rax, xmm1, 8
movement_7132	vpextrq.gpr	VEX128	128	8	0	0	9	1	vpextrq rax, xmm1, 9
movement_7133	vpextrq.gpr	VEX128	128	8	0	0	10	1	vpextrq rax, xmm1, 10
movement_7134	vpextrq.gpr	VEX128	128	8	0	0	11	1	vpextrq rax, xmm1, 11
movement_7135	vpextrq.gpr	VEX128	128	8	0	0	12	1	vpextrq rax, xmm1, 12
movement_7136	vpextrq.gpr	VEX128	128	8	0	0	13	1	vpextrq rax, xmm1, 13
movement_7137	vpextrq.gpr	VEX128	128	8	0	0	14	1	vpextrq rax, xmm1, 14
movement_7138	vpextrq.gpr	VEX128	128	8	0	0	15	1	vpextrq rax, xmm1, 15
movement_7139	vpextrq.gpr	VEX128	128	8	0	0	16	1	vpextrq rax, xmm1, 16
movement_7140	vpextrq.gpr	VEX128	128	8	0	0	17	1	vpextrq rax, xmm1, 17
movement_7141	vpextrq.gpr	VEX128	128	8	0	0	18	1	vpextrq rax, xmm1, 18
movement_7142	vpextrq.gpr	VEX128	128	8	0	0	19	1	vpextrq rax, xmm1, 19
movement_7143	vpextrq.gpr	VEX128	128	8	0	0	20	1	vpextrq rax, xmm1, 20
movement_7144	vpextrq.gpr	VEX128	128	8	0	0	21	1	vpextrq rax, xmm1, 21
movement_7145	vpextrq.gpr	VEX128	128	8	0	0	22	1	vpextrq rax, xmm1, 22
movement_7146	vpextrq.gpr	VEX128	128	8	0	0	23	1	vpextrq rax, xmm1, 23
movement_7147	vpextrq.gpr	VEX128	128	8	0	0	24	1	vpextrq rax, xmm1, 24
movement_7148	vpextrq.gpr	VEX128	128	8	0	0	25	1	vpextrq rax, xmm1, 25
movement_7149	vpextrq.gpr	VEX128	128	8	0	0	26	1	vpextrq rax, xmm1, 26
movement_7150	vpextrq.gpr	VEX128	128	8	0	0	27	1	vpextrq rax, xmm1, 27
movement_7151	vpextrq.gpr	VEX128	128	8	0	0	28	1	vpextrq rax, xmm1, 28
movement_7152	vpextrq.gpr	VEX128	128	8	0	0	29	1	vpextrq rax, xmm1, 29
movement_7153	vpextrq.gpr	VEX128	128	8	0	0	30	1	vpextrq rax, xmm1, 30
movement_7154	vpextrq.gpr	VEX128	128	8	0	0	31	1	vpextrq rax, xmm1, 31
movement_7155	vpextrq.gpr	VEX128	128	8	0	0	32	1	vpextrq rax, xmm1, 32
movement_7156	vpextrq.gpr	VEX128	128	8	0	0	33	1	vpextrq rax, xmm1, 33
movement_7157	vpextrq.gpr	VEX128	128	8	0	0	34	1	vpextrq rax, xmm1, 34
movement_7158	vpextrq.gpr	VEX128	128	8	0	0	35	1	vpextrq rax, xmm1, 35
movement_7159	vpextrq.gpr	VEX128	128	8	0	0	36	1	vpextrq rax, xmm1, 36
movement_7160	vpextrq.gpr	VEX128	128	8	0	0	37	1	vpextrq rax, xmm1, 37
movement_7161	vpextrq.gpr	VEX128	128	8	0	0	38	1	vpextrq rax, xmm1, 38
movement_7162	vpextrq.gpr	VEX128	128	8	0	0	39	1	vpextrq rax, xmm1, 39
movement_7163	vpextrq.gpr	VEX128	128	8	0	0	40	1	vpextrq rax, xmm1, 40
movement_7164	vpextrq.gpr	VEX128	128	8	0	0	41	1	vpextrq rax, xmm1, 41
movement_7165	vpextrq.gpr	VEX128	128	8	0	0	42	1	vpextrq rax, xmm1, 42
movement_7166	vpextrq.gpr	VEX128	128	8	0	0	43	1	vpextrq rax, xmm1, 43
movement_7167	vpextrq.gpr	VEX128	128	8	0	0	44	1	vpextrq rax, xmm1, 44
movement_7168	vpextrq.gpr	VEX128	128	8	0	0	45	1	vpextrq rax, xmm1, 45
movement_7169	vpextrq.gpr	VEX128	128	8	0	0	46	1	vpextrq rax, xmm1, 46
movement_7170	vpextrq.gpr	VEX128	128	8	0	0	47	1	vpextrq rax, xmm1, 47
movement_7171	vpextrq.gpr	VEX128	128	8	0	0	48	1	vpextrq rax, xmm1, 48
movement_7172	vpextrq.gpr	VEX128	128	8	0	0	49	1	vpextrq rax, xmm1, 49
movement_7173	vpextrq.gpr	VEX128	128	8	0	0	50	1	vpextrq rax, xmm1, 50
movement_7174	vpextrq.gpr	VEX128	128	8	0	0	51	1	vpextrq rax, xmm1, 51
movement_7175	vpextrq.gpr	VEX128	128	8	0	0	52	1	vpextrq rax, xmm1, 52
movement_7176	vpextrq.gpr	VEX128	128	8	0	0	53	1	vpextrq rax, xmm1, 53
movement_7177	vpextrq.gpr	VEX128	128	8	0	0	54	1	vpextrq rax, xmm1, 54
movement_7178	vpextrq.gpr	VEX128	128	8	0	0	55	1	vpextrq rax, xmm1, 55
movement_7179	vpextrq.gpr	VEX128	128	8	0	0	56	1	vpextrq rax, xmm1, 56
movement_7180	vpextrq.gpr	VEX128	128	8	0	0	57	1	vpextrq rax, xmm1, 57
movement_7181	vpextrq.gpr	VEX128	128	8	0	0	58	1	vpextrq rax, xmm1, 58
movement_7182	vpextrq.gpr	VEX128	128	8	0	0	59	1	vpextrq rax, xmm1, 59
movement_7183	vpextrq.gpr	VEX128	128	8	0	0	60	1	vpextrq rax, xmm1, 60
movement_7184	vpextrq.gpr	VEX128	128	8	0	0	61	1	vpextrq rax, xmm1, 61
movement_7185	vpextrq.gpr	VEX128	128	8	0	0	62	1	vpextrq rax, xmm1, 62
movement_7186	vpextrq.gpr	VEX128	128	8	0	0	63	1	vpextrq rax, xmm1, 63
movement_7187	vpextrq.gpr	VEX128	128	8	0	0	64	1	vpextrq rax, xmm1, 64
movement_7188	vpextrq.gpr	VEX128	128	8	0	0	65	1	vpextrq rax, xmm1, 65
movement_7189	vpextrq.gpr	VEX128	128	8	0	0	66	1	vpextrq rax, xmm1, 66
movement_7190	vpextrq.gpr	VEX128	128	8	0	0	67	1	vpextrq rax, xmm1, 67
movement_7191	vpextrq.gpr	VEX128	128	8	0	0	68	1	vpextrq rax, xmm1, 68
movement_7192	vpextrq.gpr	VEX128	128	8	0	0	69	1	vpextrq rax, xmm1, 69
movement_7193	vpextrq.gpr	VEX128	128	8	0	0	70	1	vpextrq rax, xmm1, 70
movement_7194	vpextrq.gpr	VEX128	128	8	0	0	71	1	vpextrq rax, xmm1, 71
movement_7195	vpextrq.gpr	VEX128	128	8	0	0	72	1	vpextrq rax, xmm1, 72
movement_7196	vpextrq.gpr	VEX128	128	8	0	0	73	1	vpextrq rax, xmm1, 73
movement_7197	vpextrq.gpr	VEX128	128	8	0	0	74	1	vpextrq rax, xmm1, 74
movement_7198	vpextrq.gpr	VEX128	128	8	0	0	75	1	vpextrq rax, xmm1, 75
movement_7199	vpextrq.gpr	VEX128	128	8	0	0	76	1	vpextrq rax, xmm1, 76
movement_7200	vpextrq.gpr	VEX128	128	8	0	0	77	1	vpextrq rax, xmm1, 77
movement_7201	vpextrq.gpr	VEX128	128	8	0	0	78	1	vpextrq rax, xmm1, 78
movement_7202	vpextrq.gpr	VEX128	128	8	0	0	79	1	vpextrq rax, xmm1, 79
movement_7203	vpextrq.gpr	VEX128	128	8	0	0	80	1	vpextrq rax, xmm1, 80
movement_7204	vpextrq.gpr	VEX128	128	8	0	0	81	1	vpextrq rax, xmm1, 81
movement_7205	vpextrq.gpr	VEX128	128	8	0	0	82	1	vpextrq rax, xmm1, 82
movement_7206	vpextrq.gpr	VEX128	128	8	0	0	83	1	vpextrq rax, xmm1, 83
movement_7207	vpextrq.gpr	VEX128	128	8	0	0	84	1	vpextrq rax, xmm1, 84
movement_7208	vpextrq.gpr	VEX128	128	8	0	0	85	1	vpextrq rax, xmm1, 85
movement_7209	vpextrq.gpr	VEX128	128	8	0	0	86	1	vpextrq rax, xmm1, 86
movement_7210	vpextrq.gpr	VEX128	128	8	0	0	87	1	vpextrq rax, xmm1, 87
movement_7211	vpextrq.gpr	VEX128	128	8	0	0	88	1	vpextrq rax, xmm1, 88
movement_7212	vpextrq.gpr	VEX128	128	8	0	0	89	1	vpextrq rax, xmm1, 89
movement_7213	vpextrq.gpr	VEX128	128	8	0	0	90	1	vpextrq rax, xmm1, 90
movement_7214	vpextrq.gpr	VEX128	128	8	0	0	91	1	vpextrq rax, xmm1, 91
movement_7215	vpextrq.gpr	VEX128	128	8	0	0	92	1	vpextrq rax, xmm1, 92
movement_7216	vpextrq.gpr	VEX128	128	8	0	0	93	1	vpextrq rax, xmm1, 93
movement_7217	vpextrq.gpr	VEX128	128	8	0	0	94	1	vpextrq rax, xmm1, 94
movement_7218	vpextrq.gpr	VEX128	128	8	0	0	95	1	vpextrq rax, xmm1, 95
movement_7219	vpextrq.gpr	VEX128	128	8	0	0	96	1	vpextrq rax, xmm1, 96
movement_7220	vpextrq.gpr	VEX128	128	8	0	0	97	1	vpextrq rax, xmm1, 97
movement_7221	vpextrq.gpr	VEX128	128	8	0	0	98	1	vpextrq rax, xmm1, 98
movement_7222	vpextrq.gpr	VEX128	128	8	0	0	99	1	vpextrq rax, xmm1, 99
movement_7223	vpextrq.gpr	VEX128	128	8	0	0	100	1	vpextrq rax, xmm1, 100
movement_7224	vpextrq.gpr	VEX128	128	8	0	0	101	1	vpextrq rax, xmm1, 101
movement_7225	vpextrq.gpr	VEX128	128	8	0	0	102	1	vpextrq rax, xmm1, 102
movement_7226	vpextrq.gpr	VEX128	128	8	0	0	103	1	vpextrq rax, xmm1, 103
movement_7227	vpextrq.gpr	VEX128	128	8	0	0	104	1	vpextrq rax, xmm1, 104
movement_7228	vpextrq.gpr	VEX128	128	8	0	0	105	1	vpextrq rax, xmm1, 105
movement_7229	vpextrq.gpr	VEX128	128	8	0	0	106	1	vpextrq rax, xmm1, 106
movement_7230	vpextrq.gpr	VEX128	128	8	0	0	107	1	vpextrq rax, xmm1, 107
movement_7231	vpextrq.gpr	VEX128	128	8	0	0	108	1	vpextrq rax, xmm1, 108
movement_7232	vpextrq.gpr	VEX128	128	8	0	0	109	1	vpextrq rax, xmm1, 109
movement_7233	vpextrq.gpr	VEX128	128	8	0	0	110	1	vpextrq rax, xmm1, 110
movement_7234	vpextrq.gpr	VEX128	128	8	0	0	111	1	vpextrq rax, xmm1, 111
movement_7235	vpextrq.gpr	VEX128	128	8	0	0	112	1	vpextrq rax, xmm1, 112
movement_7236	vpextrq.gpr	VEX128	128	8	0	0	113	1	vpextrq rax, xmm1, 113
movement_7237	vpextrq.gpr	VEX128	128	8	0	0	114	1	vpextrq rax, xmm1, 114
movement_7238	vpextrq.gpr	VEX128	128	8	0	0	115	1	vpextrq rax, xmm1, 115
movement_7239	vpextrq.gpr	VEX128	128	8	0	0	116	1	vpextrq rax, xmm1, 116
movement_7240	vpextrq.gpr	VEX128	128	8	0	0	117	1	vpextrq rax, xmm1, 117
movement_7241	vpextrq.gpr	VEX128	128	8	0	0	118	1	vpextrq rax, xmm1, 118
movement_7242	vpextrq.gpr	VEX128	128	8	0	0	119	1	vpextrq rax, xmm1, 119
movement_7243	vpextrq.gpr	VEX128	128	8	0	0	120	1	vpextrq rax, xmm1, 120
movement_7244	vpextrq.gpr	VEX128	128	8	0	0	121	1	vpextrq rax, xmm1, 121
movement_7245	vpextrq.gpr	VEX128	128	8	0	0	122	1	vpextrq rax, xmm1, 122
movement_7246	vpextrq.gpr	VEX128	128	8	0	0	123	1	vpextrq rax, xmm1, 123
movement_7247	vpextrq.gpr	VEX128	128	8	0	0	124	1	vpextrq rax, xmm1, 124
movement_7248	vpextrq.gpr	VEX128	128	8	0	0	125	1	vpextrq rax, xmm1, 125
movement_7249	vpextrq.gpr	VEX128	128	8	0	0	126	1	vpextrq rax, xmm1, 126
movement_7250	vpextrq.gpr	VEX128	128	8	0	0	127	1	vpextrq rax, xmm1, 127
movement_7251	vpextrq.gpr	VEX128	128	8	0	0	128	1	vpextrq rax, xmm1, 128
movement_7252	vpextrq.gpr	VEX128	128	8	0	0	129	1	vpextrq rax, xmm1, 129
movement_7253	vpextrq.gpr	VEX128	128	8	0	0	130	1	vpextrq rax, xmm1, 130
movement_7254	vpextrq.gpr	VEX128	128	8	0	0	131	1	vpextrq rax, xmm1, 131
movement_7255	vpextrq.gpr	VEX128	128	8	0	0	132	1	vpextrq rax, xmm1, 132
movement_7256	vpextrq.gpr	VEX128	128	8	0	0	133	1	vpextrq rax, xmm1, 133
movement_7257	vpextrq.gpr	VEX128	128	8	0	0	134	1	vpextrq rax, xmm1, 134
movement_7258	vpextrq.gpr	VEX128	128	8	0	0	135	1	vpextrq rax, xmm1, 135
movement_7259	vpextrq.gpr	VEX128	128	8	0	0	136	1	vpextrq rax, xmm1, 136
movement_7260	vpextrq.gpr	VEX128	128	8	0	0	137	1	vpextrq rax, xmm1, 137
movement_7261	vpextrq.gpr	VEX128	128	8	0	0	138	1	vpextrq rax, xmm1, 138
movement_7262	vpextrq.gpr	VEX128	128	8	0	0	139	1	vpextrq rax, xmm1, 139
movement_7263	vpextrq.gpr	VEX128	128	8	0	0	140	1	vpextrq rax, xmm1, 140
movement_7264	vpextrq.gpr	VEX128	128	8	0	0	141	1	vpextrq rax, xmm1, 141
movement_7265	vpextrq.gpr	VEX128	128	8	0	0	142	1	vpextrq rax, xmm1, 142
movement_7266	vpextrq.gpr	VEX128	128	8	0	0	143	1	vpextrq rax, xmm1, 143
movement_7267	vpextrq.gpr	VEX128	128	8	0	0	144	1	vpextrq rax, xmm1, 144
movement_7268	vpextrq.gpr	VEX128	128	8	0	0	145	1	vpextrq rax, xmm1, 145
movement_7269	vpextrq.gpr	VEX128	128	8	0	0	146	1	vpextrq rax, xmm1, 146
movement_7270	vpextrq.gpr	VEX128	128	8	0	0	147	1	vpextrq rax, xmm1, 147
movement_7271	vpextrq.gpr	VEX128	128	8	0	0	148	1	vpextrq rax, xmm1, 148
movement_7272	vpextrq.gpr	VEX128	128	8	0	0	149	1	vpextrq rax, xmm1, 149
movement_7273	vpextrq.gpr	VEX128	128	8	0	0	150	1	vpextrq rax, xmm1, 150
movement_7274	vpextrq.gpr	VEX128	128	8	0	0	151	1	vpextrq rax, xmm1, 151
movement_7275	vpextrq.gpr	VEX128	128	8	0	0	152	1	vpextrq rax, xmm1, 152
movement_7276	vpextrq.gpr	VEX128	128	8	0	0	153	1	vpextrq rax, xmm1, 153
movement_7277	vpextrq.gpr	VEX128	128	8	0	0	154	1	vpextrq rax, xmm1, 154
movement_7278	vpextrq.gpr	VEX128	128	8	0	0	155	1	vpextrq rax, xmm1, 155
movement_7279	vpextrq.gpr	VEX128	128	8	0	0	156	1	vpextrq rax, xmm1, 156
movement_7280	vpextrq.gpr	VEX128	128	8	0	0	157	1	vpextrq rax, xmm1, 157
movement_7281	vpextrq.gpr	VEX128	128	8	0	0	158	1	vpextrq rax, xmm1, 158
movement_7282	vpextrq.gpr	VEX128	128	8	0	0	159	1	vpextrq rax, xmm1, 159
movement_7283	vpextrq.gpr	VEX128	128	8	0	0	160	1	vpextrq rax, xmm1, 160
movement_7284	vpextrq.gpr	VEX128	128	8	0	0	161	1	vpextrq rax, xmm1, 161
movement_7285	vpextrq.gpr	VEX128	128	8	0	0	162	1	vpextrq rax, xmm1, 162
movement_7286	vpextrq.gpr	VEX128	128	8	0	0	163	1	vpextrq rax, xmm1, 163
movement_7287	vpextrq.gpr	VEX128	128	8	0	0	164	1	vpextrq rax, xmm1, 164
movement_7288	vpextrq.gpr	VEX128	128	8	0	0	165	1	vpextrq rax, xmm1, 165
movement_7289	vpextrq.gpr	VEX128	128	8	0	0	166	1	vpextrq rax, xmm1, 166
movement_7290	vpextrq.gpr	VEX128	128	8	0	0	167	1	vpextrq rax, xmm1, 167
movement_7291	vpextrq.gpr	VEX128	128	8	0	0	168	1	vpextrq rax, xmm1, 168
movement_7292	vpextrq.gpr	VEX128	128	8	0	0	169	1	vpextrq rax, xmm1, 169
movement_7293	vpextrq.gpr	VEX128	128	8	0	0	170	1	vpextrq rax, xmm1, 170
movement_7294	vpextrq.gpr	VEX128	128	8	0	0	171	1	vpextrq rax, xmm1, 171
movement_7295	vpextrq.gpr	VEX128	128	8	0	0	172	1	vpextrq rax, xmm1, 172
movement_7296	vpextrq.gpr	VEX128	128	8	0	0	173	1	vpextrq rax, xmm1, 173
movement_7297	vpextrq.gpr	VEX128	128	8	0	0	174	1	vpextrq rax, xmm1, 174
movement_7298	vpextrq.gpr	VEX128	128	8	0	0	175	1	vpextrq rax, xmm1, 175
movement_7299	vpextrq.gpr	VEX128	128	8	0	0	176	1	vpextrq rax, xmm1, 176
movement_7300	vpextrq.gpr	VEX128	128	8	0	0	177	1	vpextrq rax, xmm1, 177
movement_7301	vpextrq.gpr	VEX128	128	8	0	0	178	1	vpextrq rax, xmm1, 178
movement_7302	vpextrq.gpr	VEX128	128	8	0	0	179	1	vpextrq rax, xmm1, 179
movement_7303	vpextrq.gpr	VEX128	128	8	0	0	180	1	vpextrq rax, xmm1, 180
movement_7304	vpextrq.gpr	VEX128	128	8	0	0	181	1	vpextrq rax, xmm1, 181
movement_7305	vpextrq.gpr	VEX128	128	8	0	0	182	1	vpextrq rax, xmm1, 182
movement_7306	vpextrq.gpr	VEX128	128	8	0	0	183	1	vpextrq rax, xmm1, 183
movement_7307	vpextrq.gpr	VEX128	128	8	0	0	184	1	vpextrq rax, xmm1, 184
movement_7308	vpextrq.gpr	VEX128	128	8	0	0	185	1	vpextrq rax, xmm1, 185
movement_7309	vpextrq.gpr	VEX128	128	8	0	0	186	1	vpextrq rax, xmm1, 186
movement_7310	vpextrq.gpr	VEX128	128	8	0	0	187	1	vpextrq rax, xmm1, 187
movement_7311	vpextrq.gpr	VEX128	128	8	0	0	188	1	vpextrq rax, xmm1, 188
movement_7312	vpextrq.gpr	VEX128	128	8	0	0	189	1	vpextrq rax, xmm1, 189
movement_7313	vpextrq.gpr	VEX128	128	8	0	0	190	1	vpextrq rax, xmm1, 190
movement_7314	vpextrq.gpr	VEX128	128	8	0	0	191	1	vpextrq rax, xmm1, 191
movement_7315	vpextrq.gpr	VEX128	128	8	0	0	192	1	vpextrq rax, xmm1, 192
movement_7316	vpextrq.gpr	VEX128	128	8	0	0	193	1	vpextrq rax, xmm1, 193
movement_7317	vpextrq.gpr	VEX128	128	8	0	0	194	1	vpextrq rax, xmm1, 194
movement_7318	vpextrq.gpr	VEX128	128	8	0	0	195	1	vpextrq rax, xmm1, 195
movement_7319	vpextrq.gpr	VEX128	128	8	0	0	196	1	vpextrq rax, xmm1, 196
movement_7320	vpextrq.gpr	VEX128	128	8	0	0	197	1	vpextrq rax, xmm1, 197
movement_7321	vpextrq.gpr	VEX128	128	8	0	0	198	1	vpextrq rax, xmm1, 198
movement_7322	vpextrq.gpr	VEX128	128	8	0	0	199	1	vpextrq rax, xmm1, 199
movement_7323	vpextrq.gpr	VEX128	128	8	0	0	200	1	vpextrq rax, xmm1, 200
movement_7324	vpextrq.gpr	VEX128	128	8	0	0	201	1	vpextrq rax, xmm1, 201
movement_7325	vpextrq.gpr	VEX128	128	8	0	0	202	1	vpextrq rax, xmm1, 202
movement_7326	vpextrq.gpr	VEX128	128	8	0	0	203	1	vpextrq rax, xmm1, 203
movement_7327	vpextrq.gpr	VEX128	128	8	0	0	204	1	vpextrq rax, xmm1, 204
movement_7328	vpextrq.gpr	VEX128	128	8	0	0	205	1	vpextrq rax, xmm1, 205
movement_7329	vpextrq.gpr	VEX128	128	8	0	0	206	1	vpextrq rax, xmm1, 206
movement_7330	vpextrq.gpr	VEX128	128	8	0	0	207	1	vpextrq rax, xmm1, 207
movement_7331	vpextrq.gpr	VEX128	128	8	0	0	208	1	vpextrq rax, xmm1, 208
movement_7332	vpextrq.gpr	VEX128	128	8	0	0	209	1	vpextrq rax, xmm1, 209
movement_7333	vpextrq.gpr	VEX128	128	8	0	0	210	1	vpextrq rax, xmm1, 210
movement_7334	vpextrq.gpr	VEX128	128	8	0	0	211	1	vpextrq rax, xmm1, 211
movement_7335	vpextrq.gpr	VEX128	128	8	0	0	212	1	vpextrq rax, xmm1, 212
movement_7336	vpextrq.gpr	VEX128	128	8	0	0	213	1	vpextrq rax, xmm1, 213
movement_7337	vpextrq.gpr	VEX128	128	8	0	0	214	1	vpextrq rax, xmm1, 214
movement_7338	vpextrq.gpr	VEX128	128	8	0	0	215	1	vpextrq rax, xmm1, 215
movement_7339	vpextrq.gpr	VEX128	128	8	0	0	216	1	vpextrq rax, xmm1, 216
movement_7340	vpextrq.gpr	VEX128	128	8	0	0	217	1	vpextrq rax, xmm1, 217
movement_7341	vpextrq.gpr	VEX128	128	8	0	0	218	1	vpextrq rax, xmm1, 218
movement_7342	vpextrq.gpr	VEX128	128	8	0	0	219	1	vpextrq rax, xmm1, 219
movement_7343	vpextrq.gpr	VEX128	128	8	0	0	220	1	vpextrq rax, xmm1, 220
movement_7344	vpextrq.gpr	VEX128	128	8	0	0	221	1	vpextrq rax, xmm1, 221
movement_7345	vpextrq.gpr	VEX128	128	8	0	0	222	1	vpextrq rax, xmm1, 222
movement_7346	vpextrq.gpr	VEX128	128	8	0	0	223	1	vpextrq rax, xmm1, 223
movement_7347	vpextrq.gpr	VEX128	128	8	0	0	224	1	vpextrq rax, xmm1, 224
movement_7348	vpextrq.gpr	VEX128	128	8	0	0	225	1	vpextrq rax, xmm1, 225
movement_7349	vpextrq.gpr	VEX128	128	8	0	0	226	1	vpextrq rax, xmm1, 226
movement_7350	vpextrq.gpr	VEX128	128	8	0	0	227	1	vpextrq rax, xmm1, 227
movement_7351	vpextrq.gpr	VEX128	128	8	0	0	228	1	vpextrq rax, xmm1, 228
movement_7352	vpextrq.gpr	VEX128	128	8	0	0	229	1	vpextrq rax, xmm1, 229
movement_7353	vpextrq.gpr	VEX128	128	8	0	0	230	1	vpextrq rax, xmm1, 230
movement_7354	vpextrq.gpr	VEX128	128	8	0	0	231	1	vpextrq rax, xmm1, 231
movement_7355	vpextrq.gpr	VEX128	128	8	0	0	232	1	vpextrq rax, xmm1, 232
movement_7356	vpextrq.gpr	VEX128	128	8	0	0	233	1	vpextrq rax, xmm1, 233
movement_7357	vpextrq.gpr	VEX128	128	8	0	0	234	1	vpextrq rax, xmm1, 234
movement_7358	vpextrq.gpr	VEX128	128	8	0	0	235	1	vpextrq rax, xmm1, 235
movement_7359	vpextrq.gpr	VEX128	128	8	0	0	236	1	vpextrq rax, xmm1, 236
movement_7360	vpextrq.gpr	VEX128	128	8	0	0	237	1	vpextrq rax, xmm1, 237
movement_7361	vpextrq.gpr	VEX128	128	8	0	0	238	1	vpextrq rax, xmm1, 238
movement_7362	vpextrq.gpr	VEX128	128	8	0	0	239	1	vpextrq rax, xmm1, 239
movement_7363	vpextrq.gpr	VEX128	128	8	0	0	240	1	vpextrq rax, xmm1, 240
movement_7364	vpextrq.gpr	VEX128	128	8	0	0	241	1	vpextrq rax, xmm1, 241
movement_7365	vpextrq.gpr	VEX128	128	8	0	0	242	1	vpextrq rax, xmm1, 242
movement_7366	vpextrq.gpr	VEX128	128	8	0	0	243	1	vpextrq rax, xmm1, 243
movement_7367	vpextrq.gpr	VEX128	128	8	0	0	244	1	vpextrq rax, xmm1, 244
movement_7368	vpextrq.gpr	VEX128	128	8	0	0	245	1	vpextrq rax, xmm1, 245
movement_7369	vpextrq.gpr	VEX128	128	8	0	0	246	1	vpextrq rax, xmm1, 246
movement_7370	vpextrq.gpr	VEX128	128	8	0	0	247	1	vpextrq rax, xmm1, 247
movement_7371	vpextrq.gpr	VEX128	128	8	0	0	248	1	vpextrq rax, xmm1, 248
movement_7372	vpextrq.gpr	VEX128	128	8	0	0	249	1	vpextrq rax, xmm1, 249
movement_7373	vpextrq.gpr	VEX128	128	8	0	0	250	1	vpextrq rax, xmm1, 250
movement_7374	vpextrq.gpr	VEX128	128	8	0	0	251	1	vpextrq rax, xmm1, 251
movement_7375	vpextrq.gpr	VEX128	128	8	0	0	252	1	vpextrq rax, xmm1, 252
movement_7376	vpextrq.gpr	VEX128	128	8	0	0	253	1	vpextrq rax, xmm1, 253
movement_7377	vpextrq.gpr	VEX128	128	8	0	0	254	1	vpextrq rax, xmm1, 254
movement_7378	vpextrq.gpr	VEX128	128	8	0	0	255	1	vpextrq rax, xmm1, 255
movement_7379	vpextrq.mem	VEX128	128	8	0	2	0	1	vpextrq [rsi], xmm1, 0
movement_7380	vpextrq.mem	VEX128	128	8	0	2	1	1	vpextrq [rsi], xmm1, 1
movement_7381	vpextrq.mem	VEX128	128	8	0	2	2	1	vpextrq [rsi], xmm1, 2
movement_7382	vpextrq.mem	VEX128	128	8	0	2	3	1	vpextrq [rsi], xmm1, 3
movement_7383	vpextrq.mem	VEX128	128	8	0	2	4	1	vpextrq [rsi], xmm1, 4
movement_7384	vpextrq.mem	VEX128	128	8	0	2	5	1	vpextrq [rsi], xmm1, 5
movement_7385	vpextrq.mem	VEX128	128	8	0	2	6	1	vpextrq [rsi], xmm1, 6
movement_7386	vpextrq.mem	VEX128	128	8	0	2	7	1	vpextrq [rsi], xmm1, 7
movement_7387	vpextrq.mem	VEX128	128	8	0	2	8	1	vpextrq [rsi], xmm1, 8
movement_7388	vpextrq.mem	VEX128	128	8	0	2	9	1	vpextrq [rsi], xmm1, 9
movement_7389	vpextrq.mem	VEX128	128	8	0	2	10	1	vpextrq [rsi], xmm1, 10
movement_7390	vpextrq.mem	VEX128	128	8	0	2	11	1	vpextrq [rsi], xmm1, 11
movement_7391	vpextrq.mem	VEX128	128	8	0	2	12	1	vpextrq [rsi], xmm1, 12
movement_7392	vpextrq.mem	VEX128	128	8	0	2	13	1	vpextrq [rsi], xmm1, 13
movement_7393	vpextrq.mem	VEX128	128	8	0	2	14	1	vpextrq [rsi], xmm1, 14
movement_7394	vpextrq.mem	VEX128	128	8	0	2	15	1	vpextrq [rsi], xmm1, 15
movement_7395	vpextrq.mem	VEX128	128	8	0	2	16	1	vpextrq [rsi], xmm1, 16
movement_7396	vpextrq.mem	VEX128	128	8	0	2	17	1	vpextrq [rsi], xmm1, 17
movement_7397	vpextrq.mem	VEX128	128	8	0	2	18	1	vpextrq [rsi], xmm1, 18
movement_7398	vpextrq.mem	VEX128	128	8	0	2	19	1	vpextrq [rsi], xmm1, 19
movement_7399	vpextrq.mem	VEX128	128	8	0	2	20	1	vpextrq [rsi], xmm1, 20
movement_7400	vpextrq.mem	VEX128	128	8	0	2	21	1	vpextrq [rsi], xmm1, 21
movement_7401	vpextrq.mem	VEX128	128	8	0	2	22	1	vpextrq [rsi], xmm1, 22
movement_7402	vpextrq.mem	VEX128	128	8	0	2	23	1	vpextrq [rsi], xmm1, 23
movement_7403	vpextrq.mem	VEX128	128	8	0	2	24	1	vpextrq [rsi], xmm1, 24
movement_7404	vpextrq.mem	VEX128	128	8	0	2	25	1	vpextrq [rsi], xmm1, 25
movement_7405	vpextrq.mem	VEX128	128	8	0	2	26	1	vpextrq [rsi], xmm1, 26
movement_7406	vpextrq.mem	VEX128	128	8	0	2	27	1	vpextrq [rsi], xmm1, 27
movement_7407	vpextrq.mem	VEX128	128	8	0	2	28	1	vpextrq [rsi], xmm1, 28
movement_7408	vpextrq.mem	VEX128	128	8	0	2	29	1	vpextrq [rsi], xmm1, 29
movement_7409	vpextrq.mem	VEX128	128	8	0	2	30	1	vpextrq [rsi], xmm1, 30
movement_7410	vpextrq.mem	VEX128	128	8	0	2	31	1	vpextrq [rsi], xmm1, 31
movement_7411	vpextrq.mem	VEX128	128	8	0	2	32	1	vpextrq [rsi], xmm1, 32
movement_7412	vpextrq.mem	VEX128	128	8	0	2	33	1	vpextrq [rsi], xmm1, 33
movement_7413	vpextrq.mem	VEX128	128	8	0	2	34	1	vpextrq [rsi], xmm1, 34
movement_7414	vpextrq.mem	VEX128	128	8	0	2	35	1	vpextrq [rsi], xmm1, 35
movement_7415	vpextrq.mem	VEX128	128	8	0	2	36	1	vpextrq [rsi], xmm1, 36
movement_7416	vpextrq.mem	VEX128	128	8	0	2	37	1	vpextrq [rsi], xmm1, 37
movement_7417	vpextrq.mem	VEX128	128	8	0	2	38	1	vpextrq [rsi], xmm1, 38
movement_7418	vpextrq.mem	VEX128	128	8	0	2	39	1	vpextrq [rsi], xmm1, 39
movement_7419	vpextrq.mem	VEX128	128	8	0	2	40	1	vpextrq [rsi], xmm1, 40
movement_7420	vpextrq.mem	VEX128	128	8	0	2	41	1	vpextrq [rsi], xmm1, 41
movement_7421	vpextrq.mem	VEX128	128	8	0	2	42	1	vpextrq [rsi], xmm1, 42
movement_7422	vpextrq.mem	VEX128	128	8	0	2	43	1	vpextrq [rsi], xmm1, 43
movement_7423	vpextrq.mem	VEX128	128	8	0	2	44	1	vpextrq [rsi], xmm1, 44
movement_7424	vpextrq.mem	VEX128	128	8	0	2	45	1	vpextrq [rsi], xmm1, 45
movement_7425	vpextrq.mem	VEX128	128	8	0	2	46	1	vpextrq [rsi], xmm1, 46
movement_7426	vpextrq.mem	VEX128	128	8	0	2	47	1	vpextrq [rsi], xmm1, 47
movement_7427	vpextrq.mem	VEX128	128	8	0	2	48	1	vpextrq [rsi], xmm1, 48
movement_7428	vpextrq.mem	VEX128	128	8	0	2	49	1	vpextrq [rsi], xmm1, 49
movement_7429	vpextrq.mem	VEX128	128	8	0	2	50	1	vpextrq [rsi], xmm1, 50
movement_7430	vpextrq.mem	VEX128	128	8	0	2	51	1	vpextrq [rsi], xmm1, 51
movement_7431	vpextrq.mem	VEX128	128	8	0	2	52	1	vpextrq [rsi], xmm1, 52
movement_7432	vpextrq.mem	VEX128	128	8	0	2	53	1	vpextrq [rsi], xmm1, 53
movement_7433	vpextrq.mem	VEX128	128	8	0	2	54	1	vpextrq [rsi], xmm1, 54
movement_7434	vpextrq.mem	VEX128	128	8	0	2	55	1	vpextrq [rsi], xmm1, 55
movement_7435	vpextrq.mem	VEX128	128	8	0	2	56	1	vpextrq [rsi], xmm1, 56
movement_7436	vpextrq.mem	VEX128	128	8	0	2	57	1	vpextrq [rsi], xmm1, 57
movement_7437	vpextrq.mem	VEX128	128	8	0	2	58	1	vpextrq [rsi], xmm1, 58
movement_7438	vpextrq.mem	VEX128	128	8	0	2	59	1	vpextrq [rsi], xmm1, 59
movement_7439	vpextrq.mem	VEX128	128	8	0	2	60	1	vpextrq [rsi], xmm1, 60
movement_7440	vpextrq.mem	VEX128	128	8	0	2	61	1	vpextrq [rsi], xmm1, 61
movement_7441	vpextrq.mem	VEX128	128	8	0	2	62	1	vpextrq [rsi], xmm1, 62
movement_7442	vpextrq.mem	VEX128	128	8	0	2	63	1	vpextrq [rsi], xmm1, 63
movement_7443	vpextrq.mem	VEX128	128	8	0	2	64	1	vpextrq [rsi], xmm1, 64
movement_7444	vpextrq.mem	VEX128	128	8	0	2	65	1	vpextrq [rsi], xmm1, 65
movement_7445	vpextrq.mem	VEX128	128	8	0	2	66	1	vpextrq [rsi], xmm1, 66
movement_7446	vpextrq.mem	VEX128	128	8	0	2	67	1	vpextrq [rsi], xmm1, 67
movement_7447	vpextrq.mem	VEX128	128	8	0	2	68	1	vpextrq [rsi], xmm1, 68
movement_7448	vpextrq.mem	VEX128	128	8	0	2	69	1	vpextrq [rsi], xmm1, 69
movement_7449	vpextrq.mem	VEX128	128	8	0	2	70	1	vpextrq [rsi], xmm1, 70
movement_7450	vpextrq.mem	VEX128	128	8	0	2	71	1	vpextrq [rsi], xmm1, 71
movement_7451	vpextrq.mem	VEX128	128	8	0	2	72	1	vpextrq [rsi], xmm1, 72
movement_7452	vpextrq.mem	VEX128	128	8	0	2	73	1	vpextrq [rsi], xmm1, 73
movement_7453	vpextrq.mem	VEX128	128	8	0	2	74	1	vpextrq [rsi], xmm1, 74
movement_7454	vpextrq.mem	VEX128	128	8	0	2	75	1	vpextrq [rsi], xmm1, 75
movement_7455	vpextrq.mem	VEX128	128	8	0	2	76	1	vpextrq [rsi], xmm1, 76
movement_7456	vpextrq.mem	VEX128	128	8	0	2	77	1	vpextrq [rsi], xmm1, 77
movement_7457	vpextrq.mem	VEX128	128	8	0	2	78	1	vpextrq [rsi], xmm1, 78
movement_7458	vpextrq.mem	VEX128	128	8	0	2	79	1	vpextrq [rsi], xmm1, 79
movement_7459	vpextrq.mem	VEX128	128	8	0	2	80	1	vpextrq [rsi], xmm1, 80
movement_7460	vpextrq.mem	VEX128	128	8	0	2	81	1	vpextrq [rsi], xmm1, 81
movement_7461	vpextrq.mem	VEX128	128	8	0	2	82	1	vpextrq [rsi], xmm1, 82
movement_7462	vpextrq.mem	VEX128	128	8	0	2	83	1	vpextrq [rsi], xmm1, 83
movement_7463	vpextrq.mem	VEX128	128	8	0	2	84	1	vpextrq [rsi], xmm1, 84
movement_7464	vpextrq.mem	VEX128	128	8	0	2	85	1	vpextrq [rsi], xmm1, 85
movement_7465	vpextrq.mem	VEX128	128	8	0	2	86	1	vpextrq [rsi], xmm1, 86
movement_7466	vpextrq.mem	VEX128	128	8	0	2	87	1	vpextrq [rsi], xmm1, 87
movement_7467	vpextrq.mem	VEX128	128	8	0	2	88	1	vpextrq [rsi], xmm1, 88
movement_7468	vpextrq.mem	VEX128	128	8	0	2	89	1	vpextrq [rsi], xmm1, 89
movement_7469	vpextrq.mem	VEX128	128	8	0	2	90	1	vpextrq [rsi], xmm1, 90
movement_7470	vpextrq.mem	VEX128	128	8	0	2	91	1	vpextrq [rsi], xmm1, 91
movement_7471	vpextrq.mem	VEX128	128	8	0	2	92	1	vpextrq [rsi], xmm1, 92
movement_7472	vpextrq.mem	VEX128	128	8	0	2	93	1	vpextrq [rsi], xmm1, 93
movement_7473	vpextrq.mem	VEX128	128	8	0	2	94	1	vpextrq [rsi], xmm1, 94
movement_7474	vpextrq.mem	VEX128	128	8	0	2	95	1	vpextrq [rsi], xmm1, 95
movement_7475	vpextrq.mem	VEX128	128	8	0	2	96	1	vpextrq [rsi], xmm1, 96
movement_7476	vpextrq.mem	VEX128	128	8	0	2	97	1	vpextrq [rsi], xmm1, 97
movement_7477	vpextrq.mem	VEX128	128	8	0	2	98	1	vpextrq [rsi], xmm1, 98
movement_7478	vpextrq.mem	VEX128	128	8	0	2	99	1	vpextrq [rsi], xmm1, 99
movement_7479	vpextrq.mem	VEX128	128	8	0	2	100	1	vpextrq [rsi], xmm1, 100
movement_7480	vpextrq.mem	VEX128	128	8	0	2	101	1	vpextrq [rsi], xmm1, 101
movement_7481	vpextrq.mem	VEX128	128	8	0	2	102	1	vpextrq [rsi], xmm1, 102
movement_7482	vpextrq.mem	VEX128	128	8	0	2	103	1	vpextrq [rsi], xmm1, 103
movement_7483	vpextrq.mem	VEX128	128	8	0	2	104	1	vpextrq [rsi], xmm1, 104
movement_7484	vpextrq.mem	VEX128	128	8	0	2	105	1	vpextrq [rsi], xmm1, 105
movement_7485	vpextrq.mem	VEX128	128	8	0	2	106	1	vpextrq [rsi], xmm1, 106
movement_7486	vpextrq.mem	VEX128	128	8	0	2	107	1	vpextrq [rsi], xmm1, 107
movement_7487	vpextrq.mem	VEX128	128	8	0	2	108	1	vpextrq [rsi], xmm1, 108
movement_7488	vpextrq.mem	VEX128	128	8	0	2	109	1	vpextrq [rsi], xmm1, 109
movement_7489	vpextrq.mem	VEX128	128	8	0	2	110	1	vpextrq [rsi], xmm1, 110
movement_7490	vpextrq.mem	VEX128	128	8	0	2	111	1	vpextrq [rsi], xmm1, 111
movement_7491	vpextrq.mem	VEX128	128	8	0	2	112	1	vpextrq [rsi], xmm1, 112
movement_7492	vpextrq.mem	VEX128	128	8	0	2	113	1	vpextrq [rsi], xmm1, 113
movement_7493	vpextrq.mem	VEX128	128	8	0	2	114	1	vpextrq [rsi], xmm1, 114
movement_7494	vpextrq.mem	VEX128	128	8	0	2	115	1	vpextrq [rsi], xmm1, 115
movement_7495	vpextrq.mem	VEX128	128	8	0	2	116	1	vpextrq [rsi], xmm1, 116
movement_7496	vpextrq.mem	VEX128	128	8	0	2	117	1	vpextrq [rsi], xmm1, 117
movement_7497	vpextrq.mem	VEX128	128	8	0	2	118	1	vpextrq [rsi], xmm1, 118
movement_7498	vpextrq.mem	VEX128	128	8	0	2	119	1	vpextrq [rsi], xmm1, 119
movement_7499	vpextrq.mem	VEX128	128	8	0	2	120	1	vpextrq [rsi], xmm1, 120
movement_7500	vpextrq.mem	VEX128	128	8	0	2	121	1	vpextrq [rsi], xmm1, 121
movement_7501	vpextrq.mem	VEX128	128	8	0	2	122	1	vpextrq [rsi], xmm1, 122
movement_7502	vpextrq.mem	VEX128	128	8	0	2	123	1	vpextrq [rsi], xmm1, 123
movement_7503	vpextrq.mem	VEX128	128	8	0	2	124	1	vpextrq [rsi], xmm1, 124
movement_7504	vpextrq.mem	VEX128	128	8	0	2	125	1	vpextrq [rsi], xmm1, 125
movement_7505	vpextrq.mem	VEX128	128	8	0	2	126	1	vpextrq [rsi], xmm1, 126
movement_7506	vpextrq.mem	VEX128	128	8	0	2	127	1	vpextrq [rsi], xmm1, 127
movement_7507	vpextrq.mem	VEX128	128	8	0	2	128	1	vpextrq [rsi], xmm1, 128
movement_7508	vpextrq.mem	VEX128	128	8	0	2	129	1	vpextrq [rsi], xmm1, 129
movement_7509	vpextrq.mem	VEX128	128	8	0	2	130	1	vpextrq [rsi], xmm1, 130
movement_7510	vpextrq.mem	VEX128	128	8	0	2	131	1	vpextrq [rsi], xmm1, 131
movement_7511	vpextrq.mem	VEX128	128	8	0	2	132	1	vpextrq [rsi], xmm1, 132
movement_7512	vpextrq.mem	VEX128	128	8	0	2	133	1	vpextrq [rsi], xmm1, 133
movement_7513	vpextrq.mem	VEX128	128	8	0	2	134	1	vpextrq [rsi], xmm1, 134
movement_7514	vpextrq.mem	VEX128	128	8	0	2	135	1	vpextrq [rsi], xmm1, 135
movement_7515	vpextrq.mem	VEX128	128	8	0	2	136	1	vpextrq [rsi], xmm1, 136
movement_7516	vpextrq.mem	VEX128	128	8	0	2	137	1	vpextrq [rsi], xmm1, 137
movement_7517	vpextrq.mem	VEX128	128	8	0	2	138	1	vpextrq [rsi], xmm1, 138
movement_7518	vpextrq.mem	VEX128	128	8	0	2	139	1	vpextrq [rsi], xmm1, 139
movement_7519	vpextrq.mem	VEX128	128	8	0	2	140	1	vpextrq [rsi], xmm1, 140
movement_7520	vpextrq.mem	VEX128	128	8	0	2	141	1	vpextrq [rsi], xmm1, 141
movement_7521	vpextrq.mem	VEX128	128	8	0	2	142	1	vpextrq [rsi], xmm1, 142
movement_7522	vpextrq.mem	VEX128	128	8	0	2	143	1	vpextrq [rsi], xmm1, 143
movement_7523	vpextrq.mem	VEX128	128	8	0	2	144	1	vpextrq [rsi], xmm1, 144
movement_7524	vpextrq.mem	VEX128	128	8	0	2	145	1	vpextrq [rsi], xmm1, 145
movement_7525	vpextrq.mem	VEX128	128	8	0	2	146	1	vpextrq [rsi], xmm1, 146
movement_7526	vpextrq.mem	VEX128	128	8	0	2	147	1	vpextrq [rsi], xmm1, 147
movement_7527	vpextrq.mem	VEX128	128	8	0	2	148	1	vpextrq [rsi], xmm1, 148
movement_7528	vpextrq.mem	VEX128	128	8	0	2	149	1	vpextrq [rsi], xmm1, 149
movement_7529	vpextrq.mem	VEX128	128	8	0	2	150	1	vpextrq [rsi], xmm1, 150
movement_7530	vpextrq.mem	VEX128	128	8	0	2	151	1	vpextrq [rsi], xmm1, 151
movement_7531	vpextrq.mem	VEX128	128	8	0	2	152	1	vpextrq [rsi], xmm1, 152
movement_7532	vpextrq.mem	VEX128	128	8	0	2	153	1	vpextrq [rsi], xmm1, 153
movement_7533	vpextrq.mem	VEX128	128	8	0	2	154	1	vpextrq [rsi], xmm1, 154
movement_7534	vpextrq.mem	VEX128	128	8	0	2	155	1	vpextrq [rsi], xmm1, 155
movement_7535	vpextrq.mem	VEX128	128	8	0	2	156	1	vpextrq [rsi], xmm1, 156
movement_7536	vpextrq.mem	VEX128	128	8	0	2	157	1	vpextrq [rsi], xmm1, 157
movement_7537	vpextrq.mem	VEX128	128	8	0	2	158	1	vpextrq [rsi], xmm1, 158
movement_7538	vpextrq.mem	VEX128	128	8	0	2	159	1	vpextrq [rsi], xmm1, 159
movement_7539	vpextrq.mem	VEX128	128	8	0	2	160	1	vpextrq [rsi], xmm1, 160
movement_7540	vpextrq.mem	VEX128	128	8	0	2	161	1	vpextrq [rsi], xmm1, 161
movement_7541	vpextrq.mem	VEX128	128	8	0	2	162	1	vpextrq [rsi], xmm1, 162
movement_7542	vpextrq.mem	VEX128	128	8	0	2	163	1	vpextrq [rsi], xmm1, 163
movement_7543	vpextrq.mem	VEX128	128	8	0	2	164	1	vpextrq [rsi], xmm1, 164
movement_7544	vpextrq.mem	VEX128	128	8	0	2	165	1	vpextrq [rsi], xmm1, 165
movement_7545	vpextrq.mem	VEX128	128	8	0	2	166	1	vpextrq [rsi], xmm1, 166
movement_7546	vpextrq.mem	VEX128	128	8	0	2	167	1	vpextrq [rsi], xmm1, 167
movement_7547	vpextrq.mem	VEX128	128	8	0	2	168	1	vpextrq [rsi], xmm1, 168
movement_7548	vpextrq.mem	VEX128	128	8	0	2	169	1	vpextrq [rsi], xmm1, 169
movement_7549	vpextrq.mem	VEX128	128	8	0	2	170	1	vpextrq [rsi], xmm1, 170
movement_7550	vpextrq.mem	VEX128	128	8	0	2	171	1	vpextrq [rsi], xmm1, 171
movement_7551	vpextrq.mem	VEX128	128	8	0	2	172	1	vpextrq [rsi], xmm1, 172
movement_7552	vpextrq.mem	VEX128	128	8	0	2	173	1	vpextrq [rsi], xmm1, 173
movement_7553	vpextrq.mem	VEX128	128	8	0	2	174	1	vpextrq [rsi], xmm1, 174
movement_7554	vpextrq.mem	VEX128	128	8	0	2	175	1	vpextrq [rsi], xmm1, 175
movement_7555	vpextrq.mem	VEX128	128	8	0	2	176	1	vpextrq [rsi], xmm1, 176
movement_7556	vpextrq.mem	VEX128	128	8	0	2	177	1	vpextrq [rsi], xmm1, 177
movement_7557	vpextrq.mem	VEX128	128	8	0	2	178	1	vpextrq [rsi], xmm1, 178
movement_7558	vpextrq.mem	VEX128	128	8	0	2	179	1	vpextrq [rsi], xmm1, 179
movement_7559	vpextrq.mem	VEX128	128	8	0	2	180	1	vpextrq [rsi], xmm1, 180
movement_7560	vpextrq.mem	VEX128	128	8	0	2	181	1	vpextrq [rsi], xmm1, 181
movement_7561	vpextrq.mem	VEX128	128	8	0	2	182	1	vpextrq [rsi], xmm1, 182
movement_7562	vpextrq.mem	VEX128	128	8	0	2	183	1	vpextrq [rsi], xmm1, 183
movement_7563	vpextrq.mem	VEX128	128	8	0	2	184	1	vpextrq [rsi], xmm1, 184
movement_7564	vpextrq.mem	VEX128	128	8	0	2	185	1	vpextrq [rsi], xmm1, 185
movement_7565	vpextrq.mem	VEX128	128	8	0	2	186	1	vpextrq [rsi], xmm1, 186
movement_7566	vpextrq.mem	VEX128	128	8	0	2	187	1	vpextrq [rsi], xmm1, 187
movement_7567	vpextrq.mem	VEX128	128	8	0	2	188	1	vpextrq [rsi], xmm1, 188
movement_7568	vpextrq.mem	VEX128	128	8	0	2	189	1	vpextrq [rsi], xmm1, 189
movement_7569	vpextrq.mem	VEX128	128	8	0	2	190	1	vpextrq [rsi], xmm1, 190
movement_7570	vpextrq.mem	VEX128	128	8	0	2	191	1	vpextrq [rsi], xmm1, 191
movement_7571	vpextrq.mem	VEX128	128	8	0	2	192	1	vpextrq [rsi], xmm1, 192
movement_7572	vpextrq.mem	VEX128	128	8	0	2	193	1	vpextrq [rsi], xmm1, 193
movement_7573	vpextrq.mem	VEX128	128	8	0	2	194	1	vpextrq [rsi], xmm1, 194
movement_7574	vpextrq.mem	VEX128	128	8	0	2	195	1	vpextrq [rsi], xmm1, 195
movement_7575	vpextrq.mem	VEX128	128	8	0	2	196	1	vpextrq [rsi], xmm1, 196
movement_7576	vpextrq.mem	VEX128	128	8	0	2	197	1	vpextrq [rsi], xmm1, 197
movement_7577	vpextrq.mem	VEX128	128	8	0	2	198	1	vpextrq [rsi], xmm1, 198
movement_7578	vpextrq.mem	VEX128	128	8	0	2	199	1	vpextrq [rsi], xmm1, 199
movement_7579	vpextrq.mem	VEX128	128	8	0	2	200	1	vpextrq [rsi], xmm1, 200
movement_7580	vpextrq.mem	VEX128	128	8	0	2	201	1	vpextrq [rsi], xmm1, 201
movement_7581	vpextrq.mem	VEX128	128	8	0	2	202	1	vpextrq [rsi], xmm1, 202
movement_7582	vpextrq.mem	VEX128	128	8	0	2	203	1	vpextrq [rsi], xmm1, 203
movement_7583	vpextrq.mem	VEX128	128	8	0	2	204	1	vpextrq [rsi], xmm1, 204
movement_7584	vpextrq.mem	VEX128	128	8	0	2	205	1	vpextrq [rsi], xmm1, 205
movement_7585	vpextrq.mem	VEX128	128	8	0	2	206	1	vpextrq [rsi], xmm1, 206
movement_7586	vpextrq.mem	VEX128	128	8	0	2	207	1	vpextrq [rsi], xmm1, 207
movement_7587	vpextrq.mem	VEX128	128	8	0	2	208	1	vpextrq [rsi], xmm1, 208
movement_7588	vpextrq.mem	VEX128	128	8	0	2	209	1	vpextrq [rsi], xmm1, 209
movement_7589	vpextrq.mem	VEX128	128	8	0	2	210	1	vpextrq [rsi], xmm1, 210
movement_7590	vpextrq.mem	VEX128	128	8	0	2	211	1	vpextrq [rsi], xmm1, 211
movement_7591	vpextrq.mem	VEX128	128	8	0	2	212	1	vpextrq [rsi], xmm1, 212
movement_7592	vpextrq.mem	VEX128	128	8	0	2	213	1	vpextrq [rsi], xmm1, 213
movement_7593	vpextrq.mem	VEX128	128	8	0	2	214	1	vpextrq [rsi], xmm1, 214
movement_7594	vpextrq.mem	VEX128	128	8	0	2	215	1	vpextrq [rsi], xmm1, 215
movement_7595	vpextrq.mem	VEX128	128	8	0	2	216	1	vpextrq [rsi], xmm1, 216
movement_7596	vpextrq.mem	VEX128	128	8	0	2	217	1	vpextrq [rsi], xmm1, 217
movement_7597	vpextrq.mem	VEX128	128	8	0	2	218	1	vpextrq [rsi], xmm1, 218
movement_7598	vpextrq.mem	VEX128	128	8	0	2	219	1	vpextrq [rsi], xmm1, 219
movement_7599	vpextrq.mem	VEX128	128	8	0	2	220	1	vpextrq [rsi], xmm1, 220
movement_7600	vpextrq.mem	VEX128	128	8	0	2	221	1	vpextrq [rsi], xmm1, 221
movement_7601	vpextrq.mem	VEX128	128	8	0	2	222	1	vpextrq [rsi], xmm1, 222
movement_7602	vpextrq.mem	VEX128	128	8	0	2	223	1	vpextrq [rsi], xmm1, 223
movement_7603	vpextrq.mem	VEX128	128	8	0	2	224	1	vpextrq [rsi], xmm1, 224
movement_7604	vpextrq.mem	VEX128	128	8	0	2	225	1	vpextrq [rsi], xmm1, 225
movement_7605	vpextrq.mem	VEX128	128	8	0	2	226	1	vpextrq [rsi], xmm1, 226
movement_7606	vpextrq.mem	VEX128	128	8	0	2	227	1	vpextrq [rsi], xmm1, 227
movement_7607	vpextrq.mem	VEX128	128	8	0	2	228	1	vpextrq [rsi], xmm1, 228
movement_7608	vpextrq.mem	VEX128	128	8	0	2	229	1	vpextrq [rsi], xmm1, 229
movement_7609	vpextrq.mem	VEX128	128	8	0	2	230	1	vpextrq [rsi], xmm1, 230
movement_7610	vpextrq.mem	VEX128	128	8	0	2	231	1	vpextrq [rsi], xmm1, 231
movement_7611	vpextrq.mem	VEX128	128	8	0	2	232	1	vpextrq [rsi], xmm1, 232
movement_7612	vpextrq.mem	VEX128	128	8	0	2	233	1	vpextrq [rsi], xmm1, 233
movement_7613	vpextrq.mem	VEX128	128	8	0	2	234	1	vpextrq [rsi], xmm1, 234
movement_7614	vpextrq.mem	VEX128	128	8	0	2	235	1	vpextrq [rsi], xmm1, 235
movement_7615	vpextrq.mem	VEX128	128	8	0	2	236	1	vpextrq [rsi], xmm1, 236
movement_7616	vpextrq.mem	VEX128	128	8	0	2	237	1	vpextrq [rsi], xmm1, 237
movement_7617	vpextrq.mem	VEX128	128	8	0	2	238	1	vpextrq [rsi], xmm1, 238
movement_7618	vpextrq.mem	VEX128	128	8	0	2	239	1	vpextrq [rsi], xmm1, 239
movement_7619	vpextrq.mem	VEX128	128	8	0	2	240	1	vpextrq [rsi], xmm1, 240
movement_7620	vpextrq.mem	VEX128	128	8	0	2	241	1	vpextrq [rsi], xmm1, 241
movement_7621	vpextrq.mem	VEX128	128	8	0	2	242	1	vpextrq [rsi], xmm1, 242
movement_7622	vpextrq.mem	VEX128	128	8	0	2	243	1	vpextrq [rsi], xmm1, 243
movement_7623	vpextrq.mem	VEX128	128	8	0	2	244	1	vpextrq [rsi], xmm1, 244
movement_7624	vpextrq.mem	VEX128	128	8	0	2	245	1	vpextrq [rsi], xmm1, 245
movement_7625	vpextrq.mem	VEX128	128	8	0	2	246	1	vpextrq [rsi], xmm1, 246
movement_7626	vpextrq.mem	VEX128	128	8	0	2	247	1	vpextrq [rsi], xmm1, 247
movement_7627	vpextrq.mem	VEX128	128	8	0	2	248	1	vpextrq [rsi], xmm1, 248
movement_7628	vpextrq.mem	VEX128	128	8	0	2	249	1	vpextrq [rsi], xmm1, 249
movement_7629	vpextrq.mem	VEX128	128	8	0	2	250	1	vpextrq [rsi], xmm1, 250
movement_7630	vpextrq.mem	VEX128	128	8	0	2	251	1	vpextrq [rsi], xmm1, 251
movement_7631	vpextrq.mem	VEX128	128	8	0	2	252	1	vpextrq [rsi], xmm1, 252
movement_7632	vpextrq.mem	VEX128	128	8	0	2	253	1	vpextrq [rsi], xmm1, 253
movement_7633	vpextrq.mem	VEX128	128	8	0	2	254	1	vpextrq [rsi], xmm1, 254
movement_7634	vpextrq.mem	VEX128	128	8	0	2	255	1	vpextrq [rsi], xmm1, 255
movement_7635	vpextrw.sse2_gpr	VEX128	128	2	0	0	0	1	.byte 0xc5,0xf9,0xc5,0xc1,0
movement_7636	vpextrw.sse2_gpr	VEX128	128	2	0	0	1	1	.byte 0xc5,0xf9,0xc5,0xc1,1
movement_7637	vpextrw.sse2_gpr	VEX128	128	2	0	0	2	1	.byte 0xc5,0xf9,0xc5,0xc1,2
movement_7638	vpextrw.sse2_gpr	VEX128	128	2	0	0	3	1	.byte 0xc5,0xf9,0xc5,0xc1,3
movement_7639	vpextrw.sse2_gpr	VEX128	128	2	0	0	4	1	.byte 0xc5,0xf9,0xc5,0xc1,4
movement_7640	vpextrw.sse2_gpr	VEX128	128	2	0	0	5	1	.byte 0xc5,0xf9,0xc5,0xc1,5
movement_7641	vpextrw.sse2_gpr	VEX128	128	2	0	0	6	1	.byte 0xc5,0xf9,0xc5,0xc1,6
movement_7642	vpextrw.sse2_gpr	VEX128	128	2	0	0	7	1	.byte 0xc5,0xf9,0xc5,0xc1,7
movement_7643	vpextrw.sse2_gpr	VEX128	128	2	0	0	8	1	.byte 0xc5,0xf9,0xc5,0xc1,8
movement_7644	vpextrw.sse2_gpr	VEX128	128	2	0	0	9	1	.byte 0xc5,0xf9,0xc5,0xc1,9
movement_7645	vpextrw.sse2_gpr	VEX128	128	2	0	0	10	1	.byte 0xc5,0xf9,0xc5,0xc1,10
movement_7646	vpextrw.sse2_gpr	VEX128	128	2	0	0	11	1	.byte 0xc5,0xf9,0xc5,0xc1,11
movement_7647	vpextrw.sse2_gpr	VEX128	128	2	0	0	12	1	.byte 0xc5,0xf9,0xc5,0xc1,12
movement_7648	vpextrw.sse2_gpr	VEX128	128	2	0	0	13	1	.byte 0xc5,0xf9,0xc5,0xc1,13
movement_7649	vpextrw.sse2_gpr	VEX128	128	2	0	0	14	1	.byte 0xc5,0xf9,0xc5,0xc1,14
movement_7650	vpextrw.sse2_gpr	VEX128	128	2	0	0	15	1	.byte 0xc5,0xf9,0xc5,0xc1,15
movement_7651	vpextrw.sse2_gpr	VEX128	128	2	0	0	16	1	.byte 0xc5,0xf9,0xc5,0xc1,16
movement_7652	vpextrw.sse2_gpr	VEX128	128	2	0	0	17	1	.byte 0xc5,0xf9,0xc5,0xc1,17
movement_7653	vpextrw.sse2_gpr	VEX128	128	2	0	0	18	1	.byte 0xc5,0xf9,0xc5,0xc1,18
movement_7654	vpextrw.sse2_gpr	VEX128	128	2	0	0	19	1	.byte 0xc5,0xf9,0xc5,0xc1,19
movement_7655	vpextrw.sse2_gpr	VEX128	128	2	0	0	20	1	.byte 0xc5,0xf9,0xc5,0xc1,20
movement_7656	vpextrw.sse2_gpr	VEX128	128	2	0	0	21	1	.byte 0xc5,0xf9,0xc5,0xc1,21
movement_7657	vpextrw.sse2_gpr	VEX128	128	2	0	0	22	1	.byte 0xc5,0xf9,0xc5,0xc1,22
movement_7658	vpextrw.sse2_gpr	VEX128	128	2	0	0	23	1	.byte 0xc5,0xf9,0xc5,0xc1,23
movement_7659	vpextrw.sse2_gpr	VEX128	128	2	0	0	24	1	.byte 0xc5,0xf9,0xc5,0xc1,24
movement_7660	vpextrw.sse2_gpr	VEX128	128	2	0	0	25	1	.byte 0xc5,0xf9,0xc5,0xc1,25
movement_7661	vpextrw.sse2_gpr	VEX128	128	2	0	0	26	1	.byte 0xc5,0xf9,0xc5,0xc1,26
movement_7662	vpextrw.sse2_gpr	VEX128	128	2	0	0	27	1	.byte 0xc5,0xf9,0xc5,0xc1,27
movement_7663	vpextrw.sse2_gpr	VEX128	128	2	0	0	28	1	.byte 0xc5,0xf9,0xc5,0xc1,28
movement_7664	vpextrw.sse2_gpr	VEX128	128	2	0	0	29	1	.byte 0xc5,0xf9,0xc5,0xc1,29
movement_7665	vpextrw.sse2_gpr	VEX128	128	2	0	0	30	1	.byte 0xc5,0xf9,0xc5,0xc1,30
movement_7666	vpextrw.sse2_gpr	VEX128	128	2	0	0	31	1	.byte 0xc5,0xf9,0xc5,0xc1,31
movement_7667	vpextrw.sse2_gpr	VEX128	128	2	0	0	32	1	.byte 0xc5,0xf9,0xc5,0xc1,32
movement_7668	vpextrw.sse2_gpr	VEX128	128	2	0	0	33	1	.byte 0xc5,0xf9,0xc5,0xc1,33
movement_7669	vpextrw.sse2_gpr	VEX128	128	2	0	0	34	1	.byte 0xc5,0xf9,0xc5,0xc1,34
movement_7670	vpextrw.sse2_gpr	VEX128	128	2	0	0	35	1	.byte 0xc5,0xf9,0xc5,0xc1,35
movement_7671	vpextrw.sse2_gpr	VEX128	128	2	0	0	36	1	.byte 0xc5,0xf9,0xc5,0xc1,36
movement_7672	vpextrw.sse2_gpr	VEX128	128	2	0	0	37	1	.byte 0xc5,0xf9,0xc5,0xc1,37
movement_7673	vpextrw.sse2_gpr	VEX128	128	2	0	0	38	1	.byte 0xc5,0xf9,0xc5,0xc1,38
movement_7674	vpextrw.sse2_gpr	VEX128	128	2	0	0	39	1	.byte 0xc5,0xf9,0xc5,0xc1,39
movement_7675	vpextrw.sse2_gpr	VEX128	128	2	0	0	40	1	.byte 0xc5,0xf9,0xc5,0xc1,40
movement_7676	vpextrw.sse2_gpr	VEX128	128	2	0	0	41	1	.byte 0xc5,0xf9,0xc5,0xc1,41
movement_7677	vpextrw.sse2_gpr	VEX128	128	2	0	0	42	1	.byte 0xc5,0xf9,0xc5,0xc1,42
movement_7678	vpextrw.sse2_gpr	VEX128	128	2	0	0	43	1	.byte 0xc5,0xf9,0xc5,0xc1,43
movement_7679	vpextrw.sse2_gpr	VEX128	128	2	0	0	44	1	.byte 0xc5,0xf9,0xc5,0xc1,44
movement_7680	vpextrw.sse2_gpr	VEX128	128	2	0	0	45	1	.byte 0xc5,0xf9,0xc5,0xc1,45
movement_7681	vpextrw.sse2_gpr	VEX128	128	2	0	0	46	1	.byte 0xc5,0xf9,0xc5,0xc1,46
movement_7682	vpextrw.sse2_gpr	VEX128	128	2	0	0	47	1	.byte 0xc5,0xf9,0xc5,0xc1,47
movement_7683	vpextrw.sse2_gpr	VEX128	128	2	0	0	48	1	.byte 0xc5,0xf9,0xc5,0xc1,48
movement_7684	vpextrw.sse2_gpr	VEX128	128	2	0	0	49	1	.byte 0xc5,0xf9,0xc5,0xc1,49
movement_7685	vpextrw.sse2_gpr	VEX128	128	2	0	0	50	1	.byte 0xc5,0xf9,0xc5,0xc1,50
movement_7686	vpextrw.sse2_gpr	VEX128	128	2	0	0	51	1	.byte 0xc5,0xf9,0xc5,0xc1,51
movement_7687	vpextrw.sse2_gpr	VEX128	128	2	0	0	52	1	.byte 0xc5,0xf9,0xc5,0xc1,52
movement_7688	vpextrw.sse2_gpr	VEX128	128	2	0	0	53	1	.byte 0xc5,0xf9,0xc5,0xc1,53
movement_7689	vpextrw.sse2_gpr	VEX128	128	2	0	0	54	1	.byte 0xc5,0xf9,0xc5,0xc1,54
movement_7690	vpextrw.sse2_gpr	VEX128	128	2	0	0	55	1	.byte 0xc5,0xf9,0xc5,0xc1,55
movement_7691	vpextrw.sse2_gpr	VEX128	128	2	0	0	56	1	.byte 0xc5,0xf9,0xc5,0xc1,56
movement_7692	vpextrw.sse2_gpr	VEX128	128	2	0	0	57	1	.byte 0xc5,0xf9,0xc5,0xc1,57
movement_7693	vpextrw.sse2_gpr	VEX128	128	2	0	0	58	1	.byte 0xc5,0xf9,0xc5,0xc1,58
movement_7694	vpextrw.sse2_gpr	VEX128	128	2	0	0	59	1	.byte 0xc5,0xf9,0xc5,0xc1,59
movement_7695	vpextrw.sse2_gpr	VEX128	128	2	0	0	60	1	.byte 0xc5,0xf9,0xc5,0xc1,60
movement_7696	vpextrw.sse2_gpr	VEX128	128	2	0	0	61	1	.byte 0xc5,0xf9,0xc5,0xc1,61
movement_7697	vpextrw.sse2_gpr	VEX128	128	2	0	0	62	1	.byte 0xc5,0xf9,0xc5,0xc1,62
movement_7698	vpextrw.sse2_gpr	VEX128	128	2	0	0	63	1	.byte 0xc5,0xf9,0xc5,0xc1,63
movement_7699	vpextrw.sse2_gpr	VEX128	128	2	0	0	64	1	.byte 0xc5,0xf9,0xc5,0xc1,64
movement_7700	vpextrw.sse2_gpr	VEX128	128	2	0	0	65	1	.byte 0xc5,0xf9,0xc5,0xc1,65
movement_7701	vpextrw.sse2_gpr	VEX128	128	2	0	0	66	1	.byte 0xc5,0xf9,0xc5,0xc1,66
movement_7702	vpextrw.sse2_gpr	VEX128	128	2	0	0	67	1	.byte 0xc5,0xf9,0xc5,0xc1,67
movement_7703	vpextrw.sse2_gpr	VEX128	128	2	0	0	68	1	.byte 0xc5,0xf9,0xc5,0xc1,68
movement_7704	vpextrw.sse2_gpr	VEX128	128	2	0	0	69	1	.byte 0xc5,0xf9,0xc5,0xc1,69
movement_7705	vpextrw.sse2_gpr	VEX128	128	2	0	0	70	1	.byte 0xc5,0xf9,0xc5,0xc1,70
movement_7706	vpextrw.sse2_gpr	VEX128	128	2	0	0	71	1	.byte 0xc5,0xf9,0xc5,0xc1,71
movement_7707	vpextrw.sse2_gpr	VEX128	128	2	0	0	72	1	.byte 0xc5,0xf9,0xc5,0xc1,72
movement_7708	vpextrw.sse2_gpr	VEX128	128	2	0	0	73	1	.byte 0xc5,0xf9,0xc5,0xc1,73
movement_7709	vpextrw.sse2_gpr	VEX128	128	2	0	0	74	1	.byte 0xc5,0xf9,0xc5,0xc1,74
movement_7710	vpextrw.sse2_gpr	VEX128	128	2	0	0	75	1	.byte 0xc5,0xf9,0xc5,0xc1,75
movement_7711	vpextrw.sse2_gpr	VEX128	128	2	0	0	76	1	.byte 0xc5,0xf9,0xc5,0xc1,76
movement_7712	vpextrw.sse2_gpr	VEX128	128	2	0	0	77	1	.byte 0xc5,0xf9,0xc5,0xc1,77
movement_7713	vpextrw.sse2_gpr	VEX128	128	2	0	0	78	1	.byte 0xc5,0xf9,0xc5,0xc1,78
movement_7714	vpextrw.sse2_gpr	VEX128	128	2	0	0	79	1	.byte 0xc5,0xf9,0xc5,0xc1,79
movement_7715	vpextrw.sse2_gpr	VEX128	128	2	0	0	80	1	.byte 0xc5,0xf9,0xc5,0xc1,80
movement_7716	vpextrw.sse2_gpr	VEX128	128	2	0	0	81	1	.byte 0xc5,0xf9,0xc5,0xc1,81
movement_7717	vpextrw.sse2_gpr	VEX128	128	2	0	0	82	1	.byte 0xc5,0xf9,0xc5,0xc1,82
movement_7718	vpextrw.sse2_gpr	VEX128	128	2	0	0	83	1	.byte 0xc5,0xf9,0xc5,0xc1,83
movement_7719	vpextrw.sse2_gpr	VEX128	128	2	0	0	84	1	.byte 0xc5,0xf9,0xc5,0xc1,84
movement_7720	vpextrw.sse2_gpr	VEX128	128	2	0	0	85	1	.byte 0xc5,0xf9,0xc5,0xc1,85
movement_7721	vpextrw.sse2_gpr	VEX128	128	2	0	0	86	1	.byte 0xc5,0xf9,0xc5,0xc1,86
movement_7722	vpextrw.sse2_gpr	VEX128	128	2	0	0	87	1	.byte 0xc5,0xf9,0xc5,0xc1,87
movement_7723	vpextrw.sse2_gpr	VEX128	128	2	0	0	88	1	.byte 0xc5,0xf9,0xc5,0xc1,88
movement_7724	vpextrw.sse2_gpr	VEX128	128	2	0	0	89	1	.byte 0xc5,0xf9,0xc5,0xc1,89
movement_7725	vpextrw.sse2_gpr	VEX128	128	2	0	0	90	1	.byte 0xc5,0xf9,0xc5,0xc1,90
movement_7726	vpextrw.sse2_gpr	VEX128	128	2	0	0	91	1	.byte 0xc5,0xf9,0xc5,0xc1,91
movement_7727	vpextrw.sse2_gpr	VEX128	128	2	0	0	92	1	.byte 0xc5,0xf9,0xc5,0xc1,92
movement_7728	vpextrw.sse2_gpr	VEX128	128	2	0	0	93	1	.byte 0xc5,0xf9,0xc5,0xc1,93
movement_7729	vpextrw.sse2_gpr	VEX128	128	2	0	0	94	1	.byte 0xc5,0xf9,0xc5,0xc1,94
movement_7730	vpextrw.sse2_gpr	VEX128	128	2	0	0	95	1	.byte 0xc5,0xf9,0xc5,0xc1,95
movement_7731	vpextrw.sse2_gpr	VEX128	128	2	0	0	96	1	.byte 0xc5,0xf9,0xc5,0xc1,96
movement_7732	vpextrw.sse2_gpr	VEX128	128	2	0	0	97	1	.byte 0xc5,0xf9,0xc5,0xc1,97
movement_7733	vpextrw.sse2_gpr	VEX128	128	2	0	0	98	1	.byte 0xc5,0xf9,0xc5,0xc1,98
movement_7734	vpextrw.sse2_gpr	VEX128	128	2	0	0	99	1	.byte 0xc5,0xf9,0xc5,0xc1,99
movement_7735	vpextrw.sse2_gpr	VEX128	128	2	0	0	100	1	.byte 0xc5,0xf9,0xc5,0xc1,100
movement_7736	vpextrw.sse2_gpr	VEX128	128	2	0	0	101	1	.byte 0xc5,0xf9,0xc5,0xc1,101
movement_7737	vpextrw.sse2_gpr	VEX128	128	2	0	0	102	1	.byte 0xc5,0xf9,0xc5,0xc1,102
movement_7738	vpextrw.sse2_gpr	VEX128	128	2	0	0	103	1	.byte 0xc5,0xf9,0xc5,0xc1,103
movement_7739	vpextrw.sse2_gpr	VEX128	128	2	0	0	104	1	.byte 0xc5,0xf9,0xc5,0xc1,104
movement_7740	vpextrw.sse2_gpr	VEX128	128	2	0	0	105	1	.byte 0xc5,0xf9,0xc5,0xc1,105
movement_7741	vpextrw.sse2_gpr	VEX128	128	2	0	0	106	1	.byte 0xc5,0xf9,0xc5,0xc1,106
movement_7742	vpextrw.sse2_gpr	VEX128	128	2	0	0	107	1	.byte 0xc5,0xf9,0xc5,0xc1,107
movement_7743	vpextrw.sse2_gpr	VEX128	128	2	0	0	108	1	.byte 0xc5,0xf9,0xc5,0xc1,108
movement_7744	vpextrw.sse2_gpr	VEX128	128	2	0	0	109	1	.byte 0xc5,0xf9,0xc5,0xc1,109
movement_7745	vpextrw.sse2_gpr	VEX128	128	2	0	0	110	1	.byte 0xc5,0xf9,0xc5,0xc1,110
movement_7746	vpextrw.sse2_gpr	VEX128	128	2	0	0	111	1	.byte 0xc5,0xf9,0xc5,0xc1,111
movement_7747	vpextrw.sse2_gpr	VEX128	128	2	0	0	112	1	.byte 0xc5,0xf9,0xc5,0xc1,112
movement_7748	vpextrw.sse2_gpr	VEX128	128	2	0	0	113	1	.byte 0xc5,0xf9,0xc5,0xc1,113
movement_7749	vpextrw.sse2_gpr	VEX128	128	2	0	0	114	1	.byte 0xc5,0xf9,0xc5,0xc1,114
movement_7750	vpextrw.sse2_gpr	VEX128	128	2	0	0	115	1	.byte 0xc5,0xf9,0xc5,0xc1,115
movement_7751	vpextrw.sse2_gpr	VEX128	128	2	0	0	116	1	.byte 0xc5,0xf9,0xc5,0xc1,116
movement_7752	vpextrw.sse2_gpr	VEX128	128	2	0	0	117	1	.byte 0xc5,0xf9,0xc5,0xc1,117
movement_7753	vpextrw.sse2_gpr	VEX128	128	2	0	0	118	1	.byte 0xc5,0xf9,0xc5,0xc1,118
movement_7754	vpextrw.sse2_gpr	VEX128	128	2	0	0	119	1	.byte 0xc5,0xf9,0xc5,0xc1,119
movement_7755	vpextrw.sse2_gpr	VEX128	128	2	0	0	120	1	.byte 0xc5,0xf9,0xc5,0xc1,120
movement_7756	vpextrw.sse2_gpr	VEX128	128	2	0	0	121	1	.byte 0xc5,0xf9,0xc5,0xc1,121
movement_7757	vpextrw.sse2_gpr	VEX128	128	2	0	0	122	1	.byte 0xc5,0xf9,0xc5,0xc1,122
movement_7758	vpextrw.sse2_gpr	VEX128	128	2	0	0	123	1	.byte 0xc5,0xf9,0xc5,0xc1,123
movement_7759	vpextrw.sse2_gpr	VEX128	128	2	0	0	124	1	.byte 0xc5,0xf9,0xc5,0xc1,124
movement_7760	vpextrw.sse2_gpr	VEX128	128	2	0	0	125	1	.byte 0xc5,0xf9,0xc5,0xc1,125
movement_7761	vpextrw.sse2_gpr	VEX128	128	2	0	0	126	1	.byte 0xc5,0xf9,0xc5,0xc1,126
movement_7762	vpextrw.sse2_gpr	VEX128	128	2	0	0	127	1	.byte 0xc5,0xf9,0xc5,0xc1,127
movement_7763	vpextrw.sse2_gpr	VEX128	128	2	0	0	128	1	.byte 0xc5,0xf9,0xc5,0xc1,128
movement_7764	vpextrw.sse2_gpr	VEX128	128	2	0	0	129	1	.byte 0xc5,0xf9,0xc5,0xc1,129
movement_7765	vpextrw.sse2_gpr	VEX128	128	2	0	0	130	1	.byte 0xc5,0xf9,0xc5,0xc1,130
movement_7766	vpextrw.sse2_gpr	VEX128	128	2	0	0	131	1	.byte 0xc5,0xf9,0xc5,0xc1,131
movement_7767	vpextrw.sse2_gpr	VEX128	128	2	0	0	132	1	.byte 0xc5,0xf9,0xc5,0xc1,132
movement_7768	vpextrw.sse2_gpr	VEX128	128	2	0	0	133	1	.byte 0xc5,0xf9,0xc5,0xc1,133
movement_7769	vpextrw.sse2_gpr	VEX128	128	2	0	0	134	1	.byte 0xc5,0xf9,0xc5,0xc1,134
movement_7770	vpextrw.sse2_gpr	VEX128	128	2	0	0	135	1	.byte 0xc5,0xf9,0xc5,0xc1,135
movement_7771	vpextrw.sse2_gpr	VEX128	128	2	0	0	136	1	.byte 0xc5,0xf9,0xc5,0xc1,136
movement_7772	vpextrw.sse2_gpr	VEX128	128	2	0	0	137	1	.byte 0xc5,0xf9,0xc5,0xc1,137
movement_7773	vpextrw.sse2_gpr	VEX128	128	2	0	0	138	1	.byte 0xc5,0xf9,0xc5,0xc1,138
movement_7774	vpextrw.sse2_gpr	VEX128	128	2	0	0	139	1	.byte 0xc5,0xf9,0xc5,0xc1,139
movement_7775	vpextrw.sse2_gpr	VEX128	128	2	0	0	140	1	.byte 0xc5,0xf9,0xc5,0xc1,140
movement_7776	vpextrw.sse2_gpr	VEX128	128	2	0	0	141	1	.byte 0xc5,0xf9,0xc5,0xc1,141
movement_7777	vpextrw.sse2_gpr	VEX128	128	2	0	0	142	1	.byte 0xc5,0xf9,0xc5,0xc1,142
movement_7778	vpextrw.sse2_gpr	VEX128	128	2	0	0	143	1	.byte 0xc5,0xf9,0xc5,0xc1,143
movement_7779	vpextrw.sse2_gpr	VEX128	128	2	0	0	144	1	.byte 0xc5,0xf9,0xc5,0xc1,144
movement_7780	vpextrw.sse2_gpr	VEX128	128	2	0	0	145	1	.byte 0xc5,0xf9,0xc5,0xc1,145
movement_7781	vpextrw.sse2_gpr	VEX128	128	2	0	0	146	1	.byte 0xc5,0xf9,0xc5,0xc1,146
movement_7782	vpextrw.sse2_gpr	VEX128	128	2	0	0	147	1	.byte 0xc5,0xf9,0xc5,0xc1,147
movement_7783	vpextrw.sse2_gpr	VEX128	128	2	0	0	148	1	.byte 0xc5,0xf9,0xc5,0xc1,148
movement_7784	vpextrw.sse2_gpr	VEX128	128	2	0	0	149	1	.byte 0xc5,0xf9,0xc5,0xc1,149
movement_7785	vpextrw.sse2_gpr	VEX128	128	2	0	0	150	1	.byte 0xc5,0xf9,0xc5,0xc1,150
movement_7786	vpextrw.sse2_gpr	VEX128	128	2	0	0	151	1	.byte 0xc5,0xf9,0xc5,0xc1,151
movement_7787	vpextrw.sse2_gpr	VEX128	128	2	0	0	152	1	.byte 0xc5,0xf9,0xc5,0xc1,152
movement_7788	vpextrw.sse2_gpr	VEX128	128	2	0	0	153	1	.byte 0xc5,0xf9,0xc5,0xc1,153
movement_7789	vpextrw.sse2_gpr	VEX128	128	2	0	0	154	1	.byte 0xc5,0xf9,0xc5,0xc1,154
movement_7790	vpextrw.sse2_gpr	VEX128	128	2	0	0	155	1	.byte 0xc5,0xf9,0xc5,0xc1,155
movement_7791	vpextrw.sse2_gpr	VEX128	128	2	0	0	156	1	.byte 0xc5,0xf9,0xc5,0xc1,156
movement_7792	vpextrw.sse2_gpr	VEX128	128	2	0	0	157	1	.byte 0xc5,0xf9,0xc5,0xc1,157
movement_7793	vpextrw.sse2_gpr	VEX128	128	2	0	0	158	1	.byte 0xc5,0xf9,0xc5,0xc1,158
movement_7794	vpextrw.sse2_gpr	VEX128	128	2	0	0	159	1	.byte 0xc5,0xf9,0xc5,0xc1,159
movement_7795	vpextrw.sse2_gpr	VEX128	128	2	0	0	160	1	.byte 0xc5,0xf9,0xc5,0xc1,160
movement_7796	vpextrw.sse2_gpr	VEX128	128	2	0	0	161	1	.byte 0xc5,0xf9,0xc5,0xc1,161
movement_7797	vpextrw.sse2_gpr	VEX128	128	2	0	0	162	1	.byte 0xc5,0xf9,0xc5,0xc1,162
movement_7798	vpextrw.sse2_gpr	VEX128	128	2	0	0	163	1	.byte 0xc5,0xf9,0xc5,0xc1,163
movement_7799	vpextrw.sse2_gpr	VEX128	128	2	0	0	164	1	.byte 0xc5,0xf9,0xc5,0xc1,164
movement_7800	vpextrw.sse2_gpr	VEX128	128	2	0	0	165	1	.byte 0xc5,0xf9,0xc5,0xc1,165
movement_7801	vpextrw.sse2_gpr	VEX128	128	2	0	0	166	1	.byte 0xc5,0xf9,0xc5,0xc1,166
movement_7802	vpextrw.sse2_gpr	VEX128	128	2	0	0	167	1	.byte 0xc5,0xf9,0xc5,0xc1,167
movement_7803	vpextrw.sse2_gpr	VEX128	128	2	0	0	168	1	.byte 0xc5,0xf9,0xc5,0xc1,168
movement_7804	vpextrw.sse2_gpr	VEX128	128	2	0	0	169	1	.byte 0xc5,0xf9,0xc5,0xc1,169
movement_7805	vpextrw.sse2_gpr	VEX128	128	2	0	0	170	1	.byte 0xc5,0xf9,0xc5,0xc1,170
movement_7806	vpextrw.sse2_gpr	VEX128	128	2	0	0	171	1	.byte 0xc5,0xf9,0xc5,0xc1,171
movement_7807	vpextrw.sse2_gpr	VEX128	128	2	0	0	172	1	.byte 0xc5,0xf9,0xc5,0xc1,172
movement_7808	vpextrw.sse2_gpr	VEX128	128	2	0	0	173	1	.byte 0xc5,0xf9,0xc5,0xc1,173
movement_7809	vpextrw.sse2_gpr	VEX128	128	2	0	0	174	1	.byte 0xc5,0xf9,0xc5,0xc1,174
movement_7810	vpextrw.sse2_gpr	VEX128	128	2	0	0	175	1	.byte 0xc5,0xf9,0xc5,0xc1,175
movement_7811	vpextrw.sse2_gpr	VEX128	128	2	0	0	176	1	.byte 0xc5,0xf9,0xc5,0xc1,176
movement_7812	vpextrw.sse2_gpr	VEX128	128	2	0	0	177	1	.byte 0xc5,0xf9,0xc5,0xc1,177
movement_7813	vpextrw.sse2_gpr	VEX128	128	2	0	0	178	1	.byte 0xc5,0xf9,0xc5,0xc1,178
movement_7814	vpextrw.sse2_gpr	VEX128	128	2	0	0	179	1	.byte 0xc5,0xf9,0xc5,0xc1,179
movement_7815	vpextrw.sse2_gpr	VEX128	128	2	0	0	180	1	.byte 0xc5,0xf9,0xc5,0xc1,180
movement_7816	vpextrw.sse2_gpr	VEX128	128	2	0	0	181	1	.byte 0xc5,0xf9,0xc5,0xc1,181
movement_7817	vpextrw.sse2_gpr	VEX128	128	2	0	0	182	1	.byte 0xc5,0xf9,0xc5,0xc1,182
movement_7818	vpextrw.sse2_gpr	VEX128	128	2	0	0	183	1	.byte 0xc5,0xf9,0xc5,0xc1,183
movement_7819	vpextrw.sse2_gpr	VEX128	128	2	0	0	184	1	.byte 0xc5,0xf9,0xc5,0xc1,184
movement_7820	vpextrw.sse2_gpr	VEX128	128	2	0	0	185	1	.byte 0xc5,0xf9,0xc5,0xc1,185
movement_7821	vpextrw.sse2_gpr	VEX128	128	2	0	0	186	1	.byte 0xc5,0xf9,0xc5,0xc1,186
movement_7822	vpextrw.sse2_gpr	VEX128	128	2	0	0	187	1	.byte 0xc5,0xf9,0xc5,0xc1,187
movement_7823	vpextrw.sse2_gpr	VEX128	128	2	0	0	188	1	.byte 0xc5,0xf9,0xc5,0xc1,188
movement_7824	vpextrw.sse2_gpr	VEX128	128	2	0	0	189	1	.byte 0xc5,0xf9,0xc5,0xc1,189
movement_7825	vpextrw.sse2_gpr	VEX128	128	2	0	0	190	1	.byte 0xc5,0xf9,0xc5,0xc1,190
movement_7826	vpextrw.sse2_gpr	VEX128	128	2	0	0	191	1	.byte 0xc5,0xf9,0xc5,0xc1,191
movement_7827	vpextrw.sse2_gpr	VEX128	128	2	0	0	192	1	.byte 0xc5,0xf9,0xc5,0xc1,192
movement_7828	vpextrw.sse2_gpr	VEX128	128	2	0	0	193	1	.byte 0xc5,0xf9,0xc5,0xc1,193
movement_7829	vpextrw.sse2_gpr	VEX128	128	2	0	0	194	1	.byte 0xc5,0xf9,0xc5,0xc1,194
movement_7830	vpextrw.sse2_gpr	VEX128	128	2	0	0	195	1	.byte 0xc5,0xf9,0xc5,0xc1,195
movement_7831	vpextrw.sse2_gpr	VEX128	128	2	0	0	196	1	.byte 0xc5,0xf9,0xc5,0xc1,196
movement_7832	vpextrw.sse2_gpr	VEX128	128	2	0	0	197	1	.byte 0xc5,0xf9,0xc5,0xc1,197
movement_7833	vpextrw.sse2_gpr	VEX128	128	2	0	0	198	1	.byte 0xc5,0xf9,0xc5,0xc1,198
movement_7834	vpextrw.sse2_gpr	VEX128	128	2	0	0	199	1	.byte 0xc5,0xf9,0xc5,0xc1,199
movement_7835	vpextrw.sse2_gpr	VEX128	128	2	0	0	200	1	.byte 0xc5,0xf9,0xc5,0xc1,200
movement_7836	vpextrw.sse2_gpr	VEX128	128	2	0	0	201	1	.byte 0xc5,0xf9,0xc5,0xc1,201
movement_7837	vpextrw.sse2_gpr	VEX128	128	2	0	0	202	1	.byte 0xc5,0xf9,0xc5,0xc1,202
movement_7838	vpextrw.sse2_gpr	VEX128	128	2	0	0	203	1	.byte 0xc5,0xf9,0xc5,0xc1,203
movement_7839	vpextrw.sse2_gpr	VEX128	128	2	0	0	204	1	.byte 0xc5,0xf9,0xc5,0xc1,204
movement_7840	vpextrw.sse2_gpr	VEX128	128	2	0	0	205	1	.byte 0xc5,0xf9,0xc5,0xc1,205
movement_7841	vpextrw.sse2_gpr	VEX128	128	2	0	0	206	1	.byte 0xc5,0xf9,0xc5,0xc1,206
movement_7842	vpextrw.sse2_gpr	VEX128	128	2	0	0	207	1	.byte 0xc5,0xf9,0xc5,0xc1,207
movement_7843	vpextrw.sse2_gpr	VEX128	128	2	0	0	208	1	.byte 0xc5,0xf9,0xc5,0xc1,208
movement_7844	vpextrw.sse2_gpr	VEX128	128	2	0	0	209	1	.byte 0xc5,0xf9,0xc5,0xc1,209
movement_7845	vpextrw.sse2_gpr	VEX128	128	2	0	0	210	1	.byte 0xc5,0xf9,0xc5,0xc1,210
movement_7846	vpextrw.sse2_gpr	VEX128	128	2	0	0	211	1	.byte 0xc5,0xf9,0xc5,0xc1,211
movement_7847	vpextrw.sse2_gpr	VEX128	128	2	0	0	212	1	.byte 0xc5,0xf9,0xc5,0xc1,212
movement_7848	vpextrw.sse2_gpr	VEX128	128	2	0	0	213	1	.byte 0xc5,0xf9,0xc5,0xc1,213
movement_7849	vpextrw.sse2_gpr	VEX128	128	2	0	0	214	1	.byte 0xc5,0xf9,0xc5,0xc1,214
movement_7850	vpextrw.sse2_gpr	VEX128	128	2	0	0	215	1	.byte 0xc5,0xf9,0xc5,0xc1,215
movement_7851	vpextrw.sse2_gpr	VEX128	128	2	0	0	216	1	.byte 0xc5,0xf9,0xc5,0xc1,216
movement_7852	vpextrw.sse2_gpr	VEX128	128	2	0	0	217	1	.byte 0xc5,0xf9,0xc5,0xc1,217
movement_7853	vpextrw.sse2_gpr	VEX128	128	2	0	0	218	1	.byte 0xc5,0xf9,0xc5,0xc1,218
movement_7854	vpextrw.sse2_gpr	VEX128	128	2	0	0	219	1	.byte 0xc5,0xf9,0xc5,0xc1,219
movement_7855	vpextrw.sse2_gpr	VEX128	128	2	0	0	220	1	.byte 0xc5,0xf9,0xc5,0xc1,220
movement_7856	vpextrw.sse2_gpr	VEX128	128	2	0	0	221	1	.byte 0xc5,0xf9,0xc5,0xc1,221
movement_7857	vpextrw.sse2_gpr	VEX128	128	2	0	0	222	1	.byte 0xc5,0xf9,0xc5,0xc1,222
movement_7858	vpextrw.sse2_gpr	VEX128	128	2	0	0	223	1	.byte 0xc5,0xf9,0xc5,0xc1,223
movement_7859	vpextrw.sse2_gpr	VEX128	128	2	0	0	224	1	.byte 0xc5,0xf9,0xc5,0xc1,224
movement_7860	vpextrw.sse2_gpr	VEX128	128	2	0	0	225	1	.byte 0xc5,0xf9,0xc5,0xc1,225
movement_7861	vpextrw.sse2_gpr	VEX128	128	2	0	0	226	1	.byte 0xc5,0xf9,0xc5,0xc1,226
movement_7862	vpextrw.sse2_gpr	VEX128	128	2	0	0	227	1	.byte 0xc5,0xf9,0xc5,0xc1,227
movement_7863	vpextrw.sse2_gpr	VEX128	128	2	0	0	228	1	.byte 0xc5,0xf9,0xc5,0xc1,228
movement_7864	vpextrw.sse2_gpr	VEX128	128	2	0	0	229	1	.byte 0xc5,0xf9,0xc5,0xc1,229
movement_7865	vpextrw.sse2_gpr	VEX128	128	2	0	0	230	1	.byte 0xc5,0xf9,0xc5,0xc1,230
movement_7866	vpextrw.sse2_gpr	VEX128	128	2	0	0	231	1	.byte 0xc5,0xf9,0xc5,0xc1,231
movement_7867	vpextrw.sse2_gpr	VEX128	128	2	0	0	232	1	.byte 0xc5,0xf9,0xc5,0xc1,232
movement_7868	vpextrw.sse2_gpr	VEX128	128	2	0	0	233	1	.byte 0xc5,0xf9,0xc5,0xc1,233
movement_7869	vpextrw.sse2_gpr	VEX128	128	2	0	0	234	1	.byte 0xc5,0xf9,0xc5,0xc1,234
movement_7870	vpextrw.sse2_gpr	VEX128	128	2	0	0	235	1	.byte 0xc5,0xf9,0xc5,0xc1,235
movement_7871	vpextrw.sse2_gpr	VEX128	128	2	0	0	236	1	.byte 0xc5,0xf9,0xc5,0xc1,236
movement_7872	vpextrw.sse2_gpr	VEX128	128	2	0	0	237	1	.byte 0xc5,0xf9,0xc5,0xc1,237
movement_7873	vpextrw.sse2_gpr	VEX128	128	2	0	0	238	1	.byte 0xc5,0xf9,0xc5,0xc1,238
movement_7874	vpextrw.sse2_gpr	VEX128	128	2	0	0	239	1	.byte 0xc5,0xf9,0xc5,0xc1,239
movement_7875	vpextrw.sse2_gpr	VEX128	128	2	0	0	240	1	.byte 0xc5,0xf9,0xc5,0xc1,240
movement_7876	vpextrw.sse2_gpr	VEX128	128	2	0	0	241	1	.byte 0xc5,0xf9,0xc5,0xc1,241
movement_7877	vpextrw.sse2_gpr	VEX128	128	2	0	0	242	1	.byte 0xc5,0xf9,0xc5,0xc1,242
movement_7878	vpextrw.sse2_gpr	VEX128	128	2	0	0	243	1	.byte 0xc5,0xf9,0xc5,0xc1,243
movement_7879	vpextrw.sse2_gpr	VEX128	128	2	0	0	244	1	.byte 0xc5,0xf9,0xc5,0xc1,244
movement_7880	vpextrw.sse2_gpr	VEX128	128	2	0	0	245	1	.byte 0xc5,0xf9,0xc5,0xc1,245
movement_7881	vpextrw.sse2_gpr	VEX128	128	2	0	0	246	1	.byte 0xc5,0xf9,0xc5,0xc1,246
movement_7882	vpextrw.sse2_gpr	VEX128	128	2	0	0	247	1	.byte 0xc5,0xf9,0xc5,0xc1,247
movement_7883	vpextrw.sse2_gpr	VEX128	128	2	0	0	248	1	.byte 0xc5,0xf9,0xc5,0xc1,248
movement_7884	vpextrw.sse2_gpr	VEX128	128	2	0	0	249	1	.byte 0xc5,0xf9,0xc5,0xc1,249
movement_7885	vpextrw.sse2_gpr	VEX128	128	2	0	0	250	1	.byte 0xc5,0xf9,0xc5,0xc1,250
movement_7886	vpextrw.sse2_gpr	VEX128	128	2	0	0	251	1	.byte 0xc5,0xf9,0xc5,0xc1,251
movement_7887	vpextrw.sse2_gpr	VEX128	128	2	0	0	252	1	.byte 0xc5,0xf9,0xc5,0xc1,252
movement_7888	vpextrw.sse2_gpr	VEX128	128	2	0	0	253	1	.byte 0xc5,0xf9,0xc5,0xc1,253
movement_7889	vpextrw.sse2_gpr	VEX128	128	2	0	0	254	1	.byte 0xc5,0xf9,0xc5,0xc1,254
movement_7890	vpextrw.sse2_gpr	VEX128	128	2	0	0	255	1	.byte 0xc5,0xf9,0xc5,0xc1,255
movement_7891	vpinsrb.gpr	VEX128	128	1	0	0	0	1	vpinsrb xmm0, xmm1, eax, 0
movement_7892	vpinsrb.gpr	VEX128	128	1	0	0	1	1	vpinsrb xmm0, xmm1, eax, 1
movement_7893	vpinsrb.gpr	VEX128	128	1	0	0	2	1	vpinsrb xmm0, xmm1, eax, 2
movement_7894	vpinsrb.gpr	VEX128	128	1	0	0	3	1	vpinsrb xmm0, xmm1, eax, 3
movement_7895	vpinsrb.gpr	VEX128	128	1	0	0	4	1	vpinsrb xmm0, xmm1, eax, 4
movement_7896	vpinsrb.gpr	VEX128	128	1	0	0	5	1	vpinsrb xmm0, xmm1, eax, 5
movement_7897	vpinsrb.gpr	VEX128	128	1	0	0	6	1	vpinsrb xmm0, xmm1, eax, 6
movement_7898	vpinsrb.gpr	VEX128	128	1	0	0	7	1	vpinsrb xmm0, xmm1, eax, 7
movement_7899	vpinsrb.gpr	VEX128	128	1	0	0	8	1	vpinsrb xmm0, xmm1, eax, 8
movement_7900	vpinsrb.gpr	VEX128	128	1	0	0	9	1	vpinsrb xmm0, xmm1, eax, 9
movement_7901	vpinsrb.gpr	VEX128	128	1	0	0	10	1	vpinsrb xmm0, xmm1, eax, 10
movement_7902	vpinsrb.gpr	VEX128	128	1	0	0	11	1	vpinsrb xmm0, xmm1, eax, 11
movement_7903	vpinsrb.gpr	VEX128	128	1	0	0	12	1	vpinsrb xmm0, xmm1, eax, 12
movement_7904	vpinsrb.gpr	VEX128	128	1	0	0	13	1	vpinsrb xmm0, xmm1, eax, 13
movement_7905	vpinsrb.gpr	VEX128	128	1	0	0	14	1	vpinsrb xmm0, xmm1, eax, 14
movement_7906	vpinsrb.gpr	VEX128	128	1	0	0	15	1	vpinsrb xmm0, xmm1, eax, 15
movement_7907	vpinsrb.gpr	VEX128	128	1	0	0	16	1	vpinsrb xmm0, xmm1, eax, 16
movement_7908	vpinsrb.gpr	VEX128	128	1	0	0	17	1	vpinsrb xmm0, xmm1, eax, 17
movement_7909	vpinsrb.gpr	VEX128	128	1	0	0	18	1	vpinsrb xmm0, xmm1, eax, 18
movement_7910	vpinsrb.gpr	VEX128	128	1	0	0	19	1	vpinsrb xmm0, xmm1, eax, 19
movement_7911	vpinsrb.gpr	VEX128	128	1	0	0	20	1	vpinsrb xmm0, xmm1, eax, 20
movement_7912	vpinsrb.gpr	VEX128	128	1	0	0	21	1	vpinsrb xmm0, xmm1, eax, 21
movement_7913	vpinsrb.gpr	VEX128	128	1	0	0	22	1	vpinsrb xmm0, xmm1, eax, 22
movement_7914	vpinsrb.gpr	VEX128	128	1	0	0	23	1	vpinsrb xmm0, xmm1, eax, 23
movement_7915	vpinsrb.gpr	VEX128	128	1	0	0	24	1	vpinsrb xmm0, xmm1, eax, 24
movement_7916	vpinsrb.gpr	VEX128	128	1	0	0	25	1	vpinsrb xmm0, xmm1, eax, 25
movement_7917	vpinsrb.gpr	VEX128	128	1	0	0	26	1	vpinsrb xmm0, xmm1, eax, 26
movement_7918	vpinsrb.gpr	VEX128	128	1	0	0	27	1	vpinsrb xmm0, xmm1, eax, 27
movement_7919	vpinsrb.gpr	VEX128	128	1	0	0	28	1	vpinsrb xmm0, xmm1, eax, 28
movement_7920	vpinsrb.gpr	VEX128	128	1	0	0	29	1	vpinsrb xmm0, xmm1, eax, 29
movement_7921	vpinsrb.gpr	VEX128	128	1	0	0	30	1	vpinsrb xmm0, xmm1, eax, 30
movement_7922	vpinsrb.gpr	VEX128	128	1	0	0	31	1	vpinsrb xmm0, xmm1, eax, 31
movement_7923	vpinsrb.gpr	VEX128	128	1	0	0	32	1	vpinsrb xmm0, xmm1, eax, 32
movement_7924	vpinsrb.gpr	VEX128	128	1	0	0	33	1	vpinsrb xmm0, xmm1, eax, 33
movement_7925	vpinsrb.gpr	VEX128	128	1	0	0	34	1	vpinsrb xmm0, xmm1, eax, 34
movement_7926	vpinsrb.gpr	VEX128	128	1	0	0	35	1	vpinsrb xmm0, xmm1, eax, 35
movement_7927	vpinsrb.gpr	VEX128	128	1	0	0	36	1	vpinsrb xmm0, xmm1, eax, 36
movement_7928	vpinsrb.gpr	VEX128	128	1	0	0	37	1	vpinsrb xmm0, xmm1, eax, 37
movement_7929	vpinsrb.gpr	VEX128	128	1	0	0	38	1	vpinsrb xmm0, xmm1, eax, 38
movement_7930	vpinsrb.gpr	VEX128	128	1	0	0	39	1	vpinsrb xmm0, xmm1, eax, 39
movement_7931	vpinsrb.gpr	VEX128	128	1	0	0	40	1	vpinsrb xmm0, xmm1, eax, 40
movement_7932	vpinsrb.gpr	VEX128	128	1	0	0	41	1	vpinsrb xmm0, xmm1, eax, 41
movement_7933	vpinsrb.gpr	VEX128	128	1	0	0	42	1	vpinsrb xmm0, xmm1, eax, 42
movement_7934	vpinsrb.gpr	VEX128	128	1	0	0	43	1	vpinsrb xmm0, xmm1, eax, 43
movement_7935	vpinsrb.gpr	VEX128	128	1	0	0	44	1	vpinsrb xmm0, xmm1, eax, 44
movement_7936	vpinsrb.gpr	VEX128	128	1	0	0	45	1	vpinsrb xmm0, xmm1, eax, 45
movement_7937	vpinsrb.gpr	VEX128	128	1	0	0	46	1	vpinsrb xmm0, xmm1, eax, 46
movement_7938	vpinsrb.gpr	VEX128	128	1	0	0	47	1	vpinsrb xmm0, xmm1, eax, 47
movement_7939	vpinsrb.gpr	VEX128	128	1	0	0	48	1	vpinsrb xmm0, xmm1, eax, 48
movement_7940	vpinsrb.gpr	VEX128	128	1	0	0	49	1	vpinsrb xmm0, xmm1, eax, 49
movement_7941	vpinsrb.gpr	VEX128	128	1	0	0	50	1	vpinsrb xmm0, xmm1, eax, 50
movement_7942	vpinsrb.gpr	VEX128	128	1	0	0	51	1	vpinsrb xmm0, xmm1, eax, 51
movement_7943	vpinsrb.gpr	VEX128	128	1	0	0	52	1	vpinsrb xmm0, xmm1, eax, 52
movement_7944	vpinsrb.gpr	VEX128	128	1	0	0	53	1	vpinsrb xmm0, xmm1, eax, 53
movement_7945	vpinsrb.gpr	VEX128	128	1	0	0	54	1	vpinsrb xmm0, xmm1, eax, 54
movement_7946	vpinsrb.gpr	VEX128	128	1	0	0	55	1	vpinsrb xmm0, xmm1, eax, 55
movement_7947	vpinsrb.gpr	VEX128	128	1	0	0	56	1	vpinsrb xmm0, xmm1, eax, 56
movement_7948	vpinsrb.gpr	VEX128	128	1	0	0	57	1	vpinsrb xmm0, xmm1, eax, 57
movement_7949	vpinsrb.gpr	VEX128	128	1	0	0	58	1	vpinsrb xmm0, xmm1, eax, 58
movement_7950	vpinsrb.gpr	VEX128	128	1	0	0	59	1	vpinsrb xmm0, xmm1, eax, 59
movement_7951	vpinsrb.gpr	VEX128	128	1	0	0	60	1	vpinsrb xmm0, xmm1, eax, 60
movement_7952	vpinsrb.gpr	VEX128	128	1	0	0	61	1	vpinsrb xmm0, xmm1, eax, 61
movement_7953	vpinsrb.gpr	VEX128	128	1	0	0	62	1	vpinsrb xmm0, xmm1, eax, 62
movement_7954	vpinsrb.gpr	VEX128	128	1	0	0	63	1	vpinsrb xmm0, xmm1, eax, 63
movement_7955	vpinsrb.gpr	VEX128	128	1	0	0	64	1	vpinsrb xmm0, xmm1, eax, 64
movement_7956	vpinsrb.gpr	VEX128	128	1	0	0	65	1	vpinsrb xmm0, xmm1, eax, 65
movement_7957	vpinsrb.gpr	VEX128	128	1	0	0	66	1	vpinsrb xmm0, xmm1, eax, 66
movement_7958	vpinsrb.gpr	VEX128	128	1	0	0	67	1	vpinsrb xmm0, xmm1, eax, 67
movement_7959	vpinsrb.gpr	VEX128	128	1	0	0	68	1	vpinsrb xmm0, xmm1, eax, 68
movement_7960	vpinsrb.gpr	VEX128	128	1	0	0	69	1	vpinsrb xmm0, xmm1, eax, 69
movement_7961	vpinsrb.gpr	VEX128	128	1	0	0	70	1	vpinsrb xmm0, xmm1, eax, 70
movement_7962	vpinsrb.gpr	VEX128	128	1	0	0	71	1	vpinsrb xmm0, xmm1, eax, 71
movement_7963	vpinsrb.gpr	VEX128	128	1	0	0	72	1	vpinsrb xmm0, xmm1, eax, 72
movement_7964	vpinsrb.gpr	VEX128	128	1	0	0	73	1	vpinsrb xmm0, xmm1, eax, 73
movement_7965	vpinsrb.gpr	VEX128	128	1	0	0	74	1	vpinsrb xmm0, xmm1, eax, 74
movement_7966	vpinsrb.gpr	VEX128	128	1	0	0	75	1	vpinsrb xmm0, xmm1, eax, 75
movement_7967	vpinsrb.gpr	VEX128	128	1	0	0	76	1	vpinsrb xmm0, xmm1, eax, 76
movement_7968	vpinsrb.gpr	VEX128	128	1	0	0	77	1	vpinsrb xmm0, xmm1, eax, 77
movement_7969	vpinsrb.gpr	VEX128	128	1	0	0	78	1	vpinsrb xmm0, xmm1, eax, 78
movement_7970	vpinsrb.gpr	VEX128	128	1	0	0	79	1	vpinsrb xmm0, xmm1, eax, 79
movement_7971	vpinsrb.gpr	VEX128	128	1	0	0	80	1	vpinsrb xmm0, xmm1, eax, 80
movement_7972	vpinsrb.gpr	VEX128	128	1	0	0	81	1	vpinsrb xmm0, xmm1, eax, 81
movement_7973	vpinsrb.gpr	VEX128	128	1	0	0	82	1	vpinsrb xmm0, xmm1, eax, 82
movement_7974	vpinsrb.gpr	VEX128	128	1	0	0	83	1	vpinsrb xmm0, xmm1, eax, 83
movement_7975	vpinsrb.gpr	VEX128	128	1	0	0	84	1	vpinsrb xmm0, xmm1, eax, 84
movement_7976	vpinsrb.gpr	VEX128	128	1	0	0	85	1	vpinsrb xmm0, xmm1, eax, 85
movement_7977	vpinsrb.gpr	VEX128	128	1	0	0	86	1	vpinsrb xmm0, xmm1, eax, 86
movement_7978	vpinsrb.gpr	VEX128	128	1	0	0	87	1	vpinsrb xmm0, xmm1, eax, 87
movement_7979	vpinsrb.gpr	VEX128	128	1	0	0	88	1	vpinsrb xmm0, xmm1, eax, 88
movement_7980	vpinsrb.gpr	VEX128	128	1	0	0	89	1	vpinsrb xmm0, xmm1, eax, 89
movement_7981	vpinsrb.gpr	VEX128	128	1	0	0	90	1	vpinsrb xmm0, xmm1, eax, 90
movement_7982	vpinsrb.gpr	VEX128	128	1	0	0	91	1	vpinsrb xmm0, xmm1, eax, 91
movement_7983	vpinsrb.gpr	VEX128	128	1	0	0	92	1	vpinsrb xmm0, xmm1, eax, 92
movement_7984	vpinsrb.gpr	VEX128	128	1	0	0	93	1	vpinsrb xmm0, xmm1, eax, 93
movement_7985	vpinsrb.gpr	VEX128	128	1	0	0	94	1	vpinsrb xmm0, xmm1, eax, 94
movement_7986	vpinsrb.gpr	VEX128	128	1	0	0	95	1	vpinsrb xmm0, xmm1, eax, 95
movement_7987	vpinsrb.gpr	VEX128	128	1	0	0	96	1	vpinsrb xmm0, xmm1, eax, 96
movement_7988	vpinsrb.gpr	VEX128	128	1	0	0	97	1	vpinsrb xmm0, xmm1, eax, 97
movement_7989	vpinsrb.gpr	VEX128	128	1	0	0	98	1	vpinsrb xmm0, xmm1, eax, 98
movement_7990	vpinsrb.gpr	VEX128	128	1	0	0	99	1	vpinsrb xmm0, xmm1, eax, 99
movement_7991	vpinsrb.gpr	VEX128	128	1	0	0	100	1	vpinsrb xmm0, xmm1, eax, 100
movement_7992	vpinsrb.gpr	VEX128	128	1	0	0	101	1	vpinsrb xmm0, xmm1, eax, 101
movement_7993	vpinsrb.gpr	VEX128	128	1	0	0	102	1	vpinsrb xmm0, xmm1, eax, 102
movement_7994	vpinsrb.gpr	VEX128	128	1	0	0	103	1	vpinsrb xmm0, xmm1, eax, 103
movement_7995	vpinsrb.gpr	VEX128	128	1	0	0	104	1	vpinsrb xmm0, xmm1, eax, 104
movement_7996	vpinsrb.gpr	VEX128	128	1	0	0	105	1	vpinsrb xmm0, xmm1, eax, 105
movement_7997	vpinsrb.gpr	VEX128	128	1	0	0	106	1	vpinsrb xmm0, xmm1, eax, 106
movement_7998	vpinsrb.gpr	VEX128	128	1	0	0	107	1	vpinsrb xmm0, xmm1, eax, 107
movement_7999	vpinsrb.gpr	VEX128	128	1	0	0	108	1	vpinsrb xmm0, xmm1, eax, 108
movement_8000	vpinsrb.gpr	VEX128	128	1	0	0	109	1	vpinsrb xmm0, xmm1, eax, 109
movement_8001	vpinsrb.gpr	VEX128	128	1	0	0	110	1	vpinsrb xmm0, xmm1, eax, 110
movement_8002	vpinsrb.gpr	VEX128	128	1	0	0	111	1	vpinsrb xmm0, xmm1, eax, 111
movement_8003	vpinsrb.gpr	VEX128	128	1	0	0	112	1	vpinsrb xmm0, xmm1, eax, 112
movement_8004	vpinsrb.gpr	VEX128	128	1	0	0	113	1	vpinsrb xmm0, xmm1, eax, 113
movement_8005	vpinsrb.gpr	VEX128	128	1	0	0	114	1	vpinsrb xmm0, xmm1, eax, 114
movement_8006	vpinsrb.gpr	VEX128	128	1	0	0	115	1	vpinsrb xmm0, xmm1, eax, 115
movement_8007	vpinsrb.gpr	VEX128	128	1	0	0	116	1	vpinsrb xmm0, xmm1, eax, 116
movement_8008	vpinsrb.gpr	VEX128	128	1	0	0	117	1	vpinsrb xmm0, xmm1, eax, 117
movement_8009	vpinsrb.gpr	VEX128	128	1	0	0	118	1	vpinsrb xmm0, xmm1, eax, 118
movement_8010	vpinsrb.gpr	VEX128	128	1	0	0	119	1	vpinsrb xmm0, xmm1, eax, 119
movement_8011	vpinsrb.gpr	VEX128	128	1	0	0	120	1	vpinsrb xmm0, xmm1, eax, 120
movement_8012	vpinsrb.gpr	VEX128	128	1	0	0	121	1	vpinsrb xmm0, xmm1, eax, 121
movement_8013	vpinsrb.gpr	VEX128	128	1	0	0	122	1	vpinsrb xmm0, xmm1, eax, 122
movement_8014	vpinsrb.gpr	VEX128	128	1	0	0	123	1	vpinsrb xmm0, xmm1, eax, 123
movement_8015	vpinsrb.gpr	VEX128	128	1	0	0	124	1	vpinsrb xmm0, xmm1, eax, 124
movement_8016	vpinsrb.gpr	VEX128	128	1	0	0	125	1	vpinsrb xmm0, xmm1, eax, 125
movement_8017	vpinsrb.gpr	VEX128	128	1	0	0	126	1	vpinsrb xmm0, xmm1, eax, 126
movement_8018	vpinsrb.gpr	VEX128	128	1	0	0	127	1	vpinsrb xmm0, xmm1, eax, 127
movement_8019	vpinsrb.gpr	VEX128	128	1	0	0	128	1	vpinsrb xmm0, xmm1, eax, 128
movement_8020	vpinsrb.gpr	VEX128	128	1	0	0	129	1	vpinsrb xmm0, xmm1, eax, 129
movement_8021	vpinsrb.gpr	VEX128	128	1	0	0	130	1	vpinsrb xmm0, xmm1, eax, 130
movement_8022	vpinsrb.gpr	VEX128	128	1	0	0	131	1	vpinsrb xmm0, xmm1, eax, 131
movement_8023	vpinsrb.gpr	VEX128	128	1	0	0	132	1	vpinsrb xmm0, xmm1, eax, 132
movement_8024	vpinsrb.gpr	VEX128	128	1	0	0	133	1	vpinsrb xmm0, xmm1, eax, 133
movement_8025	vpinsrb.gpr	VEX128	128	1	0	0	134	1	vpinsrb xmm0, xmm1, eax, 134
movement_8026	vpinsrb.gpr	VEX128	128	1	0	0	135	1	vpinsrb xmm0, xmm1, eax, 135
movement_8027	vpinsrb.gpr	VEX128	128	1	0	0	136	1	vpinsrb xmm0, xmm1, eax, 136
movement_8028	vpinsrb.gpr	VEX128	128	1	0	0	137	1	vpinsrb xmm0, xmm1, eax, 137
movement_8029	vpinsrb.gpr	VEX128	128	1	0	0	138	1	vpinsrb xmm0, xmm1, eax, 138
movement_8030	vpinsrb.gpr	VEX128	128	1	0	0	139	1	vpinsrb xmm0, xmm1, eax, 139
movement_8031	vpinsrb.gpr	VEX128	128	1	0	0	140	1	vpinsrb xmm0, xmm1, eax, 140
movement_8032	vpinsrb.gpr	VEX128	128	1	0	0	141	1	vpinsrb xmm0, xmm1, eax, 141
movement_8033	vpinsrb.gpr	VEX128	128	1	0	0	142	1	vpinsrb xmm0, xmm1, eax, 142
movement_8034	vpinsrb.gpr	VEX128	128	1	0	0	143	1	vpinsrb xmm0, xmm1, eax, 143
movement_8035	vpinsrb.gpr	VEX128	128	1	0	0	144	1	vpinsrb xmm0, xmm1, eax, 144
movement_8036	vpinsrb.gpr	VEX128	128	1	0	0	145	1	vpinsrb xmm0, xmm1, eax, 145
movement_8037	vpinsrb.gpr	VEX128	128	1	0	0	146	1	vpinsrb xmm0, xmm1, eax, 146
movement_8038	vpinsrb.gpr	VEX128	128	1	0	0	147	1	vpinsrb xmm0, xmm1, eax, 147
movement_8039	vpinsrb.gpr	VEX128	128	1	0	0	148	1	vpinsrb xmm0, xmm1, eax, 148
movement_8040	vpinsrb.gpr	VEX128	128	1	0	0	149	1	vpinsrb xmm0, xmm1, eax, 149
movement_8041	vpinsrb.gpr	VEX128	128	1	0	0	150	1	vpinsrb xmm0, xmm1, eax, 150
movement_8042	vpinsrb.gpr	VEX128	128	1	0	0	151	1	vpinsrb xmm0, xmm1, eax, 151
movement_8043	vpinsrb.gpr	VEX128	128	1	0	0	152	1	vpinsrb xmm0, xmm1, eax, 152
movement_8044	vpinsrb.gpr	VEX128	128	1	0	0	153	1	vpinsrb xmm0, xmm1, eax, 153
movement_8045	vpinsrb.gpr	VEX128	128	1	0	0	154	1	vpinsrb xmm0, xmm1, eax, 154
movement_8046	vpinsrb.gpr	VEX128	128	1	0	0	155	1	vpinsrb xmm0, xmm1, eax, 155
movement_8047	vpinsrb.gpr	VEX128	128	1	0	0	156	1	vpinsrb xmm0, xmm1, eax, 156
movement_8048	vpinsrb.gpr	VEX128	128	1	0	0	157	1	vpinsrb xmm0, xmm1, eax, 157
movement_8049	vpinsrb.gpr	VEX128	128	1	0	0	158	1	vpinsrb xmm0, xmm1, eax, 158
movement_8050	vpinsrb.gpr	VEX128	128	1	0	0	159	1	vpinsrb xmm0, xmm1, eax, 159
movement_8051	vpinsrb.gpr	VEX128	128	1	0	0	160	1	vpinsrb xmm0, xmm1, eax, 160
movement_8052	vpinsrb.gpr	VEX128	128	1	0	0	161	1	vpinsrb xmm0, xmm1, eax, 161
movement_8053	vpinsrb.gpr	VEX128	128	1	0	0	162	1	vpinsrb xmm0, xmm1, eax, 162
movement_8054	vpinsrb.gpr	VEX128	128	1	0	0	163	1	vpinsrb xmm0, xmm1, eax, 163
movement_8055	vpinsrb.gpr	VEX128	128	1	0	0	164	1	vpinsrb xmm0, xmm1, eax, 164
movement_8056	vpinsrb.gpr	VEX128	128	1	0	0	165	1	vpinsrb xmm0, xmm1, eax, 165
movement_8057	vpinsrb.gpr	VEX128	128	1	0	0	166	1	vpinsrb xmm0, xmm1, eax, 166
movement_8058	vpinsrb.gpr	VEX128	128	1	0	0	167	1	vpinsrb xmm0, xmm1, eax, 167
movement_8059	vpinsrb.gpr	VEX128	128	1	0	0	168	1	vpinsrb xmm0, xmm1, eax, 168
movement_8060	vpinsrb.gpr	VEX128	128	1	0	0	169	1	vpinsrb xmm0, xmm1, eax, 169
movement_8061	vpinsrb.gpr	VEX128	128	1	0	0	170	1	vpinsrb xmm0, xmm1, eax, 170
movement_8062	vpinsrb.gpr	VEX128	128	1	0	0	171	1	vpinsrb xmm0, xmm1, eax, 171
movement_8063	vpinsrb.gpr	VEX128	128	1	0	0	172	1	vpinsrb xmm0, xmm1, eax, 172
movement_8064	vpinsrb.gpr	VEX128	128	1	0	0	173	1	vpinsrb xmm0, xmm1, eax, 173
movement_8065	vpinsrb.gpr	VEX128	128	1	0	0	174	1	vpinsrb xmm0, xmm1, eax, 174
movement_8066	vpinsrb.gpr	VEX128	128	1	0	0	175	1	vpinsrb xmm0, xmm1, eax, 175
movement_8067	vpinsrb.gpr	VEX128	128	1	0	0	176	1	vpinsrb xmm0, xmm1, eax, 176
movement_8068	vpinsrb.gpr	VEX128	128	1	0	0	177	1	vpinsrb xmm0, xmm1, eax, 177
movement_8069	vpinsrb.gpr	VEX128	128	1	0	0	178	1	vpinsrb xmm0, xmm1, eax, 178
movement_8070	vpinsrb.gpr	VEX128	128	1	0	0	179	1	vpinsrb xmm0, xmm1, eax, 179
movement_8071	vpinsrb.gpr	VEX128	128	1	0	0	180	1	vpinsrb xmm0, xmm1, eax, 180
movement_8072	vpinsrb.gpr	VEX128	128	1	0	0	181	1	vpinsrb xmm0, xmm1, eax, 181
movement_8073	vpinsrb.gpr	VEX128	128	1	0	0	182	1	vpinsrb xmm0, xmm1, eax, 182
movement_8074	vpinsrb.gpr	VEX128	128	1	0	0	183	1	vpinsrb xmm0, xmm1, eax, 183
movement_8075	vpinsrb.gpr	VEX128	128	1	0	0	184	1	vpinsrb xmm0, xmm1, eax, 184
movement_8076	vpinsrb.gpr	VEX128	128	1	0	0	185	1	vpinsrb xmm0, xmm1, eax, 185
movement_8077	vpinsrb.gpr	VEX128	128	1	0	0	186	1	vpinsrb xmm0, xmm1, eax, 186
movement_8078	vpinsrb.gpr	VEX128	128	1	0	0	187	1	vpinsrb xmm0, xmm1, eax, 187
movement_8079	vpinsrb.gpr	VEX128	128	1	0	0	188	1	vpinsrb xmm0, xmm1, eax, 188
movement_8080	vpinsrb.gpr	VEX128	128	1	0	0	189	1	vpinsrb xmm0, xmm1, eax, 189
movement_8081	vpinsrb.gpr	VEX128	128	1	0	0	190	1	vpinsrb xmm0, xmm1, eax, 190
movement_8082	vpinsrb.gpr	VEX128	128	1	0	0	191	1	vpinsrb xmm0, xmm1, eax, 191
movement_8083	vpinsrb.gpr	VEX128	128	1	0	0	192	1	vpinsrb xmm0, xmm1, eax, 192
movement_8084	vpinsrb.gpr	VEX128	128	1	0	0	193	1	vpinsrb xmm0, xmm1, eax, 193
movement_8085	vpinsrb.gpr	VEX128	128	1	0	0	194	1	vpinsrb xmm0, xmm1, eax, 194
movement_8086	vpinsrb.gpr	VEX128	128	1	0	0	195	1	vpinsrb xmm0, xmm1, eax, 195
movement_8087	vpinsrb.gpr	VEX128	128	1	0	0	196	1	vpinsrb xmm0, xmm1, eax, 196
movement_8088	vpinsrb.gpr	VEX128	128	1	0	0	197	1	vpinsrb xmm0, xmm1, eax, 197
movement_8089	vpinsrb.gpr	VEX128	128	1	0	0	198	1	vpinsrb xmm0, xmm1, eax, 198
movement_8090	vpinsrb.gpr	VEX128	128	1	0	0	199	1	vpinsrb xmm0, xmm1, eax, 199
movement_8091	vpinsrb.gpr	VEX128	128	1	0	0	200	1	vpinsrb xmm0, xmm1, eax, 200
movement_8092	vpinsrb.gpr	VEX128	128	1	0	0	201	1	vpinsrb xmm0, xmm1, eax, 201
movement_8093	vpinsrb.gpr	VEX128	128	1	0	0	202	1	vpinsrb xmm0, xmm1, eax, 202
movement_8094	vpinsrb.gpr	VEX128	128	1	0	0	203	1	vpinsrb xmm0, xmm1, eax, 203
movement_8095	vpinsrb.gpr	VEX128	128	1	0	0	204	1	vpinsrb xmm0, xmm1, eax, 204
movement_8096	vpinsrb.gpr	VEX128	128	1	0	0	205	1	vpinsrb xmm0, xmm1, eax, 205
movement_8097	vpinsrb.gpr	VEX128	128	1	0	0	206	1	vpinsrb xmm0, xmm1, eax, 206
movement_8098	vpinsrb.gpr	VEX128	128	1	0	0	207	1	vpinsrb xmm0, xmm1, eax, 207
movement_8099	vpinsrb.gpr	VEX128	128	1	0	0	208	1	vpinsrb xmm0, xmm1, eax, 208
movement_8100	vpinsrb.gpr	VEX128	128	1	0	0	209	1	vpinsrb xmm0, xmm1, eax, 209
movement_8101	vpinsrb.gpr	VEX128	128	1	0	0	210	1	vpinsrb xmm0, xmm1, eax, 210
movement_8102	vpinsrb.gpr	VEX128	128	1	0	0	211	1	vpinsrb xmm0, xmm1, eax, 211
movement_8103	vpinsrb.gpr	VEX128	128	1	0	0	212	1	vpinsrb xmm0, xmm1, eax, 212
movement_8104	vpinsrb.gpr	VEX128	128	1	0	0	213	1	vpinsrb xmm0, xmm1, eax, 213
movement_8105	vpinsrb.gpr	VEX128	128	1	0	0	214	1	vpinsrb xmm0, xmm1, eax, 214
movement_8106	vpinsrb.gpr	VEX128	128	1	0	0	215	1	vpinsrb xmm0, xmm1, eax, 215
movement_8107	vpinsrb.gpr	VEX128	128	1	0	0	216	1	vpinsrb xmm0, xmm1, eax, 216
movement_8108	vpinsrb.gpr	VEX128	128	1	0	0	217	1	vpinsrb xmm0, xmm1, eax, 217
movement_8109	vpinsrb.gpr	VEX128	128	1	0	0	218	1	vpinsrb xmm0, xmm1, eax, 218
movement_8110	vpinsrb.gpr	VEX128	128	1	0	0	219	1	vpinsrb xmm0, xmm1, eax, 219
movement_8111	vpinsrb.gpr	VEX128	128	1	0	0	220	1	vpinsrb xmm0, xmm1, eax, 220
movement_8112	vpinsrb.gpr	VEX128	128	1	0	0	221	1	vpinsrb xmm0, xmm1, eax, 221
movement_8113	vpinsrb.gpr	VEX128	128	1	0	0	222	1	vpinsrb xmm0, xmm1, eax, 222
movement_8114	vpinsrb.gpr	VEX128	128	1	0	0	223	1	vpinsrb xmm0, xmm1, eax, 223
movement_8115	vpinsrb.gpr	VEX128	128	1	0	0	224	1	vpinsrb xmm0, xmm1, eax, 224
movement_8116	vpinsrb.gpr	VEX128	128	1	0	0	225	1	vpinsrb xmm0, xmm1, eax, 225
movement_8117	vpinsrb.gpr	VEX128	128	1	0	0	226	1	vpinsrb xmm0, xmm1, eax, 226
movement_8118	vpinsrb.gpr	VEX128	128	1	0	0	227	1	vpinsrb xmm0, xmm1, eax, 227
movement_8119	vpinsrb.gpr	VEX128	128	1	0	0	228	1	vpinsrb xmm0, xmm1, eax, 228
movement_8120	vpinsrb.gpr	VEX128	128	1	0	0	229	1	vpinsrb xmm0, xmm1, eax, 229
movement_8121	vpinsrb.gpr	VEX128	128	1	0	0	230	1	vpinsrb xmm0, xmm1, eax, 230
movement_8122	vpinsrb.gpr	VEX128	128	1	0	0	231	1	vpinsrb xmm0, xmm1, eax, 231
movement_8123	vpinsrb.gpr	VEX128	128	1	0	0	232	1	vpinsrb xmm0, xmm1, eax, 232
movement_8124	vpinsrb.gpr	VEX128	128	1	0	0	233	1	vpinsrb xmm0, xmm1, eax, 233
movement_8125	vpinsrb.gpr	VEX128	128	1	0	0	234	1	vpinsrb xmm0, xmm1, eax, 234
movement_8126	vpinsrb.gpr	VEX128	128	1	0	0	235	1	vpinsrb xmm0, xmm1, eax, 235
movement_8127	vpinsrb.gpr	VEX128	128	1	0	0	236	1	vpinsrb xmm0, xmm1, eax, 236
movement_8128	vpinsrb.gpr	VEX128	128	1	0	0	237	1	vpinsrb xmm0, xmm1, eax, 237
movement_8129	vpinsrb.gpr	VEX128	128	1	0	0	238	1	vpinsrb xmm0, xmm1, eax, 238
movement_8130	vpinsrb.gpr	VEX128	128	1	0	0	239	1	vpinsrb xmm0, xmm1, eax, 239
movement_8131	vpinsrb.gpr	VEX128	128	1	0	0	240	1	vpinsrb xmm0, xmm1, eax, 240
movement_8132	vpinsrb.gpr	VEX128	128	1	0	0	241	1	vpinsrb xmm0, xmm1, eax, 241
movement_8133	vpinsrb.gpr	VEX128	128	1	0	0	242	1	vpinsrb xmm0, xmm1, eax, 242
movement_8134	vpinsrb.gpr	VEX128	128	1	0	0	243	1	vpinsrb xmm0, xmm1, eax, 243
movement_8135	vpinsrb.gpr	VEX128	128	1	0	0	244	1	vpinsrb xmm0, xmm1, eax, 244
movement_8136	vpinsrb.gpr	VEX128	128	1	0	0	245	1	vpinsrb xmm0, xmm1, eax, 245
movement_8137	vpinsrb.gpr	VEX128	128	1	0	0	246	1	vpinsrb xmm0, xmm1, eax, 246
movement_8138	vpinsrb.gpr	VEX128	128	1	0	0	247	1	vpinsrb xmm0, xmm1, eax, 247
movement_8139	vpinsrb.gpr	VEX128	128	1	0	0	248	1	vpinsrb xmm0, xmm1, eax, 248
movement_8140	vpinsrb.gpr	VEX128	128	1	0	0	249	1	vpinsrb xmm0, xmm1, eax, 249
movement_8141	vpinsrb.gpr	VEX128	128	1	0	0	250	1	vpinsrb xmm0, xmm1, eax, 250
movement_8142	vpinsrb.gpr	VEX128	128	1	0	0	251	1	vpinsrb xmm0, xmm1, eax, 251
movement_8143	vpinsrb.gpr	VEX128	128	1	0	0	252	1	vpinsrb xmm0, xmm1, eax, 252
movement_8144	vpinsrb.gpr	VEX128	128	1	0	0	253	1	vpinsrb xmm0, xmm1, eax, 253
movement_8145	vpinsrb.gpr	VEX128	128	1	0	0	254	1	vpinsrb xmm0, xmm1, eax, 254
movement_8146	vpinsrb.gpr	VEX128	128	1	0	0	255	1	vpinsrb xmm0, xmm1, eax, 255
movement_8147	vpinsrb.mem	VEX128	128	1	0	1	0	1	vpinsrb xmm0, xmm1, [rsi], 0
movement_8148	vpinsrb.mem	VEX128	128	1	0	1	1	1	vpinsrb xmm0, xmm1, [rsi], 1
movement_8149	vpinsrb.mem	VEX128	128	1	0	1	2	1	vpinsrb xmm0, xmm1, [rsi], 2
movement_8150	vpinsrb.mem	VEX128	128	1	0	1	3	1	vpinsrb xmm0, xmm1, [rsi], 3
movement_8151	vpinsrb.mem	VEX128	128	1	0	1	4	1	vpinsrb xmm0, xmm1, [rsi], 4
movement_8152	vpinsrb.mem	VEX128	128	1	0	1	5	1	vpinsrb xmm0, xmm1, [rsi], 5
movement_8153	vpinsrb.mem	VEX128	128	1	0	1	6	1	vpinsrb xmm0, xmm1, [rsi], 6
movement_8154	vpinsrb.mem	VEX128	128	1	0	1	7	1	vpinsrb xmm0, xmm1, [rsi], 7
movement_8155	vpinsrb.mem	VEX128	128	1	0	1	8	1	vpinsrb xmm0, xmm1, [rsi], 8
movement_8156	vpinsrb.mem	VEX128	128	1	0	1	9	1	vpinsrb xmm0, xmm1, [rsi], 9
movement_8157	vpinsrb.mem	VEX128	128	1	0	1	10	1	vpinsrb xmm0, xmm1, [rsi], 10
movement_8158	vpinsrb.mem	VEX128	128	1	0	1	11	1	vpinsrb xmm0, xmm1, [rsi], 11
movement_8159	vpinsrb.mem	VEX128	128	1	0	1	12	1	vpinsrb xmm0, xmm1, [rsi], 12
movement_8160	vpinsrb.mem	VEX128	128	1	0	1	13	1	vpinsrb xmm0, xmm1, [rsi], 13
movement_8161	vpinsrb.mem	VEX128	128	1	0	1	14	1	vpinsrb xmm0, xmm1, [rsi], 14
movement_8162	vpinsrb.mem	VEX128	128	1	0	1	15	1	vpinsrb xmm0, xmm1, [rsi], 15
movement_8163	vpinsrb.mem	VEX128	128	1	0	1	16	1	vpinsrb xmm0, xmm1, [rsi], 16
movement_8164	vpinsrb.mem	VEX128	128	1	0	1	17	1	vpinsrb xmm0, xmm1, [rsi], 17
movement_8165	vpinsrb.mem	VEX128	128	1	0	1	18	1	vpinsrb xmm0, xmm1, [rsi], 18
movement_8166	vpinsrb.mem	VEX128	128	1	0	1	19	1	vpinsrb xmm0, xmm1, [rsi], 19
movement_8167	vpinsrb.mem	VEX128	128	1	0	1	20	1	vpinsrb xmm0, xmm1, [rsi], 20
movement_8168	vpinsrb.mem	VEX128	128	1	0	1	21	1	vpinsrb xmm0, xmm1, [rsi], 21
movement_8169	vpinsrb.mem	VEX128	128	1	0	1	22	1	vpinsrb xmm0, xmm1, [rsi], 22
movement_8170	vpinsrb.mem	VEX128	128	1	0	1	23	1	vpinsrb xmm0, xmm1, [rsi], 23
movement_8171	vpinsrb.mem	VEX128	128	1	0	1	24	1	vpinsrb xmm0, xmm1, [rsi], 24
movement_8172	vpinsrb.mem	VEX128	128	1	0	1	25	1	vpinsrb xmm0, xmm1, [rsi], 25
movement_8173	vpinsrb.mem	VEX128	128	1	0	1	26	1	vpinsrb xmm0, xmm1, [rsi], 26
movement_8174	vpinsrb.mem	VEX128	128	1	0	1	27	1	vpinsrb xmm0, xmm1, [rsi], 27
movement_8175	vpinsrb.mem	VEX128	128	1	0	1	28	1	vpinsrb xmm0, xmm1, [rsi], 28
movement_8176	vpinsrb.mem	VEX128	128	1	0	1	29	1	vpinsrb xmm0, xmm1, [rsi], 29
movement_8177	vpinsrb.mem	VEX128	128	1	0	1	30	1	vpinsrb xmm0, xmm1, [rsi], 30
movement_8178	vpinsrb.mem	VEX128	128	1	0	1	31	1	vpinsrb xmm0, xmm1, [rsi], 31
movement_8179	vpinsrb.mem	VEX128	128	1	0	1	32	1	vpinsrb xmm0, xmm1, [rsi], 32
movement_8180	vpinsrb.mem	VEX128	128	1	0	1	33	1	vpinsrb xmm0, xmm1, [rsi], 33
movement_8181	vpinsrb.mem	VEX128	128	1	0	1	34	1	vpinsrb xmm0, xmm1, [rsi], 34
movement_8182	vpinsrb.mem	VEX128	128	1	0	1	35	1	vpinsrb xmm0, xmm1, [rsi], 35
movement_8183	vpinsrb.mem	VEX128	128	1	0	1	36	1	vpinsrb xmm0, xmm1, [rsi], 36
movement_8184	vpinsrb.mem	VEX128	128	1	0	1	37	1	vpinsrb xmm0, xmm1, [rsi], 37
movement_8185	vpinsrb.mem	VEX128	128	1	0	1	38	1	vpinsrb xmm0, xmm1, [rsi], 38
movement_8186	vpinsrb.mem	VEX128	128	1	0	1	39	1	vpinsrb xmm0, xmm1, [rsi], 39
movement_8187	vpinsrb.mem	VEX128	128	1	0	1	40	1	vpinsrb xmm0, xmm1, [rsi], 40
movement_8188	vpinsrb.mem	VEX128	128	1	0	1	41	1	vpinsrb xmm0, xmm1, [rsi], 41
movement_8189	vpinsrb.mem	VEX128	128	1	0	1	42	1	vpinsrb xmm0, xmm1, [rsi], 42
movement_8190	vpinsrb.mem	VEX128	128	1	0	1	43	1	vpinsrb xmm0, xmm1, [rsi], 43
movement_8191	vpinsrb.mem	VEX128	128	1	0	1	44	1	vpinsrb xmm0, xmm1, [rsi], 44
movement_8192	vpinsrb.mem	VEX128	128	1	0	1	45	1	vpinsrb xmm0, xmm1, [rsi], 45
movement_8193	vpinsrb.mem	VEX128	128	1	0	1	46	1	vpinsrb xmm0, xmm1, [rsi], 46
movement_8194	vpinsrb.mem	VEX128	128	1	0	1	47	1	vpinsrb xmm0, xmm1, [rsi], 47
movement_8195	vpinsrb.mem	VEX128	128	1	0	1	48	1	vpinsrb xmm0, xmm1, [rsi], 48
movement_8196	vpinsrb.mem	VEX128	128	1	0	1	49	1	vpinsrb xmm0, xmm1, [rsi], 49
movement_8197	vpinsrb.mem	VEX128	128	1	0	1	50	1	vpinsrb xmm0, xmm1, [rsi], 50
movement_8198	vpinsrb.mem	VEX128	128	1	0	1	51	1	vpinsrb xmm0, xmm1, [rsi], 51
movement_8199	vpinsrb.mem	VEX128	128	1	0	1	52	1	vpinsrb xmm0, xmm1, [rsi], 52
movement_8200	vpinsrb.mem	VEX128	128	1	0	1	53	1	vpinsrb xmm0, xmm1, [rsi], 53
movement_8201	vpinsrb.mem	VEX128	128	1	0	1	54	1	vpinsrb xmm0, xmm1, [rsi], 54
movement_8202	vpinsrb.mem	VEX128	128	1	0	1	55	1	vpinsrb xmm0, xmm1, [rsi], 55
movement_8203	vpinsrb.mem	VEX128	128	1	0	1	56	1	vpinsrb xmm0, xmm1, [rsi], 56
movement_8204	vpinsrb.mem	VEX128	128	1	0	1	57	1	vpinsrb xmm0, xmm1, [rsi], 57
movement_8205	vpinsrb.mem	VEX128	128	1	0	1	58	1	vpinsrb xmm0, xmm1, [rsi], 58
movement_8206	vpinsrb.mem	VEX128	128	1	0	1	59	1	vpinsrb xmm0, xmm1, [rsi], 59
movement_8207	vpinsrb.mem	VEX128	128	1	0	1	60	1	vpinsrb xmm0, xmm1, [rsi], 60
movement_8208	vpinsrb.mem	VEX128	128	1	0	1	61	1	vpinsrb xmm0, xmm1, [rsi], 61
movement_8209	vpinsrb.mem	VEX128	128	1	0	1	62	1	vpinsrb xmm0, xmm1, [rsi], 62
movement_8210	vpinsrb.mem	VEX128	128	1	0	1	63	1	vpinsrb xmm0, xmm1, [rsi], 63
movement_8211	vpinsrb.mem	VEX128	128	1	0	1	64	1	vpinsrb xmm0, xmm1, [rsi], 64
movement_8212	vpinsrb.mem	VEX128	128	1	0	1	65	1	vpinsrb xmm0, xmm1, [rsi], 65
movement_8213	vpinsrb.mem	VEX128	128	1	0	1	66	1	vpinsrb xmm0, xmm1, [rsi], 66
movement_8214	vpinsrb.mem	VEX128	128	1	0	1	67	1	vpinsrb xmm0, xmm1, [rsi], 67
movement_8215	vpinsrb.mem	VEX128	128	1	0	1	68	1	vpinsrb xmm0, xmm1, [rsi], 68
movement_8216	vpinsrb.mem	VEX128	128	1	0	1	69	1	vpinsrb xmm0, xmm1, [rsi], 69
movement_8217	vpinsrb.mem	VEX128	128	1	0	1	70	1	vpinsrb xmm0, xmm1, [rsi], 70
movement_8218	vpinsrb.mem	VEX128	128	1	0	1	71	1	vpinsrb xmm0, xmm1, [rsi], 71
movement_8219	vpinsrb.mem	VEX128	128	1	0	1	72	1	vpinsrb xmm0, xmm1, [rsi], 72
movement_8220	vpinsrb.mem	VEX128	128	1	0	1	73	1	vpinsrb xmm0, xmm1, [rsi], 73
movement_8221	vpinsrb.mem	VEX128	128	1	0	1	74	1	vpinsrb xmm0, xmm1, [rsi], 74
movement_8222	vpinsrb.mem	VEX128	128	1	0	1	75	1	vpinsrb xmm0, xmm1, [rsi], 75
movement_8223	vpinsrb.mem	VEX128	128	1	0	1	76	1	vpinsrb xmm0, xmm1, [rsi], 76
movement_8224	vpinsrb.mem	VEX128	128	1	0	1	77	1	vpinsrb xmm0, xmm1, [rsi], 77
movement_8225	vpinsrb.mem	VEX128	128	1	0	1	78	1	vpinsrb xmm0, xmm1, [rsi], 78
movement_8226	vpinsrb.mem	VEX128	128	1	0	1	79	1	vpinsrb xmm0, xmm1, [rsi], 79
movement_8227	vpinsrb.mem	VEX128	128	1	0	1	80	1	vpinsrb xmm0, xmm1, [rsi], 80
movement_8228	vpinsrb.mem	VEX128	128	1	0	1	81	1	vpinsrb xmm0, xmm1, [rsi], 81
movement_8229	vpinsrb.mem	VEX128	128	1	0	1	82	1	vpinsrb xmm0, xmm1, [rsi], 82
movement_8230	vpinsrb.mem	VEX128	128	1	0	1	83	1	vpinsrb xmm0, xmm1, [rsi], 83
movement_8231	vpinsrb.mem	VEX128	128	1	0	1	84	1	vpinsrb xmm0, xmm1, [rsi], 84
movement_8232	vpinsrb.mem	VEX128	128	1	0	1	85	1	vpinsrb xmm0, xmm1, [rsi], 85
movement_8233	vpinsrb.mem	VEX128	128	1	0	1	86	1	vpinsrb xmm0, xmm1, [rsi], 86
movement_8234	vpinsrb.mem	VEX128	128	1	0	1	87	1	vpinsrb xmm0, xmm1, [rsi], 87
movement_8235	vpinsrb.mem	VEX128	128	1	0	1	88	1	vpinsrb xmm0, xmm1, [rsi], 88
movement_8236	vpinsrb.mem	VEX128	128	1	0	1	89	1	vpinsrb xmm0, xmm1, [rsi], 89
movement_8237	vpinsrb.mem	VEX128	128	1	0	1	90	1	vpinsrb xmm0, xmm1, [rsi], 90
movement_8238	vpinsrb.mem	VEX128	128	1	0	1	91	1	vpinsrb xmm0, xmm1, [rsi], 91
movement_8239	vpinsrb.mem	VEX128	128	1	0	1	92	1	vpinsrb xmm0, xmm1, [rsi], 92
movement_8240	vpinsrb.mem	VEX128	128	1	0	1	93	1	vpinsrb xmm0, xmm1, [rsi], 93
movement_8241	vpinsrb.mem	VEX128	128	1	0	1	94	1	vpinsrb xmm0, xmm1, [rsi], 94
movement_8242	vpinsrb.mem	VEX128	128	1	0	1	95	1	vpinsrb xmm0, xmm1, [rsi], 95
movement_8243	vpinsrb.mem	VEX128	128	1	0	1	96	1	vpinsrb xmm0, xmm1, [rsi], 96
movement_8244	vpinsrb.mem	VEX128	128	1	0	1	97	1	vpinsrb xmm0, xmm1, [rsi], 97
movement_8245	vpinsrb.mem	VEX128	128	1	0	1	98	1	vpinsrb xmm0, xmm1, [rsi], 98
movement_8246	vpinsrb.mem	VEX128	128	1	0	1	99	1	vpinsrb xmm0, xmm1, [rsi], 99
movement_8247	vpinsrb.mem	VEX128	128	1	0	1	100	1	vpinsrb xmm0, xmm1, [rsi], 100
movement_8248	vpinsrb.mem	VEX128	128	1	0	1	101	1	vpinsrb xmm0, xmm1, [rsi], 101
movement_8249	vpinsrb.mem	VEX128	128	1	0	1	102	1	vpinsrb xmm0, xmm1, [rsi], 102
movement_8250	vpinsrb.mem	VEX128	128	1	0	1	103	1	vpinsrb xmm0, xmm1, [rsi], 103
movement_8251	vpinsrb.mem	VEX128	128	1	0	1	104	1	vpinsrb xmm0, xmm1, [rsi], 104
movement_8252	vpinsrb.mem	VEX128	128	1	0	1	105	1	vpinsrb xmm0, xmm1, [rsi], 105
movement_8253	vpinsrb.mem	VEX128	128	1	0	1	106	1	vpinsrb xmm0, xmm1, [rsi], 106
movement_8254	vpinsrb.mem	VEX128	128	1	0	1	107	1	vpinsrb xmm0, xmm1, [rsi], 107
movement_8255	vpinsrb.mem	VEX128	128	1	0	1	108	1	vpinsrb xmm0, xmm1, [rsi], 108
movement_8256	vpinsrb.mem	VEX128	128	1	0	1	109	1	vpinsrb xmm0, xmm1, [rsi], 109
movement_8257	vpinsrb.mem	VEX128	128	1	0	1	110	1	vpinsrb xmm0, xmm1, [rsi], 110
movement_8258	vpinsrb.mem	VEX128	128	1	0	1	111	1	vpinsrb xmm0, xmm1, [rsi], 111
movement_8259	vpinsrb.mem	VEX128	128	1	0	1	112	1	vpinsrb xmm0, xmm1, [rsi], 112
movement_8260	vpinsrb.mem	VEX128	128	1	0	1	113	1	vpinsrb xmm0, xmm1, [rsi], 113
movement_8261	vpinsrb.mem	VEX128	128	1	0	1	114	1	vpinsrb xmm0, xmm1, [rsi], 114
movement_8262	vpinsrb.mem	VEX128	128	1	0	1	115	1	vpinsrb xmm0, xmm1, [rsi], 115
movement_8263	vpinsrb.mem	VEX128	128	1	0	1	116	1	vpinsrb xmm0, xmm1, [rsi], 116
movement_8264	vpinsrb.mem	VEX128	128	1	0	1	117	1	vpinsrb xmm0, xmm1, [rsi], 117
movement_8265	vpinsrb.mem	VEX128	128	1	0	1	118	1	vpinsrb xmm0, xmm1, [rsi], 118
movement_8266	vpinsrb.mem	VEX128	128	1	0	1	119	1	vpinsrb xmm0, xmm1, [rsi], 119
movement_8267	vpinsrb.mem	VEX128	128	1	0	1	120	1	vpinsrb xmm0, xmm1, [rsi], 120
movement_8268	vpinsrb.mem	VEX128	128	1	0	1	121	1	vpinsrb xmm0, xmm1, [rsi], 121
movement_8269	vpinsrb.mem	VEX128	128	1	0	1	122	1	vpinsrb xmm0, xmm1, [rsi], 122
movement_8270	vpinsrb.mem	VEX128	128	1	0	1	123	1	vpinsrb xmm0, xmm1, [rsi], 123
movement_8271	vpinsrb.mem	VEX128	128	1	0	1	124	1	vpinsrb xmm0, xmm1, [rsi], 124
movement_8272	vpinsrb.mem	VEX128	128	1	0	1	125	1	vpinsrb xmm0, xmm1, [rsi], 125
movement_8273	vpinsrb.mem	VEX128	128	1	0	1	126	1	vpinsrb xmm0, xmm1, [rsi], 126
movement_8274	vpinsrb.mem	VEX128	128	1	0	1	127	1	vpinsrb xmm0, xmm1, [rsi], 127
movement_8275	vpinsrb.mem	VEX128	128	1	0	1	128	1	vpinsrb xmm0, xmm1, [rsi], 128
movement_8276	vpinsrb.mem	VEX128	128	1	0	1	129	1	vpinsrb xmm0, xmm1, [rsi], 129
movement_8277	vpinsrb.mem	VEX128	128	1	0	1	130	1	vpinsrb xmm0, xmm1, [rsi], 130
movement_8278	vpinsrb.mem	VEX128	128	1	0	1	131	1	vpinsrb xmm0, xmm1, [rsi], 131
movement_8279	vpinsrb.mem	VEX128	128	1	0	1	132	1	vpinsrb xmm0, xmm1, [rsi], 132
movement_8280	vpinsrb.mem	VEX128	128	1	0	1	133	1	vpinsrb xmm0, xmm1, [rsi], 133
movement_8281	vpinsrb.mem	VEX128	128	1	0	1	134	1	vpinsrb xmm0, xmm1, [rsi], 134
movement_8282	vpinsrb.mem	VEX128	128	1	0	1	135	1	vpinsrb xmm0, xmm1, [rsi], 135
movement_8283	vpinsrb.mem	VEX128	128	1	0	1	136	1	vpinsrb xmm0, xmm1, [rsi], 136
movement_8284	vpinsrb.mem	VEX128	128	1	0	1	137	1	vpinsrb xmm0, xmm1, [rsi], 137
movement_8285	vpinsrb.mem	VEX128	128	1	0	1	138	1	vpinsrb xmm0, xmm1, [rsi], 138
movement_8286	vpinsrb.mem	VEX128	128	1	0	1	139	1	vpinsrb xmm0, xmm1, [rsi], 139
movement_8287	vpinsrb.mem	VEX128	128	1	0	1	140	1	vpinsrb xmm0, xmm1, [rsi], 140
movement_8288	vpinsrb.mem	VEX128	128	1	0	1	141	1	vpinsrb xmm0, xmm1, [rsi], 141
movement_8289	vpinsrb.mem	VEX128	128	1	0	1	142	1	vpinsrb xmm0, xmm1, [rsi], 142
movement_8290	vpinsrb.mem	VEX128	128	1	0	1	143	1	vpinsrb xmm0, xmm1, [rsi], 143
movement_8291	vpinsrb.mem	VEX128	128	1	0	1	144	1	vpinsrb xmm0, xmm1, [rsi], 144
movement_8292	vpinsrb.mem	VEX128	128	1	0	1	145	1	vpinsrb xmm0, xmm1, [rsi], 145
movement_8293	vpinsrb.mem	VEX128	128	1	0	1	146	1	vpinsrb xmm0, xmm1, [rsi], 146
movement_8294	vpinsrb.mem	VEX128	128	1	0	1	147	1	vpinsrb xmm0, xmm1, [rsi], 147
movement_8295	vpinsrb.mem	VEX128	128	1	0	1	148	1	vpinsrb xmm0, xmm1, [rsi], 148
movement_8296	vpinsrb.mem	VEX128	128	1	0	1	149	1	vpinsrb xmm0, xmm1, [rsi], 149
movement_8297	vpinsrb.mem	VEX128	128	1	0	1	150	1	vpinsrb xmm0, xmm1, [rsi], 150
movement_8298	vpinsrb.mem	VEX128	128	1	0	1	151	1	vpinsrb xmm0, xmm1, [rsi], 151
movement_8299	vpinsrb.mem	VEX128	128	1	0	1	152	1	vpinsrb xmm0, xmm1, [rsi], 152
movement_8300	vpinsrb.mem	VEX128	128	1	0	1	153	1	vpinsrb xmm0, xmm1, [rsi], 153
movement_8301	vpinsrb.mem	VEX128	128	1	0	1	154	1	vpinsrb xmm0, xmm1, [rsi], 154
movement_8302	vpinsrb.mem	VEX128	128	1	0	1	155	1	vpinsrb xmm0, xmm1, [rsi], 155
movement_8303	vpinsrb.mem	VEX128	128	1	0	1	156	1	vpinsrb xmm0, xmm1, [rsi], 156
movement_8304	vpinsrb.mem	VEX128	128	1	0	1	157	1	vpinsrb xmm0, xmm1, [rsi], 157
movement_8305	vpinsrb.mem	VEX128	128	1	0	1	158	1	vpinsrb xmm0, xmm1, [rsi], 158
movement_8306	vpinsrb.mem	VEX128	128	1	0	1	159	1	vpinsrb xmm0, xmm1, [rsi], 159
movement_8307	vpinsrb.mem	VEX128	128	1	0	1	160	1	vpinsrb xmm0, xmm1, [rsi], 160
movement_8308	vpinsrb.mem	VEX128	128	1	0	1	161	1	vpinsrb xmm0, xmm1, [rsi], 161
movement_8309	vpinsrb.mem	VEX128	128	1	0	1	162	1	vpinsrb xmm0, xmm1, [rsi], 162
movement_8310	vpinsrb.mem	VEX128	128	1	0	1	163	1	vpinsrb xmm0, xmm1, [rsi], 163
movement_8311	vpinsrb.mem	VEX128	128	1	0	1	164	1	vpinsrb xmm0, xmm1, [rsi], 164
movement_8312	vpinsrb.mem	VEX128	128	1	0	1	165	1	vpinsrb xmm0, xmm1, [rsi], 165
movement_8313	vpinsrb.mem	VEX128	128	1	0	1	166	1	vpinsrb xmm0, xmm1, [rsi], 166
movement_8314	vpinsrb.mem	VEX128	128	1	0	1	167	1	vpinsrb xmm0, xmm1, [rsi], 167
movement_8315	vpinsrb.mem	VEX128	128	1	0	1	168	1	vpinsrb xmm0, xmm1, [rsi], 168
movement_8316	vpinsrb.mem	VEX128	128	1	0	1	169	1	vpinsrb xmm0, xmm1, [rsi], 169
movement_8317	vpinsrb.mem	VEX128	128	1	0	1	170	1	vpinsrb xmm0, xmm1, [rsi], 170
movement_8318	vpinsrb.mem	VEX128	128	1	0	1	171	1	vpinsrb xmm0, xmm1, [rsi], 171
movement_8319	vpinsrb.mem	VEX128	128	1	0	1	172	1	vpinsrb xmm0, xmm1, [rsi], 172
movement_8320	vpinsrb.mem	VEX128	128	1	0	1	173	1	vpinsrb xmm0, xmm1, [rsi], 173
movement_8321	vpinsrb.mem	VEX128	128	1	0	1	174	1	vpinsrb xmm0, xmm1, [rsi], 174
movement_8322	vpinsrb.mem	VEX128	128	1	0	1	175	1	vpinsrb xmm0, xmm1, [rsi], 175
movement_8323	vpinsrb.mem	VEX128	128	1	0	1	176	1	vpinsrb xmm0, xmm1, [rsi], 176
movement_8324	vpinsrb.mem	VEX128	128	1	0	1	177	1	vpinsrb xmm0, xmm1, [rsi], 177
movement_8325	vpinsrb.mem	VEX128	128	1	0	1	178	1	vpinsrb xmm0, xmm1, [rsi], 178
movement_8326	vpinsrb.mem	VEX128	128	1	0	1	179	1	vpinsrb xmm0, xmm1, [rsi], 179
movement_8327	vpinsrb.mem	VEX128	128	1	0	1	180	1	vpinsrb xmm0, xmm1, [rsi], 180
movement_8328	vpinsrb.mem	VEX128	128	1	0	1	181	1	vpinsrb xmm0, xmm1, [rsi], 181
movement_8329	vpinsrb.mem	VEX128	128	1	0	1	182	1	vpinsrb xmm0, xmm1, [rsi], 182
movement_8330	vpinsrb.mem	VEX128	128	1	0	1	183	1	vpinsrb xmm0, xmm1, [rsi], 183
movement_8331	vpinsrb.mem	VEX128	128	1	0	1	184	1	vpinsrb xmm0, xmm1, [rsi], 184
movement_8332	vpinsrb.mem	VEX128	128	1	0	1	185	1	vpinsrb xmm0, xmm1, [rsi], 185
movement_8333	vpinsrb.mem	VEX128	128	1	0	1	186	1	vpinsrb xmm0, xmm1, [rsi], 186
movement_8334	vpinsrb.mem	VEX128	128	1	0	1	187	1	vpinsrb xmm0, xmm1, [rsi], 187
movement_8335	vpinsrb.mem	VEX128	128	1	0	1	188	1	vpinsrb xmm0, xmm1, [rsi], 188
movement_8336	vpinsrb.mem	VEX128	128	1	0	1	189	1	vpinsrb xmm0, xmm1, [rsi], 189
movement_8337	vpinsrb.mem	VEX128	128	1	0	1	190	1	vpinsrb xmm0, xmm1, [rsi], 190
movement_8338	vpinsrb.mem	VEX128	128	1	0	1	191	1	vpinsrb xmm0, xmm1, [rsi], 191
movement_8339	vpinsrb.mem	VEX128	128	1	0	1	192	1	vpinsrb xmm0, xmm1, [rsi], 192
movement_8340	vpinsrb.mem	VEX128	128	1	0	1	193	1	vpinsrb xmm0, xmm1, [rsi], 193
movement_8341	vpinsrb.mem	VEX128	128	1	0	1	194	1	vpinsrb xmm0, xmm1, [rsi], 194
movement_8342	vpinsrb.mem	VEX128	128	1	0	1	195	1	vpinsrb xmm0, xmm1, [rsi], 195
movement_8343	vpinsrb.mem	VEX128	128	1	0	1	196	1	vpinsrb xmm0, xmm1, [rsi], 196
movement_8344	vpinsrb.mem	VEX128	128	1	0	1	197	1	vpinsrb xmm0, xmm1, [rsi], 197
movement_8345	vpinsrb.mem	VEX128	128	1	0	1	198	1	vpinsrb xmm0, xmm1, [rsi], 198
movement_8346	vpinsrb.mem	VEX128	128	1	0	1	199	1	vpinsrb xmm0, xmm1, [rsi], 199
movement_8347	vpinsrb.mem	VEX128	128	1	0	1	200	1	vpinsrb xmm0, xmm1, [rsi], 200
movement_8348	vpinsrb.mem	VEX128	128	1	0	1	201	1	vpinsrb xmm0, xmm1, [rsi], 201
movement_8349	vpinsrb.mem	VEX128	128	1	0	1	202	1	vpinsrb xmm0, xmm1, [rsi], 202
movement_8350	vpinsrb.mem	VEX128	128	1	0	1	203	1	vpinsrb xmm0, xmm1, [rsi], 203
movement_8351	vpinsrb.mem	VEX128	128	1	0	1	204	1	vpinsrb xmm0, xmm1, [rsi], 204
movement_8352	vpinsrb.mem	VEX128	128	1	0	1	205	1	vpinsrb xmm0, xmm1, [rsi], 205
movement_8353	vpinsrb.mem	VEX128	128	1	0	1	206	1	vpinsrb xmm0, xmm1, [rsi], 206
movement_8354	vpinsrb.mem	VEX128	128	1	0	1	207	1	vpinsrb xmm0, xmm1, [rsi], 207
movement_8355	vpinsrb.mem	VEX128	128	1	0	1	208	1	vpinsrb xmm0, xmm1, [rsi], 208
movement_8356	vpinsrb.mem	VEX128	128	1	0	1	209	1	vpinsrb xmm0, xmm1, [rsi], 209
movement_8357	vpinsrb.mem	VEX128	128	1	0	1	210	1	vpinsrb xmm0, xmm1, [rsi], 210
movement_8358	vpinsrb.mem	VEX128	128	1	0	1	211	1	vpinsrb xmm0, xmm1, [rsi], 211
movement_8359	vpinsrb.mem	VEX128	128	1	0	1	212	1	vpinsrb xmm0, xmm1, [rsi], 212
movement_8360	vpinsrb.mem	VEX128	128	1	0	1	213	1	vpinsrb xmm0, xmm1, [rsi], 213
movement_8361	vpinsrb.mem	VEX128	128	1	0	1	214	1	vpinsrb xmm0, xmm1, [rsi], 214
movement_8362	vpinsrb.mem	VEX128	128	1	0	1	215	1	vpinsrb xmm0, xmm1, [rsi], 215
movement_8363	vpinsrb.mem	VEX128	128	1	0	1	216	1	vpinsrb xmm0, xmm1, [rsi], 216
movement_8364	vpinsrb.mem	VEX128	128	1	0	1	217	1	vpinsrb xmm0, xmm1, [rsi], 217
movement_8365	vpinsrb.mem	VEX128	128	1	0	1	218	1	vpinsrb xmm0, xmm1, [rsi], 218
movement_8366	vpinsrb.mem	VEX128	128	1	0	1	219	1	vpinsrb xmm0, xmm1, [rsi], 219
movement_8367	vpinsrb.mem	VEX128	128	1	0	1	220	1	vpinsrb xmm0, xmm1, [rsi], 220
movement_8368	vpinsrb.mem	VEX128	128	1	0	1	221	1	vpinsrb xmm0, xmm1, [rsi], 221
movement_8369	vpinsrb.mem	VEX128	128	1	0	1	222	1	vpinsrb xmm0, xmm1, [rsi], 222
movement_8370	vpinsrb.mem	VEX128	128	1	0	1	223	1	vpinsrb xmm0, xmm1, [rsi], 223
movement_8371	vpinsrb.mem	VEX128	128	1	0	1	224	1	vpinsrb xmm0, xmm1, [rsi], 224
movement_8372	vpinsrb.mem	VEX128	128	1	0	1	225	1	vpinsrb xmm0, xmm1, [rsi], 225
movement_8373	vpinsrb.mem	VEX128	128	1	0	1	226	1	vpinsrb xmm0, xmm1, [rsi], 226
movement_8374	vpinsrb.mem	VEX128	128	1	0	1	227	1	vpinsrb xmm0, xmm1, [rsi], 227
movement_8375	vpinsrb.mem	VEX128	128	1	0	1	228	1	vpinsrb xmm0, xmm1, [rsi], 228
movement_8376	vpinsrb.mem	VEX128	128	1	0	1	229	1	vpinsrb xmm0, xmm1, [rsi], 229
movement_8377	vpinsrb.mem	VEX128	128	1	0	1	230	1	vpinsrb xmm0, xmm1, [rsi], 230
movement_8378	vpinsrb.mem	VEX128	128	1	0	1	231	1	vpinsrb xmm0, xmm1, [rsi], 231
movement_8379	vpinsrb.mem	VEX128	128	1	0	1	232	1	vpinsrb xmm0, xmm1, [rsi], 232
movement_8380	vpinsrb.mem	VEX128	128	1	0	1	233	1	vpinsrb xmm0, xmm1, [rsi], 233
movement_8381	vpinsrb.mem	VEX128	128	1	0	1	234	1	vpinsrb xmm0, xmm1, [rsi], 234
movement_8382	vpinsrb.mem	VEX128	128	1	0	1	235	1	vpinsrb xmm0, xmm1, [rsi], 235
movement_8383	vpinsrb.mem	VEX128	128	1	0	1	236	1	vpinsrb xmm0, xmm1, [rsi], 236
movement_8384	vpinsrb.mem	VEX128	128	1	0	1	237	1	vpinsrb xmm0, xmm1, [rsi], 237
movement_8385	vpinsrb.mem	VEX128	128	1	0	1	238	1	vpinsrb xmm0, xmm1, [rsi], 238
movement_8386	vpinsrb.mem	VEX128	128	1	0	1	239	1	vpinsrb xmm0, xmm1, [rsi], 239
movement_8387	vpinsrb.mem	VEX128	128	1	0	1	240	1	vpinsrb xmm0, xmm1, [rsi], 240
movement_8388	vpinsrb.mem	VEX128	128	1	0	1	241	1	vpinsrb xmm0, xmm1, [rsi], 241
movement_8389	vpinsrb.mem	VEX128	128	1	0	1	242	1	vpinsrb xmm0, xmm1, [rsi], 242
movement_8390	vpinsrb.mem	VEX128	128	1	0	1	243	1	vpinsrb xmm0, xmm1, [rsi], 243
movement_8391	vpinsrb.mem	VEX128	128	1	0	1	244	1	vpinsrb xmm0, xmm1, [rsi], 244
movement_8392	vpinsrb.mem	VEX128	128	1	0	1	245	1	vpinsrb xmm0, xmm1, [rsi], 245
movement_8393	vpinsrb.mem	VEX128	128	1	0	1	246	1	vpinsrb xmm0, xmm1, [rsi], 246
movement_8394	vpinsrb.mem	VEX128	128	1	0	1	247	1	vpinsrb xmm0, xmm1, [rsi], 247
movement_8395	vpinsrb.mem	VEX128	128	1	0	1	248	1	vpinsrb xmm0, xmm1, [rsi], 248
movement_8396	vpinsrb.mem	VEX128	128	1	0	1	249	1	vpinsrb xmm0, xmm1, [rsi], 249
movement_8397	vpinsrb.mem	VEX128	128	1	0	1	250	1	vpinsrb xmm0, xmm1, [rsi], 250
movement_8398	vpinsrb.mem	VEX128	128	1	0	1	251	1	vpinsrb xmm0, xmm1, [rsi], 251
movement_8399	vpinsrb.mem	VEX128	128	1	0	1	252	1	vpinsrb xmm0, xmm1, [rsi], 252
movement_8400	vpinsrb.mem	VEX128	128	1	0	1	253	1	vpinsrb xmm0, xmm1, [rsi], 253
movement_8401	vpinsrb.mem	VEX128	128	1	0	1	254	1	vpinsrb xmm0, xmm1, [rsi], 254
movement_8402	vpinsrb.mem	VEX128	128	1	0	1	255	1	vpinsrb xmm0, xmm1, [rsi], 255
movement_8403	vpinsrw.gpr	VEX128	128	2	0	0	0	1	vpinsrw xmm0, xmm1, eax, 0
movement_8404	vpinsrw.gpr	VEX128	128	2	0	0	1	1	vpinsrw xmm0, xmm1, eax, 1
movement_8405	vpinsrw.gpr	VEX128	128	2	0	0	2	1	vpinsrw xmm0, xmm1, eax, 2
movement_8406	vpinsrw.gpr	VEX128	128	2	0	0	3	1	vpinsrw xmm0, xmm1, eax, 3
movement_8407	vpinsrw.gpr	VEX128	128	2	0	0	4	1	vpinsrw xmm0, xmm1, eax, 4
movement_8408	vpinsrw.gpr	VEX128	128	2	0	0	5	1	vpinsrw xmm0, xmm1, eax, 5
movement_8409	vpinsrw.gpr	VEX128	128	2	0	0	6	1	vpinsrw xmm0, xmm1, eax, 6
movement_8410	vpinsrw.gpr	VEX128	128	2	0	0	7	1	vpinsrw xmm0, xmm1, eax, 7
movement_8411	vpinsrw.gpr	VEX128	128	2	0	0	8	1	vpinsrw xmm0, xmm1, eax, 8
movement_8412	vpinsrw.gpr	VEX128	128	2	0	0	9	1	vpinsrw xmm0, xmm1, eax, 9
movement_8413	vpinsrw.gpr	VEX128	128	2	0	0	10	1	vpinsrw xmm0, xmm1, eax, 10
movement_8414	vpinsrw.gpr	VEX128	128	2	0	0	11	1	vpinsrw xmm0, xmm1, eax, 11
movement_8415	vpinsrw.gpr	VEX128	128	2	0	0	12	1	vpinsrw xmm0, xmm1, eax, 12
movement_8416	vpinsrw.gpr	VEX128	128	2	0	0	13	1	vpinsrw xmm0, xmm1, eax, 13
movement_8417	vpinsrw.gpr	VEX128	128	2	0	0	14	1	vpinsrw xmm0, xmm1, eax, 14
movement_8418	vpinsrw.gpr	VEX128	128	2	0	0	15	1	vpinsrw xmm0, xmm1, eax, 15
movement_8419	vpinsrw.gpr	VEX128	128	2	0	0	16	1	vpinsrw xmm0, xmm1, eax, 16
movement_8420	vpinsrw.gpr	VEX128	128	2	0	0	17	1	vpinsrw xmm0, xmm1, eax, 17
movement_8421	vpinsrw.gpr	VEX128	128	2	0	0	18	1	vpinsrw xmm0, xmm1, eax, 18
movement_8422	vpinsrw.gpr	VEX128	128	2	0	0	19	1	vpinsrw xmm0, xmm1, eax, 19
movement_8423	vpinsrw.gpr	VEX128	128	2	0	0	20	1	vpinsrw xmm0, xmm1, eax, 20
movement_8424	vpinsrw.gpr	VEX128	128	2	0	0	21	1	vpinsrw xmm0, xmm1, eax, 21
movement_8425	vpinsrw.gpr	VEX128	128	2	0	0	22	1	vpinsrw xmm0, xmm1, eax, 22
movement_8426	vpinsrw.gpr	VEX128	128	2	0	0	23	1	vpinsrw xmm0, xmm1, eax, 23
movement_8427	vpinsrw.gpr	VEX128	128	2	0	0	24	1	vpinsrw xmm0, xmm1, eax, 24
movement_8428	vpinsrw.gpr	VEX128	128	2	0	0	25	1	vpinsrw xmm0, xmm1, eax, 25
movement_8429	vpinsrw.gpr	VEX128	128	2	0	0	26	1	vpinsrw xmm0, xmm1, eax, 26
movement_8430	vpinsrw.gpr	VEX128	128	2	0	0	27	1	vpinsrw xmm0, xmm1, eax, 27
movement_8431	vpinsrw.gpr	VEX128	128	2	0	0	28	1	vpinsrw xmm0, xmm1, eax, 28
movement_8432	vpinsrw.gpr	VEX128	128	2	0	0	29	1	vpinsrw xmm0, xmm1, eax, 29
movement_8433	vpinsrw.gpr	VEX128	128	2	0	0	30	1	vpinsrw xmm0, xmm1, eax, 30
movement_8434	vpinsrw.gpr	VEX128	128	2	0	0	31	1	vpinsrw xmm0, xmm1, eax, 31
movement_8435	vpinsrw.gpr	VEX128	128	2	0	0	32	1	vpinsrw xmm0, xmm1, eax, 32
movement_8436	vpinsrw.gpr	VEX128	128	2	0	0	33	1	vpinsrw xmm0, xmm1, eax, 33
movement_8437	vpinsrw.gpr	VEX128	128	2	0	0	34	1	vpinsrw xmm0, xmm1, eax, 34
movement_8438	vpinsrw.gpr	VEX128	128	2	0	0	35	1	vpinsrw xmm0, xmm1, eax, 35
movement_8439	vpinsrw.gpr	VEX128	128	2	0	0	36	1	vpinsrw xmm0, xmm1, eax, 36
movement_8440	vpinsrw.gpr	VEX128	128	2	0	0	37	1	vpinsrw xmm0, xmm1, eax, 37
movement_8441	vpinsrw.gpr	VEX128	128	2	0	0	38	1	vpinsrw xmm0, xmm1, eax, 38
movement_8442	vpinsrw.gpr	VEX128	128	2	0	0	39	1	vpinsrw xmm0, xmm1, eax, 39
movement_8443	vpinsrw.gpr	VEX128	128	2	0	0	40	1	vpinsrw xmm0, xmm1, eax, 40
movement_8444	vpinsrw.gpr	VEX128	128	2	0	0	41	1	vpinsrw xmm0, xmm1, eax, 41
movement_8445	vpinsrw.gpr	VEX128	128	2	0	0	42	1	vpinsrw xmm0, xmm1, eax, 42
movement_8446	vpinsrw.gpr	VEX128	128	2	0	0	43	1	vpinsrw xmm0, xmm1, eax, 43
movement_8447	vpinsrw.gpr	VEX128	128	2	0	0	44	1	vpinsrw xmm0, xmm1, eax, 44
movement_8448	vpinsrw.gpr	VEX128	128	2	0	0	45	1	vpinsrw xmm0, xmm1, eax, 45
movement_8449	vpinsrw.gpr	VEX128	128	2	0	0	46	1	vpinsrw xmm0, xmm1, eax, 46
movement_8450	vpinsrw.gpr	VEX128	128	2	0	0	47	1	vpinsrw xmm0, xmm1, eax, 47
movement_8451	vpinsrw.gpr	VEX128	128	2	0	0	48	1	vpinsrw xmm0, xmm1, eax, 48
movement_8452	vpinsrw.gpr	VEX128	128	2	0	0	49	1	vpinsrw xmm0, xmm1, eax, 49
movement_8453	vpinsrw.gpr	VEX128	128	2	0	0	50	1	vpinsrw xmm0, xmm1, eax, 50
movement_8454	vpinsrw.gpr	VEX128	128	2	0	0	51	1	vpinsrw xmm0, xmm1, eax, 51
movement_8455	vpinsrw.gpr	VEX128	128	2	0	0	52	1	vpinsrw xmm0, xmm1, eax, 52
movement_8456	vpinsrw.gpr	VEX128	128	2	0	0	53	1	vpinsrw xmm0, xmm1, eax, 53
movement_8457	vpinsrw.gpr	VEX128	128	2	0	0	54	1	vpinsrw xmm0, xmm1, eax, 54
movement_8458	vpinsrw.gpr	VEX128	128	2	0	0	55	1	vpinsrw xmm0, xmm1, eax, 55
movement_8459	vpinsrw.gpr	VEX128	128	2	0	0	56	1	vpinsrw xmm0, xmm1, eax, 56
movement_8460	vpinsrw.gpr	VEX128	128	2	0	0	57	1	vpinsrw xmm0, xmm1, eax, 57
movement_8461	vpinsrw.gpr	VEX128	128	2	0	0	58	1	vpinsrw xmm0, xmm1, eax, 58
movement_8462	vpinsrw.gpr	VEX128	128	2	0	0	59	1	vpinsrw xmm0, xmm1, eax, 59
movement_8463	vpinsrw.gpr	VEX128	128	2	0	0	60	1	vpinsrw xmm0, xmm1, eax, 60
movement_8464	vpinsrw.gpr	VEX128	128	2	0	0	61	1	vpinsrw xmm0, xmm1, eax, 61
movement_8465	vpinsrw.gpr	VEX128	128	2	0	0	62	1	vpinsrw xmm0, xmm1, eax, 62
movement_8466	vpinsrw.gpr	VEX128	128	2	0	0	63	1	vpinsrw xmm0, xmm1, eax, 63
movement_8467	vpinsrw.gpr	VEX128	128	2	0	0	64	1	vpinsrw xmm0, xmm1, eax, 64
movement_8468	vpinsrw.gpr	VEX128	128	2	0	0	65	1	vpinsrw xmm0, xmm1, eax, 65
movement_8469	vpinsrw.gpr	VEX128	128	2	0	0	66	1	vpinsrw xmm0, xmm1, eax, 66
movement_8470	vpinsrw.gpr	VEX128	128	2	0	0	67	1	vpinsrw xmm0, xmm1, eax, 67
movement_8471	vpinsrw.gpr	VEX128	128	2	0	0	68	1	vpinsrw xmm0, xmm1, eax, 68
movement_8472	vpinsrw.gpr	VEX128	128	2	0	0	69	1	vpinsrw xmm0, xmm1, eax, 69
movement_8473	vpinsrw.gpr	VEX128	128	2	0	0	70	1	vpinsrw xmm0, xmm1, eax, 70
movement_8474	vpinsrw.gpr	VEX128	128	2	0	0	71	1	vpinsrw xmm0, xmm1, eax, 71
movement_8475	vpinsrw.gpr	VEX128	128	2	0	0	72	1	vpinsrw xmm0, xmm1, eax, 72
movement_8476	vpinsrw.gpr	VEX128	128	2	0	0	73	1	vpinsrw xmm0, xmm1, eax, 73
movement_8477	vpinsrw.gpr	VEX128	128	2	0	0	74	1	vpinsrw xmm0, xmm1, eax, 74
movement_8478	vpinsrw.gpr	VEX128	128	2	0	0	75	1	vpinsrw xmm0, xmm1, eax, 75
movement_8479	vpinsrw.gpr	VEX128	128	2	0	0	76	1	vpinsrw xmm0, xmm1, eax, 76
movement_8480	vpinsrw.gpr	VEX128	128	2	0	0	77	1	vpinsrw xmm0, xmm1, eax, 77
movement_8481	vpinsrw.gpr	VEX128	128	2	0	0	78	1	vpinsrw xmm0, xmm1, eax, 78
movement_8482	vpinsrw.gpr	VEX128	128	2	0	0	79	1	vpinsrw xmm0, xmm1, eax, 79
movement_8483	vpinsrw.gpr	VEX128	128	2	0	0	80	1	vpinsrw xmm0, xmm1, eax, 80
movement_8484	vpinsrw.gpr	VEX128	128	2	0	0	81	1	vpinsrw xmm0, xmm1, eax, 81
movement_8485	vpinsrw.gpr	VEX128	128	2	0	0	82	1	vpinsrw xmm0, xmm1, eax, 82
movement_8486	vpinsrw.gpr	VEX128	128	2	0	0	83	1	vpinsrw xmm0, xmm1, eax, 83
movement_8487	vpinsrw.gpr	VEX128	128	2	0	0	84	1	vpinsrw xmm0, xmm1, eax, 84
movement_8488	vpinsrw.gpr	VEX128	128	2	0	0	85	1	vpinsrw xmm0, xmm1, eax, 85
movement_8489	vpinsrw.gpr	VEX128	128	2	0	0	86	1	vpinsrw xmm0, xmm1, eax, 86
movement_8490	vpinsrw.gpr	VEX128	128	2	0	0	87	1	vpinsrw xmm0, xmm1, eax, 87
movement_8491	vpinsrw.gpr	VEX128	128	2	0	0	88	1	vpinsrw xmm0, xmm1, eax, 88
movement_8492	vpinsrw.gpr	VEX128	128	2	0	0	89	1	vpinsrw xmm0, xmm1, eax, 89
movement_8493	vpinsrw.gpr	VEX128	128	2	0	0	90	1	vpinsrw xmm0, xmm1, eax, 90
movement_8494	vpinsrw.gpr	VEX128	128	2	0	0	91	1	vpinsrw xmm0, xmm1, eax, 91
movement_8495	vpinsrw.gpr	VEX128	128	2	0	0	92	1	vpinsrw xmm0, xmm1, eax, 92
movement_8496	vpinsrw.gpr	VEX128	128	2	0	0	93	1	vpinsrw xmm0, xmm1, eax, 93
movement_8497	vpinsrw.gpr	VEX128	128	2	0	0	94	1	vpinsrw xmm0, xmm1, eax, 94
movement_8498	vpinsrw.gpr	VEX128	128	2	0	0	95	1	vpinsrw xmm0, xmm1, eax, 95
movement_8499	vpinsrw.gpr	VEX128	128	2	0	0	96	1	vpinsrw xmm0, xmm1, eax, 96
movement_8500	vpinsrw.gpr	VEX128	128	2	0	0	97	1	vpinsrw xmm0, xmm1, eax, 97
movement_8501	vpinsrw.gpr	VEX128	128	2	0	0	98	1	vpinsrw xmm0, xmm1, eax, 98
movement_8502	vpinsrw.gpr	VEX128	128	2	0	0	99	1	vpinsrw xmm0, xmm1, eax, 99
movement_8503	vpinsrw.gpr	VEX128	128	2	0	0	100	1	vpinsrw xmm0, xmm1, eax, 100
movement_8504	vpinsrw.gpr	VEX128	128	2	0	0	101	1	vpinsrw xmm0, xmm1, eax, 101
movement_8505	vpinsrw.gpr	VEX128	128	2	0	0	102	1	vpinsrw xmm0, xmm1, eax, 102
movement_8506	vpinsrw.gpr	VEX128	128	2	0	0	103	1	vpinsrw xmm0, xmm1, eax, 103
movement_8507	vpinsrw.gpr	VEX128	128	2	0	0	104	1	vpinsrw xmm0, xmm1, eax, 104
movement_8508	vpinsrw.gpr	VEX128	128	2	0	0	105	1	vpinsrw xmm0, xmm1, eax, 105
movement_8509	vpinsrw.gpr	VEX128	128	2	0	0	106	1	vpinsrw xmm0, xmm1, eax, 106
movement_8510	vpinsrw.gpr	VEX128	128	2	0	0	107	1	vpinsrw xmm0, xmm1, eax, 107
movement_8511	vpinsrw.gpr	VEX128	128	2	0	0	108	1	vpinsrw xmm0, xmm1, eax, 108
movement_8512	vpinsrw.gpr	VEX128	128	2	0	0	109	1	vpinsrw xmm0, xmm1, eax, 109
movement_8513	vpinsrw.gpr	VEX128	128	2	0	0	110	1	vpinsrw xmm0, xmm1, eax, 110
movement_8514	vpinsrw.gpr	VEX128	128	2	0	0	111	1	vpinsrw xmm0, xmm1, eax, 111
movement_8515	vpinsrw.gpr	VEX128	128	2	0	0	112	1	vpinsrw xmm0, xmm1, eax, 112
movement_8516	vpinsrw.gpr	VEX128	128	2	0	0	113	1	vpinsrw xmm0, xmm1, eax, 113
movement_8517	vpinsrw.gpr	VEX128	128	2	0	0	114	1	vpinsrw xmm0, xmm1, eax, 114
movement_8518	vpinsrw.gpr	VEX128	128	2	0	0	115	1	vpinsrw xmm0, xmm1, eax, 115
movement_8519	vpinsrw.gpr	VEX128	128	2	0	0	116	1	vpinsrw xmm0, xmm1, eax, 116
movement_8520	vpinsrw.gpr	VEX128	128	2	0	0	117	1	vpinsrw xmm0, xmm1, eax, 117
movement_8521	vpinsrw.gpr	VEX128	128	2	0	0	118	1	vpinsrw xmm0, xmm1, eax, 118
movement_8522	vpinsrw.gpr	VEX128	128	2	0	0	119	1	vpinsrw xmm0, xmm1, eax, 119
movement_8523	vpinsrw.gpr	VEX128	128	2	0	0	120	1	vpinsrw xmm0, xmm1, eax, 120
movement_8524	vpinsrw.gpr	VEX128	128	2	0	0	121	1	vpinsrw xmm0, xmm1, eax, 121
movement_8525	vpinsrw.gpr	VEX128	128	2	0	0	122	1	vpinsrw xmm0, xmm1, eax, 122
movement_8526	vpinsrw.gpr	VEX128	128	2	0	0	123	1	vpinsrw xmm0, xmm1, eax, 123
movement_8527	vpinsrw.gpr	VEX128	128	2	0	0	124	1	vpinsrw xmm0, xmm1, eax, 124
movement_8528	vpinsrw.gpr	VEX128	128	2	0	0	125	1	vpinsrw xmm0, xmm1, eax, 125
movement_8529	vpinsrw.gpr	VEX128	128	2	0	0	126	1	vpinsrw xmm0, xmm1, eax, 126
movement_8530	vpinsrw.gpr	VEX128	128	2	0	0	127	1	vpinsrw xmm0, xmm1, eax, 127
movement_8531	vpinsrw.gpr	VEX128	128	2	0	0	128	1	vpinsrw xmm0, xmm1, eax, 128
movement_8532	vpinsrw.gpr	VEX128	128	2	0	0	129	1	vpinsrw xmm0, xmm1, eax, 129
movement_8533	vpinsrw.gpr	VEX128	128	2	0	0	130	1	vpinsrw xmm0, xmm1, eax, 130
movement_8534	vpinsrw.gpr	VEX128	128	2	0	0	131	1	vpinsrw xmm0, xmm1, eax, 131
movement_8535	vpinsrw.gpr	VEX128	128	2	0	0	132	1	vpinsrw xmm0, xmm1, eax, 132
movement_8536	vpinsrw.gpr	VEX128	128	2	0	0	133	1	vpinsrw xmm0, xmm1, eax, 133
movement_8537	vpinsrw.gpr	VEX128	128	2	0	0	134	1	vpinsrw xmm0, xmm1, eax, 134
movement_8538	vpinsrw.gpr	VEX128	128	2	0	0	135	1	vpinsrw xmm0, xmm1, eax, 135
movement_8539	vpinsrw.gpr	VEX128	128	2	0	0	136	1	vpinsrw xmm0, xmm1, eax, 136
movement_8540	vpinsrw.gpr	VEX128	128	2	0	0	137	1	vpinsrw xmm0, xmm1, eax, 137
movement_8541	vpinsrw.gpr	VEX128	128	2	0	0	138	1	vpinsrw xmm0, xmm1, eax, 138
movement_8542	vpinsrw.gpr	VEX128	128	2	0	0	139	1	vpinsrw xmm0, xmm1, eax, 139
movement_8543	vpinsrw.gpr	VEX128	128	2	0	0	140	1	vpinsrw xmm0, xmm1, eax, 140
movement_8544	vpinsrw.gpr	VEX128	128	2	0	0	141	1	vpinsrw xmm0, xmm1, eax, 141
movement_8545	vpinsrw.gpr	VEX128	128	2	0	0	142	1	vpinsrw xmm0, xmm1, eax, 142
movement_8546	vpinsrw.gpr	VEX128	128	2	0	0	143	1	vpinsrw xmm0, xmm1, eax, 143
movement_8547	vpinsrw.gpr	VEX128	128	2	0	0	144	1	vpinsrw xmm0, xmm1, eax, 144
movement_8548	vpinsrw.gpr	VEX128	128	2	0	0	145	1	vpinsrw xmm0, xmm1, eax, 145
movement_8549	vpinsrw.gpr	VEX128	128	2	0	0	146	1	vpinsrw xmm0, xmm1, eax, 146
movement_8550	vpinsrw.gpr	VEX128	128	2	0	0	147	1	vpinsrw xmm0, xmm1, eax, 147
movement_8551	vpinsrw.gpr	VEX128	128	2	0	0	148	1	vpinsrw xmm0, xmm1, eax, 148
movement_8552	vpinsrw.gpr	VEX128	128	2	0	0	149	1	vpinsrw xmm0, xmm1, eax, 149
movement_8553	vpinsrw.gpr	VEX128	128	2	0	0	150	1	vpinsrw xmm0, xmm1, eax, 150
movement_8554	vpinsrw.gpr	VEX128	128	2	0	0	151	1	vpinsrw xmm0, xmm1, eax, 151
movement_8555	vpinsrw.gpr	VEX128	128	2	0	0	152	1	vpinsrw xmm0, xmm1, eax, 152
movement_8556	vpinsrw.gpr	VEX128	128	2	0	0	153	1	vpinsrw xmm0, xmm1, eax, 153
movement_8557	vpinsrw.gpr	VEX128	128	2	0	0	154	1	vpinsrw xmm0, xmm1, eax, 154
movement_8558	vpinsrw.gpr	VEX128	128	2	0	0	155	1	vpinsrw xmm0, xmm1, eax, 155
movement_8559	vpinsrw.gpr	VEX128	128	2	0	0	156	1	vpinsrw xmm0, xmm1, eax, 156
movement_8560	vpinsrw.gpr	VEX128	128	2	0	0	157	1	vpinsrw xmm0, xmm1, eax, 157
movement_8561	vpinsrw.gpr	VEX128	128	2	0	0	158	1	vpinsrw xmm0, xmm1, eax, 158
movement_8562	vpinsrw.gpr	VEX128	128	2	0	0	159	1	vpinsrw xmm0, xmm1, eax, 159
movement_8563	vpinsrw.gpr	VEX128	128	2	0	0	160	1	vpinsrw xmm0, xmm1, eax, 160
movement_8564	vpinsrw.gpr	VEX128	128	2	0	0	161	1	vpinsrw xmm0, xmm1, eax, 161
movement_8565	vpinsrw.gpr	VEX128	128	2	0	0	162	1	vpinsrw xmm0, xmm1, eax, 162
movement_8566	vpinsrw.gpr	VEX128	128	2	0	0	163	1	vpinsrw xmm0, xmm1, eax, 163
movement_8567	vpinsrw.gpr	VEX128	128	2	0	0	164	1	vpinsrw xmm0, xmm1, eax, 164
movement_8568	vpinsrw.gpr	VEX128	128	2	0	0	165	1	vpinsrw xmm0, xmm1, eax, 165
movement_8569	vpinsrw.gpr	VEX128	128	2	0	0	166	1	vpinsrw xmm0, xmm1, eax, 166
movement_8570	vpinsrw.gpr	VEX128	128	2	0	0	167	1	vpinsrw xmm0, xmm1, eax, 167
movement_8571	vpinsrw.gpr	VEX128	128	2	0	0	168	1	vpinsrw xmm0, xmm1, eax, 168
movement_8572	vpinsrw.gpr	VEX128	128	2	0	0	169	1	vpinsrw xmm0, xmm1, eax, 169
movement_8573	vpinsrw.gpr	VEX128	128	2	0	0	170	1	vpinsrw xmm0, xmm1, eax, 170
movement_8574	vpinsrw.gpr	VEX128	128	2	0	0	171	1	vpinsrw xmm0, xmm1, eax, 171
movement_8575	vpinsrw.gpr	VEX128	128	2	0	0	172	1	vpinsrw xmm0, xmm1, eax, 172
movement_8576	vpinsrw.gpr	VEX128	128	2	0	0	173	1	vpinsrw xmm0, xmm1, eax, 173
movement_8577	vpinsrw.gpr	VEX128	128	2	0	0	174	1	vpinsrw xmm0, xmm1, eax, 174
movement_8578	vpinsrw.gpr	VEX128	128	2	0	0	175	1	vpinsrw xmm0, xmm1, eax, 175
movement_8579	vpinsrw.gpr	VEX128	128	2	0	0	176	1	vpinsrw xmm0, xmm1, eax, 176
movement_8580	vpinsrw.gpr	VEX128	128	2	0	0	177	1	vpinsrw xmm0, xmm1, eax, 177
movement_8581	vpinsrw.gpr	VEX128	128	2	0	0	178	1	vpinsrw xmm0, xmm1, eax, 178
movement_8582	vpinsrw.gpr	VEX128	128	2	0	0	179	1	vpinsrw xmm0, xmm1, eax, 179
movement_8583	vpinsrw.gpr	VEX128	128	2	0	0	180	1	vpinsrw xmm0, xmm1, eax, 180
movement_8584	vpinsrw.gpr	VEX128	128	2	0	0	181	1	vpinsrw xmm0, xmm1, eax, 181
movement_8585	vpinsrw.gpr	VEX128	128	2	0	0	182	1	vpinsrw xmm0, xmm1, eax, 182
movement_8586	vpinsrw.gpr	VEX128	128	2	0	0	183	1	vpinsrw xmm0, xmm1, eax, 183
movement_8587	vpinsrw.gpr	VEX128	128	2	0	0	184	1	vpinsrw xmm0, xmm1, eax, 184
movement_8588	vpinsrw.gpr	VEX128	128	2	0	0	185	1	vpinsrw xmm0, xmm1, eax, 185
movement_8589	vpinsrw.gpr	VEX128	128	2	0	0	186	1	vpinsrw xmm0, xmm1, eax, 186
movement_8590	vpinsrw.gpr	VEX128	128	2	0	0	187	1	vpinsrw xmm0, xmm1, eax, 187
movement_8591	vpinsrw.gpr	VEX128	128	2	0	0	188	1	vpinsrw xmm0, xmm1, eax, 188
movement_8592	vpinsrw.gpr	VEX128	128	2	0	0	189	1	vpinsrw xmm0, xmm1, eax, 189
movement_8593	vpinsrw.gpr	VEX128	128	2	0	0	190	1	vpinsrw xmm0, xmm1, eax, 190
movement_8594	vpinsrw.gpr	VEX128	128	2	0	0	191	1	vpinsrw xmm0, xmm1, eax, 191
movement_8595	vpinsrw.gpr	VEX128	128	2	0	0	192	1	vpinsrw xmm0, xmm1, eax, 192
movement_8596	vpinsrw.gpr	VEX128	128	2	0	0	193	1	vpinsrw xmm0, xmm1, eax, 193
movement_8597	vpinsrw.gpr	VEX128	128	2	0	0	194	1	vpinsrw xmm0, xmm1, eax, 194
movement_8598	vpinsrw.gpr	VEX128	128	2	0	0	195	1	vpinsrw xmm0, xmm1, eax, 195
movement_8599	vpinsrw.gpr	VEX128	128	2	0	0	196	1	vpinsrw xmm0, xmm1, eax, 196
movement_8600	vpinsrw.gpr	VEX128	128	2	0	0	197	1	vpinsrw xmm0, xmm1, eax, 197
movement_8601	vpinsrw.gpr	VEX128	128	2	0	0	198	1	vpinsrw xmm0, xmm1, eax, 198
movement_8602	vpinsrw.gpr	VEX128	128	2	0	0	199	1	vpinsrw xmm0, xmm1, eax, 199
movement_8603	vpinsrw.gpr	VEX128	128	2	0	0	200	1	vpinsrw xmm0, xmm1, eax, 200
movement_8604	vpinsrw.gpr	VEX128	128	2	0	0	201	1	vpinsrw xmm0, xmm1, eax, 201
movement_8605	vpinsrw.gpr	VEX128	128	2	0	0	202	1	vpinsrw xmm0, xmm1, eax, 202
movement_8606	vpinsrw.gpr	VEX128	128	2	0	0	203	1	vpinsrw xmm0, xmm1, eax, 203
movement_8607	vpinsrw.gpr	VEX128	128	2	0	0	204	1	vpinsrw xmm0, xmm1, eax, 204
movement_8608	vpinsrw.gpr	VEX128	128	2	0	0	205	1	vpinsrw xmm0, xmm1, eax, 205
movement_8609	vpinsrw.gpr	VEX128	128	2	0	0	206	1	vpinsrw xmm0, xmm1, eax, 206
movement_8610	vpinsrw.gpr	VEX128	128	2	0	0	207	1	vpinsrw xmm0, xmm1, eax, 207
movement_8611	vpinsrw.gpr	VEX128	128	2	0	0	208	1	vpinsrw xmm0, xmm1, eax, 208
movement_8612	vpinsrw.gpr	VEX128	128	2	0	0	209	1	vpinsrw xmm0, xmm1, eax, 209
movement_8613	vpinsrw.gpr	VEX128	128	2	0	0	210	1	vpinsrw xmm0, xmm1, eax, 210
movement_8614	vpinsrw.gpr	VEX128	128	2	0	0	211	1	vpinsrw xmm0, xmm1, eax, 211
movement_8615	vpinsrw.gpr	VEX128	128	2	0	0	212	1	vpinsrw xmm0, xmm1, eax, 212
movement_8616	vpinsrw.gpr	VEX128	128	2	0	0	213	1	vpinsrw xmm0, xmm1, eax, 213
movement_8617	vpinsrw.gpr	VEX128	128	2	0	0	214	1	vpinsrw xmm0, xmm1, eax, 214
movement_8618	vpinsrw.gpr	VEX128	128	2	0	0	215	1	vpinsrw xmm0, xmm1, eax, 215
movement_8619	vpinsrw.gpr	VEX128	128	2	0	0	216	1	vpinsrw xmm0, xmm1, eax, 216
movement_8620	vpinsrw.gpr	VEX128	128	2	0	0	217	1	vpinsrw xmm0, xmm1, eax, 217
movement_8621	vpinsrw.gpr	VEX128	128	2	0	0	218	1	vpinsrw xmm0, xmm1, eax, 218
movement_8622	vpinsrw.gpr	VEX128	128	2	0	0	219	1	vpinsrw xmm0, xmm1, eax, 219
movement_8623	vpinsrw.gpr	VEX128	128	2	0	0	220	1	vpinsrw xmm0, xmm1, eax, 220
movement_8624	vpinsrw.gpr	VEX128	128	2	0	0	221	1	vpinsrw xmm0, xmm1, eax, 221
movement_8625	vpinsrw.gpr	VEX128	128	2	0	0	222	1	vpinsrw xmm0, xmm1, eax, 222
movement_8626	vpinsrw.gpr	VEX128	128	2	0	0	223	1	vpinsrw xmm0, xmm1, eax, 223
movement_8627	vpinsrw.gpr	VEX128	128	2	0	0	224	1	vpinsrw xmm0, xmm1, eax, 224
movement_8628	vpinsrw.gpr	VEX128	128	2	0	0	225	1	vpinsrw xmm0, xmm1, eax, 225
movement_8629	vpinsrw.gpr	VEX128	128	2	0	0	226	1	vpinsrw xmm0, xmm1, eax, 226
movement_8630	vpinsrw.gpr	VEX128	128	2	0	0	227	1	vpinsrw xmm0, xmm1, eax, 227
movement_8631	vpinsrw.gpr	VEX128	128	2	0	0	228	1	vpinsrw xmm0, xmm1, eax, 228
movement_8632	vpinsrw.gpr	VEX128	128	2	0	0	229	1	vpinsrw xmm0, xmm1, eax, 229
movement_8633	vpinsrw.gpr	VEX128	128	2	0	0	230	1	vpinsrw xmm0, xmm1, eax, 230
movement_8634	vpinsrw.gpr	VEX128	128	2	0	0	231	1	vpinsrw xmm0, xmm1, eax, 231
movement_8635	vpinsrw.gpr	VEX128	128	2	0	0	232	1	vpinsrw xmm0, xmm1, eax, 232
movement_8636	vpinsrw.gpr	VEX128	128	2	0	0	233	1	vpinsrw xmm0, xmm1, eax, 233
movement_8637	vpinsrw.gpr	VEX128	128	2	0	0	234	1	vpinsrw xmm0, xmm1, eax, 234
movement_8638	vpinsrw.gpr	VEX128	128	2	0	0	235	1	vpinsrw xmm0, xmm1, eax, 235
movement_8639	vpinsrw.gpr	VEX128	128	2	0	0	236	1	vpinsrw xmm0, xmm1, eax, 236
movement_8640	vpinsrw.gpr	VEX128	128	2	0	0	237	1	vpinsrw xmm0, xmm1, eax, 237
movement_8641	vpinsrw.gpr	VEX128	128	2	0	0	238	1	vpinsrw xmm0, xmm1, eax, 238
movement_8642	vpinsrw.gpr	VEX128	128	2	0	0	239	1	vpinsrw xmm0, xmm1, eax, 239
movement_8643	vpinsrw.gpr	VEX128	128	2	0	0	240	1	vpinsrw xmm0, xmm1, eax, 240
movement_8644	vpinsrw.gpr	VEX128	128	2	0	0	241	1	vpinsrw xmm0, xmm1, eax, 241
movement_8645	vpinsrw.gpr	VEX128	128	2	0	0	242	1	vpinsrw xmm0, xmm1, eax, 242
movement_8646	vpinsrw.gpr	VEX128	128	2	0	0	243	1	vpinsrw xmm0, xmm1, eax, 243
movement_8647	vpinsrw.gpr	VEX128	128	2	0	0	244	1	vpinsrw xmm0, xmm1, eax, 244
movement_8648	vpinsrw.gpr	VEX128	128	2	0	0	245	1	vpinsrw xmm0, xmm1, eax, 245
movement_8649	vpinsrw.gpr	VEX128	128	2	0	0	246	1	vpinsrw xmm0, xmm1, eax, 246
movement_8650	vpinsrw.gpr	VEX128	128	2	0	0	247	1	vpinsrw xmm0, xmm1, eax, 247
movement_8651	vpinsrw.gpr	VEX128	128	2	0	0	248	1	vpinsrw xmm0, xmm1, eax, 248
movement_8652	vpinsrw.gpr	VEX128	128	2	0	0	249	1	vpinsrw xmm0, xmm1, eax, 249
movement_8653	vpinsrw.gpr	VEX128	128	2	0	0	250	1	vpinsrw xmm0, xmm1, eax, 250
movement_8654	vpinsrw.gpr	VEX128	128	2	0	0	251	1	vpinsrw xmm0, xmm1, eax, 251
movement_8655	vpinsrw.gpr	VEX128	128	2	0	0	252	1	vpinsrw xmm0, xmm1, eax, 252
movement_8656	vpinsrw.gpr	VEX128	128	2	0	0	253	1	vpinsrw xmm0, xmm1, eax, 253
movement_8657	vpinsrw.gpr	VEX128	128	2	0	0	254	1	vpinsrw xmm0, xmm1, eax, 254
movement_8658	vpinsrw.gpr	VEX128	128	2	0	0	255	1	vpinsrw xmm0, xmm1, eax, 255
movement_8659	vpinsrw.mem	VEX128	128	2	0	1	0	1	vpinsrw xmm0, xmm1, [rsi], 0
movement_8660	vpinsrw.mem	VEX128	128	2	0	1	1	1	vpinsrw xmm0, xmm1, [rsi], 1
movement_8661	vpinsrw.mem	VEX128	128	2	0	1	2	1	vpinsrw xmm0, xmm1, [rsi], 2
movement_8662	vpinsrw.mem	VEX128	128	2	0	1	3	1	vpinsrw xmm0, xmm1, [rsi], 3
movement_8663	vpinsrw.mem	VEX128	128	2	0	1	4	1	vpinsrw xmm0, xmm1, [rsi], 4
movement_8664	vpinsrw.mem	VEX128	128	2	0	1	5	1	vpinsrw xmm0, xmm1, [rsi], 5
movement_8665	vpinsrw.mem	VEX128	128	2	0	1	6	1	vpinsrw xmm0, xmm1, [rsi], 6
movement_8666	vpinsrw.mem	VEX128	128	2	0	1	7	1	vpinsrw xmm0, xmm1, [rsi], 7
movement_8667	vpinsrw.mem	VEX128	128	2	0	1	8	1	vpinsrw xmm0, xmm1, [rsi], 8
movement_8668	vpinsrw.mem	VEX128	128	2	0	1	9	1	vpinsrw xmm0, xmm1, [rsi], 9
movement_8669	vpinsrw.mem	VEX128	128	2	0	1	10	1	vpinsrw xmm0, xmm1, [rsi], 10
movement_8670	vpinsrw.mem	VEX128	128	2	0	1	11	1	vpinsrw xmm0, xmm1, [rsi], 11
movement_8671	vpinsrw.mem	VEX128	128	2	0	1	12	1	vpinsrw xmm0, xmm1, [rsi], 12
movement_8672	vpinsrw.mem	VEX128	128	2	0	1	13	1	vpinsrw xmm0, xmm1, [rsi], 13
movement_8673	vpinsrw.mem	VEX128	128	2	0	1	14	1	vpinsrw xmm0, xmm1, [rsi], 14
movement_8674	vpinsrw.mem	VEX128	128	2	0	1	15	1	vpinsrw xmm0, xmm1, [rsi], 15
movement_8675	vpinsrw.mem	VEX128	128	2	0	1	16	1	vpinsrw xmm0, xmm1, [rsi], 16
movement_8676	vpinsrw.mem	VEX128	128	2	0	1	17	1	vpinsrw xmm0, xmm1, [rsi], 17
movement_8677	vpinsrw.mem	VEX128	128	2	0	1	18	1	vpinsrw xmm0, xmm1, [rsi], 18
movement_8678	vpinsrw.mem	VEX128	128	2	0	1	19	1	vpinsrw xmm0, xmm1, [rsi], 19
movement_8679	vpinsrw.mem	VEX128	128	2	0	1	20	1	vpinsrw xmm0, xmm1, [rsi], 20
movement_8680	vpinsrw.mem	VEX128	128	2	0	1	21	1	vpinsrw xmm0, xmm1, [rsi], 21
movement_8681	vpinsrw.mem	VEX128	128	2	0	1	22	1	vpinsrw xmm0, xmm1, [rsi], 22
movement_8682	vpinsrw.mem	VEX128	128	2	0	1	23	1	vpinsrw xmm0, xmm1, [rsi], 23
movement_8683	vpinsrw.mem	VEX128	128	2	0	1	24	1	vpinsrw xmm0, xmm1, [rsi], 24
movement_8684	vpinsrw.mem	VEX128	128	2	0	1	25	1	vpinsrw xmm0, xmm1, [rsi], 25
movement_8685	vpinsrw.mem	VEX128	128	2	0	1	26	1	vpinsrw xmm0, xmm1, [rsi], 26
movement_8686	vpinsrw.mem	VEX128	128	2	0	1	27	1	vpinsrw xmm0, xmm1, [rsi], 27
movement_8687	vpinsrw.mem	VEX128	128	2	0	1	28	1	vpinsrw xmm0, xmm1, [rsi], 28
movement_8688	vpinsrw.mem	VEX128	128	2	0	1	29	1	vpinsrw xmm0, xmm1, [rsi], 29
movement_8689	vpinsrw.mem	VEX128	128	2	0	1	30	1	vpinsrw xmm0, xmm1, [rsi], 30
movement_8690	vpinsrw.mem	VEX128	128	2	0	1	31	1	vpinsrw xmm0, xmm1, [rsi], 31
movement_8691	vpinsrw.mem	VEX128	128	2	0	1	32	1	vpinsrw xmm0, xmm1, [rsi], 32
movement_8692	vpinsrw.mem	VEX128	128	2	0	1	33	1	vpinsrw xmm0, xmm1, [rsi], 33
movement_8693	vpinsrw.mem	VEX128	128	2	0	1	34	1	vpinsrw xmm0, xmm1, [rsi], 34
movement_8694	vpinsrw.mem	VEX128	128	2	0	1	35	1	vpinsrw xmm0, xmm1, [rsi], 35
movement_8695	vpinsrw.mem	VEX128	128	2	0	1	36	1	vpinsrw xmm0, xmm1, [rsi], 36
movement_8696	vpinsrw.mem	VEX128	128	2	0	1	37	1	vpinsrw xmm0, xmm1, [rsi], 37
movement_8697	vpinsrw.mem	VEX128	128	2	0	1	38	1	vpinsrw xmm0, xmm1, [rsi], 38
movement_8698	vpinsrw.mem	VEX128	128	2	0	1	39	1	vpinsrw xmm0, xmm1, [rsi], 39
movement_8699	vpinsrw.mem	VEX128	128	2	0	1	40	1	vpinsrw xmm0, xmm1, [rsi], 40
movement_8700	vpinsrw.mem	VEX128	128	2	0	1	41	1	vpinsrw xmm0, xmm1, [rsi], 41
movement_8701	vpinsrw.mem	VEX128	128	2	0	1	42	1	vpinsrw xmm0, xmm1, [rsi], 42
movement_8702	vpinsrw.mem	VEX128	128	2	0	1	43	1	vpinsrw xmm0, xmm1, [rsi], 43
movement_8703	vpinsrw.mem	VEX128	128	2	0	1	44	1	vpinsrw xmm0, xmm1, [rsi], 44
movement_8704	vpinsrw.mem	VEX128	128	2	0	1	45	1	vpinsrw xmm0, xmm1, [rsi], 45
movement_8705	vpinsrw.mem	VEX128	128	2	0	1	46	1	vpinsrw xmm0, xmm1, [rsi], 46
movement_8706	vpinsrw.mem	VEX128	128	2	0	1	47	1	vpinsrw xmm0, xmm1, [rsi], 47
movement_8707	vpinsrw.mem	VEX128	128	2	0	1	48	1	vpinsrw xmm0, xmm1, [rsi], 48
movement_8708	vpinsrw.mem	VEX128	128	2	0	1	49	1	vpinsrw xmm0, xmm1, [rsi], 49
movement_8709	vpinsrw.mem	VEX128	128	2	0	1	50	1	vpinsrw xmm0, xmm1, [rsi], 50
movement_8710	vpinsrw.mem	VEX128	128	2	0	1	51	1	vpinsrw xmm0, xmm1, [rsi], 51
movement_8711	vpinsrw.mem	VEX128	128	2	0	1	52	1	vpinsrw xmm0, xmm1, [rsi], 52
movement_8712	vpinsrw.mem	VEX128	128	2	0	1	53	1	vpinsrw xmm0, xmm1, [rsi], 53
movement_8713	vpinsrw.mem	VEX128	128	2	0	1	54	1	vpinsrw xmm0, xmm1, [rsi], 54
movement_8714	vpinsrw.mem	VEX128	128	2	0	1	55	1	vpinsrw xmm0, xmm1, [rsi], 55
movement_8715	vpinsrw.mem	VEX128	128	2	0	1	56	1	vpinsrw xmm0, xmm1, [rsi], 56
movement_8716	vpinsrw.mem	VEX128	128	2	0	1	57	1	vpinsrw xmm0, xmm1, [rsi], 57
movement_8717	vpinsrw.mem	VEX128	128	2	0	1	58	1	vpinsrw xmm0, xmm1, [rsi], 58
movement_8718	vpinsrw.mem	VEX128	128	2	0	1	59	1	vpinsrw xmm0, xmm1, [rsi], 59
movement_8719	vpinsrw.mem	VEX128	128	2	0	1	60	1	vpinsrw xmm0, xmm1, [rsi], 60
movement_8720	vpinsrw.mem	VEX128	128	2	0	1	61	1	vpinsrw xmm0, xmm1, [rsi], 61
movement_8721	vpinsrw.mem	VEX128	128	2	0	1	62	1	vpinsrw xmm0, xmm1, [rsi], 62
movement_8722	vpinsrw.mem	VEX128	128	2	0	1	63	1	vpinsrw xmm0, xmm1, [rsi], 63
movement_8723	vpinsrw.mem	VEX128	128	2	0	1	64	1	vpinsrw xmm0, xmm1, [rsi], 64
movement_8724	vpinsrw.mem	VEX128	128	2	0	1	65	1	vpinsrw xmm0, xmm1, [rsi], 65
movement_8725	vpinsrw.mem	VEX128	128	2	0	1	66	1	vpinsrw xmm0, xmm1, [rsi], 66
movement_8726	vpinsrw.mem	VEX128	128	2	0	1	67	1	vpinsrw xmm0, xmm1, [rsi], 67
movement_8727	vpinsrw.mem	VEX128	128	2	0	1	68	1	vpinsrw xmm0, xmm1, [rsi], 68
movement_8728	vpinsrw.mem	VEX128	128	2	0	1	69	1	vpinsrw xmm0, xmm1, [rsi], 69
movement_8729	vpinsrw.mem	VEX128	128	2	0	1	70	1	vpinsrw xmm0, xmm1, [rsi], 70
movement_8730	vpinsrw.mem	VEX128	128	2	0	1	71	1	vpinsrw xmm0, xmm1, [rsi], 71
movement_8731	vpinsrw.mem	VEX128	128	2	0	1	72	1	vpinsrw xmm0, xmm1, [rsi], 72
movement_8732	vpinsrw.mem	VEX128	128	2	0	1	73	1	vpinsrw xmm0, xmm1, [rsi], 73
movement_8733	vpinsrw.mem	VEX128	128	2	0	1	74	1	vpinsrw xmm0, xmm1, [rsi], 74
movement_8734	vpinsrw.mem	VEX128	128	2	0	1	75	1	vpinsrw xmm0, xmm1, [rsi], 75
movement_8735	vpinsrw.mem	VEX128	128	2	0	1	76	1	vpinsrw xmm0, xmm1, [rsi], 76
movement_8736	vpinsrw.mem	VEX128	128	2	0	1	77	1	vpinsrw xmm0, xmm1, [rsi], 77
movement_8737	vpinsrw.mem	VEX128	128	2	0	1	78	1	vpinsrw xmm0, xmm1, [rsi], 78
movement_8738	vpinsrw.mem	VEX128	128	2	0	1	79	1	vpinsrw xmm0, xmm1, [rsi], 79
movement_8739	vpinsrw.mem	VEX128	128	2	0	1	80	1	vpinsrw xmm0, xmm1, [rsi], 80
movement_8740	vpinsrw.mem	VEX128	128	2	0	1	81	1	vpinsrw xmm0, xmm1, [rsi], 81
movement_8741	vpinsrw.mem	VEX128	128	2	0	1	82	1	vpinsrw xmm0, xmm1, [rsi], 82
movement_8742	vpinsrw.mem	VEX128	128	2	0	1	83	1	vpinsrw xmm0, xmm1, [rsi], 83
movement_8743	vpinsrw.mem	VEX128	128	2	0	1	84	1	vpinsrw xmm0, xmm1, [rsi], 84
movement_8744	vpinsrw.mem	VEX128	128	2	0	1	85	1	vpinsrw xmm0, xmm1, [rsi], 85
movement_8745	vpinsrw.mem	VEX128	128	2	0	1	86	1	vpinsrw xmm0, xmm1, [rsi], 86
movement_8746	vpinsrw.mem	VEX128	128	2	0	1	87	1	vpinsrw xmm0, xmm1, [rsi], 87
movement_8747	vpinsrw.mem	VEX128	128	2	0	1	88	1	vpinsrw xmm0, xmm1, [rsi], 88
movement_8748	vpinsrw.mem	VEX128	128	2	0	1	89	1	vpinsrw xmm0, xmm1, [rsi], 89
movement_8749	vpinsrw.mem	VEX128	128	2	0	1	90	1	vpinsrw xmm0, xmm1, [rsi], 90
movement_8750	vpinsrw.mem	VEX128	128	2	0	1	91	1	vpinsrw xmm0, xmm1, [rsi], 91
movement_8751	vpinsrw.mem	VEX128	128	2	0	1	92	1	vpinsrw xmm0, xmm1, [rsi], 92
movement_8752	vpinsrw.mem	VEX128	128	2	0	1	93	1	vpinsrw xmm0, xmm1, [rsi], 93
movement_8753	vpinsrw.mem	VEX128	128	2	0	1	94	1	vpinsrw xmm0, xmm1, [rsi], 94
movement_8754	vpinsrw.mem	VEX128	128	2	0	1	95	1	vpinsrw xmm0, xmm1, [rsi], 95
movement_8755	vpinsrw.mem	VEX128	128	2	0	1	96	1	vpinsrw xmm0, xmm1, [rsi], 96
movement_8756	vpinsrw.mem	VEX128	128	2	0	1	97	1	vpinsrw xmm0, xmm1, [rsi], 97
movement_8757	vpinsrw.mem	VEX128	128	2	0	1	98	1	vpinsrw xmm0, xmm1, [rsi], 98
movement_8758	vpinsrw.mem	VEX128	128	2	0	1	99	1	vpinsrw xmm0, xmm1, [rsi], 99
movement_8759	vpinsrw.mem	VEX128	128	2	0	1	100	1	vpinsrw xmm0, xmm1, [rsi], 100
movement_8760	vpinsrw.mem	VEX128	128	2	0	1	101	1	vpinsrw xmm0, xmm1, [rsi], 101
movement_8761	vpinsrw.mem	VEX128	128	2	0	1	102	1	vpinsrw xmm0, xmm1, [rsi], 102
movement_8762	vpinsrw.mem	VEX128	128	2	0	1	103	1	vpinsrw xmm0, xmm1, [rsi], 103
movement_8763	vpinsrw.mem	VEX128	128	2	0	1	104	1	vpinsrw xmm0, xmm1, [rsi], 104
movement_8764	vpinsrw.mem	VEX128	128	2	0	1	105	1	vpinsrw xmm0, xmm1, [rsi], 105
movement_8765	vpinsrw.mem	VEX128	128	2	0	1	106	1	vpinsrw xmm0, xmm1, [rsi], 106
movement_8766	vpinsrw.mem	VEX128	128	2	0	1	107	1	vpinsrw xmm0, xmm1, [rsi], 107
movement_8767	vpinsrw.mem	VEX128	128	2	0	1	108	1	vpinsrw xmm0, xmm1, [rsi], 108
movement_8768	vpinsrw.mem	VEX128	128	2	0	1	109	1	vpinsrw xmm0, xmm1, [rsi], 109
movement_8769	vpinsrw.mem	VEX128	128	2	0	1	110	1	vpinsrw xmm0, xmm1, [rsi], 110
movement_8770	vpinsrw.mem	VEX128	128	2	0	1	111	1	vpinsrw xmm0, xmm1, [rsi], 111
movement_8771	vpinsrw.mem	VEX128	128	2	0	1	112	1	vpinsrw xmm0, xmm1, [rsi], 112
movement_8772	vpinsrw.mem	VEX128	128	2	0	1	113	1	vpinsrw xmm0, xmm1, [rsi], 113
movement_8773	vpinsrw.mem	VEX128	128	2	0	1	114	1	vpinsrw xmm0, xmm1, [rsi], 114
movement_8774	vpinsrw.mem	VEX128	128	2	0	1	115	1	vpinsrw xmm0, xmm1, [rsi], 115
movement_8775	vpinsrw.mem	VEX128	128	2	0	1	116	1	vpinsrw xmm0, xmm1, [rsi], 116
movement_8776	vpinsrw.mem	VEX128	128	2	0	1	117	1	vpinsrw xmm0, xmm1, [rsi], 117
movement_8777	vpinsrw.mem	VEX128	128	2	0	1	118	1	vpinsrw xmm0, xmm1, [rsi], 118
movement_8778	vpinsrw.mem	VEX128	128	2	0	1	119	1	vpinsrw xmm0, xmm1, [rsi], 119
movement_8779	vpinsrw.mem	VEX128	128	2	0	1	120	1	vpinsrw xmm0, xmm1, [rsi], 120
movement_8780	vpinsrw.mem	VEX128	128	2	0	1	121	1	vpinsrw xmm0, xmm1, [rsi], 121
movement_8781	vpinsrw.mem	VEX128	128	2	0	1	122	1	vpinsrw xmm0, xmm1, [rsi], 122
movement_8782	vpinsrw.mem	VEX128	128	2	0	1	123	1	vpinsrw xmm0, xmm1, [rsi], 123
movement_8783	vpinsrw.mem	VEX128	128	2	0	1	124	1	vpinsrw xmm0, xmm1, [rsi], 124
movement_8784	vpinsrw.mem	VEX128	128	2	0	1	125	1	vpinsrw xmm0, xmm1, [rsi], 125
movement_8785	vpinsrw.mem	VEX128	128	2	0	1	126	1	vpinsrw xmm0, xmm1, [rsi], 126
movement_8786	vpinsrw.mem	VEX128	128	2	0	1	127	1	vpinsrw xmm0, xmm1, [rsi], 127
movement_8787	vpinsrw.mem	VEX128	128	2	0	1	128	1	vpinsrw xmm0, xmm1, [rsi], 128
movement_8788	vpinsrw.mem	VEX128	128	2	0	1	129	1	vpinsrw xmm0, xmm1, [rsi], 129
movement_8789	vpinsrw.mem	VEX128	128	2	0	1	130	1	vpinsrw xmm0, xmm1, [rsi], 130
movement_8790	vpinsrw.mem	VEX128	128	2	0	1	131	1	vpinsrw xmm0, xmm1, [rsi], 131
movement_8791	vpinsrw.mem	VEX128	128	2	0	1	132	1	vpinsrw xmm0, xmm1, [rsi], 132
movement_8792	vpinsrw.mem	VEX128	128	2	0	1	133	1	vpinsrw xmm0, xmm1, [rsi], 133
movement_8793	vpinsrw.mem	VEX128	128	2	0	1	134	1	vpinsrw xmm0, xmm1, [rsi], 134
movement_8794	vpinsrw.mem	VEX128	128	2	0	1	135	1	vpinsrw xmm0, xmm1, [rsi], 135
movement_8795	vpinsrw.mem	VEX128	128	2	0	1	136	1	vpinsrw xmm0, xmm1, [rsi], 136
movement_8796	vpinsrw.mem	VEX128	128	2	0	1	137	1	vpinsrw xmm0, xmm1, [rsi], 137
movement_8797	vpinsrw.mem	VEX128	128	2	0	1	138	1	vpinsrw xmm0, xmm1, [rsi], 138
movement_8798	vpinsrw.mem	VEX128	128	2	0	1	139	1	vpinsrw xmm0, xmm1, [rsi], 139
movement_8799	vpinsrw.mem	VEX128	128	2	0	1	140	1	vpinsrw xmm0, xmm1, [rsi], 140
movement_8800	vpinsrw.mem	VEX128	128	2	0	1	141	1	vpinsrw xmm0, xmm1, [rsi], 141
movement_8801	vpinsrw.mem	VEX128	128	2	0	1	142	1	vpinsrw xmm0, xmm1, [rsi], 142
movement_8802	vpinsrw.mem	VEX128	128	2	0	1	143	1	vpinsrw xmm0, xmm1, [rsi], 143
movement_8803	vpinsrw.mem	VEX128	128	2	0	1	144	1	vpinsrw xmm0, xmm1, [rsi], 144
movement_8804	vpinsrw.mem	VEX128	128	2	0	1	145	1	vpinsrw xmm0, xmm1, [rsi], 145
movement_8805	vpinsrw.mem	VEX128	128	2	0	1	146	1	vpinsrw xmm0, xmm1, [rsi], 146
movement_8806	vpinsrw.mem	VEX128	128	2	0	1	147	1	vpinsrw xmm0, xmm1, [rsi], 147
movement_8807	vpinsrw.mem	VEX128	128	2	0	1	148	1	vpinsrw xmm0, xmm1, [rsi], 148
movement_8808	vpinsrw.mem	VEX128	128	2	0	1	149	1	vpinsrw xmm0, xmm1, [rsi], 149
movement_8809	vpinsrw.mem	VEX128	128	2	0	1	150	1	vpinsrw xmm0, xmm1, [rsi], 150
movement_8810	vpinsrw.mem	VEX128	128	2	0	1	151	1	vpinsrw xmm0, xmm1, [rsi], 151
movement_8811	vpinsrw.mem	VEX128	128	2	0	1	152	1	vpinsrw xmm0, xmm1, [rsi], 152
movement_8812	vpinsrw.mem	VEX128	128	2	0	1	153	1	vpinsrw xmm0, xmm1, [rsi], 153
movement_8813	vpinsrw.mem	VEX128	128	2	0	1	154	1	vpinsrw xmm0, xmm1, [rsi], 154
movement_8814	vpinsrw.mem	VEX128	128	2	0	1	155	1	vpinsrw xmm0, xmm1, [rsi], 155
movement_8815	vpinsrw.mem	VEX128	128	2	0	1	156	1	vpinsrw xmm0, xmm1, [rsi], 156
movement_8816	vpinsrw.mem	VEX128	128	2	0	1	157	1	vpinsrw xmm0, xmm1, [rsi], 157
movement_8817	vpinsrw.mem	VEX128	128	2	0	1	158	1	vpinsrw xmm0, xmm1, [rsi], 158
movement_8818	vpinsrw.mem	VEX128	128	2	0	1	159	1	vpinsrw xmm0, xmm1, [rsi], 159
movement_8819	vpinsrw.mem	VEX128	128	2	0	1	160	1	vpinsrw xmm0, xmm1, [rsi], 160
movement_8820	vpinsrw.mem	VEX128	128	2	0	1	161	1	vpinsrw xmm0, xmm1, [rsi], 161
movement_8821	vpinsrw.mem	VEX128	128	2	0	1	162	1	vpinsrw xmm0, xmm1, [rsi], 162
movement_8822	vpinsrw.mem	VEX128	128	2	0	1	163	1	vpinsrw xmm0, xmm1, [rsi], 163
movement_8823	vpinsrw.mem	VEX128	128	2	0	1	164	1	vpinsrw xmm0, xmm1, [rsi], 164
movement_8824	vpinsrw.mem	VEX128	128	2	0	1	165	1	vpinsrw xmm0, xmm1, [rsi], 165
movement_8825	vpinsrw.mem	VEX128	128	2	0	1	166	1	vpinsrw xmm0, xmm1, [rsi], 166
movement_8826	vpinsrw.mem	VEX128	128	2	0	1	167	1	vpinsrw xmm0, xmm1, [rsi], 167
movement_8827	vpinsrw.mem	VEX128	128	2	0	1	168	1	vpinsrw xmm0, xmm1, [rsi], 168
movement_8828	vpinsrw.mem	VEX128	128	2	0	1	169	1	vpinsrw xmm0, xmm1, [rsi], 169
movement_8829	vpinsrw.mem	VEX128	128	2	0	1	170	1	vpinsrw xmm0, xmm1, [rsi], 170
movement_8830	vpinsrw.mem	VEX128	128	2	0	1	171	1	vpinsrw xmm0, xmm1, [rsi], 171
movement_8831	vpinsrw.mem	VEX128	128	2	0	1	172	1	vpinsrw xmm0, xmm1, [rsi], 172
movement_8832	vpinsrw.mem	VEX128	128	2	0	1	173	1	vpinsrw xmm0, xmm1, [rsi], 173
movement_8833	vpinsrw.mem	VEX128	128	2	0	1	174	1	vpinsrw xmm0, xmm1, [rsi], 174
movement_8834	vpinsrw.mem	VEX128	128	2	0	1	175	1	vpinsrw xmm0, xmm1, [rsi], 175
movement_8835	vpinsrw.mem	VEX128	128	2	0	1	176	1	vpinsrw xmm0, xmm1, [rsi], 176
movement_8836	vpinsrw.mem	VEX128	128	2	0	1	177	1	vpinsrw xmm0, xmm1, [rsi], 177
movement_8837	vpinsrw.mem	VEX128	128	2	0	1	178	1	vpinsrw xmm0, xmm1, [rsi], 178
movement_8838	vpinsrw.mem	VEX128	128	2	0	1	179	1	vpinsrw xmm0, xmm1, [rsi], 179
movement_8839	vpinsrw.mem	VEX128	128	2	0	1	180	1	vpinsrw xmm0, xmm1, [rsi], 180
movement_8840	vpinsrw.mem	VEX128	128	2	0	1	181	1	vpinsrw xmm0, xmm1, [rsi], 181
movement_8841	vpinsrw.mem	VEX128	128	2	0	1	182	1	vpinsrw xmm0, xmm1, [rsi], 182
movement_8842	vpinsrw.mem	VEX128	128	2	0	1	183	1	vpinsrw xmm0, xmm1, [rsi], 183
movement_8843	vpinsrw.mem	VEX128	128	2	0	1	184	1	vpinsrw xmm0, xmm1, [rsi], 184
movement_8844	vpinsrw.mem	VEX128	128	2	0	1	185	1	vpinsrw xmm0, xmm1, [rsi], 185
movement_8845	vpinsrw.mem	VEX128	128	2	0	1	186	1	vpinsrw xmm0, xmm1, [rsi], 186
movement_8846	vpinsrw.mem	VEX128	128	2	0	1	187	1	vpinsrw xmm0, xmm1, [rsi], 187
movement_8847	vpinsrw.mem	VEX128	128	2	0	1	188	1	vpinsrw xmm0, xmm1, [rsi], 188
movement_8848	vpinsrw.mem	VEX128	128	2	0	1	189	1	vpinsrw xmm0, xmm1, [rsi], 189
movement_8849	vpinsrw.mem	VEX128	128	2	0	1	190	1	vpinsrw xmm0, xmm1, [rsi], 190
movement_8850	vpinsrw.mem	VEX128	128	2	0	1	191	1	vpinsrw xmm0, xmm1, [rsi], 191
movement_8851	vpinsrw.mem	VEX128	128	2	0	1	192	1	vpinsrw xmm0, xmm1, [rsi], 192
movement_8852	vpinsrw.mem	VEX128	128	2	0	1	193	1	vpinsrw xmm0, xmm1, [rsi], 193
movement_8853	vpinsrw.mem	VEX128	128	2	0	1	194	1	vpinsrw xmm0, xmm1, [rsi], 194
movement_8854	vpinsrw.mem	VEX128	128	2	0	1	195	1	vpinsrw xmm0, xmm1, [rsi], 195
movement_8855	vpinsrw.mem	VEX128	128	2	0	1	196	1	vpinsrw xmm0, xmm1, [rsi], 196
movement_8856	vpinsrw.mem	VEX128	128	2	0	1	197	1	vpinsrw xmm0, xmm1, [rsi], 197
movement_8857	vpinsrw.mem	VEX128	128	2	0	1	198	1	vpinsrw xmm0, xmm1, [rsi], 198
movement_8858	vpinsrw.mem	VEX128	128	2	0	1	199	1	vpinsrw xmm0, xmm1, [rsi], 199
movement_8859	vpinsrw.mem	VEX128	128	2	0	1	200	1	vpinsrw xmm0, xmm1, [rsi], 200
movement_8860	vpinsrw.mem	VEX128	128	2	0	1	201	1	vpinsrw xmm0, xmm1, [rsi], 201
movement_8861	vpinsrw.mem	VEX128	128	2	0	1	202	1	vpinsrw xmm0, xmm1, [rsi], 202
movement_8862	vpinsrw.mem	VEX128	128	2	0	1	203	1	vpinsrw xmm0, xmm1, [rsi], 203
movement_8863	vpinsrw.mem	VEX128	128	2	0	1	204	1	vpinsrw xmm0, xmm1, [rsi], 204
movement_8864	vpinsrw.mem	VEX128	128	2	0	1	205	1	vpinsrw xmm0, xmm1, [rsi], 205
movement_8865	vpinsrw.mem	VEX128	128	2	0	1	206	1	vpinsrw xmm0, xmm1, [rsi], 206
movement_8866	vpinsrw.mem	VEX128	128	2	0	1	207	1	vpinsrw xmm0, xmm1, [rsi], 207
movement_8867	vpinsrw.mem	VEX128	128	2	0	1	208	1	vpinsrw xmm0, xmm1, [rsi], 208
movement_8868	vpinsrw.mem	VEX128	128	2	0	1	209	1	vpinsrw xmm0, xmm1, [rsi], 209
movement_8869	vpinsrw.mem	VEX128	128	2	0	1	210	1	vpinsrw xmm0, xmm1, [rsi], 210
movement_8870	vpinsrw.mem	VEX128	128	2	0	1	211	1	vpinsrw xmm0, xmm1, [rsi], 211
movement_8871	vpinsrw.mem	VEX128	128	2	0	1	212	1	vpinsrw xmm0, xmm1, [rsi], 212
movement_8872	vpinsrw.mem	VEX128	128	2	0	1	213	1	vpinsrw xmm0, xmm1, [rsi], 213
movement_8873	vpinsrw.mem	VEX128	128	2	0	1	214	1	vpinsrw xmm0, xmm1, [rsi], 214
movement_8874	vpinsrw.mem	VEX128	128	2	0	1	215	1	vpinsrw xmm0, xmm1, [rsi], 215
movement_8875	vpinsrw.mem	VEX128	128	2	0	1	216	1	vpinsrw xmm0, xmm1, [rsi], 216
movement_8876	vpinsrw.mem	VEX128	128	2	0	1	217	1	vpinsrw xmm0, xmm1, [rsi], 217
movement_8877	vpinsrw.mem	VEX128	128	2	0	1	218	1	vpinsrw xmm0, xmm1, [rsi], 218
movement_8878	vpinsrw.mem	VEX128	128	2	0	1	219	1	vpinsrw xmm0, xmm1, [rsi], 219
movement_8879	vpinsrw.mem	VEX128	128	2	0	1	220	1	vpinsrw xmm0, xmm1, [rsi], 220
movement_8880	vpinsrw.mem	VEX128	128	2	0	1	221	1	vpinsrw xmm0, xmm1, [rsi], 221
movement_8881	vpinsrw.mem	VEX128	128	2	0	1	222	1	vpinsrw xmm0, xmm1, [rsi], 222
movement_8882	vpinsrw.mem	VEX128	128	2	0	1	223	1	vpinsrw xmm0, xmm1, [rsi], 223
movement_8883	vpinsrw.mem	VEX128	128	2	0	1	224	1	vpinsrw xmm0, xmm1, [rsi], 224
movement_8884	vpinsrw.mem	VEX128	128	2	0	1	225	1	vpinsrw xmm0, xmm1, [rsi], 225
movement_8885	vpinsrw.mem	VEX128	128	2	0	1	226	1	vpinsrw xmm0, xmm1, [rsi], 226
movement_8886	vpinsrw.mem	VEX128	128	2	0	1	227	1	vpinsrw xmm0, xmm1, [rsi], 227
movement_8887	vpinsrw.mem	VEX128	128	2	0	1	228	1	vpinsrw xmm0, xmm1, [rsi], 228
movement_8888	vpinsrw.mem	VEX128	128	2	0	1	229	1	vpinsrw xmm0, xmm1, [rsi], 229
movement_8889	vpinsrw.mem	VEX128	128	2	0	1	230	1	vpinsrw xmm0, xmm1, [rsi], 230
movement_8890	vpinsrw.mem	VEX128	128	2	0	1	231	1	vpinsrw xmm0, xmm1, [rsi], 231
movement_8891	vpinsrw.mem	VEX128	128	2	0	1	232	1	vpinsrw xmm0, xmm1, [rsi], 232
movement_8892	vpinsrw.mem	VEX128	128	2	0	1	233	1	vpinsrw xmm0, xmm1, [rsi], 233
movement_8893	vpinsrw.mem	VEX128	128	2	0	1	234	1	vpinsrw xmm0, xmm1, [rsi], 234
movement_8894	vpinsrw.mem	VEX128	128	2	0	1	235	1	vpinsrw xmm0, xmm1, [rsi], 235
movement_8895	vpinsrw.mem	VEX128	128	2	0	1	236	1	vpinsrw xmm0, xmm1, [rsi], 236
movement_8896	vpinsrw.mem	VEX128	128	2	0	1	237	1	vpinsrw xmm0, xmm1, [rsi], 237
movement_8897	vpinsrw.mem	VEX128	128	2	0	1	238	1	vpinsrw xmm0, xmm1, [rsi], 238
movement_8898	vpinsrw.mem	VEX128	128	2	0	1	239	1	vpinsrw xmm0, xmm1, [rsi], 239
movement_8899	vpinsrw.mem	VEX128	128	2	0	1	240	1	vpinsrw xmm0, xmm1, [rsi], 240
movement_8900	vpinsrw.mem	VEX128	128	2	0	1	241	1	vpinsrw xmm0, xmm1, [rsi], 241
movement_8901	vpinsrw.mem	VEX128	128	2	0	1	242	1	vpinsrw xmm0, xmm1, [rsi], 242
movement_8902	vpinsrw.mem	VEX128	128	2	0	1	243	1	vpinsrw xmm0, xmm1, [rsi], 243
movement_8903	vpinsrw.mem	VEX128	128	2	0	1	244	1	vpinsrw xmm0, xmm1, [rsi], 244
movement_8904	vpinsrw.mem	VEX128	128	2	0	1	245	1	vpinsrw xmm0, xmm1, [rsi], 245
movement_8905	vpinsrw.mem	VEX128	128	2	0	1	246	1	vpinsrw xmm0, xmm1, [rsi], 246
movement_8906	vpinsrw.mem	VEX128	128	2	0	1	247	1	vpinsrw xmm0, xmm1, [rsi], 247
movement_8907	vpinsrw.mem	VEX128	128	2	0	1	248	1	vpinsrw xmm0, xmm1, [rsi], 248
movement_8908	vpinsrw.mem	VEX128	128	2	0	1	249	1	vpinsrw xmm0, xmm1, [rsi], 249
movement_8909	vpinsrw.mem	VEX128	128	2	0	1	250	1	vpinsrw xmm0, xmm1, [rsi], 250
movement_8910	vpinsrw.mem	VEX128	128	2	0	1	251	1	vpinsrw xmm0, xmm1, [rsi], 251
movement_8911	vpinsrw.mem	VEX128	128	2	0	1	252	1	vpinsrw xmm0, xmm1, [rsi], 252
movement_8912	vpinsrw.mem	VEX128	128	2	0	1	253	1	vpinsrw xmm0, xmm1, [rsi], 253
movement_8913	vpinsrw.mem	VEX128	128	2	0	1	254	1	vpinsrw xmm0, xmm1, [rsi], 254
movement_8914	vpinsrw.mem	VEX128	128	2	0	1	255	1	vpinsrw xmm0, xmm1, [rsi], 255
movement_8915	vpinsrd.gpr	VEX128	128	4	0	0	0	1	vpinsrd xmm0, xmm1, eax, 0
movement_8916	vpinsrd.gpr	VEX128	128	4	0	0	1	1	vpinsrd xmm0, xmm1, eax, 1
movement_8917	vpinsrd.gpr	VEX128	128	4	0	0	2	1	vpinsrd xmm0, xmm1, eax, 2
movement_8918	vpinsrd.gpr	VEX128	128	4	0	0	3	1	vpinsrd xmm0, xmm1, eax, 3
movement_8919	vpinsrd.gpr	VEX128	128	4	0	0	4	1	vpinsrd xmm0, xmm1, eax, 4
movement_8920	vpinsrd.gpr	VEX128	128	4	0	0	5	1	vpinsrd xmm0, xmm1, eax, 5
movement_8921	vpinsrd.gpr	VEX128	128	4	0	0	6	1	vpinsrd xmm0, xmm1, eax, 6
movement_8922	vpinsrd.gpr	VEX128	128	4	0	0	7	1	vpinsrd xmm0, xmm1, eax, 7
movement_8923	vpinsrd.gpr	VEX128	128	4	0	0	8	1	vpinsrd xmm0, xmm1, eax, 8
movement_8924	vpinsrd.gpr	VEX128	128	4	0	0	9	1	vpinsrd xmm0, xmm1, eax, 9
movement_8925	vpinsrd.gpr	VEX128	128	4	0	0	10	1	vpinsrd xmm0, xmm1, eax, 10
movement_8926	vpinsrd.gpr	VEX128	128	4	0	0	11	1	vpinsrd xmm0, xmm1, eax, 11
movement_8927	vpinsrd.gpr	VEX128	128	4	0	0	12	1	vpinsrd xmm0, xmm1, eax, 12
movement_8928	vpinsrd.gpr	VEX128	128	4	0	0	13	1	vpinsrd xmm0, xmm1, eax, 13
movement_8929	vpinsrd.gpr	VEX128	128	4	0	0	14	1	vpinsrd xmm0, xmm1, eax, 14
movement_8930	vpinsrd.gpr	VEX128	128	4	0	0	15	1	vpinsrd xmm0, xmm1, eax, 15
movement_8931	vpinsrd.gpr	VEX128	128	4	0	0	16	1	vpinsrd xmm0, xmm1, eax, 16
movement_8932	vpinsrd.gpr	VEX128	128	4	0	0	17	1	vpinsrd xmm0, xmm1, eax, 17
movement_8933	vpinsrd.gpr	VEX128	128	4	0	0	18	1	vpinsrd xmm0, xmm1, eax, 18
movement_8934	vpinsrd.gpr	VEX128	128	4	0	0	19	1	vpinsrd xmm0, xmm1, eax, 19
movement_8935	vpinsrd.gpr	VEX128	128	4	0	0	20	1	vpinsrd xmm0, xmm1, eax, 20
movement_8936	vpinsrd.gpr	VEX128	128	4	0	0	21	1	vpinsrd xmm0, xmm1, eax, 21
movement_8937	vpinsrd.gpr	VEX128	128	4	0	0	22	1	vpinsrd xmm0, xmm1, eax, 22
movement_8938	vpinsrd.gpr	VEX128	128	4	0	0	23	1	vpinsrd xmm0, xmm1, eax, 23
movement_8939	vpinsrd.gpr	VEX128	128	4	0	0	24	1	vpinsrd xmm0, xmm1, eax, 24
movement_8940	vpinsrd.gpr	VEX128	128	4	0	0	25	1	vpinsrd xmm0, xmm1, eax, 25
movement_8941	vpinsrd.gpr	VEX128	128	4	0	0	26	1	vpinsrd xmm0, xmm1, eax, 26
movement_8942	vpinsrd.gpr	VEX128	128	4	0	0	27	1	vpinsrd xmm0, xmm1, eax, 27
movement_8943	vpinsrd.gpr	VEX128	128	4	0	0	28	1	vpinsrd xmm0, xmm1, eax, 28
movement_8944	vpinsrd.gpr	VEX128	128	4	0	0	29	1	vpinsrd xmm0, xmm1, eax, 29
movement_8945	vpinsrd.gpr	VEX128	128	4	0	0	30	1	vpinsrd xmm0, xmm1, eax, 30
movement_8946	vpinsrd.gpr	VEX128	128	4	0	0	31	1	vpinsrd xmm0, xmm1, eax, 31
movement_8947	vpinsrd.gpr	VEX128	128	4	0	0	32	1	vpinsrd xmm0, xmm1, eax, 32
movement_8948	vpinsrd.gpr	VEX128	128	4	0	0	33	1	vpinsrd xmm0, xmm1, eax, 33
movement_8949	vpinsrd.gpr	VEX128	128	4	0	0	34	1	vpinsrd xmm0, xmm1, eax, 34
movement_8950	vpinsrd.gpr	VEX128	128	4	0	0	35	1	vpinsrd xmm0, xmm1, eax, 35
movement_8951	vpinsrd.gpr	VEX128	128	4	0	0	36	1	vpinsrd xmm0, xmm1, eax, 36
movement_8952	vpinsrd.gpr	VEX128	128	4	0	0	37	1	vpinsrd xmm0, xmm1, eax, 37
movement_8953	vpinsrd.gpr	VEX128	128	4	0	0	38	1	vpinsrd xmm0, xmm1, eax, 38
movement_8954	vpinsrd.gpr	VEX128	128	4	0	0	39	1	vpinsrd xmm0, xmm1, eax, 39
movement_8955	vpinsrd.gpr	VEX128	128	4	0	0	40	1	vpinsrd xmm0, xmm1, eax, 40
movement_8956	vpinsrd.gpr	VEX128	128	4	0	0	41	1	vpinsrd xmm0, xmm1, eax, 41
movement_8957	vpinsrd.gpr	VEX128	128	4	0	0	42	1	vpinsrd xmm0, xmm1, eax, 42
movement_8958	vpinsrd.gpr	VEX128	128	4	0	0	43	1	vpinsrd xmm0, xmm1, eax, 43
movement_8959	vpinsrd.gpr	VEX128	128	4	0	0	44	1	vpinsrd xmm0, xmm1, eax, 44
movement_8960	vpinsrd.gpr	VEX128	128	4	0	0	45	1	vpinsrd xmm0, xmm1, eax, 45
movement_8961	vpinsrd.gpr	VEX128	128	4	0	0	46	1	vpinsrd xmm0, xmm1, eax, 46
movement_8962	vpinsrd.gpr	VEX128	128	4	0	0	47	1	vpinsrd xmm0, xmm1, eax, 47
movement_8963	vpinsrd.gpr	VEX128	128	4	0	0	48	1	vpinsrd xmm0, xmm1, eax, 48
movement_8964	vpinsrd.gpr	VEX128	128	4	0	0	49	1	vpinsrd xmm0, xmm1, eax, 49
movement_8965	vpinsrd.gpr	VEX128	128	4	0	0	50	1	vpinsrd xmm0, xmm1, eax, 50
movement_8966	vpinsrd.gpr	VEX128	128	4	0	0	51	1	vpinsrd xmm0, xmm1, eax, 51
movement_8967	vpinsrd.gpr	VEX128	128	4	0	0	52	1	vpinsrd xmm0, xmm1, eax, 52
movement_8968	vpinsrd.gpr	VEX128	128	4	0	0	53	1	vpinsrd xmm0, xmm1, eax, 53
movement_8969	vpinsrd.gpr	VEX128	128	4	0	0	54	1	vpinsrd xmm0, xmm1, eax, 54
movement_8970	vpinsrd.gpr	VEX128	128	4	0	0	55	1	vpinsrd xmm0, xmm1, eax, 55
movement_8971	vpinsrd.gpr	VEX128	128	4	0	0	56	1	vpinsrd xmm0, xmm1, eax, 56
movement_8972	vpinsrd.gpr	VEX128	128	4	0	0	57	1	vpinsrd xmm0, xmm1, eax, 57
movement_8973	vpinsrd.gpr	VEX128	128	4	0	0	58	1	vpinsrd xmm0, xmm1, eax, 58
movement_8974	vpinsrd.gpr	VEX128	128	4	0	0	59	1	vpinsrd xmm0, xmm1, eax, 59
movement_8975	vpinsrd.gpr	VEX128	128	4	0	0	60	1	vpinsrd xmm0, xmm1, eax, 60
movement_8976	vpinsrd.gpr	VEX128	128	4	0	0	61	1	vpinsrd xmm0, xmm1, eax, 61
movement_8977	vpinsrd.gpr	VEX128	128	4	0	0	62	1	vpinsrd xmm0, xmm1, eax, 62
movement_8978	vpinsrd.gpr	VEX128	128	4	0	0	63	1	vpinsrd xmm0, xmm1, eax, 63
movement_8979	vpinsrd.gpr	VEX128	128	4	0	0	64	1	vpinsrd xmm0, xmm1, eax, 64
movement_8980	vpinsrd.gpr	VEX128	128	4	0	0	65	1	vpinsrd xmm0, xmm1, eax, 65
movement_8981	vpinsrd.gpr	VEX128	128	4	0	0	66	1	vpinsrd xmm0, xmm1, eax, 66
movement_8982	vpinsrd.gpr	VEX128	128	4	0	0	67	1	vpinsrd xmm0, xmm1, eax, 67
movement_8983	vpinsrd.gpr	VEX128	128	4	0	0	68	1	vpinsrd xmm0, xmm1, eax, 68
movement_8984	vpinsrd.gpr	VEX128	128	4	0	0	69	1	vpinsrd xmm0, xmm1, eax, 69
movement_8985	vpinsrd.gpr	VEX128	128	4	0	0	70	1	vpinsrd xmm0, xmm1, eax, 70
movement_8986	vpinsrd.gpr	VEX128	128	4	0	0	71	1	vpinsrd xmm0, xmm1, eax, 71
movement_8987	vpinsrd.gpr	VEX128	128	4	0	0	72	1	vpinsrd xmm0, xmm1, eax, 72
movement_8988	vpinsrd.gpr	VEX128	128	4	0	0	73	1	vpinsrd xmm0, xmm1, eax, 73
movement_8989	vpinsrd.gpr	VEX128	128	4	0	0	74	1	vpinsrd xmm0, xmm1, eax, 74
movement_8990	vpinsrd.gpr	VEX128	128	4	0	0	75	1	vpinsrd xmm0, xmm1, eax, 75
movement_8991	vpinsrd.gpr	VEX128	128	4	0	0	76	1	vpinsrd xmm0, xmm1, eax, 76
movement_8992	vpinsrd.gpr	VEX128	128	4	0	0	77	1	vpinsrd xmm0, xmm1, eax, 77
movement_8993	vpinsrd.gpr	VEX128	128	4	0	0	78	1	vpinsrd xmm0, xmm1, eax, 78
movement_8994	vpinsrd.gpr	VEX128	128	4	0	0	79	1	vpinsrd xmm0, xmm1, eax, 79
movement_8995	vpinsrd.gpr	VEX128	128	4	0	0	80	1	vpinsrd xmm0, xmm1, eax, 80
movement_8996	vpinsrd.gpr	VEX128	128	4	0	0	81	1	vpinsrd xmm0, xmm1, eax, 81
movement_8997	vpinsrd.gpr	VEX128	128	4	0	0	82	1	vpinsrd xmm0, xmm1, eax, 82
movement_8998	vpinsrd.gpr	VEX128	128	4	0	0	83	1	vpinsrd xmm0, xmm1, eax, 83
movement_8999	vpinsrd.gpr	VEX128	128	4	0	0	84	1	vpinsrd xmm0, xmm1, eax, 84
movement_9000	vpinsrd.gpr	VEX128	128	4	0	0	85	1	vpinsrd xmm0, xmm1, eax, 85
movement_9001	vpinsrd.gpr	VEX128	128	4	0	0	86	1	vpinsrd xmm0, xmm1, eax, 86
movement_9002	vpinsrd.gpr	VEX128	128	4	0	0	87	1	vpinsrd xmm0, xmm1, eax, 87
movement_9003	vpinsrd.gpr	VEX128	128	4	0	0	88	1	vpinsrd xmm0, xmm1, eax, 88
movement_9004	vpinsrd.gpr	VEX128	128	4	0	0	89	1	vpinsrd xmm0, xmm1, eax, 89
movement_9005	vpinsrd.gpr	VEX128	128	4	0	0	90	1	vpinsrd xmm0, xmm1, eax, 90
movement_9006	vpinsrd.gpr	VEX128	128	4	0	0	91	1	vpinsrd xmm0, xmm1, eax, 91
movement_9007	vpinsrd.gpr	VEX128	128	4	0	0	92	1	vpinsrd xmm0, xmm1, eax, 92
movement_9008	vpinsrd.gpr	VEX128	128	4	0	0	93	1	vpinsrd xmm0, xmm1, eax, 93
movement_9009	vpinsrd.gpr	VEX128	128	4	0	0	94	1	vpinsrd xmm0, xmm1, eax, 94
movement_9010	vpinsrd.gpr	VEX128	128	4	0	0	95	1	vpinsrd xmm0, xmm1, eax, 95
movement_9011	vpinsrd.gpr	VEX128	128	4	0	0	96	1	vpinsrd xmm0, xmm1, eax, 96
movement_9012	vpinsrd.gpr	VEX128	128	4	0	0	97	1	vpinsrd xmm0, xmm1, eax, 97
movement_9013	vpinsrd.gpr	VEX128	128	4	0	0	98	1	vpinsrd xmm0, xmm1, eax, 98
movement_9014	vpinsrd.gpr	VEX128	128	4	0	0	99	1	vpinsrd xmm0, xmm1, eax, 99
movement_9015	vpinsrd.gpr	VEX128	128	4	0	0	100	1	vpinsrd xmm0, xmm1, eax, 100
movement_9016	vpinsrd.gpr	VEX128	128	4	0	0	101	1	vpinsrd xmm0, xmm1, eax, 101
movement_9017	vpinsrd.gpr	VEX128	128	4	0	0	102	1	vpinsrd xmm0, xmm1, eax, 102
movement_9018	vpinsrd.gpr	VEX128	128	4	0	0	103	1	vpinsrd xmm0, xmm1, eax, 103
movement_9019	vpinsrd.gpr	VEX128	128	4	0	0	104	1	vpinsrd xmm0, xmm1, eax, 104
movement_9020	vpinsrd.gpr	VEX128	128	4	0	0	105	1	vpinsrd xmm0, xmm1, eax, 105
movement_9021	vpinsrd.gpr	VEX128	128	4	0	0	106	1	vpinsrd xmm0, xmm1, eax, 106
movement_9022	vpinsrd.gpr	VEX128	128	4	0	0	107	1	vpinsrd xmm0, xmm1, eax, 107
movement_9023	vpinsrd.gpr	VEX128	128	4	0	0	108	1	vpinsrd xmm0, xmm1, eax, 108
movement_9024	vpinsrd.gpr	VEX128	128	4	0	0	109	1	vpinsrd xmm0, xmm1, eax, 109
movement_9025	vpinsrd.gpr	VEX128	128	4	0	0	110	1	vpinsrd xmm0, xmm1, eax, 110
movement_9026	vpinsrd.gpr	VEX128	128	4	0	0	111	1	vpinsrd xmm0, xmm1, eax, 111
movement_9027	vpinsrd.gpr	VEX128	128	4	0	0	112	1	vpinsrd xmm0, xmm1, eax, 112
movement_9028	vpinsrd.gpr	VEX128	128	4	0	0	113	1	vpinsrd xmm0, xmm1, eax, 113
movement_9029	vpinsrd.gpr	VEX128	128	4	0	0	114	1	vpinsrd xmm0, xmm1, eax, 114
movement_9030	vpinsrd.gpr	VEX128	128	4	0	0	115	1	vpinsrd xmm0, xmm1, eax, 115
movement_9031	vpinsrd.gpr	VEX128	128	4	0	0	116	1	vpinsrd xmm0, xmm1, eax, 116
movement_9032	vpinsrd.gpr	VEX128	128	4	0	0	117	1	vpinsrd xmm0, xmm1, eax, 117
movement_9033	vpinsrd.gpr	VEX128	128	4	0	0	118	1	vpinsrd xmm0, xmm1, eax, 118
movement_9034	vpinsrd.gpr	VEX128	128	4	0	0	119	1	vpinsrd xmm0, xmm1, eax, 119
movement_9035	vpinsrd.gpr	VEX128	128	4	0	0	120	1	vpinsrd xmm0, xmm1, eax, 120
movement_9036	vpinsrd.gpr	VEX128	128	4	0	0	121	1	vpinsrd xmm0, xmm1, eax, 121
movement_9037	vpinsrd.gpr	VEX128	128	4	0	0	122	1	vpinsrd xmm0, xmm1, eax, 122
movement_9038	vpinsrd.gpr	VEX128	128	4	0	0	123	1	vpinsrd xmm0, xmm1, eax, 123
movement_9039	vpinsrd.gpr	VEX128	128	4	0	0	124	1	vpinsrd xmm0, xmm1, eax, 124
movement_9040	vpinsrd.gpr	VEX128	128	4	0	0	125	1	vpinsrd xmm0, xmm1, eax, 125
movement_9041	vpinsrd.gpr	VEX128	128	4	0	0	126	1	vpinsrd xmm0, xmm1, eax, 126
movement_9042	vpinsrd.gpr	VEX128	128	4	0	0	127	1	vpinsrd xmm0, xmm1, eax, 127
movement_9043	vpinsrd.gpr	VEX128	128	4	0	0	128	1	vpinsrd xmm0, xmm1, eax, 128
movement_9044	vpinsrd.gpr	VEX128	128	4	0	0	129	1	vpinsrd xmm0, xmm1, eax, 129
movement_9045	vpinsrd.gpr	VEX128	128	4	0	0	130	1	vpinsrd xmm0, xmm1, eax, 130
movement_9046	vpinsrd.gpr	VEX128	128	4	0	0	131	1	vpinsrd xmm0, xmm1, eax, 131
movement_9047	vpinsrd.gpr	VEX128	128	4	0	0	132	1	vpinsrd xmm0, xmm1, eax, 132
movement_9048	vpinsrd.gpr	VEX128	128	4	0	0	133	1	vpinsrd xmm0, xmm1, eax, 133
movement_9049	vpinsrd.gpr	VEX128	128	4	0	0	134	1	vpinsrd xmm0, xmm1, eax, 134
movement_9050	vpinsrd.gpr	VEX128	128	4	0	0	135	1	vpinsrd xmm0, xmm1, eax, 135
movement_9051	vpinsrd.gpr	VEX128	128	4	0	0	136	1	vpinsrd xmm0, xmm1, eax, 136
movement_9052	vpinsrd.gpr	VEX128	128	4	0	0	137	1	vpinsrd xmm0, xmm1, eax, 137
movement_9053	vpinsrd.gpr	VEX128	128	4	0	0	138	1	vpinsrd xmm0, xmm1, eax, 138
movement_9054	vpinsrd.gpr	VEX128	128	4	0	0	139	1	vpinsrd xmm0, xmm1, eax, 139
movement_9055	vpinsrd.gpr	VEX128	128	4	0	0	140	1	vpinsrd xmm0, xmm1, eax, 140
movement_9056	vpinsrd.gpr	VEX128	128	4	0	0	141	1	vpinsrd xmm0, xmm1, eax, 141
movement_9057	vpinsrd.gpr	VEX128	128	4	0	0	142	1	vpinsrd xmm0, xmm1, eax, 142
movement_9058	vpinsrd.gpr	VEX128	128	4	0	0	143	1	vpinsrd xmm0, xmm1, eax, 143
movement_9059	vpinsrd.gpr	VEX128	128	4	0	0	144	1	vpinsrd xmm0, xmm1, eax, 144
movement_9060	vpinsrd.gpr	VEX128	128	4	0	0	145	1	vpinsrd xmm0, xmm1, eax, 145
movement_9061	vpinsrd.gpr	VEX128	128	4	0	0	146	1	vpinsrd xmm0, xmm1, eax, 146
movement_9062	vpinsrd.gpr	VEX128	128	4	0	0	147	1	vpinsrd xmm0, xmm1, eax, 147
movement_9063	vpinsrd.gpr	VEX128	128	4	0	0	148	1	vpinsrd xmm0, xmm1, eax, 148
movement_9064	vpinsrd.gpr	VEX128	128	4	0	0	149	1	vpinsrd xmm0, xmm1, eax, 149
movement_9065	vpinsrd.gpr	VEX128	128	4	0	0	150	1	vpinsrd xmm0, xmm1, eax, 150
movement_9066	vpinsrd.gpr	VEX128	128	4	0	0	151	1	vpinsrd xmm0, xmm1, eax, 151
movement_9067	vpinsrd.gpr	VEX128	128	4	0	0	152	1	vpinsrd xmm0, xmm1, eax, 152
movement_9068	vpinsrd.gpr	VEX128	128	4	0	0	153	1	vpinsrd xmm0, xmm1, eax, 153
movement_9069	vpinsrd.gpr	VEX128	128	4	0	0	154	1	vpinsrd xmm0, xmm1, eax, 154
movement_9070	vpinsrd.gpr	VEX128	128	4	0	0	155	1	vpinsrd xmm0, xmm1, eax, 155
movement_9071	vpinsrd.gpr	VEX128	128	4	0	0	156	1	vpinsrd xmm0, xmm1, eax, 156
movement_9072	vpinsrd.gpr	VEX128	128	4	0	0	157	1	vpinsrd xmm0, xmm1, eax, 157
movement_9073	vpinsrd.gpr	VEX128	128	4	0	0	158	1	vpinsrd xmm0, xmm1, eax, 158
movement_9074	vpinsrd.gpr	VEX128	128	4	0	0	159	1	vpinsrd xmm0, xmm1, eax, 159
movement_9075	vpinsrd.gpr	VEX128	128	4	0	0	160	1	vpinsrd xmm0, xmm1, eax, 160
movement_9076	vpinsrd.gpr	VEX128	128	4	0	0	161	1	vpinsrd xmm0, xmm1, eax, 161
movement_9077	vpinsrd.gpr	VEX128	128	4	0	0	162	1	vpinsrd xmm0, xmm1, eax, 162
movement_9078	vpinsrd.gpr	VEX128	128	4	0	0	163	1	vpinsrd xmm0, xmm1, eax, 163
movement_9079	vpinsrd.gpr	VEX128	128	4	0	0	164	1	vpinsrd xmm0, xmm1, eax, 164
movement_9080	vpinsrd.gpr	VEX128	128	4	0	0	165	1	vpinsrd xmm0, xmm1, eax, 165
movement_9081	vpinsrd.gpr	VEX128	128	4	0	0	166	1	vpinsrd xmm0, xmm1, eax, 166
movement_9082	vpinsrd.gpr	VEX128	128	4	0	0	167	1	vpinsrd xmm0, xmm1, eax, 167
movement_9083	vpinsrd.gpr	VEX128	128	4	0	0	168	1	vpinsrd xmm0, xmm1, eax, 168
movement_9084	vpinsrd.gpr	VEX128	128	4	0	0	169	1	vpinsrd xmm0, xmm1, eax, 169
movement_9085	vpinsrd.gpr	VEX128	128	4	0	0	170	1	vpinsrd xmm0, xmm1, eax, 170
movement_9086	vpinsrd.gpr	VEX128	128	4	0	0	171	1	vpinsrd xmm0, xmm1, eax, 171
movement_9087	vpinsrd.gpr	VEX128	128	4	0	0	172	1	vpinsrd xmm0, xmm1, eax, 172
movement_9088	vpinsrd.gpr	VEX128	128	4	0	0	173	1	vpinsrd xmm0, xmm1, eax, 173
movement_9089	vpinsrd.gpr	VEX128	128	4	0	0	174	1	vpinsrd xmm0, xmm1, eax, 174
movement_9090	vpinsrd.gpr	VEX128	128	4	0	0	175	1	vpinsrd xmm0, xmm1, eax, 175
movement_9091	vpinsrd.gpr	VEX128	128	4	0	0	176	1	vpinsrd xmm0, xmm1, eax, 176
movement_9092	vpinsrd.gpr	VEX128	128	4	0	0	177	1	vpinsrd xmm0, xmm1, eax, 177
movement_9093	vpinsrd.gpr	VEX128	128	4	0	0	178	1	vpinsrd xmm0, xmm1, eax, 178
movement_9094	vpinsrd.gpr	VEX128	128	4	0	0	179	1	vpinsrd xmm0, xmm1, eax, 179
movement_9095	vpinsrd.gpr	VEX128	128	4	0	0	180	1	vpinsrd xmm0, xmm1, eax, 180
movement_9096	vpinsrd.gpr	VEX128	128	4	0	0	181	1	vpinsrd xmm0, xmm1, eax, 181
movement_9097	vpinsrd.gpr	VEX128	128	4	0	0	182	1	vpinsrd xmm0, xmm1, eax, 182
movement_9098	vpinsrd.gpr	VEX128	128	4	0	0	183	1	vpinsrd xmm0, xmm1, eax, 183
movement_9099	vpinsrd.gpr	VEX128	128	4	0	0	184	1	vpinsrd xmm0, xmm1, eax, 184
movement_9100	vpinsrd.gpr	VEX128	128	4	0	0	185	1	vpinsrd xmm0, xmm1, eax, 185
movement_9101	vpinsrd.gpr	VEX128	128	4	0	0	186	1	vpinsrd xmm0, xmm1, eax, 186
movement_9102	vpinsrd.gpr	VEX128	128	4	0	0	187	1	vpinsrd xmm0, xmm1, eax, 187
movement_9103	vpinsrd.gpr	VEX128	128	4	0	0	188	1	vpinsrd xmm0, xmm1, eax, 188
movement_9104	vpinsrd.gpr	VEX128	128	4	0	0	189	1	vpinsrd xmm0, xmm1, eax, 189
movement_9105	vpinsrd.gpr	VEX128	128	4	0	0	190	1	vpinsrd xmm0, xmm1, eax, 190
movement_9106	vpinsrd.gpr	VEX128	128	4	0	0	191	1	vpinsrd xmm0, xmm1, eax, 191
movement_9107	vpinsrd.gpr	VEX128	128	4	0	0	192	1	vpinsrd xmm0, xmm1, eax, 192
movement_9108	vpinsrd.gpr	VEX128	128	4	0	0	193	1	vpinsrd xmm0, xmm1, eax, 193
movement_9109	vpinsrd.gpr	VEX128	128	4	0	0	194	1	vpinsrd xmm0, xmm1, eax, 194
movement_9110	vpinsrd.gpr	VEX128	128	4	0	0	195	1	vpinsrd xmm0, xmm1, eax, 195
movement_9111	vpinsrd.gpr	VEX128	128	4	0	0	196	1	vpinsrd xmm0, xmm1, eax, 196
movement_9112	vpinsrd.gpr	VEX128	128	4	0	0	197	1	vpinsrd xmm0, xmm1, eax, 197
movement_9113	vpinsrd.gpr	VEX128	128	4	0	0	198	1	vpinsrd xmm0, xmm1, eax, 198
movement_9114	vpinsrd.gpr	VEX128	128	4	0	0	199	1	vpinsrd xmm0, xmm1, eax, 199
movement_9115	vpinsrd.gpr	VEX128	128	4	0	0	200	1	vpinsrd xmm0, xmm1, eax, 200
movement_9116	vpinsrd.gpr	VEX128	128	4	0	0	201	1	vpinsrd xmm0, xmm1, eax, 201
movement_9117	vpinsrd.gpr	VEX128	128	4	0	0	202	1	vpinsrd xmm0, xmm1, eax, 202
movement_9118	vpinsrd.gpr	VEX128	128	4	0	0	203	1	vpinsrd xmm0, xmm1, eax, 203
movement_9119	vpinsrd.gpr	VEX128	128	4	0	0	204	1	vpinsrd xmm0, xmm1, eax, 204
movement_9120	vpinsrd.gpr	VEX128	128	4	0	0	205	1	vpinsrd xmm0, xmm1, eax, 205
movement_9121	vpinsrd.gpr	VEX128	128	4	0	0	206	1	vpinsrd xmm0, xmm1, eax, 206
movement_9122	vpinsrd.gpr	VEX128	128	4	0	0	207	1	vpinsrd xmm0, xmm1, eax, 207
movement_9123	vpinsrd.gpr	VEX128	128	4	0	0	208	1	vpinsrd xmm0, xmm1, eax, 208
movement_9124	vpinsrd.gpr	VEX128	128	4	0	0	209	1	vpinsrd xmm0, xmm1, eax, 209
movement_9125	vpinsrd.gpr	VEX128	128	4	0	0	210	1	vpinsrd xmm0, xmm1, eax, 210
movement_9126	vpinsrd.gpr	VEX128	128	4	0	0	211	1	vpinsrd xmm0, xmm1, eax, 211
movement_9127	vpinsrd.gpr	VEX128	128	4	0	0	212	1	vpinsrd xmm0, xmm1, eax, 212
movement_9128	vpinsrd.gpr	VEX128	128	4	0	0	213	1	vpinsrd xmm0, xmm1, eax, 213
movement_9129	vpinsrd.gpr	VEX128	128	4	0	0	214	1	vpinsrd xmm0, xmm1, eax, 214
movement_9130	vpinsrd.gpr	VEX128	128	4	0	0	215	1	vpinsrd xmm0, xmm1, eax, 215
movement_9131	vpinsrd.gpr	VEX128	128	4	0	0	216	1	vpinsrd xmm0, xmm1, eax, 216
movement_9132	vpinsrd.gpr	VEX128	128	4	0	0	217	1	vpinsrd xmm0, xmm1, eax, 217
movement_9133	vpinsrd.gpr	VEX128	128	4	0	0	218	1	vpinsrd xmm0, xmm1, eax, 218
movement_9134	vpinsrd.gpr	VEX128	128	4	0	0	219	1	vpinsrd xmm0, xmm1, eax, 219
movement_9135	vpinsrd.gpr	VEX128	128	4	0	0	220	1	vpinsrd xmm0, xmm1, eax, 220
movement_9136	vpinsrd.gpr	VEX128	128	4	0	0	221	1	vpinsrd xmm0, xmm1, eax, 221
movement_9137	vpinsrd.gpr	VEX128	128	4	0	0	222	1	vpinsrd xmm0, xmm1, eax, 222
movement_9138	vpinsrd.gpr	VEX128	128	4	0	0	223	1	vpinsrd xmm0, xmm1, eax, 223
movement_9139	vpinsrd.gpr	VEX128	128	4	0	0	224	1	vpinsrd xmm0, xmm1, eax, 224
movement_9140	vpinsrd.gpr	VEX128	128	4	0	0	225	1	vpinsrd xmm0, xmm1, eax, 225
movement_9141	vpinsrd.gpr	VEX128	128	4	0	0	226	1	vpinsrd xmm0, xmm1, eax, 226
movement_9142	vpinsrd.gpr	VEX128	128	4	0	0	227	1	vpinsrd xmm0, xmm1, eax, 227
movement_9143	vpinsrd.gpr	VEX128	128	4	0	0	228	1	vpinsrd xmm0, xmm1, eax, 228
movement_9144	vpinsrd.gpr	VEX128	128	4	0	0	229	1	vpinsrd xmm0, xmm1, eax, 229
movement_9145	vpinsrd.gpr	VEX128	128	4	0	0	230	1	vpinsrd xmm0, xmm1, eax, 230
movement_9146	vpinsrd.gpr	VEX128	128	4	0	0	231	1	vpinsrd xmm0, xmm1, eax, 231
movement_9147	vpinsrd.gpr	VEX128	128	4	0	0	232	1	vpinsrd xmm0, xmm1, eax, 232
movement_9148	vpinsrd.gpr	VEX128	128	4	0	0	233	1	vpinsrd xmm0, xmm1, eax, 233
movement_9149	vpinsrd.gpr	VEX128	128	4	0	0	234	1	vpinsrd xmm0, xmm1, eax, 234
movement_9150	vpinsrd.gpr	VEX128	128	4	0	0	235	1	vpinsrd xmm0, xmm1, eax, 235
movement_9151	vpinsrd.gpr	VEX128	128	4	0	0	236	1	vpinsrd xmm0, xmm1, eax, 236
movement_9152	vpinsrd.gpr	VEX128	128	4	0	0	237	1	vpinsrd xmm0, xmm1, eax, 237
movement_9153	vpinsrd.gpr	VEX128	128	4	0	0	238	1	vpinsrd xmm0, xmm1, eax, 238
movement_9154	vpinsrd.gpr	VEX128	128	4	0	0	239	1	vpinsrd xmm0, xmm1, eax, 239
movement_9155	vpinsrd.gpr	VEX128	128	4	0	0	240	1	vpinsrd xmm0, xmm1, eax, 240
movement_9156	vpinsrd.gpr	VEX128	128	4	0	0	241	1	vpinsrd xmm0, xmm1, eax, 241
movement_9157	vpinsrd.gpr	VEX128	128	4	0	0	242	1	vpinsrd xmm0, xmm1, eax, 242
movement_9158	vpinsrd.gpr	VEX128	128	4	0	0	243	1	vpinsrd xmm0, xmm1, eax, 243
movement_9159	vpinsrd.gpr	VEX128	128	4	0	0	244	1	vpinsrd xmm0, xmm1, eax, 244
movement_9160	vpinsrd.gpr	VEX128	128	4	0	0	245	1	vpinsrd xmm0, xmm1, eax, 245
movement_9161	vpinsrd.gpr	VEX128	128	4	0	0	246	1	vpinsrd xmm0, xmm1, eax, 246
movement_9162	vpinsrd.gpr	VEX128	128	4	0	0	247	1	vpinsrd xmm0, xmm1, eax, 247
movement_9163	vpinsrd.gpr	VEX128	128	4	0	0	248	1	vpinsrd xmm0, xmm1, eax, 248
movement_9164	vpinsrd.gpr	VEX128	128	4	0	0	249	1	vpinsrd xmm0, xmm1, eax, 249
movement_9165	vpinsrd.gpr	VEX128	128	4	0	0	250	1	vpinsrd xmm0, xmm1, eax, 250
movement_9166	vpinsrd.gpr	VEX128	128	4	0	0	251	1	vpinsrd xmm0, xmm1, eax, 251
movement_9167	vpinsrd.gpr	VEX128	128	4	0	0	252	1	vpinsrd xmm0, xmm1, eax, 252
movement_9168	vpinsrd.gpr	VEX128	128	4	0	0	253	1	vpinsrd xmm0, xmm1, eax, 253
movement_9169	vpinsrd.gpr	VEX128	128	4	0	0	254	1	vpinsrd xmm0, xmm1, eax, 254
movement_9170	vpinsrd.gpr	VEX128	128	4	0	0	255	1	vpinsrd xmm0, xmm1, eax, 255
movement_9171	vpinsrd.mem	VEX128	128	4	0	1	0	1	vpinsrd xmm0, xmm1, [rsi], 0
movement_9172	vpinsrd.mem	VEX128	128	4	0	1	1	1	vpinsrd xmm0, xmm1, [rsi], 1
movement_9173	vpinsrd.mem	VEX128	128	4	0	1	2	1	vpinsrd xmm0, xmm1, [rsi], 2
movement_9174	vpinsrd.mem	VEX128	128	4	0	1	3	1	vpinsrd xmm0, xmm1, [rsi], 3
movement_9175	vpinsrd.mem	VEX128	128	4	0	1	4	1	vpinsrd xmm0, xmm1, [rsi], 4
movement_9176	vpinsrd.mem	VEX128	128	4	0	1	5	1	vpinsrd xmm0, xmm1, [rsi], 5
movement_9177	vpinsrd.mem	VEX128	128	4	0	1	6	1	vpinsrd xmm0, xmm1, [rsi], 6
movement_9178	vpinsrd.mem	VEX128	128	4	0	1	7	1	vpinsrd xmm0, xmm1, [rsi], 7
movement_9179	vpinsrd.mem	VEX128	128	4	0	1	8	1	vpinsrd xmm0, xmm1, [rsi], 8
movement_9180	vpinsrd.mem	VEX128	128	4	0	1	9	1	vpinsrd xmm0, xmm1, [rsi], 9
movement_9181	vpinsrd.mem	VEX128	128	4	0	1	10	1	vpinsrd xmm0, xmm1, [rsi], 10
movement_9182	vpinsrd.mem	VEX128	128	4	0	1	11	1	vpinsrd xmm0, xmm1, [rsi], 11
movement_9183	vpinsrd.mem	VEX128	128	4	0	1	12	1	vpinsrd xmm0, xmm1, [rsi], 12
movement_9184	vpinsrd.mem	VEX128	128	4	0	1	13	1	vpinsrd xmm0, xmm1, [rsi], 13
movement_9185	vpinsrd.mem	VEX128	128	4	0	1	14	1	vpinsrd xmm0, xmm1, [rsi], 14
movement_9186	vpinsrd.mem	VEX128	128	4	0	1	15	1	vpinsrd xmm0, xmm1, [rsi], 15
movement_9187	vpinsrd.mem	VEX128	128	4	0	1	16	1	vpinsrd xmm0, xmm1, [rsi], 16
movement_9188	vpinsrd.mem	VEX128	128	4	0	1	17	1	vpinsrd xmm0, xmm1, [rsi], 17
movement_9189	vpinsrd.mem	VEX128	128	4	0	1	18	1	vpinsrd xmm0, xmm1, [rsi], 18
movement_9190	vpinsrd.mem	VEX128	128	4	0	1	19	1	vpinsrd xmm0, xmm1, [rsi], 19
movement_9191	vpinsrd.mem	VEX128	128	4	0	1	20	1	vpinsrd xmm0, xmm1, [rsi], 20
movement_9192	vpinsrd.mem	VEX128	128	4	0	1	21	1	vpinsrd xmm0, xmm1, [rsi], 21
movement_9193	vpinsrd.mem	VEX128	128	4	0	1	22	1	vpinsrd xmm0, xmm1, [rsi], 22
movement_9194	vpinsrd.mem	VEX128	128	4	0	1	23	1	vpinsrd xmm0, xmm1, [rsi], 23
movement_9195	vpinsrd.mem	VEX128	128	4	0	1	24	1	vpinsrd xmm0, xmm1, [rsi], 24
movement_9196	vpinsrd.mem	VEX128	128	4	0	1	25	1	vpinsrd xmm0, xmm1, [rsi], 25
movement_9197	vpinsrd.mem	VEX128	128	4	0	1	26	1	vpinsrd xmm0, xmm1, [rsi], 26
movement_9198	vpinsrd.mem	VEX128	128	4	0	1	27	1	vpinsrd xmm0, xmm1, [rsi], 27
movement_9199	vpinsrd.mem	VEX128	128	4	0	1	28	1	vpinsrd xmm0, xmm1, [rsi], 28
movement_9200	vpinsrd.mem	VEX128	128	4	0	1	29	1	vpinsrd xmm0, xmm1, [rsi], 29
movement_9201	vpinsrd.mem	VEX128	128	4	0	1	30	1	vpinsrd xmm0, xmm1, [rsi], 30
movement_9202	vpinsrd.mem	VEX128	128	4	0	1	31	1	vpinsrd xmm0, xmm1, [rsi], 31
movement_9203	vpinsrd.mem	VEX128	128	4	0	1	32	1	vpinsrd xmm0, xmm1, [rsi], 32
movement_9204	vpinsrd.mem	VEX128	128	4	0	1	33	1	vpinsrd xmm0, xmm1, [rsi], 33
movement_9205	vpinsrd.mem	VEX128	128	4	0	1	34	1	vpinsrd xmm0, xmm1, [rsi], 34
movement_9206	vpinsrd.mem	VEX128	128	4	0	1	35	1	vpinsrd xmm0, xmm1, [rsi], 35
movement_9207	vpinsrd.mem	VEX128	128	4	0	1	36	1	vpinsrd xmm0, xmm1, [rsi], 36
movement_9208	vpinsrd.mem	VEX128	128	4	0	1	37	1	vpinsrd xmm0, xmm1, [rsi], 37
movement_9209	vpinsrd.mem	VEX128	128	4	0	1	38	1	vpinsrd xmm0, xmm1, [rsi], 38
movement_9210	vpinsrd.mem	VEX128	128	4	0	1	39	1	vpinsrd xmm0, xmm1, [rsi], 39
movement_9211	vpinsrd.mem	VEX128	128	4	0	1	40	1	vpinsrd xmm0, xmm1, [rsi], 40
movement_9212	vpinsrd.mem	VEX128	128	4	0	1	41	1	vpinsrd xmm0, xmm1, [rsi], 41
movement_9213	vpinsrd.mem	VEX128	128	4	0	1	42	1	vpinsrd xmm0, xmm1, [rsi], 42
movement_9214	vpinsrd.mem	VEX128	128	4	0	1	43	1	vpinsrd xmm0, xmm1, [rsi], 43
movement_9215	vpinsrd.mem	VEX128	128	4	0	1	44	1	vpinsrd xmm0, xmm1, [rsi], 44
movement_9216	vpinsrd.mem	VEX128	128	4	0	1	45	1	vpinsrd xmm0, xmm1, [rsi], 45
movement_9217	vpinsrd.mem	VEX128	128	4	0	1	46	1	vpinsrd xmm0, xmm1, [rsi], 46
movement_9218	vpinsrd.mem	VEX128	128	4	0	1	47	1	vpinsrd xmm0, xmm1, [rsi], 47
movement_9219	vpinsrd.mem	VEX128	128	4	0	1	48	1	vpinsrd xmm0, xmm1, [rsi], 48
movement_9220	vpinsrd.mem	VEX128	128	4	0	1	49	1	vpinsrd xmm0, xmm1, [rsi], 49
movement_9221	vpinsrd.mem	VEX128	128	4	0	1	50	1	vpinsrd xmm0, xmm1, [rsi], 50
movement_9222	vpinsrd.mem	VEX128	128	4	0	1	51	1	vpinsrd xmm0, xmm1, [rsi], 51
movement_9223	vpinsrd.mem	VEX128	128	4	0	1	52	1	vpinsrd xmm0, xmm1, [rsi], 52
movement_9224	vpinsrd.mem	VEX128	128	4	0	1	53	1	vpinsrd xmm0, xmm1, [rsi], 53
movement_9225	vpinsrd.mem	VEX128	128	4	0	1	54	1	vpinsrd xmm0, xmm1, [rsi], 54
movement_9226	vpinsrd.mem	VEX128	128	4	0	1	55	1	vpinsrd xmm0, xmm1, [rsi], 55
movement_9227	vpinsrd.mem	VEX128	128	4	0	1	56	1	vpinsrd xmm0, xmm1, [rsi], 56
movement_9228	vpinsrd.mem	VEX128	128	4	0	1	57	1	vpinsrd xmm0, xmm1, [rsi], 57
movement_9229	vpinsrd.mem	VEX128	128	4	0	1	58	1	vpinsrd xmm0, xmm1, [rsi], 58
movement_9230	vpinsrd.mem	VEX128	128	4	0	1	59	1	vpinsrd xmm0, xmm1, [rsi], 59
movement_9231	vpinsrd.mem	VEX128	128	4	0	1	60	1	vpinsrd xmm0, xmm1, [rsi], 60
movement_9232	vpinsrd.mem	VEX128	128	4	0	1	61	1	vpinsrd xmm0, xmm1, [rsi], 61
movement_9233	vpinsrd.mem	VEX128	128	4	0	1	62	1	vpinsrd xmm0, xmm1, [rsi], 62
movement_9234	vpinsrd.mem	VEX128	128	4	0	1	63	1	vpinsrd xmm0, xmm1, [rsi], 63
movement_9235	vpinsrd.mem	VEX128	128	4	0	1	64	1	vpinsrd xmm0, xmm1, [rsi], 64
movement_9236	vpinsrd.mem	VEX128	128	4	0	1	65	1	vpinsrd xmm0, xmm1, [rsi], 65
movement_9237	vpinsrd.mem	VEX128	128	4	0	1	66	1	vpinsrd xmm0, xmm1, [rsi], 66
movement_9238	vpinsrd.mem	VEX128	128	4	0	1	67	1	vpinsrd xmm0, xmm1, [rsi], 67
movement_9239	vpinsrd.mem	VEX128	128	4	0	1	68	1	vpinsrd xmm0, xmm1, [rsi], 68
movement_9240	vpinsrd.mem	VEX128	128	4	0	1	69	1	vpinsrd xmm0, xmm1, [rsi], 69
movement_9241	vpinsrd.mem	VEX128	128	4	0	1	70	1	vpinsrd xmm0, xmm1, [rsi], 70
movement_9242	vpinsrd.mem	VEX128	128	4	0	1	71	1	vpinsrd xmm0, xmm1, [rsi], 71
movement_9243	vpinsrd.mem	VEX128	128	4	0	1	72	1	vpinsrd xmm0, xmm1, [rsi], 72
movement_9244	vpinsrd.mem	VEX128	128	4	0	1	73	1	vpinsrd xmm0, xmm1, [rsi], 73
movement_9245	vpinsrd.mem	VEX128	128	4	0	1	74	1	vpinsrd xmm0, xmm1, [rsi], 74
movement_9246	vpinsrd.mem	VEX128	128	4	0	1	75	1	vpinsrd xmm0, xmm1, [rsi], 75
movement_9247	vpinsrd.mem	VEX128	128	4	0	1	76	1	vpinsrd xmm0, xmm1, [rsi], 76
movement_9248	vpinsrd.mem	VEX128	128	4	0	1	77	1	vpinsrd xmm0, xmm1, [rsi], 77
movement_9249	vpinsrd.mem	VEX128	128	4	0	1	78	1	vpinsrd xmm0, xmm1, [rsi], 78
movement_9250	vpinsrd.mem	VEX128	128	4	0	1	79	1	vpinsrd xmm0, xmm1, [rsi], 79
movement_9251	vpinsrd.mem	VEX128	128	4	0	1	80	1	vpinsrd xmm0, xmm1, [rsi], 80
movement_9252	vpinsrd.mem	VEX128	128	4	0	1	81	1	vpinsrd xmm0, xmm1, [rsi], 81
movement_9253	vpinsrd.mem	VEX128	128	4	0	1	82	1	vpinsrd xmm0, xmm1, [rsi], 82
movement_9254	vpinsrd.mem	VEX128	128	4	0	1	83	1	vpinsrd xmm0, xmm1, [rsi], 83
movement_9255	vpinsrd.mem	VEX128	128	4	0	1	84	1	vpinsrd xmm0, xmm1, [rsi], 84
movement_9256	vpinsrd.mem	VEX128	128	4	0	1	85	1	vpinsrd xmm0, xmm1, [rsi], 85
movement_9257	vpinsrd.mem	VEX128	128	4	0	1	86	1	vpinsrd xmm0, xmm1, [rsi], 86
movement_9258	vpinsrd.mem	VEX128	128	4	0	1	87	1	vpinsrd xmm0, xmm1, [rsi], 87
movement_9259	vpinsrd.mem	VEX128	128	4	0	1	88	1	vpinsrd xmm0, xmm1, [rsi], 88
movement_9260	vpinsrd.mem	VEX128	128	4	0	1	89	1	vpinsrd xmm0, xmm1, [rsi], 89
movement_9261	vpinsrd.mem	VEX128	128	4	0	1	90	1	vpinsrd xmm0, xmm1, [rsi], 90
movement_9262	vpinsrd.mem	VEX128	128	4	0	1	91	1	vpinsrd xmm0, xmm1, [rsi], 91
movement_9263	vpinsrd.mem	VEX128	128	4	0	1	92	1	vpinsrd xmm0, xmm1, [rsi], 92
movement_9264	vpinsrd.mem	VEX128	128	4	0	1	93	1	vpinsrd xmm0, xmm1, [rsi], 93
movement_9265	vpinsrd.mem	VEX128	128	4	0	1	94	1	vpinsrd xmm0, xmm1, [rsi], 94
movement_9266	vpinsrd.mem	VEX128	128	4	0	1	95	1	vpinsrd xmm0, xmm1, [rsi], 95
movement_9267	vpinsrd.mem	VEX128	128	4	0	1	96	1	vpinsrd xmm0, xmm1, [rsi], 96
movement_9268	vpinsrd.mem	VEX128	128	4	0	1	97	1	vpinsrd xmm0, xmm1, [rsi], 97
movement_9269	vpinsrd.mem	VEX128	128	4	0	1	98	1	vpinsrd xmm0, xmm1, [rsi], 98
movement_9270	vpinsrd.mem	VEX128	128	4	0	1	99	1	vpinsrd xmm0, xmm1, [rsi], 99
movement_9271	vpinsrd.mem	VEX128	128	4	0	1	100	1	vpinsrd xmm0, xmm1, [rsi], 100
movement_9272	vpinsrd.mem	VEX128	128	4	0	1	101	1	vpinsrd xmm0, xmm1, [rsi], 101
movement_9273	vpinsrd.mem	VEX128	128	4	0	1	102	1	vpinsrd xmm0, xmm1, [rsi], 102
movement_9274	vpinsrd.mem	VEX128	128	4	0	1	103	1	vpinsrd xmm0, xmm1, [rsi], 103
movement_9275	vpinsrd.mem	VEX128	128	4	0	1	104	1	vpinsrd xmm0, xmm1, [rsi], 104
movement_9276	vpinsrd.mem	VEX128	128	4	0	1	105	1	vpinsrd xmm0, xmm1, [rsi], 105
movement_9277	vpinsrd.mem	VEX128	128	4	0	1	106	1	vpinsrd xmm0, xmm1, [rsi], 106
movement_9278	vpinsrd.mem	VEX128	128	4	0	1	107	1	vpinsrd xmm0, xmm1, [rsi], 107
movement_9279	vpinsrd.mem	VEX128	128	4	0	1	108	1	vpinsrd xmm0, xmm1, [rsi], 108
movement_9280	vpinsrd.mem	VEX128	128	4	0	1	109	1	vpinsrd xmm0, xmm1, [rsi], 109
movement_9281	vpinsrd.mem	VEX128	128	4	0	1	110	1	vpinsrd xmm0, xmm1, [rsi], 110
movement_9282	vpinsrd.mem	VEX128	128	4	0	1	111	1	vpinsrd xmm0, xmm1, [rsi], 111
movement_9283	vpinsrd.mem	VEX128	128	4	0	1	112	1	vpinsrd xmm0, xmm1, [rsi], 112
movement_9284	vpinsrd.mem	VEX128	128	4	0	1	113	1	vpinsrd xmm0, xmm1, [rsi], 113
movement_9285	vpinsrd.mem	VEX128	128	4	0	1	114	1	vpinsrd xmm0, xmm1, [rsi], 114
movement_9286	vpinsrd.mem	VEX128	128	4	0	1	115	1	vpinsrd xmm0, xmm1, [rsi], 115
movement_9287	vpinsrd.mem	VEX128	128	4	0	1	116	1	vpinsrd xmm0, xmm1, [rsi], 116
movement_9288	vpinsrd.mem	VEX128	128	4	0	1	117	1	vpinsrd xmm0, xmm1, [rsi], 117
movement_9289	vpinsrd.mem	VEX128	128	4	0	1	118	1	vpinsrd xmm0, xmm1, [rsi], 118
movement_9290	vpinsrd.mem	VEX128	128	4	0	1	119	1	vpinsrd xmm0, xmm1, [rsi], 119
movement_9291	vpinsrd.mem	VEX128	128	4	0	1	120	1	vpinsrd xmm0, xmm1, [rsi], 120
movement_9292	vpinsrd.mem	VEX128	128	4	0	1	121	1	vpinsrd xmm0, xmm1, [rsi], 121
movement_9293	vpinsrd.mem	VEX128	128	4	0	1	122	1	vpinsrd xmm0, xmm1, [rsi], 122
movement_9294	vpinsrd.mem	VEX128	128	4	0	1	123	1	vpinsrd xmm0, xmm1, [rsi], 123
movement_9295	vpinsrd.mem	VEX128	128	4	0	1	124	1	vpinsrd xmm0, xmm1, [rsi], 124
movement_9296	vpinsrd.mem	VEX128	128	4	0	1	125	1	vpinsrd xmm0, xmm1, [rsi], 125
movement_9297	vpinsrd.mem	VEX128	128	4	0	1	126	1	vpinsrd xmm0, xmm1, [rsi], 126
movement_9298	vpinsrd.mem	VEX128	128	4	0	1	127	1	vpinsrd xmm0, xmm1, [rsi], 127
movement_9299	vpinsrd.mem	VEX128	128	4	0	1	128	1	vpinsrd xmm0, xmm1, [rsi], 128
movement_9300	vpinsrd.mem	VEX128	128	4	0	1	129	1	vpinsrd xmm0, xmm1, [rsi], 129
movement_9301	vpinsrd.mem	VEX128	128	4	0	1	130	1	vpinsrd xmm0, xmm1, [rsi], 130
movement_9302	vpinsrd.mem	VEX128	128	4	0	1	131	1	vpinsrd xmm0, xmm1, [rsi], 131
movement_9303	vpinsrd.mem	VEX128	128	4	0	1	132	1	vpinsrd xmm0, xmm1, [rsi], 132
movement_9304	vpinsrd.mem	VEX128	128	4	0	1	133	1	vpinsrd xmm0, xmm1, [rsi], 133
movement_9305	vpinsrd.mem	VEX128	128	4	0	1	134	1	vpinsrd xmm0, xmm1, [rsi], 134
movement_9306	vpinsrd.mem	VEX128	128	4	0	1	135	1	vpinsrd xmm0, xmm1, [rsi], 135
movement_9307	vpinsrd.mem	VEX128	128	4	0	1	136	1	vpinsrd xmm0, xmm1, [rsi], 136
movement_9308	vpinsrd.mem	VEX128	128	4	0	1	137	1	vpinsrd xmm0, xmm1, [rsi], 137
movement_9309	vpinsrd.mem	VEX128	128	4	0	1	138	1	vpinsrd xmm0, xmm1, [rsi], 138
movement_9310	vpinsrd.mem	VEX128	128	4	0	1	139	1	vpinsrd xmm0, xmm1, [rsi], 139
movement_9311	vpinsrd.mem	VEX128	128	4	0	1	140	1	vpinsrd xmm0, xmm1, [rsi], 140
movement_9312	vpinsrd.mem	VEX128	128	4	0	1	141	1	vpinsrd xmm0, xmm1, [rsi], 141
movement_9313	vpinsrd.mem	VEX128	128	4	0	1	142	1	vpinsrd xmm0, xmm1, [rsi], 142
movement_9314	vpinsrd.mem	VEX128	128	4	0	1	143	1	vpinsrd xmm0, xmm1, [rsi], 143
movement_9315	vpinsrd.mem	VEX128	128	4	0	1	144	1	vpinsrd xmm0, xmm1, [rsi], 144
movement_9316	vpinsrd.mem	VEX128	128	4	0	1	145	1	vpinsrd xmm0, xmm1, [rsi], 145
movement_9317	vpinsrd.mem	VEX128	128	4	0	1	146	1	vpinsrd xmm0, xmm1, [rsi], 146
movement_9318	vpinsrd.mem	VEX128	128	4	0	1	147	1	vpinsrd xmm0, xmm1, [rsi], 147
movement_9319	vpinsrd.mem	VEX128	128	4	0	1	148	1	vpinsrd xmm0, xmm1, [rsi], 148
movement_9320	vpinsrd.mem	VEX128	128	4	0	1	149	1	vpinsrd xmm0, xmm1, [rsi], 149
movement_9321	vpinsrd.mem	VEX128	128	4	0	1	150	1	vpinsrd xmm0, xmm1, [rsi], 150
movement_9322	vpinsrd.mem	VEX128	128	4	0	1	151	1	vpinsrd xmm0, xmm1, [rsi], 151
movement_9323	vpinsrd.mem	VEX128	128	4	0	1	152	1	vpinsrd xmm0, xmm1, [rsi], 152
movement_9324	vpinsrd.mem	VEX128	128	4	0	1	153	1	vpinsrd xmm0, xmm1, [rsi], 153
movement_9325	vpinsrd.mem	VEX128	128	4	0	1	154	1	vpinsrd xmm0, xmm1, [rsi], 154
movement_9326	vpinsrd.mem	VEX128	128	4	0	1	155	1	vpinsrd xmm0, xmm1, [rsi], 155
movement_9327	vpinsrd.mem	VEX128	128	4	0	1	156	1	vpinsrd xmm0, xmm1, [rsi], 156
movement_9328	vpinsrd.mem	VEX128	128	4	0	1	157	1	vpinsrd xmm0, xmm1, [rsi], 157
movement_9329	vpinsrd.mem	VEX128	128	4	0	1	158	1	vpinsrd xmm0, xmm1, [rsi], 158
movement_9330	vpinsrd.mem	VEX128	128	4	0	1	159	1	vpinsrd xmm0, xmm1, [rsi], 159
movement_9331	vpinsrd.mem	VEX128	128	4	0	1	160	1	vpinsrd xmm0, xmm1, [rsi], 160
movement_9332	vpinsrd.mem	VEX128	128	4	0	1	161	1	vpinsrd xmm0, xmm1, [rsi], 161
movement_9333	vpinsrd.mem	VEX128	128	4	0	1	162	1	vpinsrd xmm0, xmm1, [rsi], 162
movement_9334	vpinsrd.mem	VEX128	128	4	0	1	163	1	vpinsrd xmm0, xmm1, [rsi], 163
movement_9335	vpinsrd.mem	VEX128	128	4	0	1	164	1	vpinsrd xmm0, xmm1, [rsi], 164
movement_9336	vpinsrd.mem	VEX128	128	4	0	1	165	1	vpinsrd xmm0, xmm1, [rsi], 165
movement_9337	vpinsrd.mem	VEX128	128	4	0	1	166	1	vpinsrd xmm0, xmm1, [rsi], 166
movement_9338	vpinsrd.mem	VEX128	128	4	0	1	167	1	vpinsrd xmm0, xmm1, [rsi], 167
movement_9339	vpinsrd.mem	VEX128	128	4	0	1	168	1	vpinsrd xmm0, xmm1, [rsi], 168
movement_9340	vpinsrd.mem	VEX128	128	4	0	1	169	1	vpinsrd xmm0, xmm1, [rsi], 169
movement_9341	vpinsrd.mem	VEX128	128	4	0	1	170	1	vpinsrd xmm0, xmm1, [rsi], 170
movement_9342	vpinsrd.mem	VEX128	128	4	0	1	171	1	vpinsrd xmm0, xmm1, [rsi], 171
movement_9343	vpinsrd.mem	VEX128	128	4	0	1	172	1	vpinsrd xmm0, xmm1, [rsi], 172
movement_9344	vpinsrd.mem	VEX128	128	4	0	1	173	1	vpinsrd xmm0, xmm1, [rsi], 173
movement_9345	vpinsrd.mem	VEX128	128	4	0	1	174	1	vpinsrd xmm0, xmm1, [rsi], 174
movement_9346	vpinsrd.mem	VEX128	128	4	0	1	175	1	vpinsrd xmm0, xmm1, [rsi], 175
movement_9347	vpinsrd.mem	VEX128	128	4	0	1	176	1	vpinsrd xmm0, xmm1, [rsi], 176
movement_9348	vpinsrd.mem	VEX128	128	4	0	1	177	1	vpinsrd xmm0, xmm1, [rsi], 177
movement_9349	vpinsrd.mem	VEX128	128	4	0	1	178	1	vpinsrd xmm0, xmm1, [rsi], 178
movement_9350	vpinsrd.mem	VEX128	128	4	0	1	179	1	vpinsrd xmm0, xmm1, [rsi], 179
movement_9351	vpinsrd.mem	VEX128	128	4	0	1	180	1	vpinsrd xmm0, xmm1, [rsi], 180
movement_9352	vpinsrd.mem	VEX128	128	4	0	1	181	1	vpinsrd xmm0, xmm1, [rsi], 181
movement_9353	vpinsrd.mem	VEX128	128	4	0	1	182	1	vpinsrd xmm0, xmm1, [rsi], 182
movement_9354	vpinsrd.mem	VEX128	128	4	0	1	183	1	vpinsrd xmm0, xmm1, [rsi], 183
movement_9355	vpinsrd.mem	VEX128	128	4	0	1	184	1	vpinsrd xmm0, xmm1, [rsi], 184
movement_9356	vpinsrd.mem	VEX128	128	4	0	1	185	1	vpinsrd xmm0, xmm1, [rsi], 185
movement_9357	vpinsrd.mem	VEX128	128	4	0	1	186	1	vpinsrd xmm0, xmm1, [rsi], 186
movement_9358	vpinsrd.mem	VEX128	128	4	0	1	187	1	vpinsrd xmm0, xmm1, [rsi], 187
movement_9359	vpinsrd.mem	VEX128	128	4	0	1	188	1	vpinsrd xmm0, xmm1, [rsi], 188
movement_9360	vpinsrd.mem	VEX128	128	4	0	1	189	1	vpinsrd xmm0, xmm1, [rsi], 189
movement_9361	vpinsrd.mem	VEX128	128	4	0	1	190	1	vpinsrd xmm0, xmm1, [rsi], 190
movement_9362	vpinsrd.mem	VEX128	128	4	0	1	191	1	vpinsrd xmm0, xmm1, [rsi], 191
movement_9363	vpinsrd.mem	VEX128	128	4	0	1	192	1	vpinsrd xmm0, xmm1, [rsi], 192
movement_9364	vpinsrd.mem	VEX128	128	4	0	1	193	1	vpinsrd xmm0, xmm1, [rsi], 193
movement_9365	vpinsrd.mem	VEX128	128	4	0	1	194	1	vpinsrd xmm0, xmm1, [rsi], 194
movement_9366	vpinsrd.mem	VEX128	128	4	0	1	195	1	vpinsrd xmm0, xmm1, [rsi], 195
movement_9367	vpinsrd.mem	VEX128	128	4	0	1	196	1	vpinsrd xmm0, xmm1, [rsi], 196
movement_9368	vpinsrd.mem	VEX128	128	4	0	1	197	1	vpinsrd xmm0, xmm1, [rsi], 197
movement_9369	vpinsrd.mem	VEX128	128	4	0	1	198	1	vpinsrd xmm0, xmm1, [rsi], 198
movement_9370	vpinsrd.mem	VEX128	128	4	0	1	199	1	vpinsrd xmm0, xmm1, [rsi], 199
movement_9371	vpinsrd.mem	VEX128	128	4	0	1	200	1	vpinsrd xmm0, xmm1, [rsi], 200
movement_9372	vpinsrd.mem	VEX128	128	4	0	1	201	1	vpinsrd xmm0, xmm1, [rsi], 201
movement_9373	vpinsrd.mem	VEX128	128	4	0	1	202	1	vpinsrd xmm0, xmm1, [rsi], 202
movement_9374	vpinsrd.mem	VEX128	128	4	0	1	203	1	vpinsrd xmm0, xmm1, [rsi], 203
movement_9375	vpinsrd.mem	VEX128	128	4	0	1	204	1	vpinsrd xmm0, xmm1, [rsi], 204
movement_9376	vpinsrd.mem	VEX128	128	4	0	1	205	1	vpinsrd xmm0, xmm1, [rsi], 205
movement_9377	vpinsrd.mem	VEX128	128	4	0	1	206	1	vpinsrd xmm0, xmm1, [rsi], 206
movement_9378	vpinsrd.mem	VEX128	128	4	0	1	207	1	vpinsrd xmm0, xmm1, [rsi], 207
movement_9379	vpinsrd.mem	VEX128	128	4	0	1	208	1	vpinsrd xmm0, xmm1, [rsi], 208
movement_9380	vpinsrd.mem	VEX128	128	4	0	1	209	1	vpinsrd xmm0, xmm1, [rsi], 209
movement_9381	vpinsrd.mem	VEX128	128	4	0	1	210	1	vpinsrd xmm0, xmm1, [rsi], 210
movement_9382	vpinsrd.mem	VEX128	128	4	0	1	211	1	vpinsrd xmm0, xmm1, [rsi], 211
movement_9383	vpinsrd.mem	VEX128	128	4	0	1	212	1	vpinsrd xmm0, xmm1, [rsi], 212
movement_9384	vpinsrd.mem	VEX128	128	4	0	1	213	1	vpinsrd xmm0, xmm1, [rsi], 213
movement_9385	vpinsrd.mem	VEX128	128	4	0	1	214	1	vpinsrd xmm0, xmm1, [rsi], 214
movement_9386	vpinsrd.mem	VEX128	128	4	0	1	215	1	vpinsrd xmm0, xmm1, [rsi], 215
movement_9387	vpinsrd.mem	VEX128	128	4	0	1	216	1	vpinsrd xmm0, xmm1, [rsi], 216
movement_9388	vpinsrd.mem	VEX128	128	4	0	1	217	1	vpinsrd xmm0, xmm1, [rsi], 217
movement_9389	vpinsrd.mem	VEX128	128	4	0	1	218	1	vpinsrd xmm0, xmm1, [rsi], 218
movement_9390	vpinsrd.mem	VEX128	128	4	0	1	219	1	vpinsrd xmm0, xmm1, [rsi], 219
movement_9391	vpinsrd.mem	VEX128	128	4	0	1	220	1	vpinsrd xmm0, xmm1, [rsi], 220
movement_9392	vpinsrd.mem	VEX128	128	4	0	1	221	1	vpinsrd xmm0, xmm1, [rsi], 221
movement_9393	vpinsrd.mem	VEX128	128	4	0	1	222	1	vpinsrd xmm0, xmm1, [rsi], 222
movement_9394	vpinsrd.mem	VEX128	128	4	0	1	223	1	vpinsrd xmm0, xmm1, [rsi], 223
movement_9395	vpinsrd.mem	VEX128	128	4	0	1	224	1	vpinsrd xmm0, xmm1, [rsi], 224
movement_9396	vpinsrd.mem	VEX128	128	4	0	1	225	1	vpinsrd xmm0, xmm1, [rsi], 225
movement_9397	vpinsrd.mem	VEX128	128	4	0	1	226	1	vpinsrd xmm0, xmm1, [rsi], 226
movement_9398	vpinsrd.mem	VEX128	128	4	0	1	227	1	vpinsrd xmm0, xmm1, [rsi], 227
movement_9399	vpinsrd.mem	VEX128	128	4	0	1	228	1	vpinsrd xmm0, xmm1, [rsi], 228
movement_9400	vpinsrd.mem	VEX128	128	4	0	1	229	1	vpinsrd xmm0, xmm1, [rsi], 229
movement_9401	vpinsrd.mem	VEX128	128	4	0	1	230	1	vpinsrd xmm0, xmm1, [rsi], 230
movement_9402	vpinsrd.mem	VEX128	128	4	0	1	231	1	vpinsrd xmm0, xmm1, [rsi], 231
movement_9403	vpinsrd.mem	VEX128	128	4	0	1	232	1	vpinsrd xmm0, xmm1, [rsi], 232
movement_9404	vpinsrd.mem	VEX128	128	4	0	1	233	1	vpinsrd xmm0, xmm1, [rsi], 233
movement_9405	vpinsrd.mem	VEX128	128	4	0	1	234	1	vpinsrd xmm0, xmm1, [rsi], 234
movement_9406	vpinsrd.mem	VEX128	128	4	0	1	235	1	vpinsrd xmm0, xmm1, [rsi], 235
movement_9407	vpinsrd.mem	VEX128	128	4	0	1	236	1	vpinsrd xmm0, xmm1, [rsi], 236
movement_9408	vpinsrd.mem	VEX128	128	4	0	1	237	1	vpinsrd xmm0, xmm1, [rsi], 237
movement_9409	vpinsrd.mem	VEX128	128	4	0	1	238	1	vpinsrd xmm0, xmm1, [rsi], 238
movement_9410	vpinsrd.mem	VEX128	128	4	0	1	239	1	vpinsrd xmm0, xmm1, [rsi], 239
movement_9411	vpinsrd.mem	VEX128	128	4	0	1	240	1	vpinsrd xmm0, xmm1, [rsi], 240
movement_9412	vpinsrd.mem	VEX128	128	4	0	1	241	1	vpinsrd xmm0, xmm1, [rsi], 241
movement_9413	vpinsrd.mem	VEX128	128	4	0	1	242	1	vpinsrd xmm0, xmm1, [rsi], 242
movement_9414	vpinsrd.mem	VEX128	128	4	0	1	243	1	vpinsrd xmm0, xmm1, [rsi], 243
movement_9415	vpinsrd.mem	VEX128	128	4	0	1	244	1	vpinsrd xmm0, xmm1, [rsi], 244
movement_9416	vpinsrd.mem	VEX128	128	4	0	1	245	1	vpinsrd xmm0, xmm1, [rsi], 245
movement_9417	vpinsrd.mem	VEX128	128	4	0	1	246	1	vpinsrd xmm0, xmm1, [rsi], 246
movement_9418	vpinsrd.mem	VEX128	128	4	0	1	247	1	vpinsrd xmm0, xmm1, [rsi], 247
movement_9419	vpinsrd.mem	VEX128	128	4	0	1	248	1	vpinsrd xmm0, xmm1, [rsi], 248
movement_9420	vpinsrd.mem	VEX128	128	4	0	1	249	1	vpinsrd xmm0, xmm1, [rsi], 249
movement_9421	vpinsrd.mem	VEX128	128	4	0	1	250	1	vpinsrd xmm0, xmm1, [rsi], 250
movement_9422	vpinsrd.mem	VEX128	128	4	0	1	251	1	vpinsrd xmm0, xmm1, [rsi], 251
movement_9423	vpinsrd.mem	VEX128	128	4	0	1	252	1	vpinsrd xmm0, xmm1, [rsi], 252
movement_9424	vpinsrd.mem	VEX128	128	4	0	1	253	1	vpinsrd xmm0, xmm1, [rsi], 253
movement_9425	vpinsrd.mem	VEX128	128	4	0	1	254	1	vpinsrd xmm0, xmm1, [rsi], 254
movement_9426	vpinsrd.mem	VEX128	128	4	0	1	255	1	vpinsrd xmm0, xmm1, [rsi], 255
movement_9427	vpinsrq.gpr	VEX128	128	8	0	0	0	1	vpinsrq xmm0, xmm1, rax, 0
movement_9428	vpinsrq.gpr	VEX128	128	8	0	0	1	1	vpinsrq xmm0, xmm1, rax, 1
movement_9429	vpinsrq.gpr	VEX128	128	8	0	0	2	1	vpinsrq xmm0, xmm1, rax, 2
movement_9430	vpinsrq.gpr	VEX128	128	8	0	0	3	1	vpinsrq xmm0, xmm1, rax, 3
movement_9431	vpinsrq.gpr	VEX128	128	8	0	0	4	1	vpinsrq xmm0, xmm1, rax, 4
movement_9432	vpinsrq.gpr	VEX128	128	8	0	0	5	1	vpinsrq xmm0, xmm1, rax, 5
movement_9433	vpinsrq.gpr	VEX128	128	8	0	0	6	1	vpinsrq xmm0, xmm1, rax, 6
movement_9434	vpinsrq.gpr	VEX128	128	8	0	0	7	1	vpinsrq xmm0, xmm1, rax, 7
movement_9435	vpinsrq.gpr	VEX128	128	8	0	0	8	1	vpinsrq xmm0, xmm1, rax, 8
movement_9436	vpinsrq.gpr	VEX128	128	8	0	0	9	1	vpinsrq xmm0, xmm1, rax, 9
movement_9437	vpinsrq.gpr	VEX128	128	8	0	0	10	1	vpinsrq xmm0, xmm1, rax, 10
movement_9438	vpinsrq.gpr	VEX128	128	8	0	0	11	1	vpinsrq xmm0, xmm1, rax, 11
movement_9439	vpinsrq.gpr	VEX128	128	8	0	0	12	1	vpinsrq xmm0, xmm1, rax, 12
movement_9440	vpinsrq.gpr	VEX128	128	8	0	0	13	1	vpinsrq xmm0, xmm1, rax, 13
movement_9441	vpinsrq.gpr	VEX128	128	8	0	0	14	1	vpinsrq xmm0, xmm1, rax, 14
movement_9442	vpinsrq.gpr	VEX128	128	8	0	0	15	1	vpinsrq xmm0, xmm1, rax, 15
movement_9443	vpinsrq.gpr	VEX128	128	8	0	0	16	1	vpinsrq xmm0, xmm1, rax, 16
movement_9444	vpinsrq.gpr	VEX128	128	8	0	0	17	1	vpinsrq xmm0, xmm1, rax, 17
movement_9445	vpinsrq.gpr	VEX128	128	8	0	0	18	1	vpinsrq xmm0, xmm1, rax, 18
movement_9446	vpinsrq.gpr	VEX128	128	8	0	0	19	1	vpinsrq xmm0, xmm1, rax, 19
movement_9447	vpinsrq.gpr	VEX128	128	8	0	0	20	1	vpinsrq xmm0, xmm1, rax, 20
movement_9448	vpinsrq.gpr	VEX128	128	8	0	0	21	1	vpinsrq xmm0, xmm1, rax, 21
movement_9449	vpinsrq.gpr	VEX128	128	8	0	0	22	1	vpinsrq xmm0, xmm1, rax, 22
movement_9450	vpinsrq.gpr	VEX128	128	8	0	0	23	1	vpinsrq xmm0, xmm1, rax, 23
movement_9451	vpinsrq.gpr	VEX128	128	8	0	0	24	1	vpinsrq xmm0, xmm1, rax, 24
movement_9452	vpinsrq.gpr	VEX128	128	8	0	0	25	1	vpinsrq xmm0, xmm1, rax, 25
movement_9453	vpinsrq.gpr	VEX128	128	8	0	0	26	1	vpinsrq xmm0, xmm1, rax, 26
movement_9454	vpinsrq.gpr	VEX128	128	8	0	0	27	1	vpinsrq xmm0, xmm1, rax, 27
movement_9455	vpinsrq.gpr	VEX128	128	8	0	0	28	1	vpinsrq xmm0, xmm1, rax, 28
movement_9456	vpinsrq.gpr	VEX128	128	8	0	0	29	1	vpinsrq xmm0, xmm1, rax, 29
movement_9457	vpinsrq.gpr	VEX128	128	8	0	0	30	1	vpinsrq xmm0, xmm1, rax, 30
movement_9458	vpinsrq.gpr	VEX128	128	8	0	0	31	1	vpinsrq xmm0, xmm1, rax, 31
movement_9459	vpinsrq.gpr	VEX128	128	8	0	0	32	1	vpinsrq xmm0, xmm1, rax, 32
movement_9460	vpinsrq.gpr	VEX128	128	8	0	0	33	1	vpinsrq xmm0, xmm1, rax, 33
movement_9461	vpinsrq.gpr	VEX128	128	8	0	0	34	1	vpinsrq xmm0, xmm1, rax, 34
movement_9462	vpinsrq.gpr	VEX128	128	8	0	0	35	1	vpinsrq xmm0, xmm1, rax, 35
movement_9463	vpinsrq.gpr	VEX128	128	8	0	0	36	1	vpinsrq xmm0, xmm1, rax, 36
movement_9464	vpinsrq.gpr	VEX128	128	8	0	0	37	1	vpinsrq xmm0, xmm1, rax, 37
movement_9465	vpinsrq.gpr	VEX128	128	8	0	0	38	1	vpinsrq xmm0, xmm1, rax, 38
movement_9466	vpinsrq.gpr	VEX128	128	8	0	0	39	1	vpinsrq xmm0, xmm1, rax, 39
movement_9467	vpinsrq.gpr	VEX128	128	8	0	0	40	1	vpinsrq xmm0, xmm1, rax, 40
movement_9468	vpinsrq.gpr	VEX128	128	8	0	0	41	1	vpinsrq xmm0, xmm1, rax, 41
movement_9469	vpinsrq.gpr	VEX128	128	8	0	0	42	1	vpinsrq xmm0, xmm1, rax, 42
movement_9470	vpinsrq.gpr	VEX128	128	8	0	0	43	1	vpinsrq xmm0, xmm1, rax, 43
movement_9471	vpinsrq.gpr	VEX128	128	8	0	0	44	1	vpinsrq xmm0, xmm1, rax, 44
movement_9472	vpinsrq.gpr	VEX128	128	8	0	0	45	1	vpinsrq xmm0, xmm1, rax, 45
movement_9473	vpinsrq.gpr	VEX128	128	8	0	0	46	1	vpinsrq xmm0, xmm1, rax, 46
movement_9474	vpinsrq.gpr	VEX128	128	8	0	0	47	1	vpinsrq xmm0, xmm1, rax, 47
movement_9475	vpinsrq.gpr	VEX128	128	8	0	0	48	1	vpinsrq xmm0, xmm1, rax, 48
movement_9476	vpinsrq.gpr	VEX128	128	8	0	0	49	1	vpinsrq xmm0, xmm1, rax, 49
movement_9477	vpinsrq.gpr	VEX128	128	8	0	0	50	1	vpinsrq xmm0, xmm1, rax, 50
movement_9478	vpinsrq.gpr	VEX128	128	8	0	0	51	1	vpinsrq xmm0, xmm1, rax, 51
movement_9479	vpinsrq.gpr	VEX128	128	8	0	0	52	1	vpinsrq xmm0, xmm1, rax, 52
movement_9480	vpinsrq.gpr	VEX128	128	8	0	0	53	1	vpinsrq xmm0, xmm1, rax, 53
movement_9481	vpinsrq.gpr	VEX128	128	8	0	0	54	1	vpinsrq xmm0, xmm1, rax, 54
movement_9482	vpinsrq.gpr	VEX128	128	8	0	0	55	1	vpinsrq xmm0, xmm1, rax, 55
movement_9483	vpinsrq.gpr	VEX128	128	8	0	0	56	1	vpinsrq xmm0, xmm1, rax, 56
movement_9484	vpinsrq.gpr	VEX128	128	8	0	0	57	1	vpinsrq xmm0, xmm1, rax, 57
movement_9485	vpinsrq.gpr	VEX128	128	8	0	0	58	1	vpinsrq xmm0, xmm1, rax, 58
movement_9486	vpinsrq.gpr	VEX128	128	8	0	0	59	1	vpinsrq xmm0, xmm1, rax, 59
movement_9487	vpinsrq.gpr	VEX128	128	8	0	0	60	1	vpinsrq xmm0, xmm1, rax, 60
movement_9488	vpinsrq.gpr	VEX128	128	8	0	0	61	1	vpinsrq xmm0, xmm1, rax, 61
movement_9489	vpinsrq.gpr	VEX128	128	8	0	0	62	1	vpinsrq xmm0, xmm1, rax, 62
movement_9490	vpinsrq.gpr	VEX128	128	8	0	0	63	1	vpinsrq xmm0, xmm1, rax, 63
movement_9491	vpinsrq.gpr	VEX128	128	8	0	0	64	1	vpinsrq xmm0, xmm1, rax, 64
movement_9492	vpinsrq.gpr	VEX128	128	8	0	0	65	1	vpinsrq xmm0, xmm1, rax, 65
movement_9493	vpinsrq.gpr	VEX128	128	8	0	0	66	1	vpinsrq xmm0, xmm1, rax, 66
movement_9494	vpinsrq.gpr	VEX128	128	8	0	0	67	1	vpinsrq xmm0, xmm1, rax, 67
movement_9495	vpinsrq.gpr	VEX128	128	8	0	0	68	1	vpinsrq xmm0, xmm1, rax, 68
movement_9496	vpinsrq.gpr	VEX128	128	8	0	0	69	1	vpinsrq xmm0, xmm1, rax, 69
movement_9497	vpinsrq.gpr	VEX128	128	8	0	0	70	1	vpinsrq xmm0, xmm1, rax, 70
movement_9498	vpinsrq.gpr	VEX128	128	8	0	0	71	1	vpinsrq xmm0, xmm1, rax, 71
movement_9499	vpinsrq.gpr	VEX128	128	8	0	0	72	1	vpinsrq xmm0, xmm1, rax, 72
movement_9500	vpinsrq.gpr	VEX128	128	8	0	0	73	1	vpinsrq xmm0, xmm1, rax, 73
movement_9501	vpinsrq.gpr	VEX128	128	8	0	0	74	1	vpinsrq xmm0, xmm1, rax, 74
movement_9502	vpinsrq.gpr	VEX128	128	8	0	0	75	1	vpinsrq xmm0, xmm1, rax, 75
movement_9503	vpinsrq.gpr	VEX128	128	8	0	0	76	1	vpinsrq xmm0, xmm1, rax, 76
movement_9504	vpinsrq.gpr	VEX128	128	8	0	0	77	1	vpinsrq xmm0, xmm1, rax, 77
movement_9505	vpinsrq.gpr	VEX128	128	8	0	0	78	1	vpinsrq xmm0, xmm1, rax, 78
movement_9506	vpinsrq.gpr	VEX128	128	8	0	0	79	1	vpinsrq xmm0, xmm1, rax, 79
movement_9507	vpinsrq.gpr	VEX128	128	8	0	0	80	1	vpinsrq xmm0, xmm1, rax, 80
movement_9508	vpinsrq.gpr	VEX128	128	8	0	0	81	1	vpinsrq xmm0, xmm1, rax, 81
movement_9509	vpinsrq.gpr	VEX128	128	8	0	0	82	1	vpinsrq xmm0, xmm1, rax, 82
movement_9510	vpinsrq.gpr	VEX128	128	8	0	0	83	1	vpinsrq xmm0, xmm1, rax, 83
movement_9511	vpinsrq.gpr	VEX128	128	8	0	0	84	1	vpinsrq xmm0, xmm1, rax, 84
movement_9512	vpinsrq.gpr	VEX128	128	8	0	0	85	1	vpinsrq xmm0, xmm1, rax, 85
movement_9513	vpinsrq.gpr	VEX128	128	8	0	0	86	1	vpinsrq xmm0, xmm1, rax, 86
movement_9514	vpinsrq.gpr	VEX128	128	8	0	0	87	1	vpinsrq xmm0, xmm1, rax, 87
movement_9515	vpinsrq.gpr	VEX128	128	8	0	0	88	1	vpinsrq xmm0, xmm1, rax, 88
movement_9516	vpinsrq.gpr	VEX128	128	8	0	0	89	1	vpinsrq xmm0, xmm1, rax, 89
movement_9517	vpinsrq.gpr	VEX128	128	8	0	0	90	1	vpinsrq xmm0, xmm1, rax, 90
movement_9518	vpinsrq.gpr	VEX128	128	8	0	0	91	1	vpinsrq xmm0, xmm1, rax, 91
movement_9519	vpinsrq.gpr	VEX128	128	8	0	0	92	1	vpinsrq xmm0, xmm1, rax, 92
movement_9520	vpinsrq.gpr	VEX128	128	8	0	0	93	1	vpinsrq xmm0, xmm1, rax, 93
movement_9521	vpinsrq.gpr	VEX128	128	8	0	0	94	1	vpinsrq xmm0, xmm1, rax, 94
movement_9522	vpinsrq.gpr	VEX128	128	8	0	0	95	1	vpinsrq xmm0, xmm1, rax, 95
movement_9523	vpinsrq.gpr	VEX128	128	8	0	0	96	1	vpinsrq xmm0, xmm1, rax, 96
movement_9524	vpinsrq.gpr	VEX128	128	8	0	0	97	1	vpinsrq xmm0, xmm1, rax, 97
movement_9525	vpinsrq.gpr	VEX128	128	8	0	0	98	1	vpinsrq xmm0, xmm1, rax, 98
movement_9526	vpinsrq.gpr	VEX128	128	8	0	0	99	1	vpinsrq xmm0, xmm1, rax, 99
movement_9527	vpinsrq.gpr	VEX128	128	8	0	0	100	1	vpinsrq xmm0, xmm1, rax, 100
movement_9528	vpinsrq.gpr	VEX128	128	8	0	0	101	1	vpinsrq xmm0, xmm1, rax, 101
movement_9529	vpinsrq.gpr	VEX128	128	8	0	0	102	1	vpinsrq xmm0, xmm1, rax, 102
movement_9530	vpinsrq.gpr	VEX128	128	8	0	0	103	1	vpinsrq xmm0, xmm1, rax, 103
movement_9531	vpinsrq.gpr	VEX128	128	8	0	0	104	1	vpinsrq xmm0, xmm1, rax, 104
movement_9532	vpinsrq.gpr	VEX128	128	8	0	0	105	1	vpinsrq xmm0, xmm1, rax, 105
movement_9533	vpinsrq.gpr	VEX128	128	8	0	0	106	1	vpinsrq xmm0, xmm1, rax, 106
movement_9534	vpinsrq.gpr	VEX128	128	8	0	0	107	1	vpinsrq xmm0, xmm1, rax, 107
movement_9535	vpinsrq.gpr	VEX128	128	8	0	0	108	1	vpinsrq xmm0, xmm1, rax, 108
movement_9536	vpinsrq.gpr	VEX128	128	8	0	0	109	1	vpinsrq xmm0, xmm1, rax, 109
movement_9537	vpinsrq.gpr	VEX128	128	8	0	0	110	1	vpinsrq xmm0, xmm1, rax, 110
movement_9538	vpinsrq.gpr	VEX128	128	8	0	0	111	1	vpinsrq xmm0, xmm1, rax, 111
movement_9539	vpinsrq.gpr	VEX128	128	8	0	0	112	1	vpinsrq xmm0, xmm1, rax, 112
movement_9540	vpinsrq.gpr	VEX128	128	8	0	0	113	1	vpinsrq xmm0, xmm1, rax, 113
movement_9541	vpinsrq.gpr	VEX128	128	8	0	0	114	1	vpinsrq xmm0, xmm1, rax, 114
movement_9542	vpinsrq.gpr	VEX128	128	8	0	0	115	1	vpinsrq xmm0, xmm1, rax, 115
movement_9543	vpinsrq.gpr	VEX128	128	8	0	0	116	1	vpinsrq xmm0, xmm1, rax, 116
movement_9544	vpinsrq.gpr	VEX128	128	8	0	0	117	1	vpinsrq xmm0, xmm1, rax, 117
movement_9545	vpinsrq.gpr	VEX128	128	8	0	0	118	1	vpinsrq xmm0, xmm1, rax, 118
movement_9546	vpinsrq.gpr	VEX128	128	8	0	0	119	1	vpinsrq xmm0, xmm1, rax, 119
movement_9547	vpinsrq.gpr	VEX128	128	8	0	0	120	1	vpinsrq xmm0, xmm1, rax, 120
movement_9548	vpinsrq.gpr	VEX128	128	8	0	0	121	1	vpinsrq xmm0, xmm1, rax, 121
movement_9549	vpinsrq.gpr	VEX128	128	8	0	0	122	1	vpinsrq xmm0, xmm1, rax, 122
movement_9550	vpinsrq.gpr	VEX128	128	8	0	0	123	1	vpinsrq xmm0, xmm1, rax, 123
movement_9551	vpinsrq.gpr	VEX128	128	8	0	0	124	1	vpinsrq xmm0, xmm1, rax, 124
movement_9552	vpinsrq.gpr	VEX128	128	8	0	0	125	1	vpinsrq xmm0, xmm1, rax, 125
movement_9553	vpinsrq.gpr	VEX128	128	8	0	0	126	1	vpinsrq xmm0, xmm1, rax, 126
movement_9554	vpinsrq.gpr	VEX128	128	8	0	0	127	1	vpinsrq xmm0, xmm1, rax, 127
movement_9555	vpinsrq.gpr	VEX128	128	8	0	0	128	1	vpinsrq xmm0, xmm1, rax, 128
movement_9556	vpinsrq.gpr	VEX128	128	8	0	0	129	1	vpinsrq xmm0, xmm1, rax, 129
movement_9557	vpinsrq.gpr	VEX128	128	8	0	0	130	1	vpinsrq xmm0, xmm1, rax, 130
movement_9558	vpinsrq.gpr	VEX128	128	8	0	0	131	1	vpinsrq xmm0, xmm1, rax, 131
movement_9559	vpinsrq.gpr	VEX128	128	8	0	0	132	1	vpinsrq xmm0, xmm1, rax, 132
movement_9560	vpinsrq.gpr	VEX128	128	8	0	0	133	1	vpinsrq xmm0, xmm1, rax, 133
movement_9561	vpinsrq.gpr	VEX128	128	8	0	0	134	1	vpinsrq xmm0, xmm1, rax, 134
movement_9562	vpinsrq.gpr	VEX128	128	8	0	0	135	1	vpinsrq xmm0, xmm1, rax, 135
movement_9563	vpinsrq.gpr	VEX128	128	8	0	0	136	1	vpinsrq xmm0, xmm1, rax, 136
movement_9564	vpinsrq.gpr	VEX128	128	8	0	0	137	1	vpinsrq xmm0, xmm1, rax, 137
movement_9565	vpinsrq.gpr	VEX128	128	8	0	0	138	1	vpinsrq xmm0, xmm1, rax, 138
movement_9566	vpinsrq.gpr	VEX128	128	8	0	0	139	1	vpinsrq xmm0, xmm1, rax, 139
movement_9567	vpinsrq.gpr	VEX128	128	8	0	0	140	1	vpinsrq xmm0, xmm1, rax, 140
movement_9568	vpinsrq.gpr	VEX128	128	8	0	0	141	1	vpinsrq xmm0, xmm1, rax, 141
movement_9569	vpinsrq.gpr	VEX128	128	8	0	0	142	1	vpinsrq xmm0, xmm1, rax, 142
movement_9570	vpinsrq.gpr	VEX128	128	8	0	0	143	1	vpinsrq xmm0, xmm1, rax, 143
movement_9571	vpinsrq.gpr	VEX128	128	8	0	0	144	1	vpinsrq xmm0, xmm1, rax, 144
movement_9572	vpinsrq.gpr	VEX128	128	8	0	0	145	1	vpinsrq xmm0, xmm1, rax, 145
movement_9573	vpinsrq.gpr	VEX128	128	8	0	0	146	1	vpinsrq xmm0, xmm1, rax, 146
movement_9574	vpinsrq.gpr	VEX128	128	8	0	0	147	1	vpinsrq xmm0, xmm1, rax, 147
movement_9575	vpinsrq.gpr	VEX128	128	8	0	0	148	1	vpinsrq xmm0, xmm1, rax, 148
movement_9576	vpinsrq.gpr	VEX128	128	8	0	0	149	1	vpinsrq xmm0, xmm1, rax, 149
movement_9577	vpinsrq.gpr	VEX128	128	8	0	0	150	1	vpinsrq xmm0, xmm1, rax, 150
movement_9578	vpinsrq.gpr	VEX128	128	8	0	0	151	1	vpinsrq xmm0, xmm1, rax, 151
movement_9579	vpinsrq.gpr	VEX128	128	8	0	0	152	1	vpinsrq xmm0, xmm1, rax, 152
movement_9580	vpinsrq.gpr	VEX128	128	8	0	0	153	1	vpinsrq xmm0, xmm1, rax, 153
movement_9581	vpinsrq.gpr	VEX128	128	8	0	0	154	1	vpinsrq xmm0, xmm1, rax, 154
movement_9582	vpinsrq.gpr	VEX128	128	8	0	0	155	1	vpinsrq xmm0, xmm1, rax, 155
movement_9583	vpinsrq.gpr	VEX128	128	8	0	0	156	1	vpinsrq xmm0, xmm1, rax, 156
movement_9584	vpinsrq.gpr	VEX128	128	8	0	0	157	1	vpinsrq xmm0, xmm1, rax, 157
movement_9585	vpinsrq.gpr	VEX128	128	8	0	0	158	1	vpinsrq xmm0, xmm1, rax, 158
movement_9586	vpinsrq.gpr	VEX128	128	8	0	0	159	1	vpinsrq xmm0, xmm1, rax, 159
movement_9587	vpinsrq.gpr	VEX128	128	8	0	0	160	1	vpinsrq xmm0, xmm1, rax, 160
movement_9588	vpinsrq.gpr	VEX128	128	8	0	0	161	1	vpinsrq xmm0, xmm1, rax, 161
movement_9589	vpinsrq.gpr	VEX128	128	8	0	0	162	1	vpinsrq xmm0, xmm1, rax, 162
movement_9590	vpinsrq.gpr	VEX128	128	8	0	0	163	1	vpinsrq xmm0, xmm1, rax, 163
movement_9591	vpinsrq.gpr	VEX128	128	8	0	0	164	1	vpinsrq xmm0, xmm1, rax, 164
movement_9592	vpinsrq.gpr	VEX128	128	8	0	0	165	1	vpinsrq xmm0, xmm1, rax, 165
movement_9593	vpinsrq.gpr	VEX128	128	8	0	0	166	1	vpinsrq xmm0, xmm1, rax, 166
movement_9594	vpinsrq.gpr	VEX128	128	8	0	0	167	1	vpinsrq xmm0, xmm1, rax, 167
movement_9595	vpinsrq.gpr	VEX128	128	8	0	0	168	1	vpinsrq xmm0, xmm1, rax, 168
movement_9596	vpinsrq.gpr	VEX128	128	8	0	0	169	1	vpinsrq xmm0, xmm1, rax, 169
movement_9597	vpinsrq.gpr	VEX128	128	8	0	0	170	1	vpinsrq xmm0, xmm1, rax, 170
movement_9598	vpinsrq.gpr	VEX128	128	8	0	0	171	1	vpinsrq xmm0, xmm1, rax, 171
movement_9599	vpinsrq.gpr	VEX128	128	8	0	0	172	1	vpinsrq xmm0, xmm1, rax, 172
movement_9600	vpinsrq.gpr	VEX128	128	8	0	0	173	1	vpinsrq xmm0, xmm1, rax, 173
movement_9601	vpinsrq.gpr	VEX128	128	8	0	0	174	1	vpinsrq xmm0, xmm1, rax, 174
movement_9602	vpinsrq.gpr	VEX128	128	8	0	0	175	1	vpinsrq xmm0, xmm1, rax, 175
movement_9603	vpinsrq.gpr	VEX128	128	8	0	0	176	1	vpinsrq xmm0, xmm1, rax, 176
movement_9604	vpinsrq.gpr	VEX128	128	8	0	0	177	1	vpinsrq xmm0, xmm1, rax, 177
movement_9605	vpinsrq.gpr	VEX128	128	8	0	0	178	1	vpinsrq xmm0, xmm1, rax, 178
movement_9606	vpinsrq.gpr	VEX128	128	8	0	0	179	1	vpinsrq xmm0, xmm1, rax, 179
movement_9607	vpinsrq.gpr	VEX128	128	8	0	0	180	1	vpinsrq xmm0, xmm1, rax, 180
movement_9608	vpinsrq.gpr	VEX128	128	8	0	0	181	1	vpinsrq xmm0, xmm1, rax, 181
movement_9609	vpinsrq.gpr	VEX128	128	8	0	0	182	1	vpinsrq xmm0, xmm1, rax, 182
movement_9610	vpinsrq.gpr	VEX128	128	8	0	0	183	1	vpinsrq xmm0, xmm1, rax, 183
movement_9611	vpinsrq.gpr	VEX128	128	8	0	0	184	1	vpinsrq xmm0, xmm1, rax, 184
movement_9612	vpinsrq.gpr	VEX128	128	8	0	0	185	1	vpinsrq xmm0, xmm1, rax, 185
movement_9613	vpinsrq.gpr	VEX128	128	8	0	0	186	1	vpinsrq xmm0, xmm1, rax, 186
movement_9614	vpinsrq.gpr	VEX128	128	8	0	0	187	1	vpinsrq xmm0, xmm1, rax, 187
movement_9615	vpinsrq.gpr	VEX128	128	8	0	0	188	1	vpinsrq xmm0, xmm1, rax, 188
movement_9616	vpinsrq.gpr	VEX128	128	8	0	0	189	1	vpinsrq xmm0, xmm1, rax, 189
movement_9617	vpinsrq.gpr	VEX128	128	8	0	0	190	1	vpinsrq xmm0, xmm1, rax, 190
movement_9618	vpinsrq.gpr	VEX128	128	8	0	0	191	1	vpinsrq xmm0, xmm1, rax, 191
movement_9619	vpinsrq.gpr	VEX128	128	8	0	0	192	1	vpinsrq xmm0, xmm1, rax, 192
movement_9620	vpinsrq.gpr	VEX128	128	8	0	0	193	1	vpinsrq xmm0, xmm1, rax, 193
movement_9621	vpinsrq.gpr	VEX128	128	8	0	0	194	1	vpinsrq xmm0, xmm1, rax, 194
movement_9622	vpinsrq.gpr	VEX128	128	8	0	0	195	1	vpinsrq xmm0, xmm1, rax, 195
movement_9623	vpinsrq.gpr	VEX128	128	8	0	0	196	1	vpinsrq xmm0, xmm1, rax, 196
movement_9624	vpinsrq.gpr	VEX128	128	8	0	0	197	1	vpinsrq xmm0, xmm1, rax, 197
movement_9625	vpinsrq.gpr	VEX128	128	8	0	0	198	1	vpinsrq xmm0, xmm1, rax, 198
movement_9626	vpinsrq.gpr	VEX128	128	8	0	0	199	1	vpinsrq xmm0, xmm1, rax, 199
movement_9627	vpinsrq.gpr	VEX128	128	8	0	0	200	1	vpinsrq xmm0, xmm1, rax, 200
movement_9628	vpinsrq.gpr	VEX128	128	8	0	0	201	1	vpinsrq xmm0, xmm1, rax, 201
movement_9629	vpinsrq.gpr	VEX128	128	8	0	0	202	1	vpinsrq xmm0, xmm1, rax, 202
movement_9630	vpinsrq.gpr	VEX128	128	8	0	0	203	1	vpinsrq xmm0, xmm1, rax, 203
movement_9631	vpinsrq.gpr	VEX128	128	8	0	0	204	1	vpinsrq xmm0, xmm1, rax, 204
movement_9632	vpinsrq.gpr	VEX128	128	8	0	0	205	1	vpinsrq xmm0, xmm1, rax, 205
movement_9633	vpinsrq.gpr	VEX128	128	8	0	0	206	1	vpinsrq xmm0, xmm1, rax, 206
movement_9634	vpinsrq.gpr	VEX128	128	8	0	0	207	1	vpinsrq xmm0, xmm1, rax, 207
movement_9635	vpinsrq.gpr	VEX128	128	8	0	0	208	1	vpinsrq xmm0, xmm1, rax, 208
movement_9636	vpinsrq.gpr	VEX128	128	8	0	0	209	1	vpinsrq xmm0, xmm1, rax, 209
movement_9637	vpinsrq.gpr	VEX128	128	8	0	0	210	1	vpinsrq xmm0, xmm1, rax, 210
movement_9638	vpinsrq.gpr	VEX128	128	8	0	0	211	1	vpinsrq xmm0, xmm1, rax, 211
movement_9639	vpinsrq.gpr	VEX128	128	8	0	0	212	1	vpinsrq xmm0, xmm1, rax, 212
movement_9640	vpinsrq.gpr	VEX128	128	8	0	0	213	1	vpinsrq xmm0, xmm1, rax, 213
movement_9641	vpinsrq.gpr	VEX128	128	8	0	0	214	1	vpinsrq xmm0, xmm1, rax, 214
movement_9642	vpinsrq.gpr	VEX128	128	8	0	0	215	1	vpinsrq xmm0, xmm1, rax, 215
movement_9643	vpinsrq.gpr	VEX128	128	8	0	0	216	1	vpinsrq xmm0, xmm1, rax, 216
movement_9644	vpinsrq.gpr	VEX128	128	8	0	0	217	1	vpinsrq xmm0, xmm1, rax, 217
movement_9645	vpinsrq.gpr	VEX128	128	8	0	0	218	1	vpinsrq xmm0, xmm1, rax, 218
movement_9646	vpinsrq.gpr	VEX128	128	8	0	0	219	1	vpinsrq xmm0, xmm1, rax, 219
movement_9647	vpinsrq.gpr	VEX128	128	8	0	0	220	1	vpinsrq xmm0, xmm1, rax, 220
movement_9648	vpinsrq.gpr	VEX128	128	8	0	0	221	1	vpinsrq xmm0, xmm1, rax, 221
movement_9649	vpinsrq.gpr	VEX128	128	8	0	0	222	1	vpinsrq xmm0, xmm1, rax, 222
movement_9650	vpinsrq.gpr	VEX128	128	8	0	0	223	1	vpinsrq xmm0, xmm1, rax, 223
movement_9651	vpinsrq.gpr	VEX128	128	8	0	0	224	1	vpinsrq xmm0, xmm1, rax, 224
movement_9652	vpinsrq.gpr	VEX128	128	8	0	0	225	1	vpinsrq xmm0, xmm1, rax, 225
movement_9653	vpinsrq.gpr	VEX128	128	8	0	0	226	1	vpinsrq xmm0, xmm1, rax, 226
movement_9654	vpinsrq.gpr	VEX128	128	8	0	0	227	1	vpinsrq xmm0, xmm1, rax, 227
movement_9655	vpinsrq.gpr	VEX128	128	8	0	0	228	1	vpinsrq xmm0, xmm1, rax, 228
movement_9656	vpinsrq.gpr	VEX128	128	8	0	0	229	1	vpinsrq xmm0, xmm1, rax, 229
movement_9657	vpinsrq.gpr	VEX128	128	8	0	0	230	1	vpinsrq xmm0, xmm1, rax, 230
movement_9658	vpinsrq.gpr	VEX128	128	8	0	0	231	1	vpinsrq xmm0, xmm1, rax, 231
movement_9659	vpinsrq.gpr	VEX128	128	8	0	0	232	1	vpinsrq xmm0, xmm1, rax, 232
movement_9660	vpinsrq.gpr	VEX128	128	8	0	0	233	1	vpinsrq xmm0, xmm1, rax, 233
movement_9661	vpinsrq.gpr	VEX128	128	8	0	0	234	1	vpinsrq xmm0, xmm1, rax, 234
movement_9662	vpinsrq.gpr	VEX128	128	8	0	0	235	1	vpinsrq xmm0, xmm1, rax, 235
movement_9663	vpinsrq.gpr	VEX128	128	8	0	0	236	1	vpinsrq xmm0, xmm1, rax, 236
movement_9664	vpinsrq.gpr	VEX128	128	8	0	0	237	1	vpinsrq xmm0, xmm1, rax, 237
movement_9665	vpinsrq.gpr	VEX128	128	8	0	0	238	1	vpinsrq xmm0, xmm1, rax, 238
movement_9666	vpinsrq.gpr	VEX128	128	8	0	0	239	1	vpinsrq xmm0, xmm1, rax, 239
movement_9667	vpinsrq.gpr	VEX128	128	8	0	0	240	1	vpinsrq xmm0, xmm1, rax, 240
movement_9668	vpinsrq.gpr	VEX128	128	8	0	0	241	1	vpinsrq xmm0, xmm1, rax, 241
movement_9669	vpinsrq.gpr	VEX128	128	8	0	0	242	1	vpinsrq xmm0, xmm1, rax, 242
movement_9670	vpinsrq.gpr	VEX128	128	8	0	0	243	1	vpinsrq xmm0, xmm1, rax, 243
movement_9671	vpinsrq.gpr	VEX128	128	8	0	0	244	1	vpinsrq xmm0, xmm1, rax, 244
movement_9672	vpinsrq.gpr	VEX128	128	8	0	0	245	1	vpinsrq xmm0, xmm1, rax, 245
movement_9673	vpinsrq.gpr	VEX128	128	8	0	0	246	1	vpinsrq xmm0, xmm1, rax, 246
movement_9674	vpinsrq.gpr	VEX128	128	8	0	0	247	1	vpinsrq xmm0, xmm1, rax, 247
movement_9675	vpinsrq.gpr	VEX128	128	8	0	0	248	1	vpinsrq xmm0, xmm1, rax, 248
movement_9676	vpinsrq.gpr	VEX128	128	8	0	0	249	1	vpinsrq xmm0, xmm1, rax, 249
movement_9677	vpinsrq.gpr	VEX128	128	8	0	0	250	1	vpinsrq xmm0, xmm1, rax, 250
movement_9678	vpinsrq.gpr	VEX128	128	8	0	0	251	1	vpinsrq xmm0, xmm1, rax, 251
movement_9679	vpinsrq.gpr	VEX128	128	8	0	0	252	1	vpinsrq xmm0, xmm1, rax, 252
movement_9680	vpinsrq.gpr	VEX128	128	8	0	0	253	1	vpinsrq xmm0, xmm1, rax, 253
movement_9681	vpinsrq.gpr	VEX128	128	8	0	0	254	1	vpinsrq xmm0, xmm1, rax, 254
movement_9682	vpinsrq.gpr	VEX128	128	8	0	0	255	1	vpinsrq xmm0, xmm1, rax, 255
movement_9683	vpinsrq.mem	VEX128	128	8	0	1	0	1	vpinsrq xmm0, xmm1, [rsi], 0
movement_9684	vpinsrq.mem	VEX128	128	8	0	1	1	1	vpinsrq xmm0, xmm1, [rsi], 1
movement_9685	vpinsrq.mem	VEX128	128	8	0	1	2	1	vpinsrq xmm0, xmm1, [rsi], 2
movement_9686	vpinsrq.mem	VEX128	128	8	0	1	3	1	vpinsrq xmm0, xmm1, [rsi], 3
movement_9687	vpinsrq.mem	VEX128	128	8	0	1	4	1	vpinsrq xmm0, xmm1, [rsi], 4
movement_9688	vpinsrq.mem	VEX128	128	8	0	1	5	1	vpinsrq xmm0, xmm1, [rsi], 5
movement_9689	vpinsrq.mem	VEX128	128	8	0	1	6	1	vpinsrq xmm0, xmm1, [rsi], 6
movement_9690	vpinsrq.mem	VEX128	128	8	0	1	7	1	vpinsrq xmm0, xmm1, [rsi], 7
movement_9691	vpinsrq.mem	VEX128	128	8	0	1	8	1	vpinsrq xmm0, xmm1, [rsi], 8
movement_9692	vpinsrq.mem	VEX128	128	8	0	1	9	1	vpinsrq xmm0, xmm1, [rsi], 9
movement_9693	vpinsrq.mem	VEX128	128	8	0	1	10	1	vpinsrq xmm0, xmm1, [rsi], 10
movement_9694	vpinsrq.mem	VEX128	128	8	0	1	11	1	vpinsrq xmm0, xmm1, [rsi], 11
movement_9695	vpinsrq.mem	VEX128	128	8	0	1	12	1	vpinsrq xmm0, xmm1, [rsi], 12
movement_9696	vpinsrq.mem	VEX128	128	8	0	1	13	1	vpinsrq xmm0, xmm1, [rsi], 13
movement_9697	vpinsrq.mem	VEX128	128	8	0	1	14	1	vpinsrq xmm0, xmm1, [rsi], 14
movement_9698	vpinsrq.mem	VEX128	128	8	0	1	15	1	vpinsrq xmm0, xmm1, [rsi], 15
movement_9699	vpinsrq.mem	VEX128	128	8	0	1	16	1	vpinsrq xmm0, xmm1, [rsi], 16
movement_9700	vpinsrq.mem	VEX128	128	8	0	1	17	1	vpinsrq xmm0, xmm1, [rsi], 17
movement_9701	vpinsrq.mem	VEX128	128	8	0	1	18	1	vpinsrq xmm0, xmm1, [rsi], 18
movement_9702	vpinsrq.mem	VEX128	128	8	0	1	19	1	vpinsrq xmm0, xmm1, [rsi], 19
movement_9703	vpinsrq.mem	VEX128	128	8	0	1	20	1	vpinsrq xmm0, xmm1, [rsi], 20
movement_9704	vpinsrq.mem	VEX128	128	8	0	1	21	1	vpinsrq xmm0, xmm1, [rsi], 21
movement_9705	vpinsrq.mem	VEX128	128	8	0	1	22	1	vpinsrq xmm0, xmm1, [rsi], 22
movement_9706	vpinsrq.mem	VEX128	128	8	0	1	23	1	vpinsrq xmm0, xmm1, [rsi], 23
movement_9707	vpinsrq.mem	VEX128	128	8	0	1	24	1	vpinsrq xmm0, xmm1, [rsi], 24
movement_9708	vpinsrq.mem	VEX128	128	8	0	1	25	1	vpinsrq xmm0, xmm1, [rsi], 25
movement_9709	vpinsrq.mem	VEX128	128	8	0	1	26	1	vpinsrq xmm0, xmm1, [rsi], 26
movement_9710	vpinsrq.mem	VEX128	128	8	0	1	27	1	vpinsrq xmm0, xmm1, [rsi], 27
movement_9711	vpinsrq.mem	VEX128	128	8	0	1	28	1	vpinsrq xmm0, xmm1, [rsi], 28
movement_9712	vpinsrq.mem	VEX128	128	8	0	1	29	1	vpinsrq xmm0, xmm1, [rsi], 29
movement_9713	vpinsrq.mem	VEX128	128	8	0	1	30	1	vpinsrq xmm0, xmm1, [rsi], 30
movement_9714	vpinsrq.mem	VEX128	128	8	0	1	31	1	vpinsrq xmm0, xmm1, [rsi], 31
movement_9715	vpinsrq.mem	VEX128	128	8	0	1	32	1	vpinsrq xmm0, xmm1, [rsi], 32
movement_9716	vpinsrq.mem	VEX128	128	8	0	1	33	1	vpinsrq xmm0, xmm1, [rsi], 33
movement_9717	vpinsrq.mem	VEX128	128	8	0	1	34	1	vpinsrq xmm0, xmm1, [rsi], 34
movement_9718	vpinsrq.mem	VEX128	128	8	0	1	35	1	vpinsrq xmm0, xmm1, [rsi], 35
movement_9719	vpinsrq.mem	VEX128	128	8	0	1	36	1	vpinsrq xmm0, xmm1, [rsi], 36
movement_9720	vpinsrq.mem	VEX128	128	8	0	1	37	1	vpinsrq xmm0, xmm1, [rsi], 37
movement_9721	vpinsrq.mem	VEX128	128	8	0	1	38	1	vpinsrq xmm0, xmm1, [rsi], 38
movement_9722	vpinsrq.mem	VEX128	128	8	0	1	39	1	vpinsrq xmm0, xmm1, [rsi], 39
movement_9723	vpinsrq.mem	VEX128	128	8	0	1	40	1	vpinsrq xmm0, xmm1, [rsi], 40
movement_9724	vpinsrq.mem	VEX128	128	8	0	1	41	1	vpinsrq xmm0, xmm1, [rsi], 41
movement_9725	vpinsrq.mem	VEX128	128	8	0	1	42	1	vpinsrq xmm0, xmm1, [rsi], 42
movement_9726	vpinsrq.mem	VEX128	128	8	0	1	43	1	vpinsrq xmm0, xmm1, [rsi], 43
movement_9727	vpinsrq.mem	VEX128	128	8	0	1	44	1	vpinsrq xmm0, xmm1, [rsi], 44
movement_9728	vpinsrq.mem	VEX128	128	8	0	1	45	1	vpinsrq xmm0, xmm1, [rsi], 45
movement_9729	vpinsrq.mem	VEX128	128	8	0	1	46	1	vpinsrq xmm0, xmm1, [rsi], 46
movement_9730	vpinsrq.mem	VEX128	128	8	0	1	47	1	vpinsrq xmm0, xmm1, [rsi], 47
movement_9731	vpinsrq.mem	VEX128	128	8	0	1	48	1	vpinsrq xmm0, xmm1, [rsi], 48
movement_9732	vpinsrq.mem	VEX128	128	8	0	1	49	1	vpinsrq xmm0, xmm1, [rsi], 49
movement_9733	vpinsrq.mem	VEX128	128	8	0	1	50	1	vpinsrq xmm0, xmm1, [rsi], 50
movement_9734	vpinsrq.mem	VEX128	128	8	0	1	51	1	vpinsrq xmm0, xmm1, [rsi], 51
movement_9735	vpinsrq.mem	VEX128	128	8	0	1	52	1	vpinsrq xmm0, xmm1, [rsi], 52
movement_9736	vpinsrq.mem	VEX128	128	8	0	1	53	1	vpinsrq xmm0, xmm1, [rsi], 53
movement_9737	vpinsrq.mem	VEX128	128	8	0	1	54	1	vpinsrq xmm0, xmm1, [rsi], 54
movement_9738	vpinsrq.mem	VEX128	128	8	0	1	55	1	vpinsrq xmm0, xmm1, [rsi], 55
movement_9739	vpinsrq.mem	VEX128	128	8	0	1	56	1	vpinsrq xmm0, xmm1, [rsi], 56
movement_9740	vpinsrq.mem	VEX128	128	8	0	1	57	1	vpinsrq xmm0, xmm1, [rsi], 57
movement_9741	vpinsrq.mem	VEX128	128	8	0	1	58	1	vpinsrq xmm0, xmm1, [rsi], 58
movement_9742	vpinsrq.mem	VEX128	128	8	0	1	59	1	vpinsrq xmm0, xmm1, [rsi], 59
movement_9743	vpinsrq.mem	VEX128	128	8	0	1	60	1	vpinsrq xmm0, xmm1, [rsi], 60
movement_9744	vpinsrq.mem	VEX128	128	8	0	1	61	1	vpinsrq xmm0, xmm1, [rsi], 61
movement_9745	vpinsrq.mem	VEX128	128	8	0	1	62	1	vpinsrq xmm0, xmm1, [rsi], 62
movement_9746	vpinsrq.mem	VEX128	128	8	0	1	63	1	vpinsrq xmm0, xmm1, [rsi], 63
movement_9747	vpinsrq.mem	VEX128	128	8	0	1	64	1	vpinsrq xmm0, xmm1, [rsi], 64
movement_9748	vpinsrq.mem	VEX128	128	8	0	1	65	1	vpinsrq xmm0, xmm1, [rsi], 65
movement_9749	vpinsrq.mem	VEX128	128	8	0	1	66	1	vpinsrq xmm0, xmm1, [rsi], 66
movement_9750	vpinsrq.mem	VEX128	128	8	0	1	67	1	vpinsrq xmm0, xmm1, [rsi], 67
movement_9751	vpinsrq.mem	VEX128	128	8	0	1	68	1	vpinsrq xmm0, xmm1, [rsi], 68
movement_9752	vpinsrq.mem	VEX128	128	8	0	1	69	1	vpinsrq xmm0, xmm1, [rsi], 69
movement_9753	vpinsrq.mem	VEX128	128	8	0	1	70	1	vpinsrq xmm0, xmm1, [rsi], 70
movement_9754	vpinsrq.mem	VEX128	128	8	0	1	71	1	vpinsrq xmm0, xmm1, [rsi], 71
movement_9755	vpinsrq.mem	VEX128	128	8	0	1	72	1	vpinsrq xmm0, xmm1, [rsi], 72
movement_9756	vpinsrq.mem	VEX128	128	8	0	1	73	1	vpinsrq xmm0, xmm1, [rsi], 73
movement_9757	vpinsrq.mem	VEX128	128	8	0	1	74	1	vpinsrq xmm0, xmm1, [rsi], 74
movement_9758	vpinsrq.mem	VEX128	128	8	0	1	75	1	vpinsrq xmm0, xmm1, [rsi], 75
movement_9759	vpinsrq.mem	VEX128	128	8	0	1	76	1	vpinsrq xmm0, xmm1, [rsi], 76
movement_9760	vpinsrq.mem	VEX128	128	8	0	1	77	1	vpinsrq xmm0, xmm1, [rsi], 77
movement_9761	vpinsrq.mem	VEX128	128	8	0	1	78	1	vpinsrq xmm0, xmm1, [rsi], 78
movement_9762	vpinsrq.mem	VEX128	128	8	0	1	79	1	vpinsrq xmm0, xmm1, [rsi], 79
movement_9763	vpinsrq.mem	VEX128	128	8	0	1	80	1	vpinsrq xmm0, xmm1, [rsi], 80
movement_9764	vpinsrq.mem	VEX128	128	8	0	1	81	1	vpinsrq xmm0, xmm1, [rsi], 81
movement_9765	vpinsrq.mem	VEX128	128	8	0	1	82	1	vpinsrq xmm0, xmm1, [rsi], 82
movement_9766	vpinsrq.mem	VEX128	128	8	0	1	83	1	vpinsrq xmm0, xmm1, [rsi], 83
movement_9767	vpinsrq.mem	VEX128	128	8	0	1	84	1	vpinsrq xmm0, xmm1, [rsi], 84
movement_9768	vpinsrq.mem	VEX128	128	8	0	1	85	1	vpinsrq xmm0, xmm1, [rsi], 85
movement_9769	vpinsrq.mem	VEX128	128	8	0	1	86	1	vpinsrq xmm0, xmm1, [rsi], 86
movement_9770	vpinsrq.mem	VEX128	128	8	0	1	87	1	vpinsrq xmm0, xmm1, [rsi], 87
movement_9771	vpinsrq.mem	VEX128	128	8	0	1	88	1	vpinsrq xmm0, xmm1, [rsi], 88
movement_9772	vpinsrq.mem	VEX128	128	8	0	1	89	1	vpinsrq xmm0, xmm1, [rsi], 89
movement_9773	vpinsrq.mem	VEX128	128	8	0	1	90	1	vpinsrq xmm0, xmm1, [rsi], 90
movement_9774	vpinsrq.mem	VEX128	128	8	0	1	91	1	vpinsrq xmm0, xmm1, [rsi], 91
movement_9775	vpinsrq.mem	VEX128	128	8	0	1	92	1	vpinsrq xmm0, xmm1, [rsi], 92
movement_9776	vpinsrq.mem	VEX128	128	8	0	1	93	1	vpinsrq xmm0, xmm1, [rsi], 93
movement_9777	vpinsrq.mem	VEX128	128	8	0	1	94	1	vpinsrq xmm0, xmm1, [rsi], 94
movement_9778	vpinsrq.mem	VEX128	128	8	0	1	95	1	vpinsrq xmm0, xmm1, [rsi], 95
movement_9779	vpinsrq.mem	VEX128	128	8	0	1	96	1	vpinsrq xmm0, xmm1, [rsi], 96
movement_9780	vpinsrq.mem	VEX128	128	8	0	1	97	1	vpinsrq xmm0, xmm1, [rsi], 97
movement_9781	vpinsrq.mem	VEX128	128	8	0	1	98	1	vpinsrq xmm0, xmm1, [rsi], 98
movement_9782	vpinsrq.mem	VEX128	128	8	0	1	99	1	vpinsrq xmm0, xmm1, [rsi], 99
movement_9783	vpinsrq.mem	VEX128	128	8	0	1	100	1	vpinsrq xmm0, xmm1, [rsi], 100
movement_9784	vpinsrq.mem	VEX128	128	8	0	1	101	1	vpinsrq xmm0, xmm1, [rsi], 101
movement_9785	vpinsrq.mem	VEX128	128	8	0	1	102	1	vpinsrq xmm0, xmm1, [rsi], 102
movement_9786	vpinsrq.mem	VEX128	128	8	0	1	103	1	vpinsrq xmm0, xmm1, [rsi], 103
movement_9787	vpinsrq.mem	VEX128	128	8	0	1	104	1	vpinsrq xmm0, xmm1, [rsi], 104
movement_9788	vpinsrq.mem	VEX128	128	8	0	1	105	1	vpinsrq xmm0, xmm1, [rsi], 105
movement_9789	vpinsrq.mem	VEX128	128	8	0	1	106	1	vpinsrq xmm0, xmm1, [rsi], 106
movement_9790	vpinsrq.mem	VEX128	128	8	0	1	107	1	vpinsrq xmm0, xmm1, [rsi], 107
movement_9791	vpinsrq.mem	VEX128	128	8	0	1	108	1	vpinsrq xmm0, xmm1, [rsi], 108
movement_9792	vpinsrq.mem	VEX128	128	8	0	1	109	1	vpinsrq xmm0, xmm1, [rsi], 109
movement_9793	vpinsrq.mem	VEX128	128	8	0	1	110	1	vpinsrq xmm0, xmm1, [rsi], 110
movement_9794	vpinsrq.mem	VEX128	128	8	0	1	111	1	vpinsrq xmm0, xmm1, [rsi], 111
movement_9795	vpinsrq.mem	VEX128	128	8	0	1	112	1	vpinsrq xmm0, xmm1, [rsi], 112
movement_9796	vpinsrq.mem	VEX128	128	8	0	1	113	1	vpinsrq xmm0, xmm1, [rsi], 113
movement_9797	vpinsrq.mem	VEX128	128	8	0	1	114	1	vpinsrq xmm0, xmm1, [rsi], 114
movement_9798	vpinsrq.mem	VEX128	128	8	0	1	115	1	vpinsrq xmm0, xmm1, [rsi], 115
movement_9799	vpinsrq.mem	VEX128	128	8	0	1	116	1	vpinsrq xmm0, xmm1, [rsi], 116
movement_9800	vpinsrq.mem	VEX128	128	8	0	1	117	1	vpinsrq xmm0, xmm1, [rsi], 117
movement_9801	vpinsrq.mem	VEX128	128	8	0	1	118	1	vpinsrq xmm0, xmm1, [rsi], 118
movement_9802	vpinsrq.mem	VEX128	128	8	0	1	119	1	vpinsrq xmm0, xmm1, [rsi], 119
movement_9803	vpinsrq.mem	VEX128	128	8	0	1	120	1	vpinsrq xmm0, xmm1, [rsi], 120
movement_9804	vpinsrq.mem	VEX128	128	8	0	1	121	1	vpinsrq xmm0, xmm1, [rsi], 121
movement_9805	vpinsrq.mem	VEX128	128	8	0	1	122	1	vpinsrq xmm0, xmm1, [rsi], 122
movement_9806	vpinsrq.mem	VEX128	128	8	0	1	123	1	vpinsrq xmm0, xmm1, [rsi], 123
movement_9807	vpinsrq.mem	VEX128	128	8	0	1	124	1	vpinsrq xmm0, xmm1, [rsi], 124
movement_9808	vpinsrq.mem	VEX128	128	8	0	1	125	1	vpinsrq xmm0, xmm1, [rsi], 125
movement_9809	vpinsrq.mem	VEX128	128	8	0	1	126	1	vpinsrq xmm0, xmm1, [rsi], 126
movement_9810	vpinsrq.mem	VEX128	128	8	0	1	127	1	vpinsrq xmm0, xmm1, [rsi], 127
movement_9811	vpinsrq.mem	VEX128	128	8	0	1	128	1	vpinsrq xmm0, xmm1, [rsi], 128
movement_9812	vpinsrq.mem	VEX128	128	8	0	1	129	1	vpinsrq xmm0, xmm1, [rsi], 129
movement_9813	vpinsrq.mem	VEX128	128	8	0	1	130	1	vpinsrq xmm0, xmm1, [rsi], 130
movement_9814	vpinsrq.mem	VEX128	128	8	0	1	131	1	vpinsrq xmm0, xmm1, [rsi], 131
movement_9815	vpinsrq.mem	VEX128	128	8	0	1	132	1	vpinsrq xmm0, xmm1, [rsi], 132
movement_9816	vpinsrq.mem	VEX128	128	8	0	1	133	1	vpinsrq xmm0, xmm1, [rsi], 133
movement_9817	vpinsrq.mem	VEX128	128	8	0	1	134	1	vpinsrq xmm0, xmm1, [rsi], 134
movement_9818	vpinsrq.mem	VEX128	128	8	0	1	135	1	vpinsrq xmm0, xmm1, [rsi], 135
movement_9819	vpinsrq.mem	VEX128	128	8	0	1	136	1	vpinsrq xmm0, xmm1, [rsi], 136
movement_9820	vpinsrq.mem	VEX128	128	8	0	1	137	1	vpinsrq xmm0, xmm1, [rsi], 137
movement_9821	vpinsrq.mem	VEX128	128	8	0	1	138	1	vpinsrq xmm0, xmm1, [rsi], 138
movement_9822	vpinsrq.mem	VEX128	128	8	0	1	139	1	vpinsrq xmm0, xmm1, [rsi], 139
movement_9823	vpinsrq.mem	VEX128	128	8	0	1	140	1	vpinsrq xmm0, xmm1, [rsi], 140
movement_9824	vpinsrq.mem	VEX128	128	8	0	1	141	1	vpinsrq xmm0, xmm1, [rsi], 141
movement_9825	vpinsrq.mem	VEX128	128	8	0	1	142	1	vpinsrq xmm0, xmm1, [rsi], 142
movement_9826	vpinsrq.mem	VEX128	128	8	0	1	143	1	vpinsrq xmm0, xmm1, [rsi], 143
movement_9827	vpinsrq.mem	VEX128	128	8	0	1	144	1	vpinsrq xmm0, xmm1, [rsi], 144
movement_9828	vpinsrq.mem	VEX128	128	8	0	1	145	1	vpinsrq xmm0, xmm1, [rsi], 145
movement_9829	vpinsrq.mem	VEX128	128	8	0	1	146	1	vpinsrq xmm0, xmm1, [rsi], 146
movement_9830	vpinsrq.mem	VEX128	128	8	0	1	147	1	vpinsrq xmm0, xmm1, [rsi], 147
movement_9831	vpinsrq.mem	VEX128	128	8	0	1	148	1	vpinsrq xmm0, xmm1, [rsi], 148
movement_9832	vpinsrq.mem	VEX128	128	8	0	1	149	1	vpinsrq xmm0, xmm1, [rsi], 149
movement_9833	vpinsrq.mem	VEX128	128	8	0	1	150	1	vpinsrq xmm0, xmm1, [rsi], 150
movement_9834	vpinsrq.mem	VEX128	128	8	0	1	151	1	vpinsrq xmm0, xmm1, [rsi], 151
movement_9835	vpinsrq.mem	VEX128	128	8	0	1	152	1	vpinsrq xmm0, xmm1, [rsi], 152
movement_9836	vpinsrq.mem	VEX128	128	8	0	1	153	1	vpinsrq xmm0, xmm1, [rsi], 153
movement_9837	vpinsrq.mem	VEX128	128	8	0	1	154	1	vpinsrq xmm0, xmm1, [rsi], 154
movement_9838	vpinsrq.mem	VEX128	128	8	0	1	155	1	vpinsrq xmm0, xmm1, [rsi], 155
movement_9839	vpinsrq.mem	VEX128	128	8	0	1	156	1	vpinsrq xmm0, xmm1, [rsi], 156
movement_9840	vpinsrq.mem	VEX128	128	8	0	1	157	1	vpinsrq xmm0, xmm1, [rsi], 157
movement_9841	vpinsrq.mem	VEX128	128	8	0	1	158	1	vpinsrq xmm0, xmm1, [rsi], 158
movement_9842	vpinsrq.mem	VEX128	128	8	0	1	159	1	vpinsrq xmm0, xmm1, [rsi], 159
movement_9843	vpinsrq.mem	VEX128	128	8	0	1	160	1	vpinsrq xmm0, xmm1, [rsi], 160
movement_9844	vpinsrq.mem	VEX128	128	8	0	1	161	1	vpinsrq xmm0, xmm1, [rsi], 161
movement_9845	vpinsrq.mem	VEX128	128	8	0	1	162	1	vpinsrq xmm0, xmm1, [rsi], 162
movement_9846	vpinsrq.mem	VEX128	128	8	0	1	163	1	vpinsrq xmm0, xmm1, [rsi], 163
movement_9847	vpinsrq.mem	VEX128	128	8	0	1	164	1	vpinsrq xmm0, xmm1, [rsi], 164
movement_9848	vpinsrq.mem	VEX128	128	8	0	1	165	1	vpinsrq xmm0, xmm1, [rsi], 165
movement_9849	vpinsrq.mem	VEX128	128	8	0	1	166	1	vpinsrq xmm0, xmm1, [rsi], 166
movement_9850	vpinsrq.mem	VEX128	128	8	0	1	167	1	vpinsrq xmm0, xmm1, [rsi], 167
movement_9851	vpinsrq.mem	VEX128	128	8	0	1	168	1	vpinsrq xmm0, xmm1, [rsi], 168
movement_9852	vpinsrq.mem	VEX128	128	8	0	1	169	1	vpinsrq xmm0, xmm1, [rsi], 169
movement_9853	vpinsrq.mem	VEX128	128	8	0	1	170	1	vpinsrq xmm0, xmm1, [rsi], 170
movement_9854	vpinsrq.mem	VEX128	128	8	0	1	171	1	vpinsrq xmm0, xmm1, [rsi], 171
movement_9855	vpinsrq.mem	VEX128	128	8	0	1	172	1	vpinsrq xmm0, xmm1, [rsi], 172
movement_9856	vpinsrq.mem	VEX128	128	8	0	1	173	1	vpinsrq xmm0, xmm1, [rsi], 173
movement_9857	vpinsrq.mem	VEX128	128	8	0	1	174	1	vpinsrq xmm0, xmm1, [rsi], 174
movement_9858	vpinsrq.mem	VEX128	128	8	0	1	175	1	vpinsrq xmm0, xmm1, [rsi], 175
movement_9859	vpinsrq.mem	VEX128	128	8	0	1	176	1	vpinsrq xmm0, xmm1, [rsi], 176
movement_9860	vpinsrq.mem	VEX128	128	8	0	1	177	1	vpinsrq xmm0, xmm1, [rsi], 177
movement_9861	vpinsrq.mem	VEX128	128	8	0	1	178	1	vpinsrq xmm0, xmm1, [rsi], 178
movement_9862	vpinsrq.mem	VEX128	128	8	0	1	179	1	vpinsrq xmm0, xmm1, [rsi], 179
movement_9863	vpinsrq.mem	VEX128	128	8	0	1	180	1	vpinsrq xmm0, xmm1, [rsi], 180
movement_9864	vpinsrq.mem	VEX128	128	8	0	1	181	1	vpinsrq xmm0, xmm1, [rsi], 181
movement_9865	vpinsrq.mem	VEX128	128	8	0	1	182	1	vpinsrq xmm0, xmm1, [rsi], 182
movement_9866	vpinsrq.mem	VEX128	128	8	0	1	183	1	vpinsrq xmm0, xmm1, [rsi], 183
movement_9867	vpinsrq.mem	VEX128	128	8	0	1	184	1	vpinsrq xmm0, xmm1, [rsi], 184
movement_9868	vpinsrq.mem	VEX128	128	8	0	1	185	1	vpinsrq xmm0, xmm1, [rsi], 185
movement_9869	vpinsrq.mem	VEX128	128	8	0	1	186	1	vpinsrq xmm0, xmm1, [rsi], 186
movement_9870	vpinsrq.mem	VEX128	128	8	0	1	187	1	vpinsrq xmm0, xmm1, [rsi], 187
movement_9871	vpinsrq.mem	VEX128	128	8	0	1	188	1	vpinsrq xmm0, xmm1, [rsi], 188
movement_9872	vpinsrq.mem	VEX128	128	8	0	1	189	1	vpinsrq xmm0, xmm1, [rsi], 189
movement_9873	vpinsrq.mem	VEX128	128	8	0	1	190	1	vpinsrq xmm0, xmm1, [rsi], 190
movement_9874	vpinsrq.mem	VEX128	128	8	0	1	191	1	vpinsrq xmm0, xmm1, [rsi], 191
movement_9875	vpinsrq.mem	VEX128	128	8	0	1	192	1	vpinsrq xmm0, xmm1, [rsi], 192
movement_9876	vpinsrq.mem	VEX128	128	8	0	1	193	1	vpinsrq xmm0, xmm1, [rsi], 193
movement_9877	vpinsrq.mem	VEX128	128	8	0	1	194	1	vpinsrq xmm0, xmm1, [rsi], 194
movement_9878	vpinsrq.mem	VEX128	128	8	0	1	195	1	vpinsrq xmm0, xmm1, [rsi], 195
movement_9879	vpinsrq.mem	VEX128	128	8	0	1	196	1	vpinsrq xmm0, xmm1, [rsi], 196
movement_9880	vpinsrq.mem	VEX128	128	8	0	1	197	1	vpinsrq xmm0, xmm1, [rsi], 197
movement_9881	vpinsrq.mem	VEX128	128	8	0	1	198	1	vpinsrq xmm0, xmm1, [rsi], 198
movement_9882	vpinsrq.mem	VEX128	128	8	0	1	199	1	vpinsrq xmm0, xmm1, [rsi], 199
movement_9883	vpinsrq.mem	VEX128	128	8	0	1	200	1	vpinsrq xmm0, xmm1, [rsi], 200
movement_9884	vpinsrq.mem	VEX128	128	8	0	1	201	1	vpinsrq xmm0, xmm1, [rsi], 201
movement_9885	vpinsrq.mem	VEX128	128	8	0	1	202	1	vpinsrq xmm0, xmm1, [rsi], 202
movement_9886	vpinsrq.mem	VEX128	128	8	0	1	203	1	vpinsrq xmm0, xmm1, [rsi], 203
movement_9887	vpinsrq.mem	VEX128	128	8	0	1	204	1	vpinsrq xmm0, xmm1, [rsi], 204
movement_9888	vpinsrq.mem	VEX128	128	8	0	1	205	1	vpinsrq xmm0, xmm1, [rsi], 205
movement_9889	vpinsrq.mem	VEX128	128	8	0	1	206	1	vpinsrq xmm0, xmm1, [rsi], 206
movement_9890	vpinsrq.mem	VEX128	128	8	0	1	207	1	vpinsrq xmm0, xmm1, [rsi], 207
movement_9891	vpinsrq.mem	VEX128	128	8	0	1	208	1	vpinsrq xmm0, xmm1, [rsi], 208
movement_9892	vpinsrq.mem	VEX128	128	8	0	1	209	1	vpinsrq xmm0, xmm1, [rsi], 209
movement_9893	vpinsrq.mem	VEX128	128	8	0	1	210	1	vpinsrq xmm0, xmm1, [rsi], 210
movement_9894	vpinsrq.mem	VEX128	128	8	0	1	211	1	vpinsrq xmm0, xmm1, [rsi], 211
movement_9895	vpinsrq.mem	VEX128	128	8	0	1	212	1	vpinsrq xmm0, xmm1, [rsi], 212
movement_9896	vpinsrq.mem	VEX128	128	8	0	1	213	1	vpinsrq xmm0, xmm1, [rsi], 213
movement_9897	vpinsrq.mem	VEX128	128	8	0	1	214	1	vpinsrq xmm0, xmm1, [rsi], 214
movement_9898	vpinsrq.mem	VEX128	128	8	0	1	215	1	vpinsrq xmm0, xmm1, [rsi], 215
movement_9899	vpinsrq.mem	VEX128	128	8	0	1	216	1	vpinsrq xmm0, xmm1, [rsi], 216
movement_9900	vpinsrq.mem	VEX128	128	8	0	1	217	1	vpinsrq xmm0, xmm1, [rsi], 217
movement_9901	vpinsrq.mem	VEX128	128	8	0	1	218	1	vpinsrq xmm0, xmm1, [rsi], 218
movement_9902	vpinsrq.mem	VEX128	128	8	0	1	219	1	vpinsrq xmm0, xmm1, [rsi], 219
movement_9903	vpinsrq.mem	VEX128	128	8	0	1	220	1	vpinsrq xmm0, xmm1, [rsi], 220
movement_9904	vpinsrq.mem	VEX128	128	8	0	1	221	1	vpinsrq xmm0, xmm1, [rsi], 221
movement_9905	vpinsrq.mem	VEX128	128	8	0	1	222	1	vpinsrq xmm0, xmm1, [rsi], 222
movement_9906	vpinsrq.mem	VEX128	128	8	0	1	223	1	vpinsrq xmm0, xmm1, [rsi], 223
movement_9907	vpinsrq.mem	VEX128	128	8	0	1	224	1	vpinsrq xmm0, xmm1, [rsi], 224
movement_9908	vpinsrq.mem	VEX128	128	8	0	1	225	1	vpinsrq xmm0, xmm1, [rsi], 225
movement_9909	vpinsrq.mem	VEX128	128	8	0	1	226	1	vpinsrq xmm0, xmm1, [rsi], 226
movement_9910	vpinsrq.mem	VEX128	128	8	0	1	227	1	vpinsrq xmm0, xmm1, [rsi], 227
movement_9911	vpinsrq.mem	VEX128	128	8	0	1	228	1	vpinsrq xmm0, xmm1, [rsi], 228
movement_9912	vpinsrq.mem	VEX128	128	8	0	1	229	1	vpinsrq xmm0, xmm1, [rsi], 229
movement_9913	vpinsrq.mem	VEX128	128	8	0	1	230	1	vpinsrq xmm0, xmm1, [rsi], 230
movement_9914	vpinsrq.mem	VEX128	128	8	0	1	231	1	vpinsrq xmm0, xmm1, [rsi], 231
movement_9915	vpinsrq.mem	VEX128	128	8	0	1	232	1	vpinsrq xmm0, xmm1, [rsi], 232
movement_9916	vpinsrq.mem	VEX128	128	8	0	1	233	1	vpinsrq xmm0, xmm1, [rsi], 233
movement_9917	vpinsrq.mem	VEX128	128	8	0	1	234	1	vpinsrq xmm0, xmm1, [rsi], 234
movement_9918	vpinsrq.mem	VEX128	128	8	0	1	235	1	vpinsrq xmm0, xmm1, [rsi], 235
movement_9919	vpinsrq.mem	VEX128	128	8	0	1	236	1	vpinsrq xmm0, xmm1, [rsi], 236
movement_9920	vpinsrq.mem	VEX128	128	8	0	1	237	1	vpinsrq xmm0, xmm1, [rsi], 237
movement_9921	vpinsrq.mem	VEX128	128	8	0	1	238	1	vpinsrq xmm0, xmm1, [rsi], 238
movement_9922	vpinsrq.mem	VEX128	128	8	0	1	239	1	vpinsrq xmm0, xmm1, [rsi], 239
movement_9923	vpinsrq.mem	VEX128	128	8	0	1	240	1	vpinsrq xmm0, xmm1, [rsi], 240
movement_9924	vpinsrq.mem	VEX128	128	8	0	1	241	1	vpinsrq xmm0, xmm1, [rsi], 241
movement_9925	vpinsrq.mem	VEX128	128	8	0	1	242	1	vpinsrq xmm0, xmm1, [rsi], 242
movement_9926	vpinsrq.mem	VEX128	128	8	0	1	243	1	vpinsrq xmm0, xmm1, [rsi], 243
movement_9927	vpinsrq.mem	VEX128	128	8	0	1	244	1	vpinsrq xmm0, xmm1, [rsi], 244
movement_9928	vpinsrq.mem	VEX128	128	8	0	1	245	1	vpinsrq xmm0, xmm1, [rsi], 245
movement_9929	vpinsrq.mem	VEX128	128	8	0	1	246	1	vpinsrq xmm0, xmm1, [rsi], 246
movement_9930	vpinsrq.mem	VEX128	128	8	0	1	247	1	vpinsrq xmm0, xmm1, [rsi], 247
movement_9931	vpinsrq.mem	VEX128	128	8	0	1	248	1	vpinsrq xmm0, xmm1, [rsi], 248
movement_9932	vpinsrq.mem	VEX128	128	8	0	1	249	1	vpinsrq xmm0, xmm1, [rsi], 249
movement_9933	vpinsrq.mem	VEX128	128	8	0	1	250	1	vpinsrq xmm0, xmm1, [rsi], 250
movement_9934	vpinsrq.mem	VEX128	128	8	0	1	251	1	vpinsrq xmm0, xmm1, [rsi], 251
movement_9935	vpinsrq.mem	VEX128	128	8	0	1	252	1	vpinsrq xmm0, xmm1, [rsi], 252
movement_9936	vpinsrq.mem	VEX128	128	8	0	1	253	1	vpinsrq xmm0, xmm1, [rsi], 253
movement_9937	vpinsrq.mem	VEX128	128	8	0	1	254	1	vpinsrq xmm0, xmm1, [rsi], 254
movement_9938	vpinsrq.mem	VEX128	128	8	0	1	255	1	vpinsrq xmm0, xmm1, [rsi], 255
movement_9939	vextractps.gpr	VEX128	128	4	0	0	0	1	vextractps eax, xmm1, 0
movement_9940	vinsertps.reg	VEX128	128	4	0	0	0	1	vinsertps xmm0, xmm1, xmm2, 0
movement_9941	vextractps.gpr	VEX128	128	4	0	0	1	1	vextractps eax, xmm1, 1
movement_9942	vinsertps.reg	VEX128	128	4	0	0	1	1	vinsertps xmm0, xmm1, xmm2, 1
movement_9943	vextractps.gpr	VEX128	128	4	0	0	2	1	vextractps eax, xmm1, 2
movement_9944	vinsertps.reg	VEX128	128	4	0	0	2	1	vinsertps xmm0, xmm1, xmm2, 2
movement_9945	vextractps.gpr	VEX128	128	4	0	0	3	1	vextractps eax, xmm1, 3
movement_9946	vinsertps.reg	VEX128	128	4	0	0	3	1	vinsertps xmm0, xmm1, xmm2, 3
movement_9947	vextractps.gpr	VEX128	128	4	0	0	4	1	vextractps eax, xmm1, 4
movement_9948	vinsertps.reg	VEX128	128	4	0	0	4	1	vinsertps xmm0, xmm1, xmm2, 4
movement_9949	vextractps.gpr	VEX128	128	4	0	0	5	1	vextractps eax, xmm1, 5
movement_9950	vinsertps.reg	VEX128	128	4	0	0	5	1	vinsertps xmm0, xmm1, xmm2, 5
movement_9951	vextractps.gpr	VEX128	128	4	0	0	6	1	vextractps eax, xmm1, 6
movement_9952	vinsertps.reg	VEX128	128	4	0	0	6	1	vinsertps xmm0, xmm1, xmm2, 6
movement_9953	vextractps.gpr	VEX128	128	4	0	0	7	1	vextractps eax, xmm1, 7
movement_9954	vinsertps.reg	VEX128	128	4	0	0	7	1	vinsertps xmm0, xmm1, xmm2, 7
movement_9955	vextractps.gpr	VEX128	128	4	0	0	8	1	vextractps eax, xmm1, 8
movement_9956	vinsertps.reg	VEX128	128	4	0	0	8	1	vinsertps xmm0, xmm1, xmm2, 8
movement_9957	vextractps.gpr	VEX128	128	4	0	0	9	1	vextractps eax, xmm1, 9
movement_9958	vinsertps.reg	VEX128	128	4	0	0	9	1	vinsertps xmm0, xmm1, xmm2, 9
movement_9959	vextractps.gpr	VEX128	128	4	0	0	10	1	vextractps eax, xmm1, 10
movement_9960	vinsertps.reg	VEX128	128	4	0	0	10	1	vinsertps xmm0, xmm1, xmm2, 10
movement_9961	vextractps.gpr	VEX128	128	4	0	0	11	1	vextractps eax, xmm1, 11
movement_9962	vinsertps.reg	VEX128	128	4	0	0	11	1	vinsertps xmm0, xmm1, xmm2, 11
movement_9963	vextractps.gpr	VEX128	128	4	0	0	12	1	vextractps eax, xmm1, 12
movement_9964	vinsertps.reg	VEX128	128	4	0	0	12	1	vinsertps xmm0, xmm1, xmm2, 12
movement_9965	vextractps.gpr	VEX128	128	4	0	0	13	1	vextractps eax, xmm1, 13
movement_9966	vinsertps.reg	VEX128	128	4	0	0	13	1	vinsertps xmm0, xmm1, xmm2, 13
movement_9967	vextractps.gpr	VEX128	128	4	0	0	14	1	vextractps eax, xmm1, 14
movement_9968	vinsertps.reg	VEX128	128	4	0	0	14	1	vinsertps xmm0, xmm1, xmm2, 14
movement_9969	vextractps.gpr	VEX128	128	4	0	0	15	1	vextractps eax, xmm1, 15
movement_9970	vinsertps.reg	VEX128	128	4	0	0	15	1	vinsertps xmm0, xmm1, xmm2, 15
movement_9971	vextractps.gpr	VEX128	128	4	0	0	16	1	vextractps eax, xmm1, 16
movement_9972	vinsertps.reg	VEX128	128	4	0	0	16	1	vinsertps xmm0, xmm1, xmm2, 16
movement_9973	vextractps.gpr	VEX128	128	4	0	0	17	1	vextractps eax, xmm1, 17
movement_9974	vinsertps.reg	VEX128	128	4	0	0	17	1	vinsertps xmm0, xmm1, xmm2, 17
movement_9975	vextractps.gpr	VEX128	128	4	0	0	18	1	vextractps eax, xmm1, 18
movement_9976	vinsertps.reg	VEX128	128	4	0	0	18	1	vinsertps xmm0, xmm1, xmm2, 18
movement_9977	vextractps.gpr	VEX128	128	4	0	0	19	1	vextractps eax, xmm1, 19
movement_9978	vinsertps.reg	VEX128	128	4	0	0	19	1	vinsertps xmm0, xmm1, xmm2, 19
movement_9979	vextractps.gpr	VEX128	128	4	0	0	20	1	vextractps eax, xmm1, 20
movement_9980	vinsertps.reg	VEX128	128	4	0	0	20	1	vinsertps xmm0, xmm1, xmm2, 20
movement_9981	vextractps.gpr	VEX128	128	4	0	0	21	1	vextractps eax, xmm1, 21
movement_9982	vinsertps.reg	VEX128	128	4	0	0	21	1	vinsertps xmm0, xmm1, xmm2, 21
movement_9983	vextractps.gpr	VEX128	128	4	0	0	22	1	vextractps eax, xmm1, 22
movement_9984	vinsertps.reg	VEX128	128	4	0	0	22	1	vinsertps xmm0, xmm1, xmm2, 22
movement_9985	vextractps.gpr	VEX128	128	4	0	0	23	1	vextractps eax, xmm1, 23
movement_9986	vinsertps.reg	VEX128	128	4	0	0	23	1	vinsertps xmm0, xmm1, xmm2, 23
movement_9987	vextractps.gpr	VEX128	128	4	0	0	24	1	vextractps eax, xmm1, 24
movement_9988	vinsertps.reg	VEX128	128	4	0	0	24	1	vinsertps xmm0, xmm1, xmm2, 24
movement_9989	vextractps.gpr	VEX128	128	4	0	0	25	1	vextractps eax, xmm1, 25
movement_9990	vinsertps.reg	VEX128	128	4	0	0	25	1	vinsertps xmm0, xmm1, xmm2, 25
movement_9991	vextractps.gpr	VEX128	128	4	0	0	26	1	vextractps eax, xmm1, 26
movement_9992	vinsertps.reg	VEX128	128	4	0	0	26	1	vinsertps xmm0, xmm1, xmm2, 26
movement_9993	vextractps.gpr	VEX128	128	4	0	0	27	1	vextractps eax, xmm1, 27
movement_9994	vinsertps.reg	VEX128	128	4	0	0	27	1	vinsertps xmm0, xmm1, xmm2, 27
movement_9995	vextractps.gpr	VEX128	128	4	0	0	28	1	vextractps eax, xmm1, 28
movement_9996	vinsertps.reg	VEX128	128	4	0	0	28	1	vinsertps xmm0, xmm1, xmm2, 28
movement_9997	vextractps.gpr	VEX128	128	4	0	0	29	1	vextractps eax, xmm1, 29
movement_9998	vinsertps.reg	VEX128	128	4	0	0	29	1	vinsertps xmm0, xmm1, xmm2, 29
movement_9999	vextractps.gpr	VEX128	128	4	0	0	30	1	vextractps eax, xmm1, 30
movement_10000	vinsertps.reg	VEX128	128	4	0	0	30	1	vinsertps xmm0, xmm1, xmm2, 30
movement_10001	vextractps.gpr	VEX128	128	4	0	0	31	1	vextractps eax, xmm1, 31
movement_10002	vinsertps.reg	VEX128	128	4	0	0	31	1	vinsertps xmm0, xmm1, xmm2, 31
movement_10003	vextractps.gpr	VEX128	128	4	0	0	32	1	vextractps eax, xmm1, 32
movement_10004	vinsertps.reg	VEX128	128	4	0	0	32	1	vinsertps xmm0, xmm1, xmm2, 32
movement_10005	vextractps.gpr	VEX128	128	4	0	0	33	1	vextractps eax, xmm1, 33
movement_10006	vinsertps.reg	VEX128	128	4	0	0	33	1	vinsertps xmm0, xmm1, xmm2, 33
movement_10007	vextractps.gpr	VEX128	128	4	0	0	34	1	vextractps eax, xmm1, 34
movement_10008	vinsertps.reg	VEX128	128	4	0	0	34	1	vinsertps xmm0, xmm1, xmm2, 34
movement_10009	vextractps.gpr	VEX128	128	4	0	0	35	1	vextractps eax, xmm1, 35
movement_10010	vinsertps.reg	VEX128	128	4	0	0	35	1	vinsertps xmm0, xmm1, xmm2, 35
movement_10011	vextractps.gpr	VEX128	128	4	0	0	36	1	vextractps eax, xmm1, 36
movement_10012	vinsertps.reg	VEX128	128	4	0	0	36	1	vinsertps xmm0, xmm1, xmm2, 36
movement_10013	vextractps.gpr	VEX128	128	4	0	0	37	1	vextractps eax, xmm1, 37
movement_10014	vinsertps.reg	VEX128	128	4	0	0	37	1	vinsertps xmm0, xmm1, xmm2, 37
movement_10015	vextractps.gpr	VEX128	128	4	0	0	38	1	vextractps eax, xmm1, 38
movement_10016	vinsertps.reg	VEX128	128	4	0	0	38	1	vinsertps xmm0, xmm1, xmm2, 38
movement_10017	vextractps.gpr	VEX128	128	4	0	0	39	1	vextractps eax, xmm1, 39
movement_10018	vinsertps.reg	VEX128	128	4	0	0	39	1	vinsertps xmm0, xmm1, xmm2, 39
movement_10019	vextractps.gpr	VEX128	128	4	0	0	40	1	vextractps eax, xmm1, 40
movement_10020	vinsertps.reg	VEX128	128	4	0	0	40	1	vinsertps xmm0, xmm1, xmm2, 40
movement_10021	vextractps.gpr	VEX128	128	4	0	0	41	1	vextractps eax, xmm1, 41
movement_10022	vinsertps.reg	VEX128	128	4	0	0	41	1	vinsertps xmm0, xmm1, xmm2, 41
movement_10023	vextractps.gpr	VEX128	128	4	0	0	42	1	vextractps eax, xmm1, 42
movement_10024	vinsertps.reg	VEX128	128	4	0	0	42	1	vinsertps xmm0, xmm1, xmm2, 42
movement_10025	vextractps.gpr	VEX128	128	4	0	0	43	1	vextractps eax, xmm1, 43
movement_10026	vinsertps.reg	VEX128	128	4	0	0	43	1	vinsertps xmm0, xmm1, xmm2, 43
movement_10027	vextractps.gpr	VEX128	128	4	0	0	44	1	vextractps eax, xmm1, 44
movement_10028	vinsertps.reg	VEX128	128	4	0	0	44	1	vinsertps xmm0, xmm1, xmm2, 44
movement_10029	vextractps.gpr	VEX128	128	4	0	0	45	1	vextractps eax, xmm1, 45
movement_10030	vinsertps.reg	VEX128	128	4	0	0	45	1	vinsertps xmm0, xmm1, xmm2, 45
movement_10031	vextractps.gpr	VEX128	128	4	0	0	46	1	vextractps eax, xmm1, 46
movement_10032	vinsertps.reg	VEX128	128	4	0	0	46	1	vinsertps xmm0, xmm1, xmm2, 46
movement_10033	vextractps.gpr	VEX128	128	4	0	0	47	1	vextractps eax, xmm1, 47
movement_10034	vinsertps.reg	VEX128	128	4	0	0	47	1	vinsertps xmm0, xmm1, xmm2, 47
movement_10035	vextractps.gpr	VEX128	128	4	0	0	48	1	vextractps eax, xmm1, 48
movement_10036	vinsertps.reg	VEX128	128	4	0	0	48	1	vinsertps xmm0, xmm1, xmm2, 48
movement_10037	vextractps.gpr	VEX128	128	4	0	0	49	1	vextractps eax, xmm1, 49
movement_10038	vinsertps.reg	VEX128	128	4	0	0	49	1	vinsertps xmm0, xmm1, xmm2, 49
movement_10039	vextractps.gpr	VEX128	128	4	0	0	50	1	vextractps eax, xmm1, 50
movement_10040	vinsertps.reg	VEX128	128	4	0	0	50	1	vinsertps xmm0, xmm1, xmm2, 50
movement_10041	vextractps.gpr	VEX128	128	4	0	0	51	1	vextractps eax, xmm1, 51
movement_10042	vinsertps.reg	VEX128	128	4	0	0	51	1	vinsertps xmm0, xmm1, xmm2, 51
movement_10043	vextractps.gpr	VEX128	128	4	0	0	52	1	vextractps eax, xmm1, 52
movement_10044	vinsertps.reg	VEX128	128	4	0	0	52	1	vinsertps xmm0, xmm1, xmm2, 52
movement_10045	vextractps.gpr	VEX128	128	4	0	0	53	1	vextractps eax, xmm1, 53
movement_10046	vinsertps.reg	VEX128	128	4	0	0	53	1	vinsertps xmm0, xmm1, xmm2, 53
movement_10047	vextractps.gpr	VEX128	128	4	0	0	54	1	vextractps eax, xmm1, 54
movement_10048	vinsertps.reg	VEX128	128	4	0	0	54	1	vinsertps xmm0, xmm1, xmm2, 54
movement_10049	vextractps.gpr	VEX128	128	4	0	0	55	1	vextractps eax, xmm1, 55
movement_10050	vinsertps.reg	VEX128	128	4	0	0	55	1	vinsertps xmm0, xmm1, xmm2, 55
movement_10051	vextractps.gpr	VEX128	128	4	0	0	56	1	vextractps eax, xmm1, 56
movement_10052	vinsertps.reg	VEX128	128	4	0	0	56	1	vinsertps xmm0, xmm1, xmm2, 56
movement_10053	vextractps.gpr	VEX128	128	4	0	0	57	1	vextractps eax, xmm1, 57
movement_10054	vinsertps.reg	VEX128	128	4	0	0	57	1	vinsertps xmm0, xmm1, xmm2, 57
movement_10055	vextractps.gpr	VEX128	128	4	0	0	58	1	vextractps eax, xmm1, 58
movement_10056	vinsertps.reg	VEX128	128	4	0	0	58	1	vinsertps xmm0, xmm1, xmm2, 58
movement_10057	vextractps.gpr	VEX128	128	4	0	0	59	1	vextractps eax, xmm1, 59
movement_10058	vinsertps.reg	VEX128	128	4	0	0	59	1	vinsertps xmm0, xmm1, xmm2, 59
movement_10059	vextractps.gpr	VEX128	128	4	0	0	60	1	vextractps eax, xmm1, 60
movement_10060	vinsertps.reg	VEX128	128	4	0	0	60	1	vinsertps xmm0, xmm1, xmm2, 60
movement_10061	vextractps.gpr	VEX128	128	4	0	0	61	1	vextractps eax, xmm1, 61
movement_10062	vinsertps.reg	VEX128	128	4	0	0	61	1	vinsertps xmm0, xmm1, xmm2, 61
movement_10063	vextractps.gpr	VEX128	128	4	0	0	62	1	vextractps eax, xmm1, 62
movement_10064	vinsertps.reg	VEX128	128	4	0	0	62	1	vinsertps xmm0, xmm1, xmm2, 62
movement_10065	vextractps.gpr	VEX128	128	4	0	0	63	1	vextractps eax, xmm1, 63
movement_10066	vinsertps.reg	VEX128	128	4	0	0	63	1	vinsertps xmm0, xmm1, xmm2, 63
movement_10067	vextractps.gpr	VEX128	128	4	0	0	64	1	vextractps eax, xmm1, 64
movement_10068	vinsertps.reg	VEX128	128	4	0	0	64	1	vinsertps xmm0, xmm1, xmm2, 64
movement_10069	vextractps.gpr	VEX128	128	4	0	0	65	1	vextractps eax, xmm1, 65
movement_10070	vinsertps.reg	VEX128	128	4	0	0	65	1	vinsertps xmm0, xmm1, xmm2, 65
movement_10071	vextractps.gpr	VEX128	128	4	0	0	66	1	vextractps eax, xmm1, 66
movement_10072	vinsertps.reg	VEX128	128	4	0	0	66	1	vinsertps xmm0, xmm1, xmm2, 66
movement_10073	vextractps.gpr	VEX128	128	4	0	0	67	1	vextractps eax, xmm1, 67
movement_10074	vinsertps.reg	VEX128	128	4	0	0	67	1	vinsertps xmm0, xmm1, xmm2, 67
movement_10075	vextractps.gpr	VEX128	128	4	0	0	68	1	vextractps eax, xmm1, 68
movement_10076	vinsertps.reg	VEX128	128	4	0	0	68	1	vinsertps xmm0, xmm1, xmm2, 68
movement_10077	vextractps.gpr	VEX128	128	4	0	0	69	1	vextractps eax, xmm1, 69
movement_10078	vinsertps.reg	VEX128	128	4	0	0	69	1	vinsertps xmm0, xmm1, xmm2, 69
movement_10079	vextractps.gpr	VEX128	128	4	0	0	70	1	vextractps eax, xmm1, 70
movement_10080	vinsertps.reg	VEX128	128	4	0	0	70	1	vinsertps xmm0, xmm1, xmm2, 70
movement_10081	vextractps.gpr	VEX128	128	4	0	0	71	1	vextractps eax, xmm1, 71
movement_10082	vinsertps.reg	VEX128	128	4	0	0	71	1	vinsertps xmm0, xmm1, xmm2, 71
movement_10083	vextractps.gpr	VEX128	128	4	0	0	72	1	vextractps eax, xmm1, 72
movement_10084	vinsertps.reg	VEX128	128	4	0	0	72	1	vinsertps xmm0, xmm1, xmm2, 72
movement_10085	vextractps.gpr	VEX128	128	4	0	0	73	1	vextractps eax, xmm1, 73
movement_10086	vinsertps.reg	VEX128	128	4	0	0	73	1	vinsertps xmm0, xmm1, xmm2, 73
movement_10087	vextractps.gpr	VEX128	128	4	0	0	74	1	vextractps eax, xmm1, 74
movement_10088	vinsertps.reg	VEX128	128	4	0	0	74	1	vinsertps xmm0, xmm1, xmm2, 74
movement_10089	vextractps.gpr	VEX128	128	4	0	0	75	1	vextractps eax, xmm1, 75
movement_10090	vinsertps.reg	VEX128	128	4	0	0	75	1	vinsertps xmm0, xmm1, xmm2, 75
movement_10091	vextractps.gpr	VEX128	128	4	0	0	76	1	vextractps eax, xmm1, 76
movement_10092	vinsertps.reg	VEX128	128	4	0	0	76	1	vinsertps xmm0, xmm1, xmm2, 76
movement_10093	vextractps.gpr	VEX128	128	4	0	0	77	1	vextractps eax, xmm1, 77
movement_10094	vinsertps.reg	VEX128	128	4	0	0	77	1	vinsertps xmm0, xmm1, xmm2, 77
movement_10095	vextractps.gpr	VEX128	128	4	0	0	78	1	vextractps eax, xmm1, 78
movement_10096	vinsertps.reg	VEX128	128	4	0	0	78	1	vinsertps xmm0, xmm1, xmm2, 78
movement_10097	vextractps.gpr	VEX128	128	4	0	0	79	1	vextractps eax, xmm1, 79
movement_10098	vinsertps.reg	VEX128	128	4	0	0	79	1	vinsertps xmm0, xmm1, xmm2, 79
movement_10099	vextractps.gpr	VEX128	128	4	0	0	80	1	vextractps eax, xmm1, 80
movement_10100	vinsertps.reg	VEX128	128	4	0	0	80	1	vinsertps xmm0, xmm1, xmm2, 80
movement_10101	vextractps.gpr	VEX128	128	4	0	0	81	1	vextractps eax, xmm1, 81
movement_10102	vinsertps.reg	VEX128	128	4	0	0	81	1	vinsertps xmm0, xmm1, xmm2, 81
movement_10103	vextractps.gpr	VEX128	128	4	0	0	82	1	vextractps eax, xmm1, 82
movement_10104	vinsertps.reg	VEX128	128	4	0	0	82	1	vinsertps xmm0, xmm1, xmm2, 82
movement_10105	vextractps.gpr	VEX128	128	4	0	0	83	1	vextractps eax, xmm1, 83
movement_10106	vinsertps.reg	VEX128	128	4	0	0	83	1	vinsertps xmm0, xmm1, xmm2, 83
movement_10107	vextractps.gpr	VEX128	128	4	0	0	84	1	vextractps eax, xmm1, 84
movement_10108	vinsertps.reg	VEX128	128	4	0	0	84	1	vinsertps xmm0, xmm1, xmm2, 84
movement_10109	vextractps.gpr	VEX128	128	4	0	0	85	1	vextractps eax, xmm1, 85
movement_10110	vinsertps.reg	VEX128	128	4	0	0	85	1	vinsertps xmm0, xmm1, xmm2, 85
movement_10111	vextractps.gpr	VEX128	128	4	0	0	86	1	vextractps eax, xmm1, 86
movement_10112	vinsertps.reg	VEX128	128	4	0	0	86	1	vinsertps xmm0, xmm1, xmm2, 86
movement_10113	vextractps.gpr	VEX128	128	4	0	0	87	1	vextractps eax, xmm1, 87
movement_10114	vinsertps.reg	VEX128	128	4	0	0	87	1	vinsertps xmm0, xmm1, xmm2, 87
movement_10115	vextractps.gpr	VEX128	128	4	0	0	88	1	vextractps eax, xmm1, 88
movement_10116	vinsertps.reg	VEX128	128	4	0	0	88	1	vinsertps xmm0, xmm1, xmm2, 88
movement_10117	vextractps.gpr	VEX128	128	4	0	0	89	1	vextractps eax, xmm1, 89
movement_10118	vinsertps.reg	VEX128	128	4	0	0	89	1	vinsertps xmm0, xmm1, xmm2, 89
movement_10119	vextractps.gpr	VEX128	128	4	0	0	90	1	vextractps eax, xmm1, 90
movement_10120	vinsertps.reg	VEX128	128	4	0	0	90	1	vinsertps xmm0, xmm1, xmm2, 90
movement_10121	vextractps.gpr	VEX128	128	4	0	0	91	1	vextractps eax, xmm1, 91
movement_10122	vinsertps.reg	VEX128	128	4	0	0	91	1	vinsertps xmm0, xmm1, xmm2, 91
movement_10123	vextractps.gpr	VEX128	128	4	0	0	92	1	vextractps eax, xmm1, 92
movement_10124	vinsertps.reg	VEX128	128	4	0	0	92	1	vinsertps xmm0, xmm1, xmm2, 92
movement_10125	vextractps.gpr	VEX128	128	4	0	0	93	1	vextractps eax, xmm1, 93
movement_10126	vinsertps.reg	VEX128	128	4	0	0	93	1	vinsertps xmm0, xmm1, xmm2, 93
movement_10127	vextractps.gpr	VEX128	128	4	0	0	94	1	vextractps eax, xmm1, 94
movement_10128	vinsertps.reg	VEX128	128	4	0	0	94	1	vinsertps xmm0, xmm1, xmm2, 94
movement_10129	vextractps.gpr	VEX128	128	4	0	0	95	1	vextractps eax, xmm1, 95
movement_10130	vinsertps.reg	VEX128	128	4	0	0	95	1	vinsertps xmm0, xmm1, xmm2, 95
movement_10131	vextractps.gpr	VEX128	128	4	0	0	96	1	vextractps eax, xmm1, 96
movement_10132	vinsertps.reg	VEX128	128	4	0	0	96	1	vinsertps xmm0, xmm1, xmm2, 96
movement_10133	vextractps.gpr	VEX128	128	4	0	0	97	1	vextractps eax, xmm1, 97
movement_10134	vinsertps.reg	VEX128	128	4	0	0	97	1	vinsertps xmm0, xmm1, xmm2, 97
movement_10135	vextractps.gpr	VEX128	128	4	0	0	98	1	vextractps eax, xmm1, 98
movement_10136	vinsertps.reg	VEX128	128	4	0	0	98	1	vinsertps xmm0, xmm1, xmm2, 98
movement_10137	vextractps.gpr	VEX128	128	4	0	0	99	1	vextractps eax, xmm1, 99
movement_10138	vinsertps.reg	VEX128	128	4	0	0	99	1	vinsertps xmm0, xmm1, xmm2, 99
movement_10139	vextractps.gpr	VEX128	128	4	0	0	100	1	vextractps eax, xmm1, 100
movement_10140	vinsertps.reg	VEX128	128	4	0	0	100	1	vinsertps xmm0, xmm1, xmm2, 100
movement_10141	vextractps.gpr	VEX128	128	4	0	0	101	1	vextractps eax, xmm1, 101
movement_10142	vinsertps.reg	VEX128	128	4	0	0	101	1	vinsertps xmm0, xmm1, xmm2, 101
movement_10143	vextractps.gpr	VEX128	128	4	0	0	102	1	vextractps eax, xmm1, 102
movement_10144	vinsertps.reg	VEX128	128	4	0	0	102	1	vinsertps xmm0, xmm1, xmm2, 102
movement_10145	vextractps.gpr	VEX128	128	4	0	0	103	1	vextractps eax, xmm1, 103
movement_10146	vinsertps.reg	VEX128	128	4	0	0	103	1	vinsertps xmm0, xmm1, xmm2, 103
movement_10147	vextractps.gpr	VEX128	128	4	0	0	104	1	vextractps eax, xmm1, 104
movement_10148	vinsertps.reg	VEX128	128	4	0	0	104	1	vinsertps xmm0, xmm1, xmm2, 104
movement_10149	vextractps.gpr	VEX128	128	4	0	0	105	1	vextractps eax, xmm1, 105
movement_10150	vinsertps.reg	VEX128	128	4	0	0	105	1	vinsertps xmm0, xmm1, xmm2, 105
movement_10151	vextractps.gpr	VEX128	128	4	0	0	106	1	vextractps eax, xmm1, 106
movement_10152	vinsertps.reg	VEX128	128	4	0	0	106	1	vinsertps xmm0, xmm1, xmm2, 106
movement_10153	vextractps.gpr	VEX128	128	4	0	0	107	1	vextractps eax, xmm1, 107
movement_10154	vinsertps.reg	VEX128	128	4	0	0	107	1	vinsertps xmm0, xmm1, xmm2, 107
movement_10155	vextractps.gpr	VEX128	128	4	0	0	108	1	vextractps eax, xmm1, 108
movement_10156	vinsertps.reg	VEX128	128	4	0	0	108	1	vinsertps xmm0, xmm1, xmm2, 108
movement_10157	vextractps.gpr	VEX128	128	4	0	0	109	1	vextractps eax, xmm1, 109
movement_10158	vinsertps.reg	VEX128	128	4	0	0	109	1	vinsertps xmm0, xmm1, xmm2, 109
movement_10159	vextractps.gpr	VEX128	128	4	0	0	110	1	vextractps eax, xmm1, 110
movement_10160	vinsertps.reg	VEX128	128	4	0	0	110	1	vinsertps xmm0, xmm1, xmm2, 110
movement_10161	vextractps.gpr	VEX128	128	4	0	0	111	1	vextractps eax, xmm1, 111
movement_10162	vinsertps.reg	VEX128	128	4	0	0	111	1	vinsertps xmm0, xmm1, xmm2, 111
movement_10163	vextractps.gpr	VEX128	128	4	0	0	112	1	vextractps eax, xmm1, 112
movement_10164	vinsertps.reg	VEX128	128	4	0	0	112	1	vinsertps xmm0, xmm1, xmm2, 112
movement_10165	vextractps.gpr	VEX128	128	4	0	0	113	1	vextractps eax, xmm1, 113
movement_10166	vinsertps.reg	VEX128	128	4	0	0	113	1	vinsertps xmm0, xmm1, xmm2, 113
movement_10167	vextractps.gpr	VEX128	128	4	0	0	114	1	vextractps eax, xmm1, 114
movement_10168	vinsertps.reg	VEX128	128	4	0	0	114	1	vinsertps xmm0, xmm1, xmm2, 114
movement_10169	vextractps.gpr	VEX128	128	4	0	0	115	1	vextractps eax, xmm1, 115
movement_10170	vinsertps.reg	VEX128	128	4	0	0	115	1	vinsertps xmm0, xmm1, xmm2, 115
movement_10171	vextractps.gpr	VEX128	128	4	0	0	116	1	vextractps eax, xmm1, 116
movement_10172	vinsertps.reg	VEX128	128	4	0	0	116	1	vinsertps xmm0, xmm1, xmm2, 116
movement_10173	vextractps.gpr	VEX128	128	4	0	0	117	1	vextractps eax, xmm1, 117
movement_10174	vinsertps.reg	VEX128	128	4	0	0	117	1	vinsertps xmm0, xmm1, xmm2, 117
movement_10175	vextractps.gpr	VEX128	128	4	0	0	118	1	vextractps eax, xmm1, 118
movement_10176	vinsertps.reg	VEX128	128	4	0	0	118	1	vinsertps xmm0, xmm1, xmm2, 118
movement_10177	vextractps.gpr	VEX128	128	4	0	0	119	1	vextractps eax, xmm1, 119
movement_10178	vinsertps.reg	VEX128	128	4	0	0	119	1	vinsertps xmm0, xmm1, xmm2, 119
movement_10179	vextractps.gpr	VEX128	128	4	0	0	120	1	vextractps eax, xmm1, 120
movement_10180	vinsertps.reg	VEX128	128	4	0	0	120	1	vinsertps xmm0, xmm1, xmm2, 120
movement_10181	vextractps.gpr	VEX128	128	4	0	0	121	1	vextractps eax, xmm1, 121
movement_10182	vinsertps.reg	VEX128	128	4	0	0	121	1	vinsertps xmm0, xmm1, xmm2, 121
movement_10183	vextractps.gpr	VEX128	128	4	0	0	122	1	vextractps eax, xmm1, 122
movement_10184	vinsertps.reg	VEX128	128	4	0	0	122	1	vinsertps xmm0, xmm1, xmm2, 122
movement_10185	vextractps.gpr	VEX128	128	4	0	0	123	1	vextractps eax, xmm1, 123
movement_10186	vinsertps.reg	VEX128	128	4	0	0	123	1	vinsertps xmm0, xmm1, xmm2, 123
movement_10187	vextractps.gpr	VEX128	128	4	0	0	124	1	vextractps eax, xmm1, 124
movement_10188	vinsertps.reg	VEX128	128	4	0	0	124	1	vinsertps xmm0, xmm1, xmm2, 124
movement_10189	vextractps.gpr	VEX128	128	4	0	0	125	1	vextractps eax, xmm1, 125
movement_10190	vinsertps.reg	VEX128	128	4	0	0	125	1	vinsertps xmm0, xmm1, xmm2, 125
movement_10191	vextractps.gpr	VEX128	128	4	0	0	126	1	vextractps eax, xmm1, 126
movement_10192	vinsertps.reg	VEX128	128	4	0	0	126	1	vinsertps xmm0, xmm1, xmm2, 126
movement_10193	vextractps.gpr	VEX128	128	4	0	0	127	1	vextractps eax, xmm1, 127
movement_10194	vinsertps.reg	VEX128	128	4	0	0	127	1	vinsertps xmm0, xmm1, xmm2, 127
movement_10195	vextractps.gpr	VEX128	128	4	0	0	128	1	vextractps eax, xmm1, 128
movement_10196	vinsertps.reg	VEX128	128	4	0	0	128	1	vinsertps xmm0, xmm1, xmm2, 128
movement_10197	vextractps.gpr	VEX128	128	4	0	0	129	1	vextractps eax, xmm1, 129
movement_10198	vinsertps.reg	VEX128	128	4	0	0	129	1	vinsertps xmm0, xmm1, xmm2, 129
movement_10199	vextractps.gpr	VEX128	128	4	0	0	130	1	vextractps eax, xmm1, 130
movement_10200	vinsertps.reg	VEX128	128	4	0	0	130	1	vinsertps xmm0, xmm1, xmm2, 130
movement_10201	vextractps.gpr	VEX128	128	4	0	0	131	1	vextractps eax, xmm1, 131
movement_10202	vinsertps.reg	VEX128	128	4	0	0	131	1	vinsertps xmm0, xmm1, xmm2, 131
movement_10203	vextractps.gpr	VEX128	128	4	0	0	132	1	vextractps eax, xmm1, 132
movement_10204	vinsertps.reg	VEX128	128	4	0	0	132	1	vinsertps xmm0, xmm1, xmm2, 132
movement_10205	vextractps.gpr	VEX128	128	4	0	0	133	1	vextractps eax, xmm1, 133
movement_10206	vinsertps.reg	VEX128	128	4	0	0	133	1	vinsertps xmm0, xmm1, xmm2, 133
movement_10207	vextractps.gpr	VEX128	128	4	0	0	134	1	vextractps eax, xmm1, 134
movement_10208	vinsertps.reg	VEX128	128	4	0	0	134	1	vinsertps xmm0, xmm1, xmm2, 134
movement_10209	vextractps.gpr	VEX128	128	4	0	0	135	1	vextractps eax, xmm1, 135
movement_10210	vinsertps.reg	VEX128	128	4	0	0	135	1	vinsertps xmm0, xmm1, xmm2, 135
movement_10211	vextractps.gpr	VEX128	128	4	0	0	136	1	vextractps eax, xmm1, 136
movement_10212	vinsertps.reg	VEX128	128	4	0	0	136	1	vinsertps xmm0, xmm1, xmm2, 136
movement_10213	vextractps.gpr	VEX128	128	4	0	0	137	1	vextractps eax, xmm1, 137
movement_10214	vinsertps.reg	VEX128	128	4	0	0	137	1	vinsertps xmm0, xmm1, xmm2, 137
movement_10215	vextractps.gpr	VEX128	128	4	0	0	138	1	vextractps eax, xmm1, 138
movement_10216	vinsertps.reg	VEX128	128	4	0	0	138	1	vinsertps xmm0, xmm1, xmm2, 138
movement_10217	vextractps.gpr	VEX128	128	4	0	0	139	1	vextractps eax, xmm1, 139
movement_10218	vinsertps.reg	VEX128	128	4	0	0	139	1	vinsertps xmm0, xmm1, xmm2, 139
movement_10219	vextractps.gpr	VEX128	128	4	0	0	140	1	vextractps eax, xmm1, 140
movement_10220	vinsertps.reg	VEX128	128	4	0	0	140	1	vinsertps xmm0, xmm1, xmm2, 140
movement_10221	vextractps.gpr	VEX128	128	4	0	0	141	1	vextractps eax, xmm1, 141
movement_10222	vinsertps.reg	VEX128	128	4	0	0	141	1	vinsertps xmm0, xmm1, xmm2, 141
movement_10223	vextractps.gpr	VEX128	128	4	0	0	142	1	vextractps eax, xmm1, 142
movement_10224	vinsertps.reg	VEX128	128	4	0	0	142	1	vinsertps xmm0, xmm1, xmm2, 142
movement_10225	vextractps.gpr	VEX128	128	4	0	0	143	1	vextractps eax, xmm1, 143
movement_10226	vinsertps.reg	VEX128	128	4	0	0	143	1	vinsertps xmm0, xmm1, xmm2, 143
movement_10227	vextractps.gpr	VEX128	128	4	0	0	144	1	vextractps eax, xmm1, 144
movement_10228	vinsertps.reg	VEX128	128	4	0	0	144	1	vinsertps xmm0, xmm1, xmm2, 144
movement_10229	vextractps.gpr	VEX128	128	4	0	0	145	1	vextractps eax, xmm1, 145
movement_10230	vinsertps.reg	VEX128	128	4	0	0	145	1	vinsertps xmm0, xmm1, xmm2, 145
movement_10231	vextractps.gpr	VEX128	128	4	0	0	146	1	vextractps eax, xmm1, 146
movement_10232	vinsertps.reg	VEX128	128	4	0	0	146	1	vinsertps xmm0, xmm1, xmm2, 146
movement_10233	vextractps.gpr	VEX128	128	4	0	0	147	1	vextractps eax, xmm1, 147
movement_10234	vinsertps.reg	VEX128	128	4	0	0	147	1	vinsertps xmm0, xmm1, xmm2, 147
movement_10235	vextractps.gpr	VEX128	128	4	0	0	148	1	vextractps eax, xmm1, 148
movement_10236	vinsertps.reg	VEX128	128	4	0	0	148	1	vinsertps xmm0, xmm1, xmm2, 148
movement_10237	vextractps.gpr	VEX128	128	4	0	0	149	1	vextractps eax, xmm1, 149
movement_10238	vinsertps.reg	VEX128	128	4	0	0	149	1	vinsertps xmm0, xmm1, xmm2, 149
movement_10239	vextractps.gpr	VEX128	128	4	0	0	150	1	vextractps eax, xmm1, 150
movement_10240	vinsertps.reg	VEX128	128	4	0	0	150	1	vinsertps xmm0, xmm1, xmm2, 150
movement_10241	vextractps.gpr	VEX128	128	4	0	0	151	1	vextractps eax, xmm1, 151
movement_10242	vinsertps.reg	VEX128	128	4	0	0	151	1	vinsertps xmm0, xmm1, xmm2, 151
movement_10243	vextractps.gpr	VEX128	128	4	0	0	152	1	vextractps eax, xmm1, 152
movement_10244	vinsertps.reg	VEX128	128	4	0	0	152	1	vinsertps xmm0, xmm1, xmm2, 152
movement_10245	vextractps.gpr	VEX128	128	4	0	0	153	1	vextractps eax, xmm1, 153
movement_10246	vinsertps.reg	VEX128	128	4	0	0	153	1	vinsertps xmm0, xmm1, xmm2, 153
movement_10247	vextractps.gpr	VEX128	128	4	0	0	154	1	vextractps eax, xmm1, 154
movement_10248	vinsertps.reg	VEX128	128	4	0	0	154	1	vinsertps xmm0, xmm1, xmm2, 154
movement_10249	vextractps.gpr	VEX128	128	4	0	0	155	1	vextractps eax, xmm1, 155
movement_10250	vinsertps.reg	VEX128	128	4	0	0	155	1	vinsertps xmm0, xmm1, xmm2, 155
movement_10251	vextractps.gpr	VEX128	128	4	0	0	156	1	vextractps eax, xmm1, 156
movement_10252	vinsertps.reg	VEX128	128	4	0	0	156	1	vinsertps xmm0, xmm1, xmm2, 156
movement_10253	vextractps.gpr	VEX128	128	4	0	0	157	1	vextractps eax, xmm1, 157
movement_10254	vinsertps.reg	VEX128	128	4	0	0	157	1	vinsertps xmm0, xmm1, xmm2, 157
movement_10255	vextractps.gpr	VEX128	128	4	0	0	158	1	vextractps eax, xmm1, 158
movement_10256	vinsertps.reg	VEX128	128	4	0	0	158	1	vinsertps xmm0, xmm1, xmm2, 158
movement_10257	vextractps.gpr	VEX128	128	4	0	0	159	1	vextractps eax, xmm1, 159
movement_10258	vinsertps.reg	VEX128	128	4	0	0	159	1	vinsertps xmm0, xmm1, xmm2, 159
movement_10259	vextractps.gpr	VEX128	128	4	0	0	160	1	vextractps eax, xmm1, 160
movement_10260	vinsertps.reg	VEX128	128	4	0	0	160	1	vinsertps xmm0, xmm1, xmm2, 160
movement_10261	vextractps.gpr	VEX128	128	4	0	0	161	1	vextractps eax, xmm1, 161
movement_10262	vinsertps.reg	VEX128	128	4	0	0	161	1	vinsertps xmm0, xmm1, xmm2, 161
movement_10263	vextractps.gpr	VEX128	128	4	0	0	162	1	vextractps eax, xmm1, 162
movement_10264	vinsertps.reg	VEX128	128	4	0	0	162	1	vinsertps xmm0, xmm1, xmm2, 162
movement_10265	vextractps.gpr	VEX128	128	4	0	0	163	1	vextractps eax, xmm1, 163
movement_10266	vinsertps.reg	VEX128	128	4	0	0	163	1	vinsertps xmm0, xmm1, xmm2, 163
movement_10267	vextractps.gpr	VEX128	128	4	0	0	164	1	vextractps eax, xmm1, 164
movement_10268	vinsertps.reg	VEX128	128	4	0	0	164	1	vinsertps xmm0, xmm1, xmm2, 164
movement_10269	vextractps.gpr	VEX128	128	4	0	0	165	1	vextractps eax, xmm1, 165
movement_10270	vinsertps.reg	VEX128	128	4	0	0	165	1	vinsertps xmm0, xmm1, xmm2, 165
movement_10271	vextractps.gpr	VEX128	128	4	0	0	166	1	vextractps eax, xmm1, 166
movement_10272	vinsertps.reg	VEX128	128	4	0	0	166	1	vinsertps xmm0, xmm1, xmm2, 166
movement_10273	vextractps.gpr	VEX128	128	4	0	0	167	1	vextractps eax, xmm1, 167
movement_10274	vinsertps.reg	VEX128	128	4	0	0	167	1	vinsertps xmm0, xmm1, xmm2, 167
movement_10275	vextractps.gpr	VEX128	128	4	0	0	168	1	vextractps eax, xmm1, 168
movement_10276	vinsertps.reg	VEX128	128	4	0	0	168	1	vinsertps xmm0, xmm1, xmm2, 168
movement_10277	vextractps.gpr	VEX128	128	4	0	0	169	1	vextractps eax, xmm1, 169
movement_10278	vinsertps.reg	VEX128	128	4	0	0	169	1	vinsertps xmm0, xmm1, xmm2, 169
movement_10279	vextractps.gpr	VEX128	128	4	0	0	170	1	vextractps eax, xmm1, 170
movement_10280	vinsertps.reg	VEX128	128	4	0	0	170	1	vinsertps xmm0, xmm1, xmm2, 170
movement_10281	vextractps.gpr	VEX128	128	4	0	0	171	1	vextractps eax, xmm1, 171
movement_10282	vinsertps.reg	VEX128	128	4	0	0	171	1	vinsertps xmm0, xmm1, xmm2, 171
movement_10283	vextractps.gpr	VEX128	128	4	0	0	172	1	vextractps eax, xmm1, 172
movement_10284	vinsertps.reg	VEX128	128	4	0	0	172	1	vinsertps xmm0, xmm1, xmm2, 172
movement_10285	vextractps.gpr	VEX128	128	4	0	0	173	1	vextractps eax, xmm1, 173
movement_10286	vinsertps.reg	VEX128	128	4	0	0	173	1	vinsertps xmm0, xmm1, xmm2, 173
movement_10287	vextractps.gpr	VEX128	128	4	0	0	174	1	vextractps eax, xmm1, 174
movement_10288	vinsertps.reg	VEX128	128	4	0	0	174	1	vinsertps xmm0, xmm1, xmm2, 174
movement_10289	vextractps.gpr	VEX128	128	4	0	0	175	1	vextractps eax, xmm1, 175
movement_10290	vinsertps.reg	VEX128	128	4	0	0	175	1	vinsertps xmm0, xmm1, xmm2, 175
movement_10291	vextractps.gpr	VEX128	128	4	0	0	176	1	vextractps eax, xmm1, 176
movement_10292	vinsertps.reg	VEX128	128	4	0	0	176	1	vinsertps xmm0, xmm1, xmm2, 176
movement_10293	vextractps.gpr	VEX128	128	4	0	0	177	1	vextractps eax, xmm1, 177
movement_10294	vinsertps.reg	VEX128	128	4	0	0	177	1	vinsertps xmm0, xmm1, xmm2, 177
movement_10295	vextractps.gpr	VEX128	128	4	0	0	178	1	vextractps eax, xmm1, 178
movement_10296	vinsertps.reg	VEX128	128	4	0	0	178	1	vinsertps xmm0, xmm1, xmm2, 178
movement_10297	vextractps.gpr	VEX128	128	4	0	0	179	1	vextractps eax, xmm1, 179
movement_10298	vinsertps.reg	VEX128	128	4	0	0	179	1	vinsertps xmm0, xmm1, xmm2, 179
movement_10299	vextractps.gpr	VEX128	128	4	0	0	180	1	vextractps eax, xmm1, 180
movement_10300	vinsertps.reg	VEX128	128	4	0	0	180	1	vinsertps xmm0, xmm1, xmm2, 180
movement_10301	vextractps.gpr	VEX128	128	4	0	0	181	1	vextractps eax, xmm1, 181
movement_10302	vinsertps.reg	VEX128	128	4	0	0	181	1	vinsertps xmm0, xmm1, xmm2, 181
movement_10303	vextractps.gpr	VEX128	128	4	0	0	182	1	vextractps eax, xmm1, 182
movement_10304	vinsertps.reg	VEX128	128	4	0	0	182	1	vinsertps xmm0, xmm1, xmm2, 182
movement_10305	vextractps.gpr	VEX128	128	4	0	0	183	1	vextractps eax, xmm1, 183
movement_10306	vinsertps.reg	VEX128	128	4	0	0	183	1	vinsertps xmm0, xmm1, xmm2, 183
movement_10307	vextractps.gpr	VEX128	128	4	0	0	184	1	vextractps eax, xmm1, 184
movement_10308	vinsertps.reg	VEX128	128	4	0	0	184	1	vinsertps xmm0, xmm1, xmm2, 184
movement_10309	vextractps.gpr	VEX128	128	4	0	0	185	1	vextractps eax, xmm1, 185
movement_10310	vinsertps.reg	VEX128	128	4	0	0	185	1	vinsertps xmm0, xmm1, xmm2, 185
movement_10311	vextractps.gpr	VEX128	128	4	0	0	186	1	vextractps eax, xmm1, 186
movement_10312	vinsertps.reg	VEX128	128	4	0	0	186	1	vinsertps xmm0, xmm1, xmm2, 186
movement_10313	vextractps.gpr	VEX128	128	4	0	0	187	1	vextractps eax, xmm1, 187
movement_10314	vinsertps.reg	VEX128	128	4	0	0	187	1	vinsertps xmm0, xmm1, xmm2, 187
movement_10315	vextractps.gpr	VEX128	128	4	0	0	188	1	vextractps eax, xmm1, 188
movement_10316	vinsertps.reg	VEX128	128	4	0	0	188	1	vinsertps xmm0, xmm1, xmm2, 188
movement_10317	vextractps.gpr	VEX128	128	4	0	0	189	1	vextractps eax, xmm1, 189
movement_10318	vinsertps.reg	VEX128	128	4	0	0	189	1	vinsertps xmm0, xmm1, xmm2, 189
movement_10319	vextractps.gpr	VEX128	128	4	0	0	190	1	vextractps eax, xmm1, 190
movement_10320	vinsertps.reg	VEX128	128	4	0	0	190	1	vinsertps xmm0, xmm1, xmm2, 190
movement_10321	vextractps.gpr	VEX128	128	4	0	0	191	1	vextractps eax, xmm1, 191
movement_10322	vinsertps.reg	VEX128	128	4	0	0	191	1	vinsertps xmm0, xmm1, xmm2, 191
movement_10323	vextractps.gpr	VEX128	128	4	0	0	192	1	vextractps eax, xmm1, 192
movement_10324	vinsertps.reg	VEX128	128	4	0	0	192	1	vinsertps xmm0, xmm1, xmm2, 192
movement_10325	vextractps.gpr	VEX128	128	4	0	0	193	1	vextractps eax, xmm1, 193
movement_10326	vinsertps.reg	VEX128	128	4	0	0	193	1	vinsertps xmm0, xmm1, xmm2, 193
movement_10327	vextractps.gpr	VEX128	128	4	0	0	194	1	vextractps eax, xmm1, 194
movement_10328	vinsertps.reg	VEX128	128	4	0	0	194	1	vinsertps xmm0, xmm1, xmm2, 194
movement_10329	vextractps.gpr	VEX128	128	4	0	0	195	1	vextractps eax, xmm1, 195
movement_10330	vinsertps.reg	VEX128	128	4	0	0	195	1	vinsertps xmm0, xmm1, xmm2, 195
movement_10331	vextractps.gpr	VEX128	128	4	0	0	196	1	vextractps eax, xmm1, 196
movement_10332	vinsertps.reg	VEX128	128	4	0	0	196	1	vinsertps xmm0, xmm1, xmm2, 196
movement_10333	vextractps.gpr	VEX128	128	4	0	0	197	1	vextractps eax, xmm1, 197
movement_10334	vinsertps.reg	VEX128	128	4	0	0	197	1	vinsertps xmm0, xmm1, xmm2, 197
movement_10335	vextractps.gpr	VEX128	128	4	0	0	198	1	vextractps eax, xmm1, 198
movement_10336	vinsertps.reg	VEX128	128	4	0	0	198	1	vinsertps xmm0, xmm1, xmm2, 198
movement_10337	vextractps.gpr	VEX128	128	4	0	0	199	1	vextractps eax, xmm1, 199
movement_10338	vinsertps.reg	VEX128	128	4	0	0	199	1	vinsertps xmm0, xmm1, xmm2, 199
movement_10339	vextractps.gpr	VEX128	128	4	0	0	200	1	vextractps eax, xmm1, 200
movement_10340	vinsertps.reg	VEX128	128	4	0	0	200	1	vinsertps xmm0, xmm1, xmm2, 200
movement_10341	vextractps.gpr	VEX128	128	4	0	0	201	1	vextractps eax, xmm1, 201
movement_10342	vinsertps.reg	VEX128	128	4	0	0	201	1	vinsertps xmm0, xmm1, xmm2, 201
movement_10343	vextractps.gpr	VEX128	128	4	0	0	202	1	vextractps eax, xmm1, 202
movement_10344	vinsertps.reg	VEX128	128	4	0	0	202	1	vinsertps xmm0, xmm1, xmm2, 202
movement_10345	vextractps.gpr	VEX128	128	4	0	0	203	1	vextractps eax, xmm1, 203
movement_10346	vinsertps.reg	VEX128	128	4	0	0	203	1	vinsertps xmm0, xmm1, xmm2, 203
movement_10347	vextractps.gpr	VEX128	128	4	0	0	204	1	vextractps eax, xmm1, 204
movement_10348	vinsertps.reg	VEX128	128	4	0	0	204	1	vinsertps xmm0, xmm1, xmm2, 204
movement_10349	vextractps.gpr	VEX128	128	4	0	0	205	1	vextractps eax, xmm1, 205
movement_10350	vinsertps.reg	VEX128	128	4	0	0	205	1	vinsertps xmm0, xmm1, xmm2, 205
movement_10351	vextractps.gpr	VEX128	128	4	0	0	206	1	vextractps eax, xmm1, 206
movement_10352	vinsertps.reg	VEX128	128	4	0	0	206	1	vinsertps xmm0, xmm1, xmm2, 206
movement_10353	vextractps.gpr	VEX128	128	4	0	0	207	1	vextractps eax, xmm1, 207
movement_10354	vinsertps.reg	VEX128	128	4	0	0	207	1	vinsertps xmm0, xmm1, xmm2, 207
movement_10355	vextractps.gpr	VEX128	128	4	0	0	208	1	vextractps eax, xmm1, 208
movement_10356	vinsertps.reg	VEX128	128	4	0	0	208	1	vinsertps xmm0, xmm1, xmm2, 208
movement_10357	vextractps.gpr	VEX128	128	4	0	0	209	1	vextractps eax, xmm1, 209
movement_10358	vinsertps.reg	VEX128	128	4	0	0	209	1	vinsertps xmm0, xmm1, xmm2, 209
movement_10359	vextractps.gpr	VEX128	128	4	0	0	210	1	vextractps eax, xmm1, 210
movement_10360	vinsertps.reg	VEX128	128	4	0	0	210	1	vinsertps xmm0, xmm1, xmm2, 210
movement_10361	vextractps.gpr	VEX128	128	4	0	0	211	1	vextractps eax, xmm1, 211
movement_10362	vinsertps.reg	VEX128	128	4	0	0	211	1	vinsertps xmm0, xmm1, xmm2, 211
movement_10363	vextractps.gpr	VEX128	128	4	0	0	212	1	vextractps eax, xmm1, 212
movement_10364	vinsertps.reg	VEX128	128	4	0	0	212	1	vinsertps xmm0, xmm1, xmm2, 212
movement_10365	vextractps.gpr	VEX128	128	4	0	0	213	1	vextractps eax, xmm1, 213
movement_10366	vinsertps.reg	VEX128	128	4	0	0	213	1	vinsertps xmm0, xmm1, xmm2, 213
movement_10367	vextractps.gpr	VEX128	128	4	0	0	214	1	vextractps eax, xmm1, 214
movement_10368	vinsertps.reg	VEX128	128	4	0	0	214	1	vinsertps xmm0, xmm1, xmm2, 214
movement_10369	vextractps.gpr	VEX128	128	4	0	0	215	1	vextractps eax, xmm1, 215
movement_10370	vinsertps.reg	VEX128	128	4	0	0	215	1	vinsertps xmm0, xmm1, xmm2, 215
movement_10371	vextractps.gpr	VEX128	128	4	0	0	216	1	vextractps eax, xmm1, 216
movement_10372	vinsertps.reg	VEX128	128	4	0	0	216	1	vinsertps xmm0, xmm1, xmm2, 216
movement_10373	vextractps.gpr	VEX128	128	4	0	0	217	1	vextractps eax, xmm1, 217
movement_10374	vinsertps.reg	VEX128	128	4	0	0	217	1	vinsertps xmm0, xmm1, xmm2, 217
movement_10375	vextractps.gpr	VEX128	128	4	0	0	218	1	vextractps eax, xmm1, 218
movement_10376	vinsertps.reg	VEX128	128	4	0	0	218	1	vinsertps xmm0, xmm1, xmm2, 218
movement_10377	vextractps.gpr	VEX128	128	4	0	0	219	1	vextractps eax, xmm1, 219
movement_10378	vinsertps.reg	VEX128	128	4	0	0	219	1	vinsertps xmm0, xmm1, xmm2, 219
movement_10379	vextractps.gpr	VEX128	128	4	0	0	220	1	vextractps eax, xmm1, 220
movement_10380	vinsertps.reg	VEX128	128	4	0	0	220	1	vinsertps xmm0, xmm1, xmm2, 220
movement_10381	vextractps.gpr	VEX128	128	4	0	0	221	1	vextractps eax, xmm1, 221
movement_10382	vinsertps.reg	VEX128	128	4	0	0	221	1	vinsertps xmm0, xmm1, xmm2, 221
movement_10383	vextractps.gpr	VEX128	128	4	0	0	222	1	vextractps eax, xmm1, 222
movement_10384	vinsertps.reg	VEX128	128	4	0	0	222	1	vinsertps xmm0, xmm1, xmm2, 222
movement_10385	vextractps.gpr	VEX128	128	4	0	0	223	1	vextractps eax, xmm1, 223
movement_10386	vinsertps.reg	VEX128	128	4	0	0	223	1	vinsertps xmm0, xmm1, xmm2, 223
movement_10387	vextractps.gpr	VEX128	128	4	0	0	224	1	vextractps eax, xmm1, 224
movement_10388	vinsertps.reg	VEX128	128	4	0	0	224	1	vinsertps xmm0, xmm1, xmm2, 224
movement_10389	vextractps.gpr	VEX128	128	4	0	0	225	1	vextractps eax, xmm1, 225
movement_10390	vinsertps.reg	VEX128	128	4	0	0	225	1	vinsertps xmm0, xmm1, xmm2, 225
movement_10391	vextractps.gpr	VEX128	128	4	0	0	226	1	vextractps eax, xmm1, 226
movement_10392	vinsertps.reg	VEX128	128	4	0	0	226	1	vinsertps xmm0, xmm1, xmm2, 226
movement_10393	vextractps.gpr	VEX128	128	4	0	0	227	1	vextractps eax, xmm1, 227
movement_10394	vinsertps.reg	VEX128	128	4	0	0	227	1	vinsertps xmm0, xmm1, xmm2, 227
movement_10395	vextractps.gpr	VEX128	128	4	0	0	228	1	vextractps eax, xmm1, 228
movement_10396	vinsertps.reg	VEX128	128	4	0	0	228	1	vinsertps xmm0, xmm1, xmm2, 228
movement_10397	vextractps.gpr	VEX128	128	4	0	0	229	1	vextractps eax, xmm1, 229
movement_10398	vinsertps.reg	VEX128	128	4	0	0	229	1	vinsertps xmm0, xmm1, xmm2, 229
movement_10399	vextractps.gpr	VEX128	128	4	0	0	230	1	vextractps eax, xmm1, 230
movement_10400	vinsertps.reg	VEX128	128	4	0	0	230	1	vinsertps xmm0, xmm1, xmm2, 230
movement_10401	vextractps.gpr	VEX128	128	4	0	0	231	1	vextractps eax, xmm1, 231
movement_10402	vinsertps.reg	VEX128	128	4	0	0	231	1	vinsertps xmm0, xmm1, xmm2, 231
movement_10403	vextractps.gpr	VEX128	128	4	0	0	232	1	vextractps eax, xmm1, 232
movement_10404	vinsertps.reg	VEX128	128	4	0	0	232	1	vinsertps xmm0, xmm1, xmm2, 232
movement_10405	vextractps.gpr	VEX128	128	4	0	0	233	1	vextractps eax, xmm1, 233
movement_10406	vinsertps.reg	VEX128	128	4	0	0	233	1	vinsertps xmm0, xmm1, xmm2, 233
movement_10407	vextractps.gpr	VEX128	128	4	0	0	234	1	vextractps eax, xmm1, 234
movement_10408	vinsertps.reg	VEX128	128	4	0	0	234	1	vinsertps xmm0, xmm1, xmm2, 234
movement_10409	vextractps.gpr	VEX128	128	4	0	0	235	1	vextractps eax, xmm1, 235
movement_10410	vinsertps.reg	VEX128	128	4	0	0	235	1	vinsertps xmm0, xmm1, xmm2, 235
movement_10411	vextractps.gpr	VEX128	128	4	0	0	236	1	vextractps eax, xmm1, 236
movement_10412	vinsertps.reg	VEX128	128	4	0	0	236	1	vinsertps xmm0, xmm1, xmm2, 236
movement_10413	vextractps.gpr	VEX128	128	4	0	0	237	1	vextractps eax, xmm1, 237
movement_10414	vinsertps.reg	VEX128	128	4	0	0	237	1	vinsertps xmm0, xmm1, xmm2, 237
movement_10415	vextractps.gpr	VEX128	128	4	0	0	238	1	vextractps eax, xmm1, 238
movement_10416	vinsertps.reg	VEX128	128	4	0	0	238	1	vinsertps xmm0, xmm1, xmm2, 238
movement_10417	vextractps.gpr	VEX128	128	4	0	0	239	1	vextractps eax, xmm1, 239
movement_10418	vinsertps.reg	VEX128	128	4	0	0	239	1	vinsertps xmm0, xmm1, xmm2, 239
movement_10419	vextractps.gpr	VEX128	128	4	0	0	240	1	vextractps eax, xmm1, 240
movement_10420	vinsertps.reg	VEX128	128	4	0	0	240	1	vinsertps xmm0, xmm1, xmm2, 240
movement_10421	vextractps.gpr	VEX128	128	4	0	0	241	1	vextractps eax, xmm1, 241
movement_10422	vinsertps.reg	VEX128	128	4	0	0	241	1	vinsertps xmm0, xmm1, xmm2, 241
movement_10423	vextractps.gpr	VEX128	128	4	0	0	242	1	vextractps eax, xmm1, 242
movement_10424	vinsertps.reg	VEX128	128	4	0	0	242	1	vinsertps xmm0, xmm1, xmm2, 242
movement_10425	vextractps.gpr	VEX128	128	4	0	0	243	1	vextractps eax, xmm1, 243
movement_10426	vinsertps.reg	VEX128	128	4	0	0	243	1	vinsertps xmm0, xmm1, xmm2, 243
movement_10427	vextractps.gpr	VEX128	128	4	0	0	244	1	vextractps eax, xmm1, 244
movement_10428	vinsertps.reg	VEX128	128	4	0	0	244	1	vinsertps xmm0, xmm1, xmm2, 244
movement_10429	vextractps.gpr	VEX128	128	4	0	0	245	1	vextractps eax, xmm1, 245
movement_10430	vinsertps.reg	VEX128	128	4	0	0	245	1	vinsertps xmm0, xmm1, xmm2, 245
movement_10431	vextractps.gpr	VEX128	128	4	0	0	246	1	vextractps eax, xmm1, 246
movement_10432	vinsertps.reg	VEX128	128	4	0	0	246	1	vinsertps xmm0, xmm1, xmm2, 246
movement_10433	vextractps.gpr	VEX128	128	4	0	0	247	1	vextractps eax, xmm1, 247
movement_10434	vinsertps.reg	VEX128	128	4	0	0	247	1	vinsertps xmm0, xmm1, xmm2, 247
movement_10435	vextractps.gpr	VEX128	128	4	0	0	248	1	vextractps eax, xmm1, 248
movement_10436	vinsertps.reg	VEX128	128	4	0	0	248	1	vinsertps xmm0, xmm1, xmm2, 248
movement_10437	vextractps.gpr	VEX128	128	4	0	0	249	1	vextractps eax, xmm1, 249
movement_10438	vinsertps.reg	VEX128	128	4	0	0	249	1	vinsertps xmm0, xmm1, xmm2, 249
movement_10439	vextractps.gpr	VEX128	128	4	0	0	250	1	vextractps eax, xmm1, 250
movement_10440	vinsertps.reg	VEX128	128	4	0	0	250	1	vinsertps xmm0, xmm1, xmm2, 250
movement_10441	vextractps.gpr	VEX128	128	4	0	0	251	1	vextractps eax, xmm1, 251
movement_10442	vinsertps.reg	VEX128	128	4	0	0	251	1	vinsertps xmm0, xmm1, xmm2, 251
movement_10443	vextractps.gpr	VEX128	128	4	0	0	252	1	vextractps eax, xmm1, 252
movement_10444	vinsertps.reg	VEX128	128	4	0	0	252	1	vinsertps xmm0, xmm1, xmm2, 252
movement_10445	vextractps.gpr	VEX128	128	4	0	0	253	1	vextractps eax, xmm1, 253
movement_10446	vinsertps.reg	VEX128	128	4	0	0	253	1	vinsertps xmm0, xmm1, xmm2, 253
movement_10447	vextractps.gpr	VEX128	128	4	0	0	254	1	vextractps eax, xmm1, 254
movement_10448	vinsertps.reg	VEX128	128	4	0	0	254	1	vinsertps xmm0, xmm1, xmm2, 254
movement_10449	vextractps.gpr	VEX128	128	4	0	0	255	1	vextractps eax, xmm1, 255
movement_10450	vinsertps.reg	VEX128	128	4	0	0	255	1	vinsertps xmm0, xmm1, xmm2, 255
movement_10451	vextractps.mem	VEX128	128	4	0	2	0	1	vextractps [rsi], xmm1, 0
movement_10452	vinsertps.mem	VEX128	128	4	0	1	0	1	vinsertps xmm0, xmm1, [rsi], 0
movement_10453	vextractps.mem	VEX128	128	4	0	2	1	1	vextractps [rsi], xmm1, 1
movement_10454	vinsertps.mem	VEX128	128	4	0	1	1	1	vinsertps xmm0, xmm1, [rsi], 1
movement_10455	vextractps.mem	VEX128	128	4	0	2	2	1	vextractps [rsi], xmm1, 2
movement_10456	vinsertps.mem	VEX128	128	4	0	1	2	1	vinsertps xmm0, xmm1, [rsi], 2
movement_10457	vextractps.mem	VEX128	128	4	0	2	3	1	vextractps [rsi], xmm1, 3
movement_10458	vinsertps.mem	VEX128	128	4	0	1	3	1	vinsertps xmm0, xmm1, [rsi], 3
movement_10459	vextractps.mem	VEX128	128	4	0	2	4	1	vextractps [rsi], xmm1, 4
movement_10460	vinsertps.mem	VEX128	128	4	0	1	4	1	vinsertps xmm0, xmm1, [rsi], 4
movement_10461	vextractps.mem	VEX128	128	4	0	2	5	1	vextractps [rsi], xmm1, 5
movement_10462	vinsertps.mem	VEX128	128	4	0	1	5	1	vinsertps xmm0, xmm1, [rsi], 5
movement_10463	vextractps.mem	VEX128	128	4	0	2	6	1	vextractps [rsi], xmm1, 6
movement_10464	vinsertps.mem	VEX128	128	4	0	1	6	1	vinsertps xmm0, xmm1, [rsi], 6
movement_10465	vextractps.mem	VEX128	128	4	0	2	7	1	vextractps [rsi], xmm1, 7
movement_10466	vinsertps.mem	VEX128	128	4	0	1	7	1	vinsertps xmm0, xmm1, [rsi], 7
movement_10467	vextractps.mem	VEX128	128	4	0	2	8	1	vextractps [rsi], xmm1, 8
movement_10468	vinsertps.mem	VEX128	128	4	0	1	8	1	vinsertps xmm0, xmm1, [rsi], 8
movement_10469	vextractps.mem	VEX128	128	4	0	2	9	1	vextractps [rsi], xmm1, 9
movement_10470	vinsertps.mem	VEX128	128	4	0	1	9	1	vinsertps xmm0, xmm1, [rsi], 9
movement_10471	vextractps.mem	VEX128	128	4	0	2	10	1	vextractps [rsi], xmm1, 10
movement_10472	vinsertps.mem	VEX128	128	4	0	1	10	1	vinsertps xmm0, xmm1, [rsi], 10
movement_10473	vextractps.mem	VEX128	128	4	0	2	11	1	vextractps [rsi], xmm1, 11
movement_10474	vinsertps.mem	VEX128	128	4	0	1	11	1	vinsertps xmm0, xmm1, [rsi], 11
movement_10475	vextractps.mem	VEX128	128	4	0	2	12	1	vextractps [rsi], xmm1, 12
movement_10476	vinsertps.mem	VEX128	128	4	0	1	12	1	vinsertps xmm0, xmm1, [rsi], 12
movement_10477	vextractps.mem	VEX128	128	4	0	2	13	1	vextractps [rsi], xmm1, 13
movement_10478	vinsertps.mem	VEX128	128	4	0	1	13	1	vinsertps xmm0, xmm1, [rsi], 13
movement_10479	vextractps.mem	VEX128	128	4	0	2	14	1	vextractps [rsi], xmm1, 14
movement_10480	vinsertps.mem	VEX128	128	4	0	1	14	1	vinsertps xmm0, xmm1, [rsi], 14
movement_10481	vextractps.mem	VEX128	128	4	0	2	15	1	vextractps [rsi], xmm1, 15
movement_10482	vinsertps.mem	VEX128	128	4	0	1	15	1	vinsertps xmm0, xmm1, [rsi], 15
movement_10483	vextractps.mem	VEX128	128	4	0	2	16	1	vextractps [rsi], xmm1, 16
movement_10484	vinsertps.mem	VEX128	128	4	0	1	16	1	vinsertps xmm0, xmm1, [rsi], 16
movement_10485	vextractps.mem	VEX128	128	4	0	2	17	1	vextractps [rsi], xmm1, 17
movement_10486	vinsertps.mem	VEX128	128	4	0	1	17	1	vinsertps xmm0, xmm1, [rsi], 17
movement_10487	vextractps.mem	VEX128	128	4	0	2	18	1	vextractps [rsi], xmm1, 18
movement_10488	vinsertps.mem	VEX128	128	4	0	1	18	1	vinsertps xmm0, xmm1, [rsi], 18
movement_10489	vextractps.mem	VEX128	128	4	0	2	19	1	vextractps [rsi], xmm1, 19
movement_10490	vinsertps.mem	VEX128	128	4	0	1	19	1	vinsertps xmm0, xmm1, [rsi], 19
movement_10491	vextractps.mem	VEX128	128	4	0	2	20	1	vextractps [rsi], xmm1, 20
movement_10492	vinsertps.mem	VEX128	128	4	0	1	20	1	vinsertps xmm0, xmm1, [rsi], 20
movement_10493	vextractps.mem	VEX128	128	4	0	2	21	1	vextractps [rsi], xmm1, 21
movement_10494	vinsertps.mem	VEX128	128	4	0	1	21	1	vinsertps xmm0, xmm1, [rsi], 21
movement_10495	vextractps.mem	VEX128	128	4	0	2	22	1	vextractps [rsi], xmm1, 22
movement_10496	vinsertps.mem	VEX128	128	4	0	1	22	1	vinsertps xmm0, xmm1, [rsi], 22
movement_10497	vextractps.mem	VEX128	128	4	0	2	23	1	vextractps [rsi], xmm1, 23
movement_10498	vinsertps.mem	VEX128	128	4	0	1	23	1	vinsertps xmm0, xmm1, [rsi], 23
movement_10499	vextractps.mem	VEX128	128	4	0	2	24	1	vextractps [rsi], xmm1, 24
movement_10500	vinsertps.mem	VEX128	128	4	0	1	24	1	vinsertps xmm0, xmm1, [rsi], 24
movement_10501	vextractps.mem	VEX128	128	4	0	2	25	1	vextractps [rsi], xmm1, 25
movement_10502	vinsertps.mem	VEX128	128	4	0	1	25	1	vinsertps xmm0, xmm1, [rsi], 25
movement_10503	vextractps.mem	VEX128	128	4	0	2	26	1	vextractps [rsi], xmm1, 26
movement_10504	vinsertps.mem	VEX128	128	4	0	1	26	1	vinsertps xmm0, xmm1, [rsi], 26
movement_10505	vextractps.mem	VEX128	128	4	0	2	27	1	vextractps [rsi], xmm1, 27
movement_10506	vinsertps.mem	VEX128	128	4	0	1	27	1	vinsertps xmm0, xmm1, [rsi], 27
movement_10507	vextractps.mem	VEX128	128	4	0	2	28	1	vextractps [rsi], xmm1, 28
movement_10508	vinsertps.mem	VEX128	128	4	0	1	28	1	vinsertps xmm0, xmm1, [rsi], 28
movement_10509	vextractps.mem	VEX128	128	4	0	2	29	1	vextractps [rsi], xmm1, 29
movement_10510	vinsertps.mem	VEX128	128	4	0	1	29	1	vinsertps xmm0, xmm1, [rsi], 29
movement_10511	vextractps.mem	VEX128	128	4	0	2	30	1	vextractps [rsi], xmm1, 30
movement_10512	vinsertps.mem	VEX128	128	4	0	1	30	1	vinsertps xmm0, xmm1, [rsi], 30
movement_10513	vextractps.mem	VEX128	128	4	0	2	31	1	vextractps [rsi], xmm1, 31
movement_10514	vinsertps.mem	VEX128	128	4	0	1	31	1	vinsertps xmm0, xmm1, [rsi], 31
movement_10515	vextractps.mem	VEX128	128	4	0	2	32	1	vextractps [rsi], xmm1, 32
movement_10516	vinsertps.mem	VEX128	128	4	0	1	32	1	vinsertps xmm0, xmm1, [rsi], 32
movement_10517	vextractps.mem	VEX128	128	4	0	2	33	1	vextractps [rsi], xmm1, 33
movement_10518	vinsertps.mem	VEX128	128	4	0	1	33	1	vinsertps xmm0, xmm1, [rsi], 33
movement_10519	vextractps.mem	VEX128	128	4	0	2	34	1	vextractps [rsi], xmm1, 34
movement_10520	vinsertps.mem	VEX128	128	4	0	1	34	1	vinsertps xmm0, xmm1, [rsi], 34
movement_10521	vextractps.mem	VEX128	128	4	0	2	35	1	vextractps [rsi], xmm1, 35
movement_10522	vinsertps.mem	VEX128	128	4	0	1	35	1	vinsertps xmm0, xmm1, [rsi], 35
movement_10523	vextractps.mem	VEX128	128	4	0	2	36	1	vextractps [rsi], xmm1, 36
movement_10524	vinsertps.mem	VEX128	128	4	0	1	36	1	vinsertps xmm0, xmm1, [rsi], 36
movement_10525	vextractps.mem	VEX128	128	4	0	2	37	1	vextractps [rsi], xmm1, 37
movement_10526	vinsertps.mem	VEX128	128	4	0	1	37	1	vinsertps xmm0, xmm1, [rsi], 37
movement_10527	vextractps.mem	VEX128	128	4	0	2	38	1	vextractps [rsi], xmm1, 38
movement_10528	vinsertps.mem	VEX128	128	4	0	1	38	1	vinsertps xmm0, xmm1, [rsi], 38
movement_10529	vextractps.mem	VEX128	128	4	0	2	39	1	vextractps [rsi], xmm1, 39
movement_10530	vinsertps.mem	VEX128	128	4	0	1	39	1	vinsertps xmm0, xmm1, [rsi], 39
movement_10531	vextractps.mem	VEX128	128	4	0	2	40	1	vextractps [rsi], xmm1, 40
movement_10532	vinsertps.mem	VEX128	128	4	0	1	40	1	vinsertps xmm0, xmm1, [rsi], 40
movement_10533	vextractps.mem	VEX128	128	4	0	2	41	1	vextractps [rsi], xmm1, 41
movement_10534	vinsertps.mem	VEX128	128	4	0	1	41	1	vinsertps xmm0, xmm1, [rsi], 41
movement_10535	vextractps.mem	VEX128	128	4	0	2	42	1	vextractps [rsi], xmm1, 42
movement_10536	vinsertps.mem	VEX128	128	4	0	1	42	1	vinsertps xmm0, xmm1, [rsi], 42
movement_10537	vextractps.mem	VEX128	128	4	0	2	43	1	vextractps [rsi], xmm1, 43
movement_10538	vinsertps.mem	VEX128	128	4	0	1	43	1	vinsertps xmm0, xmm1, [rsi], 43
movement_10539	vextractps.mem	VEX128	128	4	0	2	44	1	vextractps [rsi], xmm1, 44
movement_10540	vinsertps.mem	VEX128	128	4	0	1	44	1	vinsertps xmm0, xmm1, [rsi], 44
movement_10541	vextractps.mem	VEX128	128	4	0	2	45	1	vextractps [rsi], xmm1, 45
movement_10542	vinsertps.mem	VEX128	128	4	0	1	45	1	vinsertps xmm0, xmm1, [rsi], 45
movement_10543	vextractps.mem	VEX128	128	4	0	2	46	1	vextractps [rsi], xmm1, 46
movement_10544	vinsertps.mem	VEX128	128	4	0	1	46	1	vinsertps xmm0, xmm1, [rsi], 46
movement_10545	vextractps.mem	VEX128	128	4	0	2	47	1	vextractps [rsi], xmm1, 47
movement_10546	vinsertps.mem	VEX128	128	4	0	1	47	1	vinsertps xmm0, xmm1, [rsi], 47
movement_10547	vextractps.mem	VEX128	128	4	0	2	48	1	vextractps [rsi], xmm1, 48
movement_10548	vinsertps.mem	VEX128	128	4	0	1	48	1	vinsertps xmm0, xmm1, [rsi], 48
movement_10549	vextractps.mem	VEX128	128	4	0	2	49	1	vextractps [rsi], xmm1, 49
movement_10550	vinsertps.mem	VEX128	128	4	0	1	49	1	vinsertps xmm0, xmm1, [rsi], 49
movement_10551	vextractps.mem	VEX128	128	4	0	2	50	1	vextractps [rsi], xmm1, 50
movement_10552	vinsertps.mem	VEX128	128	4	0	1	50	1	vinsertps xmm0, xmm1, [rsi], 50
movement_10553	vextractps.mem	VEX128	128	4	0	2	51	1	vextractps [rsi], xmm1, 51
movement_10554	vinsertps.mem	VEX128	128	4	0	1	51	1	vinsertps xmm0, xmm1, [rsi], 51
movement_10555	vextractps.mem	VEX128	128	4	0	2	52	1	vextractps [rsi], xmm1, 52
movement_10556	vinsertps.mem	VEX128	128	4	0	1	52	1	vinsertps xmm0, xmm1, [rsi], 52
movement_10557	vextractps.mem	VEX128	128	4	0	2	53	1	vextractps [rsi], xmm1, 53
movement_10558	vinsertps.mem	VEX128	128	4	0	1	53	1	vinsertps xmm0, xmm1, [rsi], 53
movement_10559	vextractps.mem	VEX128	128	4	0	2	54	1	vextractps [rsi], xmm1, 54
movement_10560	vinsertps.mem	VEX128	128	4	0	1	54	1	vinsertps xmm0, xmm1, [rsi], 54
movement_10561	vextractps.mem	VEX128	128	4	0	2	55	1	vextractps [rsi], xmm1, 55
movement_10562	vinsertps.mem	VEX128	128	4	0	1	55	1	vinsertps xmm0, xmm1, [rsi], 55
movement_10563	vextractps.mem	VEX128	128	4	0	2	56	1	vextractps [rsi], xmm1, 56
movement_10564	vinsertps.mem	VEX128	128	4	0	1	56	1	vinsertps xmm0, xmm1, [rsi], 56
movement_10565	vextractps.mem	VEX128	128	4	0	2	57	1	vextractps [rsi], xmm1, 57
movement_10566	vinsertps.mem	VEX128	128	4	0	1	57	1	vinsertps xmm0, xmm1, [rsi], 57
movement_10567	vextractps.mem	VEX128	128	4	0	2	58	1	vextractps [rsi], xmm1, 58
movement_10568	vinsertps.mem	VEX128	128	4	0	1	58	1	vinsertps xmm0, xmm1, [rsi], 58
movement_10569	vextractps.mem	VEX128	128	4	0	2	59	1	vextractps [rsi], xmm1, 59
movement_10570	vinsertps.mem	VEX128	128	4	0	1	59	1	vinsertps xmm0, xmm1, [rsi], 59
movement_10571	vextractps.mem	VEX128	128	4	0	2	60	1	vextractps [rsi], xmm1, 60
movement_10572	vinsertps.mem	VEX128	128	4	0	1	60	1	vinsertps xmm0, xmm1, [rsi], 60
movement_10573	vextractps.mem	VEX128	128	4	0	2	61	1	vextractps [rsi], xmm1, 61
movement_10574	vinsertps.mem	VEX128	128	4	0	1	61	1	vinsertps xmm0, xmm1, [rsi], 61
movement_10575	vextractps.mem	VEX128	128	4	0	2	62	1	vextractps [rsi], xmm1, 62
movement_10576	vinsertps.mem	VEX128	128	4	0	1	62	1	vinsertps xmm0, xmm1, [rsi], 62
movement_10577	vextractps.mem	VEX128	128	4	0	2	63	1	vextractps [rsi], xmm1, 63
movement_10578	vinsertps.mem	VEX128	128	4	0	1	63	1	vinsertps xmm0, xmm1, [rsi], 63
movement_10579	vextractps.mem	VEX128	128	4	0	2	64	1	vextractps [rsi], xmm1, 64
movement_10580	vinsertps.mem	VEX128	128	4	0	1	64	1	vinsertps xmm0, xmm1, [rsi], 64
movement_10581	vextractps.mem	VEX128	128	4	0	2	65	1	vextractps [rsi], xmm1, 65
movement_10582	vinsertps.mem	VEX128	128	4	0	1	65	1	vinsertps xmm0, xmm1, [rsi], 65
movement_10583	vextractps.mem	VEX128	128	4	0	2	66	1	vextractps [rsi], xmm1, 66
movement_10584	vinsertps.mem	VEX128	128	4	0	1	66	1	vinsertps xmm0, xmm1, [rsi], 66
movement_10585	vextractps.mem	VEX128	128	4	0	2	67	1	vextractps [rsi], xmm1, 67
movement_10586	vinsertps.mem	VEX128	128	4	0	1	67	1	vinsertps xmm0, xmm1, [rsi], 67
movement_10587	vextractps.mem	VEX128	128	4	0	2	68	1	vextractps [rsi], xmm1, 68
movement_10588	vinsertps.mem	VEX128	128	4	0	1	68	1	vinsertps xmm0, xmm1, [rsi], 68
movement_10589	vextractps.mem	VEX128	128	4	0	2	69	1	vextractps [rsi], xmm1, 69
movement_10590	vinsertps.mem	VEX128	128	4	0	1	69	1	vinsertps xmm0, xmm1, [rsi], 69
movement_10591	vextractps.mem	VEX128	128	4	0	2	70	1	vextractps [rsi], xmm1, 70
movement_10592	vinsertps.mem	VEX128	128	4	0	1	70	1	vinsertps xmm0, xmm1, [rsi], 70
movement_10593	vextractps.mem	VEX128	128	4	0	2	71	1	vextractps [rsi], xmm1, 71
movement_10594	vinsertps.mem	VEX128	128	4	0	1	71	1	vinsertps xmm0, xmm1, [rsi], 71
movement_10595	vextractps.mem	VEX128	128	4	0	2	72	1	vextractps [rsi], xmm1, 72
movement_10596	vinsertps.mem	VEX128	128	4	0	1	72	1	vinsertps xmm0, xmm1, [rsi], 72
movement_10597	vextractps.mem	VEX128	128	4	0	2	73	1	vextractps [rsi], xmm1, 73
movement_10598	vinsertps.mem	VEX128	128	4	0	1	73	1	vinsertps xmm0, xmm1, [rsi], 73
movement_10599	vextractps.mem	VEX128	128	4	0	2	74	1	vextractps [rsi], xmm1, 74
movement_10600	vinsertps.mem	VEX128	128	4	0	1	74	1	vinsertps xmm0, xmm1, [rsi], 74
movement_10601	vextractps.mem	VEX128	128	4	0	2	75	1	vextractps [rsi], xmm1, 75
movement_10602	vinsertps.mem	VEX128	128	4	0	1	75	1	vinsertps xmm0, xmm1, [rsi], 75
movement_10603	vextractps.mem	VEX128	128	4	0	2	76	1	vextractps [rsi], xmm1, 76
movement_10604	vinsertps.mem	VEX128	128	4	0	1	76	1	vinsertps xmm0, xmm1, [rsi], 76
movement_10605	vextractps.mem	VEX128	128	4	0	2	77	1	vextractps [rsi], xmm1, 77
movement_10606	vinsertps.mem	VEX128	128	4	0	1	77	1	vinsertps xmm0, xmm1, [rsi], 77
movement_10607	vextractps.mem	VEX128	128	4	0	2	78	1	vextractps [rsi], xmm1, 78
movement_10608	vinsertps.mem	VEX128	128	4	0	1	78	1	vinsertps xmm0, xmm1, [rsi], 78
movement_10609	vextractps.mem	VEX128	128	4	0	2	79	1	vextractps [rsi], xmm1, 79
movement_10610	vinsertps.mem	VEX128	128	4	0	1	79	1	vinsertps xmm0, xmm1, [rsi], 79
movement_10611	vextractps.mem	VEX128	128	4	0	2	80	1	vextractps [rsi], xmm1, 80
movement_10612	vinsertps.mem	VEX128	128	4	0	1	80	1	vinsertps xmm0, xmm1, [rsi], 80
movement_10613	vextractps.mem	VEX128	128	4	0	2	81	1	vextractps [rsi], xmm1, 81
movement_10614	vinsertps.mem	VEX128	128	4	0	1	81	1	vinsertps xmm0, xmm1, [rsi], 81
movement_10615	vextractps.mem	VEX128	128	4	0	2	82	1	vextractps [rsi], xmm1, 82
movement_10616	vinsertps.mem	VEX128	128	4	0	1	82	1	vinsertps xmm0, xmm1, [rsi], 82
movement_10617	vextractps.mem	VEX128	128	4	0	2	83	1	vextractps [rsi], xmm1, 83
movement_10618	vinsertps.mem	VEX128	128	4	0	1	83	1	vinsertps xmm0, xmm1, [rsi], 83
movement_10619	vextractps.mem	VEX128	128	4	0	2	84	1	vextractps [rsi], xmm1, 84
movement_10620	vinsertps.mem	VEX128	128	4	0	1	84	1	vinsertps xmm0, xmm1, [rsi], 84
movement_10621	vextractps.mem	VEX128	128	4	0	2	85	1	vextractps [rsi], xmm1, 85
movement_10622	vinsertps.mem	VEX128	128	4	0	1	85	1	vinsertps xmm0, xmm1, [rsi], 85
movement_10623	vextractps.mem	VEX128	128	4	0	2	86	1	vextractps [rsi], xmm1, 86
movement_10624	vinsertps.mem	VEX128	128	4	0	1	86	1	vinsertps xmm0, xmm1, [rsi], 86
movement_10625	vextractps.mem	VEX128	128	4	0	2	87	1	vextractps [rsi], xmm1, 87
movement_10626	vinsertps.mem	VEX128	128	4	0	1	87	1	vinsertps xmm0, xmm1, [rsi], 87
movement_10627	vextractps.mem	VEX128	128	4	0	2	88	1	vextractps [rsi], xmm1, 88
movement_10628	vinsertps.mem	VEX128	128	4	0	1	88	1	vinsertps xmm0, xmm1, [rsi], 88
movement_10629	vextractps.mem	VEX128	128	4	0	2	89	1	vextractps [rsi], xmm1, 89
movement_10630	vinsertps.mem	VEX128	128	4	0	1	89	1	vinsertps xmm0, xmm1, [rsi], 89
movement_10631	vextractps.mem	VEX128	128	4	0	2	90	1	vextractps [rsi], xmm1, 90
movement_10632	vinsertps.mem	VEX128	128	4	0	1	90	1	vinsertps xmm0, xmm1, [rsi], 90
movement_10633	vextractps.mem	VEX128	128	4	0	2	91	1	vextractps [rsi], xmm1, 91
movement_10634	vinsertps.mem	VEX128	128	4	0	1	91	1	vinsertps xmm0, xmm1, [rsi], 91
movement_10635	vextractps.mem	VEX128	128	4	0	2	92	1	vextractps [rsi], xmm1, 92
movement_10636	vinsertps.mem	VEX128	128	4	0	1	92	1	vinsertps xmm0, xmm1, [rsi], 92
movement_10637	vextractps.mem	VEX128	128	4	0	2	93	1	vextractps [rsi], xmm1, 93
movement_10638	vinsertps.mem	VEX128	128	4	0	1	93	1	vinsertps xmm0, xmm1, [rsi], 93
movement_10639	vextractps.mem	VEX128	128	4	0	2	94	1	vextractps [rsi], xmm1, 94
movement_10640	vinsertps.mem	VEX128	128	4	0	1	94	1	vinsertps xmm0, xmm1, [rsi], 94
movement_10641	vextractps.mem	VEX128	128	4	0	2	95	1	vextractps [rsi], xmm1, 95
movement_10642	vinsertps.mem	VEX128	128	4	0	1	95	1	vinsertps xmm0, xmm1, [rsi], 95
movement_10643	vextractps.mem	VEX128	128	4	0	2	96	1	vextractps [rsi], xmm1, 96
movement_10644	vinsertps.mem	VEX128	128	4	0	1	96	1	vinsertps xmm0, xmm1, [rsi], 96
movement_10645	vextractps.mem	VEX128	128	4	0	2	97	1	vextractps [rsi], xmm1, 97
movement_10646	vinsertps.mem	VEX128	128	4	0	1	97	1	vinsertps xmm0, xmm1, [rsi], 97
movement_10647	vextractps.mem	VEX128	128	4	0	2	98	1	vextractps [rsi], xmm1, 98
movement_10648	vinsertps.mem	VEX128	128	4	0	1	98	1	vinsertps xmm0, xmm1, [rsi], 98
movement_10649	vextractps.mem	VEX128	128	4	0	2	99	1	vextractps [rsi], xmm1, 99
movement_10650	vinsertps.mem	VEX128	128	4	0	1	99	1	vinsertps xmm0, xmm1, [rsi], 99
movement_10651	vextractps.mem	VEX128	128	4	0	2	100	1	vextractps [rsi], xmm1, 100
movement_10652	vinsertps.mem	VEX128	128	4	0	1	100	1	vinsertps xmm0, xmm1, [rsi], 100
movement_10653	vextractps.mem	VEX128	128	4	0	2	101	1	vextractps [rsi], xmm1, 101
movement_10654	vinsertps.mem	VEX128	128	4	0	1	101	1	vinsertps xmm0, xmm1, [rsi], 101
movement_10655	vextractps.mem	VEX128	128	4	0	2	102	1	vextractps [rsi], xmm1, 102
movement_10656	vinsertps.mem	VEX128	128	4	0	1	102	1	vinsertps xmm0, xmm1, [rsi], 102
movement_10657	vextractps.mem	VEX128	128	4	0	2	103	1	vextractps [rsi], xmm1, 103
movement_10658	vinsertps.mem	VEX128	128	4	0	1	103	1	vinsertps xmm0, xmm1, [rsi], 103
movement_10659	vextractps.mem	VEX128	128	4	0	2	104	1	vextractps [rsi], xmm1, 104
movement_10660	vinsertps.mem	VEX128	128	4	0	1	104	1	vinsertps xmm0, xmm1, [rsi], 104
movement_10661	vextractps.mem	VEX128	128	4	0	2	105	1	vextractps [rsi], xmm1, 105
movement_10662	vinsertps.mem	VEX128	128	4	0	1	105	1	vinsertps xmm0, xmm1, [rsi], 105
movement_10663	vextractps.mem	VEX128	128	4	0	2	106	1	vextractps [rsi], xmm1, 106
movement_10664	vinsertps.mem	VEX128	128	4	0	1	106	1	vinsertps xmm0, xmm1, [rsi], 106
movement_10665	vextractps.mem	VEX128	128	4	0	2	107	1	vextractps [rsi], xmm1, 107
movement_10666	vinsertps.mem	VEX128	128	4	0	1	107	1	vinsertps xmm0, xmm1, [rsi], 107
movement_10667	vextractps.mem	VEX128	128	4	0	2	108	1	vextractps [rsi], xmm1, 108
movement_10668	vinsertps.mem	VEX128	128	4	0	1	108	1	vinsertps xmm0, xmm1, [rsi], 108
movement_10669	vextractps.mem	VEX128	128	4	0	2	109	1	vextractps [rsi], xmm1, 109
movement_10670	vinsertps.mem	VEX128	128	4	0	1	109	1	vinsertps xmm0, xmm1, [rsi], 109
movement_10671	vextractps.mem	VEX128	128	4	0	2	110	1	vextractps [rsi], xmm1, 110
movement_10672	vinsertps.mem	VEX128	128	4	0	1	110	1	vinsertps xmm0, xmm1, [rsi], 110
movement_10673	vextractps.mem	VEX128	128	4	0	2	111	1	vextractps [rsi], xmm1, 111
movement_10674	vinsertps.mem	VEX128	128	4	0	1	111	1	vinsertps xmm0, xmm1, [rsi], 111
movement_10675	vextractps.mem	VEX128	128	4	0	2	112	1	vextractps [rsi], xmm1, 112
movement_10676	vinsertps.mem	VEX128	128	4	0	1	112	1	vinsertps xmm0, xmm1, [rsi], 112
movement_10677	vextractps.mem	VEX128	128	4	0	2	113	1	vextractps [rsi], xmm1, 113
movement_10678	vinsertps.mem	VEX128	128	4	0	1	113	1	vinsertps xmm0, xmm1, [rsi], 113
movement_10679	vextractps.mem	VEX128	128	4	0	2	114	1	vextractps [rsi], xmm1, 114
movement_10680	vinsertps.mem	VEX128	128	4	0	1	114	1	vinsertps xmm0, xmm1, [rsi], 114
movement_10681	vextractps.mem	VEX128	128	4	0	2	115	1	vextractps [rsi], xmm1, 115
movement_10682	vinsertps.mem	VEX128	128	4	0	1	115	1	vinsertps xmm0, xmm1, [rsi], 115
movement_10683	vextractps.mem	VEX128	128	4	0	2	116	1	vextractps [rsi], xmm1, 116
movement_10684	vinsertps.mem	VEX128	128	4	0	1	116	1	vinsertps xmm0, xmm1, [rsi], 116
movement_10685	vextractps.mem	VEX128	128	4	0	2	117	1	vextractps [rsi], xmm1, 117
movement_10686	vinsertps.mem	VEX128	128	4	0	1	117	1	vinsertps xmm0, xmm1, [rsi], 117
movement_10687	vextractps.mem	VEX128	128	4	0	2	118	1	vextractps [rsi], xmm1, 118
movement_10688	vinsertps.mem	VEX128	128	4	0	1	118	1	vinsertps xmm0, xmm1, [rsi], 118
movement_10689	vextractps.mem	VEX128	128	4	0	2	119	1	vextractps [rsi], xmm1, 119
movement_10690	vinsertps.mem	VEX128	128	4	0	1	119	1	vinsertps xmm0, xmm1, [rsi], 119
movement_10691	vextractps.mem	VEX128	128	4	0	2	120	1	vextractps [rsi], xmm1, 120
movement_10692	vinsertps.mem	VEX128	128	4	0	1	120	1	vinsertps xmm0, xmm1, [rsi], 120
movement_10693	vextractps.mem	VEX128	128	4	0	2	121	1	vextractps [rsi], xmm1, 121
movement_10694	vinsertps.mem	VEX128	128	4	0	1	121	1	vinsertps xmm0, xmm1, [rsi], 121
movement_10695	vextractps.mem	VEX128	128	4	0	2	122	1	vextractps [rsi], xmm1, 122
movement_10696	vinsertps.mem	VEX128	128	4	0	1	122	1	vinsertps xmm0, xmm1, [rsi], 122
movement_10697	vextractps.mem	VEX128	128	4	0	2	123	1	vextractps [rsi], xmm1, 123
movement_10698	vinsertps.mem	VEX128	128	4	0	1	123	1	vinsertps xmm0, xmm1, [rsi], 123
movement_10699	vextractps.mem	VEX128	128	4	0	2	124	1	vextractps [rsi], xmm1, 124
movement_10700	vinsertps.mem	VEX128	128	4	0	1	124	1	vinsertps xmm0, xmm1, [rsi], 124
movement_10701	vextractps.mem	VEX128	128	4	0	2	125	1	vextractps [rsi], xmm1, 125
movement_10702	vinsertps.mem	VEX128	128	4	0	1	125	1	vinsertps xmm0, xmm1, [rsi], 125
movement_10703	vextractps.mem	VEX128	128	4	0	2	126	1	vextractps [rsi], xmm1, 126
movement_10704	vinsertps.mem	VEX128	128	4	0	1	126	1	vinsertps xmm0, xmm1, [rsi], 126
movement_10705	vextractps.mem	VEX128	128	4	0	2	127	1	vextractps [rsi], xmm1, 127
movement_10706	vinsertps.mem	VEX128	128	4	0	1	127	1	vinsertps xmm0, xmm1, [rsi], 127
movement_10707	vextractps.mem	VEX128	128	4	0	2	128	1	vextractps [rsi], xmm1, 128
movement_10708	vinsertps.mem	VEX128	128	4	0	1	128	1	vinsertps xmm0, xmm1, [rsi], 128
movement_10709	vextractps.mem	VEX128	128	4	0	2	129	1	vextractps [rsi], xmm1, 129
movement_10710	vinsertps.mem	VEX128	128	4	0	1	129	1	vinsertps xmm0, xmm1, [rsi], 129
movement_10711	vextractps.mem	VEX128	128	4	0	2	130	1	vextractps [rsi], xmm1, 130
movement_10712	vinsertps.mem	VEX128	128	4	0	1	130	1	vinsertps xmm0, xmm1, [rsi], 130
movement_10713	vextractps.mem	VEX128	128	4	0	2	131	1	vextractps [rsi], xmm1, 131
movement_10714	vinsertps.mem	VEX128	128	4	0	1	131	1	vinsertps xmm0, xmm1, [rsi], 131
movement_10715	vextractps.mem	VEX128	128	4	0	2	132	1	vextractps [rsi], xmm1, 132
movement_10716	vinsertps.mem	VEX128	128	4	0	1	132	1	vinsertps xmm0, xmm1, [rsi], 132
movement_10717	vextractps.mem	VEX128	128	4	0	2	133	1	vextractps [rsi], xmm1, 133
movement_10718	vinsertps.mem	VEX128	128	4	0	1	133	1	vinsertps xmm0, xmm1, [rsi], 133
movement_10719	vextractps.mem	VEX128	128	4	0	2	134	1	vextractps [rsi], xmm1, 134
movement_10720	vinsertps.mem	VEX128	128	4	0	1	134	1	vinsertps xmm0, xmm1, [rsi], 134
movement_10721	vextractps.mem	VEX128	128	4	0	2	135	1	vextractps [rsi], xmm1, 135
movement_10722	vinsertps.mem	VEX128	128	4	0	1	135	1	vinsertps xmm0, xmm1, [rsi], 135
movement_10723	vextractps.mem	VEX128	128	4	0	2	136	1	vextractps [rsi], xmm1, 136
movement_10724	vinsertps.mem	VEX128	128	4	0	1	136	1	vinsertps xmm0, xmm1, [rsi], 136
movement_10725	vextractps.mem	VEX128	128	4	0	2	137	1	vextractps [rsi], xmm1, 137
movement_10726	vinsertps.mem	VEX128	128	4	0	1	137	1	vinsertps xmm0, xmm1, [rsi], 137
movement_10727	vextractps.mem	VEX128	128	4	0	2	138	1	vextractps [rsi], xmm1, 138
movement_10728	vinsertps.mem	VEX128	128	4	0	1	138	1	vinsertps xmm0, xmm1, [rsi], 138
movement_10729	vextractps.mem	VEX128	128	4	0	2	139	1	vextractps [rsi], xmm1, 139
movement_10730	vinsertps.mem	VEX128	128	4	0	1	139	1	vinsertps xmm0, xmm1, [rsi], 139
movement_10731	vextractps.mem	VEX128	128	4	0	2	140	1	vextractps [rsi], xmm1, 140
movement_10732	vinsertps.mem	VEX128	128	4	0	1	140	1	vinsertps xmm0, xmm1, [rsi], 140
movement_10733	vextractps.mem	VEX128	128	4	0	2	141	1	vextractps [rsi], xmm1, 141
movement_10734	vinsertps.mem	VEX128	128	4	0	1	141	1	vinsertps xmm0, xmm1, [rsi], 141
movement_10735	vextractps.mem	VEX128	128	4	0	2	142	1	vextractps [rsi], xmm1, 142
movement_10736	vinsertps.mem	VEX128	128	4	0	1	142	1	vinsertps xmm0, xmm1, [rsi], 142
movement_10737	vextractps.mem	VEX128	128	4	0	2	143	1	vextractps [rsi], xmm1, 143
movement_10738	vinsertps.mem	VEX128	128	4	0	1	143	1	vinsertps xmm0, xmm1, [rsi], 143
movement_10739	vextractps.mem	VEX128	128	4	0	2	144	1	vextractps [rsi], xmm1, 144
movement_10740	vinsertps.mem	VEX128	128	4	0	1	144	1	vinsertps xmm0, xmm1, [rsi], 144
movement_10741	vextractps.mem	VEX128	128	4	0	2	145	1	vextractps [rsi], xmm1, 145
movement_10742	vinsertps.mem	VEX128	128	4	0	1	145	1	vinsertps xmm0, xmm1, [rsi], 145
movement_10743	vextractps.mem	VEX128	128	4	0	2	146	1	vextractps [rsi], xmm1, 146
movement_10744	vinsertps.mem	VEX128	128	4	0	1	146	1	vinsertps xmm0, xmm1, [rsi], 146
movement_10745	vextractps.mem	VEX128	128	4	0	2	147	1	vextractps [rsi], xmm1, 147
movement_10746	vinsertps.mem	VEX128	128	4	0	1	147	1	vinsertps xmm0, xmm1, [rsi], 147
movement_10747	vextractps.mem	VEX128	128	4	0	2	148	1	vextractps [rsi], xmm1, 148
movement_10748	vinsertps.mem	VEX128	128	4	0	1	148	1	vinsertps xmm0, xmm1, [rsi], 148
movement_10749	vextractps.mem	VEX128	128	4	0	2	149	1	vextractps [rsi], xmm1, 149
movement_10750	vinsertps.mem	VEX128	128	4	0	1	149	1	vinsertps xmm0, xmm1, [rsi], 149
movement_10751	vextractps.mem	VEX128	128	4	0	2	150	1	vextractps [rsi], xmm1, 150
movement_10752	vinsertps.mem	VEX128	128	4	0	1	150	1	vinsertps xmm0, xmm1, [rsi], 150
movement_10753	vextractps.mem	VEX128	128	4	0	2	151	1	vextractps [rsi], xmm1, 151
movement_10754	vinsertps.mem	VEX128	128	4	0	1	151	1	vinsertps xmm0, xmm1, [rsi], 151
movement_10755	vextractps.mem	VEX128	128	4	0	2	152	1	vextractps [rsi], xmm1, 152
movement_10756	vinsertps.mem	VEX128	128	4	0	1	152	1	vinsertps xmm0, xmm1, [rsi], 152
movement_10757	vextractps.mem	VEX128	128	4	0	2	153	1	vextractps [rsi], xmm1, 153
movement_10758	vinsertps.mem	VEX128	128	4	0	1	153	1	vinsertps xmm0, xmm1, [rsi], 153
movement_10759	vextractps.mem	VEX128	128	4	0	2	154	1	vextractps [rsi], xmm1, 154
movement_10760	vinsertps.mem	VEX128	128	4	0	1	154	1	vinsertps xmm0, xmm1, [rsi], 154
movement_10761	vextractps.mem	VEX128	128	4	0	2	155	1	vextractps [rsi], xmm1, 155
movement_10762	vinsertps.mem	VEX128	128	4	0	1	155	1	vinsertps xmm0, xmm1, [rsi], 155
movement_10763	vextractps.mem	VEX128	128	4	0	2	156	1	vextractps [rsi], xmm1, 156
movement_10764	vinsertps.mem	VEX128	128	4	0	1	156	1	vinsertps xmm0, xmm1, [rsi], 156
movement_10765	vextractps.mem	VEX128	128	4	0	2	157	1	vextractps [rsi], xmm1, 157
movement_10766	vinsertps.mem	VEX128	128	4	0	1	157	1	vinsertps xmm0, xmm1, [rsi], 157
movement_10767	vextractps.mem	VEX128	128	4	0	2	158	1	vextractps [rsi], xmm1, 158
movement_10768	vinsertps.mem	VEX128	128	4	0	1	158	1	vinsertps xmm0, xmm1, [rsi], 158
movement_10769	vextractps.mem	VEX128	128	4	0	2	159	1	vextractps [rsi], xmm1, 159
movement_10770	vinsertps.mem	VEX128	128	4	0	1	159	1	vinsertps xmm0, xmm1, [rsi], 159
movement_10771	vextractps.mem	VEX128	128	4	0	2	160	1	vextractps [rsi], xmm1, 160
movement_10772	vinsertps.mem	VEX128	128	4	0	1	160	1	vinsertps xmm0, xmm1, [rsi], 160
movement_10773	vextractps.mem	VEX128	128	4	0	2	161	1	vextractps [rsi], xmm1, 161
movement_10774	vinsertps.mem	VEX128	128	4	0	1	161	1	vinsertps xmm0, xmm1, [rsi], 161
movement_10775	vextractps.mem	VEX128	128	4	0	2	162	1	vextractps [rsi], xmm1, 162
movement_10776	vinsertps.mem	VEX128	128	4	0	1	162	1	vinsertps xmm0, xmm1, [rsi], 162
movement_10777	vextractps.mem	VEX128	128	4	0	2	163	1	vextractps [rsi], xmm1, 163
movement_10778	vinsertps.mem	VEX128	128	4	0	1	163	1	vinsertps xmm0, xmm1, [rsi], 163
movement_10779	vextractps.mem	VEX128	128	4	0	2	164	1	vextractps [rsi], xmm1, 164
movement_10780	vinsertps.mem	VEX128	128	4	0	1	164	1	vinsertps xmm0, xmm1, [rsi], 164
movement_10781	vextractps.mem	VEX128	128	4	0	2	165	1	vextractps [rsi], xmm1, 165
movement_10782	vinsertps.mem	VEX128	128	4	0	1	165	1	vinsertps xmm0, xmm1, [rsi], 165
movement_10783	vextractps.mem	VEX128	128	4	0	2	166	1	vextractps [rsi], xmm1, 166
movement_10784	vinsertps.mem	VEX128	128	4	0	1	166	1	vinsertps xmm0, xmm1, [rsi], 166
movement_10785	vextractps.mem	VEX128	128	4	0	2	167	1	vextractps [rsi], xmm1, 167
movement_10786	vinsertps.mem	VEX128	128	4	0	1	167	1	vinsertps xmm0, xmm1, [rsi], 167
movement_10787	vextractps.mem	VEX128	128	4	0	2	168	1	vextractps [rsi], xmm1, 168
movement_10788	vinsertps.mem	VEX128	128	4	0	1	168	1	vinsertps xmm0, xmm1, [rsi], 168
movement_10789	vextractps.mem	VEX128	128	4	0	2	169	1	vextractps [rsi], xmm1, 169
movement_10790	vinsertps.mem	VEX128	128	4	0	1	169	1	vinsertps xmm0, xmm1, [rsi], 169
movement_10791	vextractps.mem	VEX128	128	4	0	2	170	1	vextractps [rsi], xmm1, 170
movement_10792	vinsertps.mem	VEX128	128	4	0	1	170	1	vinsertps xmm0, xmm1, [rsi], 170
movement_10793	vextractps.mem	VEX128	128	4	0	2	171	1	vextractps [rsi], xmm1, 171
movement_10794	vinsertps.mem	VEX128	128	4	0	1	171	1	vinsertps xmm0, xmm1, [rsi], 171
movement_10795	vextractps.mem	VEX128	128	4	0	2	172	1	vextractps [rsi], xmm1, 172
movement_10796	vinsertps.mem	VEX128	128	4	0	1	172	1	vinsertps xmm0, xmm1, [rsi], 172
movement_10797	vextractps.mem	VEX128	128	4	0	2	173	1	vextractps [rsi], xmm1, 173
movement_10798	vinsertps.mem	VEX128	128	4	0	1	173	1	vinsertps xmm0, xmm1, [rsi], 173
movement_10799	vextractps.mem	VEX128	128	4	0	2	174	1	vextractps [rsi], xmm1, 174
movement_10800	vinsertps.mem	VEX128	128	4	0	1	174	1	vinsertps xmm0, xmm1, [rsi], 174
movement_10801	vextractps.mem	VEX128	128	4	0	2	175	1	vextractps [rsi], xmm1, 175
movement_10802	vinsertps.mem	VEX128	128	4	0	1	175	1	vinsertps xmm0, xmm1, [rsi], 175
movement_10803	vextractps.mem	VEX128	128	4	0	2	176	1	vextractps [rsi], xmm1, 176
movement_10804	vinsertps.mem	VEX128	128	4	0	1	176	1	vinsertps xmm0, xmm1, [rsi], 176
movement_10805	vextractps.mem	VEX128	128	4	0	2	177	1	vextractps [rsi], xmm1, 177
movement_10806	vinsertps.mem	VEX128	128	4	0	1	177	1	vinsertps xmm0, xmm1, [rsi], 177
movement_10807	vextractps.mem	VEX128	128	4	0	2	178	1	vextractps [rsi], xmm1, 178
movement_10808	vinsertps.mem	VEX128	128	4	0	1	178	1	vinsertps xmm0, xmm1, [rsi], 178
movement_10809	vextractps.mem	VEX128	128	4	0	2	179	1	vextractps [rsi], xmm1, 179
movement_10810	vinsertps.mem	VEX128	128	4	0	1	179	1	vinsertps xmm0, xmm1, [rsi], 179
movement_10811	vextractps.mem	VEX128	128	4	0	2	180	1	vextractps [rsi], xmm1, 180
movement_10812	vinsertps.mem	VEX128	128	4	0	1	180	1	vinsertps xmm0, xmm1, [rsi], 180
movement_10813	vextractps.mem	VEX128	128	4	0	2	181	1	vextractps [rsi], xmm1, 181
movement_10814	vinsertps.mem	VEX128	128	4	0	1	181	1	vinsertps xmm0, xmm1, [rsi], 181
movement_10815	vextractps.mem	VEX128	128	4	0	2	182	1	vextractps [rsi], xmm1, 182
movement_10816	vinsertps.mem	VEX128	128	4	0	1	182	1	vinsertps xmm0, xmm1, [rsi], 182
movement_10817	vextractps.mem	VEX128	128	4	0	2	183	1	vextractps [rsi], xmm1, 183
movement_10818	vinsertps.mem	VEX128	128	4	0	1	183	1	vinsertps xmm0, xmm1, [rsi], 183
movement_10819	vextractps.mem	VEX128	128	4	0	2	184	1	vextractps [rsi], xmm1, 184
movement_10820	vinsertps.mem	VEX128	128	4	0	1	184	1	vinsertps xmm0, xmm1, [rsi], 184
movement_10821	vextractps.mem	VEX128	128	4	0	2	185	1	vextractps [rsi], xmm1, 185
movement_10822	vinsertps.mem	VEX128	128	4	0	1	185	1	vinsertps xmm0, xmm1, [rsi], 185
movement_10823	vextractps.mem	VEX128	128	4	0	2	186	1	vextractps [rsi], xmm1, 186
movement_10824	vinsertps.mem	VEX128	128	4	0	1	186	1	vinsertps xmm0, xmm1, [rsi], 186
movement_10825	vextractps.mem	VEX128	128	4	0	2	187	1	vextractps [rsi], xmm1, 187
movement_10826	vinsertps.mem	VEX128	128	4	0	1	187	1	vinsertps xmm0, xmm1, [rsi], 187
movement_10827	vextractps.mem	VEX128	128	4	0	2	188	1	vextractps [rsi], xmm1, 188
movement_10828	vinsertps.mem	VEX128	128	4	0	1	188	1	vinsertps xmm0, xmm1, [rsi], 188
movement_10829	vextractps.mem	VEX128	128	4	0	2	189	1	vextractps [rsi], xmm1, 189
movement_10830	vinsertps.mem	VEX128	128	4	0	1	189	1	vinsertps xmm0, xmm1, [rsi], 189
movement_10831	vextractps.mem	VEX128	128	4	0	2	190	1	vextractps [rsi], xmm1, 190
movement_10832	vinsertps.mem	VEX128	128	4	0	1	190	1	vinsertps xmm0, xmm1, [rsi], 190
movement_10833	vextractps.mem	VEX128	128	4	0	2	191	1	vextractps [rsi], xmm1, 191
movement_10834	vinsertps.mem	VEX128	128	4	0	1	191	1	vinsertps xmm0, xmm1, [rsi], 191
movement_10835	vextractps.mem	VEX128	128	4	0	2	192	1	vextractps [rsi], xmm1, 192
movement_10836	vinsertps.mem	VEX128	128	4	0	1	192	1	vinsertps xmm0, xmm1, [rsi], 192
movement_10837	vextractps.mem	VEX128	128	4	0	2	193	1	vextractps [rsi], xmm1, 193
movement_10838	vinsertps.mem	VEX128	128	4	0	1	193	1	vinsertps xmm0, xmm1, [rsi], 193
movement_10839	vextractps.mem	VEX128	128	4	0	2	194	1	vextractps [rsi], xmm1, 194
movement_10840	vinsertps.mem	VEX128	128	4	0	1	194	1	vinsertps xmm0, xmm1, [rsi], 194
movement_10841	vextractps.mem	VEX128	128	4	0	2	195	1	vextractps [rsi], xmm1, 195
movement_10842	vinsertps.mem	VEX128	128	4	0	1	195	1	vinsertps xmm0, xmm1, [rsi], 195
movement_10843	vextractps.mem	VEX128	128	4	0	2	196	1	vextractps [rsi], xmm1, 196
movement_10844	vinsertps.mem	VEX128	128	4	0	1	196	1	vinsertps xmm0, xmm1, [rsi], 196
movement_10845	vextractps.mem	VEX128	128	4	0	2	197	1	vextractps [rsi], xmm1, 197
movement_10846	vinsertps.mem	VEX128	128	4	0	1	197	1	vinsertps xmm0, xmm1, [rsi], 197
movement_10847	vextractps.mem	VEX128	128	4	0	2	198	1	vextractps [rsi], xmm1, 198
movement_10848	vinsertps.mem	VEX128	128	4	0	1	198	1	vinsertps xmm0, xmm1, [rsi], 198
movement_10849	vextractps.mem	VEX128	128	4	0	2	199	1	vextractps [rsi], xmm1, 199
movement_10850	vinsertps.mem	VEX128	128	4	0	1	199	1	vinsertps xmm0, xmm1, [rsi], 199
movement_10851	vextractps.mem	VEX128	128	4	0	2	200	1	vextractps [rsi], xmm1, 200
movement_10852	vinsertps.mem	VEX128	128	4	0	1	200	1	vinsertps xmm0, xmm1, [rsi], 200
movement_10853	vextractps.mem	VEX128	128	4	0	2	201	1	vextractps [rsi], xmm1, 201
movement_10854	vinsertps.mem	VEX128	128	4	0	1	201	1	vinsertps xmm0, xmm1, [rsi], 201
movement_10855	vextractps.mem	VEX128	128	4	0	2	202	1	vextractps [rsi], xmm1, 202
movement_10856	vinsertps.mem	VEX128	128	4	0	1	202	1	vinsertps xmm0, xmm1, [rsi], 202
movement_10857	vextractps.mem	VEX128	128	4	0	2	203	1	vextractps [rsi], xmm1, 203
movement_10858	vinsertps.mem	VEX128	128	4	0	1	203	1	vinsertps xmm0, xmm1, [rsi], 203
movement_10859	vextractps.mem	VEX128	128	4	0	2	204	1	vextractps [rsi], xmm1, 204
movement_10860	vinsertps.mem	VEX128	128	4	0	1	204	1	vinsertps xmm0, xmm1, [rsi], 204
movement_10861	vextractps.mem	VEX128	128	4	0	2	205	1	vextractps [rsi], xmm1, 205
movement_10862	vinsertps.mem	VEX128	128	4	0	1	205	1	vinsertps xmm0, xmm1, [rsi], 205
movement_10863	vextractps.mem	VEX128	128	4	0	2	206	1	vextractps [rsi], xmm1, 206
movement_10864	vinsertps.mem	VEX128	128	4	0	1	206	1	vinsertps xmm0, xmm1, [rsi], 206
movement_10865	vextractps.mem	VEX128	128	4	0	2	207	1	vextractps [rsi], xmm1, 207
movement_10866	vinsertps.mem	VEX128	128	4	0	1	207	1	vinsertps xmm0, xmm1, [rsi], 207
movement_10867	vextractps.mem	VEX128	128	4	0	2	208	1	vextractps [rsi], xmm1, 208
movement_10868	vinsertps.mem	VEX128	128	4	0	1	208	1	vinsertps xmm0, xmm1, [rsi], 208
movement_10869	vextractps.mem	VEX128	128	4	0	2	209	1	vextractps [rsi], xmm1, 209
movement_10870	vinsertps.mem	VEX128	128	4	0	1	209	1	vinsertps xmm0, xmm1, [rsi], 209
movement_10871	vextractps.mem	VEX128	128	4	0	2	210	1	vextractps [rsi], xmm1, 210
movement_10872	vinsertps.mem	VEX128	128	4	0	1	210	1	vinsertps xmm0, xmm1, [rsi], 210
movement_10873	vextractps.mem	VEX128	128	4	0	2	211	1	vextractps [rsi], xmm1, 211
movement_10874	vinsertps.mem	VEX128	128	4	0	1	211	1	vinsertps xmm0, xmm1, [rsi], 211
movement_10875	vextractps.mem	VEX128	128	4	0	2	212	1	vextractps [rsi], xmm1, 212
movement_10876	vinsertps.mem	VEX128	128	4	0	1	212	1	vinsertps xmm0, xmm1, [rsi], 212
movement_10877	vextractps.mem	VEX128	128	4	0	2	213	1	vextractps [rsi], xmm1, 213
movement_10878	vinsertps.mem	VEX128	128	4	0	1	213	1	vinsertps xmm0, xmm1, [rsi], 213
movement_10879	vextractps.mem	VEX128	128	4	0	2	214	1	vextractps [rsi], xmm1, 214
movement_10880	vinsertps.mem	VEX128	128	4	0	1	214	1	vinsertps xmm0, xmm1, [rsi], 214
movement_10881	vextractps.mem	VEX128	128	4	0	2	215	1	vextractps [rsi], xmm1, 215
movement_10882	vinsertps.mem	VEX128	128	4	0	1	215	1	vinsertps xmm0, xmm1, [rsi], 215
movement_10883	vextractps.mem	VEX128	128	4	0	2	216	1	vextractps [rsi], xmm1, 216
movement_10884	vinsertps.mem	VEX128	128	4	0	1	216	1	vinsertps xmm0, xmm1, [rsi], 216
movement_10885	vextractps.mem	VEX128	128	4	0	2	217	1	vextractps [rsi], xmm1, 217
movement_10886	vinsertps.mem	VEX128	128	4	0	1	217	1	vinsertps xmm0, xmm1, [rsi], 217
movement_10887	vextractps.mem	VEX128	128	4	0	2	218	1	vextractps [rsi], xmm1, 218
movement_10888	vinsertps.mem	VEX128	128	4	0	1	218	1	vinsertps xmm0, xmm1, [rsi], 218
movement_10889	vextractps.mem	VEX128	128	4	0	2	219	1	vextractps [rsi], xmm1, 219
movement_10890	vinsertps.mem	VEX128	128	4	0	1	219	1	vinsertps xmm0, xmm1, [rsi], 219
movement_10891	vextractps.mem	VEX128	128	4	0	2	220	1	vextractps [rsi], xmm1, 220
movement_10892	vinsertps.mem	VEX128	128	4	0	1	220	1	vinsertps xmm0, xmm1, [rsi], 220
movement_10893	vextractps.mem	VEX128	128	4	0	2	221	1	vextractps [rsi], xmm1, 221
movement_10894	vinsertps.mem	VEX128	128	4	0	1	221	1	vinsertps xmm0, xmm1, [rsi], 221
movement_10895	vextractps.mem	VEX128	128	4	0	2	222	1	vextractps [rsi], xmm1, 222
movement_10896	vinsertps.mem	VEX128	128	4	0	1	222	1	vinsertps xmm0, xmm1, [rsi], 222
movement_10897	vextractps.mem	VEX128	128	4	0	2	223	1	vextractps [rsi], xmm1, 223
movement_10898	vinsertps.mem	VEX128	128	4	0	1	223	1	vinsertps xmm0, xmm1, [rsi], 223
movement_10899	vextractps.mem	VEX128	128	4	0	2	224	1	vextractps [rsi], xmm1, 224
movement_10900	vinsertps.mem	VEX128	128	4	0	1	224	1	vinsertps xmm0, xmm1, [rsi], 224
movement_10901	vextractps.mem	VEX128	128	4	0	2	225	1	vextractps [rsi], xmm1, 225
movement_10902	vinsertps.mem	VEX128	128	4	0	1	225	1	vinsertps xmm0, xmm1, [rsi], 225
movement_10903	vextractps.mem	VEX128	128	4	0	2	226	1	vextractps [rsi], xmm1, 226
movement_10904	vinsertps.mem	VEX128	128	4	0	1	226	1	vinsertps xmm0, xmm1, [rsi], 226
movement_10905	vextractps.mem	VEX128	128	4	0	2	227	1	vextractps [rsi], xmm1, 227
movement_10906	vinsertps.mem	VEX128	128	4	0	1	227	1	vinsertps xmm0, xmm1, [rsi], 227
movement_10907	vextractps.mem	VEX128	128	4	0	2	228	1	vextractps [rsi], xmm1, 228
movement_10908	vinsertps.mem	VEX128	128	4	0	1	228	1	vinsertps xmm0, xmm1, [rsi], 228
movement_10909	vextractps.mem	VEX128	128	4	0	2	229	1	vextractps [rsi], xmm1, 229
movement_10910	vinsertps.mem	VEX128	128	4	0	1	229	1	vinsertps xmm0, xmm1, [rsi], 229
movement_10911	vextractps.mem	VEX128	128	4	0	2	230	1	vextractps [rsi], xmm1, 230
movement_10912	vinsertps.mem	VEX128	128	4	0	1	230	1	vinsertps xmm0, xmm1, [rsi], 230
movement_10913	vextractps.mem	VEX128	128	4	0	2	231	1	vextractps [rsi], xmm1, 231
movement_10914	vinsertps.mem	VEX128	128	4	0	1	231	1	vinsertps xmm0, xmm1, [rsi], 231
movement_10915	vextractps.mem	VEX128	128	4	0	2	232	1	vextractps [rsi], xmm1, 232
movement_10916	vinsertps.mem	VEX128	128	4	0	1	232	1	vinsertps xmm0, xmm1, [rsi], 232
movement_10917	vextractps.mem	VEX128	128	4	0	2	233	1	vextractps [rsi], xmm1, 233
movement_10918	vinsertps.mem	VEX128	128	4	0	1	233	1	vinsertps xmm0, xmm1, [rsi], 233
movement_10919	vextractps.mem	VEX128	128	4	0	2	234	1	vextractps [rsi], xmm1, 234
movement_10920	vinsertps.mem	VEX128	128	4	0	1	234	1	vinsertps xmm0, xmm1, [rsi], 234
movement_10921	vextractps.mem	VEX128	128	4	0	2	235	1	vextractps [rsi], xmm1, 235
movement_10922	vinsertps.mem	VEX128	128	4	0	1	235	1	vinsertps xmm0, xmm1, [rsi], 235
movement_10923	vextractps.mem	VEX128	128	4	0	2	236	1	vextractps [rsi], xmm1, 236
movement_10924	vinsertps.mem	VEX128	128	4	0	1	236	1	vinsertps xmm0, xmm1, [rsi], 236
movement_10925	vextractps.mem	VEX128	128	4	0	2	237	1	vextractps [rsi], xmm1, 237
movement_10926	vinsertps.mem	VEX128	128	4	0	1	237	1	vinsertps xmm0, xmm1, [rsi], 237
movement_10927	vextractps.mem	VEX128	128	4	0	2	238	1	vextractps [rsi], xmm1, 238
movement_10928	vinsertps.mem	VEX128	128	4	0	1	238	1	vinsertps xmm0, xmm1, [rsi], 238
movement_10929	vextractps.mem	VEX128	128	4	0	2	239	1	vextractps [rsi], xmm1, 239
movement_10930	vinsertps.mem	VEX128	128	4	0	1	239	1	vinsertps xmm0, xmm1, [rsi], 239
movement_10931	vextractps.mem	VEX128	128	4	0	2	240	1	vextractps [rsi], xmm1, 240
movement_10932	vinsertps.mem	VEX128	128	4	0	1	240	1	vinsertps xmm0, xmm1, [rsi], 240
movement_10933	vextractps.mem	VEX128	128	4	0	2	241	1	vextractps [rsi], xmm1, 241
movement_10934	vinsertps.mem	VEX128	128	4	0	1	241	1	vinsertps xmm0, xmm1, [rsi], 241
movement_10935	vextractps.mem	VEX128	128	4	0	2	242	1	vextractps [rsi], xmm1, 242
movement_10936	vinsertps.mem	VEX128	128	4	0	1	242	1	vinsertps xmm0, xmm1, [rsi], 242
movement_10937	vextractps.mem	VEX128	128	4	0	2	243	1	vextractps [rsi], xmm1, 243
movement_10938	vinsertps.mem	VEX128	128	4	0	1	243	1	vinsertps xmm0, xmm1, [rsi], 243
movement_10939	vextractps.mem	VEX128	128	4	0	2	244	1	vextractps [rsi], xmm1, 244
movement_10940	vinsertps.mem	VEX128	128	4	0	1	244	1	vinsertps xmm0, xmm1, [rsi], 244
movement_10941	vextractps.mem	VEX128	128	4	0	2	245	1	vextractps [rsi], xmm1, 245
movement_10942	vinsertps.mem	VEX128	128	4	0	1	245	1	vinsertps xmm0, xmm1, [rsi], 245
movement_10943	vextractps.mem	VEX128	128	4	0	2	246	1	vextractps [rsi], xmm1, 246
movement_10944	vinsertps.mem	VEX128	128	4	0	1	246	1	vinsertps xmm0, xmm1, [rsi], 246
movement_10945	vextractps.mem	VEX128	128	4	0	2	247	1	vextractps [rsi], xmm1, 247
movement_10946	vinsertps.mem	VEX128	128	4	0	1	247	1	vinsertps xmm0, xmm1, [rsi], 247
movement_10947	vextractps.mem	VEX128	128	4	0	2	248	1	vextractps [rsi], xmm1, 248
movement_10948	vinsertps.mem	VEX128	128	4	0	1	248	1	vinsertps xmm0, xmm1, [rsi], 248
movement_10949	vextractps.mem	VEX128	128	4	0	2	249	1	vextractps [rsi], xmm1, 249
movement_10950	vinsertps.mem	VEX128	128	4	0	1	249	1	vinsertps xmm0, xmm1, [rsi], 249
movement_10951	vextractps.mem	VEX128	128	4	0	2	250	1	vextractps [rsi], xmm1, 250
movement_10952	vinsertps.mem	VEX128	128	4	0	1	250	1	vinsertps xmm0, xmm1, [rsi], 250
movement_10953	vextractps.mem	VEX128	128	4	0	2	251	1	vextractps [rsi], xmm1, 251
movement_10954	vinsertps.mem	VEX128	128	4	0	1	251	1	vinsertps xmm0, xmm1, [rsi], 251
movement_10955	vextractps.mem	VEX128	128	4	0	2	252	1	vextractps [rsi], xmm1, 252
movement_10956	vinsertps.mem	VEX128	128	4	0	1	252	1	vinsertps xmm0, xmm1, [rsi], 252
movement_10957	vextractps.mem	VEX128	128	4	0	2	253	1	vextractps [rsi], xmm1, 253
movement_10958	vinsertps.mem	VEX128	128	4	0	1	253	1	vinsertps xmm0, xmm1, [rsi], 253
movement_10959	vextractps.mem	VEX128	128	4	0	2	254	1	vextractps [rsi], xmm1, 254
movement_10960	vinsertps.mem	VEX128	128	4	0	1	254	1	vinsertps xmm0, xmm1, [rsi], 254
movement_10961	vextractps.mem	VEX128	128	4	0	2	255	1	vextractps [rsi], xmm1, 255
movement_10962	vinsertps.mem	VEX128	128	4	0	1	255	1	vinsertps xmm0, xmm1, [rsi], 255
movement_10963	vbroadcastss.reg	VEX128	128	4	0	0	-1	1	vbroadcastss xmm0, xmm1
movement_10964	vbroadcastss.load	VEX128	128	4	0	1	-1	1	vbroadcastss xmm0, [rsi]
movement_10965	vbroadcastss.reg	VEX256	256	4	0	0	-1	1	vbroadcastss ymm0, xmm1
movement_10966	vbroadcastss.load	VEX256	256	4	0	1	-1	1	vbroadcastss ymm0, [rsi]
movement_10967	vbroadcastsd.reg	VEX256	256	8	0	0	-1	1	vbroadcastsd ymm0, xmm1
movement_10968	vbroadcastsd.load	VEX256	256	8	0	1	-1	1	vbroadcastsd ymm0, [rsi]
movement_10969	vbroadcastf128.load	VEX256	256	16	0	1	-1	1	vbroadcastf128 ymm0, [rsi]
movement_10970	vbroadcasti128.load	VEX256	256	16	0	1	-1	1	vbroadcasti128 ymm0, [rsi]
movement_10971	vpbroadcastb.reg	VEX128	128	1	0	0	-1	1	vpbroadcastb xmm0, xmm1
movement_10972	vpbroadcastb.load	VEX128	128	1	0	1	-1	1	vpbroadcastb xmm0, [rsi]
movement_10973	vpbroadcastb.reg	VEX256	256	1	0	0	-1	1	vpbroadcastb ymm0, xmm1
movement_10974	vpbroadcastb.load	VEX256	256	1	0	1	-1	1	vpbroadcastb ymm0, [rsi]
movement_10975	vpbroadcastw.reg	VEX128	128	2	0	0	-1	1	vpbroadcastw xmm0, xmm1
movement_10976	vpbroadcastw.load	VEX128	128	2	0	1	-1	1	vpbroadcastw xmm0, [rsi]
movement_10977	vpbroadcastw.reg	VEX256	256	2	0	0	-1	1	vpbroadcastw ymm0, xmm1
movement_10978	vpbroadcastw.load	VEX256	256	2	0	1	-1	1	vpbroadcastw ymm0, [rsi]
movement_10979	vpbroadcastd.reg	VEX128	128	4	0	0	-1	1	vpbroadcastd xmm0, xmm1
movement_10980	vpbroadcastd.load	VEX128	128	4	0	1	-1	1	vpbroadcastd xmm0, [rsi]
movement_10981	vpbroadcastd.reg	VEX256	256	4	0	0	-1	1	vpbroadcastd ymm0, xmm1
movement_10982	vpbroadcastd.load	VEX256	256	4	0	1	-1	1	vpbroadcastd ymm0, [rsi]
movement_10983	vpbroadcastq.reg	VEX128	128	8	0	0	-1	1	vpbroadcastq xmm0, xmm1
movement_10984	vpbroadcastq.load	VEX128	128	8	0	1	-1	1	vpbroadcastq xmm0, [rsi]
movement_10985	vpbroadcastq.reg	VEX256	256	8	0	0	-1	1	vpbroadcastq ymm0, xmm1
movement_10986	vpbroadcastq.load	VEX256	256	8	0	1	-1	1	vpbroadcastq ymm0, [rsi]
movement_10987	vextractf128.reg	VEX256	256	16	0	0	0	1	vextractf128 xmm0, ymm1, 0
movement_10988	vinsertf128.reg	VEX256	256	16	0	0	0	1	vinsertf128 ymm0, ymm1, xmm2, 0
movement_10989	vextractf128.mem	VEX256	256	16	0	2	0	1	vextractf128 [rsi], ymm1, 0
movement_10990	vinsertf128.mem	VEX256	256	16	0	1	0	1	vinsertf128 ymm0, ymm1, [rsi], 0
movement_10991	vextractf128.reg	VEX256	256	16	0	0	1	1	vextractf128 xmm0, ymm1, 1
movement_10992	vinsertf128.reg	VEX256	256	16	0	0	1	1	vinsertf128 ymm0, ymm1, xmm2, 1
movement_10993	vextractf128.mem	VEX256	256	16	0	2	1	1	vextractf128 [rsi], ymm1, 1
movement_10994	vinsertf128.mem	VEX256	256	16	0	1	1	1	vinsertf128 ymm0, ymm1, [rsi], 1
movement_10995	vextractf128.reg	VEX256	256	16	0	0	2	1	vextractf128 xmm0, ymm1, 2
movement_10996	vinsertf128.reg	VEX256	256	16	0	0	2	1	vinsertf128 ymm0, ymm1, xmm2, 2
movement_10997	vextractf128.mem	VEX256	256	16	0	2	2	1	vextractf128 [rsi], ymm1, 2
movement_10998	vinsertf128.mem	VEX256	256	16	0	1	2	1	vinsertf128 ymm0, ymm1, [rsi], 2
movement_10999	vextractf128.reg	VEX256	256	16	0	0	3	1	vextractf128 xmm0, ymm1, 3
movement_11000	vinsertf128.reg	VEX256	256	16	0	0	3	1	vinsertf128 ymm0, ymm1, xmm2, 3
movement_11001	vextractf128.mem	VEX256	256	16	0	2	3	1	vextractf128 [rsi], ymm1, 3
movement_11002	vinsertf128.mem	VEX256	256	16	0	1	3	1	vinsertf128 ymm0, ymm1, [rsi], 3
movement_11003	vextractf128.reg	VEX256	256	16	0	0	4	1	vextractf128 xmm0, ymm1, 4
movement_11004	vinsertf128.reg	VEX256	256	16	0	0	4	1	vinsertf128 ymm0, ymm1, xmm2, 4
movement_11005	vextractf128.mem	VEX256	256	16	0	2	4	1	vextractf128 [rsi], ymm1, 4
movement_11006	vinsertf128.mem	VEX256	256	16	0	1	4	1	vinsertf128 ymm0, ymm1, [rsi], 4
movement_11007	vextractf128.reg	VEX256	256	16	0	0	5	1	vextractf128 xmm0, ymm1, 5
movement_11008	vinsertf128.reg	VEX256	256	16	0	0	5	1	vinsertf128 ymm0, ymm1, xmm2, 5
movement_11009	vextractf128.mem	VEX256	256	16	0	2	5	1	vextractf128 [rsi], ymm1, 5
movement_11010	vinsertf128.mem	VEX256	256	16	0	1	5	1	vinsertf128 ymm0, ymm1, [rsi], 5
movement_11011	vextractf128.reg	VEX256	256	16	0	0	6	1	vextractf128 xmm0, ymm1, 6
movement_11012	vinsertf128.reg	VEX256	256	16	0	0	6	1	vinsertf128 ymm0, ymm1, xmm2, 6
movement_11013	vextractf128.mem	VEX256	256	16	0	2	6	1	vextractf128 [rsi], ymm1, 6
movement_11014	vinsertf128.mem	VEX256	256	16	0	1	6	1	vinsertf128 ymm0, ymm1, [rsi], 6
movement_11015	vextractf128.reg	VEX256	256	16	0	0	7	1	vextractf128 xmm0, ymm1, 7
movement_11016	vinsertf128.reg	VEX256	256	16	0	0	7	1	vinsertf128 ymm0, ymm1, xmm2, 7
movement_11017	vextractf128.mem	VEX256	256	16	0	2	7	1	vextractf128 [rsi], ymm1, 7
movement_11018	vinsertf128.mem	VEX256	256	16	0	1	7	1	vinsertf128 ymm0, ymm1, [rsi], 7
movement_11019	vextractf128.reg	VEX256	256	16	0	0	8	1	vextractf128 xmm0, ymm1, 8
movement_11020	vinsertf128.reg	VEX256	256	16	0	0	8	1	vinsertf128 ymm0, ymm1, xmm2, 8
movement_11021	vextractf128.mem	VEX256	256	16	0	2	8	1	vextractf128 [rsi], ymm1, 8
movement_11022	vinsertf128.mem	VEX256	256	16	0	1	8	1	vinsertf128 ymm0, ymm1, [rsi], 8
movement_11023	vextractf128.reg	VEX256	256	16	0	0	9	1	vextractf128 xmm0, ymm1, 9
movement_11024	vinsertf128.reg	VEX256	256	16	0	0	9	1	vinsertf128 ymm0, ymm1, xmm2, 9
movement_11025	vextractf128.mem	VEX256	256	16	0	2	9	1	vextractf128 [rsi], ymm1, 9
movement_11026	vinsertf128.mem	VEX256	256	16	0	1	9	1	vinsertf128 ymm0, ymm1, [rsi], 9
movement_11027	vextractf128.reg	VEX256	256	16	0	0	10	1	vextractf128 xmm0, ymm1, 10
movement_11028	vinsertf128.reg	VEX256	256	16	0	0	10	1	vinsertf128 ymm0, ymm1, xmm2, 10
movement_11029	vextractf128.mem	VEX256	256	16	0	2	10	1	vextractf128 [rsi], ymm1, 10
movement_11030	vinsertf128.mem	VEX256	256	16	0	1	10	1	vinsertf128 ymm0, ymm1, [rsi], 10
movement_11031	vextractf128.reg	VEX256	256	16	0	0	11	1	vextractf128 xmm0, ymm1, 11
movement_11032	vinsertf128.reg	VEX256	256	16	0	0	11	1	vinsertf128 ymm0, ymm1, xmm2, 11
movement_11033	vextractf128.mem	VEX256	256	16	0	2	11	1	vextractf128 [rsi], ymm1, 11
movement_11034	vinsertf128.mem	VEX256	256	16	0	1	11	1	vinsertf128 ymm0, ymm1, [rsi], 11
movement_11035	vextractf128.reg	VEX256	256	16	0	0	12	1	vextractf128 xmm0, ymm1, 12
movement_11036	vinsertf128.reg	VEX256	256	16	0	0	12	1	vinsertf128 ymm0, ymm1, xmm2, 12
movement_11037	vextractf128.mem	VEX256	256	16	0	2	12	1	vextractf128 [rsi], ymm1, 12
movement_11038	vinsertf128.mem	VEX256	256	16	0	1	12	1	vinsertf128 ymm0, ymm1, [rsi], 12
movement_11039	vextractf128.reg	VEX256	256	16	0	0	13	1	vextractf128 xmm0, ymm1, 13
movement_11040	vinsertf128.reg	VEX256	256	16	0	0	13	1	vinsertf128 ymm0, ymm1, xmm2, 13
movement_11041	vextractf128.mem	VEX256	256	16	0	2	13	1	vextractf128 [rsi], ymm1, 13
movement_11042	vinsertf128.mem	VEX256	256	16	0	1	13	1	vinsertf128 ymm0, ymm1, [rsi], 13
movement_11043	vextractf128.reg	VEX256	256	16	0	0	14	1	vextractf128 xmm0, ymm1, 14
movement_11044	vinsertf128.reg	VEX256	256	16	0	0	14	1	vinsertf128 ymm0, ymm1, xmm2, 14
movement_11045	vextractf128.mem	VEX256	256	16	0	2	14	1	vextractf128 [rsi], ymm1, 14
movement_11046	vinsertf128.mem	VEX256	256	16	0	1	14	1	vinsertf128 ymm0, ymm1, [rsi], 14
movement_11047	vextractf128.reg	VEX256	256	16	0	0	15	1	vextractf128 xmm0, ymm1, 15
movement_11048	vinsertf128.reg	VEX256	256	16	0	0	15	1	vinsertf128 ymm0, ymm1, xmm2, 15
movement_11049	vextractf128.mem	VEX256	256	16	0	2	15	1	vextractf128 [rsi], ymm1, 15
movement_11050	vinsertf128.mem	VEX256	256	16	0	1	15	1	vinsertf128 ymm0, ymm1, [rsi], 15
movement_11051	vextractf128.reg	VEX256	256	16	0	0	16	1	vextractf128 xmm0, ymm1, 16
movement_11052	vinsertf128.reg	VEX256	256	16	0	0	16	1	vinsertf128 ymm0, ymm1, xmm2, 16
movement_11053	vextractf128.mem	VEX256	256	16	0	2	16	1	vextractf128 [rsi], ymm1, 16
movement_11054	vinsertf128.mem	VEX256	256	16	0	1	16	1	vinsertf128 ymm0, ymm1, [rsi], 16
movement_11055	vextractf128.reg	VEX256	256	16	0	0	17	1	vextractf128 xmm0, ymm1, 17
movement_11056	vinsertf128.reg	VEX256	256	16	0	0	17	1	vinsertf128 ymm0, ymm1, xmm2, 17
movement_11057	vextractf128.mem	VEX256	256	16	0	2	17	1	vextractf128 [rsi], ymm1, 17
movement_11058	vinsertf128.mem	VEX256	256	16	0	1	17	1	vinsertf128 ymm0, ymm1, [rsi], 17
movement_11059	vextractf128.reg	VEX256	256	16	0	0	18	1	vextractf128 xmm0, ymm1, 18
movement_11060	vinsertf128.reg	VEX256	256	16	0	0	18	1	vinsertf128 ymm0, ymm1, xmm2, 18
movement_11061	vextractf128.mem	VEX256	256	16	0	2	18	1	vextractf128 [rsi], ymm1, 18
movement_11062	vinsertf128.mem	VEX256	256	16	0	1	18	1	vinsertf128 ymm0, ymm1, [rsi], 18
movement_11063	vextractf128.reg	VEX256	256	16	0	0	19	1	vextractf128 xmm0, ymm1, 19
movement_11064	vinsertf128.reg	VEX256	256	16	0	0	19	1	vinsertf128 ymm0, ymm1, xmm2, 19
movement_11065	vextractf128.mem	VEX256	256	16	0	2	19	1	vextractf128 [rsi], ymm1, 19
movement_11066	vinsertf128.mem	VEX256	256	16	0	1	19	1	vinsertf128 ymm0, ymm1, [rsi], 19
movement_11067	vextractf128.reg	VEX256	256	16	0	0	20	1	vextractf128 xmm0, ymm1, 20
movement_11068	vinsertf128.reg	VEX256	256	16	0	0	20	1	vinsertf128 ymm0, ymm1, xmm2, 20
movement_11069	vextractf128.mem	VEX256	256	16	0	2	20	1	vextractf128 [rsi], ymm1, 20
movement_11070	vinsertf128.mem	VEX256	256	16	0	1	20	1	vinsertf128 ymm0, ymm1, [rsi], 20
movement_11071	vextractf128.reg	VEX256	256	16	0	0	21	1	vextractf128 xmm0, ymm1, 21
movement_11072	vinsertf128.reg	VEX256	256	16	0	0	21	1	vinsertf128 ymm0, ymm1, xmm2, 21
movement_11073	vextractf128.mem	VEX256	256	16	0	2	21	1	vextractf128 [rsi], ymm1, 21
movement_11074	vinsertf128.mem	VEX256	256	16	0	1	21	1	vinsertf128 ymm0, ymm1, [rsi], 21
movement_11075	vextractf128.reg	VEX256	256	16	0	0	22	1	vextractf128 xmm0, ymm1, 22
movement_11076	vinsertf128.reg	VEX256	256	16	0	0	22	1	vinsertf128 ymm0, ymm1, xmm2, 22
movement_11077	vextractf128.mem	VEX256	256	16	0	2	22	1	vextractf128 [rsi], ymm1, 22
movement_11078	vinsertf128.mem	VEX256	256	16	0	1	22	1	vinsertf128 ymm0, ymm1, [rsi], 22
movement_11079	vextractf128.reg	VEX256	256	16	0	0	23	1	vextractf128 xmm0, ymm1, 23
movement_11080	vinsertf128.reg	VEX256	256	16	0	0	23	1	vinsertf128 ymm0, ymm1, xmm2, 23
movement_11081	vextractf128.mem	VEX256	256	16	0	2	23	1	vextractf128 [rsi], ymm1, 23
movement_11082	vinsertf128.mem	VEX256	256	16	0	1	23	1	vinsertf128 ymm0, ymm1, [rsi], 23
movement_11083	vextractf128.reg	VEX256	256	16	0	0	24	1	vextractf128 xmm0, ymm1, 24
movement_11084	vinsertf128.reg	VEX256	256	16	0	0	24	1	vinsertf128 ymm0, ymm1, xmm2, 24
movement_11085	vextractf128.mem	VEX256	256	16	0	2	24	1	vextractf128 [rsi], ymm1, 24
movement_11086	vinsertf128.mem	VEX256	256	16	0	1	24	1	vinsertf128 ymm0, ymm1, [rsi], 24
movement_11087	vextractf128.reg	VEX256	256	16	0	0	25	1	vextractf128 xmm0, ymm1, 25
movement_11088	vinsertf128.reg	VEX256	256	16	0	0	25	1	vinsertf128 ymm0, ymm1, xmm2, 25
movement_11089	vextractf128.mem	VEX256	256	16	0	2	25	1	vextractf128 [rsi], ymm1, 25
movement_11090	vinsertf128.mem	VEX256	256	16	0	1	25	1	vinsertf128 ymm0, ymm1, [rsi], 25
movement_11091	vextractf128.reg	VEX256	256	16	0	0	26	1	vextractf128 xmm0, ymm1, 26
movement_11092	vinsertf128.reg	VEX256	256	16	0	0	26	1	vinsertf128 ymm0, ymm1, xmm2, 26
movement_11093	vextractf128.mem	VEX256	256	16	0	2	26	1	vextractf128 [rsi], ymm1, 26
movement_11094	vinsertf128.mem	VEX256	256	16	0	1	26	1	vinsertf128 ymm0, ymm1, [rsi], 26
movement_11095	vextractf128.reg	VEX256	256	16	0	0	27	1	vextractf128 xmm0, ymm1, 27
movement_11096	vinsertf128.reg	VEX256	256	16	0	0	27	1	vinsertf128 ymm0, ymm1, xmm2, 27
movement_11097	vextractf128.mem	VEX256	256	16	0	2	27	1	vextractf128 [rsi], ymm1, 27
movement_11098	vinsertf128.mem	VEX256	256	16	0	1	27	1	vinsertf128 ymm0, ymm1, [rsi], 27
movement_11099	vextractf128.reg	VEX256	256	16	0	0	28	1	vextractf128 xmm0, ymm1, 28
movement_11100	vinsertf128.reg	VEX256	256	16	0	0	28	1	vinsertf128 ymm0, ymm1, xmm2, 28
movement_11101	vextractf128.mem	VEX256	256	16	0	2	28	1	vextractf128 [rsi], ymm1, 28
movement_11102	vinsertf128.mem	VEX256	256	16	0	1	28	1	vinsertf128 ymm0, ymm1, [rsi], 28
movement_11103	vextractf128.reg	VEX256	256	16	0	0	29	1	vextractf128 xmm0, ymm1, 29
movement_11104	vinsertf128.reg	VEX256	256	16	0	0	29	1	vinsertf128 ymm0, ymm1, xmm2, 29
movement_11105	vextractf128.mem	VEX256	256	16	0	2	29	1	vextractf128 [rsi], ymm1, 29
movement_11106	vinsertf128.mem	VEX256	256	16	0	1	29	1	vinsertf128 ymm0, ymm1, [rsi], 29
movement_11107	vextractf128.reg	VEX256	256	16	0	0	30	1	vextractf128 xmm0, ymm1, 30
movement_11108	vinsertf128.reg	VEX256	256	16	0	0	30	1	vinsertf128 ymm0, ymm1, xmm2, 30
movement_11109	vextractf128.mem	VEX256	256	16	0	2	30	1	vextractf128 [rsi], ymm1, 30
movement_11110	vinsertf128.mem	VEX256	256	16	0	1	30	1	vinsertf128 ymm0, ymm1, [rsi], 30
movement_11111	vextractf128.reg	VEX256	256	16	0	0	31	1	vextractf128 xmm0, ymm1, 31
movement_11112	vinsertf128.reg	VEX256	256	16	0	0	31	1	vinsertf128 ymm0, ymm1, xmm2, 31
movement_11113	vextractf128.mem	VEX256	256	16	0	2	31	1	vextractf128 [rsi], ymm1, 31
movement_11114	vinsertf128.mem	VEX256	256	16	0	1	31	1	vinsertf128 ymm0, ymm1, [rsi], 31
movement_11115	vextractf128.reg	VEX256	256	16	0	0	32	1	vextractf128 xmm0, ymm1, 32
movement_11116	vinsertf128.reg	VEX256	256	16	0	0	32	1	vinsertf128 ymm0, ymm1, xmm2, 32
movement_11117	vextractf128.mem	VEX256	256	16	0	2	32	1	vextractf128 [rsi], ymm1, 32
movement_11118	vinsertf128.mem	VEX256	256	16	0	1	32	1	vinsertf128 ymm0, ymm1, [rsi], 32
movement_11119	vextractf128.reg	VEX256	256	16	0	0	33	1	vextractf128 xmm0, ymm1, 33
movement_11120	vinsertf128.reg	VEX256	256	16	0	0	33	1	vinsertf128 ymm0, ymm1, xmm2, 33
movement_11121	vextractf128.mem	VEX256	256	16	0	2	33	1	vextractf128 [rsi], ymm1, 33
movement_11122	vinsertf128.mem	VEX256	256	16	0	1	33	1	vinsertf128 ymm0, ymm1, [rsi], 33
movement_11123	vextractf128.reg	VEX256	256	16	0	0	34	1	vextractf128 xmm0, ymm1, 34
movement_11124	vinsertf128.reg	VEX256	256	16	0	0	34	1	vinsertf128 ymm0, ymm1, xmm2, 34
movement_11125	vextractf128.mem	VEX256	256	16	0	2	34	1	vextractf128 [rsi], ymm1, 34
movement_11126	vinsertf128.mem	VEX256	256	16	0	1	34	1	vinsertf128 ymm0, ymm1, [rsi], 34
movement_11127	vextractf128.reg	VEX256	256	16	0	0	35	1	vextractf128 xmm0, ymm1, 35
movement_11128	vinsertf128.reg	VEX256	256	16	0	0	35	1	vinsertf128 ymm0, ymm1, xmm2, 35
movement_11129	vextractf128.mem	VEX256	256	16	0	2	35	1	vextractf128 [rsi], ymm1, 35
movement_11130	vinsertf128.mem	VEX256	256	16	0	1	35	1	vinsertf128 ymm0, ymm1, [rsi], 35
movement_11131	vextractf128.reg	VEX256	256	16	0	0	36	1	vextractf128 xmm0, ymm1, 36
movement_11132	vinsertf128.reg	VEX256	256	16	0	0	36	1	vinsertf128 ymm0, ymm1, xmm2, 36
movement_11133	vextractf128.mem	VEX256	256	16	0	2	36	1	vextractf128 [rsi], ymm1, 36
movement_11134	vinsertf128.mem	VEX256	256	16	0	1	36	1	vinsertf128 ymm0, ymm1, [rsi], 36
movement_11135	vextractf128.reg	VEX256	256	16	0	0	37	1	vextractf128 xmm0, ymm1, 37
movement_11136	vinsertf128.reg	VEX256	256	16	0	0	37	1	vinsertf128 ymm0, ymm1, xmm2, 37
movement_11137	vextractf128.mem	VEX256	256	16	0	2	37	1	vextractf128 [rsi], ymm1, 37
movement_11138	vinsertf128.mem	VEX256	256	16	0	1	37	1	vinsertf128 ymm0, ymm1, [rsi], 37
movement_11139	vextractf128.reg	VEX256	256	16	0	0	38	1	vextractf128 xmm0, ymm1, 38
movement_11140	vinsertf128.reg	VEX256	256	16	0	0	38	1	vinsertf128 ymm0, ymm1, xmm2, 38
movement_11141	vextractf128.mem	VEX256	256	16	0	2	38	1	vextractf128 [rsi], ymm1, 38
movement_11142	vinsertf128.mem	VEX256	256	16	0	1	38	1	vinsertf128 ymm0, ymm1, [rsi], 38
movement_11143	vextractf128.reg	VEX256	256	16	0	0	39	1	vextractf128 xmm0, ymm1, 39
movement_11144	vinsertf128.reg	VEX256	256	16	0	0	39	1	vinsertf128 ymm0, ymm1, xmm2, 39
movement_11145	vextractf128.mem	VEX256	256	16	0	2	39	1	vextractf128 [rsi], ymm1, 39
movement_11146	vinsertf128.mem	VEX256	256	16	0	1	39	1	vinsertf128 ymm0, ymm1, [rsi], 39
movement_11147	vextractf128.reg	VEX256	256	16	0	0	40	1	vextractf128 xmm0, ymm1, 40
movement_11148	vinsertf128.reg	VEX256	256	16	0	0	40	1	vinsertf128 ymm0, ymm1, xmm2, 40
movement_11149	vextractf128.mem	VEX256	256	16	0	2	40	1	vextractf128 [rsi], ymm1, 40
movement_11150	vinsertf128.mem	VEX256	256	16	0	1	40	1	vinsertf128 ymm0, ymm1, [rsi], 40
movement_11151	vextractf128.reg	VEX256	256	16	0	0	41	1	vextractf128 xmm0, ymm1, 41
movement_11152	vinsertf128.reg	VEX256	256	16	0	0	41	1	vinsertf128 ymm0, ymm1, xmm2, 41
movement_11153	vextractf128.mem	VEX256	256	16	0	2	41	1	vextractf128 [rsi], ymm1, 41
movement_11154	vinsertf128.mem	VEX256	256	16	0	1	41	1	vinsertf128 ymm0, ymm1, [rsi], 41
movement_11155	vextractf128.reg	VEX256	256	16	0	0	42	1	vextractf128 xmm0, ymm1, 42
movement_11156	vinsertf128.reg	VEX256	256	16	0	0	42	1	vinsertf128 ymm0, ymm1, xmm2, 42
movement_11157	vextractf128.mem	VEX256	256	16	0	2	42	1	vextractf128 [rsi], ymm1, 42
movement_11158	vinsertf128.mem	VEX256	256	16	0	1	42	1	vinsertf128 ymm0, ymm1, [rsi], 42
movement_11159	vextractf128.reg	VEX256	256	16	0	0	43	1	vextractf128 xmm0, ymm1, 43
movement_11160	vinsertf128.reg	VEX256	256	16	0	0	43	1	vinsertf128 ymm0, ymm1, xmm2, 43
movement_11161	vextractf128.mem	VEX256	256	16	0	2	43	1	vextractf128 [rsi], ymm1, 43
movement_11162	vinsertf128.mem	VEX256	256	16	0	1	43	1	vinsertf128 ymm0, ymm1, [rsi], 43
movement_11163	vextractf128.reg	VEX256	256	16	0	0	44	1	vextractf128 xmm0, ymm1, 44
movement_11164	vinsertf128.reg	VEX256	256	16	0	0	44	1	vinsertf128 ymm0, ymm1, xmm2, 44
movement_11165	vextractf128.mem	VEX256	256	16	0	2	44	1	vextractf128 [rsi], ymm1, 44
movement_11166	vinsertf128.mem	VEX256	256	16	0	1	44	1	vinsertf128 ymm0, ymm1, [rsi], 44
movement_11167	vextractf128.reg	VEX256	256	16	0	0	45	1	vextractf128 xmm0, ymm1, 45
movement_11168	vinsertf128.reg	VEX256	256	16	0	0	45	1	vinsertf128 ymm0, ymm1, xmm2, 45
movement_11169	vextractf128.mem	VEX256	256	16	0	2	45	1	vextractf128 [rsi], ymm1, 45
movement_11170	vinsertf128.mem	VEX256	256	16	0	1	45	1	vinsertf128 ymm0, ymm1, [rsi], 45
movement_11171	vextractf128.reg	VEX256	256	16	0	0	46	1	vextractf128 xmm0, ymm1, 46
movement_11172	vinsertf128.reg	VEX256	256	16	0	0	46	1	vinsertf128 ymm0, ymm1, xmm2, 46
movement_11173	vextractf128.mem	VEX256	256	16	0	2	46	1	vextractf128 [rsi], ymm1, 46
movement_11174	vinsertf128.mem	VEX256	256	16	0	1	46	1	vinsertf128 ymm0, ymm1, [rsi], 46
movement_11175	vextractf128.reg	VEX256	256	16	0	0	47	1	vextractf128 xmm0, ymm1, 47
movement_11176	vinsertf128.reg	VEX256	256	16	0	0	47	1	vinsertf128 ymm0, ymm1, xmm2, 47
movement_11177	vextractf128.mem	VEX256	256	16	0	2	47	1	vextractf128 [rsi], ymm1, 47
movement_11178	vinsertf128.mem	VEX256	256	16	0	1	47	1	vinsertf128 ymm0, ymm1, [rsi], 47
movement_11179	vextractf128.reg	VEX256	256	16	0	0	48	1	vextractf128 xmm0, ymm1, 48
movement_11180	vinsertf128.reg	VEX256	256	16	0	0	48	1	vinsertf128 ymm0, ymm1, xmm2, 48
movement_11181	vextractf128.mem	VEX256	256	16	0	2	48	1	vextractf128 [rsi], ymm1, 48
movement_11182	vinsertf128.mem	VEX256	256	16	0	1	48	1	vinsertf128 ymm0, ymm1, [rsi], 48
movement_11183	vextractf128.reg	VEX256	256	16	0	0	49	1	vextractf128 xmm0, ymm1, 49
movement_11184	vinsertf128.reg	VEX256	256	16	0	0	49	1	vinsertf128 ymm0, ymm1, xmm2, 49
movement_11185	vextractf128.mem	VEX256	256	16	0	2	49	1	vextractf128 [rsi], ymm1, 49
movement_11186	vinsertf128.mem	VEX256	256	16	0	1	49	1	vinsertf128 ymm0, ymm1, [rsi], 49
movement_11187	vextractf128.reg	VEX256	256	16	0	0	50	1	vextractf128 xmm0, ymm1, 50
movement_11188	vinsertf128.reg	VEX256	256	16	0	0	50	1	vinsertf128 ymm0, ymm1, xmm2, 50
movement_11189	vextractf128.mem	VEX256	256	16	0	2	50	1	vextractf128 [rsi], ymm1, 50
movement_11190	vinsertf128.mem	VEX256	256	16	0	1	50	1	vinsertf128 ymm0, ymm1, [rsi], 50
movement_11191	vextractf128.reg	VEX256	256	16	0	0	51	1	vextractf128 xmm0, ymm1, 51
movement_11192	vinsertf128.reg	VEX256	256	16	0	0	51	1	vinsertf128 ymm0, ymm1, xmm2, 51
movement_11193	vextractf128.mem	VEX256	256	16	0	2	51	1	vextractf128 [rsi], ymm1, 51
movement_11194	vinsertf128.mem	VEX256	256	16	0	1	51	1	vinsertf128 ymm0, ymm1, [rsi], 51
movement_11195	vextractf128.reg	VEX256	256	16	0	0	52	1	vextractf128 xmm0, ymm1, 52
movement_11196	vinsertf128.reg	VEX256	256	16	0	0	52	1	vinsertf128 ymm0, ymm1, xmm2, 52
movement_11197	vextractf128.mem	VEX256	256	16	0	2	52	1	vextractf128 [rsi], ymm1, 52
movement_11198	vinsertf128.mem	VEX256	256	16	0	1	52	1	vinsertf128 ymm0, ymm1, [rsi], 52
movement_11199	vextractf128.reg	VEX256	256	16	0	0	53	1	vextractf128 xmm0, ymm1, 53
movement_11200	vinsertf128.reg	VEX256	256	16	0	0	53	1	vinsertf128 ymm0, ymm1, xmm2, 53
movement_11201	vextractf128.mem	VEX256	256	16	0	2	53	1	vextractf128 [rsi], ymm1, 53
movement_11202	vinsertf128.mem	VEX256	256	16	0	1	53	1	vinsertf128 ymm0, ymm1, [rsi], 53
movement_11203	vextractf128.reg	VEX256	256	16	0	0	54	1	vextractf128 xmm0, ymm1, 54
movement_11204	vinsertf128.reg	VEX256	256	16	0	0	54	1	vinsertf128 ymm0, ymm1, xmm2, 54
movement_11205	vextractf128.mem	VEX256	256	16	0	2	54	1	vextractf128 [rsi], ymm1, 54
movement_11206	vinsertf128.mem	VEX256	256	16	0	1	54	1	vinsertf128 ymm0, ymm1, [rsi], 54
movement_11207	vextractf128.reg	VEX256	256	16	0	0	55	1	vextractf128 xmm0, ymm1, 55
movement_11208	vinsertf128.reg	VEX256	256	16	0	0	55	1	vinsertf128 ymm0, ymm1, xmm2, 55
movement_11209	vextractf128.mem	VEX256	256	16	0	2	55	1	vextractf128 [rsi], ymm1, 55
movement_11210	vinsertf128.mem	VEX256	256	16	0	1	55	1	vinsertf128 ymm0, ymm1, [rsi], 55
movement_11211	vextractf128.reg	VEX256	256	16	0	0	56	1	vextractf128 xmm0, ymm1, 56
movement_11212	vinsertf128.reg	VEX256	256	16	0	0	56	1	vinsertf128 ymm0, ymm1, xmm2, 56
movement_11213	vextractf128.mem	VEX256	256	16	0	2	56	1	vextractf128 [rsi], ymm1, 56
movement_11214	vinsertf128.mem	VEX256	256	16	0	1	56	1	vinsertf128 ymm0, ymm1, [rsi], 56
movement_11215	vextractf128.reg	VEX256	256	16	0	0	57	1	vextractf128 xmm0, ymm1, 57
movement_11216	vinsertf128.reg	VEX256	256	16	0	0	57	1	vinsertf128 ymm0, ymm1, xmm2, 57
movement_11217	vextractf128.mem	VEX256	256	16	0	2	57	1	vextractf128 [rsi], ymm1, 57
movement_11218	vinsertf128.mem	VEX256	256	16	0	1	57	1	vinsertf128 ymm0, ymm1, [rsi], 57
movement_11219	vextractf128.reg	VEX256	256	16	0	0	58	1	vextractf128 xmm0, ymm1, 58
movement_11220	vinsertf128.reg	VEX256	256	16	0	0	58	1	vinsertf128 ymm0, ymm1, xmm2, 58
movement_11221	vextractf128.mem	VEX256	256	16	0	2	58	1	vextractf128 [rsi], ymm1, 58
movement_11222	vinsertf128.mem	VEX256	256	16	0	1	58	1	vinsertf128 ymm0, ymm1, [rsi], 58
movement_11223	vextractf128.reg	VEX256	256	16	0	0	59	1	vextractf128 xmm0, ymm1, 59
movement_11224	vinsertf128.reg	VEX256	256	16	0	0	59	1	vinsertf128 ymm0, ymm1, xmm2, 59
movement_11225	vextractf128.mem	VEX256	256	16	0	2	59	1	vextractf128 [rsi], ymm1, 59
movement_11226	vinsertf128.mem	VEX256	256	16	0	1	59	1	vinsertf128 ymm0, ymm1, [rsi], 59
movement_11227	vextractf128.reg	VEX256	256	16	0	0	60	1	vextractf128 xmm0, ymm1, 60
movement_11228	vinsertf128.reg	VEX256	256	16	0	0	60	1	vinsertf128 ymm0, ymm1, xmm2, 60
movement_11229	vextractf128.mem	VEX256	256	16	0	2	60	1	vextractf128 [rsi], ymm1, 60
movement_11230	vinsertf128.mem	VEX256	256	16	0	1	60	1	vinsertf128 ymm0, ymm1, [rsi], 60
movement_11231	vextractf128.reg	VEX256	256	16	0	0	61	1	vextractf128 xmm0, ymm1, 61
movement_11232	vinsertf128.reg	VEX256	256	16	0	0	61	1	vinsertf128 ymm0, ymm1, xmm2, 61
movement_11233	vextractf128.mem	VEX256	256	16	0	2	61	1	vextractf128 [rsi], ymm1, 61
movement_11234	vinsertf128.mem	VEX256	256	16	0	1	61	1	vinsertf128 ymm0, ymm1, [rsi], 61
movement_11235	vextractf128.reg	VEX256	256	16	0	0	62	1	vextractf128 xmm0, ymm1, 62
movement_11236	vinsertf128.reg	VEX256	256	16	0	0	62	1	vinsertf128 ymm0, ymm1, xmm2, 62
movement_11237	vextractf128.mem	VEX256	256	16	0	2	62	1	vextractf128 [rsi], ymm1, 62
movement_11238	vinsertf128.mem	VEX256	256	16	0	1	62	1	vinsertf128 ymm0, ymm1, [rsi], 62
movement_11239	vextractf128.reg	VEX256	256	16	0	0	63	1	vextractf128 xmm0, ymm1, 63
movement_11240	vinsertf128.reg	VEX256	256	16	0	0	63	1	vinsertf128 ymm0, ymm1, xmm2, 63
movement_11241	vextractf128.mem	VEX256	256	16	0	2	63	1	vextractf128 [rsi], ymm1, 63
movement_11242	vinsertf128.mem	VEX256	256	16	0	1	63	1	vinsertf128 ymm0, ymm1, [rsi], 63
movement_11243	vextractf128.reg	VEX256	256	16	0	0	64	1	vextractf128 xmm0, ymm1, 64
movement_11244	vinsertf128.reg	VEX256	256	16	0	0	64	1	vinsertf128 ymm0, ymm1, xmm2, 64
movement_11245	vextractf128.mem	VEX256	256	16	0	2	64	1	vextractf128 [rsi], ymm1, 64
movement_11246	vinsertf128.mem	VEX256	256	16	0	1	64	1	vinsertf128 ymm0, ymm1, [rsi], 64
movement_11247	vextractf128.reg	VEX256	256	16	0	0	65	1	vextractf128 xmm0, ymm1, 65
movement_11248	vinsertf128.reg	VEX256	256	16	0	0	65	1	vinsertf128 ymm0, ymm1, xmm2, 65
movement_11249	vextractf128.mem	VEX256	256	16	0	2	65	1	vextractf128 [rsi], ymm1, 65
movement_11250	vinsertf128.mem	VEX256	256	16	0	1	65	1	vinsertf128 ymm0, ymm1, [rsi], 65
movement_11251	vextractf128.reg	VEX256	256	16	0	0	66	1	vextractf128 xmm0, ymm1, 66
movement_11252	vinsertf128.reg	VEX256	256	16	0	0	66	1	vinsertf128 ymm0, ymm1, xmm2, 66
movement_11253	vextractf128.mem	VEX256	256	16	0	2	66	1	vextractf128 [rsi], ymm1, 66
movement_11254	vinsertf128.mem	VEX256	256	16	0	1	66	1	vinsertf128 ymm0, ymm1, [rsi], 66
movement_11255	vextractf128.reg	VEX256	256	16	0	0	67	1	vextractf128 xmm0, ymm1, 67
movement_11256	vinsertf128.reg	VEX256	256	16	0	0	67	1	vinsertf128 ymm0, ymm1, xmm2, 67
movement_11257	vextractf128.mem	VEX256	256	16	0	2	67	1	vextractf128 [rsi], ymm1, 67
movement_11258	vinsertf128.mem	VEX256	256	16	0	1	67	1	vinsertf128 ymm0, ymm1, [rsi], 67
movement_11259	vextractf128.reg	VEX256	256	16	0	0	68	1	vextractf128 xmm0, ymm1, 68
movement_11260	vinsertf128.reg	VEX256	256	16	0	0	68	1	vinsertf128 ymm0, ymm1, xmm2, 68
movement_11261	vextractf128.mem	VEX256	256	16	0	2	68	1	vextractf128 [rsi], ymm1, 68
movement_11262	vinsertf128.mem	VEX256	256	16	0	1	68	1	vinsertf128 ymm0, ymm1, [rsi], 68
movement_11263	vextractf128.reg	VEX256	256	16	0	0	69	1	vextractf128 xmm0, ymm1, 69
movement_11264	vinsertf128.reg	VEX256	256	16	0	0	69	1	vinsertf128 ymm0, ymm1, xmm2, 69
movement_11265	vextractf128.mem	VEX256	256	16	0	2	69	1	vextractf128 [rsi], ymm1, 69
movement_11266	vinsertf128.mem	VEX256	256	16	0	1	69	1	vinsertf128 ymm0, ymm1, [rsi], 69
movement_11267	vextractf128.reg	VEX256	256	16	0	0	70	1	vextractf128 xmm0, ymm1, 70
movement_11268	vinsertf128.reg	VEX256	256	16	0	0	70	1	vinsertf128 ymm0, ymm1, xmm2, 70
movement_11269	vextractf128.mem	VEX256	256	16	0	2	70	1	vextractf128 [rsi], ymm1, 70
movement_11270	vinsertf128.mem	VEX256	256	16	0	1	70	1	vinsertf128 ymm0, ymm1, [rsi], 70
movement_11271	vextractf128.reg	VEX256	256	16	0	0	71	1	vextractf128 xmm0, ymm1, 71
movement_11272	vinsertf128.reg	VEX256	256	16	0	0	71	1	vinsertf128 ymm0, ymm1, xmm2, 71
movement_11273	vextractf128.mem	VEX256	256	16	0	2	71	1	vextractf128 [rsi], ymm1, 71
movement_11274	vinsertf128.mem	VEX256	256	16	0	1	71	1	vinsertf128 ymm0, ymm1, [rsi], 71
movement_11275	vextractf128.reg	VEX256	256	16	0	0	72	1	vextractf128 xmm0, ymm1, 72
movement_11276	vinsertf128.reg	VEX256	256	16	0	0	72	1	vinsertf128 ymm0, ymm1, xmm2, 72
movement_11277	vextractf128.mem	VEX256	256	16	0	2	72	1	vextractf128 [rsi], ymm1, 72
movement_11278	vinsertf128.mem	VEX256	256	16	0	1	72	1	vinsertf128 ymm0, ymm1, [rsi], 72
movement_11279	vextractf128.reg	VEX256	256	16	0	0	73	1	vextractf128 xmm0, ymm1, 73
movement_11280	vinsertf128.reg	VEX256	256	16	0	0	73	1	vinsertf128 ymm0, ymm1, xmm2, 73
movement_11281	vextractf128.mem	VEX256	256	16	0	2	73	1	vextractf128 [rsi], ymm1, 73
movement_11282	vinsertf128.mem	VEX256	256	16	0	1	73	1	vinsertf128 ymm0, ymm1, [rsi], 73
movement_11283	vextractf128.reg	VEX256	256	16	0	0	74	1	vextractf128 xmm0, ymm1, 74
movement_11284	vinsertf128.reg	VEX256	256	16	0	0	74	1	vinsertf128 ymm0, ymm1, xmm2, 74
movement_11285	vextractf128.mem	VEX256	256	16	0	2	74	1	vextractf128 [rsi], ymm1, 74
movement_11286	vinsertf128.mem	VEX256	256	16	0	1	74	1	vinsertf128 ymm0, ymm1, [rsi], 74
movement_11287	vextractf128.reg	VEX256	256	16	0	0	75	1	vextractf128 xmm0, ymm1, 75
movement_11288	vinsertf128.reg	VEX256	256	16	0	0	75	1	vinsertf128 ymm0, ymm1, xmm2, 75
movement_11289	vextractf128.mem	VEX256	256	16	0	2	75	1	vextractf128 [rsi], ymm1, 75
movement_11290	vinsertf128.mem	VEX256	256	16	0	1	75	1	vinsertf128 ymm0, ymm1, [rsi], 75
movement_11291	vextractf128.reg	VEX256	256	16	0	0	76	1	vextractf128 xmm0, ymm1, 76
movement_11292	vinsertf128.reg	VEX256	256	16	0	0	76	1	vinsertf128 ymm0, ymm1, xmm2, 76
movement_11293	vextractf128.mem	VEX256	256	16	0	2	76	1	vextractf128 [rsi], ymm1, 76
movement_11294	vinsertf128.mem	VEX256	256	16	0	1	76	1	vinsertf128 ymm0, ymm1, [rsi], 76
movement_11295	vextractf128.reg	VEX256	256	16	0	0	77	1	vextractf128 xmm0, ymm1, 77
movement_11296	vinsertf128.reg	VEX256	256	16	0	0	77	1	vinsertf128 ymm0, ymm1, xmm2, 77
movement_11297	vextractf128.mem	VEX256	256	16	0	2	77	1	vextractf128 [rsi], ymm1, 77
movement_11298	vinsertf128.mem	VEX256	256	16	0	1	77	1	vinsertf128 ymm0, ymm1, [rsi], 77
movement_11299	vextractf128.reg	VEX256	256	16	0	0	78	1	vextractf128 xmm0, ymm1, 78
movement_11300	vinsertf128.reg	VEX256	256	16	0	0	78	1	vinsertf128 ymm0, ymm1, xmm2, 78
movement_11301	vextractf128.mem	VEX256	256	16	0	2	78	1	vextractf128 [rsi], ymm1, 78
movement_11302	vinsertf128.mem	VEX256	256	16	0	1	78	1	vinsertf128 ymm0, ymm1, [rsi], 78
movement_11303	vextractf128.reg	VEX256	256	16	0	0	79	1	vextractf128 xmm0, ymm1, 79
movement_11304	vinsertf128.reg	VEX256	256	16	0	0	79	1	vinsertf128 ymm0, ymm1, xmm2, 79
movement_11305	vextractf128.mem	VEX256	256	16	0	2	79	1	vextractf128 [rsi], ymm1, 79
movement_11306	vinsertf128.mem	VEX256	256	16	0	1	79	1	vinsertf128 ymm0, ymm1, [rsi], 79
movement_11307	vextractf128.reg	VEX256	256	16	0	0	80	1	vextractf128 xmm0, ymm1, 80
movement_11308	vinsertf128.reg	VEX256	256	16	0	0	80	1	vinsertf128 ymm0, ymm1, xmm2, 80
movement_11309	vextractf128.mem	VEX256	256	16	0	2	80	1	vextractf128 [rsi], ymm1, 80
movement_11310	vinsertf128.mem	VEX256	256	16	0	1	80	1	vinsertf128 ymm0, ymm1, [rsi], 80
movement_11311	vextractf128.reg	VEX256	256	16	0	0	81	1	vextractf128 xmm0, ymm1, 81
movement_11312	vinsertf128.reg	VEX256	256	16	0	0	81	1	vinsertf128 ymm0, ymm1, xmm2, 81
movement_11313	vextractf128.mem	VEX256	256	16	0	2	81	1	vextractf128 [rsi], ymm1, 81
movement_11314	vinsertf128.mem	VEX256	256	16	0	1	81	1	vinsertf128 ymm0, ymm1, [rsi], 81
movement_11315	vextractf128.reg	VEX256	256	16	0	0	82	1	vextractf128 xmm0, ymm1, 82
movement_11316	vinsertf128.reg	VEX256	256	16	0	0	82	1	vinsertf128 ymm0, ymm1, xmm2, 82
movement_11317	vextractf128.mem	VEX256	256	16	0	2	82	1	vextractf128 [rsi], ymm1, 82
movement_11318	vinsertf128.mem	VEX256	256	16	0	1	82	1	vinsertf128 ymm0, ymm1, [rsi], 82
movement_11319	vextractf128.reg	VEX256	256	16	0	0	83	1	vextractf128 xmm0, ymm1, 83
movement_11320	vinsertf128.reg	VEX256	256	16	0	0	83	1	vinsertf128 ymm0, ymm1, xmm2, 83
movement_11321	vextractf128.mem	VEX256	256	16	0	2	83	1	vextractf128 [rsi], ymm1, 83
movement_11322	vinsertf128.mem	VEX256	256	16	0	1	83	1	vinsertf128 ymm0, ymm1, [rsi], 83
movement_11323	vextractf128.reg	VEX256	256	16	0	0	84	1	vextractf128 xmm0, ymm1, 84
movement_11324	vinsertf128.reg	VEX256	256	16	0	0	84	1	vinsertf128 ymm0, ymm1, xmm2, 84
movement_11325	vextractf128.mem	VEX256	256	16	0	2	84	1	vextractf128 [rsi], ymm1, 84
movement_11326	vinsertf128.mem	VEX256	256	16	0	1	84	1	vinsertf128 ymm0, ymm1, [rsi], 84
movement_11327	vextractf128.reg	VEX256	256	16	0	0	85	1	vextractf128 xmm0, ymm1, 85
movement_11328	vinsertf128.reg	VEX256	256	16	0	0	85	1	vinsertf128 ymm0, ymm1, xmm2, 85
movement_11329	vextractf128.mem	VEX256	256	16	0	2	85	1	vextractf128 [rsi], ymm1, 85
movement_11330	vinsertf128.mem	VEX256	256	16	0	1	85	1	vinsertf128 ymm0, ymm1, [rsi], 85
movement_11331	vextractf128.reg	VEX256	256	16	0	0	86	1	vextractf128 xmm0, ymm1, 86
movement_11332	vinsertf128.reg	VEX256	256	16	0	0	86	1	vinsertf128 ymm0, ymm1, xmm2, 86
movement_11333	vextractf128.mem	VEX256	256	16	0	2	86	1	vextractf128 [rsi], ymm1, 86
movement_11334	vinsertf128.mem	VEX256	256	16	0	1	86	1	vinsertf128 ymm0, ymm1, [rsi], 86
movement_11335	vextractf128.reg	VEX256	256	16	0	0	87	1	vextractf128 xmm0, ymm1, 87
movement_11336	vinsertf128.reg	VEX256	256	16	0	0	87	1	vinsertf128 ymm0, ymm1, xmm2, 87
movement_11337	vextractf128.mem	VEX256	256	16	0	2	87	1	vextractf128 [rsi], ymm1, 87
movement_11338	vinsertf128.mem	VEX256	256	16	0	1	87	1	vinsertf128 ymm0, ymm1, [rsi], 87
movement_11339	vextractf128.reg	VEX256	256	16	0	0	88	1	vextractf128 xmm0, ymm1, 88
movement_11340	vinsertf128.reg	VEX256	256	16	0	0	88	1	vinsertf128 ymm0, ymm1, xmm2, 88
movement_11341	vextractf128.mem	VEX256	256	16	0	2	88	1	vextractf128 [rsi], ymm1, 88
movement_11342	vinsertf128.mem	VEX256	256	16	0	1	88	1	vinsertf128 ymm0, ymm1, [rsi], 88
movement_11343	vextractf128.reg	VEX256	256	16	0	0	89	1	vextractf128 xmm0, ymm1, 89
movement_11344	vinsertf128.reg	VEX256	256	16	0	0	89	1	vinsertf128 ymm0, ymm1, xmm2, 89
movement_11345	vextractf128.mem	VEX256	256	16	0	2	89	1	vextractf128 [rsi], ymm1, 89
movement_11346	vinsertf128.mem	VEX256	256	16	0	1	89	1	vinsertf128 ymm0, ymm1, [rsi], 89
movement_11347	vextractf128.reg	VEX256	256	16	0	0	90	1	vextractf128 xmm0, ymm1, 90
movement_11348	vinsertf128.reg	VEX256	256	16	0	0	90	1	vinsertf128 ymm0, ymm1, xmm2, 90
movement_11349	vextractf128.mem	VEX256	256	16	0	2	90	1	vextractf128 [rsi], ymm1, 90
movement_11350	vinsertf128.mem	VEX256	256	16	0	1	90	1	vinsertf128 ymm0, ymm1, [rsi], 90
movement_11351	vextractf128.reg	VEX256	256	16	0	0	91	1	vextractf128 xmm0, ymm1, 91
movement_11352	vinsertf128.reg	VEX256	256	16	0	0	91	1	vinsertf128 ymm0, ymm1, xmm2, 91
movement_11353	vextractf128.mem	VEX256	256	16	0	2	91	1	vextractf128 [rsi], ymm1, 91
movement_11354	vinsertf128.mem	VEX256	256	16	0	1	91	1	vinsertf128 ymm0, ymm1, [rsi], 91
movement_11355	vextractf128.reg	VEX256	256	16	0	0	92	1	vextractf128 xmm0, ymm1, 92
movement_11356	vinsertf128.reg	VEX256	256	16	0	0	92	1	vinsertf128 ymm0, ymm1, xmm2, 92
movement_11357	vextractf128.mem	VEX256	256	16	0	2	92	1	vextractf128 [rsi], ymm1, 92
movement_11358	vinsertf128.mem	VEX256	256	16	0	1	92	1	vinsertf128 ymm0, ymm1, [rsi], 92
movement_11359	vextractf128.reg	VEX256	256	16	0	0	93	1	vextractf128 xmm0, ymm1, 93
movement_11360	vinsertf128.reg	VEX256	256	16	0	0	93	1	vinsertf128 ymm0, ymm1, xmm2, 93
movement_11361	vextractf128.mem	VEX256	256	16	0	2	93	1	vextractf128 [rsi], ymm1, 93
movement_11362	vinsertf128.mem	VEX256	256	16	0	1	93	1	vinsertf128 ymm0, ymm1, [rsi], 93
movement_11363	vextractf128.reg	VEX256	256	16	0	0	94	1	vextractf128 xmm0, ymm1, 94
movement_11364	vinsertf128.reg	VEX256	256	16	0	0	94	1	vinsertf128 ymm0, ymm1, xmm2, 94
movement_11365	vextractf128.mem	VEX256	256	16	0	2	94	1	vextractf128 [rsi], ymm1, 94
movement_11366	vinsertf128.mem	VEX256	256	16	0	1	94	1	vinsertf128 ymm0, ymm1, [rsi], 94
movement_11367	vextractf128.reg	VEX256	256	16	0	0	95	1	vextractf128 xmm0, ymm1, 95
movement_11368	vinsertf128.reg	VEX256	256	16	0	0	95	1	vinsertf128 ymm0, ymm1, xmm2, 95
movement_11369	vextractf128.mem	VEX256	256	16	0	2	95	1	vextractf128 [rsi], ymm1, 95
movement_11370	vinsertf128.mem	VEX256	256	16	0	1	95	1	vinsertf128 ymm0, ymm1, [rsi], 95
movement_11371	vextractf128.reg	VEX256	256	16	0	0	96	1	vextractf128 xmm0, ymm1, 96
movement_11372	vinsertf128.reg	VEX256	256	16	0	0	96	1	vinsertf128 ymm0, ymm1, xmm2, 96
movement_11373	vextractf128.mem	VEX256	256	16	0	2	96	1	vextractf128 [rsi], ymm1, 96
movement_11374	vinsertf128.mem	VEX256	256	16	0	1	96	1	vinsertf128 ymm0, ymm1, [rsi], 96
movement_11375	vextractf128.reg	VEX256	256	16	0	0	97	1	vextractf128 xmm0, ymm1, 97
movement_11376	vinsertf128.reg	VEX256	256	16	0	0	97	1	vinsertf128 ymm0, ymm1, xmm2, 97
movement_11377	vextractf128.mem	VEX256	256	16	0	2	97	1	vextractf128 [rsi], ymm1, 97
movement_11378	vinsertf128.mem	VEX256	256	16	0	1	97	1	vinsertf128 ymm0, ymm1, [rsi], 97
movement_11379	vextractf128.reg	VEX256	256	16	0	0	98	1	vextractf128 xmm0, ymm1, 98
movement_11380	vinsertf128.reg	VEX256	256	16	0	0	98	1	vinsertf128 ymm0, ymm1, xmm2, 98
movement_11381	vextractf128.mem	VEX256	256	16	0	2	98	1	vextractf128 [rsi], ymm1, 98
movement_11382	vinsertf128.mem	VEX256	256	16	0	1	98	1	vinsertf128 ymm0, ymm1, [rsi], 98
movement_11383	vextractf128.reg	VEX256	256	16	0	0	99	1	vextractf128 xmm0, ymm1, 99
movement_11384	vinsertf128.reg	VEX256	256	16	0	0	99	1	vinsertf128 ymm0, ymm1, xmm2, 99
movement_11385	vextractf128.mem	VEX256	256	16	0	2	99	1	vextractf128 [rsi], ymm1, 99
movement_11386	vinsertf128.mem	VEX256	256	16	0	1	99	1	vinsertf128 ymm0, ymm1, [rsi], 99
movement_11387	vextractf128.reg	VEX256	256	16	0	0	100	1	vextractf128 xmm0, ymm1, 100
movement_11388	vinsertf128.reg	VEX256	256	16	0	0	100	1	vinsertf128 ymm0, ymm1, xmm2, 100
movement_11389	vextractf128.mem	VEX256	256	16	0	2	100	1	vextractf128 [rsi], ymm1, 100
movement_11390	vinsertf128.mem	VEX256	256	16	0	1	100	1	vinsertf128 ymm0, ymm1, [rsi], 100
movement_11391	vextractf128.reg	VEX256	256	16	0	0	101	1	vextractf128 xmm0, ymm1, 101
movement_11392	vinsertf128.reg	VEX256	256	16	0	0	101	1	vinsertf128 ymm0, ymm1, xmm2, 101
movement_11393	vextractf128.mem	VEX256	256	16	0	2	101	1	vextractf128 [rsi], ymm1, 101
movement_11394	vinsertf128.mem	VEX256	256	16	0	1	101	1	vinsertf128 ymm0, ymm1, [rsi], 101
movement_11395	vextractf128.reg	VEX256	256	16	0	0	102	1	vextractf128 xmm0, ymm1, 102
movement_11396	vinsertf128.reg	VEX256	256	16	0	0	102	1	vinsertf128 ymm0, ymm1, xmm2, 102
movement_11397	vextractf128.mem	VEX256	256	16	0	2	102	1	vextractf128 [rsi], ymm1, 102
movement_11398	vinsertf128.mem	VEX256	256	16	0	1	102	1	vinsertf128 ymm0, ymm1, [rsi], 102
movement_11399	vextractf128.reg	VEX256	256	16	0	0	103	1	vextractf128 xmm0, ymm1, 103
movement_11400	vinsertf128.reg	VEX256	256	16	0	0	103	1	vinsertf128 ymm0, ymm1, xmm2, 103
movement_11401	vextractf128.mem	VEX256	256	16	0	2	103	1	vextractf128 [rsi], ymm1, 103
movement_11402	vinsertf128.mem	VEX256	256	16	0	1	103	1	vinsertf128 ymm0, ymm1, [rsi], 103
movement_11403	vextractf128.reg	VEX256	256	16	0	0	104	1	vextractf128 xmm0, ymm1, 104
movement_11404	vinsertf128.reg	VEX256	256	16	0	0	104	1	vinsertf128 ymm0, ymm1, xmm2, 104
movement_11405	vextractf128.mem	VEX256	256	16	0	2	104	1	vextractf128 [rsi], ymm1, 104
movement_11406	vinsertf128.mem	VEX256	256	16	0	1	104	1	vinsertf128 ymm0, ymm1, [rsi], 104
movement_11407	vextractf128.reg	VEX256	256	16	0	0	105	1	vextractf128 xmm0, ymm1, 105
movement_11408	vinsertf128.reg	VEX256	256	16	0	0	105	1	vinsertf128 ymm0, ymm1, xmm2, 105
movement_11409	vextractf128.mem	VEX256	256	16	0	2	105	1	vextractf128 [rsi], ymm1, 105
movement_11410	vinsertf128.mem	VEX256	256	16	0	1	105	1	vinsertf128 ymm0, ymm1, [rsi], 105
movement_11411	vextractf128.reg	VEX256	256	16	0	0	106	1	vextractf128 xmm0, ymm1, 106
movement_11412	vinsertf128.reg	VEX256	256	16	0	0	106	1	vinsertf128 ymm0, ymm1, xmm2, 106
movement_11413	vextractf128.mem	VEX256	256	16	0	2	106	1	vextractf128 [rsi], ymm1, 106
movement_11414	vinsertf128.mem	VEX256	256	16	0	1	106	1	vinsertf128 ymm0, ymm1, [rsi], 106
movement_11415	vextractf128.reg	VEX256	256	16	0	0	107	1	vextractf128 xmm0, ymm1, 107
movement_11416	vinsertf128.reg	VEX256	256	16	0	0	107	1	vinsertf128 ymm0, ymm1, xmm2, 107
movement_11417	vextractf128.mem	VEX256	256	16	0	2	107	1	vextractf128 [rsi], ymm1, 107
movement_11418	vinsertf128.mem	VEX256	256	16	0	1	107	1	vinsertf128 ymm0, ymm1, [rsi], 107
movement_11419	vextractf128.reg	VEX256	256	16	0	0	108	1	vextractf128 xmm0, ymm1, 108
movement_11420	vinsertf128.reg	VEX256	256	16	0	0	108	1	vinsertf128 ymm0, ymm1, xmm2, 108
movement_11421	vextractf128.mem	VEX256	256	16	0	2	108	1	vextractf128 [rsi], ymm1, 108
movement_11422	vinsertf128.mem	VEX256	256	16	0	1	108	1	vinsertf128 ymm0, ymm1, [rsi], 108
movement_11423	vextractf128.reg	VEX256	256	16	0	0	109	1	vextractf128 xmm0, ymm1, 109
movement_11424	vinsertf128.reg	VEX256	256	16	0	0	109	1	vinsertf128 ymm0, ymm1, xmm2, 109
movement_11425	vextractf128.mem	VEX256	256	16	0	2	109	1	vextractf128 [rsi], ymm1, 109
movement_11426	vinsertf128.mem	VEX256	256	16	0	1	109	1	vinsertf128 ymm0, ymm1, [rsi], 109
movement_11427	vextractf128.reg	VEX256	256	16	0	0	110	1	vextractf128 xmm0, ymm1, 110
movement_11428	vinsertf128.reg	VEX256	256	16	0	0	110	1	vinsertf128 ymm0, ymm1, xmm2, 110
movement_11429	vextractf128.mem	VEX256	256	16	0	2	110	1	vextractf128 [rsi], ymm1, 110
movement_11430	vinsertf128.mem	VEX256	256	16	0	1	110	1	vinsertf128 ymm0, ymm1, [rsi], 110
movement_11431	vextractf128.reg	VEX256	256	16	0	0	111	1	vextractf128 xmm0, ymm1, 111
movement_11432	vinsertf128.reg	VEX256	256	16	0	0	111	1	vinsertf128 ymm0, ymm1, xmm2, 111
movement_11433	vextractf128.mem	VEX256	256	16	0	2	111	1	vextractf128 [rsi], ymm1, 111
movement_11434	vinsertf128.mem	VEX256	256	16	0	1	111	1	vinsertf128 ymm0, ymm1, [rsi], 111
movement_11435	vextractf128.reg	VEX256	256	16	0	0	112	1	vextractf128 xmm0, ymm1, 112
movement_11436	vinsertf128.reg	VEX256	256	16	0	0	112	1	vinsertf128 ymm0, ymm1, xmm2, 112
movement_11437	vextractf128.mem	VEX256	256	16	0	2	112	1	vextractf128 [rsi], ymm1, 112
movement_11438	vinsertf128.mem	VEX256	256	16	0	1	112	1	vinsertf128 ymm0, ymm1, [rsi], 112
movement_11439	vextractf128.reg	VEX256	256	16	0	0	113	1	vextractf128 xmm0, ymm1, 113
movement_11440	vinsertf128.reg	VEX256	256	16	0	0	113	1	vinsertf128 ymm0, ymm1, xmm2, 113
movement_11441	vextractf128.mem	VEX256	256	16	0	2	113	1	vextractf128 [rsi], ymm1, 113
movement_11442	vinsertf128.mem	VEX256	256	16	0	1	113	1	vinsertf128 ymm0, ymm1, [rsi], 113
movement_11443	vextractf128.reg	VEX256	256	16	0	0	114	1	vextractf128 xmm0, ymm1, 114
movement_11444	vinsertf128.reg	VEX256	256	16	0	0	114	1	vinsertf128 ymm0, ymm1, xmm2, 114
movement_11445	vextractf128.mem	VEX256	256	16	0	2	114	1	vextractf128 [rsi], ymm1, 114
movement_11446	vinsertf128.mem	VEX256	256	16	0	1	114	1	vinsertf128 ymm0, ymm1, [rsi], 114
movement_11447	vextractf128.reg	VEX256	256	16	0	0	115	1	vextractf128 xmm0, ymm1, 115
movement_11448	vinsertf128.reg	VEX256	256	16	0	0	115	1	vinsertf128 ymm0, ymm1, xmm2, 115
movement_11449	vextractf128.mem	VEX256	256	16	0	2	115	1	vextractf128 [rsi], ymm1, 115
movement_11450	vinsertf128.mem	VEX256	256	16	0	1	115	1	vinsertf128 ymm0, ymm1, [rsi], 115
movement_11451	vextractf128.reg	VEX256	256	16	0	0	116	1	vextractf128 xmm0, ymm1, 116
movement_11452	vinsertf128.reg	VEX256	256	16	0	0	116	1	vinsertf128 ymm0, ymm1, xmm2, 116
movement_11453	vextractf128.mem	VEX256	256	16	0	2	116	1	vextractf128 [rsi], ymm1, 116
movement_11454	vinsertf128.mem	VEX256	256	16	0	1	116	1	vinsertf128 ymm0, ymm1, [rsi], 116
movement_11455	vextractf128.reg	VEX256	256	16	0	0	117	1	vextractf128 xmm0, ymm1, 117
movement_11456	vinsertf128.reg	VEX256	256	16	0	0	117	1	vinsertf128 ymm0, ymm1, xmm2, 117
movement_11457	vextractf128.mem	VEX256	256	16	0	2	117	1	vextractf128 [rsi], ymm1, 117
movement_11458	vinsertf128.mem	VEX256	256	16	0	1	117	1	vinsertf128 ymm0, ymm1, [rsi], 117
movement_11459	vextractf128.reg	VEX256	256	16	0	0	118	1	vextractf128 xmm0, ymm1, 118
movement_11460	vinsertf128.reg	VEX256	256	16	0	0	118	1	vinsertf128 ymm0, ymm1, xmm2, 118
movement_11461	vextractf128.mem	VEX256	256	16	0	2	118	1	vextractf128 [rsi], ymm1, 118
movement_11462	vinsertf128.mem	VEX256	256	16	0	1	118	1	vinsertf128 ymm0, ymm1, [rsi], 118
movement_11463	vextractf128.reg	VEX256	256	16	0	0	119	1	vextractf128 xmm0, ymm1, 119
movement_11464	vinsertf128.reg	VEX256	256	16	0	0	119	1	vinsertf128 ymm0, ymm1, xmm2, 119
movement_11465	vextractf128.mem	VEX256	256	16	0	2	119	1	vextractf128 [rsi], ymm1, 119
movement_11466	vinsertf128.mem	VEX256	256	16	0	1	119	1	vinsertf128 ymm0, ymm1, [rsi], 119
movement_11467	vextractf128.reg	VEX256	256	16	0	0	120	1	vextractf128 xmm0, ymm1, 120
movement_11468	vinsertf128.reg	VEX256	256	16	0	0	120	1	vinsertf128 ymm0, ymm1, xmm2, 120
movement_11469	vextractf128.mem	VEX256	256	16	0	2	120	1	vextractf128 [rsi], ymm1, 120
movement_11470	vinsertf128.mem	VEX256	256	16	0	1	120	1	vinsertf128 ymm0, ymm1, [rsi], 120
movement_11471	vextractf128.reg	VEX256	256	16	0	0	121	1	vextractf128 xmm0, ymm1, 121
movement_11472	vinsertf128.reg	VEX256	256	16	0	0	121	1	vinsertf128 ymm0, ymm1, xmm2, 121
movement_11473	vextractf128.mem	VEX256	256	16	0	2	121	1	vextractf128 [rsi], ymm1, 121
movement_11474	vinsertf128.mem	VEX256	256	16	0	1	121	1	vinsertf128 ymm0, ymm1, [rsi], 121
movement_11475	vextractf128.reg	VEX256	256	16	0	0	122	1	vextractf128 xmm0, ymm1, 122
movement_11476	vinsertf128.reg	VEX256	256	16	0	0	122	1	vinsertf128 ymm0, ymm1, xmm2, 122
movement_11477	vextractf128.mem	VEX256	256	16	0	2	122	1	vextractf128 [rsi], ymm1, 122
movement_11478	vinsertf128.mem	VEX256	256	16	0	1	122	1	vinsertf128 ymm0, ymm1, [rsi], 122
movement_11479	vextractf128.reg	VEX256	256	16	0	0	123	1	vextractf128 xmm0, ymm1, 123
movement_11480	vinsertf128.reg	VEX256	256	16	0	0	123	1	vinsertf128 ymm0, ymm1, xmm2, 123
movement_11481	vextractf128.mem	VEX256	256	16	0	2	123	1	vextractf128 [rsi], ymm1, 123
movement_11482	vinsertf128.mem	VEX256	256	16	0	1	123	1	vinsertf128 ymm0, ymm1, [rsi], 123
movement_11483	vextractf128.reg	VEX256	256	16	0	0	124	1	vextractf128 xmm0, ymm1, 124
movement_11484	vinsertf128.reg	VEX256	256	16	0	0	124	1	vinsertf128 ymm0, ymm1, xmm2, 124
movement_11485	vextractf128.mem	VEX256	256	16	0	2	124	1	vextractf128 [rsi], ymm1, 124
movement_11486	vinsertf128.mem	VEX256	256	16	0	1	124	1	vinsertf128 ymm0, ymm1, [rsi], 124
movement_11487	vextractf128.reg	VEX256	256	16	0	0	125	1	vextractf128 xmm0, ymm1, 125
movement_11488	vinsertf128.reg	VEX256	256	16	0	0	125	1	vinsertf128 ymm0, ymm1, xmm2, 125
movement_11489	vextractf128.mem	VEX256	256	16	0	2	125	1	vextractf128 [rsi], ymm1, 125
movement_11490	vinsertf128.mem	VEX256	256	16	0	1	125	1	vinsertf128 ymm0, ymm1, [rsi], 125
movement_11491	vextractf128.reg	VEX256	256	16	0	0	126	1	vextractf128 xmm0, ymm1, 126
movement_11492	vinsertf128.reg	VEX256	256	16	0	0	126	1	vinsertf128 ymm0, ymm1, xmm2, 126
movement_11493	vextractf128.mem	VEX256	256	16	0	2	126	1	vextractf128 [rsi], ymm1, 126
movement_11494	vinsertf128.mem	VEX256	256	16	0	1	126	1	vinsertf128 ymm0, ymm1, [rsi], 126
movement_11495	vextractf128.reg	VEX256	256	16	0	0	127	1	vextractf128 xmm0, ymm1, 127
movement_11496	vinsertf128.reg	VEX256	256	16	0	0	127	1	vinsertf128 ymm0, ymm1, xmm2, 127
movement_11497	vextractf128.mem	VEX256	256	16	0	2	127	1	vextractf128 [rsi], ymm1, 127
movement_11498	vinsertf128.mem	VEX256	256	16	0	1	127	1	vinsertf128 ymm0, ymm1, [rsi], 127
movement_11499	vextractf128.reg	VEX256	256	16	0	0	128	1	vextractf128 xmm0, ymm1, 128
movement_11500	vinsertf128.reg	VEX256	256	16	0	0	128	1	vinsertf128 ymm0, ymm1, xmm2, 128
movement_11501	vextractf128.mem	VEX256	256	16	0	2	128	1	vextractf128 [rsi], ymm1, 128
movement_11502	vinsertf128.mem	VEX256	256	16	0	1	128	1	vinsertf128 ymm0, ymm1, [rsi], 128
movement_11503	vextractf128.reg	VEX256	256	16	0	0	129	1	vextractf128 xmm0, ymm1, 129
movement_11504	vinsertf128.reg	VEX256	256	16	0	0	129	1	vinsertf128 ymm0, ymm1, xmm2, 129
movement_11505	vextractf128.mem	VEX256	256	16	0	2	129	1	vextractf128 [rsi], ymm1, 129
movement_11506	vinsertf128.mem	VEX256	256	16	0	1	129	1	vinsertf128 ymm0, ymm1, [rsi], 129
movement_11507	vextractf128.reg	VEX256	256	16	0	0	130	1	vextractf128 xmm0, ymm1, 130
movement_11508	vinsertf128.reg	VEX256	256	16	0	0	130	1	vinsertf128 ymm0, ymm1, xmm2, 130
movement_11509	vextractf128.mem	VEX256	256	16	0	2	130	1	vextractf128 [rsi], ymm1, 130
movement_11510	vinsertf128.mem	VEX256	256	16	0	1	130	1	vinsertf128 ymm0, ymm1, [rsi], 130
movement_11511	vextractf128.reg	VEX256	256	16	0	0	131	1	vextractf128 xmm0, ymm1, 131
movement_11512	vinsertf128.reg	VEX256	256	16	0	0	131	1	vinsertf128 ymm0, ymm1, xmm2, 131
movement_11513	vextractf128.mem	VEX256	256	16	0	2	131	1	vextractf128 [rsi], ymm1, 131
movement_11514	vinsertf128.mem	VEX256	256	16	0	1	131	1	vinsertf128 ymm0, ymm1, [rsi], 131
movement_11515	vextractf128.reg	VEX256	256	16	0	0	132	1	vextractf128 xmm0, ymm1, 132
movement_11516	vinsertf128.reg	VEX256	256	16	0	0	132	1	vinsertf128 ymm0, ymm1, xmm2, 132
movement_11517	vextractf128.mem	VEX256	256	16	0	2	132	1	vextractf128 [rsi], ymm1, 132
movement_11518	vinsertf128.mem	VEX256	256	16	0	1	132	1	vinsertf128 ymm0, ymm1, [rsi], 132
movement_11519	vextractf128.reg	VEX256	256	16	0	0	133	1	vextractf128 xmm0, ymm1, 133
movement_11520	vinsertf128.reg	VEX256	256	16	0	0	133	1	vinsertf128 ymm0, ymm1, xmm2, 133
movement_11521	vextractf128.mem	VEX256	256	16	0	2	133	1	vextractf128 [rsi], ymm1, 133
movement_11522	vinsertf128.mem	VEX256	256	16	0	1	133	1	vinsertf128 ymm0, ymm1, [rsi], 133
movement_11523	vextractf128.reg	VEX256	256	16	0	0	134	1	vextractf128 xmm0, ymm1, 134
movement_11524	vinsertf128.reg	VEX256	256	16	0	0	134	1	vinsertf128 ymm0, ymm1, xmm2, 134
movement_11525	vextractf128.mem	VEX256	256	16	0	2	134	1	vextractf128 [rsi], ymm1, 134
movement_11526	vinsertf128.mem	VEX256	256	16	0	1	134	1	vinsertf128 ymm0, ymm1, [rsi], 134
movement_11527	vextractf128.reg	VEX256	256	16	0	0	135	1	vextractf128 xmm0, ymm1, 135
movement_11528	vinsertf128.reg	VEX256	256	16	0	0	135	1	vinsertf128 ymm0, ymm1, xmm2, 135
movement_11529	vextractf128.mem	VEX256	256	16	0	2	135	1	vextractf128 [rsi], ymm1, 135
movement_11530	vinsertf128.mem	VEX256	256	16	0	1	135	1	vinsertf128 ymm0, ymm1, [rsi], 135
movement_11531	vextractf128.reg	VEX256	256	16	0	0	136	1	vextractf128 xmm0, ymm1, 136
movement_11532	vinsertf128.reg	VEX256	256	16	0	0	136	1	vinsertf128 ymm0, ymm1, xmm2, 136
movement_11533	vextractf128.mem	VEX256	256	16	0	2	136	1	vextractf128 [rsi], ymm1, 136
movement_11534	vinsertf128.mem	VEX256	256	16	0	1	136	1	vinsertf128 ymm0, ymm1, [rsi], 136
movement_11535	vextractf128.reg	VEX256	256	16	0	0	137	1	vextractf128 xmm0, ymm1, 137
movement_11536	vinsertf128.reg	VEX256	256	16	0	0	137	1	vinsertf128 ymm0, ymm1, xmm2, 137
movement_11537	vextractf128.mem	VEX256	256	16	0	2	137	1	vextractf128 [rsi], ymm1, 137
movement_11538	vinsertf128.mem	VEX256	256	16	0	1	137	1	vinsertf128 ymm0, ymm1, [rsi], 137
movement_11539	vextractf128.reg	VEX256	256	16	0	0	138	1	vextractf128 xmm0, ymm1, 138
movement_11540	vinsertf128.reg	VEX256	256	16	0	0	138	1	vinsertf128 ymm0, ymm1, xmm2, 138
movement_11541	vextractf128.mem	VEX256	256	16	0	2	138	1	vextractf128 [rsi], ymm1, 138
movement_11542	vinsertf128.mem	VEX256	256	16	0	1	138	1	vinsertf128 ymm0, ymm1, [rsi], 138
movement_11543	vextractf128.reg	VEX256	256	16	0	0	139	1	vextractf128 xmm0, ymm1, 139
movement_11544	vinsertf128.reg	VEX256	256	16	0	0	139	1	vinsertf128 ymm0, ymm1, xmm2, 139
movement_11545	vextractf128.mem	VEX256	256	16	0	2	139	1	vextractf128 [rsi], ymm1, 139
movement_11546	vinsertf128.mem	VEX256	256	16	0	1	139	1	vinsertf128 ymm0, ymm1, [rsi], 139
movement_11547	vextractf128.reg	VEX256	256	16	0	0	140	1	vextractf128 xmm0, ymm1, 140
movement_11548	vinsertf128.reg	VEX256	256	16	0	0	140	1	vinsertf128 ymm0, ymm1, xmm2, 140
movement_11549	vextractf128.mem	VEX256	256	16	0	2	140	1	vextractf128 [rsi], ymm1, 140
movement_11550	vinsertf128.mem	VEX256	256	16	0	1	140	1	vinsertf128 ymm0, ymm1, [rsi], 140
movement_11551	vextractf128.reg	VEX256	256	16	0	0	141	1	vextractf128 xmm0, ymm1, 141
movement_11552	vinsertf128.reg	VEX256	256	16	0	0	141	1	vinsertf128 ymm0, ymm1, xmm2, 141
movement_11553	vextractf128.mem	VEX256	256	16	0	2	141	1	vextractf128 [rsi], ymm1, 141
movement_11554	vinsertf128.mem	VEX256	256	16	0	1	141	1	vinsertf128 ymm0, ymm1, [rsi], 141
movement_11555	vextractf128.reg	VEX256	256	16	0	0	142	1	vextractf128 xmm0, ymm1, 142
movement_11556	vinsertf128.reg	VEX256	256	16	0	0	142	1	vinsertf128 ymm0, ymm1, xmm2, 142
movement_11557	vextractf128.mem	VEX256	256	16	0	2	142	1	vextractf128 [rsi], ymm1, 142
movement_11558	vinsertf128.mem	VEX256	256	16	0	1	142	1	vinsertf128 ymm0, ymm1, [rsi], 142
movement_11559	vextractf128.reg	VEX256	256	16	0	0	143	1	vextractf128 xmm0, ymm1, 143
movement_11560	vinsertf128.reg	VEX256	256	16	0	0	143	1	vinsertf128 ymm0, ymm1, xmm2, 143
movement_11561	vextractf128.mem	VEX256	256	16	0	2	143	1	vextractf128 [rsi], ymm1, 143
movement_11562	vinsertf128.mem	VEX256	256	16	0	1	143	1	vinsertf128 ymm0, ymm1, [rsi], 143
movement_11563	vextractf128.reg	VEX256	256	16	0	0	144	1	vextractf128 xmm0, ymm1, 144
movement_11564	vinsertf128.reg	VEX256	256	16	0	0	144	1	vinsertf128 ymm0, ymm1, xmm2, 144
movement_11565	vextractf128.mem	VEX256	256	16	0	2	144	1	vextractf128 [rsi], ymm1, 144
movement_11566	vinsertf128.mem	VEX256	256	16	0	1	144	1	vinsertf128 ymm0, ymm1, [rsi], 144
movement_11567	vextractf128.reg	VEX256	256	16	0	0	145	1	vextractf128 xmm0, ymm1, 145
movement_11568	vinsertf128.reg	VEX256	256	16	0	0	145	1	vinsertf128 ymm0, ymm1, xmm2, 145
movement_11569	vextractf128.mem	VEX256	256	16	0	2	145	1	vextractf128 [rsi], ymm1, 145
movement_11570	vinsertf128.mem	VEX256	256	16	0	1	145	1	vinsertf128 ymm0, ymm1, [rsi], 145
movement_11571	vextractf128.reg	VEX256	256	16	0	0	146	1	vextractf128 xmm0, ymm1, 146
movement_11572	vinsertf128.reg	VEX256	256	16	0	0	146	1	vinsertf128 ymm0, ymm1, xmm2, 146
movement_11573	vextractf128.mem	VEX256	256	16	0	2	146	1	vextractf128 [rsi], ymm1, 146
movement_11574	vinsertf128.mem	VEX256	256	16	0	1	146	1	vinsertf128 ymm0, ymm1, [rsi], 146
movement_11575	vextractf128.reg	VEX256	256	16	0	0	147	1	vextractf128 xmm0, ymm1, 147
movement_11576	vinsertf128.reg	VEX256	256	16	0	0	147	1	vinsertf128 ymm0, ymm1, xmm2, 147
movement_11577	vextractf128.mem	VEX256	256	16	0	2	147	1	vextractf128 [rsi], ymm1, 147
movement_11578	vinsertf128.mem	VEX256	256	16	0	1	147	1	vinsertf128 ymm0, ymm1, [rsi], 147
movement_11579	vextractf128.reg	VEX256	256	16	0	0	148	1	vextractf128 xmm0, ymm1, 148
movement_11580	vinsertf128.reg	VEX256	256	16	0	0	148	1	vinsertf128 ymm0, ymm1, xmm2, 148
movement_11581	vextractf128.mem	VEX256	256	16	0	2	148	1	vextractf128 [rsi], ymm1, 148
movement_11582	vinsertf128.mem	VEX256	256	16	0	1	148	1	vinsertf128 ymm0, ymm1, [rsi], 148
movement_11583	vextractf128.reg	VEX256	256	16	0	0	149	1	vextractf128 xmm0, ymm1, 149
movement_11584	vinsertf128.reg	VEX256	256	16	0	0	149	1	vinsertf128 ymm0, ymm1, xmm2, 149
movement_11585	vextractf128.mem	VEX256	256	16	0	2	149	1	vextractf128 [rsi], ymm1, 149
movement_11586	vinsertf128.mem	VEX256	256	16	0	1	149	1	vinsertf128 ymm0, ymm1, [rsi], 149
movement_11587	vextractf128.reg	VEX256	256	16	0	0	150	1	vextractf128 xmm0, ymm1, 150
movement_11588	vinsertf128.reg	VEX256	256	16	0	0	150	1	vinsertf128 ymm0, ymm1, xmm2, 150
movement_11589	vextractf128.mem	VEX256	256	16	0	2	150	1	vextractf128 [rsi], ymm1, 150
movement_11590	vinsertf128.mem	VEX256	256	16	0	1	150	1	vinsertf128 ymm0, ymm1, [rsi], 150
movement_11591	vextractf128.reg	VEX256	256	16	0	0	151	1	vextractf128 xmm0, ymm1, 151
movement_11592	vinsertf128.reg	VEX256	256	16	0	0	151	1	vinsertf128 ymm0, ymm1, xmm2, 151
movement_11593	vextractf128.mem	VEX256	256	16	0	2	151	1	vextractf128 [rsi], ymm1, 151
movement_11594	vinsertf128.mem	VEX256	256	16	0	1	151	1	vinsertf128 ymm0, ymm1, [rsi], 151
movement_11595	vextractf128.reg	VEX256	256	16	0	0	152	1	vextractf128 xmm0, ymm1, 152
movement_11596	vinsertf128.reg	VEX256	256	16	0	0	152	1	vinsertf128 ymm0, ymm1, xmm2, 152
movement_11597	vextractf128.mem	VEX256	256	16	0	2	152	1	vextractf128 [rsi], ymm1, 152
movement_11598	vinsertf128.mem	VEX256	256	16	0	1	152	1	vinsertf128 ymm0, ymm1, [rsi], 152
movement_11599	vextractf128.reg	VEX256	256	16	0	0	153	1	vextractf128 xmm0, ymm1, 153
movement_11600	vinsertf128.reg	VEX256	256	16	0	0	153	1	vinsertf128 ymm0, ymm1, xmm2, 153
movement_11601	vextractf128.mem	VEX256	256	16	0	2	153	1	vextractf128 [rsi], ymm1, 153
movement_11602	vinsertf128.mem	VEX256	256	16	0	1	153	1	vinsertf128 ymm0, ymm1, [rsi], 153
movement_11603	vextractf128.reg	VEX256	256	16	0	0	154	1	vextractf128 xmm0, ymm1, 154
movement_11604	vinsertf128.reg	VEX256	256	16	0	0	154	1	vinsertf128 ymm0, ymm1, xmm2, 154
movement_11605	vextractf128.mem	VEX256	256	16	0	2	154	1	vextractf128 [rsi], ymm1, 154
movement_11606	vinsertf128.mem	VEX256	256	16	0	1	154	1	vinsertf128 ymm0, ymm1, [rsi], 154
movement_11607	vextractf128.reg	VEX256	256	16	0	0	155	1	vextractf128 xmm0, ymm1, 155
movement_11608	vinsertf128.reg	VEX256	256	16	0	0	155	1	vinsertf128 ymm0, ymm1, xmm2, 155
movement_11609	vextractf128.mem	VEX256	256	16	0	2	155	1	vextractf128 [rsi], ymm1, 155
movement_11610	vinsertf128.mem	VEX256	256	16	0	1	155	1	vinsertf128 ymm0, ymm1, [rsi], 155
movement_11611	vextractf128.reg	VEX256	256	16	0	0	156	1	vextractf128 xmm0, ymm1, 156
movement_11612	vinsertf128.reg	VEX256	256	16	0	0	156	1	vinsertf128 ymm0, ymm1, xmm2, 156
movement_11613	vextractf128.mem	VEX256	256	16	0	2	156	1	vextractf128 [rsi], ymm1, 156
movement_11614	vinsertf128.mem	VEX256	256	16	0	1	156	1	vinsertf128 ymm0, ymm1, [rsi], 156
movement_11615	vextractf128.reg	VEX256	256	16	0	0	157	1	vextractf128 xmm0, ymm1, 157
movement_11616	vinsertf128.reg	VEX256	256	16	0	0	157	1	vinsertf128 ymm0, ymm1, xmm2, 157
movement_11617	vextractf128.mem	VEX256	256	16	0	2	157	1	vextractf128 [rsi], ymm1, 157
movement_11618	vinsertf128.mem	VEX256	256	16	0	1	157	1	vinsertf128 ymm0, ymm1, [rsi], 157
movement_11619	vextractf128.reg	VEX256	256	16	0	0	158	1	vextractf128 xmm0, ymm1, 158
movement_11620	vinsertf128.reg	VEX256	256	16	0	0	158	1	vinsertf128 ymm0, ymm1, xmm2, 158
movement_11621	vextractf128.mem	VEX256	256	16	0	2	158	1	vextractf128 [rsi], ymm1, 158
movement_11622	vinsertf128.mem	VEX256	256	16	0	1	158	1	vinsertf128 ymm0, ymm1, [rsi], 158
movement_11623	vextractf128.reg	VEX256	256	16	0	0	159	1	vextractf128 xmm0, ymm1, 159
movement_11624	vinsertf128.reg	VEX256	256	16	0	0	159	1	vinsertf128 ymm0, ymm1, xmm2, 159
movement_11625	vextractf128.mem	VEX256	256	16	0	2	159	1	vextractf128 [rsi], ymm1, 159
movement_11626	vinsertf128.mem	VEX256	256	16	0	1	159	1	vinsertf128 ymm0, ymm1, [rsi], 159
movement_11627	vextractf128.reg	VEX256	256	16	0	0	160	1	vextractf128 xmm0, ymm1, 160
movement_11628	vinsertf128.reg	VEX256	256	16	0	0	160	1	vinsertf128 ymm0, ymm1, xmm2, 160
movement_11629	vextractf128.mem	VEX256	256	16	0	2	160	1	vextractf128 [rsi], ymm1, 160
movement_11630	vinsertf128.mem	VEX256	256	16	0	1	160	1	vinsertf128 ymm0, ymm1, [rsi], 160
movement_11631	vextractf128.reg	VEX256	256	16	0	0	161	1	vextractf128 xmm0, ymm1, 161
movement_11632	vinsertf128.reg	VEX256	256	16	0	0	161	1	vinsertf128 ymm0, ymm1, xmm2, 161
movement_11633	vextractf128.mem	VEX256	256	16	0	2	161	1	vextractf128 [rsi], ymm1, 161
movement_11634	vinsertf128.mem	VEX256	256	16	0	1	161	1	vinsertf128 ymm0, ymm1, [rsi], 161
movement_11635	vextractf128.reg	VEX256	256	16	0	0	162	1	vextractf128 xmm0, ymm1, 162
movement_11636	vinsertf128.reg	VEX256	256	16	0	0	162	1	vinsertf128 ymm0, ymm1, xmm2, 162
movement_11637	vextractf128.mem	VEX256	256	16	0	2	162	1	vextractf128 [rsi], ymm1, 162
movement_11638	vinsertf128.mem	VEX256	256	16	0	1	162	1	vinsertf128 ymm0, ymm1, [rsi], 162
movement_11639	vextractf128.reg	VEX256	256	16	0	0	163	1	vextractf128 xmm0, ymm1, 163
movement_11640	vinsertf128.reg	VEX256	256	16	0	0	163	1	vinsertf128 ymm0, ymm1, xmm2, 163
movement_11641	vextractf128.mem	VEX256	256	16	0	2	163	1	vextractf128 [rsi], ymm1, 163
movement_11642	vinsertf128.mem	VEX256	256	16	0	1	163	1	vinsertf128 ymm0, ymm1, [rsi], 163
movement_11643	vextractf128.reg	VEX256	256	16	0	0	164	1	vextractf128 xmm0, ymm1, 164
movement_11644	vinsertf128.reg	VEX256	256	16	0	0	164	1	vinsertf128 ymm0, ymm1, xmm2, 164
movement_11645	vextractf128.mem	VEX256	256	16	0	2	164	1	vextractf128 [rsi], ymm1, 164
movement_11646	vinsertf128.mem	VEX256	256	16	0	1	164	1	vinsertf128 ymm0, ymm1, [rsi], 164
movement_11647	vextractf128.reg	VEX256	256	16	0	0	165	1	vextractf128 xmm0, ymm1, 165
movement_11648	vinsertf128.reg	VEX256	256	16	0	0	165	1	vinsertf128 ymm0, ymm1, xmm2, 165
movement_11649	vextractf128.mem	VEX256	256	16	0	2	165	1	vextractf128 [rsi], ymm1, 165
movement_11650	vinsertf128.mem	VEX256	256	16	0	1	165	1	vinsertf128 ymm0, ymm1, [rsi], 165
movement_11651	vextractf128.reg	VEX256	256	16	0	0	166	1	vextractf128 xmm0, ymm1, 166
movement_11652	vinsertf128.reg	VEX256	256	16	0	0	166	1	vinsertf128 ymm0, ymm1, xmm2, 166
movement_11653	vextractf128.mem	VEX256	256	16	0	2	166	1	vextractf128 [rsi], ymm1, 166
movement_11654	vinsertf128.mem	VEX256	256	16	0	1	166	1	vinsertf128 ymm0, ymm1, [rsi], 166
movement_11655	vextractf128.reg	VEX256	256	16	0	0	167	1	vextractf128 xmm0, ymm1, 167
movement_11656	vinsertf128.reg	VEX256	256	16	0	0	167	1	vinsertf128 ymm0, ymm1, xmm2, 167
movement_11657	vextractf128.mem	VEX256	256	16	0	2	167	1	vextractf128 [rsi], ymm1, 167
movement_11658	vinsertf128.mem	VEX256	256	16	0	1	167	1	vinsertf128 ymm0, ymm1, [rsi], 167
movement_11659	vextractf128.reg	VEX256	256	16	0	0	168	1	vextractf128 xmm0, ymm1, 168
movement_11660	vinsertf128.reg	VEX256	256	16	0	0	168	1	vinsertf128 ymm0, ymm1, xmm2, 168
movement_11661	vextractf128.mem	VEX256	256	16	0	2	168	1	vextractf128 [rsi], ymm1, 168
movement_11662	vinsertf128.mem	VEX256	256	16	0	1	168	1	vinsertf128 ymm0, ymm1, [rsi], 168
movement_11663	vextractf128.reg	VEX256	256	16	0	0	169	1	vextractf128 xmm0, ymm1, 169
movement_11664	vinsertf128.reg	VEX256	256	16	0	0	169	1	vinsertf128 ymm0, ymm1, xmm2, 169
movement_11665	vextractf128.mem	VEX256	256	16	0	2	169	1	vextractf128 [rsi], ymm1, 169
movement_11666	vinsertf128.mem	VEX256	256	16	0	1	169	1	vinsertf128 ymm0, ymm1, [rsi], 169
movement_11667	vextractf128.reg	VEX256	256	16	0	0	170	1	vextractf128 xmm0, ymm1, 170
movement_11668	vinsertf128.reg	VEX256	256	16	0	0	170	1	vinsertf128 ymm0, ymm1, xmm2, 170
movement_11669	vextractf128.mem	VEX256	256	16	0	2	170	1	vextractf128 [rsi], ymm1, 170
movement_11670	vinsertf128.mem	VEX256	256	16	0	1	170	1	vinsertf128 ymm0, ymm1, [rsi], 170
movement_11671	vextractf128.reg	VEX256	256	16	0	0	171	1	vextractf128 xmm0, ymm1, 171
movement_11672	vinsertf128.reg	VEX256	256	16	0	0	171	1	vinsertf128 ymm0, ymm1, xmm2, 171
movement_11673	vextractf128.mem	VEX256	256	16	0	2	171	1	vextractf128 [rsi], ymm1, 171
movement_11674	vinsertf128.mem	VEX256	256	16	0	1	171	1	vinsertf128 ymm0, ymm1, [rsi], 171
movement_11675	vextractf128.reg	VEX256	256	16	0	0	172	1	vextractf128 xmm0, ymm1, 172
movement_11676	vinsertf128.reg	VEX256	256	16	0	0	172	1	vinsertf128 ymm0, ymm1, xmm2, 172
movement_11677	vextractf128.mem	VEX256	256	16	0	2	172	1	vextractf128 [rsi], ymm1, 172
movement_11678	vinsertf128.mem	VEX256	256	16	0	1	172	1	vinsertf128 ymm0, ymm1, [rsi], 172
movement_11679	vextractf128.reg	VEX256	256	16	0	0	173	1	vextractf128 xmm0, ymm1, 173
movement_11680	vinsertf128.reg	VEX256	256	16	0	0	173	1	vinsertf128 ymm0, ymm1, xmm2, 173
movement_11681	vextractf128.mem	VEX256	256	16	0	2	173	1	vextractf128 [rsi], ymm1, 173
movement_11682	vinsertf128.mem	VEX256	256	16	0	1	173	1	vinsertf128 ymm0, ymm1, [rsi], 173
movement_11683	vextractf128.reg	VEX256	256	16	0	0	174	1	vextractf128 xmm0, ymm1, 174
movement_11684	vinsertf128.reg	VEX256	256	16	0	0	174	1	vinsertf128 ymm0, ymm1, xmm2, 174
movement_11685	vextractf128.mem	VEX256	256	16	0	2	174	1	vextractf128 [rsi], ymm1, 174
movement_11686	vinsertf128.mem	VEX256	256	16	0	1	174	1	vinsertf128 ymm0, ymm1, [rsi], 174
movement_11687	vextractf128.reg	VEX256	256	16	0	0	175	1	vextractf128 xmm0, ymm1, 175
movement_11688	vinsertf128.reg	VEX256	256	16	0	0	175	1	vinsertf128 ymm0, ymm1, xmm2, 175
movement_11689	vextractf128.mem	VEX256	256	16	0	2	175	1	vextractf128 [rsi], ymm1, 175
movement_11690	vinsertf128.mem	VEX256	256	16	0	1	175	1	vinsertf128 ymm0, ymm1, [rsi], 175
movement_11691	vextractf128.reg	VEX256	256	16	0	0	176	1	vextractf128 xmm0, ymm1, 176
movement_11692	vinsertf128.reg	VEX256	256	16	0	0	176	1	vinsertf128 ymm0, ymm1, xmm2, 176
movement_11693	vextractf128.mem	VEX256	256	16	0	2	176	1	vextractf128 [rsi], ymm1, 176
movement_11694	vinsertf128.mem	VEX256	256	16	0	1	176	1	vinsertf128 ymm0, ymm1, [rsi], 176
movement_11695	vextractf128.reg	VEX256	256	16	0	0	177	1	vextractf128 xmm0, ymm1, 177
movement_11696	vinsertf128.reg	VEX256	256	16	0	0	177	1	vinsertf128 ymm0, ymm1, xmm2, 177
movement_11697	vextractf128.mem	VEX256	256	16	0	2	177	1	vextractf128 [rsi], ymm1, 177
movement_11698	vinsertf128.mem	VEX256	256	16	0	1	177	1	vinsertf128 ymm0, ymm1, [rsi], 177
movement_11699	vextractf128.reg	VEX256	256	16	0	0	178	1	vextractf128 xmm0, ymm1, 178
movement_11700	vinsertf128.reg	VEX256	256	16	0	0	178	1	vinsertf128 ymm0, ymm1, xmm2, 178
movement_11701	vextractf128.mem	VEX256	256	16	0	2	178	1	vextractf128 [rsi], ymm1, 178
movement_11702	vinsertf128.mem	VEX256	256	16	0	1	178	1	vinsertf128 ymm0, ymm1, [rsi], 178
movement_11703	vextractf128.reg	VEX256	256	16	0	0	179	1	vextractf128 xmm0, ymm1, 179
movement_11704	vinsertf128.reg	VEX256	256	16	0	0	179	1	vinsertf128 ymm0, ymm1, xmm2, 179
movement_11705	vextractf128.mem	VEX256	256	16	0	2	179	1	vextractf128 [rsi], ymm1, 179
movement_11706	vinsertf128.mem	VEX256	256	16	0	1	179	1	vinsertf128 ymm0, ymm1, [rsi], 179
movement_11707	vextractf128.reg	VEX256	256	16	0	0	180	1	vextractf128 xmm0, ymm1, 180
movement_11708	vinsertf128.reg	VEX256	256	16	0	0	180	1	vinsertf128 ymm0, ymm1, xmm2, 180
movement_11709	vextractf128.mem	VEX256	256	16	0	2	180	1	vextractf128 [rsi], ymm1, 180
movement_11710	vinsertf128.mem	VEX256	256	16	0	1	180	1	vinsertf128 ymm0, ymm1, [rsi], 180
movement_11711	vextractf128.reg	VEX256	256	16	0	0	181	1	vextractf128 xmm0, ymm1, 181
movement_11712	vinsertf128.reg	VEX256	256	16	0	0	181	1	vinsertf128 ymm0, ymm1, xmm2, 181
movement_11713	vextractf128.mem	VEX256	256	16	0	2	181	1	vextractf128 [rsi], ymm1, 181
movement_11714	vinsertf128.mem	VEX256	256	16	0	1	181	1	vinsertf128 ymm0, ymm1, [rsi], 181
movement_11715	vextractf128.reg	VEX256	256	16	0	0	182	1	vextractf128 xmm0, ymm1, 182
movement_11716	vinsertf128.reg	VEX256	256	16	0	0	182	1	vinsertf128 ymm0, ymm1, xmm2, 182
movement_11717	vextractf128.mem	VEX256	256	16	0	2	182	1	vextractf128 [rsi], ymm1, 182
movement_11718	vinsertf128.mem	VEX256	256	16	0	1	182	1	vinsertf128 ymm0, ymm1, [rsi], 182
movement_11719	vextractf128.reg	VEX256	256	16	0	0	183	1	vextractf128 xmm0, ymm1, 183
movement_11720	vinsertf128.reg	VEX256	256	16	0	0	183	1	vinsertf128 ymm0, ymm1, xmm2, 183
movement_11721	vextractf128.mem	VEX256	256	16	0	2	183	1	vextractf128 [rsi], ymm1, 183
movement_11722	vinsertf128.mem	VEX256	256	16	0	1	183	1	vinsertf128 ymm0, ymm1, [rsi], 183
movement_11723	vextractf128.reg	VEX256	256	16	0	0	184	1	vextractf128 xmm0, ymm1, 184
movement_11724	vinsertf128.reg	VEX256	256	16	0	0	184	1	vinsertf128 ymm0, ymm1, xmm2, 184
movement_11725	vextractf128.mem	VEX256	256	16	0	2	184	1	vextractf128 [rsi], ymm1, 184
movement_11726	vinsertf128.mem	VEX256	256	16	0	1	184	1	vinsertf128 ymm0, ymm1, [rsi], 184
movement_11727	vextractf128.reg	VEX256	256	16	0	0	185	1	vextractf128 xmm0, ymm1, 185
movement_11728	vinsertf128.reg	VEX256	256	16	0	0	185	1	vinsertf128 ymm0, ymm1, xmm2, 185
movement_11729	vextractf128.mem	VEX256	256	16	0	2	185	1	vextractf128 [rsi], ymm1, 185
movement_11730	vinsertf128.mem	VEX256	256	16	0	1	185	1	vinsertf128 ymm0, ymm1, [rsi], 185
movement_11731	vextractf128.reg	VEX256	256	16	0	0	186	1	vextractf128 xmm0, ymm1, 186
movement_11732	vinsertf128.reg	VEX256	256	16	0	0	186	1	vinsertf128 ymm0, ymm1, xmm2, 186
movement_11733	vextractf128.mem	VEX256	256	16	0	2	186	1	vextractf128 [rsi], ymm1, 186
movement_11734	vinsertf128.mem	VEX256	256	16	0	1	186	1	vinsertf128 ymm0, ymm1, [rsi], 186
movement_11735	vextractf128.reg	VEX256	256	16	0	0	187	1	vextractf128 xmm0, ymm1, 187
movement_11736	vinsertf128.reg	VEX256	256	16	0	0	187	1	vinsertf128 ymm0, ymm1, xmm2, 187
movement_11737	vextractf128.mem	VEX256	256	16	0	2	187	1	vextractf128 [rsi], ymm1, 187
movement_11738	vinsertf128.mem	VEX256	256	16	0	1	187	1	vinsertf128 ymm0, ymm1, [rsi], 187
movement_11739	vextractf128.reg	VEX256	256	16	0	0	188	1	vextractf128 xmm0, ymm1, 188
movement_11740	vinsertf128.reg	VEX256	256	16	0	0	188	1	vinsertf128 ymm0, ymm1, xmm2, 188
movement_11741	vextractf128.mem	VEX256	256	16	0	2	188	1	vextractf128 [rsi], ymm1, 188
movement_11742	vinsertf128.mem	VEX256	256	16	0	1	188	1	vinsertf128 ymm0, ymm1, [rsi], 188
movement_11743	vextractf128.reg	VEX256	256	16	0	0	189	1	vextractf128 xmm0, ymm1, 189
movement_11744	vinsertf128.reg	VEX256	256	16	0	0	189	1	vinsertf128 ymm0, ymm1, xmm2, 189
movement_11745	vextractf128.mem	VEX256	256	16	0	2	189	1	vextractf128 [rsi], ymm1, 189
movement_11746	vinsertf128.mem	VEX256	256	16	0	1	189	1	vinsertf128 ymm0, ymm1, [rsi], 189
movement_11747	vextractf128.reg	VEX256	256	16	0	0	190	1	vextractf128 xmm0, ymm1, 190
movement_11748	vinsertf128.reg	VEX256	256	16	0	0	190	1	vinsertf128 ymm0, ymm1, xmm2, 190
movement_11749	vextractf128.mem	VEX256	256	16	0	2	190	1	vextractf128 [rsi], ymm1, 190
movement_11750	vinsertf128.mem	VEX256	256	16	0	1	190	1	vinsertf128 ymm0, ymm1, [rsi], 190
movement_11751	vextractf128.reg	VEX256	256	16	0	0	191	1	vextractf128 xmm0, ymm1, 191
movement_11752	vinsertf128.reg	VEX256	256	16	0	0	191	1	vinsertf128 ymm0, ymm1, xmm2, 191
movement_11753	vextractf128.mem	VEX256	256	16	0	2	191	1	vextractf128 [rsi], ymm1, 191
movement_11754	vinsertf128.mem	VEX256	256	16	0	1	191	1	vinsertf128 ymm0, ymm1, [rsi], 191
movement_11755	vextractf128.reg	VEX256	256	16	0	0	192	1	vextractf128 xmm0, ymm1, 192
movement_11756	vinsertf128.reg	VEX256	256	16	0	0	192	1	vinsertf128 ymm0, ymm1, xmm2, 192
movement_11757	vextractf128.mem	VEX256	256	16	0	2	192	1	vextractf128 [rsi], ymm1, 192
movement_11758	vinsertf128.mem	VEX256	256	16	0	1	192	1	vinsertf128 ymm0, ymm1, [rsi], 192
movement_11759	vextractf128.reg	VEX256	256	16	0	0	193	1	vextractf128 xmm0, ymm1, 193
movement_11760	vinsertf128.reg	VEX256	256	16	0	0	193	1	vinsertf128 ymm0, ymm1, xmm2, 193
movement_11761	vextractf128.mem	VEX256	256	16	0	2	193	1	vextractf128 [rsi], ymm1, 193
movement_11762	vinsertf128.mem	VEX256	256	16	0	1	193	1	vinsertf128 ymm0, ymm1, [rsi], 193
movement_11763	vextractf128.reg	VEX256	256	16	0	0	194	1	vextractf128 xmm0, ymm1, 194
movement_11764	vinsertf128.reg	VEX256	256	16	0	0	194	1	vinsertf128 ymm0, ymm1, xmm2, 194
movement_11765	vextractf128.mem	VEX256	256	16	0	2	194	1	vextractf128 [rsi], ymm1, 194
movement_11766	vinsertf128.mem	VEX256	256	16	0	1	194	1	vinsertf128 ymm0, ymm1, [rsi], 194
movement_11767	vextractf128.reg	VEX256	256	16	0	0	195	1	vextractf128 xmm0, ymm1, 195
movement_11768	vinsertf128.reg	VEX256	256	16	0	0	195	1	vinsertf128 ymm0, ymm1, xmm2, 195
movement_11769	vextractf128.mem	VEX256	256	16	0	2	195	1	vextractf128 [rsi], ymm1, 195
movement_11770	vinsertf128.mem	VEX256	256	16	0	1	195	1	vinsertf128 ymm0, ymm1, [rsi], 195
movement_11771	vextractf128.reg	VEX256	256	16	0	0	196	1	vextractf128 xmm0, ymm1, 196
movement_11772	vinsertf128.reg	VEX256	256	16	0	0	196	1	vinsertf128 ymm0, ymm1, xmm2, 196
movement_11773	vextractf128.mem	VEX256	256	16	0	2	196	1	vextractf128 [rsi], ymm1, 196
movement_11774	vinsertf128.mem	VEX256	256	16	0	1	196	1	vinsertf128 ymm0, ymm1, [rsi], 196
movement_11775	vextractf128.reg	VEX256	256	16	0	0	197	1	vextractf128 xmm0, ymm1, 197
movement_11776	vinsertf128.reg	VEX256	256	16	0	0	197	1	vinsertf128 ymm0, ymm1, xmm2, 197
movement_11777	vextractf128.mem	VEX256	256	16	0	2	197	1	vextractf128 [rsi], ymm1, 197
movement_11778	vinsertf128.mem	VEX256	256	16	0	1	197	1	vinsertf128 ymm0, ymm1, [rsi], 197
movement_11779	vextractf128.reg	VEX256	256	16	0	0	198	1	vextractf128 xmm0, ymm1, 198
movement_11780	vinsertf128.reg	VEX256	256	16	0	0	198	1	vinsertf128 ymm0, ymm1, xmm2, 198
movement_11781	vextractf128.mem	VEX256	256	16	0	2	198	1	vextractf128 [rsi], ymm1, 198
movement_11782	vinsertf128.mem	VEX256	256	16	0	1	198	1	vinsertf128 ymm0, ymm1, [rsi], 198
movement_11783	vextractf128.reg	VEX256	256	16	0	0	199	1	vextractf128 xmm0, ymm1, 199
movement_11784	vinsertf128.reg	VEX256	256	16	0	0	199	1	vinsertf128 ymm0, ymm1, xmm2, 199
movement_11785	vextractf128.mem	VEX256	256	16	0	2	199	1	vextractf128 [rsi], ymm1, 199
movement_11786	vinsertf128.mem	VEX256	256	16	0	1	199	1	vinsertf128 ymm0, ymm1, [rsi], 199
movement_11787	vextractf128.reg	VEX256	256	16	0	0	200	1	vextractf128 xmm0, ymm1, 200
movement_11788	vinsertf128.reg	VEX256	256	16	0	0	200	1	vinsertf128 ymm0, ymm1, xmm2, 200
movement_11789	vextractf128.mem	VEX256	256	16	0	2	200	1	vextractf128 [rsi], ymm1, 200
movement_11790	vinsertf128.mem	VEX256	256	16	0	1	200	1	vinsertf128 ymm0, ymm1, [rsi], 200
movement_11791	vextractf128.reg	VEX256	256	16	0	0	201	1	vextractf128 xmm0, ymm1, 201
movement_11792	vinsertf128.reg	VEX256	256	16	0	0	201	1	vinsertf128 ymm0, ymm1, xmm2, 201
movement_11793	vextractf128.mem	VEX256	256	16	0	2	201	1	vextractf128 [rsi], ymm1, 201
movement_11794	vinsertf128.mem	VEX256	256	16	0	1	201	1	vinsertf128 ymm0, ymm1, [rsi], 201
movement_11795	vextractf128.reg	VEX256	256	16	0	0	202	1	vextractf128 xmm0, ymm1, 202
movement_11796	vinsertf128.reg	VEX256	256	16	0	0	202	1	vinsertf128 ymm0, ymm1, xmm2, 202
movement_11797	vextractf128.mem	VEX256	256	16	0	2	202	1	vextractf128 [rsi], ymm1, 202
movement_11798	vinsertf128.mem	VEX256	256	16	0	1	202	1	vinsertf128 ymm0, ymm1, [rsi], 202
movement_11799	vextractf128.reg	VEX256	256	16	0	0	203	1	vextractf128 xmm0, ymm1, 203
movement_11800	vinsertf128.reg	VEX256	256	16	0	0	203	1	vinsertf128 ymm0, ymm1, xmm2, 203
movement_11801	vextractf128.mem	VEX256	256	16	0	2	203	1	vextractf128 [rsi], ymm1, 203
movement_11802	vinsertf128.mem	VEX256	256	16	0	1	203	1	vinsertf128 ymm0, ymm1, [rsi], 203
movement_11803	vextractf128.reg	VEX256	256	16	0	0	204	1	vextractf128 xmm0, ymm1, 204
movement_11804	vinsertf128.reg	VEX256	256	16	0	0	204	1	vinsertf128 ymm0, ymm1, xmm2, 204
movement_11805	vextractf128.mem	VEX256	256	16	0	2	204	1	vextractf128 [rsi], ymm1, 204
movement_11806	vinsertf128.mem	VEX256	256	16	0	1	204	1	vinsertf128 ymm0, ymm1, [rsi], 204
movement_11807	vextractf128.reg	VEX256	256	16	0	0	205	1	vextractf128 xmm0, ymm1, 205
movement_11808	vinsertf128.reg	VEX256	256	16	0	0	205	1	vinsertf128 ymm0, ymm1, xmm2, 205
movement_11809	vextractf128.mem	VEX256	256	16	0	2	205	1	vextractf128 [rsi], ymm1, 205
movement_11810	vinsertf128.mem	VEX256	256	16	0	1	205	1	vinsertf128 ymm0, ymm1, [rsi], 205
movement_11811	vextractf128.reg	VEX256	256	16	0	0	206	1	vextractf128 xmm0, ymm1, 206
movement_11812	vinsertf128.reg	VEX256	256	16	0	0	206	1	vinsertf128 ymm0, ymm1, xmm2, 206
movement_11813	vextractf128.mem	VEX256	256	16	0	2	206	1	vextractf128 [rsi], ymm1, 206
movement_11814	vinsertf128.mem	VEX256	256	16	0	1	206	1	vinsertf128 ymm0, ymm1, [rsi], 206
movement_11815	vextractf128.reg	VEX256	256	16	0	0	207	1	vextractf128 xmm0, ymm1, 207
movement_11816	vinsertf128.reg	VEX256	256	16	0	0	207	1	vinsertf128 ymm0, ymm1, xmm2, 207
movement_11817	vextractf128.mem	VEX256	256	16	0	2	207	1	vextractf128 [rsi], ymm1, 207
movement_11818	vinsertf128.mem	VEX256	256	16	0	1	207	1	vinsertf128 ymm0, ymm1, [rsi], 207
movement_11819	vextractf128.reg	VEX256	256	16	0	0	208	1	vextractf128 xmm0, ymm1, 208
movement_11820	vinsertf128.reg	VEX256	256	16	0	0	208	1	vinsertf128 ymm0, ymm1, xmm2, 208
movement_11821	vextractf128.mem	VEX256	256	16	0	2	208	1	vextractf128 [rsi], ymm1, 208
movement_11822	vinsertf128.mem	VEX256	256	16	0	1	208	1	vinsertf128 ymm0, ymm1, [rsi], 208
movement_11823	vextractf128.reg	VEX256	256	16	0	0	209	1	vextractf128 xmm0, ymm1, 209
movement_11824	vinsertf128.reg	VEX256	256	16	0	0	209	1	vinsertf128 ymm0, ymm1, xmm2, 209
movement_11825	vextractf128.mem	VEX256	256	16	0	2	209	1	vextractf128 [rsi], ymm1, 209
movement_11826	vinsertf128.mem	VEX256	256	16	0	1	209	1	vinsertf128 ymm0, ymm1, [rsi], 209
movement_11827	vextractf128.reg	VEX256	256	16	0	0	210	1	vextractf128 xmm0, ymm1, 210
movement_11828	vinsertf128.reg	VEX256	256	16	0	0	210	1	vinsertf128 ymm0, ymm1, xmm2, 210
movement_11829	vextractf128.mem	VEX256	256	16	0	2	210	1	vextractf128 [rsi], ymm1, 210
movement_11830	vinsertf128.mem	VEX256	256	16	0	1	210	1	vinsertf128 ymm0, ymm1, [rsi], 210
movement_11831	vextractf128.reg	VEX256	256	16	0	0	211	1	vextractf128 xmm0, ymm1, 211
movement_11832	vinsertf128.reg	VEX256	256	16	0	0	211	1	vinsertf128 ymm0, ymm1, xmm2, 211
movement_11833	vextractf128.mem	VEX256	256	16	0	2	211	1	vextractf128 [rsi], ymm1, 211
movement_11834	vinsertf128.mem	VEX256	256	16	0	1	211	1	vinsertf128 ymm0, ymm1, [rsi], 211
movement_11835	vextractf128.reg	VEX256	256	16	0	0	212	1	vextractf128 xmm0, ymm1, 212
movement_11836	vinsertf128.reg	VEX256	256	16	0	0	212	1	vinsertf128 ymm0, ymm1, xmm2, 212
movement_11837	vextractf128.mem	VEX256	256	16	0	2	212	1	vextractf128 [rsi], ymm1, 212
movement_11838	vinsertf128.mem	VEX256	256	16	0	1	212	1	vinsertf128 ymm0, ymm1, [rsi], 212
movement_11839	vextractf128.reg	VEX256	256	16	0	0	213	1	vextractf128 xmm0, ymm1, 213
movement_11840	vinsertf128.reg	VEX256	256	16	0	0	213	1	vinsertf128 ymm0, ymm1, xmm2, 213
movement_11841	vextractf128.mem	VEX256	256	16	0	2	213	1	vextractf128 [rsi], ymm1, 213
movement_11842	vinsertf128.mem	VEX256	256	16	0	1	213	1	vinsertf128 ymm0, ymm1, [rsi], 213
movement_11843	vextractf128.reg	VEX256	256	16	0	0	214	1	vextractf128 xmm0, ymm1, 214
movement_11844	vinsertf128.reg	VEX256	256	16	0	0	214	1	vinsertf128 ymm0, ymm1, xmm2, 214
movement_11845	vextractf128.mem	VEX256	256	16	0	2	214	1	vextractf128 [rsi], ymm1, 214
movement_11846	vinsertf128.mem	VEX256	256	16	0	1	214	1	vinsertf128 ymm0, ymm1, [rsi], 214
movement_11847	vextractf128.reg	VEX256	256	16	0	0	215	1	vextractf128 xmm0, ymm1, 215
movement_11848	vinsertf128.reg	VEX256	256	16	0	0	215	1	vinsertf128 ymm0, ymm1, xmm2, 215
movement_11849	vextractf128.mem	VEX256	256	16	0	2	215	1	vextractf128 [rsi], ymm1, 215
movement_11850	vinsertf128.mem	VEX256	256	16	0	1	215	1	vinsertf128 ymm0, ymm1, [rsi], 215
movement_11851	vextractf128.reg	VEX256	256	16	0	0	216	1	vextractf128 xmm0, ymm1, 216
movement_11852	vinsertf128.reg	VEX256	256	16	0	0	216	1	vinsertf128 ymm0, ymm1, xmm2, 216
movement_11853	vextractf128.mem	VEX256	256	16	0	2	216	1	vextractf128 [rsi], ymm1, 216
movement_11854	vinsertf128.mem	VEX256	256	16	0	1	216	1	vinsertf128 ymm0, ymm1, [rsi], 216
movement_11855	vextractf128.reg	VEX256	256	16	0	0	217	1	vextractf128 xmm0, ymm1, 217
movement_11856	vinsertf128.reg	VEX256	256	16	0	0	217	1	vinsertf128 ymm0, ymm1, xmm2, 217
movement_11857	vextractf128.mem	VEX256	256	16	0	2	217	1	vextractf128 [rsi], ymm1, 217
movement_11858	vinsertf128.mem	VEX256	256	16	0	1	217	1	vinsertf128 ymm0, ymm1, [rsi], 217
movement_11859	vextractf128.reg	VEX256	256	16	0	0	218	1	vextractf128 xmm0, ymm1, 218
movement_11860	vinsertf128.reg	VEX256	256	16	0	0	218	1	vinsertf128 ymm0, ymm1, xmm2, 218
movement_11861	vextractf128.mem	VEX256	256	16	0	2	218	1	vextractf128 [rsi], ymm1, 218
movement_11862	vinsertf128.mem	VEX256	256	16	0	1	218	1	vinsertf128 ymm0, ymm1, [rsi], 218
movement_11863	vextractf128.reg	VEX256	256	16	0	0	219	1	vextractf128 xmm0, ymm1, 219
movement_11864	vinsertf128.reg	VEX256	256	16	0	0	219	1	vinsertf128 ymm0, ymm1, xmm2, 219
movement_11865	vextractf128.mem	VEX256	256	16	0	2	219	1	vextractf128 [rsi], ymm1, 219
movement_11866	vinsertf128.mem	VEX256	256	16	0	1	219	1	vinsertf128 ymm0, ymm1, [rsi], 219
movement_11867	vextractf128.reg	VEX256	256	16	0	0	220	1	vextractf128 xmm0, ymm1, 220
movement_11868	vinsertf128.reg	VEX256	256	16	0	0	220	1	vinsertf128 ymm0, ymm1, xmm2, 220
movement_11869	vextractf128.mem	VEX256	256	16	0	2	220	1	vextractf128 [rsi], ymm1, 220
movement_11870	vinsertf128.mem	VEX256	256	16	0	1	220	1	vinsertf128 ymm0, ymm1, [rsi], 220
movement_11871	vextractf128.reg	VEX256	256	16	0	0	221	1	vextractf128 xmm0, ymm1, 221
movement_11872	vinsertf128.reg	VEX256	256	16	0	0	221	1	vinsertf128 ymm0, ymm1, xmm2, 221
movement_11873	vextractf128.mem	VEX256	256	16	0	2	221	1	vextractf128 [rsi], ymm1, 221
movement_11874	vinsertf128.mem	VEX256	256	16	0	1	221	1	vinsertf128 ymm0, ymm1, [rsi], 221
movement_11875	vextractf128.reg	VEX256	256	16	0	0	222	1	vextractf128 xmm0, ymm1, 222
movement_11876	vinsertf128.reg	VEX256	256	16	0	0	222	1	vinsertf128 ymm0, ymm1, xmm2, 222
movement_11877	vextractf128.mem	VEX256	256	16	0	2	222	1	vextractf128 [rsi], ymm1, 222
movement_11878	vinsertf128.mem	VEX256	256	16	0	1	222	1	vinsertf128 ymm0, ymm1, [rsi], 222
movement_11879	vextractf128.reg	VEX256	256	16	0	0	223	1	vextractf128 xmm0, ymm1, 223
movement_11880	vinsertf128.reg	VEX256	256	16	0	0	223	1	vinsertf128 ymm0, ymm1, xmm2, 223
movement_11881	vextractf128.mem	VEX256	256	16	0	2	223	1	vextractf128 [rsi], ymm1, 223
movement_11882	vinsertf128.mem	VEX256	256	16	0	1	223	1	vinsertf128 ymm0, ymm1, [rsi], 223
movement_11883	vextractf128.reg	VEX256	256	16	0	0	224	1	vextractf128 xmm0, ymm1, 224
movement_11884	vinsertf128.reg	VEX256	256	16	0	0	224	1	vinsertf128 ymm0, ymm1, xmm2, 224
movement_11885	vextractf128.mem	VEX256	256	16	0	2	224	1	vextractf128 [rsi], ymm1, 224
movement_11886	vinsertf128.mem	VEX256	256	16	0	1	224	1	vinsertf128 ymm0, ymm1, [rsi], 224
movement_11887	vextractf128.reg	VEX256	256	16	0	0	225	1	vextractf128 xmm0, ymm1, 225
movement_11888	vinsertf128.reg	VEX256	256	16	0	0	225	1	vinsertf128 ymm0, ymm1, xmm2, 225
movement_11889	vextractf128.mem	VEX256	256	16	0	2	225	1	vextractf128 [rsi], ymm1, 225
movement_11890	vinsertf128.mem	VEX256	256	16	0	1	225	1	vinsertf128 ymm0, ymm1, [rsi], 225
movement_11891	vextractf128.reg	VEX256	256	16	0	0	226	1	vextractf128 xmm0, ymm1, 226
movement_11892	vinsertf128.reg	VEX256	256	16	0	0	226	1	vinsertf128 ymm0, ymm1, xmm2, 226
movement_11893	vextractf128.mem	VEX256	256	16	0	2	226	1	vextractf128 [rsi], ymm1, 226
movement_11894	vinsertf128.mem	VEX256	256	16	0	1	226	1	vinsertf128 ymm0, ymm1, [rsi], 226
movement_11895	vextractf128.reg	VEX256	256	16	0	0	227	1	vextractf128 xmm0, ymm1, 227
movement_11896	vinsertf128.reg	VEX256	256	16	0	0	227	1	vinsertf128 ymm0, ymm1, xmm2, 227
movement_11897	vextractf128.mem	VEX256	256	16	0	2	227	1	vextractf128 [rsi], ymm1, 227
movement_11898	vinsertf128.mem	VEX256	256	16	0	1	227	1	vinsertf128 ymm0, ymm1, [rsi], 227
movement_11899	vextractf128.reg	VEX256	256	16	0	0	228	1	vextractf128 xmm0, ymm1, 228
movement_11900	vinsertf128.reg	VEX256	256	16	0	0	228	1	vinsertf128 ymm0, ymm1, xmm2, 228
movement_11901	vextractf128.mem	VEX256	256	16	0	2	228	1	vextractf128 [rsi], ymm1, 228
movement_11902	vinsertf128.mem	VEX256	256	16	0	1	228	1	vinsertf128 ymm0, ymm1, [rsi], 228
movement_11903	vextractf128.reg	VEX256	256	16	0	0	229	1	vextractf128 xmm0, ymm1, 229
movement_11904	vinsertf128.reg	VEX256	256	16	0	0	229	1	vinsertf128 ymm0, ymm1, xmm2, 229
movement_11905	vextractf128.mem	VEX256	256	16	0	2	229	1	vextractf128 [rsi], ymm1, 229
movement_11906	vinsertf128.mem	VEX256	256	16	0	1	229	1	vinsertf128 ymm0, ymm1, [rsi], 229
movement_11907	vextractf128.reg	VEX256	256	16	0	0	230	1	vextractf128 xmm0, ymm1, 230
movement_11908	vinsertf128.reg	VEX256	256	16	0	0	230	1	vinsertf128 ymm0, ymm1, xmm2, 230
movement_11909	vextractf128.mem	VEX256	256	16	0	2	230	1	vextractf128 [rsi], ymm1, 230
movement_11910	vinsertf128.mem	VEX256	256	16	0	1	230	1	vinsertf128 ymm0, ymm1, [rsi], 230
movement_11911	vextractf128.reg	VEX256	256	16	0	0	231	1	vextractf128 xmm0, ymm1, 231
movement_11912	vinsertf128.reg	VEX256	256	16	0	0	231	1	vinsertf128 ymm0, ymm1, xmm2, 231
movement_11913	vextractf128.mem	VEX256	256	16	0	2	231	1	vextractf128 [rsi], ymm1, 231
movement_11914	vinsertf128.mem	VEX256	256	16	0	1	231	1	vinsertf128 ymm0, ymm1, [rsi], 231
movement_11915	vextractf128.reg	VEX256	256	16	0	0	232	1	vextractf128 xmm0, ymm1, 232
movement_11916	vinsertf128.reg	VEX256	256	16	0	0	232	1	vinsertf128 ymm0, ymm1, xmm2, 232
movement_11917	vextractf128.mem	VEX256	256	16	0	2	232	1	vextractf128 [rsi], ymm1, 232
movement_11918	vinsertf128.mem	VEX256	256	16	0	1	232	1	vinsertf128 ymm0, ymm1, [rsi], 232
movement_11919	vextractf128.reg	VEX256	256	16	0	0	233	1	vextractf128 xmm0, ymm1, 233
movement_11920	vinsertf128.reg	VEX256	256	16	0	0	233	1	vinsertf128 ymm0, ymm1, xmm2, 233
movement_11921	vextractf128.mem	VEX256	256	16	0	2	233	1	vextractf128 [rsi], ymm1, 233
movement_11922	vinsertf128.mem	VEX256	256	16	0	1	233	1	vinsertf128 ymm0, ymm1, [rsi], 233
movement_11923	vextractf128.reg	VEX256	256	16	0	0	234	1	vextractf128 xmm0, ymm1, 234
movement_11924	vinsertf128.reg	VEX256	256	16	0	0	234	1	vinsertf128 ymm0, ymm1, xmm2, 234
movement_11925	vextractf128.mem	VEX256	256	16	0	2	234	1	vextractf128 [rsi], ymm1, 234
movement_11926	vinsertf128.mem	VEX256	256	16	0	1	234	1	vinsertf128 ymm0, ymm1, [rsi], 234
movement_11927	vextractf128.reg	VEX256	256	16	0	0	235	1	vextractf128 xmm0, ymm1, 235
movement_11928	vinsertf128.reg	VEX256	256	16	0	0	235	1	vinsertf128 ymm0, ymm1, xmm2, 235
movement_11929	vextractf128.mem	VEX256	256	16	0	2	235	1	vextractf128 [rsi], ymm1, 235
movement_11930	vinsertf128.mem	VEX256	256	16	0	1	235	1	vinsertf128 ymm0, ymm1, [rsi], 235
movement_11931	vextractf128.reg	VEX256	256	16	0	0	236	1	vextractf128 xmm0, ymm1, 236
movement_11932	vinsertf128.reg	VEX256	256	16	0	0	236	1	vinsertf128 ymm0, ymm1, xmm2, 236
movement_11933	vextractf128.mem	VEX256	256	16	0	2	236	1	vextractf128 [rsi], ymm1, 236
movement_11934	vinsertf128.mem	VEX256	256	16	0	1	236	1	vinsertf128 ymm0, ymm1, [rsi], 236
movement_11935	vextractf128.reg	VEX256	256	16	0	0	237	1	vextractf128 xmm0, ymm1, 237
movement_11936	vinsertf128.reg	VEX256	256	16	0	0	237	1	vinsertf128 ymm0, ymm1, xmm2, 237
movement_11937	vextractf128.mem	VEX256	256	16	0	2	237	1	vextractf128 [rsi], ymm1, 237
movement_11938	vinsertf128.mem	VEX256	256	16	0	1	237	1	vinsertf128 ymm0, ymm1, [rsi], 237
movement_11939	vextractf128.reg	VEX256	256	16	0	0	238	1	vextractf128 xmm0, ymm1, 238
movement_11940	vinsertf128.reg	VEX256	256	16	0	0	238	1	vinsertf128 ymm0, ymm1, xmm2, 238
movement_11941	vextractf128.mem	VEX256	256	16	0	2	238	1	vextractf128 [rsi], ymm1, 238
movement_11942	vinsertf128.mem	VEX256	256	16	0	1	238	1	vinsertf128 ymm0, ymm1, [rsi], 238
movement_11943	vextractf128.reg	VEX256	256	16	0	0	239	1	vextractf128 xmm0, ymm1, 239
movement_11944	vinsertf128.reg	VEX256	256	16	0	0	239	1	vinsertf128 ymm0, ymm1, xmm2, 239
movement_11945	vextractf128.mem	VEX256	256	16	0	2	239	1	vextractf128 [rsi], ymm1, 239
movement_11946	vinsertf128.mem	VEX256	256	16	0	1	239	1	vinsertf128 ymm0, ymm1, [rsi], 239
movement_11947	vextractf128.reg	VEX256	256	16	0	0	240	1	vextractf128 xmm0, ymm1, 240
movement_11948	vinsertf128.reg	VEX256	256	16	0	0	240	1	vinsertf128 ymm0, ymm1, xmm2, 240
movement_11949	vextractf128.mem	VEX256	256	16	0	2	240	1	vextractf128 [rsi], ymm1, 240
movement_11950	vinsertf128.mem	VEX256	256	16	0	1	240	1	vinsertf128 ymm0, ymm1, [rsi], 240
movement_11951	vextractf128.reg	VEX256	256	16	0	0	241	1	vextractf128 xmm0, ymm1, 241
movement_11952	vinsertf128.reg	VEX256	256	16	0	0	241	1	vinsertf128 ymm0, ymm1, xmm2, 241
movement_11953	vextractf128.mem	VEX256	256	16	0	2	241	1	vextractf128 [rsi], ymm1, 241
movement_11954	vinsertf128.mem	VEX256	256	16	0	1	241	1	vinsertf128 ymm0, ymm1, [rsi], 241
movement_11955	vextractf128.reg	VEX256	256	16	0	0	242	1	vextractf128 xmm0, ymm1, 242
movement_11956	vinsertf128.reg	VEX256	256	16	0	0	242	1	vinsertf128 ymm0, ymm1, xmm2, 242
movement_11957	vextractf128.mem	VEX256	256	16	0	2	242	1	vextractf128 [rsi], ymm1, 242
movement_11958	vinsertf128.mem	VEX256	256	16	0	1	242	1	vinsertf128 ymm0, ymm1, [rsi], 242
movement_11959	vextractf128.reg	VEX256	256	16	0	0	243	1	vextractf128 xmm0, ymm1, 243
movement_11960	vinsertf128.reg	VEX256	256	16	0	0	243	1	vinsertf128 ymm0, ymm1, xmm2, 243
movement_11961	vextractf128.mem	VEX256	256	16	0	2	243	1	vextractf128 [rsi], ymm1, 243
movement_11962	vinsertf128.mem	VEX256	256	16	0	1	243	1	vinsertf128 ymm0, ymm1, [rsi], 243
movement_11963	vextractf128.reg	VEX256	256	16	0	0	244	1	vextractf128 xmm0, ymm1, 244
movement_11964	vinsertf128.reg	VEX256	256	16	0	0	244	1	vinsertf128 ymm0, ymm1, xmm2, 244
movement_11965	vextractf128.mem	VEX256	256	16	0	2	244	1	vextractf128 [rsi], ymm1, 244
movement_11966	vinsertf128.mem	VEX256	256	16	0	1	244	1	vinsertf128 ymm0, ymm1, [rsi], 244
movement_11967	vextractf128.reg	VEX256	256	16	0	0	245	1	vextractf128 xmm0, ymm1, 245
movement_11968	vinsertf128.reg	VEX256	256	16	0	0	245	1	vinsertf128 ymm0, ymm1, xmm2, 245
movement_11969	vextractf128.mem	VEX256	256	16	0	2	245	1	vextractf128 [rsi], ymm1, 245
movement_11970	vinsertf128.mem	VEX256	256	16	0	1	245	1	vinsertf128 ymm0, ymm1, [rsi], 245
movement_11971	vextractf128.reg	VEX256	256	16	0	0	246	1	vextractf128 xmm0, ymm1, 246
movement_11972	vinsertf128.reg	VEX256	256	16	0	0	246	1	vinsertf128 ymm0, ymm1, xmm2, 246
movement_11973	vextractf128.mem	VEX256	256	16	0	2	246	1	vextractf128 [rsi], ymm1, 246
movement_11974	vinsertf128.mem	VEX256	256	16	0	1	246	1	vinsertf128 ymm0, ymm1, [rsi], 246
movement_11975	vextractf128.reg	VEX256	256	16	0	0	247	1	vextractf128 xmm0, ymm1, 247
movement_11976	vinsertf128.reg	VEX256	256	16	0	0	247	1	vinsertf128 ymm0, ymm1, xmm2, 247
movement_11977	vextractf128.mem	VEX256	256	16	0	2	247	1	vextractf128 [rsi], ymm1, 247
movement_11978	vinsertf128.mem	VEX256	256	16	0	1	247	1	vinsertf128 ymm0, ymm1, [rsi], 247
movement_11979	vextractf128.reg	VEX256	256	16	0	0	248	1	vextractf128 xmm0, ymm1, 248
movement_11980	vinsertf128.reg	VEX256	256	16	0	0	248	1	vinsertf128 ymm0, ymm1, xmm2, 248
movement_11981	vextractf128.mem	VEX256	256	16	0	2	248	1	vextractf128 [rsi], ymm1, 248
movement_11982	vinsertf128.mem	VEX256	256	16	0	1	248	1	vinsertf128 ymm0, ymm1, [rsi], 248
movement_11983	vextractf128.reg	VEX256	256	16	0	0	249	1	vextractf128 xmm0, ymm1, 249
movement_11984	vinsertf128.reg	VEX256	256	16	0	0	249	1	vinsertf128 ymm0, ymm1, xmm2, 249
movement_11985	vextractf128.mem	VEX256	256	16	0	2	249	1	vextractf128 [rsi], ymm1, 249
movement_11986	vinsertf128.mem	VEX256	256	16	0	1	249	1	vinsertf128 ymm0, ymm1, [rsi], 249
movement_11987	vextractf128.reg	VEX256	256	16	0	0	250	1	vextractf128 xmm0, ymm1, 250
movement_11988	vinsertf128.reg	VEX256	256	16	0	0	250	1	vinsertf128 ymm0, ymm1, xmm2, 250
movement_11989	vextractf128.mem	VEX256	256	16	0	2	250	1	vextractf128 [rsi], ymm1, 250
movement_11990	vinsertf128.mem	VEX256	256	16	0	1	250	1	vinsertf128 ymm0, ymm1, [rsi], 250
movement_11991	vextractf128.reg	VEX256	256	16	0	0	251	1	vextractf128 xmm0, ymm1, 251
movement_11992	vinsertf128.reg	VEX256	256	16	0	0	251	1	vinsertf128 ymm0, ymm1, xmm2, 251
movement_11993	vextractf128.mem	VEX256	256	16	0	2	251	1	vextractf128 [rsi], ymm1, 251
movement_11994	vinsertf128.mem	VEX256	256	16	0	1	251	1	vinsertf128 ymm0, ymm1, [rsi], 251
movement_11995	vextractf128.reg	VEX256	256	16	0	0	252	1	vextractf128 xmm0, ymm1, 252
movement_11996	vinsertf128.reg	VEX256	256	16	0	0	252	1	vinsertf128 ymm0, ymm1, xmm2, 252
movement_11997	vextractf128.mem	VEX256	256	16	0	2	252	1	vextractf128 [rsi], ymm1, 252
movement_11998	vinsertf128.mem	VEX256	256	16	0	1	252	1	vinsertf128 ymm0, ymm1, [rsi], 252
movement_11999	vextractf128.reg	VEX256	256	16	0	0	253	1	vextractf128 xmm0, ymm1, 253
movement_12000	vinsertf128.reg	VEX256	256	16	0	0	253	1	vinsertf128 ymm0, ymm1, xmm2, 253
movement_12001	vextractf128.mem	VEX256	256	16	0	2	253	1	vextractf128 [rsi], ymm1, 253
movement_12002	vinsertf128.mem	VEX256	256	16	0	1	253	1	vinsertf128 ymm0, ymm1, [rsi], 253
movement_12003	vextractf128.reg	VEX256	256	16	0	0	254	1	vextractf128 xmm0, ymm1, 254
movement_12004	vinsertf128.reg	VEX256	256	16	0	0	254	1	vinsertf128 ymm0, ymm1, xmm2, 254
movement_12005	vextractf128.mem	VEX256	256	16	0	2	254	1	vextractf128 [rsi], ymm1, 254
movement_12006	vinsertf128.mem	VEX256	256	16	0	1	254	1	vinsertf128 ymm0, ymm1, [rsi], 254
movement_12007	vextractf128.reg	VEX256	256	16	0	0	255	1	vextractf128 xmm0, ymm1, 255
movement_12008	vinsertf128.reg	VEX256	256	16	0	0	255	1	vinsertf128 ymm0, ymm1, xmm2, 255
movement_12009	vextractf128.mem	VEX256	256	16	0	2	255	1	vextractf128 [rsi], ymm1, 255
movement_12010	vinsertf128.mem	VEX256	256	16	0	1	255	1	vinsertf128 ymm0, ymm1, [rsi], 255
movement_12011	vextracti128.reg	VEX256	256	16	0	0	0	1	vextracti128 xmm0, ymm1, 0
movement_12012	vinserti128.reg	VEX256	256	16	0	0	0	1	vinserti128 ymm0, ymm1, xmm2, 0
movement_12013	vextracti128.mem	VEX256	256	16	0	2	0	1	vextracti128 [rsi], ymm1, 0
movement_12014	vinserti128.mem	VEX256	256	16	0	1	0	1	vinserti128 ymm0, ymm1, [rsi], 0
movement_12015	vextracti128.reg	VEX256	256	16	0	0	1	1	vextracti128 xmm0, ymm1, 1
movement_12016	vinserti128.reg	VEX256	256	16	0	0	1	1	vinserti128 ymm0, ymm1, xmm2, 1
movement_12017	vextracti128.mem	VEX256	256	16	0	2	1	1	vextracti128 [rsi], ymm1, 1
movement_12018	vinserti128.mem	VEX256	256	16	0	1	1	1	vinserti128 ymm0, ymm1, [rsi], 1
movement_12019	vextracti128.reg	VEX256	256	16	0	0	2	1	vextracti128 xmm0, ymm1, 2
movement_12020	vinserti128.reg	VEX256	256	16	0	0	2	1	vinserti128 ymm0, ymm1, xmm2, 2
movement_12021	vextracti128.mem	VEX256	256	16	0	2	2	1	vextracti128 [rsi], ymm1, 2
movement_12022	vinserti128.mem	VEX256	256	16	0	1	2	1	vinserti128 ymm0, ymm1, [rsi], 2
movement_12023	vextracti128.reg	VEX256	256	16	0	0	3	1	vextracti128 xmm0, ymm1, 3
movement_12024	vinserti128.reg	VEX256	256	16	0	0	3	1	vinserti128 ymm0, ymm1, xmm2, 3
movement_12025	vextracti128.mem	VEX256	256	16	0	2	3	1	vextracti128 [rsi], ymm1, 3
movement_12026	vinserti128.mem	VEX256	256	16	0	1	3	1	vinserti128 ymm0, ymm1, [rsi], 3
movement_12027	vextracti128.reg	VEX256	256	16	0	0	4	1	vextracti128 xmm0, ymm1, 4
movement_12028	vinserti128.reg	VEX256	256	16	0	0	4	1	vinserti128 ymm0, ymm1, xmm2, 4
movement_12029	vextracti128.mem	VEX256	256	16	0	2	4	1	vextracti128 [rsi], ymm1, 4
movement_12030	vinserti128.mem	VEX256	256	16	0	1	4	1	vinserti128 ymm0, ymm1, [rsi], 4
movement_12031	vextracti128.reg	VEX256	256	16	0	0	5	1	vextracti128 xmm0, ymm1, 5
movement_12032	vinserti128.reg	VEX256	256	16	0	0	5	1	vinserti128 ymm0, ymm1, xmm2, 5
movement_12033	vextracti128.mem	VEX256	256	16	0	2	5	1	vextracti128 [rsi], ymm1, 5
movement_12034	vinserti128.mem	VEX256	256	16	0	1	5	1	vinserti128 ymm0, ymm1, [rsi], 5
movement_12035	vextracti128.reg	VEX256	256	16	0	0	6	1	vextracti128 xmm0, ymm1, 6
movement_12036	vinserti128.reg	VEX256	256	16	0	0	6	1	vinserti128 ymm0, ymm1, xmm2, 6
movement_12037	vextracti128.mem	VEX256	256	16	0	2	6	1	vextracti128 [rsi], ymm1, 6
movement_12038	vinserti128.mem	VEX256	256	16	0	1	6	1	vinserti128 ymm0, ymm1, [rsi], 6
movement_12039	vextracti128.reg	VEX256	256	16	0	0	7	1	vextracti128 xmm0, ymm1, 7
movement_12040	vinserti128.reg	VEX256	256	16	0	0	7	1	vinserti128 ymm0, ymm1, xmm2, 7
movement_12041	vextracti128.mem	VEX256	256	16	0	2	7	1	vextracti128 [rsi], ymm1, 7
movement_12042	vinserti128.mem	VEX256	256	16	0	1	7	1	vinserti128 ymm0, ymm1, [rsi], 7
movement_12043	vextracti128.reg	VEX256	256	16	0	0	8	1	vextracti128 xmm0, ymm1, 8
movement_12044	vinserti128.reg	VEX256	256	16	0	0	8	1	vinserti128 ymm0, ymm1, xmm2, 8
movement_12045	vextracti128.mem	VEX256	256	16	0	2	8	1	vextracti128 [rsi], ymm1, 8
movement_12046	vinserti128.mem	VEX256	256	16	0	1	8	1	vinserti128 ymm0, ymm1, [rsi], 8
movement_12047	vextracti128.reg	VEX256	256	16	0	0	9	1	vextracti128 xmm0, ymm1, 9
movement_12048	vinserti128.reg	VEX256	256	16	0	0	9	1	vinserti128 ymm0, ymm1, xmm2, 9
movement_12049	vextracti128.mem	VEX256	256	16	0	2	9	1	vextracti128 [rsi], ymm1, 9
movement_12050	vinserti128.mem	VEX256	256	16	0	1	9	1	vinserti128 ymm0, ymm1, [rsi], 9
movement_12051	vextracti128.reg	VEX256	256	16	0	0	10	1	vextracti128 xmm0, ymm1, 10
movement_12052	vinserti128.reg	VEX256	256	16	0	0	10	1	vinserti128 ymm0, ymm1, xmm2, 10
movement_12053	vextracti128.mem	VEX256	256	16	0	2	10	1	vextracti128 [rsi], ymm1, 10
movement_12054	vinserti128.mem	VEX256	256	16	0	1	10	1	vinserti128 ymm0, ymm1, [rsi], 10
movement_12055	vextracti128.reg	VEX256	256	16	0	0	11	1	vextracti128 xmm0, ymm1, 11
movement_12056	vinserti128.reg	VEX256	256	16	0	0	11	1	vinserti128 ymm0, ymm1, xmm2, 11
movement_12057	vextracti128.mem	VEX256	256	16	0	2	11	1	vextracti128 [rsi], ymm1, 11
movement_12058	vinserti128.mem	VEX256	256	16	0	1	11	1	vinserti128 ymm0, ymm1, [rsi], 11
movement_12059	vextracti128.reg	VEX256	256	16	0	0	12	1	vextracti128 xmm0, ymm1, 12
movement_12060	vinserti128.reg	VEX256	256	16	0	0	12	1	vinserti128 ymm0, ymm1, xmm2, 12
movement_12061	vextracti128.mem	VEX256	256	16	0	2	12	1	vextracti128 [rsi], ymm1, 12
movement_12062	vinserti128.mem	VEX256	256	16	0	1	12	1	vinserti128 ymm0, ymm1, [rsi], 12
movement_12063	vextracti128.reg	VEX256	256	16	0	0	13	1	vextracti128 xmm0, ymm1, 13
movement_12064	vinserti128.reg	VEX256	256	16	0	0	13	1	vinserti128 ymm0, ymm1, xmm2, 13
movement_12065	vextracti128.mem	VEX256	256	16	0	2	13	1	vextracti128 [rsi], ymm1, 13
movement_12066	vinserti128.mem	VEX256	256	16	0	1	13	1	vinserti128 ymm0, ymm1, [rsi], 13
movement_12067	vextracti128.reg	VEX256	256	16	0	0	14	1	vextracti128 xmm0, ymm1, 14
movement_12068	vinserti128.reg	VEX256	256	16	0	0	14	1	vinserti128 ymm0, ymm1, xmm2, 14
movement_12069	vextracti128.mem	VEX256	256	16	0	2	14	1	vextracti128 [rsi], ymm1, 14
movement_12070	vinserti128.mem	VEX256	256	16	0	1	14	1	vinserti128 ymm0, ymm1, [rsi], 14
movement_12071	vextracti128.reg	VEX256	256	16	0	0	15	1	vextracti128 xmm0, ymm1, 15
movement_12072	vinserti128.reg	VEX256	256	16	0	0	15	1	vinserti128 ymm0, ymm1, xmm2, 15
movement_12073	vextracti128.mem	VEX256	256	16	0	2	15	1	vextracti128 [rsi], ymm1, 15
movement_12074	vinserti128.mem	VEX256	256	16	0	1	15	1	vinserti128 ymm0, ymm1, [rsi], 15
movement_12075	vextracti128.reg	VEX256	256	16	0	0	16	1	vextracti128 xmm0, ymm1, 16
movement_12076	vinserti128.reg	VEX256	256	16	0	0	16	1	vinserti128 ymm0, ymm1, xmm2, 16
movement_12077	vextracti128.mem	VEX256	256	16	0	2	16	1	vextracti128 [rsi], ymm1, 16
movement_12078	vinserti128.mem	VEX256	256	16	0	1	16	1	vinserti128 ymm0, ymm1, [rsi], 16
movement_12079	vextracti128.reg	VEX256	256	16	0	0	17	1	vextracti128 xmm0, ymm1, 17
movement_12080	vinserti128.reg	VEX256	256	16	0	0	17	1	vinserti128 ymm0, ymm1, xmm2, 17
movement_12081	vextracti128.mem	VEX256	256	16	0	2	17	1	vextracti128 [rsi], ymm1, 17
movement_12082	vinserti128.mem	VEX256	256	16	0	1	17	1	vinserti128 ymm0, ymm1, [rsi], 17
movement_12083	vextracti128.reg	VEX256	256	16	0	0	18	1	vextracti128 xmm0, ymm1, 18
movement_12084	vinserti128.reg	VEX256	256	16	0	0	18	1	vinserti128 ymm0, ymm1, xmm2, 18
movement_12085	vextracti128.mem	VEX256	256	16	0	2	18	1	vextracti128 [rsi], ymm1, 18
movement_12086	vinserti128.mem	VEX256	256	16	0	1	18	1	vinserti128 ymm0, ymm1, [rsi], 18
movement_12087	vextracti128.reg	VEX256	256	16	0	0	19	1	vextracti128 xmm0, ymm1, 19
movement_12088	vinserti128.reg	VEX256	256	16	0	0	19	1	vinserti128 ymm0, ymm1, xmm2, 19
movement_12089	vextracti128.mem	VEX256	256	16	0	2	19	1	vextracti128 [rsi], ymm1, 19
movement_12090	vinserti128.mem	VEX256	256	16	0	1	19	1	vinserti128 ymm0, ymm1, [rsi], 19
movement_12091	vextracti128.reg	VEX256	256	16	0	0	20	1	vextracti128 xmm0, ymm1, 20
movement_12092	vinserti128.reg	VEX256	256	16	0	0	20	1	vinserti128 ymm0, ymm1, xmm2, 20
movement_12093	vextracti128.mem	VEX256	256	16	0	2	20	1	vextracti128 [rsi], ymm1, 20
movement_12094	vinserti128.mem	VEX256	256	16	0	1	20	1	vinserti128 ymm0, ymm1, [rsi], 20
movement_12095	vextracti128.reg	VEX256	256	16	0	0	21	1	vextracti128 xmm0, ymm1, 21
movement_12096	vinserti128.reg	VEX256	256	16	0	0	21	1	vinserti128 ymm0, ymm1, xmm2, 21
movement_12097	vextracti128.mem	VEX256	256	16	0	2	21	1	vextracti128 [rsi], ymm1, 21
movement_12098	vinserti128.mem	VEX256	256	16	0	1	21	1	vinserti128 ymm0, ymm1, [rsi], 21
movement_12099	vextracti128.reg	VEX256	256	16	0	0	22	1	vextracti128 xmm0, ymm1, 22
movement_12100	vinserti128.reg	VEX256	256	16	0	0	22	1	vinserti128 ymm0, ymm1, xmm2, 22
movement_12101	vextracti128.mem	VEX256	256	16	0	2	22	1	vextracti128 [rsi], ymm1, 22
movement_12102	vinserti128.mem	VEX256	256	16	0	1	22	1	vinserti128 ymm0, ymm1, [rsi], 22
movement_12103	vextracti128.reg	VEX256	256	16	0	0	23	1	vextracti128 xmm0, ymm1, 23
movement_12104	vinserti128.reg	VEX256	256	16	0	0	23	1	vinserti128 ymm0, ymm1, xmm2, 23
movement_12105	vextracti128.mem	VEX256	256	16	0	2	23	1	vextracti128 [rsi], ymm1, 23
movement_12106	vinserti128.mem	VEX256	256	16	0	1	23	1	vinserti128 ymm0, ymm1, [rsi], 23
movement_12107	vextracti128.reg	VEX256	256	16	0	0	24	1	vextracti128 xmm0, ymm1, 24
movement_12108	vinserti128.reg	VEX256	256	16	0	0	24	1	vinserti128 ymm0, ymm1, xmm2, 24
movement_12109	vextracti128.mem	VEX256	256	16	0	2	24	1	vextracti128 [rsi], ymm1, 24
movement_12110	vinserti128.mem	VEX256	256	16	0	1	24	1	vinserti128 ymm0, ymm1, [rsi], 24
movement_12111	vextracti128.reg	VEX256	256	16	0	0	25	1	vextracti128 xmm0, ymm1, 25
movement_12112	vinserti128.reg	VEX256	256	16	0	0	25	1	vinserti128 ymm0, ymm1, xmm2, 25
movement_12113	vextracti128.mem	VEX256	256	16	0	2	25	1	vextracti128 [rsi], ymm1, 25
movement_12114	vinserti128.mem	VEX256	256	16	0	1	25	1	vinserti128 ymm0, ymm1, [rsi], 25
movement_12115	vextracti128.reg	VEX256	256	16	0	0	26	1	vextracti128 xmm0, ymm1, 26
movement_12116	vinserti128.reg	VEX256	256	16	0	0	26	1	vinserti128 ymm0, ymm1, xmm2, 26
movement_12117	vextracti128.mem	VEX256	256	16	0	2	26	1	vextracti128 [rsi], ymm1, 26
movement_12118	vinserti128.mem	VEX256	256	16	0	1	26	1	vinserti128 ymm0, ymm1, [rsi], 26
movement_12119	vextracti128.reg	VEX256	256	16	0	0	27	1	vextracti128 xmm0, ymm1, 27
movement_12120	vinserti128.reg	VEX256	256	16	0	0	27	1	vinserti128 ymm0, ymm1, xmm2, 27
movement_12121	vextracti128.mem	VEX256	256	16	0	2	27	1	vextracti128 [rsi], ymm1, 27
movement_12122	vinserti128.mem	VEX256	256	16	0	1	27	1	vinserti128 ymm0, ymm1, [rsi], 27
movement_12123	vextracti128.reg	VEX256	256	16	0	0	28	1	vextracti128 xmm0, ymm1, 28
movement_12124	vinserti128.reg	VEX256	256	16	0	0	28	1	vinserti128 ymm0, ymm1, xmm2, 28
movement_12125	vextracti128.mem	VEX256	256	16	0	2	28	1	vextracti128 [rsi], ymm1, 28
movement_12126	vinserti128.mem	VEX256	256	16	0	1	28	1	vinserti128 ymm0, ymm1, [rsi], 28
movement_12127	vextracti128.reg	VEX256	256	16	0	0	29	1	vextracti128 xmm0, ymm1, 29
movement_12128	vinserti128.reg	VEX256	256	16	0	0	29	1	vinserti128 ymm0, ymm1, xmm2, 29
movement_12129	vextracti128.mem	VEX256	256	16	0	2	29	1	vextracti128 [rsi], ymm1, 29
movement_12130	vinserti128.mem	VEX256	256	16	0	1	29	1	vinserti128 ymm0, ymm1, [rsi], 29
movement_12131	vextracti128.reg	VEX256	256	16	0	0	30	1	vextracti128 xmm0, ymm1, 30
movement_12132	vinserti128.reg	VEX256	256	16	0	0	30	1	vinserti128 ymm0, ymm1, xmm2, 30
movement_12133	vextracti128.mem	VEX256	256	16	0	2	30	1	vextracti128 [rsi], ymm1, 30
movement_12134	vinserti128.mem	VEX256	256	16	0	1	30	1	vinserti128 ymm0, ymm1, [rsi], 30
movement_12135	vextracti128.reg	VEX256	256	16	0	0	31	1	vextracti128 xmm0, ymm1, 31
movement_12136	vinserti128.reg	VEX256	256	16	0	0	31	1	vinserti128 ymm0, ymm1, xmm2, 31
movement_12137	vextracti128.mem	VEX256	256	16	0	2	31	1	vextracti128 [rsi], ymm1, 31
movement_12138	vinserti128.mem	VEX256	256	16	0	1	31	1	vinserti128 ymm0, ymm1, [rsi], 31
movement_12139	vextracti128.reg	VEX256	256	16	0	0	32	1	vextracti128 xmm0, ymm1, 32
movement_12140	vinserti128.reg	VEX256	256	16	0	0	32	1	vinserti128 ymm0, ymm1, xmm2, 32
movement_12141	vextracti128.mem	VEX256	256	16	0	2	32	1	vextracti128 [rsi], ymm1, 32
movement_12142	vinserti128.mem	VEX256	256	16	0	1	32	1	vinserti128 ymm0, ymm1, [rsi], 32
movement_12143	vextracti128.reg	VEX256	256	16	0	0	33	1	vextracti128 xmm0, ymm1, 33
movement_12144	vinserti128.reg	VEX256	256	16	0	0	33	1	vinserti128 ymm0, ymm1, xmm2, 33
movement_12145	vextracti128.mem	VEX256	256	16	0	2	33	1	vextracti128 [rsi], ymm1, 33
movement_12146	vinserti128.mem	VEX256	256	16	0	1	33	1	vinserti128 ymm0, ymm1, [rsi], 33
movement_12147	vextracti128.reg	VEX256	256	16	0	0	34	1	vextracti128 xmm0, ymm1, 34
movement_12148	vinserti128.reg	VEX256	256	16	0	0	34	1	vinserti128 ymm0, ymm1, xmm2, 34
movement_12149	vextracti128.mem	VEX256	256	16	0	2	34	1	vextracti128 [rsi], ymm1, 34
movement_12150	vinserti128.mem	VEX256	256	16	0	1	34	1	vinserti128 ymm0, ymm1, [rsi], 34
movement_12151	vextracti128.reg	VEX256	256	16	0	0	35	1	vextracti128 xmm0, ymm1, 35
movement_12152	vinserti128.reg	VEX256	256	16	0	0	35	1	vinserti128 ymm0, ymm1, xmm2, 35
movement_12153	vextracti128.mem	VEX256	256	16	0	2	35	1	vextracti128 [rsi], ymm1, 35
movement_12154	vinserti128.mem	VEX256	256	16	0	1	35	1	vinserti128 ymm0, ymm1, [rsi], 35
movement_12155	vextracti128.reg	VEX256	256	16	0	0	36	1	vextracti128 xmm0, ymm1, 36
movement_12156	vinserti128.reg	VEX256	256	16	0	0	36	1	vinserti128 ymm0, ymm1, xmm2, 36
movement_12157	vextracti128.mem	VEX256	256	16	0	2	36	1	vextracti128 [rsi], ymm1, 36
movement_12158	vinserti128.mem	VEX256	256	16	0	1	36	1	vinserti128 ymm0, ymm1, [rsi], 36
movement_12159	vextracti128.reg	VEX256	256	16	0	0	37	1	vextracti128 xmm0, ymm1, 37
movement_12160	vinserti128.reg	VEX256	256	16	0	0	37	1	vinserti128 ymm0, ymm1, xmm2, 37
movement_12161	vextracti128.mem	VEX256	256	16	0	2	37	1	vextracti128 [rsi], ymm1, 37
movement_12162	vinserti128.mem	VEX256	256	16	0	1	37	1	vinserti128 ymm0, ymm1, [rsi], 37
movement_12163	vextracti128.reg	VEX256	256	16	0	0	38	1	vextracti128 xmm0, ymm1, 38
movement_12164	vinserti128.reg	VEX256	256	16	0	0	38	1	vinserti128 ymm0, ymm1, xmm2, 38
movement_12165	vextracti128.mem	VEX256	256	16	0	2	38	1	vextracti128 [rsi], ymm1, 38
movement_12166	vinserti128.mem	VEX256	256	16	0	1	38	1	vinserti128 ymm0, ymm1, [rsi], 38
movement_12167	vextracti128.reg	VEX256	256	16	0	0	39	1	vextracti128 xmm0, ymm1, 39
movement_12168	vinserti128.reg	VEX256	256	16	0	0	39	1	vinserti128 ymm0, ymm1, xmm2, 39
movement_12169	vextracti128.mem	VEX256	256	16	0	2	39	1	vextracti128 [rsi], ymm1, 39
movement_12170	vinserti128.mem	VEX256	256	16	0	1	39	1	vinserti128 ymm0, ymm1, [rsi], 39
movement_12171	vextracti128.reg	VEX256	256	16	0	0	40	1	vextracti128 xmm0, ymm1, 40
movement_12172	vinserti128.reg	VEX256	256	16	0	0	40	1	vinserti128 ymm0, ymm1, xmm2, 40
movement_12173	vextracti128.mem	VEX256	256	16	0	2	40	1	vextracti128 [rsi], ymm1, 40
movement_12174	vinserti128.mem	VEX256	256	16	0	1	40	1	vinserti128 ymm0, ymm1, [rsi], 40
movement_12175	vextracti128.reg	VEX256	256	16	0	0	41	1	vextracti128 xmm0, ymm1, 41
movement_12176	vinserti128.reg	VEX256	256	16	0	0	41	1	vinserti128 ymm0, ymm1, xmm2, 41
movement_12177	vextracti128.mem	VEX256	256	16	0	2	41	1	vextracti128 [rsi], ymm1, 41
movement_12178	vinserti128.mem	VEX256	256	16	0	1	41	1	vinserti128 ymm0, ymm1, [rsi], 41
movement_12179	vextracti128.reg	VEX256	256	16	0	0	42	1	vextracti128 xmm0, ymm1, 42
movement_12180	vinserti128.reg	VEX256	256	16	0	0	42	1	vinserti128 ymm0, ymm1, xmm2, 42
movement_12181	vextracti128.mem	VEX256	256	16	0	2	42	1	vextracti128 [rsi], ymm1, 42
movement_12182	vinserti128.mem	VEX256	256	16	0	1	42	1	vinserti128 ymm0, ymm1, [rsi], 42
movement_12183	vextracti128.reg	VEX256	256	16	0	0	43	1	vextracti128 xmm0, ymm1, 43
movement_12184	vinserti128.reg	VEX256	256	16	0	0	43	1	vinserti128 ymm0, ymm1, xmm2, 43
movement_12185	vextracti128.mem	VEX256	256	16	0	2	43	1	vextracti128 [rsi], ymm1, 43
movement_12186	vinserti128.mem	VEX256	256	16	0	1	43	1	vinserti128 ymm0, ymm1, [rsi], 43
movement_12187	vextracti128.reg	VEX256	256	16	0	0	44	1	vextracti128 xmm0, ymm1, 44
movement_12188	vinserti128.reg	VEX256	256	16	0	0	44	1	vinserti128 ymm0, ymm1, xmm2, 44
movement_12189	vextracti128.mem	VEX256	256	16	0	2	44	1	vextracti128 [rsi], ymm1, 44
movement_12190	vinserti128.mem	VEX256	256	16	0	1	44	1	vinserti128 ymm0, ymm1, [rsi], 44
movement_12191	vextracti128.reg	VEX256	256	16	0	0	45	1	vextracti128 xmm0, ymm1, 45
movement_12192	vinserti128.reg	VEX256	256	16	0	0	45	1	vinserti128 ymm0, ymm1, xmm2, 45
movement_12193	vextracti128.mem	VEX256	256	16	0	2	45	1	vextracti128 [rsi], ymm1, 45
movement_12194	vinserti128.mem	VEX256	256	16	0	1	45	1	vinserti128 ymm0, ymm1, [rsi], 45
movement_12195	vextracti128.reg	VEX256	256	16	0	0	46	1	vextracti128 xmm0, ymm1, 46
movement_12196	vinserti128.reg	VEX256	256	16	0	0	46	1	vinserti128 ymm0, ymm1, xmm2, 46
movement_12197	vextracti128.mem	VEX256	256	16	0	2	46	1	vextracti128 [rsi], ymm1, 46
movement_12198	vinserti128.mem	VEX256	256	16	0	1	46	1	vinserti128 ymm0, ymm1, [rsi], 46
movement_12199	vextracti128.reg	VEX256	256	16	0	0	47	1	vextracti128 xmm0, ymm1, 47
movement_12200	vinserti128.reg	VEX256	256	16	0	0	47	1	vinserti128 ymm0, ymm1, xmm2, 47
movement_12201	vextracti128.mem	VEX256	256	16	0	2	47	1	vextracti128 [rsi], ymm1, 47
movement_12202	vinserti128.mem	VEX256	256	16	0	1	47	1	vinserti128 ymm0, ymm1, [rsi], 47
movement_12203	vextracti128.reg	VEX256	256	16	0	0	48	1	vextracti128 xmm0, ymm1, 48
movement_12204	vinserti128.reg	VEX256	256	16	0	0	48	1	vinserti128 ymm0, ymm1, xmm2, 48
movement_12205	vextracti128.mem	VEX256	256	16	0	2	48	1	vextracti128 [rsi], ymm1, 48
movement_12206	vinserti128.mem	VEX256	256	16	0	1	48	1	vinserti128 ymm0, ymm1, [rsi], 48
movement_12207	vextracti128.reg	VEX256	256	16	0	0	49	1	vextracti128 xmm0, ymm1, 49
movement_12208	vinserti128.reg	VEX256	256	16	0	0	49	1	vinserti128 ymm0, ymm1, xmm2, 49
movement_12209	vextracti128.mem	VEX256	256	16	0	2	49	1	vextracti128 [rsi], ymm1, 49
movement_12210	vinserti128.mem	VEX256	256	16	0	1	49	1	vinserti128 ymm0, ymm1, [rsi], 49
movement_12211	vextracti128.reg	VEX256	256	16	0	0	50	1	vextracti128 xmm0, ymm1, 50
movement_12212	vinserti128.reg	VEX256	256	16	0	0	50	1	vinserti128 ymm0, ymm1, xmm2, 50
movement_12213	vextracti128.mem	VEX256	256	16	0	2	50	1	vextracti128 [rsi], ymm1, 50
movement_12214	vinserti128.mem	VEX256	256	16	0	1	50	1	vinserti128 ymm0, ymm1, [rsi], 50
movement_12215	vextracti128.reg	VEX256	256	16	0	0	51	1	vextracti128 xmm0, ymm1, 51
movement_12216	vinserti128.reg	VEX256	256	16	0	0	51	1	vinserti128 ymm0, ymm1, xmm2, 51
movement_12217	vextracti128.mem	VEX256	256	16	0	2	51	1	vextracti128 [rsi], ymm1, 51
movement_12218	vinserti128.mem	VEX256	256	16	0	1	51	1	vinserti128 ymm0, ymm1, [rsi], 51
movement_12219	vextracti128.reg	VEX256	256	16	0	0	52	1	vextracti128 xmm0, ymm1, 52
movement_12220	vinserti128.reg	VEX256	256	16	0	0	52	1	vinserti128 ymm0, ymm1, xmm2, 52
movement_12221	vextracti128.mem	VEX256	256	16	0	2	52	1	vextracti128 [rsi], ymm1, 52
movement_12222	vinserti128.mem	VEX256	256	16	0	1	52	1	vinserti128 ymm0, ymm1, [rsi], 52
movement_12223	vextracti128.reg	VEX256	256	16	0	0	53	1	vextracti128 xmm0, ymm1, 53
movement_12224	vinserti128.reg	VEX256	256	16	0	0	53	1	vinserti128 ymm0, ymm1, xmm2, 53
movement_12225	vextracti128.mem	VEX256	256	16	0	2	53	1	vextracti128 [rsi], ymm1, 53
movement_12226	vinserti128.mem	VEX256	256	16	0	1	53	1	vinserti128 ymm0, ymm1, [rsi], 53
movement_12227	vextracti128.reg	VEX256	256	16	0	0	54	1	vextracti128 xmm0, ymm1, 54
movement_12228	vinserti128.reg	VEX256	256	16	0	0	54	1	vinserti128 ymm0, ymm1, xmm2, 54
movement_12229	vextracti128.mem	VEX256	256	16	0	2	54	1	vextracti128 [rsi], ymm1, 54
movement_12230	vinserti128.mem	VEX256	256	16	0	1	54	1	vinserti128 ymm0, ymm1, [rsi], 54
movement_12231	vextracti128.reg	VEX256	256	16	0	0	55	1	vextracti128 xmm0, ymm1, 55
movement_12232	vinserti128.reg	VEX256	256	16	0	0	55	1	vinserti128 ymm0, ymm1, xmm2, 55
movement_12233	vextracti128.mem	VEX256	256	16	0	2	55	1	vextracti128 [rsi], ymm1, 55
movement_12234	vinserti128.mem	VEX256	256	16	0	1	55	1	vinserti128 ymm0, ymm1, [rsi], 55
movement_12235	vextracti128.reg	VEX256	256	16	0	0	56	1	vextracti128 xmm0, ymm1, 56
movement_12236	vinserti128.reg	VEX256	256	16	0	0	56	1	vinserti128 ymm0, ymm1, xmm2, 56
movement_12237	vextracti128.mem	VEX256	256	16	0	2	56	1	vextracti128 [rsi], ymm1, 56
movement_12238	vinserti128.mem	VEX256	256	16	0	1	56	1	vinserti128 ymm0, ymm1, [rsi], 56
movement_12239	vextracti128.reg	VEX256	256	16	0	0	57	1	vextracti128 xmm0, ymm1, 57
movement_12240	vinserti128.reg	VEX256	256	16	0	0	57	1	vinserti128 ymm0, ymm1, xmm2, 57
movement_12241	vextracti128.mem	VEX256	256	16	0	2	57	1	vextracti128 [rsi], ymm1, 57
movement_12242	vinserti128.mem	VEX256	256	16	0	1	57	1	vinserti128 ymm0, ymm1, [rsi], 57
movement_12243	vextracti128.reg	VEX256	256	16	0	0	58	1	vextracti128 xmm0, ymm1, 58
movement_12244	vinserti128.reg	VEX256	256	16	0	0	58	1	vinserti128 ymm0, ymm1, xmm2, 58
movement_12245	vextracti128.mem	VEX256	256	16	0	2	58	1	vextracti128 [rsi], ymm1, 58
movement_12246	vinserti128.mem	VEX256	256	16	0	1	58	1	vinserti128 ymm0, ymm1, [rsi], 58
movement_12247	vextracti128.reg	VEX256	256	16	0	0	59	1	vextracti128 xmm0, ymm1, 59
movement_12248	vinserti128.reg	VEX256	256	16	0	0	59	1	vinserti128 ymm0, ymm1, xmm2, 59
movement_12249	vextracti128.mem	VEX256	256	16	0	2	59	1	vextracti128 [rsi], ymm1, 59
movement_12250	vinserti128.mem	VEX256	256	16	0	1	59	1	vinserti128 ymm0, ymm1, [rsi], 59
movement_12251	vextracti128.reg	VEX256	256	16	0	0	60	1	vextracti128 xmm0, ymm1, 60
movement_12252	vinserti128.reg	VEX256	256	16	0	0	60	1	vinserti128 ymm0, ymm1, xmm2, 60
movement_12253	vextracti128.mem	VEX256	256	16	0	2	60	1	vextracti128 [rsi], ymm1, 60
movement_12254	vinserti128.mem	VEX256	256	16	0	1	60	1	vinserti128 ymm0, ymm1, [rsi], 60
movement_12255	vextracti128.reg	VEX256	256	16	0	0	61	1	vextracti128 xmm0, ymm1, 61
movement_12256	vinserti128.reg	VEX256	256	16	0	0	61	1	vinserti128 ymm0, ymm1, xmm2, 61
movement_12257	vextracti128.mem	VEX256	256	16	0	2	61	1	vextracti128 [rsi], ymm1, 61
movement_12258	vinserti128.mem	VEX256	256	16	0	1	61	1	vinserti128 ymm0, ymm1, [rsi], 61
movement_12259	vextracti128.reg	VEX256	256	16	0	0	62	1	vextracti128 xmm0, ymm1, 62
movement_12260	vinserti128.reg	VEX256	256	16	0	0	62	1	vinserti128 ymm0, ymm1, xmm2, 62
movement_12261	vextracti128.mem	VEX256	256	16	0	2	62	1	vextracti128 [rsi], ymm1, 62
movement_12262	vinserti128.mem	VEX256	256	16	0	1	62	1	vinserti128 ymm0, ymm1, [rsi], 62
movement_12263	vextracti128.reg	VEX256	256	16	0	0	63	1	vextracti128 xmm0, ymm1, 63
movement_12264	vinserti128.reg	VEX256	256	16	0	0	63	1	vinserti128 ymm0, ymm1, xmm2, 63
movement_12265	vextracti128.mem	VEX256	256	16	0	2	63	1	vextracti128 [rsi], ymm1, 63
movement_12266	vinserti128.mem	VEX256	256	16	0	1	63	1	vinserti128 ymm0, ymm1, [rsi], 63
movement_12267	vextracti128.reg	VEX256	256	16	0	0	64	1	vextracti128 xmm0, ymm1, 64
movement_12268	vinserti128.reg	VEX256	256	16	0	0	64	1	vinserti128 ymm0, ymm1, xmm2, 64
movement_12269	vextracti128.mem	VEX256	256	16	0	2	64	1	vextracti128 [rsi], ymm1, 64
movement_12270	vinserti128.mem	VEX256	256	16	0	1	64	1	vinserti128 ymm0, ymm1, [rsi], 64
movement_12271	vextracti128.reg	VEX256	256	16	0	0	65	1	vextracti128 xmm0, ymm1, 65
movement_12272	vinserti128.reg	VEX256	256	16	0	0	65	1	vinserti128 ymm0, ymm1, xmm2, 65
movement_12273	vextracti128.mem	VEX256	256	16	0	2	65	1	vextracti128 [rsi], ymm1, 65
movement_12274	vinserti128.mem	VEX256	256	16	0	1	65	1	vinserti128 ymm0, ymm1, [rsi], 65
movement_12275	vextracti128.reg	VEX256	256	16	0	0	66	1	vextracti128 xmm0, ymm1, 66
movement_12276	vinserti128.reg	VEX256	256	16	0	0	66	1	vinserti128 ymm0, ymm1, xmm2, 66
movement_12277	vextracti128.mem	VEX256	256	16	0	2	66	1	vextracti128 [rsi], ymm1, 66
movement_12278	vinserti128.mem	VEX256	256	16	0	1	66	1	vinserti128 ymm0, ymm1, [rsi], 66
movement_12279	vextracti128.reg	VEX256	256	16	0	0	67	1	vextracti128 xmm0, ymm1, 67
movement_12280	vinserti128.reg	VEX256	256	16	0	0	67	1	vinserti128 ymm0, ymm1, xmm2, 67
movement_12281	vextracti128.mem	VEX256	256	16	0	2	67	1	vextracti128 [rsi], ymm1, 67
movement_12282	vinserti128.mem	VEX256	256	16	0	1	67	1	vinserti128 ymm0, ymm1, [rsi], 67
movement_12283	vextracti128.reg	VEX256	256	16	0	0	68	1	vextracti128 xmm0, ymm1, 68
movement_12284	vinserti128.reg	VEX256	256	16	0	0	68	1	vinserti128 ymm0, ymm1, xmm2, 68
movement_12285	vextracti128.mem	VEX256	256	16	0	2	68	1	vextracti128 [rsi], ymm1, 68
movement_12286	vinserti128.mem	VEX256	256	16	0	1	68	1	vinserti128 ymm0, ymm1, [rsi], 68
movement_12287	vextracti128.reg	VEX256	256	16	0	0	69	1	vextracti128 xmm0, ymm1, 69
movement_12288	vinserti128.reg	VEX256	256	16	0	0	69	1	vinserti128 ymm0, ymm1, xmm2, 69
movement_12289	vextracti128.mem	VEX256	256	16	0	2	69	1	vextracti128 [rsi], ymm1, 69
movement_12290	vinserti128.mem	VEX256	256	16	0	1	69	1	vinserti128 ymm0, ymm1, [rsi], 69
movement_12291	vextracti128.reg	VEX256	256	16	0	0	70	1	vextracti128 xmm0, ymm1, 70
movement_12292	vinserti128.reg	VEX256	256	16	0	0	70	1	vinserti128 ymm0, ymm1, xmm2, 70
movement_12293	vextracti128.mem	VEX256	256	16	0	2	70	1	vextracti128 [rsi], ymm1, 70
movement_12294	vinserti128.mem	VEX256	256	16	0	1	70	1	vinserti128 ymm0, ymm1, [rsi], 70
movement_12295	vextracti128.reg	VEX256	256	16	0	0	71	1	vextracti128 xmm0, ymm1, 71
movement_12296	vinserti128.reg	VEX256	256	16	0	0	71	1	vinserti128 ymm0, ymm1, xmm2, 71
movement_12297	vextracti128.mem	VEX256	256	16	0	2	71	1	vextracti128 [rsi], ymm1, 71
movement_12298	vinserti128.mem	VEX256	256	16	0	1	71	1	vinserti128 ymm0, ymm1, [rsi], 71
movement_12299	vextracti128.reg	VEX256	256	16	0	0	72	1	vextracti128 xmm0, ymm1, 72
movement_12300	vinserti128.reg	VEX256	256	16	0	0	72	1	vinserti128 ymm0, ymm1, xmm2, 72
movement_12301	vextracti128.mem	VEX256	256	16	0	2	72	1	vextracti128 [rsi], ymm1, 72
movement_12302	vinserti128.mem	VEX256	256	16	0	1	72	1	vinserti128 ymm0, ymm1, [rsi], 72
movement_12303	vextracti128.reg	VEX256	256	16	0	0	73	1	vextracti128 xmm0, ymm1, 73
movement_12304	vinserti128.reg	VEX256	256	16	0	0	73	1	vinserti128 ymm0, ymm1, xmm2, 73
movement_12305	vextracti128.mem	VEX256	256	16	0	2	73	1	vextracti128 [rsi], ymm1, 73
movement_12306	vinserti128.mem	VEX256	256	16	0	1	73	1	vinserti128 ymm0, ymm1, [rsi], 73
movement_12307	vextracti128.reg	VEX256	256	16	0	0	74	1	vextracti128 xmm0, ymm1, 74
movement_12308	vinserti128.reg	VEX256	256	16	0	0	74	1	vinserti128 ymm0, ymm1, xmm2, 74
movement_12309	vextracti128.mem	VEX256	256	16	0	2	74	1	vextracti128 [rsi], ymm1, 74
movement_12310	vinserti128.mem	VEX256	256	16	0	1	74	1	vinserti128 ymm0, ymm1, [rsi], 74
movement_12311	vextracti128.reg	VEX256	256	16	0	0	75	1	vextracti128 xmm0, ymm1, 75
movement_12312	vinserti128.reg	VEX256	256	16	0	0	75	1	vinserti128 ymm0, ymm1, xmm2, 75
movement_12313	vextracti128.mem	VEX256	256	16	0	2	75	1	vextracti128 [rsi], ymm1, 75
movement_12314	vinserti128.mem	VEX256	256	16	0	1	75	1	vinserti128 ymm0, ymm1, [rsi], 75
movement_12315	vextracti128.reg	VEX256	256	16	0	0	76	1	vextracti128 xmm0, ymm1, 76
movement_12316	vinserti128.reg	VEX256	256	16	0	0	76	1	vinserti128 ymm0, ymm1, xmm2, 76
movement_12317	vextracti128.mem	VEX256	256	16	0	2	76	1	vextracti128 [rsi], ymm1, 76
movement_12318	vinserti128.mem	VEX256	256	16	0	1	76	1	vinserti128 ymm0, ymm1, [rsi], 76
movement_12319	vextracti128.reg	VEX256	256	16	0	0	77	1	vextracti128 xmm0, ymm1, 77
movement_12320	vinserti128.reg	VEX256	256	16	0	0	77	1	vinserti128 ymm0, ymm1, xmm2, 77
movement_12321	vextracti128.mem	VEX256	256	16	0	2	77	1	vextracti128 [rsi], ymm1, 77
movement_12322	vinserti128.mem	VEX256	256	16	0	1	77	1	vinserti128 ymm0, ymm1, [rsi], 77
movement_12323	vextracti128.reg	VEX256	256	16	0	0	78	1	vextracti128 xmm0, ymm1, 78
movement_12324	vinserti128.reg	VEX256	256	16	0	0	78	1	vinserti128 ymm0, ymm1, xmm2, 78
movement_12325	vextracti128.mem	VEX256	256	16	0	2	78	1	vextracti128 [rsi], ymm1, 78
movement_12326	vinserti128.mem	VEX256	256	16	0	1	78	1	vinserti128 ymm0, ymm1, [rsi], 78
movement_12327	vextracti128.reg	VEX256	256	16	0	0	79	1	vextracti128 xmm0, ymm1, 79
movement_12328	vinserti128.reg	VEX256	256	16	0	0	79	1	vinserti128 ymm0, ymm1, xmm2, 79
movement_12329	vextracti128.mem	VEX256	256	16	0	2	79	1	vextracti128 [rsi], ymm1, 79
movement_12330	vinserti128.mem	VEX256	256	16	0	1	79	1	vinserti128 ymm0, ymm1, [rsi], 79
movement_12331	vextracti128.reg	VEX256	256	16	0	0	80	1	vextracti128 xmm0, ymm1, 80
movement_12332	vinserti128.reg	VEX256	256	16	0	0	80	1	vinserti128 ymm0, ymm1, xmm2, 80
movement_12333	vextracti128.mem	VEX256	256	16	0	2	80	1	vextracti128 [rsi], ymm1, 80
movement_12334	vinserti128.mem	VEX256	256	16	0	1	80	1	vinserti128 ymm0, ymm1, [rsi], 80
movement_12335	vextracti128.reg	VEX256	256	16	0	0	81	1	vextracti128 xmm0, ymm1, 81
movement_12336	vinserti128.reg	VEX256	256	16	0	0	81	1	vinserti128 ymm0, ymm1, xmm2, 81
movement_12337	vextracti128.mem	VEX256	256	16	0	2	81	1	vextracti128 [rsi], ymm1, 81
movement_12338	vinserti128.mem	VEX256	256	16	0	1	81	1	vinserti128 ymm0, ymm1, [rsi], 81
movement_12339	vextracti128.reg	VEX256	256	16	0	0	82	1	vextracti128 xmm0, ymm1, 82
movement_12340	vinserti128.reg	VEX256	256	16	0	0	82	1	vinserti128 ymm0, ymm1, xmm2, 82
movement_12341	vextracti128.mem	VEX256	256	16	0	2	82	1	vextracti128 [rsi], ymm1, 82
movement_12342	vinserti128.mem	VEX256	256	16	0	1	82	1	vinserti128 ymm0, ymm1, [rsi], 82
movement_12343	vextracti128.reg	VEX256	256	16	0	0	83	1	vextracti128 xmm0, ymm1, 83
movement_12344	vinserti128.reg	VEX256	256	16	0	0	83	1	vinserti128 ymm0, ymm1, xmm2, 83
movement_12345	vextracti128.mem	VEX256	256	16	0	2	83	1	vextracti128 [rsi], ymm1, 83
movement_12346	vinserti128.mem	VEX256	256	16	0	1	83	1	vinserti128 ymm0, ymm1, [rsi], 83
movement_12347	vextracti128.reg	VEX256	256	16	0	0	84	1	vextracti128 xmm0, ymm1, 84
movement_12348	vinserti128.reg	VEX256	256	16	0	0	84	1	vinserti128 ymm0, ymm1, xmm2, 84
movement_12349	vextracti128.mem	VEX256	256	16	0	2	84	1	vextracti128 [rsi], ymm1, 84
movement_12350	vinserti128.mem	VEX256	256	16	0	1	84	1	vinserti128 ymm0, ymm1, [rsi], 84
movement_12351	vextracti128.reg	VEX256	256	16	0	0	85	1	vextracti128 xmm0, ymm1, 85
movement_12352	vinserti128.reg	VEX256	256	16	0	0	85	1	vinserti128 ymm0, ymm1, xmm2, 85
movement_12353	vextracti128.mem	VEX256	256	16	0	2	85	1	vextracti128 [rsi], ymm1, 85
movement_12354	vinserti128.mem	VEX256	256	16	0	1	85	1	vinserti128 ymm0, ymm1, [rsi], 85
movement_12355	vextracti128.reg	VEX256	256	16	0	0	86	1	vextracti128 xmm0, ymm1, 86
movement_12356	vinserti128.reg	VEX256	256	16	0	0	86	1	vinserti128 ymm0, ymm1, xmm2, 86
movement_12357	vextracti128.mem	VEX256	256	16	0	2	86	1	vextracti128 [rsi], ymm1, 86
movement_12358	vinserti128.mem	VEX256	256	16	0	1	86	1	vinserti128 ymm0, ymm1, [rsi], 86
movement_12359	vextracti128.reg	VEX256	256	16	0	0	87	1	vextracti128 xmm0, ymm1, 87
movement_12360	vinserti128.reg	VEX256	256	16	0	0	87	1	vinserti128 ymm0, ymm1, xmm2, 87
movement_12361	vextracti128.mem	VEX256	256	16	0	2	87	1	vextracti128 [rsi], ymm1, 87
movement_12362	vinserti128.mem	VEX256	256	16	0	1	87	1	vinserti128 ymm0, ymm1, [rsi], 87
movement_12363	vextracti128.reg	VEX256	256	16	0	0	88	1	vextracti128 xmm0, ymm1, 88
movement_12364	vinserti128.reg	VEX256	256	16	0	0	88	1	vinserti128 ymm0, ymm1, xmm2, 88
movement_12365	vextracti128.mem	VEX256	256	16	0	2	88	1	vextracti128 [rsi], ymm1, 88
movement_12366	vinserti128.mem	VEX256	256	16	0	1	88	1	vinserti128 ymm0, ymm1, [rsi], 88
movement_12367	vextracti128.reg	VEX256	256	16	0	0	89	1	vextracti128 xmm0, ymm1, 89
movement_12368	vinserti128.reg	VEX256	256	16	0	0	89	1	vinserti128 ymm0, ymm1, xmm2, 89
movement_12369	vextracti128.mem	VEX256	256	16	0	2	89	1	vextracti128 [rsi], ymm1, 89
movement_12370	vinserti128.mem	VEX256	256	16	0	1	89	1	vinserti128 ymm0, ymm1, [rsi], 89
movement_12371	vextracti128.reg	VEX256	256	16	0	0	90	1	vextracti128 xmm0, ymm1, 90
movement_12372	vinserti128.reg	VEX256	256	16	0	0	90	1	vinserti128 ymm0, ymm1, xmm2, 90
movement_12373	vextracti128.mem	VEX256	256	16	0	2	90	1	vextracti128 [rsi], ymm1, 90
movement_12374	vinserti128.mem	VEX256	256	16	0	1	90	1	vinserti128 ymm0, ymm1, [rsi], 90
movement_12375	vextracti128.reg	VEX256	256	16	0	0	91	1	vextracti128 xmm0, ymm1, 91
movement_12376	vinserti128.reg	VEX256	256	16	0	0	91	1	vinserti128 ymm0, ymm1, xmm2, 91
movement_12377	vextracti128.mem	VEX256	256	16	0	2	91	1	vextracti128 [rsi], ymm1, 91
movement_12378	vinserti128.mem	VEX256	256	16	0	1	91	1	vinserti128 ymm0, ymm1, [rsi], 91
movement_12379	vextracti128.reg	VEX256	256	16	0	0	92	1	vextracti128 xmm0, ymm1, 92
movement_12380	vinserti128.reg	VEX256	256	16	0	0	92	1	vinserti128 ymm0, ymm1, xmm2, 92
movement_12381	vextracti128.mem	VEX256	256	16	0	2	92	1	vextracti128 [rsi], ymm1, 92
movement_12382	vinserti128.mem	VEX256	256	16	0	1	92	1	vinserti128 ymm0, ymm1, [rsi], 92
movement_12383	vextracti128.reg	VEX256	256	16	0	0	93	1	vextracti128 xmm0, ymm1, 93
movement_12384	vinserti128.reg	VEX256	256	16	0	0	93	1	vinserti128 ymm0, ymm1, xmm2, 93
movement_12385	vextracti128.mem	VEX256	256	16	0	2	93	1	vextracti128 [rsi], ymm1, 93
movement_12386	vinserti128.mem	VEX256	256	16	0	1	93	1	vinserti128 ymm0, ymm1, [rsi], 93
movement_12387	vextracti128.reg	VEX256	256	16	0	0	94	1	vextracti128 xmm0, ymm1, 94
movement_12388	vinserti128.reg	VEX256	256	16	0	0	94	1	vinserti128 ymm0, ymm1, xmm2, 94
movement_12389	vextracti128.mem	VEX256	256	16	0	2	94	1	vextracti128 [rsi], ymm1, 94
movement_12390	vinserti128.mem	VEX256	256	16	0	1	94	1	vinserti128 ymm0, ymm1, [rsi], 94
movement_12391	vextracti128.reg	VEX256	256	16	0	0	95	1	vextracti128 xmm0, ymm1, 95
movement_12392	vinserti128.reg	VEX256	256	16	0	0	95	1	vinserti128 ymm0, ymm1, xmm2, 95
movement_12393	vextracti128.mem	VEX256	256	16	0	2	95	1	vextracti128 [rsi], ymm1, 95
movement_12394	vinserti128.mem	VEX256	256	16	0	1	95	1	vinserti128 ymm0, ymm1, [rsi], 95
movement_12395	vextracti128.reg	VEX256	256	16	0	0	96	1	vextracti128 xmm0, ymm1, 96
movement_12396	vinserti128.reg	VEX256	256	16	0	0	96	1	vinserti128 ymm0, ymm1, xmm2, 96
movement_12397	vextracti128.mem	VEX256	256	16	0	2	96	1	vextracti128 [rsi], ymm1, 96
movement_12398	vinserti128.mem	VEX256	256	16	0	1	96	1	vinserti128 ymm0, ymm1, [rsi], 96
movement_12399	vextracti128.reg	VEX256	256	16	0	0	97	1	vextracti128 xmm0, ymm1, 97
movement_12400	vinserti128.reg	VEX256	256	16	0	0	97	1	vinserti128 ymm0, ymm1, xmm2, 97
movement_12401	vextracti128.mem	VEX256	256	16	0	2	97	1	vextracti128 [rsi], ymm1, 97
movement_12402	vinserti128.mem	VEX256	256	16	0	1	97	1	vinserti128 ymm0, ymm1, [rsi], 97
movement_12403	vextracti128.reg	VEX256	256	16	0	0	98	1	vextracti128 xmm0, ymm1, 98
movement_12404	vinserti128.reg	VEX256	256	16	0	0	98	1	vinserti128 ymm0, ymm1, xmm2, 98
movement_12405	vextracti128.mem	VEX256	256	16	0	2	98	1	vextracti128 [rsi], ymm1, 98
movement_12406	vinserti128.mem	VEX256	256	16	0	1	98	1	vinserti128 ymm0, ymm1, [rsi], 98
movement_12407	vextracti128.reg	VEX256	256	16	0	0	99	1	vextracti128 xmm0, ymm1, 99
movement_12408	vinserti128.reg	VEX256	256	16	0	0	99	1	vinserti128 ymm0, ymm1, xmm2, 99
movement_12409	vextracti128.mem	VEX256	256	16	0	2	99	1	vextracti128 [rsi], ymm1, 99
movement_12410	vinserti128.mem	VEX256	256	16	0	1	99	1	vinserti128 ymm0, ymm1, [rsi], 99
movement_12411	vextracti128.reg	VEX256	256	16	0	0	100	1	vextracti128 xmm0, ymm1, 100
movement_12412	vinserti128.reg	VEX256	256	16	0	0	100	1	vinserti128 ymm0, ymm1, xmm2, 100
movement_12413	vextracti128.mem	VEX256	256	16	0	2	100	1	vextracti128 [rsi], ymm1, 100
movement_12414	vinserti128.mem	VEX256	256	16	0	1	100	1	vinserti128 ymm0, ymm1, [rsi], 100
movement_12415	vextracti128.reg	VEX256	256	16	0	0	101	1	vextracti128 xmm0, ymm1, 101
movement_12416	vinserti128.reg	VEX256	256	16	0	0	101	1	vinserti128 ymm0, ymm1, xmm2, 101
movement_12417	vextracti128.mem	VEX256	256	16	0	2	101	1	vextracti128 [rsi], ymm1, 101
movement_12418	vinserti128.mem	VEX256	256	16	0	1	101	1	vinserti128 ymm0, ymm1, [rsi], 101
movement_12419	vextracti128.reg	VEX256	256	16	0	0	102	1	vextracti128 xmm0, ymm1, 102
movement_12420	vinserti128.reg	VEX256	256	16	0	0	102	1	vinserti128 ymm0, ymm1, xmm2, 102
movement_12421	vextracti128.mem	VEX256	256	16	0	2	102	1	vextracti128 [rsi], ymm1, 102
movement_12422	vinserti128.mem	VEX256	256	16	0	1	102	1	vinserti128 ymm0, ymm1, [rsi], 102
movement_12423	vextracti128.reg	VEX256	256	16	0	0	103	1	vextracti128 xmm0, ymm1, 103
movement_12424	vinserti128.reg	VEX256	256	16	0	0	103	1	vinserti128 ymm0, ymm1, xmm2, 103
movement_12425	vextracti128.mem	VEX256	256	16	0	2	103	1	vextracti128 [rsi], ymm1, 103
movement_12426	vinserti128.mem	VEX256	256	16	0	1	103	1	vinserti128 ymm0, ymm1, [rsi], 103
movement_12427	vextracti128.reg	VEX256	256	16	0	0	104	1	vextracti128 xmm0, ymm1, 104
movement_12428	vinserti128.reg	VEX256	256	16	0	0	104	1	vinserti128 ymm0, ymm1, xmm2, 104
movement_12429	vextracti128.mem	VEX256	256	16	0	2	104	1	vextracti128 [rsi], ymm1, 104
movement_12430	vinserti128.mem	VEX256	256	16	0	1	104	1	vinserti128 ymm0, ymm1, [rsi], 104
movement_12431	vextracti128.reg	VEX256	256	16	0	0	105	1	vextracti128 xmm0, ymm1, 105
movement_12432	vinserti128.reg	VEX256	256	16	0	0	105	1	vinserti128 ymm0, ymm1, xmm2, 105
movement_12433	vextracti128.mem	VEX256	256	16	0	2	105	1	vextracti128 [rsi], ymm1, 105
movement_12434	vinserti128.mem	VEX256	256	16	0	1	105	1	vinserti128 ymm0, ymm1, [rsi], 105
movement_12435	vextracti128.reg	VEX256	256	16	0	0	106	1	vextracti128 xmm0, ymm1, 106
movement_12436	vinserti128.reg	VEX256	256	16	0	0	106	1	vinserti128 ymm0, ymm1, xmm2, 106
movement_12437	vextracti128.mem	VEX256	256	16	0	2	106	1	vextracti128 [rsi], ymm1, 106
movement_12438	vinserti128.mem	VEX256	256	16	0	1	106	1	vinserti128 ymm0, ymm1, [rsi], 106
movement_12439	vextracti128.reg	VEX256	256	16	0	0	107	1	vextracti128 xmm0, ymm1, 107
movement_12440	vinserti128.reg	VEX256	256	16	0	0	107	1	vinserti128 ymm0, ymm1, xmm2, 107
movement_12441	vextracti128.mem	VEX256	256	16	0	2	107	1	vextracti128 [rsi], ymm1, 107
movement_12442	vinserti128.mem	VEX256	256	16	0	1	107	1	vinserti128 ymm0, ymm1, [rsi], 107
movement_12443	vextracti128.reg	VEX256	256	16	0	0	108	1	vextracti128 xmm0, ymm1, 108
movement_12444	vinserti128.reg	VEX256	256	16	0	0	108	1	vinserti128 ymm0, ymm1, xmm2, 108
movement_12445	vextracti128.mem	VEX256	256	16	0	2	108	1	vextracti128 [rsi], ymm1, 108
movement_12446	vinserti128.mem	VEX256	256	16	0	1	108	1	vinserti128 ymm0, ymm1, [rsi], 108
movement_12447	vextracti128.reg	VEX256	256	16	0	0	109	1	vextracti128 xmm0, ymm1, 109
movement_12448	vinserti128.reg	VEX256	256	16	0	0	109	1	vinserti128 ymm0, ymm1, xmm2, 109
movement_12449	vextracti128.mem	VEX256	256	16	0	2	109	1	vextracti128 [rsi], ymm1, 109
movement_12450	vinserti128.mem	VEX256	256	16	0	1	109	1	vinserti128 ymm0, ymm1, [rsi], 109
movement_12451	vextracti128.reg	VEX256	256	16	0	0	110	1	vextracti128 xmm0, ymm1, 110
movement_12452	vinserti128.reg	VEX256	256	16	0	0	110	1	vinserti128 ymm0, ymm1, xmm2, 110
movement_12453	vextracti128.mem	VEX256	256	16	0	2	110	1	vextracti128 [rsi], ymm1, 110
movement_12454	vinserti128.mem	VEX256	256	16	0	1	110	1	vinserti128 ymm0, ymm1, [rsi], 110
movement_12455	vextracti128.reg	VEX256	256	16	0	0	111	1	vextracti128 xmm0, ymm1, 111
movement_12456	vinserti128.reg	VEX256	256	16	0	0	111	1	vinserti128 ymm0, ymm1, xmm2, 111
movement_12457	vextracti128.mem	VEX256	256	16	0	2	111	1	vextracti128 [rsi], ymm1, 111
movement_12458	vinserti128.mem	VEX256	256	16	0	1	111	1	vinserti128 ymm0, ymm1, [rsi], 111
movement_12459	vextracti128.reg	VEX256	256	16	0	0	112	1	vextracti128 xmm0, ymm1, 112
movement_12460	vinserti128.reg	VEX256	256	16	0	0	112	1	vinserti128 ymm0, ymm1, xmm2, 112
movement_12461	vextracti128.mem	VEX256	256	16	0	2	112	1	vextracti128 [rsi], ymm1, 112
movement_12462	vinserti128.mem	VEX256	256	16	0	1	112	1	vinserti128 ymm0, ymm1, [rsi], 112
movement_12463	vextracti128.reg	VEX256	256	16	0	0	113	1	vextracti128 xmm0, ymm1, 113
movement_12464	vinserti128.reg	VEX256	256	16	0	0	113	1	vinserti128 ymm0, ymm1, xmm2, 113
movement_12465	vextracti128.mem	VEX256	256	16	0	2	113	1	vextracti128 [rsi], ymm1, 113
movement_12466	vinserti128.mem	VEX256	256	16	0	1	113	1	vinserti128 ymm0, ymm1, [rsi], 113
movement_12467	vextracti128.reg	VEX256	256	16	0	0	114	1	vextracti128 xmm0, ymm1, 114
movement_12468	vinserti128.reg	VEX256	256	16	0	0	114	1	vinserti128 ymm0, ymm1, xmm2, 114
movement_12469	vextracti128.mem	VEX256	256	16	0	2	114	1	vextracti128 [rsi], ymm1, 114
movement_12470	vinserti128.mem	VEX256	256	16	0	1	114	1	vinserti128 ymm0, ymm1, [rsi], 114
movement_12471	vextracti128.reg	VEX256	256	16	0	0	115	1	vextracti128 xmm0, ymm1, 115
movement_12472	vinserti128.reg	VEX256	256	16	0	0	115	1	vinserti128 ymm0, ymm1, xmm2, 115
movement_12473	vextracti128.mem	VEX256	256	16	0	2	115	1	vextracti128 [rsi], ymm1, 115
movement_12474	vinserti128.mem	VEX256	256	16	0	1	115	1	vinserti128 ymm0, ymm1, [rsi], 115
movement_12475	vextracti128.reg	VEX256	256	16	0	0	116	1	vextracti128 xmm0, ymm1, 116
movement_12476	vinserti128.reg	VEX256	256	16	0	0	116	1	vinserti128 ymm0, ymm1, xmm2, 116
movement_12477	vextracti128.mem	VEX256	256	16	0	2	116	1	vextracti128 [rsi], ymm1, 116
movement_12478	vinserti128.mem	VEX256	256	16	0	1	116	1	vinserti128 ymm0, ymm1, [rsi], 116
movement_12479	vextracti128.reg	VEX256	256	16	0	0	117	1	vextracti128 xmm0, ymm1, 117
movement_12480	vinserti128.reg	VEX256	256	16	0	0	117	1	vinserti128 ymm0, ymm1, xmm2, 117
movement_12481	vextracti128.mem	VEX256	256	16	0	2	117	1	vextracti128 [rsi], ymm1, 117
movement_12482	vinserti128.mem	VEX256	256	16	0	1	117	1	vinserti128 ymm0, ymm1, [rsi], 117
movement_12483	vextracti128.reg	VEX256	256	16	0	0	118	1	vextracti128 xmm0, ymm1, 118
movement_12484	vinserti128.reg	VEX256	256	16	0	0	118	1	vinserti128 ymm0, ymm1, xmm2, 118
movement_12485	vextracti128.mem	VEX256	256	16	0	2	118	1	vextracti128 [rsi], ymm1, 118
movement_12486	vinserti128.mem	VEX256	256	16	0	1	118	1	vinserti128 ymm0, ymm1, [rsi], 118
movement_12487	vextracti128.reg	VEX256	256	16	0	0	119	1	vextracti128 xmm0, ymm1, 119
movement_12488	vinserti128.reg	VEX256	256	16	0	0	119	1	vinserti128 ymm0, ymm1, xmm2, 119
movement_12489	vextracti128.mem	VEX256	256	16	0	2	119	1	vextracti128 [rsi], ymm1, 119
movement_12490	vinserti128.mem	VEX256	256	16	0	1	119	1	vinserti128 ymm0, ymm1, [rsi], 119
movement_12491	vextracti128.reg	VEX256	256	16	0	0	120	1	vextracti128 xmm0, ymm1, 120
movement_12492	vinserti128.reg	VEX256	256	16	0	0	120	1	vinserti128 ymm0, ymm1, xmm2, 120
movement_12493	vextracti128.mem	VEX256	256	16	0	2	120	1	vextracti128 [rsi], ymm1, 120
movement_12494	vinserti128.mem	VEX256	256	16	0	1	120	1	vinserti128 ymm0, ymm1, [rsi], 120
movement_12495	vextracti128.reg	VEX256	256	16	0	0	121	1	vextracti128 xmm0, ymm1, 121
movement_12496	vinserti128.reg	VEX256	256	16	0	0	121	1	vinserti128 ymm0, ymm1, xmm2, 121
movement_12497	vextracti128.mem	VEX256	256	16	0	2	121	1	vextracti128 [rsi], ymm1, 121
movement_12498	vinserti128.mem	VEX256	256	16	0	1	121	1	vinserti128 ymm0, ymm1, [rsi], 121
movement_12499	vextracti128.reg	VEX256	256	16	0	0	122	1	vextracti128 xmm0, ymm1, 122
movement_12500	vinserti128.reg	VEX256	256	16	0	0	122	1	vinserti128 ymm0, ymm1, xmm2, 122
movement_12501	vextracti128.mem	VEX256	256	16	0	2	122	1	vextracti128 [rsi], ymm1, 122
movement_12502	vinserti128.mem	VEX256	256	16	0	1	122	1	vinserti128 ymm0, ymm1, [rsi], 122
movement_12503	vextracti128.reg	VEX256	256	16	0	0	123	1	vextracti128 xmm0, ymm1, 123
movement_12504	vinserti128.reg	VEX256	256	16	0	0	123	1	vinserti128 ymm0, ymm1, xmm2, 123
movement_12505	vextracti128.mem	VEX256	256	16	0	2	123	1	vextracti128 [rsi], ymm1, 123
movement_12506	vinserti128.mem	VEX256	256	16	0	1	123	1	vinserti128 ymm0, ymm1, [rsi], 123
movement_12507	vextracti128.reg	VEX256	256	16	0	0	124	1	vextracti128 xmm0, ymm1, 124
movement_12508	vinserti128.reg	VEX256	256	16	0	0	124	1	vinserti128 ymm0, ymm1, xmm2, 124
movement_12509	vextracti128.mem	VEX256	256	16	0	2	124	1	vextracti128 [rsi], ymm1, 124
movement_12510	vinserti128.mem	VEX256	256	16	0	1	124	1	vinserti128 ymm0, ymm1, [rsi], 124
movement_12511	vextracti128.reg	VEX256	256	16	0	0	125	1	vextracti128 xmm0, ymm1, 125
movement_12512	vinserti128.reg	VEX256	256	16	0	0	125	1	vinserti128 ymm0, ymm1, xmm2, 125
movement_12513	vextracti128.mem	VEX256	256	16	0	2	125	1	vextracti128 [rsi], ymm1, 125
movement_12514	vinserti128.mem	VEX256	256	16	0	1	125	1	vinserti128 ymm0, ymm1, [rsi], 125
movement_12515	vextracti128.reg	VEX256	256	16	0	0	126	1	vextracti128 xmm0, ymm1, 126
movement_12516	vinserti128.reg	VEX256	256	16	0	0	126	1	vinserti128 ymm0, ymm1, xmm2, 126
movement_12517	vextracti128.mem	VEX256	256	16	0	2	126	1	vextracti128 [rsi], ymm1, 126
movement_12518	vinserti128.mem	VEX256	256	16	0	1	126	1	vinserti128 ymm0, ymm1, [rsi], 126
movement_12519	vextracti128.reg	VEX256	256	16	0	0	127	1	vextracti128 xmm0, ymm1, 127
movement_12520	vinserti128.reg	VEX256	256	16	0	0	127	1	vinserti128 ymm0, ymm1, xmm2, 127
movement_12521	vextracti128.mem	VEX256	256	16	0	2	127	1	vextracti128 [rsi], ymm1, 127
movement_12522	vinserti128.mem	VEX256	256	16	0	1	127	1	vinserti128 ymm0, ymm1, [rsi], 127
movement_12523	vextracti128.reg	VEX256	256	16	0	0	128	1	vextracti128 xmm0, ymm1, 128
movement_12524	vinserti128.reg	VEX256	256	16	0	0	128	1	vinserti128 ymm0, ymm1, xmm2, 128
movement_12525	vextracti128.mem	VEX256	256	16	0	2	128	1	vextracti128 [rsi], ymm1, 128
movement_12526	vinserti128.mem	VEX256	256	16	0	1	128	1	vinserti128 ymm0, ymm1, [rsi], 128
movement_12527	vextracti128.reg	VEX256	256	16	0	0	129	1	vextracti128 xmm0, ymm1, 129
movement_12528	vinserti128.reg	VEX256	256	16	0	0	129	1	vinserti128 ymm0, ymm1, xmm2, 129
movement_12529	vextracti128.mem	VEX256	256	16	0	2	129	1	vextracti128 [rsi], ymm1, 129
movement_12530	vinserti128.mem	VEX256	256	16	0	1	129	1	vinserti128 ymm0, ymm1, [rsi], 129
movement_12531	vextracti128.reg	VEX256	256	16	0	0	130	1	vextracti128 xmm0, ymm1, 130
movement_12532	vinserti128.reg	VEX256	256	16	0	0	130	1	vinserti128 ymm0, ymm1, xmm2, 130
movement_12533	vextracti128.mem	VEX256	256	16	0	2	130	1	vextracti128 [rsi], ymm1, 130
movement_12534	vinserti128.mem	VEX256	256	16	0	1	130	1	vinserti128 ymm0, ymm1, [rsi], 130
movement_12535	vextracti128.reg	VEX256	256	16	0	0	131	1	vextracti128 xmm0, ymm1, 131
movement_12536	vinserti128.reg	VEX256	256	16	0	0	131	1	vinserti128 ymm0, ymm1, xmm2, 131
movement_12537	vextracti128.mem	VEX256	256	16	0	2	131	1	vextracti128 [rsi], ymm1, 131
movement_12538	vinserti128.mem	VEX256	256	16	0	1	131	1	vinserti128 ymm0, ymm1, [rsi], 131
movement_12539	vextracti128.reg	VEX256	256	16	0	0	132	1	vextracti128 xmm0, ymm1, 132
movement_12540	vinserti128.reg	VEX256	256	16	0	0	132	1	vinserti128 ymm0, ymm1, xmm2, 132
movement_12541	vextracti128.mem	VEX256	256	16	0	2	132	1	vextracti128 [rsi], ymm1, 132
movement_12542	vinserti128.mem	VEX256	256	16	0	1	132	1	vinserti128 ymm0, ymm1, [rsi], 132
movement_12543	vextracti128.reg	VEX256	256	16	0	0	133	1	vextracti128 xmm0, ymm1, 133
movement_12544	vinserti128.reg	VEX256	256	16	0	0	133	1	vinserti128 ymm0, ymm1, xmm2, 133
movement_12545	vextracti128.mem	VEX256	256	16	0	2	133	1	vextracti128 [rsi], ymm1, 133
movement_12546	vinserti128.mem	VEX256	256	16	0	1	133	1	vinserti128 ymm0, ymm1, [rsi], 133
movement_12547	vextracti128.reg	VEX256	256	16	0	0	134	1	vextracti128 xmm0, ymm1, 134
movement_12548	vinserti128.reg	VEX256	256	16	0	0	134	1	vinserti128 ymm0, ymm1, xmm2, 134
movement_12549	vextracti128.mem	VEX256	256	16	0	2	134	1	vextracti128 [rsi], ymm1, 134
movement_12550	vinserti128.mem	VEX256	256	16	0	1	134	1	vinserti128 ymm0, ymm1, [rsi], 134
movement_12551	vextracti128.reg	VEX256	256	16	0	0	135	1	vextracti128 xmm0, ymm1, 135
movement_12552	vinserti128.reg	VEX256	256	16	0	0	135	1	vinserti128 ymm0, ymm1, xmm2, 135
movement_12553	vextracti128.mem	VEX256	256	16	0	2	135	1	vextracti128 [rsi], ymm1, 135
movement_12554	vinserti128.mem	VEX256	256	16	0	1	135	1	vinserti128 ymm0, ymm1, [rsi], 135
movement_12555	vextracti128.reg	VEX256	256	16	0	0	136	1	vextracti128 xmm0, ymm1, 136
movement_12556	vinserti128.reg	VEX256	256	16	0	0	136	1	vinserti128 ymm0, ymm1, xmm2, 136
movement_12557	vextracti128.mem	VEX256	256	16	0	2	136	1	vextracti128 [rsi], ymm1, 136
movement_12558	vinserti128.mem	VEX256	256	16	0	1	136	1	vinserti128 ymm0, ymm1, [rsi], 136
movement_12559	vextracti128.reg	VEX256	256	16	0	0	137	1	vextracti128 xmm0, ymm1, 137
movement_12560	vinserti128.reg	VEX256	256	16	0	0	137	1	vinserti128 ymm0, ymm1, xmm2, 137
movement_12561	vextracti128.mem	VEX256	256	16	0	2	137	1	vextracti128 [rsi], ymm1, 137
movement_12562	vinserti128.mem	VEX256	256	16	0	1	137	1	vinserti128 ymm0, ymm1, [rsi], 137
movement_12563	vextracti128.reg	VEX256	256	16	0	0	138	1	vextracti128 xmm0, ymm1, 138
movement_12564	vinserti128.reg	VEX256	256	16	0	0	138	1	vinserti128 ymm0, ymm1, xmm2, 138
movement_12565	vextracti128.mem	VEX256	256	16	0	2	138	1	vextracti128 [rsi], ymm1, 138
movement_12566	vinserti128.mem	VEX256	256	16	0	1	138	1	vinserti128 ymm0, ymm1, [rsi], 138
movement_12567	vextracti128.reg	VEX256	256	16	0	0	139	1	vextracti128 xmm0, ymm1, 139
movement_12568	vinserti128.reg	VEX256	256	16	0	0	139	1	vinserti128 ymm0, ymm1, xmm2, 139
movement_12569	vextracti128.mem	VEX256	256	16	0	2	139	1	vextracti128 [rsi], ymm1, 139
movement_12570	vinserti128.mem	VEX256	256	16	0	1	139	1	vinserti128 ymm0, ymm1, [rsi], 139
movement_12571	vextracti128.reg	VEX256	256	16	0	0	140	1	vextracti128 xmm0, ymm1, 140
movement_12572	vinserti128.reg	VEX256	256	16	0	0	140	1	vinserti128 ymm0, ymm1, xmm2, 140
movement_12573	vextracti128.mem	VEX256	256	16	0	2	140	1	vextracti128 [rsi], ymm1, 140
movement_12574	vinserti128.mem	VEX256	256	16	0	1	140	1	vinserti128 ymm0, ymm1, [rsi], 140
movement_12575	vextracti128.reg	VEX256	256	16	0	0	141	1	vextracti128 xmm0, ymm1, 141
movement_12576	vinserti128.reg	VEX256	256	16	0	0	141	1	vinserti128 ymm0, ymm1, xmm2, 141
movement_12577	vextracti128.mem	VEX256	256	16	0	2	141	1	vextracti128 [rsi], ymm1, 141
movement_12578	vinserti128.mem	VEX256	256	16	0	1	141	1	vinserti128 ymm0, ymm1, [rsi], 141
movement_12579	vextracti128.reg	VEX256	256	16	0	0	142	1	vextracti128 xmm0, ymm1, 142
movement_12580	vinserti128.reg	VEX256	256	16	0	0	142	1	vinserti128 ymm0, ymm1, xmm2, 142
movement_12581	vextracti128.mem	VEX256	256	16	0	2	142	1	vextracti128 [rsi], ymm1, 142
movement_12582	vinserti128.mem	VEX256	256	16	0	1	142	1	vinserti128 ymm0, ymm1, [rsi], 142
movement_12583	vextracti128.reg	VEX256	256	16	0	0	143	1	vextracti128 xmm0, ymm1, 143
movement_12584	vinserti128.reg	VEX256	256	16	0	0	143	1	vinserti128 ymm0, ymm1, xmm2, 143
movement_12585	vextracti128.mem	VEX256	256	16	0	2	143	1	vextracti128 [rsi], ymm1, 143
movement_12586	vinserti128.mem	VEX256	256	16	0	1	143	1	vinserti128 ymm0, ymm1, [rsi], 143
movement_12587	vextracti128.reg	VEX256	256	16	0	0	144	1	vextracti128 xmm0, ymm1, 144
movement_12588	vinserti128.reg	VEX256	256	16	0	0	144	1	vinserti128 ymm0, ymm1, xmm2, 144
movement_12589	vextracti128.mem	VEX256	256	16	0	2	144	1	vextracti128 [rsi], ymm1, 144
movement_12590	vinserti128.mem	VEX256	256	16	0	1	144	1	vinserti128 ymm0, ymm1, [rsi], 144
movement_12591	vextracti128.reg	VEX256	256	16	0	0	145	1	vextracti128 xmm0, ymm1, 145
movement_12592	vinserti128.reg	VEX256	256	16	0	0	145	1	vinserti128 ymm0, ymm1, xmm2, 145
movement_12593	vextracti128.mem	VEX256	256	16	0	2	145	1	vextracti128 [rsi], ymm1, 145
movement_12594	vinserti128.mem	VEX256	256	16	0	1	145	1	vinserti128 ymm0, ymm1, [rsi], 145
movement_12595	vextracti128.reg	VEX256	256	16	0	0	146	1	vextracti128 xmm0, ymm1, 146
movement_12596	vinserti128.reg	VEX256	256	16	0	0	146	1	vinserti128 ymm0, ymm1, xmm2, 146
movement_12597	vextracti128.mem	VEX256	256	16	0	2	146	1	vextracti128 [rsi], ymm1, 146
movement_12598	vinserti128.mem	VEX256	256	16	0	1	146	1	vinserti128 ymm0, ymm1, [rsi], 146
movement_12599	vextracti128.reg	VEX256	256	16	0	0	147	1	vextracti128 xmm0, ymm1, 147
movement_12600	vinserti128.reg	VEX256	256	16	0	0	147	1	vinserti128 ymm0, ymm1, xmm2, 147
movement_12601	vextracti128.mem	VEX256	256	16	0	2	147	1	vextracti128 [rsi], ymm1, 147
movement_12602	vinserti128.mem	VEX256	256	16	0	1	147	1	vinserti128 ymm0, ymm1, [rsi], 147
movement_12603	vextracti128.reg	VEX256	256	16	0	0	148	1	vextracti128 xmm0, ymm1, 148
movement_12604	vinserti128.reg	VEX256	256	16	0	0	148	1	vinserti128 ymm0, ymm1, xmm2, 148
movement_12605	vextracti128.mem	VEX256	256	16	0	2	148	1	vextracti128 [rsi], ymm1, 148
movement_12606	vinserti128.mem	VEX256	256	16	0	1	148	1	vinserti128 ymm0, ymm1, [rsi], 148
movement_12607	vextracti128.reg	VEX256	256	16	0	0	149	1	vextracti128 xmm0, ymm1, 149
movement_12608	vinserti128.reg	VEX256	256	16	0	0	149	1	vinserti128 ymm0, ymm1, xmm2, 149
movement_12609	vextracti128.mem	VEX256	256	16	0	2	149	1	vextracti128 [rsi], ymm1, 149
movement_12610	vinserti128.mem	VEX256	256	16	0	1	149	1	vinserti128 ymm0, ymm1, [rsi], 149
movement_12611	vextracti128.reg	VEX256	256	16	0	0	150	1	vextracti128 xmm0, ymm1, 150
movement_12612	vinserti128.reg	VEX256	256	16	0	0	150	1	vinserti128 ymm0, ymm1, xmm2, 150
movement_12613	vextracti128.mem	VEX256	256	16	0	2	150	1	vextracti128 [rsi], ymm1, 150
movement_12614	vinserti128.mem	VEX256	256	16	0	1	150	1	vinserti128 ymm0, ymm1, [rsi], 150
movement_12615	vextracti128.reg	VEX256	256	16	0	0	151	1	vextracti128 xmm0, ymm1, 151
movement_12616	vinserti128.reg	VEX256	256	16	0	0	151	1	vinserti128 ymm0, ymm1, xmm2, 151
movement_12617	vextracti128.mem	VEX256	256	16	0	2	151	1	vextracti128 [rsi], ymm1, 151
movement_12618	vinserti128.mem	VEX256	256	16	0	1	151	1	vinserti128 ymm0, ymm1, [rsi], 151
movement_12619	vextracti128.reg	VEX256	256	16	0	0	152	1	vextracti128 xmm0, ymm1, 152
movement_12620	vinserti128.reg	VEX256	256	16	0	0	152	1	vinserti128 ymm0, ymm1, xmm2, 152
movement_12621	vextracti128.mem	VEX256	256	16	0	2	152	1	vextracti128 [rsi], ymm1, 152
movement_12622	vinserti128.mem	VEX256	256	16	0	1	152	1	vinserti128 ymm0, ymm1, [rsi], 152
movement_12623	vextracti128.reg	VEX256	256	16	0	0	153	1	vextracti128 xmm0, ymm1, 153
movement_12624	vinserti128.reg	VEX256	256	16	0	0	153	1	vinserti128 ymm0, ymm1, xmm2, 153
movement_12625	vextracti128.mem	VEX256	256	16	0	2	153	1	vextracti128 [rsi], ymm1, 153
movement_12626	vinserti128.mem	VEX256	256	16	0	1	153	1	vinserti128 ymm0, ymm1, [rsi], 153
movement_12627	vextracti128.reg	VEX256	256	16	0	0	154	1	vextracti128 xmm0, ymm1, 154
movement_12628	vinserti128.reg	VEX256	256	16	0	0	154	1	vinserti128 ymm0, ymm1, xmm2, 154
movement_12629	vextracti128.mem	VEX256	256	16	0	2	154	1	vextracti128 [rsi], ymm1, 154
movement_12630	vinserti128.mem	VEX256	256	16	0	1	154	1	vinserti128 ymm0, ymm1, [rsi], 154
movement_12631	vextracti128.reg	VEX256	256	16	0	0	155	1	vextracti128 xmm0, ymm1, 155
movement_12632	vinserti128.reg	VEX256	256	16	0	0	155	1	vinserti128 ymm0, ymm1, xmm2, 155
movement_12633	vextracti128.mem	VEX256	256	16	0	2	155	1	vextracti128 [rsi], ymm1, 155
movement_12634	vinserti128.mem	VEX256	256	16	0	1	155	1	vinserti128 ymm0, ymm1, [rsi], 155
movement_12635	vextracti128.reg	VEX256	256	16	0	0	156	1	vextracti128 xmm0, ymm1, 156
movement_12636	vinserti128.reg	VEX256	256	16	0	0	156	1	vinserti128 ymm0, ymm1, xmm2, 156
movement_12637	vextracti128.mem	VEX256	256	16	0	2	156	1	vextracti128 [rsi], ymm1, 156
movement_12638	vinserti128.mem	VEX256	256	16	0	1	156	1	vinserti128 ymm0, ymm1, [rsi], 156
movement_12639	vextracti128.reg	VEX256	256	16	0	0	157	1	vextracti128 xmm0, ymm1, 157
movement_12640	vinserti128.reg	VEX256	256	16	0	0	157	1	vinserti128 ymm0, ymm1, xmm2, 157
movement_12641	vextracti128.mem	VEX256	256	16	0	2	157	1	vextracti128 [rsi], ymm1, 157
movement_12642	vinserti128.mem	VEX256	256	16	0	1	157	1	vinserti128 ymm0, ymm1, [rsi], 157
movement_12643	vextracti128.reg	VEX256	256	16	0	0	158	1	vextracti128 xmm0, ymm1, 158
movement_12644	vinserti128.reg	VEX256	256	16	0	0	158	1	vinserti128 ymm0, ymm1, xmm2, 158
movement_12645	vextracti128.mem	VEX256	256	16	0	2	158	1	vextracti128 [rsi], ymm1, 158
movement_12646	vinserti128.mem	VEX256	256	16	0	1	158	1	vinserti128 ymm0, ymm1, [rsi], 158
movement_12647	vextracti128.reg	VEX256	256	16	0	0	159	1	vextracti128 xmm0, ymm1, 159
movement_12648	vinserti128.reg	VEX256	256	16	0	0	159	1	vinserti128 ymm0, ymm1, xmm2, 159
movement_12649	vextracti128.mem	VEX256	256	16	0	2	159	1	vextracti128 [rsi], ymm1, 159
movement_12650	vinserti128.mem	VEX256	256	16	0	1	159	1	vinserti128 ymm0, ymm1, [rsi], 159
movement_12651	vextracti128.reg	VEX256	256	16	0	0	160	1	vextracti128 xmm0, ymm1, 160
movement_12652	vinserti128.reg	VEX256	256	16	0	0	160	1	vinserti128 ymm0, ymm1, xmm2, 160
movement_12653	vextracti128.mem	VEX256	256	16	0	2	160	1	vextracti128 [rsi], ymm1, 160
movement_12654	vinserti128.mem	VEX256	256	16	0	1	160	1	vinserti128 ymm0, ymm1, [rsi], 160
movement_12655	vextracti128.reg	VEX256	256	16	0	0	161	1	vextracti128 xmm0, ymm1, 161
movement_12656	vinserti128.reg	VEX256	256	16	0	0	161	1	vinserti128 ymm0, ymm1, xmm2, 161
movement_12657	vextracti128.mem	VEX256	256	16	0	2	161	1	vextracti128 [rsi], ymm1, 161
movement_12658	vinserti128.mem	VEX256	256	16	0	1	161	1	vinserti128 ymm0, ymm1, [rsi], 161
movement_12659	vextracti128.reg	VEX256	256	16	0	0	162	1	vextracti128 xmm0, ymm1, 162
movement_12660	vinserti128.reg	VEX256	256	16	0	0	162	1	vinserti128 ymm0, ymm1, xmm2, 162
movement_12661	vextracti128.mem	VEX256	256	16	0	2	162	1	vextracti128 [rsi], ymm1, 162
movement_12662	vinserti128.mem	VEX256	256	16	0	1	162	1	vinserti128 ymm0, ymm1, [rsi], 162
movement_12663	vextracti128.reg	VEX256	256	16	0	0	163	1	vextracti128 xmm0, ymm1, 163
movement_12664	vinserti128.reg	VEX256	256	16	0	0	163	1	vinserti128 ymm0, ymm1, xmm2, 163
movement_12665	vextracti128.mem	VEX256	256	16	0	2	163	1	vextracti128 [rsi], ymm1, 163
movement_12666	vinserti128.mem	VEX256	256	16	0	1	163	1	vinserti128 ymm0, ymm1, [rsi], 163
movement_12667	vextracti128.reg	VEX256	256	16	0	0	164	1	vextracti128 xmm0, ymm1, 164
movement_12668	vinserti128.reg	VEX256	256	16	0	0	164	1	vinserti128 ymm0, ymm1, xmm2, 164
movement_12669	vextracti128.mem	VEX256	256	16	0	2	164	1	vextracti128 [rsi], ymm1, 164
movement_12670	vinserti128.mem	VEX256	256	16	0	1	164	1	vinserti128 ymm0, ymm1, [rsi], 164
movement_12671	vextracti128.reg	VEX256	256	16	0	0	165	1	vextracti128 xmm0, ymm1, 165
movement_12672	vinserti128.reg	VEX256	256	16	0	0	165	1	vinserti128 ymm0, ymm1, xmm2, 165
movement_12673	vextracti128.mem	VEX256	256	16	0	2	165	1	vextracti128 [rsi], ymm1, 165
movement_12674	vinserti128.mem	VEX256	256	16	0	1	165	1	vinserti128 ymm0, ymm1, [rsi], 165
movement_12675	vextracti128.reg	VEX256	256	16	0	0	166	1	vextracti128 xmm0, ymm1, 166
movement_12676	vinserti128.reg	VEX256	256	16	0	0	166	1	vinserti128 ymm0, ymm1, xmm2, 166
movement_12677	vextracti128.mem	VEX256	256	16	0	2	166	1	vextracti128 [rsi], ymm1, 166
movement_12678	vinserti128.mem	VEX256	256	16	0	1	166	1	vinserti128 ymm0, ymm1, [rsi], 166
movement_12679	vextracti128.reg	VEX256	256	16	0	0	167	1	vextracti128 xmm0, ymm1, 167
movement_12680	vinserti128.reg	VEX256	256	16	0	0	167	1	vinserti128 ymm0, ymm1, xmm2, 167
movement_12681	vextracti128.mem	VEX256	256	16	0	2	167	1	vextracti128 [rsi], ymm1, 167
movement_12682	vinserti128.mem	VEX256	256	16	0	1	167	1	vinserti128 ymm0, ymm1, [rsi], 167
movement_12683	vextracti128.reg	VEX256	256	16	0	0	168	1	vextracti128 xmm0, ymm1, 168
movement_12684	vinserti128.reg	VEX256	256	16	0	0	168	1	vinserti128 ymm0, ymm1, xmm2, 168
movement_12685	vextracti128.mem	VEX256	256	16	0	2	168	1	vextracti128 [rsi], ymm1, 168
movement_12686	vinserti128.mem	VEX256	256	16	0	1	168	1	vinserti128 ymm0, ymm1, [rsi], 168
movement_12687	vextracti128.reg	VEX256	256	16	0	0	169	1	vextracti128 xmm0, ymm1, 169
movement_12688	vinserti128.reg	VEX256	256	16	0	0	169	1	vinserti128 ymm0, ymm1, xmm2, 169
movement_12689	vextracti128.mem	VEX256	256	16	0	2	169	1	vextracti128 [rsi], ymm1, 169
movement_12690	vinserti128.mem	VEX256	256	16	0	1	169	1	vinserti128 ymm0, ymm1, [rsi], 169
movement_12691	vextracti128.reg	VEX256	256	16	0	0	170	1	vextracti128 xmm0, ymm1, 170
movement_12692	vinserti128.reg	VEX256	256	16	0	0	170	1	vinserti128 ymm0, ymm1, xmm2, 170
movement_12693	vextracti128.mem	VEX256	256	16	0	2	170	1	vextracti128 [rsi], ymm1, 170
movement_12694	vinserti128.mem	VEX256	256	16	0	1	170	1	vinserti128 ymm0, ymm1, [rsi], 170
movement_12695	vextracti128.reg	VEX256	256	16	0	0	171	1	vextracti128 xmm0, ymm1, 171
movement_12696	vinserti128.reg	VEX256	256	16	0	0	171	1	vinserti128 ymm0, ymm1, xmm2, 171
movement_12697	vextracti128.mem	VEX256	256	16	0	2	171	1	vextracti128 [rsi], ymm1, 171
movement_12698	vinserti128.mem	VEX256	256	16	0	1	171	1	vinserti128 ymm0, ymm1, [rsi], 171
movement_12699	vextracti128.reg	VEX256	256	16	0	0	172	1	vextracti128 xmm0, ymm1, 172
movement_12700	vinserti128.reg	VEX256	256	16	0	0	172	1	vinserti128 ymm0, ymm1, xmm2, 172
movement_12701	vextracti128.mem	VEX256	256	16	0	2	172	1	vextracti128 [rsi], ymm1, 172
movement_12702	vinserti128.mem	VEX256	256	16	0	1	172	1	vinserti128 ymm0, ymm1, [rsi], 172
movement_12703	vextracti128.reg	VEX256	256	16	0	0	173	1	vextracti128 xmm0, ymm1, 173
movement_12704	vinserti128.reg	VEX256	256	16	0	0	173	1	vinserti128 ymm0, ymm1, xmm2, 173
movement_12705	vextracti128.mem	VEX256	256	16	0	2	173	1	vextracti128 [rsi], ymm1, 173
movement_12706	vinserti128.mem	VEX256	256	16	0	1	173	1	vinserti128 ymm0, ymm1, [rsi], 173
movement_12707	vextracti128.reg	VEX256	256	16	0	0	174	1	vextracti128 xmm0, ymm1, 174
movement_12708	vinserti128.reg	VEX256	256	16	0	0	174	1	vinserti128 ymm0, ymm1, xmm2, 174
movement_12709	vextracti128.mem	VEX256	256	16	0	2	174	1	vextracti128 [rsi], ymm1, 174
movement_12710	vinserti128.mem	VEX256	256	16	0	1	174	1	vinserti128 ymm0, ymm1, [rsi], 174
movement_12711	vextracti128.reg	VEX256	256	16	0	0	175	1	vextracti128 xmm0, ymm1, 175
movement_12712	vinserti128.reg	VEX256	256	16	0	0	175	1	vinserti128 ymm0, ymm1, xmm2, 175
movement_12713	vextracti128.mem	VEX256	256	16	0	2	175	1	vextracti128 [rsi], ymm1, 175
movement_12714	vinserti128.mem	VEX256	256	16	0	1	175	1	vinserti128 ymm0, ymm1, [rsi], 175
movement_12715	vextracti128.reg	VEX256	256	16	0	0	176	1	vextracti128 xmm0, ymm1, 176
movement_12716	vinserti128.reg	VEX256	256	16	0	0	176	1	vinserti128 ymm0, ymm1, xmm2, 176
movement_12717	vextracti128.mem	VEX256	256	16	0	2	176	1	vextracti128 [rsi], ymm1, 176
movement_12718	vinserti128.mem	VEX256	256	16	0	1	176	1	vinserti128 ymm0, ymm1, [rsi], 176
movement_12719	vextracti128.reg	VEX256	256	16	0	0	177	1	vextracti128 xmm0, ymm1, 177
movement_12720	vinserti128.reg	VEX256	256	16	0	0	177	1	vinserti128 ymm0, ymm1, xmm2, 177
movement_12721	vextracti128.mem	VEX256	256	16	0	2	177	1	vextracti128 [rsi], ymm1, 177
movement_12722	vinserti128.mem	VEX256	256	16	0	1	177	1	vinserti128 ymm0, ymm1, [rsi], 177
movement_12723	vextracti128.reg	VEX256	256	16	0	0	178	1	vextracti128 xmm0, ymm1, 178
movement_12724	vinserti128.reg	VEX256	256	16	0	0	178	1	vinserti128 ymm0, ymm1, xmm2, 178
movement_12725	vextracti128.mem	VEX256	256	16	0	2	178	1	vextracti128 [rsi], ymm1, 178
movement_12726	vinserti128.mem	VEX256	256	16	0	1	178	1	vinserti128 ymm0, ymm1, [rsi], 178
movement_12727	vextracti128.reg	VEX256	256	16	0	0	179	1	vextracti128 xmm0, ymm1, 179
movement_12728	vinserti128.reg	VEX256	256	16	0	0	179	1	vinserti128 ymm0, ymm1, xmm2, 179
movement_12729	vextracti128.mem	VEX256	256	16	0	2	179	1	vextracti128 [rsi], ymm1, 179
movement_12730	vinserti128.mem	VEX256	256	16	0	1	179	1	vinserti128 ymm0, ymm1, [rsi], 179
movement_12731	vextracti128.reg	VEX256	256	16	0	0	180	1	vextracti128 xmm0, ymm1, 180
movement_12732	vinserti128.reg	VEX256	256	16	0	0	180	1	vinserti128 ymm0, ymm1, xmm2, 180
movement_12733	vextracti128.mem	VEX256	256	16	0	2	180	1	vextracti128 [rsi], ymm1, 180
movement_12734	vinserti128.mem	VEX256	256	16	0	1	180	1	vinserti128 ymm0, ymm1, [rsi], 180
movement_12735	vextracti128.reg	VEX256	256	16	0	0	181	1	vextracti128 xmm0, ymm1, 181
movement_12736	vinserti128.reg	VEX256	256	16	0	0	181	1	vinserti128 ymm0, ymm1, xmm2, 181
movement_12737	vextracti128.mem	VEX256	256	16	0	2	181	1	vextracti128 [rsi], ymm1, 181
movement_12738	vinserti128.mem	VEX256	256	16	0	1	181	1	vinserti128 ymm0, ymm1, [rsi], 181
movement_12739	vextracti128.reg	VEX256	256	16	0	0	182	1	vextracti128 xmm0, ymm1, 182
movement_12740	vinserti128.reg	VEX256	256	16	0	0	182	1	vinserti128 ymm0, ymm1, xmm2, 182
movement_12741	vextracti128.mem	VEX256	256	16	0	2	182	1	vextracti128 [rsi], ymm1, 182
movement_12742	vinserti128.mem	VEX256	256	16	0	1	182	1	vinserti128 ymm0, ymm1, [rsi], 182
movement_12743	vextracti128.reg	VEX256	256	16	0	0	183	1	vextracti128 xmm0, ymm1, 183
movement_12744	vinserti128.reg	VEX256	256	16	0	0	183	1	vinserti128 ymm0, ymm1, xmm2, 183
movement_12745	vextracti128.mem	VEX256	256	16	0	2	183	1	vextracti128 [rsi], ymm1, 183
movement_12746	vinserti128.mem	VEX256	256	16	0	1	183	1	vinserti128 ymm0, ymm1, [rsi], 183
movement_12747	vextracti128.reg	VEX256	256	16	0	0	184	1	vextracti128 xmm0, ymm1, 184
movement_12748	vinserti128.reg	VEX256	256	16	0	0	184	1	vinserti128 ymm0, ymm1, xmm2, 184
movement_12749	vextracti128.mem	VEX256	256	16	0	2	184	1	vextracti128 [rsi], ymm1, 184
movement_12750	vinserti128.mem	VEX256	256	16	0	1	184	1	vinserti128 ymm0, ymm1, [rsi], 184
movement_12751	vextracti128.reg	VEX256	256	16	0	0	185	1	vextracti128 xmm0, ymm1, 185
movement_12752	vinserti128.reg	VEX256	256	16	0	0	185	1	vinserti128 ymm0, ymm1, xmm2, 185
movement_12753	vextracti128.mem	VEX256	256	16	0	2	185	1	vextracti128 [rsi], ymm1, 185
movement_12754	vinserti128.mem	VEX256	256	16	0	1	185	1	vinserti128 ymm0, ymm1, [rsi], 185
movement_12755	vextracti128.reg	VEX256	256	16	0	0	186	1	vextracti128 xmm0, ymm1, 186
movement_12756	vinserti128.reg	VEX256	256	16	0	0	186	1	vinserti128 ymm0, ymm1, xmm2, 186
movement_12757	vextracti128.mem	VEX256	256	16	0	2	186	1	vextracti128 [rsi], ymm1, 186
movement_12758	vinserti128.mem	VEX256	256	16	0	1	186	1	vinserti128 ymm0, ymm1, [rsi], 186
movement_12759	vextracti128.reg	VEX256	256	16	0	0	187	1	vextracti128 xmm0, ymm1, 187
movement_12760	vinserti128.reg	VEX256	256	16	0	0	187	1	vinserti128 ymm0, ymm1, xmm2, 187
movement_12761	vextracti128.mem	VEX256	256	16	0	2	187	1	vextracti128 [rsi], ymm1, 187
movement_12762	vinserti128.mem	VEX256	256	16	0	1	187	1	vinserti128 ymm0, ymm1, [rsi], 187
movement_12763	vextracti128.reg	VEX256	256	16	0	0	188	1	vextracti128 xmm0, ymm1, 188
movement_12764	vinserti128.reg	VEX256	256	16	0	0	188	1	vinserti128 ymm0, ymm1, xmm2, 188
movement_12765	vextracti128.mem	VEX256	256	16	0	2	188	1	vextracti128 [rsi], ymm1, 188
movement_12766	vinserti128.mem	VEX256	256	16	0	1	188	1	vinserti128 ymm0, ymm1, [rsi], 188
movement_12767	vextracti128.reg	VEX256	256	16	0	0	189	1	vextracti128 xmm0, ymm1, 189
movement_12768	vinserti128.reg	VEX256	256	16	0	0	189	1	vinserti128 ymm0, ymm1, xmm2, 189
movement_12769	vextracti128.mem	VEX256	256	16	0	2	189	1	vextracti128 [rsi], ymm1, 189
movement_12770	vinserti128.mem	VEX256	256	16	0	1	189	1	vinserti128 ymm0, ymm1, [rsi], 189
movement_12771	vextracti128.reg	VEX256	256	16	0	0	190	1	vextracti128 xmm0, ymm1, 190
movement_12772	vinserti128.reg	VEX256	256	16	0	0	190	1	vinserti128 ymm0, ymm1, xmm2, 190
movement_12773	vextracti128.mem	VEX256	256	16	0	2	190	1	vextracti128 [rsi], ymm1, 190
movement_12774	vinserti128.mem	VEX256	256	16	0	1	190	1	vinserti128 ymm0, ymm1, [rsi], 190
movement_12775	vextracti128.reg	VEX256	256	16	0	0	191	1	vextracti128 xmm0, ymm1, 191
movement_12776	vinserti128.reg	VEX256	256	16	0	0	191	1	vinserti128 ymm0, ymm1, xmm2, 191
movement_12777	vextracti128.mem	VEX256	256	16	0	2	191	1	vextracti128 [rsi], ymm1, 191
movement_12778	vinserti128.mem	VEX256	256	16	0	1	191	1	vinserti128 ymm0, ymm1, [rsi], 191
movement_12779	vextracti128.reg	VEX256	256	16	0	0	192	1	vextracti128 xmm0, ymm1, 192
movement_12780	vinserti128.reg	VEX256	256	16	0	0	192	1	vinserti128 ymm0, ymm1, xmm2, 192
movement_12781	vextracti128.mem	VEX256	256	16	0	2	192	1	vextracti128 [rsi], ymm1, 192
movement_12782	vinserti128.mem	VEX256	256	16	0	1	192	1	vinserti128 ymm0, ymm1, [rsi], 192
movement_12783	vextracti128.reg	VEX256	256	16	0	0	193	1	vextracti128 xmm0, ymm1, 193
movement_12784	vinserti128.reg	VEX256	256	16	0	0	193	1	vinserti128 ymm0, ymm1, xmm2, 193
movement_12785	vextracti128.mem	VEX256	256	16	0	2	193	1	vextracti128 [rsi], ymm1, 193
movement_12786	vinserti128.mem	VEX256	256	16	0	1	193	1	vinserti128 ymm0, ymm1, [rsi], 193
movement_12787	vextracti128.reg	VEX256	256	16	0	0	194	1	vextracti128 xmm0, ymm1, 194
movement_12788	vinserti128.reg	VEX256	256	16	0	0	194	1	vinserti128 ymm0, ymm1, xmm2, 194
movement_12789	vextracti128.mem	VEX256	256	16	0	2	194	1	vextracti128 [rsi], ymm1, 194
movement_12790	vinserti128.mem	VEX256	256	16	0	1	194	1	vinserti128 ymm0, ymm1, [rsi], 194
movement_12791	vextracti128.reg	VEX256	256	16	0	0	195	1	vextracti128 xmm0, ymm1, 195
movement_12792	vinserti128.reg	VEX256	256	16	0	0	195	1	vinserti128 ymm0, ymm1, xmm2, 195
movement_12793	vextracti128.mem	VEX256	256	16	0	2	195	1	vextracti128 [rsi], ymm1, 195
movement_12794	vinserti128.mem	VEX256	256	16	0	1	195	1	vinserti128 ymm0, ymm1, [rsi], 195
movement_12795	vextracti128.reg	VEX256	256	16	0	0	196	1	vextracti128 xmm0, ymm1, 196
movement_12796	vinserti128.reg	VEX256	256	16	0	0	196	1	vinserti128 ymm0, ymm1, xmm2, 196
movement_12797	vextracti128.mem	VEX256	256	16	0	2	196	1	vextracti128 [rsi], ymm1, 196
movement_12798	vinserti128.mem	VEX256	256	16	0	1	196	1	vinserti128 ymm0, ymm1, [rsi], 196
movement_12799	vextracti128.reg	VEX256	256	16	0	0	197	1	vextracti128 xmm0, ymm1, 197
movement_12800	vinserti128.reg	VEX256	256	16	0	0	197	1	vinserti128 ymm0, ymm1, xmm2, 197
movement_12801	vextracti128.mem	VEX256	256	16	0	2	197	1	vextracti128 [rsi], ymm1, 197
movement_12802	vinserti128.mem	VEX256	256	16	0	1	197	1	vinserti128 ymm0, ymm1, [rsi], 197
movement_12803	vextracti128.reg	VEX256	256	16	0	0	198	1	vextracti128 xmm0, ymm1, 198
movement_12804	vinserti128.reg	VEX256	256	16	0	0	198	1	vinserti128 ymm0, ymm1, xmm2, 198
movement_12805	vextracti128.mem	VEX256	256	16	0	2	198	1	vextracti128 [rsi], ymm1, 198
movement_12806	vinserti128.mem	VEX256	256	16	0	1	198	1	vinserti128 ymm0, ymm1, [rsi], 198
movement_12807	vextracti128.reg	VEX256	256	16	0	0	199	1	vextracti128 xmm0, ymm1, 199
movement_12808	vinserti128.reg	VEX256	256	16	0	0	199	1	vinserti128 ymm0, ymm1, xmm2, 199
movement_12809	vextracti128.mem	VEX256	256	16	0	2	199	1	vextracti128 [rsi], ymm1, 199
movement_12810	vinserti128.mem	VEX256	256	16	0	1	199	1	vinserti128 ymm0, ymm1, [rsi], 199
movement_12811	vextracti128.reg	VEX256	256	16	0	0	200	1	vextracti128 xmm0, ymm1, 200
movement_12812	vinserti128.reg	VEX256	256	16	0	0	200	1	vinserti128 ymm0, ymm1, xmm2, 200
movement_12813	vextracti128.mem	VEX256	256	16	0	2	200	1	vextracti128 [rsi], ymm1, 200
movement_12814	vinserti128.mem	VEX256	256	16	0	1	200	1	vinserti128 ymm0, ymm1, [rsi], 200
movement_12815	vextracti128.reg	VEX256	256	16	0	0	201	1	vextracti128 xmm0, ymm1, 201
movement_12816	vinserti128.reg	VEX256	256	16	0	0	201	1	vinserti128 ymm0, ymm1, xmm2, 201
movement_12817	vextracti128.mem	VEX256	256	16	0	2	201	1	vextracti128 [rsi], ymm1, 201
movement_12818	vinserti128.mem	VEX256	256	16	0	1	201	1	vinserti128 ymm0, ymm1, [rsi], 201
movement_12819	vextracti128.reg	VEX256	256	16	0	0	202	1	vextracti128 xmm0, ymm1, 202
movement_12820	vinserti128.reg	VEX256	256	16	0	0	202	1	vinserti128 ymm0, ymm1, xmm2, 202
movement_12821	vextracti128.mem	VEX256	256	16	0	2	202	1	vextracti128 [rsi], ymm1, 202
movement_12822	vinserti128.mem	VEX256	256	16	0	1	202	1	vinserti128 ymm0, ymm1, [rsi], 202
movement_12823	vextracti128.reg	VEX256	256	16	0	0	203	1	vextracti128 xmm0, ymm1, 203
movement_12824	vinserti128.reg	VEX256	256	16	0	0	203	1	vinserti128 ymm0, ymm1, xmm2, 203
movement_12825	vextracti128.mem	VEX256	256	16	0	2	203	1	vextracti128 [rsi], ymm1, 203
movement_12826	vinserti128.mem	VEX256	256	16	0	1	203	1	vinserti128 ymm0, ymm1, [rsi], 203
movement_12827	vextracti128.reg	VEX256	256	16	0	0	204	1	vextracti128 xmm0, ymm1, 204
movement_12828	vinserti128.reg	VEX256	256	16	0	0	204	1	vinserti128 ymm0, ymm1, xmm2, 204
movement_12829	vextracti128.mem	VEX256	256	16	0	2	204	1	vextracti128 [rsi], ymm1, 204
movement_12830	vinserti128.mem	VEX256	256	16	0	1	204	1	vinserti128 ymm0, ymm1, [rsi], 204
movement_12831	vextracti128.reg	VEX256	256	16	0	0	205	1	vextracti128 xmm0, ymm1, 205
movement_12832	vinserti128.reg	VEX256	256	16	0	0	205	1	vinserti128 ymm0, ymm1, xmm2, 205
movement_12833	vextracti128.mem	VEX256	256	16	0	2	205	1	vextracti128 [rsi], ymm1, 205
movement_12834	vinserti128.mem	VEX256	256	16	0	1	205	1	vinserti128 ymm0, ymm1, [rsi], 205
movement_12835	vextracti128.reg	VEX256	256	16	0	0	206	1	vextracti128 xmm0, ymm1, 206
movement_12836	vinserti128.reg	VEX256	256	16	0	0	206	1	vinserti128 ymm0, ymm1, xmm2, 206
movement_12837	vextracti128.mem	VEX256	256	16	0	2	206	1	vextracti128 [rsi], ymm1, 206
movement_12838	vinserti128.mem	VEX256	256	16	0	1	206	1	vinserti128 ymm0, ymm1, [rsi], 206
movement_12839	vextracti128.reg	VEX256	256	16	0	0	207	1	vextracti128 xmm0, ymm1, 207
movement_12840	vinserti128.reg	VEX256	256	16	0	0	207	1	vinserti128 ymm0, ymm1, xmm2, 207
movement_12841	vextracti128.mem	VEX256	256	16	0	2	207	1	vextracti128 [rsi], ymm1, 207
movement_12842	vinserti128.mem	VEX256	256	16	0	1	207	1	vinserti128 ymm0, ymm1, [rsi], 207
movement_12843	vextracti128.reg	VEX256	256	16	0	0	208	1	vextracti128 xmm0, ymm1, 208
movement_12844	vinserti128.reg	VEX256	256	16	0	0	208	1	vinserti128 ymm0, ymm1, xmm2, 208
movement_12845	vextracti128.mem	VEX256	256	16	0	2	208	1	vextracti128 [rsi], ymm1, 208
movement_12846	vinserti128.mem	VEX256	256	16	0	1	208	1	vinserti128 ymm0, ymm1, [rsi], 208
movement_12847	vextracti128.reg	VEX256	256	16	0	0	209	1	vextracti128 xmm0, ymm1, 209
movement_12848	vinserti128.reg	VEX256	256	16	0	0	209	1	vinserti128 ymm0, ymm1, xmm2, 209
movement_12849	vextracti128.mem	VEX256	256	16	0	2	209	1	vextracti128 [rsi], ymm1, 209
movement_12850	vinserti128.mem	VEX256	256	16	0	1	209	1	vinserti128 ymm0, ymm1, [rsi], 209
movement_12851	vextracti128.reg	VEX256	256	16	0	0	210	1	vextracti128 xmm0, ymm1, 210
movement_12852	vinserti128.reg	VEX256	256	16	0	0	210	1	vinserti128 ymm0, ymm1, xmm2, 210
movement_12853	vextracti128.mem	VEX256	256	16	0	2	210	1	vextracti128 [rsi], ymm1, 210
movement_12854	vinserti128.mem	VEX256	256	16	0	1	210	1	vinserti128 ymm0, ymm1, [rsi], 210
movement_12855	vextracti128.reg	VEX256	256	16	0	0	211	1	vextracti128 xmm0, ymm1, 211
movement_12856	vinserti128.reg	VEX256	256	16	0	0	211	1	vinserti128 ymm0, ymm1, xmm2, 211
movement_12857	vextracti128.mem	VEX256	256	16	0	2	211	1	vextracti128 [rsi], ymm1, 211
movement_12858	vinserti128.mem	VEX256	256	16	0	1	211	1	vinserti128 ymm0, ymm1, [rsi], 211
movement_12859	vextracti128.reg	VEX256	256	16	0	0	212	1	vextracti128 xmm0, ymm1, 212
movement_12860	vinserti128.reg	VEX256	256	16	0	0	212	1	vinserti128 ymm0, ymm1, xmm2, 212
movement_12861	vextracti128.mem	VEX256	256	16	0	2	212	1	vextracti128 [rsi], ymm1, 212
movement_12862	vinserti128.mem	VEX256	256	16	0	1	212	1	vinserti128 ymm0, ymm1, [rsi], 212
movement_12863	vextracti128.reg	VEX256	256	16	0	0	213	1	vextracti128 xmm0, ymm1, 213
movement_12864	vinserti128.reg	VEX256	256	16	0	0	213	1	vinserti128 ymm0, ymm1, xmm2, 213
movement_12865	vextracti128.mem	VEX256	256	16	0	2	213	1	vextracti128 [rsi], ymm1, 213
movement_12866	vinserti128.mem	VEX256	256	16	0	1	213	1	vinserti128 ymm0, ymm1, [rsi], 213
movement_12867	vextracti128.reg	VEX256	256	16	0	0	214	1	vextracti128 xmm0, ymm1, 214
movement_12868	vinserti128.reg	VEX256	256	16	0	0	214	1	vinserti128 ymm0, ymm1, xmm2, 214
movement_12869	vextracti128.mem	VEX256	256	16	0	2	214	1	vextracti128 [rsi], ymm1, 214
movement_12870	vinserti128.mem	VEX256	256	16	0	1	214	1	vinserti128 ymm0, ymm1, [rsi], 214
movement_12871	vextracti128.reg	VEX256	256	16	0	0	215	1	vextracti128 xmm0, ymm1, 215
movement_12872	vinserti128.reg	VEX256	256	16	0	0	215	1	vinserti128 ymm0, ymm1, xmm2, 215
movement_12873	vextracti128.mem	VEX256	256	16	0	2	215	1	vextracti128 [rsi], ymm1, 215
movement_12874	vinserti128.mem	VEX256	256	16	0	1	215	1	vinserti128 ymm0, ymm1, [rsi], 215
movement_12875	vextracti128.reg	VEX256	256	16	0	0	216	1	vextracti128 xmm0, ymm1, 216
movement_12876	vinserti128.reg	VEX256	256	16	0	0	216	1	vinserti128 ymm0, ymm1, xmm2, 216
movement_12877	vextracti128.mem	VEX256	256	16	0	2	216	1	vextracti128 [rsi], ymm1, 216
movement_12878	vinserti128.mem	VEX256	256	16	0	1	216	1	vinserti128 ymm0, ymm1, [rsi], 216
movement_12879	vextracti128.reg	VEX256	256	16	0	0	217	1	vextracti128 xmm0, ymm1, 217
movement_12880	vinserti128.reg	VEX256	256	16	0	0	217	1	vinserti128 ymm0, ymm1, xmm2, 217
movement_12881	vextracti128.mem	VEX256	256	16	0	2	217	1	vextracti128 [rsi], ymm1, 217
movement_12882	vinserti128.mem	VEX256	256	16	0	1	217	1	vinserti128 ymm0, ymm1, [rsi], 217
movement_12883	vextracti128.reg	VEX256	256	16	0	0	218	1	vextracti128 xmm0, ymm1, 218
movement_12884	vinserti128.reg	VEX256	256	16	0	0	218	1	vinserti128 ymm0, ymm1, xmm2, 218
movement_12885	vextracti128.mem	VEX256	256	16	0	2	218	1	vextracti128 [rsi], ymm1, 218
movement_12886	vinserti128.mem	VEX256	256	16	0	1	218	1	vinserti128 ymm0, ymm1, [rsi], 218
movement_12887	vextracti128.reg	VEX256	256	16	0	0	219	1	vextracti128 xmm0, ymm1, 219
movement_12888	vinserti128.reg	VEX256	256	16	0	0	219	1	vinserti128 ymm0, ymm1, xmm2, 219
movement_12889	vextracti128.mem	VEX256	256	16	0	2	219	1	vextracti128 [rsi], ymm1, 219
movement_12890	vinserti128.mem	VEX256	256	16	0	1	219	1	vinserti128 ymm0, ymm1, [rsi], 219
movement_12891	vextracti128.reg	VEX256	256	16	0	0	220	1	vextracti128 xmm0, ymm1, 220
movement_12892	vinserti128.reg	VEX256	256	16	0	0	220	1	vinserti128 ymm0, ymm1, xmm2, 220
movement_12893	vextracti128.mem	VEX256	256	16	0	2	220	1	vextracti128 [rsi], ymm1, 220
movement_12894	vinserti128.mem	VEX256	256	16	0	1	220	1	vinserti128 ymm0, ymm1, [rsi], 220
movement_12895	vextracti128.reg	VEX256	256	16	0	0	221	1	vextracti128 xmm0, ymm1, 221
movement_12896	vinserti128.reg	VEX256	256	16	0	0	221	1	vinserti128 ymm0, ymm1, xmm2, 221
movement_12897	vextracti128.mem	VEX256	256	16	0	2	221	1	vextracti128 [rsi], ymm1, 221
movement_12898	vinserti128.mem	VEX256	256	16	0	1	221	1	vinserti128 ymm0, ymm1, [rsi], 221
movement_12899	vextracti128.reg	VEX256	256	16	0	0	222	1	vextracti128 xmm0, ymm1, 222
movement_12900	vinserti128.reg	VEX256	256	16	0	0	222	1	vinserti128 ymm0, ymm1, xmm2, 222
movement_12901	vextracti128.mem	VEX256	256	16	0	2	222	1	vextracti128 [rsi], ymm1, 222
movement_12902	vinserti128.mem	VEX256	256	16	0	1	222	1	vinserti128 ymm0, ymm1, [rsi], 222
movement_12903	vextracti128.reg	VEX256	256	16	0	0	223	1	vextracti128 xmm0, ymm1, 223
movement_12904	vinserti128.reg	VEX256	256	16	0	0	223	1	vinserti128 ymm0, ymm1, xmm2, 223
movement_12905	vextracti128.mem	VEX256	256	16	0	2	223	1	vextracti128 [rsi], ymm1, 223
movement_12906	vinserti128.mem	VEX256	256	16	0	1	223	1	vinserti128 ymm0, ymm1, [rsi], 223
movement_12907	vextracti128.reg	VEX256	256	16	0	0	224	1	vextracti128 xmm0, ymm1, 224
movement_12908	vinserti128.reg	VEX256	256	16	0	0	224	1	vinserti128 ymm0, ymm1, xmm2, 224
movement_12909	vextracti128.mem	VEX256	256	16	0	2	224	1	vextracti128 [rsi], ymm1, 224
movement_12910	vinserti128.mem	VEX256	256	16	0	1	224	1	vinserti128 ymm0, ymm1, [rsi], 224
movement_12911	vextracti128.reg	VEX256	256	16	0	0	225	1	vextracti128 xmm0, ymm1, 225
movement_12912	vinserti128.reg	VEX256	256	16	0	0	225	1	vinserti128 ymm0, ymm1, xmm2, 225
movement_12913	vextracti128.mem	VEX256	256	16	0	2	225	1	vextracti128 [rsi], ymm1, 225
movement_12914	vinserti128.mem	VEX256	256	16	0	1	225	1	vinserti128 ymm0, ymm1, [rsi], 225
movement_12915	vextracti128.reg	VEX256	256	16	0	0	226	1	vextracti128 xmm0, ymm1, 226
movement_12916	vinserti128.reg	VEX256	256	16	0	0	226	1	vinserti128 ymm0, ymm1, xmm2, 226
movement_12917	vextracti128.mem	VEX256	256	16	0	2	226	1	vextracti128 [rsi], ymm1, 226
movement_12918	vinserti128.mem	VEX256	256	16	0	1	226	1	vinserti128 ymm0, ymm1, [rsi], 226
movement_12919	vextracti128.reg	VEX256	256	16	0	0	227	1	vextracti128 xmm0, ymm1, 227
movement_12920	vinserti128.reg	VEX256	256	16	0	0	227	1	vinserti128 ymm0, ymm1, xmm2, 227
movement_12921	vextracti128.mem	VEX256	256	16	0	2	227	1	vextracti128 [rsi], ymm1, 227
movement_12922	vinserti128.mem	VEX256	256	16	0	1	227	1	vinserti128 ymm0, ymm1, [rsi], 227
movement_12923	vextracti128.reg	VEX256	256	16	0	0	228	1	vextracti128 xmm0, ymm1, 228
movement_12924	vinserti128.reg	VEX256	256	16	0	0	228	1	vinserti128 ymm0, ymm1, xmm2, 228
movement_12925	vextracti128.mem	VEX256	256	16	0	2	228	1	vextracti128 [rsi], ymm1, 228
movement_12926	vinserti128.mem	VEX256	256	16	0	1	228	1	vinserti128 ymm0, ymm1, [rsi], 228
movement_12927	vextracti128.reg	VEX256	256	16	0	0	229	1	vextracti128 xmm0, ymm1, 229
movement_12928	vinserti128.reg	VEX256	256	16	0	0	229	1	vinserti128 ymm0, ymm1, xmm2, 229
movement_12929	vextracti128.mem	VEX256	256	16	0	2	229	1	vextracti128 [rsi], ymm1, 229
movement_12930	vinserti128.mem	VEX256	256	16	0	1	229	1	vinserti128 ymm0, ymm1, [rsi], 229
movement_12931	vextracti128.reg	VEX256	256	16	0	0	230	1	vextracti128 xmm0, ymm1, 230
movement_12932	vinserti128.reg	VEX256	256	16	0	0	230	1	vinserti128 ymm0, ymm1, xmm2, 230
movement_12933	vextracti128.mem	VEX256	256	16	0	2	230	1	vextracti128 [rsi], ymm1, 230
movement_12934	vinserti128.mem	VEX256	256	16	0	1	230	1	vinserti128 ymm0, ymm1, [rsi], 230
movement_12935	vextracti128.reg	VEX256	256	16	0	0	231	1	vextracti128 xmm0, ymm1, 231
movement_12936	vinserti128.reg	VEX256	256	16	0	0	231	1	vinserti128 ymm0, ymm1, xmm2, 231
movement_12937	vextracti128.mem	VEX256	256	16	0	2	231	1	vextracti128 [rsi], ymm1, 231
movement_12938	vinserti128.mem	VEX256	256	16	0	1	231	1	vinserti128 ymm0, ymm1, [rsi], 231
movement_12939	vextracti128.reg	VEX256	256	16	0	0	232	1	vextracti128 xmm0, ymm1, 232
movement_12940	vinserti128.reg	VEX256	256	16	0	0	232	1	vinserti128 ymm0, ymm1, xmm2, 232
movement_12941	vextracti128.mem	VEX256	256	16	0	2	232	1	vextracti128 [rsi], ymm1, 232
movement_12942	vinserti128.mem	VEX256	256	16	0	1	232	1	vinserti128 ymm0, ymm1, [rsi], 232
movement_12943	vextracti128.reg	VEX256	256	16	0	0	233	1	vextracti128 xmm0, ymm1, 233
movement_12944	vinserti128.reg	VEX256	256	16	0	0	233	1	vinserti128 ymm0, ymm1, xmm2, 233
movement_12945	vextracti128.mem	VEX256	256	16	0	2	233	1	vextracti128 [rsi], ymm1, 233
movement_12946	vinserti128.mem	VEX256	256	16	0	1	233	1	vinserti128 ymm0, ymm1, [rsi], 233
movement_12947	vextracti128.reg	VEX256	256	16	0	0	234	1	vextracti128 xmm0, ymm1, 234
movement_12948	vinserti128.reg	VEX256	256	16	0	0	234	1	vinserti128 ymm0, ymm1, xmm2, 234
movement_12949	vextracti128.mem	VEX256	256	16	0	2	234	1	vextracti128 [rsi], ymm1, 234
movement_12950	vinserti128.mem	VEX256	256	16	0	1	234	1	vinserti128 ymm0, ymm1, [rsi], 234
movement_12951	vextracti128.reg	VEX256	256	16	0	0	235	1	vextracti128 xmm0, ymm1, 235
movement_12952	vinserti128.reg	VEX256	256	16	0	0	235	1	vinserti128 ymm0, ymm1, xmm2, 235
movement_12953	vextracti128.mem	VEX256	256	16	0	2	235	1	vextracti128 [rsi], ymm1, 235
movement_12954	vinserti128.mem	VEX256	256	16	0	1	235	1	vinserti128 ymm0, ymm1, [rsi], 235
movement_12955	vextracti128.reg	VEX256	256	16	0	0	236	1	vextracti128 xmm0, ymm1, 236
movement_12956	vinserti128.reg	VEX256	256	16	0	0	236	1	vinserti128 ymm0, ymm1, xmm2, 236
movement_12957	vextracti128.mem	VEX256	256	16	0	2	236	1	vextracti128 [rsi], ymm1, 236
movement_12958	vinserti128.mem	VEX256	256	16	0	1	236	1	vinserti128 ymm0, ymm1, [rsi], 236
movement_12959	vextracti128.reg	VEX256	256	16	0	0	237	1	vextracti128 xmm0, ymm1, 237
movement_12960	vinserti128.reg	VEX256	256	16	0	0	237	1	vinserti128 ymm0, ymm1, xmm2, 237
movement_12961	vextracti128.mem	VEX256	256	16	0	2	237	1	vextracti128 [rsi], ymm1, 237
movement_12962	vinserti128.mem	VEX256	256	16	0	1	237	1	vinserti128 ymm0, ymm1, [rsi], 237
movement_12963	vextracti128.reg	VEX256	256	16	0	0	238	1	vextracti128 xmm0, ymm1, 238
movement_12964	vinserti128.reg	VEX256	256	16	0	0	238	1	vinserti128 ymm0, ymm1, xmm2, 238
movement_12965	vextracti128.mem	VEX256	256	16	0	2	238	1	vextracti128 [rsi], ymm1, 238
movement_12966	vinserti128.mem	VEX256	256	16	0	1	238	1	vinserti128 ymm0, ymm1, [rsi], 238
movement_12967	vextracti128.reg	VEX256	256	16	0	0	239	1	vextracti128 xmm0, ymm1, 239
movement_12968	vinserti128.reg	VEX256	256	16	0	0	239	1	vinserti128 ymm0, ymm1, xmm2, 239
movement_12969	vextracti128.mem	VEX256	256	16	0	2	239	1	vextracti128 [rsi], ymm1, 239
movement_12970	vinserti128.mem	VEX256	256	16	0	1	239	1	vinserti128 ymm0, ymm1, [rsi], 239
movement_12971	vextracti128.reg	VEX256	256	16	0	0	240	1	vextracti128 xmm0, ymm1, 240
movement_12972	vinserti128.reg	VEX256	256	16	0	0	240	1	vinserti128 ymm0, ymm1, xmm2, 240
movement_12973	vextracti128.mem	VEX256	256	16	0	2	240	1	vextracti128 [rsi], ymm1, 240
movement_12974	vinserti128.mem	VEX256	256	16	0	1	240	1	vinserti128 ymm0, ymm1, [rsi], 240
movement_12975	vextracti128.reg	VEX256	256	16	0	0	241	1	vextracti128 xmm0, ymm1, 241
movement_12976	vinserti128.reg	VEX256	256	16	0	0	241	1	vinserti128 ymm0, ymm1, xmm2, 241
movement_12977	vextracti128.mem	VEX256	256	16	0	2	241	1	vextracti128 [rsi], ymm1, 241
movement_12978	vinserti128.mem	VEX256	256	16	0	1	241	1	vinserti128 ymm0, ymm1, [rsi], 241
movement_12979	vextracti128.reg	VEX256	256	16	0	0	242	1	vextracti128 xmm0, ymm1, 242
movement_12980	vinserti128.reg	VEX256	256	16	0	0	242	1	vinserti128 ymm0, ymm1, xmm2, 242
movement_12981	vextracti128.mem	VEX256	256	16	0	2	242	1	vextracti128 [rsi], ymm1, 242
movement_12982	vinserti128.mem	VEX256	256	16	0	1	242	1	vinserti128 ymm0, ymm1, [rsi], 242
movement_12983	vextracti128.reg	VEX256	256	16	0	0	243	1	vextracti128 xmm0, ymm1, 243
movement_12984	vinserti128.reg	VEX256	256	16	0	0	243	1	vinserti128 ymm0, ymm1, xmm2, 243
movement_12985	vextracti128.mem	VEX256	256	16	0	2	243	1	vextracti128 [rsi], ymm1, 243
movement_12986	vinserti128.mem	VEX256	256	16	0	1	243	1	vinserti128 ymm0, ymm1, [rsi], 243
movement_12987	vextracti128.reg	VEX256	256	16	0	0	244	1	vextracti128 xmm0, ymm1, 244
movement_12988	vinserti128.reg	VEX256	256	16	0	0	244	1	vinserti128 ymm0, ymm1, xmm2, 244
movement_12989	vextracti128.mem	VEX256	256	16	0	2	244	1	vextracti128 [rsi], ymm1, 244
movement_12990	vinserti128.mem	VEX256	256	16	0	1	244	1	vinserti128 ymm0, ymm1, [rsi], 244
movement_12991	vextracti128.reg	VEX256	256	16	0	0	245	1	vextracti128 xmm0, ymm1, 245
movement_12992	vinserti128.reg	VEX256	256	16	0	0	245	1	vinserti128 ymm0, ymm1, xmm2, 245
movement_12993	vextracti128.mem	VEX256	256	16	0	2	245	1	vextracti128 [rsi], ymm1, 245
movement_12994	vinserti128.mem	VEX256	256	16	0	1	245	1	vinserti128 ymm0, ymm1, [rsi], 245
movement_12995	vextracti128.reg	VEX256	256	16	0	0	246	1	vextracti128 xmm0, ymm1, 246
movement_12996	vinserti128.reg	VEX256	256	16	0	0	246	1	vinserti128 ymm0, ymm1, xmm2, 246
movement_12997	vextracti128.mem	VEX256	256	16	0	2	246	1	vextracti128 [rsi], ymm1, 246
movement_12998	vinserti128.mem	VEX256	256	16	0	1	246	1	vinserti128 ymm0, ymm1, [rsi], 246
movement_12999	vextracti128.reg	VEX256	256	16	0	0	247	1	vextracti128 xmm0, ymm1, 247
movement_13000	vinserti128.reg	VEX256	256	16	0	0	247	1	vinserti128 ymm0, ymm1, xmm2, 247
movement_13001	vextracti128.mem	VEX256	256	16	0	2	247	1	vextracti128 [rsi], ymm1, 247
movement_13002	vinserti128.mem	VEX256	256	16	0	1	247	1	vinserti128 ymm0, ymm1, [rsi], 247
movement_13003	vextracti128.reg	VEX256	256	16	0	0	248	1	vextracti128 xmm0, ymm1, 248
movement_13004	vinserti128.reg	VEX256	256	16	0	0	248	1	vinserti128 ymm0, ymm1, xmm2, 248
movement_13005	vextracti128.mem	VEX256	256	16	0	2	248	1	vextracti128 [rsi], ymm1, 248
movement_13006	vinserti128.mem	VEX256	256	16	0	1	248	1	vinserti128 ymm0, ymm1, [rsi], 248
movement_13007	vextracti128.reg	VEX256	256	16	0	0	249	1	vextracti128 xmm0, ymm1, 249
movement_13008	vinserti128.reg	VEX256	256	16	0	0	249	1	vinserti128 ymm0, ymm1, xmm2, 249
movement_13009	vextracti128.mem	VEX256	256	16	0	2	249	1	vextracti128 [rsi], ymm1, 249
movement_13010	vinserti128.mem	VEX256	256	16	0	1	249	1	vinserti128 ymm0, ymm1, [rsi], 249
movement_13011	vextracti128.reg	VEX256	256	16	0	0	250	1	vextracti128 xmm0, ymm1, 250
movement_13012	vinserti128.reg	VEX256	256	16	0	0	250	1	vinserti128 ymm0, ymm1, xmm2, 250
movement_13013	vextracti128.mem	VEX256	256	16	0	2	250	1	vextracti128 [rsi], ymm1, 250
movement_13014	vinserti128.mem	VEX256	256	16	0	1	250	1	vinserti128 ymm0, ymm1, [rsi], 250
movement_13015	vextracti128.reg	VEX256	256	16	0	0	251	1	vextracti128 xmm0, ymm1, 251
movement_13016	vinserti128.reg	VEX256	256	16	0	0	251	1	vinserti128 ymm0, ymm1, xmm2, 251
movement_13017	vextracti128.mem	VEX256	256	16	0	2	251	1	vextracti128 [rsi], ymm1, 251
movement_13018	vinserti128.mem	VEX256	256	16	0	1	251	1	vinserti128 ymm0, ymm1, [rsi], 251
movement_13019	vextracti128.reg	VEX256	256	16	0	0	252	1	vextracti128 xmm0, ymm1, 252
movement_13020	vinserti128.reg	VEX256	256	16	0	0	252	1	vinserti128 ymm0, ymm1, xmm2, 252
movement_13021	vextracti128.mem	VEX256	256	16	0	2	252	1	vextracti128 [rsi], ymm1, 252
movement_13022	vinserti128.mem	VEX256	256	16	0	1	252	1	vinserti128 ymm0, ymm1, [rsi], 252
movement_13023	vextracti128.reg	VEX256	256	16	0	0	253	1	vextracti128 xmm0, ymm1, 253
movement_13024	vinserti128.reg	VEX256	256	16	0	0	253	1	vinserti128 ymm0, ymm1, xmm2, 253
movement_13025	vextracti128.mem	VEX256	256	16	0	2	253	1	vextracti128 [rsi], ymm1, 253
movement_13026	vinserti128.mem	VEX256	256	16	0	1	253	1	vinserti128 ymm0, ymm1, [rsi], 253
movement_13027	vextracti128.reg	VEX256	256	16	0	0	254	1	vextracti128 xmm0, ymm1, 254
movement_13028	vinserti128.reg	VEX256	256	16	0	0	254	1	vinserti128 ymm0, ymm1, xmm2, 254
movement_13029	vextracti128.mem	VEX256	256	16	0	2	254	1	vextracti128 [rsi], ymm1, 254
movement_13030	vinserti128.mem	VEX256	256	16	0	1	254	1	vinserti128 ymm0, ymm1, [rsi], 254
movement_13031	vextracti128.reg	VEX256	256	16	0	0	255	1	vextracti128 xmm0, ymm1, 255
movement_13032	vinserti128.reg	VEX256	256	16	0	0	255	1	vinserti128 ymm0, ymm1, xmm2, 255
movement_13033	vextracti128.mem	VEX256	256	16	0	2	255	1	vextracti128 [rsi], ymm1, 255
movement_13034	vinserti128.mem	VEX256	256	16	0	1	255	1	vinserti128 ymm0, ymm1, [rsi], 255
movement_13035	vmaskmovps.load	VEX128	128	4	0	1	-1	1	vmaskmovps xmm0, xmm2, [rsi]
movement_13036	vmaskmovps.store	VEX128	128	4	0	2	-1	1	vmaskmovps [rsi], xmm2, xmm1
movement_13037	vmaskmovps.load	VEX256	256	4	0	1	-1	1	vmaskmovps ymm0, ymm2, [rsi]
movement_13038	vmaskmovps.store	VEX256	256	4	0	2	-1	1	vmaskmovps [rsi], ymm2, ymm1
movement_13039	vmaskmovpd.load	VEX128	128	8	0	1	-1	1	vmaskmovpd xmm0, xmm2, [rsi]
movement_13040	vmaskmovpd.store	VEX128	128	8	0	2	-1	1	vmaskmovpd [rsi], xmm2, xmm1
movement_13041	vmaskmovpd.load	VEX256	256	8	0	1	-1	1	vmaskmovpd ymm0, ymm2, [rsi]
movement_13042	vmaskmovpd.store	VEX256	256	8	0	2	-1	1	vmaskmovpd [rsi], ymm2, ymm1
movement_13043	vpmaskmovd.load	VEX128	128	4	0	1	-1	1	vpmaskmovd xmm0, xmm2, [rsi]
movement_13044	vpmaskmovd.store	VEX128	128	4	0	2	-1	1	vpmaskmovd [rsi], xmm2, xmm1
movement_13045	vpmaskmovd.load	VEX256	256	4	0	1	-1	1	vpmaskmovd ymm0, ymm2, [rsi]
movement_13046	vpmaskmovd.store	VEX256	256	4	0	2	-1	1	vpmaskmovd [rsi], ymm2, ymm1
movement_13047	vpmaskmovq.load	VEX128	128	8	0	1	-1	1	vpmaskmovq xmm0, xmm2, [rsi]
movement_13048	vpmaskmovq.store	VEX128	128	8	0	2	-1	1	vpmaskmovq [rsi], xmm2, xmm1
movement_13049	vpmaskmovq.load	VEX256	256	8	0	1	-1	1	vpmaskmovq ymm0, ymm2, [rsi]
movement_13050	vpmaskmovq.store	VEX256	256	8	0	2	-1	1	vpmaskmovq [rsi], ymm2, ymm1
